index	value	name	type	section	description	debug	defined_external
0	0x50f2000	dyld__mh_dylib_header	0xe	7	0	0	0
1	0x50f689c	dyld_lazy_symbol_binding_entry_point	0xe	8	0	0	0
2	0x50f68a0	dyld_func_lookup_pointer	0xe	8	0	0	0
3	0x5001f24	__dyld_func_lookup	0x1e	1	0	0	0
4	0x5001ef8	dyld_stub_binding_helper	0x1e	1	0	0	0
5	0x50f2004	_NXArgv_pointer.78	0xe	7	0	0	0
6	0x50f2008	_NXArgc_pointer.81	0xe	7	0	0	0
7	0x50f200c	_environ_pointer.84	0xe	7	0	0	0
8	0x5002058	__libgcc_private_extern__gcc_bcmp	0x1e	1	0	0	0
9	0x50020a4	__libgcc_private_extern__ashldi3	0x1e	1	0	0	0
10	0x50020ec	__libgcc_private_extern__ashrdi3	0x1e	1	0	0	0
11	0x5002134	_num_digits	0xe	1	0	0	0
12	0x50f7fe4	_bb_head	0xe	12	0	0	0
13	0x500217c	__libgcc_private_extern___bb_exit_func	0x1e	1	0	0	0
14	0x5002514	__libgcc_private_extern___bb_init_func	0x1e	1	0	0	0
15	0x5002584	__libgcc_private_extern___clear_cache	0x1e	1	0	0	0
16	0x500258c	__libgcc_private_extern__cmpdi2	0x1e	1	0	0	0
17	0x50eaf10	___clz_tab	0xe	4	0	0	0
18	0x50025cc	__libgcc_private_extern__divdi3	0x1e	1	0	0	0
19	0x5002998	_find_exception_table	0xe	1	0	0	0
20	0x50f7ff0	_exception_table_list	0xe	12	0	0	0
21	0x50f7fec	_except_pc	0xe	12	0	0	0
22	0x50f7fe8	_except_table_pos	0xe	12	0	0	0
23	0x5002a00	__libgcc_private_extern___find_first_exception_table_match	0x1e	1	0	0	0
24	0x5002b14	__libgcc_private_extern___register_exceptions	0x1e	1	0	0	0
25	0x5002aec	__libgcc_private_extern___throw_type_match	0x1e	1	0	0	0
26	0x5002bc0	__libgcc_private_extern___unwind_function	0x1e	1	0	0	0
27	0x5002bd4	__libgcc_private_extern___eprintf	0x1e	1	0	0	0
28	0x5002c2c	__libgcc_private_extern__ffsdi2	0x1e	1	0	0	0
29	0x5002c6c	__libgcc_private_extern__fixdfdi	0x1e	1	0	0	0
30	0x5002cd8	__libgcc_private_extern__fixsfdi	0x1e	1	0	0	0
31	0x5002d40	__libgcc_private_extern__fixunsdfdi	0x1e	1	0	0	0
32	0x5002f24	__libgcc_private_extern__fixunsdfsi	0x1e	1	0	0	0
33	0x5002f98	__libgcc_private_extern__fixunssfdi	0x1e	1	0	0	0
34	0x5003184	__libgcc_private_extern__fixunssfsi	0x1e	1	0	0	0
35	0x50031f4	__libgcc_private_extern__floatdidf	0x1e	1	0	0	0
36	0x5003298	__libgcc_private_extern__floatdisf	0x1e	1	0	0	0
37	0x5003364	__libgcc_private_extern__lshrdi3	0x1e	1	0	0	0
38	0x50eb010	___clz_tab	0xe	4	0	0	0
39	0x50033ac	__libgcc_private_extern__moddi3	0x1e	1	0	0	0
40	0x50037a4	__libgcc_private_extern__muldi3	0x1e	1	0	0	0
41	0x5003884	__libgcc_private_extern__negdi2	0x1e	1	0	0	0
42	0x50f2010	___new_handler	0xe	7	0	0	0
43	0x5003910	__libgcc_private_extern___default_new_handler	0x1e	1	0	0	0
44	0x50038a8	__libgcc_private_extern___get_new_handler	0x1e	1	0	0	0
45	0x50038cc	__libgcc_private_extern_set_new_handler	0x1e	1	0	0	0
46	0x5003948	__libgcc_private_extern___builtin_delete	0x1e	1	0	0	0
47	0x5003968	__libgcc_private_extern___builtin_new	0x1e	1	0	0	0
48	0x50039ac	__libgcc_private_extern___builtin_vec_delete	0x1e	1	0	0	0
49	0x50039c0	__libgcc_private_extern___builtin_vec_new	0x1e	1	0	0	0
50	0x50039d4	__libgcc_private_extern___pure_virtual	0x1e	1	0	0	0
51	0x50f2018	__libgcc_private_extern___shtab	0x1e	7	0	0	0
52	0x5003a0c	__libgcc_private_extern___enable_execute_stack	0x1e	1	0	0	0
53	0x5003a24	__libgcc_private_extern__ucmpdi2	0x1e	1	0	0	0
54	0x50eb110	___clz_tab	0xe	4	0	0	0
55	0x5003a64	__libgcc_private_extern__udivdi3	0x1e	1	0	0	0
56	0x50eb210	___clz_tab	0xe	4	0	0	0
57	0x5003db4	__libgcc_private_extern__udivmoddi4	0x1e	1	0	0	0
58	0x50eb310	___clz_tab	0xe	4	0	0	0
59	0x5004188	__libgcc_private_extern__umoddi3	0x1e	1	0	0	0
60	0x5004508	__libgcc_private_extern___builtin_saveregs	0x1e	1	0	0	0
61	0x50f20c8	_arch_multiple	0xe	7	0	0	0
62	0x50f2170	_printed.100	0xe	7	0	0	0
63	0x5004560	_print_architecture_banner	0xe	1	0	0	0
64	0x50f2120	_Yflag	0x1e	7	0	0	0
65	0x50f2140	_allow_multiply_defined_symbols	0x1e	7	0	0	0
66	0x50f20fc	_arch_errors_fatal	0x1e	7	0	0	0
67	0x50f20b0	_arch_flag	0x1e	7	0	0	0
68	0x50f2100	_archive_ObjC	0x1e	7	0	0	0
69	0x50f2104	_archive_all	0x1e	7	0	0	0
70	0x50f20d8	_bind_at_load	0x1e	7	0	0	0
71	0x50f214c	_defaultsectalign	0x1e	7	0	0	0
72	0x50f20e0	_define_comldsyms	0x1e	7	0	0	0
73	0x50f2168	_dylib_compatibility_version	0x1e	7	0	0	0
74	0x50f2164	_dylib_current_version	0x1e	7	0	0	0
75	0x50f212c	_dylib_files	0x1e	7	0	0	0
76	0x50f2160	_dylib_install_name	0x1e	7	0	0	0
77	0x50f216c	_dylinker_install_name	0x1e	7	0	0	0
78	0x50f210c	_dynamic	0x1e	7	0	0	0
79	0x50f215c	_entry_point_name	0x1e	7	0	0	0
80	0x5004678	_error	0x1e	1	0	0	0
81	0x5004850	_error_with_cur_obj	0x1e	1	0	0	0
82	0x50f209c	_errors	0x1e	7	0	0	0
83	0x5004710	_fatal	0x1e	1	0	0	0
84	0x50f20ac	_filetype	0x1e	7	0	0	0
85	0x50f20ec	_flush	0x1e	7	0	0	0
86	0x50f20c0	_force_cpusubtype_ALL	0x1e	7	0	0	0
87	0x50f2158	_headerpad	0x1e	7	0	0	0
88	0x50f20a4	_host_byte_sex	0x1e	7	0	0	0
89	0x50f20a0	_host_pagesize	0x1e	7	0	0	0
90	0x50f2108	_keep_private_externs	0x1e	7	0	0	0
91	0x50f20dc	_load_map	0x1e	7	0	0	0
92	0x5004b0c	_mach_fatal	0x1e	1	0	0	0
93	0x50f2130	_ndylib_files	0x1e	7	0	0	0
94	0x50f20f8	_no_arch_warnings	0x1e	7	0	0	0
95	0x50f20f4	_nowarnings	0x1e	7	0	0	0
96	0x50f211c	_ntrace_syms	0x1e	7	0	0	0
97	0x50f2128	_nundef_syms	0x1e	7	0	0	0
98	0x50f20d4	_output_for_dyld	0x1e	7	0	0	0
99	0x50f20a8	_outputfile	0x1e	7	0	0	0
100	0x50f2148	_pagezero_size	0x1e	7	0	0	0
101	0x50f213c	_prebinding	0x1e	7	0	0	0
102	0x5004534	_print	0x1e	1	0	0	0
103	0x50f2098	_progname	0x1e	7	0	0	0
104	0x50f2138	_read_only_reloc_flag	0x1e	7	0	0	0
105	0x5004524	_round	0x1e	1	0	0	0
106	0x50f20d0	_save_reloc	0x1e	7	0	0	0
107	0x50f20f0	_sectorder_detail	0x1e	7	0	0	0
108	0x50f2150	_seg1addr	0x1e	7	0	0	0
109	0x50f2154	_seg1addr_specified	0x1e	7	0	0	0
110	0x50f2144	_segalign	0x1e	7	0	0	0
111	0x50f20e4	_seglinkedit	0x1e	7	0	0	0
112	0x50f20bc	_specific_arch_flag	0x1e	7	0	0	0
113	0x50f2114	_strip_base_symbols	0x1e	7	0	0	0
114	0x50f2110	_strip_level	0x1e	7	0	0	0
115	0x50049a4	_system_error	0x1e	1	0	0	0
116	0x5004a5c	_system_fatal	0x1e	1	0	0	0
117	0x50048fc	_system_warning	0x1e	1	0	0	0
118	0x50f20c4	_target_byte_sex	0x1e	7	0	0	0
119	0x50f20cc	_trace	0x1e	7	0	0	0
120	0x50f2118	_trace_syms	0x1e	7	0	0	0
121	0x50f2124	_undef_syms	0x1e	7	0	0	0
122	0x50f2134	_undefined_flag	0x1e	7	0	0	0
123	0x50045dc	_warning	0x1e	1	0	0	0
124	0x50047a0	_warning_with_cur_obj	0x1e	1	0	0	0
125	0x50f20e8	_whyload	0x1e	7	0	0	0
126	0x50f2178	_stat_buf	0xe	7	0	0	0
127	0x50f21b8	_strings	0xe	7	0	0	0
128	0x5004d6c	_pass1_fat	0xe	1	0	0	0
129	0x50054d4	_pass1_archive	0xe	1	0	0	0
130	0x5005d08	_check_archive_arch	0xe	1	0	0	0
131	0x5005fa0	_pass1_object	0xe	1	0	0	0
132	0x5006020	_ranlib_bsearch	0xe	1	0	0	0
133	0x50eb410	_empty_symtab.112	0xe	4	0	0	0
134	0x50eb428	_empty_dysymtab.113	0xe	4	0	0	0
135	0x50061d0	_check_cur_obj	0xe	1	0	0	0
136	0x50eb478	_empty_symtab.116	0xe	4	0	0	0
137	0x50f21bc	_base_program_symtab.117	0xe	7	0	0	0
138	0x5008584	_check_size_offset	0xe	1	0	0	0
139	0x500864c	_check_size_offset_sect	0xe	1	0	0	0
140	0x5005144	_check_fat	0x1e	1	0	0	0
141	0x5006054	_merge	0x1e	1	0	0	0
142	0x5007fac	_merge_base_program	0x1e	1	0	0	0
143	0x5004ba4	_pass1	0x1e	1	0	0	0
144	0x50f2228	_member_name.86	0xe	7	0	0	0
145	0x50090d8	_fine_reloc_for_input_offset	0xe	1	0	0	0
146	0x50f2220	_cur_obj	0x1e	7	0	0	0
147	0x50088c4	_print_obj_name	0x1e	1	0	0	0
148	0x50f2224	_base_obj	0x1e	7	0	0	0
149	0x5008740	_new_object_file	0x1e	1	0	0	0
150	0x5008988	_obj_member_name	0x1e	1	0	0	0
151	0x5008a2c	_size_ar_name	0x1e	1	0	0	0
152	0x5008804	_add_last_object_file	0x1e	1	0	0	0
153	0x50091bc	_clean_objects	0x1e	1	0	0	0
154	0x5008dfc	_fine_reloc_offset_in_output	0x1e	1	0	0	0
155	0x5008e20	_fine_reloc_offset_in_output_for_output_offset	0x1e	1	0	0	0
156	0x5008c28	_fine_reloc_output_address	0x1e	1	0	0	0
157	0x5008ba8	_fine_reloc_output_offset	0x1e	1	0	0	0
158	0x5008f40	_fine_reloc_output_sectnum	0x1e	1	0	0	0
159	0x50f221c	_nobjects	0x1e	7	0	0	0
160	0x50f2218	_objects	0x1e	7	0	0	0
161	0x5008a68	_print_whatsloaded	0x1e	1	0	0	0
162	0x5008828	_remove_last_object_file	0x1e	1	0	0	0
163	0x5009308	_remove_objects	0x1e	1	0	0	0
164	0x50f2250	_section_flags	0xe	7	0	0	0
165	0x50094a8	_merge_sections	0x1e	1	0	0	0
166	0x500969c	_create_merged_section	0x1e	1	0	0	0
167	0x5009da4	_lookup_merged_section	0x1e	1	0	0	0
168	0x5009d3c	_lookup_merged_segment	0x1e	1	0	0	0
169	0x5009e90	_merge_literal_sections	0x1e	1	0	0	0
170	0x50f2244	_merged_segments	0x1e	7	0	0	0
171	0x50f224c	_nreloc	0x1e	7	0	0	0
172	0x50f2248	_original_merged_segments	0x1e	7	0	0	0
173	0x500a16c	_output_literal_sections	0x1e	1	0	0	0
174	0x500a208	_output_section	0x1e	1	0	0	0
175	0x500a768	_remove_merged_sections	0x1e	1	0	0	0
176	0x500a534	_reset_merged_sections	0x1e	1	0	0	0
177	0x500a6a8	_zero_merged_sections_sizes	0x1e	1	0	0	0
178	0x500b318	_cstring_free	0x1e	1	0	0	0
179	0x500a9e8	_cstring_merge	0x1e	1	0	0	0
180	0x500ab38	_cstring_order	0x1e	1	0	0	0
181	0x500b2a8	_cstring_output	0x1e	1	0	0	0
182	0x500ab40	_get_cstring_from_sectorder	0x1e	1	0	0	0
183	0x500b03c	_lookup_cstring	0x1e	1	0	0	0
184	0x50f2318	_merged_symbol_list_for_enter_symbol	0xe	7	0	0	0
185	0x50f2324	_undefsyms_order	0xe	7	0	0	0
186	0x50f2328	_extdefsyms_order	0xe	7	0	0	0
187	0x50f2350	_free_list	0xe	7	0	0	0
188	0x50f235c	_link_edit_common_section	0xe	7	0	0	0
189	0x50f23a0	_link_edit_section_maps	0xe	7	0	0	0
190	0x50f23c8	_multiple_defs	0xe	7	0	0	0
191	0x50f23cc	_nmultiple_defs	0xe	7	0	0	0
192	0x50f23d0	_nindr_symbols	0xe	7	0	0	0
193	0x50f23dc	_commons_exist	0xe	7	0	0	0
194	0x50f23e0	_noundefs	0xe	7	0	0	0
195	0x500c49c	_enter_symbol	0xe	1	0	0	0
196	0x500c640	_enter_indr_symbol	0xe	1	0	0	0
197	0x500c7c4	_enter_string	0xe	1	0	0	0
198	0x500ca88	_add_to_undefined_list	0xe	1	0	0	0
199	0x50f7ff4	_undefined_blocks	0xe	12	0	0	0
200	0x500ccac	_multiply_defined	0xe	1	0	0	0
201	0x500ce8c	_trace_object_symbol	0xe	1	0	0	0
202	0x500cf34	_trace_symbol	0xe	1	0	0	0
203	0x500edd8	_merged_symbol_string_index	0xe	1	0	0	0
204	0x500edf8	_get_string_block	0xe	1	0	0	0
205	0x500fbd4	_qsort_by_module	0xe	1	0	0	0
206	0x500fbec	_qsort_by_name	0xe	1	0	0	0
207	0x500cc3c	_delete_from_undefined_list	0x1e	1	0	0	0
208	0x500c318	_lookup_symbol	0x1e	1	0	0	0
209	0x500b3b0	_merge_symbols	0x1e	1	0	0	0
210	0x50f2344	_undefined_list	0x1e	7	0	0	0
211	0x500f454	_assign_output_symbol_indexes	0x1e	1	0	0	0
212	0x500d140	_define_common_symbols	0x1e	1	0	0	0
213	0x500fc1c	_free_multiple_defs	0x1e	1	0	0	0
214	0x500d0a8	_free_undefined_list	0x1e	1	0	0	0
215	0x50f23d4	_indr_symbol_pairs	0x1e	7	0	0	0
216	0x500c258	_is_output_local_symbol	0x1e	1	0	0	0
217	0x500dba0	_layout_merged_symbols	0x1e	1	0	0	0
218	0x50f77e8	_link_edit_common_object	0x1e	11	0	0	0
219	0x50f2330	_local_string_size	0x1e	7	0	0	0
220	0x500e424	_local_symbol_output_index	0x1e	1	0	0	0
221	0x50f231c	_merged_string_blocks	0x1e	7	0	0	0
222	0x50f2320	_merged_string_size	0x1e	7	0	0	0
223	0x50f2308	_merged_symbol_lists	0x1e	7	0	0	0
224	0x500fc0c	_merged_symbol_output_index	0x1e	1	0	0	0
225	0x50f23d8	_nindr_symbol_pairs	0x1e	7	0	0	0
226	0x50f232c	_nlocal_symbols	0x1e	7	0	0	0
227	0x50f2310	_nmerged_private_symbols	0x1e	7	0	0	0
228	0x50f230c	_nmerged_symbols	0x1e	7	0	0	0
229	0x50f2314	_nmerged_symbols_referenced_only_from_dylibs	0x1e	7	0	0	0
230	0x500dd30	_output_local_symbols	0x1e	1	0	0	0
231	0x500e6e8	_output_merged_symbols	0x1e	1	0	0	0
232	0x500ee78	_process_undefineds	0x1e	1	0	0	0
233	0x500d8b8	_reduce_indr_symbols	0x1e	1	0	0	0
234	0x500fc70	_remove_merged_symbols	0x1e	1	0	0	0
235	0x500f338	_reset_prebound_undefines	0x1e	1	0	0	0
236	0x50f2334	_sect_object_symbols	0x1e	7	0	0	0
237	0x500e640	_set_merged_string_block_indexes	0x1e	1	0	0	0
238	0x500cee8	_trace_merged_symbol	0x1e	1	0	0	0
239	0x50f2514	_mc680x0	0xe	7	0	0	0
240	0x50f255c	_mc98000	0xe	7	0	0	0
241	0x50f25f4	_mc88000	0xe	7	0	0	0
242	0x50f2680	_i860	0xe	7	0	0	0
243	0x50f2808	_intel386	0xe	7	0	0	0
244	0x50f2848	_hppa_state	0xe	7	0	0	0
245	0x50f2874	_sparc_state	0xe	7	0	0	0
246	0x50f28c0	_linkedit_segment.104	0xe	7	0	0	0
247	0x50f2914	_pagezero_segment.105	0xe	7	0	0	0
248	0x50f2968	_object_segment.106	0xe	7	0	0	0
249	0x5010034	_layout_segments	0xe	1	0	0	0
250	0x50f24a8	_output_dysymtab_info	0x1e	7	0	0	0
251	0x50f2468	_output_mach_header	0x1e	7	0	0	0
252	0x50f2484	_output_symtab_info	0x1e	7	0	0	0
253	0x500fe78	_layout	0x1e	1	0	0	0
254	0x50f24f8	_output_thread_info	0x1e	7	0	0	0
255	0x5011d48	_create_output_sections_array	0xe	1	0	0	0
256	0x5011e54	_set_SG_NORELOC_flags	0xe	1	0	0	0
257	0x5011f5c	_output_headers	0xe	1	0	0	0
258	0x50f2a3c	_output_addr	0x1e	7	0	0	0
259	0x50f2a38	_output_size	0x1e	7	0	0	0
260	0x50f2a40	_output_sections	0x1e	7	0	0	0
261	0x5011a1c	_pass2	0x1e	1	0	0	0
262	0x50122b8	_generic_reloc	0x1e	1	0	0	0
263	0x50130ec	_undef_bsearch	0x1e	1	0	0	0
264	0x50f2a94	_rld_monaddition	0xe	7	0	0	0
265	0x50f2a9c	_error_stream	0xe	7	0	0	0
266	0x50f2aa0	_zonep	0xe	7	0	0	0
267	0x50f2aa4	_rld_env	0xe	7	0	0	0
268	0x50f2b18	_fatals	0xe	7	0	0	0
269	0x50f2b20	_rld_maintain_states	0xe	7	0	0	0
270	0x50f2b24	_rld_nallocated_states	0xe	7	0	0	0
271	0x50f2b28	_rld_nloaded_states	0xe	7	0	0	0
272	0x50f2b2c	_rld_loaded_state	0xe	7	0	0	0
273	0x50f2b30	_NXArgv_pointer.100	0xe	7	0	0	0
274	0x50f2b34	__mh_execute_header_pointer.101	0xe	7	0	0	0
275	0x5013154	_internal_rld_load	0xe	1	0	0	0
276	0x5014350	_internal_rld_unload	0xe	1	0	0	0
277	0x5014bf0	_rld_loaded_state_changed	0xe	1	0	0	0
278	0x5014bf8	_rld_get_loaded_state	0xe	1	0	0	0
279	0x5014cd8	_cleanup	0x1e	1	0	0	0
280	0x5014d14	_vprint	0x1e	1	0	0	0
281	0x5014d50	_allocate	0x1e	1	0	0	0
282	0x5014e1c	_reallocate	0x1e	1	0	0	0
283	0x50f2b1c	_base_name	0x1e	7	0	0	0
284	0x50f2a98	_RLD_DEBUG_OUTPUT_FILENAME_flag	0x1e	7	0	0	0
285	0x50f2a90	_address_func	0x1e	7	0	0	0
286	0x50f2b90	_nsets	0xe	7	0	0	0
287	0x50150b8	_new_archive_or_fat	0x1e	1	0	0	0
288	0x50f2b94	_cur_set	0x1e	7	0	0	0
289	0x50f2b8c	_sets	0x1e	7	0	0	0
290	0x501521c	_clean_archives_and_fats	0x1e	1	0	0	0
291	0x5015490	_free_sets	0x1e	1	0	0	0
292	0x5014ef4	_new_set	0x1e	1	0	0	0
293	0x50153a4	_remove_set	0x1e	1	0	0	0
294	0x5015954	_literal4_free	0x1e	1	0	0	0
295	0x50155ac	_literal4_merge	0x1e	1	0	0	0
296	0x50156a8	_literal4_order	0x1e	1	0	0	0
297	0x5015898	_literal4_output	0x1e	1	0	0	0
298	0x5015784	_lookup_literal4	0x1e	1	0	0	0
299	0x5015fa0	_literal8_free	0x1e	1	0	0	0
300	0x5015988	_literal8_merge	0x1e	1	0	0	0
301	0x5015a8c	_literal8_order	0x1e	1	0	0	0
302	0x5015eb8	_literal8_output	0x1e	1	0	0	0
303	0x5015bc4	_get_hex_from_sectorder	0x1e	1	0	0	0
304	0x5015d70	_lookup_literal8	0x1e	1	0	0	0
305	0x50169e4	_count_reloc	0xe	1	0	0	0
306	0x5016af8	_lookup_literal_pointer	0xe	1	0	0	0
307	0x5016e14	_literal_pointer_free	0x1e	1	0	0	0
308	0x5015fd4	_literal_pointer_merge	0x1e	1	0	0	0
309	0x5016af0	_literal_pointer_order	0x1e	1	0	0	0
310	0x5016cec	_literal_pointer_output	0x1e	1	0	0	0
311	0x50f2bd0	_has_dynamic_linker_command	0x1e	7	0	0	0
312	0x5017de0	_lookup_indirect_item	0xe	1	0	0	0
313	0x5017f98	_indirect_section_free	0x1e	1	0	0	0
314	0x5016eb0	_indirect_section_merge	0x1e	1	0	0	0
315	0x5017f90	_indirect_section_order	0x1e	1	0	0	0
316	0x50f2bd4	_nindirectsyms	0x1e	7	0	0	0
317	0x50f2bd8	_save_lazy_symbol_pointer_relocs	0x1e	7	0	0	0
318	0x501826c	_output_indirect_symbols	0x1e	1	0	0	0
319	0x5018034	_legal_reference	0x1e	1	0	0	0
320	0x5018448	_modinit_section_merge	0x1e	1	0	0	0
321	0x5018690	_modinit_section_order	0x1e	1	0	0	0
322	0x5018698	_m98k_reloc	0x1e	1	0	0	0
323	0x5019ea0	_m88k_reloc	0x1e	1	0	0	0
324	0x501b33c	_hppa_reloc	0x1e	1	0	0	0
325	0x501cf60	_sparc_reloc	0x1e	1	0	0	0
326	0x501e9f4	_cpusubtype_combine	0x1e	1	0	0	0
327	0x501e43c	_cpusubtype_findbestarch	0x1e	1	0	0	0
328	0x50f2c7c	_arch_flags	0xe	7	0	0	0
329	0x501f260	_get_arch_family_from_cputype	0x1e	1	0	0	0
330	0x501ed08	_get_arch_from_host	0x1e	1	0	0	0
331	0x501f1ac	_get_arch_name_from_types	0x1e	1	0	0	0
332	0x501f2ec	_get_byte_sex_from_flag	0x1e	1	0	0	0
333	0x501f18c	_get_arch_flags	0x1e	1	0	0	0
334	0x501ec2c	_get_arch_from_flag	0x1e	1	0	0	0
335	0x501f340	_get_toc_byte_sex	0x1e	1	0	0	0
336	0x502023c	_swap_dylib_command	0x1e	1	0	0	0
337	0x5026a40	_swap_dylib_module	0x1e	1	0	0	0
338	0x502693c	_swap_dylib_reference	0x1e	1	0	0	0
339	0x5026c70	_swap_dylib_table_of_contents	0x1e	1	0	0	0
340	0x5020440	_swap_dylinker_command	0x1e	1	0	0	0
341	0x501fd10	_swap_dysymtab_command	0x1e	1	0	0	0
342	0x5020150	_swap_fvmlib_command	0x1e	1	0	0	0
343	0x50268d8	_swap_indirect_symbols	0x1e	1	0	0	0
344	0x501f7f8	_swap_load_command	0x1e	1	0	0	0
345	0x501f6b4	_swap_mach_header	0x1e	1	0	0	0
346	0x502654c	_swap_ranlib	0x1e	1	0	0	0
347	0x501fa28	_swap_section	0x1e	1	0	0	0
348	0x501f860	_swap_segment_command	0x1e	1	0	0	0
349	0x5020090	_swap_symseg_command	0x1e	1	0	0	0
350	0x501fbf8	_swap_symtab_command	0x1e	1	0	0	0
351	0x50265e0	_swap_relocation_info	0x1e	1	0	0	0
352	0x5026498	_swap_nlist	0x1e	1	0	0	0
353	0x501f510	_get_host_byte_sex	0x1e	1	0	0	0
354	0x501f424	_SWAP_DOUBLE	0x1e	1	0	0	0
355	0x501f4dc	_SWAP_FLOAT	0x1e	1	0	0	0
356	0x501f594	_swap_fat_arch	0x1e	1	0	0	0
357	0x501f52c	_swap_fat_header	0x1e	1	0	0	0
358	0x50204d4	_swap_fvmfile_command	0x1e	1	0	0	0
359	0x5025944	_swap_hppa_fp_thread_state	0x1e	1	0	0	0
360	0x50257a8	_swap_hppa_frame_thread_state	0x1e	1	0	0	0
361	0x5025168	_swap_hppa_integer_thread_state	0x1e	1	0	0	0
362	0x502512c	_swap_i386_thread_cthreadstate	0x1e	1	0	0	0
363	0x5024e68	_swap_i386_thread_exceptstate	0x1e	1	0	0	0
364	0x50242a4	_swap_i386_thread_fpstate	0x1e	1	0	0	0
365	0x5023fd4	_swap_i386_thread_state	0x1e	1	0	0	0
366	0x5023ccc	_swap_i860_thread_state_regs	0x1e	1	0	0	0
367	0x5026430	_swap_ident_command	0x1e	1	0	0	0
368	0x5020708	_swap_m68k_thread_state_68882	0x1e	1	0	0	0
369	0x50205fc	_swap_m68k_thread_state_regs	0x1e	1	0	0	0
370	0x502087c	_swap_m68k_thread_state_user_reg	0x1e	1	0	0	0
371	0x5023568	_swap_m88110_thread_state_impl_t	0x1e	1	0	0	0
372	0x502167c	_swap_m88k_thread_state_grf_t	0x1e	1	0	0	0
373	0x502352c	_swap_m88k_thread_state_user_t	0x1e	1	0	0	0
374	0x5021c64	_swap_m88k_thread_state_xrf_t	0x1e	1	0	0	0
375	0x50208b8	_swap_m98k_thread_state_grf_t	0x1e	1	0	0	0
376	0x5020354	_swap_prebound_dylib_command	0x1e	1	0	0	0
377	0x50260a4	_swap_sparc_thread_state_fpu	0x1e	1	0	0	0
378	0x5025ad0	_swap_sparc_thread_state_regs	0x1e	1	0	0	0
379	0x5020594	_swap_thread_command	0x1e	1	0	0	0
380	0x5026d04	_swap_object_headers	0x1e	1	0	0	0
381	0x5028144	_vm_flush_cache	0x1e	1	0	0	0
382	0x5028208	_reloc_has_pair	0x1e	1	0	0	0
383	0x5028170	_reloc_pair_r_type	0x1e	1	0	0	0
384	0x5028344	_reloc_is_sectdiff	0x1e	1	0	0	0
385	0x5028560	_ones	0xe	1	0	0	0
386	0x5028454	_assemble_17	0x1e	1	0	0	0
387	0x5028498	_assemble_21	0x1e	1	0	0	0
388	0x5028424	_calc_hppa_HILO	0x1e	1	0	0	0
389	0x5028650	_dis_assemble_17	0x1e	1	0	0	0
390	0x50285c4	_dis_assemble_21	0x1e	1	0	0	0
391	0x5028590	_low_sign_ext	0x1e	1	0	0	0
392	0x5028608	_low_sign_unext	0x1e	1	0	0	0
393	0x5028518	_sign_ext	0x1e	1	0	0	0
394	0x5028684	_sign_unext	0x1e	1	0	0	0
395	0x50284d4	_assemble_12	0x1e	1	0	0	0
396	0x50284fc	_assemble_3	0x1e	1	0	0	0
397	0x50286b8	_dis_assemble_12	0x1e	1	0	0	0
398	0x502869c	_dis_assemble_3	0x1e	1	0	0	0
399	0x50f7868	_file_functions	0xe	11	0	0	0
400	0x50286e0	_file_flush	0xe	1	0	0	0
401	0x5028718	_file_fill	0xe	1	0	0	0
402	0x5028738	_file_change	0xe	1	0	0	0
403	0x50287e0	_file_seek	0xe	1	0	0	0
404	0x5028950	_file_close	0xe	1	0	0	0
405	0x5028a00	__NXStreamsTextPad	0xe	1	0	0	0
406	0x5028b00	__NXStreamsLiteralTextPad	0xe	1	0	0	0
407	0x50f7884	_ipc_functions	0xe	11	0	0	0
408	0x5028e18	_ipc_flush	0xe	1	0	0	0
409	0x5028e84	_ipc_fill	0xe	1	0	0	0
410	0x5028ec0	_ipc_change	0xe	1	0	0	0
411	0x5028ec8	_ipc_seek	0xe	1	0	0	0
412	0x5028ed0	_ipc_close	0xe	1	0	0	0
413	0x50f2f5c	_memory_functions	0xe	7	0	0	0
414	0x502916c	_memory_flush	0xe	1	0	0	0
415	0x50291d8	_memory_fill	0xe	1	0	0	0
416	0x50291e0	_memory_change	0xe	1	0	0	0
417	0x5029230	_memory_seek	0xe	1	0	0	0
418	0x50292e0	_memory_close	0xe	1	0	0	0
419	0x50f2f78	_cheap_functions	0xe	7	0	0	0
420	0x5029608	_cheap_flush	0xe	1	0	0	0
421	0x5029678	_cheap_seek	0xe	1	0	0	0
422	0x5029720	_cheap_close	0xe	1	0	0	0
423	0x5028fc4	_verify_memory_stream	0xe	1	0	0	0
424	0x5029018	_memory_extend	0xe	1	0	0	0
425	0x50293b0	_betterCopy	0xe	1	0	0	0
426	0x5029460	_cheap_extend	0xe	1	0	0	0
427	0x5029c1c	_check_wellformed_header	0xe	1	0	0	0
428	0x50f2f94	_printfProcTable	0xe	7	0	0	0
429	0x50f2f98	_sizePrintfProcTable	0xe	7	0	0	0
430	0x502a970	_isRegisteredPrintfChar	0xe	1	0	0	0
431	0x502b4f8	__p_dconv	0xe	1	0	0	0
432	0x502b538	__efmt	0xe	1	0	0	0
433	0x502b7c8	__ffmt	0xe	1	0	0	0
434	0x502ba68	_stringnotzero	0xe	1	0	0	0
435	0x502be20	__innum	0xe	1	0	0	0
436	0x502c314	__instr	0xe	1	0	0	0
437	0x502c4c8	__getccl	0xe	1	0	0	0
438	0x50eb490	_ln2hi	0xe	4	0	0	0
439	0x50eb498	_ln2lo	0xe	4	0	0	0
440	0x50eb4a0	_ln2hi	0xe	4	0	0	0
441	0x50eb4a8	_ln2lo	0xe	4	0	0	0
442	0x50eb4b0	_small.2	0xe	4	0	0	0
443	0x50eb4b8	_big.3	0xe	4	0	0	0
444	0x50eb4c0	_one.4	0xe	4	0	0	0
445	0x50eb4c8	_torp	0xe	4	0	0	0
446	0x50eb4d0	_p1	0xe	4	0	0	0
447	0x50eb508	_q1	0xe	4	0	0	0
448	0x50eb540	_p2	0xe	4	0	0	0
449	0x50eb588	_q2	0xe	4	0	0	0
450	0x50eb5d0	_p1	0xe	4	0	0	0
451	0x50eb5d8	_p2	0xe	4	0	0	0
452	0x50eb5e0	_q1	0xe	4	0	0	0
453	0x50eb5e8	_q2	0xe	4	0	0	0
454	0x50eb5f0	_zero.2	0xe	4	0	0	0
455	0x50eb5f8	_one.3	0xe	4	0	0	0
456	0x50eb600	_half.4	0xe	4	0	0	0
457	0x50eb608	_small.5	0xe	4	0	0	0
458	0x50eb610	_zero	0xe	4	0	0	0
459	0x50eb618	_tpi	0xe	4	0	0	0
460	0x50eb620	_pio4	0xe	4	0	0	0
461	0x50eb628	_p1	0xe	4	0	0	0
462	0x50eb670	_q1	0xe	4	0	0	0
463	0x50eb6b8	_p2	0xe	4	0	0	0
464	0x50eb6f0	_q2	0xe	4	0	0	0
465	0x50eb728	_p3	0xe	4	0	0	0
466	0x50eb760	_q3	0xe	4	0	0	0
467	0x50eb798	_p4	0xe	4	0	0	0
468	0x50eb7e0	_q4	0xe	4	0	0	0
469	0x502dd38	_asympt	0xe	1	0	0	0
470	0x50eb828	_zero	0xe	4	0	0	0
471	0x50eb830	_tpi	0xe	4	0	0	0
472	0x50eb838	_pio4	0xe	4	0	0	0
473	0x50eb840	_p1	0xe	4	0	0	0
474	0x50eb888	_q1	0xe	4	0	0	0
475	0x50eb8d0	_p2	0xe	4	0	0	0
476	0x50eb908	_q2	0xe	4	0	0	0
477	0x50eb940	_p3	0xe	4	0	0	0
478	0x50eb978	_q3	0xe	4	0	0	0
479	0x50eb9b0	_p4	0xe	4	0	0	0
480	0x50eba00	_q4	0xe	4	0	0	0
481	0x502e248	_asympt	0xe	1	0	0	0
482	0x50eba50	_zero	0xe	4	0	0	0
483	0x50eba58	_goobie	0xe	4	0	0	0
484	0x50eba60	_pi	0xe	4	0	0	0
485	0x50eba68	_p1	0xe	4	0	0	0
486	0x50eba98	_p2	0xe	4	0	0	0
487	0x50ebad8	_q2	0xe	4	0	0	0
488	0x502e770	_asym	0xe	1	0	0	0
489	0x502e840	_neg	0xe	1	0	0	0
490	0x502e9d0	_pos	0xe	1	0	0	0
491	0x50ebb18	_L1	0xe	4	0	0	0
492	0x50ebb20	_L2	0xe	4	0	0	0
493	0x50ebb28	_L3	0xe	4	0	0	0
494	0x50ebb30	_L4	0xe	4	0	0	0
495	0x50ebb38	_L5	0xe	4	0	0	0
496	0x50ebb40	_L6	0xe	4	0	0	0
497	0x50ebb48	_L7	0xe	4	0	0	0
498	0x50ebb50	_ln2hi	0xe	4	0	0	0
499	0x50ebb58	_ln2lo	0xe	4	0	0	0
500	0x50ebb60	_invln2	0xe	4	0	0	0
501	0x50ebb68	_sqrt2	0xe	4	0	0	0
502	0x50ebb70	_zero	0xe	4	0	0	0
503	0x50ebb78	_half	0xe	4	0	0	0
504	0x50ebb80	_one	0xe	4	0	0	0
505	0x50ebb88	_two	0xe	4	0	0	0
506	0x50ebb90	_negone	0xe	4	0	0	0
507	0x502ee8c	_pow_p	0xe	1	0	0	0
508	0x50ebb98	_athfhi	0xe	4	0	0	0
509	0x50ebba0	_athflo	0xe	4	0	0	0
510	0x50ebba8	_at1fhi	0xe	4	0	0	0
511	0x50ebbb0	_at1flo	0xe	4	0	0	0
512	0x50ebbb8	_a1	0xe	4	0	0	0
513	0x50ebbc0	_a2	0xe	4	0	0	0
514	0x50ebbc8	_a3	0xe	4	0	0	0
515	0x50ebbd0	_a4	0xe	4	0	0	0
516	0x50ebbd8	_a5	0xe	4	0	0	0
517	0x50ebbe0	_a6	0xe	4	0	0	0
518	0x50ebbe8	_a7	0xe	4	0	0	0
519	0x50ebbf0	_a8	0xe	4	0	0	0
520	0x50ebbf8	_a9	0xe	4	0	0	0
521	0x50ebc00	_a10	0xe	4	0	0	0
522	0x50ebc08	_a11	0xe	4	0	0	0
523	0x50ebc10	_PIo4	0xe	4	0	0	0
524	0x50ebc18	_PIo2	0xe	4	0	0	0
525	0x50ebc20	_PI	0xe	4	0	0	0
526	0x50ebc28	_zero.2	0xe	4	0	0	0
527	0x50ebc30	_one.3	0xe	4	0	0	0
528	0x50ebc38	_small.4	0xe	4	0	0	0
529	0x50ebc40	_big.5	0xe	4	0	0	0
530	0x50ebc48	_r2p1hi	0xe	4	0	0	0
531	0x50ebc50	_r2p1lo	0xe	4	0	0	0
532	0x50ebc58	_sqrt2	0xe	4	0	0	0
533	0x50ebc60	_zero.4	0xe	4	0	0	0
534	0x50ebc68	_one.5	0xe	4	0	0	0
535	0x50ebc70	_small.6	0xe	4	0	0	0
536	0x50ebc78	_ibig.7	0xe	4	0	0	0
537	0x50ebc80	_B1	0xe	4	0	0	0
538	0x50ebc84	_B2	0xe	4	0	0	0
539	0x50ebc88	_C	0xe	4	0	0	0
540	0x50ebc90	_D	0xe	4	0	0	0
541	0x50ebc98	_E	0xe	4	0	0	0
542	0x50ebca0	_F	0xe	4	0	0	0
543	0x50ebca8	_G	0xe	4	0	0	0
544	0x5030bc8	_sin__S	0xe	1	0	0	0
545	0x5030c5c	_cos__C	0xe	1	0	0	0
546	0x50f45b0	constant	0xe	7	0	0	0
547	0x0	zero	0x2	0	0	0	0
548	0x8	half	0x2	0	0	0	0
549	0xfffffff8	x	0x2	0	0	0	0
550	0xfffffff0	p	0x2	0	0	0	0
551	0xffffffe8	tmp	0x2	0	0	0	0
552	0x5030e78	exception	0xe	1	0	0	0
553	0x5030dbc	T1	0xe	1	0	0	0
554	0x5030e94	signzero	0xe	1	0	0	0
555	0x5030e64	final	0xe	1	0	0	0
556	0x50f45c0	constant	0xe	7	0	0	0
557	0x0	two52	0x2	0	0	0	0
558	0x8	mtwo52	0x2	0	0	0	0
559	0x10	zero	0x2	0	0	0	0
560	0x18	mzero	0x2	0	0	0	0
561	0x20	one	0x2	0	0	0	0
562	0xfffffff8	x	0x2	0	0	0	0
563	0xfffffff0	tmp	0x2	0	0	0	0
564	0x5030f3c	ceil_return	0xe	1	0	0	0
565	0x5030fd4	floor_return	0xe	1	0	0	0
566	0x5031054	rint_return	0xe	1	0	0	0
567	0xfffffff8	x	0x2	0	0	0	0
568	0xfffffff0	tmp	0x2	0	0	0	0
569	0x50f45e8	constant	0xe	7	0	0	0
570	0x5031140	N1	0xe	1	0	0	0
571	0x50310f0	N0	0xe	1	0	0	0
572	0x60	big	0x2	0	0	0	0
573	0x5031330	exit	0xe	1	0	0	0
574	0x10	p2	0x2	0	0	0	0
575	0x8	p1	0x2	0	0	0	0
576	0x30	p6	0x2	0	0	0	0
577	0x28	p5	0x2	0	0	0	0
578	0x20	p4	0x2	0	0	0	0
579	0x18	p3	0x2	0	0	0	0
580	0x5031278	N3	0xe	1	0	0	0
581	0x0	one	0x2	0	0	0	0
582	0x58	pio2lo	0x2	0	0	0	0
583	0x5031260	N2	0xe	1	0	0	0
584	0x48	q3	0x2	0	0	0	0
585	0x40	q2	0x2	0	0	0	0
586	0x38	q1	0x2	0	0	0	0
587	0x50	pio2hi	0x2	0	0	0	0
588	0x50f4650	constant	0xe	7	0	0	0
589	0x0	two110	0x2	0	0	0	0
590	0x8	twom110	0x2	0	0	0	0
591	0xfffffff8	x	0x2	0	0	0	0
592	0xfffffff0	y	0x2	0	0	0	0
593	0x5031338	fmod_in	0xe	1	0	0	0
594	0x503164c	fmod_exception	0xe	1	0	0	0
595	0x5031384	T1	0xe	1	0	0	0
596	0x5031378	T0	0xe	1	0	0	0
597	0x50315d0	fmod_return	0xe	1	0	0	0
598	0x50313a8	T2	0xe	1	0	0	0
599	0x50315d8	fmod_zero	0xe	1	0	0	0
600	0x50315ec	fmod_tiny	0xe	1	0	0	0
601	0x50314bc	T3_end	0xe	1	0	0	0
602	0x50313f4	T3_loop	0xe	1	0	0	0
603	0x5031568	T4	0xe	1	0	0	0
604	0x50315b8	T6	0xe	1	0	0	0
605	0x50315a4	T5	0xe	1	0	0	0
606	0x50f4660	constant	0xe	7	0	0	0
607	0x50318f8	SMALL_N	0xe	1	0	0	0
608	0x28	two52	0x2	0	0	0	0
609	0x5031704	ERROR	0xe	1	0	0	0
610	0x5031980	exit	0xe	1	0	0	0
611	0x18	one	0x2	0	0	0	0
612	0x0	zero	0x2	0	0	0	0
613	0x503174c	ERROR2	0xe	1	0	0	0
614	0x5031784	near1	0xe	1	0	0	0
615	0x50317d0	small	0xe	1	0	0	0
616	0x20	two	0x2	0	0	0	0
617	0x8	one_third	0x2	0	0	0	0
618	0x10	half	0x2	0	0	0	0
619	0x5031818	quick_cran	0xe	1	0	0	0
620	0x60	B2	0x2	0	0	0	0
621	0x70	B4	0x2	0	0	0	0
622	0x68	B3	0x2	0	0	0	0
623	0x58	B1	0x2	0	0	0	0
624	0x50f46d8	TBL	0xe	7	0	0	0
625	0x50	A3	0x2	0	0	0	0
626	0x48	A2	0x2	0	0	0	0
627	0x40	A1	0x2	0	0	0	0
628	0x38	ln2lo	0x2	0	0	0	0
629	0x30	ln2hi	0x2	0	0	0	0
630	0x50f47d8	constant	0xe	7	0	0	0
631	0x0	twom57	0x2	0	0	0	0
632	0x8	two54	0x2	0	0	0	0
633	0x10	twom27	0x2	0	0	0	0
634	0x18	half	0x2	0	0	0	0
635	0x20	one	0x2	0	0	0	0
636	0x28	onehalf	0x2	0	0	0	0
637	0x30	onemulp	0x2	0	0	0	0
638	0x38	table	0x2	0	0	0	0
639	0xfffffff8	x	0x2	0	0	0	0
640	0xfffffff0	y	0x2	0	0	0	0
641	0xffffffe8	tmp	0x2	0	0	0	0
642	0xffffffe0	ofsr	0x2	0	0	0	0
643	0xffffffdc	nfsr	0x2	0	0	0	0
644	0xffffffd8	tfsr	0x2	0	0	0	0
645	0x5031988	insqrt	0xe	1	0	0	0
646	0x50319c8	quickcrank	0xe	1	0	0	0
647	0x5031c30	sqrt_return	0xe	1	0	0	0
648	0x50319e4	odd	0xe	1	0	0	0
649	0x5031c38	quickreturn	0xe	1	0	0	0
650	0x5031c44	NaN	0xe	1	0	0	0
651	0x5031c74	invalid	0xe	1	0	0	0
652	0x5031c94	__dbBaseName	0xe	1	0	0	0
653	0x50ebcb0	_hstab	0xe	4	0	0	0
654	0x50ebcc0	_hltab	0xe	4	0	0	0
655	0x5034b48	__db_global_text_pad	0xe	1	0	0	0
656	0x5034c48	__dbDirExtension	0xe	1	0	0	0
657	0x5034c50	__dbLeafExtension	0xe	1	0	0	0
658	0x5034c58	__db_literal_text_pad	0xe	1	0	0	0
659	0x5034fd0	__dbOpenFile	0xe	1	0	0	0
660	0x50ebdc0	__dbSizeTable	0xe	4	0	0	0
661	0x50f4b18	_homeDirectory	0xe	7	0	0	0
662	0x50f4b1c	_userName	0xe	7	0	0	0
663	0x50f4b20	_lastKnownUid	0xe	7	0	0	0
664	0x5035a70	_getUserInfo	0xe	1	0	0	0
665	0x5035cf0	_NXHomeDirectory	0xe	1	0	0	0
666	0x50f4b24	_hasTerminal.82	0xe	7	0	0	0
667	0x5035d1c	_NXLogError	0xe	1	0	0	0
668	0x50f4b28	_GLOBAL	0xe	7	0	0	0
669	0x50f4b2c	_defaultsDB	0xe	7	0	0	0
670	0x50f4b30	_readBuf	0xe	7	0	0	0
671	0x50f4b34	_defaultsUser	0xe	7	0	0	0
672	0x50f4b38	_defaultsHome	0xe	7	0	0	0
673	0x50f4b3c	_defaultsUid	0xe	7	0	0	0
674	0x50f4b40	_defaultsGid	0xe	7	0	0	0
675	0x50f4b44	_didSetreuid	0xe	7	0	0	0
676	0x50f4b48	_didSetregid	0xe	7	0	0	0
677	0x50f4b4c	_firstRD	0xe	7	0	0	0
678	0x50f4b50	_lastRD	0xe	7	0	0	0
679	0x50f4b54	_dBlock	0xe	7	0	0	0
680	0x50f4b58	_dPos	0xe	7	0	0	0
681	0x50f4b5c	_firstBlock	0xe	7	0	0	0
682	0x50f4b60	_lastBlock	0xe	7	0	0	0
683	0x50f4b64	_db_mtime	0xe	7	0	0	0
684	0x5035e64	_doRegisterDefaults	0xe	1	0	0	0
685	0x5036958	__openDefaults	0xe	1	0	0	0
686	0x5036e90	__closeDefaults	0xe	1	0	0	0
687	0x5036f70	__registerDefault	0xe	1	0	0	0
688	0x5037008	__resetRegisteredDefault	0xe	1	0	0	0
689	0x503705c	__isRegistered	0xe	1	0	0	0
690	0x50370f8	__doReadDefault	0xe	1	0	0	0
691	0x503717c	__doWriteDefault	0xe	1	0	0	0
692	0x5037214	__writeAndRegisterDefault	0xe	1	0	0	0
693	0x50372c8	__lockDefaults	0xe	1	0	0	0
694	0x50372f8	__unlockDefaults	0xe	1	0	0	0
695	0x5037320	__constructKey	0xe	1	0	0	0
696	0x50373e0	__destroyKey	0xe	1	0	0	0
697	0x5037400	_defStrcmp	0xe	1	0	0	0
698	0x503743c	_defCopyString	0xe	1	0	0	0
699	0x5037474	_defaultAlloc	0xe	1	0	0	0
700	0x5037520	_blockAlloc	0xe	1	0	0	0
701	0x503758c	_blockFree	0xe	1	0	0	0
702	0x5037608	__NXGobbleArgs	0xe	1	0	0	0
703	0x50f4b68	_NXArgv_pointer.145	0xe	7	0	0	0
704	0x50f4b6c	_NXArgc_pointer.146	0xe	7	0	0	0
705	0x5037650	_cmdLineToDefaults	0xe	1	0	0	0
706	0x50f4b70	_firstArg	0xe	7	0	0	0
707	0x50f4b74	_firstLen	0xe	7	0	0	0
708	0x5037808	_rstrtok	0xe	1	0	0	0
709	0x5037c2c	_getBitfieldSizeAndAdvance	0xe	1	0	0	0
710	0x5037d8c	_getBitfieldSize	0xe	1	0	0	0
711	0x5038354	+[NXPortPortal newPort]	0xe	1	0	0	0
712	0x5038388	+[NXPortPortal newFromMachPort:dealloc:]	0xe	1	0	0	0
713	0x50383c8	+[NXPortPortal lookUpPortWithName:onHost:]	0xe	1	0	0	0
714	0x5038404	+[NXPortPortal checkInPort:withName:]	0xe	1	0	0	0
715	0x5038440	-[NXPortPortal initWithMachPort:]	0xe	1	0	0	0
716	0x50384a8	-[NXPortPortal initWithPort:]	0xe	1	0	0	0
717	0x5038540	-[NXPortPortal free]	0xe	1	0	0	0
718	0x5038598	_copyFromZone	0xe	1	0	0	0
719	0x50385e0	-[NXPortPortal move]	0xe	1	0	0	0
720	0x50386e0	-[NXPortPortal port]	0xe	1	0	0	0
721	0x50386f0	-[NXPortPortal setPort:]	0xe	1	0	0	0
722	0x5038718	-[NXPortPortal connection]	0xe	1	0	0	0
723	0x5038728	-[NXPortPortal setRequestMsg:]	0xe	1	0	0	0
724	0x5038758	-[NXPortPortal isRequestMsg]	0xe	1	0	0	0
725	0x503877c	-[NXPortPortal goodMsgSize]	0xe	1	0	0	0
726	0x503878c	-[NXPortPortal setMsg:]	0xe	1	0	0	0
727	0x50387b8	-[NXPortPortal sequenceNumber]	0xe	1	0	0	0
728	0x50387c8	__NXEncodeBool	0xe	1	0	0	0
729	0x5038860	__NXDecodeBool	0xe	1	0	0	0
730	0x50388d4	__NXEncodeChars	0xe	1	0	0	0
731	0x5038984	__NXDecodeChars	0xe	1	0	0	0
732	0x5038a50	__NXDecodeUniqueString	0xe	1	0	0	0
733	0x5038a78	_extract_field_elmt	0xe	1	0	0	0
734	0x5038b2c	_insert_field_elmt	0xe	1	0	0	0
735	0x5038c78	__iterate_bitfields	0xe	1	0	0	0
736	0x5038e08	__pack_callback	0xe	1	0	0	0
737	0x5038e7c	__unpack_callback	0xe	1	0	0	0
738	0x5038edc	_iencodeData	0xe	1	0	0	0
739	0x5039754	_idecodeData	0xe	1	0	0	0
740	0x5039e98	-[NXPortPortal encodeData:ofType:]	0xe	1	0	0	0
741	0x5039ec4	-[NXPortPortal decodeData:ofType:]	0xe	1	0	0	0
742	0x5039eec	-[NXPortPortal encodeBytes:count:]	0xe	1	0	0	0
743	0x5039f98	-[NXPortPortal decodeBytes:count:]	0xe	1	0	0	0
744	0x503a014	-[NXPortPortal encodeMachPort:]	0xe	1	0	0	0
745	0x503a068	-[NXPortPortal decodeMachPort:]	0xe	1	0	0	0
746	0x503a0bc	-[NXPortPortal encodeVM:count:]	0xe	1	0	0	0
747	0x503a158	-[NXPortPortal encodeVM:count:dealloc:]	0xe	1	0	0	0
748	0x503a200	-[NXPortPortal decodeVM:count:]	0xe	1	0	0	0
749	0x503a27c	-[NXPortPortal encodeObject:]	0xe	1	0	0	0
750	0x503a36c	-[NXPortPortal encodeObjectBycopy:]	0xe	1	0	0	0
751	0x503a4d8	-[NXPortPortal decodeObject]	0xe	1	0	0	0
752	0x503a624	-[NXPortPortal startEncodingWithConnection:andSequenceNumber:]	0xe	1	0	0	0
753	0x503a670	-[NXPortPortal finishEncodingAndStartDecoding:]	0xe	1	0	0	0
754	0x503ae60	-[NXPortPortal finishEncoding]	0xe	1	0	0	0
755	0x503ae90	-[NXPortPortal startDecodingWithMsg:withConnection:]	0xe	1	0	0	0
756	0x503b194	-[NXPortPortal startDecodingWithTimeout:]	0xe	1	0	0	0
757	0x503b3bc	-[NXPortPortal finishDecoding]	0xe	1	0	0	0
758	0x503b51c	+[NXPortPortal dispatchMsg:]	0xe	1	0	0	0
759	0x503b694	-[NXPortPortal print]	0xe	1	0	0	0
760	0x503b870	-[NXPortPortal zone]	0xe	1	0	0	0
761	0x50f4b78	_MessagesReceivedCount	0xe	7	0	0	0
762	0x50f4b7c	_DefaultZone	0xe	7	0	0	0
763	0x50f4b80	_sequence_gate	0xe	7	0	0	0
764	0x50f4b84	_DefaultBufferClass	0xe	7	0	0	0
765	0x50f4b88	_number.2	0xe	7	0	0	0
766	0x503b8b4	_generateSequenceNumber	0xe	1	0	0	0
767	0x503b92c	_freeNXMethodSignature	0xe	1	0	0	0
768	0x503b958	_isNXMethodSignatureEqual	0xe	1	0	0	0
769	0x503b968	_hashNXMethodSignature	0xe	1	0	0	0
770	0x50f78a0	_NXMethodSignatureProto	0xe	11	0	0	0
771	0x503b970	+[NXMethodSignature fromDescription:fromZone:]	0xe	1	0	0	0
772	0x503bad8	-[NXMethodSignature encodeMethodParams:onto:]	0xe	1	0	0	0
773	0x503bd40	-[NXMethodSignature decodeMethodParamsFrom:]	0xe	1	0	0	0
774	0x503c074	-[NXMethodSignature encodeMethodRet:withargs:onto:]	0xe	1	0	0	0
775	0x503c390	-[NXMethodSignature free]	0xe	1	0	0	0
776	0x503c3dc	-[NXMethodSignature methodReturnType]	0xe	1	0	0	0
777	0x503c3ec	-[NXMethodSignature isOneway]	0xe	1	0	0	0
778	0x503c40c	-[NXMethodSignature methodReturnArea]	0xe	1	0	0	0
779	0x503c468	-[NXMethodSignature decodeMethodRetFrom:withargs:atAddr:]	0xe	1	0	0	0
780	0x503c8d4	-[Object(Object_NXMethodSignature) methodSignature:fromZone:]	0xe	1	0	0	0
781	0x50f4b8c	_DefaultInTimeout	0xe	7	0	0	0
782	0x50f4b90	_DefaultOutTimeout	0xe	7	0	0	0
783	0x50f78b0	_roProto	0xe	11	0	0	0
784	0x504070c	_hashProxy	0xe	1	0	0	0
785	0x5040714	_isEqualProxy	0xe	1	0	0	0
786	0x5040724	_freeProxy	0xe	1	0	0	0
787	0x50f4b94	_hash_table_gate	0xe	7	0	0	0
788	0x503c928	_hashConnection	0xe	1	0	0	0
789	0x503c938	_isEqualConnection	0xe	1	0	0	0
790	0x503c968	_freeConnection	0xe	1	0	0	0
791	0x50f78c0	_connProto	0xe	11	0	0	0
792	0x50f4b98	_conn_table_gate	0xe	7	0	0	0
793	0x50f4b9c	_conn_table	0xe	7	0	0	0
794	0x50f4ba0	_reply_table_gate	0xe	7	0	0	0
795	0x50f4ba4	_reply_table	0xe	7	0	0	0
796	0x50f4ba8	_nxproxyclass	0xe	7	0	0	0
797	0x503c994	+[NXConnection initialize]	0xe	1	0	0	0
798	0x503cb1c	+[NXConnection newForInPort:andOutPort:fromZone:]	0xe	1	0	0	0
799	0x503cb6c	+[NXConnection newForInMachPort:andOutMachPort:fromZone:]	0xe	1	0	0	0
800	0x503cf14	-[NXConnection free]	0xe	1	0	0	0
801	0x503d0ec	-[NXConnection copyWithOutPort:]	0xe	1	0	0	0
802	0x503d144	+[NXConnection connectToName:]	0xe	1	0	0	0
803	0x503d184	+[NXConnection connectToName:onHost:]	0xe	1	0	0	0
804	0x503d1f4	+[NXConnection connectToName:fromZone:]	0xe	1	0	0	0
805	0x503d22c	+[NXConnection connectToName:onHost:fromZone:]	0xe	1	0	0	0
806	0x503d294	+[NXConnection connectToPort:withInPort:]	0xe	1	0	0	0
807	0x503d2d4	+[NXConnection connectToPort:withInPort:fromZone:]	0xe	1	0	0	0
808	0x503d34c	+[NXConnection connectToPort:]	0xe	1	0	0	0
809	0x503d388	+[NXConnection connectToPort:fromZone:]	0xe	1	0	0	0
810	0x503d428	+[NXConnection registerRoot:withName:]	0xe	1	0	0	0
811	0x503d468	+[NXConnection registerRoot:withName:fromZone:]	0xe	1	0	0	0
812	0x503d534	+[NXConnection registerRoot:]	0xe	1	0	0	0
813	0x503d570	+[NXConnection registerRoot:fromZone:]	0xe	1	0	0	0
814	0x503d5f4	+[NXConnection unregisterForInvalidationNotification:]	0xe	1	0	0	0
815	0x503d69c	-[NXConnection invalidate]	0xe	1	0	0	0
816	0x503d7a8	-[NXConnection senderIsInvalid:]	0xe	1	0	0	0
817	0x503d82c	+[NXConnection messagesReceived]	0xe	1	0	0	0
818	0x503d850	+[NXConnection setDefaultBufferClass:]	0xe	1	0	0	0
819	0x503d874	+[NXConnection setDefaultTimeout:]	0xe	1	0	0	0
820	0x503d8a4	+[NXConnection defaultTimeout]	0xe	1	0	0	0
821	0x503d8c8	+[NXConnection setDefaultInTimeout:]	0xe	1	0	0	0
822	0x503d8ec	+[NXConnection defaultInTimeout]	0xe	1	0	0	0
823	0x503d910	+[NXConnection setDefaultOutTimeout:]	0xe	1	0	0	0
824	0x503d934	+[NXConnection defaultOutTimeout]	0xe	1	0	0	0
825	0x503d958	+[NXConnection setDefaultZone:]	0xe	1	0	0	0
826	0x503d97c	+[NXConnection defaultZone]	0xe	1	0	0	0
827	0x503d9a0	+[NXConnection count]	0xe	1	0	0	0
828	0x503da04	+[NXConnection connections:]	0xe	1	0	0	0
829	0x503dac4	-[NXConnection setDelegate:]	0xe	1	0	0	0
830	0x503dad4	-[NXConnection delegate]	0xe	1	0	0	0
831	0x503dae4	-[NXConnection outPortalBuffer]	0xe	1	0	0	0
832	0x503db28	-[NXConnection inPortalBuffer]	0xe	1	0	0	0
833	0x503db6c	-[NXConnection inPortal]	0xe	1	0	0	0
834	0x503db7c	-[NXConnection inPort]	0xe	1	0	0	0
835	0x503db8c	-[NXConnection outPort]	0xe	1	0	0	0
836	0x503db9c	-[NXConnection bufferClass]	0xe	1	0	0	0
837	0x503dbac	-[NXConnection setInTimeout:]	0xe	1	0	0	0
838	0x503dbbc	-[NXConnection setOutTimeout:]	0xe	1	0	0	0
839	0x503dbcc	-[NXConnection inTimeout]	0xe	1	0	0	0
840	0x503dbdc	-[NXConnection outTimeout]	0xe	1	0	0	0
841	0x503dbec	-[NXConnection rootObject]	0xe	1	0	0	0
842	0x503dbfc	-[NXConnection setRoot:]	0xe	1	0	0	0
843	0x503dc88	-[NXConnection insertProxy:]	0xe	1	0	0	0
844	0x503ddf4	-[NXConnection newRemote:withProtocol:]	0xe	1	0	0	0
845	0x503deec	-[NXConnection newLocal:]	0xe	1	0	0	0
846	0x503dfe0	-[NXConnection getRemote:]	0xe	1	0	0	0
847	0x503e060	-[NXConnection getLocal:]	0xe	1	0	0	0
848	0x503e0e4	-[NXConnection findLocal:forInPort:]	0xe	1	0	0	0
849	0x503e1f8	-[NXConnection remoteObjects]	0xe	1	0	0	0
850	0x503e308	-[NXConnection localObjects]	0xe	1	0	0	0
851	0x503e41c	-[NXConnection localProxies]	0xe	1	0	0	0
852	0x503e52c	-[NXConnection removeRemote:]	0xe	1	0	0	0
853	0x503e5d8	-[NXConnection removeLocal:]	0xe	1	0	0	0
854	0x503e694	+[NXConnection removeObject:]	0xe	1	0	0	0
855	0x503e7a8	+[NXConnection handleRequestOnPortal:]	0xe	1	0	0	0
856	0x503ee50	-[NXConnection finishEncodingAndGetReplyOnPortal:]	0xe	1	0	0	0
857	0x503f318	-[NXConnection run]	0xe	1	0	0	0
858	0x503f348	-[NXConnection runWithTimeout:]	0xe	1	0	0	0
859	0x503f4f4	_runit	0xe	1	0	0	0
860	0x503f528	-[NXConnection runInNewThread]	0xe	1	0	0	0
861	0x503f55c	+[NXConnection debug:showThread:verbose:]	0xe	1	0	0	0
862	0x503f57c	+[NXConnection debug:]	0xe	1	0	0	0
863	0x50f4bac	_methodSignature_of_descriptionForMethod	0xe	7	0	0	0
864	0x50f4bb0	_refgate	0xe	7	0	0	0
865	0x503f59c	+[NXProxy initialize]	0xe	1	0	0	0
866	0x503f6e4	+[NXProxy class]	0xe	1	0	0	0
867	0x503f708	+[NXProxy self]	0xe	1	0	0	0
868	0x503f714	-[NXProxy perform:]	0xe	1	0	0	0
869	0x503f72c	-[NXProxy perform:with:]	0xe	1	0	0	0
870	0x503f748	-[NXProxy conformsTo:]	0xe	1	0	0	0
871	0x503f864	-[NXProxy connectionForProxy]	0xe	1	0	0	0
872	0x503f874	-[NXProxy nameForProxy]	0xe	1	0	0	0
873	0x503f884	-[NXProxy references]	0xe	1	0	0	0
874	0x503f894	-[NXProxy addReference]	0xe	1	0	0	0
875	0x503f944	-[NXProxy setProtocolForProxy:]	0xe	1	0	0	0
876	0x503f954	-[NXProxy methodSignature:fromZone:]	0xe	1	0	0	0
877	0x503faac	-[NXProxy forward::]	0xe	1	0	0	0
878	0x503fee4	-[NXProxy invalidateProxy]	0xe	1	0	0	0
879	0x503ff54	-[NXProxy freeProxy]	0xe	1	0	0	0
880	0x5040008	-[NXProxy free]	0xe	1	0	0	0
881	0x504015c	-[NXProxy encodeRemotelyFor:freeAfterEncoding:isBycopy:]	0xe	1	0	0	0
882	0x5040168	-[NXProxy encodeUsing:]	0xe	1	0	0	0
883	0x50403f0	-[NXProxy decodeUsing:]	0xe	1	0	0	0
884	0x5040750	-[NXProxy isProxy]	0xe	1	0	0	0
885	0x5040760	-[Object(Object_MakeRemote_Import) encodeRemotelyFor:freeAfterEncoding:isBycopy:]	0xe	1	0	0	0
886	0x50407d0	-[Object(Object_MakeRemote_Import) encodeUsing:]	0xe	1	0	0	0
887	0x50407dc	-[Object(Object_MakeRemote_Import) decodeUsing:]	0xe	1	0	0	0
888	0x50407e8	-[Object(isRemote) isProxy]	0xe	1	0	0	0
889	0x50407f8	-[Object(GetListOfProtocols) getListOfProtocols:]	0xe	1	0	0	0
890	0x5040868	-[List(Transport) encodeRemotelyFor:freeAfterEncoding:isBycopy:]	0xe	1	0	0	0
891	0x50408c8	-[List(Transport) encodeUsing:]	0xe	1	0	0	0
892	0x5040974	-[List(Transport) decodeUsing:]	0xe	1	0	0	0
893	0x5040a1c	-[Protocol(Transport) encodeRemotelyFor:freeAfterEncoding:isBycopy:]	0xe	1	0	0	0
894	0x5040a28	-[Protocol(Transport) encodeUsing:]	0xe	1	0	0	0
895	0x5040cc4	-[Protocol(Transport) decodeUsing:]	0xe	1	0	0	0
896	0x50f800c	_log_impl	0xe	12	0	0	0
897	0x50f7ff8	_mygate.8	0xe	12	0	0	0
898	0x50411c8	_printf_log	0xe	1	0	0	0
899	0x50f8000	_log_header	0xe	12	0	0	0
900	0x50f8004	_log_show_pid	0xe	12	0	0	0
901	0x50f8008	_log_show_thread	0xe	12	0	0	0
902	0x50f7ffc	_mygate.11	0xe	12	0	0	0
903	0x5041390	_sys_log	0xe	1	0	0	0
904	0x5041504	-[NXData initWithSize:]	0xe	1	0	0	0
905	0x50415d0	-[NXData initWithData:size:dealloc:]	0xe	1	0	0	0
906	0x50415e8	-[NXData free]	0xe	1	0	0	0
907	0x5041678	-[NXData data]	0xe	1	0	0	0
908	0x5041688	-[NXData size]	0xe	1	0	0	0
909	0x5041698	-[NXData copyFromZone:]	0xe	1	0	0	0
910	0x504179c	-[NXData encodeRemotelyFor:freeAfterEncoding:isBycopy:]	0xe	1	0	0	0
911	0x50417a8	-[NXData encodeUsing:]	0xe	1	0	0	0
912	0x5041848	-[NXData decodeUsing:]	0xe	1	0	0	0
913	0x50418fc	+[NXInvalidationNotifier initialize]	0xe	1	0	0	0
914	0x50f8010	_ref_gate	0xe	12	0	0	0
915	0x5041950	-[NXInvalidationNotifier init]	0xe	1	0	0	0
916	0x5041974	-[NXInvalidationNotifier copy]	0xe	1	0	0	0
917	0x50419c8	-[NXInvalidationNotifier references]	0xe	1	0	0	0
918	0x50419d8	-[NXInvalidationNotifier addReference]	0xe	1	0	0	0
919	0x5041a34	-[NXInvalidationNotifier invalidate]	0xe	1	0	0	0
920	0x5041ae4	-[NXInvalidationNotifier isValid]	0xe	1	0	0	0
921	0x5041af4	-[NXInvalidationNotifier registerForInvalidationNotification:]	0xe	1	0	0	0
922	0x5041c54	-[NXInvalidationNotifier unregisterForInvalidationNotification:]	0xe	1	0	0	0
923	0x5041cc8	-[NXInvalidationNotifier free]	0xe	1	0	0	0
924	0x5041d80	-[NXInvalidationNotifier deallocate]	0xe	1	0	0	0
925	0x5041de0	-[NXSpinLock init]	0xe	1	0	0	0
926	0x5041e38	-[NXSpinLock free]	0xe	1	0	0	0
927	0x5041e84	-[NXSpinLock lock]	0xe	1	0	0	0
928	0x5041eb0	-[NXSpinLock unlock]	0xe	1	0	0	0
929	0x5041ec4	-[NXConditionLock init]	0xe	1	0	0	0
930	0x5041f2c	-[NXConditionLock initWith:]	0xe	1	0	0	0
931	0x5041f60	-[NXConditionLock condition]	0xe	1	0	0	0
932	0x5041f74	-[NXConditionLock free]	0xe	1	0	0	0
933	0x5041fe0	-[NXConditionLock lock]	0xe	1	0	0	0
934	0x5042038	-[NXConditionLock unlock]	0xe	1	0	0	0
935	0x5042084	-[NXConditionLock lockWhen:]	0xe	1	0	0	0
936	0x50420ec	-[NXConditionLock unlockWith:]	0xe	1	0	0	0
937	0x504213c	-[NXLock init]	0xe	1	0	0	0
938	0x50421a0	-[NXLock free]	0xe	1	0	0	0
939	0x504220c	-[NXLock lock]	0xe	1	0	0	0
940	0x5042264	-[NXLock unlock]	0xe	1	0	0	0
941	0x50422b0	-[NXRecursiveLock init]	0xe	1	0	0	0
942	0x5042318	-[NXRecursiveLock free]	0xe	1	0	0	0
943	0x5042384	-[NXRecursiveLock lock]	0xe	1	0	0	0
944	0x50423f8	-[NXRecursiveLock unlock]	0xe	1	0	0	0
945	0x50f4bbc	_signaturePort	0xe	7	0	0	0
946	0x5042458	+[NXNetNameServer initialize]	0xe	1	0	0	0
947	0x5042498	+[NXNetNameServer checkInPort:withName:]	0xe	1	0	0	0
948	0x5042510	+[NXNetNameServer checkOutPortWithName:]	0xe	1	0	0	0
949	0x504256c	+[NXNetNameServer lookUpPortWithName:]	0xe	1	0	0	0
950	0x50425a8	+[NXNetNameServer lookUpPortWithName:onHost:]	0xe	1	0	0	0
951	0x50f4bc0	_all_ports_gate	0xe	7	0	0	0
952	0x50f4bc4	_all_ports	0xe	7	0	0	0
953	0x5042620	_hash_port	0xe	1	0	0	0
954	0x5042628	_isEqual_port	0xe	1	0	0	0
955	0x50f4bc8	_Proto_port	0xe	7	0	0	0
956	0x5042640	+[NXPort initialize]	0xe	1	0	0	0
957	0x50426dc	+[NXPort new]	0xe	1	0	0	0
958	0x50427b4	+[NXPort newFromMachPort:]	0xe	1	0	0	0
959	0x50427e8	+[NXPort newFromMachPort:dealloc:]	0xe	1	0	0	0
960	0x50428d4	-[NXPort machPort]	0xe	1	0	0	0
961	0x5042918	-[NXPort free]	0xe	1	0	0	0
962	0x5042a38	-[NXPort hash]	0xe	1	0	0	0
963	0x50f4bd8	_serverNotifyPort	0xe	7	0	0	0
964	0x5042a48	_send_death	0xe	1	0	0	0
965	0x5042b18	+[NXPort worryAboutPortInvalidation]	0xe	1	0	0	0
966	0x5042bb4	-[NXPort encodeRemotelyFor:freeAfterEncoding:isBycopy:]	0xe	1	0	0	0
967	0x5042bc0	-[NXPort encodeUsing:]	0xe	1	0	0	0
968	0x5042bf0	-[NXPort decodeUsing:]	0xe	1	0	0	0
969	0x5042c48	-[NXPort setEnableProc:]	0xe	1	0	0	0
970	0x5042c8c	-[NXPort setEnableProc:data:]	0xe	1	0	0	0
971	0x5042ccc	-[NXPort enableProc]	0xe	1	0	0	0
972	0x5042cdc	-[NXPort enableExternal]	0xe	1	0	0	0
973	0x5042d20	-[NXPort disableExternal]	0xe	1	0	0	0
974	0x5042d64	-[NXProtocolChecker initWithObject:forProtocol:]	0xe	1	0	0	0
975	0x5042dc8	-[NXProtocolChecker forward::]	0xe	1	0	0	0
976	0x5042e68	-[NXProtocolChecker descriptionForMethod:]	0xe	1	0	0	0
977	0x5042edc	-[NXProtocolChecker conformsTo:]	0xe	1	0	0	0
978	0x5042f14	-[NXProtocolChecker free]	0xe	1	0	0	0
979	0x50f4bdc	_atexit_list	0xe	7	0	0	0
980	0x50430bc	_s	0xe	1	0	0	0
981	0x50f4be0	_CurrencyDefaults	0xe	7	0	0	0
982	0x50434b4	__NXGetLocalizedDefault	0xe	1	0	0	0
983	0x50f78d0	_C_lconv	0xe	11	0	0	0
984	0x50f4c00	_appName	0xe	7	0	0	0
985	0x50435ac	_parseToken	0xe	1	0	0	0
986	0x5043648	_parseNumber	0xe	1	0	0	0
987	0x5043680	_parseGrouping	0xe	1	0	0	0
988	0x50f8014	__lconv	0xe	12	0	0	0
989	0x50f4c04	_currentLocale	0xe	7	0	0	0
990	0x50f4c08	_letter.2	0xe	7	0	0	0
991	0x50f8044	_tmpfilename.3	0xe	12	0	0	0
992	0x50f4c0c	_DateTimeDefaults	0xe	7	0	0	0
993	0x50f4c54	__ShortDays	0xe	7	0	0	0
994	0x50f4c70	__LongDays	0xe	7	0	0	0
995	0x50f4c8c	__ShortMonths	0xe	7	0	0	0
996	0x50f4cbc	__LongMonths	0xe	7	0	0	0
997	0x50f4cec	__AmPm	0xe	7	0	0	0
998	0x50f4cf4	__DateAndTime	0xe	7	0	0	0
999	0x50f4cf8	__Date	0xe	7	0	0	0
1000	0x50f4cfc	__Time	0xe	7	0	0	0
1001	0x50445d4	_LookupString	0xe	1	0	0	0
1002	0x50ebdd8	_INFINITY	0xe	4	0	0	0
1003	0x50ebde0	_NAN	0xe	4	0	0	0
1004	0x50ebde8	_SNAN	0xe	4	0	0	0
1005	0x50ebdf0	_power_of_10	0xe	4	0	0	0
1006	0x50ebe38	_inverse_power_of_10	0xe	4	0	0	0
1007	0x5044de4	_scale_by_power_of_10	0xe	1	0	0	0
1008	0x50453a4	cmpeq	0xe	1	0	0	0
1009	0x504537c	cmpbyt	0xe	1	0	0	0
1010	0x504540c	iss2	0xe	1	0	0	0
1011	0x5045334	algn2	0xe	1	0	0	0
1012	0x504530c	algn1	0xe	1	0	0	0
1013	0x5045370	algn3	0xe	1	0	0	0
1014	0x5045404	noteq	0xe	1	0	0	0
1015	0x504539c	bytcmp	0xe	1	0	0	0
1016	0x50453ac	noteq_word	0xe	1	0	0	0
1017	0x50454f8	w4cmp	0xe	1	0	0	0
1018	0x50454b4	w2cmp	0xe	1	0	0	0
1019	0x5045424	w3cmp	0xe	1	0	0	0
1020	0x504546c	w1cmp	0xe	1	0	0	0
1021	0x5045698	dbytecp	0xe	1	0	0	0
1022	0x5045580	aldst	0xe	1	0	0	0
1023	0x5045564	s2algn	0xe	1	0	0	0
1024	0x5045544	s1algn	0xe	1	0	0	0
1025	0x5045584	ald	0xe	1	0	0	0
1026	0x5045674	w4cp	0xe	1	0	0	0
1027	0x5045628	w2cp	0xe	1	0	0	0
1028	0x5045594	w3cp	0xe	1	0	0	0
1029	0x50455e4	w1cp	0xe	1	0	0	0
1030	0x5045874	ovbc	0xe	1	0	0	0
1031	0x5045850	dbytecp	0xe	1	0	0	0
1032	0x5045738	aldst	0xe	1	0	0	0
1033	0x504571c	s2algn	0xe	1	0	0	0
1034	0x50456fc	s1algn	0xe	1	0	0	0
1035	0x504573c	ald	0xe	1	0	0	0
1036	0x504582c	w4cp	0xe	1	0	0	0
1037	0x50457e0	w2cp	0xe	1	0	0	0
1038	0x504574c	w3cp	0xe	1	0	0	0
1039	0x504579c	w1cp	0xe	1	0	0	0
1040	0x50458ec	wrchar	0xe	1	0	0	0
1041	0x50458a8	walign	0xe	1	0	0	0
1042	0x50458c4	wrword	0xe	1	0	0	0
1043	0x50f4d00	_place.2	0xe	7	0	0	0
1044	0x50f4d14	_scanpoint	0xe	7	0	0	0
1045	0x50f8054	_lasts.2	0xe	12	0	0	0
1046	0x50f8058	_origS.3	0xe	12	0	0	0
1047	0x50f805c	_pwf.2	0xe	12	0	0	0
1048	0x50f4d18	_randx	0xe	7	0	0	0
1049	0x5046694	_scale60	0xe	1	0	0	0
1050	0x50467c0	_getvtimes	0xe	1	0	0	0
1051	0x5046854	_scale60	0xe	1	0	0	0
1052	0x50f4d1c	_g_desfd	0xe	7	0	0	0
1053	0x5046958	_common_crypt	0xe	1	0	0	0
1054	0x50ebe80	_PC1_C	0xe	4	0	0	0
1055	0x50ebeb8	_PC1_D	0xe	4	0	0	0
1056	0x50ebef0	_shifts	0xe	4	0	0	0
1057	0x50ebf00	_PC2_C	0xe	4	0	0	0
1058	0x50ebf18	_PC2_D	0xe	4	0	0	0
1059	0x50ebf30	_IPtab	0xe	4	0	0	0
1060	0x50ebfb0	_FPtab	0xe	4	0	0	0
1061	0x50ec030	_longtab	0xe	4	0	0	0
1062	0x50ec0b0	_R_to_ER_tab	0xe	4	0	0	0
1063	0x50ee0b0	_S_tab	0xe	4	0	0	0
1064	0x50ee8b0	_P_tab	0xe	4	0	0	0
1065	0x50ef8b0	_partab	0xe	4	0	0	0
1066	0x5046bc4	_des_setkey	0xe	1	0	0	0
1067	0x5046df0	_des_encrypt	0xe	1	0	0	0
1068	0x50472e8	_do_F	0xe	1	0	0	0
1069	0x50474c4	_cipher	0xe	1	0	0	0
1070	0x50474e4	_secs_to_packed_nsecs	0xe	1	0	0	0
1071	0x504758c	_packed_nsecs_to_secs	0xe	1	0	0	0
1072	0x50475e0	__NXGetEventPort	0xe	1	0	0	0
1073	0x50ef930	_event_portType.12	0xe	4	0	0	0
1074	0x50ef934	_RetCodeCheck.13	0xe	4	0	0	0
1075	0x50ef938	_event_portType.16	0xe	4	0	0	0
1076	0x50ef93c	_RetCodeCheck.17	0xe	4	0	0	0
1077	0x50ef940	_event_portType.20	0xe	4	0	0	0
1078	0x50ef944	_taskType.21	0xe	4	0	0	0
1079	0x50ef948	_sizeType.22	0xe	4	0	0	0
1080	0x50ef94c	_RetCodeCheck.23	0xe	4	0	0	0
1081	0x50ef950	_addrCheck.24	0xe	4	0	0	0
1082	0x50ef954	_event_portType.27	0xe	4	0	0	0
1083	0x50ef958	_nameType.28	0xe	4	0	0	0
1084	0x50ef95c	_classType.29	0xe	4	0	0	0
1085	0x50ef960	_RetCodeCheck.30	0xe	4	0	0	0
1086	0x50ef964	_nameDevicePortCheck.31	0xe	4	0	0	0
1087	0x50ef968	_special_keyType.34	0xe	4	0	0	0
1088	0x50ef96c	_key_portType.35	0xe	4	0	0	0
1089	0x50ef970	_RetCodeCheck.36	0xe	4	0	0	0
1090	0x50ef974	_unitType.39	0xe	4	0	0	0
1091	0x50ef978	_parameterNameType.40	0xe	4	0	0	0
1092	0x50ef97c	_maxCountType.41	0xe	4	0	0	0
1093	0x50ef980	_RetCodeCheck.42	0xe	4	0	0	0
1094	0x50ef984	_unitType.45	0xe	4	0	0	0
1095	0x50ef988	_parameterNameType.46	0xe	4	0	0	0
1096	0x50ef98c	_maxCountType.47	0xe	4	0	0	0
1097	0x50ef990	_RetCodeCheck.48	0xe	4	0	0	0
1098	0x50ef994	_unitType.51	0xe	4	0	0	0
1099	0x50ef998	_parameterNameType.52	0xe	4	0	0	0
1100	0x50ef99c	_parameterArrayType.53	0xe	4	0	0	0
1101	0x50ef9a0	_RetCodeCheck.54	0xe	4	0	0	0
1102	0x50ef9a4	_unitType.57	0xe	4	0	0	0
1103	0x50ef9a8	_parameterNameType.58	0xe	4	0	0	0
1104	0x50ef9ac	_parameterArrayType.59	0xe	4	0	0	0
1105	0x50ef9b8	_RetCodeCheck.60	0xe	4	0	0	0
1106	0x50ef9c0	_IP	0xe	4	0	0	0
1107	0x50efa00	_FP	0xe	4	0	0	0
1108	0x50efa40	_PC1_C	0xe	4	0	0	0
1109	0x50efa60	_PC1_D	0xe	4	0	0	0
1110	0x50efa80	_shifts	0xe	4	0	0	0
1111	0x50efa90	_PC2_C	0xe	4	0	0	0
1112	0x50efaa8	_PC2_D	0xe	4	0	0	0
1113	0x50f4d20	_cryptglobalsp.2	0xe	7	0	0	0
1114	0x5049894	_getcryptglobalsp	0xe	1	0	0	0
1115	0x50efac0	_e	0xe	4	0	0	0
1116	0x50efaf0	_S	0xe	4	0	0	0
1117	0x50efcf0	_P	0xe	4	0	0	0
1118	0x50f4d28	_iobuf.9	0xe	7	0	0	0
1119	0x50efd10	_wday_name.10	0xe	4	0	0	0
1120	0x50efd25	_mon_name.11	0xe	4	0	0	0
1121	0x50f4d38	_result.12	0xe	7	0	0	0
1122	0x50f4d54	_ctimeglobalsp.15	0xe	7	0	0	0
1123	0x504a110	_getctimeglobalsp	0xe	1	0	0	0
1124	0x504a164	_detzcode	0xe	1	0	0	0
1125	0x504a190	_tzload	0xe	1	0	0	0
1126	0x504a668	_tzsetkernel	0xe	1	0	0	0
1127	0x504a708	_tzsetgmt	0xe	1	0	0	0
1128	0x50efd4c	_mon_lengths	0xe	4	0	0	0
1129	0x50efdac	_year_lengths	0xe	4	0	0	0
1130	0x50f4d58	_tm.34	0xe	7	0	0	0
1131	0x504ac98	_offtime	0xe	1	0	0	0
1132	0x50efdb8	_GMT	0xe	4	0	0	0
1133	0x50efec8	__ctype_padding	0xe	4	0	0	0
1134	0x50f8060	_stuff.8	0xe	12	0	0	0
1135	0x50f8068	_dev_name	0xe	12	0	0	0
1136	0x504b480	_dgetent	0xe	1	0	0	0
1137	0x50f8080	_tbuf	0xe	12	0	0	0
1138	0x504b59c	_dnamatch	0xe	1	0	0	0
1139	0x504b70c	_dskip	0xe	1	0	0	0
1140	0x504b754	_dgetnum	0xe	1	0	0	0
1141	0x504b868	_dgetflag	0xe	1	0	0	0
1142	0x504b908	_dgetstr	0xe	1	0	0	0
1143	0x504b9a8	_ddecode	0xe	1	0	0	0
1144	0x50f8064	_label.25	0xe	12	0	0	0
1145	0x50f0788	_shell	0xe	4	0	0	0
1146	0x504bde0	_execat	0xe	1	0	0	0
1147	0x50f0790	_TMPFILE	0xe	4	0	0	0
1148	0x50f4d8c	_line.6	0xe	7	0	0	0
1149	0x50f8084	_xent.7	0xe	12	0	0	0
1150	0x50f4d90	_tokenbuf.14	0xe	7	0	0	0
1151	0x504c424	_skipwhite	0xe	1	0	0	0
1152	0x504c46c	_skipnonwhite	0xe	1	0	0	0
1153	0x50f4d98	_EMPTY	0xe	7	0	0	0
1154	0x504c4b0	_striphash_fgets	0xe	1	0	0	0
1155	0x504c530	_pwskip	0xe	1	0	0	0
1156	0x50f808c	_pwp.8	0xe	12	0	0	0
1157	0x50f8090	_line.9	0xe	12	0	0	0
1158	0x504c5a0	_interpret	0xe	1	0	0	0
1159	0x504c910	_fstabscan	0xe	1	0	0	0
1160	0x50f8098	_fs_file	0xe	12	0	0	0
1161	0x50f8094	_pfs	0xe	12	0	0	0
1162	0x50f4d9c	_environ_pointer.78	0xe	7	0	0	0
1163	0x504cd6c	_nvmatch	0xe	1	0	0	0
1164	0x50f07a0	_GROUP	0xe	4	0	0	0
1165	0x50f4da0	_firsttime	0xe	7	0	0	0
1166	0x504cde4	_striphash_fgets	0xe	1	0	0	0
1167	0x50f80a4	__grjunk	0xe	12	0	0	0
1168	0x50f80a8	_usingyellow	0xe	12	0	0	0
1169	0x504d1e0	_grskip	0xe	1	0	0	0
1170	0x50f809c	_savegp.18	0xe	12	0	0	0
1171	0x504d4a4	_interpret	0xe	1	0	0	0
1172	0x504d5d4	_freeminuslist	0xe	1	0	0	0
1173	0x504d638	_interpretwithsave	0xe	1	0	0	0
1174	0x504d6c0	_onminuslist	0xe	1	0	0	0
1175	0x504d730	_getnextfromyellow	0xe	1	0	0	0
1176	0x504d7c8	_getfirstfromyellow	0xe	1	0	0	0
1177	0x504d850	_getnamefromyellow	0xe	1	0	0	0
1178	0x504d920	_addtominuslist	0xe	1	0	0	0
1179	0x50f80a0	_sv.39	0xe	12	0	0	0
1180	0x504d988	_save	0xe	1	0	0	0
1181	0x504db28	_matchname	0xe	1	0	0	0
1182	0x504dc48	_matchgid	0xe	1	0	0	0
1183	0x504dd58	_gidof	0xe	1	0	0	0
1184	0x504ddac	_getgidfromyellow	0xe	1	0	0	0
1185	0x50f07b0	_UTMP	0xe	4	0	0	0
1186	0x50f80ac	_ubuf	0xe	12	0	0	0
1187	0x50f80d0	_pbuf.2	0xe	12	0	0	0
1188	0x50f4da8	_EMPTY	0xe	7	0	0	0
1189	0x504e170	_striphash_fgets	0xe	1	0	0	0
1190	0x504e1ac	__pwjunk	0xe	1	0	0	0
1191	0x50f8108	___pwjunk	0xe	12	0	0	0
1192	0x50f80dc	_passwd.6	0xe	12	0	0	0
1193	0x504e220	_fetchpw	0xe	1	0	0	0
1194	0x50f810c	__pw_db	0xe	12	0	0	0
1195	0x50f8110	__pw_stayopen	0xe	12	0	0	0
1196	0x504e9cc	_pwskip	0xe	1	0	0	0
1197	0x50f8100	_savepw.21	0xe	12	0	0	0
1198	0x504ed90	_matchname	0xe	1	0	0	0
1199	0x504ef14	_matchuid	0xe	1	0	0	0
1200	0x504f0dc	_uidof	0xe	1	0	0	0
1201	0x504f120	_getnextfromyellow	0xe	1	0	0	0
1202	0x504f1b4	_getfirstfromyellow	0xe	1	0	0	0
1203	0x504f238	_getnamefromyellow	0xe	1	0	0	0
1204	0x504f344	_getuidfromyellow	0xe	1	0	0	0
1205	0x504f468	_interpretwithsave	0xe	1	0	0	0
1206	0x504f510	_interpret	0xe	1	0	0	0
1207	0x504f69c	_freeminuslist	0xe	1	0	0	0
1208	0x504f6f0	_addtominuslist	0xe	1	0	0	0
1209	0x50f8104	_sv.46	0xe	12	0	0	0
1210	0x504f748	_save	0xe	1	0	0	0
1211	0x504f88c	_onminuslist	0xe	1	0	0	0
1212	0x50f4dac	___ttyjunk	0xe	7	0	0	0
1213	0x504f8ec	__ttyjunk	0xe	1	0	0	0
1214	0x504f9e8	_skip	0xe	1	0	0	0
1215	0x504fb08	_value	0xe	1	0	0	0
1216	0x50f4db0	_okshells	0xe	7	0	0	0
1217	0x50f4dbc	_strings	0xe	7	0	0	0
1218	0x50f8118	_curshell	0xe	12	0	0	0
1219	0x50f8114	_shells	0xe	12	0	0	0
1220	0x504ff1c	_initshells	0xe	1	0	0	0
1221	0x50f4dc0	_pathsize	0xe	7	0	0	0
1222	0x50f4dc4	_cachedName.8	0xe	7	0	0	0
1223	0x5050284	_real_getwd	0xe	1	0	0	0
1224	0x5050508	_prepend	0xe	1	0	0	0
1225	0x50f4dc8	_rld_get_loaded_state	0xe	7	0	0	0
1226	0x50f4dcc	_profiling	0xe	7	0	0	0
1227	0x50f4dcd	_init	0xe	7	0	0	0
1228	0x50f4dd0	_order	0xe	7	0	0	0
1229	0x50f4dd4	_mon	0xe	7	0	0	0
1230	0x50f4dd8	_nmon	0xe	7	0	0	0
1231	0x505092c	_monsetup	0xe	1	0	0	0
1232	0x50f4de0	_malloc_static	0xe	7	0	0	0
1233	0x50f4e0c	_MallocErrorFunc	0xe	7	0	0	0
1234	0x5058cb4	_DefaultMallocError	0xe	1	0	0	0
1235	0x50544c8	_malloc_check	0xe	1	0	0	0
1236	0x50544f8	_errmessage	0xe	1	0	0	0
1237	0x505451c	_stdmessage	0xe	1	0	0	0
1238	0x505458c	_heapadd	0xe	1	0	0	0
1239	0x50545c4	_heapremove	0xe	1	0	0	0
1240	0x5054688	_upheap	0xe	1	0	0	0
1241	0x5054738	_downheap	0xe	1	0	0	0
1242	0x5054808	_malloc_init	0xe	1	0	0	0
1243	0x50549f8	_nxdestroyzone	0xe	1	0	0	0
1244	0x5054f14	_joinzonesnolock	0xe	1	0	0	0
1245	0x5055208	_newzonedatanolock	0xe	1	0	0	0
1246	0x5055580	_keepzonenolock	0xe	1	0	0	0
1247	0x50558ac	_dolockordebug	0xe	1	0	0	0
1248	0x5055a00	__valloczonenolock	0xe	1	0	0	0
1249	0x5055a90	_break_region	0xe	1	0	0	0
1250	0x5055b24	_newregionnolock	0xe	1	0	0	0
1251	0x5055b78	_checkregionsallocation	0xe	1	0	0	0
1252	0x5055c48	_delregionnolock	0xe	1	0	0	0
1253	0x5055d04	_delzonenolock	0xe	1	0	0	0
1254	0x5055df4	_addregionnolock	0xe	1	0	0	0
1255	0x5055fc0	_findregionnolock	0xe	1	0	0	0
1256	0x50561dc	_nxzonemalloc	0xe	1	0	0	0
1257	0x5056278	_mallocnofree	0xe	1	0	0	0
1258	0x50562d8	_nxzonemallocnolock	0xe	1	0	0	0
1259	0x505654c	_mallocnofreenolock	0xe	1	0	0	0
1260	0x5056654	_morememnolock	0xe	1	0	0	0
1261	0x5056808	_internal_zone_extend	0xe	1	0	0	0
1262	0x5056b34	_nxzonerealloc	0xe	1	0	0	0
1263	0x5056bd4	_nxzonereallocnolock	0xe	1	0	0	0
1264	0x5056e0c	_NXZoneRealloc_canyou	0xe	1	0	0	0
1265	0x5057038	_nxzonefree	0xe	1	0	0	0
1266	0x5057128	_nxzonefreenolock	0xe	1	0	0	0
1267	0x505788c	_checkfreearrayallocation	0xe	1	0	0	0
1268	0x505792c	_dumpheap	0xe	1	0	0	0
1269	0x5057a8c	_checkheap	0xe	1	0	0	0
1270	0x5057b78	_malloc_checkfreeheaps	0xe	1	0	0	0
1271	0x5057df4	_malloc_checkzones	0xe	1	0	0	0
1272	0x50586c8	_vallocnolock	0xe	1	0	0	0
1273	0x5058a94	_isMallocData	0xe	1	0	0	0
1274	0x5058b78	_vfreenolock	0xe	1	0	0	0
1275	0x50f4e10	_MallocErrorMessages.126	0xe	7	0	0	0
1276	0x50f4e4c	_mntp	0xe	7	0	0	0
1277	0x505922c	_mntstr	0xe	1	0	0	0
1278	0x505933c	_mntdigit	0xe	1	0	0	0
1279	0x50f4e50	_line.8	0xe	7	0	0	0
1280	0x5059484	_mnttabscan	0xe	1	0	0	0
1281	0x5059760	_mntopt	0xe	1	0	0	0
1282	0x5059890	_mntprtent	0xe	1	0	0	0
1283	0x505a0bc	_dbm_access	0xe	1	0	0	0
1284	0x505a160	_getbit	0xe	1	0	0	0
1285	0x505a23c	_setbit	0xe	1	0	0	0
1286	0x505a358	_makdatum	0xe	1	0	0	0
1287	0x505a3cc	_finddatum	0xe	1	0	0	0
1288	0x50f4e54	_hitab	0xe	7	0	0	0
1289	0x50f07bc	_hltab	0xe	4	0	0	0
1290	0x505a44c	_hashinc	0xe	1	0	0	0
1291	0x505a488	_dcalchash	0xe	1	0	0	0
1292	0x505a518	_delitem	0xe	1	0	0	0
1293	0x505a5f8	_additem	0xe	1	0	0	0
1294	0x50f4e94	_popen_pid	0xe	7	0	0	0
1295	0x50f4e98	_nfiles	0xe	7	0	0	0
1296	0x505b340	_qst	0xe	1	0	0	0
1297	0x50f4e9c	_degrees	0xe	7	0	0	0
1298	0x50f4eb0	_seps	0xe	7	0	0	0
1299	0x50f4ec4	_randtbl	0xe	7	0	0	0
1300	0x50f4f44	_fptr	0xe	7	0	0	0
1301	0x50f4f48	_rptr	0xe	7	0	0	0
1302	0x50f4f4c	_state	0xe	7	0	0	0
1303	0x50f4f50	_rand_type	0xe	7	0	0	0
1304	0x50f4f54	_rand_deg	0xe	7	0	0	0
1305	0x50f4f58	_rand_sep	0xe	7	0	0	0
1306	0x50f4f5c	_end_ptr	0xe	7	0	0	0
1307	0x505bc68	_resolvelinks	0xe	1	0	0	0
1308	0x505bf24	_resolvedots	0xe	1	0	0	0
1309	0x505c25c	_re_alloc	0xe	1	0	0	0
1310	0x50f4f60	_retoolong.6	0xe	7	0	0	0
1311	0x50f821c	_R	0xe	12	0	0	0
1312	0x505c878	_advance	0xe	1	0	0	0
1313	0x50f811c	_prev.21	0xe	12	0	0	0
1314	0x50f4f64	_mask.2	0xe	7	0	0	0
1315	0x50f4fe4	_flags.3	0xe	7	0	0	0
1316	0x505cfec	_signal__	0xe	1	0	0	0
1317	0x505d17c	_msleep	0xe	1	0	0	0
1318	0x50f0b18	_charmap	0xe	4	0	0	0
1319	0x50f0c18	_logname	0xe	4	0	0	0
1320	0x50f0c28	_ctty	0xe	4	0	0	0
1321	0x50f5064	_LogFile	0xe	7	0	0	0
1322	0x50f5068	_LogStat	0xe	7	0	0	0
1323	0x50f506c	_LogTag	0xe	7	0	0	0
1324	0x50f5070	_LogMask	0xe	7	0	0	0
1325	0x50f5074	_LogFacility	0xe	7	0	0	0
1326	0x50f5078	_SyslogAddr	0xe	7	0	0	0
1327	0x505d594	__do_syslog	0xe	1	0	0	0
1328	0x50f8470	_czone	0xe	12	0	0	0
1329	0x50f7adc	_zonetab	0xe	11	0	0	0
1330	0x50f0c38	_dev	0xe	4	0	0	0
1331	0x50f84a2	_rbuf.8	0xe	12	0	0	0
1332	0x50f84c4	_ringring	0xe	12	0	0	0
1333	0x505e56c	_sleepx	0xe	1	0	0	0
1334	0x50f5090	_buf.6	0xe	7	0	0	0
1335	0x505e5fc	_cvt	0xe	1	0	0	0
1336	0x50f51f0	_L	0xe	7	0	0	0
1337	0x50f51f8	_ecvt_init	0xe	7	0	0	0
1338	0x505ea1c	_ecvt_rint	0xe	1	0	0	0
1339	0x505eb24	_ecvt_copysign	0xe	1	0	0	0
1340	0x50f5200	_sccsid	0xe	7	0	0	0
1341	0x50f0c40	_mcount_hack	0xe	4	0	0	0
1342	0x50f521c	_monfunc_addrs	0xe	7	0	0	0
1343	0x505ef44	cmpbyt	0xe	1	0	0	0
1344	0x505ef7c	iss2	0xe	1	0	0	0
1345	0x505ef04	algn2	0xe	1	0	0	0
1346	0x505eedc	algn1	0xe	1	0	0	0
1347	0x505ef38	algn3	0xe	1	0	0	0
1348	0x505ef74	noteq	0xe	1	0	0	0
1349	0x505ef64	bytcmp	0xe	1	0	0	0
1350	0x505ef6c	cmpeq	0xe	1	0	0	0
1351	0x505f068	w4cmp	0xe	1	0	0	0
1352	0x505f024	w2cmp	0xe	1	0	0	0
1353	0x505ef94	w3cmp	0xe	1	0	0	0
1354	0x505efdc	w1cmp	0xe	1	0	0	0
1355	0x505f248	ovbc	0xe	1	0	0	0
1356	0x505f224	dbytecp	0xe	1	0	0	0
1357	0x505f10c	aldst	0xe	1	0	0	0
1358	0x505f0f0	s2algn	0xe	1	0	0	0
1359	0x505f0d0	s1algn	0xe	1	0	0	0
1360	0x505f110	ald	0xe	1	0	0	0
1361	0x505f200	w4cp	0xe	1	0	0	0
1362	0x505f1b4	w2cp	0xe	1	0	0	0
1363	0x505f120	w3cp	0xe	1	0	0	0
1364	0x505f170	w1cp	0xe	1	0	0	0
1365	0x505f2b8	zchar	0xe	1	0	0	0
1366	0x505f29c	zword	0xe	1	0	0	0
1367	0x505f2cc	zout	0xe	1	0	0	0
1368	0x0	JB_ONSTACK	0x2	0	0	0	0
1369	0x4	JB_MASK	0x2	0	0	0	0
1370	0x8	JB_SP	0x2	0	0	0	0
1371	0xc	JB_PC	0x2	0	0	0	0
1372	0x10	JB_NPC	0x2	0	0	0	0
1373	0x14	JB_PSR	0x2	0	0	0	0
1374	0x18	JB_G1	0x2	0	0	0	0
1375	0x1c	JB_O0	0x2	0	0	0	0
1376	0x20	JB_WBCNT	0x2	0	0	0	0
1377	0x24	JB_L0	0x2	0	0	0	0
1378	0x28	JB_L1	0x2	0	0	0	0
1379	0x2c	JB_L2	0x2	0	0	0	0
1380	0x30	JB_L3	0x2	0	0	0	0
1381	0x34	JB_L4	0x2	0	0	0	0
1382	0x38	JB_L5	0x2	0	0	0	0
1383	0x3c	JB_L6	0x2	0	0	0	0
1384	0x40	JB_L7	0x2	0	0	0	0
1385	0x44	JB_I0	0x2	0	0	0	0
1386	0x48	JB_I1	0x2	0	0	0	0
1387	0x4c	JB_I2	0x2	0	0	0	0
1388	0x54	JB_I3	0x2	0	0	0	0
1389	0x58	JB_I4	0x2	0	0	0	0
1390	0x5c	JB_I5	0x2	0	0	0	0
1391	0x60	JB_I6	0x2	0	0	0	0
1392	0x64	JB_I7	0x2	0	0	0	0
1393	0x68	JB_RETVAL	0x2	0	0	0	0
1394	0x6c	JB_RETADDR	0x2	0	0	0	0
1395	0x0	SS_SP	0x2	0	0	0	0
1396	0x4	SS_ONSTACK	0x2	0	0	0	0
1397	0x8	SIGSTACKSIZE	0x2	0	0	0	0
1398	0x505f3d8	longjmptramp	0xe	1	0	0	0
1399	0x505f4b0	iss2	0xe	1	0	0	0
1400	0x505f794	noteqb	0xe	1	0	0	0
1401	0x505f730	doneq	0xe	1	0	0	0
1402	0x505f6c8	w4cmp	0xe	1	0	0	0
1403	0x505f628	w2cmp	0xe	1	0	0	0
1404	0x505f4dc	w3cmp	0xe	1	0	0	0
1405	0x505f580	w1cmp	0xe	1	0	0	0
1406	0x505f738	noteq	0xe	1	0	0	0
1407	0x505f828	aldest	0xe	1	0	0	0
1408	0x505f7ec	s2algn	0xe	1	0	0	0
1409	0x505f81c	s3algn	0xe	1	0	0	0
1410	0x505f7e0	s1algn	0xe	1	0	0	0
1411	0x505fb48	done	0xe	1	0	0	0
1412	0x505faf4	w4str	0xe	1	0	0	0
1413	0x505fa28	w2str	0xe	1	0	0	0
1414	0x505f858	w1str	0xe	1	0	0	0
1415	0x505f948	w3str	0xe	1	0	0	0
1416	0x505fb50	done1	0xe	1	0	0	0
1417	0x505f934	w1done2	0xe	1	0	0	0
1418	0x505f92c	w1done3	0xe	1	0	0	0
1419	0x505f928	w1done4	0xe	1	0	0	0
1420	0x505fb80	r2don2	0xe	1	0	0	0
1421	0x505fb90	r2don3	0xe	1	0	0	0
1422	0x505fa18	w2done4	0xe	1	0	0	0
1423	0x505fb5c	done2	0xe	1	0	0	0
1424	0x505fb6c	done3	0xe	1	0	0	0
1425	0x505fc14	nowalgnd	0xe	1	0	0	0
1426	0x505fbdc	s2algn	0xe	1	0	0	0
1427	0x505fc08	s3algn	0xe	1	0	0	0
1428	0x505fbd0	s1algn	0xe	1	0	0	0
1429	0x505fc54	done	0xe	1	0	0	0
1430	0x505fc68	done1	0xe	1	0	0	0
1431	0x505fc7c	done2	0xe	1	0	0	0
1432	0x505fc8c	done3	0xe	1	0	0	0
1433	0x505ffd8	cmp_bytes	0xe	1	0	0	0
1434	0x505fce4	iss2	0xe	1	0	0	0
1435	0x505ff58	doneq	0xe	1	0	0	0
1436	0x505ffbc	noteqb	0xe	1	0	0	0
1437	0x505fee4	w4cmp	0xe	1	0	0	0
1438	0x505fe4c	w2cmp	0xe	1	0	0	0
1439	0x505fd10	w3cmp	0xe	1	0	0	0
1440	0x505fdac	w1cmp	0xe	1	0	0	0
1441	0x505ff60	noteq	0xe	1	0	0	0
1442	0x5060658	pad_trunc	0xe	1	0	0	0
1443	0x5060098	aldest	0xe	1	0	0	0
1444	0x5060050	s2algn	0xe	1	0	0	0
1445	0x506008c	s3algn	0xe	1	0	0	0
1446	0x5060044	s1algn	0xe	1	0	0	0
1447	0x506067c	pad_null	0xe	1	0	0	0
1448	0x50605b0	w4str	0xe	1	0	0	0
1449	0x5060418	w2str	0xe	1	0	0	0
1450	0x50600c8	w1str	0xe	1	0	0	0
1451	0x506025c	w3str	0xe	1	0	0	0
1452	0x50604b4	loop2	0xe	1	0	0	0
1453	0x5060650	done	0xe	1	0	0	0
1454	0x5060770	umul_4bit	0xe	1	0	0	0
1455	0x50607ac	umul_8bit	0xe	1	0	0	0
1456	0x50607f4	umul_12bit	0xe	1	0	0	0
1457	0x506084c	umul_16bit	0xe	1	0	0	0
1458	0x0	JB_ONSTACK	0x2	0	0	0	0
1459	0x4	JB_MASK	0x2	0	0	0	0
1460	0x8	JB_SP	0x2	0	0	0	0
1461	0xc	JB_PC	0x2	0	0	0	0
1462	0x10	JB_NPC	0x2	0	0	0	0
1463	0x14	JB_PSR	0x2	0	0	0	0
1464	0x18	JB_G1	0x2	0	0	0	0
1465	0x1c	JB_O0	0x2	0	0	0	0
1466	0x20	JB_WBCNT	0x2	0	0	0	0
1467	0x24	JB_L0	0x2	0	0	0	0
1468	0x28	JB_L1	0x2	0	0	0	0
1469	0x2c	JB_L2	0x2	0	0	0	0
1470	0x30	JB_L3	0x2	0	0	0	0
1471	0x34	JB_L4	0x2	0	0	0	0
1472	0x38	JB_L5	0x2	0	0	0	0
1473	0x3c	JB_L6	0x2	0	0	0	0
1474	0x40	JB_L7	0x2	0	0	0	0
1475	0x44	JB_I0	0x2	0	0	0	0
1476	0x48	JB_I1	0x2	0	0	0	0
1477	0x4c	JB_I2	0x2	0	0	0	0
1478	0x54	JB_I3	0x2	0	0	0	0
1479	0x58	JB_I4	0x2	0	0	0	0
1480	0x5c	JB_I5	0x2	0	0	0	0
1481	0x60	JB_I6	0x2	0	0	0	0
1482	0x64	JB_I7	0x2	0	0	0	0
1483	0x68	JB_RETVAL	0x2	0	0	0	0
1484	0x6c	JB_RETADDR	0x2	0	0	0	0
1485	0x0	SS_SP	0x2	0	0	0	0
1486	0x4	SS_ONSTACK	0x2	0	0	0	0
1487	0x8	SIGSTACKSIZE	0x2	0	0	0	0
1488	0x50609b4	divide	0xe	1	0	0	0
1489	0x5060c30	zero_divide	0xe	1	0	0	0
1490	0x5060c1c	got_result	0xe	1	0	0	0
1491	0x5060a78	not_really_big	0xe	1	0	0	0
1492	0x5060a1c	not_too_big	0xe	1	0	0	0
1493	0x5060a30	do_single_div	0xe	1	0	0	0
1494	0x5060c08	end_regular_divide	0xe	1	0	0	0
1495	0x5060a68	end_single_divloop	0xe	1	0	0	0
1496	0x5060a48	single_divloop	0xe	1	0	0	0
1497	0x5060a90	do_regular_divide	0xe	1	0	0	0
1498	0x5060a94	divloop	0xe	1	0	0	0
1499	0x5060c68	divide	0xe	1	0	0	0
1500	0x5060ee4	zero_divide	0xe	1	0	0	0
1501	0x5060ed0	got_result	0xe	1	0	0	0
1502	0x5060d2c	not_really_big	0xe	1	0	0	0
1503	0x5060cd0	not_too_big	0xe	1	0	0	0
1504	0x5060ce4	do_single_div	0xe	1	0	0	0
1505	0x5060ebc	end_regular_divide	0xe	1	0	0	0
1506	0x5060d1c	end_single_divloop	0xe	1	0	0	0
1507	0x5060cfc	single_divloop	0xe	1	0	0	0
1508	0x5060d44	do_regular_divide	0xe	1	0	0	0
1509	0x5060d48	divloop	0xe	1	0	0	0
1510	0x50f5280	_b.2	0xe	7	0	0	0
1511	0x5061460	_badd	0xe	1	0	0	0
1512	0x5061820	_bshift	0xe	1	0	0	0
1513	0x50f54a0	_woops.2	0xe	7	0	0	0
1514	0x50622dc	_bsub	0xe	1	0	0	0
1515	0x50f54cc	_old_next_minbrk	0xe	7	0	0	0
1516	0x50f54cc	old_next_minbrk	0xe	7	0	0	0
1517	0x50f54d0	_old_next_curbrk	0xe	7	0	0	0
1518	0x50f54d0	old_next_curbrk	0xe	7	0	0	0
1519	0x5062b8c	_mach_init_doit	0xe	1	0	0	0
1520	0x50f55ac	_RetCodeType	0xe	7	0	0	0
1521	0x50f55b0	_sbrk_needs_init	0xe	7	0	0	0
1522	0x50f55b4	_sbrk_region_size	0xe	7	0	0	0
1523	0x50f84c8	_sbrk_curbrk	0xe	12	0	0	0
1524	0x50f0c44	_service_nameType.8	0xe	4	0	0	0
1525	0x50f0c50	_RetCodeCheck.9	0xe	4	0	0	0
1526	0x50f0c54	_service_portCheck.10	0xe	4	0	0	0
1527	0x50f0c58	_service_nameType.13	0xe	4	0	0	0
1528	0x50f0c64	_service_portType.14	0xe	4	0	0	0
1529	0x50f0c68	_RetCodeCheck.15	0xe	4	0	0	0
1530	0x50f0c6c	_service_nameType.18	0xe	4	0	0	0
1531	0x50f0c78	_RetCodeCheck.19	0xe	4	0	0	0
1532	0x50f0c7c	_service_portCheck.20	0xe	4	0	0	0
1533	0x50f0c80	_service_namesType.23	0xe	4	0	0	0
1534	0x50f0c8c	_RetCodeCheck.24	0xe	4	0	0	0
1535	0x50f0c90	_all_services_knownCheck.25	0xe	4	0	0	0
1536	0x50f0c94	_service_nameType.28	0xe	4	0	0	0
1537	0x50f0ca0	_RetCodeCheck.29	0xe	4	0	0	0
1538	0x50f0ca4	_service_activeCheck.30	0xe	4	0	0	0
1539	0x50f0ca8	_RetCodeCheck.33	0xe	4	0	0	0
1540	0x50f0cac	_requestor_portType.36	0xe	4	0	0	0
1541	0x50f0cb0	_RetCodeCheck.37	0xe	4	0	0	0
1542	0x50f0cb4	_subset_portCheck.38	0xe	4	0	0	0
1543	0x50f0cb8	_service_nameType.41	0xe	4	0	0	0
1544	0x50f0cc4	_RetCodeCheck.42	0xe	4	0	0	0
1545	0x50f0cc8	_service_portCheck.43	0xe	4	0	0	0
1546	0x50f0ccc	_threadType.8	0xe	4	0	0	0
1547	0x50f0cd0	_taskType.9	0xe	4	0	0	0
1548	0x50f0cd4	_exceptionType.10	0xe	4	0	0	0
1549	0x50f0cd8	_codeType.11	0xe	4	0	0	0
1550	0x50f0cdc	_subcodeType.12	0xe	4	0	0	0
1551	0x50f0ce0	_RetCodeCheck.13	0xe	4	0	0	0
1552	0x50f0ce4	_threadCheck.8	0xe	4	0	0	0
1553	0x50f0ce8	_taskCheck.9	0xe	4	0	0	0
1554	0x50f0cec	_exceptionCheck.10	0xe	4	0	0	0
1555	0x50f0cf0	_codeCheck.11	0xe	4	0	0	0
1556	0x50f0cf4	_subcodeCheck.12	0xe	4	0	0	0
1557	0x5064214	__Xexception_raise	0xe	1	0	0	0
1558	0x50f0cf8	_RetCodeType.15	0xe	4	0	0	0
1559	0x50f7b6c	_routines.16	0xe	11	0	0	0
1560	0x50f0cfc	_inherit_memoryType.8	0xe	4	0	0	0
1561	0x50f0d00	_RetCodeCheck.9	0xe	4	0	0	0
1562	0x50f0d04	_child_taskCheck.10	0xe	4	0	0	0
1563	0x50f0d08	_RetCodeCheck.13	0xe	4	0	0	0
1564	0x50f0d0c	_RetCodeCheck.16	0xe	4	0	0	0
1565	0x50f0d10	_RetCodeCheck.19	0xe	4	0	0	0
1566	0x50f0d14	_addressType.22	0xe	4	0	0	0
1567	0x50f0d18	_sizeType.23	0xe	4	0	0	0
1568	0x50f0d1c	_anywhereType.24	0xe	4	0	0	0
1569	0x50f0d20	_RetCodeCheck.25	0xe	4	0	0	0
1570	0x50f0d24	_addressCheck.26	0xe	4	0	0	0
1571	0x50f0d28	_addressType.29	0xe	4	0	0	0
1572	0x50f0d2c	_sizeType.30	0xe	4	0	0	0
1573	0x50f0d30	_RetCodeCheck.31	0xe	4	0	0	0
1574	0x50f0d34	_addressType.34	0xe	4	0	0	0
1575	0x50f0d38	_sizeType.35	0xe	4	0	0	0
1576	0x50f0d3c	_set_maximumType.36	0xe	4	0	0	0
1577	0x50f0d40	_new_protectionType.37	0xe	4	0	0	0
1578	0x50f0d44	_RetCodeCheck.38	0xe	4	0	0	0
1579	0x50f0d48	_addressType.41	0xe	4	0	0	0
1580	0x50f0d4c	_sizeType.42	0xe	4	0	0	0
1581	0x50f0d50	_new_inheritanceType.43	0xe	4	0	0	0
1582	0x50f0d54	_RetCodeCheck.44	0xe	4	0	0	0
1583	0x50f0d58	_addressType.47	0xe	4	0	0	0
1584	0x50f0d5c	_sizeType.48	0xe	4	0	0	0
1585	0x50f0d60	_RetCodeCheck.49	0xe	4	0	0	0
1586	0x50f0d64	_addressType.52	0xe	4	0	0	0
1587	0x50f0d68	_dataType.53	0xe	4	0	0	0
1588	0x50f0d74	_RetCodeCheck.54	0xe	4	0	0	0
1589	0x50f0d78	_source_addressType.57	0xe	4	0	0	0
1590	0x50f0d7c	_sizeType.58	0xe	4	0	0	0
1591	0x50f0d80	_dest_addressType.59	0xe	4	0	0	0
1592	0x50f0d84	_RetCodeCheck.60	0xe	4	0	0	0
1593	0x50f0d88	_addressType.63	0xe	4	0	0	0
1594	0x50f0d8c	_RetCodeCheck.64	0xe	4	0	0	0
1595	0x50f0d90	_addressCheck.65	0xe	4	0	0	0
1596	0x50f0d94	_sizeCheck.66	0xe	4	0	0	0
1597	0x50f0d98	_protectionCheck.67	0xe	4	0	0	0
1598	0x50f0d9c	_max_protectionCheck.68	0xe	4	0	0	0
1599	0x50f0da0	_inheritanceCheck.69	0xe	4	0	0	0
1600	0x50f0da4	_is_sharedCheck.70	0xe	4	0	0	0
1601	0x50f0da8	_object_nameCheck.71	0xe	4	0	0	0
1602	0x50f0dac	_offsetCheck.72	0xe	4	0	0	0
1603	0x50f0db0	_RetCodeCheck.75	0xe	4	0	0	0
1604	0x50f0db4	_vm_statsCheck.76	0xe	4	0	0	0
1605	0x50f0db8	_process_idType.79	0xe	4	0	0	0
1606	0x50f0dbc	_RetCodeCheck.80	0xe	4	0	0	0
1607	0x50f0dc0	_result_taskCheck.81	0xe	4	0	0	0
1608	0x50f0dc4	_RetCodeCheck.84	0xe	4	0	0	0
1609	0x50f0dc8	_process_idCheck.85	0xe	4	0	0	0
1610	0x50f0dcc	_src_addrType.88	0xe	4	0	0	0
1611	0x50f0dd0	_dst_addrType.89	0xe	4	0	0	0
1612	0x50f0dd4	_src_portType.90	0xe	4	0	0	0
1613	0x50f0dd8	_dst_portType.91	0xe	4	0	0	0
1614	0x50f0ddc	_protocolType.92	0xe	4	0	0	0
1615	0x50f0de0	_ipc_portType.93	0xe	4	0	0	0
1616	0x50f0de4	_RetCodeCheck.94	0xe	4	0	0	0
1617	0x50f0de8	_ipc_portType.97	0xe	4	0	0	0
1618	0x50f0dec	_RetCodeCheck.98	0xe	4	0	0	0
1619	0x50f0df0	_RetCodeCheck.101	0xe	4	0	0	0
1620	0x50f0df4	_infoCheck.102	0xe	4	0	0	0
1621	0x50f0df8	_slotType.105	0xe	4	0	0	0
1622	0x50f0dfc	_RetCodeCheck.106	0xe	4	0	0	0
1623	0x50f0e00	_infoCheck.107	0xe	4	0	0	0
1624	0x50f0e04	_cpuType.110	0xe	4	0	0	0
1625	0x50f0e08	_runningType.111	0xe	4	0	0	0
1626	0x50f0e0c	_RetCodeCheck.112	0xe	4	0	0	0
1627	0x50f0e10	_RetCodeCheck.115	0xe	4	0	0	0
1628	0x50f0e14	_RetCodeCheck.118	0xe	4	0	0	0
1629	0x50f0e18	_which_portType.121	0xe	4	0	0	0
1630	0x50f0e1c	_RetCodeCheck.122	0xe	4	0	0	0
1631	0x50f0e20	_special_portCheck.123	0xe	4	0	0	0
1632	0x50f0e24	_which_portType.126	0xe	4	0	0	0
1633	0x50f0e28	_special_portType.127	0xe	4	0	0	0
1634	0x50f0e2c	_RetCodeCheck.128	0xe	4	0	0	0
1635	0x50f0e30	_flavorType.131	0xe	4	0	0	0
1636	0x50f0e34	_RetCodeCheck.132	0xe	4	0	0	0
1637	0x50f0e38	_RetCodeCheck.135	0xe	4	0	0	0
1638	0x50f0e3c	_child_threadCheck.136	0xe	4	0	0	0
1639	0x50f0e40	_RetCodeCheck.139	0xe	4	0	0	0
1640	0x50f0e44	_RetCodeCheck.142	0xe	4	0	0	0
1641	0x50f0e48	_RetCodeCheck.145	0xe	4	0	0	0
1642	0x50f0e4c	_flavorType.148	0xe	4	0	0	0
1643	0x50f0e50	_RetCodeCheck.149	0xe	4	0	0	0
1644	0x50f0e54	_flavorType.152	0xe	4	0	0	0
1645	0x50f0e58	_new_stateType.153	0xe	4	0	0	0
1646	0x50f0e64	_RetCodeCheck.154	0xe	4	0	0	0
1647	0x50f0e68	_which_portType.157	0xe	4	0	0	0
1648	0x50f0e6c	_RetCodeCheck.158	0xe	4	0	0	0
1649	0x50f0e70	_special_portCheck.159	0xe	4	0	0	0
1650	0x50f0e74	_which_portType.162	0xe	4	0	0	0
1651	0x50f0e78	_special_portType.163	0xe	4	0	0	0
1652	0x50f0e7c	_RetCodeCheck.164	0xe	4	0	0	0
1653	0x50f0e80	_flavorType.167	0xe	4	0	0	0
1654	0x50f0e84	_RetCodeCheck.168	0xe	4	0	0	0
1655	0x50f0e88	_RetCodeCheck.171	0xe	4	0	0	0
1656	0x50f0e8c	_port_nameType.174	0xe	4	0	0	0
1657	0x50f0e90	_RetCodeCheck.175	0xe	4	0	0	0
1658	0x50f0e94	_port_type_pCheck.176	0xe	4	0	0	0
1659	0x50f0e98	_old_nameType.179	0xe	4	0	0	0
1660	0x50f0e9c	_new_nameType.180	0xe	4	0	0	0
1661	0x50f0ea0	_RetCodeCheck.181	0xe	4	0	0	0
1662	0x50f0ea4	_RetCodeCheck.184	0xe	4	0	0	0
1663	0x50f0ea8	_port_nameCheck.185	0xe	4	0	0	0
1664	0x50f0eac	_port_nameType.188	0xe	4	0	0	0
1665	0x50f0eb0	_RetCodeCheck.189	0xe	4	0	0	0
1666	0x50f0eb4	_port_nameType.192	0xe	4	0	0	0
1667	0x50f0eb8	_backlogType.193	0xe	4	0	0	0
1668	0x50f0ebc	_RetCodeCheck.194	0xe	4	0	0	0
1669	0x50f0ec0	_port_nameType.197	0xe	4	0	0	0
1670	0x50f0ec4	_RetCodeCheck.198	0xe	4	0	0	0
1671	0x50f0ec8	_enabledCheck.199	0xe	4	0	0	0
1672	0x50f0ecc	_num_msgsCheck.200	0xe	4	0	0	0
1673	0x50f0ed0	_backlogCheck.201	0xe	4	0	0	0
1674	0x50f0ed4	_ownershipCheck.202	0xe	4	0	0	0
1675	0x50f0ed8	_receive_rightsCheck.203	0xe	4	0	0	0
1676	0x50f0edc	_RetCodeCheck.206	0xe	4	0	0	0
1677	0x50f0ee0	_set_nameCheck.207	0xe	4	0	0	0
1678	0x50f0ee4	_set_nameType.210	0xe	4	0	0	0
1679	0x50f0ee8	_RetCodeCheck.211	0xe	4	0	0	0
1680	0x50f0eec	_set_nameType.214	0xe	4	0	0	0
1681	0x50f0ef0	_port_nameType.215	0xe	4	0	0	0
1682	0x50f0ef4	_RetCodeCheck.216	0xe	4	0	0	0
1683	0x50f0ef8	_port_nameType.219	0xe	4	0	0	0
1684	0x50f0efc	_RetCodeCheck.220	0xe	4	0	0	0
1685	0x50f0f00	_set_nameType.223	0xe	4	0	0	0
1686	0x50f0f04	_RetCodeCheck.224	0xe	4	0	0	0
1687	0x50f0f08	_my_portType.227	0xe	4	0	0	0
1688	0x50f0f0c	_his_nameType.228	0xe	4	0	0	0
1689	0x50f0f10	_RetCodeCheck.229	0xe	4	0	0	0
1690	0x50f0f14	_his_nameType.232	0xe	4	0	0	0
1691	0x50f0f18	_RetCodeCheck.233	0xe	4	0	0	0
1692	0x50f0f1c	_his_portCheck.234	0xe	4	0	0	0
1693	0x50f0f20	_my_portType.237	0xe	4	0	0	0
1694	0x50f0f24	_his_nameType.238	0xe	4	0	0	0
1695	0x50f0f28	_RetCodeCheck.239	0xe	4	0	0	0
1696	0x50f0f2c	_his_nameType.242	0xe	4	0	0	0
1697	0x50f0f30	_RetCodeCheck.243	0xe	4	0	0	0
1698	0x50f0f34	_his_portCheck.244	0xe	4	0	0	0
1699	0x50f0f38	_port_nameType.247	0xe	4	0	0	0
1700	0x50f0f3c	_backupType.248	0xe	4	0	0	0
1701	0x50f0f40	_RetCodeCheck.249	0xe	4	0	0	0
1702	0x50f0f44	_previousCheck.250	0xe	4	0	0	0
1703	0x50f0f48	_addressType.253	0xe	4	0	0	0
1704	0x50f0f4c	_sizeType.254	0xe	4	0	0	0
1705	0x50f0f50	_attributeType.255	0xe	4	0	0	0
1706	0x50f0f54	_valueType.256	0xe	4	0	0	0
1707	0x50f0f58	_RetCodeCheck.257	0xe	4	0	0	0
1708	0x50f0f5c	_valueCheck.258	0xe	4	0	0	0
1709	0x50f0f60	_addressType.261	0xe	4	0	0	0
1710	0x50f0f64	_sizeType.262	0xe	4	0	0	0
1711	0x50f0f68	_RetCodeCheck.263	0xe	4	0	0	0
1712	0x50f0f6c	_addressType.266	0xe	4	0	0	0
1713	0x50f0f70	_sizeType.267	0xe	4	0	0	0
1714	0x50f0f74	_policyType.268	0xe	4	0	0	0
1715	0x50f0f78	_RetCodeCheck.269	0xe	4	0	0	0
1716	0x50f0f7c	_addressType.272	0xe	4	0	0	0
1717	0x50f0f80	_sizeType.273	0xe	4	0	0	0
1718	0x50f0f84	_whenType.274	0xe	4	0	0	0
1719	0x50f0f88	_RetCodeCheck.275	0xe	4	0	0	0
1720	0x50f0f8c	_RetCodeCheck.8	0xe	4	0	0	0
1721	0x50f0f90	_flavorType.11	0xe	4	0	0	0
1722	0x50f0f94	_RetCodeCheck.12	0xe	4	0	0	0
1723	0x50f0f98	_flavorType.15	0xe	4	0	0	0
1724	0x50f0f9c	_RetCodeCheck.16	0xe	4	0	0	0
1725	0x50f0fa0	_hostCheck.17	0xe	4	0	0	0
1726	0x50f0fa4	_RetCodeCheck.20	0xe	4	0	0	0
1727	0x50f0fa8	_RetCodeCheck.23	0xe	4	0	0	0
1728	0x50f0fac	_processor_cmdType.26	0xe	4	0	0	0
1729	0x50f0fb8	_RetCodeCheck.27	0xe	4	0	0	0
1730	0x50f0fbc	_RetCodeCheck.30	0xe	4	0	0	0
1731	0x50f0fc0	_default_setCheck.31	0xe	4	0	0	0
1732	0x50f0fc4	_RetCodeCheck.34	0xe	4	0	0	0
1733	0x50f0fc8	_new_setCheck.35	0xe	4	0	0	0
1734	0x50f0fcc	_new_nameCheck.36	0xe	4	0	0	0
1735	0x50f0fd0	_RetCodeCheck.39	0xe	4	0	0	0
1736	0x50f0fd4	_flavorType.42	0xe	4	0	0	0
1737	0x50f0fd8	_RetCodeCheck.43	0xe	4	0	0	0
1738	0x50f0fdc	_hostCheck.44	0xe	4	0	0	0
1739	0x50f0fe0	_new_setType.47	0xe	4	0	0	0
1740	0x50f0fe4	_waitType.48	0xe	4	0	0	0
1741	0x50f0fe8	_RetCodeCheck.49	0xe	4	0	0	0
1742	0x50f0fec	_RetCodeCheck.52	0xe	4	0	0	0
1743	0x50f0ff0	_assigned_setCheck.53	0xe	4	0	0	0
1744	0x50f0ff4	_new_setType.56	0xe	4	0	0	0
1745	0x50f0ff8	_RetCodeCheck.57	0xe	4	0	0	0
1746	0x50f0ffc	_RetCodeCheck.60	0xe	4	0	0	0
1747	0x50f1000	_RetCodeCheck.63	0xe	4	0	0	0
1748	0x50f1004	_assigned_setCheck.64	0xe	4	0	0	0
1749	0x50f1008	_new_setType.67	0xe	4	0	0	0
1750	0x50f100c	_assign_threadsType.68	0xe	4	0	0	0
1751	0x50f1010	_RetCodeCheck.69	0xe	4	0	0	0
1752	0x50f1014	_assign_threadsType.72	0xe	4	0	0	0
1753	0x50f1018	_RetCodeCheck.73	0xe	4	0	0	0
1754	0x50f101c	_RetCodeCheck.76	0xe	4	0	0	0
1755	0x50f1020	_assigned_setCheck.77	0xe	4	0	0	0
1756	0x50f1024	_RetCodeCheck.80	0xe	4	0	0	0
1757	0x50f1028	_priorityType.83	0xe	4	0	0	0
1758	0x50f102c	_set_maxType.84	0xe	4	0	0	0
1759	0x50f1030	_RetCodeCheck.85	0xe	4	0	0	0
1760	0x50f1034	_processor_setType.88	0xe	4	0	0	0
1761	0x50f1038	_max_priorityType.89	0xe	4	0	0	0
1762	0x50f103c	_RetCodeCheck.90	0xe	4	0	0	0
1763	0x50f1040	_priorityType.93	0xe	4	0	0	0
1764	0x50f1044	_change_threadsType.94	0xe	4	0	0	0
1765	0x50f1048	_RetCodeCheck.95	0xe	4	0	0	0
1766	0x50f104c	_max_priorityType.98	0xe	4	0	0	0
1767	0x50f1050	_change_threadsType.99	0xe	4	0	0	0
1768	0x50f1054	_RetCodeCheck.100	0xe	4	0	0	0
1769	0x50f1058	_policyType.103	0xe	4	0	0	0
1770	0x50f105c	_dataType.104	0xe	4	0	0	0
1771	0x50f1060	_RetCodeCheck.105	0xe	4	0	0	0
1772	0x50f1064	_policyType.108	0xe	4	0	0	0
1773	0x50f1068	_RetCodeCheck.109	0xe	4	0	0	0
1774	0x50f106c	_policyType.112	0xe	4	0	0	0
1775	0x50f1070	_change_threadsType.113	0xe	4	0	0	0
1776	0x50f1074	_RetCodeCheck.114	0xe	4	0	0	0
1777	0x50f1078	_RetCodeCheck.117	0xe	4	0	0	0
1778	0x50f107c	_RetCodeCheck.120	0xe	4	0	0	0
1779	0x50f1080	_RetCodeCheck.123	0xe	4	0	0	0
1780	0x50f1084	_set_nameType.126	0xe	4	0	0	0
1781	0x50f1088	_RetCodeCheck.127	0xe	4	0	0	0
1782	0x50f108c	_setCheck.128	0xe	4	0	0	0
1783	0x50f1090	_RetCodeCheck.131	0xe	4	0	0	0
1784	0x50f1094	_new_timeType.134	0xe	4	0	0	0
1785	0x50f1098	_RetCodeCheck.135	0xe	4	0	0	0
1786	0x50f109c	_new_adjustmentType.138	0xe	4	0	0	0
1787	0x50f10a0	_RetCodeCheck.139	0xe	4	0	0	0
1788	0x50f10a4	_old_adjustmentCheck.140	0xe	4	0	0	0
1789	0x50f10a8	_RetCodeCheck.143	0xe	4	0	0	0
1790	0x50f10ac	_current_timeCheck.144	0xe	4	0	0	0
1791	0x50f10b0	_port_nameType.8	0xe	4	0	0	0
1792	0x50f10bc	_signatureType.9	0xe	4	0	0	0
1793	0x50f10c0	_port_idType.10	0xe	4	0	0	0
1794	0x50f10c4	_RetCodeCheck.11	0xe	4	0	0	0
1795	0x50f10c8	_host_nameType.14	0xe	4	0	0	0
1796	0x50f10d4	_port_nameType.15	0xe	4	0	0	0
1797	0x50f10e0	_RetCodeCheck.16	0xe	4	0	0	0
1798	0x50f10e4	_port_idCheck.17	0xe	4	0	0	0
1799	0x50f10e8	_port_nameType.20	0xe	4	0	0	0
1800	0x50f10f4	_signatureType.21	0xe	4	0	0	0
1801	0x50f10f8	_RetCodeCheck.22	0xe	4	0	0	0
1802	0x50f10fc	_RetCodeCheck.25	0xe	4	0	0	0
1803	0x50f7b70	_ArchInfoTable	0xe	11	0	0	0
1804	0x50f55b8	__mh_execute_header_pointer.78	0xe	7	0	0	0
1805	0x50f55bc	__mh_execute_header_pointer.82	0xe	7	0	0	0
1806	0x50f55c0	__mh_execute_header_pointer.89	0xe	7	0	0	0
1807	0x50f55c4	__mh_execute_header_pointer.78	0xe	7	0	0	0
1808	0x50f55c8	__mh_execute_header_pointer.78	0xe	7	0	0	0
1809	0x50f1100	_ethers	0xe	4	0	0	0
1810	0x50f84cc	_s.4	0xe	12	0	0	0
1811	0x50f84d0	_ep.7	0xe	12	0	0	0
1812	0x50f84d4	_domain	0xe	12	0	0	0
1813	0x506e6fc	_yellowup	0xe	1	0	0	0
1814	0x50f84d8	_usingyellow	0xe	12	0	0	0
1815	0x50f1110	_NETWORKS	0xe	4	0	0	0
1816	0x506e754	__netdata	0xe	1	0	0	0
1817	0x50f84dc	_netdata	0xe	12	0	0	0
1818	0x50f1120	_BYADDR	0xe	4	0	0	0
1819	0x50f55cc	_line1.18	0xe	7	0	0	0
1820	0x506ec6c	_interpret	0xe	1	0	0	0
1821	0x506ee08	_any	0xe	1	0	0	0
1822	0x506ee70	_yellowup	0xe	1	0	0	0
1823	0x50f1130	_NETGROUP	0xe	4	0	0	0
1824	0x50f84ec	_oldgrp	0xe	12	0	0	0
1825	0x50f84e0	_grouplist	0xe	12	0	0	0
1826	0x50f84e4	_grlist	0xe	12	0	0	0
1827	0x506f1b0	_doit	0xe	1	0	0	0
1828	0x506f3a8	_fill	0xe	1	0	0	0
1829	0x506f45c	_match	0xe	1	0	0	0
1830	0x50f84e8	_domain	0xe	12	0	0	0
1831	0x50f1140	_PROTODB	0xe	4	0	0	0
1832	0x506f4e8	__protodata	0xe	1	0	0	0
1833	0x50f84f0	_protodata	0xe	12	0	0	0
1834	0x506f9c0	_interpret	0xe	1	0	0	0
1835	0x506fb48	_yellowup	0xe	1	0	0	0
1836	0x506fb84	_any	0xe	1	0	0	0
1837	0x50f55d0	_servdata	0xe	7	0	0	0
1838	0x50f1150	_SERVDB	0xe	4	0	0	0
1839	0x50f1160	_YPMAP	0xe	4	0	0	0
1840	0x506fc4c	__servdata	0xe	1	0	0	0
1841	0x5070128	_interpret	0xe	1	0	0	0
1842	0x50702e4	_yellowup	0xe	1	0	0	0
1843	0x507032c	_any	0xe	1	0	0	0
1844	0x50704ac	_doit	0xe	1	0	0	0
1845	0x5070950	_any	0xe	1	0	0	0
1846	0x50709b8	_inlist	0xe	1	0	0	0
1847	0x5070a4c	_lookup	0xe	1	0	0	0
1848	0x5070b64	_makekey	0xe	1	0	0	0
1849	0x50f84f4	_name	0xe	12	0	0	0
1850	0x50f84f8	_machine	0xe	12	0	0	0
1851	0x50f84fc	_domain	0xe	12	0	0	0
1852	0x50f8508	_domain	0xe	12	0	0	0
1853	0x50f8500	_ldomain.16	0xe	12	0	0	0
1854	0x50f8504	_domainp.17	0xe	12	0	0	0
1855	0x50f55d4	_nodomain.18	0xe	7	0	0	0
1856	0x5071d6c	_renv	0xe	1	0	0	0
1857	0x50f55d8	_environ_pointer.6	0xe	7	0	0	0
1858	0x5071e4c	_renvlook	0xe	1	0	0	0
1859	0x50f850c	_ruserpassglobalsp.9	0xe	12	0	0	0
1860	0x5071f28	_getruserpassglobalsp	0xe	1	0	0	0
1861	0x50f7cec	_toktab	0xe	11	0	0	0
1862	0x5071f7c	_rnetrc	0xe	1	0	0	0
1863	0x50f8750	_cfile	0xe	12	0	0	0
1864	0x5072268	_token	0xe	1	0	0	0
1865	0x50f1170	_e	0xe	4	0	0	0
1866	0x50f8510	_buf.16	0xe	12	0	0	0
1867	0x50f8524	_oldbuf.17	0xe	12	0	0	0
1868	0x5072518	_nbsencrypt	0xe	1	0	0	0
1869	0x5072608	_nbsdecrypt	0xe	1	0	0	0
1870	0x50f8538	_keyblk.22	0xe	12	0	0	0
1871	0x50f859c	_blk.23	0xe	12	0	0	0
1872	0x50726b0	_nbs8encrypt	0xe	1	0	0	0
1873	0x50f8600	_keyblk.26	0xe	12	0	0	0
1874	0x50f8664	_blk.27	0xe	12	0	0	0
1875	0x5072754	_nbs8decrypt	0xe	1	0	0	0
1876	0x50727f8	_enblkclr	0xe	1	0	0	0
1877	0x50f86c8	_iobuf.32	0xe	12	0	0	0
1878	0x507287c	_deblkclr	0xe	1	0	0	0
1879	0x50728f8	_enblknot	0xe	1	0	0	0
1880	0x50f86e6	_iobuf.37	0xe	12	0	0	0
1881	0x50729a8	_deblknot	0xe	1	0	0	0
1882	0x50f11a0	_IP	0xe	4	0	0	0
1883	0x50f11e0	_FP	0xe	4	0	0	0
1884	0x50f1220	_PC1_C	0xe	4	0	0	0
1885	0x50f1240	_PC1_D	0xe	4	0	0	0
1886	0x50f1260	_shifts	0xe	4	0	0	0
1887	0x50f1270	_PC2_C	0xe	4	0	0	0
1888	0x50f1288	_PC2_D	0xe	4	0	0	0
1889	0x5072a5c	_nbssetkey	0xe	1	0	0	0
1890	0x50f12a0	_S	0xe	4	0	0	0
1891	0x50f14a0	_P	0xe	4	0	0	0
1892	0x5072c08	_blkencrypt	0xe	1	0	0	0
1893	0x50f8704	_utmpstr.44	0xe	12	0	0	0
1894	0x5072f30	_getutmp	0xe	1	0	0	0
1895	0x5072ff0	_sreverse	0xe	1	0	0	0
1896	0x50f8728	_skey.49	0xe	12	0	0	0
1897	0x5073024	_mkenvkey	0xe	1	0	0	0
1898	0x50735fc	_mklower	0xe	1	0	0	0
1899	0x5073640	_dn_find	0xe	1	0	0	0
1900	0x50737d0	_dewks	0xe	1	0	0	0
1901	0x50f8754	_retbuf	0xe	12	0	0	0
1902	0x5073cfc	_deproto	0xe	1	0	0	0
1903	0x5073e3c	_do_rrset	0xe	1	0	0	0
1904	0x50f8764	_nbuf	0xe	12	0	0	0
1905	0x5076c80	_res_setoptions	0xe	1	0	0	0
1906	0x5076e84	_net_mask	0xe	1	0	0	0
1907	0x5076ebc	_netinfo_res_init	0xe	1	0	0	0
1908	0x50f878c	_abuf.14	0xe	12	0	0	0
1909	0x50f565c	_s	0xe	7	0	0	0
1910	0x50f5660	_connected	0xe	7	0	0	0
1911	0x50f5664	_vc	0xe	7	0	0	0
1912	0x5077f08	_Aerror	0xe	1	0	0	0
1913	0x5077fa0	_Perror	0xe	1	0	0	0
1914	0x50f5668	_Qhook	0xe	7	0	0	0
1915	0x50f566c	_Rhook	0xe	7	0	0	0
1916	0x50f14c0	_AskedForGot	0xe	4	0	0	0
1917	0x50f582c	_hostf	0xe	7	0	0	0
1918	0x50f5830	_stayopen	0xe	7	0	0	0
1919	0x5079218	_dprintf	0xe	1	0	0	0
1920	0x5079274	_getanswer	0xe	1	0	0	0
1921	0x50f891c	_host	0xe	12	0	0	0
1922	0x50f89bc	_hostbuf	0xe	12	0	0	0
1923	0x50f8930	_host_aliases	0xe	12	0	0	0
1924	0x50f888c	_h_addr_ptrs	0xe	12	0	0	0
1925	0x50fa9bc	_host_addr	0xe	12	0	0	0
1926	0x5079c6c	_addrsort	0xe	1	0	0	0
1927	0x50fa9c0	_net_entry.8	0xe	12	0	0	0
1928	0x50fa9d0	_net_aliases.9	0xe	12	0	0	0
1929	0x50faa5c	_netbuf.10	0xe	12	0	0	0
1930	0x5079dc0	_getnetanswer	0xe	1	0	0	0
1931	0x507a480	_xtob	0xe	1	0	0	0
1932	0x50fae5d	_tmpbuf.12	0xe	12	0	0	0
1933	0x50f584c	_HOSTDB	0xe	7	0	0	0
1934	0x507a6a0	__hostdata	0xe	1	0	0	0
1935	0x50fb15c	_hostdata	0xe	12	0	0	0
1936	0x507a6f4	_fetchhost	0xe	1	0	0	0
1937	0x507aeb4	_interpret	0xe	1	0	0	0
1938	0x507b08c	_any	0xe	1	0	0	0
1939	0x507b0f4	_yellowup	0xe	1	0	0	0
1940	0x50f5850	_alias_state	0xe	7	0	0	0
1941	0x507b128	_freeold	0xe	1	0	0	0
1942	0x50fb160	_global_aliasent	0xe	12	0	0	0
1943	0x507b1d4	_convert_aliasent	0xe	1	0	0	0
1944	0x50f5854	_proc.6	0xe	7	0	0	0
1945	0x507b24c	_lu_alias_getbyname	0xe	1	0	0	0
1946	0x507b420	_lu_alias_setent	0xe	1	0	0	0
1947	0x50fb170	_alias_data	0xe	12	0	0	0
1948	0x50fb174	_alias_datalen	0xe	12	0	0	0
1949	0x507b47c	_lu_alias_endent	0xe	1	0	0	0
1950	0x50f5858	_proc.13	0xe	7	0	0	0
1951	0x507b4d4	_lu_alias_getent	0xe	1	0	0	0
1952	0x50fb178	_alias_nentries	0xe	12	0	0	0
1953	0x50fb17c	_alias_xdr	0xe	12	0	0	0
1954	0x50fb194	_bp.2	0xe	12	0	0	0
1955	0x50f585c	_proc.3	0xe	7	0	0	0
1956	0x507b7c4	_lu_bootp_getbyether	0xe	1	0	0	0
1957	0x50fb198	_bp.6	0xe	12	0	0	0
1958	0x50f5860	_proc.7	0xe	7	0	0	0
1959	0x507b950	_lu_bootp_getbyip	0xe	1	0	0	0
1960	0x50fb19c	_bp.2	0xe	12	0	0	0
1961	0x50f5864	_proc.3	0xe	7	0	0	0
1962	0x507bb5c	_lu_bootparams_getbyname	0xe	1	0	0	0
1963	0x50f5868	_gr_state	0xe	7	0	0	0
1964	0x50f586c	_global_gr	0xe	7	0	0	0
1965	0x50f587c	_gr_datalen	0xe	7	0	0	0
1966	0x50f5880	_gr_nentries	0xe	7	0	0	0
1967	0x50f5884	_gr_xdr	0xe	7	0	0	0
1968	0x50f589c	_yp_flags	0xe	7	0	0	0
1969	0x507bd58	_convert_gr	0xe	1	0	0	0
1970	0x50f58a0	_proc.4	0xe	7	0	0	0
1971	0x507be88	_lu_getgrgid	0xe	1	0	0	0
1972	0x50f58a4	_proc.7	0xe	7	0	0	0
1973	0x507bff0	_lu_getgrnam	0xe	1	0	0	0
1974	0x50f58a8	_proc.10	0xe	7	0	0	0
1975	0x507c1a0	_lu_initgroups	0xe	1	0	0	0
1976	0x507c50c	_lu_setgrent	0xe	1	0	0	0
1977	0x50fb1a0	_gr_data	0xe	12	0	0	0
1978	0x507c564	_lu_endgrent	0xe	1	0	0	0
1979	0x50f58ac	_proc.17	0xe	7	0	0	0
1980	0x507c5bc	_lu_getgrent	0xe	1	0	0	0
1981	0x50f58b0	_h_state	0xe	7	0	0	0
1982	0x50f58b4	_global_h	0xe	7	0	0	0
1983	0x50f58c8	_global_h_copy	0xe	7	0	0	0
1984	0x50f58dc	_global_addrlist	0xe	7	0	0	0
1985	0x507ca78	_convert_h	0xe	1	0	0	0
1986	0x50f58e0	_proc.4	0xe	7	0	0	0
1987	0x507ccb8	_lu_gethostbyaddr	0xe	1	0	0	0
1988	0x50f58e4	_proc.7	0xe	7	0	0	0
1989	0x507ce94	_lu_gethostbyname	0xe	1	0	0	0
1990	0x507d084	_lu_sethostent	0xe	1	0	0	0
1991	0x50fb1a4	_h_data	0xe	12	0	0	0
1992	0x50fb1a8	_h_datalen	0xe	12	0	0	0
1993	0x507d0dc	_lu_endhostent	0xe	1	0	0	0
1994	0x50f58e8	_proc.14	0xe	7	0	0	0
1995	0x507d134	_lu_gethostent	0xe	1	0	0	0
1996	0x50fb1ac	_h_nentries	0xe	12	0	0	0
1997	0x50fb1b0	_h_xdr	0xe	12	0	0	0
1998	0x50f58ec	_global_mnt	0xe	7	0	0	0
1999	0x50f5904	_mnt_data	0xe	7	0	0	0
2000	0x50f5908	_mnt_datalen	0xe	7	0	0	0
2001	0x50f590c	_mnt_nentries	0xe	7	0	0	0
2002	0x50f5910	_mnt_xdr	0xe	7	0	0	0
2003	0x507d474	_convert_mnt	0xe	1	0	0	0
2004	0x507d598	_lu_setmntent	0xe	1	0	0	0
2005	0x507d5f0	_lu_endmntent	0xe	1	0	0	0
2006	0x50f5928	_proc.8	0xe	7	0	0	0
2007	0x507d648	_lu_getmntent	0xe	1	0	0	0
2008	0x50f592c	_n_state	0xe	7	0	0	0
2009	0x50f5930	_global_n	0xe	7	0	0	0
2010	0x507d8f0	_convert_n	0xe	1	0	0	0
2011	0x50f5940	_proc.4	0xe	7	0	0	0
2012	0x507da3c	_lu_getnetbyaddr	0xe	1	0	0	0
2013	0x50f5944	_proc.7	0xe	7	0	0	0
2014	0x507dbac	_lu_getnetbyname	0xe	1	0	0	0
2015	0x507dd5c	_lu_setnetent	0xe	1	0	0	0
2016	0x50fb1c8	_n_data	0xe	12	0	0	0
2017	0x50fb1cc	_n_datalen	0xe	12	0	0	0
2018	0x507ddb4	_lu_endnetent	0xe	1	0	0	0
2019	0x50f5948	_proc.14	0xe	7	0	0	0
2020	0x507de0c	_lu_getnetent	0xe	1	0	0	0
2021	0x50fb1d0	_n_nentries	0xe	12	0	0	0
2022	0x50fb1d4	_n_xdr	0xe	12	0	0	0
2023	0x50f594c	___innetgr_hack	0xe	7	0	0	0
2024	0x50f5950	_netgroup_state	0xe	7	0	0	0
2025	0x50f5954	_proc.4	0xe	7	0	0	0
2026	0x507e154	_lu_innetgr	0xe	1	0	0	0
2027	0x507e320	_lu_endnetgrent	0xe	1	0	0	0
2028	0x50fb1f8	_netgroup_data	0xe	12	0	0	0
2029	0x50fb1fc	_netgroup_datalen	0xe	12	0	0	0
2030	0x50f5958	_proc.9	0xe	7	0	0	0
2031	0x507e378	_lu_setnetgrent	0xe	1	0	0	0
2032	0x50fb204	_netgroup_xdr	0xe	12	0	0	0
2033	0x50fb200	_netgroup_nentries	0xe	12	0	0	0
2034	0x50fb1ec	_ng.12	0xe	12	0	0	0
2035	0x50f595c	_p_state	0xe	7	0	0	0
2036	0x50f5960	_global_p	0xe	7	0	0	0
2037	0x507e720	_convert_p	0xe	1	0	0	0
2038	0x50f596c	_proc.4	0xe	7	0	0	0
2039	0x507e858	_lu_getprotobynumber	0xe	1	0	0	0
2040	0x50f5970	_proc.7	0xe	7	0	0	0
2041	0x507e9c0	_lu_getprotobyname	0xe	1	0	0	0
2042	0x507eb70	_lu_setprotoent	0xe	1	0	0	0
2043	0x50fb21c	_p_data	0xe	12	0	0	0
2044	0x50fb220	_p_datalen	0xe	12	0	0	0
2045	0x507ebc8	_lu_endprotoent	0xe	1	0	0	0
2046	0x50f5974	_proc.14	0xe	7	0	0	0
2047	0x507ec20	_lu_getprotoent	0xe	1	0	0	0
2048	0x50fb224	_p_nentries	0xe	12	0	0	0
2049	0x50fb228	_p_xdr	0xe	12	0	0	0
2050	0x50f5978	_prdb_state	0xe	7	0	0	0
2051	0x50f597c	_global_prdb	0xe	7	0	0	0
2052	0x50f5988	_prdb_data	0xe	7	0	0	0
2053	0x50f598c	_prdb_datalen	0xe	7	0	0	0
2054	0x50f5990	_prdb_xdr	0xe	7	0	0	0
2055	0x507ef44	_freeprop	0xe	1	0	0	0
2056	0x507ef80	_freeold	0xe	1	0	0	0
2057	0x507f080	_convert_prdb	0xe	1	0	0	0
2058	0x507f100	_lu_prdb_set	0xe	1	0	0	0
2059	0x507f158	_lu_prdb_end	0xe	1	0	0	0
2060	0x50f59a8	_proc.12	0xe	7	0	0	0
2061	0x507f1b4	_lu_prdb_getbyname	0xe	1	0	0	0
2062	0x50f59ac	_proc.15	0xe	7	0	0	0
2063	0x507f364	_lu_prdb_get	0xe	1	0	0	0
2064	0x50fb240	_prdb_nentries	0xe	12	0	0	0
2065	0x50f59b0	_pw_state	0xe	7	0	0	0
2066	0x50f59b4	_global_pw	0xe	7	0	0	0
2067	0x507f654	_convert_pw	0xe	1	0	0	0
2068	0x50f59d8	_proc.4	0xe	7	0	0	0
2069	0x507f7b0	_lu_getpwuid	0xe	1	0	0	0
2070	0x50f59dc	_proc.7	0xe	7	0	0	0
2071	0x507f918	_lu_getpwnam	0xe	1	0	0	0
2072	0x507fac8	_lu_setpwent	0xe	1	0	0	0
2073	0x50fb244	_pw_data	0xe	12	0	0	0
2074	0x50fb248	_pw_datalen	0xe	12	0	0	0
2075	0x507fb20	_lu_endpwent	0xe	1	0	0	0
2076	0x50f59e0	_proc.14	0xe	7	0	0	0
2077	0x507fb78	_lu_getpwent	0xe	1	0	0	0
2078	0x50fb24c	_pw_nentries	0xe	12	0	0	0
2079	0x50fb250	_pw_xdr	0xe	12	0	0	0
2080	0x50f59e4	_r_state	0xe	7	0	0	0
2081	0x50f59e8	_global_r	0xe	7	0	0	0
2082	0x507feb0	_convert_r	0xe	1	0	0	0
2083	0x50f59f4	_proc.4	0xe	7	0	0	0
2084	0x507ffe8	_lu_getrpcbynumber	0xe	1	0	0	0
2085	0x50f59f8	_proc.7	0xe	7	0	0	0
2086	0x5080150	_lu_getrpcbyname	0xe	1	0	0	0
2087	0x5080300	_lu_setrpcent	0xe	1	0	0	0
2088	0x50fb268	_r_data	0xe	12	0	0	0
2089	0x50fb26c	_r_datalen	0xe	12	0	0	0
2090	0x5080358	_lu_endrpcent	0xe	1	0	0	0
2091	0x50f59fc	_proc.14	0xe	7	0	0	0
2092	0x50803b0	_lu_getrpcent	0xe	1	0	0	0
2093	0x50fb270	_r_nentries	0xe	12	0	0	0
2094	0x50fb274	_r_xdr	0xe	12	0	0	0
2095	0x50f5a00	_s_state	0xe	7	0	0	0
2096	0x50f5a04	_global_s	0xe	7	0	0	0
2097	0x50806d4	_convert_s	0xe	1	0	0	0
2098	0x50f5a14	_proc.4	0xe	7	0	0	0
2099	0x5080820	_lu_getservbyport	0xe	1	0	0	0
2100	0x50f5a18	_proc.7	0xe	7	0	0	0
2101	0x5080a24	_lu_getservbyname	0xe	1	0	0	0
2102	0x5080c38	_lu_setservent	0xe	1	0	0	0
2103	0x50fb28c	_s_data	0xe	12	0	0	0
2104	0x50fb290	_s_datalen	0xe	12	0	0	0
2105	0x5080c90	_lu_endservent	0xe	1	0	0	0
2106	0x50f5a1c	_proc.14	0xe	7	0	0	0
2107	0x5080ce8	_lu_getservent	0xe	1	0	0	0
2108	0x50fb294	_s_nentries	0xe	12	0	0	0
2109	0x50fb298	_s_xdr	0xe	12	0	0	0
2110	0x508107c	_port_valid	0xe	1	0	0	0
2111	0x50f7d54	_ni_errmsgs	0xe	11	0	0	0
2112	0x50f7e24	_NAME_NAME	0xe	11	0	0	0
2113	0x50f7e28	_NAME_SERVES	0xe	11	0	0	0
2114	0x50f7e2c	_NAME_MACHINES	0xe	11	0	0	0
2115	0x50f7e30	_NAME_IP_ADDRESS	0xe	11	0	0	0
2116	0x50f7e34	_NAME_MASTER	0xe	11	0	0	0
2117	0x50f7e38	_NAME_USERS	0xe	11	0	0	0
2118	0x50f7e3c	_NAME_UID	0xe	11	0	0	0
2119	0x50811bc	_getmyport	0xe	1	0	0	0
2120	0x508122c	_nibind_up	0xe	1	0	0	0
2121	0x5081310	_createauth	0xe	1	0	0	0
2122	0x5081370	_fixtimeout	0xe	1	0	0	0
2123	0x50813c4	_ni_settimeout	0xe	1	0	0	0
2124	0x5081404	_connectit	0xe	1	0	0	0
2125	0x5081638	_sys_netmask	0xe	1	0	0	0
2126	0x5081778	_sys_address	0xe	1	0	0	0
2127	0x5081898	_connectlocal	0xe	1	0	0	0
2128	0x508196c	_clnt_kill	0xe	1	0	0	0
2129	0x50819dc	_reinit	0xe	1	0	0	0
2130	0x5081a1c	_ni_switch	0xe	1	0	0	0
2131	0x5081a94	_ni_swap	0xe	1	0	0	0
2132	0x5081b04	_eachresult	0xe	1	0	0	0
2133	0x5081b34	_rebind	0xe	1	0	0	0
2134	0x5081ff4	_confirm_tcp	0xe	1	0	0	0
2135	0x50820a0	_setmaster	0xe	1	0	0	0
2136	0x50822e4	_callit	0xe	1	0	0	0
2137	0x508262c	_ni_clear	0xe	1	0	0	0
2138	0x5082658	_ni_alloc	0xe	1	0	0	0
2139	0x5082784	_match	0xe	1	0	0	0
2140	0x50827f4	_addaddr	0xe	1	0	0	0
2141	0x50828e4	_get_daddr	0xe	1	0	0	0
2142	0x5082a78	_getparent	0xe	1	0	0	0
2143	0x5083e44	_pmap_getport_to	0xe	1	0	0	0
2144	0x5084008	_socket_open	0xe	1	0	0	0
2145	0x50f14f0	_NAME_NAME	0xe	4	0	0	0
2146	0x50f14f8	_NAME_MACHINES	0xe	4	0	0	0
2147	0x50f1508	_NAME_IP_ADDRESS	0xe	4	0	0	0
2148	0x50f1518	_NAME_SERVES	0xe	4	0	0	0
2149	0x50f1520	_NAME_UNKNOWN	0xe	4	0	0	0
2150	0x50840bc	_escape_domain	0xe	1	0	0	0
2151	0x5084190	_finddomain	0xe	1	0	0	0
2152	0x50842fc	_ni_domainof	0xe	1	0	0	0
2153	0x5084370	__ni_pwdomain	0xe	1	0	0	0
2154	0x508449c	_eatslash	0xe	1	0	0	0
2155	0x50844bc	_unescape	0xe	1	0	0	0
2156	0x5084530	_escindex	0xe	1	0	0	0
2157	0x5084590	_setstuff	0xe	1	0	0	0
2158	0x50845e0	_ni_relopen	0xe	1	0	0	0
2159	0x50846fc	_ni_rootopen	0xe	1	0	0	0
2160	0x5084778	_ni_name_dupn	0xe	1	0	0	0
2161	0x50847c0	_ni_relsearch	0xe	1	0	0	0
2162	0x5085560	__prdb_free_ent	0xe	1	0	0	0
2163	0x50fb2bc	_pf	0xe	12	0	0	0
2164	0x5085694	_pename_insert	0xe	1	0	0	0
2165	0x50856fc	_peprop_insert	0xe	1	0	0	0
2166	0x50fb2b0	_ent.12	0xe	12	0	0	0
2167	0x5085a3c	_prmatch	0xe	1	0	0	0
2168	0x5085b08	_getline	0xe	1	0	0	0
2169	0x5085bec	_emptyfield	0xe	1	0	0	0
2170	0x50f7e40	_NAME_USERS	0xe	11	0	0	0
2171	0x50f7e44	_NAME_PASSWD	0xe	11	0	0	0
2172	0x5085c40	_changeit	0xe	1	0	0	0
2173	0x50f5a28	_TIMEOUT	0xe	7	0	0	0
2174	0x50fb2c0	_res.2	0xe	12	0	0	0
2175	0x50fb2c4	_res.5	0xe	12	0	0	0
2176	0x50fb2cc	_res.8	0xe	12	0	0	0
2177	0x50fb2d8	_res.11	0xe	12	0	0	0
2178	0x50fb2e4	_res.14	0xe	12	0	0	0
2179	0x50fb2f4	_res.17	0xe	12	0	0	0
2180	0x50fb308	_res.20	0xe	12	0	0	0
2181	0x50fb314	_res.23	0xe	12	0	0	0
2182	0x50fb328	_res.26	0xe	12	0	0	0
2183	0x50fb334	_res.29	0xe	12	0	0	0
2184	0x50fb348	_res.32	0xe	12	0	0	0
2185	0x50fb35c	_res.35	0xe	12	0	0	0
2186	0x50fb370	_res.38	0xe	12	0	0	0
2187	0x50fb37c	_res.41	0xe	12	0	0	0
2188	0x50fb388	_res.44	0xe	12	0	0	0
2189	0x50fb39c	_res.47	0xe	12	0	0	0
2190	0x50fb3a8	_res.50	0xe	12	0	0	0
2191	0x50fb3b4	_res.53	0xe	12	0	0	0
2192	0x50fb3c8	_res.56	0xe	12	0	0	0
2193	0x50fb3d4	_res.59	0xe	12	0	0	0
2194	0x50fb3e0	_res.62	0xe	12	0	0	0
2195	0x50fb3f0	_res.65	0xe	12	0	0	0
2196	0x50fb3fc	_res.68	0xe	12	0	0	0
2197	0x50fb408	_res.71	0xe	12	0	0	0
2198	0x50fb41c	_res.74	0xe	12	0	0	0
2199	0x50fb420	_res.77	0xe	12	0	0	0
2200	0x50fb430	_res.80	0xe	12	0	0	0
2201	0x50fb434	_res.83	0xe	12	0	0	0
2202	0x50fb438	_res.86	0xe	12	0	0	0
2203	0x50f1530	_nameType.8	0xe	4	0	0	0
2204	0x50f153c	_RetCodeCheck.9	0xe	4	0	0	0
2205	0x50f1540	_procnoCheck.10	0xe	4	0	0	0
2206	0x50f1544	_procType.13	0xe	4	0	0	0
2207	0x50f1548	_indataType.14	0xe	4	0	0	0
2208	0x50f1554	_RetCodeCheck.15	0xe	4	0	0	0
2209	0x50f1558	_procType.18	0xe	4	0	0	0
2210	0x50f155c	_indataType.19	0xe	4	0	0	0
2211	0x50f1568	_RetCodeCheck.20	0xe	4	0	0	0
2212	0x50f156c	_procType.23	0xe	4	0	0	0
2213	0x50f1570	_indataType.24	0xe	4	0	0	0
2214	0x50f157c	_RetCodeCheck.25	0xe	4	0	0	0
2215	0x50f5a34	_ops	0xe	7	0	0	0
2216	0x5089210	_authnone_verf	0xe	1	0	0	0
2217	0x50891c0	_authnone_marshal	0xe	1	0	0	0
2218	0x5089218	_authnone_validate	0xe	1	0	0	0
2219	0x5089220	_authnone_refresh	0xe	1	0	0	0
2220	0x5089228	_authnone_destroy	0xe	1	0	0	0
2221	0x50f5a48	_authnone_private	0xe	7	0	0	0
2222	0x50f5a4c	_auth_unix_ops	0xe	7	0	0	0
2223	0x5089490	_authunix_nextverf	0xe	1	0	0	0
2224	0x5089498	_authunix_marshal	0xe	1	0	0	0
2225	0x50894c0	_authunix_validate	0xe	1	0	0	0
2226	0x5089570	_authunix_refresh	0xe	1	0	0	0
2227	0x5089670	_authunix_destroy	0xe	1	0	0	0
2228	0x50896c8	_marshal_new_auth	0xe	1	0	0	0
2229	0x50f5a60	_port.2	0xe	7	0	0	0
2230	0x50f5a64	_buf	0xe	7	0	0	0
2231	0x5089ad4	__buf	0xe	1	0	0	0
2232	0x50f7e48	_rpc_errlist	0xe	11	0	0	0
2233	0x50f7ed8	_auth_errlist	0xe	11	0	0	0
2234	0x508a000	_auth_errmsg	0xe	1	0	0	0
2235	0x50f5a68	_client_ops	0xe	7	0	0	0
2236	0x508a180	_clntraw_call	0xe	1	0	0	0
2237	0x508a3ec	_clntraw_abort	0xe	1	0	0	0
2238	0x508a394	_clntraw_geterr	0xe	1	0	0	0
2239	0x508a39c	_clntraw_freeres	0xe	1	0	0	0
2240	0x508a3fc	_clntraw_destroy	0xe	1	0	0	0
2241	0x508a3f4	_clntraw_control	0xe	1	0	0	0
2242	0x50fb44c	_clntraw_private	0xe	12	0	0	0
2243	0x50fb450	_callrpc_private	0xe	12	0	0	0
2244	0x50f5a80	_tcp_ops	0xe	7	0	0	0
2245	0x508a88c	_clnttcp_call	0xe	1	0	0	0
2246	0x508abc4	_clnttcp_abort	0xe	1	0	0	0
2247	0x508ab80	_clnttcp_geterr	0xe	1	0	0	0
2248	0x508aba0	_clnttcp_freeres	0xe	1	0	0	0
2249	0x508ac70	_clnttcp_destroy	0xe	1	0	0	0
2250	0x508abcc	_clnttcp_control	0xe	1	0	0	0
2251	0x508acb8	_readtcp	0xe	1	0	0	0
2252	0x508ae24	_writetcp	0xe	1	0	0	0
2253	0x50f5aa0	_udp_ops	0xe	7	0	0	0
2254	0x508b158	_clntudp_call	0xe	1	0	0	0
2255	0x508b668	_clntudp_abort	0xe	1	0	0	0
2256	0x508b624	_clntudp_geterr	0xe	1	0	0	0
2257	0x508b644	_clntudp_freeres	0xe	1	0	0	0
2258	0x508b75c	_clntudp_destroy	0xe	1	0	0	0
2259	0x508b670	_clntudp_control	0xe	1	0	0	0
2260	0x50f5ab8	_size.2	0xe	7	0	0	0
2261	0x50f1580	_RPCDB	0xe	4	0	0	0
2262	0x50f5abc	_YPMAP	0xe	7	0	0	0
2263	0x508b980	__rpcdata	0xe	1	0	0	0
2264	0x50fb454	_rpcdata	0xe	12	0	0	0
2265	0x508bdb0	_interpret	0xe	1	0	0	0
2266	0x508bf3c	_yellowup	0xe	1	0	0	0
2267	0x50f5ac0	_trytimeout	0xe	7	0	0	0
2268	0x50f5ac8	_tottimeout	0xe	7	0	0	0
2269	0x50f1590	_MESSENGER.16	0xe	4	0	0	0
2270	0x508c210	_key_call	0xe	1	0	0	0
2271	0x50fb458	_hostname.8	0xe	12	0	0	0
2272	0x508c50c	_get_hostname	0xe	1	0	0	0
2273	0x508c564	_encodemsg	0xe	1	0	0	0
2274	0x508c680	_decodemsg	0xe	1	0	0	0
2275	0x50f15a8	_OPSYS	0xe	4	0	0	0
2276	0x50f15b0	_NETID	0xe	4	0	0	0
2277	0x508d064	_atois	0xe	1	0	0	0
2278	0x50f15c0	_SHELL	0xe	4	0	0	0
2279	0x508d2e8	_basename	0xe	1	0	0	0
2280	0x50f5ad0	_timeout	0xe	7	0	0	0
2281	0x50f5ad8	_tottimeout	0xe	7	0	0	0
2282	0x50f5ae0	_timeout	0xe	7	0	0	0
2283	0x50f5ae8	_tottimeout	0xe	7	0	0	0
2284	0x50f5af0	_timeout	0xe	7	0	0	0
2285	0x508db44	_getbroadcastnets	0xe	1	0	0	0
2286	0x50f5b00	_reply_dscrm	0xe	7	0	0	0
2287	0x508e528	_accepted	0xe	1	0	0	0
2288	0x508e5d4	_rejected	0xe	1	0	0	0
2289	0x50f5c1c	_xports	0xe	7	0	0	0
2290	0x50f5c20	_svc_head	0xe	7	0	0	0
2291	0x508ed2c	_svc_find	0xe	1	0	0	0
2292	0x50f5c24	_svcauthsw	0xe	7	0	0	0
2293	0x50f5c34	_server_ops	0xe	7	0	0	0
2294	0x508f4e0	_svcraw_recv	0xe	1	0	0	0
2295	0x508f4d8	_svcraw_stat	0xe	1	0	0	0
2296	0x508f5d4	_svcraw_getargs	0xe	1	0	0	0
2297	0x508f550	_svcraw_reply	0xe	1	0	0	0
2298	0x508f620	_svcraw_freeargs	0xe	1	0	0	0
2299	0x508f674	_svcraw_destroy	0xe	1	0	0	0
2300	0x50fb55c	_svcraw_private	0xe	12	0	0	0
2301	0x50fb564	_transp	0xe	12	0	0	0
2302	0x50fb568	_pl	0xe	12	0	0	0
2303	0x50fb560	_proglst	0xe	12	0	0	0
2304	0x508f8a8	_universal	0xe	1	0	0	0
2305	0x50f5c50	_svctcp_op	0xe	7	0	0	0
2306	0x508ffdc	_svctcp_recv	0xe	1	0	0	0
2307	0x508ff9c	_svctcp_stat	0xe	1	0	0	0
2308	0x5090028	_svctcp_getargs	0xe	1	0	0	0
2309	0x5090068	_svctcp_reply	0xe	1	0	0	0
2310	0x5090044	_svctcp_freeargs	0xe	1	0	0	0
2311	0x508fdbc	_svctcp_destroy	0xe	1	0	0	0
2312	0x50f5c68	_svctcp_rendezvous_op	0xe	7	0	0	0
2313	0x508fd20	_rendezvous_request	0xe	1	0	0	0
2314	0x508fdb4	_rendezvous_stat	0xe	1	0	0	0
2315	0x508fc40	_makefd_xprt	0xe	1	0	0	0
2316	0x50f5c80	_wait_per_try	0xe	7	0	0	0
2317	0x508fe10	_readtcp	0xe	1	0	0	0
2318	0x508ff48	_writetcp	0xe	1	0	0	0
2319	0x50f5c90	_svcudp_op	0xe	7	0	0	0
2320	0x50902f8	_svcudp_recv	0xe	1	0	0	0
2321	0x50902f0	_svcudp_stat	0xe	1	0	0	0
2322	0x50904a8	_svcudp_getargs	0xe	1	0	0	0
2323	0x50903f4	_svcudp_reply	0xe	1	0	0	0
2324	0x50904c4	_svcudp_freeargs	0xe	1	0	0	0
2325	0x50904e8	_svcudp_destroy	0xe	1	0	0	0
2326	0x509063c	_cache_set	0xe	1	0	0	0
2327	0x5090804	_cache_get	0xe	1	0	0	0
2328	0x50fb56c	_authdes_cache	0xe	12	0	0	0
2329	0x5090e6c	_cache_init	0xe	1	0	0	0
2330	0x50fb570	_authdes_lru	0xe	12	0	0	0
2331	0x5090edc	_cache_victim	0xe	1	0	0	0
2332	0x5090f04	_cache_ref	0xe	1	0	0	0
2333	0x5090f88	_cache_spot	0xe	1	0	0	0
2334	0x50fb574	_svcauthdes_stats	0xe	12	0	0	0
2335	0x5091274	_invalidate	0xe	1	0	0	0
2336	0x50f5ca8	_xdr_zero	0xe	7	0	0	0
2337	0x50f5cac	_crud.26	0xe	7	0	0	0
2338	0x50f5cbc	_xdrmem_ops	0xe	7	0	0	0
2339	0x5091c54	_xdrmem_getlong	0xe	1	0	0	0
2340	0x5091c94	_xdrmem_putlong	0xe	1	0	0	0
2341	0x5091cd4	_xdrmem_getbytes	0xe	1	0	0	0
2342	0x5091d1c	_xdrmem_putbytes	0xe	1	0	0	0
2343	0x5091d64	_xdrmem_getpos	0xe	1	0	0	0
2344	0x5091d74	_xdrmem_setpos	0xe	1	0	0	0
2345	0x5091dac	_xdrmem_inline	0xe	1	0	0	0
2346	0x5091c4c	_xdrmem_destroy	0xe	1	0	0	0
2347	0x50f5cdc	_xdrrec_ops	0xe	7	0	0	0
2348	0x5091f0c	_xdrrec_getlong	0xe	1	0	0	0
2349	0x5091f90	_xdrrec_putlong	0xe	1	0	0	0
2350	0x5091ff8	_xdrrec_getbytes	0xe	1	0	0	0
2351	0x509208c	_xdrrec_putbytes	0xe	1	0	0	0
2352	0x5092128	_xdrrec_getpos	0xe	1	0	0	0
2353	0x509219c	_xdrrec_setpos	0xe	1	0	0	0
2354	0x509225c	_xdrrec_inline	0xe	1	0	0	0
2355	0x50922e4	_xdrrec_destroy	0xe	1	0	0	0
2356	0x5092498	_flush_out	0xe	1	0	0	0
2357	0x5092510	_fill_input_buf	0xe	1	0	0	0
2358	0x5092560	_get_input_bytes	0xe	1	0	0	0
2359	0x50925e0	_set_input_fragment	0xe	1	0	0	0
2360	0x5092628	_skip_input_bytes	0xe	1	0	0	0
2361	0x5092694	_fix_buf_size	0xe	1	0	0	0
2362	0x50f5cfc	_xdrstdio_ops	0xe	7	0	0	0
2363	0x5092814	_xdrstdio_getlong	0xe	1	0	0	0
2364	0x5092840	_xdrstdio_putlong	0xe	1	0	0	0
2365	0x509286c	_xdrstdio_getbytes	0xe	1	0	0	0
2366	0x50928a0	_xdrstdio_putbytes	0xe	1	0	0	0
2367	0x50928d4	_xdrstdio_getpos	0xe	1	0	0	0
2368	0x50928e8	_xdrstdio_setpos	0xe	1	0	0	0
2369	0x509290c	_xdrstdio_inline	0xe	1	0	0	0
2370	0x5092800	_xdrstdio_destroy	0xe	1	0	0	0
2371	0x50f5d20	__sctab	0xe	7	0	0	0
2372	0x50f5e20	_getcount	0xe	7	0	0	0
2373	0x5092efc	__innum	0xe	1	0	0	0
2374	0x5093518	__instr	0xe	1	0	0	0
2375	0x50936fc	__getccl	0xe	1	0	0	0
2376	0x50f5e24	_nofile.2	0xe	7	0	0	0
2377	0x50fb580	_iobglue	0xe	12	0	0	0
2378	0x50fb584	_endglue	0xe	12	0	0	0
2379	0x509672c	__p_dconv	0xe	1	0	0	0
2380	0x509676c	__efmt	0xe	1	0	0	0
2381	0x5096a2c	__ffmt	0xe	1	0	0	0
2382	0x5096d38	__gfmt_common	0xe	1	0	0	0
2383	0x50971b4	_btod	0xe	1	0	0	0
2384	0x50f5fb8	_environ_pointer.78	0xe	7	0	0	0
2385	0x50f5fc0	_validtz.2	0xe	7	0	0	0
2386	0x50fb588	_cached_tz.3	0xe	12	0	0	0
2387	0x5097470	_sigvec__	0xe	1	0	0	0
2388	0x50f6154	_cprocs_started	0xe	7	0	0	0
2389	0x50f6158	_cproc_lock	0xe	7	0	0	0
2390	0x50f615c	_cprocs	0xe	7	0	0	0
2391	0x5099390	_cproc_alloc	0xe	1	0	0	0
2392	0x50996bc	_cproc_continue	0xe	1	0	0	0
2393	0x50f6160	_cthreads	0xe	7	0	0	0
2394	0x50f6168	_cthread_lock	0xe	7	0	0	0
2395	0x50f6170	_cthread_needed	0xe	7	0	0	0
2396	0x50f6180	_cthread_idle	0xe	7	0	0	0
2397	0x50f6190	_n_cprocs	0xe	7	0	0	0
2398	0x50f6194	_n_cthreads	0xe	7	0	0	0
2399	0x50f6198	_max_cprocs	0xe	7	0	0	0
2400	0x50f619c	_free_cthreads	0xe	7	0	0	0
2401	0x50f61a0	_cthread_free_lock	0xe	7	0	0	0
2402	0x50f61a4	_initial_cthread	0xe	7	0	0	0
2403	0x509999c	_cthread_alloc	0xe	1	0	0	0
2404	0x50f6250	__cthread_free_callout_function	0xe	7	0	0	0
2405	0x5099a6c	_cthread_free	0xe	1	0	0	0
2406	0x50f6254	_cthreads_started.8	0xe	7	0	0	0
2407	0x50f6258	_saved_self	0xe	7	0	0	0
2408	0x50f625c	_reply_port_lock	0xe	7	0	0	0
2409	0x50f6264	_cthread_stack_size	0xe	7	0	0	0
2410	0x50f6268	_next_stack_base	0xe	7	0	0	0
2411	0x50f626c	_initial_stack_deallocated	0xe	7	0	0	0
2412	0x50f6270	_initial_stack_lock	0xe	7	0	0	0
2413	0x509a5dc	_setup_stack	0xe	1	0	0	0
2414	0x509ab24	retry	0xe	1	0	0	0
2415	0x509ab48	out	0xe	1	0	0	0
2416	0x509ab34	loop	0xe	1	0	0	0
2417	0x50f6378	__yprequest_arms	0xe	7	0	0	0
2418	0x50f6398	__ypresponse_arms	0xe	7	0	0	0
2419	0x50f63b8	_ypbind_resp_arms	0xe	7	0	0	0
2420	0x50f63d0	_tcp_timout	0xe	7	0	0	0
2421	0x50f63d8	_bind_intertry	0xe	7	0	0	0
2422	0x50f63e0	_bind_timeout	0xe	7	0	0	0
2423	0x50f63e8	_ypserv_intertry	0xe	7	0	0	0
2424	0x50f63f0	_bfvalid	0xe	7	0	0	0
2425	0x50fb59c	_bfname	0xe	12	0	0	0
2426	0x50fb5fc	_bf	0xe	12	0	0	0
2427	0x50fb600	_binder_port	0xe	12	0	0	0
2428	0x50fb590	_my_addr	0xe	12	0	0	0
2429	0x50fb594	_bound_domains	0xe	12	0	0	0
2430	0x509b998	__default_domain	0xe	1	0	0	0
2431	0x50fb598	_default_domain	0xe	12	0	0	0
2432	0x50f63f4	_mypid.12	0xe	7	0	0	0
2433	0x509ba64	_newborn	0xe	1	0	0	0
2434	0x509bad4	_check_binding	0xe	1	0	0	0
2435	0x509bba4	_check_pmap_up	0xe	1	0	0	0
2436	0x509bc68	_check_binder_up	0xe	1	0	0	0
2437	0x509bdb0	_talk2_pmap	0xe	1	0	0	0
2438	0x509bf18	_talk2_binder	0xe	1	0	0	0
2439	0x509c1bc	_get_binder_port	0xe	1	0	0	0
2440	0x509c224	_load_dom_binding	0xe	1	0	0	0
2441	0x509c3dc	_talk2_server	0xe	1	0	0	0
2442	0x50f6440	_ypsymbol_prefix	0xe	7	0	0	0
2443	0x50f6444	_ypsymbol_prefix_length	0xe	7	0	0	0
2444	0x509c6c4	_v2dofirst	0xe	1	0	0	0
2445	0x509c854	_v1dofirst	0xe	1	0	0	0
2446	0x509cba8	_v2donext	0xe	1	0	0	0
2447	0x509cd44	_v1donext	0xe	1	0	0	0
2448	0x509cf88	_v1filter	0xe	1	0	0	0
2449	0x509d164	_v2domaster	0xe	1	0	0	0
2450	0x509d264	_v1domaster	0xe	1	0	0	0
2451	0x509d3d0	_detachnode	0xe	1	0	0	0
2452	0x50fb604	_head	0xe	12	0	0	0
2453	0x509d410	_freenode	0xe	1	0	0	0
2454	0x509d494	_makenode	0xe	1	0	0	0
2455	0x509d834	_v2domatch	0xe	1	0	0	0
2456	0x509d96c	_v1domatch	0xe	1	0	0	0
2457	0x509dbc8	_v2doorder	0xe	1	0	0	0
2458	0x509dc90	_v1doorder	0xe	1	0	0	0
2459	0x50f6470	_bb_head	0xe	7	0	0	0
2460	0x509deec	_num_digits	0xe	1	0	0	0
2461	0x50f6474	___new_handler	0xe	7	0	0	0
2462	0x509f1d0	_default_new_handler	0xe	1	0	0	0
2463	0x50f1648	___clz_tab	0xe	4	0	0	0
2464	0x509f794	_log2	0xe	1	0	0	0
2465	0x509f7b8	_exp2m1	0xe	1	0	0	0
2466	0x50f647c	_protoPrototype	0xe	7	0	0	0
2467	0x50f648c	_prototypes	0xe	7	0	0	0
2468	0x509f874	_bootstrap	0xe	1	0	0	0
2469	0x509fb08	_freeBucketPairs	0xe	1	0	0	0
2470	0x509fb58	_freeBuckets	0xe	1	0	0	0
2471	0x509ff94	__NXHashRehash	0xe	1	0	0	0
2472	0x50f6490	_uniqueStrings	0xe	7	0	0	0
2473	0x50f6494	_accessUniqueString	0xe	7	0	0	0
2474	0x50f6498	_zone	0xe	7	0	0	0
2475	0x50f649c	_zoneSize	0xe	7	0	0	0
2476	0x50f64a0	_lock	0xe	7	0	0	0
2477	0x50a0830	_CopyIntoReadOnly	0xe	1	0	0	0
2478	0x50a0bdc	_log2	0xe	1	0	0	0
2479	0x50f64a8	_protoPrototype	0xe	7	0	0	0
2480	0x50f64b8	_prototypes	0xe	7	0	0	0
2481	0x50f64bc	_mapSearch	0xe	7	0	0	0
2482	0x50f64c0	_mapSearchHit	0xe	7	0	0	0
2483	0x50f64c4	_mapSearchLoop	0xe	7	0	0	0
2484	0x50f64c8	_mapRehash	0xe	7	0	0	0
2485	0x50f64cc	_mapRehashSum	0xe	7	0	0	0
2486	0x50a1238	__NXMapRehash	0xe	1	0	0	0
2487	0x50f64d0	_mapInsert	0xe	7	0	0	0
2488	0x50f64d4	_mapInsertHit	0xe	7	0	0	0
2489	0x50f64d8	_mapInsertLoop	0xe	7	0	0	0
2490	0x50f64dc	_mapRemove	0xe	7	0	0	0
2491	0x50f64e0	__class_uncache	0xe	7	0	0	0
2492	0x50f64e4	__class_slow_grow	0xe	7	0	0	0
2493	0x50f1748	__errNoMem	0xe	4	0	0	0
2494	0x50f1768	__errAllocNil	0xe	4	0	0	0
2495	0x50f1780	__errFreedObject	0xe	4	0	0	0
2496	0x50f17a8	__errNonExistentObject	0xe	4	0	0	0
2497	0x50f17d8	__errBadSel	0xe	4	0	0	0
2498	0x50f17f0	__errNotSuper	0xe	4	0	0	0
2499	0x50f1820	__errNewVars	0xe	4	0	0	0
2500	0x50f7f24	_freedObjectClass	0xe	11	0	0	0
2501	0x50f7f4c	_nonexistentObjectClass	0xe	11	0	0	0
2502	0x50a1dc4	_class_getVariable	0xe	1	0	0	0
2503	0x50a1e74	_flush_caches	0xe	1	0	0	0
2504	0x50f64f0	_posed_class_hash	0xe	7	0	0	0
2505	0x50f64f4	_posed_class_to_original_class_hash	0xe	7	0	0	0
2506	0x50a214c	_addClassToOriginalClass	0xe	1	0	0	0
2507	0x50a22ec	__objc_addOrigClass	0xe	1	0	0	0
2508	0x50a2748	__freedHandler	0xe	1	0	0	0
2509	0x50a2784	__nonexistentHandler	0xe	1	0	0	0
2510	0x50a27c0	_class_initialize	0xe	1	0	0	0
2511	0x50a29ec	_objc_malloc	0xe	1	0	0	0
2512	0x50a2e50	__cache_expand	0xe	1	0	0	0
2513	0x50f64f8	_totalCacheFills	0xe	7	0	0	0
2514	0x50f64fc	_objcInstrumentationFD	0xe	7	0	0	0
2515	0x50f6500	_objcInstrumentationOn	0xe	7	0	0	0
2516	0x50a3180	__cache_fill	0xe	1	0	0	0
2517	0x50a32c0	__cache_flush	0xe	1	0	0	0
2518	0x50a35cc	_SubTypeUntil	0xe	1	0	0	0
2519	0x50a36c4	_SkipFirstType	0xe	1	0	0	0
2520	0x50f6504	__objc_zone.180	0xe	7	0	0	0
2521	0x50a3bbc	__cache_print	0xe	1	0	0	0
2522	0x50a3d14	_log2	0xe	1	0	0	0
2523	0x50a4de0	__getExecHeader	0xe	1	0	0	0
2524	0x50a4f84	_send_unload_message_to_class	0xe	1	0	0	0
2525	0x50a4fd8	_send_unload_message_to_category	0xe	1	0	0	0
2526	0x50a5054	__objc_fixup_string_objects_from_header	0xe	1	0	0	0
2527	0x50a50d0	_objc_registerModule	0xe	1	0	0	0
2528	0x50a5850	_objc_unregisterModule	0xe	1	0	0	0
2529	0x50f6534	_loadLock	0xe	7	0	0	0
2530	0x50f6548	_header_vector	0xe	7	0	0	0
2531	0x50f654c	_header_count	0xe	7	0	0	0
2532	0x50f6550	_class_hash	0xe	7	0	0	0
2533	0x50a5db0	_classHash	0xe	1	0	0	0
2534	0x50a5e28	_classIsEqual	0xe	1	0	0	0
2535	0x50f655c	_classHashPrototype	0xe	7	0	0	0
2536	0x50a5f08	__objc_defaultClassHandler	0xe	1	0	0	0
2537	0x50f656c	_objc_classHandler	0xe	7	0	0	0
2538	0x50fb60c	_module_vector	0xe	12	0	0	0
2539	0x50fb608	_module_count	0xe	12	0	0	0
2540	0x50a64c4	__objcTweakMethodListPointerForClass	0xe	1	0	0	0
2541	0x50f6570	_category_hash	0xe	7	0	0	0
2542	0x50a6728	__objc_resolve_categories_for_class	0xe	1	0	0	0
2543	0x50a6790	__objc_register_category	0xe	1	0	0	0
2544	0x50a6884	__objc_add_categories_from_image	0xe	1	0	0	0
2545	0x50a69c4	__headerForClass	0xe	1	0	0	0
2546	0x50a6a84	__resolveClassConflict	0xe	1	0	0	0
2547	0x50f6574	_pended_map_selectors_index	0xe	7	0	0	0
2548	0x50f6578	_map_selectors_pended	0xe	7	0	0	0
2549	0x50a6b30	_pend_map_selectors	0xe	1	0	0	0
2550	0x50f657c	_pendingClassRefsMap	0xe	7	0	0	0
2551	0x50a6b58	_checkForPendingClassReferences	0xe	1	0	0	0
2552	0x50a6de4	__objc_get_classes_from_image	0xe	1	0	0	0
2553	0x50a6ee4	__objc_fixup_string_objects_for_image	0xe	1	0	0	0
2554	0x50a6f78	__objc_map_class_refs_for_image	0xe	1	0	0	0
2555	0x50a6ff4	__objc_fixup_protocol_objects_for_image	0xe	1	0	0	0
2556	0x50a7124	_compareHeaders	0xe	1	0	0	0
2557	0x50f6580	_categoryMethodMap	0xe	7	0	0	0
2558	0x50f6584	_classMethodMap	0xe	7	0	0	0
2559	0x50a7318	__objc_registerMethodListFromCategory	0xe	1	0	0	0
2560	0x50a73d8	__objc_registerMethodListFromClass	0xe	1	0	0	0
2561	0x50f6588	_rocketLaunching	0xe	7	0	0	0
2562	0x50a78fc	_libraryNameForMachHeader	0xe	1	0	0	0
2563	0x50a7954	_undo_preuniqing_for_image	0xe	1	0	0	0
2564	0x50a7a40	__objc_fixup_selector_refs	0xe	1	0	0	0
2565	0x50a7e6c	_sortedRefsSize	0xe	1	0	0	0
2566	0x50a7e94	_backrefsSectionComparator	0xe	1	0	0	0
2567	0x50a7ed0	_do_pended_map_selectors	0xe	1	0	0	0
2568	0x50fb610	_pended_map_selectors	0xe	12	0	0	0
2569	0x50a82c8	__objc_call_loads_for_image	0xe	1	0	0	0
2570	0x50a883c	__objc_map_image_callback	0xe	1	0	0	0
2571	0x50a8a78	__objc_link_module_callback	0xe	1	0	0	0
2572	0x50a8a80	__objc_unlink_module_callback	0xe	1	0	0	0
2573	0x50f1ae4	_sentinel	0xe	4	0	0	0
2574	0x50f6598	_dynamicHashTable	0xe	7	0	0	0
2575	0x50f65bc	_hashTableChain	0xe	7	0	0	0
2576	0x50f65c0	_selectorLock	0xe	7	0	0	0
2577	0x50a8ad0	_objc_malloc	0xe	1	0	0	0
2578	0x50f65c8	_HASH_alloc_list.82	0xe	7	0	0	0
2579	0x50f65cc	_HASH_alloc_index.83	0xe	7	0	0	0
2580	0x50f65d0	_relativeTo	0xe	7	0	0	0
2581	0x50a8cf4	_comparator	0xe	1	0	0	0
2582	0x50a8d28	_fixupEntryForSelector	0xe	1	0	0	0
2583	0x50a8d70	_selRefForFixupEntryInTable	0xe	1	0	0	0
2584	0x50f1ae8	__errNoMem	0xe	4	0	0	0
2585	0x50f1b08	__errReAllocNil	0xe	4	0	0	0
2586	0x50f1b20	__errReAllocFreed	0xe	4	0	0	0
2587	0x50f1b40	__errReAllocTooSmall	0xe	4	0	0	0
2588	0x50f1b68	__errShouldHaveImp	0xe	4	0	0	0
2589	0x50f1b98	__errShouldNotImp	0xe	4	0	0	0
2590	0x50f1bc8	__errLeftUndone	0xe	4	0	0	0
2591	0x50f1be8	__errBadSel	0xe	4	0	0	0
2592	0x50f1c10	__errDoesntRecognize	0xe	4	0	0	0
2593	0x50aa1b4	+[Object initialize]	0xe	1	0	0	0
2594	0x50aa1c0	-[Object awake]	0xe	1	0	0	0
2595	0x50aa1cc	+[Object poseAs:]	0xe	1	0	0	0
2596	0x50aa200	+[Object new]	0xe	1	0	0	0
2597	0x50aa268	+[Object alloc]	0xe	1	0	0	0
2598	0x50aa2a4	+[Object allocFromZone:]	0xe	1	0	0	0
2599	0x50aa2dc	-[Object init]	0xe	1	0	0	0
2600	0x50aa2e8	-[Object name]	0xe	1	0	0	0
2601	0x50aa2fc	+[Object name]	0xe	1	0	0	0
2602	0x50aa30c	-[Object hash]	0xe	1	0	0	0
2603	0x50aa31c	-[Object isEqual:]	0xe	1	0	0	0
2604	0x50aa334	-[Object free]	0xe	1	0	0	0
2605	0x50aa364	+[Object free]	0xe	1	0	0	0
2606	0x50aa374	-[Object self]	0xe	1	0	0	0
2607	0x50aa380	-[Object class]	0xe	1	0	0	0
2608	0x50aa390	+[Object class]	0xe	1	0	0	0
2609	0x50aa39c	-[Object zone]	0xe	1	0	0	0
2610	0x50aa3c4	+[Object superclass]	0xe	1	0	0	0
2611	0x50aa3d4	-[Object superclass]	0xe	1	0	0	0
2612	0x50aa3e8	+[Object version]	0xe	1	0	0	0
2613	0x50aa3f8	+[Object setVersion:]	0xe	1	0	0	0
2614	0x50aa408	-[Object isKindOf:]	0xe	1	0	0	0
2615	0x50aa448	-[Object isMemberOf:]	0xe	1	0	0	0
2616	0x50aa464	-[Object isKindOfClassNamed:]	0xe	1	0	0	0
2617	0x50aa4b0	-[Object isMemberOfClassNamed:]	0xe	1	0	0	0
2618	0x50aa4d4	+[Object instancesRespondTo:]	0xe	1	0	0	0
2619	0x50aa4f4	-[Object respondsTo:]	0xe	1	0	0	0
2620	0x50aa514	-[Object copy]	0xe	1	0	0	0
2621	0x50aa55c	-[Object copyFromZone:]	0xe	1	0	0	0
2622	0x50aa594	-[Object methodFor:]	0xe	1	0	0	0
2623	0x50aa5ac	+[Object instanceMethodFor:]	0xe	1	0	0	0
2624	0x50aa5c4	-[Object perform:]	0xe	1	0	0	0
2625	0x50aa624	-[Object perform:with:]	0xe	1	0	0	0
2626	0x50aa688	-[Object perform:with:with:]	0xe	1	0	0	0
2627	0x50aa6f4	-[Object subclassResponsibility:]	0xe	1	0	0	0
2628	0x50aa73c	-[Object notImplemented:]	0xe	1	0	0	0
2629	0x50aa784	-[Object doesNotRecognize:]	0xe	1	0	0	0
2630	0x50aa7e8	-[Object error:]	0xe	1	0	0	0
2631	0x50aa840	-[Object printForDebugger:]	0xe	1	0	0	0
2632	0x50aa884	-[Object write:]	0xe	1	0	0	0
2633	0x50aa890	-[Object read:]	0xe	1	0	0	0
2634	0x50aa89c	-[Object forward::]	0xe	1	0	0	0
2635	0x50aa8cc	-[Object methodArgSize:]	0xe	1	0	0	0
2636	0x50aa8fc	-[Object performv::]	0xe	1	0	0	0
2637	0x50aa974	-[Object conformsTo:]	0xe	1	0	0	0
2638	0x50aa9ac	+[Object conformsTo:]	0xe	1	0	0	0
2639	0x50aaa74	-[Object descriptionForMethod:]	0xe	1	0	0	0
2640	0x50aabf0	+[Object descriptionForInstanceMethod:]	0xe	1	0	0	0
2641	0x50aad58	+[Object superClass]	0xe	1	0	0	0
2642	0x50aad84	-[Object superClass]	0xe	1	0	0	0
2643	0x50aadb0	-[Object isKindOfGivenName:]	0xe	1	0	0	0
2644	0x50aade8	-[Object isMemberOfGivenName:]	0xe	1	0	0	0
2645	0x50aae20	-[Object methodDescFor:]	0xe	1	0	0	0
2646	0x50aae50	+[Object instanceMethodDescFor:]	0xe	1	0	0	0
2647	0x50aae80	-[Object findClass:]	0xe	1	0	0	0
2648	0x50aaeb0	-[Object shouldNotImplement:]	0xe	1	0	0	0
2649	0x50ab290	_fixup_classes	0xe	1	0	0	0
2650	0x50ab3f0	+[Protocol _fixup:numElements:]	0xe	1	0	0	0
2651	0x50ab4b0	+[Protocol load]	0xe	1	0	0	0
2652	0x50ab53c	-[Protocol conformsTo:]	0xe	1	0	0	0
2653	0x50ab5fc	-[Protocol descriptionForInstanceMethod:]	0xe	1	0	0	0
2654	0x50ab63c	-[Protocol descriptionForClassMethod:]	0xe	1	0	0	0
2655	0x50ab67c	-[Protocol name]	0xe	1	0	0	0
2656	0x50ab68c	-[Protocol isEqual:]	0xe	1	0	0	0
2657	0x50ab738	-[Protocol hash]	0xe	1	0	0	0
2658	0x50ab748	_lookup_method	0xe	1	0	0	0
2659	0x50ab7a8	_lookup_instance_method	0xe	1	0	0	0
2660	0x50ab834	_lookup_class_method	0xe	1	0	0	0
2661	0x50ab8f0	_call_constructors	0xe	1	0	0	0
2662	0x50ab938	_call_destructors	0xe	1	0	0	0
2663	0x50ab980	_call_routines_for_section	0xe	1	0	0	0
2664	0x50f65dc	_ErrorBufferSize	0xe	7	0	0	0
2665	0x50f65e0	_BaseAltHandlers	0xe	7	0	0	0
2666	0x50f66a0	_Base	0xe	7	0	0	0
2667	0x50f66b8	_Lock	0xe	7	0	0	0
2668	0x50aba18	_addme	0xe	1	0	0	0
2669	0x50abaf0	__NXClearExceptionStack	0xe	1	0	0	0
2670	0x50abb5c	_trickyRemoveHandler	0xe	1	0	0	0
2671	0x50f66c0	_ExceptionRaiser	0xe	7	0	0	0
2672	0x50f66c4	_ErrorBuffer	0xe	7	0	0	0
2673	0x50f66c8	_ErrorBufferOffset	0xe	7	0	0	0
2674	0x50f66cc	_mylock.26	0xe	7	0	0	0
2675	0x50f66d8	_hasTerm.2	0xe	7	0	0	0
2676	0x50ac310	_hasTerminal	0xe	1	0	0	0
2677	0x50ac89c	_log2	0xe	1	0	0	0
2678	0x50ac8c0	_exp2m1	0xe	1	0	0	0
2679	0x50ac8d0	_hash	0xe	1	0	0	0
2680	0x50ac9bc	_isEqual	0xe	1	0	0	0
2681	0x50aca90	_freeObject	0xe	1	0	0	0
2682	0x50acabc	_noFree	0xe	1	0	0	0
2683	0x50acac4	+[HashTable initialize]	0xe	1	0	0	0
2684	0x50acaf4	-[HashTable _initBare:::]	0xe	1	0	0	0
2685	0x50acb50	+[HashTable _newBare:::]	0xe	1	0	0	0
2686	0x50acba4	-[HashTable initKeyDesc:valueDesc:]	0xe	1	0	0	0
2687	0x50acbdc	-[HashTable initKeyDesc:]	0xe	1	0	0	0
2688	0x50acc10	-[HashTable init]	0xe	1	0	0	0
2689	0x50acc40	-[HashTable initKeyDesc:valueDesc:capacity:]	0xe	1	0	0	0
2690	0x50accb0	+[HashTable newKeyDesc:valueDesc:capacity:]	0xe	1	0	0	0
2691	0x50acd04	+[HashTable newKeyDesc:valueDesc:]	0xe	1	0	0	0
2692	0x50acd3c	+[HashTable newKeyDesc:]	0xe	1	0	0	0
2693	0x50acd70	+[HashTable new]	0xe	1	0	0	0
2694	0x50acda0	-[HashTable free]	0xe	1	0	0	0
2695	0x50ace18	-[HashTable freeObjects]	0xe	1	0	0	0
2696	0x50ace9c	-[HashTable freeKeys:values:]	0xe	1	0	0	0
2697	0x50acf18	-[HashTable empty]	0xe	1	0	0	0
2698	0x50acf64	-[HashTable copyFromZone:]	0xe	1	0	0	0
2699	0x50ad038	-[HashTable count]	0xe	1	0	0	0
2700	0x50ad048	-[HashTable isKey:]	0xe	1	0	0	0
2701	0x50ad0cc	-[HashTable valueForKey:]	0xe	1	0	0	0
2702	0x50ad14c	-[HashTable _insertKeyNoRehash:value:]	0xe	1	0	0	0
2703	0x50ad284	-[HashTable insertKey:value:]	0xe	1	0	0	0
2704	0x50ad428	-[HashTable removeKey:]	0xe	1	0	0	0
2705	0x50ad590	-[HashTable initState]	0xe	1	0	0	0
2706	0x50ad5bc	-[HashTable nextState:key:value:]	0xe	1	0	0	0
2707	0x50ad654	-[HashTable write:]	0xe	1	0	0	0
2708	0x50ad73c	-[HashTable read:]	0xe	1	0	0	0
2709	0x50ad888	_DebugPrint	0xe	1	0	0	0
2710	0x50ad94c	-[HashTable printForDebugger:]	0xe	1	0	0	0
2711	0x50ada5c	-[HashTable _debugPrint:]	0xe	1	0	0	0
2712	0x50ada8c	+[List initialize]	0xe	1	0	0	0
2713	0x50adabc	-[List initCount:]	0xe	1	0	0	0
2714	0x50adb20	+[List newCount:]	0xe	1	0	0	0
2715	0x50adb6c	+[List new]	0xe	1	0	0	0
2716	0x50adb9c	-[List init]	0xe	1	0	0	0
2717	0x50adbcc	-[List free]	0xe	1	0	0	0
2718	0x50adc18	-[List freeObjects]	0xe	1	0	0	0
2719	0x50adc64	-[List copyFromZone:]	0xe	1	0	0	0
2720	0x50adcdc	-[List isEqual:]	0xe	1	0	0	0
2721	0x50add68	-[List capacity]	0xe	1	0	0	0
2722	0x50add78	-[List count]	0xe	1	0	0	0
2723	0x50add88	-[List objectAt:]	0xe	1	0	0	0
2724	0x50addb4	-[List indexOf:]	0xe	1	0	0	0
2725	0x50ade0c	-[List lastObject]	0xe	1	0	0	0
2726	0x50ade3c	-[List setAvailableCapacity:]	0xe	1	0	0	0
2727	0x50adeac	-[List insertObject:at:]	0xe	1	0	0	0
2728	0x50adf8c	-[List addObject:]	0xe	1	0	0	0
2729	0x50adfc0	-[List addObjectIfAbsent:]	0xe	1	0	0	0
2730	0x50ae040	-[List removeObjectAt:]	0xe	1	0	0	0
2731	0x50ae0b0	-[List removeObject:]	0xe	1	0	0	0
2732	0x50ae128	-[List removeLastObject]	0xe	1	0	0	0
2733	0x50ae170	-[List empty]	0xe	1	0	0	0
2734	0x50ae180	-[List replaceObject:with:]	0xe	1	0	0	0
2735	0x50ae1e4	-[List replaceObjectAt:with:]	0xe	1	0	0	0
2736	0x50ae220	-[List write:]	0xe	1	0	0	0
2737	0x50ae2a4	-[List read:]	0xe	1	0	0	0
2738	0x50ae3d8	-[List makeObjectsPerform:]	0xe	1	0	0	0
2739	0x50ae424	-[List makeObjectsPerform:with:]	0xe	1	0	0	0
2740	0x50ae474	-[List appendList:]	0xe	1	0	0	0
2741	0x50ae4f4	_warning	0xe	1	0	0	0
2742	0x50f66dc	_bundleTable	0xe	7	0	0	0
2743	0x50f66e0	_mainBundleStringTableTable	0xe	7	0	0	0
2744	0x50f66e4	_classToBundle	0xe	7	0	0	0
2745	0x50f66e8	_mainBundle	0xe	7	0	0	0
2746	0x50f66ec	_pathToBundle	0xe	7	0	0	0
2747	0x50ae4fc	-[NXBundle initForDirectory:]	0xe	1	0	0	0
2748	0x50ae69c	-[NXBundle free]	0xe	1	0	0	0
2749	0x50ae70c	+[NXBundle mainBundle]	0xe	1	0	0	0
2750	0x50ae7e8	+[NXBundle bundleForClass:]	0xe	1	0	0	0
2751	0x50ae848	-[NXBundle directory]	0xe	1	0	0	0
2752	0x50f66f0	_globalPrincipalClass	0xe	7	0	0	0
2753	0x50f66f4	_globalBundle	0xe	7	0	0	0
2754	0x50ae858	_loadCallback	0xe	1	0	0	0
2755	0x50f66f8	_bundleErrorStream	0xe	7	0	0	0
2756	0x50ae948	+[NXBundle setErrorStream:]	0xe	1	0	0	0
2757	0x50ae978	-[NXBundle ensureLoaded]	0xe	1	0	0	0
2758	0x50aebf0	-[NXBundle classNamed:]	0xe	1	0	0	0
2759	0x50aec38	-[NXBundle principalClass]	0xe	1	0	0	0
2760	0x50aec7c	-[NXBundle setVersion:]	0xe	1	0	0	0
2761	0x50aec8c	-[NXBundle version]	0xe	1	0	0	0
2762	0x50f66fc	_systemHasLanguages	0xe	7	0	0	0
2763	0x50f6700	_systemLanguages	0xe	7	0	0	0
2764	0x50aec9c	_getDefaultSystemLanguages	0xe	1	0	0	0
2765	0x50aee24	_readLprojVersion	0xe	1	0	0	0
2766	0x50aeecc	_addExtension	0xe	1	0	0	0
2767	0x50aef68	_addDirectoryEntriesTo	0xe	1	0	0	0
2768	0x50f6704	_lprojTable.112	0xe	7	0	0	0
2769	0x50af014	_isFileInValidLproj	0xe	1	0	0	0
2770	0x50af288	_getPathToNextLibraryLanguages	0xe	1	0	0	0
2771	0x50af484	+[NXBundle getPath:forResource:ofType:inDirectory:withVersion:]	0xe	1	0	0	0
2772	0x50af5d8	-[NXBundle getPath:forResource:ofType:]	0xe	1	0	0	0
2773	0x50af634	+[NXBundle setSystemLanguages:]	0xe	1	0	0	0
2774	0x50f6708	_LocalizedStringZone.123	0xe	7	0	0	0
2775	0x50afabc	-[NXBundle(Compatability) initForPath:]	0xe	1	0	0	0
2776	0x50afaec	-[NXBundle(Compatability) path]	0xe	1	0	0	0
2777	0x50afb18	+[NXBundle(Compatability) forClass:]	0xe	1	0	0	0
2778	0x50afb48	+[NXBundle(Compatability) newFromPath:]	0xe	1	0	0	0
2779	0x50afb88	-[NXBundle(Compatability) initFromPath:]	0xe	1	0	0	0
2780	0x50afbb8	-[NXBundle(Compatability) bundlePath]	0xe	1	0	0	0
2781	0x50afbe4	-[NXBundle(Compatability) codeLoaded]	0xe	1	0	0	0
2782	0x50afbf4	-[NXBundle(Compatability) firstClass]	0xe	1	0	0	0
2783	0x50afc20	-[NXBundle(Compatability) getResourcePath:forName:type:]	0xe	1	0	0	0
2784	0x50afc60	-[NXBundle(Compatability) getClass:]	0xe	1	0	0	0
2785	0x50afc90	-[NXBundle(Compatability) classForName:]	0xe	1	0	0	0
2786	0x50afcc0	_noFree	0xe	1	0	0	0
2787	0x50afcc8	_freeObjects	0xe	1	0	0	0
2788	0x50afd08	+[NXBundle(Private) _invalidateLprojCache]	0xe	1	0	0	0
2789	0x50afdd0	-[NXCharacterSet init]	0xe	1	0	0	0
2790	0x50afe6c	-[NXCharacterSet characterIsMember:]	0xe	1	0	0	0
2791	0x50afe94	-[NXCharacterSet addCharacters:length:]	0xe	1	0	0	0
2792	0x50afee8	-[NXCharacterSet removeCharacters:length:]	0xe	1	0	0	0
2793	0x50aff3c	-[NXCharacterSet addRange::]	0xe	1	0	0	0
2794	0x50affa0	-[NXCharacterSet removeRange::]	0xe	1	0	0	0
2795	0x50b0004	-[NXCharacterSet invert]	0xe	1	0	0	0
2796	0x50b0038	-[NXCharacterSet unionWith:]	0xe	1	0	0	0
2797	0x50b0074	-[NXCharacterSet intersectWith:]	0xe	1	0	0	0
2798	0x50b00b0	-[NXCharacterSet copyFromZone:]	0xe	1	0	0	0
2799	0x50b011c	-[NXCharacterSet free]	0xe	1	0	0	0
2800	0x50b0168	-[NXCharacterSet write:]	0xe	1	0	0	0
2801	0x50b01cc	-[NXCharacterSet read:]	0xe	1	0	0	0
2802	0x50b0230	-[NXMutableString(NX_BS_Extras) appendCharacters:length:]	0xe	1	0	0	0
2803	0x50b02b0	-[Object(NX_BS_Extras) writeToStream:]	0xe	1	0	0	0
2804	0x50b02e0	_freeKeyAndValue	0xe	1	0	0	0
2805	0x50b0320	-[NXPropertyList init]	0xe	1	0	0	0
2806	0x50b0390	-[NXPropertyList free]	0xe	1	0	0	0
2807	0x50b03e8	-[NXPropertyList count]	0xe	1	0	0	0
2808	0x50b03fc	-[NXPropertyList member:]	0xe	1	0	0	0
2809	0x50b0424	-[NXPropertyList get:]	0xe	1	0	0	0
2810	0x50b043c	-[NXPropertyList insert:value:]	0xe	1	0	0	0
2811	0x50b04c0	-[NXPropertyList remove:]	0xe	1	0	0	0
2812	0x50b051c	-[NXPropertyList empty]	0xe	1	0	0	0
2813	0x50b0530	-[NXPropertyList initEnumeration]	0xe	1	0	0	0
2814	0x50b0544	-[NXPropertyList enumerate:key:value:]	0xe	1	0	0	0
2815	0x50b056c	-[NXPropertyList(Basic_IO) initFromStream:]	0xe	1	0	0	0
2816	0x50b06d8	-[NXPropertyList(Basic_IO) initFromPath:]	0xe	1	0	0	0
2817	0x50b0844	-[NXPropertyList(Basic_IO) writeToStream:]	0xe	1	0	0	0
2818	0x50b0898	-[NXPropertyList(Basic_IO) writeToPath:safely:]	0xe	1	0	0	0
2819	0x50b09ac	-[NXPropertyList(Basic_IO) writeToPath:]	0xe	1	0	0	0
2820	0x50b09e8	_NXGetNonSpace	0xe	1	0	0	0
2821	0x50b0c90	_NXGetSlashedChar	0xe	1	0	0	0
2822	0x50b1028	_readValue	0xe	1	0	0	0
2823	0x50b1128	_writeSpaces	0xe	1	0	0	0
2824	0x50b121c	-[NXCleanList free]	0xe	1	0	0	0
2825	0x50b1274	-[NXPropertyList(Fancy_IO) initFromStream:context:]	0xe	1	0	0	0
2826	0x50b1480	-[NXPropertyList(Fancy_IO) writeToStream:context:]	0xe	1	0	0	0
2827	0x50b176c	-[NXPropertyList(Fancy_IO) initFromPath:context:]	0xe	1	0	0	0
2828	0x50b18bc	-[NXCleanList(Fancy_IO) initFromStream:context:]	0xe	1	0	0	0
2829	0x50b1a04	-[NXCleanList(Fancy_IO) writeToStream:context:]	0xe	1	0	0	0
2830	0x50b1b8c	-[NXString(Fancy_IO) initFromStream:context:]	0xe	1	0	0	0
2831	0x50b1f70	-[NXString(Fancy_IO) writeToStream:context:]	0xe	1	0	0	0
2832	0x50b22bc	_hashString	0xe	1	0	0	0
2833	0x50b22e8	_isEqualString	0xe	1	0	0	0
2834	0x50b2320	_freeString	0xe	1	0	0	0
2835	0x50b234c	-[NXReadOnlyString(Fancy_IO) initFromStream:context:]	0xe	1	0	0	0
2836	0x50b2474	-[Object(Fancy_IO) writeToStream:context:]	0xe	1	0	0	0
2837	0x50b24a4	-[NXConstantString initFromCharactersNoCopy:length:]	0xe	1	0	0	0
2838	0x50b24d4	-[NXConstantString copyFromZone:]	0xe	1	0	0	0
2839	0x50b24e0	-[NXConstantString free]	0xe	1	0	0	0
2840	0x50b24f0	-[NXConstantString _reallyFree]	0xe	1	0	0	0
2841	0x50b2534	-[NXConstantString finishUnarchiving]	0xe	1	0	0	0
2842	0x50b2598	-[NXMutableString replaceCharactersInRange:withString:]	0xe	1	0	0	0
2843	0x50b25c8	-[NXMutableString insertString:at:]	0xe	1	0	0	0
2844	0x50b260c	-[NXMutableString appendString:]	0xe	1	0	0	0
2845	0x50b266c	-[NXMutableString deleteCharactersInRange:]	0xe	1	0	0	0
2846	0x50b26b8	-[NXMutableString mutableCopyFromZone:]	0xe	1	0	0	0
2847	0x50b26e8	-[NXMutableString immutableCopyFromZone:]	0xe	1	0	0	0
2848	0x50b2734	-[NXMutableString replaceRange:with:]	0xe	1	0	0	0
2849	0x50b2778	-[NXMutableString replaceWith:]	0xe	1	0	0	0
2850	0x50b27d4	-[NXMutableString insert:at:]	0xe	1	0	0	0
2851	0x50b2808	-[NXMutableString append:]	0xe	1	0	0	0
2852	0x50b2838	-[NXMutableString deleteRange:]	0xe	1	0	0	0
2853	0x50b2878	+[NXReadOnlyString alloc]	0xe	1	0	0	0
2854	0x50b28cc	+[NXReadOnlyString allocFromZone:]	0xe	1	0	0	0
2855	0x50b2920	-[NXReadOnlyString initFromCharactersNoCopy:length:]	0xe	1	0	0	0
2856	0x50b2958	-[NXReadOnlyString initFromCharactersNoCopy:length:freeWhenDone:]	0xe	1	0	0	0
2857	0x50b29d0	-[NXReadOnlyString allocateCharacterBuffer:]	0xe	1	0	0	0
2858	0x50b2a04	-[NXReadOnlyString copyFromZone:]	0xe	1	0	0	0
2859	0x50b2a2c	-[NXReadOnlyString copySubstring:fromZone:]	0xe	1	0	0	0
2860	0x50b2b18	-[NXReadOnlyString mutableCopyFromZone:]	0xe	1	0	0	0
2861	0x50b2b74	-[NXReadOnlyString free]	0xe	1	0	0	0
2862	0x50b2c00	-[NXReadOnlyString finishUnarchiving]	0xe	1	0	0	0
2863	0x50b2c68	-[NXReadOnlyString write:]	0xe	1	0	0	0
2864	0x50b2cdc	-[NXReadOnlyString read:]	0xe	1	0	0	0
2865	0x50b2d44	-[NXReadOnlySubstring free]	0xe	1	0	0	0
2866	0x50b2da8	-[NXReadWriteString initFromCharactersNoCopy:length:]	0xe	1	0	0	0
2867	0x50f670c	_emptyReadOnlyString.10	0xe	7	0	0	0
2868	0x50b2de0	-[NXReadWriteString initFromCharactersNoCopy:length:freeWhenDone:]	0xe	1	0	0	0
2869	0x50b2f0c	-[NXReadWriteString length]	0xe	1	0	0	0
2870	0x50b2f20	-[NXReadWriteString characterAt:]	0xe	1	0	0	0
2871	0x50b2f6c	-[NXReadWriteString allocateCharacterBuffer:]	0xe	1	0	0	0
2872	0x50b2fa0	-[NXReadWriteString getCharacters:range:]	0xe	1	0	0	0
2873	0x50b3008	-[NXReadWriteString getCString:maxLength:range:remainingRange:]	0xe	1	0	0	0
2874	0x50b30d4	-[NXReadWriteString compare:mask:table:]	0xe	1	0	0	0
2875	0x50b310c	-[NXReadWriteString findString:range:mask:table:]	0xe	1	0	0	0
2876	0x50b3168	-[NXReadWriteString findCharacter:range:mask:table:]	0xe	1	0	0	0
2877	0x50b31b4	-[NXReadWriteString findOneOf:range:mask:table:]	0xe	1	0	0	0
2878	0x50b3200	-[NXReadWriteString hash]	0xe	1	0	0	0
2879	0x50b322c	-[NXReadWriteString replaceCharactersInRange:withString:]	0xe	1	0	0	0
2880	0x50b33d8	-[NXReadWriteString copyFromZone:]	0xe	1	0	0	0
2881	0x50b343c	-[NXReadWriteString immutableCopyFromZone:]	0xe	1	0	0	0
2882	0x50b346c	-[NXReadWriteString free]	0xe	1	0	0	0
2883	0x50b34c4	-[NXReadWriteString write:]	0xe	1	0	0	0
2884	0x50b3518	-[NXReadWriteString read:]	0xe	1	0	0	0
2885	0x50b356c	-[NXReadWriteString finishUnarchiving]	0xe	1	0	0	0
2886	0x50b35d4	-[NXSimpleReadOnlyString initFromCharactersNoCopy:length:]	0xe	1	0	0	0
2887	0x50b3628	-[NXSimpleReadOnlyString characterAt:]	0xe	1	0	0	0
2888	0x50b366c	-[NXSimpleReadOnlyString length]	0xe	1	0	0	0
2889	0x50b367c	-[NXSimpleReadOnlyString getCharacters:range:]	0xe	1	0	0	0
2890	0x50b36dc	-[NXSimpleReadOnlyString getCString:maxLength:range:remainingRange:]	0xe	1	0	0	0
2891	0x50f6710	_simpleReadOnlyStringClass.18	0xe	7	0	0	0
2892	0x50b37a0	-[NXSimpleReadOnlyString compare:mask:table:]	0xe	1	0	0	0
2893	0x50b3954	-[NXSimpleReadOnlyString findString:range:mask:table:]	0xe	1	0	0	0
2894	0x50b3aa8	-[NXSimpleReadOnlyString findCharacter:range:mask:table:]	0xe	1	0	0	0
2895	0x50b3b48	-[NXSimpleReadOnlyString findOneOf:range:mask:table:]	0xe	1	0	0	0
2896	0x50b3c40	-[NXSimpleReadOnlyString copySubstring:fromZone:]	0xe	1	0	0	0
2897	0x50b3d18	-[NXSimpleReadOnlyString hash]	0xe	1	0	0	0
2898	0x50b3d50	-[NXSimpleReadOnlyString copyFromZone:]	0xe	1	0	0	0
2899	0x50b3dcc	-[NXSimpleReadOnlyString free]	0xe	1	0	0	0
2900	0x50b3e24	-[NXSimpleReadOnlyString write:]	0xe	1	0	0	0
2901	0x50b3ea8	-[NXSimpleReadOnlyString read:]	0xe	1	0	0	0
2902	0x50f6714	_theStringZone	0xe	7	0	0	0
2903	0x50b3f74	_objectPrintfProc	0xe	1	0	0	0
2904	0x50b40c0	+[NXString initialize]	0xe	1	0	0	0
2905	0x50b411c	-[NXString allocateCharacterBuffer:]	0xe	1	0	0	0
2906	0x50b417c	-[NXString initFromCharactersNoCopy:length:]	0xe	1	0	0	0
2907	0x50b41c0	-[NXString init]	0xe	1	0	0	0
2908	0x50b41f4	-[NXString initFromCharacters:length:]	0xe	1	0	0	0
2909	0x50b4250	-[NXString initFromString:]	0xe	1	0	0	0
2910	0x50b42b4	-[NXString initFromString:range:]	0xe	1	0	0	0
2911	0x50b4330	-[NXString initFromStream:untilOneOf:maxLength:]	0xe	1	0	0	0
2912	0x50b4368	-[NXString initFromCStringStream:untilOneOf:maxLength:]	0xe	1	0	0	0
2913	0x50b46e0	-[NXString initFromFormat:]	0xe	1	0	0	0
2914	0x50b4720	-[NXString initFromFormat:withArgList:]	0xe	1	0	0	0
2915	0x50b4814	-[NXString initFromCString:]	0xe	1	0	0	0
2916	0x50b4854	-[NXString initFromCString:length:]	0xe	1	0	0	0
2917	0x50b48e8	-[NXString getCString:]	0xe	1	0	0	0
2918	0x50b4950	-[NXString getCString:maxLength:]	0xe	1	0	0	0
2919	0x50b49b4	-[NXString getCString:maxLength:range:remainingRange:]	0xe	1	0	0	0
2920	0x50b4a48	-[NXString length]	0xe	1	0	0	0
2921	0x50b4a78	-[NXString cStringLength]	0xe	1	0	0	0
2922	0x50b4aa4	-[NXString cStringCopy]	0xe	1	0	0	0
2923	0x50b4b34	-[NXString uniqueCStringCopy]	0xe	1	0	0	0
2924	0x50b4bdc	-[NXString characterAt:]	0xe	1	0	0	0
2925	0x50b4c0c	-[NXString getCharacters:range:]	0xe	1	0	0	0
2926	0x50b4c5c	-[NXString getCharacters:]	0xe	1	0	0	0
2927	0x50f6718	_stringClass.134	0xe	7	0	0	0
2928	0x50b4ee0	-[NXString isEqual:]	0xe	1	0	0	0
2929	0x50b4fcc	-[NXString compare:]	0xe	1	0	0	0
2930	0x50b5004	-[NXString compare:mask:table:]	0xe	1	0	0	0
2931	0x50b519c	-[NXString findString:]	0xe	1	0	0	0
2932	0x50b5218	-[NXString findString:range:mask:table:]	0xe	1	0	0	0
2933	0x50b53fc	-[NXString findCharacter:]	0xe	1	0	0	0
2934	0x50b5468	-[NXString findCharacter:range:mask:table:]	0xe	1	0	0	0
2935	0x50b551c	-[NXString findOneOf:]	0xe	1	0	0	0
2936	0x50b5588	-[NXString findOneOf:range:mask:table:]	0xe	1	0	0	0
2937	0x50b567c	-[NXString hash]	0xe	1	0	0	0
2938	0x50b5720	-[NXString copySubstring:]	0xe	1	0	0	0
2939	0x50b5780	-[NXString copySubstring:fromZone:]	0xe	1	0	0	0
2940	0x50b58b0	-[NXString immutableCopy]	0xe	1	0	0	0
2941	0x50b58f8	-[NXString immutableCopyFromZone:]	0xe	1	0	0	0
2942	0x50b5928	-[NXString mutableCopy]	0xe	1	0	0	0
2943	0x50b5970	-[NXString mutableCopyFromZone:]	0xe	1	0	0	0
2944	0x50b59bc	-[NXString writeToStream:]	0xe	1	0	0	0
2945	0x50b59ec	-[NXString writeCStringToStream:]	0xe	1	0	0	0
2946	0x50b5aa4	-[NXString printForDebugger:]	0xe	1	0	0	0
2947	0x50b5b88	-[NXString _print]	0xe	1	0	0	0
2948	0x50b5c98	-[NXString initFromStream:uptoLength:orUntilOneOf:]	0xe	1	0	0	0
2949	0x50b5cd0	-[NXString initFromByteStream:uptoLength:orUntilOneOf:]	0xe	1	0	0	0
2950	0x50b5d08	-[NXString getCString:range:]	0xe	1	0	0	0
2951	0x50b5d58	-[NXString getCString:length:]	0xe	1	0	0	0
2952	0x50b5d8c	-[NXString getCString:length:range:]	0xe	1	0	0	0
2953	0x50b5dd8	-[NXString compare:mask:]	0xe	1	0	0	0
2954	0x50b5e10	-[NXString compare:mask:usingTable:]	0xe	1	0	0	0
2955	0x50b5e48	-[NXString find:]	0xe	1	0	0	0
2956	0x50b5e88	-[NXString find:range:]	0xe	1	0	0	0
2957	0x50b5ee4	-[NXString find:mask:]	0xe	1	0	0	0
2958	0x50b5f58	-[NXString find:range:mask:usingTable:]	0xe	1	0	0	0
2959	0x50b5fb4	-[NXString findOneOf:range:]	0xe	1	0	0	0
2960	0x50b6000	-[NXString findOneOf:mask:]	0xe	1	0	0	0
2961	0x50b6064	-[NXString findOneOf:range:mask:usingTable:]	0xe	1	0	0	0
2962	0x50b60b0	-[NXString findCharacter:range:]	0xe	1	0	0	0
2963	0x50b60fc	-[NXString findCharacter:mask:]	0xe	1	0	0	0
2964	0x50b6160	-[NXString findCharacter:range:mask:usingTable:]	0xe	1	0	0	0
2965	0x50b61ac	-[NXString createCharacterBuffer:]	0xe	1	0	0	0
2966	0x50b61dc	-[NXString writeBytesToStream:]	0xe	1	0	0	0
2967	0x50b620c	+[NXStringTable new]	0xe	1	0	0	0
2968	0x50b6250	-[NXStringTable init]	0xe	1	0	0	0
2969	0x50b6294	_noFree	0xe	1	0	0	0
2970	0x50b629c	_freeString	0xe	1	0	0	0
2971	0x50b62b0	-[NXStringTable free]	0xe	1	0	0	0
2972	0x50b6320	-[NXStringTable valueForStringKey:]	0xe	1	0	0	0
2973	0x50b6378	_skipSpace	0xe	1	0	0	0
2974	0x50b6408	_parseWord	0xe	1	0	0	0
2975	0x50b6994	_writeWord	0xe	1	0	0	0
2976	0x50b7260	-[NXStringTable readFromStream:]	0xe	1	0	0	0
2977	0x50b7578	-[NXStringTable readFromFile:]	0xe	1	0	0	0
2978	0x50b75d0	+[NXStringTable newFromStream:]	0xe	1	0	0	0
2979	0x50b7644	+[NXStringTable newFromFile:]	0xe	1	0	0	0
2980	0x50b76a8	-[NXStringTable writeToStream:]	0xe	1	0	0	0
2981	0x50b776c	-[NXStringTable writeToFile:]	0xe	1	0	0	0
2982	0x50f671c	_uniquedStringHashTable	0xe	7	0	0	0
2983	0x50b77d8	+[NXUniquedString initialize]	0xe	1	0	0	0
2984	0x50fb660	_stringLock	0xe	12	0	0	0
2985	0x50b7880	+[NXUniquedString newFromString:]	0xe	1	0	0	0
2986	0x50b79b8	+[NXUniquedString newFromCharacters:length:]	0xe	1	0	0	0
2987	0x50b7a3c	-[NXUniquedString initFromCharactersNoCopy:length:]	0xe	1	0	0	0
2988	0x50b7b7c	+[NXUniquedString allocFromZone:]	0xe	1	0	0	0
2989	0x50b7bd0	+[NXUniquedString alloc]	0xe	1	0	0	0
2990	0x50b7c24	-[NXUniquedString free]	0xe	1	0	0	0
2991	0x50b7c34	-[NXUniquedString copyFromZone:]	0xe	1	0	0	0
2992	0x50f6720	_uniquedStringClass.18	0xe	7	0	0	0
2993	0x50b7c40	-[NXUniquedString isEqual:]	0xe	1	0	0	0
2994	0x50b7d0c	-[NXUniquedString finishUnarchiving]	0xe	1	0	0	0
2995	0x50b7e14	+[Storage initialize]	0xe	1	0	0	0
2996	0x50b7e44	+[Storage new]	0xe	1	0	0	0
2997	0x50b7e84	-[Storage init]	0xe	1	0	0	0
2998	0x50b7ec4	-[Storage initCount:elementSize:description:]	0xe	1	0	0	0
2999	0x50b7f60	+[Storage newCount:elementSize:description:]	0xe	1	0	0	0
3000	0x50b7fb4	-[Storage free]	0xe	1	0	0	0
3001	0x50b8000	-[Storage empty]	0xe	1	0	0	0
3002	0x50b8010	-[Storage copyFromZone:]	0xe	1	0	0	0
3003	0x50b808c	-[Storage isEqual:]	0xe	1	0	0	0
3004	0x50b8124	-[Storage setNumSlots:]	0xe	1	0	0	0
3005	0x50b81e8	-[Storage setAvailableCapacity:]	0xe	1	0	0	0
3006	0x50b82bc	-[Storage description]	0xe	1	0	0	0
3007	0x50b82cc	-[Storage count]	0xe	1	0	0	0
3008	0x50b82dc	-[Storage elementAt:]	0xe	1	0	0	0
3009	0x50b8310	-[Storage replace:at:]	0xe	1	0	0	0
3010	0x50b8344	-[Storage replaceElementAt:with:]	0xe	1	0	0	0
3011	0x50b837c	-[Storage addElement:]	0xe	1	0	0	0
3012	0x50b83f4	-[Storage removeLastElement]	0xe	1	0	0	0
3013	0x50b8430	-[Storage insert:at:]	0xe	1	0	0	0
3014	0x50b8464	-[Storage insertElement:at:]	0xe	1	0	0	0
3015	0x50b8540	-[Storage removeAt:]	0xe	1	0	0	0
3016	0x50b8570	-[Storage removeElementAt:]	0xe	1	0	0	0
3017	0x50b85ec	-[Storage write:]	0xe	1	0	0	0
3018	0x50b8670	-[Storage read:]	0xe	1	0	0	0
3019	0x50b8788	+[StreamTable newKeyDesc:]	0xe	1	0	0	0
3020	0x50b87dc	+[StreamTable new]	0xe	1	0	0	0
3021	0x50b8814	-[StreamTable initKeyDesc:]	0xe	1	0	0	0
3022	0x50b8850	-[StreamTable init]	0xe	1	0	0	0
3023	0x50b8888	_freePickle	0xe	1	0	0	0
3024	0x50b88b0	_freePickleAndObject	0xe	1	0	0	0
3025	0x50b88f4	_getObject	0xe	1	0	0	0
3026	0x50b8938	_freeObject	0xe	1	0	0	0
3027	0x50b8964	_noFree	0xe	1	0	0	0
3028	0x50b896c	-[StreamTable free]	0xe	1	0	0	0
3029	0x50b89dc	-[StreamTable freeObjects]	0xe	1	0	0	0
3030	0x50b8a40	-[StreamTable valueForStreamKey:]	0xe	1	0	0	0
3031	0x50b8a94	-[StreamTable insertStreamKey:value:]	0xe	1	0	0	0
3032	0x50b8b30	-[StreamTable removeStreamKey:]	0xe	1	0	0	0
3033	0x50b8b68	-[StreamTable initStreamState]	0xe	1	0	0	0
3034	0x50b8ba4	-[StreamTable nextStreamState:key:value:]	0xe	1	0	0	0
3035	0x50b8c10	-[StreamTable write:]	0xe	1	0	0	0
3036	0x50b8d00	-[StreamTable read:]	0xe	1	0	0	0
3037	0x50b8e00	_checkRead	0xe	1	0	0	0
3038	0x50b8e40	_checkWrite	0xe	1	0	0	0
3039	0x50b8e80	_checkExpected	0xe	1	0	0	0
3040	0x50b8f24	_classError	0xe	1	0	0	0
3041	0x50b8f74	_typeDescriptorError	0xe	1	0	0	0
3042	0x50b8fc8	_writeRefError	0xe	1	0	0	0
3043	0x50b8fe8	_sameSexAsCube	0xe	1	0	0	0
3044	0x50b9000	_inc_ptrCounter	0xe	1	0	0	0
3045	0x50b9050	_freeStrToInt	0xe	1	0	0	0
3046	0x50b906c	__NXOpenEncodingStream	0xe	1	0	0	0
3047	0x50b915c	__NXOpenDecodingStream	0xe	1	0	0	0
3048	0x50b91f0	__NXEndOfCodingStream	0xe	1	0	0	0
3049	0x50b9278	__NXCloseCodingStream	0xe	1	0	0	0
3050	0x50b92bc	__NXEncodeBytes	0xe	1	0	0	0
3051	0x50b92ec	__NXDecodeBytes	0xe	1	0	0	0
3052	0x50b9310	__NXEncodeChar	0xe	1	0	0	0
3053	0x50b9380	__NXDecodeChar	0xe	1	0	0	0
3054	0x50b93ec	__NXEncodeShort	0xe	1	0	0	0
3055	0x50b9440	__NXDecodeShort	0xe	1	0	0	0
3056	0x50b94bc	__NXEncodeInt	0xe	1	0	0	0
3057	0x50b9550	_FinishDecodeInt	0xe	1	0	0	0
3058	0x50b965c	__NXDecodeInt	0xe	1	0	0	0
3059	0x50b9680	_FloorOrZero	0xe	1	0	0	0
3060	0x50b9704	__NXEncodeFloat	0xe	1	0	0	0
3061	0x50b9780	__NXDecodeFloat	0xe	1	0	0	0
3062	0x50b9840	__NXEncodeDouble	0xe	1	0	0	0
3063	0x50b98b8	__NXDecodeDouble	0xe	1	0	0	0
3064	0x50b99bc	__NXEncodeChars	0xe	1	0	0	0
3065	0x50b9a08	__NXDecodeChars	0xe	1	0	0	0
3066	0x50b9a68	__NXEncodeSharedString	0xe	1	0	0	0
3067	0x50b9b14	__NXDecodeSharedString	0xe	1	0	0	0
3068	0x50b9bd8	__NXDecodeUniqueString	0xe	1	0	0	0
3069	0x50b9bf4	__NXEncodeShared	0xe	1	0	0	0
3070	0x50b9c90	__NXEncodeString	0xe	1	0	0	0
3071	0x50b9cc0	__NXDecodeString	0xe	1	0	0	0
3072	0x50ba11c	_skipAggregateName	0xe	1	0	0	0
3073	0x50ba18c	_SizeOfType	0xe	1	0	0	0
3074	0x50ba684	_WriteValue	0xe	1	0	0	0
3075	0x50baaa8	_ReadValue	0xe	1	0	0	0
3076	0x50bb340	_InternalWriteObject	0xe	1	0	0	0
3077	0x50bb53c	_InternalReadObject	0xe	1	0	0	0
3078	0x50bb790	_RealSuperClass	0xe	1	0	0	0
3079	0x50bb7c0	_NXWriteClass	0xe	1	0	0	0
3080	0x50bb818	_NXReadClass	0xe	1	0	0	0
3081	0x50f6724	_p.74	0xe	7	0	0	0
3082	0x50f6728	_p.77	0xe	7	0	0	0
3083	0x50f672c	_p.80	0xe	7	0	0	0
3084	0x50f6730	_p.83	0xe	7	0	0	0
3085	0x50f6734	_p.86	0xe	7	0	0	0
3086	0x50f6738	_p.89	0xe	7	0	0	0
3087	0x50f673c	_p.78	0xe	7	0	0	0
3088	0x50f6740	_p.81	0xe	7	0	0	0
3089	0x50f6744	_p.84	0xe	7	0	0	0
3090	0x50f6748	_p.87	0xe	7	0	0	0
3091	0x50f674c	_p.78	0xe	7	0	0	0
3092	0x50f6750	_p.81	0xe	7	0	0	0
3093	0x50f6754	_p.84	0xe	7	0	0	0
3094	0x50f6758	_p.87	0xe	7	0	0	0
3095	0x50f675c	_p.78	0xe	7	0	0	0
3096	0x50f6760	_p.81	0xe	7	0	0	0
3097	0x50bc78c	_server_loop	0xe	1	0	0	0
3098	0x50bca94	_get_or_start_debug_thread	0xe	1	0	0	0
3099	0x50bcc78	_make_dyld_image_data_writable	0xe	1	0	0	0
3100	0x50bd06c	_get_dyld_data	0xe	1	0	0	0
3101	0x50bd31c	_task_suspend_threads	0xe	1	0	0	0
3102	0x50bd378	_task_resume_threads	0xe	1	0	0	0
3103	0x50bd3f0	_translate_port	0xe	1	0	0	0
3104	0x50bd554	_thread_start	0xe	1	0	0	0
3105	0x50bd658	_thread_setup	0xe	1	0	0	0
3106	0x50bc7f8	__dyld_event_server_callback	0x1e	1	0	0	0
3107	0x50bc434	_dyld_debug_MsgError	0x1e	1	0	0	0
3108	0x50f1c34	_inconsistent_data_okType.8	0xe	4	0	0	0
3109	0x50f1c38	_nameType.9	0xe	4	0	0	0
3110	0x50f1c44	_RetCodeCheck.10	0xe	4	0	0	0
3111	0x50f1c48	__dyld_debug_defining_moduleCheck.11	0xe	4	0	0	0
3112	0x50f1c4c	_moduleCheck.12	0xe	4	0	0	0
3113	0x50f1c50	_inconsistent_data_okType.15	0xe	4	0	0	0
3114	0x50f1c54	_moduleType.16	0xe	4	0	0	0
3115	0x50f1c58	_RetCodeCheck.17	0xe	4	0	0	0
3116	0x50f1c5c	__dyld_debug_is_module_boundCheck.18	0xe	4	0	0	0
3117	0x50f1c60	_boundCheck.19	0xe	4	0	0	0
3118	0x50f1c64	_inconsistent_data_okType.22	0xe	4	0	0	0
3119	0x50f1c68	_moduleType.23	0xe	4	0	0	0
3120	0x50f1c6c	_RetCodeCheck.24	0xe	4	0	0	0
3121	0x50f1c70	__dyld_debug_bind_moduleCheck.25	0xe	4	0	0	0
3122	0x50f1c74	_inconsistent_data_okType.28	0xe	4	0	0	0
3123	0x50f1c78	_subscriberType.29	0xe	4	0	0	0
3124	0x50f1c7c	_RetCodeCheck.30	0xe	4	0	0	0
3125	0x50f1c80	_inconsistent_data_okType.33	0xe	4	0	0	0
3126	0x50f1c84	_moduleType.34	0xe	4	0	0	0
3127	0x50f1c88	_RetCodeCheck.35	0xe	4	0	0	0
3128	0x50f1c8c	__dyld_debug_module_nameCheck.36	0xe	4	0	0	0
3129	0x50f1c90	_RetCodeCheck.39	0xe	4	0	0	0
3130	0x50f1c94	__dyld_debug_monoutputCheck.40	0xe	4	0	0	0
3131	0x50bdb88	_user_dyld_debug_add_event_subscriber	0x1e	1	0	0	0
3132	0x50bda18	_user_dyld_debug_bind_module	0x1e	1	0	0	0
3133	0x50bd6d4	_user_dyld_debug_defining_module	0x1e	1	0	0	0
3134	0x50bd880	_user_dyld_debug_is_module_bound	0x1e	1	0	0	0
3135	0x50bdcc8	_user_dyld_debug_module_name	0x1e	1	0	0	0
3136	0x50bdf00	_user_dyld_debug_monoutput	0x1e	1	0	0	0
3137	0x50f1c98	_eventCheck.8	0xe	4	0	0	0
3138	0x50be034	__X_dyld_event_server_callback	0xe	1	0	0	0
3139	0x50f1c9c	_RetCodeType.11	0xe	4	0	0	0
3140	0x50f6768	_routines.12	0xe	7	0	0	0
3141	0x50be0f8	__dyld_event_server	0xe	1	0	0	0
3142	0x50f676c	_p.78	0xe	7	0	0	0
3143	0x50f6770	_p.81	0xe	7	0	0	0
3144	0x50f6774	_p.84	0xe	7	0	0	0
3145	0x50f6778	_p.87	0xe	7	0	0	0
3146	0x50f677c	_p.90	0xe	7	0	0	0
3147	0x50f6780	_p.93	0xe	7	0	0	0
3148	0x50f6784	_p.96	0xe	7	0	0	0
3149	0x50f6788	_p.99	0xe	7	0	0	0
3150	0x50f678c	_p.102	0xe	7	0	0	0
3151	0x50f6790	_mh.105	0xe	7	0	0	0
3152	0x50be690	_names_match	0xe	1	0	0	0
3153	0x50f679c	_ofi_error_printing_mutex	0xe	7	0	0	0
3154	0x50f67a0	_thread_printing_error	0xe	7	0	0	0
3155	0x50f67a4	_ofi_alloc_mutex	0xe	7	0	0	0
3156	0x50f67a8	_ofi_lists	0xe	7	0	0	0
3157	0x50f67ac	_NXArgv_pointer.102	0xe	7	0	0	0
3158	0x50f67b0	_NXArgv_pointer.105	0xe	7	0	0	0
3159	0x50be99c	_ofi_alloc	0xe	1	0	0	0
3160	0x50beaf4	_ofi_free	0xe	1	0	0	0
3161	0x50beafc	_ofi_valid	0xe	1	0	0	0
3162	0x50bec64	_error	0x1e	1	0	0	0
3163	0x50f6798	_errors	0x1e	7	0	0	0
3164	0x50bed84	_my_mach_error	0x1e	1	0	0	0
3165	0x50bec38	_print	0x1e	1	0	0	0
3166	0x50f6794	_progname	0x1e	7	0	0	0
3167	0x50bee10	_savestr	0x1e	1	0	0	0
3168	0x50bece8	_system_error	0x1e	1	0	0	0
3169	0x50beb7c	_vprint	0x1e	1	0	0	0
3170	0x50bf7d8	_ofile_specific_arch	0xe	1	0	0	0
3171	0x50c0c34	_check_fat	0xe	1	0	0	0
3172	0x50c0e6c	_check_fat_object_in_archive	0xe	1	0	0	0
3173	0x50c11b4	_check_archive	0xe	1	0	0	0
3174	0x50c1474	_check_Mach_O	0xe	1	0	0	0
3175	0x50c31c0	_archive_error	0xe	1	0	0	0
3176	0x50c328c	_archive_member_error	0xe	1	0	0	0
3177	0x50c33a8	_Mach_O_error	0xe	1	0	0	0
3178	0x50beeb4	_ofile_map	0x1e	1	0	0	0
3179	0x50bf658	_ofile_unmap	0x1e	1	0	0	0
3180	0x50bf6f0	_ofile_first_arch	0x1e	1	0	0	0
3181	0x50bfb6c	_ofile_first_member	0x1e	1	0	0	0
3182	0x50c0574	_ofile_first_module	0x1e	1	0	0	0
3183	0x50bf758	_ofile_next_arch	0x1e	1	0	0	0
3184	0x50bfe9c	_ofile_next_member	0x1e	1	0	0	0
3185	0x50c077c	_ofile_next_module	0x1e	1	0	0	0
3186	0x50c01e4	_ofile_specific_member	0x1e	1	0	0	0
3187	0x50c09a8	_ofile_specific_module	0x1e	1	0	0	0
3188	0x50c336c	_size_ar_name	0x1e	1	0	0	0
3189	0x50f67bc	_arch_flags	0xe	7	0	0	0
3190	0x50c362c	_get_arch_from_host	0x1e	1	0	0	0
3191	0x50c3b84	_get_arch_family_from_cputype	0x1e	1	0	0	0
3192	0x50c3ab0	_get_arch_flags	0x1e	1	0	0	0
3193	0x50c3550	_get_arch_from_flag	0x1e	1	0	0	0
3194	0x50c3ad0	_get_arch_name_from_types	0x1e	1	0	0	0
3195	0x50c3c10	_get_byte_sex_from_flag	0x1e	1	0	0	0
3196	0x50c3d50	_get_host_byte_sex	0x1e	1	0	0	0
3197	0x50c4a7c	_swap_dylib_command	0x1e	1	0	0	0
3198	0x50cb280	_swap_dylib_module	0x1e	1	0	0	0
3199	0x50c4c80	_swap_dylinker_command	0x1e	1	0	0	0
3200	0x50c4550	_swap_dysymtab_command	0x1e	1	0	0	0
3201	0x50c4990	_swap_fvmlib_command	0x1e	1	0	0	0
3202	0x50ca184	_swap_hppa_fp_thread_state	0x1e	1	0	0	0
3203	0x50c9fe8	_swap_hppa_frame_thread_state	0x1e	1	0	0	0
3204	0x50c99a8	_swap_hppa_integer_thread_state	0x1e	1	0	0	0
3205	0x50c996c	_swap_i386_thread_cthreadstate	0x1e	1	0	0	0
3206	0x50c96a8	_swap_i386_thread_exceptstate	0x1e	1	0	0	0
3207	0x50c8ae4	_swap_i386_thread_fpstate	0x1e	1	0	0	0
3208	0x50c8814	_swap_i386_thread_state	0x1e	1	0	0	0
3209	0x50cac70	_swap_ident_command	0x1e	1	0	0	0
3210	0x50c4038	_swap_load_command	0x1e	1	0	0	0
3211	0x50c4f48	_swap_m68k_thread_state_68882	0x1e	1	0	0	0
3212	0x50c4e3c	_swap_m68k_thread_state_regs	0x1e	1	0	0	0
3213	0x50c50bc	_swap_m68k_thread_state_user_reg	0x1e	1	0	0	0
3214	0x50c7da8	_swap_m88110_thread_state_impl_t	0x1e	1	0	0	0
3215	0x50c5ebc	_swap_m88k_thread_state_grf_t	0x1e	1	0	0	0
3216	0x50c7d6c	_swap_m88k_thread_state_user_t	0x1e	1	0	0	0
3217	0x50c64a4	_swap_m88k_thread_state_xrf_t	0x1e	1	0	0	0
3218	0x50c50f8	_swap_m98k_thread_state_grf_t	0x1e	1	0	0	0
3219	0x50c3ef4	_swap_mach_header	0x1e	1	0	0	0
3220	0x50c4b94	_swap_prebound_dylib_command	0x1e	1	0	0	0
3221	0x50c4268	_swap_section	0x1e	1	0	0	0
3222	0x50c40a0	_swap_segment_command	0x1e	1	0	0	0
3223	0x50ca8e4	_swap_sparc_thread_state_fpu	0x1e	1	0	0	0
3224	0x50ca310	_swap_sparc_thread_state_regs	0x1e	1	0	0	0
3225	0x50c48d0	_swap_symseg_command	0x1e	1	0	0	0
3226	0x50c4438	_swap_symtab_command	0x1e	1	0	0	0
3227	0x50c4dd4	_swap_thread_command	0x1e	1	0	0	0
3228	0x50c3c64	_SWAP_DOUBLE	0x1e	1	0	0	0
3229	0x50c3d1c	_SWAP_FLOAT	0x1e	1	0	0	0
3230	0x50cb17c	_swap_dylib_reference	0x1e	1	0	0	0
3231	0x50cb4b0	_swap_dylib_table_of_contents	0x1e	1	0	0	0
3232	0x50c3dd4	_swap_fat_arch	0x1e	1	0	0	0
3233	0x50c3d6c	_swap_fat_header	0x1e	1	0	0	0
3234	0x50c4d14	_swap_fvmfile_command	0x1e	1	0	0	0
3235	0x50c850c	_swap_i860_thread_state_regs	0x1e	1	0	0	0
3236	0x50cb118	_swap_indirect_symbols	0x1e	1	0	0	0
3237	0x50cacd8	_swap_nlist	0x1e	1	0	0	0
3238	0x50cad8c	_swap_ranlib	0x1e	1	0	0	0
3239	0x50cae20	_swap_relocation_info	0x1e	1	0	0	0
3240	0x50cb544	_round	0x1e	1	0	0	0
3241	0x50cb554	_set_arch_flag_name	0x1e	1	0	0	0
3242	0x50f6894	_p.102	0xe	7	0	0	0
3243	0x50f1ca0	_eventCheck.8	0xe	4	0	0	0
3244	0x50cb674	__X_dyld_event_server_callback	0xe	1	0	0	0
3245	0x50f1ca4	_RetCodeType.11	0xe	4	0	0	0
3246	0x50f6898	_routines.12	0xe	7	0	0	0
3247	0x50cb800	__dyld_event_server_callback	0x1e	1	0	0	0
3248	0x5000000	__mh_dylib_header	0x1e	1	0	0	0
3249	0x5001fa0	__NSGetArgc	0xf	1	0	0	1
3250	0x5001f44	__NSGetArgv	0xf	1	0	0	1
3251	0x5001ffc	__NSGetEnviron	0xf	1	0	0	1
3252	0x5013128	_rld_load_from_memory	0xf	1	0	0	1
3253	0x5013d94	_rld_load_basefile	0xf	1	0	0	1
3254	0x50130fc	_rld_load	0xf	1	0	0	1
3255	0x5014c5c	_rld_get_current_header	0xf	1	0	0	1
3256	0x5014b64	_rld_forget_symbol	0xf	1	0	0	1
3257	0x5014cb4	_rld_address_func	0xf	1	0	0	1
3258	0x5014c30	_moninitrld	0xf	1	0	0	1
3259	0x5014acc	_rld_lookup	0xf	1	0	0	1
3260	0x5014338	_rld_unload	0xf	1	0	0	1
3261	0x5014660	_rld_unload_all	0xf	1	0	0	1
3262	0x5028958	_NXOpenFile	0xf	1	0	0	1
3263	0x50f2d60	__NXUncaughtExceptionHandler	0xf	7	0	0	1
3264	0x50f2d68	__NXStreamsDataPad	0xf	7	0	0	1
3265	0x50f2d58	__NXStreamsUnused1	0xf	7	0	0	1
3266	0x50f2d5c	__NXStreamsUnused2	0xf	7	0	0	1
3267	0x5028c00	_NXFlush	0xf	1	0	0	1
3268	0x5028d74	_NXChangeBuffer	0xf	1	0	0	1
3269	0x5028c74	_NXFill	0xf	1	0	0	1
3270	0x5028ef8	_NXOpenPort	0xf	1	0	0	1
3271	0x5029abc	_NXCloseMemory	0xf	1	0	0	1
3272	0x5029bbc	_NXGetMemoryBuffer	0xf	1	0	0	1
3273	0x5029cfc	_NXGetStreamOnSection	0xf	1	0	0	1
3274	0x502a138	_NXGetStreamOnSectionForBestArchitecture	0xf	1	0	0	1
3275	0x5029930	_NXMapFile	0xf	1	0	0	1
3276	0x50297a8	_NXOpenMemory	0xf	1	0	0	1
3277	0x502988c	_NXOpenSmallMemory	0xf	1	0	0	1
3278	0x5029a0c	_NXSaveToFile	0xf	1	0	0	1
3279	0x502a690	_NXTell	0xf	1	0	0	1
3280	0x502a618	_NXScanf	0xf	1	0	0	1
3281	0x502a64c	_NXClose	0xf	1	0	0	1
3282	0x502a834	_NXUngetc	0xf	1	0	0	1
3283	0x502a71c	_NXSeek	0xf	1	0	0	1
3284	0x502a5e4	_NXPrintf	0xf	1	0	0	1
3285	0x502a8c4	_NXRegisterPrintfProc	0xf	1	0	0	1
3286	0x502aa0c	_NXVPrintf	0xf	1	0	0	1
3287	0x502baa8	_NXVScanf	0xf	1	0	0	1
3288	0x502cac0	_NXStreamDestroy	0xf	1	0	0	1
3289	0x502cb10	__NXVerifyStream	0xf	1	0	0	1
3290	0x502c9f8	_NXStreamCreateFromZone	0xf	1	0	0	1
3291	0x502c6bc	__NXStreamChangeBuffer	0xf	1	0	0	1
3292	0x502c798	_NXDefaultWrite	0xf	1	0	0	1
3293	0x502c648	__NXStreamFillBuffer	0xf	1	0	0	1
3294	0x502c9d4	_NXStreamCreate	0xf	1	0	0	1
3295	0x502c600	__NXStreamFlushBuffer	0xf	1	0	0	1
3296	0x502c8f8	_NXDefaultRead	0xf	1	0	0	1
3297	0x502cb4c	_acosh	0xf	1	0	0	1
3298	0x502cd30	_acos	0xf	1	0	0	1
3299	0x502cc60	_asin	0xf	1	0	0	1
3300	0x502cde8	_asinh	0xf	1	0	0	1
3301	0x502cf44	_atanh	0xf	1	0	0	1
3302	0x502cfd4	_cosh	0xf	1	0	0	1
3303	0x502d2fc	_erfc	0xf	1	0	0	1
3304	0x502d1ac	_erf	0xf	1	0	0	1
3305	0x502d3fc	_exp	0xf	1	0	0	1
3306	0x502d598	_expm1	0xf	1	0	0	1
3307	0x502d8b4	_exp__E	0xf	1	0	0	1
3308	0x502da08	_j0	0xf	1	0	0	1
3309	0x502db7c	_y0	0xf	1	0	0	1
3310	0x502de78	_j1	0xf	1	0	0	1
3311	0x502e05c	_y1	0xf	1	0	0	1
3312	0x502e388	_jn	0xf	1	0	0	1
3313	0x502e588	_yn	0xf	1	0	0	1
3314	0x502e6c8	_lgamma	0xf	1	0	0	1
3315	0x502eb0c	_log10	0xf	1	0	0	1
3316	0x502eb40	_log1p	0xf	1	0	0	1
3317	0x502ede4	_log__L	0xf	1	0	0	1
3318	0x502f3d0	_pow	0xf	1	0	0	1
3319	0x50f2f9c	_signgam	0xf	7	0	0	1
3320	0x502f718	_sinh	0xf	1	0	0	1
3321	0x502f860	_tanh	0xf	1	0	0	1
3322	0x502f9dc	_atan2	0xf	1	0	0	1
3323	0x5030048	_cabs	0xf	1	0	0	1
3324	0x5030060	_hypot	0xf	1	0	0	1
3325	0x5030300	_cbrt	0xf	1	0	0	1
3326	0x503060c	_logb	0xf	1	0	0	1
3327	0x50304d0	_scalb	0xf	1	0	0	1
3328	0x50306c8	_tan	0xf	1	0	0	1
3329	0x5030a1c	_cos	0xf	1	0	0	1
3330	0x503086c	_sin	0xf	1	0	0	1
3331	0x50f2fa0	__libm_tbl_atan_hi	0xf	7	0	0	1
3332	0x50f32a8	__libm_tbl_atan_lo	0xf	7	0	0	1
3333	0x50f3db0	__libm_tbl_log_lo	0xf	7	0	0	1
3334	0x50f35b0	__libm_tbl_log_hi	0xf	7	0	0	1
3335	0x5030cf4	_copysign	0xf	1	0	0	1
3336	0x5030d10	_finite	0xf	1	0	0	1
3337	0x5030d30	_drem	0xf	1	0	0	1
3338	0x5030f44	_floor	0xf	1	0	0	1
3339	0x5030eac	_ceil	0xf	1	0	0	1
3340	0x5030fdc	_rint	0xf	1	0	0	1
3341	0x503105c	_atan	0xf	1	0	0	1
3342	0x5031338	_fmod	0xf	1	0	0	1
3343	0x503166c	_log	0xf	1	0	0	1
3344	0x5031988	_sqrt	0xf	1	0	0	1
3345	0x5031fe0	__dbFlushLeaf	0xf	1	0	0	1
3346	0x5032718	__dbFlushTable	0xf	1	0	0	1
3347	0x5033004	__dbPutRecord	0xf	1	0	0	1
3348	0x50334ec	_dbStore	0xf	1	0	0	1
3349	0x50338a8	_dbSetKey	0xf	1	0	0	1
3350	0x50344d0	_dbSetCache	0xf	1	0	0	1
3351	0x5033968	_dbNext	0xf	1	0	0	1
3352	0x50338c4	_dbGet	0xf	1	0	0	1
3353	0x5033ad0	_dbFlush	0xf	1	0	0	1
3354	0x50338e0	_dbFirst	0xf	1	0	0	1
3355	0x50337bc	_dbFind	0xf	1	0	0	1
3356	0x503262c	__dbCloseLeaf	0xf	1	0	0	1
3357	0x503213c	__dbCopyData	0xf	1	0	0	1
3358	0x50327d8	__dbCycleLeaf	0xf	1	0	0	1
3359	0x5031cb8	__dbDoubleDir	0xf	1	0	0	1
3360	0x5032c58	__dbFetchLeaf	0xf	1	0	0	1
3361	0x5033694	__dbFindRecord	0xf	1	0	0	1
3362	0x5031d90	__dbFlushDir	0xf	1	0	0	1
3363	0x5033744	_dbFetch	0xf	1	0	0	1
3364	0x503400c	_dbExpand	0xf	1	0	0	1
3365	0x503254c	__dbFreeLeaf	0xf	1	0	0	1
3366	0x50337e8	__dbGetRecord	0xf	1	0	0	1
3367	0x5032054	__dbHashKey	0xf	1	0	0	1
3368	0x5032890	__dbLeafDescriptor	0xf	1	0	0	1
3369	0x5032bdc	__dbNewLeaf	0xf	1	0	0	1
3370	0x5032e80	_dbDelete	0xf	1	0	0	1
3371	0x5032340	__dbPackLeaf	0xf	1	0	0	1
3372	0x5033bd4	_dbCompress	0xf	1	0	0	1
3373	0x5032e1c	__dbRemoveRecord	0xf	1	0	0	1
3374	0x5032204	__dbSearchLeaf	0xf	1	0	0	1
3375	0x5033148	__dbSplitLeaf	0xf	1	0	0	1
3376	0x5031fb4	__dbSwapInLeaf	0xf	1	0	0	1
3377	0x5031f88	__dbSwapOutLeaf	0xf	1	0	0	1
3378	0x5034568	_dbClose	0xf	1	0	0	1
3379	0x503485c	_dbCat	0xf	1	0	0	1
3380	0x50347cc	_dbPrintKC	0xf	1	0	0	1
3381	0x5034900	_dbData	0xf	1	0	0	1
3382	0x5034950	_StrDatum	0xf	1	0	0	1
3383	0x5034984	_StrData	0xf	1	0	0	1
3384	0x50349dc	_dbError	0xf	1	0	0	1
3385	0x5034a70	_dbExists	0xf	1	0	0	1
3386	0x50f49fc	_dbDirExtension	0xf	7	0	0	1
3387	0x50f49f8	_dbMsgs	0xf	7	0	0	1
3388	0x50f49e4	_dbErrors	0xf	7	0	0	1
3389	0x50f4a00	_dbLeafExtension	0xf	7	0	0	1
3390	0x50f4a10	__db_data_pad	0xf	7	0	0	1
3391	0x50f49f0	_dbMaxLeafBuf	0xf	7	0	0	1
3392	0x50f49e8	_dbFlags	0xf	7	0	0	1
3393	0x50f4a08	_dbSizeTable	0xf	7	0	0	1
3394	0x50f49e0	__DB	0xf	7	0	0	1
3395	0x50f4a04	_dbErrorNo	0xf	7	0	0	1
3396	0x50f49f4	_dbLeafSize	0xf	7	0	0	1
3397	0x50f49ec	_dbMode	0xf	7	0	0	1
3398	0x50f4918	__dbstrbuf	0xf	7	0	0	1
3399	0x50f4910	__dbLeafCount	0xf	7	0	0	1
3400	0x50353a4	_dbCreate	0xf	1	0	0	1
3401	0x5034d54	__dbReadDir	0xf	1	0	0	1
3402	0x50350cc	_dbInit	0xf	1	0	0	1
3403	0x5035750	_dbOpen	0xf	1	0	0	1
3404	0x50357fc	_dbWaitLock	0xf	1	0	0	1
3405	0x50357e4	_dbUnlock	0xf	1	0	0	1
3406	0x50357c4	_dbLock	0xf	1	0	0	1
3407	0x50358e4	_dbPrint	0xf	1	0	0	1
3408	0x5035924	_dbScan	0xf	1	0	0	1
3409	0x5035958	_dbUnlink	0xf	1	0	0	1
3410	0x503664c	_NXWriteDefaults	0xf	1	0	0	1
3411	0x50365c4	_NXWriteDefault	0xf	1	0	0	1
3412	0x50362dc	_NXUpdateDefaults	0xf	1	0	0	1
3413	0x50363c4	_NXUpdateDefault	0xf	1	0	0	1
3414	0x503685c	_NXSetDefaultsUser	0xf	1	0	0	1
3415	0x50364e8	_NXSetDefault	0xf	1	0	0	1
3416	0x5036100	_NXRegisterDefaults	0xf	1	0	0	1
3417	0x5036254	_NXReadDefault	0xf	1	0	0	1
3418	0x503611c	__NXRegisterDefaultsNoCopy	0xf	1	0	0	1
3419	0x5037b5c	_NXGetTempFilename	0xf	1	0	0	1
3420	0x50366f4	_NXRemoveDefault	0xf	1	0	0	1
3421	0x50378f0	_NXFilePathSearch	0xf	1	0	0	1
3422	0x5036138	_NXGetDefaultValue	0xf	1	0	0	1
3423	0x5038334	_getSizeOf	0xf	1	0	0	1
3424	0x5037db0	_getSizeOfandAdvance	0xf	1	0	0	1
3425	0x0	.objc_class_name_NXPortPortal	0x3	0	0	0	1
3426	0x0	.objc_category_name_Object_isRemote	0x3	0	0	0	1
3427	0x0	.objc_category_name_Object_Object_MakeRemote_Import	0x3	0	0	0	1
3428	0x0	.objc_category_name_Object_GetListOfProtocols	0x3	0	0	0	1
3429	0x0	.objc_category_name_Object_Object_NXMethodSignature	0x3	0	0	0	1
3430	0x0	.objc_category_name_Protocol_Transport	0x3	0	0	0	1
3431	0x0	.objc_class_name_NXMethodSignature	0x3	0	0	0	1
3432	0x0	.objc_class_name_NXConnection	0x3	0	0	0	1
3433	0x0	.objc_class_name_NXProxy	0x3	0	0	0	1
3434	0x0	.objc_category_name_List_Transport	0x3	0	0	0	1
3435	0x50414bc	_log_set_options	0xf	1	0	0	1
3436	0x5041038	_log_warning	0xf	1	0	0	1
3437	0x5041138	_log_error	0xf	1	0	0	1
3438	0x50410ac	_log_info	0xf	1	0	0	1
3439	0x50f4bb4	_enableInfo	0xf	7	0	0	1
3440	0x0	.objc_class_name_NXData	0x3	0	0	0	1
3441	0x0	.objc_class_name_NXInvalidationNotifier	0x3	0	0	0	1
3442	0x0	.objc_class_name_NXSpinLock	0x3	0	0	0	1
3443	0x0	.objc_class_name_NXRecursiveLock	0x3	0	0	0	1
3444	0x0	.objc_class_name_NXConditionLock	0x3	0	0	0	1
3445	0x0	.objc_class_name_NXLock	0x3	0	0	0	1
3446	0x0	.objc_class_name_NXNetNameServer	0x3	0	0	0	1
3447	0x0	.objc_class_name_NXPort	0x3	0	0	0	1
3448	0x0	.objc_class_name_NXProtocolChecker	0x3	0	0	0	1
3449	0x5043004	__atexit	0xf	1	0	0	1
3450	0x5042fc4	_atexit	0xf	1	0	0	1
3451	0x5043050	_bsearch	0xf	1	0	0	1
3452	0x50430e0	_clock	0xf	1	0	0	1
3453	0x504315c	_difftime	0xf	1	0	0	1
3454	0x5043184	_div	0xf	1	0	0	1
3455	0x50431c4	_feof	0xf	1	0	0	1
3456	0x50431d4	_ferror	0xf	1	0	0	1
3457	0x50431e4	_fgetpos	0xf	1	0	0	1
3458	0x5043208	_fsetpos	0xf	1	0	0	1
3459	0x5043224	_getc	0xf	1	0	0	1
3460	0x5043264	_isalnum	0xf	1	0	0	1
3461	0x5043294	_isalpha	0xf	1	0	0	1
3462	0x50432c4	_iscntrl	0xf	1	0	0	1
3463	0x50432f4	_isdigit	0xf	1	0	0	1
3464	0x5043324	_isgraph	0xf	1	0	0	1
3465	0x5043354	_islower	0xf	1	0	0	1
3466	0x5043384	_isprint	0xf	1	0	0	1
3467	0x50433b4	_ispunct	0xf	1	0	0	1
3468	0x50433e4	_isspace	0xf	1	0	0	1
3469	0x5043414	_isupper	0xf	1	0	0	1
3470	0x5043444	_isxdigit	0xf	1	0	0	1
3471	0x5043474	_ldiv	0xf	1	0	0	1
3472	0x5043588	__NXGetAppName	0xf	1	0	0	1
3473	0x50436cc	_localeconv	0xf	1	0	0	1
3474	0x5043504	__NXSetAppName	0xf	1	0	0	1
3475	0x50439bc	_mblen	0xf	1	0	0	1
3476	0x50439ec	_mbstowcs	0xf	1	0	0	1
3477	0x5043a38	_mbtowc	0xf	1	0	0	1
3478	0x5043a88	_putc	0xf	1	0	0	1
3479	0x5043b28	_raise	0xf	1	0	0	1
3480	0x5043b44	_setlocale	0xf	1	0	0	1
3481	0x5043c08	_setvbuf	0xf	1	0	0	1
3482	0x5043ca8	_strcoll	0xf	1	0	0	1
3483	0x5043ce4	_strerror	0xf	1	0	0	1
3484	0x5043d38	_strstr	0xf	1	0	0	1
3485	0x5043fe0	_strtoul	0xf	1	0	0	1
3486	0x5043de8	_strtol	0xf	1	0	0	1
3487	0x50441b8	_tmpfile	0xf	1	0	0	1
3488	0x50442c0	_tmpnam	0xf	1	0	0	1
3489	0x504444c	_tolower	0xf	1	0	0	1
3490	0x5044484	_toupper	0xf	1	0	0	1
3491	0x50444bc	_va_end	0xf	1	0	0	1
3492	0x50444c4	_wcstombs	0xf	1	0	0	1
3493	0x5044504	_wctomb	0xf	1	0	0	1
3494	0x5044520	__strftime_clear_cache	0xf	1	0	0	1
3495	0x5044700	_strftime	0xf	1	0	0	1
3496	0x5044d54	_labs	0xf	1	0	0	1
3497	0x5044d94	_memchr	0xf	1	0	0	1
3498	0x5044dd0	_remove	0xf	1	0	0	1
3499	0x5044ebc	_strtod	0xf	1	0	0	1
3500	0x50452e0	_memcmp	0xf	1	0	0	1
3501	0x5045524	_memcpy	0xf	1	0	0	1
3502	0x50456bc	_memmove	0xf	1	0	0	1
3503	0x504589c	_memset	0xf	1	0	0	1
3504	0x5045904	_getopt	0xf	1	0	0	1
3505	0x50f4d04	_opterr	0xf	7	0	0	1
3506	0x50f4d08	_optind	0xf	7	0	0	1
3507	0x50f4d0c	_optopt	0xf	7	0	0	1
3508	0x50f4d10	_optarg	0xf	7	0	0	1
3509	0x5045c4c	_memccpy	0xf	1	0	0	1
3510	0x5045c90	_strcatn	0xf	1	0	0	1
3511	0x5045cec	_strchr	0xf	1	0	0	1
3512	0x5045d18	_strcmpn	0xf	1	0	0	1
3513	0x5045d78	_strcpyn	0xf	1	0	0	1
3514	0x5045dd8	_strcspn	0xf	1	0	0	1
3515	0x5045e48	_strpbrk	0xf	1	0	0	1
3516	0x5045ea4	_strrchr	0xf	1	0	0	1
3517	0x5045ed8	_strspn	0xf	1	0	0	1
3518	0x5045f48	_strtok	0xf	1	0	0	1
3519	0x50460b0	_rstrtok	0xf	1	0	0	1
3520	0x50461d8	_lockf	0xf	1	0	0	1
3521	0x50462ec	_ftime	0xf	1	0	0	1
3522	0x504633c	_getpw	0xf	1	0	0	1
3523	0x50464b0	_gtty	0xf	1	0	0	1
3524	0x50464d0	_nice	0xf	1	0	0	1
3525	0x5046548	_pause	0xf	1	0	0	1
3526	0x5046588	_rand	0xf	1	0	0	1
3527	0x5046564	_srand	0xf	1	0	0	1
3528	0x50465dc	_stty	0xf	1	0	0	1
3529	0x50465fc	_tell	0xf	1	0	0	1
3530	0x5046618	_times	0xf	1	0	0	1
3531	0x50466c0	_utime	0xf	1	0	0	1
3532	0x50466f0	_vlimit	0xf	1	0	0	1
3533	0x5046758	_vtimes	0xf	1	0	0	1
3534	0x5046880	_reset	0xf	1	0	0	1
3535	0x5046880	_setexit	0xf	1	0	0	1
3536	0x5046884	_cbc_crypt	0xf	1	0	0	1
3537	0x504692c	_ecb_crypt	0xf	1	0	0	1
3538	0x5046a38	__des_crypt	0xf	1	0	0	1
3539	0x50469f0	_des_setparity	0xf	1	0	0	1
3540	0x50485d8	_NXSetAutoDimBrightness	0xf	1	0	0	1
3541	0x5048534	_NXScreenBrightness	0xf	1	0	0	1
3542	0x5047ab8	_NXResetMouse	0xf	1	0	0	1
3543	0x5047784	_NXResetKeyboard	0xf	1	0	0	1
3544	0x5047618	_NXOpenEventStatus	0xf	1	0	0	1
3545	0x504790c	_NXKeyRepeatThreshold	0xf	1	0	0	1
3546	0x5047f20	_NXMouseButtonEnabled	0xf	1	0	0	1
3547	0x5047830	_NXKeyRepeatInterval	0xf	1	0	0	1
3548	0x50479f4	_NXKeyMappingLength	0xf	1	0	0	1
3549	0x5048380	_NXIdleTime	0xf	1	0	0	1
3550	0x5047e2c	_NXGetMouseScaling	0xf	1	0	0	1
3551	0x50480d0	_NXWaitCursorSustain	0xf	1	0	0	1
3552	0x50483fc	_NXSetAutoDimState	0xf	1	0	0	1
3553	0x5048224	_NXSetAutoDimThreshold	0xf	1	0	0	1
3554	0x50486ec	_NXEvSetParameterInt	0xf	1	0	0	1
3555	0x5048750	_NXEvSetParameterChar	0xf	1	0	0	1
3556	0x50487b4	_NXEvGetParameterInt	0xf	1	0	0	1
3557	0x5048820	_NXEvGetParameterChar	0xf	1	0	0	1
3558	0x5047ed4	_NXEnableMouseButton	0xf	1	0	0	1
3559	0x5047658	_NXCloseEventStatus	0xf	1	0	0	1
3560	0x5047b64	_NXClickTime	0xf	1	0	0	1
3561	0x5048304	_NXAutoDimTime	0xf	1	0	0	1
3562	0x5048288	_NXAutoDimThreshold	0xf	1	0	0	1
3563	0x5048450	_NXAutoDimState	0xf	1	0	0	1
3564	0x5048648	_NXAutoDimBrightness	0xf	1	0	0	1
3565	0x50481ac	_NXWaitCursorFrameInterval	0xf	1	0	0	1
3566	0x5047b00	_NXSetClickTime	0xf	1	0	0	1
3567	0x5047ff0	_NXWaitCursorThreshold	0xf	1	0	0	1
3568	0x50477cc	_NXSetKeyRepeatInterval	0xf	1	0	0	1
3569	0x5047988	_NXSetKeyMapping	0xf	1	0	0	1
3570	0x50478a8	_NXSetKeyRepeatThreshold	0xf	1	0	0	1
3571	0x50484c4	_NXSetScreenBrightness	0xf	1	0	0	1
3572	0x5048148	_NXSetWaitCursorFrameInterval	0xf	1	0	0	1
3573	0x5047d8c	_NXSetMouseScaling	0xf	1	0	0	1
3574	0x504806c	_NXSetWaitCursorSustain	0xf	1	0	0	1
3575	0x5047a58	_NXGetKeyMapping	0xf	1	0	0	1
3576	0x5047cd8	_NXGetClickSpace	0xf	1	0	0	1
3577	0x5047f8c	_NXSetWaitCursorThreshold	0xf	1	0	0	1
3578	0x50476a0	__NXPostLLEvent	0xf	1	0	0	1
3579	0x5047be0	_NXSetClickSpace	0xf	1	0	0	1
3580	0x5047714	_NXEventSystemInfo	0xf	1	0	0	1
3581	0x50490e4	__NXEvGetParameterChar	0xf	1	0	0	1
3582	0x5048ee8	__NXEvGetParameterInt	0xf	1	0	0	1
3583	0x504948c	__NXEvSetParameterChar	0xf	1	0	0	1
3584	0x50492ec	__NXEvSetParameterInt	0xf	1	0	0	1
3585	0x50489ac	__NXEvClose	0xf	1	0	0	1
3586	0x5048c34	__NXEvFrameBufferDevicePort	0xf	1	0	0	1
3587	0x5048acc	__NXEvMapEventShmem	0xf	1	0	0	1
3588	0x504888c	__NXEvOpen	0xf	1	0	0	1
3589	0x5048db4	__NXEvSetSpecialKeyPort	0xf	1	0	0	1
3590	0x504963c	_abort	0xf	1	0	0	1
3591	0x504966c	_alarm	0xf	1	0	0	1
3592	0x50496d4	__old_alias_endent	0xf	1	0	0	1
3593	0x50496dc	__old_alias_getbyname	0xf	1	0	0	1
3594	0x50496cc	__old_alias_getent	0xf	1	0	0	1
3595	0x50496c4	__old_alias_setent	0xf	1	0	0	1
3596	0x50496e4	_atoi	0xf	1	0	0	1
3597	0x5049798	_atol	0xf	1	0	0	1
3598	0x504984c	_cfree	0xf	1	0	0	1
3599	0x5049860	_closedir	0xf	1	0	0	1
3600	0x5049ac0	_encrypt	0xf	1	0	0	1
3601	0x50498e8	_setkey	0xf	1	0	0	1
3602	0x5049e10	_crypt	0xf	1	0	0	1
3603	0x504a76c	__tzset	0xf	1	0	0	1
3604	0x504a80c	_localtime	0xf	1	0	0	1
3605	0x504a9e0	_mktime	0xf	1	0	0	1
3606	0x504a05c	_ctime	0xf	1	0	0	1
3607	0x504a990	_gmtime	0xf	1	0	0	1
3608	0x504a078	_asctime	0xf	1	0	0	1
3609	0x50f4d84	__tzname	0xf	7	0	0	1
3610	0x50efdc0	__ctype_	0xf	4	0	0	1
3611	0x504aef4	_getdiskbyname	0xf	1	0	0	1
3612	0x504bac0	_getdiskbydev	0xf	1	0	0	1
3613	0x50efecc	_sys_nerr	0xf	4	0	0	1
3614	0x50f7900	_sys_errlist	0xf	11	0	0	1
3615	0x50f0160	__sys_errlist_EPIPE	0xf	4	0	0	1
3616	0x50f0418	__sys_errlist_ENOBUFS	0xf	4	0	0	1
3617	0x50f00a0	__sys_errlist_ENFILE	0xf	4	0	0	1
3618	0x50eff18	__sys_errlist_EINTR	0xf	4	0	0	1
3619	0x50f02f8	__sys_errlist_EPFNOSUPPORT	0xf	4	0	0	1
3620	0x50f0630	__sys_errlist_ENOMSG	0xf	4	0	0	1
3621	0x50effc8	__sys_errlist_ENOMEM	0xf	4	0	0	1
3622	0x50f0270	__sys_errlist_ENOPROTOOPT	0xf	4	0	0	1
3623	0x50f0110	__sys_errlist_ENOSPC	0xf	4	0	0	1
3624	0x50f06a8	__sys_errlist_ENOLCK	0xf	4	0	0	1
3625	0x50f0618	__sys_errlist_ENOSR	0xf	4	0	0	1
3626	0x50f01b8	__sys_errlist_EINPROGRESS	0xf	4	0	0	1
3627	0x50eff78	__sys_errlist_ENOEXEC	0xf	4	0	0	1
3628	0x50efee8	__sys_errlist_ENOENT	0xf	4	0	0	1
3629	0x50f0058	__sys_errlist_ENODEV	0xf	4	0	0	1
3630	0x50efed0	__sys_errlist_0	0xf	4	0	0	1
3631	0x50f0390	__sys_errlist_ENETUNREACH	0xf	4	0	0	1
3632	0x50f0668	__sys_errlist_EIDRM	0xf	4	0	0	1
3633	0x50f05f0	__sys_errlist_ENOSTR	0xf	4	0	0	1
3634	0x50f0040	__sys_errlist_EXDEV	0xf	4	0	0	1
3635	0x50f01a0	__sys_errlist_EWOULDBLOCK	0xf	4	0	0	1
3636	0x50f0588	__sys_errlist_EUSERS	0xf	4	0	0	1
3637	0x50f00f0	__sys_errlist_ETXTBSY	0xf	4	0	0	1
3638	0x50f0498	__sys_errlist_ETOOMANYREFS	0xf	4	0	0	1
3639	0x50f03a8	__sys_errlist_ENETRESET	0xf	4	0	0	1
3640	0x50f0380	__sys_errlist_ENETDOWN	0xf	4	0	0	1
3641	0x50f04c0	__sys_errlist_ETIMEDOUT	0xf	4	0	0	1
3642	0x50f0608	__sys_errlist_ETIME	0xf	4	0	0	1
3643	0x50f0518	__sys_errlist_ENAMETOOLONG	0xf	4	0	0	1
3644	0x50f05b0	__sys_errlist_ESTALE	0xf	4	0	0	1
3645	0x50eff08	__sys_errlist_ESRCH	0xf	4	0	0	1
3646	0x50f0128	__sys_errlist_ESPIPE	0xf	4	0	0	1
3647	0x50f02b0	__sys_errlist_ESOCKTNOSUPPORT	0xf	4	0	0	1
3648	0x50f0238	__sys_errlist_EMSGSIZE	0xf	4	0	0	1
3649	0x50f0470	__sys_errlist_ESHUTDOWN	0xf	4	0	0	1
3650	0x50f0750	__sys_errlist_ESHLIBVERS	0xf	4	0	0	1
3651	0x50f0150	__sys_errlist_EMLINK	0xf	4	0	0	1
3652	0x50f00b8	__sys_errlist_EMFILE	0xf	4	0	0	1
3653	0x50f0138	__sys_errlist_EROFS	0xf	4	0	0	1
3654	0x50f05c8	__sys_errlist_EREMOTE	0xf	4	0	0	1
3655	0x50f04d8	__sys_errlist_EREFUSED	0xf	4	0	0	1
3656	0x50f04f0	__sys_errlist_ELOOP	0xf	4	0	0	1
3657	0x50f0078	__sys_errlist_EISDIR	0xf	4	0	0	1
3658	0x50f0188	__sys_errlist_ERANGE	0xf	4	0	0	1
3659	0x50f0438	__sys_errlist_EISCONN	0xf	4	0	0	1
3660	0x50eff30	__sys_errlist_EIO	0xf	4	0	0	1
3661	0x50f06c8	__sys_errlist_EPWROFF	0xf	4	0	0	1
3662	0x50f0250	__sys_errlist_EPROTOTYPE	0xf	4	0	0	1
3663	0x50f0298	__sys_errlist_EPROTONOSUPPORT	0xf	4	0	0	1
3664	0x50f0088	__sys_errlist_EINVAL	0xf	4	0	0	1
3665	0x50f0570	__sys_errlist_EPROCLIM	0xf	4	0	0	1
3666	0x50f06f0	__sys_errlist_ENOINIT	0xf	4	0	0	1
3667	0x50eff60	__sys_errlist_E2BIG	0xf	4	0	0	1
3668	0x50f0008	__sys_errlist_ENOTBLK	0xf	4	0	0	1
3669	0x50f0020	__sys_errlist_EBUSY	0xf	4	0	0	1
3670	0x50f0540	__sys_errlist_EHOSTUNREACH	0xf	4	0	0	1
3671	0x50f0530	__sys_errlist_EHOSTDOWN	0xf	4	0	0	1
3672	0x50f0100	__sys_errlist_EFBIG	0xf	4	0	0	1
3673	0x50efff8	__sys_errlist_EFAULT	0xf	4	0	0	1
3674	0x50efed8	__sys_errlist_EPERM	0xf	4	0	0	1
3675	0x50f0030	__sys_errlist_EEXIST	0xf	4	0	0	1
3676	0x50f0598	__sys_errlist_EDQUOT	0xf	4	0	0	1
3677	0x50f02d0	__sys_errlist_EOPNOTSUPP	0xf	4	0	0	1
3678	0x50eff40	__sys_errlist_ENXIO	0xf	4	0	0	1
3679	0x50f0170	__sys_errlist_EDOM	0xf	4	0	0	1
3680	0x50f06e0	__sys_errlist_EDEVERR	0xf	4	0	0	1
3681	0x50f0218	__sys_errlist_EDESTADDRREQ	0xf	4	0	0	1
3682	0x50f0680	__sys_errlist_EDEADLK	0xf	4	0	0	1
3683	0x50f03f8	__sys_errlist_ECONNRESET	0xf	4	0	0	1
3684	0x50f03d0	__sys_errlist_ECONNABORTED	0xf	4	0	0	1
3685	0x50effa0	__sys_errlist_ECHILD	0xf	4	0	0	1
3686	0x50f0650	__sys_errlist_EBADMSG	0xf	4	0	0	1
3687	0x50f0318	__sys_errlist_EAFNOSUPPORT	0xf	4	0	0	1
3688	0x50f0770	__sys_errlist_EBADMACHO	0xf	4	0	0	1
3689	0x50eff90	__sys_errlist_EBADF	0xf	4	0	0	1
3690	0x50f0708	__sys_errlist_EBADEXEC	0xf	4	0	0	1
3691	0x50f0730	__sys_errlist_EBADARCH	0xf	4	0	0	1
3692	0x50f01d8	__sys_errlist_EALREADY	0xf	4	0	0	1
3693	0x50f00d0	__sys_errlist_ENOTTY	0xf	4	0	0	1
3694	0x50effb0	__sys_errlist_EAGAIN	0xf	4	0	0	1
3695	0x50f01f8	__sys_errlist_ENOTSOCK	0xf	4	0	0	1
3696	0x50f0348	__sys_errlist_EADDRINUSE	0xf	4	0	0	1
3697	0x50f0360	__sys_errlist_EADDRNOTAVAIL	0xf	4	0	0	1
3698	0x50f0558	__sys_errlist_ENOTEMPTY	0xf	4	0	0	1
3699	0x50f0068	__sys_errlist_ENOTDIR	0xf	4	0	0	1
3700	0x50f0458	__sys_errlist_ENOTCONN	0xf	4	0	0	1
3701	0x50effe0	__sys_errlist_EACCES	0xf	4	0	0	1
3702	0x504bbf8	_execvp	0xf	1	0	0	1
3703	0x504bb6c	_execlp	0xf	1	0	0	1
3704	0x504c32c	_getexportopt	0xf	1	0	0	1
3705	0x504be80	_setexportent	0xf	1	0	0	1
3706	0x504c284	_addexportent	0xf	1	0	0	1
3707	0x504bf50	_endexportent	0xf	1	0	0	1
3708	0x504bf64	_getexportent	0xf	1	0	0	1
3709	0x504c088	_remexportent	0xf	1	0	0	1
3710	0x504c4ec	_fgetpwent	0xf	1	0	0	1
3711	0x504c800	_frexp	0xf	1	0	0	1
3712	0x504cc34	_getfsfile	0xf	1	0	0	1
3713	0x504ca78	_setfsent	0xf	1	0	0	1
3714	0x504cb3c	_getfsent	0xf	1	0	0	1
3715	0x504caf8	_endfsent	0xf	1	0	0	1
3716	0x504cc84	_getfstype	0xf	1	0	0	1
3717	0x504cbe4	_getfsspec	0xf	1	0	0	1
3718	0x504ccd4	_getenv	0xf	1	0	0	1
3719	0x504d05c	__old_setgrent	0xf	1	0	0	1
3720	0x504d480	__old_setgrfile	0xf	1	0	0	1
3721	0x504ce20	_setgrjunk	0xf	1	0	0	1
3722	0x504cf60	__old_getgrnam	0xf	1	0	0	1
3723	0x504ce74	__old_getgrgid	0xf	1	0	0	1
3724	0x504d250	__old_getgrent	0xf	1	0	0	1
3725	0x504d19c	__old_fgetgrent	0xf	1	0	0	1
3726	0x504d140	__old_endgrent	0xf	1	0	0	1
3727	0x504de94	_getlogin	0xf	1	0	0	1
3728	0x504df98	_getpass	0xf	1	0	0	1
3729	0x504e9a4	__old_setpwfile	0xf	1	0	0	1
3730	0x504ea3c	__old_getpwent	0xf	1	0	0	1
3731	0x504e8fc	__old_endpwent	0xf	1	0	0	1
3732	0x504e624	__old_getpwuid	0xf	1	0	0	1
3733	0x504e838	__old_setpwent	0xf	1	0	0	1
3734	0x504e408	__old_getpwnam	0xf	1	0	0	1
3735	0x504f960	_setttyent	0xf	1	0	0	1
3736	0x504f9b4	_endttyent	0xf	1	0	0	1
3737	0x504fb30	_getttyent	0xf	1	0	0	1
3738	0x504fdc4	_getttynam	0xf	1	0	0	1
3739	0x504fe08	_getusershell	0xf	1	0	0	1
3740	0x504fe74	_endusershell	0xf	1	0	0	1
3741	0x504fef0	_setusershell	0xf	1	0	0	1
3742	0x505018c	_getwd	0xf	1	0	0	1
3743	0x5050d38	_monoutput	0xf	1	0	0	1
3744	0x5050c38	_monreset	0xf	1	0	0	1
3745	0x5050808	_monaddition	0xf	1	0	0	1
3746	0x50513b4	_moncontrol	0xf	1	0	0	1
3747	0x5051494	_moncount	0xf	1	0	0	1
3748	0x50512c8	_monitor	0xf	1	0	0	1
3749	0x5050758	_monstartup	0xf	1	0	0	1
3750	0x5050588	_moninit	0xf	1	0	0	1
3751	0x505173c	_swap_hppa_integer_thread_state	0xf	1	0	0	1
3752	0x5052540	_swap_hppa_frame_thread_state	0xf	1	0	0	1
3753	0x5052c8c	_swap_i386_thread_fpstate	0xf	1	0	0	1
3754	0x50527e8	_swap_i386_thread_state	0xf	1	0	0	1
3755	0x5053a9c	_swap_i386_thread_exceptstate	0xf	1	0	0	1
3756	0x5053e60	_swap_i386_thread_cthreadstate	0xf	1	0	0	1
3757	0x5053ec4	__old_initgroups	0xf	1	0	0	1
3758	0x5054038	__isatty	0xf	1	0	0	1
3759	0x505420c	_swap_m68k_thread_state_68882	0xf	1	0	0	1
3760	0x5054464	_swap_m68k_thread_state_user_reg	0xf	1	0	0	1
3761	0x5054060	_swap_m68k_thread_state_regs	0xf	1	0	0	1
3762	0x5058628	__malloc_good_size	0xf	1	0	0	1
3763	0x5058ee8	__malloc_freezedry	0xf	1	0	0	1
3764	0x5058584	__malloc_error	0xf	1	0	0	1
3765	0x50584e0	__malloc_debug	0xf	1	0	0	1
3766	0x5058d80	__malloc_fork_prepare	0xf	1	0	0	1
3767	0x50585b4	__malloc_size	0xf	1	0	0	1
3768	0x5058630	__mstats	0xf	1	0	0	1
3769	0x5058fb8	__malloc_jumpstart	0xf	1	0	0	1
3770	0x5058dec	__malloc_fork_child	0xf	1	0	0	1
3771	0x5057bf4	__NXMallocDumpFrees	0xf	1	0	0	1
3772	0x5058e84	__NXRemoveRegion	0xf	1	0	0	1
3773	0x505866c	__valloc	0xf	1	0	0	1
3774	0x5054c80	__NXMergeZone	0xf	1	0	0	1
3775	0x5057b48	__NXMallocCheck	0xf	1	0	0	1
3776	0x5055650	__NXCreateChildZone	0xf	1	0	0	1
3777	0x5058e18	__NXAddRegion	0xf	1	0	0	1
3778	0x5058d6c	__malloc_singlethreaded	0xf	1	0	0	1
3779	0x5058d28	__set_malloc_singlethreaded	0xf	1	0	0	1
3780	0x5058dc0	__malloc_fork_parent	0xf	1	0	0	1
3781	0x5058b1c	__vfree	0xf	1	0	0	1
3782	0x5058154	__NXMallocDumpZones	0xf	1	0	0	1
3783	0x5058700	_realloc	0xf	1	0	0	1
3784	0x5054540	__NXDefaultMallocZone	0xf	1	0	0	1
3785	0x5058638	_calloc	0xf	1	0	0	1
3786	0x50569bc	__NXZonePtrInfo	0xf	1	0	0	1
3787	0x5056af4	__NXZoneCalloc	0xf	1	0	0	1
3788	0x5056950	__NXZoneFromPtr	0xf	1	0	0	1
3789	0x5058c10	__NXNameZone	0xf	1	0	0	1
3790	0x5054fbc	__NXCreateZone	0xf	1	0	0	1
3791	0x50587f8	_free	0xf	1	0	0	1
3792	0x505875c	_malloc	0xf	1	0	0	1
3793	0x5059074	_mkstemp	0xf	1	0	0	1
3794	0x5059118	_mktemp	0xf	1	0	0	1
3795	0x505981c	_hasmntopt	0xf	1	0	0	1
3796	0x50596dc	__old_addmntent	0xf	1	0	0	1
3797	0x5059654	__old_endmntent	0xf	1	0	0	1
3798	0x50595c0	__old_setmntent	0xf	1	0	0	1
3799	0x5059674	__old_getmntent	0xf	1	0	0	1
3800	0x50591d8	__mnt	0xf	1	0	0	1
3801	0x5059a0c	_dbm_close	0xf	1	0	0	1
3802	0x5059b50	_dbm_delete	0xf	1	0	0	1
3803	0x5059f70	_dbm_firstkey	0xf	1	0	0	1
3804	0x5059a30	_dbm_forder	0xf	1	0	0	1
3805	0x5059f9c	_dbm_nextkey	0xf	1	0	0	1
3806	0x5059c48	_dbm_store	0xf	1	0	0	1
3807	0x5059a9c	_dbm_fetch	0xf	1	0	0	1
3808	0x50598dc	_dbm_open	0xf	1	0	0	1
3809	0x505a6a4	_nlist	0xf	1	0	0	1
3810	0x505ac74	_opendir	0xf	1	0	0	1
3811	0x505ad54	_perror	0xf	1	0	0	1
3812	0x505b084	_pclose	0xf	1	0	0	1
3813	0x505ae60	_popen	0xf	1	0	0	1
3814	0x505b114	_psignal	0xf	1	0	0	1
3815	0x505b1b8	_qsort	0xf	1	0	0	1
3816	0x505b8c4	_setstate	0xf	1	0	0	1
3817	0x505ba80	_random	0xf	1	0	0	1
3818	0x505b564	_srandom	0xf	1	0	0	1
3819	0x505b688	_initstate	0xf	1	0	0	1
3820	0x505bbc8	_readdir	0xf	1	0	0	1
3821	0x505c214	_realpath	0xf	1	0	0	1
3822	0x505cc18	_cclass	0xf	1	0	0	1
3823	0x505cbb4	_backref	0xf	1	0	0	1
3824	0x505c274	_re_fold	0xf	1	0	0	1
3825	0x505c6d8	_re_compile	0xf	1	0	0	1
3826	0x505c33c	_re_comp	0xf	1	0	0	1
3827	0x505c764	_re_match	0xf	1	0	0	1
3828	0x505c84c	_re_exec	0xf	1	0	0	1
3829	0x505cc7c	_recmp	0xf	1	0	0	1
3830	0x505ccf8	_scandir	0xf	1	0	0	1
3831	0x505ce6c	_alphasort	0xf	1	0	0	1
3832	0x505ce8c	_seekdir	0xf	1	0	0	1
3833	0x505cf0c	_setegid	0xf	1	0	0	1
3834	0x505cf24	_seteuid	0xf	1	0	0	1
3835	0x505cf3c	_setgid	0xf	1	0	0	1
3836	0x505cf54	_setrgid	0xf	1	0	0	1
3837	0x505cf6c	_setruid	0xf	1	0	0	1
3838	0x505cf84	_setuid	0xf	1	0	0	1
3839	0x505cf9c	_siginterrupt	0xf	1	0	0	1
3840	0x50f7a5c	_sys_siglist	0xf	11	0	0	1
3841	0x505d0ec	_signal	0xf	1	0	0	1
3842	0x505d108	__signal_nobind	0xf	1	0	0	1
3843	0x50f09a8	__sys_siglist_SIGALRM	0xf	4	0	0	1
3844	0x50f0a78	__sys_siglist_SIGXFSZ	0xf	4	0	0	1
3845	0x50f0a60	__sys_siglist_SIGXCPU	0xf	4	0	0	1
3846	0x50f0ac0	__sys_siglist_SIGWINCH	0xf	4	0	0	1
3847	0x50f0a90	__sys_siglist_SIGVTALRM	0xf	4	0	0	1
3848	0x50f0b00	__sys_siglist_SIGUSR2	0xf	4	0	0	1
3849	0x50f0ae8	__sys_siglist_SIGUSR1	0xf	4	0	0	1
3850	0x50f09c8	__sys_siglist_SIGURG	0xf	4	0	0	1
3851	0x50f0a38	__sys_siglist_SIGTTOU	0xf	4	0	0	1
3852	0x50f0a20	__sys_siglist_SIGTTIN	0xf	4	0	0	1
3853	0x50f09f8	__sys_siglist_SIGTSTP	0xf	4	0	0	1
3854	0x50f0908	__sys_siglist_SIGTRAP	0xf	4	0	0	1
3855	0x50f09b8	__sys_siglist_SIGTERM	0xf	4	0	0	1
3856	0x50f0988	__sys_siglist_SIGSYS	0xf	4	0	0	1
3857	0x50f09e0	__sys_siglist_SIGSTOP	0xf	4	0	0	1
3858	0x50f0970	__sys_siglist_SIGSEGV	0xf	4	0	0	1
3859	0x50f0958	__sys_siglist_SIGKILL	0xf	4	0	0	1
3860	0x50f08e8	__sys_siglist_SIGQUIT	0xf	4	0	0	1
3861	0x50f0928	__sys_siglist_SIGEMT	0xf	4	0	0	1
3862	0x50f0aa8	__sys_siglist_SIGPROF	0xf	4	0	0	1
3863	0x50f0998	__sys_siglist_SIGPIPE	0xf	4	0	0	1
3864	0x50f0ad8	__sys_siglist_SIGLOST	0xf	4	0	0	1
3865	0x50f08d0	__sys_siglist_SIGHUP	0xf	4	0	0	1
3866	0x50f0918	__sys_siglist_SIGIOT	0xf	4	0	0	1
3867	0x50f0a50	__sys_siglist_SIGIO	0xf	4	0	0	1
3868	0x50f08d8	__sys_siglist_SIGINT	0xf	4	0	0	1
3869	0x50f08f0	__sys_siglist_SIGILL	0xf	4	0	0	1
3870	0x50f0938	__sys_siglist_SIGFPE	0xf	4	0	0	1
3871	0x50f08c0	__sys_siglist_0	0xf	4	0	0	1
3872	0x50f0a00	__sys_siglist_SIGCONT	0xf	4	0	0	1
3873	0x50f0960	__sys_siglist_SIGBUS	0xf	4	0	0	1
3874	0x50f0a10	__sys_siglist_SIGCHLD	0xf	4	0	0	1
3875	0x505d124	_sleep	0xf	1	0	0	1
3876	0x505d2e8	__strcasecmp	0xf	1	0	0	1
3877	0x505d368	__strncasecmp	0xf	1	0	0	1
3878	0x505d3f0	_swab	0xf	1	0	0	1
3879	0x505d578	_vsyslog	0xf	1	0	0	1
3880	0x505dcec	_openlog	0xf	1	0	0	1
3881	0x505ddf8	_setlogmask	0xf	1	0	0	1
3882	0x505d54c	_syslog	0xf	1	0	0	1
3883	0x505ddc0	_closelog	0xf	1	0	0	1
3884	0x505de30	_system	0xf	1	0	0	1
3885	0x505df34	_telldir	0xf	1	0	0	1
3886	0x505df50	_time	0xf	1	0	0	1
3887	0x505e038	__tztab	0xf	1	0	0	1
3888	0x505df8c	__timezone	0xf	1	0	0	1
3889	0x505e114	_ttyname	0xf	1	0	0	1
3890	0x505e23c	_ttyslot	0xf	1	0	0	1
3891	0x505e2ec	_ualarm	0xf	1	0	0	1
3892	0x505e380	_usleep	0xf	1	0	0	1
3893	0x505e594	_atof	0xf	1	0	0	1
3894	0x505e5ac	__ecvt	0xf	1	0	0	1
3895	0x505e5d4	__fcvt	0xf	1	0	0	1
3896	0x505eb5c	_fabs	0xf	1	0	0	1
3897	0x505eba0	__index	0xf	1	0	0	1
3898	0x505ebcc	__isinf	0xf	1	0	0	1
3899	0x505ec08	__isnan	0xf	1	0	0	1
3900	0x505ec40	_ldexp	0xf	1	0	0	1
3901	0x505ecb0	_modf	0xf	1	0	0	1
3902	0x505ed98	_moninitshlibs	0xf	1	0	0	1
3903	0x505eda0	_rindex	0xf	1	0	0	1
3904	0x505edd4	_longjmperror	0xf	1	0	0	1
3905	0x505ee04	_strcat	0xf	1	0	0	1
3906	0x505ee48	_strncat	0xf	1	0	0	1
3907	0x505eea4	_abs	0xf	1	0	0	1
3908	0x505eeb8	_bcmp	0xf	1	0	0	1
3909	0x505f094	_bcopy	0xf	1	0	0	1
3910	0x505f270	__bzero	0xf	1	0	0	1
3911	0x505f2d4	_ffs	0xf	1	0	0	1
3912	0x505f2f8	_insque	0xf	1	0	0	1
3913	0x505f310	mcount	0xf	1	0	0	1
3914	0x505f32c	_remque	0xf	1	0	0	1
3915	0x505f438	_longjmp	0xf	1	0	0	1
3916	0x505f340	_setjmp	0xf	1	0	0	1
3917	0x505f474	_strcmp	0xf	1	0	0	1
3918	0x505f7b0	_strcpy	0xf	1	0	0	1
3919	0x505fba4	_strlen	0xf	1	0	0	1
3920	0x505fc94	_strncmp	0xf	1	0	0	1
3921	0x5060008	_strncpy	0xf	1	0	0	1
3922	0x5060698	.umul	0xf	1	0	0	1
3923	0x5060924	__longjmp	0xf	1	0	0	1
3924	0x50608b4	__setjmp	0xf	1	0	0	1
3925	0x5060988	.udiv	0xf	1	0	0	1
3926	0x5060990	.div	0xf	1	0	0	1
3927	0x5060c3c	.urem	0xf	1	0	0	1
3928	0x5060c44	.rem	0xf	1	0	0	1
3929	0x5060f18	_inet_aton	0xf	1	0	0	1
3930	0x5060ef0	_inet_addr	0xf	1	0	0	1
3931	0x5061150	_inet_lnaof	0xf	1	0	0	1
3932	0x5061194	_inet_makeaddr	0xf	1	0	0	1
3933	0x50611f0	_inet_netof	0xf	1	0	0	1
3934	0x5061228	_inet_network	0xf	1	0	0	1
3935	0x50613cc	_inet_ntoa	0xf	1	0	0	1
3936	0x5061420	__adddi3	0xf	1	0	0	1
3937	0x50614a4	__anddi3	0xf	1	0	0	1
3938	0x50614bc	__bdiv	0xf	1	0	0	1
3939	0x5061884	__iordi3	0xf	1	0	0	1
3940	0x50f53a0	__NX_ULTable_	0xf	7	0	0	1
3941	0x50f5298	__NX_CTypeTable_	0xf	7	0	0	1
3942	0x506189c	_NXIsAlNum	0xf	1	0	0	1
3943	0x50618ec	_NXIsAlpha	0xf	1	0	0	1
3944	0x506193c	_NXIsAscii	0xf	1	0	0	1
3945	0x5061964	_NXIsCntrl	0xf	1	0	0	1
3946	0x50619b4	_NXIsDigit	0xf	1	0	0	1
3947	0x5061a04	_NXIsGraph	0xf	1	0	0	1
3948	0x5061a54	_NXIsLower	0xf	1	0	0	1
3949	0x5061aa4	_NXIsPrint	0xf	1	0	0	1
3950	0x5061af4	_NXIsPunct	0xf	1	0	0	1
3951	0x5061b44	_NXIsSpace	0xf	1	0	0	1
3952	0x5061b94	_NXIsUpper	0xf	1	0	0	1
3953	0x5061be4	_NXIsXDigit	0xf	1	0	0	1
3954	0x5061c34	_NXToAscii	0xf	1	0	0	1
3955	0x50621e4	_NXToLower	0xf	1	0	0	1
3956	0x5062234	_NXToUpper	0xf	1	0	0	1
3957	0x5062284	__one_cmpldi2	0xf	1	0	0	1
3958	0x506229c	__subdi3	0xf	1	0	0	1
3959	0x5062320	__xordi3	0xf	1	0	0	1
3960	0x5062338	__NXToLower	0xf	1	0	0	1
3961	0x506238c	__NXToUpper	0xf	1	0	0	1
3962	0x50623e0	_bootstrap_get_unpriv_port	0xf	1	0	0	1
3963	0x506250c	_mach_NeXT_exception_string	0xf	1	0	0	1
3964	0x5062414	_mach_exception_string	0xf	1	0	0	1
3965	0x50625dc	_mach_NeXT_exception	0xf	1	0	0	1
3966	0x50624c0	_mach_exception	0xf	1	0	0	1
3967	0x5062638	_catch_exception_raise	0xf	1	0	0	1
3968	0x50f54c4	__old_mach_init_ports_count	0xf	7	0	0	1
3969	0x50f54b4	__bootstrap_port	0xf	7	0	0	1
3970	0x50f54c8	__mach_init_routine	0xf	7	0	0	1
3971	0x50f54c0	__old_mach_init_ports	0xf	7	0	0	1
3972	0x50f54bc	__xxx_PORT_ENABLED	0xf	7	0	0	1
3973	0x50f54a8	__task_self_	0xf	7	0	0	1
3974	0x50f54d8	__mach_data_padding	0xf	7	0	0	1
3975	0x50f54ac	__name_server_port	0xf	7	0	0	1
3976	0x50f54b8	__vm_page_size	0xf	7	0	0	1
3977	0x50f54b0	__xxx_environment_port	0xf	7	0	0	1
3978	0x5062b04	__mach_errormsg	0xf	1	0	0	1
3979	0x5062b18	__mach_error	0xf	1	0	0	1
3980	0x506264c	__mach_error_string	0xf	1	0	0	1
3981	0x5062b64	__fork_mach_init	0xf	1	0	0	1
3982	0x5062b78	__mach_init	0xf	1	0	0	1
3983	0x5062c78	_mach_msg	0xf	1	0	0	1
3984	0x5062d64	_mach_msg_receive	0xf	1	0	0	1
3985	0x5062d90	_mach_msg_send	0xf	1	0	0	1
3986	0x5062dbc	_mig_allocate	0xf	1	0	0	1
3987	0x5062dec	_mig_deallocate	0xf	1	0	0	1
3988	0x5062e0c	_mig_reply_setup	0xf	1	0	0	1
3989	0x5062e70	_mig_strncpy	0xf	1	0	0	1
3990	0x5062f34	__msg_receive	0xf	1	0	0	1
3991	0x5062ec8	__msg_send	0xf	1	0	0	1
3992	0x5062fa8	__msg_rpc	0xf	1	0	0	1
3993	0x5063060	_sbrk	0xf	1	0	0	1
3994	0x506311c	_brk	0xf	1	0	0	1
3995	0x5063124	_slot_name	0xf	1	0	0	1
3996	0x50634ec	__init_process	0xf	1	0	0	1
3997	0x506351c	__kern_timestamp	0xf	1	0	0	1
3998	0x506342c	__task_notify	0xf	1	0	0	1
3999	0x506353c	__host_priv_self	0xf	1	0	0	1
4000	0x50634cc	__task_by_pid	0xf	1	0	0	1
4001	0x506354c	__swtch_pri	0xf	1	0	0	1
4002	0x506343c	__thread_self	0xf	1	0	0	1
4003	0x50634dc	__lookupd_port	0xf	1	0	0	1
4004	0x506358c	__device_master_self	0xf	1	0	0	1
4005	0x506355c	__swtch	0xf	1	0	0	1
4006	0x506356c	__thread_switch	0xf	1	0	0	1
4007	0x506348c	__mach_reply_port	0xf	1	0	0	1
4008	0x506344c	__msg_send_trap	0xf	1	0	0	1
4009	0x506350c	__mach_swapon	0xf	1	0	0	1
4010	0x506357c	__event_port_by_tag	0xf	1	0	0	1
4011	0x506346c	__msg_rpc_trap	0xf	1	0	0	1
4012	0x506345c	__msg_receive_trap	0xf	1	0	0	1
4013	0x506341c	__thread_reply	0xf	1	0	0	1
4014	0x506349c	__mach_thread_self	0xf	1	0	0	1
4015	0x506347c	__mach_msg_trap	0xf	1	0	0	1
4016	0x50634ac	__mach_task_self	0xf	1	0	0	1
4017	0x50634fc	__map_fd	0xf	1	0	0	1
4018	0x50634bc	__mach_host_self	0xf	1	0	0	1
4019	0x506352c	__host_self	0xf	1	0	0	1
4020	0x506340c	__task_self	0xf	1	0	0	1
4021	0x5063c88	__bootstrap_info	0xf	1	0	0	1
4022	0x5063b2c	__bootstrap_status	0xf	1	0	0	1
4023	0x506359c	__bootstrap_check_in	0xf	1	0	0	1
4024	0x50636f8	__bootstrap_register	0xf	1	0	0	1
4025	0x5063844	__bootstrap_look_up	0xf	1	0	0	1
4026	0x50639a0	__bootstrap_look_up_array	0xf	1	0	0	1
4027	0x5063f68	__bootstrap_create_service	0xf	1	0	0	1
4028	0x5063e34	__bootstrap_subset	0xf	1	0	0	1
4029	0x50640c4	_exception_raise	0xf	1	0	0	1
4030	0x5064318	_exc_server	0xf	1	0	0	1
4031	0x50678f4	__port_set_allocate	0xf	1	0	0	1
4032	0x5067ec8	__port_insert_send	0xf	1	0	0	1
4033	0x5068128	__port_insert_receive	0xf	1	0	0	1
4034	0x5066cec	__thread_set_special_port	0xf	1	0	0	1
4035	0x5066fe0	__port_names	0xf	1	0	0	1
4036	0x5067b30	__port_set_add	0xf	1	0	0	1
4037	0x5067a18	__port_set_deallocate	0xf	1	0	0	1
4038	0x506503c	__vm_copy	0xf	1	0	0	1
4039	0x5066270	__task_info	0xf	1	0	0	1
4040	0x5067ff0	__port_extract_send	0xf	1	0	0	1
4041	0x5068250	__port_extract_receive	0xf	1	0	0	1
4042	0x5068388	__port_set_backup	0xf	1	0	0	1
4043	0x5066a38	__thread_set_state	0xf	1	0	0	1
4044	0x5066148	__task_set_special_port	0xf	1	0	0	1
4045	0x5066560	__thread_suspend	0xf	1	0	0	1
4046	0x5065540	__task_by_unix_pid	0xf	1	0	0	1
4047	0x506476c	__thread_terminate	0xf	1	0	0	1
4048	0x5065678	__unix_pid	0xf	1	0	0	1
4049	0x5067c5c	__port_set_remove	0xf	1	0	0	1
4050	0x506715c	__port_type	0xf	1	0	0	1
4051	0x50688b4	__vm_deactivate	0xf	1	0	0	1
4052	0x5067728	__port_status	0xf	1	0	0	1
4053	0x5064c54	__vm_inherit	0xf	1	0	0	1
4054	0x506579c	__netipc_listen	0xf	1	0	0	1
4055	0x5065914	__netipc_ignore	0xf	1	0	0	1
4056	0x5064d94	__vm_read	0xf	1	0	0	1
4057	0x5067294	__port_rename	0xf	1	0	0	1
4058	0x50643f0	__task_create	0xf	1	0	0	1
4059	0x5068774	__vm_set_policy	0xf	1	0	0	1
4060	0x506517c	__vm_region	0xf	1	0	0	1
4061	0x50675fc	__port_set_backlog	0xf	1	0	0	1
4062	0x5065f0c	__task_resume	0xf	1	0	0	1
4063	0x5068648	__vm_synchronize	0xf	1	0	0	1
4064	0x5064efc	__vm_write	0xf	1	0	0	1
4065	0x5065cdc	__xxx_cpu_control	0xf	1	0	0	1
4066	0x5065e08	__task_suspend	0xf	1	0	0	1
4067	0x5065a28	__xxx_host_info	0xf	1	0	0	1
4068	0x5064528	__task_terminate	0xf	1	0	0	1
4069	0x5065b6c	__xxx_slot_info	0xf	1	0	0	1
4070	0x5066bb4	__thread_get_special_port	0xf	1	0	0	1
4071	0x506462c	__task_threads	0xf	1	0	0	1
4072	0x5066768	__thread_abort	0xf	1	0	0	1
4073	0x506643c	__thread_create	0xf	1	0	0	1
4074	0x50649d4	__vm_deallocate	0xf	1	0	0	1
4075	0x506686c	__thread_get_state	0xf	1	0	0	1
4076	0x5066e14	__thread_info	0xf	1	0	0	1
4077	0x5064b00	__vm_protect	0xf	1	0	0	1
4078	0x50684d0	__vm_machine_attribute	0xf	1	0	0	1
4079	0x5066664	__thread_resume	0xf	1	0	0	1
4080	0x5064870	__vm_allocate	0xf	1	0	0	1
4081	0x50673c0	__port_allocate	0xf	1	0	0	1
4082	0x50674e4	__port_deallocate	0xf	1	0	0	1
4083	0x50653bc	__vm_statistics	0xf	1	0	0	1
4084	0x5066010	__task_get_special_port	0xf	1	0	0	1
4085	0x5067d74	__port_set_status	0xf	1	0	0	1
4086	0x5068b34	_host_info	0xf	1	0	0	1
4087	0x506a580	_processor_set_max_priority	0xf	1	0	0	1
4088	0x506a6ac	_thread_policy	0xf	1	0	0	1
4089	0x5069d40	_task_assign	0xf	1	0	0	1
4090	0x5069e68	_task_assign_default	0xf	1	0	0	1
4091	0x506a200	_thread_priority	0xf	1	0	0	1
4092	0x506b138	_host_adjust_time	0xf	1	0	0	1
4093	0x506b284	_host_get_time	0xf	1	0	0	1
4094	0x506a0a4	_host_kernel_version	0xf	1	0	0	1
4095	0x506addc	_host_processor_set_priv	0xf	1	0	0	1
4096	0x506ac9c	_host_processor_sets	0xf	1	0	0	1
4097	0x50689f4	_host_processors	0xf	1	0	0	1
4098	0x506b014	_host_set_time	0xf	1	0	0	1
4099	0x50697b8	_processor_assign	0xf	1	0	0	1
4100	0x50690f4	_processor_control	0xf	1	0	0	1
4101	0x5068ff0	_processor_exit	0xf	1	0	0	1
4102	0x50698e0	_processor_get_assignment	0xf	1	0	0	1
4103	0x5068d00	_processor_info	0xf	1	0	0	1
4104	0x5069380	_processor_set_create	0xf	1	0	0	1
4105	0x506925c	_processor_set_default	0xf	1	0	0	1
4106	0x50694c8	_processor_set_destroy	0xf	1	0	0	1
4107	0x50695cc	_processor_set_info	0xf	1	0	0	1
4108	0x506a32c	_thread_max_priority	0xf	1	0	0	1
4109	0x506a8f0	_processor_set_policy_disable	0xf	1	0	0	1
4110	0x506a7d8	_processor_set_policy_enable	0xf	1	0	0	1
4111	0x506aa1c	_processor_set_tasks	0xf	1	0	0	1
4112	0x506ab5c	_processor_set_threads	0xf	1	0	0	1
4113	0x5068eec	_processor_start	0xf	1	0	0	1
4114	0x5069c1c	_thread_get_assignment	0xf	1	0	0	1
4115	0x506af10	_thread_depress_abort	0xf	1	0	0	1
4116	0x5069f80	_task_get_assignment	0xf	1	0	0	1
4117	0x506a454	_task_priority	0xf	1	0	0	1
4118	0x5069a04	_thread_assign	0xf	1	0	0	1
4119	0x5069b18	_thread_assign_default	0xf	1	0	0	1
4120	0x506b510	_netname_look_up	0xf	1	0	0	1
4121	0x506b3b0	_netname_check_in	0xf	1	0	0	1
4122	0x506b6a4	_netname_check_out	0xf	1	0	0	1
4123	0x506b7f0	_netname_version	0xf	1	0	0	1
4124	0x506ba2c	_NXGetArchInfoFromCpuType	0xf	1	0	0	1
4125	0x506c040	_NXCombineCpuSubtypes	0xf	1	0	0	1
4126	0x506ba98	_NXFindBestFatArch	0xf	1	0	0	1
4127	0x506b948	_NXGetAllArchInfos	0xf	1	0	0	1
4128	0x506b968	_NXGetLocalArchInfo	0xf	1	0	0	1
4129	0x506b9d4	_NXGetArchInfoFromName	0xf	1	0	0	1
4130	0x506c28c	_getmachheaders	0xf	1	0	0	1
4131	0x506c644	_getsectbyname	0xf	1	0	0	1
4132	0x506c3b0	_getsectbynamefromheader	0xf	1	0	0	1
4133	0x506c6e4	_getsectdatafromheader	0xf	1	0	0	1
4134	0x506c720	_getsectdatafromlib	0xf	1	0	0	1
4135	0x506c6ac	_getsectdata	0xf	1	0	0	1
4136	0x506c47c	_getsectbynamefromheaderwithswap	0xf	1	0	0	1
4137	0x506c874	_getsegbyname	0xf	1	0	0	1
4138	0x506c9d8	_get_etext	0xf	1	0	0	1
4139	0x506c924	_get_end	0xf	1	0	0	1
4140	0x506ca28	_get_edata	0xf	1	0	0	1
4141	0x506cce8	_swap_mach_header	0xf	1	0	0	1
4142	0x506d2ac	_swap_section	0xf	1	0	0	1
4143	0x506ca78	_swap_fat_header	0xf	1	0	0	1
4144	0x506da2c	_swap_fvmfile_command	0xf	1	0	0	1
4145	0x506d8a0	_swap_fvmlib_command	0xf	1	0	0	1
4146	0x506dc24	_swap_ident_command	0xf	1	0	0	1
4147	0x506cf04	_swap_load_command	0xf	1	0	0	1
4148	0x506dcd8	_swap_nlist	0xf	1	0	0	1
4149	0x506dde8	_swap_ranlib	0xf	1	0	0	1
4150	0x506debc	_swap_relocation_info	0xf	1	0	0	1
4151	0x506d75c	_swap_symseg_command	0xf	1	0	0	1
4152	0x506d588	_swap_symtab_command	0xf	1	0	0	1
4153	0x506db70	_swap_thread_command	0xf	1	0	0	1
4154	0x506cb2c	_swap_fat_arch	0xf	1	0	0	1
4155	0x506cfb8	_swap_segment_command	0xf	1	0	0	1
4156	0x506e5c8	_ether_ntohost	0xf	1	0	0	1
4157	0x506e328	_ether_ntoa	0xf	1	0	0	1
4158	0x506e294	_ether_line	0xf	1	0	0	1
4159	0x506e4a4	_ether_hostton	0xf	1	0	0	1
4160	0x506e3d4	_ether_aton	0xf	1	0	0	1
4161	0x506eabc	__old_getnetent	0xf	1	0	0	1
4162	0x506eeac	__nettoa	0xf	1	0	0	1
4163	0x506ea44	__old_endnetent	0xf	1	0	0	1
4164	0x506e79c	__old_getnetbyaddr	0xf	1	0	0	1
4165	0x506e888	__old_getnetbyname	0xf	1	0	0	1
4166	0x506e9a0	__old_setnetent	0xf	1	0	0	1
4167	0x506ef88	__old_setnetgrent	0xf	1	0	0	1
4168	0x506f05c	__old_endnetgrent	0xf	1	0	0	1
4169	0x506f130	__old_getnetgrent	0xf	1	0	0	1
4170	0x506f734	__old_setprotoent	0xf	1	0	0	1
4171	0x506f7d8	__old_endprotoent	0xf	1	0	0	1
4172	0x506f61c	__old_getprotobyname	0xf	1	0	0	1
4173	0x506f530	__old_getprotobynumber	0xf	1	0	0	1
4174	0x506f850	__old_getprotoent	0xf	1	0	0	1
4175	0x506fbec	_getrpcport	0xf	1	0	0	1
4176	0x506fdf4	__old_getservbyname	0xf	1	0	0	1
4177	0x506ffb4	__old_getservent	0xf	1	0	0	1
4178	0x506feac	__old_setservent	0xf	1	0	0	1
4179	0x506ff3c	__old_endservent	0xf	1	0	0	1
4180	0x506fc94	__old_getservbyport	0xf	1	0	0	1
4181	0x5070394	__old_innetgr	0xf	1	0	0	1
4182	0x5071388	__validuser	0xf	1	0	0	1
4183	0x5070ba4	_rcmd	0xf	1	0	0	1
4184	0x5071708	__checkhost	0xf	1	0	0	1
4185	0x5071178	_ruserok	0xf	1	0	0	1
4186	0x50710b8	_rresvport	0xf	1	0	0	1
4187	0x50718e0	_rexec	0xf	1	0	0	1
4188	0x50731d8	_mkpwclear	0xf	1	0	0	1
4189	0x5073164	_mkpwunclear	0xf	1	0	0	1
4190	0x5071c08	_ruserpass	0xf	1	0	0	1
4191	0x50737b0	___putlong	0xf	1	0	0	1
4192	0x5073598	___dn_skipname	0xf	1	0	0	1
4193	0x5073774	__getlong	0xf	1	0	0	1
4194	0x5073760	__getshort	0xf	1	0	0	1
4195	0x50733f4	_dn_comp	0xf	1	0	0	1
4196	0x50737a0	___putshort	0xf	1	0	0	1
4197	0x507324c	_dn_expand	0xf	1	0	0	1
4198	0x5074730	___fp_query	0xf	1	0	0	1
4199	0x5073ff8	___fp_resstat	0xf	1	0	0	1
4200	0x50740ec	___fp_nquery	0xf	1	0	0	1
4201	0x507474c	___p_cdnname	0xf	1	0	0	1
4202	0x5075e60	___p_class	0xf	1	0	0	1
4203	0x507483c	___p_fqname	0xf	1	0	0	1
4204	0x5075ef0	___p_option	0xf	1	0	0	1
4205	0x5073fc8	___p_query	0xf	1	0	0	1
4206	0x5074968	___p_rr	0xf	1	0	0	1
4207	0x5076058	___p_time	0xf	1	0	0	1
4208	0x5075860	___p_type	0xf	1	0	0	1
4209	0x50f55dc	__res_opcodes	0xf	7	0	0	1
4210	0x50f561c	__res_resultcodes	0xf	7	0	0	1
4211	0x507481c	___p_cdname	0xf	1	0	0	1
4212	0x50762f8	_res_init	0xf	1	0	0	1
4213	0x507735c	__res_running	0xf	1	0	0	1
4214	0x5077388	_res_mkquery	0xf	1	0	0	1
4215	0x5077d24	___hostalias	0xf	1	0	0	1
4216	0x5077674	_res_query	0xf	1	0	0	1
4217	0x5077c20	_res_querydomain	0xf	1	0	0	1
4218	0x50778dc	_res_search	0xf	1	0	0	1
4219	0x5078060	___res_isourserver	0xf	1	0	0	1
4220	0x5078124	___res_nameinquery	0xf	1	0	0	1
4221	0x50781d8	___res_queriesmatch	0xf	1	0	0	1
4222	0x5079190	__res_close	0xf	1	0	0	1
4223	0x5078018	_res_send_setqhook	0xf	1	0	0	1
4224	0x507803c	_res_send_setrhook	0xf	1	0	0	1
4225	0x5078284	_res_send	0xf	1	0	0	1
4226	0x50f5670	__res	0xf	7	0	0	1
4227	0x50f5828	__net_stayopen	0xf	7	0	0	1
4228	0x50791f8	_ntohs	0xf	1	0	0	1
4229	0x5079204	_htonl	0xf	1	0	0	1
4230	0x507920c	_htons	0xf	1	0	0	1
4231	0x50791f0	_ntohl	0xf	1	0	0	1
4232	0x5079930	__res_gethostbyname	0xf	1	0	0	1
4233	0x5079b48	__res_gethostbyaddr	0xf	1	0	0	1
4234	0x507a2cc	__res_getnetbyname	0xf	1	0	0	1
4235	0x507a120	__res_getnetbyaddr	0xf	1	0	0	1
4236	0x507a418	_hstrerror	0xf	1	0	0	1
4237	0x507a364	_herror	0xf	1	0	0	1
4238	0x50f5834	_h_errlist	0xf	7	0	0	1
4239	0x50f5848	_h_nerr	0xf	7	0	0	1
4240	0x507a5b8	_inet_nsap_ntoa	0xf	1	0	0	1
4241	0x507a49c	_inet_nsap_addr	0xf	1	0	0	1
4242	0x507b068	__old_sethostfile	0xf	1	0	0	1
4243	0x507ac90	__old_endhostent	0xf	1	0	0	1
4244	0x507aa60	__old_gethostbyaddr	0xf	1	0	0	1
4245	0x507a83c	__old_gethostbyname	0xf	1	0	0	1
4246	0x507abec	__old_sethostent	0xf	1	0	0	1
4247	0x507ad44	__old_gethostent	0xf	1	0	0	1
4248	0x507b774	_alias_endent	0xf	1	0	0	1
4249	0x507b694	_alias_getbyname	0xf	1	0	0	1
4250	0x507b6c8	_alias_getent	0xf	1	0	0	1
4251	0x507b718	_alias_setent	0xf	1	0	0	1
4252	0x507bb20	_bootp_getbyip	0xf	1	0	0	1
4253	0x507bae4	_bootp_getbyether	0xf	1	0	0	1
4254	0x507bd24	_bootparams_getbyname	0xf	1	0	0	1
4255	0x507c77c	_getgrgid	0xf	1	0	0	1
4256	0x507c7b0	_getgrnam	0xf	1	0	0	1
4257	0x507c7e4	_initgroups	0xf	1	0	0	1
4258	0x507ca64	_setgrfile	0xf	1	0	0	1
4259	0x507c968	_getgrent	0xf	1	0	0	1
4260	0x507ca14	_endgrent	0xf	1	0	0	1
4261	0x507c9b8	_setgrent	0xf	1	0	0	1
4262	0x507d364	_gethostent	0xf	1	0	0	1
4263	0x507d2f4	_gethostbyaddr	0xf	1	0	0	1
4264	0x507d460	_sethostfile	0xf	1	0	0	1
4265	0x507d3b4	_sethostent	0xf	1	0	0	1
4266	0x507d410	_endhostent	0xf	1	0	0	1
4267	0x507d330	_gethostbyname	0xf	1	0	0	1
4268	0x507d8c4	_endmntent	0xf	1	0	0	1
4269	0x507d808	_getmntent	0xf	1	0	0	1
4270	0x507d864	_setmntent	0xf	1	0	0	1
4271	0x507d834	_addmntent	0xf	1	0	0	1
4272	0x507e034	_getnetent	0xf	1	0	0	1
4273	0x507e000	_getnetbyname	0xf	1	0	0	1
4274	0x507e0e0	_endnetent	0xf	1	0	0	1
4275	0x507e084	_setnetent	0xf	1	0	0	1
4276	0x507dfcc	_getnetbyaddr	0xf	1	0	0	1
4277	0x507e62c	_getnetgrent	0xf	1	0	0	1
4278	0x507e5b0	_innetgr	0xf	1	0	0	1
4279	0x507e130	__set_innetgr_handler	0xf	1	0	0	1
4280	0x507e68c	_setnetgrent	0xf	1	0	0	1
4281	0x507e6e8	_endnetgrent	0xf	1	0	0	1
4282	0x507e4d0	_lu_getnetgrent	0xf	1	0	0	1
4283	0x507ee14	_getprotobyname	0xf	1	0	0	1
4284	0x507ede0	_getprotobynumber	0xf	1	0	0	1
4285	0x507eef4	_endprotoent	0xf	1	0	0	1
4286	0x507ee48	_getprotoent	0xf	1	0	0	1
4287	0x507ee98	_setprotoent	0xf	1	0	0	1
4288	0x507f604	_prdb_end	0xf	1	0	0	1
4289	0x507f5a8	_prdb_set	0xf	1	0	0	1
4290	0x507f524	_prdb_getbyname	0xf	1	0	0	1
4291	0x507f558	_prdb_get	0xf	1	0	0	1
4292	0x507fe4c	_endpwent	0xf	1	0	0	1
4293	0x507fe9c	_setpwfile	0xf	1	0	0	1
4294	0x507fda0	_getpwent	0xf	1	0	0	1
4295	0x507fdf0	_setpwent	0xf	1	0	0	1
4296	0x507fd38	_getpwuid	0xf	1	0	0	1
4297	0x507fd6c	_getpwnam	0xf	1	0	0	1
4298	0x50805d8	_getrpcent	0xf	1	0	0	1
4299	0x50805a4	_getrpcbyname	0xf	1	0	0	1
4300	0x5080570	_getrpcbynumber	0xf	1	0	0	1
4301	0x5080684	_endrpcent	0xf	1	0	0	1
4302	0x5080628	_setrpcent	0xf	1	0	0	1
4303	0x5080f10	_getservent	0xf	1	0	0	1
4304	0x5080f60	_setservent	0xf	1	0	0	1
4305	0x5080ea8	_getservbyport	0xf	1	0	0	1
4306	0x5080edc	_getservbyname	0xf	1	0	0	1
4307	0x5080fbc	_endservent	0xf	1	0	0	1
4308	0x50f5a20	__lu_port	0xf	7	0	0	1
4309	0x508100c	__lu_fork_child	0xf	1	0	0	1
4310	0x50810cc	__lu_running	0xf	1	0	0	1
4311	0x5081030	__lu_setport	0xf	1	0	0	1
4312	0x50f5a24	_h_errno	0xf	7	0	0	1
4313	0x5081150	_ni_error	0xf	1	0	0	1
4314	0x5082f28	_ni_free	0xf	1	0	0	1
4315	0x50830ec	_ni_parent	0xf	1	0	0	1
4316	0x5083160	_ni_children	0xf	1	0	0	1
4317	0x5082d8c	_ni_addrtag	0xf	1	0	0	1
4318	0x5081618	_ni_setabort	0xf	1	0	0	1
4319	0x5082df8	_ni_new	0xf	1	0	0	1
4320	0x5081628	_ni_setreadtimeout	0xf	1	0	0	1
4321	0x50836d0	_ni_writeprop	0xf	1	0	0	1
4322	0x5081630	_ni_needwrite	0xf	1	0	0	1
4323	0x5083398	_ni_read	0xf	1	0	0	1
4324	0x5083afc	_ni_readname	0xf	1	0	0	1
4325	0x50834a4	_ni_lookupread	0xf	1	0	0	1
4326	0x5083414	_ni_lookup	0xf	1	0	0	1
4327	0x5083760	_ni_listprops	0xf	1	0	0	1
4328	0x50835c4	_ni_listall	0xf	1	0	0	1
4329	0x5083534	_ni_list	0xf	1	0	0	1
4330	0x5083874	_ni_destroyprop	0xf	1	0	0	1
4331	0x50839f8	_ni_destroyname	0xf	1	0	0	1
4332	0x5083280	_ni_destroy	0xf	1	0	0	1
4333	0x50837dc	_ni_createprop	0xf	1	0	0	1
4334	0x5083640	_ni_readprop	0xf	1	0	0	1
4335	0x50838f4	_ni_renameprop	0xf	1	0	0	1
4336	0x5083974	_ni_createname	0xf	1	0	0	1
4337	0x50831dc	_ni_create	0xf	1	0	0	1
4338	0x5083a78	_ni_writename	0xf	1	0	0	1
4339	0x5082d3c	_ni_connect	0xf	1	0	0	1
4340	0x50826bc	__ni_dup	0xf	1	0	0	1
4341	0x508330c	_ni_write	0xf	1	0	0	1
4342	0x5083080	_ni_self	0xf	1	0	0	1
4343	0x5083b84	_ni_resync	0xf	1	0	0	1
4344	0x5083014	_ni_root	0xf	1	0	0	1
4345	0x5083d94	_ni_setpassword	0xf	1	0	0	1
4346	0x5081620	_ni_setwritetimeout	0xf	1	0	0	1
4347	0x5083bd0	_ni_setuser	0xf	1	0	0	1
4348	0x5082fb8	_ni_statistics	0xf	1	0	0	1
4349	0x5084438	_ni_pwdomain	0xf	1	0	0	1
4350	0x5084918	_ni_open	0xf	1	0	0	1
4351	0x5084938	_ni_fancyopen	0xf	1	0	0	1
4352	0x50849e8	_ni_pathsearch	0xf	1	0	0	1
4353	0x50850f8	_ni_namelist_dup	0xf	1	0	0	1
4354	0x50851bc	_ni_namelist_insert	0xf	1	0	0	1
4355	0x5085004	_ni_prop_dup	0xf	1	0	0	1
4356	0x5085254	_ni_namelist_delete	0xf	1	0	0	1
4357	0x50852b8	_ni_namelist_match	0xf	1	0	0	1
4358	0x5084a50	_ni_idlist_insert	0xf	1	0	0	1
4359	0x5084d28	_ni_proplist_delete	0xf	1	0	0	1
4360	0x5084bbc	_ni_idlist_dup	0xf	1	0	0	1
4361	0x5084c20	_ni_proplist_insert	0xf	1	0	0	1
4362	0x5084e74	_ni_proplist_dup	0xf	1	0	0	1
4363	0x5084f34	_ni_proplist_match	0xf	1	0	0	1
4364	0x5085070	_ni_prop_free	0xf	1	0	0	1
4365	0x5084e18	_ni_proplist_list_free	0xf	1	0	0	1
4366	0x5084db4	_ni_proplist_free	0xf	1	0	0	1
4367	0x5085314	_ni_entrylist_insert	0xf	1	0	0	1
4368	0x5084ae0	_ni_idlist_delete	0xf	1	0	0	1
4369	0x50854e4	_ni_lookupprop	0xf	1	0	0	1
4370	0x5085468	_ni_entrylist_free	0xf	1	0	0	1
4371	0x5084b88	_ni_idlist_free	0xf	1	0	0	1
4372	0x50850ac	_ni_name_dup	0xf	1	0	0	1
4373	0x50850d0	_ni_name_free	0xf	1	0	0	1
4374	0x5085160	_ni_namelist_free	0xf	1	0	0	1
4375	0x508508c	_ni_name_match	0xf	1	0	0	1
4376	0x50853e8	_ni_entrylist_delete	0xf	1	0	0	1
4377	0x50855fc	__old_prdb_end	0xf	1	0	0	1
4378	0x5085750	__old_prdb_get	0xf	1	0	0	1
4379	0x5085aa0	__old_prdb_getbyname	0xf	1	0	0	1
4380	0x5085640	__old_prdb_set	0xf	1	0	0	1
4381	0x5085db0	_putpwpasswd	0xf	1	0	0	1
4382	0x508613c	__ni_parent_2	0xf	1	0	0	1
4383	0x508709c	__ni_lookupread_2	0xf	1	0	0	1
4384	0x5086514	__ni_lookup_2	0xf	1	0	0	1
4385	0x5086328	__ni_read_2	0xf	1	0	0	1
4386	0x5085ff4	__ni_root_2	0xf	1	0	0	1
4387	0x5086990	__ni_listprops_2	0xf	1	0	0	1
4388	0x5086c20	__ni_writename_2	0xf	1	0	0	1
4389	0x5086b7c	__ni_readname_2	0xf	1	0	0	1
4390	0x50867a4	__ni_readprop_2	0xf	1	0	0	1
4391	0x50868ec	__ni_renameprop_2	0xf	1	0	0	1
4392	0x5086848	__ni_writeprop_2	0xf	1	0	0	1
4393	0x5086d68	__ni_listall_2	0xf	1	0	0	1
4394	0x5086cc4	__ni_rparent_2	0xf	1	0	0	1
4395	0x5086098	__ni_self_2	0xf	1	0	0	1
4396	0x5086ff8	__ni_resync_2	0xf	1	0	0	1
4397	0x5086a34	__ni_createname_2	0xf	1	0	0	1
4398	0x508665c	__ni_createprop_2	0xf	1	0	0	1
4399	0x50863cc	__ni_write_2	0xf	1	0	0	1
4400	0x5086284	__ni_destroy_2	0xf	1	0	0	1
4401	0x5086e0c	__ni_bind_2	0xf	1	0	0	1
4402	0x5086f54	__ni_crashed_2	0xf	1	0	0	1
4403	0x5085eac	__ni_ping_2	0xf	1	0	0	1
4404	0x5086eb0	__ni_readall_2	0xf	1	0	0	1
4405	0x5085f50	__ni_statistics_2	0xf	1	0	0	1
4406	0x50861e0	__ni_create_2	0xf	1	0	0	1
4407	0x5086470	__ni_children_2	0xf	1	0	0	1
4408	0x50865b8	__ni_list_2	0xf	1	0	0	1
4409	0x5086ad8	__ni_destroyname_2	0xf	1	0	0	1
4410	0x5086700	__ni_destroyprop_2	0xf	1	0	0	1
4411	0x5087b84	_xdr_ni_readname_stuff	0xf	1	0	0	1
4412	0x5087388	_xdr_ni_parent_stuff	0xf	1	0	0	1
4413	0x5087bc0	_xdr_ni_readname_res	0xf	1	0	0	1
4414	0x5087990	_xdr_ni_namelist_stuff	0xf	1	0	0	1
4415	0x5087d64	_xdr_ni_readall_res	0xf	1	0	0	1
4416	0x50871a4	_xdr_ni_namelist	0xf	1	0	0	1
4417	0x5087318	_xdr_ni_status	0xf	1	0	0	1
4418	0x5087db4	_xdr_ni_proplist_list	0xf	1	0	0	1
4419	0x50871ec	_xdr_ni_property	0xf	1	0	0	1
4420	0x5087a1c	_xdr_ni_propname_args	0xf	1	0	0	1
4421	0x50875c8	_xdr_ni_proplist_stuff	0xf	1	0	0	1
4422	0x50877ec	_xdr_ni_lookup_stuff	0xf	1	0	0	1
4423	0x5087684	_xdr_ni_proplist_res	0xf	1	0	0	1
4424	0x5087c9c	_xdr_ni_object_list	0xf	1	0	0	1
4425	0x5087df8	_xdr_ni_listall_stuff	0xf	1	0	0	1
4426	0x5087cd8	_xdr_ni_object_node	0xf	1	0	0	1
4427	0x50872b4	_xdr_ni_object	0xf	1	0	0	1
4428	0x5087228	_xdr_ni_proplist	0xf	1	0	0	1
4429	0x5087954	_xdr_ni_prop_args	0xf	1	0	0	1
4430	0x50873c4	_xdr_ni_parent_res	0xf	1	0	0	1
4431	0x50879cc	_xdr_ni_namelist_res	0xf	1	0	0	1
4432	0x50874f8	_xdr_ni_entrylist	0xf	1	0	0	1
4433	0x508753c	_xdr_ni_list_stuff	0xf	1	0	0	1
4434	0x5087270	_xdr_ni_idlist	0xf	1	0	0	1
4435	0x5087578	_xdr_ni_list_res	0xf	1	0	0	1
4436	0x5087c4c	_xdr_ni_rparent_res	0xf	1	0	0	1
4437	0x508717c	_xdr_ni_name	0xf	1	0	0	1
4438	0x5087338	_xdr_ni_id_res	0xf	1	0	0	1
4439	0x5087c10	_xdr_ni_binding	0xf	1	0	0	1
4440	0x5087450	_xdr_ni_children_res	0xf	1	0	0	1
4441	0x50874a0	_xdr_ni_entry	0xf	1	0	0	1
4442	0x50876d4	_xdr_ni_create_stuff	0xf	1	0	0	1
4443	0x5087414	_xdr_ni_children_stuff	0xf	1	0	0	1
4444	0x5087904	_xdr_ni_writeprop_args	0xf	1	0	0	1
4445	0x5087604	_xdr_ni_create_args	0xf	1	0	0	1
4446	0x5087710	_xdr_ni_create_res	0xf	1	0	0	1
4447	0x5087a6c	_xdr_ni_createname_args	0xf	1	0	0	1
4448	0x50878b4	_xdr_ni_createprop_args	0xf	1	0	0	1
4449	0x5087760	_xdr_ni_destroy_args	0xf	1	0	0	1
4450	0x5087ad0	_xdr_ni_nameindex_args	0xf	1	0	0	1
4451	0x5087878	_xdr_ni_name_args	0xf	1	0	0	1
4452	0x5087828	_xdr_ni_lookup_res	0xf	1	0	0	1
4453	0x5087140	_xdr_ni_id	0xf	1	0	0	1
4454	0x5087d14	_xdr_ni_readall_stuff	0xf	1	0	0	1
4455	0x508779c	_xdr_ni_lookup_args	0xf	1	0	0	1
4456	0x5087b20	_xdr_ni_writename_args	0xf	1	0	0	1
4457	0x5087e34	_xdr_ni_listall_res	0xf	1	0	0	1
4458	0x5087ec0	_xdr_nibind_registration	0xf	1	0	0	1
4459	0x5087e84	_xdr_nibind_addrinfo	0xf	1	0	0	1
4460	0x5087efc	_xdr_nibind_getregister_res	0xf	1	0	0	1
4461	0x5088024	_xdr_nibind_bind_args	0xf	1	0	0	1
4462	0x5087fc0	_xdr_nibind_clone_args	0xf	1	0	0	1
4463	0x5087f4c	_xdr_nibind_listreg_res	0xf	1	0	0	1
4464	0x5088638	_xdr__lu_prdb_property	0xf	1	0	0	1
4465	0x5088810	_xdr__lu_bootparams_ent_ptr	0xf	1	0	0	1
4466	0x50885fc	_xdr__lu_mntent_ptr	0xf	1	0	0	1
4467	0x5088790	_xdr__lu_bootp_ent_ptr	0xf	1	0	0	1
4468	0x50887cc	_xdr__lu_bootparams_ent	0xf	1	0	0	1
4469	0x50882ec	_xdr__lu_netent	0xf	1	0	0	1
4470	0x508834c	_xdr__lu_netent_ptr	0xf	1	0	0	1
4471	0x5088074	_xdr__lu_string	0xf	1	0	0	1
4472	0x508884c	_xdr__lu_aliasent	0xf	1	0	0	1
4473	0x50888fc	_xdr__lu_innetgr_args	0xf	1	0	0	1
4474	0x508899c	_xdr__lu_netgrent	0xf	1	0	0	1
4475	0x5088570	_xdr__lu_mntent	0xf	1	0	0	1
4476	0x5088174	_xdr__lu_group	0xf	1	0	0	1
4477	0x50881fc	_xdr__lu_group_ptr	0xf	1	0	0	1
4478	0x50882b0	_xdr__lu_hostent_ptr	0xf	1	0	0	1
4479	0x5088238	_xdr__lu_hostent	0xf	1	0	0	1
4480	0x5088438	_xdr__lu_protoent	0xf	1	0	0	1
4481	0x5088498	_xdr__lu_protoent_ptr	0xf	1	0	0	1
4482	0x50888c0	_xdr__lu_aliasent_ptr	0xf	1	0	0	1
4483	0x5088728	_xdr__lu_bootp_ent	0xf	1	0	0	1
4484	0x5088138	_xdr__lu_passwd_ptr	0xf	1	0	0	1
4485	0x50884d4	_xdr__lu_rpcent	0xf	1	0	0	1
4486	0x5088534	_xdr__lu_rpcent_ptr	0xf	1	0	0	1
4487	0x5088674	_xdr__lu_prdb_ent	0xf	1	0	0	1
4488	0x5088388	_xdr__lu_servent	0xf	1	0	0	1
4489	0x5088098	_xdr__lu_passwd	0xf	1	0	0	1
4490	0x50886ec	_xdr__lu_prdb_ent_ptr	0xf	1	0	0	1
4491	0x50883fc	_xdr__lu_servent_ptr	0xf	1	0	0	1
4492	0x5088d18	__lookup_one	0xf	1	0	0	1
4493	0x50889ec	__lookup_link	0xf	1	0	0	1
4494	0x5088f3c	__lookup_ooall	0xf	1	0	0	1
4495	0x5088b54	__lookup_all	0xf	1	0	0	1
4496	0x50890bc	_authnone_create	0xf	1	0	0	1
4497	0x5089230	_authunix_create	0xf	1	0	0	1
4498	0x50893f0	_authunix_create_default	0xf	1	0	0	1
4499	0x5089768	_xdr_authunix_parms	0xf	1	0	0	1
4500	0x5089808	_bindresvport	0xf	1	0	0	1
4501	0x508993c	_clnt_create	0xf	1	0	0	1
4502	0x5089da0	_clnt_sperrno	0xf	1	0	0	1
4503	0x5089e50	_clnt_spcreateerror	0xf	1	0	0	1
4504	0x5089e0c	_clnt_perrno	0xf	1	0	0	1
4505	0x5089fbc	_clnt_pcreateerror	0xf	1	0	0	1
4506	0x5089d64	_clnt_syslog	0xf	1	0	0	1
4507	0x5089b24	_clnt_sperror	0xf	1	0	0	1
4508	0x5089d1c	_clnt_perror	0xf	1	0	0	1
4509	0x508a064	_clntraw_create	0xf	1	0	0	1
4510	0x508a404	_callrpc	0xf	1	0	0	1
4511	0x508a604	_clnttcp_create	0xf	1	0	0	1
4512	0x508ae98	_clntudp_bufcreate	0xf	1	0	0	1
4513	0x508b118	_clntudp_create	0xf	1	0	0	1
4514	0x508b7a4	__rpc_dtablesize	0xf	1	0	0	1
4515	0x508b7f4	_get_myaddress	0xf	1	0	0	1
4516	0x508b9c8	__old_getrpcbynumber	0xf	1	0	0	1
4517	0x508bc44	__old_getrpcent	0xf	1	0	0	1
4518	0x508bbcc	__old_endrpcent	0xf	1	0	0	1
4519	0x508bb3c	__old_setrpcent	0xf	1	0	0	1
4520	0x508bab0	__old_getrpcbyname	0xf	1	0	0	1
4521	0x508bf8c	_key_setsecret	0xf	1	0	0	1
4522	0x508bfe8	_key_encryptsession	0xf	1	0	0	1
4523	0x508c0f8	_key_gendes	0xf	1	0	0	1
4524	0x508c070	_key_decryptsession	0xf	1	0	0	1
4525	0x508c448	_xdr_unixcred	0xf	1	0	0	1
4526	0x508c4bc	_xdr_getcredres	0xf	1	0	0	1
4527	0x508c354	_xdr_keystatus	0xf	1	0	0	1
4528	0x508c374	_xdr_keybuf	0xf	1	0	0	1
4529	0x508c3f8	_xdr_cryptkeyres	0xf	1	0	0	1
4530	0x508c3bc	_xdr_cryptkeyarg	0xf	1	0	0	1
4531	0x508c398	_xdr_netnamestr	0xf	1	0	0	1
4532	0x508c708	_multi_call	0xf	1	0	0	1
4533	0x508cfb8	_host2netname	0xf	1	0	0	1
4534	0x508cf00	_getnetname	0xf	1	0	0	1
4535	0x508ce44	_netname2host	0xf	1	0	0	1
4536	0x508cd1c	_netname2user	0xf	1	0	0	1
4537	0x508cf38	_user2netname	0xf	1	0	0	1
4538	0x508d144	__openchild	0xf	1	0	0	1
4539	0x508d30c	_pmap_set	0xf	1	0	0	1
4540	0x508d43c	_pmap_unset	0xf	1	0	0	1
4541	0x508d53c	_pmap_getmaps	0xf	1	0	0	1
4542	0x508d630	_pmap_getport	0xf	1	0	0	1
4543	0x508d798	_xdr_pmap	0xf	1	0	0	1
4544	0x508d7f8	_xdr_pmaplist	0xf	1	0	0	1
4545	0x508e25c	_clnt_broadcast	0xf	1	0	0	1
4546	0x508dac8	_xdr_rmtcallres	0xf	1	0	0	1
4547	0x508dcbc	_clnt_broadcast_exp	0xf	1	0	0	1
4548	0x508d8ac	_pmap_rmtcall	0xf	1	0	0	1
4549	0x508d9b8	_xdr_rmtcall_args	0xf	1	0	0	1
4550	0x508e398	_xdr_rejected_reply	0xf	1	0	0	1
4551	0x508e498	_xdr_callhdr	0xf	1	0	0	1
4552	0x508e418	_xdr_replymsg	0xf	1	0	0	1
4553	0x508e614	__seterr_reply	0xf	1	0	0	1
4554	0x508e2a4	_xdr_opaque_auth	0xf	1	0	0	1
4555	0x508e300	_xdr_accepted_reply	0xf	1	0	0	1
4556	0x508e2e4	_xdr_des_block	0xf	1	0	0	1
4557	0x50f5b24	_svc_fdset	0xf	7	0	0	1
4558	0x50f5b58	__rpc_comdata_padding	0xf	7	0	0	1
4559	0x50f5b44	_rpc_createerr	0xf	7	0	0	1
4560	0x50f5b18	__null_auth	0xf	7	0	0	1
4561	0x508e6d8	_xdr_callmsg	0xf	1	0	0	1
4562	0x508efb4	_svc_getreq	0xf	1	0	0	1
4563	0x508ed98	_svc_sendreply	0xf	1	0	0	1
4564	0x508ef60	_svcerr_progvers	0xf	1	0	0	1
4565	0x508ec0c	_svc_register	0xf	1	0	0	1
4566	0x508ee34	_svcerr_decode	0xf	1	0	0	1
4567	0x508ef00	_svcerr_weakauth	0xf	1	0	0	1
4568	0x508eb98	_xprt_unregister	0xf	1	0	0	1
4569	0x508efe0	_svc_getreqset	0xf	1	0	0	1
4570	0x508eb04	_xprt_register	0xf	1	0	0	1
4571	0x508ede8	_svcerr_noproc	0xf	1	0	0	1
4572	0x508ecb8	_svc_unregister	0xf	1	0	0	1
4573	0x508ee80	_svcerr_systemerr	0xf	1	0	0	1
4574	0x508eecc	_svcerr_auth	0xf	1	0	0	1
4575	0x508ef18	_svcerr_noprog	0xf	1	0	0	1
4576	0x508f1e4	__authenticate	0xf	1	0	0	1
4577	0x508f26c	__svcauth_null	0xf	1	0	0	1
4578	0x508f274	__svcauth_unix	0xf	1	0	0	1
4579	0x508f418	__svcauth_short	0xf	1	0	0	1
4580	0x508f420	_svcraw_create	0xf	1	0	0	1
4581	0x508f67c	_svc_run	0xf	1	0	0	1
4582	0x508f754	_registerrpc	0xf	1	0	0	1
4583	0x508fc24	_svcfd_create	0xf	1	0	0	1
4584	0x508fa38	_svctcp_create	0xf	1	0	0	1
4585	0x50902d0	_svcudp_create	0xf	1	0	0	1
4586	0x5090530	_svcudp_enablecache	0xf	1	0	0	1
4587	0x50900a4	_svcudp_bufcreate	0xf	1	0	0	1
4588	0x509090c	__svcauth_des	0xf	1	0	0	1
4589	0x50910c8	_authdes_getucred	0xf	1	0	0	1
4590	0x5091848	_xdr_string	0xf	1	0	0	1
4591	0x50912cc	_xdr_u_int	0xf	1	0	0	1
4592	0x50912ac	_xdr_void	0xf	1	0	0	1
4593	0x5091418	_xdr_u_short	0xf	1	0	0	1
4594	0x50917c0	_xdr_union	0xf	1	0	0	1
4595	0x50912b4	_xdr_int	0xf	1	0	0	1
4596	0x509128c	_xdr_free	0xf	1	0	0	1
4597	0x509133c	_xdr_u_long	0xf	1	0	0	1
4598	0x50916a8	_xdr_bytes	0xf	1	0	0	1
4599	0x50915c0	_xdr_opaque	0xf	1	0	0	1
4600	0x5091960	_xdr_wrapstring	0xf	1	0	0	1
4601	0x50914d8	_xdr_u_char	0xf	1	0	0	1
4602	0x5091394	_xdr_short	0xf	1	0	0	1
4603	0x50917a0	_xdr_netobj	0xf	1	0	0	1
4604	0x50912e4	_xdr_long	0xf	1	0	0	1
4605	0x509149c	_xdr_char	0xf	1	0	0	1
4606	0x5091514	_xdr_bool	0xf	1	0	0	1
4607	0x50915a8	_xdr_enum	0xf	1	0	0	1
4608	0x5091ac0	_xdr_vector	0xf	1	0	0	1
4609	0x5091984	_xdr_array	0xf	1	0	0	1
4610	0x5091b68	_xdr_double	0xf	1	0	0	1
4611	0x5091b10	_xdr_float	0xf	1	0	0	1
4612	0x5091c14	_xdrmem_create	0xf	1	0	0	1
4613	0x5092384	_xdrrec_eof	0xf	1	0	0	1
4614	0x5092410	_xdrrec_endofrecord	0xf	1	0	0	1
4615	0x5092304	_xdrrec_skiprecord	0xf	1	0	0	1
4616	0x5091ddc	_xdrrec_create	0xf	1	0	0	1
4617	0x5092760	_xdr_pointer	0xf	1	0	0	1
4618	0x50926ac	_xdr_reference	0xf	1	0	0	1
4619	0x50927c8	_xdrstdio_create	0xf	1	0	0	1
4620	0x5092914	_bsd_sprintf	0xf	1	0	0	1
4621	0x50929c8	_bsd_vsprintf	0xf	1	0	0	1
4622	0x5092a6c	_clearerr	0xf	1	0	0	1
4623	0x5092a7c	__doscan	0xf	1	0	0	1
4624	0x50938a4	_exit	0xf	1	0	0	1
4625	0x50938c8	_fdopen	0xf	1	0	0	1
4626	0x50939bc	_fgetc	0xf	1	0	0	1
4627	0x50939fc	_fgets	0xf	1	0	0	1
4628	0x5093a80	__filbuf	0xf	1	0	0	1
4629	0x5093c64	__findiop	0xf	1	0	0	1
4630	0x5093d8c	__f_morefiles	0xf	1	0	0	1
4631	0x5093ecc	__fwalk	0xf	1	0	0	1
4632	0x5093e44	__f_prealloc	0xf	1	0	0	1
4633	0x5093fa8	__cleanup	0xf	1	0	0	1
4634	0x5093fd0	__flsbuf	0xf	1	0	0	1
4635	0x5094258	_fclose	0xf	1	0	0	1
4636	0x50941d0	_fflush	0xf	1	0	0	1
4637	0x50942e4	_fopen	0xf	1	0	0	1
4638	0x5094410	_fprintf	0xf	1	0	0	1
4639	0x50944a4	_fputc	0xf	1	0	0	1
4640	0x5094544	_fputs	0xf	1	0	0	1
4641	0x5094650	_fread	0xf	1	0	0	1
4642	0x5094730	_freopen	0xf	1	0	0	1
4643	0x509484c	_fseek	0xf	1	0	0	1
4644	0x5094a1c	_ftell	0xf	1	0	0	1
4645	0x5094ab0	_fwrite	0xf	1	0	0	1
4646	0x5094c2c	_getchar	0xf	1	0	0	1
4647	0x5094c98	_gets	0xf	1	0	0	1
4648	0x5094d3c	_getw	0xf	1	0	0	1
4649	0x50f5e28	__iob	0xf	7	0	0	1
4650	0x5094da8	_printf	0xf	1	0	0	1
4651	0x5094e0c	_putchar	0xf	1	0	0	1
4652	0x5094edc	_puts	0xf	1	0	0	1
4653	0x5095060	_putw	0xf	1	0	0	1
4654	0x5095128	_rewind	0xf	1	0	0	1
4655	0x5095174	_scanf	0xf	1	0	0	1
4656	0x50951e4	_sscanf	0xf	1	0	0	1
4657	0x50951b8	_fscanf	0xf	1	0	0	1
4658	0x509524c	_setbuf	0xf	1	0	0	1
4659	0x5095328	_setlinebuf	0xf	1	0	0	1
4660	0x50952bc	_setbuffer	0xf	1	0	0	1
4661	0x5095374	_sprintf	0xf	1	0	0	1
4662	0x5095434	__strout	0xf	1	0	0	1
4663	0x50956e4	_ungetc	0xf	1	0	0	1
4664	0x5095800	_vfprintf	0xf	1	0	0	1
4665	0x5095884	_vprintf	0xf	1	0	0	1
4666	0x50958d4	_vsprintf	0xf	1	0	0	1
4667	0x5096cec	__gfmt	0xf	1	0	0	1
4668	0x5095984	__gcvt	0xf	1	0	0	1
4669	0x50959b0	__doprnt	0xf	1	0	0	1
4670	0x50971f4	__execv	0xf	1	0	0	1
4671	0x50f5fbc	_errno	0xf	7	0	0	1
4672	0x5097260	__execl	0xf	1	0	0	1
4673	0x50972f4	_execle	0xf	1	0	0	1
4674	0x509738c	__gettimeofday	0xf	1	0	0	1
4675	0x50f5fc4	__sigcatch	0xf	7	0	0	1
4676	0x50975bc	__sigvec	0xf	1	0	0	1
4677	0x50975dc	__sigvec_nobind	0xf	1	0	0	1
4678	0x50975fc	__wait	0xf	1	0	0	1
4679	0x509761c	_wait3	0xf	1	0	0	1
4680	0x509763c	_accept	0xf	1	0	0	1
4681	0x5097674	__access	0xf	1	0	0	1
4682	0x50976ac	_acct	0xf	1	0	0	1
4683	0x50976e4	_add_profil	0xf	1	0	0	1
4684	0x509771c	_adjtime	0xf	1	0	0	1
4685	0x5097754	_async_daemon	0xf	1	0	0	1
4686	0x509778c	_bind	0xf	1	0	0	1
4687	0x50977c4	cerror	0xf	1	0	0	1
4688	0x509780c	_chdir	0xf	1	0	0	1
4689	0x5097844	_chmod	0xf	1	0	0	1
4690	0x509787c	_chown	0xf	1	0	0	1
4691	0x50978b4	_chroot	0xf	1	0	0	1
4692	0x50978ec	__close	0xf	1	0	0	1
4693	0x5097924	_connect	0xf	1	0	0	1
4694	0x509795c	_creat	0xf	1	0	0	1
4695	0x5097994	_dup	0xf	1	0	0	1
4696	0x50979cc	_dup2	0xf	1	0	0	1
4697	0x5097a04	__execve	0xf	1	0	0	1
4698	0x5097a3c	_exportfs	0xf	1	0	0	1
4699	0x5097a74	_fchmod	0xf	1	0	0	1
4700	0x5097aac	_fchown	0xf	1	0	0	1
4701	0x5097ae4	_fcntl	0xf	1	0	0	1
4702	0x5097b1c	_flock	0xf	1	0	0	1
4703	0x5097b54	__fork	0xf	1	0	0	1
4704	0x5097b54	__vfork	0xf	1	0	0	1
4705	0x5097cb0	__fstat	0xf	1	0	0	1
4706	0x5097ce8	_fstatfs	0xf	1	0	0	1
4707	0x5097d20	_fsync	0xf	1	0	0	1
4708	0x5097d58	_ftruncate	0xf	1	0	0	1
4709	0x5097d90	_getdents	0xf	1	0	0	1
4710	0x5097dc8	_getdirentries	0xf	1	0	0	1
4711	0x5097e00	_getdomainname	0xf	1	0	0	1
4712	0x5097e38	__getdtablesize	0xf	1	0	0	1
4713	0x5097e70	_getegid	0xf	1	0	0	1
4714	0x5097ea8	_geteuid	0xf	1	0	0	1
4715	0x5097ee0	_getfh	0xf	1	0	0	1
4716	0x5097f18	_getgid	0xf	1	0	0	1
4717	0x5097f50	_getgroups	0xf	1	0	0	1
4718	0x5097f88	_gethostid	0xf	1	0	0	1
4719	0x5097fc0	_gethostname	0xf	1	0	0	1
4720	0x5097ff8	_getitimer	0xf	1	0	0	1
4721	0x5098030	_getpagesize	0xf	1	0	0	1
4722	0x5098068	_getpeername	0xf	1	0	0	1
4723	0x50980a0	_getpgrp	0xf	1	0	0	1
4724	0x50980d8	__getpid	0xf	1	0	0	1
4725	0x5098110	_getppid	0xf	1	0	0	1
4726	0x5098148	_getpriority	0xf	1	0	0	1
4727	0x5098180	__getrlimit	0xf	1	0	0	1
4728	0x50981b8	__getrusage	0xf	1	0	0	1
4729	0x50981f0	_getsockname	0xf	1	0	0	1
4730	0x5098228	_getsockopt	0xf	1	0	0	1
4731	0x5098260	_getuid	0xf	1	0	0	1
4732	0x5098298	__ioctl	0xf	1	0	0	1
4733	0x50982d0	__kill	0xf	1	0	0	1
4734	0x5098308	_killpg	0xf	1	0	0	1
4735	0x5098340	_link	0xf	1	0	0	1
4736	0x5098378	_listen	0xf	1	0	0	1
4737	0x50983b0	__lseek	0xf	1	0	0	1
4738	0x50983e8	_lstat	0xf	1	0	0	1
4739	0x5098420	_mkdir	0xf	1	0	0	1
4740	0x5098458	_mknod	0xf	1	0	0	1
4741	0x5098490	_mmap	0xf	1	0	0	1
4742	0x50984c8	_mount	0xf	1	0	0	1
4743	0x5098504	_nfssvc	0xf	1	0	0	1
4744	0x509853c	__open	0xf	1	0	0	1
4745	0x5098574	_pipe	0xf	1	0	0	1
4746	0x50985b8	_profil	0xf	1	0	0	1
4747	0x50985f0	_ptrace	0xf	1	0	0	1
4748	0x5098630	_quota	0xf	1	0	0	1
4749	0x5098668	_quotactl	0xf	1	0	0	1
4750	0x50986a0	__read	0xf	1	0	0	1
4751	0x50986d8	_readlink	0xf	1	0	0	1
4752	0x5098710	_readv	0xf	1	0	0	1
4753	0x5098748	_reboot	0xf	1	0	0	1
4754	0x509877c	_recv	0xf	1	0	0	1
4755	0x50987b4	_recvfrom	0xf	1	0	0	1
4756	0x50987ec	_recvmsg	0xf	1	0	0	1
4757	0x5098824	_rename	0xf	1	0	0	1
4758	0x509885c	_rmdir	0xf	1	0	0	1
4759	0x5098894	_rpause	0xf	1	0	0	1
4760	0x50988cc	_select	0xf	1	0	0	1
4761	0x5098904	_send	0xf	1	0	0	1
4762	0x509893c	_sendmsg	0xf	1	0	0	1
4763	0x5098974	_sendto	0xf	1	0	0	1
4764	0x50989ac	_setdomainname	0xf	1	0	0	1
4765	0x50989e4	_setgroups	0xf	1	0	0	1
4766	0x5098a1c	_sethostid	0xf	1	0	0	1
4767	0x5098a54	_sethostname	0xf	1	0	0	1
4768	0x5098a8c	_setitimer	0xf	1	0	0	1
4769	0x5098ac4	_setpgrp	0xf	1	0	0	1
4770	0x5098afc	_setpriority	0xf	1	0	0	1
4771	0x5098b34	_setprivexec	0xf	1	0	0	1
4772	0x5098b6c	_setquota	0xf	1	0	0	1
4773	0x5098ba4	_setregid	0xf	1	0	0	1
4774	0x5098bdc	_setreuid	0xf	1	0	0	1
4775	0x5098c14	_setrlimit	0xf	1	0	0	1
4776	0x5098c4c	_setsockopt	0xf	1	0	0	1
4777	0x5098c84	_settimeofday	0xf	1	0	0	1
4778	0x5098cbc	_shutdown	0xf	1	0	0	1
4779	0x5098cf4	__sigblock	0xf	1	0	0	1
4780	0x5098d2c	_sigpause	0xf	1	0	0	1
4781	0x5098d64	_sigreturn	0xf	1	0	0	1
4782	0x5098d9c	__sigsetmask	0xf	1	0	0	1
4783	0x5098dd4	_sigstack	0xf	1	0	0	1
4784	0x5098e0c	__sigtramp	0xf	1	0	0	1
4785	0x5098f30	_socket	0xf	1	0	0	1
4786	0x5098f68	_socketpair	0xf	1	0	0	1
4787	0x5098fa0	_stat	0xf	1	0	0	1
4788	0x5098fd8	_statfs	0xf	1	0	0	1
4789	0x5099010	_swapon	0xf	1	0	0	1
4790	0x5099048	_symlink	0xf	1	0	0	1
4791	0x5099080	_sync	0xf	1	0	0	1
4792	0x50990b8	__syscall	0xf	1	0	0	1
4793	0x50990f0	_table	0xf	1	0	0	1
4794	0x5099128	_truncate	0xf	1	0	0	1
4795	0x5099160	_umask	0xf	1	0	0	1
4796	0x5099198	__unlink	0xf	1	0	0	1
4797	0x50991d0	_unmount	0xf	1	0	0	1
4798	0x5099208	_ustat	0xf	1	0	0	1
4799	0x5099240	_utimes	0xf	1	0	0	1
4800	0x5099278	_vhangup	0xf	1	0	0	1
4801	0x50992b0	__wait4	0xf	1	0	0	1
4802	0x50992e8	__write	0xf	1	0	0	1
4803	0x5099320	__writev	0xf	1	0	0	1
4804	0x5099358	__exit	0xf	1	0	0	1
4805	0x50994bc	__cproc_create	0xf	1	0	0	1
4806	0x5099470	__cproc_init	0xf	1	0	0	1
4807	0x5099960	__cthread_errno	0xf	1	0	0	1
4808	0x5099820	__cproc_fork_child	0xf	1	0	0	1
4809	0x509980c	__cthread_yield	0xf	1	0	0	1
4810	0x509974c	__cond_signal	0xf	1	0	0	1
4811	0x5099940	__cthread_set_errno_self	0xf	1	0	0	1
4812	0x509979c	__cond_broadcast	0xf	1	0	0	1
4813	0x5099558	__condition_wait	0xf	1	0	0	1
4814	0x509a0d4	__cthread_count	0xf	1	0	0	1
4815	0x5099ed4	__cthread_detach	0xf	1	0	0	1
4816	0x5099f2c	__cthread_join	0xf	1	0	0	1
4817	0x5099adc	__cthread_init	0xf	1	0	0	1
4818	0x5099b84	__cthread_body	0xf	1	0	0	1
4819	0x509a040	__cthread_set_name	0xf	1	0	0	1
4820	0x5099f8c	__cthread_exit	0xf	1	0	0	1
4821	0x5099d94	__cthread_fork	0xf	1	0	0	1
4822	0x509a048	__cthread_name	0xf	1	0	0	1
4823	0x509a19c	__cthread_fork_child	0xf	1	0	0	1
4824	0x509a164	__cthread_fork_parent	0xf	1	0	0	1
4825	0x509a0f8	__cthread_fork_prepare	0xf	1	0	0	1
4826	0x5099a48	__set_cthread_free_callout	0xf	1	0	0	1
4827	0x509a0b0	__cthread_set_limit	0xf	1	0	0	1
4828	0x509a08c	__cthread_limit	0xf	1	0	0	1
4829	0x509a32c	__mutex_wait_lock	0xf	1	0	0	1
4830	0x509a4c0	__mig_dealloc_reply_port	0xf	1	0	0	1
4831	0x509a3e4	__mig_get_reply_port	0xf	1	0	0	1
4832	0x509a3b8	__mig_fork_child	0xf	1	0	0	1
4833	0x509a3dc	__mig_init	0xf	1	0	0	1
4834	0x509a590	_cthread_priority	0xf	1	0	0	1
4835	0x509a5c8	_cthread_abort	0xf	1	0	0	1
4836	0x509a5ac	_cthread_max_priority	0xf	1	0	0	1
4837	0x509a780	__alloc_stack	0xf	1	0	0	1
4838	0x509a9fc	__stack_fork_child	0xf	1	0	0	1
4839	0x509a660	__stack_init	0xf	1	0	0	1
4840	0x509a96c	__dealloc_stack	0xf	1	0	0	1
4841	0x50f6278	__msg_send_timeout	0xf	7	0	0	1
4842	0x50f6288	__cthread_exit_routine	0xf	7	0	0	1
4843	0x50f6280	__mutex_spin_limit	0xf	7	0	0	1
4844	0x50f6284	__cthread_stack_mask	0xf	7	0	0	1
4845	0x50f6298	__condition_yield_limit	0xf	7	0	0	1
4846	0x50f6294	__condition_spin_limit	0xf	7	0	0	1
4847	0x50f62a0	__cthread_stack_base	0xf	7	0	0	1
4848	0x50f628c	__cthread_init_routine	0xf	7	0	0	1
4849	0x50f629c	__initial_stack_boundary	0xf	7	0	0	1
4850	0x50f6290	__cproc_default_stack_size	0xf	7	0	0	1
4851	0x50f62a8	__threads_data_padding	0xf	7	0	0	1
4852	0x50f62a4	__malloc_lock	0xf	7	0	0	1
4853	0x50f627c	__msg_receive_timeout	0xf	7	0	0	1
4854	0x509aa58	__cproc_setup	0xf	1	0	0	1
4855	0x509ab24	__spin_lock	0xf	1	0	0	1
4856	0x509ab70	__ur_cthread_self	0xf	1	0	0	1
4857	0x509ab00	__mutex_try_lock	0xf	1	0	0	1
4858	0x509ab50	__mutex_unlock_try	0xf	1	0	0	1
4859	0x509ab1c	__spin_unlock	0xf	1	0	0	1
4860	0x509ab64	__cthread_set_self	0xf	1	0	0	1
4861	0x509ab5c	__cthread_sp	0xf	1	0	0	1
4862	0x509ab7c	_yperr_string	0xf	1	0	0	1
4863	0x509af98	_xdr_ypbind_setdom	0xf	1	0	0	1
4864	0x509ad6c	_xdr_ypmaplist	0xf	1	0	0	1
4865	0x509ae5c	_xdr_yppushresp_xfr	0xf	1	0	0	1
4866	0x509ae98	_xdr_ypreq_xfr	0xf	1	0	0	1
4867	0x509ae20	_xdr_ypresp_maplist	0xf	1	0	0	1
4868	0x509acd4	_xdr_ypresp_master	0xf	1	0	0	1
4869	0x509ad10	_xdr_ypresp_order	0xf	1	0	0	1
4870	0x509ad4c	_xdr_ypmaplist_wrap_string	0xf	1	0	0	1
4871	0x509aef8	_xdr_ypall	0xf	1	0	0	1
4872	0x509afe8	_ypprot_err	0xf	1	0	0	1
4873	0x509b07c	__xdr_yprequest	0xf	1	0	0	1
4874	0x509b0b4	__xdr_ypresponse	0xf	1	0	0	1
4875	0x509b0ec	__xdr_ypbind_oldsetdom	0xf	1	0	0	1
4876	0x509b184	_xdr_ypreq_key	0xf	1	0	0	1
4877	0x509b1d0	_xdr_ypreq_nokey	0xf	1	0	0	1
4878	0x509b20c	_xdr_ypresp_val	0xf	1	0	0	1
4879	0x509b14c	_xdr_ypdomain_wrap_string	0xf	1	0	0	1
4880	0x509b344	_xdr_ypmap_parms	0xf	1	0	0	1
4881	0x509b328	_xdr_ypowner_wrap_string	0xf	1	0	0	1
4882	0x509b12c	_xdr_datum	0xf	1	0	0	1
4883	0x509b2b0	_xdr_yp_binding	0xf	1	0	0	1
4884	0x509b294	_xdr_yp_inaddr	0xf	1	0	0	1
4885	0x509b248	_xdr_ypresp_key_val	0xf	1	0	0	1
4886	0x509b2f0	_xdr_ypbind_resp	0xf	1	0	0	1
4887	0x509b168	_xdr_ypmap_wrap_string	0xf	1	0	0	1
4888	0x509b3a4	_yp_all	0xf	1	0	0	1
4889	0x509b8b0	_yp_bind	0xf	1	0	0	1
4890	0x509b8c8	_yp_unbind	0xf	1	0	0	1
4891	0x509c4f4	_usingypmap	0xf	1	0	0	1
4892	0x509ba40	_yp_get_default_domain	0xf	1	0	0	1
4893	0x509b564	__yp_dobind	0xf	1	0	0	1
4894	0x50f63fc	__ypserv_timeout	0xf	7	0	0	1
4895	0x50f63f8	__ypsleeptime	0xf	7	0	0	1
4896	0x50f6408	__yp_data_padding	0xf	7	0	0	1
4897	0x509c5ac	_yp_first	0xf	1	0	0	1
4898	0x509ca78	_yp_next	0xf	1	0	0	1
4899	0x509cddc	_v1prot_donext	0xf	1	0	0	1
4900	0x509c8dc	_v1prot_dofirst	0xf	1	0	0	1
4901	0x509d050	_yp_master	0xf	1	0	0	1
4902	0x509d530	_yp_match	0xf	1	0	0	1
4903	0x509dab4	_yp_order	0xf	1	0	0	1
4904	0x509ddbc	__gcc_bcmp	0xf	1	0	0	1
4905	0x509de08	__adddf3	0xf	1	0	0	1
4906	0x509de28	__addsf3	0xf	1	0	0	1
4907	0x509de4c	__ashldi3	0xf	1	0	0	1
4908	0x509de94	__ashlsi3	0xf	1	0	0	1
4909	0x509de9c	__ashrdi3	0xf	1	0	0	1
4910	0x509dee4	__ashrsi3	0xf	1	0	0	1
4911	0x509df34	___bb_exit_func	0xf	1	0	0	1
4912	0x509e2cc	___bb_init_func	0xf	1	0	0	1
4913	0x509e33c	___clear_cache	0xf	1	0	0	1
4914	0x509e344	__cmpdi2	0xf	1	0	0	1
4915	0x509e384	__divdf3	0xf	1	0	0	1
4916	0x509e3a4	__divdi3	0xf	1	0	0	1
4917	0x509e448	__divsf3	0xf	1	0	0	1
4918	0x509e46c	__divsi3	0xf	1	0	0	1
4919	0x509e484	___eprintf	0xf	1	0	0	1
4920	0x509e4dc	__eqdf2	0xf	1	0	0	1
4921	0x509e50c	__eqsf2	0xf	1	0	0	1
4922	0x509e530	__extendsfdf2	0xf	1	0	0	1
4923	0x509e53c	__ffsdi2	0xf	1	0	0	1
4924	0x509e57c	__fixdfdi	0xf	1	0	0	1
4925	0x509e5e8	__fixdfsi	0xf	1	0	0	1
4926	0x509e608	__fixsfdi	0xf	1	0	0	1
4927	0x509e670	__fixsfsi	0xf	1	0	0	1
4928	0x509e68c	__fixunsdfdi	0xf	1	0	0	1
4929	0x509e870	__fixunsdfsi	0xf	1	0	0	1
4930	0x509e8e4	__fixunssfdi	0xf	1	0	0	1
4931	0x509ead0	__fixunssfsi	0xf	1	0	0	1
4932	0x509eb40	__floatdidf	0xf	1	0	0	1
4933	0x509ebe4	__floatdisf	0xf	1	0	0	1
4934	0x509ec8c	__floatsidf	0xf	1	0	0	1
4935	0x509eca4	__floatsisf	0xf	1	0	0	1
4936	0x509ecc4	__gedf2	0xf	1	0	0	1
4937	0x509ecf4	__gesf2	0xf	1	0	0	1
4938	0x509ed18	__gtdf2	0xf	1	0	0	1
4939	0x509ed48	__gtsf2	0xf	1	0	0	1
4940	0x509ed6c	__ledf2	0xf	1	0	0	1
4941	0x509ed9c	__lesf2	0xf	1	0	0	1
4942	0x509edc0	__lshldi3	0xf	1	0	0	1
4943	0x509ee08	__lshlsi3	0xf	1	0	0	1
4944	0x509ee10	__lshrdi3	0xf	1	0	0	1
4945	0x509ee58	__lshrsi3	0xf	1	0	0	1
4946	0x509ee60	__ltdf2	0xf	1	0	0	1
4947	0x509ee90	__ltsf2	0xf	1	0	0	1
4948	0x509eeb4	__moddi3	0xf	1	0	0	1
4949	0x509ef50	__modsi3	0xf	1	0	0	1
4950	0x509ef68	__muldf3	0xf	1	0	0	1
4951	0x509ef88	__muldi3	0xf	1	0	0	1
4952	0x509f068	__mulsf3	0xf	1	0	0	1
4953	0x509f08c	__mulsi3	0xf	1	0	0	1
4954	0x509f0a4	__nedf2	0xf	1	0	0	1
4955	0x509f0d4	__negdf2	0xf	1	0	0	1
4956	0x509f0ec	__negdi2	0xf	1	0	0	1
4957	0x509f110	__negsf2	0xf	1	0	0	1
4958	0x509f130	__nesf2	0xf	1	0	0	1
4959	0x509f178	___set_new_handler	0xf	1	0	0	1
4960	0x509f1bc	_set_new_handler	0xf	1	0	0	1
4961	0x509f154	___get_new_handler	0xf	1	0	0	1
4962	0x509f208	___builtin_delete	0xf	1	0	0	1
4963	0x509f228	___builtin_new	0xf	1	0	0	1
4964	0x50f15c8	___shtab	0xf	4	0	0	1
4965	0x509f264	__subdf3	0xf	1	0	0	1
4966	0x509f284	__subsf3	0xf	1	0	0	1
4967	0x509f2a8	___enable_execute_stack	0xf	1	0	0	1
4968	0x509f2c0	__truncdfsf2	0xf	1	0	0	1
4969	0x509f2e0	__ucmpdi2	0xf	1	0	0	1
4970	0x509f320	__udivdi3	0xf	1	0	0	1
4971	0x509f34c	__udivmoddi4	0xf	1	0	0	1
4972	0x509f720	__udivsi3	0xf	1	0	0	1
4973	0x509f738	__umoddi3	0xf	1	0	0	1
4974	0x509f760	__umodsi3	0xf	1	0	0	1
4975	0x509f778	___builtin_saveregs	0xf	1	0	0	1
4976	0x509f930	_NXCreateHashTable	0xf	1	0	0	1
4977	0x509fec4	_NXHashGet	0xf	1	0	0	1
4978	0x50a0814	_isEqualStrStructKey	0xf	1	0	0	1
4979	0x50a07e0	_isEqualPtrStructKey	0xf	1	0	0	1
4980	0x50a098c	_NXUniqueString	0xf	1	0	0	1
4981	0x50a0bbc	_NXCopyStringBuffer	0xf	1	0	0	1
4982	0x509f7c8	_isEqualPrototype	0xf	1	0	0	1
4983	0x50a07fc	_hashStrStructKey	0xf	1	0	0	1
4984	0x50a07c8	_hashPtrStructKey	0xf	1	0	0	1
4985	0x509f820	_hashPrototype	0xf	1	0	0	1
4986	0x50a0090	_NXHashInsert	0xf	1	0	0	1
4987	0x50a03b4	_NXHashRemove	0xf	1	0	0	1
4988	0x50a0b30	_NXUniqueStringWithLength	0xf	1	0	0	1
4989	0x50a07b4	_NXReallyFree	0xf	1	0	0	1
4990	0x509fcc4	_NXCompareHashTables	0xf	1	0	0	1
4991	0x509fc38	_NXIsEqualHashTable	0xf	1	0	0	1
4992	0x509f978	_NXCreateHashTableFromZone	0xf	1	0	0	1
4993	0x509fc00	_NXEmptyHashTable	0xf	1	0	0	1
4994	0x50a0a88	_NXUniqueStringNoCopy	0xf	1	0	0	1
4995	0x50a0740	_NXStrIsEqual	0xf	1	0	0	1
4996	0x50a06c0	_NXStrHash	0xf	1	0	0	1
4997	0x509fc1c	_NXResetHashTable	0xf	1	0	0	1
4998	0x509f920	_NXPtrIsEqual	0xf	1	0	0	1
4999	0x50a06b4	_NXPtrHash	0xf	1	0	0	1
5000	0x509fdec	_NXCountHashTable	0xf	1	0	0	1
5001	0x509f86c	_NXNoEffectFree	0xf	1	0	0	1
5002	0x50a0628	_NXNextHashState	0xf	1	0	0	1
5003	0x50a0224	_NXHashInsertIfAbsent	0xf	1	0	0	1
5004	0x509fdf4	_NXHashMember	0xf	1	0	0	1
5005	0x50a0b90	_NXCopyStringBufferFromZone	0xf	1	0	0	1
5006	0x509fd50	_NXCopyHashTable	0xf	1	0	0	1
5007	0x50a05fc	_NXInitHashState	0xf	1	0	0	1
5008	0x509fbd8	_NXFreeHashTable	0xf	1	0	0	1
5009	0x50a19c4	__mapStrIsEqual	0xf	1	0	0	1
5010	0x50a189c	_NXInitMapState	0xf	1	0	0	1
5011	0x50a1a38	__mapObjectIsEqual	0xf	1	0	0	1
5012	0x50a1344	_NXMapInsert	0xf	1	0	0	1
5013	0x50a18a4	_NXNextMapState	0xf	1	0	0	1
5014	0x50a18fc	__mapPtrHash	0xf	1	0	0	1
5015	0x50a15f4	_NXMapRemove	0xf	1	0	0	1
5016	0x50a19b4	__mapPtrIsEqual	0xf	1	0	0	1
5017	0x50a0da8	_NXCreateMapTable	0xf	1	0	0	1
5018	0x50a0c00	_NXCreateMapTableFromZone	0xf	1	0	0	1
5019	0x50a0dec	_NXFreeMapTable	0xf	1	0	0	1
5020	0x50a1908	__mapStrHash	0xf	1	0	0	1
5021	0x50a1090	_NXMapGet	0xf	1	0	0	1
5022	0x50a0eec	_NXCountMapTable	0xf	1	0	0	1
5023	0x50a1988	__mapObjectHash	0xf	1	0	0	1
5024	0x50a1a78	__mapObjectFree	0xf	1	0	0	1
5025	0x50a1a70	__mapNoFree	0xf	1	0	0	1
5026	0x50a0e10	_NXResetMapTable	0xf	1	0	0	1
5027	0x50a0ef4	_NXMapMember	0xf	1	0	0	1
5028	0x50a0e70	_NXCompareMapTables	0xf	1	0	0	1
5029	0x50a202c	_class_nextMethodList	0xf	1	0	0	1
5030	0x50a1adc	_object_getIndexedIvars	0xf	1	0	0	1
5031	0x50f64e8	_messageLock	0xf	7	0	0	1
5032	0x50a3938	_method_getSizeOfArguments	0xf	1	0	0	1
5033	0x50a3108	_instrumentObjcMessageSends	0xf	1	0	0	1
5034	0x50a21e4	_getOriginalClassForPosingClass	0xf	1	0	0	1
5035	0x50a2210	_objc_getOrigClass	0xf	1	0	0	1
5036	0x50a38b0	_method_getNumberOfArguments	0xf	1	0	0	1
5037	0x50a3998	_method_getArgumentInfo	0xf	1	0	0	1
5038	0x50f7f18	_emptyCache	0xf	11	0	0	1
5039	0x50a1b80	_class_createInstanceFromZone	0xf	1	0	0	1
5040	0x50a1ce8	_class_getClassMethod	0xf	1	0	0	1
5041	0x50a1c20	_class_getInstanceMethod	0xf	1	0	0	1
5042	0x50a1e3c	_class_getInstanceVariable	0xf	1	0	0	1
5043	0x50a1c18	_class_getVersion	0xf	1	0	0	1
5044	0x50a2c44	_class_lookupMethod	0xf	1	0	0	1
5045	0x50a2d40	_class_lookupMethodInMethodList	0xf	1	0	0	1
5046	0x50a1bdc	_class_createInstance	0xf	1	0	0	1
5047	0x50a2098	_class_addMethods	0xf	1	0	0	1
5048	0x50a240c	_class_poseAs	0xf	1	0	0	1
5049	0x50a20d4	_class_removeMethods	0xf	1	0	0	1
5050	0x50a1aa4	_object_getClassName	0xf	1	0	0	1
5051	0x50a2a40	_class_respondsToMethod	0xf	1	0	0	1
5052	0x50a1c10	_class_setVersion	0xf	1	0	0	1
5053	0x50a2014	_do_not_remove_this_dummy_function	0xf	1	0	0	1
5054	0x50a20bc	_class_addClassMethods	0xf	1	0	0	1
5055	0x50a20f8	__class_removeProtocols	0xf	1	0	0	1
5056	0x50a3c58	__class_printMethodCaches	0xf	1	0	0	1
5057	0x50a493c	_checkUniqueness	0xf	1	0	0	1
5058	0x50a3394	__objc_getNonexistentClass	0xf	1	0	0	1
5059	0x50a2dc0	__cache_create	0xf	1	0	0	1
5060	0x50a2908	__class_install_relationships	0xf	1	0	0	1
5061	0x50a33b4	__class_lookupMethodAndLoadCache	0xf	1	0	0	1
5062	0x50a3d30	__class_printDuplicateCacheEntries	0xf	1	0	0	1
5063	0x50a3ebc	__class_printMethodCacheStatistics	0xf	1	0	0	1
5064	0x50a2080	__dummy	0xf	1	0	0	1
5065	0x50a1aec	__internal_class_createInstanceFromZone	0xf	1	0	0	1
5066	0x50a3b48	__objc_create_zone	0xf	1	0	0	1
5067	0x50a1bb8	__internal_class_createInstance	0xf	1	0	0	1
5068	0x50a3374	__objc_getFreedObjectClass	0xf	1	0	0	1
5069	0x50a1ffc	__objc_flush_caches	0xf	1	0	0	1
5070	0x50a4a90	__objc_inform	0xf	1	0	0	1
5071	0x50a4a5c	__objc_fatal	0xf	1	0	0	1
5072	0x50a49fc	__objc_error	0xf	1	0	0	1
5073	0x50a49a0	___objc_error	0xf	1	0	0	1
5074	0x50a4b4c	__getObjcFrozenTable	0xf	1	0	0	1
5075	0x50a4d14	__getObjcClassRefs	0xf	1	0	0	1
5076	0x50a4b88	__getObjcStrings	0xf	1	0	0	1
5077	0x50a4cc4	__getObjcStringObjects	0xf	1	0	0	1
5078	0x50a4c74	__getObjcProtocols	0xf	1	0	0	1
5079	0x50a4b04	__getObjcModules	0xf	1	0	0	1
5080	0x50a4bf0	__getObjcMessageRefs	0xf	1	0	0	1
5081	0x50a4af0	__getObjcHeaders	0xf	1	0	0	1
5082	0x50a4e48	__getObjcHeaderName	0xf	1	0	0	1
5083	0x50a4f2c	__getObjcHeaderFileType	0xf	1	0	0	1
5084	0x50a4d5c	__getObjcHeaderData	0xf	1	0	0	1
5085	0x50a4c38	__getObjcBackRefs	0xf	1	0	0	1
5086	0x50f6528	__zoneAlloc	0xf	7	0	0	1
5087	0x50f6530	__zoneRealloc	0xf	7	0	0	1
5088	0x50f6510	__copy	0xf	7	0	0	1
5089	0x50f652c	__zoneCopy	0xf	7	0	0	1
5090	0x50f6524	__error	0xf	7	0	0	1
5091	0x50f6514	__realloc	0xf	7	0	0	1
5092	0x50f6518	__dealloc	0xf	7	0	0	1
5093	0x50f6508	__poseAs	0xf	7	0	0	1
5094	0x50f650c	__alloc	0xf	7	0	0	1
5095	0x50f651c	__cvtToId	0xf	7	0	0	1
5096	0x50f6520	__cvtToSel	0xf	7	0	0	1
5097	0x50f7fa4	_NXStrStructKeyPrototype	0xf	11	0	0	1
5098	0x50f7f94	_NXPtrStructKeyPrototype	0xf	11	0	0	1
5099	0x50f7fb4	_NXPtrValueMapPrototype	0xf	11	0	0	1
5100	0x50f7fc4	_NXStrValueMapPrototype	0xf	11	0	0	1
5101	0x50f7f74	_NXPtrPrototype	0xf	11	0	0	1
5102	0x50f7fd4	_NXObjectMapPrototype	0xf	11	0	0	1
5103	0x50f7f84	_NXStrPrototype	0xf	11	0	0	1
5104	0x50a4f40	_get_base_method_list	0xf	1	0	0	1
5105	0x50a5ae4	_objc_loadModules	0xf	1	0	0	1
5106	0x50a5c64	_objc_unloadModules	0xf	1	0	0	1
5107	0x50f653c	__objc_multithread_mask	0xf	7	0	0	1
5108	0x50a65f4	__objc_removeMethods	0xf	1	0	0	1
5109	0x50a6538	__objc_insertMethods	0xf	1	0	0	1
5110	0x50a5ee4	_objc_getClasses	0xf	1	0	0	1
5111	0x50a77b4	__objc_removeHeader	0xf	1	0	0	1
5112	0x50f6589	_rocketLaunchingDebug	0xf	7	0	0	1
5113	0x50a8210	__objc_map_selectors_from_image	0xf	1	0	0	1
5114	0x50f6554	_classLock	0xf	7	0	0	1
5115	0x50f6540	__objc_msgNil	0xf	7	0	0	1
5116	0x50a717c	__objc_headerVector	0xf	1	0	0	1
5117	0x50a5f34	_objc_getClass	0xf	1	0	0	1
5118	0x50a5d30	_objc_dump_class_hash	0xf	1	0	0	1
5119	0x50a7668	__objc_addHeader	0xf	1	0	0	1
5120	0x50a6298	_objc_getModules	0xf	1	0	0	1
5121	0x50a6c18	_objc_pendClassReference	0xf	1	0	0	1
5122	0x50a5f10	_objc_setClassHandler	0xf	1	0	0	1
5123	0x50a83ec	_objc_setMultithreaded	0xf	1	0	0	1
5124	0x50a7644	__objc_headerCount	0xf	1	0	0	1
5125	0x50a6214	__objc_removeClass	0xf	1	0	0	1
5126	0x50a60ec	_objc_getMetaClass	0xf	1	0	0	1
5127	0x50a641c	__objc_remove_category	0xf	1	0	0	1
5128	0x50a749c	__objc_bindModuleContainingList	0xf	1	0	0	1
5129	0x50f6544	_callbackFunction	0xf	7	0	0	1
5130	0x50a613c	_objc_addClass	0xf	1	0	0	1
5131	0x50a6a70	__nameForHeader	0xf	1	0	0	1
5132	0x50a8434	__objcInit	0xf	1	0	0	1
5133	0x50a5e64	__objc_init_class_hash	0xf	1	0	0	1
5134	0x50a6628	__objc_add_category	0xf	1	0	0	1
5135	0x50a6cf4	_objc_pendClassInstallation	0xf	1	0	0	1
5136	0x50a6064	_objc_lookUpClass	0xf	1	0	0	1
5137	0x50a9440	_sel_getUid	0xf	1	0	0	1
5138	0x50a9318	_sel_registerName	0xf	1	0	0	1
5139	0x50a8cec	_sel_getName	0xf	1	0	0	1
5140	0x50a8d80	__sel_registerName	0xf	1	0	0	1
5141	0x50a97a4	__sel_initsorted	0xf	1	0	0	1
5142	0x50f65d4	_checkSel	0xf	7	0	0	1
5143	0x50a8b1c	__strhash	0xf	1	0	0	1
5144	0x50a9a38	__sel_printStatistics	0xf	1	0	0	1
5145	0x50a9914	__sel_printHashTable	0xf	1	0	0	1
5146	0x50a9348	__sel_unloadSelectors	0xf	1	0	0	1
5147	0x50a9858	__sel_init	0xf	1	0	0	1
5148	0x50a8aa8	__objc_dynamic_hash_count	0xf	1	0	0	1
5149	0x50a8b8c	_sel_isMapped	0xf	1	0	0	1
5150	0x50ab1c4	_object_reallocFromZone	0xf	1	0	0	1
5151	0x50ab128	_object_copyFromZone	0xf	1	0	0	1
5152	0x50ab0f4	_object_copy	0xf	1	0	0	1
5153	0x50ab160	_object_dispose	0xf	1	0	0	1
5154	0x50ab190	_object_realloc	0xf	1	0	0	1
5155	0x50aaf5c	__internal_object_copy	0xf	1	0	0	1
5156	0x50aaef8	__internal_object_copyFromZone	0xf	1	0	0	1
5157	0x50aaf94	__internal_object_dispose	0xf	1	0	0	1
5158	0x50ab1fc	_object_setInstanceVariable	0xf	1	0	0	1
5159	0x50ab0bc	__internal_object_realloc	0xf	1	0	0	1
5160	0x50aafc0	__internal_object_reallocFromZone	0xf	1	0	0	1
5161	0x50ab244	_object_getInstanceVariable	0xf	1	0	0	1
5162	0x0	.objc_class_name_Object	0x3	0	0	0	1
5163	0x0	.objc_class_name_Protocol	0x3	0	0	0	1
5164	0x0	.destructors_used	0x3	0	0	0	1
5165	0x0	.constructors_used	0x3	0	0	0	1
5166	0x50ab8c0	__cplus_init	0xf	1	0	0	1
5167	0x50abf60	__NXAddHandler	0xf	1	0	0	1
5168	0x50abfd4	__NXRemoveHandler	0xf	1	0	0	1
5169	0x50ac1e0	__NXRaiseError	0xf	1	0	0	1
5170	0x50ac034	_NXDefaultExceptionRaiser	0xf	1	0	0	1
5171	0x50ac21c	_NXAllocErrorData	0xf	1	0	0	1
5172	0x50ac198	_NXSetExceptionRaiser	0xf	1	0	0	1
5173	0x50ac1bc	_NXGetExceptionRaiser	0xf	1	0	0	1
5174	0x50abeb8	__NXRemoveAltHandler	0xf	1	0	0	1
5175	0x50ac2ec	_NXResetErrorData	0xf	1	0	0	1
5176	0x50abd60	__NXAddAltHandler	0xf	1	0	0	1
5177	0x50ac394	__NXLogError	0xf	1	0	0	1
5178	0x50ac478	_moninitobjc	0xf	1	0	0	1
5179	0x50ac5cc	_objc_msgSendSuper	0xf	1	0	0	1
5180	0x50ac7cc	_objc_msgSendv	0xf	1	0	0	1
5181	0x50ac4a0	_objc_msgSend	0xf	1	0	0	1
5182	0x50ac720	__objc_msgForward	0xf	1	0	0	1
5183	0x0	.objc_class_name_HashTable	0x3	0	0	0	1
5184	0x0	.objc_class_name_List	0x3	0	0	0	1
5185	0x0	.objc_category_name_NXBundle_Private	0x3	0	0	0	1
5186	0x0	.objc_class_name_NXBundle	0x3	0	0	0	1
5187	0x50afa9c	_NXLoadLocalStringFromTableInBundle	0xf	1	0	0	1
5188	0x0	.objc_category_name_NXBundle_Compatability	0x3	0	0	0	1
5189	0x50af670	_NXLoadLocalizedStringFromTableInBundle	0xf	1	0	0	1
5190	0x0	.objc_class_name_NXCharacterSet	0x3	0	0	0	1
5191	0x0	.objc_category_name_NXCleanList_Fancy_IO	0x3	0	0	0	1
5192	0x0	.objc_category_name_NXPropertyList_Basic_IO	0x3	0	0	0	1
5193	0x0	.objc_category_name_NXPropertyList_Fancy_IO	0x3	0	0	0	1
5194	0x0	.objc_category_name_NXReadOnlyString_Fancy_IO	0x3	0	0	0	1
5195	0x0	.objc_category_name_NXString_Fancy_IO	0x3	0	0	0	1
5196	0x0	.objc_category_name_Object_Fancy_IO	0x3	0	0	0	1
5197	0x0	.objc_category_name_Object_NX_BS_Extras	0x3	0	0	0	1
5198	0x0	.objc_class_name_NXCleanList	0x3	0	0	0	1
5199	0x0	.objc_class_name_NXPropertyList	0x3	0	0	0	1
5200	0x0	.objc_category_name_NXMutableString_NX_BS_Extras	0x3	0	0	0	1
5201	0x0	.objc_class_name_NXConstantString	0x3	0	0	0	1
5202	0x0	.objc_class_name_NXMutableString	0x3	0	0	0	1
5203	0x0	.objc_class_name_NXReadOnlyString	0x3	0	0	0	1
5204	0x0	.objc_class_name_NXReadOnlySubstring	0x3	0	0	0	1
5205	0x0	.objc_class_name_NXReadWriteString	0x3	0	0	0	1
5206	0x0	.objc_class_name_NXSimpleReadOnlyString	0x3	0	0	0	1
5207	0x50b3f50	__NXStringZone	0xf	1	0	0	1
5208	0x50b4080	__NXStringErrorRaise	0xf	1	0	0	1
5209	0x50b4cc0	_NXCompareCharacters	0xf	1	0	0	1
5210	0x50b4e94	_NXHashCharacters	0xf	1	0	0	1
5211	0x0	.objc_class_name_NXString	0x3	0	0	0	1
5212	0x50b4d74	_NXFindCharacters	0xf	1	0	0	1
5213	0x0	.objc_class_name_NXStringTable	0x3	0	0	0	1
5214	0x0	.objc_class_name_NXUniquedString	0x3	0	0	0	1
5215	0x0	.objc_class_name_Storage	0x3	0	0	0	1
5216	0x0	.objc_class_name_StreamTable	0x3	0	0	0	1
5217	0x50baecc	_NXWriteType	0xf	1	0	0	1
5218	0x50ba584	_getSizeOfType	0xf	1	0	0	1
5219	0x50baf80	_NXWriteTypes	0xf	1	0	0	1
5220	0x50bb9b8	_NXWriteRootObject	0xf	1	0	0	1
5221	0x50bba90	_NXWriteObjectReference	0xf	1	0	0	1
5222	0x50bb1bc	_NXReadArray	0xf	1	0	0	1
5223	0x50bb03c	_NXWriteArray	0xf	1	0	0	1
5224	0x50baf24	_NXReadType	0xf	1	0	0	1
5225	0x50bbd18	_NXTypedStreamClassVersion	0xf	1	0	0	1
5226	0x50bafdc	_NXReadTypes	0xf	1	0	0	1
5227	0x50bbdb0	_NXTypedStreamIsSwapped	0xf	1	0	0	1
5228	0x50b9fe0	_NXSetTypedStreamZone	0xf	1	0	0	1
5229	0x50bbc34	_NXReadObjectFromBuffer	0xf	1	0	0	1
5230	0x50bbb1c	_NXOpenTypedStreamForFile	0xf	1	0	0	1
5231	0x50b9d9c	_NXOpenTypedStream	0xf	1	0	0	1
5232	0x50b9fe8	_NXGetTypedStreamZone	0xf	1	0	0	1
5233	0x50ba014	_NXFlushTypedStream	0xf	1	0	0	1
5234	0x50bb740	_NXReadObject	0xf	1	0	0	1
5235	0x50bb4f0	_NXWriteObject	0xf	1	0	0	1
5236	0x50bbd10	_NXSystemVersion	0xf	1	0	0	1
5237	0x50bbcdc	_NXFreeObjectBuffer	0xf	1	0	0	1
5238	0x50b9ff0	_NXEndOfTypedStream	0xf	1	0	0	1
5239	0x50ba044	_NXCloseTypedStream	0xf	1	0	0	1
5240	0x50bbbd4	_NXWriteRootObjectToBuffer	0xf	1	0	0	1
5241	0x50bbc58	_NXReadObjectFromBufferWithZone	0xf	1	0	0	1
5242	0x50bc124	__dyld_lookup_and_bind_fully	0xf	1	0	0	1
5243	0x50bc1ec	__dyld_register_func_for_add_image	0xf	1	0	0	1
5244	0x50bbe74	__dyld_get_image_header	0xf	1	0	0	1
5245	0x50bc0bc	__dyld_lookup_and_bind_objc	0xf	1	0	0	1
5246	0x50bbff4	__dyld_launched_prebound	0xf	1	0	0	1
5247	0x50bbdbc	__dyld_present	0xf	1	0	0	1
5248	0x50bbf94	__dyld_moninit	0xf	1	0	0	1
5249	0x50bbdf8	__dyld_image_count	0xf	1	0	0	1
5250	0x50bbed4	__dyld_get_image_vmaddr_slide	0xf	1	0	0	1
5251	0x50bbf34	__dyld_get_image_name	0xf	1	0	0	1
5252	0x50bc054	__dyld_lookup_and_bind	0xf	1	0	0	1
5253	0x50bc24c	__dyld_register_func_for_link_module	0xf	1	0	0	1
5254	0x50bc2ac	__dyld_register_func_for_unlink_module	0xf	1	0	0	1
5255	0x50bc18c	__dyld_bind_fully_image_containing_address	0xf	1	0	0	1
5256	0x50bc30c	__dyld_register_func_for_replace_module	0xf	1	0	0	1
5257	0x50bc3d4	__dyld_bind_objc_module	0xf	1	0	0	1
5258	0x50bc36c	__dyld_get_objc_module_sect_for_module	0xf	1	0	0	1
5259	0x50bc690	__dyld_debug_subscribe_to_events	0xf	1	0	0	1
5260	0x50bc52c	__dyld_debug_bind_module	0xf	1	0	0	1
5261	0x50bc734	__dyld_debug_add_event_subscriber	0xf	1	0	0	1
5262	0x50bc854	__dyld_debug_make_runnable	0xf	1	0	0	1
5263	0x50bc43c	__dyld_debug_defining_module	0xf	1	0	0	1
5264	0x50bc4b0	__dyld_debug_is_module_bound	0xf	1	0	0	1
5265	0x50bc5a4	__dyld_debug_module_name	0xf	1	0	0	1
5266	0x50bc638	__dyld_debug_monoutput	0xf	1	0	0	1
5267	0x50bc9a8	__dyld_debug_restore_runnable	0xf	1	0	0	1
5268	0x50be288	_NSLibraryNameForModule	0xf	1	0	0	1
5269	0x50be1c0	_NSInstallLinkEditErrorHandlers	0xf	1	0	0	1
5270	0x50be4c8	_NSAddLibrary	0xf	1	0	0	1
5271	0x50be408	_NSAddressOfSymbol	0xf	1	0	0	1
5272	0x50be528	_NSVersionOfLinkTimeLibrary	0xf	1	0	0	1
5273	0x50be2e8	_NSIsSymbolNameDefined	0xf	1	0	0	1
5274	0x50be5e8	_NSVersionOfRunTimeLibrary	0xf	1	0	0	1
5275	0x50be348	_NSLookupAndBindSymbol	0xf	1	0	0	1
5276	0x50be468	_NSModuleForSymbol	0xf	1	0	0	1
5277	0x50be228	_NSNameOfModule	0xf	1	0	0	1
5278	0x50be3a8	_NSNameOfSymbol	0xf	1	0	0	1
5279	0x50be79c	_NSCreateObjectFileImageFromFile	0xf	1	0	0	1
5280	0x50bee9c	_NSSymbolReferenceNameInObjectFileImage	0xf	1	0	0	1
5281	0x50be92c	_NSCreateObjectFileImageFromMemory	0xf	1	0	0	1
5282	0x50bee44	_NSDestroyObjectFileImage	0xf	1	0	0	1
5283	0x50beeac	_NSGetSectionDataInObjectFileImage	0xf	1	0	0	1
5284	0x50beea4	_NSIsSymbolDefinedInObjectFileImage	0xf	1	0	0	1
5285	0x50bee84	_NSSymbolDefinitionCountInObjectFileImage	0xf	1	0	0	1
5286	0x50bee8c	_NSSymbolDefinitionNameInObjectFileImage	0xf	1	0	0	1
5287	0x50bee94	_NSSymbolReferenceCountInObjectFileImage	0xf	1	0	0	1
5288	0x50cb5f8	_NSLinkModule	0xf	1	0	0	1
5289	0x50cb66c	_NSReplaceModule	0xf	1	0	0	1
5290	0x50cb664	_NSUnLinkModule	0xf	1	0	0	1
5291	0x50cb738	__dyld_event_server	0xf	1	0	0	1
5292	0x7c7f	_NXAddRegion	0xb	0	0	0	1
5293	0x7c95	_NXArgc	0xb	0	0	0	1
5294	0x7ca6	_NXArgv	0xb	0	0	0	1
5295	0x7cc2	_NXCreateChildZone	0xb	0	0	0	1
5296	0x7ce4	_NXCreateZone	0xb	0	0	0	1
5297	0x7d08	_NXDefaultMallocZone	0xb	0	0	0	1
5298	0x7d2d	_NXMallocCheck	0xb	0	0	0	1
5299	0x7d4a	_NXMergeZone	0xb	0	0	0	1
5300	0x7d64	_NXNameZone	0xb	0	0	0	1
5301	0x7d81	_NXRemoveRegion	0xb	0	0	0	1
5302	0x7da0	_NXZoneCalloc	0xb	0	0	0	1
5303	0x7dbe	_NXZoneFromPtr	0xb	0	0	0	1
5304	0x7ddd	_NXZonePtrInfo	0xb	0	0	0	1
5305	0x7df5	_access	0xb	0	0	0	1
5306	0x7e0b	_alloc_stack	0xb	0	0	0	1
5307	0x7e2d	_bootstrap_check_in	0xb	0	0	0	1
5308	0x7e5c	_bootstrap_create_service	0xb	0	0	0	1
5309	0x7e87	_bootstrap_info	0xb	0	0	0	1
5310	0x7eab	_bootstrap_look_up	0xb	0	0	0	1
5311	0x7ed8	_bootstrap_look_up_array	0xb	0	0	0	1
5312	0x7f02	_bootstrap_port	0xb	0	0	0	1
5313	0x7f27	_bootstrap_register	0xb	0	0	0	1
5314	0x7f4e	_bootstrap_status	0xb	0	0	0	1
5315	0x7f73	_bootstrap_subset	0xb	0	0	0	1
5316	0x7f8d	_bzero	0xb	0	0	0	1
5317	0x7f9c	_close	0xb	0	0	0	1
5318	0x7fb4	_cond_broadcast	0xb	0	0	0	1
5319	0x7fd2	_cond_signal	0xb	0	0	0	1
5320	0x7ff6	_condition_spin_limit	0xb	0	0	0	1
5321	0x801d	_condition_wait	0xb	0	0	0	1
5322	0x8045	_condition_yield_limit	0xb	0	0	0	1
5323	0x806b	_cproc_create	0xb	0	0	0	1
5324	0x8094	_cproc_default_stack_size	0xb	0	0	0	1
5325	0x80bb	_cproc_init	0xb	0	0	0	1
5326	0x80d5	_cproc_setup	0xb	0	0	0	1
5327	0x80f1	_cthread_body	0xb	0	0	0	1
5328	0x810f	_cthread_count	0xb	0	0	0	1
5329	0x812f	_cthread_detach	0xb	0	0	0	1
5330	0x814f	_cthread_errno	0xb	0	0	0	1
5331	0x816d	_cthread_exit	0xb	0	0	0	1
5332	0x818a	_cthread_fork	0xb	0	0	0	1
5333	0x81a7	_cthread_init	0xb	0	0	0	1
5334	0x81c4	_cthread_join	0xb	0	0	0	1
5335	0x81e2	_cthread_limit	0xb	0	0	0	1
5336	0x8200	_cthread_name	0xb	0	0	0	1
5337	0x8227	_cthread_set_errno_self	0xb	0	0	0	1
5338	0x8253	_cthread_set_limit	0xb	0	0	0	1
5339	0x8279	_cthread_set_name	0xb	0	0	0	1
5340	0x829e	_cthread_set_self	0xb	0	0	0	1
5341	0x82bd	_cthread_sp	0xb	0	0	0	1
5342	0x82de	_cthread_stack_base	0xb	0	0	0	1
5343	0x8307	_cthread_stack_mask	0xb	0	0	0	1
5344	0x832b	_cthread_yield	0xb	0	0	0	1
5345	0x834f	_device_master_self	0xb	0	0	0	1
5346	0x836a	_ecvt	0xb	0	0	0	1
5347	0x837a	_environ	0xb	0	0	0	1
5348	0x838b	_execl	0xb	0	0	0	1
5349	0x839a	_execv	0xb	0	0	0	1
5350	0x83aa	_execve	0xb	0	0	0	1
5351	0x83bf	_f_prealloc	0xb	0	0	0	1
5352	0x83d2	_fcvt	0xb	0	0	0	1
5353	0x83df	_fork	0xb	0	0	0	1
5354	0x83f6	_fork_mach_init	0xb	0	0	0	1
5355	0x840e	_fstat	0xb	0	0	0	1
5356	0x841c	_gcvt	0xb	0	0	0	1
5357	0x8432	_getdtablesize	0xb	0	0	0	1
5358	0x844a	_getpid	0xb	0	0	0	1
5359	0x845e	_getrlimit	0xb	0	0	0	1
5360	0x8475	_getrusage	0xb	0	0	0	1
5361	0x848f	_gettimeofday	0xb	0	0	0	1
5362	0x84ae	_host_priv_self	0xb	0	0	0	1
5363	0x84ca	_host_self	0xb	0	0	0	1
5364	0x84dd	_index	0xb	0	0	0	1
5365	0x84f3	_init_process	0xb	0	0	0	1
5366	0x851a	_initial_stack_boundary	0xb	0	0	0	1
5367	0x853a	_ioctl	0xb	0	0	0	1
5368	0x854a	_isatty	0xb	0	0	0	1
5369	0x855a	_isinf	0xb	0	0	0	1
5370	0x8569	_isnan	0xb	0	0	0	1
5371	0x8581	_kern_timestamp	0xb	0	0	0	1
5372	0x8598	_kill	0xb	0	0	0	1
5373	0x85a6	_lseek	0xb	0	0	0	1
5374	0x85ba	_mach_error	0xb	0	0	0	1
5375	0x85da	_mach_error_string	0xb	0	0	0	1
5376	0x85fd	_mach_errormsg	0xb	0	0	0	1
5377	0x861d	_mach_host_self	0xb	0	0	0	1
5378	0x8639	_mach_init	0xb	0	0	0	1
5379	0x8658	_mach_init_routine	0xb	0	0	0	1
5380	0x867b	_mach_msg_trap	0xb	0	0	0	1
5381	0x869c	_mach_reply_port	0xb	0	0	0	1
5382	0x86bb	_mach_swapon	0xb	0	0	0	1
5383	0x86d9	_mach_task_self	0xb	0	0	0	1
5384	0x86fc	_mach_thread_self	0xb	0	0	0	1
5385	0x871d	_malloc_debug	0xb	0	0	0	1
5386	0x873a	_malloc_error	0xb	0	0	0	1
5387	0x875b	_malloc_freezedry	0xb	0	0	0	1
5388	0x8780	_malloc_good_size	0xb	0	0	0	1
5389	0x87a5	_malloc_jumpstart	0xb	0	0	0	1
5390	0x87c5	_malloc_lock	0xb	0	0	0	1
5391	0x87ea	_malloc_singlethreaded	0xb	0	0	0	1
5392	0x880f	_malloc_size	0xb	0	0	0	1
5393	0x8825	_map_fd	0xb	0	0	0	1
5394	0x8846	_mig_dealloc_reply_port	0xb	0	0	0	1
5395	0x886f	_mig_fork_child	0xb	0	0	0	1
5396	0x8894	_mig_get_reply_port	0xb	0	0	0	1
5397	0x88b3	_mig_init	0xb	0	0	0	1
5398	0x88cb	_msg_receive	0xb	0	0	0	1
5399	0x88ee	_msg_receive_timeout	0xb	0	0	0	1
5400	0x8916	_msg_receive_trap	0xb	0	0	0	1
5401	0x8932	_msg_rpc	0xb	0	0	0	1
5402	0x894a	_msg_rpc_trap	0xb	0	0	0	1
5403	0x8963	_msg_send	0xb	0	0	0	1
5404	0x8980	_msg_send_timeout	0xb	0	0	0	1
5405	0x89a2	_msg_send_trap	0xb	0	0	0	1
5406	0x89ba	_mstats	0xb	0	0	0	1
5407	0x89d5	_mutex_spin_limit	0xb	0	0	0	1
5408	0x89f8	_mutex_try_lock	0xb	0	0	0	1
5409	0x8a1b	_mutex_unlock_try	0xb	0	0	0	1
5410	0x8a3f	_mutex_wait_lock	0xb	0	0	0	1
5411	0x8a63	_name_server_port	0xb	0	0	0	1
5412	0x8a85	_netipc_ignore	0xb	0	0	0	1
5413	0x8aa4	_netipc_listen	0xb	0	0	0	1
5414	0x8aba	_open	0xb	0	0	0	1
5415	0x8ad0	_port_allocate	0xb	0	0	0	1
5416	0x8af1	_port_deallocate	0xb	0	0	0	1
5417	0x8b19	_port_extract_receive	0xb	0	0	0	1
5418	0x8b43	_port_extract_send	0xb	0	0	0	1
5419	0x8b6c	_port_insert_receive	0xb	0	0	0	1
5420	0x8b94	_port_insert_send	0xb	0	0	0	1
5421	0x8bb3	_port_names	0xb	0	0	0	1
5422	0x8bcd	_port_rename	0xb	0	0	0	1
5423	0x8be9	_port_set_add	0xb	0	0	0	1
5424	0x8c0b	_port_set_allocate	0xb	0	0	0	1
5425	0x8c31	_port_set_backlog	0xb	0	0	0	1
5426	0x8c55	_port_set_backup	0xb	0	0	0	1
5427	0x8c7c	_port_set_deallocate	0xb	0	0	0	1
5428	0x8ca3	_port_set_remove	0xb	0	0	0	1
5429	0x8cc6	_port_set_status	0xb	0	0	0	1
5430	0x8ce5	_port_status	0xb	0	0	0	1
5431	0x8cfe	_port_type	0xb	0	0	0	1
5432	0x8d10	_read	0xb	0	0	0	1
5433	0x8d32	_set_malloc_singlethreaded	0xb	0	0	0	1
5434	0x8d58	_sigblock	0xb	0	0	0	1
5435	0x8d6d	_sigcatch	0xb	0	0	0	1
5436	0x8d84	_sigsetmask	0xb	0	0	0	1
5437	0x8d99	_sigvec	0xb	0	0	0	1
5438	0x8dad	_spin_lock	0xb	0	0	0	1
5439	0x8dc6	_spin_unlock	0xb	0	0	0	1
5440	0x8de0	_stack_init	0xb	0	0	0	1
5441	0x8df9	_strcasecmp	0xb	0	0	0	1
5442	0x8e13	_strncasecmp	0xb	0	0	0	1
5443	0x8e28	_swtch	0xb	0	0	0	1
5444	0x8e3b	_swtch_pri	0xb	0	0	0	1
5445	0x8e50	_syscall	0xb	0	0	0	1
5446	0x8e67	_task_by_pid	0xb	0	0	0	1
5447	0x8e87	_task_by_unix_pid	0xb	0	0	0	1
5448	0x8ea7	_task_create	0xb	0	0	0	1
5449	0x8ecc	_task_get_special_port	0xb	0	0	0	1
5450	0x8eef	_task_info	0xb	0	0	0	1
5451	0x8f08	_task_notify	0xb	0	0	0	1
5452	0x8f23	_task_resume	0xb	0	0	0	1
5453	0x8f3c	_task_self	0xb	0	0	0	1
5454	0x8f54	_task_self_	0xb	0	0	0	1
5455	0x8f78	_task_set_special_port	0xb	0	0	0	1
5456	0x8f9e	_task_suspend	0xb	0	0	0	1
5457	0x8fbd	_task_terminate	0xb	0	0	0	1
5458	0x8fdc	_task_threads	0xb	0	0	0	1
5459	0x8ff9	_thread_abort	0xb	0	0	0	1
5460	0x9017	_thread_create	0xb	0	0	0	1
5461	0x9040	_thread_get_special_port	0xb	0	0	0	1
5462	0x906c	_thread_get_state	0xb	0	0	0	1
5463	0x908c	_thread_info	0xb	0	0	0	1
5464	0x90a8	_thread_reply	0xb	0	0	0	1
5465	0x90c6	_thread_resume	0xb	0	0	0	1
5466	0x90e3	_thread_self	0xb	0	0	0	1
5467	0x910a	_thread_set_special_port	0xb	0	0	0	1
5468	0x9136	_thread_set_state	0xb	0	0	0	1
5469	0x9159	_thread_suspend	0xb	0	0	0	1
5470	0x9179	_thread_switch	0xb	0	0	0	1
5471	0x919b	_thread_terminate	0xb	0	0	0	1
5472	0x91b8	_timezone	0xb	0	0	0	1
5473	0x91cb	_tzname	0xb	0	0	0	1
5474	0x91db	_tzset	0xb	0	0	0	1
5475	0x91ea	_tztab	0xb	0	0	0	1
5476	0x91fc	_unix_pid	0xb	0	0	0	1
5477	0x920f	_unlink	0xb	0	0	0	1
5478	0x9229	_ur_cthread_self	0xb	0	0	0	1
5479	0x9243	_valloc	0xb	0	0	0	1
5480	0x9253	_vfork	0xb	0	0	0	1
5481	0x9262	_vfree	0xb	0	0	0	1
5482	0x9277	_vm_allocate	0xb	0	0	0	1
5483	0x928e	_vm_copy	0xb	0	0	0	1
5484	0x92a7	_vm_deactivate	0xb	0	0	0	1
5485	0x92c6	_vm_deallocate	0xb	0	0	0	1
5486	0x92e2	_vm_inherit	0xb	0	0	0	1
5487	0x9305	_vm_machine_attribute	0xb	0	0	0	1
5488	0x932a	_vm_page_size	0xb	0	0	0	1
5489	0x9345	_vm_protect	0xb	0	0	0	1
5490	0x935b	_vm_read	0xb	0	0	0	1
5491	0x9370	_vm_region	0xb	0	0	0	1
5492	0x938b	_vm_set_policy	0xb	0	0	0	1
5493	0x93aa	_vm_statistics	0xb	0	0	0	1
5494	0x93ca	_vm_synchronize	0xb	0	0	0	1
5495	0x93e5	_vm_write	0xb	0	0	0	1
5496	0x93f6	_wait	0xb	0	0	0	1
5497	0x9404	_wait4	0xb	0	0	0	1
5498	0x9413	_write	0xb	0	0	0	1
5499	0x9423	_writev	0xb	0	0	0	1
5500	0x943e	_xxx_PORT_ENABLED	0xb	0	0	0	1
5501	0x9462	_xxx_cpu_control	0xb	0	0	0	1
5502	0x948a	_xxx_environment_port	0xb	0	0	0	1
5503	0x94b0	_xxx_host_info	0xb	0	0	0	1
5504	0x94cf	_xxx_slot_info	0xb	0	0	0	1
5505	0x0	__NXArgc	0x1	0	0	0	0
5506	0x0	__NXArgv	0x1	0	0	0	0
5507	0x0	__environ	0x1	0	0	0	0
