file_offset	text
0x98	__cstring
0xdc	__picsymbol_stub__TEXT
0x164	__literal8
0x268	__la_symbol_ptr
0x2ac	__nl_symbol_ptr
0x3b0	__cat_cls_meth
0x3f4	__cat_inst_meth
0x438	__string_object
0x47c	__cstring_object__OBJC
0x4c0	__message_refs
0x504	__sel_fixup
0x548	__cls_refs
0x5d0	__meta_class
0x614	__cls_meth
0x658	__inst_meth
0x69c	__protocol
0x6e0	__class_names
0x724	__meth_var_types__OBJC
0x768	__meth_var_names__OBJC
0x7ac	__category
0x7f0	__class_vars
0x834	__instance_vars
0x878	__module_info
0x8bc	__symbols
0x907	8__LINKEDIT
0x950	/NextLibrary/Frameworks/System.framework/Versions/A/System_profile
0x27d8	N^NuHV,O/
0x281c	N^NuHV,O/
0x2860	N^NuHV,OH
0x28a0	N^NuHV,OH
0x28ec	N^NuHV,OH
0x293c	N^NuHV,O/
0x2c48	N^NuHV,OH
0x2c8a	N^NuHV,ONBN^NuHV,O/
0x2e0a	N^NuHV,O/
0x2e46	N^NuHV,OH
0x2eac	$CPHXHPKXKR
0x2ed8	N^NuHV,O/
0x2f02	N^NuHV,OH
0x2f76	N^NuHV,Oa
0x2f83	vNqHV,O/
0x2fc9	0NqHV,OH
0x300e	N^NuHV,O/
0x3054	N^NuHV,O/
0x3096	N^NuHV,O
0x324a	N^NuHV,O/
0x32bc	N^NuHV,O
0x3470	N^NuHV,O/
0x3604	N^NuHV,O/
0x364c	N^NuHV,O/
0x3690	N^NuHV,OH
0x3712	N^NuHV,OH
0x37b0	N^NuHV,OH
0x382e	N^NuHV,OH
0x3a0c	N^NuHV,OH
0x3a4c	N^NuHV,O/
0x3a76	N^NuHV,O/
0x3a90	N^NuHV,O/
0x3abe	N^NuHV,O/
0x3aec	NqHV,O .
0x3b00	N^NuHV,O/
0x3b38	N^NuHV,O/.
0x3b4a	N^NuHV,O/.
0x3b5c	N^NuHV,O/
0x3b89	HNqHV,O.
0x3b98	NuN^NuHV,ONBN^NuHV,O/
0x3bdc	N^NuHV,OH
0x4038	N^NuHV,Oa
0x4068	N^NuHV,OA
0x408a	N^NuHV,O/
0x40ee	N^NuHV,O/
0x4162	N^NuHV,O/
0x41d4	N^NuHV,O/
0x4242	N^NuHV,O/
0x42c6	N^NuHV,O/
0x4348	N^NuHV,OH
0x43c4	N^NuHV,OH
0x444a	N^NuHV,OH
0x44cc	N^NuHV,O/
0x4930	0N$@POPOJ
0x49e0	N^NuHV,OH
0x4dbd	4$@POXO|
0x5556	N^NuHV,OH
0x55e2	N^NuHV,O/
0x561a	N^NuHV,OH
0x624c	"*$POvP""n"
0x745e	N^NuHV,OH
0x7506	N^NuHV,OH
0x75ce	N^NuHV,O/
0x766a	N^NuHV,O/
0x76a6	N^NuHV,OH
0x771a	N^NuHV,O/
0x77bc	N^NuHV,O/
0x7844	N^NuHV,OA
0x7876	N^NuHV,OH
0x78f9	vPOPO`BJ
0x795c	N^NuHV,OH
0x79c8	N^NuHV,OH
0x7b2c	N^NuHV,OA
0x7b53	AN^NuHV,OH
0x7c2c	N^NuHV,OH
0x7dfa	N^NuHV,OH
0x7ee4	N^NuHV,OH
0x7ff0	N^NuHV,OH
0x814a	N^NuHV,OH
0x863e	N^NuHV,OH
0x8698	N^NuHV,OH
0x874c	N^NuHV,OH
0x884c	POPORK u
0x8916	POPORK u
0x894a	N^NuHV,OH
0x89bc	N^NuHV,OH
0x8a3b	nPOXO SJ
0x8ac0	"POXOXO`Z""u"
0x8c1e	N^NuHV,OH
0x8d3e	N^NuHV,OH
0x8dbc	N^NuHV,OH
0x8f64	N^NuHV,OH
0x9060	N^NuHV,OA
0x94e6	N^NuHV,OH
0x952f	bPOPO DB
0x95ce	&@$EXJPOPOJ
0x96c4	N^NuHV,OH
0x9730	N^NuHV,OH
0x9820	H POXO u
0x9d82	$B$RRJ u
0xa20a	N^NuHV,O/
0xa294	N^NuHV,OH
0xa3c2	N^NuHV,OH
0xa4e2	N^NuHV,OH
0xa5f6	N^NuHV,OH
0xa7a8	N^NuHV,OH
0xa8b8	N^NuHV,O/
0xa91c	N^NuHV,OH
0xaa58	N^NuHV,O/
0xaaae	N^NuHV,O/
0xaaf8	N^NuHV,OH
0xac46	N^NuHV,O/
0xacb2	N^NuHV,OH
0xb3c2	N^NuHV,OH
0xb679	 POXO`L u
0xb890	`& R&C&k
0xbbe6	N^NuHV,O/
0xbc50	N^NuHV,OH
0xc0fa	N^NuHV,O/
0xc12c	N^NuHV,O/
0xc18c	N^NuHV,OH
0xc466	N^NuHV,OH
0xc520	N^NuHV,OH
0xc99e	N^NuHV,O/
0xc9cc	N^NuHV,OA
0xc9f4	d4N^NuHV,OA
0xca14	N^NuHV,OH
0xca56	N^NuHV,OH
0xcba8	N^NuHV,O/
0xd38e	nLPOXO u
0xdb7b	  @$PXOJ
0xdc0a	N^NuHV,OH
0xde3a	N^NuHV,O/
0xdee4	N^NuHV,OH
0xdf82	N^NuHV,OH
0xe17c	"N,POXO""u"
0xe3c8	 FRH&G-S
0xea94	"X8POPO""n"
0xeb76	WVPOPO(n
0xed24	N^NuHV,OA
0xed44	N^NuHV,OA
0xed73	<N^NuHV,OA
0xefd6	UvPOPO .
0xf476	;JPOPO .
0xf5a2	POXOg:-h
0xf608	POXOg@-h
0xfabe	N^NuHV,OA
0x1001e	N^NuHV,O/
0x100a0	N^NuHV,O/
0x10110	N^NuHV,OA
0x10124	N^NuHV,O/
0x1015a	N^NuHV,O/
0x1018a	N^NuHV,O/
0x101d6	N^NuHV,O/
0x101fe	N^NuHV,O/
0x1026e	N^NuHV,OH
0x10316	N^NuHV,OH
0x103ca	N^NuHV,OH
0x105fe	N^NuHV,OH
0x10716	N^NuHV,OH
0x107a8	N^NuHV,O/
0x1087e	N^NuHV,OH
0x109fe	N^NuHV,OH
0x10aac	N^NuHV,OH
0x10b2c	N^NuHV,O/
0x10b6c	N^NuHV,OH
0x10e8a	N^NuHV,OH
0x10f54	N^NuHV,OH
0x10fe6	N^NuHV,O/
0x11137	0POXO&G*+
0x113a0	.:POXO$j
0x118a2	N^NuHV,OH
0x1193e	N^NuHV,OA
0x11aca	N^NuHV,OH
0x11b90	N^NuHV,OH
0x11c76	"%dPO""D,)"
0x11e69	2 @&PXOJ
0x125a3	"8POXO""B&i"
0x12944	N^NuHV,OA
0x12958	N^NuHV,OH
0x129d4	N^NuHV,OH
0x12b8c	N^NuHV,OH
0x12eb8	N^NuHV,OA
0x130de	"ep""FRI&E S"
0x1317a	" FRH&E""S"
0x135e2	gN(E T..
0x1404e	"POPO``""n"
0x142c4	"et""GRI&n"
0x15057	"vPOPO``""n"
0x15110	"&G S""H(n"
0x1683a	"POPO`""&G/"
0x1685b	"rPOPO`b""n"
0x16ae4	"ep""GRI&n"
0x178fc	"POPO``""n"
0x17978	N^NuHV,OH
0x17c78	N^NuHV,O/
0x17e1e	N^NuHV,OH
0x1820a	N^NuHV,O/
0x18230	N^NuHV,OH
0x182a6	N^NuHV,OH
0x1830a	N^NuHV,OA
0x1841e	N^NuHV,OH
0x184d8	N^NuHV,O/
0x1854a	N^NuHV,OH
0x18652	N^NuHV,O/
0x1878c	N^NuHV,O/
0x187fe	N^NuHV,O/
0x189b0	N^NuHV,OH
0x18b58	N^NuHV,O/
0x18c6a	N^NuHV,O/
0x18fac	N^NuHV,O/
0x1906e	N^NuHV,O/
0x19158	N^NuHV,O/
0x1926a	N^NuHV,O/
0x19354	N^NuHV,O/
0x193ee	N^NuHV,O/
0x194b0	N^NuHV,O/
0x19522	N^NuHV,O/
0x19604	N^NuHV,OH
0x19756	N^NuHV,O/
0x1a12c	N^NuHV,O/
0x1bc08	N^NuHV,O/
0x1c0c0	N^NuHV,OH
0x1c406	N^NuHV,O/
0x1ceac	N^NuHV,O/
0x1cef6	N^NuHV,O/
0x1d4b8	N^NuHV,O/
0x1d642	N^NuHV,O/
0x1dfc8	N^NuHV,O/
0x1e03a	N^NuHV,OH
0x1e0dc	N^NuHV,OH
0x1e360	N^NuHV,OH
0x1e486	N^NuHV,OH
0x1e684	N^NuHV,OH
0x1f6c8	N^NuHV,OA
0x1f6e0	N^NuHV,O/
0x1f762	N^NuHV,O/
0x1f85e	N^NuHV,O/
0x1f914	N^NuHV,O/
0x1f966	N^NuHV,OH
0x1f9bc	N^NuHV,O/
0x1fa1a	N^NuHV,O/
0x1fa5e	N^NuHV,O/
0x1fa8c	N^NuHV,O/
0x1fada	N^NuHV,O/
0x1fb0c	N^NuHV,OH
0x1fb54	N^NuHV,O/
0x1fba8	N^NuHV,OH
0x1fbf8	N^NuHV,O/
0x1fc44	N^NuHV,O/
0x1fc6e	N^NuHV,OA
0x1fc92	N^NuHV,O/
0x1fcd0	N^NuHV,OA
0x1fd10	N^NuHV,OA
0x1fd3c	N^NuHV,O/
0x1fdd0	N^NuHV,OH
0x1ff00	N^NuHV,OA
0x202b8	0 XO`* .
0x20305	HN^NuHV,O/
0x2039a	N^NuHV,O/
0x20402	N^NuHV,O/
0x20444	N^NuHV,OA
0x20458	N^NuHV,OA
0x2046c	N^NuHV,OA
0x2049e	N^NuHV,OH
0x20560	N^NuHV,O/
0x206c6	N^NuHV,O/
0x20724	N^NuHV,OA
0x2073a	N^NuHV,O/
0x2078c	N^NuHV,O/
0x20826	N^NuHV,OH
0x208d2	N^NuHV,OH
0x20abc	N^NuHV,O/
0x20b20	N^NuHV,O/
0x20bb8	N^NuHV,O/
0x20c32	N^NuHV,OH
0x20ce6	N^NuHV,OH
0x20efa	N^NuHV,OH
0x20fd0	N^NuHV,OH
0x21527	B$@POPOJ
0x21668	N^NuHV,O/
0x216a6	N^NuHV,O/
0x216e4	N^NuHV,O/
0x21732	N^NuHV,O/
0x217ac	N^NuHV,OH
0x2187e	N^NuHV,O/
0x218f2	N^NuHV,OH
0x2196a	N^NuHV,OH
0x221b9	$N^NuHV,OH
0x224ae	N^NuHV,OA
0x22b12	N^NuHV,OH
0x22c44	N^NuHV,OH
0x22d2c	N^NuHV,O/
0x22d7a	N^NuHV,O/
0x22dda	N^NuHV,OH
0x22fc6	N^NuHV,OH
0x23072	N^NuHV,O/
0x230ac	N^NuHV,OH
0x23158	N^NuHV,O/
0x231b2	N^NuHV,OA
0x23c6a	N^NuHV,OA
0x25036	N^NuHV,O/
0x25cbc	N^NuHV,OA
0x26402	N^NuHV,OA
0x26460	N^NuHV,OA
0x26540	N^NuHV,O/
0x26568	N^NuHV,OH
0x26760	N^NuHV,O n
0x26786	N^NuHV,O n
0x267ac	N^NuHV,OH
0x2681c	N^NuHV,OH
0x268ac	N^NuHV,OH
0x269fa	N^NuHV,OH
0x26b64	N^NuHV,OH
0x26bee	N^NuHV,OH
0x26c9a	N^NuHV,OH
0x26d24	N^NuHV,OH
0x26db2	N^NuHV,OH
0x26fe0	N^NuHV,OH
0x27054	N^NuHV,OH
0x271da	"N^NuHV,O""n"
0x2722e	N^NuHV,OH
0x27356	N^NuHV,OH
0x27728	N^NuHV,OH
0x27890	N^NuHV,OH
0x27928	N^NuHV,O/
0x2799e	N^NuHV,O/
0x279da	N^NuHV,OH
0x27a78	N^NuHV,OHx
0x27a91	PN^NuHV,OHx
0x27aab	6N^NuHV,OH
0x27b20	N^NuHV,OH
0x27c24	N^NuHV,OH
0x280c5	"""&@POXOJ"
0x28454	N^NuHV,OH
0x284f2	N^NuHV,OH
0x28618	POPO`DHx
0x286a6	N^NuHV,OH
0x28850	N^NuHV,O/
0x288b8	N^NuHV,OH
0x28d2e	N^NuHV,OH
0x28de8	N^NuHV,OH
0x29348	N^NuHV,OH
0x293a0	N^NuHV,O n
0x293c2	N^NuHV,O n
0x293de	N^NuHV,OH
0x2951a	N^NuHV,OH
0x295f4	N^NuHV,OH
0x2978a	N^NuHV,O/
0x2988e	N^NuHV,OH
0x29a91	nPOPOPKJ
0x29ab0	N^NuHV,OHx
0x29aca	N^NuHV,OB
0x29ae2	N^NuHV,OH
0x29bd4	N^NuHV,OH
0x29c36	N^NuHV,OH
0x29cd8	N^NuHV,OH
0x29dc2	N^NuHV,OH
0x29e6c	N^NuHV,OH
0x29ed0	N^NuHV,OH
0x2a034	N^NuHV,OH
0x2a466	N^NuHV,O/
0x2a4f8	N^NuHV,O/
0x2a57e	N^NuHV,O/
0x2a5cc	N^NuHV,OH
0x2a72e	N^NuHV,OH
0x2a7d8	N^NuHV,O/
0x2a800	N^NuHV,O/
0x2a820	N^NuHV,OH
0x2a88a	N^NuHV,O n
0x2a8a1	`N^NuHV,O .
0x2a8d2	N^NuHV,O/
0x2a912	N^NuHV,OH
0x2a998	N^NuHV,O/
0x2a9f0	N^NuHV,OH
0x2aa42	N^NuHV,O/
0x2aa6e	N^NuHV,OH
0x2aba0	N^NuHV,OH
0x2aeb4	N^NuHV,OH
0x2af2e	"v ""F`$ E"
0x2b2de	 @POPO`.
0x2b371	0N^NuHV,O/
0x2b3a6	N^NuHV,O/
0x2b3e6	N^NuHV,O/
0x2b422	N^NuHV,O/
0x2b45e	N^NuHV,OH
0x2b5a8	N^NuHV,OH
0x2b5f8	N^NuHV,OH
0x2b6ea	N^NuHV,OA
0x2b706	N^NuHV,OA
0x2b734	N^NuHV,OA
0x2b750	N^NuHV,OA
0x2b782	N^NuHV,OA
0x2b7a8	N^NuHV,OA
0x2b7c2	N^NuHV,O/
0x2b7fc	N^NuHV,OA
0x2b902	N^NuHV,OH
0x2b9ae	N^NuHV,OH
0x2ba5c	N^NuHV,O/
0x2bc2c	N^NuHV,OH
0x2bd08	N^NuHV,O/
0x2bd90	N^NuHV,OH
0x2c9b0	N^NuHV,OH
0x2ca42	N^NuHV,OH
0x2caba	N^NuHV,O/
0x2cb18	N^NuHV,OH
0x2cb6c	N^NuHV,O/
0x2cbfc	N^NuHV,O/
0x2cc9c	N^NuHV,OH
0x2cf26	N^NuHV,OH
0x2d034	N^NuHV,OA
0x2d4da	^v$@POXOB
0x2d692	N^NuHV,O/
0x2d6c4	N^NuHV,OH
0x2d869	:POPJXJ k
0x2d91e	N^NuHV,OH
0x2d9ba	bNPOXO/5
0x2db06	N^NuHV,OH
0x2db62	a6XOPJXJ/,
0x2dd9d	@N^NuHV,OH
0x2df2a	\fPOPORJ
0x2df8e	N^NuHV,OH
0x2dfe4	N^NuHV,O/
0x2e014	N^NuHV,OA
0x2e036	N^NuHV,OA
0x2e178	N^NuHV,OH
0x2e1c6	ZBPOXOHu
0x2e228	"ZpPOXO""E i"
0x2e34e	"Y2POPORK""E"
0x2e588	"POXORL""F"
0x2e5a2	N^NuHV,OH
0x2e80a	TvPOPO(D/
0x2e81a	Tf$@(E/4(
0x2e852	TFPORK(G
0x2e8bc	N^NuHV,OA
0x2e8d8	N^NuHV,OA
0x2ed26	N^NuHV,O/
0x2ed7e	N^NuHV,OA
0x2eda0	N^NuHV,OA
0x2edd4	N^NuHV,O/
0x2ee04	N^NuHV,OH
0x2ef10	N^NuHV,O/
0x2efc0	Np(@POPOJ
0x2f23e	JB&@POPOJ
0x2f3de	N^NuHV,OH
0x2f442	N^NuHV,O/
0x2f480	N^NuHV,O/
0x2f4e4	N^NuHV,O/
0x2f51e	N^NuHV,O/
0x2f57e	N^NuHV,O/
0x2f5be	N^NuHV,OH
0x2f632	N^NuHV,O/
0x2f66e	N^NuHV,OH
0x2f704	N^NuHV,O/
0x2f744	N^NuHV,OH
0x2f7fc	N^NuHV,O/
0x2f838	N^NuHV,OH
0x2fa42	N^NuHV,OH
0x2faba	N^NuHV,O/
0x2fae0	N^NuHV,O/
0x2fb0c	N^NuHV,O/
0x2fb42	N^NuHV,O/
0x2fb68	N^NuHV,O/
0x2fb94	N^NuHV,O/
0x2fbba	N^NuHV,O/
0x2fbe6	N^NuHV,O/
0x2fc0c	N^NuHV,O/
0x2fc38	N^NuHV,O/
0x2fc5e	N^NuHV,OH
0x2fd74	N^NuHV,OA
0x2fd94	N^NuHV,OA
0x2fdb0	N^NuHV,O/
0x2fdfe	N^NuHV,O/
0x2fe4c	N^NuHV,OA
0x2fe68	N^NuHV,OA
0x2fe84	N^NuHV,OA
0x2fea0	N^NuHV,OA
0x2febb	BN^NuHV,OA
0x2fedc	N^NuHV,OA
0x2fefc	N^NuHV,OA
0x2ff17	6N^NuHV,OA
0x2ff33	:N^NuHV,OA
0x2ff4f	&N^NuHV,OH
0x2ffb4	<TPOXO%B
0x2ffd8	N^NuHV,OH
0x30050	<HPOXO/5
0x30108	N^NuHV,OH
0x301d4	N^NuHV,OH
0x302a4	N^NuHV,OH
0x30314	N^NuHV,OH
0x30440	8@$@POXOJ
0x30466	$@POXO/5
0x3075e	N^NuHV,OH
0x30806	N^NuHV,OH
0x308b6	N^NuHV,OH
0x30c5f	"hPOXOf""B"
0x30c81	hPOPOg,/.
0x310ac	+\POPO n
0x312c2	N^NuHV,O/
0x31402	(~POXO/5
0x31477	@N^NuHV,O/
0x314ba	N^NuHV,O/
0x314fc	N^NuHV,OA
0x31524	N^NuHV,OA
0x3154a	'~N^NuHV,OA
0x3164e	"""D Q""@!Q"
0x31660	N^NuHV,O/
0x31686	N^NuHV,OA
0x3169e	N^NuHV,OA
0x316c0	N^NuHV,OA
0x317de	N^NuHV,OA
0x317fa	N^NuHV,OA
0x31816	N^NuHV,OA
0x31832	N^NuHV,OH
0x318c0	N^NuHV,OA
0x318e0	N^NuHV,OH
0x31a6e	"POPO""E )"
0x31d28	N^NuHV,O/
0x31d92	N^NuHV,O/
0x31e28	N^NuHV,OH
0x31f38	N^NuHV,OA
0x32335	L$@POPOJ
0x32404	N^NuHV,OA
0x3241c	N^NuHV,OA
0x3243e	N^NuHV,O/
0x3246e	N^NuHV,OA
0x32484	N^NuHV,OH
0x324ec	N^NuHV,OA
0x32504	N^NuHV,OA
0x3251c	N^NuHV,OA
0x32532	N^NuHV,OH
0x32744	N^NuHV,OA
0x32c58	N^NuHV,O/
0x32c9e	N^NuHV,O/
0x32cee	N^NuHV,O/
0x32d43	6NqHV,OH
0x32fb2	N^NuHV,O/
0x330ae	N^NuHV,OA
0x33168	N^NuHV,OA
0x33184	N^NuHV,OA
0x331a0	N^NuHV,OH
0x3328a	N^NuHV,OA
0x333ea	N^NuHV,O/
0x33436	N^NuHV,OA
0x334b4	N^NuHV,OA
0x334d0	N^NuHV,OH
0x33524	N^NuHV,O/
0x335ca	N^NuHV,OA
0x335e8	N^NuHV,OH
0x33712	N^NuHV,O/
0x33784	N^NuHV,OH
0x33930	N^NuHV,O/
0x33970	N^NuHV,OA
0x33a00	N^NuHV,OH
0x33a44	N^NuHV,OA
0x33ad2	N^NuHV,O/
0x33b32	N^NuHV,O/
0x33b8a	N^NuHV,OH
0x33bf2	N^NuHV,O/
0x33d2a	N^NuHV,O/
0x33d8a	N^NuHV,O/
0x33ec0	N^NuHV,OH
0x33f32	N^NuHV,O/
0x33f90	N^NuHV,O/
0x33fd8	N^NuHV,OH
0x34046	N^NuHV,O/
0x340a4	N^NuHV,O/
0x3414e	N^NuHV,OA
0x3416a	N^NuHV,OA
0x34194	N^NuHV,O/
0x342c6	N^NuHV,O/
0x343dc	N^NuHV,O/
0x3450e	N^NuHV,OA
0x34652	N^NuHV,OA
0x3466a	N^NuHV,O/
0x3470e	N^NuHV,OH
0x34760	N^NuHV,OH
0x347b4	N^NuHV,OA
0x347d0	N^NuHV,O/
0x34814	N^NuHV,O/
0x34850	N^NuHV,O/
0x349b2	N^NuHV,O/
0x34a84	N^NuHV,O/
0x34ac8	N^NuHV,O/
0x34b04	N^NuHV,OH
0x34b76	N^NuHV,OH
0x34c34	N^NuHV,OA
0x34c5c	N^NuHV,O/
0x34c86	N^NuHV,OA
0x34ca4	N^NuHV,OA
0x34cc2	N^NuHV,O/
0x34cf4	N^NuHV,OA
0x34d1a	N^NuHV,OA
0x34d4c	N^NuHV,O/
0x34d7e	N^NuHV,O/
0x34db0	N^NuHV,O/
0x34de2	N^NuHV,O/
0x34e14	N^NuHV,O/
0x34e46	N^NuHV,O/
0x34e78	N^NuHV,O/
0x34eac	N^NuHV,O/
0x34ede	N^NuHV,O/
0x34f10	N^NuHV,O/
0x34f44	N^NuHV,O/
0x34f76	N^NuHV,O/
0x34fa0	N^NuHV,OH
0x34fe4	N^NuHV,O/
0x3505a	N^NuHV,O/
0x35080	N^NuHV,OH
0x350ee	N^NuHV,O/
0x35134	N^NuHV,OH
0x3537c	N^NuHV,OA
0x353ae	N^NuHV,O/
0x353ea	N^NuHV,OA
0x3542a	N^NuHV,OA
0x354a5	LN^NuHV,OA
0x354cc	N^NuHV,OH
0x35562	N^NuHV,OH
0x355f2	N^NuHV,OH
0x3563e	N^NuHV,O/
0x35684	N^NuHV,O/
0x356da	N^NuHV,OH
0x3582e	N^NuHV,OH
0x35a6c	N^NuHV,OH
0x35b52	N^NuHV,O/
0x35b8c	N^NuHV,O/
0x35bc6	N^NuHV,OA
0x35bda	N^NuHV,O/
0x35c18	N^NuHV,OA
0x35c40	N^NuHV,O/
0x35ce0	N^NuHV,OH
0x361fc	$@POPO`RHx
0x366ba	N^NuHV,O/
0x368de	# # # # # # # # 
0x369a0	NuNuHV,OH
0x36ba4	N^NuHV,O/
0x36be4	N^NuHV,O/
0x36c26	N^NuHV,OA
0x36c50	N^NuHV,OA
0x36c9e	N^NuHV,O/
0x36cec	N^NuHV,O/
0x36d3a	N^NuHV,O/
0x36d80	N^NuHV,OA
0x36da8	N^NuHV,O/
0x36df6	N^NuHV,OH
0x36ea8	N^NuHV,OH
0x370c0	N^NuHV,OH
0x371ae	N^NuHV,OA
0x371d5	dN^NuHV,O/
0x37232	N^NuHV,OA
0x37255	,N^NuHV,O/
0x3727e	N^NuHV,O/
0x372ba	N^NuHV,OA
0x372e1	XN^NuHV,OA
0x3738a	N^NuHV,OH
0x374e8	N^NuHV,OH
0x37590	N^NuHV,OH
0x376b2	N^NuHV,OH
0x37730	N^NuHV,O/
0x37d74	N^NuHV,O/
0x37d92	N^NuHV,OA
0x37dbc	N^NuHV,O/
0x37e20	N^NuHV,O/
0x37e58	N^NuHV,OA
0x37f10	N^NuHV,OA
0x380c6	N^NuHV,O/
0x38150	N^NuHV,O/
0x381a0	N^NuHV,OA
0x38358	N^NuHV,OA
0x3838a	N^NuHV,OA
0x38a68	N^NuHV,OA
0x38a81	9N^NuHV,OA
0x38a9b	9N^NuHV,OA
0x38ab5	9N^NuHV,OA
0x39577	|N^NuHV,OA
0x39602	N^NuHV,OA
0x39616	N^NuHV,OA
0x3962c	N^NuHV,OA
0x39640	N^NuHV,OA
0x39656	N^NuHV,O/
0x396ca	N^NuHV,O/
0x3973e	N^NuHV,OA
0x3975c	N^NuHV,O/
0x397a4	N^NuHV,O/
0x39e00	N^NuHV,OA
0x39e26	N^NuHV,O/
0x39eae	N^NuHV,O/
0x39ef6	N^NuHV,O/
0x3a356	N^NuHV,O/
0x3a3cc	N^NuHV,O/
0x3a560	N^NuHV,O/
0x3a80e	N^NuHV,OH
0x3afe8	N^NuHV,O/
0x3b0a4	N^NuHV,OA
0x3b0d6	N^NuHV,OH
0x3b182	N^NuHV,O/
0x3b1ea	N^NuHV,OH
0x3b25a	N^NuHV,OH
0x3b31a	N^NuHV,OH
0x3b3a4	N^NuHV,OA
0x3b577	dN^NuHV,O/
0x3b5ce	N^NuHV,O/
0x3b690	N^NuHV,OA
0x3b6ae	N^NuHV,O/
0x3b714	vT @$RXO
0x3b94e	N^NuHV,OH
0x3b9f0	N^NuHV,OH
0x3bab0	N^NuHV,OA
0x3bae0	N^NuHV,OA
0x3bb0e	N^NuHV,OH
0x3bba4	N^NuHV,OA
0x3bd6c	N^NuHV,O
0x3be38	N^NuHV,OH
0x3bf56	N^NuHV,O/
0x3bfb2	N^NuHV,O/
0x3bfee	N^NuHV,O/
0x3c068	N^NuHV,O/
0x3c0b8	N^NuHV,O/
0x3c10a	N^NuHV,O/
0x3c15c	N^NuHV,OH
0x3c198	kpPOXO u
0x3c1c8	N^NuHV,OA
0x3c202	N^NuHV,OH
0x3c24c	N^NuHV,O/
0x3c422	N^NuHV,O/
0x3c4e2	N^NuHV,O/
0x3c586	N^NuHV,OA
0x3c784	N^NuHV,O/
0x3c8b4	N^NuHV,OH
0x3c908	N^NuHV,O/
0x3c978	N^NuHV,OH
0x3cb7a	N^NuHV,OH
0x3cd28	N^NuHV,OH
0x3ce06	N^NuHV,OH
0x3cecc	N^NuHV,O/
0x3cfd8	N^NuHV,OH
0x3d22c	N^NuHV,OH
0x3d276	N^NuHV,O/
0x3d2d2	N^NuHV,OH
0x3d314	$@&APOXOJ
0x3d6c8	N^NuHV,OH
0x3d77e	N^NuHV,OH
0x3d804	N^NuHV,OA
0x3d830	N^NuHV,OA
0x3db32	N^NuHV,OH
0x3dd85	b$@POPOJ
0x3ddd0	N^NuHV,OA
0x3e0c4	N^NuHV,O/
0x3e188	(`B3(aPOXO
0x3e26c	N^NuHV,O/
0x3e2be	N^NuHV,OH
0x3e322	N^NuHV,OH
0x3e442	N^NuHV,O/
0x3e49c	N^NuHV,O/
0x3e4f6	N^NuHV,O/
0x3e548	N^NuHV,O/
0x3e57e	N^NuHV,O/
0x3e644	N^NuHV,OA
0x3e670	N^NuHV,OH
0x3e6c8	]h$@POXOJ
0x3e878	N^NuHV,O/
0x3e8c6	N^NuHV,O/
0x3e90e	N^NuHV,O/
0x3e96e	N^NuHV,O/
0x3edd9	\N^NuHV,O/
0x3ee38	N^NuHV,OH
0x3efaa	N^NuHV,O/
0x3f034	N^NuHV,OH
0x3f198	(@PLXLHx
0x3f204	>|POXO *
0x3f376	N^NuHV,OH
0x3f420	;pPOXORK
0x3f872	6vPOXO k
0x3f8a6	N^NuHV,OH
0x3f97c	N^NuHV,OH
0x3f9fe	NRPOPORJ
0x3fa36	N^NuHV,OH
0x4128c	N^NuHV,OA
0x412b9	@N^NuHV,O/
0x412ee	N^NuHV,O/
0x41322	N^NuHV,O/
0x41358	N^NuHV,O/
0x413a4	N^NuHV,OH
0x41444	N^NuHV,OH
0x414c2	N^NuHV,OH
0x4169a	N^NuHV,OH
0x41854	N^NuHV,OH
0x41a2e	N^NuHV,O/
0x41a8a	SJXORJ 5
0x41e6c	N^NuHV,OH
0x4208e	N^NuHV,O/
0x421dc	N^NuHV,OH
0x4226e	N^NuHV,O/
0x42338	N^NuHV,OH
0x423ac	N^NuHV,OH
0x42456	N^NuHV,OH
0x42578	N^NuHV,OH
0x4269a	N^NuHV,OH
0x4272a	N^NuHV,O/
0x42786	N^NuHV,OH
0x428f0	N^NuHV,O/
0x42afc	N^NuHV,OH
0x42bd6	N^NuHV,O/
0x42c3a	N^NuHV,OH
0x42d30	N^NuHV,O/
0x42d7c	N^NuHV,OH
0x42e12	N^NuHV,OH
0x42f94	N^NuHV,OH
0x430bc	N^NuHV,OH
0x4363e	N^NuHV,OH
0x436c4	N^NuHV,OH
0x437be	N^NuHV,O/
0x4383c	N^NuHV,OA
0x4386e	N^NuHV,O/
0x438da	N^NuHV,OH
0x43a48	N^NuHV,OH
0x43c64	N^NuHV,OH
0x43eca	N^NuHV,OH
0x43f4a	N^NuHV,O/
0x43f76	N^NuHV,OH
0x43fce	N^NuHV,OA
0x43fe6	N^NuHV,OA
0x43ffc	N^NuHV,O/
0x44030	N^NuHV,O/
0x44088	N^NuHV,O/
0x440cc	N^NuHV,OH
0x44124	N^NuHV,OH
0x44198	N^NuHV,OH
0x44356	N^NuHV,O/
0x443ba	N^NuHV,O/
0x44412	N^NuHV,OH
0x44498	N^NuHV,OH
0x4452c	N^NuHV,O/
0x44594	N^NuHV,O/
0x445cc	N^NuHV,OA
0x445ea	N^NuHV,O/
0x4462c	N^NuHV,O/
0x44654	N^NuHV,O/
0x4467c	N^NuHV,O/
0x446e2	N^NuHV,O/
0x4485c	N^NuHV,OH
0x448f0	N^NuHV,OH
0x44984	N^NuHV,O/
0x449cc	N^NuHV,OH
0x44a70	N^NuHV,OH
0x44c1a	N^NuHV,O/
0x44c98	N^NuHV,OA
0x44cbc	N^NuHV,O/
0x44d18	N^NuHV,O/
0x44d80	N^NuHV,O/
0x44e23	d$@POXOJ
0x44e6e	N^NuHV,O/
0x44fc4	N^NuHV,O/
0x44ffc	N^NuHV,O/
0x4506c	N^NuHV,OH
0x450e8	N^NuHV,OH
0x45414	N^NuHV,OA
0x45528	N^NuHV,OH
0x455d6	N^NuHV,OH
0x4569a	N^NuHV,OH
0x45790	N^NuHV,OH
0x457dc	N^NuHV,OH
0x45848	N^NuHV,O/
0x4588e	N^NuHV,OH
0x458fe	N^NuHV,OH
0x45992	N^NuHV,OH
0x46230	N^NuHV,OH
0x463dc	N^NuHV,OH
0x46538	N^NuHV,OH
0x465fa	N^NuHV,OH
0x46788	N^NuHV,OH
0x468ce	N^NuHV,OH
0x46970	N^NuHV,O/
0x46e76	N^NuHV,OA
0x46e98	N^NuHV,O/
0x4720c	N^NuHV,OH
0x472b2	N^NuHV,O/
0x472e2	N^NuHV,OH
0x474f8	N^NuHV,O/
0x4753e	N^NuHV,OA
0x4757e	N^NuHV,O/
0x4773c	N^NuHV,OA
0x4776a	N^NuHV,O/
0x477da	N^NuHV,OA
0x477fb	.N^NuHV,OA
0x4781d	$N^NuHV,OA
0x47840	N^NuHV,OA
0x47862	N^NuHV,OA
0x47884	N^NuHV,OA
0x479ca	N^NuHV,OA
0x479f0	N^NuHV,OA
0x47a14	N^NuHV,O/
0x47bb2	N^NuHV,O/
0x47c1a	N^NuHV,OH
0x47c98	N^NuHV,OA
0x47d18	N^NuHV,OA
0x47d3d	.N^NuHV,OA
0x4811a	N^NuHV,O/
0x481d0	N^NuHV,O/
0x48208	N^NuHV,O/
0x4831c	N^NuHV,OA
0x48380	N^NuHV,OH
0x48410	N^NuHV,OH
0x485b9	|N^NuHV,O/
0x48862	N^NuHV,O/
0x4888a	N^NuHV,OA
0x488aa	N^NuHV,OA
0x488db	8N^NuHV,OA
0x48a9e	N^NuHV,OA
0x48ac8	N^NuHV,OA
0x48af8	N^NuHV,OA
0x48b34	N^NuHV,O/
0x48f88	N^NuHV,O/
0x490cc	# # # # # # # # 
0x49700	N^NuHV,OA
0x497a0	N^NuHV,O/
0x498f6	N^NuHV,O/
0x499b2	N^NuHV,OH
0x499fe	BAHAUJUIUHQ
0x49a1a	N^NuHV,OH
0x49caa	BBHBUIUHQ
0x49d22	N^NuHV,OH
0x49d86	BAHAUIUHQ
0x49da0	N^NuHV,OH
0x49dda	N^NuHV,O/
0x49e30	N^NuHV,O/
0x49e86	N^NuHV,O/
0x49ebe	N^NuHV,O/
0x49f14	N^NuHV,O/
0x49f6a	N^NuHV,O/
0x49fc0	N^NuHV,O/
0x4a016	N^NuHV,O/
0x4a06e	N^NuHV,O/
0x4a0c4	N^NuHV,O/
0x4a11a	N^NuHV,O/
0x4a170	N^NuHV,O/
0x4a1c6	N^NuHV,O/
0x4a6e4	N^NuHV,O/
0x4a73a	N^NuHV,O/
0x4a790	N^NuHV,O/
0x4a824	N^NuHV,OH
0x4a88c	N^NuHV,OH
0x4a8c6	N^NuHV,O/
0x4a924	N^NuHV,O/
0x4a982	N^NuHV,O/
0x4a9b8	N^NuHV,O/
0x4aa4a	N^NuHV,OH
0x4ab52	N^NuHV,OH
0x4abb4	N^NuHV,OA
0x4abcd	,NqHV,O/
0x4b020	N^NuHV,OA
0x4b03e	N^NuHV,OH
0x4b090	N^NuHV,OA
0x4b0ad	$N^NuHV,OA
0x4b17a	N^NuHV,OH
0x4b242	N^NuHV,OA
0x4b274	N^NuHV,OA
0x4b2a3	vN^NuHV,O/
0x4b2e0	N^NuHV,OA
0x4b308	}xN^NuHV,O/
0x4b360	N^NuHV,O/
0x4b3a2	N^NuHV,OH
0x4b40e	N^NuHV,OH
0x4b486	N^NuHV,OH
0x4b52e	N^NuHV,O/
0x4b5b2	N^NuHV,OA
0x4b5c8	N^NuHV,OH
0x4b90a	"NCNu O""("
0x4b916	"NCNu O""("
0x4b920	p#NCNu Op)NCNu OH
0x4b978	"p3NCNu O""("
0x4b984	"p7NCNu O""("
0x4b990	"p8NCNu O""("
0x4b99c	p;NCNu Op<NCNu OH
0x4b9cc	"pDNCNu O""("
0x4b9d8	pENCNuNV
0x4c3ec	N^NuHV,O/
0x4c4ba	N^NuHV,O/
0x52243	pN^NuHV,O/
0x522ce	N^NuHV,OH
0x5231e	N^NuHV,O/
0x52376	N^NuHV,OH
0x52688	N^NuHV,O/
0x52830	N^NuHV,OH
0x528f0	N^NuHV,OH
0x52aea	N^NuHV,O/
0x52b40	N^NuHV,O/
0x52b80	N^NuHV,O/
0x52bc4	N^NuHV,OH
0x52cde	N^NuHV,OH
0x52d6a	N^NuHV,OH
0x52de0	N^NuHV,O/
0x52e26	N^NuHV,O/
0x53ca6	N^NuHV,OH
0x53ff6	N^NuHV,O/
0x5403c	N^NuHV,O/
0x54238	N^NuHV,O/
0x542bc	N^NuHV,O/
0x54472	N^NuHV,OH
0x545b2	N^NuHV,OA
0x545ec	N^NuHV,O/
0x5462a	N^NuHV,OH
0x546f8	N^NuHV,OH
0x5479a	N^NuHV,O/
0x54834	N^NuHV,OH
0x54a18	N^NuHV,OH
0x54b2a	N^NuHV,O/
0x54d28	N^NuHV,O/
0x54dac	N^NuHV,O/
0x54f40	N^NuHV,OH
0x55076	N^NuHV,O/
0x550b4	N^NuHV,OA
0x55154	N^NuHV,O/
0x552c8	N^NuHV,OH
0x55360	N^NuHV,O/
0x553de	N^NuHV,O/
0x5556e	N^NuHV,OH
0x556c2	N^NuHV,O/
0x5570a	N^NuHV,OA
0x55b7e	N^NuHV,OA
0x55bb8	N^NuHV,OH
0x55d10	N^NuHV,O/
0x56121	`POPO`LJ.
0x561dc	POXOmX=j
0x56646	N^NuHV,OH
0x568af	:BDPOXO`
0x568c9	(&@POXOJ
0x56a72	N^NuHV,OH
0x56b94	N^NuHV,OH
0x56c7c	N^NuHV,OH
0x56d2e	N^NuHV,O/
0x56fd0	N^NuHV,OH
0x5719a	N^NuHV,OH
0x572dc	N^NuHV,OH
0x57370	N^NuHV,OH
0x57406	N^NuHV,OH
0x57468	N^NuHV,OH
0x574cc	N^NuHV,OH
0x57540	N^NuHV,OH
0x575bc	N^NuHV,OH
0x57a12	N^NuHV,OH
0x57ab4	N^NuHV,O/
0x57bce	N^NuHV,OH
0x57c44	N^NuHV,OH
0x57eec	N^NuHV,O/
0x57f48	N^NuHV,O/
0x57f86	N^NuHV,OH
0x5804c	N^NuHV,OA
0x58076	N^NuHV,O/
0x580b4	N^NuHV,OA
0x580d8	N^NuHV,O/
0x58112	N^NuHV,O/
0x5860e	N^NuHV,O/
0x58728	N^NuHV,OH
0x58874	N^NuHV,O/
0x588a8	N^NuHV,OH
0x58960	N^NuHV,OH
0x58e6c	N^NuHV,OA
0x58f28	N^NuHV,OA
0x5911f	bPOPO CSHre
0x59435	$$@POXOJ
0x5983b	FXJPOPO`
0x599c2	N^NuHV,O/
0x59f9e	N^NuHV,O/
0x5a018	N^NuHV,O/
0x5a148	N^NuHV,OH
0x5a21d	TPOPORJJ
0x5a986	N^NuHV,OH
0x5aaf2	N^NuHV,OA
0x5ac37	:$@POPOJ
0x5aefe	N^NuHV,O/
0x5b264	POPOl0 u
0x5b61e	"POXO`&&J`""/"
0x5b782	N^NuHV,O/
0x5b802	N^NuHV,O/
0x5b86e	N^NuHV,O/
0x5b896	N^NuHV,O/
0x5c5ba	N^NuHV,O/
0x5c606	N^NuHV,OA
0x5c61e	N^NuHV,OA
0x5c638	N^NuHV,OA
0x5c650	N^NuHV,OA
0x5c66a	N^NuHV,O/
0x5d1b0	POXO`j/.
0x5d1d0	POPO`J/.
0x5d3d0	N^NuHV,O/
0x5d41e	N^NuHV,OA
0x5d44e	N^NuHV,OH
0x5d542	N^NuHV,OH
0x5d5ea	N^NuHV,O/
0x5d678	p@$@&APOXOJ
0x5d9fa	N^NuHV,O/
0x5da7e	N^NuHV,O/
0x5dc34	N^NuHV,OH
0x5dd8a	N^NuHV,O/
0x5ddb2	N^NuHV,OA
0x5ddec	N^NuHV,O/
0x5de26	N^NuHV,OH
0x5de9a	N^NuHV,O/
0x5e01a	N^NuHV,O/
0x5e06c	N^NuHV,O/
0x5e202	N^NuHV,O/
0x5e23c	N^NuHV,O/
0x5e27c	N^NuHV,O/
0x5e2c8	N^NuHV,O/
0x5e51c	N^NuHV,OA
0x5e554	N^NuHV,OA
0x5e6c8	N^NuHV,OA
0x5e6f8	N^NuHV,OH
0x5eae0	k POPOHn
0x5ebcb	xN^NuHV,O/
0x5ec18	N^NuHV,O/
0x5edae	N^NuHV,O/
0x5ede8	N^NuHV,O/
0x5ef4a	N^NuHV,O/
0x5ef8a	N^NuHV,O/
0x5efd6	N^NuHV,O/
0x5f014	N^NuHV,OA
0x5f030	f0N^NuHV,OH
0x5f426	N^NuHV,O/
0x5f472	N^NuHV,O/
0x5f608	N^NuHV,OH
0x5f656	N^NuHV,O/
0x5f690	N^NuHV,O/
0x5f6d0	N^NuHV,O/
0x5f726	N^NuHV,O/
0x5f764	N^NuHV,OA
0x5f780	_pN^NuHV,O/
0x5f836	N^NuHV,O/
0x5f884	N^NuHV,O/
0x5fa1c	N^NuHV,OA
0x5fa4a	N^NuHV,OA
0x5fa78	N^NuHV,O/
0x5face	N^NuHV,OA
0x5fafc	N^NuHV,OH
0x5fde4	N^NuHV,O/
0x5fe30	N^NuHV,O/
0x5ffc6	N^NuHV,O/
0x6000e	N^NuHV,O/
0x60048	N^NuHV,O/
0x60088	N^NuHV,O/
0x600de	N^NuHV,O/
0x6011c	N^NuHV,O/
0x60284	N^NuHV,O/
0x602d0	N^NuHV,O/
0x603d8	N^NuHV,OH
0x60472	N^NuHV,OH
0x604e6	N^NuHV,OH
0x60542	N^NuHV,O/
0x60598	N^NuHV,O/
0x605cc	N^NuHV,OH
0x608a4	N^NuHV,O/
0x608f0	N^NuHV,O/
0x60a86	N^NuHV,O/
0x60ac0	N^NuHV,O/
0x60afa	N^NuHV,O/
0x60b3a	N^NuHV,O/
0x60b90	N^NuHV,O/
0x60bce	N^NuHV,O/
0x60c10	N^NuHV,OH
0x60cb6	N^NuHV,O/
0x60d20	N^NuHV,O/
0x60d6c	N^NuHV,O/
0x61032	N^NuHV,O/
0x6106c	N^NuHV,O/
0x610ac	N^NuHV,O/
0x61102	N^NuHV,O/
0x61140	N^NuHV,O/
0x61426	N^NuHV,O/
0x61472	N^NuHV,O/
0x61608	N^NuHV,O/
0x61642	N^NuHV,O/
0x6167c	N^NuHV,O/
0x616bc	N^NuHV,O/
0x61708	N^NuHV,O/
0x61746	N^NuHV,OA
0x61762	B^N^NuHV,OH
0x61a3c	N^NuHV,O/
0x61a88	N^NuHV,O/
0x61c1e	N^NuHV,O/
0x61c58	N^NuHV,O/
0x61c92	N^NuHV,O/
0x61cd2	N^NuHV,O/
0x61d28	N^NuHV,O/
0x61d66	N^NuHV,OH
0x620ce	N^NuHV,O/
0x6211a	N^NuHV,O/
0x622b0	N^NuHV,O/
0x622f8	N^NuHV,O/
0x62340	N^NuHV,O/
0x62380	N^NuHV,O/
0x623d6	N^NuHV,O/
0x62414	N^NuHV,O/
0x6243a	N^NuHV,O/
0x624ce	N^NuHV,O/
0x62536	N^NuHV,O/
0x62694	POPOg>Hx
0x626ae	POXOm$Hx
0x626e2	N^NuHV,O/
0x62738	N^NuHV,O/
0x6299a	N^NuHV,OA
0x629b7	,N^NuHV,OA
0x629d5	(N^NuHV,OA
0x629f3	$N^NuHV,OA
0x62c04	N^NuHV,OH
0x62cd6	N^NuHV,OH
0x62d40	N^NuHV,O/
0x62d92	N^NuHV,O/
0x62e02	N^NuHV,OH
0x62e72	N^NuHV,OA
0x631de	N^NuHV,O/
0x636cc	N^NuHV,OA
0x63707	8N^NuHV,O/
0x63776	N^NuHV,OH
0x63836	N^NuHV,OH
0x63ac6	N^NuHV,OH
0x63aff	N&@POPOJ
0x63cf0	N^NuHV,OH
0x63d54	N^NuHV,OH
0x63ee6	N^NuHV,O/
0x63f7a	N^NuHV,OH
0x63fd2	N^NuHV,OH
0x64030	N^NuHV,OH
0x6408e	N^NuHV,OH
0x640f4	N^NuHV,OH
0x642f4	N^NuHV,OH
0x64502	N^NuHV,OH
0x6467a	N^NuHV,OH
0x64a66	N^NuHV,O/
0x64c02	N^NuHV,O/
0x64de6	N^NuHV,OH
0x64e90	N^NuHV,O/
0x6517c	N^NuHV,O/
0x651d6	N^NuHV,OA
0x651fe	N^NuHV,OH
0x6525e	N^NuHV,O/
0x652be	N^NuHV,O/
0x6542c	N^NuHV,OH
0x6549c	N^NuHV,OH
0x65535	0$@POPOJ
0x6563a	N^NuHV,OA
0x65662	N^NuHV,OH
0x65702	N^NuHV,OH
0x65764	N^NuHV,O/
0x657da	N^NuHV,O/
0x65844	N^NuHV,O/
0x65882	N^NuHV,OH
0x6598a	N^NuHV,OH
0x65a0e	N^NuHV,O/
0x65a72	N^NuHV,O/
0x65ad2	N^NuHV,OH
0x65b50	N^NuHV,OH
0x65c2e	N^NuHV,O/
0x65c5e	N^NuHV,OA
0x65c88	N^NuHV,OA
0x65cbe	N^NuHV,O/
0x65cea	N^NuHV,OH
0x65d42	N^NuHV,O/
0x65da2	N^NuHV,OH
0x65e22	N^NuHV,O/
0x65e8c	N^NuHV,OH
0x65eda	N^NuHV,OH
0x65f6e	N^NuHV,O/
0x65fe0	N^NuHV,O/
0x660ca	N^NuHV,O/
0x66156	N^NuHV,O/
0x66190	N^NuHV,O/
0x661d8	N^NuHV,OH
0x662b4	N^NuHV,OH
0x663b3	>$@POPOJ
0x664dc	N^NuHV,OH
0x6652e	N^NuHV,OH
0x66650	N^NuHV,OA
0x668c2	N^NuHV,OH
0x66944	N^NuHV,OH
0x669c8	N^NuHV,OH
0x66a4c	N^NuHV,OH
0x66ad0	N^NuHV,OH
0x66b54	N^NuHV,OH
0x66bd8	N^NuHV,OH
0x66c5c	N^NuHV,OH
0x66ce0	N^NuHV,OH
0x66d64	N^NuHV,OH
0x66de8	N^NuHV,OH
0x66e6c	N^NuHV,OH
0x66ef0	N^NuHV,OH
0x66f74	N^NuHV,OH
0x66ff8	N^NuHV,OH
0x6707c	N^NuHV,OH
0x67100	N^NuHV,OH
0x67184	N^NuHV,OH
0x67208	N^NuHV,OH
0x6728c	N^NuHV,OH
0x67310	N^NuHV,OH
0x67394	N^NuHV,OH
0x67418	N^NuHV,OH
0x6749c	N^NuHV,OH
0x67520	N^NuHV,OH
0x675a4	N^NuHV,OH
0x67628	N^NuHV,OH
0x676ac	N^NuHV,OH
0x67730	N^NuHV,OH
0x677b4	N^NuHV,O/
0x67806	N^NuHV,OA
0x67838	N^NuHV,O/
0x67886	N^NuHV,O/
0x678d8	N^NuHV,O/
0x67926	N^NuHV,O/
0x67974	N^NuHV,O/
0x679ea	N^NuHV,OA
0x67a16	N^NuHV,O/
0x67a68	N^NuHV,O/
0x67aba	N^NuHV,O/
0x67b0c	N^NuHV,O/
0x67b5e	N^NuHV,O/
0x67bb0	N^NuHV,OH
0x67c10	N^NuHV,O/
0x67c5e	N^NuHV,O/
0x67cb0	N^NuHV,O/
0x67d02	N^NuHV,O/
0x67d54	N^NuHV,OH
0x67dd8	N^NuHV,O/
0x67e2a	N^NuHV,O/
0x67e7c	N^NuHV,O/
0x67ece	N^NuHV,O/
0x67f20	N^NuHV,O/
0x67f84	N^NuHV,O/
0x67fd6	N^NuHV,O/
0x68028	N^NuHV,O/
0x6807a	N^NuHV,O/
0x680de	N^NuHV,O/
0x68142	N^NuHV,O/
0x68194	N^NuHV,O/
0x681e6	N^NuHV,O/
0x68238	N^NuHV,O/
0x6829c	N^NuHV,O/
0x68312	N^NuHV,O/
0x68376	N^NuHV,O/
0x683ec	N^NuHV,O/
0x6843e	N^NuHV,O/
0x68490	N^NuHV,O/
0x684e2	N^NuHV,O/
0x68534	N^NuHV,O/
0x68576	N^NuHV,O/
0x685c8	N^NuHV,O/
0x6862c	N^NuHV,O/
0x6867e	N^NuHV,O/
0x686cc	N^NuHV,O/
0x6871e	N^NuHV,O/
0x68770	N^NuHV,O/
0x687c2	N^NuHV,O/
0x68814	N^NuHV,O/
0x68866	N^NuHV,OH
0x688ce	N^NuHV,O/
0x68944	N^NuHV,O/
0x689a8	N^NuHV,OA
0x689d8	N^NuHV,O/
0x68a84	N^NuHV,O/
0x68ac6	N^NuHV,OH
0x68b52	N^NuHV,O/
0x68b94	N^NuHV,OH
0x68c12	N^NuHV,O/
0x68c54	N^NuHV,OH
0x68cbe	N^NuHV,O/
0x68d00	N^NuHV,OH
0x68d7c	N^NuHV,O/
0x68dbe	N^NuHV,OH
0x68e28	N^NuHV,O/
0x68e6a	N^NuHV,OH
0x68ed4	N^NuHV,O/
0x68f16	N^NuHV,O/
0x68fb0	N^NuHV,O/
0x68ff2	N^NuHV,O/
0x69044	N^NuHV,OH
0x690c2	N^NuHV,O/
0x69104	N^NuHV,O/
0x6917e	N^NuHV,O/
0x691c0	N^NuHV,O/
0x6920c	N^NuHV,O/
0x6924e	N^NuHV,OH
0x692ca	N^NuHV,O/
0x6930c	N^NuHV,OH
0x693ac	N^NuHV,O/
0x69a2c	N^NuHV,O/
0x69a78	N^NuHV,OA
0x69a8c	N^NuHV,OA
0x69aa2	N^NuHV,OA
0x69ab8	N^NuHV,OA
0x69d00	N^NuHV,OA
0x69d14	N^NuHV,O/
0x69ede	N^NuHV,O/
0x69fe2	N^NuHV,OH
0x6a2d8	N^NuHV,O/
0x6a4f6	N^NuHV,O/
0x6a53e	N^NuHV,O/
0x6a57e	N^NuHV,O/
0x6a5d0	N^NuHV,O/
0x6a614	N^NuHV,O/
0x6a762	N^NuHV,O/
0x6a7a6	N^NuHV,O/
0x6a966	"g((F T""h"
0x6aa26	"`N(F T""h"
0x6aa42	"f2(F T""h"
0x6aa7e	N^NuHV,OA
0x6aa92	N^NuHV,O/
0x6aada	N^NuHV,OA
0x6aaee	N^NuHV,OA
0x6ab04	N^NuHV,OA
0x6af56	"g0""G Q-h"
0x6b04a	"fb""G Q-h"
0x6b0de	N^NuHV,OA
0x6b109	,N^NuHV,OA
0x6b13a	N^NuHV,OA
0x6b14e	N^NuHV,O/
0x6b1e0	N^NuHV,O/
0x6b350	N^NuHV,OH
0x6b56e	"POXOl"" u"
0x6b5f8	N^NuHV,OA
0x6b60c	"Hx""`Hx""`/."
0x6b9a3	$N^NuHV,OA
0x6b9cf	4N^NuHV,OA
0x6ba00	N^NuHV,OA
0x6ba14	N^NuHV,OH
0x6bad0	N^NuHV,O/
0x6bb26	N^NuHV,O/
0x6bcae	N^NuHV,O/
0x6bdbc	N^NuHV,OH
0x6be30	N^NuHV,O/
0x6beae	N^NuHV,O/
0x6c03e	N^NuHV,OH
0x6c174	N^NuHV,O/
0x6c50e	N^NuHV,OA
0x6c53a	N^NuHV,OA
0x6c56a	N^NuHV,OA
0x6c59a	N^NuHV,O/
0x6c5ec	N^NuHV,O/
0x6c63e	N^NuHV,OH
0x6c6b8	N^NuHV,O/
0x6c70a	N^NuHV,O/
0x6cecc	N^NuHV,O/
0x6d026	N^NuHV,OH
0x6d24a	N^NuHV,O/
0x6d64e	N^NuHV,O/
0x6d83c	N^NuHV,OH
0x6ded0	N^NuHV,OA
0x6df12	N^NuHV,O/
0x6df62	N^NuHV,OA
0x6df88	N^NuHV,O/
0x6e014	N^NuHV,O/
0x6e088	N^NuHV,OH
0x6e0fa	N^NuHV,O/
0x6e186	N^NuHV,O/
0x6e204	N^NuHV,OA
0x6e244	N^NuHV,O/
0x6e2e6	N^NuHV,OH
0x6e5de	N^NuHV,OH
0x6e64e	N^NuHV,OH
0x6e779	"B""@POXOJ"
0x6e7b4	N^NuHV,O/
0x6e978	N^NuHV,OA
0x6ec00	N^NuHV,OH
0x6ec74	N^NuHV,OA
0x6edd8	N^NuHV,OA
0x6edee	N^NuHV,O/
0x6ee70	N^NuHV,OA
0x6ee86	N^NuHV,OH
0x6eee4	N^NuHV,OH
0x6ef4c	N^NuHV,O/
0x6ef88	N^NuHV,O/
0x6efca	N^NuHV,OA
0x6f478	N^NuHV,OA
0x6f49e	N^NuHV,OH
0x6f5fa	N^NuHV,OA
0x6f610	N^NuHV,O/
0x6f75a	N^NuHV,OH
0x6f7b0	N^NuHV,OA
0x6f7e8	N^NuHV,OH
0x6f83a	N^NuHV,OA
0x6f864	N^NuHV,OA
0x6f892	N^NuHV,O/
0x6fae0	N^NuHV,OA
0x6faf4	"Hx""`Hx""`/."
0x6fb06	N^NuHV,OA
0x6fbf4	N^NuHV,OH
0x6fc90	N^NuHV,OA
0x6fcba	N^NuHV,OA
0x6fce8	N^NuHV,O/
0x6fd48	N^NuHV,OH
0x6fe48	N^NuHV,OH
0x6ffac	N^NuHV,OH
0x7047a	N^NuHV,O/
0x704e0	N^NuHV,O/
0x7050c	N^NuHV,OH
0x7055e	N^NuHV,OH
0x70768	N^NuHV,OA
0x707b2	N^NuHV,OA
0x707c8	N^NuHV,OA
0x707ea	N^NuHV,OA
0x7080a	W&N^NuHV,OA
0x7085a	N^NuHV,OA
0x708d4	g0`24R-J
0x70a76	N^NuHV,OA
0x70a97	|N^NuHV,OH
0x70b54	N^NuHV,OH
0x70c04	N^NuHV,OA
0x70c2f	,N^NuHV,OH
0x70d7a	N^NuHV,OA
0x70daa	N^NuHV,OH
0x70e8c	N^NuHV,OH
0x70ee4	N^NuHV,O/
0x70f3c	N^NuHV,OH
0x70fd0	N^NuHV,O/
0x71014	N^NuHV,OA
0x71028	N^NuHV,O/
0x71066	N^NuHV,O/
0x710a4	N^NuHV,O/
0x710f2	N^NuHV,O/
0x71140	N^NuHV,OA
0x71160	N^NuHV,OA
0x7119c	N^NuHV,OA
0x711ce	N^NuHV,OH
0x71362	N^NuHV,O/
0x713c8	N^NuHV,OH
0x71442	N^NuHV,OH
0x714c6	N^NuHV,OH
0x7152a	N^NuHV,OH
0x715b2	N^NuHV,O/
0x71622	N^NuHV,O/
0x71656	N^NuHV,O/
0x716ba	N^NuHV,O/
0x71726	N^NuHV,OA
0x7178c	N^NuHV,O/
0x71802	N^NuHV,O/
0x7185a	N^NuHV,OH
0x7191e	N^NuHV,O/
0x7197a	N^NuHV,OA
0x719a4	N^NuHV,OH
0x71aaa	N^NuHV,O/
0x71aea	N^NuHV,OA
0x71b0b	FN^NuHV,O/
0x71b4c	N^NuHV,O/
0x71b8c	N^NuHV,OA
0x71bca	N^NuHV,OA
0x71c08	N^NuHV,OA
0x71c2a	N^NuHV,OA
0x71c5a	N^NuHV,OA
0x71d60	N^NuHV,OA
0x72526	N^NuHV,OH
0x72658	N^NuHV,OH
0x72762	N^NuHV,O/
0x7278f	BNqHV,OH
0x72842	N^NuHV,OA
0x72874	N^NuHV,OH
0x72a54	N^NuHV,O/
0x72b18	N^NuHV,O/
0x72b9c	N^NuHV,O/
0x72c08	N^NuHV,OH
0x72ca8	N^NuHV,O/
0x72e72	N^NuHV,O/
0x72eec	N^NuHV,O/
0x72f76	N^NuHV,OH
0x730f6	N^NuHV,OA
0x7324a	N^NuHV,OH
0x732e8	N^NuHV,OH
0x733de	N^NuHV,OH
0x73538	N^NuHV,O/
0x735b2	N^NuHV,OH
0x736a6	N^NuHV,O/
0x736f4	N^NuHV,OH
0x737cc	N^NuHV,O/
0x7381c	N^NuHV,OH
0x738f0	N^NuHV,OH
0x73a6c	N^NuHV,OH
0x73af0	N^NuHV,O/
0x73b44	N^NuHV,O/
0x73b78	N^NuHV,OA
0x73bee	N^NuHV,O/
0x73c56	N^NuHV,O/
0x73cbc	N^NuHV,O/
0x73d92	N^NuHV,OH
0x74086	N^NuHV,O/
0x74aed	$N^NuHV,OH
0x74f64	"SK""KRK u"
0x75084	N^NuHV,OH
0x750da	N^NuHV,O/
0x75132	N^NuHV,OH
0x752b6	N^NuHV,OA
0x752e0	N^NuHV,OA
0x754bc	"NuNu O""("
0x75727	jPO WXON
0x75753	>PO WXON
0x75771	 PO WXON
0x758aa	Nu OpYNDd
0x758be	NuNu Op/NDd
0x75918	Nu Op/NDd
0x759b4	Nu Op@NDd
0x75d5a	Nu Op*NDd
0x7634c	"NuNu O""("
0x76366	"NuNu O""("
0x76380	"NuNu O""("
0x764fe	Nu Op$NDd
0x765c4	"NuNu O""("
0x765de	"NuNu O""("
0x76666	NuNu OpTNDd
0x76842	N^NuHV,O/
0x76892	N^NuHV,O/
0x76ade	N^NuHV,O/
0x76b9a	N^NuHV,OA
0x76bb5	LN^NuHV,OH
0x76cc0	N^NuHV,OA
0x76ce5	(N^NuHV,O/
0x76d20	N^NuHV,OH
0x76da4	N^NuHV,O/
0x76dcc	N^NuHV,O/
0x76e26	N^NuHV,OH
0x77122	N^NuHV,O/
0x77182	N^NuHV,OH
0x771ec	N^NuHV,O/
0x772a8	N^NuHV,O/
0x772ea	N^NuHV,O/
0x77310	N^NuHV,O/
0x77338	N^NuHV,O/
0x7735e	N^NuHV,O/
0x773c2	N^NuHV,O/
0x773f6	N^NuHV,OH
0x77510	N^NuHV,OH
0x77574	N^NuHV,O/
0x7759a	N^NuHV,OA
0x77668	N^NuHV,OH
0x77704	N^NuHV,OA
0x7772e	N^NuHV,OA
0x77758	N^NuHV,OA
0x7777a	N^NuHV,O/
0x77a7e	N^NuHV,O/
0x77afe	N^NuHV,O/
0x77bcc	N^NuHV,OA
0x77be6	NFN^NuHV,OA
0x77bfc	NEN^NuHV,OA
0x77d8e	N^NuHV,OH
0x77dda	N^NuHV,OH
0x77eec	N^NuHV,OH
0x77f38	N^NuHV,OH
0x77f84	N^NuHV,OH
0x780fe	N^NuHV,OA
0x78176	N^NuHV,O/
0x781b2	N^NuHV,O/
0x78240	N^NuHV,OA
0x7826c	N^NuHV,OA
0x78292	N^NuHV,OA
0x782b7	bN^NuHV,OH
0x78316	N^NuHV,OH
0x78362	N^NuHV,OH
0x783ae	N^NuHV,OH
0x7840c	N^NuHV,OA
0x78431	HN^NuHV,OH
0x78482	N^NuHV,O/
0x784be	N^NuHV,OA
0x784e3	6N^NuHV,OH
0x7895b	vN^NuHV,OH
0x78a8a	N^NuHV,O/
0x78aba	N^NuHV,O/
0x78bba	N^NuHV,OH
0x78c68	N^NuHV,OH
0x795d8	N^NuHV,OH
0x79a22	N^NuHV,OH
0x79c1c	N^NuHV,OH
0x79fae	N^NuHV,O/
0x79fe6	N^NuHV,O/
0x7a062	N^NuHV,OH
0x7a309	`$@POPOJ
0x7a81c	N^NuHV,OH
0x7a85c	N^NuHV,O
0x7a878	N^NuHV,O
0x7a890	N^NuHV,OH
0x7a8dc	N^NuHV,O .
0x7a8ee	N^NuHV,OH
0x7a93e	N^NuHV,O .
0x7a950	N^NuHV,O/
0x7ac5c	N^NuHV,OH
0x7ac9e	N^NuHV,ONBN^NuHV,O/
0x7ace0	N^NuHV,O
0x7ad96	N^NuHV,O
0x7adae	N^NuHV,O .
0x7adc0	N^NuHV,O/
0x7ae22	N^NuHV,O
0x7ae3e	N^NuHV,O
0x7ae54	N^NuHV,OH
0x7ae9a	N^NuHV,O/
0x7aee0	N^NuHV,O/
0x7af0c	N^NuHV,O/
0x7af4e	N^NuHV,O/
0x7af7a	N^NuHV,O
0x7b12e	N^NuHV,O/
0x7b1a0	N^NuHV,O
0x7b354	N^NuHV,O/
0x7b4e8	N^NuHV,O/
0x7b530	N^NuHV,O/
0x7b574	N^NuHV,OH
0x7b5f6	N^NuHV,OH
0x7b674	N^NuHV,OH
0x7b6f2	N^NuHV,O
0x7b708	N^NuHV,O
0x7b71a	N^NuHV,Op
0x7b736	N^NuHV,Op
0x7b752	N^NuHV,O
0x7b76e	N^NuHV,O
0x7b78a	N^NuHV,Op
0x7b7a6	N^NuHV,Op
0x7b7c2	N^NuHV,OH
0x7b80e	N^NuHV,O .
0x7b820	N^NuHV,OH
0x7b86c	N^NuHV,O .
0x7b87e	N^NuHV,OB
0x7b89a	N^NuHV,OB
0x7b950	"N^NuHV,O""."
0x7b962	N^NuHV,O
0x7b97e	N^NuHV,OH
0x7b9be	N^NuHV,O
0x7b9d6	N^NuHV,O .
0x7b9e8	N^NuHV,O
0x7ba04	N^NuHV,O
0x7ba1a	N^NuHV,O/
0x7ba44	N^NuHV,O
0x7ba56	N^NuHV,O
0x7ba72	N^NuHV,O/
0x7ba8c	N^NuHV,O/
0x7baba	N^NuHV,O/.
0x7bacc	N^NuHV,O/
0x7bafa	NqHV,O .
0x7bb0e	N^NuHV,O/
0x7bb3e	N^NuHV,O
0x7bb5a	N^NuHV,O
0x7bb72	N^NuHV,O.
0x7bb82	NuN^NuHV,ONBN^NuHV,O
0x7bba0	N^NuHV,O/
0x7bbd8	N^NuHV,OH
0x7bd0a	N^NuHV,OB
0x7be8a	N^NuHV,O .
0x7bec6	"N^NuHV,O""."
0x7bed8	N^NuHV,Oa
0x7bf12	N^NuHV,OA
0x7bf30	N^NuHV,OA
0x7bf74	N^NuHV,OH
0x7bfca	N^NuHV,OA
0x7bfde	N^NuHV,OH
0x7c084	N^NuHV,OA
0x7c0a6	N^NuHV,O/
0x7c0f0	N^NuHV,OH
0x7c22e	N^NuHV,OH
0x7c290	N^NuHV,OH
0x7c30a	N^NuHV,O/
0x7c346	N^NuHV,O/
0x7c372	N^NuHV,O/
0x7c546	N^NuHV,OA
0x7c562	N^NuHV,OH
0x7c60c	N^NuHV,OH
0x7c79c	N^NuHV,OH
0x7c8f6	N^NuHV,OH
0x7c9f4	u\$@POXOJ
0x7ca4a	N^NuHV,OH
0x7cbd4	hTPOXO/+
0x7cc08	N^NuHV,OA
0x7cc26	N^NuHV,O/
0x7cc90	N^NuHV,OA
0x7ccb0	N^NuHV,O/
0x7cd12	N^NuHV,OA
0x7cd6e	N^NuHV,OA
0x7cd8a	avN^NuHV,OA
0x7cdb0	N^NuHV,OA
0x7cdda	N^NuHV,OA
0x7cdfe	N^NuHV,OA
0x7ce28	N^NuHV,OH
0x7cf32	N^NuHV,OH
0x7cfe2	N^NuHV,O/
0x7d0c8	N^NuHV,O/
0x7d10c	N^NuHV,O/
0x7d13a	N^NuHV,OA
0x7d168	N^NuHV,OH
0x7d294	N^NuHV,O/
0x7d2d2	N^NuHV,O/
0x7d30a	N^NuHV,OH
0x7d3ee	N^NuHV,OA
0x7d40a	N^NuHV,OH
0x7d604	N^NuHV,OH
0x7d6ae	gRPOXOPJQ
0x7d6e4	N^NuHV,OH
0x7da7f	PN^NuHV,OA
0x7da9c	N^NuHV,OH
0x7daf0	N^NuHV,OA
0x7db10	N^NuHV,O/
0x7db72	N^NuHV,O/
0x7dba2	N^NuHV,OA
0x7dbc4	N^NuHV,OA
0x7dc20	N^NuHV,O/
0x7dc56	N^NuHV,OA
0x7dc6a	N^NuHV,O/
0x7dc9a	N^NuHV,O/
0x7dcd0	N^NuHV,OA
0x7dcf0	N^NuHV,OH
0x7dd7a	N^NuHV,O/
0x7ddb0	N^NuHV,O/
0x7ddea	N^NuHV,O/
0x7de1c	N^NuHV,OA
0x7de3a	N^NuHV,OA
0x7de56	N^NuHV,OH
0x7deea	N^NuHV,OH
0x7df8a	N^NuHV,OH
0x7dff6	N^NuHV,OA
0x7e136	N^NuHV,OA
0x7e158	N^NuHV,OA
0x7e176	N^NuHV,O/
0x7e1bc	N^NuHV,OA
0x7e1da	N^NuHV,O/
0x7e210	N^NuHV,OA
0x7e234	N^NuHV,O/
0x7e26a	N^NuHV,O/
0x7e2b2	N^NuHV,O/
0x7e326	N^NuHV,O/
0x7e356	N^NuHV,OH
0x7e3ea	N^NuHV,OH
0x7e6fa	N^NuHV,O/
0x7e740	N^NuHV,O/
0x7e786	N^NuHV,O/
0x7e830	N^NuHV,OH
0x7e8f2	N^NuHV,OH
0x7e94c	N^NuHV,OH
0x7ea26	"(CPL""C$i"
0x7ea51	6PLXLSJJ
0x7eabc	N^NuHV,OH
0x7eb6e	N^NuHV,OH
0x7ebdc	N^NuHV,OH
0x7ec52	N^NuHV,OH
0x7edd6	N^NuHV,O/
0x7efc4	N^NuHV,OH
0x7f038	N^NuHV,O/
0x7f05e	N^NuHV,O/
0x7f15c	"&CPK""C$i"
0x7f184	gjPKXKSJJ
0x7f216	N^NuHV,O/
0x7f2a4	N^NuHV,O/
0x7f464	N^NuHV,O/
0x7f4ce	N^NuHV,O/
0x7f51a	N^NuHV,OH
0x7f632	N^NuHV,O/
0x7f7ae	N^NuHV,OH
0x7f84e	N^NuHV,OH
0x7f9e6	N^NuHV,OH
0x7fa5a	N^NuHV,O/
0x7fa98	oHPO` /*
0x7fab9	"4POXO""RA"
0x7fb08	N^NuHV,OA
0x7fd6a	2>POXOXOHn
0x8044b	lN^NuHV,OH
0x804a8	N^NuHV,OH
0x805c2	N^NuHV,OA
0x80666	N^NuHV,OH
0x8071a	N^NuHV,O/
0x80850	N^NuHV,OH
0x808c2	N^NuHV,O/
0x80910	N^NuHV,OH
0x809ac	N^NuHV,OA
0x809d0	N^NuHV,OA
0x80a04	N^NuHV,OH
0x80a58	N^NuHV,OH
0x81370	N^NuHV,OH
0x8147c	N^NuHV,O/
0x814e4	N^NuHV,O/
0x8152e	N^NuHV,O/
0x8158a	N^NuHV,O/
0x815b0	N^NuHV,OA
0x815c6	N^NuHV,O/
0x81708	N^NuHV,O/
0x81756	N^NuHV,O/
0x817ea	N^NuHV,O/
0x81846	N^NuHV,OH
0x81950	N^NuHV,OH
0x819ee	N^NuHV,OH
0x81a68	N^NuHV,OH
0x81b0a	N^NuHV,OA
0x81b46	N^NuHV,OH
0x81c30	N^NuHV,OH
0x81c87	z$BPOXOJ
0x81c98	N^NuHV,OH
0x81d64	N^NuHV,OH
0x81ee0	N^NuHV,OA
0x81efe	N^NuHV,OH
0x81f98	N^NuHV,O/
0x81fc0	N^NuHV,OH
0x82064	N^NuHV,OH
0x8211a	N^NuHV,OH
0x821e4	N^NuHV,OH
0x82484	N^NuHV,OA
0x825fc	N^NuHV,OH
0x82694	N^NuHV,OH
0x8272e	N^NuHV,OH
0x827ac	G\$@XO$j
0x82888	N^NuHV,O/
0x828ae	N^NuHV,OH
0x829ac	N^NuHV,OH
0x82a82	N^NuHV,OH
0x82b48	POXO`4$D
0x82ed2	N^NuHV,O/
0x83090	9PPOXO/.
0x83154	N^NuHV,OH
0x831d0	N^NuHV,OH
0x832b8	N^NuHV,O/
0x837d6	N^NuHV,OA
0x837ea	N^NuHV,O/
0x83816	N^NuHV,O/
0x8383c	N^NuHV,OH
0x8388e	N^NuHV,O/
0x838ea	N^NuHV,OH
0x839a4	N^NuHV,OA
0x839bc	N^NuHV,O/
0x839f6	N^NuHV,O/
0x83a40	N^NuHV,OA
0x83a62	N^NuHV,OH
0x83dc0	N^NuHV,O/
0x83dfc	N^NuHV,OH
0x83e8c	N^NuHV,OH
0x84021	&PO @$P`
0x84074	N^NuHV,OH
0x8410c	N^NuHV,OH
0x841a8	N^NuHV,OH
0x84534	POXO`:p'
0x84812	N^NuHV,OA
0x8482a	N^NuHV,OA
0x84842	N^NuHV,O/
0x84874	N^NuHV,O/
0x848c8	N^NuHV,OH
0x84906	N^NuHV,O/
0x8493a	N^NuHV,OA
0x84952	N^NuHV,OA
0x84970	N^NuHV,OA
0x8498c	N^NuHV,OA
0x849a6	N^NuHV,OA
0x849c8	N^NuHV,O/
0x849f6	N^NuHV,OA
0x84a0c	N^NuHV,OA
0x84a24	N^NuHV,OA
0x84a3e	N^NuHV,OA
0x84a56	N^NuHV,OA
0x84a80	N^NuHV,OA
0x84a9c	N^NuHV,OA
0x84aba	N^NuHV,OA
0x84ad6	N^NuHV,OA
0x84af6	N^NuHV,OA
0x84b2a	N^NuHV,OA
0x84b4e	N^NuHV,O/
0x84b9c	N^NuHV,OA
0x84bcc	N^NuHV,OA
0x84bf0	N^NuHV,OA
0x84c16	N^NuHV,O/
0x84c60	N^NuHV,O/
0x84c94	N^NuHV,OA
0x84cb8	N^NuHV,OA
0x84cda	N^NuHV,O/
0x84d3a	N^NuHV,O/
0x84d9e	N^NuHV,O/
0x84e06	N^NuHV,O/
0x84e52	N^NuHV,O/
0x84e9e	N^NuHV,O/
0x84efa	N^NuHV,OH
0x84f48	N^NuHV,O/
0x84f98	N^NuHV,OA
0x84fb0	N^NuHV,OA
0x84fc8	N^NuHV,O/
0x84ffc	N^NuHV,OA
0x85032	N^NuHV,OH
0x850a2	N^NuHV,O/
0x850da	N^NuHV,OH
0x85164	N^NuHV,OH
0x85250	N^NuHV,OH
0x8531e	N^NuHV,O/
0x8534e	N^NuHV,O/
0x8537e	N^NuHV,O/
0x853b4	N^NuHV,O/
0x853ea	N^NuHV,O/
0x8541e	N^NuHV,O/
0x85452	N^NuHV,O/
0x85480	N^NuHV,O/
0x854cc	N^NuHV,OH
0x85528	N^NuHV,O/
0x85568	N^NuHV,O/
0x8559c	N^NuHV,OH
0x8566e	N^NuHV,O/
0x856ae	N^NuHV,O/
0x856e0	N^NuHV,O/
0x85716	N^NuHV,O/
0x85744	N^NuHV,O/
0x85776	N^NuHV,O/
0x857ac	N^NuHV,O/
0x857f4	N^NuHV,O/
0x8593a	N^NuHV,OH
0x85a2f	RPOPOXJJ
0x85a50	N^NuHV,OH
0x85aea	N^NuHV,O/
0x85b36	N^NuHV,O/
0x85b82	N^NuHV,OA
0x85b9e	N^NuHV,OH
0x85c2a	N^NuHV,OA
0x85c40	N^NuHV,OA
0x85c80	N^NuHV,OH
0x85cf2	N^NuHV,OH
0x85d64	N^NuHV,O/
0x85d96	N^NuHV,O/
0x85de2	N^NuHV,O/
0x85e2e	N^NuHV,OH
0x85ea0	N^NuHV,OH
0x85f42	N^NuHV,O/
0x86102	N^NuHV,OH
0x861fa	N^NuHV,OH
0x86272	N^NuHV,O/
0x862d4	N^NuHV,O/
0x8631e	N^NuHV,OH
0x86377	0$@XO RJ
0x86427	ZNqHV,O/
0x8644e	N^NuHV,O/
0x86474	N^NuHV,O/
0x864a9	PNqHV,OH
0x86544	N^NuHV,O/
0x8656a	N^NuHV,O/
0x86686	N^NuHV,O/
0x867f6	N^NuHV,OA
0x86824	N^NuHV,OA
0x86842	N^NuHV,OH
0x868f2	N^NuHV,O/
0x86990	N^NuHV,O/
0x869c0	N^NuHV,OA
0x869d4	N^NuHV,O/
0x86a12	N^NuHV,O/
0x86a70	N^NuHV,O/
0x86ace	N^NuHV,O/
0x86b0a	N^NuHV,O/
0x86b40	N^NuHV,O/
0x86b72	N^NuHV,OH
0x86bf2	N^NuHV,O/
0x86c50	N^NuHV,O/
0x86c8c	N^NuHV,O/
0x86cc2	N^NuHV,O/
0x86d66	N^NuHV,O/
0x86dd4	N^NuHV,OH
0x86e5e	N^NuHV,OH
0x86f84	N^NuHV,OA
0x86fa0	N^NuHV,OH
0x8701e	N^NuHV,OH
0x8709e	N^NuHV,OH
0x8735e	"2F""BSI-I"
0x87442	N^NuHV,OA
0x87460	N^NuHV,O/
0x876f2	N^NuHV,O/
0x87796	N^NuHV,OH
0x878a6	N^NuHV,O/
0x878e4	N^NuHV,O/
0x87922	N^NuHV,OH
0x87988	N^NuHV,O/
0x879de	N^NuHV,O/
0x87a10	N^NuHV,O/
0x87a94	N^NuHV,O/
0x87ae8	N^NuHV,OH
0x87b6a	N^NuHV,OH
0x87bea	N^NuHV,OA
0x87c06	N^NuHV,OA
0x87c22	N^NuHV,OA
0x87c50	N^NuHV,O/
0x87c9a	N^NuHV,OA
0x87cc8	N^NuHV,OH
0x87d36	N^NuHV,OH
0x87dee	N^NuHV,O/
0x87e28	N^NuHV,O/
0x87e88	N^NuHV,O/
0x87edc	N^NuHV,O/
0x87f3a	N^NuHV,O/
0x87f7e	N^NuHV,OA
0x87f9c	N^NuHV,O/
0x87fe8	N^NuHV,OA
0x8819a	N^NuHV,OH
0x881f8	N^NuHV,OH
0x8825c	N^NuHV,OH
0x882d0	N^NuHV,OA
0x88548	N^NuHV,O/
0x885a2	N^NuHV,OA
0x885be	N^NuHV,OH
0x88672	N^NuHV,O/
0x888ac	N^NuHV,O/
0x888f0	N^NuHV,O/
0x88934	N^NuHV,OA
0x88954	N^NuHV,OA
0x88970	N^NuHV,OH
0x88b4a	N^NuHV,OH
0x88bcc	N^NuHV,OH
0x890fa	N^NuHV,O/
0x89154	N^NuHV,O/
0x89388	POPO`THu
0x89459	($@POXOJ
0x89488	N^NuHV,OA
0x894b2	N^NuHV,O/
0x894e6	N^NuHV,O/
0x89516	N^NuHV,O/
0x8954a	N^NuHV,O/
0x89590	N^NuHV,O/
0x895c4	N^NuHV,O/
0x895f4	N^NuHV,OA
0x89612	N^NuHV,O/
0x89642	N^NuHV,O/
0x89680	N^NuHV,O/
0x896b4	N^NuHV,O/
0x896e8	N^NuHV,OA
0x896fc	N^NuHV,O/
0x89744	N^NuHV,O/
0x89862	N^NuHV,O/
0x898a0	N^NuHV,OH
0x898fc	N^NuHV,OH
0x8995a	N^NuHV,OH
0x899b0	N^NuHV,OH
0x89a08	N^NuHV,OA
0x89a30	N^NuHV,O/
0x89a6a	N^NuHV,O/
0x89c32	N^NuHV,OH
0x89cb4	N^NuHV,O/
0x89ce8	N^NuHV,OH
0x89dee	N^NuHV,OA
0x89e44	N^NuHV,OA
0x89f64	N^NuHV,O/
0x89f8e	N^NuHV,OA
0x89fb0	N^NuHV,OA
0x8a396	N^NuHV,O/
0x8a3d0	N^NuHV,OH
0x8a594	N^NuHV,OH
0x8a888	N^NuHV,OH
0x8a96c	N^NuHV,O/
0x8aa78	N^NuHV,OH
0x8af98	N^NuHV,OH
0x8b0ae	N^NuHV,OH
0x8b4ae	N^NuHV,OH
0x8b5f2	"`@ta`<tb`8tf`4tn`0tt`,tv`(""CA"
0x8b6f4	N^NuHV,O/
0x8b724	N^NuHV,O/
0x8b75a	N^NuHV,O/
0x8b892	N^NuHV,O/
0x8b8c6	N^NuHV,O/
0x8b8fa	N^NuHV,OA
0x8b912	N^NuHV,OA
0x8b968	N^NuHV,OH
0x8b9d0	N^NuHV,O/
0x8ba04	N^NuHV,O/
0x8ba42	N^NuHV,OH
0x8ba96	N^NuHV,O/
0x8bad6	N^NuHV,O/
0x8bb0a	N^NuHV,O/
0x8bb58	N^NuHV,O/
0x8bb94	N^NuHV,OH
0x8bbe8	N^NuHV,O/
0x8bc20	N^NuHV,O/
0x8bc54	N^NuHV,O/
0x8bd2c	N^NuHV,O/
0x8bdd0	N^NuHV,O/
0x8be12	N^NuHV,OA
0x8be38	N^NuHV,OH
0x8bef4	N^NuHV,OH
0x8bfae	N^NuHV,OH
0x8c14a	N^NuHV,O/
0x8c27e	N^NuHV,OA
0x8c29e	N^NuHV,OH
0x8c2f2	N^NuHV,O/
0x8c334	N^NuHV,OH
0x8c39c	N^NuHV,OH
0x8c434	N^NuHV,O/
0x8c474	N^NuHV,O/
0x8c4bc	N^NuHV,O/
0x8c506	N^NuHV,O/
0x8c54e	N^NuHV,O/
0x8c582	N^NuHV,OH
0x8c75c	N^NuHV,O/
0x8c89c	N^NuHV,OH
0x8c95c	N^NuHV,OH
0x8c9a8	N^NuHV,OA
0x8c9c4	N^NuHV,OH
0x8ca24	N^NuHV,OH
0x8cd4a	N^NuHV,OH
0x8ce00	N^NuHV,OH
0x8cec0	N^NuHV,O/
0x8d0f8	N^NuHV,O/
0x8d11e	N^NuHV,OH
0x8d1e6	N^NuHV,OH
0x8d226	`RNqHV,O/
0x8d276	N^NuHV,OH
0x8d312	N^NuHV,O/
0x8d346	N^NuHV,OH
0x8d3a8	N^NuHV,OH
0x8d3fc	N^NuHV,OH
0x8d470	N^NuHV,O/
0x8d7a5	$N^NuHV,O/
0x8d8cd	xN^NuHV,OH
0x8d914	N^NuHV,OH
0x8d98c	N^NuHV,OH
0x8d9ea	N^NuHV,OH
0x8da48	N^NuHV,OH
0x8dab6	N^NuHV,O/
0x8daec	N^NuHV,O/
0x8db1c	N^NuHV,OH
0x8dc3c	N^NuHV,O/
0x8dc72	N^NuHV,OH
0x8dccc	N^NuHV,OH
0x8dd20	N^NuHV,OH
0x8de90	N^NuHV,OH
0x8dee2	N^NuHV,OH
0x8df98	N^NuHV,O/
0x8e0e2	N^NuHV,OH
0x8e2af	lN^NuHV,OH
0x8e3ac	N^NuHV,OH
0x8e404	N^NuHV,OH
0x8e54a	N^NuHV,OH
0x8e59e	N^NuHV,OH
0x8e694	N^NuHV,O/
0x8e6de	N^NuHV,O/
0x8e712	N^NuHV,O/
0x8e75c	N^NuHV,O/
0x8e7aa	N^NuHV,O/
0x8e868	N^NuHV,OH
0x8e936	N^NuHV,OH
0x8ea28	N^NuHV,O/
0x8ea64	N^NuHV,O/
0x8eaa0	N^NuHV,O/
0x8eae4	N^NuHV,O/
0x8eb1c	N^NuHV,O/
0x8eb5e	N^NuHV,O/
0x8eb98	N^NuHV,O/
0x8ebd4	N^NuHV,O/
0x8ec08	N^NuHV,O/
0x8ec48	N^NuHV,OH
0x8eca4	N^NuHV,O/
0x8ece8	N^NuHV,O/
0x8ed28	N^NuHV,OH
0x8ed84	N^NuHV,O/
0x8edc8	N^NuHV,O/
0x8ee0c	N^NuHV,OH
0x8ee6c	N^NuHV,O/
0x8eeb4	N^NuHV,O/
0x8eee8	N^NuHV,O/
0x8ef1c	N^NuHV,O/
0x8ef5c	N^NuHV,O/
0x8ef9c	N^NuHV,OA
0x8efb0	N^NuHV,OA
0x8efcc	?4N^NuNV
0x8f08a	N^NuHV,O/
0x8f0f8	N^NuHV,OH
0x8f4dc	"@lXO`p""BA"
0x8f574	N^NuHV,OH
0x8fe2e	N^NuHV,OH
0x8fe8c	N^NuHV,OH
0x8fefa	N^NuHV,OH
0x90020	N^NuHV,OH
0x9008e	N^NuHV,OH
0x90122	N^NuHV,OH
0x90230	N^NuHV,OH
0x9046c	N^NuHV,OA
0x90482	N^NuHV,OA
0x90538	N^NuHV,OH
0x90596	POXOfZ/5
0x90622	N^NuHV,O/
0x90660	N^NuHV,O/
0x9069e	N^NuHV,O/
0x906dc	N^NuHV,OH
0x9076e	N^NuHV,O/
0x9081e	N^NuHV,OA
0x9083c	N^NuHV,OH
0x908c4	N^NuHV,OH
0x9094a	N^NuHV,OH
0x909ee	N^NuHV,OH
0x90a9e	N^NuHV,OA
0x90aba	N^NuHV,OA
0x90ad6	N^NuHV,OA
0x90b06	N^NuHV,O/
0x90b3e	N^NuHV,O/
0x90b82	N^NuHV,OH
0x90bf8	N^NuHV,O/
0x90c40	N^NuHV,O/
0x90c78	N^NuHV,OH
0x90d18	/hPOXO/*
0x90d42	N^NuHV,O/
0x90d76	N^NuHV,O/
0x91004	N^NuHV,O/
0x9103c	N^NuHV,O/
0x91078	N^NuHV,O/
0x910b0	N^NuHV,O/
0x910e4	N^NuHV,O/
0x91132	N^NuHV,O/
0x91172	N^NuHV,O/
0x911a2	N^NuHV,OA
0x9121e	N^NuHV,O/
0x91276	N^NuHV,OH
0x912cc	N^NuHV,OH
0x9136a	N^NuHV,O/
0x913a8	N^NuHV,O/
0x91612	N^NuHV,O/
0x9164e	N^NuHV,O/
0x9168a	N^NuHV,OH
0x9171c	N^NuHV,OH
0x91800	N^NuHV,O/
0x91854	N^NuHV,O/
0x91936	N^NuHV,OH
0x919d2	N^NuHV,O/
0x91a40	N^NuHV,O/
0x91a8e	N^NuHV,OA
0x91ac0	N^NuHV,OA
0x91aec	N^NuHV,OA
0x91b48	N^NuHV,OA
0x91d94	N^NuHV,O/
0x91dc8	N^NuHV,O/
0x9209c	N^NuHV,OH
0x920f2	N^NuHV,OH
0x92208	N^NuHV,O/
0x922b0	N^NuHV,OA
0x92376	N^NuHV,O/
0x923b8	N^NuHV,OH
0x92464	N^NuHV,OH
0x9263c	N^NuHV,OA
0x9265a	N^NuHV,OA
0x92676	N^NuHV,O/
0x926a6	N^NuHV,O/
0x926dc	N^NuHV,OH
0x92792	N^NuHV,OA
0x932f8	N^NuHV,OH
0x93362	N^NuHV,OH
0x933d4	N^NuHV,OH
0x93428	N^NuHV,OH
0x93517	~RJPOXO`
0x9366d	ZRJPOXO`
0x9372c	N^NuHV,OH
0x9377e	&@POXOJ*
0x93880	N^NuHV,O/
0x938d8	N^NuHV,OH
0x93a54	N^NuHV,O/
0x93ab2	N^NuHV,OA
0x93ae0	N^NuHV,O/
0x93b4a	N^NuHV,OH
0x93c94	N^NuHV,OH
0x93d4a	N^NuHV,OH
0x93dc4	N^NuHV,OH
0x93e20	3pPOPO`&/
0x93ee8	N^NuHV,O/
0x93f22	N^NuHV,OH
0x93fac	N^NuHV,O/
0x93fe2	N^NuHV,OA
0x94086	N^NuHV,OA
0x940a6	N^NuHV,O/
0x940e4	N^NuHV,O/
0x94138	N^NuHV,O/
0x94182	N^NuHV,O/
0x941cc	N^NuHV,O/
0x94216	N^NuHV,O/
0x94260	N^NuHV,O/
0x942a6	N^NuHV,O/
0x942f8	N^NuHV,O/
0x9434a	N^NuHV,O/
0x9439c	N^NuHV,O/
0x943e6	N^NuHV,O/
0x94430	N^NuHV,O/
0x9447a	N^NuHV,O/
0x944c4	N^NuHV,O/
0x9450e	N^NuHV,O/
0x94560	N^NuHV,O/
0x945aa	N^NuHV,OA
0x94ad8	N^NuHV,OH
0x9510d	L @POXOJ
0x9521c	N^NuHV,OH
0x9527c	N^NuHV,OH
0x95cee	N^NuHV,O/
0x95d8c	N^NuHV,O/
0x95e28	N^NuHV,O/
0x95e82	N^NuHV,O/
0x95ecc	N^NuHV,O/
0x95f16	N^NuHV,O/
0x95f60	N^NuHV,O/
0x95faa	N^NuHV,O/
0x95ff4	N^NuHV,O/
0x9603e	N^NuHV,O/
0x96088	N^NuHV,O/
0x960d2	N^NuHV,OH
0x9616c	N^NuHV,OH
0x961f4	N^NuHV,OH
0x96406	N^NuHV,O/
0x96456	N^NuHV,OH
0x96554	N^NuHV,OA
0x9656a	N^NuHV,OH
0x965c8	N^NuHV,O/
0x96664	N^NuHV,OA
0x96685	JN^NuHV,OH
0x966e6	N^NuHV,OH
0x96758	N^NuHV,OH
0x967c6	N^NuHV,O/
0x96812	N^NuHV,O/
0x9685c	N^NuHV,OA
0x96872	N^NuHV,OA
0x96888	N^NuHV,OA
0x9689e	N^NuHV,OA
0x968b4	N^NuHV,OA
0x968ca	N^NuHV,OA
0x96e52	N^NuHV,O/
0x96ee4	N^NuHV,O/
0x96f3c	N^NuHV,O/
0x97e0a	N^NuHV,OH
0x99c78	N^NuHV,O/
0x99d12	N^NuHV,OH
0x99dc2	N^NuHV,OA
0x99df4	N^NuHV,OH
0x99f34	N^NuHV,OH
0x9a320	N^NuHV,O/
0x9a346	N^NuHV,OH
0x9a3bc	N^NuHV,OH
0x9a420	N^NuHV,OA
0x9a474	N^NuHV,OH
0x9a52e	N^NuHV,O/
0x9a5a0	N^NuHV,OH
0x9a6a8	N^NuHV,O/
0x9a7e2	N^NuHV,O/
0x9a854	N^NuHV,O/
0x9aa06	N^NuHV,OH
0x9abae	N^NuHV,O/
0x9acc0	N^NuHV,O/
0x9b002	N^NuHV,O/
0x9b0c4	N^NuHV,O/
0x9b1ae	N^NuHV,O/
0x9b2c0	N^NuHV,O/
0x9b3aa	N^NuHV,O/
0x9b444	N^NuHV,O/
0x9b506	N^NuHV,O/
0x9b578	N^NuHV,O/
0x9b65a	N^NuHV,OH
0x9b7ac	N^NuHV,O/
0x9c182	N^NuHV,O/
0x9dc5e	N^NuHV,O/
0x9e116	N^NuHV,OH
0x9e45c	N^NuHV,O/
0x9ef02	N^NuHV,O/
0x9ef4c	N^NuHV,O/
0x9f50e	N^NuHV,O/
0x9f698	N^NuHV,O/
0xa001e	N^NuHV,O/
0xa0090	N^NuHV,OH
0xa0132	N^NuHV,OH
0xa03b6	N^NuHV,OH
0xa04dc	N^NuHV,OH
0xa06da	N^NuHV,OH
0xa075e	N^NuHV,OA
0xa0782	N^NuHV,O/
0xa080c	N^NuHV,O/
0xa086c	N^NuHV,OA
0xa0882	N^NuHV,OA
0xa0898	N^NuHV,O/
0xa0936	N^NuHV,O/
0xa0a32	N^Nu_NXArgv
0xa0a46	_environ
0xa0a5a	Basic block profiling finished on %s
0xa0a80	File %s, %ld basic blocks 
0xa0aa6	    Block #%*d: executed %*ld time(s) address= 0x%.*lx
0xa0ade	 function= %-*s
0xa0aee	 line= %*ld
0xa0afa	 file= %s
0xa0b0a	Virtual memory exceeded in `new'
0xa0b2c	pure virtual method called
0xa0b48	%s: for architecture %s
0xa0b62	%s: warning 
0xa0b76	 (%s, errno = %d)
0xa0b92	can't open: %s
0xa0ba2	can't stat file: %s
0xa0bb6	file: %s is empty (not an object or archive)
0xa0be4	can't map file: %s
0xa0bf8	truncated or malformed file: %s (file size too small to be any kind of object or library)
0xa0c5c	fat file: %s truncated or malformed (fat_arch structs would extend past the end of the file)
0xa0cba	fat file: %s does not contain an architecture that matches the specified -arch flag: %s 
0xa0d14	fat file: %s does not contain an architecture that matches the specified -arch flag: %s (file ignored)
0xa0d7c	fat file: %s does not contain an architecture that matches the objects files (architecture %s) previously loaded
0xa0dee	fat file: %s does not contain an architecture that matches the objects files (architecture %s) previously loaded (file ignored)
0xa0e6e	fat file: %s (for architecture %s) is not a dynamic shared library
0xa0eb2	can't determine the host architecture (specify an -arch flag or fix get_arch_from_host() )
0xa0f0e	-arch flag must be specified (fat file: %s does not contain the host architecture or just one architecture)
0xa0f7a	fat file: %s(%.*s) malformed (contains zero architecture types)
0xa0fba	fat file: %s malformed (contains zero architecture types)
0xa0ff4	fat file: %s(%.*s) truncated or malformed (offset plus size of cputype (%d) cpusubtype (%d) extends past the end of the file)
0xa1072	fat file: %s truncated or malformed (offset plus size of cputype (%d) cpusubtype (%d) extends past the end of the file)
0xa10ea	fat file: %s(%.*s) fat_archs %lu cputype is zero (a reserved value)
0xa112e	fat file: %s fat_archs %lu cputype is zero (a reserved value)
0xa116c	fat file: %s(%.*s) align (2^%lu) too large for cputype (%d) cpusubtype (%d) (maximum 2^%d)
0xa11c8	fat file: %s align (2^%lu) too large for cputype (%d) cpusubtype (%d) (maximum 2^%d)
0xa121e	fat file: %s(%.*s) offset: %lu for cputype (%d) cpusubtype (%d)) not aligned on it's alignment (2^%lu)
0xa1286	fat file: %s offset: %lu for cputype (%d) cpusubtype (%d)) not aligned on it's alignment (2^%lu)
0xa12e8	fat file: %s(%.*s) contains two of the same architecture (cputype (%d) cpusubtype (%d))
0xa1340	fat file: %s contains two of the same architecture (cputype (%d) cpusubtype (%d))
0xa1392	empty archive: %s (can't load from it)
0xa13ba	truncated or malformed archive: %s (archive header of first member extends past the end of the file, can't load from  it)
0xa1434	__.SYMDEF
0xa143e	archive: %s has no table of contents, add one with ranlib(1) (can't load from it)
0xa1490	table of contents for archive: %s is out of date; rerun ranlib(1) (can't load from it)
0xa14e8	size of table of contents for archive: %s too small to be a valid table of contents (can't load from it)
0xa1552	truncated or malformed archive: %s (table of contents extends past the end of the file, can't load from it)
0xa15be	empty table of contents: %s (can't load from it)
0xa15f0	truncated or malformed archive: %s (ranlib structures in table of contents extends past the end of the table of contents, can't load from it)
0xa167e	truncated or malformed archive: %s (ranlib strings in table of contents extends past the end of the table of contents, can't load from it)
0xa170a	empty table of contents for archive: %s (can't load from it)
0xa1748	malformed table of contents in: %s (ranlib struct %lu has bad string index, can't load from it)
0xa17a8	malformed table of contents in: %s (ranlib struct %lu has bad library member offset, can't load from it)
0xa1812	malformed table of contents in: %s (ranlib struct %lu library member offset not a multiple of %lu bytes, can't load from it)
0xa1890	__.SYMDEF SORTED
0xa18a2	malformed library: %s (member %s extends past the end of the file, can't load from it)
0xa18fa	loaded to resolve symbol: %s
0xa1918	malformed table of contents in library: %s (member %s did not defined symbol %s)
0xa196a	table of contents of library: %s not sorted slower link editing will result (use the ranlib(1) -s option)
0xa19d4	truncated or malformed archive: %s (archive header of first member extends past the end of the file, can't load from it)
0xa1a4e	truncated or malformed archive: %s at offset %lu (archive header of next member extends past the end of the file, can't load from it)
0xa1ad4	truncated or malformed archive: %s at offset %lu (member extends past the end of the file, can't load from it)
0xa1b44	%s archive's cputype (%d, architecture %s) does not match cputype (%d) for specified -arch flag: %s (can't load from it)
0xa1bbe	%s archive's cputype (%d, architecture %s) does not match cputype (%d architecture %s) of objects files previously loaded (can't load from it)
0xa1c4e	can't dynamicly load fixed VM shared library
0xa1c7c	can't used dynamic libraries or dynamic linker with rld based interfaces
0xa1cc6	truncated or malformed object (mach header extends past the end of the file)
0xa1d14	bad magic number (not a Mach-O file)
0xa1d3a	cputype (%d, architecture %s) does not match cputype (%d) for specified -arch flag: %s
0xa1d92	cputype (%d, architecture %s) does not match cputype (%d) for specified -arch flag: %s (file not loaded)
0xa1dfc	cputype (%d, architecture %s) does not match cputype (%d architecture %s) of objects files previously loaded
0xa1e6a	cputype (%d, architecture %s) does not match cputype (%d architecture %s) of objects files previously loaded (file not loaded)
0xa1eea	cpusubtype (%d, architecture %s) does not combine with cpusubtype (%d) for specified -arch flag: %s and -force_cpusubtype_ALL not specified
0xa1f76	cpusubtype (%d, architecture %s) does not combine with cpusubtype (%d) for specified -arch flag: %s and -force_cpusubtype_ALL not specified (file not loaded)
0xa2014	cpusubtype (%d, architecture %s) does not combine with cpusubtype (%d, architecture %s) of objects files previously loaded and -force_cpusubtype_ALL not specified
0xa20b8	cpusubtype (%d, architecture %s) does not combine with cpusubtype (%d, architecture %s) of objects files previously loaded and -force_cpusubtype_ALL not specified (file not loaded)
0xa216e	cputype (%d) unknown (file not loaded)
0xa2196	wrong bytesex for cputype (%d) for -arch %s (bad object or this program out of sync with get_arch_family_from_cputype() and get_byte_sex_from_flag())
0xa222c	truncated or malformed object (load commands extend past the end of the file)
0xa227a	was the output of an incremental link, can't be link edited again
0xa22bc	is input for the dynamic link editor, is not relocatable by the static link editor again
0xa2316	"incompatible, file is a dynamic shared library (must specify ""-dynamic"" to be used)"
0xa236a	file is not a dynamic shared library
0xa2390	"incompatible, file is a dynamic link editor (must specify ""-dynamic"" to be used)"
0xa23e2	load command %lu size not a multiple of sizeof(long)
0xa2418	load command %lu size is less than or equal to zero
0xa244c	load command %lu extends past end of all load commands
0xa2484	cmdsize field of load command %lu is inconsistant for a segment command with the number of sections it has
0xa24f0	SG_FVMLIB segment %.16s contains sections and shouldn't
0xa2530	filesize
0xa253a	__PAGEZERO
0xa2546	__LINKEDIT
0xa2552	segment %.16s contains no sections and can't be link-edited
0xa258e	segment name %.16s of section %lu (%.16s,%.16s) in load command %lu does not match segment name %.16s
0xa25f4	unknown flags (type) of section %lu (%.16s,%.16s) in load command %lu
0xa263a	"incompatible, file contains unsupported type of section %lu (%.16s,%.16s) in load command %lu (must specify ""-dynamic"" to be used)"
0xa26be	align (%lu) of section %lu (%.16s,%.16s) in load command %lu greater than maximum section alignment (%d)
0xa2736	section %lu (%.16s,%.16s) in load command %lu has relocation entries which it shouldn't for its type (flags)
0xa27a4	section %lu (%.16s,%.16s)in load command %lu has relocation entries but the cputype and cpusubtype for the object are not set
0xa282a	nreloc * sizeof(struct relocation_info)
0xa2852	symbol stub section %lu (%.16s,%.16s) in load command %lu, sizeof stub in reserved2 field is zero
0xa28b4	contains more than one LC_SYMTAB load command
0xa28e2	cmdsize of load command %lu incorrect for LC_SYMTAB
0xa291e	nsyms * sizeof(struct nlist)
0xa294c	contains more than one LC_DYSYMTAB load command
0xa297c	cmdsize of load command %lu incorrect for LC_DYSYMTAB
0xa29ba	ntoc * sizeof(struct dylib_table_of_contents)
0xa29e8	modtaboff
0xa29f2	nmodtab * sizeof(struct dylib_module)
0xa2a18	extrefsymoff
0xa2a26	nextrefsyms * sizeof(struct dylib_reference)
0xa2a54	indirectsymoff
0xa2a64	nindirectsyms * sizeof(long)
0xa2a82	extreloff
0xa2a8c	nextrel * sizeof(struct relocation_info)
0xa2ab6	locreloff
0xa2ac0	nlocrel * sizeof(struct relocation_info)
0xa2aea	contains obsolete LC_SYMSEG load command with non-zero size (produced with a pre-1.0 version of the compiler, please recompile)
0xa2b6a	LC_IDFVMLIB load command in object file (should not be in an input file to the link editor for output filetypes other than MH_FVMLIB)
0xa2bf0	MH_DYLIB
0xa2bfa	MH_DYLINKER
0xa2c06	MH_FVMLIB
0xa2c10	LC_LOADFVMLIB load command in object file (should not be in an input file to the link editor for the output file type %s)
0xa2c8a	cmdsize of load command %lu incorrect for LC_LOADFVMLIB
0xa2cc2	name.offset of load command %lu extends past the end of the load command
0xa2d0c	library name of load command %lu not null terminated
0xa2d42	LC_ID_DYLIB load command in object file (should not be in an input file to the link editor for the output file type %s)
0xa2dba	LC_ID_DYLIB load command in non-MH_DYLIB filetype
0xa2dec	malformed object (more than one LC_ID_DYLIB load command in MH_DYLIB file)
0xa2e38	cmdsize of load command %lu incorrect for LC_ID_DYLIB
0xa2e6e	LC_LOAD_DYLIB load command in object file (should not be in an input file to the link editor for the output file type %s)
0xa2ee8	cmdsize of load command %lu incorrect for LC_LOAD_DYLIB
0xa2f20	LC_ID_DYLINKER load command in object file (should not be in an input file to the link editor for the output file type %s)
0xa2f9c	LC_ID_DYLINKER load command in non-MH_DYLINKER filetype
0xa2fd4	malformed object (more than one LC_ID_DYLINKER load command in MH_DYLINKER file)
0xa3026	cmdsize of load command %lu incorrect for LC_ID_DYLINKER
0xa3060	dynamic linker name of load command %lu not null terminated
0xa309c	LC_LOAD_DYLINKER load command in object file (should not be in an input file to the link editor for the output file type %s)
0xa311a	cmdsize of load command %lu incorrect for LC_LOAD_DYLINKER
0xa3156	load command %lu unknown cmd field
0xa317a	contains LC_DYSYMTAB load command without a LC_SYMTAB load command
0xa31be	ilocalsym in LC_DYSYMTAB load command extends past the end of the symbol table
0xa320e	ilocalsym plus nlocalsym in LC_DYSYMTAB load command extends past the end of the symbol table
0xa326c	iextdefsym in LC_DYSYMTAB load command extends past the end of the symbol table
0xa32bc	iextdefsym plus nextdefsym in LC_DYSYMTAB load command extends past the end of the symbol table
0xa331c	iundefsym in LC_DYSYMTAB load command extends past the end of the symbol table
0xa336c	iundefsym plus nundefsym in LC_DYSYMTAB load command extends past the end of the symbol table
0xa33ca	symbol_index field of table of contents entry %lu past the end of the symbol table
0xa341e	module_index field of table of contents entry %lu past the end of the module table
0xa3472	module_name field of module table entry %lu past the end of the string table
0xa34c0	iextdefsym field of module table entry %lu past the end of the symbol table
0xa350c	iextdefsym field plus nextdefsym field of module table entry %lu past the end of the symbol table
0xa356e	irefsym field of module table entry %lu past the end of the reference table
0xa35ba	irefsym field plus nrefsym field of module table entry %lu past the end of the reference table
0xa361a	ilocalsym field of module table entry %lu past the end of the symbol table
0xa3666	ilocalsym field plus nlocalsym field of module table entry %lu past the end of the symbol table
0xa36c6	isym field of reference table entry %lu past the end of the symbol table
0xa3710	indirect symbol table entry %lu past the end of the symbol table
0xa3752	malformed object (no LC_ID_DYLIB load command in MH_DYLIB file)
0xa3792	malformed object (no LC_ID_DYLINKER load command in MH_DYLINKER file)
0xa37d8	load command %lu unknown cmd
0xa37f6	symbol table is not contained in __LINKEDIT segment
0xa382a	string table is not contained in __LINKEDIT segment
0xa385e	%s in load command %lu not aligned on %lu byte boundary
0xa3896	%s in load command %lu extends past the end of the file
0xa38ce	%s plus %s in load command %lu extends past the end of the file
0xa390e	%s of section %lu (%.16s,%.16s) in load command %lu not aligned on %lu byte boundary
0xa3964	%s of section %lu (%.16s,%.16s) in load command %lu extends past the end of the file
0xa39ba	%s plus %s of section %lu (%.16s,%.16s) in load command %lu extends past the end of the file
0xa3a18	internal error: remove_last_object_file() called with object file that was not the last object file
0xa3a7c	%s(%.*s) 
0xa3a92	internal error: obj_member_name() call with an argument that is not in an archive
0xa3ae4	%s(%.*s)
0xa3afa	internal error, fine_reloc_output_address() called with an input_offset which maps to a fine_reloc where local_symbol is TRUE but it's not in a S_SYMBOL_STUBS or a S_LAZY_SYMBOL_POINTERS section
0xa3bbe	internal error, fine_reloc_offset_in_output_for_output_offset() called with a map->nfine_relocs == 0
0xa3c24	internal error, fine_reloc_offset_in_output_for_output_offset() called with a section map for a non-indirect section
0xa3c9a	internal error, fine_reloc_offset_in_output_for_output_offset() called with bad output_offset
0xa3cf8	internal error, fine_reloc_output_sectnum() called with an input_offset which maps to a fine_reloc where local_symbol is TRUE but it's not in a S_SYMBOL_STUBS or a S_NON_LAZY_SYMBOL_POINTERS section
0xa3dc0	internal error, fine_reloc_for_input_offset() called with a section_map->nfine_relocs == 0
0xa3e1c	can't vm_deallocate() memory for mapped file %s
0xa3e4c	S_MOD_INIT_FUNC_POINTERS
0xa3e66	S_SYMBOL_STUBS
0xa3e76	S_LAZY_SYMBOL_POINTERS
0xa3e8e	S_NON_LAZY_SYMBOL_POINTERS
0xa3eaa	S_LITERAL_POINTERS
0xa3ebe	S_8BYTE_LITERALS
0xa3ed0	S_4BYTE_LITERALS
0xa3ee2	S_CSTRING_LITERALS
0xa3ef6	S_ZEROFILL
0xa3f02	S_REGULAR
0xa3f0c	literal section (%.16s,%.16s) not allowed in I860 cputype objects
0xa3f4e	section's (%.16s,%.16s) type %s does not match previous objects type %s
0xa3f96	section's (%.16s,%.16s) sizeof stub %lu does not match previous objects sizeof stub %lu
0xa3fee	internal error: output_section() called with unknown cputype (%d) set
0xa4034	literal C string section (%.16s,%.16s) does not end with a '\0'
0xa4074	format error in -sectorder file: %s line %lu character possition %lu for section (%.16s,%.16s) ('\' at the end of the line)
0xa40f0	format error in -sectorder file: %s line %lu for section (%.16s,%.16s) (escape sequence ending at character possition %lu out of range for character)
0xa4186	format error in -sectorder file: %s line %lu for section (%.16s,%.16s) (hex escape ending at character possition %lu out of range)
0xa420a	format error in -sectorder file: %s line %lu for section (%.16s,%.16s) (unknown escape sequence ending at character possition %lu)
0xa428e	"""link editor"""
0xa429c	bad string table index (%ld) for symbol %lu
0xa42c8	NULL name
0xa42d2	undefined symbol %lu (%s) is not also external symbol (N_EXT)
0xa4310	undefined symbol %lu (%s) can't be private external symbol (N_PEXT)
0xa4354	symbol %lu (%s) must have NO_SECT for its n_sect field given its type
0xa439a	symbol %lu (%s) must not have NO_SECT for its n_sect field given its type (N_SECT)
0xa43ee	bad string table index (%lu) for indirect name for symbol %lu (%s)
0xa4432	indirect symbol %lu (%s) is not also external symbol (N_EXT)
0xa4470	indirect symbol %lu (%s) can't be private external symbol (N_PEXT)
0xa44b4	symbol %lu (%s) has unknown n_type field (0x%x)
0xa44e4	symbol %lu (%s)'s n_sect field (%d) is greater than the number of sections in this object (%lu)
0xa4544	external symbol %lu (%s) not allowed in an indirect section
0xa4580	string table does not end with a '\0'
0xa45a6	section (%s,%s) is a literal section and can't be used with -sectobjectsymbols
0xa45f8	internal error, lookup_symbol() failed
0xa4620	internal error, enter_symbol() passed bad hash_pointer
0xa4658	multiple definitions of symbol %s
0xa467a	error in trace_symbol()
0xa4692	private external 
0xa46a4	reference to undefined %s
0xa46c0	definition of common %s (size %lu)
0xa46e4	definition of %s
0xa46f6	definition of absolute %s (value 0x%x)
0xa471e	definition of %s in section (%.16s,%.16s)
0xa474a	definition of %s as indirect for %s
0xa4770	unknown type (0x%x) of %s
0xa478c	__common
0xa479e	section (__DATA,__common) reserved for allocating common symbols and exists in the loaded objects not as a zero fill section
0xa481c	contains section (__DATA,__common)
0xa4840	common symbols not allowed with MH_FVMLIB output format
0xa4878	common symbols not allowed with MH_DYLIB output format
0xa48b0	specified alignment (0x%x) for section (__DATA,__common) not used (less than the required alignment in the input files (0x%x))
0xa4930	indirect symbol loop:
0xa4946	internal error: output_local_symbols() inconsistent local symbol count
0xa498e	internal error: local_symbol_output_index() could not determine output_index
0xa49dc	internal error: get_string_block() called with symbol_name (%s) not in the string blocks
0xa4a36	prebinding disabled because of undefined symbols
0xa4a68	undefined symbols:
0xa4a7c	Undefined symbols:
0xa4a90	more references to undefined symbols ...
0xa4aba	internal error: assign_output_symbol_indexes() inconsistent local symbol counts
0xa4b0a	-seg1addr: 0x%x not a multiple of the segment alignment (0x%x)
0xa4b4a	address of first segment: %.16s set both by name and with the -seg1addr option
0xa4b9a	internal error: layout_segments() called with unknown cputype (%d) set
0xa4be2	size of headers (0x%x) exceeds the segment alignment (0x%x) (would cause the addresses not to be fixed)
0xa4c4a	alignment (0x%x) of section (%.16s,%.16s) greater than the segment alignment (0x%x)
0xa4c9e	can't vm_allocate() memory for output of size %lu
0xa4cd0	can't set vm_protection on memory for output
0xa4cfe	entry point symbol name: %s not defined
0xa4d26	specified entry point symbol name ignored, output file type has no entry point or no non-zerofill sections
0xa4d92	internal error: swap_object_headers() failed in output_headers()
0xa4dd4	stray relocation GENERIC_RELOC_PAIR entry (%lu) in section (%.16s,%.16s)
0xa4e1e	r_value (0x%x) field of relocation entry %lu in section (%.16s,%.16s) out of range
0xa4e72	r_address (0x%x) field of relocation entry %lu in section (%.16s,%.16s) out of range
0xa4ec8	relocation entry (%lu) in section (%.16s,%.16s) r_type is GENERIC_RELOC_SECTDIFF but relocation entry not scattered type
0xa4f42	relocation entry (%lu) in section (%.16s,%.16s) following associated relocation entry not scattered type
0xa4fac	relocation entry (%lu) in section (%.16s,%.16s) missing following associated GENERIC_RELOC_PAIR entry
0xa5012	r_type field of relocation entry %lu in section (%.16s,%.16s) invalid
0xa5058	r_symbolnum (%lu) field of external relocation entry %lu in section (%.16s,%.16s) out of range
0xa50b8	r_symbolnum (%lu) field of external relocation entry %lu in section (%.16s,%.16s) refers to a non-external symbol
0xa512a	r_symbolnum (%lu) field of external relocation entry %lu in section (%.16s,%.16s) refers to a non-undefined symbol
0xa519e	internal error, in generic_reloc() symbol index %lu in above file not in undefined map
0xa51f6	r_symbolnum (%lu) field of local relocation entry %lu in section (%.16s,%.16s) out of range
0xa5252	relocation for entry %lu in section (%.16s,%.16s) does not fit in 1 byte
0xa529c	relocation for entry %lu in section (%.16s,%.16s) does not fit in 2 bytes
0xa52e6	r_length field of relocation entry %lu in section (%.16s,%.16s) invalid
0xa532e	previous fatal errors occured, can no longer succeed
0xa536a	__mh_execute_header
0xa537e	can't create output file: %s
0xa539c	can't write output file: %s
0xa53b8	can't close output file: %s
0xa53d4	can't vm_deallocate() buffer for output file's symbol table
0xa5410	can't vm_flush_cache() output buffer
0xa5438	__constructor
0xa544e	__destructor
0xa545c	a base program is currently loaded
0xa5480	object sets are currently loaded (base file must be loadedbefore object sets)
0xa54ce	Can't open: %s
0xa54de	Can't stat file: %s
0xa54f2	file: %s is empty (not an object)
0xa5514	truncated or malformed file: %s (file size too small to be any kind of object)
0xa5564	can't determine the host architecture (fix get_arch_from_host() )
0xa55a6	fat file: %s does not contain the host architecture (can't be used as a base file)
0xa55fa	no object sets currently loaded
0xa561a	can't vm_deallocate() memory for output
0xa5642	no object sets or base program currently loaded
0xa5672	can't create NXZone
0xa568a	virtual memory exhausted (NXZoneMalloc failed)
0xa56ba	virtual memory exhausted (NXZoneRealloc failed)
0xa56ea	4 byte literal section (%.16s,%.16s) size is not a multiple of 4 bytes
0xa5732	8 byte literal section (%.16s,%.16s) size is not a multiple of 8 bytes
0xa577a	format error in -sectorder file: %s line %lu for section (%.16s,%.16s) (missing second hex number)
0xa57de	format error in -sectorder file: %s line %lu for section (%.16s,%.16s) (missing hex number, no leading 0x found)
0xa5850	format error in -sectorder file: %s line %lu for section (%.16s,%.16s) (too many hex digits for 32 bit value)
0xa58be	literal pointer section (%.16s,%.16s) size is not a multiple of 4 bytes
0xa5906	literal pointer section (%.16s,%.16s) does not have is exactly one relocation entry for each pointer
0xa596c	r_value (0x%x) field of relocation entry %ld in section (%.16s,%.16s) out of range
0xa59c0	r_address (0x%x) field of relocation entry %ld in section (%.16s,%.16s) out of range
0xa5a16	r_address (0x%x) field of relocation entry %ld in literal pointer section (%.16s,%.16s) is not a multiple of 4
0xa5a86	r_length (0x%x) field of relocation entry %ld in literal pointer section (%.16s,%.16s) is not 2 (long)
0xa5aee	r_pcrel (0x%x) field of relocation entry %ld in literal pointer section (%.16s,%.16s) is not 0 (FALSE)
0xa5b56	r_symbolnum (%lu) field of external relocation entry %ld in section (%.16s,%.16s) out of range
0xa5bb6	r_symbolnum (%lu) field of external relocation entry %ld in section (%.16s,%.16s) refers to a non-external symbol
0xa5c28	r_symbolnum (%lu) field of external relocation entry %ld in section (%.16s,%.16s) refers to a non-undefined symbol
0xa5c9c	internal error, in merge_literal_pointers() symbol index %lu in not in undefined map
0xa5cf2	r_symbolnum (%lu) field of external relocation entry %ld in section (%.16s,%.16s) refers to a common symbol (%s) and is not in a literal section
0xa5d84	r_symbolnum (%lu) field of external relocation entry %ld in section (%.16s,%.16s) refers to an absolue symbol (%s) and is not known to be in a literal section
0xa5e24	illegal undefined reference for MH_DYLIB output file to symbol: %s from a literal pointer section (section (%.16s,%.16s) relocation entry: %lu)
0xa5eb4	illegal external reference for MH_DYLIB output file to symbol: %s (not a private extern symbol) from a literal pointer section (section (%.16s,%.16s) relocation entry: %lu)
0xa5f62	internal error, in merge_literal_pointers() merged symbol %s does not have a type of N_EXT|N_SECT
0xa5fc4	exteral symbol (%s) for external relocation entry %ld in section (%.16s,%.16s) refers a symbol not defined in a literal section
0xa6044	exteral symbol's (%s) address not in the section (%.16s,%.16s) it is defined in
0xa6094	r_symbolnum (0x%x) field of relocation entry %ld in literal pointer section (%.16s,%.16s) is R_ABS (not correct for a literal pointer section)
0xa6124	literal pointer (0x%x) in section (%.16s,%.16s) at address 0x%x does not point into its (%.16s,%.16s) section as refered to by its r_symbolnum (0x%x) field in relocation entry %ld as it should
0xa61e6	r_symbolnum field (0x%x) in relocation entry %ld in literal pointer section (%.16s,%.16s) refers to section (%.16s,%.16s) which is not a literal section
0xa6280	r_value field (0x%x) in relocation entry %ld in literal pointer section (%.16s,%.16s) refers to section (%.16s,%.16s) which is not a literal section
0xa6316	more than one relocation entry for literal pointer at address 0x%x (r_address 0x%x) in section (%.16s,%.16s)
0xa6384	internal error, in indirect_section_merge() section type (%lu) is not correct for an indirect section
0xa63ea	malformed object (section (%.16s,%.16s) size is not a multiple of %lu bytes)
0xa6438	malformed object (file has indirect section (%.16s,%.16s) but no dysymtab_command)
0xa648c	malformed object (index into indirect symbol table (reserved1 field) for indirect section (%.16s,%.16s) past the end of the table)
0xa6510	malformed object (indirect symbol table entriesfor section (%.16s,%.16s) extends past the end of the table)
0xa657c	indirect symbol:%s can not be a private extern
0xa65ac	interal error, indirect_section_merge() failed in looking up external symbol
0xa65fa	malformed object (bad indirect symbol table entry (%ld) (symbol at index %lu is a stab)
0xa6652	malformed object (bad indirect symbol table entry (%ld) (symbol at index %lu is not external)
0xa66b0	malformed object (lazy symbol pointer section (%.16s,%.16s) does not have is exactly one relocation entry for each pointer)
0xa672c	malformed object (stray relocation PAIR entry (%lu) in section (%.16s,%.16s))
0xa677a	malformed object (r_address (0x%x) field of relocation entry %ld in section (%.16s,%.16s) out of range)
0xa67e2	malformed object (relocation entry (%lu) in section (%.16s,%.16s) missing following associated PAIR entry)
0xa684e	malformed object, illegal reference (r_address (0x%x) field of relocation entry %lu in lazy symbol pointer section (%.16s,%.16s) is not a multiple of 4)
0xa68e8	malformed object, illegal reference (r_length (0x%x) field of relocation entry %lu in lazy symbol pointer section (%.16s,%.16s) is not 2 (long))
0xa697a	malformed object, illegal reference (r_pcrel (0x%x) field of relocation entry %lu in lazy symbol pointer section (%.16s,%.16s) is not 0 (FALSE))
0xa6a0c	malformed object, illegal reference (r_extern (0x%x) field of relocation entry %lu in lazy symbol pointer section (%.16s,%.16s) is not 0 (FALSE))
0xa6a9e	malformed object, illegal reference (r_type (0x%x) field of relocation entry %lu in lazy symbol pointer section (%.16s,%.16s) is not 0 (VANILLA))
0xa6b30	malformed object, illegal reference (relocation entry %lu in lazy symbol pointer section (%.16s,%.16s) is a scattered type)
0xa6bac	malformed object, illegal reference (reference from a lazy symbol pointer section (%.16s,%.16s) relocation entry (%lu) which is not to a symbol stub section)
0xa6c4a	internal error, in indirect_section_merge() symbol index %lu in above file not in undefined map
0xa6caa	illegal undefined reference for MH_DYLIB output file to symbol: %s from a symbol stub section (section (%.16s,%.16s) relocation entry: %lu)
0xa6d36	illegal external reference for MH_DYLIB output file to symbol: %s (not a private extern symbol) from a symbol stub section (section (%.16s,%.16s) relocation entry: %lu)
0xa6de0	malformed object, illegal reference (reference to a symbol stub not at the start of the stub from section (%.16s,%.16s) relocation entry (%lu))
0xa6e70	malformed object, illegal reference (reference to symbol stub in section (%.16s,%.16s) at address 0x%x from lazy pointer section (%.16s,%.16s) relocation entry (%lu) with non-matching indirect symbols)
0xa6f3a	malformed object, illegal reference (reference to a lazy symbol pointer section from section (%.16s,%.16s) relocation entry (%lu) which is not a symbol stub section)
0xa6fe0	malformed object, illegal reference (reference to lazy symbol pointer section (%.16s,%.16s) at address 0x%x from symbol stub section (%.16s,%.16s) relocation entry (%lu) with non-matching indirect symbols)
0xa70ae	can't use -s with input files containg indirect symbols (output file must contain at least global symbols, for maximum stripping use -x)
0xa7138	internal error, indirect_symbols != nindirectsyms in output_indirect_symbols()
0xa7188	module initialization function pointer section (%.16s,%.16s) size is not a multiple of 4 bytes
0xa71e8	module initialization function pointer section (%.16s,%.16s) does not have is exactly one relocation entry for each pointer
0xa7266	r_address (0x%x) field of relocation entry %ld in module initialization function pointer section (%.16s,%.16s) is not a multiple of 4
0xa72ec	r_length (0x%x) field of relocation entry %ld in module initialization function pointer section (%.16s,%.16s) is not 2 (long)
0xa736a	r_pcrel (0x%x) field of relocation entry %ld in module initialization function pointer section (%.16s,%.16s) is not 0 (FALSE)
0xa73e8	r_type (0x%x) field of relocation entry %ld in module initialization function pointer section (%.16s,%.16s) is not 0 (VANILLA)
0xa7468	aligment greater than 2 (2^2, 4 bytes) for module initialization function pointer section (%.16s,%.16s) (will leave holes with zeroes for pointers)
0xa74fc	stray relocation M98K_RELOC_PAIR entry (%lu) in section (%.16s,%.16s)
0xa7542	relocation entry (%lu) in section (%.16s,%.16s) missing following associated M98K_RELOC_PAIR entry
0xa75a6	relocation entry (%lu) in section (%.16s,%.16s) r_type is M98K_RELOC_SECTDIFF but relocation entry not scattered type
0xa761c	internal error, in m98k_reloc() symbol index %lu in above file not in undefined map
0xa7670	relocation error for relocation entry %lu in section (%.16s,%.16s) (relocated value not a multiple of 4 bytes)
0xa76e0	relocation error for relocation entry %lu in section (%.16s,%.16s) (displacement not a multiple of 4 bytes)
0xa774c	relocation overflow for relocation entry %lu in section (%.16s,%.16s) (displacement too large)
0xa77ac	stray relocation M88K_RELOC_PAIR entry (%lu) in section (%.16s,%.16s)
0xa77f2	relocation entry (%lu) in section (%.16s,%.16s) missing following associated M88K_RELOC_PAIR entry
0xa7856	relocation entry (%lu) in section (%.16s,%.16s) r_type is M88K_RELOC_SECTDIFF but relocation entry not scattered type
0xa78cc	internal error, in m88k_reloc() symbol index %lu in above file not in undefined map
0xa7920	stray relocation HPPA_RELOC_PAIR entry (%lu) in section (%.16s,%.16s)
0xa7966	relocation entry (%lu) in section (%.16s,%.16s) missing following associated HPPA_RELOC_PAIR entry
0xa79ca	relocation entry (%lu) in section (%.16s,%.16s) r_type is HPPA_RELOC_SECTDIFF but relocation entry not scattered type
0xa7a40	internal error, in hppa_reloc() symbol index %lu in above file not in undefined map
0xa7a94	relocation entry %lu in section (%.16s,%.16s) (branch offset not a multiple of 4)
0xa7ae6	stray relocation SPARC_RELOC_PAIR entry (%lu) in section (%.16s,%.16s)
0xa7b2e	relocation entry (%lu) in section (%.16s,%.16s) missing following associated SPARC_RELOC_PAIR entry
0xa7b92	relocation entry (%lu) in section (%.16s,%.16s) r_type is SPARC_RELOC_SECTDIFF but relocation entry not scattered type
0xa7c0a	internal error, in sparc_reloc() symbol index %lu in above file not in undefined map
0xa7c60	hppa7100LC
0xa7cda	in swap_object_headers(): malformed load command %lu (cmdsize not a multiple of sizeof(long))
0xa7d38	in swap_object_headers(): truncated or malformed load command %lu (extends past the end of the all load commands)
0xa7daa	in swap_object_headers(): malformed load command %lu (cmdsize is zero)
0xa7df2	in swap_object_headers(): malformed load command (inconsistant cmdsize in LC_SEGMENT command %lu for the number of sections)
0xa7e70	in swap_object_headers(): malformed load commands (LC_SYMTAB command %lu has incorrect cmdsize
0xa7ed0	in swap_object_headers(): malformed load commands (LC_DYSYMTAB command %lu has incorrect cmdsize
0xa7f32	in swap_object_headers(): malformed load command (LC_SYMSEG command %lu has incorrect cmdsize
0xa7f90	LC_IDFVMLIB
0xa7f9c	LC_LOADFVMLIB
0xa7faa	in swap_object_headers(): malformed load commands (%s command %lu has too small cmdsize field)
0xa800a	in swap_object_headers(): truncated or malformed load commands (name.offset field of %s command %lu extends past the end of all load commands)
0xa809a	LC_ID_DYLIB
0xa80a6	LC_LOAD_DYLIB
0xa80b4	in swap_object_headers(): malformed load commands (LC_PREBOUND_DYLIB command %lu has too small cmdsize field)
0xa8122	in swap_object_headers(): truncated or malformed load commands (name.offset field of LC_PREBOUND_DYLIB command %lu extends past the end of all load commands)
0xa81c0	in swap_object_headers(): truncated or malformed load commands (linked_modules.offset field of LC_PREBOUND_DYLIB command %lu extends past the end of all load commands)
0xa8268	LC_ID_DYLINKER
0xa8278	LC_LOAD_DYLINKER
0xa828a	LC_UNIXTHREAD
0xa8298	LC_THREAD
0xa82a2	in swap_object_headers(): malformed load commands (count not M68K_THREAD_STATE_REGS_COUNT for flavor number %lu which is a M68K_THREAD_STATE_REGS flavor in %s command %lu)
0xa834e	in swap_object_headers(): malformed load commands (count not M68K_THREAD_STATE_68882_COUNT for flavor number %lu which is a M68K_THREAD_STATE_68882 flavor in %s command %lu)
0xa83fc	in swap_object_headers(): malformed load commands (count not M68K_THREAD_STATE_USER_REG_COUNT for flavor number %lu which is a M68K_THREAD_STATE_USER_REG flavor in %s command %lu)
0xa84b0	in swap_object_headers(): malformed load commands (unknown flavor for flavor number %lu in %s command %lu can't byte swap it)
0xa852e	in swap_object_headers(): malformed load commands (count not M98K_THREAD_STATE_GRF_COUNT for flavor number %lu which is a M98K_THREAD_STATE_GRF flavor in %s command %lu)
0xa85d8	in swap_object_headers(): malformed load commands (count not M88K_THREAD_STATE_GRF_COUNT for flavor number %lu which is a M88K_THREAD_STATE_GRF flavor in %s command %lu)
0xa8682	in swap_object_headers(): malformed load commands (count not M88K_THREAD_STATE_XRF_COUNT for flavor number %lu which is a M88K_THREAD_STATE_XRF flavor in %s command %lu)
0xa872c	in swap_object_headers(): malformed load commands (count not M88K_THREAD_STATE_USER_COUNT for flavor number %lu which is a M88K_THREAD_STATE_USER flavor in %s command %lu)
0xa87d8	in swap_object_headers(): malformed load commands (count not M88110_THREAD_STATE_IMPL_COUNT for flavor number %lu which is a M88110_THREAD_STATE_IMPL flavor in %s command %lu)
0xa8888	in swap_object_headers(): malformed load commands (count not I860_THREAD_STATE_REGS_COUNT for flavor number %lu which is a I860_THREAD_STATE_REGS flavor in %s command %lu)
0xa8934	in swap_object_headers(): malformed load commands (count not i386_THREAD_STATE_COUNT for flavor number %lu which is a i386_THREAD_STATE flavor in %s command %lu)
0xa89d6	in swap_object_headers(): malformed load commands (count not i386_THREAD_FPSTATE_COUNT for flavor number %lu which is a i386_THREAD_FPSTATE flavor in %s command %lu)
0xa8a7c	in swap_object_headers(): malformed load commands (count not i386_THREAD_EXCEPTSTATE_COUNT for flavor number %lu which is a i386_THREAD_EXCEPTSTATE flavor in %s command %lu)
0xa8b2a	in swap_object_headers(): malformed load commands (count not i386_THREAD_CTHREADSTATE_COUNT for flavor number %lu which is a i386_THREAD_CTHREADSTATE flavor in %s command %lu)
0xa8bda	in swap_object_headers(): malformed load commands (count not HPPA_INTEGER_THREAD_STATE_COUNT for flavor number %lu which is a HPPA_INTEGER_THREAD_STATE flavor in %s command %lu)
0xa8c8c	in swap_object_headers(): malformed load commands (count not HPPA_FRAME_THREAD_STATE_COUNT for flavor number %lu which is a HPPA_FRAME_THREAD_STATE flavor in %s command %lu)
0xa8d3a	in swap_object_headers(): malformed load commands (count not HPPA_FP_THREAD_STATE_COUNT for flavor number %lu which is a HPPA_FP_THREAD_STATE flavor in %s command %lu)
0xa8de2	in swap_object_headers(): malformed load commands (count not SPARC_THREAD_STATE_REGS_COUNT for flavor number %lu which is a SPARC_THREAD_STATE_REGS flavor in %s command %lu)
0xa8e90	in swap_object_headers(): malformed load commands (count not SPARC_THREAD_STATE_FPU_COUNT for flavor number %lu which is a SPARC_THREAD_STATE_FPU flavor in %s command %lu)
0xa8f3c	in swap_object_headers(): malformed load commands (unknown cputype (%d) and cpusubtype (%d) of object and can't byte swap %s command %lu)
0xa8fc6	in swap_object_headers(): truncated or malformed load commands (cmdsize field of LC_IDENT command %lu extends past the end of the load commands)
0xa9058	in swap_object_headers(): malformed load commands (unknown load command %lu)
0xa90a6	in swap_object_headers(): truncated or malformed load commands (load command %lu extends past the end of all load commands)
0xa9122	in swap_object_headers(): malformed load commands (inconsistant sizeofcmds field in mach header)
0xa9184	internal error: reloc_pair_r_type() called with unknown cputype (%u)
0xa91ca	internal error: reloc_has_pair() called with unknown cputype (%u)
0xa920c	internal error: reloc_is_sectdiff() called with unknown cputype (%u)
0xa9252	Stream is neither readable nor writable in NXTell
0xa9286	Assertion failed: NXUngetc: last character read unknown
0xa92c0	(null pointer)
0xa92da	+Infinity
0xa92e4	-Infinity
0xa92ee	directory of '%s' at maximum depth
0xa9312	cannot reallocate directory for '%s'
0xa9338	cannot write directory for '%s'
0xa935a	cannot obtain leaf buffer for '%s'
0xa937e	cannot read leaf %ld for '%s'
0xa939e	database '%s' compressed or read only
0xa93c6	key not found in database '%s'
0xa93e6	current leaf invalid in database '%s'
0xa940e	rehash failed in database '%s'
0xa942e	cannot flush leaves in database '%s'
0xa9454	record size %d too large for '%s'
0xa9478	%.247s.C.XXXXXX
0xa9488	cannot create compression file for '%s'
0xa94b2	leaf read failed for '%s'
0xa94ce	leaf write failed for '%s'
0xa94ea	cannot replace leaf file for '%s'
0xa950e	database '%s' is read only
0xa952a	database '%s' is not compressed
0xa954c	%.247s.E.XXXXXX
0xa955c	cannot create expansion file for %s
0xa958a	cannot close database '%s'
0xa95b0	dbError: %d, 
0xa95be	directory of database '%s' corrupt
0xa95e2	directory of database '%s' over sized
0xa960a	directory of database '%s' under sized
0xa9632	cannot open file '%s'
0xa964a	cannot allocate descriptor for database '%s'
0xa9678	cannot read directory header for database '%s'
0xa96a8	bad magic number on database '%s'
0xa96cc	cannot allocate directory buffer for database '%s'
0xa9700	cannot create directory for database '%s'
0xa972c	cannot write directory header for '%s'
0xa9754	cannot create leaf file for '%s'
0xa9776	cannot allocate leaf buffer for '%s'
0xa979c	cannot write initial leaf for '%s'
0xa97c0	cannot lock database '%s'
0xa97dc	cannot remove database '%s'
0xa980e	/dev/tty
0xa9828	/.NeXTdefaults
0xa9842	NXFilePathSearch could not lookup user's home directory
0xa987a	NXFilePathSearch could not lookup home directory of %s
0xa98b8	badly formed array description
0xa98d8	can't determine size of struct: %s (not from protocol?)
0xa9912	copying a write buffer!
0xa992c	decodeBytes
0xa993a	_NXDecodeInt
0xa9948	_NXDecodeBool
0xa9958	encodeData:ofType: unencodable type (%s)
0xa9982	encodeData:ofType: can't encode struct %s
0xa99ae	encodeData:ofType: couldn't encode %s
0xa99d6	encodeData: unknown type descriptor %s
0xa99fe	decodeData:ofType: can't decode struct %s
0xa9a2a	decodeData:ofType: couldn't decode %s
0xa9a52	decodeData: unknown type descriptor %s
0xa9a7a	decodeMachPort
0xa9a8a	decodeVM
0xa9a94	encodeObject: %x (%s)
0xa9aac	encodeObjectBycopy: %x (%s)
0xa9aca	encodeObjectBycopy: object %x of class %s does not implement encodeUsing:
0xa9b16	decodeObject: nil object received
0xa9b3a	"decodeObject: class ""%s"" not loaded"
0xa9b5e	decodeObject-2
0xa9b6e	don't call finishEncodingAndStartDecoding without first setting msg
0xa9bb4	[finishEncoding send]
0xa9bca	finishEncoding: %d chars %d ints %d ports %d oolds
0xa9bfe	msg_rpcing to %d from %d
0xa9c18	msg_sending on %d
0xa9c2c	finishEncoding: send/receive error %d:%s
0xa9c56	destination invalid
0xa9c6a	send timed out
0xa9c7a	bad origination
0xa9c8a	receive timed out
0xa9c9c	Cannot send
0xa9ca8	tossing badly formed message
0xa9cc6	startDecodingWithMsg-char
0xa9ce0	startDecodingWithMsg-int
0xa9cfa	startDecodingWithMsg - ood
0xa9d16	startDecodingWithMsg-ports
0xa9d32	startDecoding: %d chars %d ints %d ports %d oolds from %d
0xa9d6e	msg_receiving on %d, timeout %d
0xa9d90	startDecoding: receive error %d:%s
0xa9db4	could not recieve
0xa9dc6	finishDecoding
0xa9dd6	finishDecoding-char
0xa9dea	finishDecoding: can't deallocate (chars)
0xa9e14	finishDecoding-int
0xa9e28	finishDecoding: can't deallocate (ints)
0xa9e50	got aMsg on port %d
0xa9e66	received reply message from port %d via dps
0xa9e94	exception during dispatch:%s
0xa9eb2	NXPortPortal at %x contents:
0xa9ed0	message type:
0xa9ef0	unknown!! : %x
0xa9f00	"%d max %d current chars:""%s"""
0xa9f1e	%d max %d current ints: 
0xa9f3c	%d max %d current ports: 
0xa9f5a	%d max %d current oolds
0xa9f74	addr %x size %x dealloc %d
0xa9f90	encodeMethodParams:onto: type=%s nargs %d
0xa9fbe	encodeMethodParams:onto: cannot extract %d argument for type desc %s
0xaa004	encodeMethodParams:onto: type=%s value=0x%x
0xaa032	bad out parameter (not a pointer) %s
0xaa058	decodeMethodParamsFrom: incompatible method params: %s, nargs %d want %d
0xaa0a2	bad size for type %s
0xaa0b8	bad type of parameter: %s
0xaa0d4	decodeMethodParamsFrom: type=%s value=0x%x
0xaa100	bad out/inout parameter type: %s
0xaa122	can't determine size of %s
0xaa13e	bad out parameter: %s
0xaa156	adding conn %x with inPortals %x (%d) outPortal %x (%d) root %x
0xaa198	freeing Connection %x
0xaa1b0	NXConnection: %x death notification for port %x (%d)
0xaa1e6	trying to change root of connection, old %x new %x
0xaa21a	setting root %x on connection %x
0xaa23c	entering bad NXProxy: %x %d
0xaa25a	entering proxy with conn %x to %x
0xaa27e	isRemote
0xaa290	new %s proxy %x for %x on conn %x
0xaa2b4	handleRequestOnPortal: id %x not available
0xaa2e2	handleRequestOnPortal: received message for %x with unknown sel: %s
0xaa328	handleRequestOnPortal: [0x%x '%s']
0xaa34c	Exception while executing remote message for [0x%x %s ...]
0xaa388	target not reachable
0xaa39e	   handleRequestOnPortal returning, exception %d
0xaa3d0	out of memory
0xaa3de	duplicate entry, seq # %u
0xaa3fa	hashgot stream %x (seq %u); might free %x
0xaa426	lost track of placeholder for seq %d
0xaa456	seq %u %s stored in hash table
0xaa476	[NXConnection run] - tossing received reply msg
0xaa4a8	uncaught exception : %d
0xaa4ca	remote object is not available
0xaa4ea	bad wire type
0xaa4f8	methodSignature for %s
0xaa510	entered forward:: [0x%x %s...]
0xaa530	messaging a local proxy
0xaa54a	messaging garbage!
0xaa55e	target does not implement method
0xaa580	in forward:: - made packet [%x (name %x) %s...] conn:%x
0xaa5ba	in forward:: selName=%s received answer
0xaa5e4	exception during remote execution
0xaa606	exiting forward:: - [%x (name %x) %s...] conn:%x
0xaa638	freeProxying %x
0xaa64a	already free
0xaa658	Remote Object 0x%x received free, wire = %d
0xaa686	encodeUsing: broken invariant
0xaa6a4	encodeUsing: invalid Proxy %x
0xaa6c4	decodeUsing: %x isRemote->isLocal
0xaa6e8	decodeUsing: not given away
0xaa704	decodeUsing: bad wire type: %x!
0xaa726	decodeUsing: protocol sent
0xaa742	decodeUsing: %x isLocal->isRemote
0xaa766	decodeUsing: %x isOther
0xaa780	decodeUsing: broken invariant
0xaa79e	encodeRemotelyFor - converting local 0x%x (%s) into remote on conn %x
0xaa7f2	bad protocol version
0xaa808	Internal error
0xaa82a	asking to notify nil object
0xaa846	port is no longer valid
0xaa85e	[NXPort free]: freeing MACH Port %d
0xaa884	not allowed
0xaa890	""""" """" """" """" 255 255 255 255 255 255 255 255"
0xaa8bc	NXCurrencyFormat
0xaa8d6	NXCurrencyGroup
0xaa8e6	"""."" """" 0"
0xaa8f0	NXNumberGroup
0xaa902	Unknown error
0xaa910	/tmp/u.XXXXXX
0xaa91e	/tmp/t.XXXXXX
0xaa92c	%H:%M:%S %Z
0xaa938	NSTimeFormatString
0xaa94c	%a %b %d %Y
0xaa958	NSDateFormatString
0xaa96c	%a %b %d %H:%M:%S %Z %Y
0xaa984	NSTimeDateFormatString
0xaa9aa	January February March April May June July August September October November December
0xaaa00	NSMonthNameArray
0xaaa12	Jan Feb Mar Apr May Jun Jul Aug Sep Oct Nov Dec
0xaaa42	NSShortMonthNameArray
0xaaa58	Sunday Monday Tuesday Wednesday Thursday Friday Saturday
0xaaa92	NSWeekDayNameArray
0xaaaa6	Sun Mon Tue Wed Thu Fri Sat
0xaaac2	NSShortWeekDayNameArray
0xaaaf4	: illegal option -- 
0xaab0a	: option requires an argument -- 
0xaab2e	/etc/passwd
0xaab3a	/dev/evs0
0xaab44	Evs_EventDeviceInfo
0xaab58	%.3s %.3s%3d %02d:%02d:%02d %d
0xaab78	localtime
0xaab82	/etc/zoneinfo
0xaac0c	/etc/disktab
0xaac1a	Disktab entry too long
0xaac4c	:/bin:/usr/bin
0xaac60	/etc/xtab
0xaac9a	/etc/fstab
0xaaca8	group.byname
0xaacba	group.bygid
0xaacc6	passwd.byname
0xaacd4	passwd.byuid
0xaace2	/etc/ttys
0xaad04	/bin/csh
0xaad16	/etc/shells
0xaad22	getwd: can't stat /
0xaad3a	getwd: can't stat .
0xaad52	getwd: can't open ..
0xaad68	getwd: read error in ..
0xaad88	No space for monitor buffer(s)
0xaada8	mcount: gmon.out
0xaadba	gmon.out
0xaadc4	mcount: tos overflow
0xaadda	initgroups: %s is in too many groups
0xaae00	setgroups
0xaae0a	Malloc corrupted entering malloc
0xaae2c	Malloc corrupted leaving malloc
0xaae4e	start add 0x%x size %d free %d
0xaae6e	zone 0x%x 
0xaae7a	valloced -- start add 0x%x size %d free 0
0xaaea6	ptr not in heap
0xaaeb8	Malloc corrupted entering realloc
0xaaedc	Malloc corrupted leaving realloc
0xaaefe	Malloc corrupted entering free
0xaaf1e	Malloc corrupted leaving free
0xaaf3e	n %d size 0x%x data %x 
0xaaf58	**Bad heap: left child to big 0x%x
0xaaf7c	**Bad heap: right child to big 0x%x
0xaafa2	**Bad free area not marked free
0xaafc4	**Bad heap: free area size is 0x%x
0xaafe8	**Bad heap: back pointer to free heap is bad
0xab016	**Bad heap: bad free area size
0xab036	number of regions used %d allocated %d
0xab05e	INTERNAL
0xab068	EXTERNAL
0xab07a	beginadd %x endadd %x zone 0x%x type %s 
0xab0a4	number of zones used %d allocated %d
0xab0ca	freen %d freemaxn %d 
0xab0e2	The free heap ---------------
0xab102	bad zone piece size of zero
0xab120	Smashed zone. Header size invalid
0xab144	back pointer number to the lastfree is bad
0xab170	back pointer to last free is bad
0xab192	lastfree is not really free
0xab1b0	end of last piece did not match end of zone
0xab1de	last piece in region bad
0xab1f8	beginadd %x endadd %x zonep 0x%x type %s 
0xab222	add 0x%x size 0x%x free %d lastguyfree %d
0xab24e	***bad piece at %x size of zero
0xab270	-------- extend point --------
0xab290	last piece in region is bad
0xab2ae	bad zone
0xab2b8	attempt to free or realloc space not in heap
0xab2e6	internal verification of memory heap failed
0xab314	attempt to free or realloc space already freed
0xab344	vm_copy failed
0xab354	vm_deallocate failed
0xab36a	vm_allocate failed
0xab37e	memory allocation error: 
0xab398	"%s ""%s"" %s %s %d %d"
0xab3ba	ndbm: split not paired
0xab3da	Unknown signal
0xab3ea	initstate: not enough state (%d bytes) with which to do jack; ignored.
0xab432	setstate: state info has been munged; not changed.
0xab472	Regular expression too long
0xab48e	No previous regular expression
0xab4ae	unmatched \(
0xab4bc	missing ]
0xab4c6	too many \(\) pairs
0xab4da	unmatched \)
0xab504	error %d
0xab50e	SECURITY ALERT -- SYSLOG BUFFER OVERRUN -- ABORTING
0xab5a4	GMT%c%d:%02d
0xab5ba	longjmp botch
0xab5ca	%d.%d.%d.%d
0xab666	Memory Access
0xab674	Illegal Instruction
0xab688	Arithmetic
0xab694	Emulation
0xab69e	Software
0xab6a8	Breakpoint
0xab6b4	Unknown exception
0xab6c6	%s: %s(%d)
0xab6d2	Memory access exception on address 0x%x (%s)
0xab700	Illegal instruction
0xab714	Arithmetic exception
0xab72a	Emulation exception
0xab73e	Software exception
0xab752	Breakpoint exception
0xab768	unknown exception
0xab77a	%s: %s(%d %d %d)
0xab78c	successful
0xab798	invalid address
0xab7a8	protection failure
0xab7bc	no space available
0xab7d0	invalid argument
0xab7ea	resource shortage
0xab7fc	not receiver
0xab80a	no access
0xab814	memory failure
0xab824	memory error
0xab832	port already in set
0xab846	port not member of set
0xab85e	name translation already exists
0xab87e	operation aborted
0xab890	bootstrap operation not privileged
0xab8b4	bootstrap operation name in use
0xab8d4	bootstrap unknown service
0xab8ee	bootstrap service already active
0xab910	bootstrap bad count
0xab924	bootstrap no memory
0xab938	invalid memory
0xab948	invalid port
0xab956	timed out
0xab960	will notify
0xab96c	notify in progress
0xab980	kernel refused message
0xab998	send interrupted
0xab9aa	send message too large
0xab9c2	send message too small
0xab9da	message too large
0xab9ec	no space for message data
0xaba06	only sender remaining
0xaba1c	receive interrupted
0xaba30	port receiver changed or port became enabled
0xaba5e	Type check failure in message interface
0xaba86	Wrong return message ID
0xaba9e	Server detected error
0xabab4	Bad message ID
0xabac4	Server found wrong arguments
0xabae2	No reply should be sent
0xabafa	Server raised exception
0xabb12	User specified array not large enough for return info
0xabb48	Netnameserver: name is not yours
0xabb6a	Netnameserver: name not checked in
0xabb8e	Netnameserver: no such host
0xabbaa	Netnameserver: host not found
0xabbc8	unknown error
0xabbd6	NetMessage
0xabc0a	MicroVax I
0xabc16	MicroVax II
0xabc46	Intel 386
0xabc50	Intel 486
0xabc5a	Intel 586
0xabc64	Unknown Subtype
0xabcb8	Unknown CPU
0xabcc4	Big Endian
0xabcd0	Little Endian
0xabcde	Intel 80586SX
0xabcec	Intel 80586
0xabcf8	Intel 80486SX
0xabd06	Intel 80486
0xabd12	Motorola 68040
0xabd22	Motorola 68030
0xabd32	HP-PA 7100LC
0xabd40	Architecture Independent
0xabd66	Power PC
0xabd70	Motorola 88K
0xabd7e	Motorola 68K
0xabd8c	Intel 860
0xabd96	Intel 80x86
0xabdb8	 %x:%x:%x:%x:%x:%x %s
0xabdce	%x:%x:%x:%x:%x:%x
0xabde0	 %x:%x:%x:%x:%x:%x
0xabdf4	ethers.byname
0xabe0a	ethers.byaddr
0xabe18	networks.byaddr
0xabe28	networks.byname
0xabe40	Cycle detected in /etc/netgroup: %s.
0xabe6c	syntax error in /etc/netgroup
0xabe94	protocols.bynumber
0xabea8	protocols.byname
0xabebe	netgroup.byuser
0xabece	netgroup.byhost
0xabede	innetgr: recursive overflow
0xabefc	netgroup
0xabf06	innetgr: netgroup %s called recursively
0xabf30	innetgr: syntax error in /etc/netgroup
0xabf5a	%s: unknown host
0xabf6c	socket: All ports in use
0xabf86	rcmd: socket
0xabf94	connect to address %s: 
0xabfac	Trying %s...
0xabfba	write: setting up stderr
0xabfdc	socket: protocol failure in circuit setup.
0xac008	Protocol error, %s closed connection
0xac02e	Protocol error, %s sent %d bytes
0xac050	/etc/hosts.equiv
0xac062	/.rhosts
0xac06c	rexec: socket
0xac07a	getsockname
0xac086	Name (%s:%s): 
0xac096	Password (%s:%s): 
0xac0dc	password
0xac0f4	%s/.netrc
0xac0fe	Error - .netrc file not correct mode.
0xac126	Remove password or correct mode.
0xac148	Unknown .netrc option %s
0xac164	/etc/utmp
0xac172	Can't make key
0xac18a	ZONEINIT
0xac194	UPDATEMA
0xac1a6	UPDATEDA
0xac1ee	NOCHANGE
0xac21e	NXDOMAIN
0xac228	SERVFAIL
0xac27a	ftp-data
0xac2f4	hostnames
0xac2fe	iso-tsap
0xac30e	x400-snd
0xac318	csnet-ns
0xac33c	uucp-path
0xac372	snmp-trap
0xac37c	print-srv
0xac3c0	;; res options:
0xac3d4	;; ->>HEADER<<- opcode: %s, status: %s, id: %d
0xac404	; flags:
0xac426	; Ques: %d
0xac432	, Ans: %d
0xac43c	, Auth: %d
0xac448	, Addit: %d
0xac454	;; QUESTIONS:
0xac468	, type = %s
0xac474	, class = %s
0xac482	;; ANSWERS:
0xac490	;; AUTHORITY RECORDS:
0xac4a8	;; ADDITIONAL RECORDS:
0xac4c1	;; ...truncated
0xac4d3	;; ...malformed
0xac4f2	; proto %d, port %d
0xac50d	;; *** Warning *** OS-type missing
0xac53b	; serial
0xac54d	; refresh (%s)
0xac565	; retry (%s)
0xac57b	; expire (%s)
0xac593	; minimum (%s)
0xac5b1	%s %s ( 
0xac5c6	;; packet size error (found %d, dlen was %d)
0xac64e	NSAP_PTR
0xac6e8	insecure1
0xac6f2	insecure2
0xac70e	%d day%s
0xac718	%d hour%s
0xac722	%d min%s
0xac72c	%d sec%s
0xac736	LOCALDOMAIN
0xac742	/etc/resolv.conf
0xac760	nameserver
0xac76c	sortlist
0xac784	RES_OPTIONS
0xac794	";; res_setoptions(""%s"", ""%s"")..."
0xac7c1	ndots=%d
0xac7cc	";; res_setoptions(""%s"", ""%s"").."
0xac7f8	/locations/resolver
0xac810	;; res_mkquery(%d, %s, %d, %d)
0xac830	;; res_query(%s, %d, %d)
0xac84a	;; res_query: mkquery failed
0xac868	;; res_query: send error
0xac882	;; rcode = %d, ancount=%d
0xac8a4	;; res_querydomain(%s, %s, %d, %d)
0xac8c8	%.*s.%.*s
0xac8d2	HOSTALIASES
0xac8de	res_send: %s ([%s].%u): %s
0xac8fa	res_send: %s: %s
0xac90c	;; res_send()
0xac91c	;; Querying server (# %d) address = %s
0xac944	socket(vc)
0xac950	connect/vc
0xac95c	write failed
0xac96a	read failed
0xac976	;; response truncated
0xac98e	read(vc)
0xac998	socket(dg)
0xac9a4	connect(dg)
0xac9c6	;; timeout
0xac9d2	recvfrom
0xac9dc	;; old answer:
0xac9ec	;; not our server:
0xaca00	;; wrong query name:
0xaca16	server rejected query:
0xaca2e	;; truncated answer
0xaca44	;; got answer:
0xaca54	"gethostby*.getanswer: asked for ""%s"", got CNAME for ""%s"""
0xaca8e	"gethostby*.getanswer: asked for ""%s %s %s"", got type ""%s"""
0xacac8	size (%d) too big
0xacadc	Too many addresses (%d)
0xacaf6	Impossible condition (type=%d)
0xacb16	res_search failed (%d)
0xacb2e	%u.%u.%u.%u.in-addr.arpa
0xacb48	res_query failed (%d)
0xacb60	0.0.0.%u.in-addr.arpa
0xacb76	0.0.%u.%u.in-addr.arpa
0xacb8e	0.%u.%u.%u.in-addr.arpa
0xacba6	res_query failed
0xacbb8	No address associated with name
0xacbd8	Unknown server error
0xacbee	Host name lookup failure
0xacc08	Unknown host
0xacc16	Resolver Error 0 (no error)
0xacc32	Resolver internal error
0xacc4a	Unknown resolver error
0xacc62	/etc/hosts
0xacc6e	hosts.byname
0xacc7c	hosts.byaddr
0xacc8a	alias_getbyname
0xacc9a	alias_getent
0xacca8	bootp_getbyether
0xaccba	bootp_getbyip
0xaccc8	bootparams_getbyname
0xaccde	getgrgid
0xacce8	getgrnam
0xaccf2	initgroups
0xaccfe	getgrent
0xacd08	group.byusr
0xacd14	gethostbyaddr
0xacd22	gethostbyname
0xacd30	gethostent
0xacd3c	getmntent
0xacd46	getnetbyaddr
0xacd54	getnetbyname
0xacd62	getnetent
0xacd74	getnetgrent
0xacd80	getprotobynumber
0xacd92	getprotobyname
0xacda2	getprotoent
0xacdae	prdb_getbyname
0xacdbe	prdb_get
0xacdc8	getpwuid
0xacdd2	getpwnam
0xacddc	getpwent
0xacde6	getrpcbynumber
0xacdf6	getrpcbyname
0xace04	getrpcent
0xace0e	getservbyport
0xace1c	getservbyname
0xace2a	getservent
0xace36	Communication failure
0xace4c	Invalid operation on master
0xace68	Invalid domain
0xace78	Master server is busy
0xace8e	No such user
0xace9c	Authentication error
0xaceb2	No such tag
0xacebe	Duplicate domain tag: can't serve it
0xacee4	Can't find address of server
0xacf02	Operation makes no sense on clone
0xacf24	Can't regenerate: already in use
0xacf46	Remote system error
0xacf5a	No writes allowed: all objects are read-only
0xacf88	No response from remote parent
0xacfa8	Hit network root domain
0xacfc0	Serialization error
0xacfd4	Object is not child of parent: cannot destroy
0xad002	Cannot delete name object with children
0xad02a	No such name
0xad038	No such property
0xad04a	No such directory
0xad05c	Permission denied
0xad06e	No space available for write operation
0xad096	Write attempted on stale version of object
0xad0c2	ID is invalid
0xad0d0	Operation succeeded
0xad0e4	(unknown error)
0xad0fc	machines
0xad106	ip_address
0xad12a	NetInfo timeout connecting to local domain, sleeping
0xad160	NetInfo connection to local domain waking
0xad18a	NetInfo connect call to: %s/%s (local %d)
0xad1b4	NetInfo connect call to: %s/%s (network %d)
0xad1e0	NetInfo connect call to: %s/%s (world %d)
0xad20a	NetInfo connect timeout (domain with master %s/%s), sleeping
0xad248	NetInfo connect timeout (domain with server %s/%s), sleeping
0xad286	NetInfo connected to %s/%s
0xad2a2	NetInfo connection failed for server %s/%s
0xad2ce	NetInfo connection timeout
0xad2ea	%s on connection to %s/%s
0xad304	%s on initial connection to %s/%s
0xad326	NetInfo timeout finding server for parent of %s/%s, sleeping
0xad364	NetInfo %s/%s found parent %s/%s
0xad386	Rogue NetInfo server detected: %s/%s
0xad3ac	/etc/printcap
0xad3ca	authunix_create: out of memory
0xad3ea	authunix_create:  xdr_authunix_parms failed
0xad416	authunix_create_default:  gethostname failed:  %m
0xad448	authunix_create_default:  getgroups failed:  %m
0xad478	auth_none.c - Fatal marshalling problem
0xad4a0	; errno = %s
0xad4ae	; low version = %lu, high version = %lu
0xad4d6	; why = 
0xad4e0	(unknown authentication error - %d)
0xad504	; s1 = %lu, s2 = %lu
0xad51a	RPC: Failed (unspecified error)
0xad53a	RPC: Program not registered
0xad556	RPC: Port mapper failure
0xad570	RPC: Unknown protocol
0xad586	RPC: Unknown host
0xad598	RPC: Remote system error
0xad5b2	RPC: Server can't decode arguments
0xad5d6	RPC: Procedure unavailable
0xad5f2	RPC: Program/version mismatch
0xad610	RPC: Program unavailable
0xad62a	RPC: Authentication error
0xad644	RPC: Incompatible versions of RPC
0xad666	RPC: Timed out
0xad676	RPC: Unable to receive
0xad68e	RPC: Unable to send
0xad6a2	RPC: Can't decode result
0xad6bc	RPC: Can't encode arguments
0xad6d8	RPC: Success
0xad6e6	RPC: (unknown error code)
0xad704	Error %d
0xad70e	Failed (unspecified error)
0xad72a	Invalid server verifier
0xad742	Client credential too weak
0xad75e	Server rejected verifier
0xad778	Invalid client verifier
0xad790	Server rejected credential
0xad7ac	Invalid client credential
0xad7c6	Authentication OK
0xad7d8	clntraw_create - Fatal header serialization error.
0xad80c	clnttcp_create: out of memory
0xad82a	clntudp_create: out of memory
0xad848	get_myaddress: socket: %m
0xad862	get_myaddress: ioctl (get interface configuration): %m
0xad89a	get_myaddress: ioctl: %m
0xad8b4	rpc.bynumber
0xad8c2	multi_call: socket: %m
0xad8da	Cannot send multicall packet to %s: %m
0xad902	select failure: %m
0xad916	%s.%d@%s
0xad920	%s.%s@%s
0xad934	Cannot register service
0xad94c	pmap_getmaps rpc problem
0xad966	broadcast: ioctl (get interface configuration): %m
0xad99a	broadcast: ioctl (get interface flags): %m
0xad9c6	Cannot create socket: %m
0xad9e0	Cannot set socket option SO_BROADCAST: %m
0xada0a	Cannot send broadcast packet: %m
0xada2c	Broadcast select problem: %m
0xada4a	Cannot receive reply to broadcast: %m
0xada70	bad auth_len gid %d str %d auth %d
0xada94	svc_run: select failed: %m
0xadab0	can't reassign procedure number %d
0xadad4	couldn't create an rpc server
0xadaf2	couldn't register prog %d vers %d
0xadb14	registerrpc: out of memory
0xadb30	svc_sendreply failed
0xadb46	trouble replying to prog %d
0xadb62	never registered prog %d
0xadb7c	svctcp_create - tcp socket creation problem: %m
0xadbac	svctcp_create - cannot getsockname or listen: %m
0xadbde	svctcp_create: out of memory
0xadbfc	svc_tcp: makefd_xprt: out of memory
0xadc20	svcudp_create: socket creation problem: %m
0xadc4c	svcudp_create - cannot getsockname: %m
0xadc74	svcudp_create: out of memory
0xadc92	enablecache: cache already enabled
0xadcb6	enablecache: could not allocate cache
0xadcdc	enablecache: could not allocate cache data
0xadd08	enablecache: could not allocate cache fifo
0xadd34	cache_set: victim not found
0xadd50	cache_set: victim alloc failed
0xadd70	cache_set: could not allocate new rpc_buffer
0xadd9e	_svcauth_des:  key_decryptsessionkey failed
0xaddca	_svcauth_des:  bad nickname
0xadde6	_svcauth_des:  decryption failure
0xade08	_svcauth_des:  window verifier mismatch
0xade30	_svcauth_des:  replayed credential
0xade54	_svcauth_des:  invalid usecs
0xade72	_svcauth_des:  timestamp before last seen
0xade9c	_svcauth_des:  timestamp expired
0xadebe	_svcauth_des:  encryption failure
0xadee0	_svcauth_des:  out of memory
0xadefe	authdes_getucred:  invalid nickname
0xadf22	authdes_getucred:  unknown netname
0xadf46	authdes_getucred:  missed ucred cache
0xadf6c	xdr_bytes: out of memory
0xadf86	xdr_string: out of memory
0xadfa0	xdr_array: out of memory
0xadfba	xdrrec_create: out of memory
0xadfd8	xdr_reference: out of memory
0xadff6	__dyld_fork_prepare
0xae00a	__dyld_fork_parent
0xae01e	__dyld_fork_child
0xae030	__dyld_fork_child_final
0xae04e	msg_send
0xae064	getrlimit
0xae06e	yp operation succeeded
0xae086	args to yp function are bad
0xae0a2	RPC failure on yp operation
0xae0be	can't bind to a server which serves domain
0xae0ea	no such map in server's domain
0xae10a	no such key in map
0xae11e	internal yp server or client error
0xae142	local resource allocation failure
0xae164	no more records in map database
0xae184	can't communicate with portmapper
0xae1a6	can't communicate with ypbind
0xae1c4	can't communicate with ypserv
0xae1e2	local domain name not set
0xae1fc	yp map data base is bad
0xae214	yp client/server version mismatch
0xae236	permission denied
0xae248	database is busy
0xae25a	unknown yp client error code
0xae278	yp_all - TCP channel create failure
0xae29c	yp_all - RPC clnt_call (TCP) failure
0xae2c2	/etc/yp/binding
0xae2d2	0123456789
0xae2de	load_dom_binding:  malloc failure.
0xae302	*** NXCreateHashTable: invalid style
0xae328	*** NXCreateHashTable: bug
0xae344	*** hashtable: count differs after rehashing; probably indicates a broken invariant: there are x and y such as isEqual(x, y) is TRUE but hash(x) != hash (y)
0xae3e2	*** NXUniqueString: invariant broken
0xae408	*** NXCreateMapTable: invalid creation parameters
0xae43c	*** maptable: count differs after rehashing; probably indicates a broken invariant: there are x and y such as isEqual(x, y) is TRUE but hash(x) != hash (y)
0xae4da	*** NXMapInsert: invalid key: -1
0xae4fc	**** NXMapInsert: bug
0xae514	**** NXMapRemove: incorrect table
0xae538	**** NXMapRemove: bug
0xae550	cacheUpdateLock
0xae560	cacheCollectionLock
0xae574	messageLock
0xae580	FREED(id)
0xae58a	NONEXISTENT(id)
0xae59e	class `%s' not linked into application
0xae5ca	please link appropriate classes in your program
0xae5fa	unable to allocate space
0xae614	%c %s %s %s
0xae622	%d found %x %x: %s
0xae636	/tmp/msgSends-%d
0xae648	Object: SubTypeUntil: end of type encountered prematurely
0xae68a	objc: task_thread failed
0xae6a4	OBJC_REPORT_GARBAGE
0xae6b8	objc: total of %d bytes of garbage ...
0xae6e0	below threshold
0xae6f2	collecting!
0xae700	in critical region
0xae714	messageLock taken
0xae728	does not recognize 
0xae73e	no instance-method cache for class %s
0xae766	instance-method cache for class %s:
0xae78c	no class-method cache for class %s
0xae7b0	class-method cache for class %s:
0xae7da	duplicates = %d
0xae7ec	total cache fills = %d
0xae80a	instance
0xae814	%u %s-method caches (out of %u classes):
0xae83f	%s-method cache size distribution:
0xae864	  %d slots: %u
0xae874	  %u %s-method caches with %d slots (%u%% efficiency):
0xae8ac	  %.2f average entries (%u maximum)
0xae8d2	  %.2f average lookup chain (%u maximum)
0xae8fc	  %.2f average miss chain (%u maximum)
0xae924	cummulative method cache statistics:
0xae94a	  %u entries in %u slots (%u%% efficiency)
0xae976	  %u negative entries (%u%%)
0xae994	  %lu bytes malloced data
0xae9b0	lookup chain length distribution:
0xae9d4	  length %u: %u
0xae9e7	miss chain length distribution:
0xaea08	%p != %p but !strcmp(%s, %s)
0xaea26	objc: %s: %s
0xaea34	objc: %s
0xaea3e	objc: %s
0xaea48	__module_info
0xaea5e	__runtime_setup
0xaea6e	__meth_var_names
0xaea80	__selector_strs
0xaea90	__message_refs
0xaeaa0	__sel_backref
0xaeaae	__protocol
0xaeaba	__string_object
0xaeaca	__cls_refs
0xaead6	NXConstantString
0xaeae8	Unable to install protocols by name...
0xaeb10	Class %s must be recompiled.
0xaeb2e	loadLock
0xaeb38	objc_loadModules(%s) NSObjectFileImageReturnCode = %d
0xaeb70	objc_unloadModules(): No modules to unload
0xaeb9c	class %d: %s
0xaebaa	classLock
0xaebb4	unable to allocate module vector
0xaebd6	unable to remove category %s...
0xaebf8	class `%s' not linked into application
0xaec20	unable to add protocols from category %s...
0xaec4e	class `%s' must be recompiled
0xaec6e	unable to add category %s...
0xaec8c	Both %s and %s have implementations of class %s.
0xaecbe	Using implementation from %s.
0xaecdc	.objc_class_name_
0xaecee	.objc_category_name_
0xaed04	undoing preuniquing for %s
0xaed20	bashing 0x%x with sel (0x%x) '%s'
0xaed44	uniquing selectors for %s
0xaed60	   uniquing message_refs
0xaed7a	   uniquing method lists
0xaed9c	rocketLaunching == %s
0xaedb4	backing off because no backref table for: %s
0xaede2	installing backref table for: %s
0xaee04	OBJC_DISABLE_OBJCUNIQUE
0xaee1c	OBJC_UNIQUE_DEBUG
0xaee2e	OBJC_INIT_TIME
0xaee3e	OBJC_DUMP_CLASSES
0xaee54	_objcInit took %f seconds (selector uniqing is %s)
0xaee88	cow_faults: %d
0xaee98	dynamic hash entries = %d
0xaeeb4	classes...
0xaeec0	unlinking is not supported in this version of Objective C
0xaeefc	selectorLock
0xaef0a	found %s
0xaef14	Z: (%p) %s ==> (%p) %s
0xaef2c	A: (%p) %s ==> (%p) %s
0xaef44	B: (%p) %s ==> (%p) %s
0xaef5c	C: (%p) %s ==> (%p) %s
0xaef74	bsearch failure...
0xaef88	D: (%p) %s ==> (%p) %s
0xaefa8	freeze-dried
0xaefb6	%s selector hashtable for %s:
0xaefd6	slot[%u]: 
0xaefe2	%s selector hashtable for %s (depth = %u):
0xaf00e	%u entries in %u slots (%.2f entries/slot)
0xaf03a	%u empty slots (%u%%)
0xaf052	%u redundant entries (%u%%)
0xaf070	%.2f average lookup chain (%u maximum)
0xaf098	%.2f average miss chain (%u maximum)
0xaf0be	%u bytes malloced data + %u bytes shared data
0xaf0ee	%u bytes malloced data
0xaf106	cummulative selector hashtable statistics:
0xaf132	%.2f average lookup depth (%u maximum)
0xaf15a	%u miss depth
0xaf16a	<%s: 0x%x>
0xaf176	Protocol %s must be recompiled.
0xaf198	Exception handlers were not properly removed.
0xaf1c6	Attempt to remove unrecognized exception handler.
0xaf1f8	Uncaught exception #%d
0xaf210	moninitobjc is obsoleted, refer to documentation for how to do profiling
0xaf25a	Does not recognize selector %s
0xaf27a	*** HashTable: count differs after rehashing; probably indicates a broken invariant: there are x and y such as isEqual(x, y) is TRUE but hash(x) != hash (y)
0xaf31c	HashTable
0xaf32a	%s[0x%x]
0xaf334	%d[0x%x]
0xaf34a	Table [%s -> %s]: 
0xaf35d	count: %d
0xaf367	capacity: %d
0xaf386	category of
0xaf392	Loading %s '%s'
0xaf3a4	Error loading %s
0xaf3b6	Couldn't find %s in bundle for %s
0xaf3d8	Language
0xaf3ea	NXLanguage
0xaf3f6	/version
0xaf40a	/NextLibrary/Languages/%s%s.lproj/%s
0xaf430	/NextLibrary/Languages/%s%s.lproj
0xaf452	/usr/lib/
0xaf45c	%s/%s.lproj
0xaf468	Localizable
0xaf47c	*** NXPropertyList: Syntax error line %u
0xaf4b8	NXPropertyList: discarded input at line %u of file %s
0xaf4f0	*** NXCleanList: Syntax error line %u
0xaf528	NXSimpleReadOnlyString
0xaf540	Out of bounds
0xaf54e	NXString error %d: %s
0xaf564	%s, length %d: 
0xaf580	NXStringTable: parse error before end of stream
0xaf5b0	NXStringTable: parse error before '%c'
0xaf5e0	*** -[Storage initCount:elementSize:description:]: count cannot be greater than 0xD0000000
0xaf63c	*** -[Storage setNumSlots:]: numSlots cannot be greater than 0xD0000000
0xaf686	*** -[Storage setAvailableCapacity:]: numSlots cannot be greater than 0xD0000000
0xaf6d8	*** -[Storage addElement:]: adding element would cause numSlots to be greater than 0xD0000000
0xaf738	*** -[Storage insertElement:at:]: index cannot be greater than 0xD0000000
0xaf796	expecting a reading stream
0xaf7b2	expecting a writing stream
0xaf7ce	file inconsistency: read '%s', expecting '%s'
0xaf7fc	class error for '%s': %s
0xaf816	type descriptor error for '%c': %s
0xaf83a	typedstream: snail? cannot recognize byte sex.
0xaf86a	NXOpenTypedStream: invalid mode
0xaf88a	NXOpenTypedStream: null stream
0xaf8aa	typedstream
0xaf8b6	streamtyped
0xaf8c2	file cannot be saved
0xaf8d8	missing ']' in type descriptor
0xaf8f8	unknown type descriptor
0xaf910	excess characters in type descriptor
0xaf943	Written %s object %s: %ld bytes
0xaf964	found null class
0xaf976	NXReadObject: inconsistency between written data and read:
0xaf9b2	class not loaded
0xaf9c4	wrong super class
0xaf9d6	NXWriteRootObject: already done
0xaf9f6	NXWriteObjectReference: NXWriteRootObject has not been previously done
0xafa3e	NXOpenTypedStreamForFile: invalid mode
0xafa6e	__dyld_image_count
0xafa82	__dyld_get_image_header
0xafa9a	__dyld_get_image_vmaddr_slide
0xafab8	__dyld_get_image_name
0xaface	__dyld_moninit
0xafade	__dyld_launched_prebound
0xafaf8	__dyld_lookup_and_bind
0xafb10	__dyld_lookup_and_bind_objc
0xafb2c	__dyld_lookup_and_bind_fully
0xafb4a	__dyld_bind_fully_image_containing_address
0xafb76	__dyld_register_func_for_add_image
0xafb9a	__dyld_register_func_for_link_module
0xafbc0	__dyld_register_func_for_unlink_module
0xafbe8	__dyld_register_func_for_replace_module
0xafc10	__dyld_get_objc_module_sect_for_module
0xafc38	__dyld_bind_objc_module
0xafc50	__dyld_install_handlers
0xafc68	__dyld_NSNameOfModule
0xafc7e	__dyld_NSLibraryNameForModule
0xafc9c	__dyld_NSIsSymbolNameDefined
0xafcba	__dyld_NSLookupAndBindSymbol
0xafcd8	__dyld_NSNameOfSymbol
0xafcee	__dyld_NSAddressOfSymbol
0xafd08	__dyld_NSModuleForSymbol
0xafd22	__dyld_NSAddLibrary
0xafd42	can't allocate memory for NSObjectFileImage
0xafd6e	can't determine the host architecture (specify an arch_flag or fix get_arch_from_host() )
0xafdc8	fat file: %s architecture %s is not an archive (object_name to ofile_map() can't be specified to be other than NULL)
0xafe3e	file: %s is not an archive (object_name to ofile_map() can't be specified to be other than NULL)
0xafea0	object file: %s(%.*s) does not match specified arch_flag: %s passed to ofile_map()
0xafef4	archive file: %s objects do not match specified arch_flag: %s passed to ofile_map()
0xaff48	Can't vm_deallocate mapped memory for file: %s
0xaff78	ofile_first_arch() called and file type of: %s is not a fat file
0xaffba	ofile_next_arch() called and file type of: %s is not a fat file
0xafffc	internal error. ofile_specific_arch() called but file is not a fat file or an archive with a fat member 
0xb0066	ofile_first_member() called on fat file: %s with a non-archive architecture or no architecture selected
0xb00d0	ofile_first_member() called and file type of %s is OFILE_UNKNOWN
0xb0112	internal error. ofile_first_member() called but file does not have an archive magic string
0xb016e	truncated or malformed (archive header of first member extends past the end of the file)
0xb01c8	fat file truncated or malformed (fat_arch structs would extend past the end of the archive member)
0xb022c	ofile_next_member() called on fat file: %s with a non-archive architecture or no architecture selected
0xb0294	ofile_next_member() called and file type of %s is OFILE_UNKNOWN
0xb02d6	internal error. ofile_next_member() called but file does not have an archive magic string
0xb0330	internal error. ofile_next_member() called but the ofile struct does not have an archive member selected
0xb039a	truncated or malformed (archive header of next member extends past the end of the file)
0xb03f2	ofile_specific_member() called on fat file: %s with a non-archive architecture or no architecture selected
0xb045e	ofile_specific_member() called and file type of %s is OFILE_UNKNOWN
0xb04a4	internal error. ofile_specific_member() called but file does not have an archive magic string
0xb0502	does not contain a member named: %s
0xb0526	ofile_first_module() called on fat file: %s with a non-MH_DYLIB architecture or no architecture selected
0xb0590	ofile_first_module() called and file type of %s is non-MH_DYLIB
0xb05d2	MH_DYLIB format error (does not have a symbol table and/or a dynamic symbol table)
0xb0626	ofile_next_module() called on fat file: %s with a non-MH_DYLIB architecture or no architecture selected
0xb0690	ofile_next_module() called and file type of %s is non-MH_DYLIB
0xb06d0	ofile_specific_module() called on fat file: %s with a non-MH_DYLIB architecture or no architecture selected
0xb073e	ofile_specific_module() called and file type of %s is non-MH_DYLIB
0xb0782	does not contain a module named: %s
0xb07a6	internal error. check_fat() call and file type of: %s is not OFILE_FAT
0xb07ee	internal error. check_fat_object_in_archive() called and file type of: %s is not OFILE_ARCHIVE
0xb084e	fat file malformed (contains zero architecture types)
0xb0884	fat file truncated or malformed (offset plus size of cputype (%d) cpusubtype (%d) extends past the end of the file)
0xb08f8	fat file's align (2^%lu) too large for cputype (%d) cpusubtype (%d) (maximum 2^%d)
0xb094c	fat file's offset: %lu for cputype (%d) cpusubtype (%d) not aligned on it's alignment (2^%lu)
0xb09aa	fat file for cputype (%d) cpusubtype (%d) is not an object file (size too small to be an object file)
0xb0a10	fat file for cputype (%d) cpusubtype (%d) is not an object file (bad magic number)
0xb0a64	fat file contains two of the same architecture (cputype (%d) cpusubtype (%d))
0xb0ab2	internal error. check_archive() call and file type of %s is OFILE_UNKNOWN
0xb0afe	internal error. check_archive() call for file %s which does not have an archive magic string
0xb0b5c	is a fat file (not allowed in an archive)
0xb0b86	cputype (%d) does not match previous archive members cputype (%d) (all members must match)
0xb0be2	malformed fat file (fat header architecture: %lu's cputype does not match object file's mach header)
0xb0c48	malformed object (load command %lu cmdsize not a multiple of sizeof(long))
0xb0c94	truncated or malformed object (load command %lu extends past the end of the file)
0xb0ce6	malformed object (load command %lu cmdsize is zero)
0xb0d1a	malformed object (inconsistant cmdsizein LC_SEGMENT command %lu for the number of sections)
0xb0d76	truncated or malformed object (LC_SEGMENT command %lu fileoff field extends past the end of the file)
0xb0ddc	truncated or malformed object (LC_SEGMENT command %lu fileoff field plus filesize field extends past the end of the file)
0xb0e56	truncated or malformed object (offset field of section %lu in LC_SEGMENT command %lu extends past the end of the file)
0xb0ece	truncated or malformed object (offset field plus size field of section %lu in LC_SEGMENT command %lu extends past the end of the file)
0xb0f56	truncated or malformed object (reloff field of section %lu in LC_SEGMENT command %lu extends past the end of the file)
0xb0fce	truncated or malformed object (reloff field plus nreloc field times sizeof(struct relocation_info) of section %lu in LC_SEGMENT command %lu extends past the end of the file)
0xb107c	malformed object (more than one LC_SYMTAB command)
0xb10b0	malformed object (LC_SYMTAB command %lu has incorrect cmdsize)
0xb10f0	truncated or malformed object (symoff field of LC_SYMTAB command %lu extends past the end of the file)
0xb1158	truncated or malformed object (symoff field plus nsyms field times sizeof(struct nlist) of LC_SYMTAB command %lu extends past the end of the file)
0xb11ec	truncated or malformed object (stroff field of LC_SYMTAB command %lu extends past the end of the file)
0xb1254	truncated or malformed object (stroff field plus strsize field of LC_SYMTAB command %lu extends past the end of the file)
0xb12ce	malformed object (more than one LC_DYSYMTAB command)
0xb1304	malformed object (LC_DYSYMTAB command %lu has incorrect cmdsize)
0xb1346	truncated or malformed object (tocoff field of LC_DYSYMTAB command %lu extends past the end of the file)
0xb13b0	truncated or malformed object (tocoff field plus ntoc field times sizeof(struct dylib_table_of_contents) of LC_DYSYMTAB command %lu extends past the end of the file)
0xb1456	truncated or malformed object (modtaboff field of LC_DYSYMTAB command %lu extends past the end of the file)
0xb14c2	truncated or malformed object (modtaboff field plus nmodtab field times sizeof(struct dylib_module) of LC_DYSYMTAB command %lu extends past the end of the file)
0xb1564	truncated or malformed object (extrefsymoff field of LC_DYSYMTAB command %lu extends past the end of the file)
0xb15d4	truncated or malformed object (extrefsymoff field plus nextrefsyms field times sizeof(struct dylib_reference) of LC_DYSYMTAB command %lu extends past the end of the file)
0xb1680	truncated or malformed object (indirectsymoff field of LC_DYSYMTAB command %lu extends past the end of the file)
0xb16f2	truncated or malformed object (indirectsymoff field plus nindirectsyms field times sizeof(unsigned long) of LC_DYSYMTAB command %lu extends past the end of the file)
0xb1798	truncated or malformed object (extreloff field of LC_DYSYMTAB command %lu extends past the end of the file)
0xb1804	truncated or malformed object (extreloff field plus nextrel field times sizeof(struct relocation_info) of LC_DYSYMTAB command %lu extends past the end of the file)
0xb18a8	truncated or malformed object (locreloff field of LC_DYSYMTAB command %lu extends past the end of the file)
0xb1914	truncated or malformed object (locreloff field plus nlocrel field times sizeof(struct relocation_info) of LC_DYSYMTAB command %lu extends past the end of the file)
0xb19b8	malformed object (LC_SYMSEG command %lu has incorrect cmdsize)
0xb19f8	truncated or malformed object (offset field of LC_SYMSEG command %lu extends past the end of the file)
0xb1a60	truncated or malformed object (offset field plus size field of LC_SYMTAB command %lu extends past the end of the file)
0xb1ad8	malformed object (%s command %lu has too small cmdsize field)
0xb1b16	truncated or malformed object (name.offset field of %s command %lu extends past the end of the file)
0xb1b7c	malformed object (LC_PREBIND_DYLIB command %lu has too small cmdsize field)
0xb1bc8	truncated or malformed object (name.offset field of LC_PREBIND_DYLIB command %lu extends past the end of the file)
0xb1c3c	truncated or malformed object (linked_modules.offset field of LC_PREBIND_DYLIB command %lu extends past the end of the file)
0xb1cba	malformed object (count not M68K_THREAD_STATE_REGS_COUNT for flavor number %lu which is a M68K_THREAD_STATE_REGS flavor in %s command %lu)
0xb1d46	malformed object (count not M68K_THREAD_STATE_68882_COUNT for flavor number %lu which is a M68K_THREAD_STATE_68882 flavor in %s command %lu)
0xb1dd4	malformed object (count not M68K_THREAD_STATE_USER_REG_COUNT for flavor number %lu which is a M68K_THREAD_STATE_USER_REG flavor in %s command %lu)
0xb1e68	malformed object (unknown flavor for flavor number %lu in %s command %lu can't byte swap it)
0xb1ec6	malformed object (count not M98K_THREAD_STATE_GRF_COUNT for flavor number %lu which is a M98K_THREAD_STATE_GRF flavor in %s command %lu)
0xb1f50	malformed object (count not M88K_THREAD_STATE_GRF_COUNT for flavor number %lu which is a M88K_THREAD_STATE_GRF flavor in %s command %lu)
0xb1fda	malformed object (count not M88K_THREAD_STATE_XRF_COUNT for flavor number %lu which is a M88K_THREAD_STATE_XRF flavor in %s command %lu)
0xb2064	malformed object (count not M88K_THREAD_STATE_USER_COUNT for flavor number %lu which is a M88K_THREAD_STATE_USER flavor in %s command %lu)
0xb20f0	malformed object (count not M88110_THREAD_STATE_IMPL_COUNT for flavor number %lu which is a M88110_THREAD_STATE_IMPL flavor in %s command %lu)
0xb2180	malformed object (count not I860_THREAD_STATE_REGS_COUNT for flavor number %lu which is a I860_THREAD_STATE_REGS flavor in %s command %lu)
0xb220c	malformed object (count not i386_THREAD_STATE_COUNT for flavor number %lu which is a i386_THREAD_STATE flavor in %s command %lu)
0xb228e	malformed object (count not i386_THREAD_FPSTATE_COUNT for flavor number %lu which is a i386_THREAD_FPSTATE flavor in %s command %lu)
0xb2314	malformed object (count not i386_THREAD_EXCEPTSTATE_COUNT for flavor number %lu which is a i386_THREAD_EXCEPTSTATE flavor in %s command %lu)
0xb23a2	malformed object (count not i386_THREAD_CTHREADSTATE_COUNT for flavor number %lu which is a i386_THREAD_CTHREADSTATE flavor in %s command %lu)
0xb2432	malformed object (count not HPPA_INTEGER_THREAD_STATE_COUNT for flavor number %lu which is a HPPA_INTEGER_THREAD_STATE flavor in %s command %lu)
0xb24c4	malformed object (count not HPPA_FRAME_THREAD_STATE_COUNT for flavor number %lu which is a HPPA_FRAME_THREAD_STATE flavor in %s command %lu)
0xb2552	malformed object (count not HPPA_FP_THREAD_STATE_COUNT for flavor number %lu which is a HPPA_FP_THREAD_STATE flavor in %s command %lu)
0xb25da	malformed object (count not SPARC_THREAD_STATE_REGS_COUNT for flavor number %lu which is a SPARC_THREAD_STATE_REGS flavor in %s command %lu)
0xb2668	malformed object (count not SPARC_THREAD_STATE_FPU_COUNT for flavor number %lu which is a SPARC_THREAD_STATE_FPU flavor in %s command %lu)
0xb26f4	malformed object (unknown cputype and cpusubtype of object and can't byte swap and check %s command %lu)
0xb275e	truncated or malformed object (cmdsizefield of LC_IDENT command %lu extends past the end of the load commands
0xb27cc	malformed object (unknown load command %lu)
0xb27f8	truncated or malformed object (contains LC_DYSYMTAB load command without a LC_SYMTAB load command
0xb285a	truncated or malformed object (ilocalsym in LC_DYSYMTAB load command extends past the end of the symbol table
0xb28c8	truncated or malformed object (ilocalsym plus nlocalsym in LC_DYSYMTAB load command extends past the end of the symbol table
0xb2946	truncated or malformed object (iextdefsym in LC_DYSYMTAB load command extends past the end of the symbol table
0xb29b6	truncated or malformed object (iextdefsym plus nextdefsym in LC_DYSYMTAB load command extends past the end of the symbol table
0xb2a36	truncated or malformed object (iundefsym in LC_DYSYMTAB load command extends past the end of the symbol table
0xb2aa4	truncated or malformed object (iundefsym plus nundefsym in LC_DYSYMTAB load command extends past the end of the symbol table
0xb2b22	malformed object (inconsistant sizeofcmds field in mach header)
0xb2b62	%s: for architecture %s archive: %s 
0xb2b88	%s: archive: %s 
0xb2b9a	%s: for architecture %s archive member: %s(%.*s) 
0xb2bcc	%s: archive member: %s(%.*s) 
0xb2bea	%s: for architecture %s object: %s(%.*s) 
0xb2c14	%s: for architecture %s object: %s 
0xb2c38	%s: for object: %s(%.*s) architecture %s 
0xb2c62	%s: object: %s(%.*s) 
0xb2c78	%s: object: %s 
0xb2c88	cputype (1234567890) cpusubtype (1234567890)
0xb2cb6	cputype (%d) cpusubtype (%d)
0xb2cd4	__dyld_link_module
0xb2ce8	__dyld_event_server_callback
0xb8035	|PG'gDrjaXh
0xb8266	=951-)%!
0xb833e	0Vn29D}1
0xbbdda	  ##%%&&))**,,//1122447788;;==>>@@CCEEFFIIJJLLOOQQRRTTWWXX[[]]^^aabbddgghhkkmmnnppssuuvvyyzz||
0xbbf5e	<4,$?7/'
0xbbfad	"(3-!0,1'8""5.*2$"
0xbc20e	SunMonTueWedThuFriSatJanFebMarAprMayJunJulAugSepOctNovDec
0xbc2b5	         (((((                  
0xbc3bb	WError 0
0xbc3c4	Not owner
0xbc3ce	No such file or directory
0xbc3e8	No such process
0xbc3f8	Interrupted system call
0xbc410	I/O error
0xbc41a	No such device or address
0xbc434	Arg list too long
0xbc446	Exec format error
0xbc458	Bad file number
0xbc468	No children
0xbc474	No more processes
0xbc486	Not enough memory
0xbc498	Permission denied
0xbc4aa	Bad address
0xbc4b6	Block device required
0xbc4cc	Device busy
0xbc4d8	File exists
0xbc4e4	Cross-device link
0xbc4f6	No such device
0xbc505	Not a directory
0xbc515	Is a directory
0xbc524	Invalid argument
0xbc535	File table overflow
0xbc549	Too many open files
0xbc55d	Inappropriate ioctl for device
0xbc57c	Text file busy
0xbc58b	File too large
0xbc59a	No space left on device
0xbc5b2	Illegal seek
0xbc5bf	Read-only file system
0xbc5d5	Too many links
0xbc5e4	Broken pipe
0xbc5f0	Argument too large
0xbc603	Result too large
0xbc614	Operation would block
0xbc62a	Operation now in progress
0xbc644	Operation already in progress
0xbc662	Socket operation on non-socket
0xbc681	Destination address required
0xbc69e	Message too long
0xbc6af	Protocol wrong type for socket
0xbc6ce	Option not supported by protocol
0xbc6ef	Protocol not supported
0xbc706	Socket type not supported
0xbc720	Operation not supported on socket
0xbc742	Protocol family not supported
0xbc760	Address family not supported by protocol family
0xbc790	Address already in use
0xbc7a7	Can't assign requested address
0xbc7c6	Network is down
0xbc7d6	Network is unreachable
0xbc7ed	Network dropped connection on reset
0xbc811	Software caused connection abort
0xbc832	Connection reset by peer
0xbc84b	No buffer space available
0xbc865	Socket is already connected
0xbc881	Socket is not connected
0xbc899	Can't send after socket shutdown
0xbc8ba	Too many references: can't splice
0xbc8dc	Connection timed out
0xbc8f1	Connection refused
0xbc904	Too many levels of symbolic links
0xbc926	File name too long
0xbc939	Host is down
0xbc946	Host is unreachable
0xbc95a	Directory not empty
0xbc96e	Too many processes
0xbc981	Too many users
0xbc990	Disc quota exceeded
0xbc9a4	Stale NFS file handle
0xbc9ba	Too many levels of remote in path
0xbc9dc	Not a stream device
0xbc9f0	Timer expired
0xbc9fe	Out of stream resources
0xbca16	No message of desired type
0xbca31	Not a data message
0xbca44	Identifier removed
0xbca57	Deadlock situation detected/avoided
0xbca7b	No record locks available
0xbca95	Device power is off
0xbcaa9	Device error
0xbcab6	Device not initialized
0xbcacd	Bad executable (or shared library)
0xbcaf0	Bad CPU type in executable
0xbcb0b	Shared library version mismatch
0xbcb2b	Malformed Mach-o file
0xbcb49	/tmp/xtabXXXXXX
0xbcb59	/etc/group
0xbcb64	/etc/utmp
0xbcc36	0Vn29D}1
0xbcc6d	qSignal 0
0xbcc7e	Interrupt
0xbcc8d	Illegal instruction
0xbcca1	Trace/BPT trap
0xbccb0	IOT trap
0xbccb9	EMT trap
0xbccc2	Floating point exception
0xbcce2	Bus error
0xbccec	Segmentation fault
0xbccff	Bad system call
0xbcd0f	Broken pipe
0xbcd1b	Alarm clock
0xbcd27	Terminated
0xbcd32	Urgent I/O condition
0xbcd47	Stopped (signal)
0xbcd60	Continued
0xbcd6a	Child exited
0xbcd77	Stopped (tty input)
0xbcd8b	Stopped (tty output)
0xbcda0	I/O possible
0xbcdad	Cputime limit exceeded
0xbcdc4	Filesize limit exceeded
0xbcddc	Virtual timer expired
0xbcdf2	Profiling timer expired
0xbce0a	Window size changed
0xbce1e	Resource lost
0xbce2c	User defined signal 1
0xbce42	User defined signal 2
0xbce78	" !""#$%&'()*+,-./0123456789:;<=>?@abcdefghijklmnopqrstuvwxyz[\]^_`abcdefghijklmnopqrstuvwxyz{|}~"
0xbcf58	/dev/log
0xbcf61	/dev/console
0xbd434	/etc/ethers
0xbd440	/etc/networks
0xbd44e	networks.byaddr
0xbd45e	netgroup
0xbd467	/etc/protocols
0xbd476	/etc/services
0xbd484	services.byname
0xbd55c	<4,$?7/'
0xbd5ab	"(3-!0,1'8""5.*2$"
0xbd7dc	"gethostby*.getanswer: asked for ""%s"", got ""%s"""
0xbd810	machines
0xbd819	ip_address
0xbd82b	###UNKNOWN###
0xbd88a	/etc/rpc
0xbd893	/usr/etc/keyenvoy
0xbd8aa	netid.byname
0xbdaac	failed -- out of memory(%s, %u)
0xbdacc	allocating nil object
0xbdae2	message %s sent to freed object=0x%lx
0xbdb08	message %s sent to non-existent object=0x%lx
0xbdb35	invalid selector %s
0xbdb49	[%s poseAs:%s]: target not immediate superclass
0xbdb79	[%s poseAs:%s]: %s defines new instance variables
0xbde40	failed -- out of memory(%s, %u)
0xbde60	reallocating nil object
0xbde78	reallocating freed object
0xbde92	(%s, %u) requested size too small
0xbdeb4	should have implemented the '%s' method.
0xbdedd	should NOT have implemented the '%s' method.
0xbdf0a	method '%s' not implemented
0xbdf26	method %s given invalid selector %s
0xbdf4a	does not recognize selector %c%s
0xbe43f	4__common
0xc08f5	         (((((                  
0xc0a36	abcdefghijklmnopqrstuvwxyz
0xc0a56	ABCDEFGHIJKLMNOPQRSTUVWXYZ
0xc8ecc	NXPortPortal
0xc8ee0	NXPortal
0xc8ee9	NXDecoding
0xc8ef4	NXEncoding
0xc8eff	NXPortPortal.m
0xc8f15	NXNetNameServer
0xc8f25	NXConnection
0xc8f32	Transport
0xc8f3c	Protocol
0xc8f4a	GetListOfProtocols
0xc8f5d	isRemote
0xc8f66	Object_MakeRemote_Import
0xc8f87	NXInvalidationNotifier
0xc8f9e	Object_NXMethodSignature
0xc8fb7	NXMethodSignature
0xc8fc9	NXTransport
0xc8fd5	NXSenderIsInvalid
0xc8fe7	NXReference
0xc8ff3	NXProxy.m
0xc9004	LogFunctions.m
0xc901a	NXData.m
0xc9023	NXInvalidationNotifier.m
0xc903c	NXRecursiveLock
0xc904c	NXConditionLock
0xc905c	NXSpinLock
0xc9067	NXLock.m
0xc9070	NXNetNameServer.m
0xc9082	NXPort.m
0xc908b	NXProtocolChecker
0xc909d	NXProtocolChecker.m
0xc90b1	maptable.m
0xc90bc	objc-class.m
0xc90c9	objc-load.m
0xc90d5	objc-runtime.m
0xc90e4	Object.m
0xc90ed	Protocol.m
0xc90f8	HashTable
0xc9102	HashTable.m
0xc911d	NXBundle
0xc9126	Compatability
0xc9134	NXBundle.m
0xc913f	NXStringTable
0xc914d	NXCharacterSet
0xc915c	NXCharacterSet.m
0xc916d	Fancy_IO
0xc9176	NXReadOnlyString
0xc9187	NXString
0xc9190	NXCleanList
0xc919c	NXPropertyList
0xc91ab	Basic_IO
0xc91b4	NX_BS_Extras
0xc91c1	NXMutableString
0xc91d1	NXPropertyList.m
0xc91e2	NXReadWriteString
0xc91f4	NXConstantString
0xc9205	NXSimpleReadOnlyString
0xc921c	NXConstantString.m
0xc922f	NXMutableString.m
0xc9241	NXReadOnlyString.m
0xc9254	NXReadOnlySubstring
0xc9268	NXReadOnlySubstring.m
0xc927e	NXReadWriteString.m
0xc9292	NXSimpleReadOnlyString.m
0xc92ab	NXString.m
0xc92b6	NXStringTable.m
0xc92c6	NXUniquedString
0xc92d6	NXUniquedString.m
0xc92f0	Storage.m
0xc92fa	StreamTable
0xc9306	StreamTable.m
0xc9314	typedstream.m
0xc932b	"@""NXPort"""
0xc933e	v12@8:12^{?=b24b8Iiiii}16
0xc9358	@16@8:12@16r*20
0xc9368	@16@8:12r*16r*20
0xc9379	@16@8:12i16c23
0xc9390	^{?=^?^?^?^?}8@8:12
0xc93a4	@12@8:12i16
0xc93b0	@16@8:12^{?=b24b8Iiiii}16@20
0xc93cd	@12@8:12c19
0xc93d9	@16@8:12@16I20
0xc93e8	@12@8:12@16
0xc93f4	@16@8:12^^v16^i20
0xc9406	@20@8:12r^v16i20c27
0xc941a	@16@8:12r^v16i20
0xc942b	@12@8:12^i16
0xc9438	@16@8:12^v16i20
0xc9448	@16@8:12^v16r*20
0xc9461	@12@8:12^v16
0xc9476	@20@8:12@16^c20c27
0xc9489	@12@8:12O^@16
0xc9497	^{_objc_class}
0xc94a8	^{_objc_ivar_list}
0xc94bb	^{_objc_method_list}
0xc94d0	^{objc_cache}
0xc94de	^^{_objc_protocol}
0xc94f3	"@""NXConnection"""
0xc9503	"@""Protocol"""
0xc9512	{?=ii}16@8:12:16^v20
0xc9527	@16@8:12:16^{?=^?^?^?^?}20
0xc9542	c12@8:12@16
0xc954e	@16@8:12:16@20
0xc955d	@12@8:12:16
0xc9569	v12@8:12*16
0xc9575	v20@8:12*16i20i24
0xc9587	@12@8:12^{?=^?^?^?^?}16
0xc95a7	@16@8:12@16^{?=^?^?^?^?}20
0xc95c2	@20@8:12@16r*20^{?=^?^?^?^?}24
0xc95e1	@20@8:12@16@20^{?=^?^?^?^?}24
0xc95ff	@16@8:12@16@20
0xc960e	@20@8:12r*16r*20^{?=^?^?^?^?}24
0xc962e	@16@8:12r*16^{?=^?^?^?^?}20
0xc964a	@12@8:12r*16
0xc9657	@20@8:12i16i20^{?=^?^?^?^?}24
0xc9675	@16@8:12I16@20
0xc9684	"{objc_method_description=""name"":""types""*}"
0xc96ae	@16@8:12^{objc_method_description=:*}16^{?=^?^?^?^?}20
0xc96e5	{?=ii}20@8:12@16^v20^v24
0xc96fe	^v8@8:12
0xc970f	@20@8:12^{?=ii}16^v20@24
0xc9728	^v12@8:12@16
0xc9735	@16@8:12^v16@20
0xc9745	@20@8:12^v16I20c27
0xc9758	@12@8:12I16
0xc9764	"@""NXLock"""
0xc9776	^?8@8:12
0xc977f	@16@8:12^?16^v20
0xc9790	@12@8:12^?16
0xc979d	^{objc_method_description=:*}12@8:12:16
0xc97c5	@16@8:12:16^v20
0xc97d5	^?12@8:12:16
0xc97e2	c12@8:12:16
0xc97ee	r*8@8:12
0xc97f7	c12@8:12r*16
0xc9804	I12@8:12:16
0xc9810	v12@8:12^{?=I**iilii^{stream_functions}^v}16
0xc983d	@20@8:12:16@20@24
0xc984f	^{objc_protocol_list}
0xc9865	^{objc_method_description_list}
0xc9885	@16@8:12^{?=#*^{objc_protocol_list}^{objc_method_description_list}^{objc_method_description_list}}16i20
0xc98ed	@20@8:12r*16r*20I24
0xc9901	@12@8:12^{?=I**iilii^{stream_functions}^v}16
0xc992e	c20@8:12^{?=ii}16r^^v20^^v24
0xc994b	{?=ii}8@8:12
0xc9958	^v12@8:12r^v16
0xc9967	^v16@8:12r^v16^v20
0xc997a	c12@8:12r^v16
0xc9988	@16@8:12^?16^?20
0xc999c	I12@8:12@16
0xc99b0	c20@8:12*16r*20r*24
0xc99c4	@12@8:12r^*16
0xc99d2	c28@8:12*16r*20r*24r*28i32
0xc99ed	^{?=I**iilii^{stream_functions}^v}12@8:12^{?=I**iilii^{stream_functions}^v}16
0xc9a3e	@12@8:12r@16
0xc9a4b	@16@8:12C19C23
0xc9a5a	@16@8:12r*16I20
0xc9a6a	c12@8:12C19
0xc9a76	v16@8:12^{?=I**iilii^{stream_functions}^v}16^{?=IIc*}20
0xc9aae	@16@8:12^{?=I**iilii^{stream_functions}^v}16^{?=I@@@@@c^{?}^{?}}20
0xc9af1	@16@8:12@16^{?=I@@@@@c^{?}^{?}}20
0xc9b13	c16@8:12@16c23
0xc9b22	c20@8:12^{?=i}16^@20^@24
0xc9b3b	{?=i}8@8:12
0xc9b47	v16@8:12r*16I20
0xc9b57	@16@8:12*16I20
0xc9b66	v16@8:12{?=II}16
0xc9b77	v12@8:12@16
0xc9b83	v16@8:12@16I20
0xc9b92	v20@8:12{?=II}16@24
0xc9ba6	"{__realStringFlags=""notCopied""b1""unused""b15""refs""b16}"
0xc9bdc	@20@8:12{?=II}16^{?=^?^?^?^?}24
0xc9bfc	*12@8:12I16
0xc9c08	@20@8:12*16I20c27
0xc9c1a	"@""NXReadOnlyString"""
0xc9c2e	I28@8:12@16{?=II}20I28^v32
0xc9c49	I28@8:12C19{?=II}20I28^v32
0xc9c64	{?=II}28@8:12@16{?=II}20I28^v32
0xc9c84	i20@8:12@16I20^v24
0xc9c97	v28@8:12*16I20{?=II}24^{?=II}32
0xc9cb7	v20@8:12*16{?=II}20
0xc9ccb	C12@8:12I16
0xc9cd7	I16@8:12C19I20
0xc9ce6	I20@8:12C19{?=II}20
0xc9cfa	I16@8:12@16I20
0xc9d09	I20@8:12@16{?=II}20
0xc9d1d	{?=II}16@8:12@16I20
0xc9d31	{?=II}20@8:12@16{?=II}20
0xc9d4a	{?=II}12@8:12@16
0xc9d5b	i16@8:12@16I20
0xc9d6a	v24@8:12*16I20{?=II}24
0xc9d81	v16@8:12*16I20
0xc9d90	@20@8:12^{?=I**iilii^{stream_functions}^v}16I20@24
0xc9dc3	@16@8:12{?=II}16
0xc9dd4	I12@8:12C19
0xc9de0	i12@8:12@16
0xc9df4	@16@8:12@16*20
0xc9e03	@20@8:12^{?=I**iilii^{stream_functions}^v}16@20I24
0xc9e36	@20@8:12@16{?=II}20
0xc9e4a	r*12@8:12r*16
0xc9e58	@20@8:12I16I20r*24
0xc9e6b	@16@8:12^v16I20
0xc9e7b	@16@8:12I16^v20
0xc9e8b	^v12@8:12I16
0xc9e98	c20@8:12^{?=ii}16r^^v20^@24
0xc9eb4	@12@8:12r^v16
0xc9ec2	@16@8:12r^v16@20
0xc9ed8	freeMsgFlag
0xc9eea	connection
0xc9efc	machPort
0xc9f14	maxchars
0xc9f40	maxports
0xc9f58	maxoolds
0xc9f62	sequence
0xc9f72	dispatchMsg:
0xc9f80	checkInPort:withName:
0xc9f96	lookUpPortWithName:onHost:
0xc9fb2	newFromMachPort:dealloc:
0xc9fe0	finishDecoding
0xc9ff0	startDecodingWithTimeout:
0xca00a	startDecodingWithMsg:withConnection:
0xca030	finishEncoding
0xca040	finishEncodingAndStartDecoding:
0xca060	startEncodingWithConnection:andSequenceNumber:
0xca090	decodeObject
0xca09e	encodeObjectBycopy:
0xca0b2	encodeObject:
0xca0c0	decodeVM:count:
0xca0d0	encodeVM:count:dealloc:
0xca0e8	encodeVM:count:
0xca0f8	decodeMachPort:
0xca108	encodeMachPort:
0xca118	decodeBytes:count:
0xca12c	encodeBytes:count:
0xca140	decodeData:ofType:
0xca154	encodeData:ofType:
0xca168	sequenceNumber
0xca180	goodMsgSize
0xca18c	isRequestMsg
0xca19a	setRequestMsg:
0xca1aa	setPort:
0xca1c0	initWithPort:
0xca1ce	initWithMachPort:
0xca1ea	allocFromZone:
0xca1fa	encodeRemotelyFor:freeAfterEncoding:isBycopy:
0xca228	encodeUsing:
0xca242	respondsTo:
0xca254	decodeUsing:
0xca26a	outTimeout
0xca276	inTimeout
0xca280	disableExternal
0xca290	enableExternal
0xca2a0	newForInMachPort:andOutMachPort:fromZone:
0xca2ca	inPortalBuffer
0xca2da	handleRequestOnPortal:
0xca2f2	getListOfProtocols:
0xca312	super_class
0xca32c	instance_size
0xca34e	protocol_list
0xca36e	refcount
0xca378	knownSelectors
0xca388	initialize
0xca394	freeProxy
0xca39e	invalidateProxy
0xca3ae	forward::
0xca3b8	methodSignature:fromZone:
0xca3d2	setProtocolForProxy:
0xca3e8	addReference
0xca3f6	references
0xca402	nameForProxy
0xca410	connectionForProxy
0xca424	conformsTo:
0xca430	perform:with:
0xca43e	perform:
0xca448	delegate
0xca452	inPortal
0xca45c	inMachPort
0xca468	outPortal
0xca472	outMachPort
0xca47e	rootObject
0xca48a	msgcount
0xca494	localProxies
0xca4a2	remoteProxies
0xca4b0	bufferClass
0xca4c4	debug:showThread:verbose:
0xca4de	removeObject:
0xca4ec	connections:
0xca500	defaultZone
0xca50c	setDefaultZone:
0xca51c	defaultOutTimeout
0xca52e	setDefaultOutTimeout:
0xca544	defaultInTimeout
0xca556	setDefaultInTimeout:
0xca56c	defaultTimeout
0xca57c	setDefaultTimeout:
0xca590	setDefaultBufferClass:
0xca5a8	messagesReceived
0xca5ba	unregisterForInvalidationNotification:
0xca5e2	registerRoot:fromZone:
0xca5fa	registerRoot:
0xca608	registerRoot:withName:fromZone:
0xca628	registerRoot:withName:
0xca640	connectToPort:fromZone:
0xca658	connectToPort:
0xca668	connectToPort:withInPort:fromZone:
0xca68c	connectToPort:withInPort:
0xca6a6	connectToName:onHost:fromZone:
0xca6c6	connectToName:fromZone:
0xca6de	connectToName:onHost:
0xca6f4	connectToName:
0xca704	newForInPort:andOutPort:fromZone:
0xca726	runInNewThread
0xca736	runWithTimeout:
0xca74a	finishEncodingAndGetReplyOnPortal:
0xca76e	removeLocal:
0xca77c	removeRemote:
0xca78a	localObjects
0xca798	remoteObjects
0xca7a6	findLocal:forInPort:
0xca7bc	getLocal:
0xca7c6	getRemote:
0xca7d2	newLocal:
0xca7dc	newRemote:withProtocol:
0xca7f4	insertProxy:
0xca802	setRoot:
0xca80c	setOutTimeout:
0xca81c	setInTimeout:
0xca832	outPortalBuffer
0xca842	setDelegate:
0xca850	senderIsInvalid:
0xca862	invalidate
0xca86e	copyWithOutPort:
0xca892	sizeofParams
0xca8a0	parmInfoP
0xca8aa	fromDescription:fromZone:
0xca8c4	decodeMethodRetFrom:withargs:atAddr:
0xca8ea	methodReturnArea
0xca8fc	isOneway
0xca906	methodReturnType
0xca918	encodeMethodRet:withargs:onto:
0xca938	decodeMethodParamsFrom:
0xca950	encodeMethodParams:onto:
0xca978	descriptionForMethod:
0xca98e	registerForInvalidationNotification:
0xca9ba	connection:didConnect:
0xca9d2	deallocate
0xca9de	makeObjectsPerform:
0xca9f2	addObject:
0xca9fe	isEqual:
0xcaa08	initCount:
0xcaa14	objectAt:
0xcaa1e	descriptionForInstanceMethod:
0xcaa3c	addObjectIfAbsent:
0xcaa64	copyFromZone:
0xcaa72	initWithData:size:dealloc:
0xcaa8e	initWithSize:
0xcaaa4	listGate
0xcaaae	funeralList
0xcaac0	makeObjectsPerform:with:
0xcaae0	unlockWith:
0xcaaec	lockWhen:
0xcaaf6	condition
0xcab00	initWith:
0xcab0a	lookUpPortWithName:
0xcab1e	checkOutPortWithName:
0xcab34	newFromMachPort:
0xcab46	_enableCount
0xcab54	_enableProc
0xcab60	_enablePriority
0xcab70	_expansion
0xcab7c	worryAboutPortInvalidation
0xcab98	enableProc
0xcaba4	setEnableProc:data:
0xcabb8	setEnableProc:
0xcabd6	protocol
0xcabe0	initWithObject:forProtocol:
0xcac04	startUnloading
0xcac14	_fixup:numElements:
0xcac2e	instanceMethodDescFor:
0xcac46	superClass
0xcac52	instanceMethodFor:
0xcac66	instancesRespondTo:
0xcac7a	setVersion:
0xcac86	superclass
0xcac9a	shouldNotImplement:
0xcacae	findClass:
0xcacba	methodDescFor:
0xcacca	isMemberOfGivenName:
0xcace0	isKindOfGivenName:
0xcacf4	performv::
0xcad00	methodArgSize:
0xcad1e	printForDebugger:
0xcad30	doesNotRecognize:
0xcad42	notImplemented:
0xcad52	subclassResponsibility:
0xcad6a	perform:with:with:
0xcad7e	methodFor:
0xcad8a	isMemberOfClassNamed:
0xcada0	isKindOfClassNamed:
0xcadb4	isMemberOf:
0xcadc0	isKindOf:
0xcadd0	descriptionForClassMethod:
0xcadec	protocol_name
0xcadfa	instance_methods
0xcae0c	class_methods
0xcae22	valueDesc
0xcae2c	_nbBuckets
0xcae38	_buckets
0xcae42	newKeyDesc:
0xcae4e	newKeyDesc:valueDesc:
0xcae64	newKeyDesc:valueDesc:capacity:
0xcae84	_newBare:::
0xcae90	_debugPrint:
0xcae9e	nextState:key:value:
0xcaeb4	initState
0xcaebe	removeKey:
0xcaeca	insertKey:value:
0xcaedc	_insertKeyNoRehash:value:
0xcaef6	valueForKey:
0xcaf12	freeKeys:values:
0xcaf24	freeObjects
0xcaf30	initKeyDesc:valueDesc:capacity:
0xcaf50	initKeyDesc:
0xcaf5e	initKeyDesc:valueDesc:
0xcaf76	_initBare:::
0xcaf84	valueForStringKey:
0xcafa0	numElements
0xcafac	maxElements
0xcafb8	newCount:
0xcafc2	appendList:
0xcafce	replaceObjectAt:with:
0xcafe4	replaceObject:with:
0xcaff8	removeLastObject
0xcb00a	removeObjectAt:
0xcb01a	insertObject:at:
0xcb02c	setAvailableCapacity:
0xcb042	lastObject
0xcb04e	indexOf:
0xcb058	capacity
0xcb062	_invalidateLprojCache
0xcb078	newFromPath:
0xcb086	forClass:
0xcb090	classForName:
0xcb09e	getClass:
0xcb0a8	getResourcePath:forName:type:
0xcb0c6	firstClass
0xcb0d2	codeLoaded
0xcb0de	bundlePath
0xcb0ea	initFromPath:
0xcb0fe	initForPath:
0xcb10c	_directory
0xcb118	_principalClass
0xcb128	_codeLoaded
0xcb134	_reserved1
0xcb140	_reserved2
0xcb14c	_reserved3
0xcb158	_bundleVersion
0xcb168	setSystemLanguages:
0xcb17c	getPath:forResource:ofType:inDirectory:withVersion:
0xcb1b0	setErrorStream:
0xcb1c0	bundleForClass:
0xcb1d0	mainBundle
0xcb1dc	getPath:forResource:ofType:
0xcb1f8	principalClass
0xcb208	classNamed:
0xcb214	ensureLoaded
0xcb222	directory
0xcb22c	initForDirectory:
0xcb23e	newFromFile:
0xcb252	_reserved
0xcb25c	intersectWith:
0xcb26c	unionWith:
0xcb280	removeRange::
0xcb28e	addRange::
0xcb29a	removeCharacters:length:
0xcb2b4	addCharacters:length:
0xcb2ca	characterIsMember:
0xcb2de	writeToStream:context:
0xcb2f6	initFromStream:context:
0xcb30e	initFromPath:context:
0xcb324	writeToPath:
0xcb332	writeToPath:safely:
0xcb346	writeToStream:
0xcb356	initFromStream:
0xcb36c	enumerate:key:value:
0xcb382	initEnumeration
0xcb39a	insert:value:
0xcb3b6	appendCharacters:length:
0xcb3d0	initFromCharactersNoCopy:length:freeWhenDone:
0xcb406	immutableCopy
0xcb414	getCString:
0xcb428	replaceWith:
0xcb436	initFromString:
0xcb446	initFromCharacters:length:
0xcb462	characterAt:
0xcb470	finishUnarchiving
0xcb482	_reallyFree
0xcb48e	initFromCharactersNoCopy:length:
0xcb4b0	deleteRange:
0xcb4be	insert:at:
0xcb4ca	replaceRange:with:
0xcb4de	immutableCopyFromZone:
0xcb4f6	mutableCopyFromZone:
0xcb50c	deleteCharactersInRange:
0xcb526	appendString:
0xcb534	insertString:at:
0xcb546	replaceCharactersInRange:withString:
0xcb574	copySubstring:fromZone:
0xcb58c	allocateCharacterBuffer:
0xcb5a6	_referenceString
0xcb5b8	actualString
0xcb5c6	findOneOf:range:mask:table:
0xcb5e2	findCharacter:range:mask:table:
0xcb602	findString:range:mask:table:
0xcb620	compare:mask:table:
0xcb634	getCString:maxLength:range:remainingRange:
0xcb660	getCharacters:range:
0xcb676	characters
0xcb68a	getCharacters:
0xcb69a	writeBytesToStream:
0xcb6ae	createCharacterBuffer:
0xcb6c6	findCharacter:range:mask:usingTable:
0xcb6ec	findCharacter:mask:
0xcb700	findCharacter:range:
0xcb716	findOneOf:range:mask:usingTable:
0xcb738	findOneOf:mask:
0xcb748	findOneOf:range:
0xcb75a	find:range:mask:usingTable:
0xcb776	find:mask:
0xcb782	find:range:
0xcb794	compare:mask:usingTable:
0xcb7ae	compare:mask:
0xcb7bc	getCString:length:range:
0xcb7d6	getCString:length:
0xcb7ea	getCString:range:
0xcb7fc	initFromByteStream:uptoLength:orUntilOneOf:
0xcb828	initFromStream:uptoLength:orUntilOneOf:
0xcb858	writeCStringToStream:
0xcb86e	mutableCopy
0xcb87a	copySubstring:
0xcb88a	findOneOf:
0xcb896	findCharacter:
0xcb8a6	findString:
0xcb8b2	compare:
0xcb8bc	uniqueCStringCopy
0xcb8ce	cStringCopy
0xcb8da	cStringLength
0xcb8e8	getCString:maxLength:
0xcb8fe	initFromCString:length:
0xcb916	initFromCString:
0xcb928	initFromFormat:withArgList:
0xcb944	initFromFormat:
0xcb954	initFromCStringStream:untilOneOf:maxLength:
0xcb980	initFromStream:untilOneOf:maxLength:
0xcb9a6	initFromString:range:
0xcb9bc	newFromStream:
0xcb9cc	writeToFile:
0xcb9da	readFromFile:
0xcb9e8	readFromStream:
0xcb9f8	newFromCharacters:length:
0xcba12	newFromString:
0xcba22	description
0xcba2e	elementSize
0xcba3a	newCount:elementSize:description:
0xcba5c	removeElementAt:
0xcba6e	removeAt:
0xcba78	insertElement:at:
0xcba8a	removeLastElement
0xcba9c	addElement:
0xcbaa8	replaceElementAt:with:
0xcbac0	replace:at:
0xcbacc	elementAt:
0xcbad8	setNumSlots:
0xcbae6	initCount:elementSize:description:
0xcbb0a	nextStreamState:key:value:
0xcbb26	initStreamState
0xcbb36	removeStreamKey:
0xcbb48	insertStreamKey:value:
0xcbb60	valueForStreamKey:
0xcbb74	startArchiving:
0x10acd8	__NSGetArgc
0x10ace4	__NSGetArgv
0x10acf0	__NSGetEnviron
0x10acff	_rld_forget_symbol
0x10ad12	_rld_load
0x10ad1c	_rld_unload_all
0x10ad2c	_rld_unload
0x10ad38	_rld_lookup
0x10ad44	_rld_load_from_memory
0x10ad5a	_rld_load_basefile
0x10ad6d	_rld_get_current_header
0x10ad85	_rld_address_func
0x10ad97	_moninitrld
0x10ada3	_NXOpenFile
0x10adaf	__NXStreamsDataPad
0x10adc2	__NXUncaughtExceptionHandler
0x10addf	__NXStreamsUnused2
0x10adf2	__NXStreamsUnused1
0x10ae0d	_NXFlush
0x10ae16	_NXChangeBuffer
0x10ae26	_NXOpenPort
0x10ae32	_NXGetMemoryBuffer
0x10ae45	_NXGetStreamOnSection
0x10ae5b	_NXMapFile
0x10ae66	_NXOpenMemory
0x10ae74	_NXGetStreamOnSectionForBestArchitecture
0x10ae9d	_NXOpenSmallMemory
0x10aeb0	_NXCloseMemory
0x10aebf	_NXSaveToFile
0x10aedd	_NXUngetc
0x10aee7	_NXPrintf
0x10aef1	_NXClose
0x10aefa	_NXScanf
0x10af03	_NXVPrintf
0x10af0e	_NXRegisterPrintfProc
0x10af24	_NXVScanf
0x10af2e	__NXVerifyStream
0x10af3f	__NXStreamChangeBuffer
0x10af56	_NXStreamCreateFromZone
0x10af6e	_NXStreamDestroy
0x10af7f	_NXStreamCreate
0x10af8f	__NXStreamFlushBuffer
0x10afa5	_NXDefaultWrite
0x10afb5	_NXDefaultRead
0x10afc4	__NXStreamFillBuffer
0x10b078	_signgam
0x10b0c8	_copysign
0x10b0e7	_dbDelete
0x10b0f1	_dbCompress
0x10b0fd	_dbClose
0x10b106	__dbSwapInLeaf
0x10b115	__dbSwapOutLeaf
0x10b125	__dbSearchLeaf
0x10b134	__dbSplitLeaf
0x10b142	__dbPutRecord
0x10b150	__dbPackLeaf
0x10b15d	_dbFetch
0x10b16e	__dbRemoveRecord
0x10b17f	__dbGetRecord
0x10b18d	__dbFreeLeaf
0x10b19a	__dbFlushTable
0x10b1a9	__dbLeafDescriptor
0x10b1bc	__dbFlushDir
0x10b1c9	__dbFindRecord
0x10b1d8	__dbFetchLeaf
0x10b1e6	__dbDoubleDir
0x10b1f4	__dbCycleLeaf
0x10b202	__dbCopyData
0x10b20f	__dbCloseLeaf
0x10b21d	_dbExpand
0x10b227	__dbFlushLeaf
0x10b235	_dbFirst
0x10b23e	_dbFlush
0x10b256	_dbSetCache
0x10b262	_dbSetKey
0x10b26c	_dbStore
0x10b275	__dbNewLeaf
0x10b281	__dbHashKey
0x10b28d	_dbPrintKC
0x10b2a7	_StrData
0x10b2b0	_StrDatum
0x10b2ba	_dbError
0x10b2c3	_dbExists
0x10b2cd	_dbLeafExtension
0x10b2ee	_dbErrors
0x10b2f8	_dbDirExtension
0x10b308	__db_data_pad
0x10b316	_dbFlags
0x10b31f	_dbLeafSize
0x10b32b	_dbMaxLeafBuf
0x10b339	_dbSizeTable
0x10b346	__dbstrbuf
0x10b351	__dbLeafCount
0x10b35f	_dbErrorNo
0x10b37f	_dbCreate
0x10b389	__dbReadDir
0x10b395	_dbWaitLock
0x10b3a1	_dbUnlock
0x10b3bb	_dbPrint
0x10b3c4	_dbUnlink
0x10b3ce	_NXGetDefaultValue
0x10b3e1	_NXRegisterDefaults
0x10b3f5	_NXWriteDefault
0x10b405	_NXFilePathSearch
0x10b417	__NXRegisterDefaultsNoCopy
0x10b432	_NXUpdateDefaults
0x10b444	_NXUpdateDefault
0x10b455	_NXSetDefaultsUser
0x10b468	_NXWriteDefaults
0x10b479	_NXSetDefault
0x10b487	_NXReadDefault
0x10b496	_NXGetTempFilename
0x10b4a9	_NXRemoveDefault
0x10b4ba	_getSizeOf
0x10b4c5	_getSizeOfandAdvance
0x10b4da	.objc_class_name_NXPortPortal
0x10b4f8	.objc_class_name_NXConnection
0x10b516	.objc_category_name_Object_Object_NXMethodSignature
0x10b54a	.objc_category_name_Object_GetListOfProtocols
0x10b578	.objc_class_name_NXMethodSignature
0x10b59b	.objc_category_name_List_Transport
0x10b5be	.objc_class_name_NXProxy
0x10b5d7	.objc_category_name_Object_isRemote
0x10b5fb	.objc_category_name_Object_Object_MakeRemote_Import
0x10b62f	.objc_category_name_Protocol_Transport
0x10b656	_log_warning
0x10b663	_log_info
0x10b66d	_log_set_options
0x10b67e	_log_error
0x10b689	_enableInfo
0x10b695	.objc_class_name_NXData
0x10b6ad	.objc_class_name_NXInvalidationNotifier
0x10b6d5	.objc_class_name_NXSpinLock
0x10b6f1	.objc_class_name_NXRecursiveLock
0x10b712	.objc_class_name_NXConditionLock
0x10b733	.objc_class_name_NXLock
0x10b74b	.objc_class_name_NXNetNameServer
0x10b76c	.objc_class_name_NXPort
0x10b784	.objc_class_name_NXProtocolChecker
0x10b7af	__atexit
0x10b7b8	_bsearch
0x10b7c8	_difftime
0x10b7e5	_fgetpos
0x10b7ee	_fsetpos
0x10b7fd	_isalnum
0x10b806	_isalpha
0x10b80f	_iscntrl
0x10b818	_isdigit
0x10b821	_isgraph
0x10b82a	_islower
0x10b833	_isprint
0x10b83c	_ispunct
0x10b845	_isspace
0x10b84e	_isupper
0x10b857	_isxdigit
0x10b867	__NXSetAppName
0x10b876	_localeconv
0x10b882	__NXGetAppName
0x10b898	_mbstowcs
0x10b8b7	_setlocale
0x10b8c2	_setvbuf
0x10b8cb	_strcoll
0x10b8d4	_strerror
0x10b8e6	_strtoul
0x10b8f7	_tmpfile
0x10b908	_tolower
0x10b911	_toupper
0x10b922	_wcstombs
0x10b934	__strftime_clear_cache
0x10b94b	_strftime
0x10b97b	_memmove
0x10b9bc	_memccpy
0x10b9c5	_strcatn
0x10b9d6	_strcmpn
0x10b9df	_strcpyn
0x10b9e8	_strcspn
0x10b9f1	_strpbrk
0x10b9fa	_strrchr
0x10ba13	_rstrtok
0x10ba7b	_setexit
0x10ba8b	_cbc_crypt
0x10ba96	_ecb_crypt
0x10baa1	_des_setparity
0x10bab0	__des_crypt
0x10babc	_NXSetClickTime
0x10bacc	_NXSetClickSpace
0x10badd	_NXSetAutoDimThreshold
0x10baf4	_NXSetWaitCursorThreshold
0x10bb0e	_NXSetAutoDimState
0x10bb21	_NXSetAutoDimBrightness
0x10bb39	_NXSetKeyRepeatInterval
0x10bb51	_NXResetMouse
0x10bb5f	_NXResetKeyboard
0x10bb70	_NXWaitCursorFrameInterval
0x10bb8b	_NXMouseButtonEnabled
0x10bba1	_NXKeyRepeatThreshold
0x10bbb7	_NXKeyRepeatInterval
0x10bbcc	_NXKeyMappingLength
0x10bbe0	_NXScreenBrightness
0x10bbf4	_NXSetKeyMapping
0x10bc05	_NXSetMouseScaling
0x10bc18	_NXGetKeyMapping
0x10bc29	_NXGetClickSpace
0x10bc3a	_NXEventSystemInfo
0x10bc4d	_NXEvSetParameterInt
0x10bc62	_NXEvSetParameterChar
0x10bc78	_NXEvGetParameterInt
0x10bc8d	_NXEvGetParameterChar
0x10bca3	_NXEnableMouseButton
0x10bcb8	__NXPostLLEvent
0x10bcc8	_NXClickTime
0x10bcd5	_NXAutoDimTime
0x10bce4	_NXAutoDimThreshold
0x10bcf8	_NXAutoDimState
0x10bd08	_NXAutoDimBrightness
0x10bd1d	_NXSetScreenBrightness
0x10bd34	_NXSetKeyRepeatThreshold
0x10bd4d	_NXSetWaitCursorFrameInterval
0x10bd6b	_NXWaitCursorSustain
0x10bd80	_NXWaitCursorThreshold
0x10bd97	_NXSetWaitCursorSustain
0x10bdaf	_NXGetMouseScaling
0x10bdc2	_NXOpenEventStatus
0x10bdd5	_NXCloseEventStatus
0x10bde9	_NXIdleTime
0x10bdf5	__NXEvSetSpecialKeyPort
0x10be0d	__NXEvFrameBufferDevicePort
0x10be29	__NXEvSetParameterInt
0x10be3f	__NXEvClose
0x10be4b	__NXEvGetParameterInt
0x10be61	__NXEvGetParameterChar
0x10be78	__NXEvSetParameterChar
0x10be8f	__NXEvMapEventShmem
0x10bea3	__NXEvOpen
0x10bebc	__old_alias_getbyname
0x10bed2	__old_alias_getent
0x10bee5	__old_alias_setent
0x10bef8	__old_alias_endent
0x10bf1e	_closedir
0x10bf28	_encrypt
0x10bf40	_localtime
0x10bf6a	_asctime
0x10bf73	__tzname
0x10bf7c	__ctype_
0x10bf85	_getdiskbyname
0x10bf94	_getdiskbydev
0x10bfa2	_sys_nerr
0x10bfac	_sys_errlist
0x10bfb9	__sys_errlist_ETIMEDOUT
0x10bfd1	__sys_errlist_ENOSR
0x10bfe5	__sys_errlist_ENOPROTOOPT
0x10bfff	__sys_errlist_EXDEV
0x10c013	__sys_errlist_EWOULDBLOCK
0x10c02d	__sys_errlist_EUSERS
0x10c042	__sys_errlist_ETXTBSY
0x10c058	__sys_errlist_ETOOMANYREFS
0x10c073	__sys_errlist_0
0x10c083	__sys_errlist_E2BIG
0x10c097	__sys_errlist_ETIME
0x10c0ab	__sys_errlist_ESTALE
0x10c0c0	__sys_errlist_ESRCH
0x10c0d4	__sys_errlist_EACCES
0x10c0e9	__sys_errlist_EADDRINUSE
0x10c102	__sys_errlist_EADDRNOTAVAIL
0x10c11e	__sys_errlist_EAFNOSUPPORT
0x10c139	__sys_errlist_EAGAIN
0x10c14e	__sys_errlist_EALREADY
0x10c165	__sys_errlist_EBADARCH
0x10c17c	__sys_errlist_EBADEXEC
0x10c193	__sys_errlist_EBADF
0x10c1a7	__sys_errlist_ESPIPE
0x10c1bc	__sys_errlist_ESOCKTNOSUPPORT
0x10c1da	__sys_errlist_ESHUTDOWN
0x10c1f2	__sys_errlist_EBADMACHO
0x10c20a	__sys_errlist_EBADMSG
0x10c220	__sys_errlist_ESHLIBVERS
0x10c239	__sys_errlist_EBUSY
0x10c24d	__sys_errlist_EROFS
0x10c261	__sys_errlist_EREMOTE
0x10c277	__sys_errlist_EREFUSED
0x10c28e	__sys_errlist_ECHILD
0x10c2a3	__sys_errlist_ECONNABORTED
0x10c2be	__sys_errlist_ECONNRESET
0x10c2d7	__sys_errlist_EDEADLK
0x10c2ed	__sys_errlist_EDESTADDRREQ
0x10c308	__sys_errlist_EDEVERR
0x10c31e	__sys_errlist_EDOM
0x10c331	__sys_errlist_EDQUOT
0x10c346	__sys_errlist_ERANGE
0x10c35b	__sys_errlist_EPWROFF
0x10c371	__sys_errlist_EEXIST
0x10c386	__sys_errlist_EPROTOTYPE
0x10c39f	__sys_errlist_EFAULT
0x10c3b4	__sys_errlist_EFBIG
0x10c3c8	__sys_errlist_EPROTONOSUPPORT
0x10c3e6	__sys_errlist_EHOSTDOWN
0x10c3fe	__sys_errlist_EHOSTUNREACH
0x10c419	__sys_errlist_EIDRM
0x10c42d	__sys_errlist_EINPROGRESS
0x10c447	__sys_errlist_EPROCLIM
0x10c45e	__sys_errlist_EPIPE
0x10c472	__sys_errlist_EINTR
0x10c486	__sys_errlist_EINVAL
0x10c49b	__sys_errlist_EPFNOSUPPORT
0x10c4b6	__sys_errlist_EIO
0x10c4c8	__sys_errlist_EPERM
0x10c4dc	__sys_errlist_EISCONN
0x10c4f2	__sys_errlist_EISDIR
0x10c507	__sys_errlist_EOPNOTSUPP
0x10c520	__sys_errlist_ENXIO
0x10c534	__sys_errlist_ENOTTY
0x10c549	__sys_errlist_ENOTSOCK
0x10c560	__sys_errlist_ENOTEMPTY
0x10c578	__sys_errlist_ENOTDIR
0x10c58e	__sys_errlist_ENOTCONN
0x10c5a5	__sys_errlist_ENOTBLK
0x10c5bb	__sys_errlist_ENOSTR
0x10c5d0	__sys_errlist_ELOOP
0x10c5e4	__sys_errlist_ENOSPC
0x10c5f9	__sys_errlist_EMFILE
0x10c60e	__sys_errlist_ENOMSG
0x10c623	__sys_errlist_ENOMEM
0x10c638	__sys_errlist_EMLINK
0x10c64d	__sys_errlist_ENOLCK
0x10c662	__sys_errlist_ENOINIT
0x10c678	__sys_errlist_EMSGSIZE
0x10c68f	__sys_errlist_ENOEXEC
0x10c6a5	__sys_errlist_ENAMETOOLONG
0x10c6c0	__sys_errlist_ENOENT
0x10c6d5	__sys_errlist_ENETDOWN
0x10c6ec	__sys_errlist_ENETRESET
0x10c704	__sys_errlist_ENODEV
0x10c719	__sys_errlist_ENETUNREACH
0x10c733	__sys_errlist_ENFILE
0x10c748	__sys_errlist_ENOBUFS
0x10c76e	_getexportent
0x10c77c	_getexportopt
0x10c78a	_remexportent
0x10c798	_endexportent
0x10c7a6	_setexportent
0x10c7b4	_addexportent
0x10c7c2	_fgetpwent
0x10c7d4	_endfsent
0x10c7de	_getfsfile
0x10c7e9	_getfsent
0x10c7f3	_getfstype
0x10c7fe	_getfsspec
0x10c809	_setfsent
0x10c81b	__old_endgrent
0x10c82a	__old_fgetgrent
0x10c83a	__old_getgrent
0x10c849	__old_getgrgid
0x10c858	__old_getgrnam
0x10c867	__old_setgrent
0x10c876	__old_setgrfile
0x10c886	_setgrjunk
0x10c891	_getlogin
0x10c89b	_getpass
0x10c8a4	__old_setpwent
0x10c8b3	__old_getpwuid
0x10c8c2	__old_endpwent
0x10c8d1	__old_getpwent
0x10c8e0	__old_getpwnam
0x10c8ef	__old_setpwfile
0x10c8ff	_getttyent
0x10c90a	_setttyent
0x10c915	_endttyent
0x10c920	_getttynam
0x10c92b	_setusershell
0x10c939	_endusershell
0x10c947	_getusershell
0x10c95c	_monstartup
0x10c968	_moninit
0x10c971	_moncount
0x10c97b	_monaddition
0x10c988	_moncontrol
0x10c994	_monreset
0x10c99e	_monoutput
0x10c9a9	_monitor
0x10c9b2	_swap_hppa_integer_thread_state
0x10c9d2	_swap_hppa_frame_thread_state
0x10c9f0	_swap_i386_thread_cthreadstate
0x10ca0f	_swap_i386_thread_exceptstate
0x10ca2d	_swap_i386_thread_state
0x10ca45	_swap_i386_thread_fpstate
0x10ca5f	__old_initgroups
0x10ca70	__isatty
0x10ca79	_swap_m68k_thread_state_regs
0x10ca96	_swap_m68k_thread_state_user_reg
0x10cab7	_swap_m68k_thread_state_68882
0x10cad5	__malloc_jumpstart
0x10cae8	__mstats
0x10caf1	__NXMergeZone
0x10caff	__NXNameZone
0x10cb0c	__NXCreateZone
0x10cb29	__NXRemoveRegion
0x10cb3a	__set_malloc_singlethreaded
0x10cb5e	__NXDefaultMallocZone
0x10cb74	_realloc
0x10cb7d	__valloc
0x10cb86	__NXMallocDumpFrees
0x10cba2	__malloc_fork_parent
0x10cbb7	__NXAddRegion
0x10cbc5	__NXCreateChildZone
0x10cbd9	__NXMallocCheck
0x10cbe9	__malloc_fork_prepare
0x10cbff	__NXZoneFromPtr
0x10cc0f	__NXZoneCalloc
0x10cc1e	__malloc_singlethreaded
0x10cc36	__NXZonePtrInfo
0x10cc46	__malloc_error
0x10cc55	__NXMallocDumpZones
0x10cc69	__malloc_fork_child
0x10cc7d	__malloc_freezedry
0x10cc90	__malloc_good_size
0x10cca3	__malloc_debug
0x10ccb2	__malloc_size
0x10ccc0	_mkstemp
0x10ccd1	__old_addmntent
0x10cce1	_hasmntopt
0x10ccf2	__old_endmntent
0x10cd02	__old_getmntent
0x10cd12	__old_setmntent
0x10cd22	_dbm_fetch
0x10cd2d	_dbm_open
0x10cd37	_dbm_close
0x10cd42	_dbm_nextkey
0x10cd4f	_dbm_forder
0x10cd5b	_dbm_delete
0x10cd67	_dbm_firstkey
0x10cd75	_dbm_store
0x10cd87	_opendir
0x10cda7	_psignal
0x10cdb7	_initstate
0x10cdc2	_setstate
0x10cdcc	_srandom
0x10cddd	_readdir
0x10cde6	_realpath
0x10cdf0	_backref
0x10ce01	_re_exec
0x10ce0a	_re_fold
0x10ce13	_re_match
0x10ce24	_re_comp
0x10ce2d	_re_compile
0x10ce39	_scandir
0x10ce42	_alphasort
0x10ce4d	_seekdir
0x10ce56	_setegid
0x10ce5f	_seteuid
0x10ce70	_setrgid
0x10ce79	_setruid
0x10ce8a	_siginterrupt
0x10ce98	_sys_siglist
0x10cea5	__signal_nobind
0x10cebd	__sys_siglist_SIGBUS
0x10ced2	__sys_siglist_SIGCHLD
0x10cee8	__sys_siglist_SIGCONT
0x10cefe	__sys_siglist_SIGEMT
0x10cf13	__sys_siglist_0
0x10cf23	__sys_siglist_SIGXFSZ
0x10cf39	__sys_siglist_SIGALRM
0x10cf4f	__sys_siglist_SIGWINCH
0x10cf66	__sys_siglist_SIGVTALRM
0x10cf7e	__sys_siglist_SIGUSR2
0x10cf94	__sys_siglist_SIGUSR1
0x10cfaa	__sys_siglist_SIGURG
0x10cfbf	__sys_siglist_SIGTTOU
0x10cfd5	__sys_siglist_SIGXCPU
0x10cfeb	__sys_siglist_SIGTSTP
0x10d001	__sys_siglist_SIGTRAP
0x10d017	__sys_siglist_SIGTERM
0x10d02d	__sys_siglist_SIGSYS
0x10d042	__sys_siglist_SIGTTIN
0x10d058	__sys_siglist_SIGFPE
0x10d06d	__sys_siglist_SIGHUP
0x10d082	__sys_siglist_SIGSTOP
0x10d098	__sys_siglist_SIGSEGV
0x10d0ae	__sys_siglist_SIGQUIT
0x10d0c4	__sys_siglist_SIGPROF
0x10d0da	__sys_siglist_SIGPIPE
0x10d0f0	__sys_siglist_SIGLOST
0x10d106	__sys_siglist_SIGKILL
0x10d11c	__sys_siglist_SIGIOT
0x10d131	__sys_siglist_SIGIO
0x10d145	__sys_siglist_SIGINT
0x10d15a	__sys_siglist_SIGILL
0x10d176	_strncasecmp
0x10d183	_strcasecmp
0x10d19d	_closelog
0x10d1a7	_setlogmask
0x10d1b3	_openlog
0x10d1bc	_vsyslog
0x10d1cd	_telldir
0x10d1e4	__timezone
0x10d1ef	_ttyname
0x10d1f8	_ttyslot
0x10d242	_moninitshlibs
0x10d251	__longjmperror
0x10d290	_mcount_hack
0x10d2c2	_longjmp
0x10d2eb	_strncat
0x10d2f4	_strncmp
0x10d2fd	_strncpy
0x10d306	__dbltopdfp
0x10d312	__pdfptodbl
0x10d31e	__longjmp
0x10d328	__setjmp
0x10d331	_inet_addr
0x10d33c	_inet_aton
0x10d347	_inet_lnaof
0x10d353	_inet_makeaddr
0x10d362	_inet_netof
0x10d36e	_inet_network
0x10d37c	_inet_ntoa
0x10d387	__adddi3
0x10d390	__anddi3
0x10d3a0	__iordi3
0x10d3a9	__NX_ULTable_
0x10d3b7	__NX_CTypeTable_
0x10d3c8	_NXIsAlNum
0x10d3d3	_NXIsAlpha
0x10d3de	_NXIsAscii
0x10d3e9	_NXIsCntrl
0x10d3f4	_NXIsDigit
0x10d3ff	_NXIsGraph
0x10d40a	_NXIsLower
0x10d415	_NXIsPrint
0x10d420	_NXIsPunct
0x10d42b	_NXIsSpace
0x10d436	_NXIsUpper
0x10d441	_NXIsXDigit
0x10d44d	_NXToAscii
0x10d458	_NXToLower
0x10d463	_NXToUpper
0x10d46e	__one_cmpldi2
0x10d47c	__subdi3
0x10d485	__xordi3
0x10d48e	__NXToLower
0x10d49a	__NXToUpper
0x10d4a6	_bootstrap_get_unpriv_port
0x10d4c1	_mach_exception
0x10d4d1	_mach_NeXT_exception
0x10d4e6	_mach_NeXT_exception_string
0x10d502	_mach_exception_string
0x10d519	_catch_exception_raise
0x10d530	__old_mach_init_ports
0x10d546	__mach_data_padding
0x10d55a	__bootstrap_port
0x10d56b	__vm_page_size
0x10d57a	__old_mach_init_ports_count
0x10d596	__task_self_
0x10d5a3	__mach_init_routine
0x10d5b7	__name_server_port
0x10d5ca	__xxx_PORT_ENABLED
0x10d5dd	__xxx_environment_port
0x10d5f4	__mach_error_string
0x10d608	__mach_errormsg
0x10d618	__mach_error
0x10d625	__mach_init
0x10d631	__fork_mach_init
0x10d642	_mach_msg
0x10d64c	_mach_msg_receive
0x10d65e	_mach_msg_send
0x10d66d	_mig_allocate
0x10d67b	_mig_deallocate
0x10d68b	_mig_reply_setup
0x10d69c	_mig_strncpy
0x10d6a9	__msg_send
0x10d6b4	__msg_rpc
0x10d6be	__msg_receive
0x10d6d7	_slot_name
0x10d6e2	__mach_msg_trap
0x10d6f2	__mach_task_self
0x10d703	__task_self
0x10d70f	__swtch_pri
0x10d71b	__device_master_self
0x10d730	__kern_timestamp
0x10d741	__msg_receive_trap
0x10d754	__msg_rpc_trap
0x10d763	__msg_send_trap
0x10d773	__thread_self
0x10d781	__thread_reply
0x10d790	__task_notify
0x10d79e	__event_port_by_tag
0x10d7b2	__lookupd_port
0x10d7c1	__task_by_pid
0x10d7cf	__host_priv_self
0x10d7e0	__map_fd
0x10d7e9	__thread_switch
0x10d7f9	__init_process
0x10d808	__host_self
0x10d814	__mach_host_self
0x10d825	__mach_reply_port
0x10d83f	__mach_thread_self
0x10d852	__mach_swapon
0x10d860	__bootstrap_check_in
0x10d875	__bootstrap_create_service
0x10d890	__bootstrap_look_up
0x10d8a4	__bootstrap_register
0x10d8b9	__bootstrap_info
0x10d8ca	__bootstrap_status
0x10d8dd	__bootstrap_subset
0x10d8f0	__bootstrap_look_up_array
0x10d90a	_exception_raise
0x10d91b	_exc_server
0x10d927	__thread_terminate
0x10d93a	__thread_suspend
0x10d94b	__port_allocate
0x10d95b	__thread_abort
0x10d96a	__task_threads
0x10d979	__task_terminate
0x10d98a	__task_suspend
0x10d999	__unix_pid
0x10d9a4	__vm_copy
0x10d9ae	__thread_set_state
0x10d9c1	__thread_set_special_port
0x10d9db	__vm_deactivate
0x10d9eb	__vm_allocate
0x10d9f9	__vm_deallocate
0x10da09	__task_set_special_port
0x10da21	__port_set_backlog
0x10da34	__thread_get_special_port
0x10da4e	__task_resume
0x10da5c	__vm_inherit
0x10da69	__vm_machine_attribute
0x10da80	__vm_read
0x10da8a	__task_get_special_port
0x10daa2	__vm_protect
0x10daaf	__port_deallocate
0x10dac1	__vm_region
0x10dacd	__vm_set_policy
0x10dadd	__task_info
0x10dae9	__thread_info
0x10daf7	__vm_synchronize
0x10db08	__thread_get_state
0x10db1b	__thread_create
0x10db2b	__vm_statistics
0x10db3b	__netipc_ignore
0x10db4b	__netipc_listen
0x10db5b	__port_extract_receive
0x10db72	__port_extract_send
0x10db86	__port_insert_receive
0x10db9c	__port_insert_send
0x10dbaf	__port_names
0x10dbbc	__port_rename
0x10dbca	__port_set_add
0x10dbd9	__port_set_allocate
0x10dbed	__port_set_backup
0x10dbff	__vm_write
0x10dc0a	__port_set_deallocate
0x10dc20	__port_set_remove
0x10dc32	__task_create
0x10dc40	__xxx_cpu_control
0x10dc52	__task_by_unix_pid
0x10dc65	__xxx_host_info
0x10dc75	__port_type
0x10dc81	__port_status
0x10dc8f	__port_set_status
0x10dca1	__xxx_slot_info
0x10dcb1	__thread_resume
0x10dcc1	_host_info
0x10dccc	_processor_set_threads
0x10dce3	_processor_set_max_priority
0x10dcff	_thread_depress_abort
0x10dd15	_thread_get_assignment
0x10dd2c	_processor_set_default
0x10dd43	_host_adjust_time
0x10dd55	_host_get_time
0x10dd64	_host_kernel_version
0x10dd79	_host_processor_set_priv
0x10dd92	_host_processor_sets
0x10dda7	_host_processors
0x10ddb8	_host_set_time
0x10ddc7	_processor_assign
0x10ddd9	_processor_control
0x10ddec	_processor_exit
0x10ddfc	_processor_get_assignment
0x10de16	_processor_info
0x10de26	_processor_set_create
0x10de3c	_thread_priority
0x10de4d	_thread_policy
0x10de5c	_processor_set_destroy
0x10de73	_task_assign_default
0x10de88	_processor_set_info
0x10de9c	_task_get_assignment
0x10deb1	_processor_set_policy_disable
0x10decf	_processor_set_policy_enable
0x10deec	_processor_set_tasks
0x10df01	_processor_start
0x10df12	_task_assign
0x10df1f	_task_priority
0x10df2e	_thread_assign_default
0x10df45	_thread_assign
0x10df54	_thread_max_priority
0x10df69	_netname_check_out
0x10df7c	_netname_look_up
0x10df8d	_netname_check_in
0x10df9f	_netname_version
0x10dfb0	_NXGetLocalArchInfo
0x10dfc4	_NXFindBestFatArch
0x10dfd7	_NXGetArchInfoFromName
0x10dfee	_NXCombineCpuSubtypes
0x10e004	_NXGetAllArchInfos
0x10e017	_NXGetArchInfoFromCpuType
0x10e031	_getmachheaders
0x10e041	_getsectbynamefromheader
0x10e05a	_getsectdatafromheader
0x10e071	_getsectbynamefromheaderwithswap
0x10e092	_getsectdata
0x10e09f	_getsectdatafromlib
0x10e0b3	_getsectbyname
0x10e0c2	_getsegbyname
0x10e0d0	_get_etext
0x10e0db	_get_end
0x10e0e4	_get_edata
0x10e0ef	_swap_ident_command
0x10e103	_swap_fvmlib_command
0x10e118	_swap_symseg_command
0x10e12d	_swap_fat_header
0x10e13e	_swap_fat_arch
0x10e14d	_swap_load_command
0x10e160	_swap_relocation_info
0x10e176	_swap_ranlib
0x10e183	_swap_segment_command
0x10e199	_swap_section
0x10e1a7	_swap_symtab_command
0x10e1bc	_swap_thread_command
0x10e1d1	_swap_nlist
0x10e1dd	_swap_fvmfile_command
0x10e1f3	_swap_mach_header
0x10e205	_ether_hostton
0x10e214	_ether_line
0x10e220	_ether_ntoa
0x10e22c	_ether_ntohost
0x10e23b	_ether_aton
0x10e247	__old_endnetent
0x10e257	__old_getnetbyaddr
0x10e26a	__old_getnetbyname
0x10e27d	__old_getnetent
0x10e28d	__old_setnetent
0x10e29d	__nettoa
0x10e2a6	__old_endnetgrent
0x10e2b8	__old_setnetgrent
0x10e2ca	__old_getnetgrent
0x10e2dc	__old_endprotoent
0x10e2ee	__old_getprotobynumber
0x10e305	__old_getprotoent
0x10e317	__old_setprotoent
0x10e329	__old_getprotobyname
0x10e33e	_getrpcport
0x10e34a	__old_endservent
0x10e35b	__old_getservbyport
0x10e36f	__old_getservent
0x10e380	__old_setservent
0x10e391	__old_getservbyname
0x10e3a5	__old_innetgr
0x10e3b3	__validuser
0x10e3c5	_rresvport
0x10e3d0	_ruserok
0x10e3d9	__checkhost
0x10e3ec	_mkpwclear
0x10e3f7	_ruserpass
0x10e402	_mkpwunclear
0x10e40f	___putlong
0x10e41a	___putshort
0x10e426	__getlong
0x10e430	__getshort
0x10e43b	_dn_comp
0x10e444	_dn_expand
0x10e44f	___dn_skipname
0x10e45e	___p_type
0x10e468	___p_cdnname
0x10e475	___p_class
0x10e480	___p_fqname
0x10e48c	___p_option
0x10e498	___p_query
0x10e4ab	___p_time
0x10e4b5	__res_opcodes
0x10e4c3	__res_resultcodes
0x10e4d5	___fp_nquery
0x10e4e2	___p_cdname
0x10e4ee	___fp_resstat
0x10e4fc	___fp_query
0x10e508	_res_init
0x10e512	__res_running
0x10e520	_res_mkquery
0x10e52d	_res_search
0x10e539	_res_query
0x10e544	___hostalias
0x10e551	_res_querydomain
0x10e562	_res_send
0x10e56c	___res_isourserver
0x10e57f	___res_nameinquery
0x10e592	___res_queriesmatch
0x10e5a6	__res_close
0x10e5b2	_res_send_setqhook
0x10e5c5	_res_send_setrhook
0x10e5d8	__net_stayopen
0x10e609	__res_gethostbyname
0x10e61d	__res_gethostbyaddr
0x10e631	__res_getnetbyaddr
0x10e644	__res_getnetbyname
0x10e657	_hstrerror
0x10e662	_h_errlist
0x10e67d	_inet_nsap_addr
0x10e68d	_inet_nsap_ntoa
0x10e69d	__old_gethostbyname
0x10e6b1	__old_gethostbyaddr
0x10e6c5	__old_sethostent
0x10e6d6	__old_gethostent
0x10e6e7	__old_sethostfile
0x10e6f9	__old_endhostent
0x10e70a	_alias_getent
0x10e718	_alias_setent
0x10e726	_alias_endent
0x10e734	_alias_getbyname
0x10e745	_bootp_getbyether
0x10e757	_bootp_getbyip
0x10e766	_bootparams_getbyname
0x10e77c	_endgrent
0x10e786	_setgrfile
0x10e791	_getgrnam
0x10e79b	_initgroups
0x10e7a7	_getgrgid
0x10e7b1	_getgrent
0x10e7bb	_setgrent
0x10e7c5	_endhostent
0x10e7d1	_gethostbyaddr
0x10e7e0	_gethostent
0x10e7ec	_sethostfile
0x10e7f9	_sethostent
0x10e805	_gethostbyname
0x10e814	_endmntent
0x10e81f	_addmntent
0x10e82a	_setmntent
0x10e835	_getmntent
0x10e840	_endnetent
0x10e84b	_getnetbyaddr
0x10e859	_getnetent
0x10e864	_getnetbyname
0x10e872	_setnetent
0x10e87d	_innetgr
0x10e886	_setnetgrent
0x10e893	_getnetgrent
0x10e8a0	__set_innetgr_handler
0x10e8b6	_lu_getnetgrent
0x10e8c6	_endnetgrent
0x10e8d3	_endprotoent
0x10e8e0	_setprotoent
0x10e8ed	_getprotobyname
0x10e8fd	_getprotoent
0x10e90a	_getprotobynumber
0x10e91c	_prdb_getbyname
0x10e92c	_prdb_end
0x10e936	_prdb_set
0x10e940	_prdb_get
0x10e94a	_setpwfile
0x10e955	_getpwnam
0x10e95f	_getpwuid
0x10e969	_endpwent
0x10e973	_getpwent
0x10e97d	_setpwent
0x10e987	_endrpcent
0x10e992	_getrpcbyname
0x10e9a0	_setrpcent
0x10e9ab	_getrpcbynumber
0x10e9bb	_getrpcent
0x10e9c6	_getservent
0x10e9d2	_getservbyport
0x10e9e1	_setservent
0x10e9ed	_getservbyname
0x10e9fc	_endservent
0x10ea08	__lu_port
0x10ea12	__lu_setport
0x10ea1f	__lu_running
0x10ea2c	__lu_fork_child
0x10ea3c	_h_errno
0x10ea45	_ni_error
0x10ea4f	_ni_writeprop
0x10ea5d	_ni_resync
0x10ea68	_ni_root
0x10ea71	_ni_self
0x10ea7a	_ni_setpassword
0x10ea8a	_ni_setuser
0x10ea96	_ni_setwritetimeout
0x10eaaa	_ni_statistics
0x10eab9	_ni_write
0x10eac3	_ni_writename
0x10ead1	_ni_createprop
0x10eae8	_ni_free
0x10eaf1	_ni_renameprop
0x10eb00	__ni_dup
0x10eb09	_ni_addrtag
0x10eb15	_ni_children
0x10eb22	_ni_connect
0x10eb2e	_ni_create
0x10eb39	_ni_readprop
0x10eb46	_ni_readname
0x10eb53	_ni_read
0x10eb5c	_ni_parent
0x10eb67	_ni_createname
0x10eb76	_ni_listall
0x10eb82	_ni_setabort
0x10eb8f	_ni_needwrite
0x10eb9d	_ni_lookupread
0x10ebac	_ni_lookup
0x10ebb7	_ni_listprops
0x10ebc5	_ni_setreadtimeout
0x10ebd8	_ni_list
0x10ebe1	_ni_destroy
0x10ebed	_ni_destroyprop
0x10ebfd	_ni_destroyname
0x10ec0d	_ni_pwdomain
0x10ec1a	_ni_fancyopen
0x10ec28	_ni_open
0x10ec31	_ni_pathsearch
0x10ec40	_ni_entrylist_free
0x10ec53	_ni_proplist_list_free
0x10ec6a	_ni_idlist_free
0x10ec7a	_ni_namelist_insert
0x10ec8e	_ni_namelist_match
0x10eca1	_ni_namelist_delete
0x10ecb5	_ni_namelist_dup
0x10ecc6	_ni_prop_free
0x10ecd4	_ni_name_dup
0x10ece1	_ni_prop_dup
0x10ecee	_ni_proplist_delete
0x10ed02	_ni_proplist_dup
0x10ed13	_ni_proplist_match
0x10ed26	_ni_proplist_free
0x10ed38	_ni_idlist_insert
0x10ed4a	_ni_proplist_insert
0x10ed5e	_ni_name_free
0x10ed6c	_ni_entrylist_insert
0x10ed81	_ni_entrylist_delete
0x10ed96	_ni_namelist_free
0x10eda8	_ni_lookupprop
0x10edb7	_ni_name_match
0x10edc6	_ni_idlist_delete
0x10edd8	_ni_idlist_dup
0x10ede7	__old_prdb_set
0x10edf6	__old_prdb_end
0x10ee05	__old_prdb_getbyname
0x10ee1a	__old_prdb_get
0x10ee29	_putpwpasswd
0x10ee36	__ni_parent_2
0x10ee44	__ni_resync_2
0x10ee52	__ni_writename_2
0x10ee63	__ni_renameprop_2
0x10ee75	__ni_read_2
0x10ee81	__ni_rparent_2
0x10ee90	__ni_readname_2
0x10eea0	__ni_self_2
0x10eeac	__ni_statistics_2
0x10eebe	__ni_root_2
0x10eeca	__ni_crashed_2
0x10eed9	__ni_readprop_2
0x10eee9	__ni_bind_2
0x10eef5	__ni_writeprop_2
0x10ef06	__ni_ping_2
0x10ef12	__ni_readall_2
0x10ef21	__ni_write_2
0x10ef2e	__ni_list_2
0x10ef3a	__ni_create_2
0x10ef48	__ni_children_2
0x10ef58	__ni_lookupread_2
0x10ef6a	__ni_lookup_2
0x10ef78	__ni_createname_2
0x10ef8a	__ni_listprops_2
0x10ef9b	__ni_listall_2
0x10efaa	__ni_createprop_2
0x10efbc	__ni_destroyprop_2
0x10efcf	__ni_destroyname_2
0x10efe2	__ni_destroy_2
0x10eff1	_xdr_ni_object
0x10f000	_xdr_ni_namelist_stuff
0x10f017	_xdr_ni_namelist
0x10f028	_xdr_ni_lookup_stuff
0x10f03d	_xdr_ni_property
0x10f04e	_xdr_ni_parent_stuff
0x10f063	_xdr_ni_object_node
0x10f077	_xdr_ni_list_stuff
0x10f08a	_xdr_ni_idlist
0x10f099	_xdr_ni_entrylist
0x10f0ab	_xdr_ni_entry
0x10f0b9	_xdr_ni_create_stuff
0x10f0ce	_xdr_ni_children_stuff
0x10f0e5	_xdr_ni_writeprop_args
0x10f0fc	_xdr_ni_writename_args
0x10f113	_xdr_ni_status
0x10f122	_xdr_ni_object_list
0x10f136	_xdr_ni_listall_stuff
0x10f14c	_xdr_ni_propname_args
0x10f162	_xdr_ni_readname_res
0x10f177	_xdr_ni_proplist_res
0x10f18c	_xdr_ni_proplist
0x10f19d	_xdr_ni_prop_args
0x10f1af	_xdr_ni_parent_res
0x10f1c2	_xdr_ni_namelist_res
0x10f1d7	_xdr_ni_nameindex_args
0x10f1ee	_xdr_ni_name_args
0x10f200	_xdr_ni_name
0x10f20d	_xdr_ni_rparent_res
0x10f221	_xdr_ni_lookup_res
0x10f234	_xdr_ni_lookup_args
0x10f248	_xdr_ni_listall_res
0x10f25c	_xdr_ni_list_res
0x10f26d	_xdr_ni_id_res
0x10f27c	_xdr_ni_id
0x10f287	_xdr_ni_destroy_args
0x10f29c	_xdr_ni_createprop_args
0x10f2b4	_xdr_ni_createname_args
0x10f2cc	_xdr_ni_create_res
0x10f2df	_xdr_ni_create_args
0x10f2f3	_xdr_ni_children_res
0x10f308	_xdr_ni_binding
0x10f318	_xdr_ni_proplist_list
0x10f32e	_xdr_ni_readall_res
0x10f342	_xdr_ni_readall_stuff
0x10f358	_xdr_ni_proplist_stuff
0x10f36f	_xdr_ni_readname_stuff
0x10f386	_xdr_nibind_clone_args
0x10f39d	_xdr_nibind_listreg_res
0x10f3b5	_xdr_nibind_registration
0x10f3ce	_xdr_nibind_bind_args
0x10f3e4	_xdr_nibind_addrinfo
0x10f3f9	_xdr_nibind_getregister_res
0x10f415	_xdr__lu_hostent_ptr
0x10f42a	_xdr__lu_group
0x10f439	_xdr__lu_group_ptr
0x10f44c	_xdr__lu_mntent
0x10f45c	_xdr__lu_bootp_ent_ptr
0x10f473	_xdr__lu_hostent
0x10f484	_xdr__lu_bootparams_ent_ptr
0x10f4a0	_xdr__lu_netent
0x10f4b0	_xdr__lu_netent_ptr
0x10f4c4	_xdr__lu_protoent
0x10f4d6	_xdr__lu_string
0x10f4e6	_xdr__lu_innetgr_args
0x10f4fc	_xdr__lu_netgrent
0x10f50e	_xdr__lu_aliasent_ptr
0x10f524	_xdr__lu_aliasent
0x10f536	_xdr__lu_prdb_property
0x10f54d	_xdr__lu_servent_ptr
0x10f562	_xdr__lu_mntent_ptr
0x10f576	_xdr__lu_rpcent
0x10f586	_xdr__lu_protoent_ptr
0x10f59c	_xdr__lu_rpcent_ptr
0x10f5b0	_xdr__lu_bootp_ent
0x10f5c3	_xdr__lu_bootparams_ent
0x10f5db	_xdr__lu_servent
0x10f5ec	_xdr__lu_passwd
0x10f5fc	_xdr__lu_passwd_ptr
0x10f610	_xdr__lu_prdb_ent_ptr
0x10f626	_xdr__lu_prdb_ent
0x10f638	__lookup_ooall
0x10f647	__lookup_one
0x10f654	__lookup_link
0x10f662	__lookup_all
0x10f66f	_authnone_create
0x10f680	_authunix_create_default
0x10f699	_authunix_create
0x10f6aa	_xdr_authunix_parms
0x10f6be	_bindresvport
0x10f6cc	_clnt_create
0x10f6d9	_clnt_sperrno
0x10f6e7	_clnt_sperror
0x10f6f5	_clnt_perror
0x10f702	_clnt_syslog
0x10f70f	_clnt_spcreateerror
0x10f723	_clnt_perrno
0x10f730	_clnt_pcreateerror
0x10f743	_clntraw_create
0x10f753	_callrpc
0x10f75c	_clnttcp_create
0x10f76c	_clntudp_create
0x10f77c	_clntudp_bufcreate
0x10f78f	__rpc_dtablesize
0x10f7a0	_get_myaddress
0x10f7af	__old_setrpcent
0x10f7bf	__old_getrpcbynumber
0x10f7d4	__old_getrpcent
0x10f7e4	__old_endrpcent
0x10f7f4	__old_getrpcbyname
0x10f807	_key_gendes
0x10f813	_key_decryptsession
0x10f827	_key_encryptsession
0x10f83b	_key_setsecret
0x10f84a	_xdr_unixcred
0x10f858	_xdr_cryptkeyarg
0x10f869	_xdr_netnamestr
0x10f879	_xdr_keybuf
0x10f885	_xdr_keystatus
0x10f894	_xdr_cryptkeyres
0x10f8a5	_xdr_getcredres
0x10f8b5	_multi_call
0x10f8c1	_host2netname
0x10f8cf	_netname2user
0x10f8dd	_getnetname
0x10f8e9	_netname2host
0x10f8f7	_user2netname
0x10f905	__openchild
0x10f911	_pmap_set
0x10f91b	_pmap_unset
0x10f927	_pmap_getmaps
0x10f935	_pmap_getport
0x10f943	_xdr_pmap
0x10f94d	_xdr_pmaplist
0x10f95b	_xdr_rmtcallres
0x10f96b	_pmap_rmtcall
0x10f979	_xdr_rmtcall_args
0x10f98b	_clnt_broadcast_exp
0x10f99f	_clnt_broadcast
0x10f9af	_xdr_des_block
0x10f9be	_xdr_rejected_reply
0x10f9d2	__seterr_reply
0x10f9e1	_xdr_replymsg
0x10f9ef	_xdr_callhdr
0x10f9fc	_xdr_accepted_reply
0x10fa10	_xdr_opaque_auth
0x10fa21	__rpc_comdata_padding
0x10fa37	__null_auth
0x10fa43	_svc_fdset
0x10fa4e	_rpc_createerr
0x10fa5d	_xdr_callmsg
0x10fa6a	_svc_getreq
0x10fa76	_svc_sendreply
0x10fa85	_svcerr_auth
0x10fa92	_svcerr_decode
0x10faa1	_svc_unregister
0x10fab1	_svcerr_noproc
0x10fac0	_svcerr_noprog
0x10facf	_svc_register
0x10fadd	_svc_getreqset
0x10faec	_xprt_unregister
0x10fafd	_xprt_register
0x10fb0c	_svcerr_weakauth
0x10fb1d	_svcerr_systemerr
0x10fb2f	_svcerr_progvers
0x10fb40	__svcauth_null
0x10fb4f	__authenticate
0x10fb5e	__svcauth_short
0x10fb6e	__svcauth_unix
0x10fb7d	_svcraw_create
0x10fb8c	_svc_run
0x10fb95	_registerrpc
0x10fba2	_svcfd_create
0x10fbb0	_svctcp_create
0x10fbbf	_svcudp_create
0x10fbce	_svcudp_enablecache
0x10fbe2	_svcudp_bufcreate
0x10fbf4	_authdes_getucred
0x10fc06	__svcauth_des
0x10fc14	_xdr_union
0x10fc1f	_xdr_bytes
0x10fc2a	_xdr_opaque
0x10fc36	_xdr_int
0x10fc3f	_xdr_free
0x10fc49	_xdr_u_short
0x10fc56	_xdr_bool
0x10fc60	_xdr_u_long
0x10fc6c	_xdr_wrapstring
0x10fc7c	_xdr_u_char
0x10fc88	_xdr_short
0x10fc93	_xdr_netobj
0x10fc9f	_xdr_long
0x10fca9	_xdr_string
0x10fcb5	_xdr_enum
0x10fcbf	_xdr_char
0x10fcc9	_xdr_void
0x10fcd3	_xdr_u_int
0x10fcde	_xdr_array
0x10fce9	_xdr_vector
0x10fcf5	_xdr_double
0x10fd01	_xdr_float
0x10fd0c	_xdrmem_create
0x10fd1b	_xdrrec_create
0x10fd2a	_xdrrec_skiprecord
0x10fd3d	_xdrrec_endofrecord
0x10fd51	_xdrrec_eof
0x10fd5d	_xdr_reference
0x10fd6c	_xdr_pointer
0x10fd79	_xdrstdio_create
0x10fd8a	_bsd_sprintf
0x10fd97	_bsd_vsprintf
0x10fda5	_clearerr
0x10fdaf	__doscan
0x10fdd4	__filbuf
0x10fddd	__f_prealloc
0x10fdea	__cleanup
0x10fdfc	__f_morefiles
0x10fe0a	__findiop
0x10fe14	__flsbuf
0x10fe34	_fprintf
0x10fe52	_freopen
0x10fe71	_getchar
0x10fe94	_putchar
0x10fed0	_setbuffer
0x10fedb	_setlinebuf
0x10fee7	_sprintf
0x10fef0	__strout
0x10ff01	_vfprintf
0x10ff0b	_vprintf
0x10ff14	_vsprintf
0x10ff25	__doprnt
0x10ff44	__gettimeofday
0x10ff53	__sigcatch
0x10ff5e	__sigvec
0x10ff67	__sigvec_nobind
0x10ff7f	__access
0x10ff8e	_add_profil
0x10ff9a	_adjtime
0x10ffa3	_async_daemon
0x10ffe3	_connect
0x11000e	__execve
0x110017	_exportfs
0x110056	_fstatfs
0x110066	_ftruncate
0x110071	_getdents
0x11007b	_getdirentries
0x11008a	_getdomainname
0x110099	__getdtablesize
0x1100a9	_getegid
0x1100b2	_geteuid
0x1100ca	_getgroups
0x1100d5	_gethostid
0x1100e0	_gethostname
0x1100ed	_getitimer
0x1100f8	_getpagesize
0x110105	_getpeername
0x110112	_getpgrp
0x11011b	__getpid
0x110124	_getppid
0x11012d	_getpriority
0x11013a	__getrlimit
0x110146	__getrusage
0x110152	_getsockname
0x11015f	_getsockopt
0x1101ee	_quotactl
0x1101ff	_readlink
0x11021e	_recvfrom
0x110228	_recvmsg
0x110256	_sendmsg
0x110267	_setdomainname
0x110276	_setgroups
0x110281	_sethostid
0x11028c	_sethostname
0x110299	_setitimer
0x1102a4	_setpgrp
0x1102ad	_setpriority
0x1102ba	_setprivexec
0x1102c7	_setquota
0x1102d1	_setregid
0x1102db	_setreuid
0x1102e5	_setrlimit
0x1102f0	_setsockopt
0x1102fc	_settimeofday
0x11030a	_shutdown
0x110314	__sigblock
0x11031f	_sigpause
0x110329	_sigreturn
0x110334	__sigsetmask
0x110341	__sigstack
0x11034c	__sigtramp
0x11035f	_socketpair
0x110381	_symlink
0x110390	__syscall
0x1103a1	_truncate
0x1103ba	_unmount
0x1103d2	_vhangup
0x1103f8	__writev
0x110408	__cthread_set_errno_self
0x110421	__cproc_fork_child
0x110434	__cproc_init
0x110441	__cond_broadcast
0x110452	__cond_signal
0x110460	__cthread_errno
0x110470	__cthread_yield
0x110480	__condition_wait
0x110491	__cproc_create
0x1104a0	__cthread_limit
0x1104b0	__set_cthread_free_callout
0x1104cb	__cthread_join
0x1104da	__cthread_body
0x1104e9	__cthread_init
0x1104f8	__cthread_count
0x110508	__cthread_detach
0x110519	__cthread_fork_prepare
0x110530	__cthread_name
0x11053f	__cthread_fork_child
0x110554	__cthread_fork_parent
0x11056a	__cthread_set_name
0x11057d	__cthread_fork
0x11058c	__cthread_set_limit
0x1105a0	__cthread_exit
0x1105af	__mutex_wait_lock
0x1105c1	__mig_init
0x1105cc	__mig_dealloc_reply_port
0x1105e5	__mig_get_reply_port
0x1105fa	__mig_fork_child
0x11060b	_cthread_max_priority
0x110621	_cthread_abort
0x110630	_cthread_priority
0x110642	__stack_fork_child
0x110655	__stack_init
0x110662	__dealloc_stack
0x110672	__alloc_stack
0x110680	__mutex_spin_limit
0x110693	__condition_spin_limit
0x1106aa	__cthread_stack_base
0x1106bf	__condition_yield_limit
0x1106d7	__cthread_stack_mask
0x1106ec	__initial_stack_boundary
0x110705	__cthread_exit_routine
0x11071c	__msg_send_timeout
0x11072f	__msg_receive_timeout
0x110745	__malloc_lock
0x110753	__cproc_default_stack_size
0x11076e	__threads_data_padding
0x110785	__cthread_init_routine
0x11079c	__cproc_setup
0x1107aa	__ur_cthread_self
0x1107bc	__cthread_set_self
0x1107cf	__cthread_sp
0x1107dc	__spin_unlock
0x1107ea	__mutex_unlock_try
0x1107fd	__spin_lock
0x110809	__mutex_try_lock
0x11081a	_yperr_string
0x110828	_xdr_ypmaplist
0x110837	_xdr_ypreq_xfr
0x110846	_xdr_ypresp_master
0x110859	_xdr_ypresp_order
0x11086b	_xdr_yppushresp_xfr
0x11087f	_xdr_ypmaplist_wrap_string
0x11089a	_xdr_ypresp_maplist
0x1108ae	_xdr_ypbind_setdom
0x1108c1	_xdr_ypall
0x1108cc	_ypprot_err
0x1108d8	__xdr_yprequest
0x1108e8	__xdr_ypresponse
0x1108f9	__xdr_ypbind_oldsetdom
0x110910	_xdr_ypmap_parms
0x110921	_xdr_ypreq_nokey
0x110932	_xdr_ypdomain_wrap_string
0x11094c	_xdr_yp_binding
0x11095c	_xdr_ypresp_val
0x11096c	_xdr_ypowner_wrap_string
0x110985	_xdr_ypreq_key
0x110994	_xdr_ypresp_key_val
0x1109a8	_xdr_datum
0x1109b3	_xdr_yp_inaddr
0x1109c2	_xdr_ypmap_wrap_string
0x1109d9	_xdr_ypbind_resp
0x1109f2	_yp_get_default_domain
0x110a09	_usingypmap
0x110a15	_yp_bind
0x110a1e	__yp_dobind
0x110a2a	_yp_unbind
0x110a35	__yp_data_padding
0x110a47	__ypsleeptime
0x110a55	__ypserv_timeout
0x110a66	_v1prot_donext
0x110a75	_v1prot_dofirst
0x110a85	_yp_next
0x110a8e	_yp_first
0x110a98	_yp_master
0x110aa3	_yp_match
0x110aad	_yp_order
0x110ab7	__gcc_bcmp
0x110ac2	__adddf3
0x110acb	__addsf3
0x110ad4	__ashldi3
0x110ade	__ashlsi3
0x110ae8	__ashrdi3
0x110af2	__ashrsi3
0x110afc	___bb_exit_func
0x110b0c	___bb_init_func
0x110b1c	___clear_cache
0x110b2b	__cmpdi2
0x110b34	__divdf3
0x110b3d	__divdi3
0x110b46	__divsf3
0x110b4f	__divsi3
0x110b58	___eprintf
0x110b73	__extendsfdf2
0x110b81	__ffsdi2
0x110b8a	__fixdfdi
0x110b94	__fixdfsi
0x110b9e	__fixsfdi
0x110ba8	__fixsfsi
0x110bb2	__fixunsdfdi
0x110bbf	__fixunsdfsi
0x110bcc	__fixunssfdi
0x110bd9	__fixunssfsi
0x110be6	__fixunsxfdi
0x110bf3	__fixunsxfsi
0x110c00	__fixxfdi
0x110c0a	__floatdidf
0x110c16	__floatdisf
0x110c22	__floatdixf
0x110c2e	__floatsidf
0x110c3a	__floatsisf
0x110c76	__lshldi3
0x110c80	__lshlsi3
0x110c8a	__lshrdi3
0x110c94	__lshrsi3
0x110cae	__moddi3
0x110cb7	__modsi3
0x110cc0	__muldf3
0x110cc9	__muldi3
0x110cd2	__mulsf3
0x110cdb	__mulsi3
0x110cec	__negdf2
0x110cf5	__negdi2
0x110cfe	__negsf2
0x110d0f	_set_new_handler
0x110d20	___get_new_handler
0x110d33	___set_new_handler
0x110d46	___builtin_delete
0x110d58	___builtin_new
0x110d67	___shtab
0x110d70	__subdf3
0x110d79	__subsf3
0x110d82	___enable_execute_stack
0x110d9a	___transfer_from_trampoline
0x110db6	___trampoline
0x110dc4	__truncdfsf2
0x110dd1	__ucmpdi2
0x110ddb	___udiv_w_sdiv
0x110dea	__udivdi3
0x110df4	__udivmoddi4
0x110e01	__udivsi3
0x110e0b	__umoddi3
0x110e15	__umodsi3
0x110e1f	___builtin_saveregs
0x110e33	_hashPtrStructKey
0x110e45	_NXUniqueString
0x110e55	_NXCopyStringBuffer
0x110e69	_isEqualPrototype
0x110e7b	_isEqualPtrStructKey
0x110e90	_hashStrStructKey
0x110ea2	_isEqualStrStructKey
0x110eb7	_NXReallyFree
0x110ec5	_hashPrototype
0x110ed4	_NXCreateHashTable
0x110ee7	_NXUniqueStringWithLength
0x110f01	_NXHashInsertIfAbsent
0x110f17	_NXFreeHashTable
0x110f28	_NXHashGet
0x110f33	_NXHashInsert
0x110f41	_NXHashRemove
0x110f4f	_NXCreateHashTableFromZone
0x110f6a	_NXCountHashTable
0x110f7c	_NXCopyStringBufferFromZone
0x110f98	_NXCopyHashTable
0x110fa9	_NXCompareHashTables
0x110fbe	_NXHashMember
0x110fcc	_NXInitHashState
0x110fdd	_NXUniqueStringNoCopy
0x110ff3	_NXStrIsEqual
0x111001	_NXStrHash
0x11100c	_NXEmptyHashTable
0x11101e	_NXIsEqualHashTable
0x111032	_NXNextHashState
0x111043	_NXResetHashTable
0x111055	_NXPtrHash
0x111060	_NXPtrIsEqual
0x11106e	_NXNoEffectFree
0x11107e	__mapPtrHash
0x11108b	__mapNoFree
0x111097	__mapStrHash
0x1110a4	_NXCountMapTable
0x1110b5	__mapObjectIsEqual
0x1110c8	__mapStrIsEqual
0x1110d8	__mapObjectHash
0x1110e8	_NXCompareMapTables
0x1110fc	__mapObjectFree
0x11110c	_NXResetMapTable
0x11111d	_NXNextMapState
0x11112d	_NXMapRemove
0x11113a	_NXMapMember
0x111147	_NXMapInsert
0x111154	_NXMapGet
0x11115e	__mapPtrIsEqual
0x11116e	_NXInitMapState
0x11117e	_NXFreeMapTable
0x11118e	_NXCreateMapTableFromZone
0x1111a8	_NXCreateMapTable
0x1111ba	_object_getClassName
0x1111cf	_class_createInstanceFromZone
0x1111ed	_object_getIndexedIvars
0x111205	_messageLock
0x111212	_instrumentObjcMessageSends
0x11122e	_getOriginalClassForPosingClass
0x11124e	_method_getSizeOfArguments
0x111269	_objc_getOrigClass
0x11127c	_method_getNumberOfArguments
0x111299	_method_getArgumentInfo
0x1112b1	_emptyCache
0x1112bd	_class_respondsToMethod
0x1112d5	__class_printMethodCaches
0x1112ef	_class_removeMethods
0x111304	_class_addMethods
0x111316	_class_addClassMethods
0x11132d	__cache_create
0x11133c	_do_not_remove_this_dummy_function
0x11135f	_class_setVersion
0x111371	_class_poseAs
0x11137f	_class_nextMethodList
0x111395	_class_lookupMethodInMethodList
0x1113b5	_class_lookupMethod
0x1113c9	_class_getVersion
0x1113db	_class_getInstanceVariable
0x1113f6	_class_getInstanceMethod
0x11140f	_class_getClassMethod
0x111425	_class_createInstance
0x11143b	__class_install_relationships
0x111459	__class_removeProtocols
0x111479	__objc_getNonexistentClass
0x111494	__class_lookupMethodAndLoadCache
0x1114b5	__class_printDuplicateCacheEntries
0x1114d8	__class_printMethodCacheStatistics
0x1114fb	_checkUniqueness
0x11150c	__internal_class_createInstance
0x11152c	__objc_create_zone
0x11153f	__objc_getFreedObjectClass
0x11155a	__internal_class_createInstanceFromZone
0x111582	__objc_flush_caches
0x111596	__objc_inform
0x1115a4	__objc_error
0x1115b1	__objc_fatal
0x1115be	___objc_error
0x1115cc	__getObjcStrings
0x1115dd	__getObjcStringObjects
0x1115f4	__getObjcProtocols
0x111607	__getObjcModules
0x111618	__getObjcMessageRefs
0x11162d	__getObjcHeaders
0x11163e	__getObjcHeaderName
0x111652	__getObjcHeaderFileType
0x11166a	__getObjcHeaderData
0x11167e	__getObjcFrozenTable
0x111693	__getObjcBackRefs
0x1116a5	__getObjcClassRefs
0x1116c8	__poseAs
0x1116d1	__realloc
0x1116e2	__cvtToId
0x1116ec	__cvtToSel
0x1116f7	__zoneCopy
0x111702	__zoneRealloc
0x111710	__zoneAlloc
0x11171c	__dealloc
0x111726	_NXStrStructKeyPrototype
0x11173f	_NXStrValueMapPrototype
0x111757	_NXObjectMapPrototype
0x11176d	_NXPtrValueMapPrototype
0x111785	_NXPtrPrototype
0x111795	_NXStrPrototype
0x1117a5	_NXPtrStructKeyPrototype
0x1117be	_get_base_method_list
0x1117d4	_objc_loadModules
0x1117e6	_objc_unloadModules
0x1117fa	__objc_removeMethods
0x11180f	__objc_headerCount
0x111822	__objc_bindModuleContainingList
0x111842	_classLock
0x11184d	_objc_getClasses
0x11185e	_objc_getClass
0x11186d	_rocketLaunchingDebug
0x111883	__objc_insertMethods
0x111898	__objc_headerVector
0x1118ac	__nameForHeader
0x1118bc	_objc_lookUpClass
0x1118ce	_objc_getMetaClass
0x1118e1	_objc_dump_class_hash
0x1118f7	_objc_setClassHandler
0x11190d	__objc_multithread_mask
0x111925	__objc_msgNil
0x111933	__objc_map_selectors_from_image
0x111953	__objc_init_class_hash
0x11196a	__objcInit
0x111975	_objc_addClass
0x111984	_callbackFunction
0x111996	_objc_setMultithreaded
0x1119ad	__objc_removeHeader
0x1119c1	__objc_remove_category
0x1119d8	__objc_removeClass
0x1119eb	__objc_add_category
0x1119ff	_objc_pendClassReference
0x111a18	_objc_pendClassInstallation
0x111a34	__objc_addHeader
0x111a45	_objc_getModules
0x111a56	_sel_getName
0x111a63	__sel_initsorted
0x111a74	__sel_registerName
0x111a87	__sel_init
0x111a92	__objc_dynamic_hash_count
0x111aac	__sel_printStatistics
0x111ac2	__sel_printHashTable
0x111ad7	_sel_getUid
0x111ae3	_sel_registerName
0x111af5	_checkSel
0x111aff	__sel_unloadSelectors
0x111b15	_sel_isMapped
0x111b23	__strhash
0x111b2d	__internal_object_reallocFromZone
0x111b4f	__internal_object_dispose
0x111b69	__internal_object_realloc
0x111b83	__internal_object_copy
0x111b9a	_object_copy
0x111ba7	.objc_class_name_Object
0x111bbf	__internal_object_copyFromZone
0x111bde	_object_dispose
0x111bee	_object_copyFromZone
0x111c03	_object_getInstanceVariable
0x111c1f	_object_realloc
0x111c2f	_object_reallocFromZone
0x111c47	_object_setInstanceVariable
0x111c63	.objc_class_name_Protocol
0x111c7d	.constructors_used
0x111c90	.destructors_used
0x111ca2	__cplus_init
0x111caf	__NXRaiseError
0x111cbe	__NXAddHandler
0x111ccd	__NXRemoveHandler
0x111cdf	__NXAddAltHandler
0x111cf1	_NXSetExceptionRaiser
0x111d07	_NXResetErrorData
0x111d19	_NXGetExceptionRaiser
0x111d2f	_NXDefaultExceptionRaiser
0x111d49	_NXAllocErrorData
0x111d5b	__NXRemoveAltHandler
0x111d70	__NXLogError
0x111d7d	_moninitobjc
0x111d8a	__objc_msgForward
0x111d9c	_objc_msgSend
0x111daa	_objc_msgSendSuper
0x111dbd	_objc_entryPoints
0x111dcf	_objc_exitPoints
0x111de0	_objc_msgSendv
0x111def	.objc_class_name_HashTable
0x111e0a	.objc_class_name_List
0x111e20	_NXLoadLocalizedStringFromTableInBundle
0x111e48	_NXLoadLocalStringFromTableInBundle
0x111e6c	.objc_category_name_NXBundle_Private
0x111e91	.objc_class_name_NXBundle
0x111eab	.objc_category_name_NXBundle_Compatability
0x111ed6	.objc_class_name_NXCharacterSet
0x111ef6	.objc_category_name_NXReadOnlyString_Fancy_IO
0x111f24	.objc_category_name_NXString_Fancy_IO
0x111f4a	.objc_category_name_NXPropertyList_Fancy_IO
0x111f76	.objc_category_name_NXPropertyList_Basic_IO
0x111fa2	.objc_category_name_Object_NX_BS_Extras
0x111fca	.objc_class_name_NXCleanList
0x111fe7	.objc_class_name_NXPropertyList
0x112007	.objc_category_name_NXCleanList_Fancy_IO
0x112030	.objc_category_name_Object_Fancy_IO
0x112054	.objc_category_name_NXMutableString_NX_BS_Extras
0x112085	.objc_class_name_NXConstantString
0x1120a7	.objc_class_name_NXMutableString
0x1120c8	.objc_class_name_NXReadOnlyString
0x1120ea	.objc_class_name_NXReadOnlySubstring
0x11210f	.objc_class_name_NXReadWriteString
0x112132	.objc_class_name_NXSimpleReadOnlyString
0x11215a	_NXHashCharacters
0x11216c	_NXFindCharacters
0x11217e	.objc_class_name_NXString
0x112198	__NXStringErrorRaise
0x1121ad	__NXStringZone
0x1121bc	_NXCompareCharacters
0x1121d1	.objc_class_name_NXStringTable
0x1121f0	.objc_class_name_NXUniquedString
0x112211	.objc_class_name_Storage
0x11222a	.objc_class_name_StreamTable
0x112247	_NXWriteArray
0x112255	_NXReadArray
0x112262	_getSizeOfType
0x112271	_NXWriteRootObject
0x112284	_NXWriteObjectReference
0x11229c	_NXWriteTypes
0x1122aa	_NXReadTypes
0x1122b7	_NXTypedStreamClassVersion
0x1122d2	_NXWriteType
0x1122df	_NXReadType
0x1122eb	_NXTypedStreamIsSwapped
0x112303	_NXSetTypedStreamZone
0x112319	_NXReadObjectFromBuffer
0x112331	_NXOpenTypedStreamForFile
0x11234b	_NXOpenTypedStream
0x11235e	_NXGetTypedStreamZone
0x112374	_NXFlushTypedStream
0x112388	_NXReadObject
0x112396	_NXWriteObject
0x1123a5	_NXSystemVersion
0x1123b6	_NXFreeObjectBuffer
0x1123ca	_NXEndOfTypedStream
0x1123de	_NXCloseTypedStream
0x1123f2	_NXWriteRootObjectToBuffer
0x11240d	_NXReadObjectFromBufferWithZone
0x11242d	__dyld_present
0x11243c	__dyld_get_image_name
0x112452	__dyld_moninit
0x112461	__dyld_get_image_vmaddr_slide
0x11247f	__dyld_image_count
0x112492	__dyld_lookup_and_bind_fully
0x1124af	__dyld_get_image_header
0x1124c7	__dyld_launched_prebound
0x1124e0	__dyld_register_func_for_add_image
0x112503	__dyld_register_func_for_link_module
0x112528	__dyld_register_func_for_unlink_module
0x11254f	__dyld_lookup_and_bind
0x112566	__dyld_lookup_and_bind_objc
0x112582	__dyld_bind_fully_image_containing_address
0x1125ad	__dyld_register_func_for_replace_module
0x1125d5	__dyld_bind_objc_module
0x1125ed	__dyld_get_objc_module_sect_for_module
0x112614	__dyld_debug_subscribe_to_events
0x112635	__dyld_debug_bind_module
0x11264e	__dyld_debug_add_event_subscriber
0x112670	__dyld_debug_make_runnable
0x11268b	__dyld_debug_defining_module
0x1126a8	__dyld_debug_is_module_bound
0x1126c5	__dyld_debug_module_name
0x1126de	__dyld_debug_monoutput
0x1126f5	__dyld_debug_restore_runnable
0x112713	_NSLibraryNameForModule
0x11272b	_NSInstallLinkEditErrorHandlers
0x11274b	_NSAddLibrary
0x112759	_NSAddressOfSymbol
0x11276c	_NSVersionOfLinkTimeLibrary
0x112788	_NSIsSymbolNameDefined
0x11279f	_NSVersionOfRunTimeLibrary
0x1127ba	_NSLookupAndBindSymbol
0x1127d1	_NSModuleForSymbol
0x1127e4	_NSNameOfModule
0x1127f4	_NSNameOfSymbol
0x112804	_NSCreateObjectFileImageFromFile
0x112825	_NSSymbolReferenceNameInObjectFileImage
0x11284d	_NSCreateObjectFileImageFromMemory
0x112870	_NSDestroyObjectFileImage
0x11288a	_NSGetSectionDataInObjectFileImage
0x1128ad	_NSIsSymbolDefinedInObjectFileImage
0x1128d1	_NSSymbolDefinitionCountInObjectFileImage
0x1128fb	_NSSymbolDefinitionNameInObjectFileImage
0x112924	_NSSymbolReferenceCountInObjectFileImage
0x11294d	_NSLinkModule
0x11295b	_NSReplaceModule
0x11296c	_NSUnLinkModule
0x11297c	__dyld_event_server
0x112990	_NXAddRegion
0x11299d	__NXAddRegion
0x1129b3	__NXArgc
0x1129c4	__NXArgv
0x1129cd	_NXCreateChildZone
0x1129e0	__NXCreateChildZone
0x1129f4	_NXCreateZone
0x112a02	__NXCreateZone
0x112a11	_NXDefaultMallocZone
0x112a26	__NXDefaultMallocZone
0x112a3c	_NXMallocCheck
0x112a4b	__NXMallocCheck
0x112a5b	_NXMergeZone
0x112a68	__NXMergeZone
0x112a76	_NXNameZone
0x112a82	__NXNameZone
0x112a8f	_NXRemoveRegion
0x112a9f	__NXRemoveRegion
0x112ab0	_NXZoneCalloc
0x112abe	__NXZoneCalloc
0x112acd	_NXZoneFromPtr
0x112adc	__NXZoneFromPtr
0x112aec	_NXZonePtrInfo
0x112afb	__NXZonePtrInfo
0x112b13	__access
0x112b1c	_alloc_stack
0x112b29	__alloc_stack
0x112b46	_bootstrap_check_in
0x112b5a	__bootstrap_check_in
0x112b6f	_bootstrap_create_service
0x112b89	__bootstrap_create_service
0x112ba4	_bootstrap_info
0x112bb4	__bootstrap_info
0x112bc5	_bootstrap_look_up
0x112bd8	__bootstrap_look_up
0x112bec	_bootstrap_look_up_array
0x112c05	__bootstrap_look_up_array
0x112c1f	_bootstrap_port
0x112c2f	__bootstrap_port
0x112c40	_bootstrap_register
0x112c54	__bootstrap_register
0x112c69	_bootstrap_status
0x112c7b	__bootstrap_status
0x112c8e	_bootstrap_subset
0x112ca0	__bootstrap_subset
0x112cd1	_cond_broadcast
0x112ce1	__cond_broadcast
0x112cf2	_cond_signal
0x112cff	__cond_signal
0x112d0d	_condition_spin_limit
0x112d23	__condition_spin_limit
0x112d3a	_condition_wait
0x112d4a	__condition_wait
0x112d5b	_condition_yield_limit
0x112d72	__condition_yield_limit
0x112d8a	_cproc_create
0x112d98	__cproc_create
0x112da7	_cproc_default_stack_size
0x112dc1	__cproc_default_stack_size
0x112ddc	_cproc_init
0x112de8	__cproc_init
0x112df5	_cproc_setup
0x112e02	__cproc_setup
0x112e10	_cthread_body
0x112e1e	__cthread_body
0x112e2d	_cthread_count
0x112e3c	__cthread_count
0x112e4c	_cthread_detach
0x112e5c	__cthread_detach
0x112e6d	_cthread_errno
0x112e7c	__cthread_errno
0x112e8c	_cthread_exit
0x112e9a	__cthread_exit
0x112ea9	_cthread_fork
0x112eb7	__cthread_fork
0x112ec6	_cthread_init
0x112ed4	__cthread_init
0x112ee3	_cthread_join
0x112ef1	__cthread_join
0x112f00	_cthread_limit
0x112f0f	__cthread_limit
0x112f1f	_cthread_name
0x112f2d	__cthread_name
0x112f3c	_cthread_set_errno_self
0x112f54	__cthread_set_errno_self
0x112f6d	_cthread_set_limit
0x112f80	__cthread_set_limit
0x112f94	_cthread_set_name
0x112fa6	__cthread_set_name
0x112fb9	_cthread_set_self
0x112fcb	__cthread_set_self
0x112fde	_cthread_sp
0x112fea	__cthread_sp
0x112ff7	_cthread_stack_base
0x11300b	__cthread_stack_base
0x113020	_cthread_stack_mask
0x113034	__cthread_stack_mask
0x113049	_cthread_yield
0x113058	__cthread_yield
0x113068	_device_master_self
0x11307c	__device_master_self
0x11309e	_environ
0x1130a7	__environ
0x1130d7	__execve
0x1130e0	_f_prealloc
0x1130ec	__f_prealloc
0x113113	_fork_mach_init
0x113123	__fork_mach_init
0x113150	_getdtablesize
0x11315f	__getdtablesize
0x113177	__getpid
0x113180	_getrlimit
0x11318b	__getrlimit
0x113197	_getrusage
0x1131a2	__getrusage
0x1131ae	_gettimeofday
0x1131bc	__gettimeofday
0x1131cb	_host_priv_self
0x1131db	__host_priv_self
0x1131ec	_host_self
0x1131f7	__host_self
0x113212	_init_process
0x113220	__init_process
0x11322f	_initial_stack_boundary
0x113247	__initial_stack_boundary
0x113277	__isatty
0x11329e	_kern_timestamp
0x1132ae	__kern_timestamp
0x1132cc	_longjmperror
0x1132da	__longjmperror
0x1132f8	_mach_error
0x113304	__mach_error
0x113311	_mach_error_string
0x113324	__mach_error_string
0x113338	_mach_errormsg
0x113347	__mach_errormsg
0x113357	_mach_host_self
0x113367	__mach_host_self
0x113378	_mach_init
0x113383	__mach_init
0x11338f	_mach_init_routine
0x1133a2	__mach_init_routine
0x1133b6	_mach_msg_trap
0x1133c5	__mach_msg_trap
0x1133d5	_mach_reply_port
0x1133e6	__mach_reply_port
0x1133f8	_mach_swapon
0x113405	__mach_swapon
0x113413	_mach_task_self
0x113423	__mach_task_self
0x113434	_mach_thread_self
0x113446	__mach_thread_self
0x113459	_malloc_debug
0x113467	__malloc_debug
0x113476	_malloc_error
0x113484	__malloc_error
0x113493	_malloc_freezedry
0x1134a5	__malloc_freezedry
0x1134b8	_malloc_good_size
0x1134ca	__malloc_good_size
0x1134dd	_malloc_jumpstart
0x1134ef	__malloc_jumpstart
0x113502	_malloc_lock
0x11350f	__malloc_lock
0x11351d	_malloc_singlethreaded
0x113534	__malloc_singlethreaded
0x11354c	_malloc_size
0x113559	__malloc_size
0x11356f	__map_fd
0x113578	_mig_dealloc_reply_port
0x113590	__mig_dealloc_reply_port
0x1135a9	_mig_fork_child
0x1135b9	__mig_fork_child
0x1135ca	_mig_get_reply_port
0x1135de	__mig_get_reply_port
0x1135f3	_mig_init
0x1135fd	__mig_init
0x113608	_msg_receive
0x113615	__msg_receive
0x113623	_msg_receive_timeout
0x113638	__msg_receive_timeout
0x11364e	_msg_receive_trap
0x113660	__msg_receive_trap
0x113673	_msg_rpc
0x11367c	__msg_rpc
0x113686	_msg_rpc_trap
0x113694	__msg_rpc_trap
0x1136a3	_msg_send
0x1136ad	__msg_send
0x1136b8	_msg_send_timeout
0x1136ca	__msg_send_timeout
0x1136dd	_msg_send_trap
0x1136ec	__msg_send_trap
0x113704	__mstats
0x11370d	_mutex_spin_limit
0x11371f	__mutex_spin_limit
0x113732	_mutex_try_lock
0x113742	__mutex_try_lock
0x113753	_mutex_unlock_try
0x113765	__mutex_unlock_try
0x113778	_mutex_wait_lock
0x113789	__mutex_wait_lock
0x11379b	_name_server_port
0x1137ad	__name_server_port
0x1137c0	_netipc_ignore
0x1137cf	__netipc_ignore
0x1137df	_netipc_listen
0x1137ee	__netipc_listen
0x11380b	_port_allocate
0x11381a	__port_allocate
0x11382a	_port_deallocate
0x11383b	__port_deallocate
0x11384d	_port_extract_receive
0x113863	__port_extract_receive
0x11387a	_port_extract_send
0x11388d	__port_extract_send
0x1138a1	_port_insert_receive
0x1138b6	__port_insert_receive
0x1138cc	_port_insert_send
0x1138de	__port_insert_send
0x1138f1	_port_names
0x1138fd	__port_names
0x11390a	_port_rename
0x113917	__port_rename
0x113925	_port_set_add
0x113933	__port_set_add
0x113942	_port_set_allocate
0x113955	__port_set_allocate
0x113969	_port_set_backlog
0x11397b	__port_set_backlog
0x11398e	_port_set_backup
0x11399f	__port_set_backup
0x1139b1	_port_set_deallocate
0x1139c6	__port_set_deallocate
0x1139dc	_port_set_remove
0x1139ed	__port_set_remove
0x1139ff	_port_set_status
0x113a10	__port_set_status
0x113a22	_port_status
0x113a2f	__port_status
0x113a3d	_port_type
0x113a48	__port_type
0x113a61	_set_malloc_singlethreaded
0x113a7c	__set_malloc_singlethreaded
0x113a98	_sigblock
0x113aa2	__sigblock
0x113aad	_sigcatch
0x113ab7	__sigcatch
0x113ac2	_sigsetmask
0x113ace	__sigsetmask
0x113adb	_sigstack
0x113ae5	__sigstack
0x113af8	__sigvec
0x113b01	_spin_lock
0x113b0c	__spin_lock
0x113b18	_spin_unlock
0x113b25	__spin_unlock
0x113b33	_stack_init
0x113b3f	__stack_init
0x113b5b	_swtch_pri
0x113b66	__swtch_pri
0x113b72	_syscall
0x113b7b	__syscall
0x113b85	_task_by_pid
0x113b92	__task_by_pid
0x113ba0	_task_by_unix_pid
0x113bb2	__task_by_unix_pid
0x113bc5	_task_create
0x113bd2	__task_create
0x113be0	_task_get_special_port
0x113bf7	__task_get_special_port
0x113c0f	_task_info
0x113c1a	__task_info
0x113c26	_task_notify
0x113c33	__task_notify
0x113c41	_task_resume
0x113c4e	__task_resume
0x113c5c	_task_self
0x113c67	__task_self
0x113c73	_task_self_
0x113c7f	__task_self_
0x113c8c	_task_set_special_port
0x113ca3	__task_set_special_port
0x113cbb	_task_suspend
0x113cc9	__task_suspend
0x113cd8	_task_terminate
0x113ce8	__task_terminate
0x113cf9	_task_threads
0x113d07	__task_threads
0x113d16	_thread_abort
0x113d24	__thread_abort
0x113d33	_thread_create
0x113d42	__thread_create
0x113d52	_thread_get_special_port
0x113d6b	__thread_get_special_port
0x113d85	_thread_get_state
0x113d97	__thread_get_state
0x113daa	_thread_info
0x113db7	__thread_info
0x113dc5	_thread_reply
0x113dd3	__thread_reply
0x113de2	_thread_resume
0x113df1	__thread_resume
0x113e01	_thread_self
0x113e0e	__thread_self
0x113e1c	_thread_set_special_port
0x113e35	__thread_set_special_port
0x113e4f	_thread_set_state
0x113e61	__thread_set_state
0x113e74	_thread_suspend
0x113e84	__thread_suspend
0x113e95	_thread_switch
0x113ea4	__thread_switch
0x113eb4	_thread_terminate
0x113ec6	__thread_terminate
0x113ed9	_timezone
0x113ee3	__timezone
0x113ef6	__tzname
0x113f1d	_unix_pid
0x113f27	__unix_pid
0x113f32	_ur_cthread_self
0x113f43	__ur_cthread_self
0x113f5d	__valloc
0x113f84	_vm_allocate
0x113f91	__vm_allocate
0x113f9f	_vm_copy
0x113fa8	__vm_copy
0x113fb2	_vm_deactivate
0x113fc1	__vm_deactivate
0x113fd1	_vm_deallocate
0x113fe0	__vm_deallocate
0x113ff0	_vm_inherit
0x113ffc	__vm_inherit
0x114009	_vm_machine_attribute
0x11401f	__vm_machine_attribute
0x114036	_vm_page_size
0x114044	__vm_page_size
0x114053	_vm_protect
0x11405f	__vm_protect
0x11406c	_vm_read
0x114075	__vm_read
0x11407f	_vm_region
0x11408a	__vm_region
0x114096	_vm_set_policy
0x1140a5	__vm_set_policy
0x1140b5	_vm_statistics
0x1140c4	__vm_statistics
0x1140d4	_vm_synchronize
0x1140e4	__vm_synchronize
0x1140f5	_vm_write
0x1140ff	__vm_write
0x11412e	__writev
0x114137	_xxx_PORT_ENABLED
0x114149	__xxx_PORT_ENABLED
0x11415c	_xxx_cpu_control
0x11416d	__xxx_cpu_control
0x11417f	_xxx_environment_port
0x114195	__xxx_environment_port
0x1141ac	_xxx_host_info
0x1141bb	__xxx_host_info
0x1141cb	_xxx_slot_info
0x1141da	__xxx_slot_info
0x1141ea	__NXArgc
0x1141f3	__NXArgv
0x1141fc	__environ
0x114206	dylib1.o
0x11420f	crt_externs.o
0x11421d	__gcc_bcmp.o
0x11422a	_ashldi3.o
0x114235	_ashrdi3.o
0x114246	_clear_cache.o
0x114255	_cmpdi2.o
0x11425f	_ctors.o
0x114268	_divdi3.o
0x114278	_eprintf.o
0x114283	_ffsdi2.o
0x11428d	_fixdfdi.o
0x114298	_fixsfdi.o
0x1142a3	_fixtfdi.o
0x1142ae	_fixunsdfdi.o
0x1142bc	_fixunsdfsi.o
0x1142ca	_fixunssfdi.o
0x1142d8	_fixunssfsi.o
0x1142e6	_fixunstfdi.o
0x1142f4	_fixunsxfdi.o
0x114302	_fixunsxfsi.o
0x114310	_fixxfdi.o
0x11431b	_floatdidf.o
0x114328	_floatdisf.o
0x114335	_floatditf.o
0x114342	_floatdixf.o
0x11434f	_lshrdi3.o
0x11435a	_moddi3.o
0x114364	_muldi3.o
0x11436e	_negdi2.o
0x114378	_new_handler.o
0x114387	_op_delete.o
0x114394	_op_new.o
0x11439e	_op_vdel.o
0x1143a9	_op_vnew.o
0x1143bc	_shtab.o
0x1143c5	_trampoline.o
0x1143d3	_ucmpdi2.o
0x1143de	_udiv_w_sdiv.o
0x1143ed	_udivdi3.o
0x1143f8	_udivmoddi4.o
0x114406	_umoddi3.o
0x114411	_varargs.o
0x11441c	librld.o
0x114425	file_funcs.o
0x114432	globals.o
0x11443c	indir_ops.o
0x114448	ipc_funcs.o
0x114454	memory_funcs.o
0x114463	streams.o
0x11446d	streams_doprnt.o
0x11447e	streams_doscan.o
0x11448f	streams_internal.o
0x1144aa	asincos.o
0x1144e6	exp__E.o
0x114506	lgamma.o
0x114525	log__L.o
0x114534	signgam.o
0x114570	support.o
0x11458e	dbData.o
0x114597	dbError.o
0x1145a1	dbExists.o
0x1145ac	dbGlobals.o
0x1145b8	dbInit.o
0x1145c1	dbLock.o
0x1145ca	dbPrint.o
0x1145d4	dbUnlink.o
0x1145df	defaults.o
0x1145ea	NXPortPortal.o
0x1145f9	NXProxy.o
0x114603	LogFunctions.o
0x114612	NXData.o
0x11461b	NXInvalidationNotifier.o
0x114634	NXLock.o
0x11463d	NXNetNameServer.o
0x11464f	NXPort.o
0x114658	NXProtocolChecker.o
0x11466c	atexit.o
0x114675	bsearch.o
0x114687	difftime.o
0x11469f	ferror.o
0x1146a8	fgetpos.o
0x1146b2	fsetpos.o
0x1146c3	isalnum.o
0x1146cd	isalpha.o
0x1146d7	iscntrl.o
0x1146e1	isdigit.o
0x1146eb	isgraph.o
0x1146f5	islower.o
0x1146ff	isprint.o
0x114709	ispunct.o
0x114713	isspace.o
0x11471d	isupper.o
0x114727	isxdigit.o
0x114739	localeconv.o
0x11474e	mbstowcs.o
0x114759	mbtowc.o
0x114771	setlocale.o
0x11477d	setvbuf.o
0x114787	strcoll.o
0x114791	strerror.o
0x11479c	strstr.o
0x1147a5	strtol.o
0x1147ae	tmpfile.o
0x1147b8	tmpnam.o
0x1147c1	tolower.o
0x1147cb	toupper.o
0x1147d5	va_end.o
0x1147de	wcstombs.o
0x1147e9	wctomb.o
0x1147f2	strftime.o
0x1147fd	strtod.o
0x11480d	memchr.o
0x114816	memcmp.o
0x11481f	memcpy.o
0x114828	memmove.o
0x114832	memset.o
0x11483b	remove.o
0x114844	getopt.o
0x11484d	getopt_data.o
0x11485b	memccpy.o
0x114865	strcatn.o
0x11486f	strchr.o
0x114878	strcmpn.o
0x114882	strcpyn.o
0x11488c	strcspn.o
0x114896	strpbrk.o
0x1148a0	strrchr.o
0x1148aa	strspn.o
0x1148b3	strtok.o
0x1148bc	rstrtok.o
0x114919	vlimit.o
0x114922	vtimes.o
0x114933	des_crypt.o
0x11493f	des_soft.o
0x11494a	evs_api.o
0x114954	EventUser.o
0x114970	aliasdb.o
0x114990	closedir.o
0x1149ab	ctime_data.o
0x1149b8	ctype_.o
0x1149c1	disktab.o
0x1149cb	errlst.o
0x1149d4	errstrings.o
0x1149e1	execvp.o
0x1149ea	exportent.o
0x1149f6	fgetpwent.o
0x114a12	getenv.o
0x114a1b	getgrent.o
0x114a26	getlogin.o
0x114a31	getpass.o
0x114a3b	getpwent.o
0x114a46	getttyent.o
0x114a52	getttynam.o
0x114a5e	getusershell.o
0x114a7c	hppa_swap.o
0x114a88	i386_swap.o
0x114a94	initgroups.o
0x114aa1	isatty.o
0x114aaa	m68k_swap.o
0x114ab6	malloc.o
0x114abf	mkstemp.o
0x114ac9	mktemp.o
0x114ad2	mntent.o
0x114aea	opendir.o
0x114af4	perror.o
0x114b05	psignal.o
0x114b17	random.o
0x114b20	readdir.o
0x114b2a	realpath.o
0x114b3d	scandir.o
0x114b47	seekdir.o
0x114b51	setegid.o
0x114b5b	seteuid.o
0x114b65	setgid.o
0x114b6e	setrgid.o
0x114b78	setruid.o
0x114b82	setuid.o
0x114b8b	siginterrupt.o
0x114b9a	siglist.o
0x114ba4	signal.o
0x114bad	sigstrings.o
0x114bc2	strcasecmp.o
0x114bd6	syslog.o
0x114bdf	system.o
0x114be8	telldir.o
0x114bf9	timezone.o
0x114c04	ttyname.o
0x114c0e	ttyslot.o
0x114c18	ualarm.o
0x114c21	usleep.o
0x114c57	monshlibs.o
0x114c63	setjmperr.o
0x114c9a	insque.o
0x114ca3	mcount.o
0x114cb3	remque.o
0x114cbc	rindex.o
0x114cc5	setjmp.o
0x114cce	strcat.o
0x114cd7	strcmp.o
0x114ce0	strcpy.o
0x114ce9	strlen.o
0x114cf2	strncat.o
0x114cfc	strncmp.o
0x114d06	strncpy.o
0x114d10	_dbltopdfp.o
0x114d1d	_pdfptodbl.o
0x114d2a	_setjmp.o
0x114d34	inet_addr.o
0x114d40	inet_lnaof.o
0x114d4d	inet_makeaddr.o
0x114d5d	inet_netof.o
0x114d6a	inet_network.o
0x114d79	inet_ntoa.o
0x114d85	adddi3.o
0x114d8e	anddi3.o
0x114d9e	iordi3.o
0x114da7	NXCType.o
0x114db1	NXIsAlNum.o
0x114dbd	NXIsAlpha.o
0x114dc9	NXIsAscii.o
0x114dd5	NXIsCntrl.o
0x114de1	NXIsDigit.o
0x114ded	NXIsGraph.o
0x114df9	NXIsLower.o
0x114e05	NXIsPrint.o
0x114e11	NXIsPunct.o
0x114e1d	NXIsSpace.o
0x114e29	NXIsUpper.o
0x114e35	NXIsXDigit.o
0x114e42	NXToAscii.o
0x114e4e	NXToLower.o
0x114e5a	NXToUpper.o
0x114e66	one_cmpldi2.o
0x114e74	subdi3.o
0x114e7d	xordi3.o
0x114e86	_NXToLower.o
0x114e93	_NXToUpper.o
0x114ea0	compat.o
0x114ea9	exception.o
0x114eb5	exc_catcher.o
0x114ec3	mach_data.o
0x114ecf	mach_error.o
0x114edc	mach_init.o
0x114ee8	mach_msg.o
0x114ef3	mach_msg_receive.o
0x114f06	mach_msg_send.o
0x114f16	mig_allocate.o
0x114f25	mig_deallocate.o
0x114f36	mig_reply_setup.o
0x114f48	mig_strncpy.o
0x114f63	slot_name.o
0x114f6f	ts_convert.o
0x114f7c	mach_traps.o
0x114f89	bootstrapUser.o
0x114f99	excUser.o
0x114fa3	excServer.o
0x114faf	machUser.o
0x114fba	mach_hostUser.o
0x114fca	netnameUser.o
0x114fdf	getmachhead.o
0x114fed	getsecbyname.o
0x114ffc	getsegbyname.o
0x11500b	get_end.o
0x11501c	ether_addr.o
0x115029	getnetent.o
0x115035	getnetgrent.o
0x115043	getprotoent.o
0x115051	getrpcport.o
0x11505e	getservent.o
0x11506b	innetgr.o
0x115084	ruserpass.o
0x115090	res_comp.o
0x11509b	res_debug.o
0x1150a7	res_init.o
0x1150b2	res_mkquery.o
0x1150c0	res_query.o
0x1150cc	res_send.o
0x1150d7	res_data.o
0x1150e9	gethnamaddr.o
0x1150f7	getnetnamadr.o
0x115106	herror.o
0x11510f	nsap_addr.o
0x11511b	gethostent.o
0x115128	getent_alias.o
0x115137	getent_bootp.o
0x115146	getent_bprms.o
0x115155	getent_gr.o
0x115161	getent_h.o
0x11516c	getent_mnt.o
0x115179	getent_n.o
0x115184	getent_netgr.o
0x115193	getent_p.o
0x11519e	getent_prdb.o
0x1151ac	getent_pw.o
0x1151b8	getent_r.o
0x1151c3	getent_s.o
0x1151ce	lu_utils.o
0x1151d9	ni_data.o
0x1151e3	ni_error.o
0x1151ee	ni_glue.o
0x1151f8	ni_pwdomain.o
0x115206	ni_useful.o
0x115212	ni_util.o
0x11521c	old_printerdb.o
0x11522c	putpwpasswd.o
0x11523a	ni_prot_clnt.o
0x115249	ni_prot_xdr.o
0x115257	nibind_prot_xdr.o
0x115269	_lu_types_xdr.o
0x115279	lookupUser.o
0x115286	auth_none.o
0x115292	auth_unix.o
0x11529e	authunix_prot.o
0x1152ae	bindresvport.o
0x1152bd	clnt_generic.o
0x1152cc	clnt_perror.o
0x1152da	clnt_raw.o
0x1152e5	clnt_simple.o
0x1152f3	clnt_tcp.o
0x1152fe	clnt_udp.o
0x115309	rpc_dtablesz.o
0x115318	get_myaddress.o
0x115328	getrpcent.o
0x115334	key_call.o
0x11533f	key_prot.o
0x11534a	multi_call.o
0x115357	netname.o
0x115361	openchild.o
0x11536d	pmap_clnt.o
0x115379	pmap_getmaps.o
0x115388	pmap_getport.o
0x115397	pmap_prot.o
0x1153a3	pmap_prot2.o
0x1153b0	pmap_rmt.o
0x1153bb	rpc_prot.o
0x1153c6	rpc_comdata.o
0x1153d4	rpc_callmsg.o
0x1153e8	svc_auth.o
0x1153f3	svc_auth_unix.o
0x115403	svc_raw.o
0x11540d	svc_run.o
0x115417	svc_simple.o
0x115424	svc_tcp.o
0x11542e	svc_udp.o
0x115438	svcauth_des.o
0x11544c	xdr_array.o
0x115458	xdr_float.o
0x115464	xdr_mem.o
0x11546e	xdr_rec.o
0x115478	xdr_reference.o
0x115488	xdr_stdio.o
0x115494	bsd_sprintf.o
0x1154a2	bsd_vsprintf.o
0x1154b1	clrerr.o
0x1154ba	doscan.o
0x1154ca	fdopen.o
0x1154e3	filbuf.o
0x1154ec	findiop.o
0x1154f6	flsbuf.o
0x115507	fprintf.o
0x115529	freopen.o
0x115543	fwrite.o
0x11554c	getchar.o
0x11556a	printf.o
0x115573	putchar.o
0x115599	setbuf.o
0x1155a2	setbuffer.o
0x1155ae	sprintf.o
0x1155b8	strout.o
0x1155c1	ungetc.o
0x1155ca	vfprintf.o
0x1155d5	vprintf.o
0x1155df	vsprintf.o
0x1155ea	doprnt.o
0x115603	gettimeofday.o
0x115612	sigcatch.o
0x11561d	sigvec.o
0x115626	accept.o
0x11562f	access.o
0x11563f	add_profil.o
0x11564c	adjtime.o
0x115656	async_daemon.o
0x11566c	cerror.o
0x11568d	chroot.o
0x11569e	connect.o
0x1156c5	execle.o
0x1156ce	execve.o
0x1156d7	exportfs.o
0x1156e2	fchmod.o
0x1156eb	fchown.o
0x115713	fstatfs.o
0x115725	ftruncate.o
0x115731	getdents.o
0x11573c	getdirentries.o
0x11574c	getdomainname.o
0x11575c	getdtablesize.o
0x11576c	getegid.o
0x115776	geteuid.o
0x115788	getgid.o
0x115791	getgroups.o
0x11579d	gethostid.o
0x1157a9	gethostname.o
0x1157b7	getitimer.o
0x1157c3	getpagesize.o
0x1157d1	getpeername.o
0x1157df	getpgrp.o
0x1157e9	getpid.o
0x1157f2	getppid.o
0x1157fc	getpriority.o
0x11580a	getrlimit.o
0x115816	getrusage.o
0x115822	getsockname.o
0x115830	getsockopt.o
0x11583d	getuid.o
0x115855	killpg.o
0x115865	listen.o
0x11589d	nfssvc.o
0x1158b4	profil.o
0x1158bd	ptrace.o
0x1158ce	quotactl.o
0x1158e0	readlink.o
0x1158f3	reboot.o
0x115903	recvfrom.o
0x11590e	recvmsg.o
0x115918	rename.o
0x115929	rpause.o
0x115932	select.o
0x115942	sendmsg.o
0x11594c	sendto.o
0x115955	setdomainname.o
0x115965	setgroups.o
0x115971	sethostid.o
0x11597d	sethostname.o
0x11598b	setitimer.o
0x115997	setpgrp.o
0x1159a1	setpriority.o
0x1159af	setprivexec.o
0x1159bd	setquota.o
0x1159c8	setregid.o
0x1159d3	setreuid.o
0x1159de	setrlimit.o
0x1159ea	setsockopt.o
0x1159f7	settimeofday.o
0x115a06	shutdown.o
0x115a11	sigblock.o
0x115a1c	sigpause.o
0x115a27	sigreturn.o
0x115a33	sigsetmask.o
0x115a40	sigstack.o
0x115a4b	sigtramp.o
0x115a56	socket.o
0x115a5f	socketpair.o
0x115a73	statfs.o
0x115a7c	swapon.o
0x115a85	symlink.o
0x115a96	syscall.o
0x115aa8	truncate.o
0x115abb	unlink.o
0x115ac4	unmount.o
0x115ad6	utimes.o
0x115adf	vhangup.o
0x115b08	writev.o
0x115b19	cprocs.o
0x115b22	cthreads.o
0x115b2d	cthreads_sync.o
0x115b3d	mig_support.o
0x115b5b	threads_data.o
0x115b71	thread.o
0x115b81	yperr_string.o
0x115b90	ypmaint_xdr.o
0x115b9e	ypprot_err.o
0x115bab	ypv1_xdr.o
0x115bbe	yp_all.o
0x115bc7	yp_bind.o
0x115bd1	yp_data.o
0x115bdb	yp_enum.o
0x115be5	yp_master.o
0x115bf1	yp_match.o
0x115bfc	yp_order.o
0x115c07	o__gcc_bcmp.o
0x115c15	o_adddf3.o
0x115c20	o_addsf3.o
0x115c2b	o_ashldi3.o
0x115c37	o_ashlsi3.o
0x115c43	o_ashrdi3.o
0x115c4f	o_ashrsi3.o
0x115c62	o_clear_cache.o
0x115c72	o_cmpdi2.o
0x115c7d	o_ctors.o
0x115c87	o_divdf3.o
0x115c92	o_divdi3.o
0x115c9d	o_divsf3.o
0x115ca8	o_divsi3.o
0x115cb3	o_eprintf.o
0x115cbf	o_eqdf2.o
0x115cc9	o_eqsf2.o
0x115cd3	o_extendsfdf2.o
0x115ce3	o_ffsdi2.o
0x115cee	o_fixdfdi.o
0x115cfa	o_fixdfsi.o
0x115d06	o_fixsfdi.o
0x115d12	o_fixsfsi.o
0x115d1e	o_fixtfdi.o
0x115d2a	o_fixunsdfdi.o
0x115d39	o_fixunsdfsi.o
0x115d48	o_fixunssfdi.o
0x115d57	o_fixunssfsi.o
0x115d66	o_fixunstfdi.o
0x115d75	o_fixunsxfdi.o
0x115d84	o_fixunsxfsi.o
0x115d93	o_fixxfdi.o
0x115d9f	o_floatdidf.o
0x115dad	o_floatdisf.o
0x115dbb	o_floatditf.o
0x115dc9	o_floatdixf.o
0x115dd7	o_floatsidf.o
0x115de5	o_floatsisf.o
0x115df3	o_gedf2.o
0x115dfd	o_gesf2.o
0x115e07	o_gtdf2.o
0x115e11	o_gtsf2.o
0x115e1b	o_ledf2.o
0x115e25	o_lesf2.o
0x115e2f	o_lshldi3.o
0x115e3b	o_lshlsi3.o
0x115e47	o_lshrdi3.o
0x115e53	o_lshrsi3.o
0x115e5f	o_ltdf2.o
0x115e69	o_ltsf2.o
0x115e73	o_moddi3.o
0x115e7e	o_modsi3.o
0x115e89	o_muldf3.o
0x115e94	o_muldi3.o
0x115e9f	o_mulsf3.o
0x115eaa	o_mulsi3.o
0x115eb5	o_nedf2.o
0x115ebf	o_negdf2.o
0x115eca	o_negdi2.o
0x115ed5	o_negsf2.o
0x115ee0	o_nesf2.o
0x115eea	o_new_handler.o
0x115efa	o_op_delete.o
0x115f08	o_op_new.o
0x115f13	o_shtab.o
0x115f1d	o_subdf3.o
0x115f28	o_subsf3.o
0x115f33	o_trampoline.o
0x115f42	o_truncdfsf2.o
0x115f51	o_ucmpdi2.o
0x115f5d	o_udiv_w_sdiv.o
0x115f6d	o_udivdi3.o
0x115f79	o_udivmoddi4.o
0x115f88	o_udivsi3.o
0x115f94	o_umoddi3.o
0x115fa0	o_umodsi3.o
0x115fac	o_varargs.o
0x115fb8	hashtable2.o
0x115fc5	maptable.o
0x115fd0	objc-class.o
0x115fdd	objc-errors.o
0x115feb	objc-file.o
0x115ff7	objc-globaldata.o
0x116009	objc-globaltext.o
0x11601b	objc-load.o
0x116027	objc-runtime.o
0x116036	objc-sel.o
0x116041	Object.o
0x11604a	Protocol.o
0x116055	cplus_init.o
0x116062	except.o
0x11606b	NXLogError.o
0x116078	objc-kernel.o
0x116086	objc-moninit.o
0x116095	objc-msg.o
0x1160a0	HashTable.o
0x1160b3	NXBundle.o
0x1160be	NXCharacterSet.o
0x1160cf	NXPropertyList.o
0x1160e0	NXConstantString.o
0x1160f3	NXMutableString.o
0x116105	NXReadOnlyString.o
0x116118	NXReadOnlySubstring.o
0x11612e	NXReadWriteString.o
0x116142	NXSimpleReadOnlyString.o
0x11615b	NXString.o
0x116166	NXStringTable.o
0x116176	NXUniquedString.o
0x116188	Storage.o
0x116192	StreamTable.o
0x1161a0	typedstream.o
0x1161b5	dyld_debug.o
0x1161c2	dyld_support.o
0x1161d1	objectfileimage.o
0x1161e3	runtime_loading.o
0x1161f5	dyld_event_server.o
0x116209	link editor
0x116215	INDR00000.o
0x116221	INDR00001.o
0x11622d	INDR00002.o
0x116239	INDR00003.o
0x116245	INDR00004.o
0x116251	INDR00005.o
0x11625d	INDR00006.o
0x116269	INDR00007.o
0x116275	INDR00008.o
0x116281	INDR00009.o
0x11628d	INDR00010.o
0x116299	INDR00011.o
0x1162a5	INDR00012.o
0x1162b1	INDR00013.o
0x1162bd	INDR00014.o
0x1162c9	INDR00015.o
0x1162d5	INDR00016.o
0x1162e1	INDR00017.o
0x1162ed	INDR00018.o
0x1162f9	INDR00019.o
0x116305	INDR00020.o
0x116311	INDR00021.o
0x11631d	INDR00022.o
0x116329	INDR00023.o
0x116335	INDR00024.o
0x116341	INDR00025.o
0x11634d	INDR00026.o
0x116359	INDR00027.o
0x116365	INDR00028.o
0x116371	INDR00029.o
0x11637d	INDR00030.o
0x116389	INDR00031.o
0x116395	INDR00032.o
0x1163a1	INDR00033.o
0x1163ad	INDR00034.o
0x1163b9	INDR00035.o
0x1163c5	INDR00036.o
0x1163d1	INDR00037.o
0x1163dd	INDR00038.o
0x1163e9	INDR00039.o
0x1163f5	INDR00040.o
0x116401	INDR00041.o
0x11640d	INDR00042.o
0x116419	INDR00043.o
0x116425	INDR00044.o
0x116431	INDR00045.o
0x11643d	INDR00046.o
0x116449	INDR00047.o
0x116455	INDR00048.o
0x116461	INDR00049.o
0x11646d	INDR00050.o
0x116479	INDR00051.o
0x116485	INDR00052.o
0x116491	INDR00053.o
0x11649d	INDR00054.o
0x1164a9	INDR00055.o
0x1164b5	INDR00056.o
0x1164c1	INDR00057.o
0x1164cd	INDR00058.o
0x1164d9	INDR00059.o
0x1164e5	INDR00060.o
0x1164f1	INDR00061.o
0x1164fd	INDR00062.o
0x116509	INDR00063.o
0x116515	INDR00064.o
0x116521	INDR00065.o
0x11652d	INDR00066.o
0x116539	INDR00067.o
0x116545	INDR00068.o
0x116551	INDR00069.o
0x11655d	INDR00070.o
0x116569	INDR00071.o
0x116575	INDR00072.o
0x116581	INDR00073.o
0x11658d	INDR00074.o
0x116599	INDR00075.o
0x1165a5	INDR00076.o
0x1165b1	INDR00077.o
0x1165bd	INDR00078.o
0x1165c9	INDR00079.o
0x1165d5	INDR00080.o
0x1165e1	INDR00081.o
0x1165ed	INDR00082.o
0x1165f9	INDR00083.o
0x116605	INDR00084.o
0x116611	INDR00085.o
0x11661d	INDR00086.o
0x116629	INDR00087.o
0x116635	INDR00088.o
0x116641	INDR00089.o
0x11664d	INDR00090.o
0x116659	INDR00091.o
0x116665	INDR00092.o
0x116671	INDR00093.o
0x11667d	INDR00094.o
0x116689	INDR00095.o
0x116695	INDR00096.o
0x1166a1	INDR00097.o
0x1166ad	INDR00098.o
0x1166b9	INDR00099.o
0x1166c5	INDR00100.o
0x1166d1	INDR00101.o
0x1166dd	INDR00102.o
0x1166e9	INDR00103.o
0x1166f5	INDR00104.o
0x116701	INDR00105.o
0x11670d	INDR00106.o
0x116719	INDR00107.o
0x116725	INDR00108.o
0x116731	INDR00109.o
0x11673d	INDR00110.o
0x116749	INDR00111.o
0x116755	INDR00112.o
0x116761	INDR00113.o
0x11676d	INDR00114.o
0x116779	INDR00115.o
0x116785	INDR00116.o
0x116791	INDR00117.o
0x11679d	INDR00118.o
0x1167a9	INDR00119.o
0x1167b5	INDR00120.o
0x1167c1	INDR00121.o
0x1167cd	INDR00122.o
0x1167d9	INDR00123.o
0x1167e5	INDR00124.o
0x1167f1	INDR00125.o
0x1167fd	INDR00126.o
0x116809	INDR00127.o
0x116815	INDR00128.o
0x116821	INDR00129.o
0x11682d	INDR00130.o
0x116839	INDR00131.o
0x116845	INDR00132.o
0x116851	INDR00133.o
0x11685d	INDR00134.o
0x116869	INDR00135.o
0x116875	INDR00136.o
0x116881	INDR00137.o
0x11688d	INDR00138.o
0x116899	INDR00139.o
0x1168a5	INDR00140.o
0x1168b1	INDR00141.o
0x1168bd	INDR00142.o
0x1168c9	INDR00143.o
0x1168d5	INDR00144.o
0x1168e1	INDR00145.o
0x1168ed	INDR00146.o
0x1168f9	INDR00147.o
0x116905	INDR00148.o
0x116911	INDR00149.o
0x11691d	INDR00150.o
0x116929	INDR00151.o
0x116935	INDR00152.o
0x116941	INDR00153.o
0x11694d	INDR00154.o
0x116959	INDR00155.o
0x116965	INDR00156.o
0x116971	INDR00157.o
0x11697d	INDR00158.o
0x116989	INDR00159.o
0x116995	INDR00160.o
0x1169a1	INDR00161.o
0x1169ad	INDR00162.o
0x1169b9	INDR00163.o
0x1169c5	INDR00164.o
0x1169d1	INDR00165.o
0x1169dd	INDR00166.o
0x1169e9	INDR00167.o
0x1169f5	INDR00168.o
0x116a01	INDR00169.o
0x116a0d	INDR00170.o
0x116a19	INDR00171.o
0x116a25	INDR00172.o
0x116a31	INDR00173.o
0x116a3d	INDR00174.o
0x116a49	INDR00175.o
0x116a55	INDR00176.o
0x116a61	INDR00177.o
0x116a6d	INDR00178.o
0x116a79	INDR00179.o
0x116a85	INDR00180.o
0x116a91	INDR00181.o
0x116a9d	INDR00182.o
0x116aa9	INDR00183.o
0x116ab5	INDR00184.o
0x116ac1	INDR00185.o
0x116acd	INDR00186.o
0x116ad9	INDR00187.o
0x116ae5	INDR00188.o
0x116af1	INDR00189.o
0x116afd	INDR00190.o
0x116b09	INDR00191.o
0x116b15	INDR00192.o
0x116b21	INDR00193.o
0x116b2d	INDR00194.o
0x116b39	INDR00195.o
0x116b45	INDR00196.o
0x116b51	INDR00197.o
0x116b5d	INDR00198.o
0x116b69	INDR00199.o
0x116b75	INDR00200.o
0x116b81	INDR00201.o
0x116b8d	INDR00202.o
0x116b99	INDR00203.o
0x116ba5	INDR00204.o
0x116bb1	INDR00205.o
0x116bbd	INDR00206.o
0x116bc9	INDR00207.o
0x116bd5	INDR00208.o
0x116be1	INDR00209.o
0x116bed	INDR00210.o
0x116bf9	INDR00211.o
0x116c05	dyld__mh_dylib_header
0x116c1b	dyld_lazy_symbol_binding_entry_point
0x116c40	dyld_func_lookup_pointer
0x116c59	__dyld_func_lookup
0x116c6c	dyld_stub_binding_helper
0x116c85	_NXArgv_pointer.72
0x116c98	_NXArgc_pointer.75
0x116cab	_environ_pointer.78
0x116cbf	__libgcc_private_extern__gcc_bcmp
0x116ce1	__libgcc_private_extern__ashldi3
0x116d02	__libgcc_private_extern__ashrdi3
0x116d23	_num_digits
0x116d2f	_bb_head
0x116d38	__libgcc_private_extern___bb_exit_func
0x116d5f	__libgcc_private_extern___bb_init_func
0x116d86	__libgcc_private_extern___clear_cache
0x116dac	__libgcc_private_extern__cmpdi2
0x116dcc	___clz_tab
0x116dd7	__libgcc_private_extern__divdi3
0x116df7	_find_exception_table
0x116e0d	_exception_table_list
0x116e23	_except_pc
0x116e2e	_except_table_pos
0x116e40	__libgcc_private_extern___find_first_exception_table_match
0x116e7b	__libgcc_private_extern___register_exceptions
0x116ea9	__libgcc_private_extern___throw_type_match
0x116ed4	__libgcc_private_extern___unwind_function
0x116efe	__libgcc_private_extern___eprintf
0x116f20	__libgcc_private_extern__ffsdi2
0x116f40	__libgcc_private_extern__fixdfdi
0x116f61	__libgcc_private_extern__fixsfdi
0x116f82	__libgcc_private_extern__fixunsdfdi
0x116fa6	__libgcc_private_extern__fixunsdfsi
0x116fca	__libgcc_private_extern__fixunssfdi
0x116fee	__libgcc_private_extern__fixunssfsi
0x117012	__libgcc_private_extern__fixunsxfdi
0x117036	__libgcc_private_extern__fixunsxfsi
0x11705a	__libgcc_private_extern__fixxfdi
0x11707b	__libgcc_private_extern__floatdidf
0x11709e	__libgcc_private_extern__floatdisf
0x1170c1	__libgcc_private_extern__floatdixf
0x1170e4	__libgcc_private_extern__lshrdi3
0x117105	___clz_tab
0x117110	__libgcc_private_extern__moddi3
0x117130	__libgcc_private_extern__muldi3
0x117150	__libgcc_private_extern__negdi2
0x117170	___new_handler
0x11717f	__libgcc_private_extern___default_new_handler
0x1171ad	__libgcc_private_extern___get_new_handler
0x1171d7	__libgcc_private_extern_set_new_handler
0x1171ff	__libgcc_private_extern___builtin_delete
0x117228	__libgcc_private_extern___builtin_new
0x11724e	__libgcc_private_extern___builtin_vec_delete
0x11727b	__libgcc_private_extern___builtin_vec_new
0x1172a5	__libgcc_private_extern___pure_virtual
0x1172cc	__libgcc_private_extern___shtab
0x1172ec	__libgcc_private_extern___enable_execute_stack
0x11731b	__libgcc_private_extern___trampoline
0x117340	__libgcc_private_extern___transfer_from_trampoline
0x117373	__libgcc_private_extern__ucmpdi2
0x117394	__libgcc_private_extern___udiv_w_sdiv
0x1173ba	___clz_tab
0x1173c5	__libgcc_private_extern__udivdi3
0x1173e6	___clz_tab
0x1173f1	__libgcc_private_extern__udivmoddi4
0x117415	___clz_tab
0x117420	__libgcc_private_extern__umoddi3
0x117441	__libgcc_private_extern___builtin_saveregs
0x11746c	_arch_multiple
0x11747b	_printed.100
0x117488	_print_architecture_banner
0x1174aa	_allow_multiply_defined_symbols
0x1174ca	_arch_errors_fatal
0x1174dd	_arch_flag
0x1174e8	_archive_ObjC
0x1174f6	_archive_all
0x117503	_bind_at_load
0x117511	_defaultsectalign
0x117523	_define_comldsyms
0x117535	_dylib_compatibility_version
0x117552	_dylib_current_version
0x117569	_dylib_files
0x117576	_dylib_install_name
0x11758a	_dylinker_install_name
0x1175a1	_dynamic
0x1175aa	_entry_point_name
0x1175c3	_error_with_cur_obj
0x1175e6	_filetype
0x1175f7	_force_cpusubtype_ALL
0x11760d	_headerpad
0x117618	_host_byte_sex
0x117627	_host_pagesize
0x117636	_keep_private_externs
0x11764c	_load_map
0x117656	_mach_fatal
0x117662	_ndylib_files
0x117670	_no_arch_warnings
0x117682	_nowarnings
0x11768e	_ntrace_syms
0x11769b	_nundef_syms
0x1176a8	_output_for_dyld
0x1176b9	_outputfile
0x1176c5	_pagezero_size
0x1176d4	_prebinding
0x1176e7	_progname
0x1176f1	_read_only_reloc_flag
0x11770e	_save_reloc
0x11771a	_sectorder_detail
0x11772c	_seg1addr
0x117736	_seg1addr_specified
0x11774a	_segalign
0x117754	_seglinkedit
0x117761	_specific_arch_flag
0x117775	_strip_base_symbols
0x117789	_strip_level
0x117796	_system_error
0x1177a4	_system_fatal
0x1177b2	_system_warning
0x1177c2	_target_byte_sex
0x1177da	_trace_syms
0x1177e6	_undef_syms
0x1177f2	_undefined_flag
0x117802	_warning
0x11780b	_warning_with_cur_obj
0x117821	_whyload
0x11782a	_stat_buf
0x117834	_strings
0x11783d	_pass1_fat
0x117848	_pass1_archive
0x117857	_check_archive_arch
0x11786b	_pass1_object
0x117879	_ranlib_bsearch
0x117889	_empty_symtab.112
0x11789b	_empty_dysymtab.113
0x1178af	_check_cur_obj
0x1178be	_empty_symtab.116
0x1178d0	_base_program_symtab.117
0x1178e9	_check_size_offset
0x1178fc	_check_size_offset_sect
0x117914	_check_fat
0x117926	_merge_base_program
0x117941	_member_name.80
0x117951	_fine_reloc_for_input_offset
0x11796e	_cur_obj
0x117977	_print_obj_name
0x117987	_base_obj
0x117991	_new_object_file
0x1179a2	_obj_member_name
0x1179b3	_size_ar_name
0x1179c1	_add_last_object_file
0x1179d7	_clean_objects
0x1179e6	_fine_reloc_offset_in_output
0x117a03	_fine_reloc_offset_in_output_for_output_offset
0x117a32	_fine_reloc_output_address
0x117a4d	_fine_reloc_output_offset
0x117a67	_fine_reloc_output_sectnum
0x117a82	_nobjects
0x117a8c	_objects
0x117a95	_print_whatsloaded
0x117aa8	_remove_last_object_file
0x117ac1	_remove_objects
0x117ad1	_section_flags
0x117ae0	_merge_sections
0x117af0	_create_merged_section
0x117b07	_lookup_merged_section
0x117b1e	_lookup_merged_segment
0x117b35	_merge_literal_sections
0x117b4d	_merged_segments
0x117b66	_original_merged_segments
0x117b80	_output_literal_sections
0x117b99	_output_section
0x117ba9	_remove_merged_sections
0x117bc1	_reset_merged_sections
0x117bd8	_zero_merged_sections_sizes
0x117bf4	_cstring_free
0x117c02	_cstring_merge
0x117c11	_cstring_order
0x117c20	_cstring_output
0x117c30	_get_cstring_from_sectorder
0x117c4c	_lookup_cstring
0x117c5c	_merged_symbol_list_for_enter_symbol
0x117c81	_undefsyms_order
0x117c92	_extdefsyms_order
0x117ca4	_free_list
0x117caf	_link_edit_common_section
0x117cc9	_link_edit_section_maps
0x117ce1	_multiple_defs
0x117cf0	_nmultiple_defs
0x117d00	_nindr_symbols
0x117d0f	_commons_exist
0x117d1e	_noundefs
0x117d28	_enter_symbol
0x117d36	_enter_indr_symbol
0x117d49	_enter_string
0x117d57	_add_to_undefined_list
0x117d6e	_undefined_blocks
0x117d80	_multiply_defined
0x117d92	_trace_object_symbol
0x117da7	_trace_symbol
0x117db5	_merged_symbol_string_index
0x117dd1	_get_string_block
0x117de3	_qsort_by_module
0x117df4	_qsort_by_name
0x117e03	_delete_from_undefined_list
0x117e1f	_lookup_symbol
0x117e2e	_merge_symbols
0x117e3d	_undefined_list
0x117e4d	_assign_output_symbol_indexes
0x117e6b	_define_common_symbols
0x117e82	_free_multiple_defs
0x117e96	_free_undefined_list
0x117eab	_indr_symbol_pairs
0x117ebe	_is_output_local_symbol
0x117ed6	_layout_merged_symbols
0x117eed	_link_edit_common_object
0x117f06	_local_string_size
0x117f19	_local_symbol_output_index
0x117f34	_merged_string_blocks
0x117f4a	_merged_string_size
0x117f5e	_merged_symbol_lists
0x117f73	_merged_symbol_output_index
0x117f8f	_nindr_symbol_pairs
0x117fa3	_nlocal_symbols
0x117fb3	_nmerged_private_symbols
0x117fcc	_nmerged_symbols
0x117fdd	_nmerged_symbols_referenced_only_from_dylibs
0x11800a	_output_local_symbols
0x118020	_output_merged_symbols
0x118037	_process_undefineds
0x11804b	_reduce_indr_symbols
0x118060	_remove_merged_symbols
0x118077	_reset_prebound_undefines
0x118091	_sect_object_symbols
0x1180a6	_set_merged_string_block_indexes
0x1180c7	_trace_merged_symbol
0x1180dc	_mc680x0
0x1180e5	_mc98000
0x1180ee	_mc88000
0x1180fd	_intel386
0x118107	_hppa_state
0x118113	_sparc_state
0x118120	_linkedit_segment.98
0x118135	_pagezero_segment.99
0x11814a	_object_segment.100
0x11815e	_layout_segments
0x11816f	_output_dysymtab_info
0x118185	_output_mach_header
0x118199	_output_symtab_info
0x1181b5	_output_thread_info
0x1181c9	_create_output_sections_array
0x1181e7	_set_SG_NORELOC_flags
0x1181fd	_output_headers
0x11820d	_output_addr
0x11821a	_output_size
0x118227	_output_sections
0x11823f	_generic_reloc
0x11824e	_undef_bsearch
0x11825d	_rld_monaddition
0x11826e	_error_stream
0x118283	_rld_env
0x118294	_rld_maintain_states
0x1182a9	_rld_nallocated_states
0x1182c0	_rld_nloaded_states
0x1182d4	_rld_loaded_state
0x1182e6	_NXArgv_pointer.100
0x1182fa	__mh_execute_header_pointer.101
0x11831a	_internal_rld_load
0x11832d	_internal_rld_unload
0x118342	_rld_loaded_state_changed
0x11835c	_rld_get_loaded_state
0x118372	_cleanup
0x118383	_allocate
0x11838d	_reallocate
0x118399	_base_name
0x1183a4	_RLD_DEBUG_OUTPUT_FILENAME_flag
0x1183c4	_address_func
0x1183d9	_new_archive_or_fat
0x1183ed	_cur_set
0x1183fc	_clean_archives_and_fats
0x118415	_free_sets
0x118420	_new_set
0x118429	_remove_set
0x118435	_literal4_free
0x118444	_literal4_merge
0x118454	_literal4_order
0x118464	_literal4_output
0x118475	_lookup_literal4
0x118486	_literal8_free
0x118495	_literal8_merge
0x1184a5	_literal8_order
0x1184b5	_literal8_output
0x1184c6	_get_hex_from_sectorder
0x1184de	_lookup_literal8
0x1184ef	_count_reloc
0x1184fc	_lookup_literal_pointer
0x118514	_literal_pointer_free
0x11852a	_literal_pointer_merge
0x118541	_literal_pointer_order
0x118558	_literal_pointer_output
0x118570	_has_dynamic_linker_command
0x11858c	_lookup_indirect_item
0x1185a2	_indirect_section_free
0x1185b9	_indirect_section_merge
0x1185d1	_indirect_section_order
0x1185e9	_nindirectsyms
0x1185f8	_save_lazy_symbol_pointer_relocs
0x118619	_output_indirect_symbols
0x118632	_legal_reference
0x118643	_modinit_section_merge
0x11865a	_modinit_section_order
0x118671	_m98k_reloc
0x11867d	_m88k_reloc
0x118689	_hppa_reloc
0x118695	_sparc_reloc
0x1186a2	_cpusubtype_combine
0x1186b6	_cpusubtype_findbestarch
0x1186cf	_arch_flags
0x1186db	_get_arch_family_from_cputype
0x1186f9	_get_arch_from_host
0x11870d	_get_arch_name_from_types
0x118727	_get_byte_sex_from_flag
0x11873f	_get_arch_flags
0x11874f	_get_arch_from_flag
0x118763	_get_toc_byte_sex
0x118775	_swap_dylib_command
0x118789	_swap_dylib_module
0x11879c	_swap_dylib_reference
0x1187b2	_swap_dylib_table_of_contents
0x1187d0	_swap_dylinker_command
0x1187e7	_swap_dysymtab_command
0x1187fe	_swap_fvmlib_command
0x118813	_swap_indirect_symbols
0x11882a	_swap_load_command
0x11883d	_swap_mach_header
0x11884f	_swap_ranlib
0x11885c	_swap_section
0x11886a	_swap_segment_command
0x118880	_swap_symseg_command
0x118895	_swap_symtab_command
0x1188aa	_swap_relocation_info
0x1188c0	_swap_nlist
0x1188cc	_get_host_byte_sex
0x1188df	_SWAP_DOUBLE
0x1188ec	_SWAP_FLOAT
0x1188f8	_swap_fat_arch
0x118907	_swap_fat_header
0x118918	_swap_fvmfile_command
0x11892e	_swap_hppa_fp_thread_state
0x118949	_swap_hppa_frame_thread_state
0x118967	_swap_hppa_integer_thread_state
0x118987	_swap_i386_thread_cthreadstate
0x1189a6	_swap_i386_thread_exceptstate
0x1189c4	_swap_i386_thread_fpstate
0x1189de	_swap_i386_thread_state
0x1189f6	_swap_i860_thread_state_regs
0x118a13	_swap_ident_command
0x118a27	_swap_m68k_thread_state_68882
0x118a45	_swap_m68k_thread_state_regs
0x118a62	_swap_m68k_thread_state_user_reg
0x118a83	_swap_m88110_thread_state_impl_t
0x118aa4	_swap_m88k_thread_state_grf_t
0x118ac2	_swap_m88k_thread_state_user_t
0x118ae1	_swap_m88k_thread_state_xrf_t
0x118aff	_swap_m98k_thread_state_grf_t
0x118b1d	_swap_prebound_dylib_command
0x118b3a	_swap_sparc_thread_state_fpu
0x118b57	_swap_sparc_thread_state_regs
0x118b75	_swap_thread_command
0x118b8a	_swap_object_headers
0x118b9f	_vm_flush_cache
0x118baf	_reloc_has_pair
0x118bbf	_reloc_pair_r_type
0x118bd2	_reloc_is_sectdiff
0x118beb	_assemble_17
0x118bf8	_assemble_21
0x118c05	_calc_hppa_HILO
0x118c15	_dis_assemble_17
0x118c26	_dis_assemble_21
0x118c37	_low_sign_ext
0x118c45	_low_sign_unext
0x118c55	_sign_ext
0x118c5f	_sign_unext
0x118c6b	_assemble_12
0x118c78	_assemble_3
0x118c84	_dis_assemble_12
0x118c95	_dis_assemble_3
0x118ca5	_file_functions
0x118cb5	_file_flush
0x118cc1	_file_fill
0x118ccc	_file_change
0x118cd9	_file_seek
0x118ce4	_file_close
0x118cf0	__NXStreamsTextPad
0x118d03	__NXStreamsLiteralTextPad
0x118d1d	_ipc_functions
0x118d2c	_ipc_flush
0x118d37	_ipc_fill
0x118d41	_ipc_change
0x118d4d	_ipc_seek
0x118d57	_ipc_close
0x118d62	_memory_functions
0x118d74	_memory_flush
0x118d82	_memory_fill
0x118d8f	_memory_change
0x118d9e	_memory_seek
0x118dab	_memory_close
0x118db9	_cheap_functions
0x118dca	_cheap_flush
0x118dd7	_cheap_seek
0x118de3	_cheap_close
0x118df0	_verify_memory_stream
0x118e06	_memory_extend
0x118e15	_betterCopy
0x118e21	_cheap_extend
0x118e2f	_check_wellformed_header
0x118e48	_printfProcTable
0x118e59	_sizePrintfProcTable
0x118e6e	_isRegisteredPrintfChar
0x118e86	__p_dconv
0x118e9e	_stringnotzero
0x118ebd	__getccl
0x118ee2	_small.40
0x118f39	_small.5
0x119050	_zero.40
0x119061	_small.42
0x11908a	_zero.42
0x11909b	_small.44
0x1190a5	_ibig.45
0x1190c5	__dbBaseName
0x1190e0	__db_global_text_pad
0x1190f5	__dbDirExtension
0x119106	__dbLeafExtension
0x119118	__db_literal_text_pad
0x11912e	__dbOpenFile
0x11913b	__dbSizeTable
0x119149	_homeDirectory
0x119158	_userName
0x119162	_lastKnownUid
0x119170	_getUserInfo
0x11917d	_NXHomeDirectory
0x11918e	_hasTerminal.76
0x11919e	_NXLogError
0x1191b2	_defaultsDB
0x1191be	_readBuf
0x1191c7	_defaultsUser
0x1191d5	_defaultsHome
0x1191e3	_defaultsUid
0x1191f0	_defaultsGid
0x1191fd	_didSetreuid
0x11920a	_didSetregid
0x119217	_firstRD
0x119236	_firstBlock
0x119242	_lastBlock
0x11924d	_db_mtime
0x119257	_doRegisterDefaults
0x11926b	__openDefaults
0x11927a	__closeDefaults
0x11928a	__registerDefault
0x11929c	__resetRegisteredDefault
0x1192b5	__isRegistered
0x1192c4	__doReadDefault
0x1192d4	__doWriteDefault
0x1192e5	__writeAndRegisterDefault
0x1192ff	__lockDefaults
0x11930e	__unlockDefaults
0x11931f	__constructKey
0x11932e	__destroyKey
0x11933b	_defStrcmp
0x119346	_defCopyString
0x119355	_defaultAlloc
0x119363	_blockAlloc
0x11936f	_blockFree
0x11937a	__NXGobbleArgs
0x119389	_NXArgv_pointer.139
0x11939d	_NXArgc_pointer.140
0x1193b1	_cmdLineToDefaults
0x1193c4	_firstArg
0x1193ce	_firstLen
0x1193d8	_rstrtok
0x1193e1	_getBitfieldSizeAndAdvance
0x1193fc	_getBitfieldSize
0x11940d	+[NXPortPortal newPort]
0x119425	+[NXPortPortal newFromMachPort:dealloc:]
0x11944e	+[NXPortPortal lookUpPortWithName:onHost:]
0x119479	+[NXPortPortal checkInPort:withName:]
0x11949f	-[NXPortPortal initWithMachPort:]
0x1194c1	-[NXPortPortal initWithPort:]
0x1194df	-[NXPortPortal free]
0x1194f4	_copyFromZone
0x119502	-[NXPortPortal move]
0x119517	-[NXPortPortal port]
0x11952c	-[NXPortPortal setPort:]
0x119545	-[NXPortPortal connection]
0x119560	-[NXPortPortal setRequestMsg:]
0x11957f	-[NXPortPortal isRequestMsg]
0x11959c	-[NXPortPortal goodMsgSize]
0x1195b8	-[NXPortPortal setMsg:]
0x1195d0	-[NXPortPortal sequenceNumber]
0x1195ef	__NXEncodeBool
0x1195fe	__NXDecodeBool
0x11960d	__NXEncodeChars
0x11961d	__NXDecodeChars
0x11962d	__NXDecodeUniqueString
0x119644	_extract_field_elmt
0x119658	_insert_field_elmt
0x11966b	__iterate_bitfields
0x11967f	__pack_callback
0x11968f	__unpack_callback
0x1196a1	_iencodeData
0x1196ae	_idecodeData
0x1196bb	-[NXPortPortal encodeData:ofType:]
0x1196de	-[NXPortPortal decodeData:ofType:]
0x119701	-[NXPortPortal encodeBytes:count:]
0x119724	-[NXPortPortal decodeBytes:count:]
0x119747	-[NXPortPortal encodeMachPort:]
0x119767	-[NXPortPortal decodeMachPort:]
0x119787	-[NXPortPortal encodeVM:count:]
0x1197a7	-[NXPortPortal encodeVM:count:dealloc:]
0x1197cf	-[NXPortPortal decodeVM:count:]
0x1197ef	-[NXPortPortal encodeObject:]
0x11980d	-[NXPortPortal encodeObjectBycopy:]
0x119831	-[NXPortPortal decodeObject]
0x11984e	-[NXPortPortal startEncodingWithConnection:andSequenceNumber:]
0x11988d	-[NXPortPortal finishEncodingAndStartDecoding:]
0x1198bd	-[NXPortPortal finishEncoding]
0x1198dc	-[NXPortPortal startDecodingWithMsg:withConnection:]
0x119911	-[NXPortPortal startDecodingWithTimeout:]
0x11993b	-[NXPortPortal finishDecoding]
0x11995a	+[NXPortPortal dispatchMsg:]
0x119977	-[NXPortPortal print]
0x11998d	-[NXPortPortal zone]
0x1199a2	_MessagesReceivedCount
0x1199b9	_DefaultZone
0x1199c6	_sequence_gate
0x1199d5	_DefaultBufferClass
0x1199e9	_number.2
0x1199f3	_generateSequenceNumber
0x119a0b	_freeNXMethodSignature
0x119a22	_isNXMethodSignatureEqual
0x119a3c	_hashNXMethodSignature
0x119a53	_NXMethodSignatureProto
0x119a6b	+[NXMethodSignature fromDescription:fromZone:]
0x119a9a	-[NXMethodSignature encodeMethodParams:onto:]
0x119ac8	-[NXMethodSignature decodeMethodParamsFrom:]
0x119af5	-[NXMethodSignature encodeMethodRet:withargs:onto:]
0x119b29	-[NXMethodSignature free]
0x119b43	-[NXMethodSignature methodReturnType]
0x119b69	-[NXMethodSignature isOneway]
0x119b87	-[NXMethodSignature methodReturnArea]
0x119bad	-[NXMethodSignature decodeMethodRetFrom:withargs:atAddr:]
0x119be7	-[Object(Object_NXMethodSignature) methodSignature:fromZone:]
0x119c25	_DefaultInTimeout
0x119c37	_DefaultOutTimeout
0x119c4a	_roProto
0x119c53	_hashProxy
0x119c5e	_isEqualProxy
0x119c6c	_freeProxy
0x119c77	_hash_table_gate
0x119c88	_hashConnection
0x119c98	_isEqualConnection
0x119cab	_freeConnection
0x119cbb	_connProto
0x119cc6	_conn_table_gate
0x119cd7	_conn_table
0x119ce3	_reply_table_gate
0x119cf5	_reply_table
0x119d02	_nxproxyclass
0x119d10	+[NXConnection initialize]
0x119d2b	+[NXConnection newForInPort:andOutPort:fromZone:]
0x119d5d	+[NXConnection newForInMachPort:andOutMachPort:fromZone:]
0x119d97	-[NXConnection free]
0x119dac	-[NXConnection copyWithOutPort:]
0x119dcd	+[NXConnection connectToName:]
0x119dec	+[NXConnection connectToName:onHost:]
0x119e12	+[NXConnection connectToName:fromZone:]
0x119e3a	+[NXConnection connectToName:onHost:fromZone:]
0x119e69	+[NXConnection connectToPort:withInPort:]
0x119e93	+[NXConnection connectToPort:withInPort:fromZone:]
0x119ec6	+[NXConnection connectToPort:]
0x119ee5	+[NXConnection connectToPort:fromZone:]
0x119f0d	+[NXConnection registerRoot:withName:]
0x119f34	+[NXConnection registerRoot:withName:fromZone:]
0x119f64	+[NXConnection registerRoot:]
0x119f82	+[NXConnection registerRoot:fromZone:]
0x119fa9	+[NXConnection unregisterForInvalidationNotification:]
0x119fe0	-[NXConnection invalidate]
0x119ffb	-[NXConnection senderIsInvalid:]
0x11a01c	+[NXConnection messagesReceived]
0x11a03d	+[NXConnection setDefaultBufferClass:]
0x11a064	+[NXConnection setDefaultTimeout:]
0x11a087	+[NXConnection defaultTimeout]
0x11a0a6	+[NXConnection setDefaultInTimeout:]
0x11a0cb	+[NXConnection defaultInTimeout]
0x11a0ec	+[NXConnection setDefaultOutTimeout:]
0x11a112	+[NXConnection defaultOutTimeout]
0x11a134	+[NXConnection setDefaultZone:]
0x11a154	+[NXConnection defaultZone]
0x11a170	+[NXConnection count]
0x11a186	+[NXConnection connections:]
0x11a1a3	-[NXConnection setDelegate:]
0x11a1c0	-[NXConnection delegate]
0x11a1d9	-[NXConnection outPortalBuffer]
0x11a1f9	-[NXConnection inPortalBuffer]
0x11a218	-[NXConnection inPortal]
0x11a231	-[NXConnection inPort]
0x11a248	-[NXConnection outPort]
0x11a260	-[NXConnection bufferClass]
0x11a27c	-[NXConnection setInTimeout:]
0x11a29a	-[NXConnection setOutTimeout:]
0x11a2b9	-[NXConnection inTimeout]
0x11a2d3	-[NXConnection outTimeout]
0x11a2ee	-[NXConnection rootObject]
0x11a309	-[NXConnection setRoot:]
0x11a322	-[NXConnection insertProxy:]
0x11a33f	-[NXConnection newRemote:withProtocol:]
0x11a367	-[NXConnection newLocal:]
0x11a381	-[NXConnection getRemote:]
0x11a39c	-[NXConnection getLocal:]
0x11a3b6	-[NXConnection findLocal:forInPort:]
0x11a3db	-[NXConnection remoteObjects]
0x11a3f9	-[NXConnection localObjects]
0x11a416	-[NXConnection localProxies]
0x11a433	-[NXConnection removeRemote:]
0x11a451	-[NXConnection removeLocal:]
0x11a46e	+[NXConnection removeObject:]
0x11a48c	+[NXConnection handleRequestOnPortal:]
0x11a4b3	-[NXConnection finishEncodingAndGetReplyOnPortal:]
0x11a4e6	-[NXConnection run]
0x11a4fa	-[NXConnection runWithTimeout:]
0x11a521	-[NXConnection runInNewThread]
0x11a540	+[NXConnection debug:showThread:verbose:]
0x11a56a	+[NXConnection debug:]
0x11a581	_structure_addr
0x11a591	_methodSignature_of_descriptionForMethod
0x11a5ba	_refgate
0x11a5c3	+[NXProxy initialize]
0x11a5d9	+[NXProxy class]
0x11a5ea	+[NXProxy self]
0x11a5fa	-[NXProxy perform:]
0x11a60e	-[NXProxy perform:with:]
0x11a627	-[NXProxy conformsTo:]
0x11a63e	-[NXProxy connectionForProxy]
0x11a65c	-[NXProxy nameForProxy]
0x11a674	-[NXProxy references]
0x11a68a	-[NXProxy addReference]
0x11a6a2	-[NXProxy setProtocolForProxy:]
0x11a6c2	-[NXProxy methodSignature:fromZone:]
0x11a6e7	-[NXProxy forward::]
0x11a6fc	-[NXProxy invalidateProxy]
0x11a717	-[NXProxy freeProxy]
0x11a72c	-[NXProxy free]
0x11a73c	-[NXProxy encodeRemotelyFor:freeAfterEncoding:isBycopy:]
0x11a775	-[NXProxy encodeUsing:]
0x11a78d	-[NXProxy decodeUsing:]
0x11a7a5	-[NXProxy isProxy]
0x11a7b8	-[Object(Object_MakeRemote_Import) encodeRemotelyFor:freeAfterEncoding:isBycopy:]
0x11a80a	-[Object(Object_MakeRemote_Import) encodeUsing:]
0x11a83b	-[Object(Object_MakeRemote_Import) decodeUsing:]
0x11a86c	-[Object(isRemote) isProxy]
0x11a888	-[Object(GetListOfProtocols) getListOfProtocols:]
0x11a8ba	-[List(Transport) encodeRemotelyFor:freeAfterEncoding:isBycopy:]
0x11a8fb	-[List(Transport) encodeUsing:]
0x11a91b	-[List(Transport) decodeUsing:]
0x11a93b	-[Protocol(Transport) encodeRemotelyFor:freeAfterEncoding:isBycopy:]
0x11a980	-[Protocol(Transport) encodeUsing:]
0x11a9a4	-[Protocol(Transport) decodeUsing:]
0x11a9c8	_log_impl
0x11a9d2	_mygate.8
0x11a9dc	_printf_log
0x11a9e8	_log_header
0x11a9f4	_log_show_pid
0x11aa02	_log_show_thread
0x11aa13	_mygate.11
0x11aa1e	_sys_log
0x11aa27	-[NXData initWithSize:]
0x11aa3f	-[NXData initWithData:size:dealloc:]
0x11aa64	-[NXData free]
0x11aa73	-[NXData data]
0x11aa82	-[NXData size]
0x11aa91	-[NXData copyFromZone:]
0x11aaa9	-[NXData encodeRemotelyFor:freeAfterEncoding:isBycopy:]
0x11aae1	-[NXData encodeUsing:]
0x11aaf8	-[NXData decodeUsing:]
0x11ab0f	+[NXInvalidationNotifier initialize]
0x11ab34	_ref_gate
0x11ab3e	-[NXInvalidationNotifier init]
0x11ab5d	-[NXInvalidationNotifier copy]
0x11ab7c	-[NXInvalidationNotifier references]
0x11aba1	-[NXInvalidationNotifier addReference]
0x11abc8	-[NXInvalidationNotifier invalidate]
0x11abed	-[NXInvalidationNotifier isValid]
0x11ac0f	-[NXInvalidationNotifier registerForInvalidationNotification:]
0x11ac4e	-[NXInvalidationNotifier unregisterForInvalidationNotification:]
0x11ac8f	-[NXInvalidationNotifier free]
0x11acae	-[NXInvalidationNotifier deallocate]
0x11acd3	-[NXSpinLock init]
0x11ace6	-[NXSpinLock free]
0x11acf9	-[NXSpinLock lock]
0x11ad0c	-[NXSpinLock unlock]
0x11ad21	-[NXConditionLock init]
0x11ad39	-[NXConditionLock initWith:]
0x11ad56	-[NXConditionLock condition]
0x11ad73	-[NXConditionLock free]
0x11ad8b	-[NXConditionLock lock]
0x11ada3	-[NXConditionLock unlock]
0x11adbd	-[NXConditionLock lockWhen:]
0x11adda	-[NXConditionLock unlockWith:]
0x11adf9	-[NXLock init]
0x11ae08	-[NXLock free]
0x11ae17	-[NXLock lock]
0x11ae26	-[NXLock unlock]
0x11ae37	-[NXRecursiveLock init]
0x11ae4f	-[NXRecursiveLock free]
0x11ae67	-[NXRecursiveLock lock]
0x11ae7f	-[NXRecursiveLock unlock]
0x11ae99	_signaturePort
0x11aea8	+[NXNetNameServer initialize]
0x11aec6	+[NXNetNameServer checkInPort:withName:]
0x11aeef	+[NXNetNameServer checkOutPortWithName:]
0x11af18	+[NXNetNameServer lookUpPortWithName:]
0x11af3f	+[NXNetNameServer lookUpPortWithName:onHost:]
0x11af6d	_all_ports_gate
0x11af7d	_all_ports
0x11af88	_hash_port
0x11af93	_isEqual_port
0x11afa1	_Proto_port
0x11afad	+[NXPort initialize]
0x11afc2	+[NXPort new]
0x11afd0	+[NXPort newFromMachPort:]
0x11afeb	+[NXPort newFromMachPort:dealloc:]
0x11b00e	-[NXPort machPort]
0x11b021	-[NXPort free]
0x11b030	-[NXPort hash]
0x11b03f	_serverNotifyPort
0x11b051	_send_death
0x11b05d	+[NXPort worryAboutPortInvalidation]
0x11b082	-[NXPort encodeRemotelyFor:freeAfterEncoding:isBycopy:]
0x11b0ba	-[NXPort encodeUsing:]
0x11b0d1	-[NXPort decodeUsing:]
0x11b0e8	-[NXPort setEnableProc:]
0x11b101	-[NXPort setEnableProc:data:]
0x11b11f	-[NXPort enableProc]
0x11b134	-[NXPort enableExternal]
0x11b14d	-[NXPort disableExternal]
0x11b167	-[NXProtocolChecker initWithObject:forProtocol:]
0x11b198	-[NXProtocolChecker forward::]
0x11b1b7	-[NXProtocolChecker descriptionForMethod:]
0x11b1e2	-[NXProtocolChecker conformsTo:]
0x11b203	-[NXProtocolChecker free]
0x11b21d	_atexit_list
0x11b22d	_CurrencyDefaults
0x11b23f	__NXGetLocalizedDefault
0x11b257	_C_lconv
0x11b260	_appName
0x11b269	_parseToken
0x11b275	_parseNumber
0x11b282	_parseGrouping
0x11b299	_currentLocale
0x11b2a8	_letter.2
0x11b2b2	_tmpfilename.3
0x11b2c1	_DateTimeDefaults
0x11b2d3	__ShortDays
0x11b2df	__LongDays
0x11b2ea	__ShortMonths
0x11b2f8	__LongMonths
0x11b30c	__DateAndTime
0x11b328	_LookupString
0x11b336	_packmantissa
0x11b34a	_place.2
0x11b353	_scanpoint
0x11b35e	_lasts.2
0x11b367	_origS.3
0x11b37e	_scale60
0x11b387	_getvtimes
0x11b392	_scale60
0x11b3a2	_g_desfd
0x11b3ab	_common_crypt
0x11b3eb	_longtab
0x11b3f4	_R_to_ER_tab
0x11b417	_des_setkey
0x11b423	_des_encrypt
0x11b43e	_event_portType.6
0x11b450	_RetCodeCheck.7
0x11b460	_event_portType.10
0x11b473	_RetCodeCheck.11
0x11b484	_event_portType.14
0x11b497	_taskType.15
0x11b4a4	_sizeType.16
0x11b4b1	_RetCodeCheck.17
0x11b4c2	_addrCheck.18
0x11b4d0	_event_portType.21
0x11b4e3	_nameType.22
0x11b4f0	_classType.23
0x11b4fe	_RetCodeCheck.24
0x11b50f	_nameDevicePortCheck.25
0x11b527	_special_keyType.28
0x11b53b	_key_portType.29
0x11b54c	_RetCodeCheck.30
0x11b55d	_unitType.33
0x11b56a	_parameterNameType.34
0x11b580	_maxCountType.35
0x11b591	_RetCodeCheck.36
0x11b5a2	_unitType.39
0x11b5af	_parameterNameType.40
0x11b5c5	_maxCountType.41
0x11b5d6	_RetCodeCheck.42
0x11b5e7	_unitType.45
0x11b5f4	_parameterNameType.46
0x11b60a	_parameterArrayType.47
0x11b621	_RetCodeCheck.48
0x11b632	_unitType.51
0x11b63f	_parameterNameType.52
0x11b655	_parameterArrayType.53
0x11b66c	_RetCodeCheck.54
0x11b6a9	_cryptglobalsp.2
0x11b6ba	_getcryptglobalsp
0x11b6d5	_iobuf.9
0x11b6de	_wday_name.4
0x11b6eb	_mon_name.5
0x11b6f7	_result.6
0x11b701	_ctimeglobalsp.9
0x11b712	_getctimeglobalsp
0x11b724	_detzcode
0x11b736	_tzsetkernel
0x11b743	_tzsetgmt
0x11b74d	_mon_lengths
0x11b75a	_year_lengths
0x11b76f	_offtime
0x11b77d	__ctype_padding
0x11b78d	_stuff.2
0x11b796	_dev_name
0x11b7a0	_dgetent
0x11b7af	_dnamatch
0x11b7c0	_dgetnum
0x11b7c9	_dgetflag
0x11b7d3	_dgetstr
0x11b7dc	_ddecode
0x11b7e5	_label.19
0x11b7fe	_TMPFILE
0x11b817	_tokenbuf.14
0x11b824	_skipwhite
0x11b82f	_skipnonwhite
0x11b844	_striphash_fgets
0x11b86c	_interpret
0x11b877	_fstabscan
0x11b882	_fs_file
0x11b890	_environ_pointer.72
0x11b8a4	_nvmatch
0x11b8b4	_firsttime
0x11b8bf	_striphash_fgets
0x11b8d0	__grjunk
0x11b8d9	_usingyellow
0x11b8ee	_savegp.18
0x11b8f9	_interpret
0x11b904	_freeminuslist
0x11b913	_interpretwithsave
0x11b926	_onminuslist
0x11b933	_getnextfromyellow
0x11b946	_getfirstfromyellow
0x11b95a	_getnamefromyellow
0x11b96d	_addtominuslist
0x11b98a	_matchname
0x11b995	_matchgid
0x11b9a6	_getgidfromyellow
0x11b9d3	_striphash_fgets
0x11b9e4	__pwjunk
0x11b9ed	___pwjunk
0x11b9f7	_passwd.6
0x11ba01	_fetchpw
0x11ba12	__pw_stayopen
0x11ba28	_savepw.21
0x11ba33	_matchname
0x11ba3e	_matchuid
0x11ba4f	_getnextfromyellow
0x11ba62	_getfirstfromyellow
0x11ba76	_getnamefromyellow
0x11ba89	_getuidfromyellow
0x11ba9b	_interpretwithsave
0x11baae	_interpret
0x11bab9	_freeminuslist
0x11bac8	_addtominuslist
0x11bae5	_onminuslist
0x11baf2	___ttyjunk
0x11bafd	__ttyjunk
0x11bb14	_okshells
0x11bb1e	_strings
0x11bb27	_curshell
0x11bb39	_initshells
0x11bb45	_pathsize
0x11bb4f	_cachedName.2
0x11bb5d	_real_getwd
0x11bb69	_prepend
0x11bb72	_rld_get_loaded_state
0x11bb88	_profiling
0x11bbab	_monsetup
0x11bbb5	_malloc_static
0x11bbc4	_MallocErrorFunc
0x11bbd5	_DefaultMallocError
0x11bbe9	_malloc_check
0x11bbf7	_errmessage
0x11bc03	_stdmessage
0x11bc0f	_heapadd
0x11bc18	_heapremove
0x11bc2c	_downheap
0x11bc36	_malloc_init
0x11bc43	_nxdestroyzone
0x11bc52	_joinzonesnolock
0x11bc63	_newzonedatanolock
0x11bc76	_keepzonenolock
0x11bc86	_dolockordebug
0x11bc95	__valloczonenolock
0x11bca8	_break_region
0x11bcb6	_newregionnolock
0x11bcc7	_checkregionsallocation
0x11bcdf	_delregionnolock
0x11bcf0	_delzonenolock
0x11bcff	_addregionnolock
0x11bd10	_findregionnolock
0x11bd22	_nxzonemalloc
0x11bd30	_mallocnofree
0x11bd3e	_nxzonemallocnolock
0x11bd52	_mallocnofreenolock
0x11bd66	_morememnolock
0x11bd75	_internal_zone_extend
0x11bd8b	_nxzonerealloc
0x11bd9a	_nxzonereallocnolock
0x11bdaf	_NXZoneRealloc_canyou
0x11bdc5	_nxzonefree
0x11bdd1	_nxzonefreenolock
0x11bde3	_checkfreearrayallocation
0x11bdfd	_dumpheap
0x11be07	_checkheap
0x11be12	_malloc_checkfreeheaps
0x11be29	_malloc_checkzones
0x11be3c	_vallocnolock
0x11be4a	_isMallocData
0x11be58	_vfreenolock
0x11be65	_MallocErrorMessages.126
0x11be8c	_mntdigit
0x11be9e	_mnttabscan
0x11beb2	_mntprtent
0x11bebd	_dbm_access
0x11bed9	_makdatum
0x11bee3	_finddatum
0x11befc	_hashinc
0x11bf05	_dcalchash
0x11bf10	_delitem
0x11bf19	_additem
0x11bf22	_popen_pid
0x11bf3a	_degrees
0x11bf49	_randtbl
0x11bf65	_rand_type
0x11bf70	_rand_deg
0x11bf7a	_rand_sep
0x11bf84	_end_ptr
0x11bf8d	_resolvelinks
0x11bf9b	_resolvedots
0x11bfa8	_re_alloc
0x11bfb2	_retoolong.6
0x11bfc2	_advance
0x11bfcb	_prev.21
0x11bfdc	_flags.3
0x11bfe5	_signal__
0x11bff7	_charmap
0x11c000	_logname
0x11c00f	_LogFile
0x11c018	_LogStat
0x11c029	_LogMask
0x11c032	_LogFacility
0x11c03f	_SyslogAddr
0x11c04b	__do_syslog
0x11c05e	_zonetab
0x11c074	_ringring
0x11c092	_monfunc_addrs
0x11c0cb	_woops.2
0x11c0da	_old_next_minbrk
0x11c0eb	old_next_minbrk
0x11c0fb	_old_next_curbrk
0x11c10c	old_next_curbrk
0x11c11c	_mach_init_doit
0x11c12c	_RetCodeType
0x11c139	_sbrk_needs_init
0x11c14a	_sbrk_region_size
0x11c15c	_sbrk_curbrk
0x11c169	_service_nameType.2
0x11c17d	_RetCodeCheck.3
0x11c18d	_service_portCheck.4
0x11c1a2	_service_nameType.7
0x11c1b6	_service_portType.8
0x11c1ca	_RetCodeCheck.9
0x11c1da	_service_nameType.12
0x11c1ef	_RetCodeCheck.13
0x11c200	_service_portCheck.14
0x11c216	_service_namesType.17
0x11c22c	_RetCodeCheck.18
0x11c23d	_all_services_knownCheck.19
0x11c259	_service_nameType.22
0x11c26e	_RetCodeCheck.23
0x11c27f	_service_activeCheck.24
0x11c297	_RetCodeCheck.27
0x11c2a8	_requestor_portType.30
0x11c2bf	_RetCodeCheck.31
0x11c2d0	_subset_portCheck.32
0x11c2e5	_service_nameType.35
0x11c2fa	_RetCodeCheck.36
0x11c30b	_service_portCheck.37
0x11c321	_threadType.2
0x11c32f	_taskType.3
0x11c33b	_exceptionType.4
0x11c34c	_codeType.5
0x11c358	_subcodeType.6
0x11c367	_RetCodeCheck.7
0x11c377	_threadCheck.2
0x11c386	_taskCheck.3
0x11c393	_exceptionCheck.4
0x11c3a5	_codeCheck.5
0x11c3b2	_subcodeCheck.6
0x11c3c2	__Xexception_raise
0x11c3d5	_RetCodeType.9
0x11c3e4	_routines.10
0x11c3f1	_inherit_memoryType.2
0x11c407	_RetCodeCheck.3
0x11c417	_child_taskCheck.4
0x11c42a	_RetCodeCheck.7
0x11c43a	_RetCodeCheck.10
0x11c44b	_RetCodeCheck.13
0x11c45c	_addressType.16
0x11c46c	_sizeType.17
0x11c479	_anywhereType.18
0x11c48a	_RetCodeCheck.19
0x11c49b	_addressCheck.20
0x11c4ac	_addressType.23
0x11c4bc	_sizeType.24
0x11c4c9	_RetCodeCheck.25
0x11c4da	_addressType.28
0x11c4ea	_sizeType.29
0x11c4f7	_set_maximumType.30
0x11c50b	_new_protectionType.31
0x11c522	_RetCodeCheck.32
0x11c533	_addressType.35
0x11c543	_sizeType.36
0x11c550	_new_inheritanceType.37
0x11c568	_RetCodeCheck.38
0x11c579	_addressType.41
0x11c589	_sizeType.42
0x11c596	_RetCodeCheck.43
0x11c5a7	_addressType.46
0x11c5b7	_dataType.47
0x11c5c4	_RetCodeCheck.48
0x11c5d5	_source_addressType.51
0x11c5ec	_sizeType.52
0x11c5f9	_dest_addressType.53
0x11c60e	_RetCodeCheck.54
0x11c61f	_addressType.57
0x11c62f	_RetCodeCheck.58
0x11c640	_addressCheck.59
0x11c651	_sizeCheck.60
0x11c65f	_protectionCheck.61
0x11c673	_max_protectionCheck.62
0x11c68b	_inheritanceCheck.63
0x11c6a0	_is_sharedCheck.64
0x11c6b3	_object_nameCheck.65
0x11c6c8	_offsetCheck.66
0x11c6d8	_RetCodeCheck.69
0x11c6e9	_vm_statsCheck.70
0x11c6fb	_process_idType.73
0x11c70e	_RetCodeCheck.74
0x11c71f	_result_taskCheck.75
0x11c734	_RetCodeCheck.78
0x11c745	_process_idCheck.79
0x11c759	_src_addrType.82
0x11c76a	_dst_addrType.83
0x11c77b	_src_portType.84
0x11c78c	_dst_portType.85
0x11c79d	_protocolType.86
0x11c7ae	_ipc_portType.87
0x11c7bf	_RetCodeCheck.88
0x11c7d0	_ipc_portType.91
0x11c7e1	_RetCodeCheck.92
0x11c7f2	_RetCodeCheck.95
0x11c803	_infoCheck.96
0x11c811	_slotType.99
0x11c81e	_RetCodeCheck.100
0x11c830	_infoCheck.101
0x11c83f	_cpuType.104
0x11c84c	_runningType.105
0x11c85d	_RetCodeCheck.106
0x11c86f	_RetCodeCheck.109
0x11c881	_RetCodeCheck.112
0x11c893	_which_portType.115
0x11c8a7	_RetCodeCheck.116
0x11c8b9	_special_portCheck.117
0x11c8d0	_which_portType.120
0x11c8e4	_special_portType.121
0x11c8fa	_RetCodeCheck.122
0x11c90c	_flavorType.125
0x11c91c	_RetCodeCheck.126
0x11c92e	_RetCodeCheck.129
0x11c940	_child_threadCheck.130
0x11c957	_RetCodeCheck.133
0x11c969	_RetCodeCheck.136
0x11c97b	_RetCodeCheck.139
0x11c98d	_flavorType.142
0x11c99d	_RetCodeCheck.143
0x11c9af	_flavorType.146
0x11c9bf	_new_stateType.147
0x11c9d2	_RetCodeCheck.148
0x11c9e4	_which_portType.151
0x11c9f8	_RetCodeCheck.152
0x11ca0a	_special_portCheck.153
0x11ca21	_which_portType.156
0x11ca35	_special_portType.157
0x11ca4b	_RetCodeCheck.158
0x11ca5d	_flavorType.161
0x11ca6d	_RetCodeCheck.162
0x11ca7f	_RetCodeCheck.165
0x11ca91	_port_nameType.168
0x11caa4	_RetCodeCheck.169
0x11cab6	_port_type_pCheck.170
0x11cacc	_old_nameType.173
0x11cade	_new_nameType.174
0x11caf0	_RetCodeCheck.175
0x11cb02	_RetCodeCheck.178
0x11cb14	_port_nameCheck.179
0x11cb28	_port_nameType.182
0x11cb3b	_RetCodeCheck.183
0x11cb4d	_port_nameType.186
0x11cb60	_backlogType.187
0x11cb71	_RetCodeCheck.188
0x11cb83	_port_nameType.191
0x11cb96	_RetCodeCheck.192
0x11cba8	_enabledCheck.193
0x11cbba	_num_msgsCheck.194
0x11cbcd	_backlogCheck.195
0x11cbdf	_ownershipCheck.196
0x11cbf3	_receive_rightsCheck.197
0x11cc0c	_RetCodeCheck.200
0x11cc1e	_set_nameCheck.201
0x11cc31	_set_nameType.204
0x11cc43	_RetCodeCheck.205
0x11cc55	_set_nameType.208
0x11cc67	_port_nameType.209
0x11cc7a	_RetCodeCheck.210
0x11cc8c	_port_nameType.213
0x11cc9f	_RetCodeCheck.214
0x11ccb1	_set_nameType.217
0x11ccc3	_RetCodeCheck.218
0x11ccd5	_my_portType.221
0x11cce6	_his_nameType.222
0x11ccf8	_RetCodeCheck.223
0x11cd0a	_his_nameType.226
0x11cd1c	_RetCodeCheck.227
0x11cd2e	_his_portCheck.228
0x11cd41	_my_portType.231
0x11cd52	_his_nameType.232
0x11cd64	_RetCodeCheck.233
0x11cd76	_his_nameType.236
0x11cd88	_RetCodeCheck.237
0x11cd9a	_his_portCheck.238
0x11cdad	_port_nameType.241
0x11cdc0	_backupType.242
0x11cdd0	_RetCodeCheck.243
0x11cde2	_previousCheck.244
0x11cdf5	_addressType.247
0x11ce06	_sizeType.248
0x11ce14	_attributeType.249
0x11ce27	_valueType.250
0x11ce36	_RetCodeCheck.251
0x11ce48	_valueCheck.252
0x11ce58	_addressType.255
0x11ce69	_sizeType.256
0x11ce77	_RetCodeCheck.257
0x11ce89	_addressType.260
0x11ce9a	_sizeType.261
0x11cea8	_policyType.262
0x11ceb8	_RetCodeCheck.263
0x11ceca	_addressType.266
0x11cedb	_sizeType.267
0x11cee9	_whenType.268
0x11cef7	_RetCodeCheck.269
0x11cf09	_RetCodeCheck.2
0x11cf19	_flavorType.5
0x11cf27	_RetCodeCheck.6
0x11cf37	_flavorType.9
0x11cf45	_RetCodeCheck.10
0x11cf56	_hostCheck.11
0x11cf64	_RetCodeCheck.14
0x11cf75	_RetCodeCheck.17
0x11cf86	_processor_cmdType.20
0x11cf9c	_RetCodeCheck.21
0x11cfad	_RetCodeCheck.24
0x11cfbe	_default_setCheck.25
0x11cfd3	_RetCodeCheck.28
0x11cfe4	_new_setCheck.29
0x11cff5	_new_nameCheck.30
0x11d007	_RetCodeCheck.33
0x11d018	_flavorType.36
0x11d027	_RetCodeCheck.37
0x11d038	_hostCheck.38
0x11d046	_new_setType.41
0x11d056	_waitType.42
0x11d063	_RetCodeCheck.43
0x11d074	_RetCodeCheck.46
0x11d085	_assigned_setCheck.47
0x11d09b	_new_setType.50
0x11d0ab	_RetCodeCheck.51
0x11d0bc	_RetCodeCheck.54
0x11d0cd	_RetCodeCheck.57
0x11d0de	_assigned_setCheck.58
0x11d0f4	_new_setType.61
0x11d104	_assign_threadsType.62
0x11d11b	_RetCodeCheck.63
0x11d12c	_assign_threadsType.66
0x11d143	_RetCodeCheck.67
0x11d154	_RetCodeCheck.70
0x11d165	_assigned_setCheck.71
0x11d17b	_RetCodeCheck.74
0x11d18c	_priorityType.77
0x11d19d	_set_maxType.78
0x11d1ad	_RetCodeCheck.79
0x11d1be	_processor_setType.82
0x11d1d4	_max_priorityType.83
0x11d1e9	_RetCodeCheck.84
0x11d1fa	_priorityType.87
0x11d20b	_change_threadsType.88
0x11d222	_RetCodeCheck.89
0x11d233	_max_priorityType.92
0x11d248	_change_threadsType.93
0x11d25f	_RetCodeCheck.94
0x11d270	_policyType.97
0x11d27f	_dataType.98
0x11d28c	_RetCodeCheck.99
0x11d29d	_policyType.102
0x11d2ad	_RetCodeCheck.103
0x11d2bf	_policyType.106
0x11d2cf	_change_threadsType.107
0x11d2e7	_RetCodeCheck.108
0x11d2f9	_RetCodeCheck.111
0x11d30b	_RetCodeCheck.114
0x11d31d	_RetCodeCheck.117
0x11d32f	_set_nameType.120
0x11d341	_RetCodeCheck.121
0x11d353	_setCheck.122
0x11d361	_RetCodeCheck.125
0x11d373	_new_timeType.128
0x11d385	_RetCodeCheck.129
0x11d397	_new_adjustmentType.132
0x11d3af	_RetCodeCheck.133
0x11d3c1	_old_adjustmentCheck.134
0x11d3da	_RetCodeCheck.137
0x11d3ec	_current_timeCheck.138
0x11d403	_port_nameType.2
0x11d414	_signatureType.3
0x11d425	_port_idType.4
0x11d434	_RetCodeCheck.5
0x11d444	_host_nameType.8
0x11d455	_port_nameType.9
0x11d466	_RetCodeCheck.10
0x11d477	_port_idCheck.11
0x11d488	_port_nameType.14
0x11d49a	_signatureType.15
0x11d4ac	_RetCodeCheck.16
0x11d4bd	_RetCodeCheck.19
0x11d4ce	_ArchInfoTable
0x11d4dd	__mh_execute_header_pointer.72
0x11d4fc	__mh_execute_header_pointer.76
0x11d51b	__mh_execute_header_pointer.83
0x11d53a	__mh_execute_header_pointer.72
0x11d559	__mh_execute_header_pointer.72
0x11d593	_yellowup
0x11d59d	_usingyellow
0x11d5aa	_NETWORKS
0x11d5b4	__netdata
0x11d5be	_netdata
0x11d5cf	_line1.12
0x11d5d9	_interpret
0x11d5e9	_yellowup
0x11d5f3	_NETGROUP
0x11d605	_grouplist
0x11d633	_PROTODB
0x11d63c	__protodata
0x11d648	_protodata
0x11d653	_interpret
0x11d65e	_yellowup
0x11d66d	_servdata
0x11d686	__servdata
0x11d691	_interpret
0x11d69c	_yellowup
0x11d6c6	_makekey
0x11d6d5	_machine
0x11d6ee	_ldomain.10
0x11d6fa	_domainp.11
0x11d706	_nodomain.12
0x11d719	_environ_pointer.6
0x11d72c	_renvlook
0x11d736	_ruserpassglobalsp.9
0x11d74b	_getruserpassglobalsp
0x11d78a	_oldbuf.17
0x11d795	_nbsencrypt
0x11d7a1	_nbsdecrypt
0x11d7ad	_keyblk.22
0x11d7c0	_nbs8encrypt
0x11d7cd	_keyblk.26
0x11d7e0	_nbs8decrypt
0x11d7ed	_enblkclr
0x11d7f7	_iobuf.32
0x11d801	_deblkclr
0x11d80b	_enblknot
0x11d815	_iobuf.37
0x11d81f	_deblknot
0x11d855	_nbssetkey
0x11d866	_blkencrypt
0x11d872	_utmpstr.44
0x11d87e	_getutmp
0x11d887	_sreverse
0x11d891	_skey.49
0x11d89a	_mkenvkey
0x11d8a4	_mklower
0x11d8ad	_dn_find
0x11d8c5	_deproto
0x11d8ce	_do_rrset
0x11d8de	_res_setoptions
0x11d8ee	_net_mask
0x11d8f8	_netinfo_res_init
0x11d915	_connected
0x11d942	_AskedForGot
0x11d956	_stayopen
0x11d960	_dprintf
0x11d969	_getanswer
0x11d97a	_hostbuf
0x11d983	_host_aliases
0x11d991	_h_addr_ptrs
0x11d99e	_host_addr
0x11d9a9	_addrsort
0x11d9b3	_net_entry.2
0x11d9c0	_net_aliases.3
0x11d9cf	_netbuf.4
0x11d9d9	_getnetanswer
0x11d9ed	_tmpbuf.6
0x11d9ff	__hostdata
0x11da0a	_hostdata
0x11da14	_fetchhost
0x11da1f	_interpret
0x11da2f	_yellowup
0x11da39	_alias_state
0x11da46	_freeold
0x11da4f	_global_aliasent
0x11da60	_convert_aliasent
0x11da7a	_lu_alias_getbyname
0x11da8e	_lu_alias_setent
0x11da9f	_alias_data
0x11daab	_alias_datalen
0x11daba	_lu_alias_endent
0x11dacb	_proc.13
0x11dad4	_lu_alias_getent
0x11dae5	_alias_xdr
0x11daf0	_alias_nentries
0x11db0e	_lu_bootp_getbyether
0x11db31	_lu_bootp_getbyip
0x11db51	_lu_bootparams_getbyname
0x11db6a	_gr_state
0x11db74	_global_gr
0x11db7f	_gr_datalen
0x11db8b	_gr_nentries
0x11dba0	_yp_flags
0x11dbaa	_convert_gr
0x11dbbe	_lu_getgrgid
0x11dbd3	_lu_getgrnam
0x11dbe0	_proc.10
0x11dbe9	_lu_initgroups
0x11dbf8	_lu_setgrent
0x11dc05	_gr_data
0x11dc0e	_lu_endgrent
0x11dc1b	_proc.17
0x11dc24	_lu_getgrent
0x11dc31	_h_state
0x11dc3a	_global_h
0x11dc44	_global_h_copy
0x11dc53	_global_addrlist
0x11dc64	_convert_h
0x11dc77	_lu_gethostbyaddr
0x11dc91	_lu_gethostbyname
0x11dca3	_lu_sethostent
0x11dcba	_h_datalen
0x11dcc5	_lu_endhostent
0x11dcd4	_proc.14
0x11dcdd	_lu_gethostent
0x11dcf3	_h_nentries
0x11dcff	_global_mnt
0x11dd0b	_mnt_data
0x11dd15	_mnt_datalen
0x11dd22	_mnt_nentries
0x11dd30	_mnt_xdr
0x11dd39	_convert_mnt
0x11dd46	_lu_setmntent
0x11dd54	_lu_endmntent
0x11dd6a	_lu_getmntent
0x11dd78	_n_state
0x11dd81	_global_n
0x11dd8b	_convert_n
0x11dd9e	_lu_getnetbyaddr
0x11ddb7	_lu_getnetbyname
0x11ddc8	_lu_setnetent
0x11ddde	_n_datalen
0x11dde9	_lu_endnetent
0x11ddf7	_proc.14
0x11de00	_lu_getnetent
0x11de15	_n_nentries
0x11de21	___innetgr_hack
0x11de31	_netgroup_state
0x11de49	_lu_innetgr
0x11de55	_lu_endnetgrent
0x11de65	_netgroup_data
0x11de74	_netgroup_datalen
0x11de8e	_lu_setnetgrent
0x11de9e	_netgroup_xdr
0x11deac	_netgroup_nentries
0x11dec6	_p_state
0x11decf	_global_p
0x11ded9	_convert_p
0x11deec	_lu_getprotobynumber
0x11df09	_lu_getprotobyname
0x11df1c	_lu_setprotoent
0x11df34	_p_datalen
0x11df3f	_lu_endprotoent
0x11df4f	_proc.14
0x11df58	_lu_getprotoent
0x11df6f	_p_nentries
0x11df7b	_prdb_state
0x11df87	_global_prdb
0x11df94	_prdb_data
0x11df9f	_prdb_datalen
0x11dfad	_prdb_xdr
0x11dfb7	_freeprop
0x11dfc1	_freeold
0x11dfca	_convert_prdb
0x11dfd8	_lu_prdb_set
0x11dfe5	_lu_prdb_end
0x11dff2	_proc.12
0x11dffb	_lu_prdb_getbyname
0x11e00e	_proc.15
0x11e017	_lu_prdb_get
0x11e024	_prdb_nentries
0x11e033	_pw_state
0x11e03d	_global_pw
0x11e048	_convert_pw
0x11e05c	_lu_getpwuid
0x11e071	_lu_getpwnam
0x11e07e	_lu_setpwent
0x11e08b	_pw_data
0x11e094	_pw_datalen
0x11e0a0	_lu_endpwent
0x11e0ad	_proc.14
0x11e0b6	_lu_getpwent
0x11e0cb	_pw_nentries
0x11e0d8	_r_state
0x11e0e1	_global_r
0x11e0eb	_convert_r
0x11e0fe	_lu_getrpcbynumber
0x11e119	_lu_getrpcbyname
0x11e12a	_lu_setrpcent
0x11e140	_r_datalen
0x11e14b	_lu_endrpcent
0x11e159	_proc.14
0x11e162	_lu_getrpcent
0x11e177	_r_nentries
0x11e183	_s_state
0x11e18c	_global_s
0x11e196	_convert_s
0x11e1a9	_lu_getservbyport
0x11e1c3	_lu_getservbyname
0x11e1d5	_lu_setservent
0x11e1ec	_s_datalen
0x11e1f7	_lu_endservent
0x11e206	_proc.14
0x11e20f	_lu_getservent
0x11e225	_s_nentries
0x11e231	_port_valid
0x11e23d	_ni_errmsgs
0x11e249	_NAME_NAME
0x11e254	_NAME_SERVES
0x11e261	_NAME_MACHINES
0x11e270	_NAME_IP_ADDRESS
0x11e281	_NAME_MASTER
0x11e28e	_NAME_USERS
0x11e29a	_NAME_UID
0x11e2a4	_getmyport
0x11e2af	_nibind_up
0x11e2ba	_createauth
0x11e2c6	_fixtimeout
0x11e2d2	_ni_settimeout
0x11e2e1	_connectit
0x11e2ec	_sys_netmask
0x11e2f9	_sys_address
0x11e306	_connectlocal
0x11e314	_clnt_kill
0x11e327	_ni_switch
0x11e332	_ni_swap
0x11e33b	_eachresult
0x11e34f	_confirm_tcp
0x11e35c	_setmaster
0x11e36f	_ni_clear
0x11e379	_ni_alloc
0x11e38a	_addaddr
0x11e393	_get_daddr
0x11e39e	_getparent
0x11e3a9	_pmap_getport_to
0x11e3ba	_socket_open
0x11e3c7	_NAME_NAME
0x11e3d2	_NAME_MACHINES
0x11e3e1	_NAME_IP_ADDRESS
0x11e3f2	_NAME_SERVES
0x11e3ff	_NAME_UNKNOWN
0x11e40d	_escape_domain
0x11e41c	_finddomain
0x11e428	_ni_domainof
0x11e435	__ni_pwdomain
0x11e443	_eatslash
0x11e44d	_unescape
0x11e457	_escindex
0x11e461	_setstuff
0x11e46b	_ni_relopen
0x11e477	_ni_rootopen
0x11e484	_ni_name_dupn
0x11e492	_ni_relsearch
0x11e4a0	__prdb_free_ent
0x11e4b4	_pename_insert
0x11e4c3	_peprop_insert
0x11e4da	_prmatch
0x11e4e3	_getline
0x11e4ec	_emptyfield
0x11e4f8	_NAME_USERS
0x11e504	_NAME_PASSWD
0x11e511	_changeit
0x11e51b	_TIMEOUT
0x11e609	_nameType.2
0x11e615	_RetCodeCheck.3
0x11e625	_procnoCheck.4
0x11e634	_procType.7
0x11e640	_indataType.8
0x11e64e	_RetCodeCheck.9
0x11e65e	_procType.12
0x11e66b	_indataType.13
0x11e67a	_RetCodeCheck.14
0x11e68b	_procType.17
0x11e698	_indataType.18
0x11e6a7	_RetCodeCheck.19
0x11e6bd	_authnone_verf
0x11e6cc	_authnone_marshal
0x11e6de	_authnone_validate
0x11e6f1	_authnone_refresh
0x11e703	_authnone_destroy
0x11e715	_authnone_private
0x11e727	_auth_unix_ops
0x11e736	_authunix_nextverf
0x11e749	_authunix_marshal
0x11e75b	_authunix_validate
0x11e76e	_authunix_refresh
0x11e780	_authunix_destroy
0x11e792	_marshal_new_auth
0x11e7b7	_rpc_errlist
0x11e7c4	_auth_errlist
0x11e7d2	_auth_errmsg
0x11e7df	_client_ops
0x11e7eb	_clntraw_call
0x11e7f9	_clntraw_abort
0x11e808	_clntraw_geterr
0x11e818	_clntraw_freeres
0x11e829	_clntraw_destroy
0x11e83a	_clntraw_control
0x11e84b	_clntraw_private
0x11e85c	_callrpc_private
0x11e86d	_tcp_ops
0x11e876	_clnttcp_call
0x11e884	_clnttcp_abort
0x11e893	_clnttcp_geterr
0x11e8a3	_clnttcp_freeres
0x11e8b4	_clnttcp_destroy
0x11e8c5	_clnttcp_control
0x11e8d6	_readtcp
0x11e8df	_writetcp
0x11e8e9	_udp_ops
0x11e8f2	_clntudp_call
0x11e900	_clntudp_abort
0x11e90f	_clntudp_geterr
0x11e91f	_clntudp_freeres
0x11e930	_clntudp_destroy
0x11e941	_clntudp_control
0x11e968	__rpcdata
0x11e972	_rpcdata
0x11e97b	_interpret
0x11e986	_yellowup
0x11e990	_trytimeout
0x11e99c	_tottimeout
0x11e9a8	_MESSENGER.10
0x11e9b6	_key_call
0x11e9c0	_hostname.2
0x11e9cc	_get_hostname
0x11e9da	_encodemsg
0x11e9e5	_decodemsg
0x11ea0c	_basename
0x11ea16	_timeout
0x11ea1f	_tottimeout
0x11ea2b	_timeout
0x11ea34	_tottimeout
0x11ea40	_timeout
0x11ea49	_getbroadcastnets
0x11ea5b	_reply_dscrm
0x11ea68	_accepted
0x11ea72	_rejected
0x11ea84	_svc_head
0x11ea8e	_svc_find
0x11ea98	_svcauthsw
0x11eaa3	_server_ops
0x11eaaf	_svcraw_recv
0x11eabc	_svcraw_stat
0x11eac9	_svcraw_getargs
0x11ead9	_svcraw_reply
0x11eae7	_svcraw_freeargs
0x11eaf8	_svcraw_destroy
0x11eb08	_svcraw_private
0x11eb24	_proglst
0x11eb2d	_universal
0x11eb38	_svctcp_op
0x11eb43	_svctcp_recv
0x11eb50	_svctcp_stat
0x11eb5d	_svctcp_getargs
0x11eb6d	_svctcp_reply
0x11eb7b	_svctcp_freeargs
0x11eb8c	_svctcp_destroy
0x11eb9c	_svctcp_rendezvous_op
0x11ebb2	_rendezvous_request
0x11ebc6	_rendezvous_stat
0x11ebd7	_makefd_xprt
0x11ebe4	_wait_per_try
0x11ebf2	_readtcp
0x11ebfb	_writetcp
0x11ec05	_svcudp_op
0x11ec10	_svcudp_recv
0x11ec1d	_svcudp_stat
0x11ec2a	_svcudp_getargs
0x11ec3a	_svcudp_reply
0x11ec48	_svcudp_freeargs
0x11ec59	_svcudp_destroy
0x11ec69	_cache_set
0x11ec74	_cache_get
0x11ec7f	_authdes_cache
0x11ec8e	_cache_init
0x11ec9a	_authdes_lru
0x11eca7	_cache_victim
0x11ecb5	_cache_ref
0x11ecc0	_cache_spot
0x11eccc	_svcauthdes_stats
0x11ecde	_invalidate
0x11ecea	_xdr_zero
0x11ecf4	_crud.26
0x11ecfd	_xdrmem_ops
0x11ed09	_xdrmem_getlong
0x11ed19	_xdrmem_putlong
0x11ed29	_xdrmem_getbytes
0x11ed3a	_xdrmem_putbytes
0x11ed4b	_xdrmem_getpos
0x11ed5a	_xdrmem_setpos
0x11ed69	_xdrmem_inline
0x11ed78	_xdrmem_destroy
0x11ed88	_xdrrec_ops
0x11ed94	_xdrrec_getlong
0x11eda4	_xdrrec_putlong
0x11edb4	_xdrrec_getbytes
0x11edc5	_xdrrec_putbytes
0x11edd6	_xdrrec_getpos
0x11ede5	_xdrrec_setpos
0x11edf4	_xdrrec_inline
0x11ee03	_xdrrec_destroy
0x11ee13	_flush_out
0x11ee1e	_fill_input_buf
0x11ee2e	_get_input_bytes
0x11ee3f	_set_input_fragment
0x11ee53	_skip_input_bytes
0x11ee65	_fix_buf_size
0x11ee73	_xdrstdio_ops
0x11ee81	_xdrstdio_getlong
0x11ee93	_xdrstdio_putlong
0x11eea5	_xdrstdio_getbytes
0x11eeb8	_xdrstdio_putbytes
0x11eecb	_xdrstdio_getpos
0x11eedc	_xdrstdio_setpos
0x11eeed	_xdrstdio_inline
0x11eefe	_xdrstdio_destroy
0x11ef18	_getcount
0x11ef32	__getccl
0x11ef3b	_nofile.2
0x11ef45	_iobglue
0x11ef4e	_endglue
0x11ef57	__p_dconv
0x11ef75	_environ_pointer.72
0x11ef89	_validtz.2
0x11ef94	_cached_tz.3
0x11efa1	_sigvec__
0x11efab	_cprocs_started
0x11efbb	_cproc_lock
0x11efcf	_cproc_alloc
0x11efdc	_cproc_continue
0x11efec	_cthreads
0x11eff6	_cthread_lock
0x11f004	_cthread_needed
0x11f014	_cthread_idle
0x11f022	_n_cprocs
0x11f02c	_n_cthreads
0x11f038	_max_cprocs
0x11f044	_free_cthreads
0x11f053	_cthread_free_lock
0x11f066	_initial_cthread
0x11f077	_cthread_alloc
0x11f086	__cthread_free_callout_function
0x11f0a6	_cthread_free
0x11f0b4	_cthreads_started.8
0x11f0c8	_saved_self
0x11f0d4	_reply_port_lock
0x11f0e5	_cthread_stack_size
0x11f0f9	_next_stack_base
0x11f10a	_initial_stack_deallocated
0x11f125	_initial_stack_lock
0x11f139	_setup_stack
0x11f146	__yprequest_arms
0x11f157	__ypresponse_arms
0x11f169	_ypbind_resp_arms
0x11f17b	_tcp_timout
0x11f187	_bind_intertry
0x11f196	_bind_timeout
0x11f1a4	_ypserv_intertry
0x11f1b5	_bfvalid
0x11f1ca	_binder_port
0x11f1d7	_my_addr
0x11f1e0	_bound_domains
0x11f1ef	__default_domain
0x11f200	_default_domain
0x11f210	_mypid.12
0x11f21a	_newborn
0x11f223	_check_binding
0x11f232	_check_pmap_up
0x11f241	_check_binder_up
0x11f252	_talk2_pmap
0x11f25e	_talk2_binder
0x11f26c	_get_binder_port
0x11f27d	_load_dom_binding
0x11f28f	_talk2_server
0x11f29d	_ypsymbol_prefix
0x11f2ae	_ypsymbol_prefix_length
0x11f2c6	_v2dofirst
0x11f2d1	_v1dofirst
0x11f2dc	_v2donext
0x11f2e6	_v1donext
0x11f2f0	_v1filter
0x11f2fa	_v2domaster
0x11f306	_v1domaster
0x11f312	_detachnode
0x11f324	_freenode
0x11f32e	_makenode
0x11f338	_v2domatch
0x11f343	_v1domatch
0x11f34e	_v2doorder
0x11f359	_v1doorder
0x11f364	_bb_head
0x11f36d	_num_digits
0x11f379	___new_handler
0x11f388	_default_new_handler
0x11f39d	___clz_tab
0x11f3b6	_protoPrototype
0x11f3c6	_prototypes
0x11f3d2	_bootstrap
0x11f3dd	_freeBucketPairs
0x11f3ee	_freeBuckets
0x11f3fb	__NXHashRehash
0x11f40a	_uniqueStrings
0x11f419	_accessUniqueString
0x11f433	_zoneSize
0x11f443	_CopyIntoReadOnly
0x11f45b	_protoPrototype
0x11f46b	_prototypes
0x11f477	_mapSearch
0x11f482	_mapSearchHit
0x11f490	_mapSearchLoop
0x11f49f	_mapRehash
0x11f4aa	_mapRehashSum
0x11f4b8	__NXMapRehash
0x11f4c6	_mapInsert
0x11f4d1	_mapInsertHit
0x11f4df	_mapInsertLoop
0x11f4ee	_mapRemove
0x11f4f9	__class_uncache
0x11f509	__class_slow_grow
0x11f51b	__errNoMem
0x11f526	__errAllocNil
0x11f534	__errFreedObject
0x11f545	__errNonExistentObject
0x11f55c	__errBadSel
0x11f568	__errNotSuper
0x11f576	__errNewVars
0x11f583	_cacheUpdateLock
0x11f594	_cacheCollectionLock
0x11f5a9	_freedObjectClass
0x11f5bb	_nonexistentObjectClass
0x11f5d3	_class_getVariable
0x11f5e6	_flush_caches
0x11f5f4	_posed_class_hash
0x11f606	_posed_class_to_original_class_hash
0x11f62a	_addClassToOriginalClass
0x11f643	__objc_addOrigClass
0x11f657	__freedHandler
0x11f666	__nonexistentHandler
0x11f67b	_class_initialize
0x11f68d	_objc_malloc
0x11f69a	__cache_expand
0x11f6a9	_totalCacheFills
0x11f6ba	_objcInstrumentationFD
0x11f6d1	_objcInstrumentationOn
0x11f6e8	_traceDuplicates
0x11f6f9	_traceDuplicatesVerbose
0x11f711	_cacheFillDuplicates
0x11f726	__cache_fill
0x11f733	__cache_flush
0x11f741	_SubTypeUntil
0x11f74f	_SkipFirstType
0x11f75e	__objc_zone.174
0x11f76e	__get_pc_for_thread
0x11f782	__collecting_in_critical
0x11f79b	_garbage_byte_size
0x11f7ae	_garbage_threshold
0x11f7c1	_garbage_refs
0x11f7cf	_garbage_count
0x11f7de	_garbage_max
0x11f7eb	_first.181
0x11f7f6	__garbage_make_room
0x11f80a	__cache_collect_free
0x11f81f	__cache_print
0x11f833	__getExecHeader
0x11f843	_send_unload_message_to_class
0x11f861	_send_unload_message_to_category
0x11f882	__objc_fixup_string_objects_from_header
0x11f8aa	_objc_registerModule
0x11f8bf	_objc_unregisterModule
0x11f8d6	_loadLock
0x11f8e0	_header_vector
0x11f8ef	_header_count
0x11f8fd	_class_hash
0x11f909	_classHash
0x11f914	_classIsEqual
0x11f922	_classHashPrototype
0x11f936	__objc_defaultClassHandler
0x11f951	_objc_classHandler
0x11f964	_module_vector
0x11f973	_module_count
0x11f981	__objcTweakMethodListPointerForClass
0x11f9a6	_category_hash
0x11f9b5	__objc_resolve_categories_for_class
0x11f9d9	__objc_register_category
0x11f9f2	__objc_add_categories_from_image
0x11fa13	__headerForClass
0x11fa24	__resolveClassConflict
0x11fa3b	_pended_map_selectors_index
0x11fa57	_map_selectors_pended
0x11fa6d	_pend_map_selectors
0x11fa81	_pendingClassRefsMap
0x11fa96	_checkForPendingClassReferences
0x11fab6	__objc_get_classes_from_image
0x11fad4	__objc_fixup_string_objects_for_image
0x11fafa	__objc_map_class_refs_for_image
0x11fb1a	__objc_fixup_protocol_objects_for_image
0x11fb42	_compareHeaders
0x11fb52	_categoryMethodMap
0x11fb65	_classMethodMap
0x11fb75	__objc_registerMethodListFromCategory
0x11fb9b	__objc_registerMethodListFromClass
0x11fbbe	_rocketLaunching
0x11fbcf	_libraryNameForMachHeader
0x11fbe9	_undo_preuniqing_for_image
0x11fc04	__objc_fixup_selector_refs
0x11fc1f	_sortedRefsSize
0x11fc2f	_backrefsSectionComparator
0x11fc4a	_do_pended_map_selectors
0x11fc63	_pended_map_selectors
0x11fc79	__objc_call_loads_for_image
0x11fc95	__objc_map_image_callback
0x11fcaf	__objc_link_module_callback
0x11fccb	__objc_unlink_module_callback
0x11fce9	_sentinel
0x11fcf3	_dynamicHashTable
0x11fd05	_hashTableChain
0x11fd15	_selectorLock
0x11fd23	_objc_malloc
0x11fd30	_HASH_alloc_list.82
0x11fd44	_HASH_alloc_index.83
0x11fd59	_relativeTo
0x11fd65	_comparator
0x11fd71	_fixupEntryForSelector
0x11fd88	_selRefForFixupEntryInTable
0x11fda4	__errNoMem
0x11fdaf	__errReAllocNil
0x11fdbf	__errReAllocFreed
0x11fdd1	__errReAllocTooSmall
0x11fde6	__errShouldHaveImp
0x11fdf9	__errShouldNotImp
0x11fe0b	__errLeftUndone
0x11fe1b	__errBadSel
0x11fe27	__errDoesntRecognize
0x11fe3c	+[Object initialize]
0x11fe51	-[Object awake]
0x11fe61	+[Object poseAs:]
0x11fe73	+[Object new]
0x11fe81	+[Object alloc]
0x11fe91	+[Object allocFromZone:]
0x11feaa	-[Object init]
0x11feb9	-[Object name]
0x11fec8	+[Object name]
0x11fed7	-[Object hash]
0x11fee6	-[Object isEqual:]
0x11fef9	-[Object free]
0x11ff08	+[Object free]
0x11ff17	-[Object self]
0x11ff26	-[Object class]
0x11ff36	+[Object class]
0x11ff46	-[Object zone]
0x11ff55	+[Object superclass]
0x11ff6a	-[Object superclass]
0x11ff7f	+[Object version]
0x11ff91	+[Object setVersion:]
0x11ffa7	-[Object isKindOf:]
0x11ffbb	-[Object isMemberOf:]
0x11ffd1	-[Object isKindOfClassNamed:]
0x11ffef	-[Object isMemberOfClassNamed:]
0x12000f	+[Object instancesRespondTo:]
0x12002d	-[Object respondsTo:]
0x120043	-[Object copy]
0x120052	-[Object copyFromZone:]
0x12006a	-[Object methodFor:]
0x12007f	+[Object instanceMethodFor:]
0x12009c	-[Object perform:]
0x1200af	-[Object perform:with:]
0x1200c7	-[Object perform:with:with:]
0x1200e4	-[Object subclassResponsibility:]
0x120106	-[Object notImplemented:]
0x120120	-[Object doesNotRecognize:]
0x12013c	-[Object error:]
0x12014d	-[Object printForDebugger:]
0x120169	-[Object write:]
0x12017a	-[Object read:]
0x12018a	-[Object forward::]
0x12019e	-[Object methodArgSize:]
0x1201b7	-[Object performv::]
0x1201cc	-[Object conformsTo:]
0x1201e2	+[Object conformsTo:]
0x1201f8	-[Object descriptionForMethod:]
0x120218	+[Object descriptionForInstanceMethod:]
0x120240	+[Object superClass]
0x120255	-[Object superClass]
0x12026a	-[Object isKindOfGivenName:]
0x120287	-[Object isMemberOfGivenName:]
0x1202a6	-[Object methodDescFor:]
0x1202bf	+[Object instanceMethodDescFor:]
0x1202e0	-[Object findClass:]
0x1202f5	-[Object shouldNotImplement:]
0x120313	_fixup_classes
0x120322	+[Protocol _fixup:numElements:]
0x120342	+[Protocol load]
0x120353	-[Protocol conformsTo:]
0x12036b	-[Protocol descriptionForInstanceMethod:]
0x120395	-[Protocol descriptionForClassMethod:]
0x1203bc	-[Protocol name]
0x1203cd	-[Protocol isEqual:]
0x1203e2	-[Protocol hash]
0x1203f3	_lookup_method
0x120402	_lookup_instance_method
0x12041a	_lookup_class_method
0x12042f	_call_constructors
0x120442	_call_destructors
0x120454	_call_routines_for_section
0x12046f	_ErrorBufferSize
0x120480	_BaseAltHandlers
0x1204a4	__NXClearExceptionStack
0x1204bc	_trickyRemoveHandler
0x1204d1	_ExceptionRaiser
0x1204e2	_ErrorBuffer
0x1204ef	_ErrorBufferOffset
0x120502	_mylock.26
0x12050d	_hasTerm.2
0x120518	_hasTerminal
0x12052a	selector
0x120541	method_imp
0x120571	_isEqual
0x12057a	_freeObject
0x12058e	+[HashTable initialize]
0x1205a6	-[HashTable _initBare:::]
0x1205c0	+[HashTable _newBare:::]
0x1205d9	-[HashTable initKeyDesc:valueDesc:]
0x1205fd	-[HashTable initKeyDesc:]
0x120617	-[HashTable init]
0x120629	-[HashTable initKeyDesc:valueDesc:capacity:]
0x120656	+[HashTable newKeyDesc:valueDesc:capacity:]
0x120682	+[HashTable newKeyDesc:valueDesc:]
0x1206a5	+[HashTable newKeyDesc:]
0x1206be	+[HashTable new]
0x1206cf	-[HashTable free]
0x1206e1	-[HashTable freeObjects]
0x1206fa	-[HashTable freeKeys:values:]
0x120718	-[HashTable empty]
0x12072b	-[HashTable copyFromZone:]
0x120746	-[HashTable count]
0x120759	-[HashTable isKey:]
0x12076d	-[HashTable valueForKey:]
0x120787	-[HashTable _insertKeyNoRehash:value:]
0x1207ae	-[HashTable insertKey:value:]
0x1207cc	-[HashTable removeKey:]
0x1207e4	-[HashTable initState]
0x1207fb	-[HashTable nextState:key:value:]
0x12081d	-[HashTable write:]
0x120831	-[HashTable read:]
0x120844	_DebugPrint
0x120850	-[HashTable printForDebugger:]
0x12086f	-[HashTable _debugPrint:]
0x120889	+[List initialize]
0x12089c	-[List initCount:]
0x1208af	+[List newCount:]
0x1208c1	+[List new]
0x1208cd	-[List init]
0x1208da	-[List free]
0x1208e7	-[List freeObjects]
0x1208fb	-[List copyFromZone:]
0x120911	-[List isEqual:]
0x120922	-[List capacity]
0x120933	-[List count]
0x120941	-[List objectAt:]
0x120953	-[List indexOf:]
0x120964	-[List lastObject]
0x120977	-[List setAvailableCapacity:]
0x120995	-[List insertObject:at:]
0x1209ae	-[List addObject:]
0x1209c1	-[List addObjectIfAbsent:]
0x1209dc	-[List removeObjectAt:]
0x1209f4	-[List removeObject:]
0x120a0a	-[List removeLastObject]
0x120a23	-[List empty]
0x120a31	-[List replaceObject:with:]
0x120a4d	-[List replaceObjectAt:with:]
0x120a6b	-[List write:]
0x120a7a	-[List read:]
0x120a88	-[List makeObjectsPerform:]
0x120aa4	-[List makeObjectsPerform:with:]
0x120ac5	-[List appendList:]
0x120ad9	_warning
0x120ae2	_bundleTable
0x120aef	_mainBundleStringTableTable
0x120b0b	_classToBundle
0x120b1a	_mainBundle
0x120b26	_pathToBundle
0x120b34	-[NXBundle initForDirectory:]
0x120b52	-[NXBundle free]
0x120b63	+[NXBundle mainBundle]
0x120b7a	+[NXBundle bundleForClass:]
0x120b96	-[NXBundle directory]
0x120bac	_globalPrincipalClass
0x120bc2	_globalBundle
0x120bd0	_loadCallback
0x120bde	_bundleErrorStream
0x120bf1	+[NXBundle setErrorStream:]
0x120c0d	-[NXBundle ensureLoaded]
0x120c26	-[NXBundle classNamed:]
0x120c3e	-[NXBundle principalClass]
0x120c59	-[NXBundle setVersion:]
0x120c71	-[NXBundle version]
0x120c85	_systemHasLanguages
0x120c99	_systemLanguages
0x120caa	_getDefaultSystemLanguages
0x120cc5	_readLprojVersion
0x120cd7	_addExtension
0x120ce5	_addDirectoryEntriesTo
0x120cfc	_lprojTable.112
0x120d0c	_isFileInValidLproj
0x120d20	_getPathToNextLibraryLanguages
0x120d3f	+[NXBundle getPath:forResource:ofType:inDirectory:withVersion:]
0x120d7f	-[NXBundle getPath:forResource:ofType:]
0x120da7	+[NXBundle setSystemLanguages:]
0x120dc7	_LocalizedStringZone.123
0x120de0	-[NXBundle(Compatability) initForPath:]
0x120e08	-[NXBundle(Compatability) path]
0x120e28	+[NXBundle(Compatability) forClass:]
0x120e4d	+[NXBundle(Compatability) newFromPath:]
0x120e75	-[NXBundle(Compatability) initFromPath:]
0x120e9e	-[NXBundle(Compatability) bundlePath]
0x120ec4	-[NXBundle(Compatability) codeLoaded]
0x120eea	-[NXBundle(Compatability) firstClass]
0x120f10	-[NXBundle(Compatability) getResourcePath:forName:type:]
0x120f49	-[NXBundle(Compatability) getClass:]
0x120f6e	-[NXBundle(Compatability) classForName:]
0x120f9f	_freeObjects
0x120fac	+[NXBundle(Private) _invalidateLprojCache]
0x120fd7	-[NXCharacterSet init]
0x120fee	-[NXCharacterSet characterIsMember:]
0x121013	-[NXCharacterSet addCharacters:length:]
0x12103b	-[NXCharacterSet removeCharacters:length:]
0x121066	-[NXCharacterSet addRange::]
0x121083	-[NXCharacterSet removeRange::]
0x1210a3	-[NXCharacterSet invert]
0x1210bc	-[NXCharacterSet unionWith:]
0x1210d9	-[NXCharacterSet intersectWith:]
0x1210fa	-[NXCharacterSet copyFromZone:]
0x12111a	-[NXCharacterSet free]
0x121131	-[NXCharacterSet write:]
0x12114a	-[NXCharacterSet read:]
0x121162	-[NXMutableString(NX_BS_Extras) appendCharacters:length:]
0x12119c	-[Object(NX_BS_Extras) writeToStream:]
0x1211c3	_freeKeyAndValue
0x1211d4	-[NXPropertyList init]
0x1211eb	-[NXPropertyList free]
0x121202	-[NXPropertyList count]
0x12121a	-[NXPropertyList member:]
0x121234	-[NXPropertyList get:]
0x12124b	-[NXPropertyList insert:value:]
0x12126b	-[NXPropertyList remove:]
0x121285	-[NXPropertyList empty]
0x12129d	-[NXPropertyList initEnumeration]
0x1212bf	-[NXPropertyList enumerate:key:value:]
0x1212e6	-[NXPropertyList(Basic_IO) initFromStream:]
0x121312	-[NXPropertyList(Basic_IO) initFromPath:]
0x12133c	-[NXPropertyList(Basic_IO) writeToStream:]
0x121367	-[NXPropertyList(Basic_IO) writeToPath:safely:]
0x121397	-[NXPropertyList(Basic_IO) writeToPath:]
0x1213c0	_NXGetNonSpace
0x1213cf	_NXGetSlashedChar
0x1213e1	_readValue
0x1213ec	_writeSpaces
0x1213f9	-[NXCleanList free]
0x12140d	-[NXPropertyList(Fancy_IO) initFromStream:context:]
0x121441	-[NXPropertyList(Fancy_IO) writeToStream:context:]
0x121474	-[NXPropertyList(Fancy_IO) initFromPath:context:]
0x1214a6	-[NXCleanList(Fancy_IO) initFromStream:context:]
0x1214d7	-[NXCleanList(Fancy_IO) writeToStream:context:]
0x121507	-[NXString(Fancy_IO) initFromStream:context:]
0x121535	-[NXString(Fancy_IO) writeToStream:context:]
0x121562	_hashString
0x12156e	_isEqualString
0x12157d	_freeString
0x121589	-[NXReadOnlyString(Fancy_IO) initFromStream:context:]
0x1215bf	-[Object(Fancy_IO) writeToStream:context:]
0x1215ea	-[NXConstantString initFromCharactersNoCopy:length:]
0x12161f	-[NXConstantString copyFromZone:]
0x121641	-[NXConstantString free]
0x12165a	-[NXConstantString _reallyFree]
0x12167a	-[NXConstantString finishUnarchiving]
0x1216a0	-[NXMutableString replaceCharactersInRange:withString:]
0x1216d8	-[NXMutableString insertString:at:]
0x1216fc	-[NXMutableString appendString:]
0x12171d	-[NXMutableString deleteCharactersInRange:]
0x121749	-[NXMutableString mutableCopyFromZone:]
0x121771	-[NXMutableString immutableCopyFromZone:]
0x12179b	-[NXMutableString replaceRange:with:]
0x1217c1	-[NXMutableString replaceWith:]
0x1217e1	-[NXMutableString insert:at:]
0x1217ff	-[NXMutableString append:]
0x12181a	-[NXMutableString deleteRange:]
0x12183a	+[NXReadOnlyString alloc]
0x121854	+[NXReadOnlyString allocFromZone:]
0x121877	-[NXReadOnlyString initFromCharactersNoCopy:length:]
0x1218ac	-[NXReadOnlyString initFromCharactersNoCopy:length:freeWhenDone:]
0x1218ee	-[NXReadOnlyString allocateCharacterBuffer:]
0x12191b	-[NXReadOnlyString copyFromZone:]
0x12193d	-[NXReadOnlyString copySubstring:fromZone:]
0x121969	-[NXReadOnlyString mutableCopyFromZone:]
0x121992	-[NXReadOnlyString free]
0x1219ab	-[NXReadOnlyString finishUnarchiving]
0x1219d1	-[NXReadOnlyString write:]
0x1219ec	-[NXReadOnlyString read:]
0x121a06	-[NXReadOnlySubstring free]
0x121a22	-[NXReadWriteString initFromCharactersNoCopy:length:]
0x121a58	_emptyReadOnlyString.4
0x121a6f	-[NXReadWriteString initFromCharactersNoCopy:length:freeWhenDone:]
0x121ab2	-[NXReadWriteString length]
0x121ace	-[NXReadWriteString characterAt:]
0x121af0	-[NXReadWriteString allocateCharacterBuffer:]
0x121b1e	-[NXReadWriteString getCharacters:range:]
0x121b48	-[NXReadWriteString getCString:maxLength:range:remainingRange:]
0x121b88	-[NXReadWriteString compare:mask:table:]
0x121bb1	-[NXReadWriteString findString:range:mask:table:]
0x121be3	-[NXReadWriteString findCharacter:range:mask:table:]
0x121c18	-[NXReadWriteString findOneOf:range:mask:table:]
0x121c49	-[NXReadWriteString hash]
0x121c63	-[NXReadWriteString replaceCharactersInRange:withString:]
0x121c9d	-[NXReadWriteString copyFromZone:]
0x121cc0	-[NXReadWriteString immutableCopyFromZone:]
0x121cec	-[NXReadWriteString free]
0x121d06	-[NXReadWriteString write:]
0x121d22	-[NXReadWriteString read:]
0x121d3d	-[NXReadWriteString finishUnarchiving]
0x121d64	-[NXSimpleReadOnlyString initFromCharactersNoCopy:length:]
0x121d9f	-[NXSimpleReadOnlyString characterAt:]
0x121dc6	-[NXSimpleReadOnlyString length]
0x121de7	-[NXSimpleReadOnlyString getCharacters:range:]
0x121e16	-[NXSimpleReadOnlyString getCString:maxLength:range:remainingRange:]
0x121e5b	_simpleReadOnlyStringClass.12
0x121e79	-[NXSimpleReadOnlyString compare:mask:table:]
0x121ea7	-[NXSimpleReadOnlyString findString:range:mask:table:]
0x121ede	-[NXSimpleReadOnlyString findCharacter:range:mask:table:]
0x121f18	-[NXSimpleReadOnlyString findOneOf:range:mask:table:]
0x121f4e	-[NXSimpleReadOnlyString copySubstring:fromZone:]
0x121f80	-[NXSimpleReadOnlyString hash]
0x121f9f	-[NXSimpleReadOnlyString copyFromZone:]
0x121fc7	-[NXSimpleReadOnlyString free]
0x121fe6	-[NXSimpleReadOnlyString write:]
0x122007	-[NXSimpleReadOnlyString read:]
0x122027	_theStringZone
0x122036	_objectPrintfProc
0x122048	+[NXString initialize]
0x12205f	-[NXString allocateCharacterBuffer:]
0x122084	-[NXString initFromCharactersNoCopy:length:]
0x1220b1	-[NXString init]
0x1220c2	-[NXString initFromCharacters:length:]
0x1220e9	-[NXString initFromString:]
0x122105	-[NXString initFromString:range:]
0x122127	-[NXString initFromStream:untilOneOf:maxLength:]
0x122158	-[NXString initFromCStringStream:untilOneOf:maxLength:]
0x122190	-[NXString initFromFormat:]
0x1221ac	-[NXString initFromFormat:withArgList:]
0x1221d4	-[NXString initFromCString:]
0x1221f1	-[NXString initFromCString:length:]
0x122215	-[NXString getCString:]
0x12222d	-[NXString getCString:maxLength:]
0x12224f	-[NXString getCString:maxLength:range:remainingRange:]
0x122286	-[NXString length]
0x122299	-[NXString cStringLength]
0x1222b3	-[NXString cStringCopy]
0x1222cb	-[NXString uniqueCStringCopy]
0x1222e9	-[NXString characterAt:]
0x122302	-[NXString getCharacters:range:]
0x122323	-[NXString getCharacters:]
0x12233e	_stringClass.134
0x12234f	-[NXString isEqual:]
0x122364	-[NXString compare:]
0x122379	-[NXString compare:mask:table:]
0x122399	-[NXString findString:]
0x1223b1	-[NXString findString:range:mask:table:]
0x1223da	-[NXString findCharacter:]
0x1223f5	-[NXString findCharacter:range:mask:table:]
0x122421	-[NXString findOneOf:]
0x122438	-[NXString findOneOf:range:mask:table:]
0x122460	-[NXString hash]
0x122471	-[NXString copySubstring:]
0x12248c	-[NXString copySubstring:fromZone:]
0x1224b0	-[NXString immutableCopy]
0x1224ca	-[NXString immutableCopyFromZone:]
0x1224ed	-[NXString mutableCopy]
0x122505	-[NXString mutableCopyFromZone:]
0x122526	-[NXString writeToStream:]
0x122541	-[NXString writeCStringToStream:]
0x122563	-[NXString printForDebugger:]
0x122581	-[NXString _print]
0x122594	-[NXString initFromStream:uptoLength:orUntilOneOf:]
0x1225c8	-[NXString initFromByteStream:uptoLength:orUntilOneOf:]
0x122600	-[NXString getCString:range:]
0x12261e	-[NXString getCString:length:]
0x12263d	-[NXString getCString:length:range:]
0x122662	-[NXString compare:mask:]
0x12267c	-[NXString compare:mask:usingTable:]
0x1226a1	-[NXString find:]
0x1226b3	-[NXString find:range:]
0x1226cb	-[NXString find:mask:]
0x1226e2	-[NXString find:range:mask:usingTable:]
0x12270a	-[NXString findOneOf:range:]
0x122727	-[NXString findOneOf:mask:]
0x122743	-[NXString findOneOf:range:mask:usingTable:]
0x122770	-[NXString findCharacter:range:]
0x122791	-[NXString findCharacter:mask:]
0x1227b1	-[NXString findCharacter:range:mask:usingTable:]
0x1227e2	-[NXString createCharacterBuffer:]
0x122805	-[NXString writeBytesToStream:]
0x122825	+[NXStringTable new]
0x12283a	-[NXStringTable init]
0x122858	_freeString
0x122864	-[NXStringTable free]
0x12287a	-[NXStringTable valueForStringKey:]
0x12289e	_skipSpace
0x1228a9	_parseWord
0x1228b4	_writeWord
0x1228bf	-[NXStringTable readFromStream:]
0x1228e0	-[NXStringTable readFromFile:]
0x1228ff	+[NXStringTable newFromStream:]
0x12291f	+[NXStringTable newFromFile:]
0x12293d	-[NXStringTable writeToStream:]
0x12295d	-[NXStringTable writeToFile:]
0x12297b	_uniquedStringHashTable
0x122993	+[NXUniquedString initialize]
0x1229b1	_stringLock
0x1229bd	+[NXUniquedString newFromString:]
0x1229df	+[NXUniquedString newFromCharacters:length:]
0x122a0c	-[NXUniquedString initFromCharactersNoCopy:length:]
0x122a40	+[NXUniquedString allocFromZone:]
0x122a62	+[NXUniquedString alloc]
0x122a7b	-[NXUniquedString free]
0x122a93	-[NXUniquedString copyFromZone:]
0x122ab4	_uniquedStringClass.18
0x122acb	-[NXUniquedString isEqual:]
0x122ae7	-[NXUniquedString finishUnarchiving]
0x122b0c	+[Storage initialize]
0x122b22	+[Storage new]
0x122b31	-[Storage init]
0x122b41	-[Storage initCount:elementSize:description:]
0x122b6f	+[Storage newCount:elementSize:description:]
0x122b9c	-[Storage free]
0x122bac	-[Storage empty]
0x122bbd	-[Storage copyFromZone:]
0x122bd6	-[Storage isEqual:]
0x122bea	-[Storage setNumSlots:]
0x122c02	-[Storage setAvailableCapacity:]
0x122c23	-[Storage description]
0x122c3a	-[Storage count]
0x122c4b	-[Storage elementAt:]
0x122c61	-[Storage replace:at:]
0x122c78	-[Storage replaceElementAt:with:]
0x122c9a	-[Storage addElement:]
0x122cb1	-[Storage removeLastElement]
0x122cce	-[Storage insert:at:]
0x122ce4	-[Storage insertElement:at:]
0x122d01	-[Storage removeAt:]
0x122d16	-[Storage removeElementAt:]
0x122d32	-[Storage write:]
0x122d44	-[Storage read:]
0x122d55	+[StreamTable newKeyDesc:]
0x122d70	+[StreamTable new]
0x122d83	-[StreamTable initKeyDesc:]
0x122d9f	-[StreamTable init]
0x122db3	_freePickle
0x122dbf	_freePickleAndObject
0x122dd4	_getObject
0x122ddf	_freeObject
0x122df3	-[StreamTable free]
0x122e07	-[StreamTable freeObjects]
0x122e22	-[StreamTable valueForStreamKey:]
0x122e44	-[StreamTable insertStreamKey:value:]
0x122e6a	-[StreamTable removeStreamKey:]
0x122e8a	-[StreamTable initStreamState]
0x122ea9	-[StreamTable nextStreamState:key:value:]
0x122ed3	-[StreamTable write:]
0x122ee9	-[StreamTable read:]
0x122efe	_checkRead
0x122f09	_checkWrite
0x122f15	_checkExpected
0x122f24	_classError
0x122f30	_typeDescriptorError
0x122f45	_writeRefError
0x122f54	_sameSexAsCube
0x122f63	_inc_ptrCounter
0x122f73	_freeStrToInt
0x122f81	__NXOpenEncodingStream
0x122f98	__NXOpenDecodingStream
0x122faf	__NXEndOfCodingStream
0x122fc5	__NXCloseCodingStream
0x122fdb	__NXEncodeBytes
0x122feb	__NXDecodeBytes
0x122ffb	__NXEncodeChar
0x12300a	__NXDecodeChar
0x123019	__NXEncodeShort
0x123029	__NXDecodeShort
0x123039	__NXEncodeInt
0x123047	_FinishDecodeInt
0x123058	__NXDecodeInt
0x123066	_FloorOrZero
0x123073	__NXEncodeFloat
0x123083	__NXDecodeFloat
0x123093	__NXEncodeDouble
0x1230a4	__NXDecodeDouble
0x1230b5	__NXEncodeChars
0x1230c5	__NXDecodeChars
0x1230d5	__NXEncodeSharedString
0x1230ec	__NXDecodeSharedString
0x123103	__NXDecodeUniqueString
0x12311a	__NXEncodeShared
0x12312b	__NXEncodeString
0x12313c	__NXDecodeString
0x12314d	_skipAggregateName
0x123160	_SizeOfType
0x12316c	_WriteValue
0x123178	_ReadValue
0x123183	_InternalWriteObject
0x123198	_InternalReadObject
0x1231ac	_RealSuperClass
0x1231bc	_NXWriteClass
0x1231ca	_NXReadClass
0x123237	_server_loop
0x123244	_get_or_start_debug_thread
0x12325f	_make_dyld_image_data_writable
0x12327e	_get_dyld_data
0x12328d	_task_suspend_threads
0x1232a3	_task_resume_threads
0x1232b8	_translate_port
0x1232c8	_thread_start
0x1232d6	_thread_setup
0x1232e4	__dyld_event_server_callback
0x123301	_dyld_debug_MsgError
0x123316	_inconsistent_data_okType.2
0x123332	_nameType.3
0x12333e	_RetCodeCheck.4
0x12334e	__dyld_debug_defining_moduleCheck.5
0x123372	_moduleCheck.6
0x123381	_inconsistent_data_okType.9
0x12339d	_moduleType.10
0x1233ac	_RetCodeCheck.11
0x1233bd	__dyld_debug_is_module_boundCheck.12
0x1233e2	_boundCheck.13
0x1233f1	_inconsistent_data_okType.16
0x12340e	_moduleType.17
0x12341d	_RetCodeCheck.18
0x12342e	__dyld_debug_bind_moduleCheck.19
0x12344f	_inconsistent_data_okType.22
0x12346c	_subscriberType.23
0x12347f	_RetCodeCheck.24
0x123490	_inconsistent_data_okType.27
0x1234ad	_moduleType.28
0x1234bc	_RetCodeCheck.29
0x1234cd	__dyld_debug_module_nameCheck.30
0x1234ee	_RetCodeCheck.33
0x1234ff	__dyld_debug_monoutputCheck.34
0x12351e	_user_dyld_debug_add_event_subscriber
0x123544	_user_dyld_debug_bind_module
0x123561	_user_dyld_debug_defining_module
0x123582	_user_dyld_debug_is_module_bound
0x1235a3	_user_dyld_debug_module_name
0x1235c0	_user_dyld_debug_monoutput
0x1235db	_eventCheck.2
0x1235e9	__X_dyld_event_server_callback
0x123608	_RetCodeType.5
0x123617	_routines.6
0x123623	__dyld_event_server
0x123674	_names_match
0x123681	_ofi_error_printing_mutex
0x12369b	_thread_printing_error
0x1236b2	_ofi_alloc_mutex
0x1236c3	_ofi_lists
0x1236ce	_NXArgv_pointer.96
0x1236e1	_NXArgv_pointer.99
0x1236f4	_ofi_alloc
0x1236ff	_ofi_free
0x123709	_ofi_valid
0x123723	_my_mach_error
0x123739	_progname
0x123743	_savestr
0x12374c	_system_error
0x123762	_ofile_specific_arch
0x123777	_check_fat
0x123782	_check_fat_object_in_archive
0x12379f	_check_archive
0x1237ae	_check_Mach_O
0x1237bc	_archive_error
0x1237cb	_archive_member_error
0x1237e1	_Mach_O_error
0x1237ef	_ofile_map
0x1237fa	_ofile_unmap
0x123807	_ofile_first_arch
0x123819	_ofile_first_member
0x12382d	_ofile_first_module
0x123841	_ofile_next_arch
0x123852	_ofile_next_member
0x123865	_ofile_next_module
0x123878	_ofile_specific_member
0x12388f	_ofile_specific_module
0x1238a6	_size_ar_name
0x1238b4	_arch_flags
0x1238c0	_get_arch_from_host
0x1238d4	_get_arch_family_from_cputype
0x1238f2	_get_arch_flags
0x123902	_get_arch_from_flag
0x123916	_get_arch_name_from_types
0x123930	_get_byte_sex_from_flag
0x123948	_get_host_byte_sex
0x12395b	_swap_dylib_command
0x12396f	_swap_dylib_module
0x123982	_swap_dylinker_command
0x123999	_swap_dysymtab_command
0x1239b0	_swap_fvmlib_command
0x1239c5	_swap_hppa_fp_thread_state
0x1239e0	_swap_hppa_frame_thread_state
0x1239fe	_swap_hppa_integer_thread_state
0x123a1e	_swap_i386_thread_cthreadstate
0x123a3d	_swap_i386_thread_exceptstate
0x123a5b	_swap_i386_thread_fpstate
0x123a75	_swap_i386_thread_state
0x123a8d	_swap_i860_thread_state_regs
0x123aaa	_swap_ident_command
0x123abe	_swap_load_command
0x123ad1	_swap_m68k_thread_state_68882
0x123aef	_swap_m68k_thread_state_regs
0x123b0c	_swap_m68k_thread_state_user_reg
0x123b2d	_swap_m88110_thread_state_impl_t
0x123b4e	_swap_m88k_thread_state_grf_t
0x123b6c	_swap_m88k_thread_state_user_t
0x123b8b	_swap_m88k_thread_state_xrf_t
0x123ba9	_swap_m98k_thread_state_grf_t
0x123bc7	_swap_mach_header
0x123bd9	_swap_prebound_dylib_command
0x123bf6	_swap_section
0x123c04	_swap_segment_command
0x123c1a	_swap_sparc_thread_state_fpu
0x123c37	_swap_sparc_thread_state_regs
0x123c55	_swap_symseg_command
0x123c6a	_swap_symtab_command
0x123c7f	_swap_thread_command
0x123c94	_SWAP_DOUBLE
0x123ca1	_SWAP_FLOAT
0x123cad	_swap_dylib_reference
0x123cc3	_swap_dylib_table_of_contents
0x123ce1	_swap_fat_arch
0x123cf0	_swap_fat_header
0x123d01	_swap_fvmfile_command
0x123d17	_swap_indirect_symbols
0x123d2e	_swap_nlist
0x123d3a	_swap_ranlib
0x123d47	_swap_relocation_info
0x123d64	_set_arch_flag_name
0x123d7e	_eventCheck.2
0x123d8c	__X_dyld_event_server_callback
0x123dab	_RetCodeType.5
0x123dba	_routines.6
0x123dc6	__dyld_event_server_callback
0x123de3	__mh_dylib_header
