index	value	name	type	section	description	debug	defined_external
0	0xf0006608	.div	0xf	1	0	0	1
1	0xf00063e4	.mul	0xf	1	0	0	1
2	0x0	.objc_category_name_EventDriver_Input	0x3	0	0	0	1
3	0x0	.objc_category_name_IOAudio_Private	0x3	0	0	0	1
4	0x0	.objc_category_name_IOBufDevice_ProxyForSubclass	0x3	0	0	0	1
5	0x0	.objc_category_name_IOConfigTable_KernelPrivate	0x3	0	0	0	1
6	0x0	.objc_category_name_IODeviceDescription_IOInterrupt	0x3	0	0	0	1
7	0x0	.objc_category_name_IODeviceDescription_IOMemory	0x3	0	0	0	1
8	0x0	.objc_category_name_IODeviceDescription_Private	0x3	0	0	0	1
9	0x0	.objc_category_name_IODevice_GlobalParameter	0x3	0	0	0	1
10	0x0	.objc_category_name_IODevice_Internal	0x3	0	0	0	1
11	0x0	.objc_category_name_IODevice_kernelPrivate	0x3	0	0	0	1
12	0x0	.objc_category_name_IODirectDevice_IOInterrupts	0x3	0	0	0	1
13	0x0	.objc_category_name_IODirectDevice_IOMemory	0x3	0	0	0	1
14	0x0	.objc_category_name_IODirectDevice_IOSPARCDirectDevice	0x3	0	0	0	1
15	0x0	.objc_category_name_IODirectDevice_InterruptPrivate	0x3	0	0	0	1
16	0x0	.objc_category_name_IODirectDevice_Private	0x3	0	0	0	1
17	0x0	.objc_category_name_IODirectDevice_SPARCPrivate	0x3	0	0	0	1
18	0x0	.objc_category_name_IODiskPartition_Private	0x3	0	0	0	1
19	0x0	.objc_category_name_IODisk_kernelDiskMethods	0x3	0	0	0	1
20	0x0	.objc_category_name_IODisk_kernelDiskMethodsPrivate	0x3	0	0	0	1
21	0x0	.objc_category_name_IOEthernet_EthernetDebugger	0x3	0	0	0	1
22	0x0	.objc_category_name_IOEthernet_PrivateMethods	0x3	0	0	0	1
23	0x0	.objc_category_name_IOLogicalDisk_private	0x3	0	0	0	1
24	0x0	.objc_category_name_IOSCSIController_private	0x3	0	0	0	1
25	0x0	.objc_category_name_IOTokenRing_PrivateMethods	0x3	0	0	0	1
26	0x0	.objc_category_name_KernBusItemResource_Private	0x3	0	0	0	1
27	0x0	.objc_category_name_KernBusRangeResource_Private	0x3	0	0	0	1
28	0x0	.objc_category_name_KernBusRange_Private	0x3	0	0	0	1
29	0x0	.objc_category_name_KernBus_Private	0x3	0	0	0	1
30	0x0	.objc_category_name_KernDeviceDescription_Parsing	0x3	0	0	0	1
31	0x0	.objc_category_name_KernDevice_Private	0x3	0	0	0	1
32	0x0	.objc_category_name_SCSIDisk_Private	0x3	0	0	0	1
33	0x0	.objc_category_name_SCSIDisk_Thread	0x3	0	0	0	1
34	0x0	.objc_category_name_SCSIGeneric_Private	0x3	0	0	0	1
35	0x0	.objc_category_name_kmDevice_KmGraphics	0x3	0	0	0	1
36	0x0	.objc_class_name_AudioChannel	0x3	0	0	0	1
37	0x0	.objc_class_name_AudioCommand	0x3	0	0	0	1
38	0x0	.objc_class_name_AudioStream	0x3	0	0	0	1
39	0x0	.objc_class_name_DriverCmd	0x3	0	0	0	1
40	0x0	.objc_class_name_DriverCmdtr	0x3	0	0	0	1
41	0x0	.objc_class_name_EventDriver	0x3	0	0	0	1
42	0x0	.objc_class_name_EventSrcPCKeyboard	0x3	0	0	0	1
43	0x0	.objc_class_name_EventSrcPCPointer	0x3	0	0	0	1
44	0x0	.objc_class_name_HashTable	0x3	0	0	0	1
45	0x0	.objc_class_name_IOAudio	0x3	0	0	0	1
46	0x0	.objc_class_name_IOBufDevice	0x3	0	0	0	1
47	0x0	.objc_class_name_IOConfigTable	0x3	0	0	0	1
48	0x0	.objc_class_name_IODevice	0x3	0	0	0	1
49	0x0	.objc_class_name_IODeviceDescription	0x3	0	0	0	1
50	0x0	.objc_class_name_IODirectDevice	0x3	0	0	0	1
51	0x0	.objc_class_name_IODisk	0x3	0	0	0	1
52	0x0	.objc_class_name_IODiskPartition	0x3	0	0	0	1
53	0x0	.objc_class_name_IODisplay	0x3	0	0	0	1
54	0x0	.objc_class_name_IOEthernet	0x3	0	0	0	1
55	0x0	.objc_class_name_IOEventSource	0x3	0	0	0	1
56	0x0	.objc_class_name_IOFrameBufferDisplay	0x3	0	0	0	1
57	0x0	.objc_class_name_IOLogicalDisk	0x3	0	0	0	1
58	0x0	.objc_class_name_IONetbufQueue	0x3	0	0	0	1
59	0x0	.objc_class_name_IONetwork	0x3	0	0	0	1
60	0x0	.objc_class_name_IOSCSIController	0x3	0	0	0	1
61	0x0	.objc_class_name_IOSPARCDeviceDescription	0x3	0	0	0	1
62	0x0	.objc_class_name_IOTokenRing	0x3	0	0	0	1
63	0x0	.objc_class_name_InputStream	0x3	0	0	0	1
64	0x0	.objc_class_name_KernBus	0x3	0	0	0	1
65	0x0	.objc_class_name_KernBusInterrupt	0x3	0	0	0	1
66	0x0	.objc_class_name_KernBusItem	0x3	0	0	0	1
67	0x0	.objc_class_name_KernBusItemResource	0x3	0	0	0	1
68	0x0	.objc_class_name_KernBusMemoryRange	0x3	0	0	0	1
69	0x0	.objc_class_name_KernBusMemoryRangeMapping	0x3	0	0	0	1
70	0x0	.objc_class_name_KernBusRange	0x3	0	0	0	1
71	0x0	.objc_class_name_KernBusRangeMapping	0x3	0	0	0	1
72	0x0	.objc_class_name_KernBusRangeResource	0x3	0	0	0	1
73	0x0	.objc_class_name_KernDevice	0x3	0	0	0	1
74	0x0	.objc_class_name_KernDeviceDescription	0x3	0	0	0	1
75	0x0	.objc_class_name_KernDeviceInterrupt	0x3	0	0	0	1
76	0x0	.objc_class_name_KernLock	0x3	0	0	0	1
77	0x0	.objc_class_name_KernStringList	0x3	0	0	0	1
78	0x0	.objc_class_name_KeyMap	0x3	0	0	0	1
79	0x0	.objc_class_name_List	0x3	0	0	0	1
80	0x0	.objc_class_name_NXConditionLock	0x3	0	0	0	1
81	0x0	.objc_class_name_NXLock	0x3	0	0	0	1
82	0x0	.objc_class_name_NXSpinLock	0x3	0	0	0	1
83	0x0	.objc_class_name_Object	0x3	0	0	0	1
84	0x0	.objc_class_name_OutputStream	0x3	0	0	0	1
85	0x0	.objc_class_name_PCPointer	0x3	0	0	0	1
86	0x0	.objc_class_name_Protocol	0x3	0	0	0	1
87	0x0	.objc_class_name_SCSIDisk	0x3	0	0	0	1
88	0x0	.objc_class_name_SCSIGeneric	0x3	0	0	0	1
89	0x0	.objc_class_name_SPARCKernBus	0x3	0	0	0	1
90	0x0	.objc_class_name_SPARCKernBusInterrupt	0x3	0	0	0	1
91	0x0	.objc_class_name_SPARCKernDeviceDescription	0x3	0	0	0	1
92	0x0	.objc_class_name_SUNMouse	0x3	0	0	0	1
93	0x0	.objc_class_name_TYPE5Keyboard	0x3	0	0	0	1
94	0x0	.objc_class_name_kmDevice	0x3	0	0	0	1
95	0xf00068a8	.rem	0xf	1	0	0	1
96	0xf0006b80	.stret2	0xf	1	0	0	1
97	0xf0006b40	.stret4	0xf	1	0	0	1
98	0xf0006b40	.stret8	0xf	1	0	0	1
99	0xf0006600	.udiv	0xf	1	0	0	1
100	0xf0006500	.umul	0xf	1	0	0	1
101	0xf00068a0	.urem	0xf	1	0	0	1
102	0xf012ef1c	_AudioIn_dmaBuf	0xf	4	0	0	1
103	0xf012ef18	_AudioIn_dmaCount	0xf	4	0	0	1
104	0xf012ef14	_AudioIn_dmaSize	0xf	4	0	0	1
105	0xf012ef28	_AudioOut_dmaBuf	0xf	4	0	0	1
106	0xf012ef24	_AudioOut_dmaCount	0xf	4	0	0	1
107	0xf012ef20	_AudioOut_dmaSize	0xf	4	0	0	1
108	0xf00bde90	_BasicAllocateConsole	0xf	1	0	0	1
109	0xf011931c	_Cpudelay	0xf	4	0	0	1
110	0xfff00000	_DVMA	0x3	0	0	0	1
111	0xf00bd598	_DoAlert	0xf	1	0	0	1
112	0xf00bc878	_DoRestore	0xf	1	0	0	1
113	0xf00d5524	_EvClose	0xf	1	0	0	1
114	0xf00d55cc	_EvFrameBufferDevicePort	0xf	1	0	0	1
115	0xf00d5378	_EvGetParameterChar	0xf	1	0	0	1
116	0xf00d5318	_EvGetParameterInt	0xf	1	0	0	1
117	0xf00d5590	_EvMapEventShmem	0xf	1	0	0	1
118	0xf00d54f0	_EvOpen	0xf	1	0	0	1
119	0xf00d5464	_EvSetParameterChar	0xf	1	0	0	1
120	0xf00d53d8	_EvSetParameterInt	0xf	1	0	0	1
121	0xf00d5558	_EvSetSpecialKeyPort	0xf	1	0	0	1
122	0xf00d5608	_EventCoalesceDisplayCmd	0xf	1	0	0	1
123	0xf00e2d6c	_Event_server	0xf	1	0	0	1
124	0xf00bef18	_FBAllocateConsole	0xf	1	0	0	1
125	0xf00bdcf0	_FPMsg	0xf	1	0	0	1
126	0xf00f4d30	_IFCONTROL_ADDMULTICAST	0xf	2	0	0	1
127	0xf00f4cf0	_IFCONTROL_AUTOADDR	0xf	2	0	0	1
128	0xf00f4ce8	_IFCONTROL_GETADDR	0xf	2	0	0	1
129	0xf00f4d20	_IFCONTROL_RCVPROMISCOFF	0xf	2	0	0	1
130	0xf00f4d10	_IFCONTROL_RCVPROMISCUOUS	0xf	2	0	0	1
131	0xf00f4d40	_IFCONTROL_RMVMULTICAST	0xf	2	0	0	1
132	0xf00f4ce0	_IFCONTROL_SETADDR	0xf	2	0	0	1
133	0xf00f4cd0	_IFCONTROL_SETFLAGS	0xf	2	0	0	1
134	0xf00f4d00	_IFCONTROL_UNIXIOCTL	0xf	2	0	0	1
135	0xf00cac74	_IOAddToBdevsw	0xf	1	0	0	1
136	0xf00cab88	_IOAddToBdevswAt	0xf	1	0	0	1
137	0xf00caec0	_IOAddToCdevsw	0xf	1	0	0	1
138	0xf00cadb8	_IOAddToCdevswAt	0xf	1	0	0	1
139	0xf00cb0b8	_IOAddToVfssw	0xf	1	0	0	1
140	0xf00cb04c	_IOAddToVfsswAt	0xf	1	0	0	1
141	0xf00c6238	_IOAlignmentToSize	0xf	1	0	0	1
142	0xf00ca2a8	_IOConvertPort	0xf	1	0	0	1
143	0xf00c5f5c	_IOCopyMemory	0xf	1	0	0	1
144	0xf00f978c	_IODMAStatusStrings	0xf	2	0	0	1
145	0xf00c5fec	_IODelay	0xf	1	0	0	1
146	0xf008ecac	_IODisableInterrupt	0xf	1	0	0	1
147	0xf008ec70	_IOEnableInterrupt	0xf	1	0	0	1
148	0xf00ca21c	_IOExitThread	0xf	1	0	0	1
149	0xf00c6138	_IOFindNameForValue	0xf	1	0	0	1
150	0xf00c619c	_IOFindValueForName	0xf	1	0	0	1
151	0xf00ca0c0	_IOForkThread	0xf	1	0	0	1
152	0xf00c5f44	_IOFree	0xf	1	0	0	1
153	0xf00ca294	_IOGetKernPort	0xf	1	0	0	1
154	0xf00c4620	_IOGetObjectForDeviceName	0xf	1	0	0	1
155	0xf00c60dc	_IOGetTimestamp	0xf	1	0	0	1
156	0xf00ca390	_IOHostPrivSelf	0xf	1	0	0	1
157	0xf00ca080	_IOInitGeneralFuncs	0xf	1	0	0	1
158	0xf00c60f4	_IOLog	0xf	1	0	0	1
159	0xf00c5f30	_IOMalloc	0xf	1	0	0	1
160	0xf00ca3d0	_IOMapPhysicalIntoIOTask	0xf	1	0	0	1
161	0xf00c6124	_IOPanic	0xf	1	0	0	1
162	0xf00ca3a4	_IOPhysicalFromVirtual	0xf	1	0	0	1
163	0xf00cad5c	_IORemoveFromBdevsw	0xf	1	0	0	1
164	0xf00cafc0	_IORemoveFromCdevsw	0xf	1	0	0	1
165	0xf00cb170	_IORemoveFromVfssw	0xf	1	0	0	1
166	0xf00ca208	_IOResumeThread	0xf	1	0	0	1
167	0xf012ee30	_IOSCSIOpcodeStrings	0xf	4	0	0	1
168	0xf012edd0	_IOSCSISenseStrings	0xf	4	0	0	1
169	0xf012ed00	_IOScStatusStrings	0xf	4	0	0	1
170	0xf00c6000	_IOScheduleFunc	0xf	1	0	0	1
171	0xf008ecec	_IOSendInterrupt	0xf	1	0	0	1
172	0xf00ca1a8	_IOSetThreadPolicy	0xf	1	0	0	1
173	0xf00ca16c	_IOSetThreadPriority	0xf	1	0	0	1
174	0xf00ca268	_IOSetUNIXError	0xf	1	0	0	1
175	0xf00c61fc	_IOSizeToAlignment	0xf	1	0	0	1
176	0xf00c5f7c	_IOSleep	0xf	1	0	0	1
177	0xf00ca1f4	_IOSuspendThread	0xf	1	0	0	1
178	0xf013d9b0	_IOTask	0xf	6	0	0	1
179	0xf00ca280	_IOTaskGetPort	0xf	1	0	0	1
180	0xf013d9b8	_IOTask_kern	0xf	6	0	0	1
181	0xf00ca468	_IOUnmapPhysicalFromIOTask	0xf	1	0	0	1
182	0xf00c60c4	_IOUnscheduleFunc	0xf	1	0	0	1
183	0xf00ca254	_IOVmTaskCurrent	0xf	1	0	0	1
184	0xf00ca358	_IOVmTaskForBuf	0xf	1	0	0	1
185	0xf00ca240	_IOVmTaskSelf	0xf	1	0	0	1
186	0xf008e338	_KernBusInterruptDispatch	0xf	1	0	0	1
187	0xf008e400	_KernBusInterruptResume	0xf	1	0	0	1
188	0xf008e3c0	_KernBusInterruptSuspend	0xf	1	0	0	1
189	0xf008ec28	_KernDeviceInterruptDispatch	0xf	1	0	0	1
190	0xf008ec48	_KernDeviceInterruptDispatchShared	0xf	1	0	0	1
191	0xf008ebd0	_KernDeviceInterruptMsgRelease	0xf	1	0	0	1
192	0xf008c95c	_KernLockAcquire	0xf	1	0	0	1
193	0xf008c9a0	_KernLockRelease	0xf	1	0	0	1
194	0xf012f110	_KernelZone	0xf	4	0	0	1
195	0xf010cd80	_MAXCLIENTS	0xf	4	0	0	1
196	0xf012112c	_MS_BUF_BYTES	0xf	4	0	0	1
197	0xf0121130	_MS_DEBUG	0xf	4	0	0	1
198	0xf00c1fe8	_MouseIntHandler	0xf	1	0	0	1
199	0xf00f4ff8	_NSPanel	0xf	2	0	0	1
200	0xf00ecf70	_NXAllocErrorData	0xf	1	0	0	1
201	0xf013d9a8	_NXArgv	0xf	6	0	0	1
202	0xf00ed4bc	_NXCompareHashTables	0xf	1	0	0	1
203	0xf00ee638	_NXCompareMapTables	0xf	1	0	0	1
204	0xf00ed548	_NXCopyHashTable	0xf	1	0	0	1
205	0xf00ee30c	_NXCopyStringBuffer	0xf	1	0	0	1
206	0xf00ee2e0	_NXCopyStringBufferFromZone	0xf	1	0	0	1
207	0xf00ed5e4	_NXCountHashTable	0xf	1	0	0	1
208	0xf00ee6b4	_NXCountMapTable	0xf	1	0	0	1
209	0xf00ed164	_NXCreateHashTable	0xf	1	0	0	1
210	0xf00ed1ac	_NXCreateHashTableFromZone	0xf	1	0	0	1
211	0xf00ee570	_NXCreateMapTable	0xf	1	0	0	1
212	0xf00ee3f4	_NXCreateMapTableFromZone	0xf	1	0	0	1
213	0xf00f0b64	_NXCreateZone	0xf	1	0	0	1
214	0xf00ece2c	_NXDefaultExceptionRaiser	0xf	1	0	0	1
215	0xf00f0b4c	_NXDefaultMallocZone	0xf	1	0	0	1
216	0xf00ed3f8	_NXEmptyHashTable	0xf	1	0	0	1
217	0xf008c328	_NXFlush	0xf	1	0	0	1
218	0xf00ed3d0	_NXFreeHashTable	0xf	1	0	0	1
219	0xf00ee5b4	_NXFreeMapTable	0xf	1	0	0	1
220	0xf00ecdf4	_NXGetExceptionRaiser	0xf	1	0	0	1
221	0xf00ed6bc	_NXHashGet	0xf	1	0	0	1
222	0xf00ed878	_NXHashInsert	0xf	1	0	0	1
223	0xf00eda0c	_NXHashInsertIfAbsent	0xf	1	0	0	1
224	0xf00ed5ec	_NXHashMember	0xf	1	0	0	1
225	0xf00edb9c	_NXHashRemove	0xf	1	0	0	1
226	0xf00edde4	_NXInitHashState	0xf	1	0	0	1
227	0xf00eefb0	_NXInitMapState	0xf	1	0	0	1
228	0xf00ed430	_NXIsEqualHashTable	0xf	1	0	0	1
229	0xf00ee830	_NXMapGet	0xf	1	0	0	1
230	0xf00eea94	_NXMapInsert	0xf	1	0	0	1
231	0xf00ee6bc	_NXMapMember	0xf	1	0	0	1
232	0xf00eed18	_NXMapRemove	0xf	1	0	0	1
233	0xf00f0b70	_NXNameZone	0xf	1	0	0	1
234	0xf00ede10	_NXNextHashState	0xf	1	0	0	1
235	0xf00eefb8	_NXNextMapState	0xf	1	0	0	1
236	0xf00edfac	_NXNoEffectFree	0xf	1	0	0	1
237	0xf00f0ae8	_NXObjectMapPrototype	0xf	1	0	0	1
238	0xf008c334	_NXPrintf	0xf	1	0	0	1
239	0xf00ede9c	_NXPtrHash	0xf	1	0	0	1
240	0xf00edf28	_NXPtrIsEqual	0xf	1	0	0	1
241	0xf00f0a88	_NXPtrPrototype	0xf	1	0	0	1
242	0xf00f0aa8	_NXPtrStructKeyPrototype	0xf	1	0	0	1
243	0xf00f0ac8	_NXPtrValueMapPrototype	0xf	1	0	0	1
244	0xf00edfb4	_NXReallyFree	0xf	1	0	0	1
245	0xf00ed004	_NXResetErrorData	0xf	1	0	0	1
246	0xf00ed414	_NXResetHashTable	0xf	1	0	0	1
247	0xf00ee5d8	_NXResetMapTable	0xf	1	0	0	1
248	0xf00ecde8	_NXSetExceptionRaiser	0xf	1	0	0	1
249	0xf00edea8	_NXStrHash	0xf	1	0	0	1
250	0xf00edf38	_NXStrIsEqual	0xf	1	0	0	1
251	0xf00f0a98	_NXStrPrototype	0xf	1	0	0	1
252	0xf00f0ab8	_NXStrStructKeyPrototype	0xf	1	0	0	1
253	0xf00f0ad8	_NXStrValueMapPrototype	0xf	1	0	0	1
254	0xf00ee140	_NXUniqueString	0xf	1	0	0	1
255	0xf00ee204	_NXUniqueStringNoCopy	0xf	1	0	0	1
256	0xf00ee280	_NXUniqueStringWithLength	0xf	1	0	0	1
257	0xf00f0b78	_NXZoneCalloc	0xf	1	0	0	1
258	0xf00f0b58	_NXZoneFromPtr	0xf	1	0	0	1
259	0xf013e158	_Nel1ptbls	0xf	6	0	0	1
260	0xf013e160	_Nl1ptbl_addr	0xf	6	0	0	1
261	0xf013e168	_Nl1ptbls	0xf	6	0	0	1
262	0xf00c0a30	_PCPatoi	0xf	1	0	0	1
263	0xf00948ac	_PMConnect	0xf	1	0	0	1
264	0xf00948c0	_PMDisconnect	0xf	1	0	0	1
265	0xf00948ec	_PMGetPowerEvent	0xf	1	0	0	1
266	0xf0094900	_PMGetPowerStatus	0xf	1	0	0	1
267	0xf0094928	_PMRestoreDefaults	0xf	1	0	0	1
268	0xf00948cc	_PMSetCpuState	0xf	1	0	0	1
269	0xf009491c	_PMSetPowerManagement	0xf	1	0	0	1
270	0xf00948d8	_PMSetPowerState	0xf	1	0	0	1
271	0xf0094934	_PMUpdateClock	0xf	1	0	0	1
272	0xf0121448	_ResetDebug	0xf	4	0	0	1
273	0xf013ac60	_Rpccnt	0xf	6	0	0	1
274	0xf0097500	_SMbuf_syncmode	0xf	1	0	0	1
275	0xf00c4310	_SPARCKernBusInterruptDispatch	0xf	1	0	0	1
276	0xf011c414	_SPLMB	0xf	4	0	0	1
277	0xf002a91c	_SRHash	0xf	1	0	0	1
278	0xf002a948	_SRIsEqual	0xf	1	0	0	1
279	0xf00f4c98	_SRTablePrototype	0xf	2	0	0	1
280	0xf010ddfc	_Sendok	0xf	4	0	0	1
281	0xf010ddf8	_Sendtries	0xf	4	0	0	1
282	0xf00e6a28	_Sparc_Framebuffer_Map	0xf	1	0	0	1
283	0xf00c1d04	_TYPE5StealKeyEvent	0xf	1	0	0	1
284	0xf00f8878	_Times_Italic_14	0xf	2	0	0	1
285	0xf002a228	_VENIP_ENADDRP	0xf	1	0	0	1
286	0xf002a23c	_VENIP_IPADDR	0xf	1	0	0	1
287	0xf002a214	_VENIP_PRIVATE	0xf	1	0	0	1
288	0xf002a254	_VENIP_RIF	0xf	1	0	0	1
289	0xf00c625c	__IOCopyMemory	0xf	1	0	0	1
290	0xf008ddf0	__KernBusMemoryCreateMapping	0xf	1	0	0	1
291	0xf00ecb4c	__NXAddAltHandler	0xf	1	0	0	1
292	0xf00ecd2c	__NXAddHandler	0xf	1	0	0	1
293	0xf00de230	__NXAudioAddStream	0xf	1	0	0	1
294	0xf00de814	__NXAudioChangeStreamOwner	0xf	1	0	0	1
295	0xf00de1ac	__NXAudioControlStreams	0xf	1	0	0	1
296	0xf00de0a4	__NXAudioGetBufferOptions	0xf	1	0	0	1
297	0xf00df0e4	__NXAudioGetChannelCountLimit	0xf	1	0	0	1
298	0xf00de3dc	__NXAudioGetClipCount	0xf	1	0	0	1
299	0xf00df09c	__NXAudioGetDataEncodings	0xf	1	0	0	1
300	0xf00dee38	__NXAudioGetDeviceName	0xf	1	0	0	1
301	0xf00defb0	__NXAudioGetDeviceParameterValues	0xf	1	0	0	1
302	0xf00def18	__NXAudioGetDeviceParameters	0xf	1	0	0	1
303	0xf00de370	__NXAudioGetDevicePeak	0xf	1	0	0	1
304	0xf00de2ac	__NXAudioGetDevicePeakOptions	0xf	1	0	0	1
305	0xf00def64	__NXAudioGetDeviceSupportedParameters	0xf	1	0	0	1
306	0xf00de040	__NXAudioGetExclusiveUser	0xf	1	0	0	1
307	0xf00df00c	__NXAudioGetSamplingRates	0xf	1	0	0	1
308	0xf00de410	__NXAudioGetSndoutOptions	0xf	1	0	0	1
309	0xf00de698	__NXAudioGetSpeaker	0xf	1	0	0	1
310	0xf00df23c	__NXAudioGetStreamParameterValues	0xf	1	0	0	1
311	0xf00df18c	__NXAudioGetStreamParameters	0xf	1	0	0	1
312	0xf00deb88	__NXAudioGetStreamPeak	0xf	1	0	0	1
313	0xf00df1e4	__NXAudioGetStreamSupportedParameters	0xf	1	0	0	1
314	0xf00de9c4	__NXAudioPlayStream	0xf	1	0	0	1
315	0xf00ded9c	__NXAudioPlayStreamData	0xf	1	0	0	1
316	0xf00dec00	__NXAudioRecordStream	0xf	1	0	0	1
317	0xf00dedec	__NXAudioRecordStreamData	0xf	1	0	0	1
318	0xf00de984	__NXAudioRemoveStream	0xf	1	0	0	1
319	0xf00e4d7c	__NXAudioReplyRecordedData	0xf	1	0	0	1
320	0xf00e4cf0	__NXAudioReplyStreamStatus	0xf	1	0	0	1
321	0xf00de114	__NXAudioSetBufferOptions	0xf	1	0	0	1
322	0xf00dee98	__NXAudioSetDeviceParameters	0xf	1	0	0	1
323	0xf00de2fc	__NXAudioSetDevicePeakOptions	0xf	1	0	0	1
324	0xf00de074	__NXAudioSetExclusiveUser	0xf	1	0	0	1
325	0xf00de524	__NXAudioSetSndoutOptions	0xf	1	0	0	1
326	0xf00de708	__NXAudioSetSpeaker	0xf	1	0	0	1
327	0xf00de7a0	__NXAudioSetStreamGain	0xf	1	0	0	1
328	0xf00df128	__NXAudioSetStreamParameters	0xf	1	0	0	1
329	0xf00deb30	__NXAudioSetStreamPeakOptions	0xf	1	0	0	1
330	0xf00de84c	__NXAudioStreamControl	0xf	1	0	0	1
331	0xf00de94c	__NXAudioStreamInfo	0xf	1	0	0	1
332	0xf00f0948	__NXLogError	0xf	1	0	0	1
333	0xf00ece00	__NXRaiseError	0xf	1	0	0	1
334	0xf00ecc90	__NXRemoveAltHandler	0xf	1	0	0	1
335	0xf00ecd94	__NXRemoveHandler	0xf	1	0	0	1
336	0xf013fbf8	__NXUncaughtExceptionHandler	0xf	6	0	0	1
337	0xf00f0900	___objc_error	0xf	1	0	0	1
338	0xf012f0e8	__alloc	0xf	4	0	0	1
339	0xf00053ec	__ashldi3	0xf	1	0	0	1
340	0xf0005438	__ashrdi3	0xf	1	0	0	1
341	0xf0044c68	__authenticate	0xf	1	0	0	1
342	0xf00efdc8	__cache_create	0xf	1	0	0	1
343	0xf00efad4	__class_install_relationships	0xf	1	0	0	1
344	0xf00f0244	__class_lookupMethodAndLoadCache	0xf	1	0	0	1
345	0xf00ef608	__class_removeProtocols	0xf	1	0	0	1
346	0xf0005e1c	__cmpdi2	0xf	1	0	0	1
347	0xf012f0ec	__copy	0xf	4	0	0	1
348	0xf012f0f8	__cvtToId	0xf	4	0	0	1
349	0xf012f0fc	__cvtToSel	0xf	4	0	0	1
350	0xf012f0f4	__dealloc	0xf	4	0	0	1
351	0xf0005cb8	__divdi3	0xf	1	0	0	1
352	0xf012f100	__error	0xf	4	0	0	1
353	0xf0067d74	__event_port_by_tag	0xf	1	0	0	1
354	0xf0005484	__ffsdi2	0xf	1	0	0	1
355	0xf00ab5ac	__fp_add	0xf	1	0	0	1
356	0xf00ab644	__fp_compare	0xf	1	0	0	1
357	0xf00ab768	__fp_div	0xf	1	0	0	1
358	0xf00acfcc	__fp_iu_simulator	0xf	1	0	0	1
359	0xf00ad034	__fp_mul	0xf	1	0	0	1
360	0xf00adff0	__fp_pack	0xf	1	0	0	1
361	0xf00ae25c	__fp_pack_word	0xf	1	0	0	1
362	0xf00952d8	__fp_read_pfreg	0xf	1	0	0	1
363	0xf00ae7a0	__fp_read_vfreg	0xf	1	0	0	1
364	0xf00aec1c	__fp_read_word	0xf	1	0	0	1
365	0xf00abd04	__fp_sqrt	0xf	1	0	0	1
366	0xf00ab5ec	__fp_sub	0xf	1	0	0	1
367	0xf00ae620	__fp_unpack	0xf	1	0	0	1
368	0xf00ae780	__fp_unpack_word	0xf	1	0	0	1
369	0xf00952ec	__fp_write_pfreg	0xf	1	0	0	1
370	0xf0095500	__fp_write_pfsr	0xf	1	0	0	1
371	0xf00ae7bc	__fp_write_vfreg	0xf	1	0	0	1
372	0xf00aec80	__fp_write_word	0xf	1	0	0	1
373	0xf0096e10	__insque	0xf	1	0	0	1
374	0xf00ef25c	__internal_class_createInstance	0xf	1	0	0	1
375	0xf00ef1bc	__internal_class_createInstanceFromZone	0xf	1	0	0	1
376	0xf00ec254	__internal_object_copy	0xf	1	0	0	1
377	0xf00ec204	__internal_object_copyFromZone	0xf	1	0	0	1
378	0xf00ec28c	__internal_object_dispose	0xf	1	0	0	1
379	0xf00ec398	__internal_object_realloc	0xf	1	0	0	1
380	0xf00ec2b8	__internal_object_reallocFromZone	0xf	1	0	0	1
381	0xf008c84c	__ioSetDriverPowerManagementState	0xf	1	0	0	1
382	0xf008c5d4	__io_convert_port_in	0xf	1	0	0	1
383	0xf008c610	__io_convert_port_out	0xf	1	0	0	1
384	0xf008c59c	__io_get_kern_port	0xf	1	0	0	1
385	0xf008c644	__io_host_priv_self	0xf	1	0	0	1
386	0xf008c830	__io_setDriverPowerState	0xf	1	0	0	1
387	0xf008c56c	__io_task_get_port	0xf	1	0	0	1
388	0xf008c54c	__io_vm_task	0xf	1	0	0	1
389	0xf008c530	__io_vm_task_current	0xf	1	0	0	1
390	0xf008c55c	__io_vm_task_pmap	0xf	1	0	0	1
391	0xf008c518	__io_vm_task_self	0xf	1	0	0	1
392	0xf0006ce0	__ip_div	0xf	1	0	0	1
393	0xf0006dd4	__ip_divcc	0xf	1	0	0	1
394	0xf0006be4	__ip_mul	0xf	1	0	0	1
395	0xf0006c48	__ip_mulcc	0xf	1	0	0	1
396	0xf0006ca4	__ip_udiv	0xf	1	0	0	1
397	0xf0006d7c	__ip_udivcc	0xf	1	0	0	1
398	0xf0006bc0	__ip_umul	0xf	1	0	0	1
399	0xf0006c08	__ip_umulcc	0xf	1	0	0	1
400	0xf013c278	__kernDebuggerLock	0xf	6	0	0	1
401	0xf0067cb0	__lookupd_port	0xf	1	0	0	1
402	0xf0005354	__lshldi3	0xf	1	0	0	1
403	0xf00053a0	__lshrdi3	0xf	1	0	0	1
404	0xf00ef164	__mapNoFree	0xf	1	0	0	1
405	0xf00ef16c	__mapObjectFree	0xf	1	0	0	1
406	0xf00ef09c	__mapObjectHash	0xf	1	0	0	1
407	0xf00ef13c	__mapObjectIsEqual	0xf	1	0	0	1
408	0xf00ef010	__mapPtrHash	0xf	1	0	0	1
409	0xf00ef0b8	__mapPtrIsEqual	0xf	1	0	0	1
410	0xf00ef01c	__mapStrHash	0xf	1	0	0	1
411	0xf00ef0c8	__mapStrIsEqual	0xf	1	0	0	1
412	0xf0000000	__mh_execute_header	0x3	0	0	0	1
413	0xf0005d40	__moddi3	0xf	1	0	0	1
414	0xf00054c4	__muldi3	0xf	1	0	0	1
415	0xf00f247c	__nameForHeader	0xf	1	0	0	1
416	0xf000532c	__negdi2	0xf	1	0	0	1
417	0xf013ac20	__null_auth	0xf	6	0	0	1
418	0xf00f32f4	__objcInit	0xf	1	0	0	1
419	0xf00f2b60	__objc_addHeader	0xf	1	0	0	1
420	0xf00f20ec	__objc_add_category	0xf	1	0	0	1
421	0xf00f08b8	__objc_create_zone	0xf	1	0	0	1
422	0xf00f09a0	__objc_error	0xf	1	0	0	1
423	0xf00f0a08	__objc_fatal	0xf	1	0	0	1
424	0xf00ef550	__objc_flush_caches	0xf	1	0	0	1
425	0xf00f0238	__objc_getFreedObjectClass	0xf	1	0	0	1
426	0xf00f2b54	__objc_headerCount	0xf	1	0	0	1
427	0xf00f29cc	__objc_headerVector	0xf	1	0	0	1
428	0xf00f0a30	__objc_inform	0xf	1	0	0	1
429	0xf00f1ab0	__objc_msgForward	0xf	1	0	0	1
430	0xf012f130	__objc_multithread_mask	0xf	4	0	0	1
431	0xf00f1e0c	__objc_removeClass	0xf	1	0	0	1
432	0xf00f2c60	__objc_removeHeader	0xf	1	0	0	1
433	0xf00f2058	__objc_remove_category	0xf	1	0	0	1
434	0xf012f0e4	__poseAs	0xf	4	0	0	1
435	0xf00148a0	__printf	0xf	1	0	0	1
436	0xf012f0f0	__realloc	0xf	4	0	0	1
437	0xf0096e28	__remque	0xf	1	0	0	1
438	0xf00f3acc	__sel_init	0xf	1	0	0	1
439	0xf00f36e4	__sel_registerName	0xf	1	0	0	1
440	0xf00f3920	__sel_unloadSelectors	0xf	1	0	0	1
441	0xf0044440	__seterr_reply	0xf	1	0	0	1
442	0xf000f44c	__setgid	0xf	1	0	0	1
443	0xf000f330	__setuid	0xf	1	0	0	1
444	0xf00f3598	__strhash	0xf	1	0	0	1
445	0xf0044cd8	__svcauth_null	0xf	1	0	0	1
446	0xf0044e6c	__svcauth_short	0xf	1	0	0	1
447	0xf0044ce4	__svcauth_unix	0xf	1	0	0	1
448	0xf00ec918	__threadFreeExceptionStack	0xf	1	0	0	1
449	0xf0005e60	__ucmpdi2	0xf	1	0	0	1
450	0xf0005df0	__udivdi3	0xf	1	0	0	1
451	0xf0005598	__udivmoddi4	0xf	1	0	0	1
452	0xf0005dc8	__umoddi3	0xf	1	0	0	1
453	0xf0028548	__utime	0xf	1	0	0	1
454	0xf00847f0	__vm_map_clip_end	0xf	1	0	0	1
455	0xf0084710	__vm_map_clip_start	0xf	1	0	0	1
456	0xf0084140	__vm_map_entry_create	0xf	1	0	0	1
457	0xf0084188	__vm_map_entry_dispose	0xf	1	0	0	1
458	0xf00867c8	__vm_object_allocate	0xf	1	0	0	1
459	0xf012f104	__zoneAlloc	0xf	4	0	0	1
460	0xf012f108	__zoneCopy	0xf	4	0	0	1
461	0xf012f10c	__zoneRealloc	0xf	4	0	0	1
462	0xf013cb50	__zone_default_space	0xf	6	0	0	1
463	0xf013cb70	__zone_default_space_hint	0xf	6	0	0	1
464	0xf013e670	_a_flts	0xf	6	0	0	1
465	0xf013e110	_a_head	0xf	6	0	0	1
466	0xf013e118	_a_tail	0xf	6	0	0	1
467	0xf008c370	_abort	0xf	1	0	0	1
468	0xf0005f48	_abs	0xf	1	0	0	1
469	0xf0021020	_accept	0xf	1	0	0	1
470	0xf00280fc	_access	0xf	1	0	0	1
471	0xf0009a4c	_acct	0xf	1	0	0	1
472	0xf01349f0	_acctbuf	0xf	6	0	0	1
473	0xf0134a10	_acctcred	0xf	6	0	0	1
474	0xf0134a18	_acctp	0xf	6	0	0	1
475	0xf010add4	_acctresume	0xf	4	0	0	1
476	0xf010add0	_acctsuspend	0xf	4	0	0	1
477	0xf013c1a8	_action_lock	0xf	6	0	0	1
478	0xf013c1b0	_action_queue	0xf	6	0	0	1
479	0xf010fd84	_active_mfsbufs	0xf	4	0	0	1
480	0xf010a024	_active_pcb	0xf	4	0	0	1
481	0xf013de08	_active_pmap	0xf	6	0	0	1
482	0xf013c058	_active_stacks	0xf	6	0	0	1
483	0xf0134260	_active_threads	0xf	6	0	0	1
484	0xf0133dd8	_active_u	0xf	6	0	0	1
485	0xf00a13bc	_add_pool	0xf	1	0	0	1
486	0xf000a1ec	_add_profil	0xf	1	0	0	1
487	0xf00b1748	_adddma	0xf	1	0	0	1
488	0xf009905c	_addintr	0xf	1	0	0	1
489	0xf00a44b8	_address_in_memlist	0xf	1	0	0	1
490	0xf002a098	_address_known	0xf	1	0	0	1
491	0xf0099dd8	_addupc	0xf	1	0	0	1
492	0xf0012fcc	_adjtime	0xf	1	0	0	1
493	0xf013c420	_adr	0xf	6	0	0	1
494	0xf010a2d0	_afsrbuf	0xf	4	0	0	1
495	0xf010c150	_afswitch	0xf	4	0	0	1
496	0xf00bc0d4	_alert	0xf	1	0	0	1
497	0xf00bc12c	_alert_done	0xf	1	0	0	1
498	0xf011b814	_aligndebug	0xf	4	0	0	1
499	0xf011b818	_alignfaults	0xf	4	0	0	1
500	0xf0134fb0	_all_psets	0xf	6	0	0	1
501	0xf013c2a0	_all_psets_count	0xf	6	0	0	1
502	0xf0134fb8	_all_psets_lock	0xf	6	0	0	1
503	0xf013cb80	_all_zones_lock	0xf	6	0	0	1
504	0xf00487c0	_alloc	0xf	1	0	0	1
505	0xf0068694	_allocStack	0xf	1	0	0	1
506	0xf000eb8c	_alloc_posix_proc	0xf	1	0	0	1
507	0xf00aa2a4	_allocbuf	0xf	1	0	0	1
508	0xf0049748	_alloccg	0xf	1	0	0	1
509	0xf0049ae4	_alloccgblk	0xf	1	0	0	1
510	0xf0134e78	_allproc	0xf	6	0	0	1
511	0xf00b0734	_apply_range_to_range	0xf	1	0	0	1
512	0xf00b0680	_apply_range_to_reg	0xf	1	0	0	1
513	0xf00bc140	_aprint	0xf	1	0	0	1
514	0xf00a3b30	_argstrcpy	0xf	1	0	0	1
515	0xf010ee20	_around	0xf	4	0	0	1
516	0xf010c354	_arpethertempl	0xf	4	0	0	1
517	0xf002d918	_arpinput	0xf	1	0	0	1
518	0xf002e050	_arpioctl	0xf	1	0	0	1
519	0xf002d68c	_arpresolve	0xf	1	0	0	1
520	0xf0135670	_arptab	0xf	6	0	0	1
521	0xf010c34c	_arptab_bsiz	0xf	4	0	0	1
522	0xf010c350	_arptab_nb	0xf	4	0	0	1
523	0xf010c348	_arptab_size	0xf	4	0	0	1
524	0xf002df14	_arptfree	0xf	1	0	0	1
525	0xf002d4cc	_arptimer	0xf	1	0	0	1
526	0xf002df58	_arptnew	0xf	1	0	0	1
527	0xf002d574	_arpwhohas	0xf	1	0	0	1
528	0xf011ffbc	_ascii	0xf	4	0	0	1
529	0xf0070cd4	_assert_wait	0xf	1	0	0	1
530	0xf00638ec	_ast_check	0xf	1	0	0	1
531	0xf00638bc	_ast_init	0xf	1	0	0	1
532	0xf013abd8	_async_bufhead	0xf	6	0	0	1
533	0xf0040a18	_async_daemon	0xf	1	0	0	1
534	0xf00b0574	_atou	0xf	1	0	0	1
535	0xf00b0bfc	_attach_devs	0xf	1	0	0	1
536	0xf010d944	_attrstat_discrim	0xf	4	0	0	1
537	0xf00dd8d8	_audioKernServInit	0xf	1	0	0	1
538	0xf00ddef8	_audioMessages	0xf	1	0	0	1
539	0xf00e26a0	_audio_add_peak	0xf	1	0	0	1
540	0xf00e2868	_audio_byteToMulaw	0xf	1	0	0	1
541	0xf00e2644	_audio_clear_peaks	0xf	1	0	0	1
542	0xf00e1fc8	_audio_convertLinear16ToLinear8	0xf	1	0	0	1
543	0xf00e2004	_audio_convertLinear16ToMulaw8	0xf	1	0	0	1
544	0xf00e1f4c	_audio_convertLinear8ToLinear16	0xf	1	0	0	1
545	0xf00e1f88	_audio_convertLinear8ToMulaw8	0xf	1	0	0	1
546	0xf00e1d2c	_audio_convertMonoToStereo	0xf	1	0	0	1
547	0xf00e203c	_audio_convertMulaw8ToLinear16	0xf	1	0	0	1
548	0xf00e2080	_audio_convertMulaw8ToLinear8	0xf	1	0	0	1
549	0xf00e1df0	_audio_convertStereoToMono	0xf	1	0	0	1
550	0xf00dd8ec	_audio_enroll_stream_port	0xf	1	0	0	1
551	0xf00e27d8	_audio_freeIMuLawTab	0xf	1	0	0	1
552	0xf00e2408	_audio_linear16_peak	0xf	1	0	0	1
553	0xf00e2508	_audio_linear8_peak	0xf	1	0	0	1
554	0xf00e26dc	_audio_makeIMuLawTab	0xf	1	0	0	1
555	0xf00e266c	_audio_max_peak	0xf	1	0	0	1
556	0xf00e208c	_audio_mix	0xf	1	0	0	1
557	0xf00f97c4	_audio_muLaw	0xf	2	0	0	1
558	0xf00e22e4	_audio_mulaw8_peak	0xf	1	0	0	1
559	0xf00decfc	_audio_port_gone	0xf	1	0	0	1
560	0xf00ddfc0	_audio_port_to_device	0xf	1	0	0	1
561	0xf00de000	_audio_port_to_stream	0xf	1	0	0	1
562	0xf00e1c58	_audio_resample22To44	0xf	1	0	0	1
563	0xf00e1c78	_audio_resample44To22	0xf	1	0	0	1
564	0xf00dd954	_audio_reset_snd_dev_port	0xf	1	0	0	1
565	0xf00e1820	_audio_scaleSamples	0xf	1	0	0	1
566	0xf00e3484	_audio_server	0xf	1	0	0	1
567	0xf00e2800	_audio_shortToMulaw	0xf	1	0	0	1
568	0xf00e1648	_audio_snd_reply_aborted	0xf	1	0	0	1
569	0xf00e1618	_audio_snd_reply_completed	0xf	1	0	0	1
570	0xf00e14b0	_audio_snd_reply_illegal_msg	0xf	1	0	0	1
571	0xf00e15b8	_audio_snd_reply_overflow	0xf	1	0	0	1
572	0xf00e1678	_audio_snd_reply_paused	0xf	1	0	0	1
573	0xf00e14f8	_audio_snd_reply_recorded_data	0xf	1	0	0	1
574	0xf00e16a8	_audio_snd_reply_resumed	0xf	1	0	0	1
575	0xf00e1478	_audio_snd_reply_ret_device	0xf	1	0	0	1
576	0xf00e1738	_audio_snd_reply_ret_formats	0xf	1	0	0	1
577	0xf00e16d8	_audio_snd_reply_ret_parms	0xf	1	0	0	1
578	0xf00e1584	_audio_snd_reply_ret_samples	0xf	1	0	0	1
579	0xf00e1494	_audio_snd_reply_ret_stream	0xf	1	0	0	1
580	0xf00e1708	_audio_snd_reply_ret_volume	0xf	1	0	0	1
581	0xf00e15e8	_audio_snd_reply_started	0xf	1	0	0	1
582	0xf00e1554	_audio_snd_reply_timed_out	0xf	1	0	0	1
583	0xf00e178c	_audio_swapSamples	0xf	1	0	0	1
584	0xf00e17dc	_audio_twosComp8ToUnary	0xf	1	0	0	1
585	0xf00424e4	_authkern_create	0xf	1	0	0	1
586	0xf0042758	_authkern_destroy	0xf	1	0	0	1
587	0xf0042544	_authkern_marshal	0xf	1	0	0	1
588	0xf0042538	_authkern_nextverf	0xf	1	0	0	1
589	0xf004274c	_authkern_refresh	0xf	1	0	0	1
590	0xf0042740	_authkern_validate	0xf	1	0	0	1
591	0xf013f790	_autoConfigTables	0xf	6	0	0	1
592	0xf008c388	_autoconf	0xf	1	0	0	1
593	0xf011d2a0	_av_opstab	0xf	4	0	0	1
594	0xf010fc1c	_avenrun	0xf	4	0	0	1
595	0xf001cc7c	_b_to_q	0xf	1	0	0	1
596	0xf0096f4c	_bad_cpuid	0xf	1	0	0	1
597	0xf010a2cc	_bad_fault_at	0xf	4	0	0	1
598	0xf00501c0	_badblock	0xf	1	0	0	1
599	0xf00a7620	_badtrap	0xf	1	0	0	1
600	0xf013f628	_basicConsole	0xf	6	0	0	1
601	0xf013f630	_basicConsoleMode	0xf	6	0	0	1
602	0xf0024848	_bawrite	0xf	1	0	0	1
603	0xf0005f5c	_bcmp	0xf	1	0	0	1
604	0xf0094b10	_bcopy	0xf	1	0	0	1
605	0xf011933c	_bcopy_buf	0xf	4	0	0	1
606	0xf0119308	_bcopy_cnt	0xf	4	0	0	1
607	0xf0119300	_bcopy_res	0xf	4	0	0	1
608	0xf011c7ac	_bdevsw	0xf	4	0	0	1
609	0xf00472e4	_bdevvp	0xf	1	0	0	1
610	0xf0024804	_bdwrite	0xf	1	0	0	1
611	0xf011b824	_beval	0xf	4	0	0	1
612	0xf00252d4	_bflush	0xf	1	0	0	1
613	0xf00aa474	_bfree	0xf	1	0	0	1
614	0xf0133de0	_bfreelist	0xf	6	0	0	1
615	0xf000971c	_bhinit	0xf	1	0	0	1
616	0xf010fbfc	_bigadj	0xf	4	0	0	1
617	0xf013daf0	_bigsbusmap	0xf	6	0	0	1
618	0xf0020f6c	_bind	0xf	1	0	0	1
619	0xf0009754	_binit	0xf	1	0	0	1
620	0xf00255d0	_binval	0xf	1	0	0	1
621	0xf00253f4	_binvalfree	0xf	1	0	0	1
622	0xf00250d0	_biodone	0xf	1	0	0	1
623	0xf0025060	_biowait	0xf	1	0	0	1
624	0xf004cbe8	_blkatoff	0xf	1	0	0	1
625	0xf0094e58	_blkclr	0xf	1	0	0	1
626	0xf0025148	_blkflush	0xf	1	0	0	1
627	0xf0049134	_blkpref	0xf	1	0	0	1
628	0xf004aaf4	_bmap	0xf	1	0	0	1
629	0xf0010484	_boot	0xf	1	0	0	1
630	0xf0135620	_boot_file	0xf	6	0	0	1
631	0xf00a32fc	_bootflags	0xf	1	0	0	1
632	0xf011b104	_boothowto	0xf	4	0	0	1
633	0xf0003038	_bootops	0xf	1	0	0	1
634	0xf0135168	_boottime	0xf	6	0	0	1
635	0xf011b100	_boottype	0xf	4	0	0	1
636	0xf0134e98	_both	0xf	6	0	0	1
637	0xf0099394	_bp_alloc	0xf	1	0	0	1
638	0xf00994c4	_bp_iom_map	0xf	1	0	0	1
639	0xf00962ec	_bpt_reg	0xf	1	0	0	1
640	0xf0024520	_bread	0xf	1	0	0	1
641	0xf00245d8	_breada	0xf	1	0	0	1
642	0xf0024cec	_brealloc	0xf	1	0	0	1
643	0xf0024868	_brelse	0xf	1	0	0	1
644	0xf00253d8	_brelvp_wakeup	0xf	1	0	0	1
645	0xf010f2b8	_bsd_copyright	0xf	4	0	0	1
646	0xf01353b0	_bstats	0xf	6	0	0	1
647	0xf00254fc	_btrash	0xf	1	0	0	1
648	0xf0133ef0	_buf	0xf	6	0	0	1
649	0xf013ec90	_buffer_map	0xf	6	0	0	1
650	0xf0133ef8	_buffers	0xf	6	0	0	1
651	0xf0133f00	_bufhash	0xf	6	0	0	1
652	0xf011c060	_bufpages	0xf	4	0	0	1
653	0xf005049c	_bufstats	0xf	1	0	0	1
654	0xf009927c	_buscheck	0xf	1	0	0	1
655	0xf0113560	_busname_ovec	0xf	4	0	0	1
656	0xf0113570	_busname_svec	0xf	4	0	0	1
657	0xf0113580	_busname_vec	0xf	4	0	0	1
658	0xf0113578	_busname_vvec	0xf	4	0	0	1
659	0xf00b0d84	_bustype	0xf	1	0	0	1
660	0xf0024768	_bwrite	0xf	1	0	0	1
661	0xf0094e58	_bzero	0xf	1	0	0	1
662	0xf011930c	_bzero_cnt	0xf	4	0	0	1
663	0xf010f8b4	_c_thread_handoff_hits	0xf	4	0	0	1
664	0xf010f8b8	_c_thread_handoff_misses	0xf	4	0	0	1
665	0xf010f8b0	_c_thread_invoke_csw	0xf	4	0	0	1
666	0xf010f8a8	_c_thread_invoke_hits	0xf	4	0	0	1
667	0xf010f8ac	_c_thread_invoke_misses	0xf	4	0	0	1
668	0xf0119330	_cache	0xf	4	0	0	1
669	0xf00959e0	_cache_on	0xf	1	0	0	1
670	0xf00957d8	_cache_sync	0xf	1	0	0	1
671	0xf0094ae4	_call_continuation	0xf	1	0	0	1
672	0xf012f120	_callbackFunction	0xf	4	0	0	1
673	0xf0096df0	_callee	0xf	1	0	0	1
674	0xf0096de8	_caller	0xf	1	0	0	1
675	0xf0068264	_calloc	0xf	1	0	0	1
676	0xf013bec8	_callout	0xf	6	0	0	1
677	0xf0076968	_calloutDeadlineFromInterval	0xf	1	0	0	1
678	0xf0076984	_calloutDispatch	0xf	1	0	0	1
679	0xf0076bdc	_calloutDispatchDelayed	0xf	1	0	0	1
680	0xf0076a7c	_calloutDispatchUnique	0xf	1	0	0	1
681	0xf0076e40	_calloutEntryAllocate	0xf	1	0	0	1
682	0xf0076ef0	_calloutEntryDispatch	0xf	1	0	0	1
683	0xf007704c	_calloutEntryDispatchDelayed	0xf	1	0	0	1
684	0xf0076fa0	_calloutEntryDispatchWithArgument	0xf	1	0	0	1
685	0xf007717c	_calloutEntryDispatchWithArgumentDelayed	0xf	1	0	0	1
686	0xf0076e70	_calloutEntryFree	0xf	1	0	0	1
687	0xf00772a0	_calloutEntryRemove	0xf	1	0	0	1
688	0xf0076678	_calloutInitialize	0xf	1	0	0	1
689	0xf0076d54	_calloutRemove	0xf	1	0	0	1
690	0xf0076dd0	_calloutRemoveAll	0xf	1	0	0	1
691	0xf0099ef8	_callout_dispatch	0xf	1	0	0	1
692	0xf0099ee0	_callout_init	0xf	1	0	0	1
693	0xf0099f74	_callout_remove	0xf	1	0	0	1
694	0xf0068828	_canSwap	0xf	1	0	0	1
695	0xf00810ec	_catch_exception_raise	0xf	1	0	0	1
696	0xf001cfd8	_catq	0xf	1	0	0	1
697	0xf011c9f0	_cdevsw	0xf	4	0	0	1
698	0xf0134268	_cfree	0xf	6	0	0	1
699	0xf010f390	_cfreecount	0xf	4	0	0	1
700	0xf010f38c	_cfreelist	0xf	4	0	0	1
701	0xf00e4fd4	_cg14ConfigDisplay	0xf	1	0	0	1
702	0xf00bb624	_cg14_attach	0xf	1	0	0	1
703	0xf013f608	_cg14_devinfo	0xf	6	0	0	1
704	0xf00bb5c0	_cg14_identify	0xf	1	0	0	1
705	0xf011fc60	_cg14_ops	0xf	4	0	0	1
706	0xf00e53c4	_cg6ConfigDisplay	0xf	1	0	0	1
707	0xf0027504	_chdir	0xf	1	0	0	1
708	0xf00275d4	_chdirec	0xf	1	0	0	1
709	0xf00c3f98	_checkSharedIrqLevels	0xf	1	0	0	1
710	0xf00a46d0	_check_boot_version	0xf	1	0	0	1
711	0xf0099a24	_check_cpu_subtype	0xf	1	0	0	1
712	0xf000c5ac	_check_exec_access	0xf	1	0	0	1
713	0xf00aa060	_check_for_ast	0xf	1	0	0	1
714	0xf00a77e0	_check_fsr	0xf	1	0	0	1
715	0xf00e136c	_check_label	0xf	1	0	0	1
716	0xf009dc54	_check_pmap	0xf	1	0	0	1
717	0xf009dc04	_check_ptbl	0xf	1	0	0	1
718	0xf00e1310	_checksum16	0xf	1	0	0	1
719	0xf00976e4	_checksum_16	0xf	1	0	0	1
720	0xf008a1ec	_chgprot	0xf	1	0	0	1
721	0xf0096f4c	_chk_cpuid	0xf	1	0	0	1
722	0xf00283a4	_chmod	0xf	1	0	0	1
723	0xf0071f88	_choose_pset_thread	0xf	1	0	0	1
724	0xf0071e8c	_choose_thread	0xf	1	0	0	1
725	0xf0028430	_chown	0xf	1	0	0	1
726	0xf002755c	_chroot	0xf	1	0	0	1
727	0xf013a960	_chtable	0xf	6	0	0	1
728	0xf00098c0	_cinit	0xf	1	0	0	1
729	0xf0043418	_ckuwakeup	0xf	1	0	0	1
730	0xf012f134	_classLock	0xf	4	0	0	1
731	0xf00ef58c	_class_addClassMethods	0xf	1	0	0	1
732	0xf00ef568	_class_addMethods	0xf	1	0	0	1
733	0xf00ef280	_class_createInstance	0xf	1	0	0	1
734	0xf00ef238	_class_createInstanceFromZone	0xf	1	0	0	1
735	0xf00ef32c	_class_getClassMethod	0xf	1	0	0	1
736	0xf00ef2b0	_class_getInstanceMethod	0xf	1	0	0	1
737	0xf00ef430	_class_getInstanceVariable	0xf	1	0	0	1
738	0xf00ef2a8	_class_getVersion	0xf	1	0	0	1
739	0xf00efd08	_class_lookupMethod	0xf	1	0	0	1
740	0xf00efd8c	_class_lookupMethodInMethodList	0xf	1	0	0	1
741	0xf00ef730	_class_poseAs	0xf	1	0	0	1
742	0xf00ef5a4	_class_removeMethods	0xf	1	0	0	1
743	0xf00efbe4	_class_respondsToMethod	0xf	1	0	0	1
744	0xf00ef2a0	_class_setVersion	0xf	1	0	0	1
745	0xf0070e30	_clear_wait	0xf	1	0	0	1
746	0xf0119900	_clk10_limit	0xf	4	0	0	1
747	0xf0119904	_clk14_config	0xf	4	0	0	1
748	0xf013e660	_clk14_lim	0xf	6	0	0	1
749	0xf012f1f8	_clk_intr	0xf	5	0	0	1
750	0xf0119908	_clk_state	0xf	4	0	0	1
751	0xf00435a8	_clnt_sperrno	0xf	1	0	0	1
752	0xf0043488	_clntkudp_abort	0xf	1	0	0	1
753	0xf00433d0	_clntkudp_callit	0xf	1	0	0	1
754	0xf0042c0c	_clntkudp_callit_addr	0xf	1	0	0	1
755	0xf0043494	_clntkudp_control	0xf	1	0	0	1
756	0xf00429e0	_clntkudp_create	0xf	1	0	0	1
757	0xf00434a0	_clntkudp_destroy	0xf	1	0	0	1
758	0xf004343c	_clntkudp_error	0xf	1	0	0	1
759	0xf0042be8	_clntkudp_freecred	0xf	1	0	0	1
760	0xf0043464	_clntkudp_freeres	0xf	1	0	0	1
761	0xf0042b98	_clntkudp_init	0xf	1	0	0	1
762	0xf0042940	_clntkudp_interruptable	0xf	1	0	0	1
763	0xf0042910	_clntkudp_once	0xf	1	0	0	1
764	0xf0042970	_clntkudp_realloc	0xf	1	0	0	1
765	0xf013ac30	_clntkudpxid	0xf	6	0	0	1
766	0xf0097a08	_clock_attributes	0xf	1	0	0	1
767	0xf00697b8	_clock_interrupt	0xf	1	0	0	1
768	0xf0097888	_clock_timer_init	0xf	1	0	0	1
769	0xf0097908	_clock_value	0xf	1	0	0	1
770	0xf000d8d0	_cloneproc	0xf	1	0	0	1
771	0xf000b058	_close	0xf	1	0	0	1
772	0xf010fd40	_close_flush	0xf	4	0	0	1
773	0xf000b4e0	_closef	0xf	1	0	0	1
774	0xf00a6574	_clr_dirint	0xf	1	0	0	1
775	0xf00502c0	_clrblock	0xf	1	0	0	1
776	0xf00bb54c	_clrzssoft	0xf	1	0	0	1
777	0xf013a9b0	_clstat	0xf	6	0	0	1
778	0xf010cd7c	_cltoomany	0xf	4	0	0	1
779	0xf010a7d4	_cmask	0xf	4	0	0	1
780	0xf010f318	_cmu_copyright	0xf	4	0	0	1
781	0xf00b1bdc	_cngetc	0xf	1	0	0	1
782	0xf00b1c0c	_cninit	0xf	1	0	0	1
783	0xf00c0eac	_cninput	0xf	1	0	0	1
784	0xf00b1abc	_cnioctl	0xf	1	0	0	1
785	0xf00b1870	_cnopen	0xf	1	0	0	1
786	0xf00b1bf0	_cnputc	0xf	1	0	0	1
787	0xf00b1a1c	_cnread	0xf	1	0	0	1
788	0xf00b1b8c	_cnselect	0xf	1	0	0	1
789	0xf0133fc0	_cnt	0xf	6	0	0	1
790	0xf00b1a6c	_cnwrite	0xf	1	0	0	1
791	0xf0009d04	_compress	0xf	1	0	0	1
792	0xf0069d60	_compute_mach_factor	0xf	1	0	0	1
793	0xf00719a0	_compute_my_priority	0xf	1	0	0	1
794	0xf0071944	_compute_priority	0xf	1	0	0	1
795	0xf00b060c	_configure	0xf	1	0	0	1
796	0xf00c3b28	_configureThread	0xf	1	0	0	1
797	0xf0021280	_connect	0xf	1	0	0	1
798	0xf0135190	_cons	0xf	6	0	0	1
799	0xf0135290	_cons_tp	0xf	6	0	0	1
800	0xf00b1c90	_consconfig	0xf	1	0	0	1
801	0xf013ee30	_consdev	0xf	6	0	0	1
802	0xf0075f88	_consider_thread_collect	0xf	1	0	0	1
803	0xf0079504	_consider_zone_gc	0xf	1	0	0	1
804	0xf013de10	_context_table	0xf	6	0	0	1
805	0xf013d9d8	_contexts	0xf	6	0	0	1
806	0xf00654e4	_convert_host_to_port	0xf	1	0	0	1
807	0xf0090298	_convert_port_to_dev	0xf	1	0	0	1
808	0xf006528c	_convert_port_to_host	0xf	1	0	0	1
809	0xf0065300	_convert_port_to_host_priv	0xf	1	0	0	1
810	0xf00679f8	_convert_port_to_map	0xf	1	0	0	1
811	0xf0065370	_convert_port_to_processor	0xf	1	0	0	1
812	0xf00653e0	_convert_port_to_pset	0xf	1	0	0	1
813	0xf0065460	_convert_port_to_pset_name	0xf	1	0	0	1
814	0xf0067974	_convert_port_to_space	0xf	1	0	0	1
815	0xf00678f4	_convert_port_to_task	0xf	1	0	0	1
816	0xf0067a7c	_convert_port_to_thread	0xf	1	0	0	1
817	0xf0062f34	_convert_port_type	0xf	1	0	0	1
818	0xf00654f8	_convert_processor_to_port	0xf	1	0	0	1
819	0xf0065568	_convert_pset_name_to_port	0xf	1	0	0	1
820	0xf006550c	_convert_pset_to_port	0xf	1	0	0	1
821	0xf0067afc	_convert_task_to_port	0xf	1	0	0	1
822	0xf0067b58	_convert_thread_to_port	0xf	1	0	0	1
823	0xf0027704	_copen	0xf	1	0	0	1
824	0xf009fa5c	_copy_from_phys	0xf	1	0	0	1
825	0xf00a4550	_copy_memlist	0xf	1	0	0	1
826	0xf00a4bf4	_copy_page_tables	0xf	1	0	0	1
827	0xf009f93c	_copy_to_phys	0xf	1	0	0	1
828	0xf0098058	_copyin	0xf	1	0	0	1
829	0xf0083af4	_copyinmap	0xf	1	0	0	1
830	0xf00980b0	_copyinmsg	0xf	1	0	0	1
831	0xf0097d24	_copyinstr	0xf	1	0	0	1
832	0xf00980cc	_copyout	0xf	1	0	0	1
833	0xf0083b58	_copyoutmap	0xf	1	0	0	1
834	0xf0098124	_copyoutmsg	0xf	1	0	0	1
835	0xf0097f30	_copyoutstr	0xf	1	0	0	1
836	0xf0097ec4	_copystr	0xf	1	0	0	1
837	0xf0097e5c	_copywithin	0xf	1	0	0	1
838	0xf000a24c	_core	0xf	1	0	0	1
839	0xf0134040	_cp_time	0xf	6	0	0	1
840	0xf013e120	_cpu	0xf	6	0	0	1
841	0xf006bff8	_cpu_down	0xf	1	0	0	1
842	0xf006bf30	_cpu_up	0xf	1	0	0	1
843	0xf0119320	_cpudelay	0xf	4	0	0	1
844	0xf0119340	_cpuid	0xf	4	0	0	1
845	0xf010b1c8	_cractive	0xf	4	0	0	1
846	0xf000fa70	_crcopy	0xf	1	0	0	1
847	0xf000faa4	_crdup	0xf	1	0	0	1
848	0xf00276d4	_creat	0xf	1	0	0	1
849	0xf00beff8	_createEventShmem	0xf	1	0	0	1
850	0xf00902fc	_create_dev_port	0xf	1	0	0	1
851	0xf000c394	_create_unix_stack	0xf	1	0	0	1
852	0xf000fa18	_crfree	0xf	1	0	0	1
853	0xf000f9dc	_crget	0xf	1	0	0	1
854	0xf0023b28	_cstatfs	0xf	1	0	0	1
855	0xf013e128	_ctxtab_align	0xf	6	0	0	1
856	0xf013e170	_cur_l2p	0xf	6	0	0	1
857	0xf013e178	_cur_memlist	0xf	6	0	0	1
858	0xf0096d44	_curipl	0xf	1	0	0	1
859	0xf0073f94	_current_map_EXTERNAL	0xf	1	0	0	1
860	0xf0073f7c	_current_task_EXTERNAL	0xf	1	0	0	1
861	0xf0076420	_current_thread_EXTERNAL	0xf	1	0	0	1
862	0xf013cb38	_current_timer	0xf	6	0	0	1
863	0xf01352b0	_cwaiting	0xf	6	0	0	1
864	0xf0112d40	_debug_fillsysinfo	0xf	4	0	0	1
865	0xf011fb4c	_debug_flag	0xf	4	0	0	1
866	0xf011c064	_debug_init_done	0xf	4	0	0	1
867	0xf0119344	_debug_msg	0xf	4	0	0	1
868	0xf00c2eec	_debugger_le_init	0xf	1	0	0	1
869	0xf00b0fc4	_decode_address	0xf	1	0	0	1
870	0xf013f798	_defaultBus	0xf	6	0	0	1
871	0xf013f7a0	_defaultBusClass	0xf	6	0	0	1
872	0xf00befbc	_defaultEventSources	0xf	1	0	0	1
873	0xf0134fc0	_default_pset	0xf	6	0	0	1
874	0xf00a1450	_del_any_pool	0xf	1	0	0	1
875	0xf00a1408	_del_first_pool	0xf	1	0	0	1
876	0xf000ecc0	_delete_posix_proc	0xf	1	0	0	1
877	0xf006f960	_dequeue_head	0xf	1	0	0	1
878	0xf006f990	_dequeue_tail	0xf	1	0	0	1
879	0xf00bf0e4	_destroyEventShmem	0xf	1	0	0	1
880	0xf0090344	_destroy_dev_port	0xf	1	0	0	1
881	0xf011bebc	_dev_null	0xf	4	0	0	1
882	0xf011c3d0	_dev_opslist	0xf	4	0	0	1
883	0xf011dfbc	_dev_path_opstab	0xf	4	0	0	1
884	0xf009028c	_dev_server_init	0xf	1	0	0	1
885	0xf011c7a8	_devdesc_found	0xf	4	0	0	1
886	0xf00b320c	_devi_to_path	0xf	1	0	0	1
887	0xf008a4bc	_device_dealloc	0xf	1	0	0	1
888	0xf0067c40	_device_master_self	0xf	1	0	0	1
889	0xf008a48c	_device_pagein	0xf	1	0	0	1
890	0xf008a4a4	_device_pageout	0xf	1	0	0	1
891	0xf004c240	_diraddentry	0xf	1	0	0	1
892	0xf010ea08	_dirchk	0xf	4	0	0	1
893	0xf004b514	_direnter	0xf	1	0	0	1
894	0xf004b108	_dirlook	0xf	1	0	0	1
895	0xf010d964	_diropres_discrim	0xf	4	0	0	1
896	0xf0049090	_dirpref	0xf	1	0	0	1
897	0xf004c864	_dirremove	0xf	1	0	0	1
898	0xf0097114	_disable_dvma	0xf	1	0	0	1
899	0xf004d6d4	_disksort_enter	0xf	1	0	0	1
900	0xf004d734	_disksort_enter_head	0xf	1	0	0	1
901	0xf004d780	_disksort_enter_tail	0xf	1	0	0	1
902	0xf004d7c8	_disksort_first	0xf	1	0	0	1
903	0xf004da80	_disksort_free	0xf	1	0	0	1
904	0xf004da48	_disksort_init	0xf	1	0	0	1
905	0xf004d864	_disksort_remove	0xf	1	0	0	1
906	0xf0134270	_dk_bps	0xf	6	0	0	1
907	0xf0134050	_dk_busy	0xf	6	0	0	1
908	0xf013eca0	_dk_ivec	0xf	6	0	0	1
909	0xf01342f0	_dk_mspw	0xf	6	0	0	1
910	0xf010a7d0	_dk_ndrive	0xf	4	0	0	1
911	0xf013eda0	_dk_read	0xf	6	0	0	1
912	0xf0134300	_dk_seek	0xf	6	0	0	1
913	0xf0134380	_dk_time	0xf	6	0	0	1
914	0xf0134400	_dk_wds	0xf	6	0	0	1
915	0xf0134480	_dk_xfer	0xf	6	0	0	1
916	0xf013ee20	_dkn	0xf	6	0	0	1
917	0xf00b2260	_dma_alloc	0xf	1	0	0	1
918	0xf00b2310	_dma_free	0xf	1	0	0	1
919	0xf013f080	_dma_map	0xf	6	0	0	1
920	0xf011d1dc	_dma_ops	0xf	4	0	0	1
921	0xf00b2110	_dmaattach	0xf	1	0	0	1
922	0xf011e24c	_dmaga_bits	0xf	4	0	0	1
923	0xf00b20d4	_dmaidentify	0xf	1	0	0	1
924	0xf00b237c	_dmaintr	0xf	1	0	0	1
925	0xf00b9f24	_dmtozs	0xf	1	0	0	1
926	0xf002575c	_dnlc_enter	0xf	1	0	0	1
927	0xf0025a00	_dnlc_enterSymLink	0xf	1	0	0	1
928	0xf00256b4	_dnlc_init	0xf	1	0	0	1
929	0xf0025ae0	_dnlc_lookup	0xf	1	0	0	1
930	0xf00259a8	_dnlc_lookupSymLink	0xf	1	0	0	1
931	0xf0025c98	_dnlc_purge	0xf	1	0	0	1
932	0xf0025d9c	_dnlc_purge1	0xf	1	0	0	1
933	0xf0025d24	_dnlc_purge_vp	0xf	1	0	0	1
934	0xf0025c28	_dnlc_remove	0xf	1	0	0	1
935	0xf0068888	_doSwapout	0xf	1	0	0	1
936	0xf000c740	_do_exit	0xf	1	0	0	1
937	0xf01192fc	_do_pg_coloring	0xf	4	0	0	1
938	0xf0072464	_do_runq_scan	0xf	1	0	0	1
939	0xf00725a0	_do_thread_scan	0xf	1	0	0	1
940	0xf01105bc	_do_thread_scan_debug	0xf	4	0	0	1
941	0xf00a97e4	_do_unaligned	0xf	1	0	0	1
942	0xf01176dc	_do_work_arounds	0xf	4	0	0	1
943	0xf010c090	_doingcache	0xf	4	0	0	1
944	0xf001d2d8	_domaininit	0xf	1	0	0	1
945	0xf0134500	_domainname	0xf	6	0	0	1
946	0xf0134600	_domainnamelen	0xf	6	0	0	1
947	0xf01352b8	_domains	0xf	6	0	0	1
948	0xf000fff8	_donice	0xf	1	0	0	1
949	0xf010f214	_dosymlink	0xf	4	0	0	1
950	0xf0023c64	_dounmount	0xf	1	0	0	1
951	0xf0134608	_dquot	0xf	6	0	0	1
952	0xf0134610	_dquotNDQUOT	0xf	6	0	0	1
953	0xf013ac70	_drhashtbl	0xf	6	0	0	1
954	0xf0091e6c	_driverServer_server	0xf	1	0	0	1
955	0xf0091f08	_driverServer_server_routine	0xf	1	0	0	1
956	0xf013acf0	_drmru	0xf	6	0	0	1
957	0xf013ad80	_ds_call	0xf	6	0	0	1
958	0xf0067ed4	_ds_notify	0xf	1	0	0	1
959	0xf0134618	_dumpdev	0xf	6	0	0	1
960	0xf0134620	_dumplo	0xf	6	0	0	1
961	0xf000a78c	_dup	0xf	1	0	0	1
962	0xf000a860	_dup2	0xf	1	0	0	1
963	0xf013acf8	_dupchecks	0xf	6	0	0	1
964	0xf000a9d8	_dupit	0xf	1	0	0	1
965	0xf013ad00	_dupreqs	0xf	6	0	0	1
966	0xf0003034	_dvec	0xf	1	0	0	1
967	0xf0116f78	_dvma_incoherent	0xf	4	0	0	1
968	0xf013daf8	_dvmamap	0xf	6	0	0	1
969	0xf0119324	_dvmasize	0xf	4	0	0	1
970	0xf0097134	_ebe_handler	0xf	1	0	0	1
971	0xf0119e28	_ecc_syndrome_tab	0xf	4	0	0	1
972	0xf013d390	_econtig	0xf	6	0	0	1
973	0xf0113474	_efervalue	0xf	4	0	0	1
974	0xf010a784	_eintrnames	0xf	4	0	0	1
975	0xf0106000	_eintstack	0xf	4	0	0	1
976	0xf013e180	_eioptes	0xf	6	0	0	1
977	0xf010a000	_ekernel_stack	0xf	4	0	0	1
978	0xf013e188	_el2ptbls	0xf	6	0	0	1
979	0xf0134a60	_embutl	0xf	6	0	0	1
980	0xf00fa354	_emptyCache	0xf	2	0	0	1
981	0xf00cc13c	_en_recv_pkt	0xf	1	0	0	1
982	0xf00cc1b4	_en_reset	0xf	1	0	0	1
983	0xf00cc17c	_en_send_pkt	0xf	1	0	0	1
984	0xf0097104	_enable_dvma	0xf	1	0	0	1
985	0xf01176e0	_enable_sm_wa	0xf	4	0	0	1
986	0xf013e130	_end	0xf	6	0	0	1
987	0xf006f91c	_enqueue_head	0xf	1	0	0	1
988	0xf006f940	_enqueue_tail	0xf	1	0	0	1
989	0xf000f87c	_entergroup	0xf	1	0	0	1
990	0xf000e6b4	_enterpgrp	0xf	1	0	0	1
991	0xf00b7c8c	_eprintf	0xf	1	0	0	1
992	0xf0015458	_errsys	0xf	1	0	0	1
993	0xf00b3ec0	_esp_abort	0xf	1	0	0	1
994	0xf00b783c	_esp_abort_allcmds	0xf	1	0	0	1
995	0xf00b780c	_esp_abort_curcmd	0xf	1	0	0	1
996	0xf00b37a0	_esp_attach	0xf	1	0	0	1
997	0xf00b7458	_esp_chip_disconnect	0xf	1	0	0	1
998	0xf00b4218	_esp_commoncap	0xf	1	0	0	1
999	0xf00b7668	_esp_curcmd_timeout	0xf	1	0	0	1
1000	0xf00b77a4	_esp_disccmd_timeout	0xf	1	0	0	1
1001	0xf00b4bdc	_esp_dopoll	0xf	1	0	0	1
1002	0xf00b7e30	_esp_dump_cmd	0xf	1	0	0	1
1003	0xf00b7f08	_esp_dump_datasegs	0xf	1	0	0	1
1004	0xf00b49fc	_esp_finish	0xf	1	0	0	1
1005	0xf00b6850	_esp_finish_select	0xf	1	0	0	1
1006	0xf00b44ac	_esp_getcap	0xf	1	0	0	1
1007	0xf00b5c28	_esp_handle_c_cmplt	0xf	1	0	0	1
1008	0xf00b5574	_esp_handle_clearing	0xf	1	0	0	1
1009	0xf00b527c	_esp_handle_cmd_done	0xf	1	0	0	1
1010	0xf00b51d8	_esp_handle_cmd_start	0xf	1	0	0	1
1011	0xf00b5674	_esp_handle_data	0xf	1	0	0	1
1012	0xf00b58a4	_esp_handle_data_done	0xf	1	0	0	1
1013	0xf00b5e1c	_esp_handle_more_msgin	0xf	1	0	0	1
1014	0xf00b5dd4	_esp_handle_msg_in	0xf	1	0	0	1
1015	0xf00b5ea0	_esp_handle_msg_in_done	0xf	1	0	0	1
1016	0xf00b52f4	_esp_handle_msg_out	0xf	1	0	0	1
1017	0xf00b53e0	_esp_handle_msg_out_done	0xf	1	0	0	1
1018	0xf00b7338	_esp_handle_selection	0xf	1	0	0	1
1019	0xf00b50e4	_esp_handle_unknown	0xf	1	0	0	1
1020	0xf00b7908	_esp_hw_reset	0xf	1	0	0	1
1021	0xf00b374c	_esp_identify	0xf	1	0	0	1
1022	0xf00b7358	_esp_init_cmd	0xf	1	0	0	1
1023	0xf011e208	_esp_int_bits	0xf	4	0	0	1
1024	0xf00b7864	_esp_internal_reset	0xf	1	0	0	1
1025	0xf00b7080	_esp_istart	0xf	1	0	0	1
1026	0xf00b4984	_esp_link_start	0xf	1	0	0	1
1027	0xf00b74c0	_esp_make_sdtr	0xf	1	0	0	1
1028	0xf00b73e8	_esp_makeproxy_cmd	0xf	1	0	0	1
1029	0xf00b6434	_esp_multibyte_msg	0xf	1	0	0	1
1030	0xf013f088	_esp_nhardints	0xf	6	0	0	1
1031	0xf013f090	_esp_nmultsvc	0xf	6	0	0	1
1032	0xf00b611c	_esp_onebyte_msg	0xf	1	0	0	1
1033	0xf011e27c	_esp_ops	0xf	4	0	0	1
1034	0xf00b4fe8	_esp_phasemanage	0xf	1	0	0	1
1035	0xf00b4c74	_esp_poll	0xf	1	0	0	1
1036	0xf00b7d14	_esp_printstate	0xf	1	0	0	1
1037	0xf00b6bb4	_esp_reconnect	0xf	1	0	0	1
1038	0xf00b40d0	_esp_reset	0xf	1	0	0	1
1039	0xf00b71f4	_esp_reset_bus	0xf	1	0	0	1
1040	0xf00b721c	_esp_reset_recovery	0xf	1	0	0	1
1041	0xf00b70cc	_esp_runpoll	0xf	1	0	0	1
1042	0xf00b44d0	_esp_setcap	0xf	1	0	0	1
1043	0xf011e1a8	_esp_softc	0xf	4	0	0	1
1044	0xf00b3dbc	_esp_start	0xf	1	0	0	1
1045	0xf00b462c	_esp_startcmd	0xf	1	0	0	1
1046	0xf011e1d8	_esp_stat_bits	0xf	4	0	0	1
1047	0xf00b7ce4	_esp_stat_int_print	0xf	1	0	0	1
1048	0xf00b7f88	_esp_state_name	0xf	1	0	0	1
1049	0xf011e198	_esp_step567	0xf	4	0	0	1
1050	0xf00b76b8	_esp_sync_backoff	0xf	1	0	0	1
1051	0xf00b6400	_esp_twobyte_msg	0xf	1	0	0	1
1052	0xf00b44f4	_esp_ustart	0xf	1	0	0	1
1053	0xf00b74f0	_esp_watch	0xf	1	0	0	1
1054	0xf00b7578	_esp_watchsubr	0xf	1	0	0	1
1055	0xf011e19c	_espconf	0xf	4	0	0	1
1056	0xf011e1a0	_espconf2	0xf	4	0	0	1
1057	0xf011e1a4	_espconf3	0xf	4	0	0	1
1058	0xf011f9f0	_espdma_ops	0xf	4	0	0	1
1059	0xf00b94f8	_espdmaattach	0xf	1	0	0	1
1060	0xf00b94bc	_espdmaidentify	0xf	1	0	0	1
1061	0xf00b9648	_espdmaintr	0xf	1	0	0	1
1062	0xf00b7bec	_esplog	0xf	1	0	0	1
1063	0xf00b4d80	_espsvc	0xf	1	0	0	1
1064	0xf013d9e0	_etext	0xf	6	0	0	1
1065	0xf010c380	_ether_ipmulticast_max	0xf	4	0	0	1
1066	0xf010c378	_ether_ipmulticast_min	0xf	4	0	0	1
1067	0xf002e5c4	_ether_sprintf	0xf	1	0	0	1
1068	0xf010c370	_etherbroadcastaddr	0xf	4	0	0	1
1069	0xf00c2e30	_ev_lock	0xf	1	0	0	1
1070	0xf010fa90	_ev_port_list	0xf	4	0	0	1
1071	0xf00c2e50	_ev_try_lock	0xf	1	0	0	1
1072	0xf00c2e48	_ev_unlock	0xf	1	0	0	1
1073	0xf0097c28	_event_get	0xf	1	0	0	1
1074	0xf0097b64	_event_set_ts	0xf	1	0	0	1
1075	0xf010f8d0	_exc_code_proto	0xf	4	0	0	1
1076	0xf010f8cc	_exc_port_proto	0xf	4	0	0	1
1077	0xf007bfcc	_exc_server	0xf	1	0	0	1
1078	0xf0063cf8	_exception	0xf	1	0	0	1
1079	0xf0063e1c	_exception_from_kernel	0xf	1	0	0	1
1080	0xf0064054	_exception_no_server	0xf	1	0	0	1
1081	0xf006482c	_exception_parse_reply	0xf	1	0	0	1
1082	0xf0064094	_exception_raise	0xf	1	0	0	1
1083	0xf00648e8	_exception_raise_continue	0xf	1	0	0	1
1084	0xf0064b70	_exception_raise_continue_fast	0xf	1	0	0	1
1085	0xf006493c	_exception_raise_continue_slow	0xf	1	0	0	1
1086	0xf010f8d4	_exception_raise_misses	0xf	4	0	0	1
1087	0xf0063f60	_exception_try_task	0xf	1	0	0	1
1088	0xf0063bdc	_exception_with_continuation	0xf	1	0	0	1
1089	0xf000b848	_execv	0xf	1	0	0	1
1090	0xf000b870	_execve	0xf	1	0	0	1
1091	0xf000c714	_exit	0xf	1	0	0	1
1092	0xf000b778	_expand_fdlist	0xf	1	0	0	1
1093	0xf013a8c8	_exported	0xf	6	0	0	1
1094	0xf003a450	_exportfree	0xf	1	0	0	1
1095	0xf0039ca8	_exportfs	0xf	1	0	0	1
1096	0xf008a4f4	_fake_u	0xf	1	0	0	1
1097	0xf013f7b0	_fakeshmem	0xf	6	0	0	1
1098	0xf000b3e4	_falloc	0xf	1	0	0	1
1099	0xf006a644	_fatfile_getarch	0xf	1	0	0	1
1100	0xf013ee38	_fbdev	0xf	6	0	0	1
1101	0xf00bb598	_fbgetpage	0xf	1	0	0	1
1102	0xf00bb570	_fbopen	0xf	1	0	0	1
1103	0xf00283ec	_fchmod	0xf	1	0	0	1
1104	0xf002847c	_fchown	0xf	1	0	0	1
1105	0xf000aa40	_fcntl	0xf	1	0	0	1
1106	0xf0010b5c	_fd_shutdown	0xf	1	0	0	1
1107	0xf0028818	_fdsetattr	0xf	1	0	0	1
1108	0xf0007fac	_ffs	0xf	1	0	0	1
1109	0xf000af70	_fgetown	0xf	1	0	0	1
1110	0xf013ad28	_fifo_alloc	0xf	6	0	0	1
1111	0xf010e180	_fifo_vnodeops	0xf	4	0	0	1
1112	0xf010f394	_fifoinfo	0xf	4	0	0	1
1113	0xf00471d8	_fifosp	0xf	1	0	0	1
1114	0xf013bed0	_file	0xf	6	0	0	1
1115	0xf000b394	_file_init	0xf	1	0	0	1
1116	0xf0134058	_file_list	0xf	6	0	0	1
1117	0xf0134a30	_file_zone	0xf	6	0	0	1
1118	0xf00985fc	_fill_hostidinfo	0xf	1	0	0	1
1119	0xf0098540	_fill_machinfo	0xf	1	0	0	1
1120	0xf0098844	_fill_modinfo	0xf	1	0	0	1
1121	0xf0098648	_fill_node	0xf	1	0	0	1
1122	0xf0098794	_fill_nodeinfo	0xf	1	0	0	1
1123	0xf00a1cdc	_fill_pmapinfo	0xf	1	0	0	1
1124	0xf00c3b84	_findBootConfigString	0xf	1	0	0	1
1125	0xf00b1848	_findDeviceinfoForDevice	0xf	1	0	0	1
1126	0xf00b17e0	_find_devinfo	0xf	1	0	0	1
1127	0xf006bac8	_find_listener	0xf	1	0	0	1
1128	0xf00e4f40	_find_node	0xf	1	0	0	1
1129	0xf00b1784	_find_slave_devinfo	0xf	1	0	0	1
1130	0xf00b1f44	_findcons	0xf	1	0	0	1
1131	0xf00b12f4	_finddev	0xf	1	0	0	1
1132	0xf003a16c	_findexivp	0xf	1	0	0	1
1133	0xf003a358	_findexport	0xf	1	0	0	1
1134	0xf000b034	_fioctl	0xf	1	0	0	1
1135	0xf013d900	_first_page	0xf	6	0	0	1
1136	0xf013d908	_first_phys_addr	0xf	6	0	0	1
1137	0xf011fe84	_first_prettyboot	0xf	4	0	0	1
1138	0xf013c0f8	_first_thread	0xf	6	0	0	1
1139	0xf013cb88	_first_zone	0xf	6	0	0	1
1140	0xf006a348	_firstsect	0xf	1	0	0	1
1141	0xf006a1b8	_firstseg	0xf	1	0	0	1
1142	0xf006a1d0	_firstsegfromheader	0xf	1	0	0	1
1143	0xf00a9ee4	_fix_addr	0xf	1	0	0	1
1144	0xf00a6ba4	_fix_nc_ecc	0xf	1	0	0	1
1145	0xf011b820	_fix_user_alignment	0xf	4	0	0	1
1146	0xf000e9a8	_fixjobc	0xf	1	0	0	1
1147	0xf000b69c	_flock	0xf	1	0	0	1
1148	0xf0134060	_flush_cnt	0xf	6	0	0	1
1149	0xf0097174	_flush_poke_writebuffers	0xf	1	0	0	1
1150	0xf0134080	_flush_rate	0xf	6	0	0	1
1151	0xf01340a0	_flush_sum	0xf	6	0	0	1
1152	0xf0004efc	_flush_user_windows	0xf	1	0	0	1
1153	0xf00a5c38	_flush_user_windows_to_stack	0xf	1	0	0	1
1154	0xf0004e98	_flush_windows	0xf	1	0	0	1
1155	0xf0097164	_flush_writebuffers	0xf	1	0	0	1
1156	0xf0097174	_flush_writebuffers_to	0xf	1	0	0	1
1157	0xf01124e8	_forcePageAlign	0xf	4	0	0	1
1158	0xf01124e0	_forceSdPageAlign	0xf	4	0	0	1
1159	0xf0028978	_forceclose	0xf	1	0	0	1
1160	0xf000d6c0	_fork	0xf	1	0	0	1
1161	0xf000d6e8	_fork1	0xf	1	0	0	1
1162	0xf013d9f0	_fp_accrued_exceptions	0xf	6	0	0	1
1163	0xf0113478	_fp_ctxp	0xf	4	0	0	1
1164	0xf0095580	_fp_disabled	0xf	1	0	0	1
1165	0xf009528c	_fp_dumpregs	0xf	1	0	0	1
1166	0xf00ac9a4	_fp_emulator	0xf	1	0	0	1
1167	0xf0095228	_fp_enable	0xf	1	0	0	1
1168	0xf009518c	_fp_exception	0xf	1	0	0	1
1169	0xf0098cec	_fp_is_disabled	0xf	1	0	0	1
1170	0xf0098db0	_fp_runq	0xf	1	0	0	1
1171	0xf0098c28	_fp_traps	0xf	1	0	0	1
1172	0xf013d9d0	_fptraprp	0xf	6	0	0	1
1173	0xf00aeb1c	_fpu_add3wc	0xf	1	0	0	1
1174	0xf00aebc0	_fpu_cmpli	0xf	1	0	0	1
1175	0xf0098ab0	_fpu_ctxalloc	0xf	1	0	0	1
1176	0xf0098b64	_fpu_ctxfree	0xf	1	0	0	1
1177	0xf00aeae4	_fpu_error_nan	0xf	1	0	0	1
1178	0xf01128c8	_fpu_exists	0xf	4	0	0	1
1179	0xf0098ba0	_fpu_fork_context	0xf	1	0	0	1
1180	0xf00aeb8c	_fpu_neg2wc	0xf	1	0	0	1
1181	0xf00ae7d8	_fpu_normalize	0xf	1	0	0	1
1182	0xf0095130	_fpu_probe	0xf	1	0	0	1
1183	0xf00ae960	_fpu_rightshift	0xf	1	0	0	1
1184	0xf00aeac4	_fpu_set_exception	0xf	1	0	0	1
1185	0xf00ac968	_fpu_simulator	0xf	1	0	0	1
1186	0xf00aeb54	_fpu_sub3wc	0xf	1	0	0	1
1187	0xf01128d0	_fpu_version	0xf	4	0	0	1
1188	0xf00500d8	_fragacct	0xf	1	0	0	1
1189	0xf004947c	_fragextend	0xf	1	0	0	1
1190	0xf010f068	_fragtbl	0xf	4	0	0	1
1191	0xf010ee68	_fragtbl124	0xf	4	0	0	1
1192	0xf010ef68	_fragtbl8	0xf	4	0	0	1
1193	0xf0096ea0	_framepointer	0xf	1	0	0	1
1194	0xf0068300	_free	0xf	1	0	0	1
1195	0xf0068528	_freeStack	0xf	1	0	0	1
1196	0xf004a178	_free_block	0xf	1	0	0	1
1197	0xf000b56c	_free_file	0xf	1	0	0	1
1198	0xf00b92f4	_free_pktiopb	0xf	1	0	0	1
1199	0xf000ebb4	_free_posix_proc	0xf	1	0	0	1
1200	0xf0134ae0	_freeproc	0xf	6	0	0	1
1201	0xf004aad0	_fserr	0xf	1	0	0	1
1202	0xf000af18	_fset	0xf	1	0	0	1
1203	0xf000afc0	_fsetown	0xf	1	0	0	1
1204	0xf0048950	_fsfull	0xf	1	0	0	1
1205	0xf0048ad8	_fspause	0xf	1	0	0	1
1206	0xf0048a28	_fssleep	0xf	1	0	0	1
1207	0xf000b1ac	_fstat	0xf	1	0	0	1
1208	0xf0023ad8	_fstatfs	0xf	1	0	0	1
1209	0xf0028874	_fsync	0xf	1	0	0	1
1210	0xf00286e4	_ftruncate	0xf	1	0	0	1
1211	0xf0089f74	_fubyte	0xf	1	0	0	1
1212	0xf0089fa0	_fuibyte	0xf	1	0	0	1
1213	0xf008a048	_fuiword	0xf	1	0	0	1
1214	0xf0089ff4	_fuword	0xf	1	0	0	1
1215	0xf013c0f0	_fvm_seg	0xf	6	0	0	1
1216	0xf013de18	_garbage	0xf	6	0	0	1
1217	0xf00a3180	_garbage_collect	0xf	1	0	0	1
1218	0xf013de20	_garbage_zone	0xf	6	0	0	1
1219	0xf0009f70	_gatherstats	0xf	1	0	0	1
1220	0xf013d988	_gc_active	0xf	6	0	0	1
1221	0xf008a604	_gc_control	0xf	1	0	0	1
1222	0xf008a5e8	_gc_init	0xf	1	0	0	1
1223	0xf013d990	_gc_lock	0xf	6	0	0	1
1224	0xf00a6e5c	_getDefaultRoot	0xf	1	0	0	1
1225	0xf006e3ec	_get_calendar_time_value	0xf	1	0	0	1
1226	0xf00a1250	_get_context	0xf	1	0	0	1
1227	0xf00970e4	_get_diagmesg	0xf	1	0	0	1
1228	0xf00e07a8	_get_disk_label	0xf	1	0	0	1
1229	0xf00e04bc	_get_disktab	0xf	1	0	0	1
1230	0xf00e075c	_get_dl_un	0xf	1	0	0	1
1231	0xf00974e8	_get_efar0_vaddr	0xf	1	0	0	1
1232	0xf00974f4	_get_efar1_vaddr	0xf	1	0	0	1
1233	0xf00974dc	_get_efsr_vaddr	0xf	1	0	0	1
1234	0xf00a7754	_get_faulttype	0xf	1	0	0	1
1235	0xf00a494c	_get_from_mem_regions	0xf	1	0	0	1
1236	0xf0005240	_get_iommu_entry	0xf	1	0	0	1
1237	0xf007b3b4	_get_kern_port	0xf	1	0	0	1
1238	0xf0005238	_get_mmu_entry	0xf	1	0	0	1
1239	0xf00b308c	_get_part_from_path	0xf	1	0	0	1
1240	0xf00e03f0	_get_partition	0xf	1	0	0	1
1241	0xf00b9230	_get_pktiopb	0xf	1	0	0	1
1242	0xf000eb20	_get_posix_proc	0xf	1	0	0	1
1243	0xf00970a8	_get_sfsr	0xf	1	0	0	1
1244	0xf00970b4	_get_sysctl	0xf	1	0	0	1
1245	0xf009bc2c	_get_thread_fpstate	0xf	1	0	0	1
1246	0xf009bbec	_get_thread_state	0xf	1	0	0	1
1247	0xf009bc90	_get_thread_state_flavor_list	0xf	1	0	0	1
1248	0xf00a5860	_get_tod	0xf	1	0	0	1
1249	0xf009b97c	_get_vik_rev_level	0xf	1	0	0	1
1250	0xf00a3844	_getargs	0xf	1	0	0	1
1251	0xf0024a68	_getblk	0xf	1	0	0	1
1252	0xf001c6c8	_getc	0xf	1	0	0	1
1253	0xf0027c00	_getdirentries	0xf	1	0	0	1
1254	0xf0013994	_getdomainname	0xf	1	0	0	1
1255	0xf000a774	_getdopt	0xf	1	0	0	1
1256	0xf000a758	_getdtablesize	0xf	1	0	0	1
1257	0xf0024c48	_geteblk	0xf	1	0	0	1
1258	0xf00255a0	_geterror	0xf	1	0	0	1
1259	0xf000b484	_getf	0xf	1	0	0	1
1260	0xf0027d50	_getfakedirentries	0xf	1	0	0	1
1261	0xf006a414	_getfakefvmseg	0xf	1	0	0	1
1262	0xf00a7344	_getfsname	0xf	1	0	0	1
1263	0xf000eef8	_getgid	0xf	1	0	0	1
1264	0xf000efec	_getgroups	0xf	1	0	0	1
1265	0xf0013884	_gethostid	0xf	1	0	0	1
1266	0xf00138d4	_gethostname	0xf	1	0	0	1
1267	0xf0096ec4	_getidprom	0xf	1	0	0	1
1268	0xf001317c	_getitimer	0xf	1	0	0	1
1269	0xf0069fa4	_getlastaddr	0xf	1	0	0	1
1270	0xf00b1118	_getlongprop	0xf	1	0	0	1
1271	0xf006a010	_getmachheaders	0xf	1	0	0	1
1272	0xf00b28b0	_getmemlist	0xf	1	0	0	1
1273	0xf005040c	_getmp	0xf	1	0	0	1
1274	0xf0024f1c	_getnewbuf	0xf	1	0	0	1
1275	0xf0024ffc	_getnewbuf_count	0xf	1	0	0	1
1276	0xf000de44	_getpagesize	0xf	1	0	0	1
1277	0xf0022234	_getpeername	0xf	1	0	0	1
1278	0xf000ee5c	_getpgrp	0xf	1	0	0	1
1279	0xf000ee28	_getpid	0xf	1	0	0	1
1280	0xf0043734	_getport_loop	0xf	1	0	0	1
1281	0xf000ef34	_getposix	0xf	1	0	0	1
1282	0xf000fcb4	_getpriority	0xf	1	0	0	1
1283	0xf000e540	_getproc	0xf	1	0	0	1
1284	0xf0096f40	_getprocessorid	0xf	1	0	0	1
1285	0xf00b10ac	_getprop	0xf	1	0	0	1
1286	0xf00e4f80	_getproperty	0xf	1	0	0	1
1287	0xf00b1100	_getproplen	0xf	1	0	0	1
1288	0xf0096e00	_getpsr	0xf	1	0	0	1
1289	0xf00a97a4	_getregaddr	0xf	1	0	0	1
1290	0xf0010318	_getrlimit	0xf	1	0	0	1
1291	0xf001036c	_getrusage	0xf	1	0	0	1
1292	0xf00a7268	_gets	0xf	1	0	0	1
1293	0xf006a328	_getsectbyname	0xf	1	0	0	1
1294	0xf006a070	_getsectbynamefromheader	0xf	1	0	0	1
1295	0xf006a034	_getsectdatafromheader	0xf	1	0	0	1
1296	0xf00f1be4	_getsectdatafromheaderinfo	0xf	1	0	0	1
1297	0xf006a2e0	_getsegbyname	0xf	1	0	0	1
1298	0xf006a14c	_getsegbynamefromheader	0xf	1	0	0	1
1299	0xf00223d0	_getsock	0xf	1	0	0	1
1300	0xf0022120	_getsockname	0xf	1	0	0	1
1301	0xf0021e00	_getsockopt	0xf	1	0	0	1
1302	0xf0096e08	_getsp	0xf	1	0	0	1
1303	0xf0096df8	_gettbr	0xf	1	0	0	1
1304	0xf0012f8c	_getthetime	0xf	1	0	0	1
1305	0xf0012e78	_gettimeofday	0xf	1	0	0	1
1306	0xf000eebc	_getuid	0xf	1	0	0	1
1307	0xf00a3b6c	_getval	0xf	1	0	0	1
1308	0xf0096df8	_getvbr	0xf	1	0	0	1
1309	0xf0024218	_getvfs	0xf	1	0	0	1
1310	0xf0028a18	_getvnodefp	0xf	1	0	0	1
1311	0xf013f648	_glLanguage	0xf	6	0	0	1
1312	0xf0099a38	_grade_cpu_subtype	0xf	1	0	0	1
1313	0xf000f8f8	_groupmember	0xf	1	0	0	1
1314	0xf00114dc	_gsignal	0xf	1	0	0	1
1315	0xf0099f9c	_halt_cpu	0xf	1	0	0	1
1316	0xf0099c0c	_halt_thread	0xf	1	0	0	1
1317	0xf00a659c	_handle_aflt	0xf	1	0	0	1
1318	0xf0009d8c	_hardclock	0xf	1	0	0	1
1319	0xf009783c	_hardclock_init	0xf	1	0	0	1
1320	0xf0015284	_harderr	0xf	1	0	0	1
1321	0xf00edfc8	_hashPtrStructKey	0xf	1	0	0	1
1322	0xf00edffc	_hashStrStructKey	0xf	1	0	0	1
1323	0xf004938c	_hashalloc	0xf	1	0	0	1
1324	0xf01192c0	_hat_cachesync_bug	0xf	4	0	0	1
1325	0xf011e068	_hex_unit_devices	0xf	4	0	0	1
1326	0xf0069bb8	_host_adjust_time	0xf	1	0	0	1
1327	0xf0069af4	_host_get_time	0xf	1	0	0	1
1328	0xf0064cfc	_host_info	0xf	1	0	0	1
1329	0xf005eea0	_host_ipc_hash_info	0xf	1	0	0	1
1330	0xf005efd4	_host_ipc_marequest_info	0xf	1	0	0	1
1331	0xf0064ea0	_host_kernel_version	0xf	1	0	0	1
1332	0xf0067bd4	_host_priv_self	0xf	1	0	0	1
1333	0xf0064f30	_host_processor_set_priv	0xf	1	0	0	1
1334	0xf0064ed4	_host_processor_sets	0xf	1	0	0	1
1335	0xf0064bf4	_host_processors	0xf	1	0	0	1
1336	0xf006503c	_host_self	0xf	1	0	0	1
1337	0xf0069b40	_host_set_time	0xf	1	0	0	1
1338	0xf00760ec	_host_stack_usage	0xf	1	0	0	1
1339	0xf0079934	_host_zone_free_space_info	0xf	1	0	0	1
1340	0xf00795ac	_host_zone_info	0xf	1	0	0	1
1341	0xf0134628	_hostid	0xf	6	0	0	1
1342	0xf0134630	_hostname	0xf	6	0	0	1
1343	0xf0134730	_hostnamelen	0xf	6	0	0	1
1344	0xf010c59c	_hosts	0xf	4	0	0	1
1345	0xf0094f74	_hwbcopy	0xf	1	0	0	1
1346	0xf0095040	_hwbzero	0xf	1	0	0	1
1347	0xf010fbe0	_hz	0xf	4	0	0	1
1348	0xf000a06c	_hzto	0xf	1	0	0	1
1349	0xf004f108	_iaccess	0xf	1	0	0	1
1350	0xf0048f58	_ialloc	0xf	1	0	0	1
1351	0xf0049e60	_ialloccg	0xf	1	0	0	1
1352	0xf003106c	_icmp_error	0xf	1	0	0	1
1353	0xf00312a8	_icmp_input	0xf	1	0	0	1
1354	0xf00318a4	_icmp_reflect	0xf	1	0	0	1
1355	0xf00319f0	_icmp_send	0xf	1	0	0	1
1356	0xf0031ac0	_icmp_sendMaskPacket	0xf	1	0	0	1
1357	0xf0136560	_icmpstat	0xf	6	0	0	1
1358	0xf0072350	_idle_thread	0xf	1	0	0	1
1359	0xf0072110	_idle_thread_continue	0xf	1	0	0	1
1360	0xf00b1394	_idprom	0xf	1	0	0	1
1361	0xf004e318	_idrop	0xf	1	0	0	1
1362	0xf002bfd4	_if_attach	0xf	1	0	0	1
1363	0xf002be34	_if_class	0xf	1	0	0	1
1364	0xf002be94	_if_collisions	0xf	1	0	0	1
1365	0xf002bef4	_if_collisions_set	0xf	1	0	0	1
1366	0xf002bc18	_if_control	0xf	1	0	0	1
1367	0xf002bf80	_if_detach	0xf	1	0	0	1
1368	0xf0029ac4	_if_down	0xf	1	0	0	1
1369	0xf0029b40	_if_down_all	0xf	1	0	0	1
1370	0xf002be44	_if_flags	0xf	1	0	0	1
1371	0xf002bea4	_if_flags_set	0xf	1	0	0	1
1372	0xf002bdb8	_if_getbuf	0xf	1	0	0	1
1373	0xf002c1b8	_if_handle_input	0xf	1	0	0	1
1374	0xf002be84	_if_ierrors	0xf	1	0	0	1
1375	0xf002bee4	_if_ierrors_set	0xf	1	0	0	1
1376	0xf002bd8c	_if_init	0xf	1	0	0	1
1377	0xf002bc50	_if_ioctl	0xf	1	0	0	1
1378	0xf002be64	_if_ipackets	0xf	1	0	0	1
1379	0xf002bec4	_if_ipackets_set	0xf	1	0	0	1
1380	0xf002be24	_if_mtu	0xf	1	0	0	1
1381	0xf002be04	_if_name	0xf	1	0	0	1
1382	0xf002be74	_if_oerrors	0xf	1	0	0	1
1383	0xf002bed4	_if_oerrors_set	0xf	1	0	0	1
1384	0xf002be54	_if_opackets	0xf	1	0	0	1
1385	0xf002beb4	_if_opackets_set	0xf	1	0	0	1
1386	0xf002bbe0	_if_output	0xf	1	0	0	1
1387	0xf002c2c8	_if_output_mbuf	0xf	1	0	0	1
1388	0xf002bde4	_if_private	0xf	1	0	0	1
1389	0xf0029b0c	_if_qflush	0xf	1	0	0	1
1390	0xf002c128	_if_registervirtual	0xf	1	0	0	1
1391	0xf002be14	_if_type	0xf	1	0	0	1
1392	0xf002bdf4	_if_unit	0xf	1	0	0	1
1393	0xf00298c8	_ifa_ifwithaddr	0xf	1	0	0	1
1394	0xf002997c	_ifa_ifwithdstaddr	0xf	1	0	0	1
1395	0xf0029a10	_ifa_ifwithnet	0xf	1	0	0	1
1396	0xf0029ab0	_ifb_ifwithaf	0xf	1	0	0	1
1397	0xf0029f3c	_ifconf	0xf	1	0	0	1
1398	0xf00298bc	_ifinit	0xf	1	0	0	1
1399	0xf0029c5c	_ifioctl	0xf	1	0	0	1
1400	0xf002bf44	_iflist_first	0xf	1	0	0	1
1401	0xf002bf58	_iflist_next	0xf	1	0	0	1
1402	0xf004efc4	_iflush	0xf	1	0	0	1
1403	0xf01340b8	_ifnet	0xf	6	0	0	1
1404	0xf00319a8	_ifptoia	0xf	1	0	0	1
1405	0xf010c1d8	_ifqmaxlen	0xf	4	0	0	1
1406	0xf004a674	_ifree	0xf	1	0	0	1
1407	0xf013ada0	_ifreeh	0xf	6	0	0	1
1408	0xf013ada8	_ifreet	0xf	6	0	0	1
1409	0xf010ebbc	_iftovt_tab	0xf	4	0	0	1
1410	0xf0029b88	_ifunit	0xf	1	0	0	1
1411	0xf004dcd8	_iget	0xf	1	0	0	1
1412	0xf0039330	_igmp_fasttimo	0xf	1	0	0	1
1413	0xf0038ddc	_igmp_init	0xf	1	0	0	1
1414	0xf0038df8	_igmp_input	0xf	1	0	0	1
1415	0xf0039210	_igmp_joingroup	0xf	1	0	0	1
1416	0xf00392a8	_igmp_leavegroup	0xf	1	0	0	1
1417	0xf00393c4	_igmp_sendreport	0xf	1	0	0	1
1418	0xf013a8a0	_igmpstat	0xf	6	0	0	1
1419	0xf013adb0	_ihead	0xf	6	0	0	1
1420	0xf004dc68	_ihinit	0xf	1	0	0	1
1421	0xf004e3d0	_iinactive	0xf	1	0	0	1
1422	0xf004f088	_ilock	0xf	1	0	0	1
1423	0xf00154e4	_imax	0xf	1	0	0	1
1424	0xf00154cc	_imin	0xf	1	0	0	1
1425	0xf012ef44	_inPort	0xf	4	0	0	1
1426	0xf002f604	_in_addmulti	0xf	1	0	0	1
1427	0xf002d9d0	_in_arpinput	0xf	1	0	0	1
1428	0xf002f828	_in_bootp	0xf	1	0	0	1
1429	0xf002fcc4	_in_bootp_bptombuf	0xf	1	0	0	1
1430	0xf002f308	_in_broadcast	0xf	1	0	0	1
1431	0xf002e980	_in_canforward	0xf	1	0	0	1
1432	0xf0098e88	_in_cksum	0xf	1	0	0	1
1433	0xf002e9cc	_in_control	0xf	1	0	0	1
1434	0xf002f78c	_in_delmulti	0xf	1	0	0	1
1435	0xf002f2c0	_in_iaonnetof	0xf	1	0	0	1
1436	0xf0136470	_in_ifaddr	0xf	6	0	0	1
1437	0xf002efe8	_in_ifinit	0xf	1	0	0	1
1438	0xf0136498	_in_interfaces	0xf	6	0	0	1
1439	0xf002e808	_in_lnaof	0xf	1	0	0	1
1440	0xf002e8dc	_in_localaddr	0xf	1	0	0	1
1441	0xf0030edc	_in_losing	0xf	1	0	0	1
1442	0xf002e6bc	_in_makeaddr	0xf	1	0	0	1
1443	0xf002e754	_in_netof	0xf	1	0	0	1
1444	0xf003069c	_in_pcballoc	0xf	1	0	0	1
1445	0xf00306f0	_in_pcbbind	0xf	1	0	0	1
1446	0xf00308e4	_in_pcbconnect	0xf	1	0	0	1
1447	0xf0030ca0	_in_pcbdetach	0xf	1	0	0	1
1448	0xf0030c70	_in_pcbdisconnect	0xf	1	0	0	1
1449	0xf0030f48	_in_pcblookup	0xf	1	0	0	1
1450	0xf0030d94	_in_pcbnotify	0xf	1	0	0	1
1451	0xf0030f20	_in_rtchange	0xf	1	0	0	1
1452	0xf0030d54	_in_setpeeraddr	0xf	1	0	0	1
1453	0xf0030d14	_in_setsockaddr	0xf	1	0	0	1
1454	0xf00249cc	_incore	0xf	1	0	0	1
1455	0xf0005248	_index	0xf	1	0	0	1
1456	0xf00a9178	_indir	0xf	1	0	0	1
1457	0xf012e578	_indirectDevList	0xf	4	0	0	1
1458	0xf004edfc	_indirtrunc	0xf	1	0	0	1
1459	0xf002e634	_inet_hash	0xf	1	0	0	1
1460	0xf002e680	_inet_netmatch	0xf	1	0	0	1
1461	0xf002f394	_inet_ntoa	0xf	1	0	0	1
1462	0xf002f490	_inet_queue	0xf	1	0	0	1
1463	0xf010c810	_inetctlerrmap	0xf	4	0	0	1
1464	0xf010c6f0	_inetdomain	0xf	4	0	0	1
1465	0xf010c5a0	_inetsw	0xf	4	0	0	1
1466	0xf000e470	_inferior	0xf	1	0	0	1
1467	0xf0068330	_initKernelStacks	0xf	1	0	0	1
1468	0xf0097184	_init_all_fsr	0xf	1	0	0	1
1469	0xf010af68	_init_args	0xf	4	0	0	1
1470	0xf010afe8	_init_attempts	0xf	4	0	0	1
1471	0xf00a3024	_init_context_table	0xf	1	0	0	1
1472	0xf0134a40	_init_exec_args	0xf	6	0	0	1
1473	0xf00a1d78	_init_kernel_page_tables	0xf	1	0	0	1
1474	0xf00a471c	_init_mem_installed	0xf	1	0	0	1
1475	0xf00a4864	_init_mem_regions	0xf	1	0	0	1
1476	0xf00a5b08	_init_mon_clock	0xf	1	0	0	1
1477	0xf0134738	_init_proc	0xf	6	0	0	1
1478	0xf000d614	_init_process	0xf	1	0	0	1
1479	0xf010aee8	_init_program_name	0xf	4	0	0	1
1480	0xf0009670	_init_task	0xf	1	0	0	1
1481	0xf0069ae0	_init_timeout	0xf	1	0	0	1
1482	0xf00699b0	_init_timeout_element	0xf	1	0	0	1
1483	0xf00778f8	_init_timers	0xf	1	0	0	1
1484	0xf00a7470	_initrootnet	0xf	1	0	0	1
1485	0xf0013070	_inittodr	0xf	1	0	0	1
1486	0xf004db40	_inode_cache_clear	0xf	1	0	0	1
1487	0xf0135140	_inode_list	0xf	6	0	0	1
1488	0xf013bdb0	_inode_zone	0xf	6	0	0	1
1489	0xf00a47e4	_insert_in_mem_regions	0xf	1	0	0	1
1490	0xf000ebcc	_insert_posix_proc	0xf	1	0	0	1
1491	0xf010ee44	_inside	0xf	4	0	0	1
1492	0xf006f9e4	_insque	0xf	1	0	0	1
1493	0xf00a4648	_installed_top_size	0xf	1	0	0	1
1494	0xf010a2e8	_int_vector	0xf	4	0	0	1
1495	0xf00d6a84	_interruptHandler	0xf	1	0	0	1
1496	0xf010a368	_intrnames	0xf	4	0	0	1
1497	0xf00fe000	_intstack	0xf	4	0	0	1
1498	0xf00158d8	_ioctl	0xf	1	0	0	1
1499	0xf0119338	_iom	0xf	4	0	0	1
1500	0xf0099788	_iom_dvma_pteload	0xf	1	0	0	1
1501	0xf0099878	_iom_dvma_unload	0xf	1	0	0	1
1502	0xf00995f4	_iom_init	0xf	1	0	0	1
1503	0xf00998d8	_iom_ptefind	0xf	1	0	0	1
1504	0xf00997fc	_iom_pteload	0xf	1	0	0	1
1505	0xf00998a8	_iom_pteunload	0xf	1	0	0	1
1506	0xf0097098	_iommu_addr_flush	0xf	1	0	0	1
1507	0xf00b0bb0	_iommu_attach	0xf	1	0	0	1
1508	0xf0097088	_iommu_flush_all	0xf	1	0	0	1
1509	0xf00b0b8c	_iommu_identify	0xf	1	0	0	1
1510	0xf0112a4c	_iommu_info	0xf	4	0	0	1
1511	0xf011c528	_iommu_ops	0xf	4	0	0	1
1512	0xf0097078	_iommu_set_base	0xf	1	0	0	1
1513	0xf009706c	_iommu_set_ctl	0xf	1	0	0	1
1514	0xf013db00	_iopbmap	0xf	6	0	0	1
1515	0xf013db08	_ioptes	0xf	6	0	0	1
1516	0xf0033e48	_ip_ctloutput	0xf	1	0	0	1
1517	0xf00328a0	_ip_deq	0xf	1	0	0	1
1518	0xf00329a8	_ip_dooptions	0xf	1	0	0	1
1519	0xf0032954	_ip_drain	0xf	1	0	0	1
1520	0xf003287c	_ip_enq	0xf	1	0	0	1
1521	0xf0032fa0	_ip_forward	0xf	1	0	0	1
1522	0xf003281c	_ip_freef	0xf	1	0	0	1
1523	0xf0034788	_ip_freemoptions	0xf	1	0	0	1
1524	0xf0034660	_ip_getmoptions	0xf	1	0	0	1
1525	0xf01364a0	_ip_id	0xf	6	0	0	1
1526	0xf0031cf4	_ip_init	0xf	1	0	0	1
1527	0xf0033c1c	_ip_insertoptions	0xf	1	0	0	1
1528	0xf00395fc	_ip_mforward	0xf	1	0	0	1
1529	0xf00347e0	_ip_mloopback	0xf	1	0	0	1
1530	0xf010c9e0	_ip_mrouter	0xf	4	0	0	1
1531	0xf00395e4	_ip_mrouter_cmd	0xf	1	0	0	1
1532	0xf00395f0	_ip_mrouter_done	0xf	1	0	0	1
1533	0xf010c9e4	_ip_mrtproto	0xf	4	0	0	1
1534	0xf010c7cc	_ip_nhops	0xf	4	0	0	1
1535	0xf0033d9c	_ip_optcopy	0xf	1	0	0	1
1536	0xf0033480	_ip_output	0xf	1	0	0	1
1537	0xf0033f98	_ip_pcbopts	0xf	1	0	0	1
1538	0xf0136620	_ip_protox	0xf	6	0	0	1
1539	0xf003252c	_ip_reass	0xf	1	0	0	1
1540	0xf0032d14	_ip_rtaddr	0xf	1	0	0	1
1541	0xf003410c	_ip_setmoptions	0xf	1	0	0	1
1542	0xf00328c4	_ip_slowtimo	0xf	1	0	0	1
1543	0xf0032e60	_ip_srcroute	0xf	1	0	0	1
1544	0xf0032f14	_ip_stripoptions	0xf	1	0	0	1
1545	0xf010c7dc	_ipaddr	0xf	4	0	0	1
1546	0xf0054b68	_ipc_bootstrap	0xf	1	0	0	1
1547	0xf0053b28	_ipc_entry_alloc	0xf	1	0	0	1
1548	0xf0053ba8	_ipc_entry_alloc_name	0xf	1	0	0	1
1549	0xf0053e78	_ipc_entry_dealloc	0xf	1	0	0	1
1550	0xf0053ac0	_ipc_entry_get	0xf	1	0	0	1
1551	0xf0054060	_ipc_entry_grow_table	0xf	1	0	0	1
1552	0xf0053a3c	_ipc_entry_lookup	0xf	1	0	0	1
1553	0xf00539dc	_ipc_entry_tree_collision	0xf	1	0	0	1
1554	0xf00545b0	_ipc_hash_delete	0xf	1	0	0	1
1555	0xf0054764	_ipc_hash_global_delete	0xf	1	0	0	1
1556	0xf00546f0	_ipc_hash_global_insert	0xf	1	0	0	1
1557	0xf0054604	_ipc_hash_global_lookup	0xf	1	0	0	1
1558	0xf013bee0	_ipc_hash_global_mask	0xf	6	0	0	1
1559	0xf013bee8	_ipc_hash_global_size	0xf	6	0	0	1
1560	0xf013bef0	_ipc_hash_global_table	0xf	6	0	0	1
1561	0xf0054abc	_ipc_hash_info	0xf	1	0	0	1
1562	0xf00549e4	_ipc_hash_init	0xf	1	0	0	1
1563	0xf005455c	_ipc_hash_insert	0xf	1	0	0	1
1564	0xf0054900	_ipc_hash_local_delete	0xf	1	0	0	1
1565	0xf00548a8	_ipc_hash_local_insert	0xf	1	0	0	1
1566	0xf0054804	_ipc_hash_local_lookup	0xf	1	0	0	1
1567	0xf0054500	_ipc_hash_lookup	0xf	1	0	0	1
1568	0xf0064f6c	_ipc_host_init	0xf	1	0	0	1
1569	0xf0054cdc	_ipc_init	0xf	1	0	0	1
1570	0xf013bef8	_ipc_kernel_map	0xf	6	0	0	1
1571	0xf010f3a8	_ipc_kernel_map_size	0xf	4	0	0	1
1572	0xf013bf48	_ipc_kmsg_cache	0xf	6	0	0	1
1573	0xf005501c	_ipc_kmsg_clean	0xf	1	0	0	1
1574	0xf0054ec0	_ipc_kmsg_clean_body	0xf	1	0	0	1
1575	0xf00550a8	_ipc_kmsg_clean_partial	0xf	1	0	0	1
1576	0xf0055e50	_ipc_kmsg_copyin	0xf	1	0	0	1
1577	0xf005724c	_ipc_kmsg_copyin_compat	0xf	1	0	0	1
1578	0xf00576a0	_ipc_kmsg_copyin_compat_from_kernel	0xf	1	0	0	1
1579	0xf0056204	_ipc_kmsg_copyin_from_kernel	0xf	1	0	0	1
1580	0xf0055464	_ipc_kmsg_copyin_header	0xf	1	0	0	1
1581	0xf0057028	_ipc_kmsg_copyout	0xf	1	0	0	1
1582	0xf0056e0c	_ipc_kmsg_copyout_body	0xf	1	0	0	1
1583	0xf005790c	_ipc_kmsg_copyout_compat	0xf	1	0	0	1
1584	0xf0057124	_ipc_kmsg_copyout_dest	0xf	1	0	0	1
1585	0xf0056410	_ipc_kmsg_copyout_header	0xf	1	0	0	1
1586	0xf0056c90	_ipc_kmsg_copyout_object	0xf	1	0	0	1
1587	0xf005708c	_ipc_kmsg_copyout_pseudo	0xf	1	0	0	1
1588	0xf0054d88	_ipc_kmsg_dequeue	0xf	1	0	0	1
1589	0xf0054e28	_ipc_kmsg_destroy	0xf	1	0	0	1
1590	0xf0054d4c	_ipc_kmsg_enqueue	0xf	1	0	0	1
1591	0xf0055200	_ipc_kmsg_free	0xf	1	0	0	1
1592	0xf005524c	_ipc_kmsg_get	0xf	1	0	0	1
1593	0xf0055348	_ipc_kmsg_get_from_kernel	0xf	1	0	0	1
1594	0xf00553a0	_ipc_kmsg_put	0xf	1	0	0	1
1595	0xf0055424	_ipc_kmsg_put_to_kernel	0xf	1	0	0	1
1596	0xf0054e08	_ipc_kmsg_queue_next	0xf	1	0	0	1
1597	0xf0054dcc	_ipc_kmsg_rmqueue	0xf	1	0	0	1
1598	0xf006586c	_ipc_kobject_destroy	0xf	1	0	0	1
1599	0xf00658d8	_ipc_kobject_notify	0xf	1	0	0	1
1600	0xf00655c4	_ipc_kobject_server	0xf	1	0	0	1
1601	0xf0065820	_ipc_kobject_set	0xf	1	0	0	1
1602	0xf0057f70	_ipc_marequest_cancel	0xf	1	0	0	1
1603	0xf0057da4	_ipc_marequest_create	0xf	1	0	0	1
1604	0xf005813c	_ipc_marequest_destroy	0xf	1	0	0	1
1605	0xf00582c0	_ipc_marequest_info	0xf	1	0	0	1
1606	0xf0057c8c	_ipc_marequest_init	0xf	1	0	0	1
1607	0xf013bf50	_ipc_marequest_mask	0xf	6	0	0	1
1608	0xf010f418	_ipc_marequest_max	0xf	4	0	0	1
1609	0xf0058024	_ipc_marequest_rename	0xf	1	0	0	1
1610	0xf013bf58	_ipc_marequest_size	0xf	6	0	0	1
1611	0xf013bf60	_ipc_marequest_table	0xf	6	0	0	1
1612	0xf013bf68	_ipc_marequest_zone	0xf	6	0	0	1
1613	0xf0058450	_ipc_mqueue_changed	0xf	1	0	0	1
1614	0xf00588fc	_ipc_mqueue_copyin	0xf	1	0	0	1
1615	0xf0058378	_ipc_mqueue_init	0xf	1	0	0	1
1616	0xf0058390	_ipc_mqueue_move	0xf	1	0	0	1
1617	0xf0058ab8	_ipc_mqueue_receive	0xf	1	0	0	1
1618	0xf005847c	_ipc_mqueue_send	0xf	1	0	0	1
1619	0xf00587ac	_ipc_mqueue_send_interrupt	0xf	1	0	0	1
1620	0xf005934c	_ipc_notify_dead_name	0xf	1	0	0	1
1621	0xf013bf70	_ipc_notify_dead_name_template	0xf	6	0	0	1
1622	0xf0058f98	_ipc_notify_init	0xf	1	0	0	1
1623	0xf0058f34	_ipc_notify_init_dead_name	0xf	1	0	0	1
1624	0xf0058dd0	_ipc_notify_init_msg_accepted	0xf	1	0	0	1
1625	0xf0058e9c	_ipc_notify_init_no_senders	0xf	1	0	0	1
1626	0xf0058d6c	_ipc_notify_init_port_deleted	0xf	1	0	0	1
1627	0xf0058e34	_ipc_notify_init_port_destroyed	0xf	1	0	0	1
1628	0xf0058f00	_ipc_notify_init_send_once	0xf	1	0	0	1
1629	0xf005909c	_ipc_notify_msg_accepted	0xf	1	0	0	1
1630	0xf00594b4	_ipc_notify_msg_accepted_compat	0xf	1	0	0	1
1631	0xf013bf90	_ipc_notify_msg_accepted_template	0xf	6	0	0	1
1632	0xf0059204	_ipc_notify_no_senders	0xf	1	0	0	1
1633	0xf013bfb0	_ipc_notify_no_senders_template	0xf	6	0	0	1
1634	0xf0058fec	_ipc_notify_port_deleted	0xf	1	0	0	1
1635	0xf00593fc	_ipc_notify_port_deleted_compat	0xf	1	0	0	1
1636	0xf013bfd0	_ipc_notify_port_deleted_template	0xf	6	0	0	1
1637	0xf005914c	_ipc_notify_port_destroyed	0xf	1	0	0	1
1638	0xf005956c	_ipc_notify_port_destroyed_compat	0xf	1	0	0	1
1639	0xf013bff0	_ipc_notify_port_destroyed_template	0xf	6	0	0	1
1640	0xf00592b4	_ipc_notify_send_once	0xf	1	0	0	1
1641	0xf013c010	_ipc_notify_send_once_template	0xf	6	0	0	1
1642	0xf0059818	_ipc_object_alloc	0xf	1	0	0	1
1643	0xf0059764	_ipc_object_alloc_dead	0xf	1	0	0	1
1644	0xf00597b0	_ipc_object_alloc_dead_name	0xf	1	0	0	1
1645	0xf00598d4	_ipc_object_alloc_name	0xf	1	0	0	1
1646	0xf0059a68	_ipc_object_copyin	0xf	1	0	0	1
1647	0xf005a10c	_ipc_object_copyin_compat	0xf	1	0	0	1
1648	0xf0059afc	_ipc_object_copyin_from_kernel	0xf	1	0	0	1
1649	0xf005a14c	_ipc_object_copyin_header	0xf	1	0	0	1
1650	0xf00599bc	_ipc_object_copyin_type	0xf	1	0	0	1
1651	0xf0059cf4	_ipc_object_copyout	0xf	1	0	0	1
1652	0xf005a188	_ipc_object_copyout_compat	0xf	1	0	0	1
1653	0xf0059f54	_ipc_object_copyout_dest	0xf	1	0	0	1
1654	0xf0059e2c	_ipc_object_copyout_name	0xf	1	0	0	1
1655	0xf005a34c	_ipc_object_copyout_name_compat	0xf	1	0	0	1
1656	0xf005a0d8	_ipc_object_copyout_type_compat	0xf	1	0	0	1
1657	0xf0059c9c	_ipc_object_destroy	0xf	1	0	0	1
1658	0xf0059630	_ipc_object_reference	0xf	1	0	0	1
1659	0xf0059670	_ipc_object_release	0xf	1	0	0	1
1660	0xf005a040	_ipc_object_rename	0xf	1	0	0	1
1661	0xf00596dc	_ipc_object_translate	0xf	1	0	0	1
1662	0xf013bf00	_ipc_object_zones	0xf	6	0	0	1
1663	0xf005aa64	_ipc_port_alloc	0xf	1	0	0	1
1664	0xf005b3a4	_ipc_port_alloc_compat	0xf	1	0	0	1
1665	0xf005aabc	_ipc_port_alloc_name	0xf	1	0	0	1
1666	0xf005b30c	_ipc_port_alloc_special	0xf	1	0	0	1
1667	0xf005adc4	_ipc_port_check_circularity	0xf	1	0	0	1
1668	0xf005a928	_ipc_port_clear_receiver	0xf	1	0	0	1
1669	0xf005b03c	_ipc_port_copy_send	0xf	1	0	0	1
1670	0xf005b564	_ipc_port_copyout_receiver	0xf	1	0	0	1
1671	0xf005b0b4	_ipc_port_copyout_send	0xf	1	0	0	1
1672	0xf005b510	_ipc_port_copyout_send_compat	0xf	1	0	0	1
1673	0xf005b35c	_ipc_port_dealloc_special	0xf	1	0	0	1
1674	0xf005ab0c	_ipc_port_delete_compat	0xf	1	0	0	1
1675	0xf005ab94	_ipc_port_destroy	0xf	1	0	0	1
1676	0xf005a714	_ipc_port_dncancel	0xf	1	0	0	1
1677	0xf005a55c	_ipc_port_dngrow	0xf	1	0	0	1
1678	0xf005a50c	_ipc_port_dnrequest	0xf	1	0	0	1
1679	0xf005aa18	_ipc_port_init	0xf	1	0	0	1
1680	0xf005a814	_ipc_port_lock_mqueue	0xf	1	0	0	1
1681	0xf005af68	_ipc_port_lookup_notify	0xf	1	0	0	1
1682	0xf005afe4	_ipc_port_make_send	0xf	1	0	0	1
1683	0xf005b1e4	_ipc_port_make_sonce	0xf	1	0	0	1
1684	0xf010f3b4	_ipc_port_max	0xf	4	0	0	1
1685	0xf013bf08	_ipc_port_multiple_lock_data	0xf	6	0	0	1
1686	0xf005a75c	_ipc_port_nsrequest	0xf	1	0	0	1
1687	0xf005a740	_ipc_port_pdrequest	0xf	1	0	0	1
1688	0xf005b2bc	_ipc_port_release_receive	0xf	1	0	0	1
1689	0xf005b11c	_ipc_port_release_send	0xf	1	0	0	1
1690	0xf005b230	_ipc_port_release_sonce	0xf	1	0	0	1
1691	0xf005a7b4	_ipc_port_set_qlimit	0xf	1	0	0	1
1692	0xf005a90c	_ipc_port_set_seqno	0xf	1	0	0	1
1693	0xf005a4c0	_ipc_port_timestamp	0xf	1	0	0	1
1694	0xf013bf10	_ipc_port_timestamp_data	0xf	6	0	0	1
1695	0xf013bf18	_ipc_port_timestamp_lock_data	0xf	6	0	0	1
1696	0xf0065068	_ipc_processor_init	0xf	1	0	0	1
1697	0xf005b6b0	_ipc_pset_add	0xf	1	0	0	1
1698	0xf005b608	_ipc_pset_alloc	0xf	1	0	0	1
1699	0xf005b660	_ipc_pset_alloc_name	0xf	1	0	0	1
1700	0xf005b9ec	_ipc_pset_destroy	0xf	1	0	0	1
1701	0xf00651a0	_ipc_pset_disable	0xf	1	0	0	1
1702	0xf0065104	_ipc_pset_enable	0xf	1	0	0	1
1703	0xf00650ac	_ipc_pset_init	0xf	1	0	0	1
1704	0xf010f3b8	_ipc_pset_max	0xf	4	0	0	1
1705	0xf005b7c4	_ipc_pset_move	0xf	1	0	0	1
1706	0xf005b744	_ipc_pset_remove	0xf	1	0	0	1
1707	0xf0065204	_ipc_pset_terminate	0xf	1	0	0	1
1708	0xf005bea4	_ipc_right_check	0xf	1	0	0	1
1709	0xf005bf98	_ipc_right_clean	0xf	1	0	0	1
1710	0xf005ce70	_ipc_right_copyin	0xf	1	0	0	1
1711	0xf005cd78	_ipc_right_copyin_check	0xf	1	0	0	1
1712	0xf005d880	_ipc_right_copyin_compat	0xf	1	0	0	1
1713	0xf005dbe4	_ipc_right_copyin_header	0xf	1	0	0	1
1714	0xf005d3b0	_ipc_right_copyin_two	0xf	1	0	0	1
1715	0xf005d308	_ipc_right_copyin_undo	0xf	1	0	0	1
1716	0xf005d500	_ipc_right_copyout	0xf	1	0	0	1
1717	0xf005c490	_ipc_right_dealloc	0xf	1	0	0	1
1718	0xf005c7a0	_ipc_right_delta	0xf	1	0	0	1
1719	0xf005c1b8	_ipc_right_destroy	0xf	1	0	0	1
1720	0xf005bd6c	_ipc_right_dncancel	0xf	1	0	0	1
1721	0xf005bb88	_ipc_right_dnrequest	0xf	1	0	0	1
1722	0xf005ccc0	_ipc_right_info	0xf	1	0	0	1
1723	0xf005bdb4	_ipc_right_inuse	0xf	1	0	0	1
1724	0xf005ba7c	_ipc_right_lookup_write	0xf	1	0	0	1
1725	0xf005d68c	_ipc_right_rename	0xf	1	0	0	1
1726	0xf005baf4	_ipc_right_reverse	0xf	1	0	0	1
1727	0xf013bf20	_ipc_soft_map	0xf	6	0	0	1
1728	0xf013bf28	_ipc_soft_task	0xf	6	0	0	1
1729	0xf005dea0	_ipc_space_create	0xf	1	0	0	1
1730	0xf005df84	_ipc_space_create_special	0xf	1	0	0	1
1731	0xf005dfc4	_ipc_space_destroy	0xf	1	0	0	1
1732	0xf013bf30	_ipc_space_kernel	0xf	6	0	0	1
1733	0xf010f3ac	_ipc_space_max	0xf	4	0	0	1
1734	0xf005de08	_ipc_space_reference	0xf	1	0	0	1
1735	0xf005de48	_ipc_space_release	0xf	1	0	0	1
1736	0xf013bf38	_ipc_space_reply	0xf	6	0	0	1
1737	0xf013bf40	_ipc_space_zone	0xf	6	0	0	1
1738	0xf005eb34	_ipc_splay_traverse_finish	0xf	1	0	0	1
1739	0xf005e93c	_ipc_splay_traverse_next	0xf	1	0	0	1
1740	0xf005e8d0	_ipc_splay_traverse_start	0xf	1	0	0	1
1741	0xf005e7e4	_ipc_splay_tree_bounds	0xf	1	0	0	1
1742	0xf005e498	_ipc_splay_tree_delete	0xf	1	0	0	1
1743	0xf005e2f4	_ipc_splay_tree_init	0xf	1	0	0	1
1744	0xf005e3c0	_ipc_splay_tree_insert	0xf	1	0	0	1
1745	0xf005e6fc	_ipc_splay_tree_join	0xf	1	0	0	1
1746	0xf005e330	_ipc_splay_tree_lookup	0xf	1	0	0	1
1747	0xf005e304	_ipc_splay_tree_pick	0xf	1	0	0	1
1748	0xf005e5c0	_ipc_splay_tree_split	0xf	1	0	0	1
1749	0xf005ecc8	_ipc_table_alloc	0xf	1	0	0	1
1750	0xf013c028	_ipc_table_dnrequests	0xf	6	0	0	1
1751	0xf010f7ec	_ipc_table_dnrequests_size	0xf	4	0	0	1
1752	0xf013c030	_ipc_table_entries	0xf	6	0	0	1
1753	0xf010f7e8	_ipc_table_entries_size	0xf	4	0	0	1
1754	0xf005eb68	_ipc_table_fill	0xf	1	0	0	1
1755	0xf005ed50	_ipc_table_free	0xf	1	0	0	1
1756	0xf005ec38	_ipc_table_init	0xf	1	0	0	1
1757	0xf005ed18	_ipc_table_realloc	0xf	1	0	0	1
1758	0xf0066c0c	_ipc_task_disable	0xf	1	0	0	1
1759	0xf0066bbc	_ipc_task_enable	0xf	1	0	0	1
1760	0xf0066ab4	_ipc_task_init	0xf	1	0	0	1
1761	0xf0066c5c	_ipc_task_terminate	0xf	1	0	0	1
1762	0xf005edc4	_ipc_thread_dequeue	0xf	1	0	0	1
1763	0xf0066e54	_ipc_thread_disable	0xf	1	0	0	1
1764	0xf0066e04	_ipc_thread_enable	0xf	1	0	0	1
1765	0xf005ed90	_ipc_thread_enqueue	0xf	1	0	0	1
1766	0xf0066d5c	_ipc_thread_init	0xf	1	0	0	1
1767	0xf005ee10	_ipc_thread_rmqueue	0xf	1	0	0	1
1768	0xf0066ea4	_ipc_thread_terminate	0xf	1	0	0	1
1769	0xf010f3b0	_ipc_tree_entry_max	0xf	4	0	0	1
1770	0xf013bed8	_ipc_tree_entry_zone	0xf	6	0	0	1
1771	0xf010c7d8	_ipcksum	0xf	4	0	0	1
1772	0xf0136720	_ipforward_rt	0xf	6	0	0	1
1773	0xf010c82c	_ipforwarding	0xf	4	0	0	1
1774	0xf0031e50	_ipintr	0xf	1	0	0	1
1775	0xf0136480	_ipintrq	0xf	6	0	0	1
1776	0xf009a0b0	_ipltospl	0xf	1	0	0	1
1777	0xf010c828	_ipprintfs	0xf	4	0	0	1
1778	0xf01364b0	_ipq	0xf	6	0	0	1
1779	0xf010c7c8	_ipqmaxlen	0xf	4	0	0	1
1780	0xf010c830	_ipsendredirects	0xf	4	0	0	1
1781	0xf01364d0	_ipstat	0xf	6	0	0	1
1782	0xf0031a74	_iptime	0xf	1	0	0	1
1783	0xf004e198	_iput	0xf	1	0	0	1
1784	0xf004e274	_irele	0xf	1	0	0	1
1785	0xf00edfe0	_isEqualPtrStructKey	0xf	1	0	0	1
1786	0xf00ee014	_isEqualStrStructKey	0xf	1	0	0	1
1787	0xf013f7a8	_is_ISA	0xf	6	0	0	1
1788	0xf00a4b74	_is_cacheable	0xf	1	0	0	1
1789	0xf009cdf4	_is_ptes_contiguous	0xf	1	0	0	1
1790	0xf00a3af4	_isargsep	0xf	1	0	0	1
1791	0xf0050204	_isblock	0xf	1	0	0	1
1792	0xf0047728	_isclosing	0xf	1	0	0	1
1793	0xf002945c	_isrofile	0xf	1	0	0	1
1794	0xf00119b0	_issig	0xf	1	0	0	1
1795	0xf00135b0	_itimerdecr	0xf	1	0	0	1
1796	0xf0013544	_itimerfix	0xf	1	0	0	1
1797	0xf004e6fc	_itrunc	0xf	1	0	0	1
1798	0xf0135148	_iuniqtime	0xf	6	0	0	1
1799	0xf004f0c8	_iunlock	0xf	1	0	0	1
1800	0xf004e544	_iupdat	0xf	1	0	0	1
1801	0xf013c070	_k_zone	0xf	6	0	0	1
1802	0xf010faa8	_k_zone_elemsize	0xf	4	0	0	1
1803	0xf013c0b0	_k_zone_maxsize	0xf	6	0	0	1
1804	0xf00051d8	_kadb_tcode	0xf	1	0	0	1
1805	0xf0068070	_kalloc	0xf	1	0	0	1
1806	0xf0067f30	_kalloc_init	0xf	1	0	0	1
1807	0xf013c038	_kalloc_map	0xf	6	0	0	1
1808	0xf0067fcc	_kalloc_noblock	0xf	1	0	0	1
1809	0xf011dae0	_kb_compose_table	0xf	4	0	0	1
1810	0xf011dc30	_kb_fltaccent_table	0xf	4	0	0	1
1811	0xf011dd00	_kb_numlock_table	0xf	4	0	0	1
1812	0xf00c1660	_kbdIntHandler	0xf	1	0	0	1
1813	0xf013f660	_kbd_overflow_cnt	0xf	6	0	0	1
1814	0xf0120e20	_kbd_overflow_msg	0xf	4	0	0	1
1815	0xf013f668	_kbd_repeatdelay	0xf	6	0	0	1
1816	0xf013f670	_kbd_repeatrate	0xf	6	0	0	1
1817	0xf00c0f34	_kbd_setwrite	0xf	1	0	0	1
1818	0xf00c1548	_kbdcancelrpt	0xf	1	0	0	1
1819	0xf0120e88	_kbdclick	0xf	4	0	0	1
1820	0xf00c0f4c	_kbdcmd	0xf	1	0	0	1
1821	0xf013f680	_kbddata	0xf	6	0	0	1
1822	0xf0120e24	_kbddev	0xf	4	0	0	1
1823	0xf0120e28	_kbddevopen	0xf	4	0	0	1
1824	0xf00c0e24	_kbdflush	0xf	1	0	0	1
1825	0xf00c15f0	_kbdfreset	0xf	1	0	0	1
1826	0xf00c1030	_kbdidletimeout	0xf	1	0	0	1
1827	0xf00c1654	_kbdkeyreleased	0xf	1	0	0	1
1828	0xf00c0cdc	_kbdopen	0xf	1	0	0	1
1829	0xf00c0fcc	_kbdreset	0xf	1	0	0	1
1830	0xf00c14f0	_kbdrpt	0xf	1	0	0	1
1831	0xf00c0e44	_kbduse	0xf	1	0	0	1
1832	0xf0120e84	_kbdwriteenable	0xf	4	0	0	1
1833	0xf010a000	_kclock14_vec	0xf	4	0	0	1
1834	0xf013c400	_kdp	0xf	6	0	0	1
1835	0xf0094788	_kdp_en_recv_pkt	0xf	1	0	0	1
1836	0xf0094770	_kdp_en_send_pkt	0xf	1	0	0	1
1837	0xf0094310	_kdp_exception	0xf	1	0	0	1
1838	0xf00943c0	_kdp_exception_ack	0xf	1	0	0	1
1839	0xf00947b8	_kdp_flush_cache	0xf	1	0	0	1
1840	0xf0094728	_kdp_intr_disbl	0xf	1	0	0	1
1841	0xf0094744	_kdp_intr_enbl	0xf	1	0	0	1
1842	0xf0094654	_kdp_machine_hostinfo	0xf	1	0	0	1
1843	0xf00945cc	_kdp_machine_read_regs	0xf	1	0	0	1
1844	0xf0094620	_kdp_machine_write_regs	0xf	1	0	0	1
1845	0xf006fa2c	_kdp_packet	0xf	1	0	0	1
1846	0xf00946d8	_kdp_panic	0xf	1	0	0	1
1847	0xf0094288	_kdp_printf	0xf	1	0	0	1
1848	0xf0070a0c	_kdp_raise_exception	0xf	1	0	0	1
1849	0xf0094708	_kdp_reboot	0xf	1	0	0	1
1850	0xf0070b2c	_kdp_reset	0xf	1	0	0	1
1851	0xf00947a4	_kdp_us_spin	0xf	1	0	0	1
1852	0xf013d358	_kentry_data	0xf	6	0	0	1
1853	0xf013d360	_kentry_data_size	0xf	6	0	0	1
1854	0xf0090464	_kern_IOGetCharValues	0xf	1	0	0	1
1855	0xf0090fc0	_kern_IOGetDeviceConfig	0xf	1	0	0	1
1856	0xf0090bf0	_kern_IOGetDriverConfig	0xf	1	0	0	1
1857	0xf009053c	_kern_IOGetEISADeviceConfig	0xf	1	0	0	1
1858	0xf0090414	_kern_IOGetIntValues	0xf	1	0	0	1
1859	0xf0090c6c	_kern_IOGetSystemConfig	0xf	1	0	0	1
1860	0xf00903d4	_kern_IOLookupByDeviceName	0xf	1	0	0	1
1861	0xf0090394	_kern_IOLookupByObjectNumber	0xf	1	0	0	1
1862	0xf0090ea4	_kern_IOMapDeviceMemory	0xf	1	0	0	1
1863	0xf0090850	_kern_IOMapEISADeviceMemory	0xf	1	0	0	1
1864	0xf00907c8	_kern_IOMapEISADevicePorts	0xf	1	0	0	1
1865	0xf0090d74	_kern_IOMapLockShmem	0xf	1	0	0	1
1866	0xf0090eec	_kern_IOMapSparcDeviceMemory	0xf	1	0	0	1
1867	0xf0090b24	_kern_IOProbeDriver	0xf	1	0	0	1
1868	0xf00904f8	_kern_IOSetCharValues	0xf	1	0	0	1
1869	0xf00904b4	_kern_IOSetIntValues	0xf	1	0	0	1
1870	0xf009080c	_kern_IOUnMapEISADevicePorts	0xf	1	0	0	1
1871	0xf0090e14	_kern_IOUnMapLockShmem	0xf	1	0	0	1
1872	0xf0090c90	_kern_IOUnloadDriver	0xf	1	0	0	1
1873	0xf006e918	_kern_PMGetPowerEvent	0xf	1	0	0	1
1874	0xf006e944	_kern_PMGetPowerStatus	0xf	1	0	0	1
1875	0xf006e9ac	_kern_PMRestoreDefaults	0xf	1	0	0	1
1876	0xf006e970	_kern_PMSetPowerManagement	0xf	1	0	0	1
1877	0xf006e8dc	_kern_PMSetPowerState	0xf	1	0	0	1
1878	0xf009093c	_kern_dev_map_phys	0xf	1	0	0	1
1879	0xf0090898	_kern_dev_map_port_com	0xf	1	0	0	1
1880	0xf0072df8	_kern_invalid	0xf	1	0	0	1
1881	0xf007a54c	_kern_serv_boot_port	0xf	1	0	0	1
1882	0xf007ae58	_kern_serv_bootstrap_port	0xf	1	0	0	1
1883	0xf007a874	_kern_serv_call_proc	0xf	1	0	0	1
1884	0xf007ad24	_kern_serv_callout	0xf	1	0	0	1
1885	0xf007a9c0	_kern_serv_get_log	0xf	1	0	0	1
1886	0xf007bb34	_kern_serv_handler	0xf	1	0	0	1
1887	0xf007a4f0	_kern_serv_instance_loc	0xf	1	0	0	1
1888	0xf007ae94	_kern_serv_kernel_task_port	0xf	1	0	0	1
1889	0xf007a52c	_kern_serv_load_objc	0xf	1	0	0	1
1890	0xf007ae44	_kern_serv_local_port	0xf	1	0	0	1
1891	0xf007aab0	_kern_serv_log	0xf	1	0	0	1
1892	0xf007be80	_kern_serv_log_data	0xf	1	0	0	1
1893	0xf007a968	_kern_serv_log_level	0xf	1	0	0	1
1894	0xf007a560	_kern_serv_notify	0xf	1	0	0	1
1895	0xf007ae6c	_kern_serv_notify_port	0xf	1	0	0	1
1896	0xf007bbf4	_kern_serv_panic	0xf	1	0	0	1
1897	0xf007a860	_kern_serv_port_death_proc	0xf	1	0	0	1
1898	0xf007a498	_kern_serv_port_gone	0xf	1	0	0	1
1899	0xf007a6ec	_kern_serv_port_proc	0xf	1	0	0	1
1900	0xf007a7a4	_kern_serv_port_serv	0xf	1	0	0	1
1901	0xf007ae80	_kern_serv_port_set	0xf	1	0	0	1
1902	0xf00f4d5c	_kern_serv_proto	0xf	2	0	0	1
1903	0xf007bd14	_kern_serv_section_by_name	0xf	1	0	0	1
1904	0xf007a89c	_kern_serv_shutdown	0xf	1	0	0	1
1905	0xf007a6b0	_kern_serv_unwire_range	0xf	1	0	0	1
1906	0xf007a504	_kern_serv_version	0xf	1	0	0	1
1907	0xf007a674	_kern_serv_wire_range	0xf	1	0	0	1
1908	0xf0079d2c	_kern_server_main	0xf	1	0	0	1
1909	0xf00778c0	_kern_timestamp	0xf	1	0	0	1
1910	0xf0119268	_kernargs	0xf	4	0	0	1
1911	0xf0134740	_kernel_map	0xf	6	0	0	1
1912	0xf013d340	_kernel_object	0xf	6	0	0	1
1913	0xf013d3a0	_kernel_object_store	0xf	6	0	0	1
1914	0xf01340c0	_kernel_pageable_map	0xf	6	0	0	1
1915	0xf010a028	_kernel_pcb	0xf	4	0	0	1
1916	0xf013c100	_kernel_pmap	0xf	6	0	0	1
1917	0xf013e040	_kernel_pmap_store	0xf	6	0	0	1
1918	0xf0134748	_kernel_proc	0xf	6	0	0	1
1919	0xf013e070	_kernel_reg_entry	0xf	6	0	0	1
1920	0xf013e0c8	_kernel_region	0xf	6	0	0	1
1921	0xf013e0d0	_kernel_seg_end	0xf	6	0	0	1
1922	0xf013e0d8	_kernel_seg_entries	0xf	6	0	0	1
1923	0xf013e0e0	_kernel_seg_entries_end	0xf	6	0	0	1
1924	0xf013e0e8	_kernel_seg_pools	0xf	6	0	0	1
1925	0xf013e0f0	_kernel_seg_tables	0xf	6	0	0	1
1926	0xf013e0f8	_kernel_seg_tables_end	0xf	6	0	0	1
1927	0xf013e100	_kernel_seg_tables_phys	0xf	6	0	0	1
1928	0xf0106000	_kernel_stack	0xf	4	0	0	1
1929	0xf0110a50	_kernel_task	0xf	4	0	0	1
1930	0xf0072e5c	_kernel_task_create	0xf	1	0	0	1
1931	0xf0075a34	_kernel_thread	0xf	1	0	0	1
1932	0xf013cb40	_kernel_timer	0xf	6	0	0	1
1933	0xf00a8554	_kernel_trap	0xf	1	0	0	1
1934	0xf013ee50	_keyclick	0xf	6	0	0	1
1935	0xf011da40	_keystringtab	0xf	4	0	0	1
1936	0xf011da3c	_keytables	0xf	4	0	0	1
1937	0xf00681a0	_kfree	0xf	1	0	0	1
1938	0xf0068110	_kget	0xf	1	0	0	1
1939	0xf0011170	_kill	0xf	1	0	0	1
1940	0xf00106a4	_kill_tasks	0xf	1	0	0	1
1941	0xf0011350	_killpg	0xf	1	0	0	1
1942	0xf0011394	_killpg1	0xf	1	0	0	1
1943	0xf013f638	_kmAlertConsole	0xf	6	0	0	1
1944	0xf00bcd38	_kmDisableAnimation	0xf	1	0	0	1
1945	0xf00bc264	_kmDrawGraphicPanel	0xf	1	0	0	1
1946	0xf00bcc84	_kmEnableAnimation	0xf	1	0	0	1
1947	0xf00bc290	_kmGraphicPanelString	0xf	1	0	0	1
1948	0xf013f640	_kmId	0xf	6	0	0	1
1949	0xf00bb8b4	_kmclose	0xf	1	0	0	1
1950	0xf00bc1a4	_kmdumplog	0xf	1	0	0	1
1951	0xf0083698	_kmem_alloc	0xf	1	0	0	1
1952	0xf0083830	_kmem_alloc_pageable	0xf	1	0	0	1
1953	0xf0083ec4	_kmem_alloc_wait	0xf	1	0	0	1
1954	0xf0083804	_kmem_alloc_wired	0xf	1	0	0	1
1955	0xf0083bbc	_kmem_alloc_zone	0xf	1	0	0	1
1956	0xf0083884	_kmem_free	0xf	1	0	0	1
1957	0xf0083f98	_kmem_free_wakeup	0xf	1	0	0	1
1958	0xf0083aa4	_kmem_init	0xf	1	0	0	1
1959	0xf0083be8	_kmem_mb_alloc	0xf	1	0	0	1
1960	0xf00836c8	_kmem_realloc	0xf	1	0	0	1
1961	0xf00839d0	_kmem_suballoc	0xf	1	0	0	1
1962	0xf00bbd1c	_kmgetc	0xf	1	0	0	1
1963	0xf00bbd70	_kmgetc_silent	0xf	1	0	0	1
1964	0xf00bc1d0	_kminit	0xf	1	0	0	1
1965	0xf00bb970	_kmioctl	0xf	1	0	0	1
1966	0xf00bb6fc	_kmopen	0xf	1	0	0	1
1967	0xf00bc088	_kmpopup	0xf	1	0	0	1
1968	0xf00bbc70	_kmputc	0xf	1	0	0	1
1969	0xf00bb8f8	_kmread	0xf	1	0	0	1
1970	0xf00bc0c0	_kmrestore	0xf	1	0	0	1
1971	0xf00bbc34	_kmselect	0xf	1	0	0	1
1972	0xf00bd7a4	_kmtrygetc	0xf	1	0	0	1
1973	0xf00bb934	_kmwrite	0xf	1	0	0	1
1974	0xf013de30	_kseg_active	0xf	6	0	0	1
1975	0xf013de40	_kseg_semi_active	0xf	6	0	0	1
1976	0xf0044504	_ku_recvfrom	0xf	1	0	0	1
1977	0xf0044640	_ku_sendto_mbuf	0xf	1	0	0	1
1978	0xf0097124	_l15_async_fault	0xf	1	0	0	1
1979	0xf00a61c8	_l15_ecc_async_flt	0xf	1	0	0	1
1980	0xf00a6390	_l15_mod_async_flt	0xf	1	0	0	1
1981	0xf00a62f8	_l15_mts_async_flt	0xf	1	0	0	1
1982	0xf013e190	_l2ptbl_addr	0xf	6	0	0	1
1983	0xf013e198	_l2ptbls	0xf	6	0	0	1
1984	0xf0134a28	_last_hardclock	0xf	6	0	0	1
1985	0xf013d910	_last_page	0xf	6	0	0	1
1986	0xf013d918	_last_phys_addr	0xf	6	0	0	1
1987	0xf013cb90	_last_zone	0xf	6	0	0	1
1988	0xf0097cdc	_lbcopytoz	0xf	1	0	0	1
1989	0xf0134750	_lbolt	0xf	6	0	0	1
1990	0xf0096f58	_ldphys	0xf	1	0	0	1
1991	0xf0096e68	_ldstub	0xf	1	0	0	1
1992	0xf000f7f0	_leavegroup	0xf	1	0	0	1
1993	0xf000e834	_leavepgrp	0xf	1	0	0	1
1994	0xf01213c0	_lebuf_ops	0xf	4	0	0	1
1995	0xf00c2e90	_lebufattach	0xf	1	0	0	1
1996	0xf00c2e6c	_lebufidentify	0xf	1	0	0	1
1997	0xf0121408	_ledma_ops	0xf	4	0	0	1
1998	0xf00c2ed0	_ledmaattach	0xf	1	0	0	1
1999	0xf00c2eac	_ledmaidentify	0xf	1	0	0	1
2000	0xf0115ec4	_level1	0xf	4	0	0	1
2001	0xf0116734	_level10	0xf	4	0	0	1
2002	0xf0133cf0	_level10_spurious	0xf	6	0	0	1
2003	0xf0116824	_level11	0xf	4	0	0	1
2004	0xf0133cf8	_level11_spurious	0xf	6	0	0	1
2005	0xf0116914	_level12	0xf	4	0	0	1
2006	0xf0133d00	_level12_spurious	0xf	6	0	0	1
2007	0xf0116a04	_level13	0xf	4	0	0	1
2008	0xf0133d08	_level13_spurious	0xf	6	0	0	1
2009	0xf0116af4	_level14	0xf	4	0	0	1
2010	0xf0133d10	_level14_spurious	0xf	6	0	0	1
2011	0xf0116be4	_level15	0xf	4	0	0	1
2012	0xf013d9f8	_level15_spurious	0xf	6	0	0	1
2013	0xf0133d18	_level1_spurious	0xf	6	0	0	1
2014	0xf0115fb4	_level2	0xf	4	0	0	1
2015	0xf0133d20	_level2_spurious	0xf	6	0	0	1
2016	0xf01160a4	_level3	0xf	4	0	0	1
2017	0xf0117b08	_level3_only	0xf	4	0	0	1
2018	0xf0133d28	_level3_spurious	0xf	6	0	0	1
2019	0xf0116194	_level4	0xf	4	0	0	1
2020	0xf0133d30	_level4_spurious	0xf	6	0	0	1
2021	0xf0116284	_level5	0xf	4	0	0	1
2022	0xf0133d38	_level5_spurious	0xf	6	0	0	1
2023	0xf0116374	_level6	0xf	4	0	0	1
2024	0xf0133d40	_level6_spurious	0xf	6	0	0	1
2025	0xf0116464	_level7	0xf	4	0	0	1
2026	0xf0133d48	_level7_spurious	0xf	6	0	0	1
2027	0xf0116554	_level8	0xf	4	0	0	1
2028	0xf0133d50	_level8_spurious	0xf	6	0	0	1
2029	0xf0116644	_level9	0xf	4	0	0	1
2030	0xf0133d58	_level9_spurious	0xf	6	0	0	1
2031	0xf004f240	_lf_lockctl	0xf	1	0	0	1
2032	0xf013bdc0	_lf_svnode_hash	0xf	6	0	0	1
2033	0xf00096b0	_lightning_bolt	0xf	1	0	0	1
2034	0xf0117088	_limes_paranoia	0xf	4	0	0	1
2035	0xf010b8cc	_linesw	0xf	4	0	0	1
2036	0xf0027a1c	_link	0xf	1	0	0	1
2037	0xf0020fe0	_listen	0xf	1	0	0	1
2038	0xf013c118	_listener_zone	0xf	6	0	0	1
2039	0xf013c120	_listeners	0xf	6	0	0	1
2040	0xf0094a78	_load_context	0xf	1	0	0	1
2041	0xf000c3f0	_load_init_program	0xf	1	0	0	1
2042	0xf006a78c	_load_machfile	0xf	1	0	0	1
2043	0xf003a3dc	_loadaddrs	0xf	1	0	0	1
2044	0xf002a1a8	_loattach	0xf	1	0	0	1
2045	0xf002e4f8	_localetheraddr	0xf	1	0	0	1
2046	0xf00506a0	_locc	0xf	1	0	0	1
2047	0xf0068cdc	_lock_alloc	0xf	1	0	0	1
2048	0xf0069750	_lock_clear_recursive	0xf	1	0	0	1
2049	0xf0069034	_lock_done	0xf	1	0	0	1
2050	0xf0068cf0	_lock_free	0xf	1	0	0	1
2051	0xf0068d08	_lock_init	0xf	1	0	0	1
2052	0xf00690f4	_lock_read	0xf	1	0	0	1
2053	0xf006924c	_lock_read_to_write	0xf	1	0	0	1
2054	0xf00696f0	_lock_set_recursive	0xf	1	0	0	1
2055	0xf0068d70	_lock_sleepable	0xf	1	0	0	1
2056	0xf006955c	_lock_try_read	0xf	1	0	0	1
2057	0xf00695d8	_lock_try_read_to_write	0xf	1	0	0	1
2058	0xf00694bc	_lock_try_write	0xf	1	0	0	1
2059	0xf010fb80	_lock_wait_time	0xf	4	0	0	1
2060	0xf0068dc4	_lock_write	0xf	1	0	0	1
2061	0xf0069414	_lock_write_to_read	0xf	1	0	0	1
2062	0xf002a124	_locontrol	0xf	1	0	0	1
2063	0xf00147b4	_log	0xf	1	0	0	1
2064	0xf0119954	_log_ce_error	0xf	4	0	0	1
2065	0xf00a6750	_log_ce_mem_err	0xf	1	0	0	1
2066	0xf00a6a24	_log_mem_err	0xf	1	0	0	1
2067	0xf00a6630	_log_mtos_err	0xf	1	0	0	1
2068	0xf0135178	_log_open	0xf	6	0	0	1
2069	0xf00a69e8	_log_ue_mem_err	0xf	1	0	0	1
2070	0xf011b81c	_log_user_alignment_traps	0xf	4	0	0	1
2071	0xf00152d4	_logchar	0xf	1	0	0	1
2072	0xf0014280	_logclose	0xf	1	0	0	1
2073	0xf002a0b0	_logetbuf	0xf	1	0	0	1
2074	0xf0014534	_logioctl	0xf	1	0	0	1
2075	0xf00141d0	_logopen	0xf	1	0	0	1
2076	0xf00142e0	_logread	0xf	1	0	0	1
2077	0xf0014414	_logselect	0xf	1	0	0	1
2078	0xf0135180	_logsoftc	0xf	6	0	0	1
2079	0xf0014474	_logwakeup	0xf	1	0	0	1
2080	0xf0135668	_loifp	0xf	6	0	0	1
2081	0xf0096d64	_longjmp	0xf	1	0	0	1
2082	0xf013c060	_lookupd_port	0xf	6	0	0	1
2083	0xf00269c4	_lookupname	0xf	1	0	0	1
2084	0xf0026a0c	_lookuppn	0xf	1	0	0	1
2085	0xf002a0c4	_looutput	0xf	1	0	0	1
2086	0xf013e108	_lru_context	0xf	6	0	0	1
2087	0xf0027f2c	_lseek	0xf	1	0	0	1
2088	0xf002823c	_lstat	0xf	1	0	0	1
2089	0xf001dfe0	_m_adj	0xf	1	0	0	1
2090	0xf001df48	_m_cat	0xf	1	0	0	1
2091	0xf001d720	_m_clalloc	0xf	1	0	0	1
2092	0xf001dd44	_m_copy	0xf	1	0	0	1
2093	0xf001d894	_m_expand	0xf	1	0	0	1
2094	0xf001dab4	_m_free	0xf	1	0	0	1
2095	0xf001dc64	_m_freem	0xf	1	0	0	1
2096	0xf001d95c	_m_get	0xf	1	0	0	1
2097	0xf001d9f8	_m_getclr	0xf	1	0	0	1
2098	0xf001db6c	_m_more	0xf	1	0	0	1
2099	0xf001d888	_m_pgfree	0xf	1	0	0	1
2100	0xf001e0d4	_m_pullup	0xf	1	0	0	1
2101	0xf0134ae8	_m_want	0xf	6	0	0	1
2102	0xf0069cd0	_mach_clock_bootstrap	0xf	1	0	0	1
2103	0xf0080dd4	_mach_debug_server	0xf	1	0	0	1
2104	0xf0080e70	_mach_debug_server_routine	0xf	1	0	0	1
2105	0xf010fc28	_mach_factor	0xf	4	0	0	1
2106	0xf0065010	_mach_host_self	0xf	1	0	0	1
2107	0xf007d37c	_mach_host_server	0xf	1	0	0	1
2108	0xf007d418	_mach_host_server_routine	0xf	1	0	0	1
2109	0xf0112a38	_mach_info	0xf	4	0	0	1
2110	0xf0065a2c	_mach_msg	0xf	1	0	0	1
2111	0xf00659c0	_mach_msg_abort_rpc	0xf	1	0	0	1
2112	0xf0061088	_mach_msg_continue	0xf	1	0	0	1
2113	0xf00611d8	_mach_msg_interrupt	0xf	1	0	0	1
2114	0xf005f954	_mach_msg_receive	0xf	1	0	0	1
2115	0xf005fb80	_mach_msg_receive_continue	0xf	1	0	0	1
2116	0xf005f7bc	_mach_msg_send	0xf	1	0	0	1
2117	0xf006594c	_mach_msg_send_from_kernel	0xf	1	0	0	1
2118	0xf005fd98	_mach_msg_trap	0xf	1	0	0	1
2119	0xf006bba8	_mach_net_init	0xf	1	0	0	1
2120	0xf013c1a0	_mach_net_kmsg_zone	0xf	6	0	0	1
2121	0xf00623a4	_mach_port_allocate	0xf	1	0	0	1
2122	0xf00622f8	_mach_port_allocate_name	0xf	1	0	0	1
2123	0xf0062488	_mach_port_deallocate	0xf	1	0	0	1
2124	0xf006243c	_mach_port_destroy	0xf	1	0	0	1
2125	0xf005f668	_mach_port_dnrequest_info	0xf	1	0	0	1
2126	0xf0062c80	_mach_port_extract_right	0xf	1	0	0	1
2127	0xf0062cdc	_mach_port_get_receive_status	0xf	1	0	0	1
2128	0xf00624d4	_mach_port_get_refs	0xf	1	0	0	1
2129	0xf00627d0	_mach_port_get_set_status	0xf	1	0	0	1
2130	0xf005ee54	_mach_port_get_srights	0xf	1	0	0	1
2131	0xf0062770	_mach_port_gst_helper	0xf	1	0	0	1
2132	0xf0062c0c	_mach_port_insert_right	0xf	1	0	0	1
2133	0xf005f70c	_mach_port_kernel_object	0xf	1	0	0	1
2134	0xf00625ac	_mach_port_mod_refs	0xf	1	0	0	1
2135	0xf0062a3c	_mach_port_move_member	0xf	1	0	0	1
2136	0xf0061f04	_mach_port_names	0xf	1	0	0	1
2137	0xf0061e14	_mach_port_names_helper	0xf	1	0	0	1
2138	0xf00622a8	_mach_port_rename	0xf	1	0	0	1
2139	0xf0062af0	_mach_port_request_notification	0xf	1	0	0	1
2140	0xf007e080	_mach_port_server	0xf	1	0	0	1
2141	0xf007e11c	_mach_port_server_routine	0xf	1	0	0	1
2142	0xf00626d8	_mach_port_set_mscount	0xf	1	0	0	1
2143	0xf006267c	_mach_port_set_qlimit	0xf	1	0	0	1
2144	0xf0062720	_mach_port_set_seqno	0xf	1	0	0	1
2145	0xf005f10c	_mach_port_space_info	0xf	1	0	0	1
2146	0xf0062248	_mach_port_type	0xf	1	0	0	1
2147	0xf0067830	_mach_ports_lookup	0xf	1	0	0	1
2148	0xf00676f0	_mach_ports_register	0xf	1	0	0	1
2149	0xf0067190	_mach_reply_port	0xf	1	0	0	1
2150	0xf0080234	_mach_server	0xf	1	0	0	1
2151	0xf00802d0	_mach_server_routine	0xf	1	0	0	1
2152	0xf008bb50	_mach_swapon	0xf	1	0	0	1
2153	0xf0067144	_mach_task_self	0xf	1	0	0	1
2154	0xf006716c	_mach_thread_self	0xf	1	0	0	1
2155	0xf011fe74	_mach_title	0xf	4	0	0	1
2156	0xf0110a4c	_mach_trap_count	0xf	4	0	0	1
2157	0xf01105ec	_mach_trap_table	0xf	4	0	0	1
2158	0xf00a8e10	_machcall	0xf	1	0	0	1
2159	0xf00aa908	_machine_exception	0xf	1	0	0	1
2160	0xf013c040	_machine_info	0xf	6	0	0	1
2161	0xf0134760	_machine_slot	0xf	6	0	0	1
2162	0xf009a0a4	_machine_table	0xf	1	0	0	1
2163	0xf009a098	_machine_table_setokay	0xf	1	0	0	1
2164	0xf00b14bc	_machineid	0xf	1	0	0	1
2165	0xf000e310	_madvise	0xf	1	0	0	1
2166	0xf00091a0	_main	0xf	1	0	0	1
2167	0xf00b9004	_makecom_g0	0xf	1	0	0	1
2168	0xf00b908c	_makecom_g0_s	0xf	1	0	0	1
2169	0xf00b9118	_makecom_g1	0xf	1	0	0	1
2170	0xf00b91a4	_makecom_g5	0xf	1	0	0	1
2171	0xf003a27c	_makefh	0xf	1	0	0	1
2172	0xf003ccf0	_makenfsnode	0xf	1	0	0	1
2173	0xf004750c	_makespecvp	0xf	1	0	0	1
2174	0xf0068230	_malloc	0xf	1	0	0	1
2175	0xf0068324	_malloc_good_size	0xf	1	0	0	1
2176	0xf00998fc	_map_addr_to_dvma_pfn	0xf	1	0	0	1
2177	0xf009998c	_map_addr_to_map	0xf	1	0	0	1
2178	0xf00aaf0c	_map_alloc	0xf	1	0	0	1
2179	0xf013d368	_map_data	0xf	6	0	0	1
2180	0xf013d370	_map_data_size	0xf	6	0	0	1
2181	0xf0072bf8	_map_fd	0xf	1	0	0	1
2182	0xf00ab034	_map_free	0xf	1	0	0	1
2183	0xf00b161c	_map_regs	0xf	1	0	0	1
2184	0xf006c2f4	_map_vnode	0xf	1	0	0	1
2185	0xf0098140	_map_wellknown_devices	0xf	1	0	0	1
2186	0xf004a8c4	_mapsearch	0xf	1	0	0	1
2187	0xf010b6a0	_maptab	0xf	4	0	0	1
2188	0xf01340c8	_master_cpu	0xf	6	0	0	1
2189	0xf01363d0	_master_processor	0xf	6	0	0	1
2190	0xf010e9f0	_mastertemplate	0xf	4	0	0	1
2191	0xf0015514	_max	0xf	1	0	0	1
2192	0xf010ae40	_max_file	0xf	4	0	0	1
2193	0xf010f36c	_max_proc	0xf	4	0	0	1
2194	0xf0134780	_mb_map	0xf	6	0	0	1
2195	0xf009a0c4	_mb_mapalloc	0xf	1	0	0	1
2196	0xf009a260	_mb_mapfree	0xf	1	0	0	1
2197	0xf009a640	_mb_nbmapalloc	0xf	1	0	0	1
2198	0xf001d690	_mbinit	0xf	1	0	0	1
2199	0xf0134af0	_mbstat	0xf	6	0	0	1
2200	0xf002c238	_mbuf_read	0xf	1	0	0	1
2201	0xf0134b50	_mbutl	0xf	6	0	0	1
2202	0xf013db10	_mbutlmap	0xf	6	0	0	1
2203	0xf001e4c4	_mcldup	0xf	1	0	0	1
2204	0xf0134b58	_mclfree	0xf	6	0	0	1
2205	0xf001e298	_mclget	0xf	1	0	0	1
2206	0xf001e340	_mclgetx	0xf	1	0	0	1
2207	0xf001e408	_mclput	0xf	1	0	0	1
2208	0xf0134b60	_mclrefcnt	0xf	6	0	0	1
2209	0xf0112d00	_mcname	0xf	4	0	0	1
2210	0xf009a044	_md_do_shutdown	0xf	1	0	0	1
2211	0xf0099ff8	_md_prepare_for_shutdown	0xf	1	0	0	1
2212	0xf009a01c	_md_shutdown_devices	0xf	1	0	0	1
2213	0xf0119f28	_mem_ce_simm	0xf	4	0	0	1
2214	0xf013cc30	_mem_region	0xf	6	0	0	1
2215	0xf013c108	_mem_size	0xf	6	0	0	1
2216	0xf0005ea4	_memchr	0xf	1	0	0	1
2217	0xf0006138	_memcmp	0xf	1	0	0	1
2218	0xf00072a0	_memcpy	0xf	1	0	0	1
2219	0xf0097154	_memerr_disable	0xf	1	0	0	1
2220	0xf0097144	_memerr_init	0xf	1	0	0	1
2221	0xf013e1a0	_memlists	0xf	6	0	0	1
2222	0xf0007fd0	_memmove	0xf	1	0	0	1
2223	0xf000637c	_memset	0xf	1	0	0	1
2224	0xf012f0d8	_messageLock	0xf	4	0	0	1
2225	0xf010c100	_metalinks	0xf	4	0	0	1
2226	0xf00f0708	_method_getArgumentInfo	0xf	1	0	0	1
2227	0xf00f0620	_method_getNumberOfArguments	0xf	1	0	0	1
2228	0xf00f06a8	_method_getSizeOfArguments	0xf	1	0	0	1
2229	0xf0134d68	_mfree	0xf	6	0	0	1
2230	0xf010fd1c	_mfs_alloc_blocks	0xf	4	0	0	1
2231	0xf013c1c0	_mfs_alloc_lock_data	0xf	6	0	0	1
2232	0xf013c1d0	_mfs_alloc_wanted	0xf	6	0	0	1
2233	0xf006cb44	_mfs_cache_clear	0xf	1	0	0	1
2234	0xf006cacc	_mfs_cache_trim	0xf	1	0	0	1
2235	0xf010fd2c	_mfs_files_mapped	0xf	4	0	0	1
2236	0xf010fd28	_mfs_files_max	0xf	4	0	0	1
2237	0xf006d138	_mfs_fsync	0xf	1	0	0	1
2238	0xf006d188	_mfs_fsync_invalidate	0xf	1	0	0	1
2239	0xf006c82c	_mfs_get	0xf	1	0	0	1
2240	0xf006c08c	_mfs_init	0xf	1	0	0	1
2241	0xf006d298	_mfs_invalidate	0xf	1	0	0	1
2242	0xf006ccfc	_mfs_io	0xf	1	0	0	1
2243	0xf013c1d8	_mfs_map	0xf	6	0	0	1
2244	0xf006cc18	_mfs_map_remove	0xf	1	0	0	1
2245	0xf010fd20	_mfs_map_size	0xf	4	0	0	1
2246	0xf010fd24	_mfs_max_window	0xf	4	0	0	1
2247	0xf013c1e0	_mfs_mclean	0xf	6	0	0	1
2248	0xf013c1e8	_mfs_mdirty	0xf	6	0	0	1
2249	0xf006c9e0	_mfs_memfree	0xf	1	0	0	1
2250	0xf006c874	_mfs_put	0xf	1	0	0	1
2251	0xf006d04c	_mfs_sync	0xf	1	0	0	1
2252	0xf006c6f4	_mfs_trunc	0xf	1	0	0	1
2253	0xf006c9a4	_mfs_uncache	0xf	1	0	0	1
2254	0xf013c1f0	_mfsbuf_lock	0xf	6	0	0	1
2255	0xf010bd88	_mftovt_tab	0xf	4	0	0	1
2256	0xf006e688	_microboot	0xf	1	0	0	1
2257	0xf006e5d0	_microtime	0xf	1	0	0	1
2258	0xf00665ac	_mig_dealloc_reply_port	0xf	1	0	0	1
2259	0xf0066578	_mig_get_reply_port	0xf	1	0	0	1
2260	0xf00665c4	_mig_strncpy	0xf	1	0	0	1
2261	0xf00154fc	_min	0xf	1	0	0	1
2262	0xf013c290	_min_quantum	0xf	6	0	0	1
2263	0xf000e31c	_mincore	0xf	1	0	0	1
2264	0xf010fd88	_miniMonCommands	0xf	4	0	0	1
2265	0xf0094800	_miniMonGdb	0xf	1	0	0	1
2266	0xf0094828	_miniMonGetchar	0xf	1	0	0	1
2267	0xf00947ec	_miniMonHalt	0xf	1	0	0	1
2268	0xf006de48	_miniMonInit	0xf	1	0	0	1
2269	0xf006de68	_miniMonLoop	0xf	1	0	0	1
2270	0xf01128a0	_miniMonMDCommands	0xf	4	0	0	1
2271	0xf0094894	_miniMonPutchar	0xf	1	0	0	1
2272	0xf00947cc	_miniMonReboot	0xf	1	0	0	1
2273	0xf013c280	_miniMonState	0xf	6	0	0	1
2274	0xf0094814	_miniMonTryGetchar	0xf	1	0	0	1
2275	0xf0099c7c	_mini_mon	0xf	1	0	0	1
2276	0xf0027994	_mkdir	0xf	1	0	0	1
2277	0xf0027830	_mknod	0xf	1	0	0	1
2278	0xf013de50	_mmap0	0xf	6	0	0	1
2279	0xf013de58	_mmap1	0xf	6	0	0	1
2280	0xf0112a54	_mmc_info	0xf	4	0	0	1
2281	0xf00b2388	_mmread	0xf	1	0	0	1
2282	0xf00b23c8	_mmrw	0xf	1	0	0	1
2283	0xf0095718	_mmu_chk_wdreset	0xf	1	0	0	1
2284	0xf009564c	_mmu_flushall	0xf	1	0	0	1
2285	0xf009565c	_mmu_flushctx	0xf	1	0	0	1
2286	0xf00956c8	_mmu_flushpage	0xf	1	0	0	1
2287	0xf00956e0	_mmu_flushpagectx	0xf	1	0	0	1
2288	0xf0095698	_mmu_flushrgn	0xf	1	0	0	1
2289	0xf00956b0	_mmu_flushseg	0xf	1	0	0	1
2290	0xf0095708	_mmu_getasyncflt	0xf	1	0	0	1
2291	0xf00955dc	_mmu_getcr	0xf	1	0	0	1
2292	0xf00955ec	_mmu_getctp	0xf	1	0	0	1
2293	0xf00955fc	_mmu_getctx	0xf	1	0	0	1
2294	0xf00956f8	_mmu_getsyncflt	0xf	1	0	0	1
2295	0xf0095728	_mmu_log_module_err	0xf	1	0	0	1
2296	0xf0095738	_mmu_print_sfsr	0xf	1	0	0	1
2297	0xf009560c	_mmu_probe	0xf	1	0	0	1
2298	0xf009561c	_mmu_setcr	0xf	1	0	0	1
2299	0xf009562c	_mmu_setctp	0xf	1	0	0	1
2300	0xf009563c	_mmu_setctx	0xf	1	0	0	1
2301	0xf0095748	_mmu_sys_ovf	0xf	1	0	0	1
2302	0xf0095758	_mmu_sys_unf	0xf	1	0	0	1
2303	0xf0095768	_mmu_wo	0xf	1	0	0	1
2304	0xf0095788	_mmu_writepte	0xf	1	0	0	1
2305	0xf0095798	_mmu_writeptp	0xf	1	0	0	1
2306	0xf0095778	_mmu_wu	0xf	1	0	0	1
2307	0xf00b23a8	_mmwrite	0xf	1	0	0	1
2308	0xf0117760	_mod_err_type	0xf	4	0	0	1
2309	0xf0112a64	_mod_info	0xf	4	0	0	1
2310	0xf0112c60	_modname	0xf	4	0	0	1
2311	0xf011994c	_module_error	0xf	4	0	0	1
2312	0xf011754c	_module_info	0xf	4	0	0	1
2313	0xf011755c	_module_info_size	0xf	4	0	0	1
2314	0xf009a96c	_module_no_wkaround	0xf	1	0	0	1
2315	0xf009a684	_module_setup	0xf	1	0	0	1
2316	0xf00957a8	_module_wkaround	0xf	1	0	0	1
2317	0xf010a010	_mon_clock14_vec	0xf	4	0	0	1
2318	0xf0119940	_mon_clock_on	0xf	4	0	0	1
2319	0xf00050ec	_montrap	0xf	1	0	0	1
2320	0xf010f0ac	_mounttab	0xf	4	0	0	1
2321	0xf013ee40	_mousedev	0xf	6	0	0	1
2322	0xf0096da8	_movtuc	0xf	1	0	0	1
2323	0xf0134e80	_mpid	0xf	6	0	0	1
2324	0xf000e304	_mprotect	0xf	1	0	0	1
2325	0xf000e264	_mremap	0xf	1	0	0	1
2326	0xf0121118	_ms_jitter_thresh	0xf	4	0	0	1
2327	0xf0121124	_ms_maxspeed	0xf	4	0	0	1
2328	0xf013f730	_ms_overrun_cnt	0xf	6	0	0	1
2329	0xf013f738	_ms_overrun_msg	0xf	6	0	0	1
2330	0xf013f740	_ms_speed_count	0xf	6	0	0	1
2331	0xf0121120	_ms_speedlaw	0xf	4	0	0	1
2332	0xf012111c	_ms_speedlimit	0xf	4	0	0	1
2333	0xf00c2640	_msclose	0xf	1	0	0	1
2334	0xf013f750	_msdata	0xf	6	0	0	1
2335	0xf0065e5c	_msg_receive	0xf	1	0	0	1
2336	0xf0061cf0	_msg_receive_continue	0xf	1	0	0	1
2337	0xf006161c	_msg_receive_trap	0xf	1	0	0	1
2338	0xf0061260	_msg_return_translate	0xf	1	0	0	1
2339	0xf0065fdc	_msg_rpc	0xf	1	0	0	1
2340	0xf006175c	_msg_rpc_trap	0xf	1	0	0	1
2341	0xf0065cd4	_msg_send	0xf	1	0	0	1
2342	0xf0065c2c	_msg_send_from_kernel	0xf	1	0	0	1
2343	0xf0061608	_msg_send_switch_continue	0xf	1	0	0	1
2344	0xf0061458	_msg_send_trap	0xf	1	0	0	1
2345	0xf011e278	_msginperr	0xf	4	0	0	1
2346	0xf00c26e8	_msinput	0xf	1	0	0	1
2347	0xf0121128	_msjitterrate	0xf	4	0	0	1
2348	0xf013f788	_msjittertimeout	0xf	6	0	0	1
2349	0xf00c2458	_msopen	0xf	1	0	0	1
2350	0xf00c2df4	_mstrynextbaudrate	0xf	1	0	0	1
2351	0xf010fc00	_mtime	0xf	4	0	0	1
2352	0xf000e270	_munmap	0xf	1	0	0	1
2353	0xf000e2e0	_munmapfd	0xf	1	0	0	1
2354	0xf01176d4	_mxcc	0xf	4	0	0	1
2355	0xf009b4e4	_mxcc_mmu_log_module_err	0xf	1	0	0	1
2356	0xf00963bc	_mxcc_vac_parity_chk_dis	0xf	1	0	0	1
2357	0xf00c3c6c	_my_audio_config	0xf	1	0	0	1
2358	0xf0119c74	_nameof_siz	0xf	4	0	0	1
2359	0xf0119cd8	_nameof_ssiz	0xf	4	0	0	1
2360	0xf00287a8	_namesetattr	0xf	1	0	0	1
2361	0xf0039a28	_nattr_to_vattr	0xf	1	0	0	1
2362	0xf002ba10	_nb_alloc	0xf	1	0	0	1
2363	0xf002ba64	_nb_alloc_wrapper	0xf	1	0	0	1
2364	0xf002baa4	_nb_free	0xf	1	0	0	1
2365	0xf002bab8	_nb_free_wrapper	0xf	1	0	0	1
2366	0xf002bbc8	_nb_grow_bot	0xf	1	0	0	1
2367	0xf002bb8c	_nb_grow_top	0xf	1	0	0	1
2368	0xf002ba94	_nb_map	0xf	1	0	0	1
2369	0xf002bae8	_nb_read	0xf	1	0	0	1
2370	0xf002bbb0	_nb_shrink_bot	0xf	1	0	0	1
2371	0xf002bb68	_nb_shrink_top	0xf	1	0	0	1
2372	0xf002bad8	_nb_size	0xf	1	0	0	1
2373	0xf002bb28	_nb_write	0xf	1	0	0	1
2374	0xf011c9ec	_nblkdev	0xf	4	0	0	1
2375	0xf011c058	_nbuf	0xf	4	0	0	1
2376	0xf01353d0	_nc_hash	0xf	6	0	0	1
2377	0xf01355d0	_nc_lru	0xf	6	0	0	1
2378	0xf01355e0	_ncache	0xf	6	0	0	1
2379	0xf010f374	_ncallout	0xf	4	0	0	1
2380	0xf013f610	_ncg14	0xf	6	0	0	1
2381	0xf011d154	_nchrdev	0xf	4	0	0	1
2382	0xf010f370	_nchsize	0xf	4	0	0	1
2383	0xf010f378	_nclist	0xf	4	0	0	1
2384	0xf010f384	_ncsize	0xf	4	0	0	1
2385	0xf01355f0	_ncstats	0xf	6	0	0	1
2386	0xf0119310	_nctxs	0xf	4	0	0	1
2387	0xf001ca08	_ndflush	0xf	1	0	0	1
2388	0xf011d1d8	_ndma_map	0xf	4	0	0	1
2389	0xf001c974	_ndqb	0xf	1	0	0	1
2390	0xf010f388	_ndquot	0xf	4	0	0	1
2391	0xf013ad08	_ndupreqs	0xf	6	0	0	1
2392	0xf0133d60	_need_ast	0xf	6	0	0	1
2393	0xf013f098	_nesp	0xf	6	0	0	1
2394	0xf006b9ac	_netipc_ignore	0xf	1	0	0	1
2395	0xf006b8d4	_netipc_listen	0xf	1	0	0	1
2396	0xf006bc88	_netipc_msg_release	0xf	1	0	0	1
2397	0xf006b8ac	_netipc_msg_send	0xf	1	0	0	1
2398	0xf01363d8	_netisr	0xf	6	0	0	1
2399	0xf002c418	_netisr_thread	0xf	1	0	0	1
2400	0xf002c38c	_netisr_thread_continue	0xf	1	0	0	1
2401	0xf00685b8	_newStack	0xf	1	0	0	1
2402	0xf004dac4	_new_inode	0xf	1	0	0	1
2403	0xf000ec40	_new_posix_proc	0xf	1	0	0	1
2404	0xf00b117c	_newdk	0xf	1	0	0	1
2405	0xf003d56c	_newname	0xf	1	0	0	1
2406	0xf000d8a4	_newproc	0xf	1	0	0	1
2407	0xf010f348	_next_copyright	0xf	4	0	0	1
2408	0xf001cdbc	_nextc	0xf	1	0	0	1
2409	0xf001ce08	_nextc3	0xf	1	0	0	1
2410	0xf006a374	_nextsect	0xf	1	0	0	1
2411	0xf006a220	_nextseg	0xf	1	0	0	1
2412	0xf006a25c	_nextsegfromheader	0xf	1	0	0	1
2413	0xf013aa40	_nextunixvictim	0xf	6	0	0	1
2414	0xf00396f4	_nfs_attrcache	0xf	1	0	0	1
2415	0xf0039744	_nfs_attrcache_va	0xf	1	0	0	1
2416	0xf003eca8	_nfs_badop	0xf	1	0	0	1
2417	0xf013abe0	_nfs_cache_blown	0xf	6	0	0	1
2418	0xf013abf0	_nfs_cache_blown_fh	0xf	6	0	0	1
2419	0xf0039694	_nfs_cache_check	0xf	1	0	0	1
2420	0xf010c9f8	_nfs_chars	0xf	4	0	0	1
2421	0xf010d5c8	_nfs_cto	0xf	4	0	0	1
2422	0xf010d704	_nfs_dnlc	0xf	4	0	0	1
2423	0xf00398ec	_nfs_getattr_otw	0xf	1	0	0	1
2424	0xf0039fa4	_nfs_getfh	0xf	1	0	0	1
2425	0xf0039628	_nfs_invalidate_caches	0xf	1	0	0	1
2426	0xf003c5d8	_nfs_netboot_prealloc	0xf	1	0	0	1
2427	0xf010cc44	_nfs_portmon	0xf	4	0	0	1
2428	0xf003965c	_nfs_purge_caches	0xf	1	0	0	1
2429	0xf003a4d0	_nfs_svc	0xf	1	0	0	1
2430	0xf0039608	_nfs_validate_caches	0xf	1	0	0	1
2431	0xf010d090	_nfs_vfsops	0xf	4	0	0	1
2432	0xf010d5cc	_nfs_vnodeops	0xf	4	0	0	1
2433	0xf010d724	_nfs_wakeup_one_biod	0xf	4	0	0	1
2434	0xf010bc80	_nfs_wakeup_one_nfsd	0xf	4	0	0	1
2435	0xf010c9fc	_nfsd_count	0xf	4	0	0	1
2436	0xf00399a8	_nfsgetattr	0xf	1	0	0	1
2437	0xf013abd0	_nfsmntno	0xf	6	0	0	1
2438	0xf010ca00	_nfsreadmap	0xf	4	0	0	1
2439	0xf013ac10	_nfsslowlink	0xf	6	0	0	1
2440	0xf0039bb8	_nfstsize	0xf	1	0	0	1
2441	0xf003f3e0	_nfswrite	0xf	1	0	0	1
2442	0xf010baac	_nldisp	0xf	4	0	0	1
2443	0xf010f37c	_nmbclusters	0xf	4	0	0	1
2444	0xf011c05c	_nmfsbuf	0xf	4	0	0	1
2445	0xf013dda0	_nmi_big	0xf	6	0	0	1
2446	0xf013dda8	_nmi_cont	0xf	6	0	0	1
2447	0xf013ddb0	_nmi_gdb	0xf	6	0	0	1
2448	0xf013ddb8	_nmi_halt	0xf	6	0	0	1
2449	0xf013ddc0	_nmi_help	0xf	6	0	0	1
2450	0xf013ddc8	_nmi_mon	0xf	6	0	0	1
2451	0xf013ddd0	_nmi_msg	0xf	6	0	0	1
2452	0xf0099db4	_nmi_prf	0xf	1	0	0	1
2453	0xf013ddd8	_nmi_reboot	0xf	6	0	0	1
2454	0xf013dde0	_nmi_stay	0xf	6	0	0	1
2455	0xf011932c	_nmod	0xf	4	0	0	1
2456	0xf0110584	_no_dispatch_count	0xf	4	0	0	1
2457	0xf01192b8	_no_mix	0xf	4	0	0	1
2458	0xf01192b4	_no_vme	0xf	4	0	0	1
2459	0xf0015440	_nodev	0xf	1	0	0	1
2460	0xf0119944	_nofault	0xf	4	0	0	1
2461	0xf010ebb8	_nogroup	0xf	4	0	0	1
2462	0xf0015480	_nosys	0xf	1	0	0	1
2463	0xf0099020	_not_serviced	0xf	1	0	0	1
2464	0xf007aee4	_notify_server_loop	0xf	1	0	0	1
2465	0xf010f380	_nport	0xf	4	0	0	1
2466	0xf010cd78	_nrnode	0xf	4	0	0	1
2467	0xf011fd10	_ns24	0xf	4	0	0	1
2468	0xf006e154	_ns_abstimeout	0xf	1	0	0	1
2469	0xf006e0e4	_ns_hardclock_init	0xf	1	0	0	1
2470	0xf013c288	_ns_per_tick	0xf	6	0	0	1
2471	0xf006e18c	_ns_sleep	0xf	1	0	0	1
2472	0xf006e1d4	_ns_time_to_timeval	0xf	1	0	0	1
2473	0xf006e304	_ns_time_to_tsval	0xf	1	0	0	1
2474	0xf006e124	_ns_timeout	0xf	1	0	0	1
2475	0xf006e174	_ns_untimeout	0xf	1	0	0	1
2476	0xf013f0a0	_nscsi_devices	0xf	6	0	0	1
2477	0xf0135230	_nselcoll	0xf	6	0	0	1
2478	0xf01340d0	_nswbuf	0xf	6	0	0	1
2479	0xf0119314	_nswctxs	0xf	4	0	0	1
2480	0xf010adc8	_nsysent	0xf	4	0	0	1
2481	0xf013c960	_nthreads	0xf	6	0	0	1
2482	0xf002989c	_null_hash	0xf	1	0	0	1
2483	0xf0029854	_null_init	0xf	1	0	0	1
2484	0xf00298b0	_null_netmatch	0xf	1	0	0	1
2485	0xf0072dec	_null_port	0xf	1	0	0	1
2486	0xf001544c	_nulldev	0xf	1	0	0	1
2487	0xf001b1b4	_nullioctl	0xf	1	0	0	1
2488	0xf0017fd8	_nullmodem	0xf	1	0	0	1
2489	0xf002b73c	_nullsap_input	0xf	1	0	0	1
2490	0xf0015474	_nullsys	0xf	1	0	0	1
2491	0xf013d330	_num_regions	0xf	6	0	0	1
2492	0xf013cb98	_num_zones	0xf	6	0	0	1
2493	0xf000303c	_nwindows	0xf	1	0	0	1
2494	0xf013f150	_nzs	0xf	6	0	0	1
2495	0xf00b0b78	_obio_attach	0xf	1	0	0	1
2496	0xf00b3520	_obio_encode_reg	0xf	1	0	0	1
2497	0xf00b0b54	_obio_identify	0xf	1	0	0	1
2498	0xf00b3650	_obio_match	0xf	1	0	0	1
2499	0xf011c4e8	_obio_ops	0xf	4	0	0	1
2500	0xf00fa430	_objc_VERS_NUM	0xf	2	0	0	1
2501	0xf00fa390	_objc_VERS_STRING	0xf	2	0	0	1
2502	0xf00f1da0	_objc_addClass	0xf	1	0	0	1
2503	0xf00f1f84	_objc_addModule	0xf	1	0	0	1
2504	0xf00f1d04	_objc_getClass	0xf	1	0	0	1
2505	0xf00f1cd0	_objc_getClasses	0xf	1	0	0	1
2506	0xf00f1d7c	_objc_getMetaClass	0xf	1	0	0	1
2507	0xf00f1e28	_objc_getModules	0xf	1	0	0	1
2508	0xf00ef65c	_objc_getOrigClass	0xf	1	0	0	1
2509	0xf00f1d5c	_objc_lookUpClass	0xf	1	0	0	1
2510	0xf00f1870	_objc_msgSend	0xf	1	0	0	1
2511	0xf00f197c	_objc_msgSendSuper	0xf	1	0	0	1
2512	0xf00f1b14	_objc_msgSendv	0xf	1	0	0	1
2513	0xf00f0d3c	_objc_registerModule	0xf	1	0	0	1
2514	0xf00f1cf8	_objc_setClassHandler	0xf	1	0	0	1
2515	0xf00f32c4	_objc_setMultithreaded	0xf	1	0	0	1
2516	0xf00f15d0	_objc_unregisterModule	0xf	1	0	0	1
2517	0xf0111b3c	_object_bypasses	0xf	4	0	0	1
2518	0xf0111b38	_object_collapses	0xf	4	0	0	1
2519	0xf00ec3d0	_object_copy	0xf	1	0	0	1
2520	0xf00ec3f0	_object_copyFromZone	0xf	1	0	0	1
2521	0xf0067e08	_object_copyin	0xf	1	0	0	1
2522	0xf0067e34	_object_copyout	0xf	1	0	0	1
2523	0xf00ec414	_object_dispose	0xf	1	0	0	1
2524	0xf00ef188	_object_getClassName	0xf	1	0	0	1
2525	0xf00ef1ac	_object_getIndexedIvars	0xf	1	0	0	1
2526	0xf00ec4bc	_object_getInstanceVariable	0xf	1	0	0	1
2527	0xf013d3f8	_object_hash_zone	0xf	6	0	0	1
2528	0xf00ec430	_object_realloc	0xf	1	0	0	1
2529	0xf00ec450	_object_reallocFromZone	0xf	1	0	0	1
2530	0xf00ec474	_object_setInstanceVariable	0xf	1	0	0	1
2531	0xf0112d34	_obp_mailbox	0xf	4	0	0	1
2532	0xf011c278	_obp_romvec_version	0xf	4	0	0	1
2533	0xf0112d28	_obpctx	0xf	4	0	0	1
2534	0xf000e328	_obreak	0xf	1	0	0	1
2535	0xf00966fc	_ocsum	0xf	1	0	0	1
2536	0xf0120550	_ohlfs12	0xf	4	0	0	1
2537	0xf0062610	_old_mach_port_get_receive_status	0xf	1	0	0	1
2538	0xf0119380	_old_memlist	0xf	4	0	0	1
2539	0xf0113584	_olvl1	0xf	4	0	0	1
2540	0xf0113df4	_olvl10	0xf	4	0	0	1
2541	0xf013da00	_olvl10_spurious	0xf	6	0	0	1
2542	0xf0113ee4	_olvl11	0xf	4	0	0	1
2543	0xf0133d68	_olvl11_spurious	0xf	6	0	0	1
2544	0xf0113fd4	_olvl12	0xf	4	0	0	1
2545	0xf0133d70	_olvl12_spurious	0xf	6	0	0	1
2546	0xf01140c4	_olvl13	0xf	4	0	0	1
2547	0xf0133d78	_olvl13_spurious	0xf	6	0	0	1
2548	0xf01141b4	_olvl14	0xf	4	0	0	1
2549	0xf013da08	_olvl14_spurious	0xf	6	0	0	1
2550	0xf01142a4	_olvl15	0xf	4	0	0	1
2551	0xf013da10	_olvl15_spurious	0xf	6	0	0	1
2552	0xf013da18	_olvl1_spurious	0xf	6	0	0	1
2553	0xf0113674	_olvl2	0xf	4	0	0	1
2554	0xf013da20	_olvl2_spurious	0xf	6	0	0	1
2555	0xf0113764	_olvl3	0xf	4	0	0	1
2556	0xf013da28	_olvl3_spurious	0xf	6	0	0	1
2557	0xf0113854	_olvl4	0xf	4	0	0	1
2558	0xf0133d80	_olvl4_spurious	0xf	6	0	0	1
2559	0xf0113944	_olvl5	0xf	4	0	0	1
2560	0xf013da30	_olvl5_spurious	0xf	6	0	0	1
2561	0xf0113a34	_olvl6	0xf	4	0	0	1
2562	0xf0133d88	_olvl6_spurious	0xf	6	0	0	1
2563	0xf0113b24	_olvl7	0xf	4	0	0	1
2564	0xf013da38	_olvl7_spurious	0xf	6	0	0	1
2565	0xf0113c14	_olvl8	0xf	4	0	0	1
2566	0xf0133d90	_olvl8_spurious	0xf	6	0	0	1
2567	0xf0113d04	_olvl9	0xf	4	0	0	1
2568	0xf0133d98	_olvl9_spurious	0xf	6	0	0	1
2569	0xf0027654	_open	0xf	1	0	0	1
2570	0xf013ee28	_options_devinfo	0xf	6	0	0	1
2571	0xf00477ac	_other_specvp	0xf	1	0	0	1
2572	0xf012ef40	_outPort	0xf	4	0	0	1
2573	0xf000e3fc	_ovadvise	0xf	1	0	0	1
2574	0xf0094df0	_ovbcopy	0xf	1	0	0	1
2575	0xf010a2e0	_overflowcnt	0xf	4	0	0	1
2576	0xf009745c	_p4m35_disable_dvma	0xf	1	0	0	1
2577	0xf00a6c30	_p4m35_ebe_handler	0xf	1	0	0	1
2578	0xf0097444	_p4m35_enable_dvma	0xf	1	0	0	1
2579	0xf009742c	_p4m35_get_sysctl	0xf	1	0	0	1
2580	0xf00974a4	_p4m35_init_all_fsr	0xf	1	0	0	1
2581	0xf00a6108	_p4m35_l15_async_fault	0xf	1	0	0	1
2582	0xf00a6c1c	_p4m35_memerr_disable	0xf	1	0	0	1
2583	0xf009748c	_p4m35_memerr_disable_asm	0xf	1	0	0	1
2584	0xf00a6bec	_p4m35_memerr_init	0xf	1	0	0	1
2585	0xf0097474	_p4m35_memerr_init_asm	0xf	1	0	0	1
2586	0xf00a6e50	_p4m35_parerr_recover	0xf	1	0	0	1
2587	0xf00a6d94	_p4m35_parerr_reset	0xf	1	0	0	1
2588	0xf0097438	_p4m35_set_sysctl	0xf	1	0	0	1
2589	0xf00974d4	_p4m35_stub	0xf	1	0	0	1
2590	0xf0097394	_p4m35_sys_setfunc	0xf	1	0	0	1
2591	0xf00971d4	_p4m50_init_all_fsr	0xf	1	0	0	1
2592	0xf00971bc	_p4m50_set_diagled	0xf	1	0	0	1
2593	0xf0097194	_p4m50_sys_setfunc	0xf	1	0	0	1
2594	0xf0097228	_p4m690_sys_setfunc	0xf	1	0	0	1
2595	0xf00a4a38	_pac_flush	0xf	1	0	0	1
2596	0xf0095a14	_pac_pageflush	0xf	1	0	0	1
2597	0xf01340d8	_page_mask	0xf	6	0	0	1
2598	0xf013d348	_page_shift	0xf	6	0	0	1
2599	0xf0111d3c	_page_size	0xf	4	0	0	1
2600	0xf00aa288	_pagemove	0xf	1	0	0	1
2601	0xf0134788	_pageoutThread	0xf	6	0	0	1
2602	0xf008af5c	_pagerfile_pager_create	0xf	1	0	0	1
2603	0xf0112514	_panel_req_port	0xf	4	0	0	1
2604	0xf0015170	_panic	0xf	1	0	0	1
2605	0xf001515c	_panic_init	0xf	1	0	0	1
2606	0xf0135218	_panic_lock	0xf	6	0	0	1
2607	0xf0135220	_paniccpu	0xf	6	0	0	1
2608	0xf0135228	_panicstr	0xf	6	0	0	1
2609	0xf010b5a0	_partab	0xf	4	0	0	1
2610	0xf00b31b0	_path_findnodebyname	0xf	1	0	0	1
2611	0xf00b2c3c	_path_getdecodefunc	0xf	1	0	0	1
2612	0xf00b2c90	_path_getencodefunc	0xf	1	0	0	1
2613	0xf00b2d04	_path_getmatchfunc	0xf	1	0	0	1
2614	0xf00b2ef0	_path_to_devi	0xf	1	0	0	1
2615	0xf00b302c	_path_to_nodeid	0xf	1	0	0	1
2616	0xf00b3050	_path_to_subdev	0xf	1	0	0	1
2617	0xf009ba0c	_pcb_init	0xf	1	0	0	1
2618	0xf009b9d8	_pcb_module_init	0xf	1	0	0	1
2619	0xf009be0c	_pcb_synch	0xf	1	0	0	1
2620	0xf009bde0	_pcb_terminate	0xf	1	0	0	1
2621	0xf013de00	_pcb_zone	0xf	6	0	0	1
2622	0xf013e650	_pcontexts	0xf	6	0	0	1
2623	0xf00b25d0	_peek	0xf	1	0	0	1
2624	0xf00b2640	_peekc	0xf	1	0	0	1
2625	0xf00b26a8	_peekl	0xf	1	0	0	1
2626	0xf001d4ec	_pfctlinput	0xf	1	0	0	1
2627	0xf001d5f8	_pffasttimo	0xf	1	0	0	1
2628	0xf001d420	_pffindproto	0xf	1	0	0	1
2629	0xf001d398	_pffindtype	0xf	1	0	0	1
2630	0xf000e4c0	_pfind	0xf	1	0	0	1
2631	0xf001d564	_pfslowtimo	0xf	1	0	0	1
2632	0xf013de60	_pg_desc_tbl	0xf	6	0	0	1
2633	0xf000e8c4	_pgdelete	0xf	1	0	0	1
2634	0xf000e660	_pgfind	0xf	1	0	0	1
2635	0xf0134790	_pgrp0	0xf	6	0	0	1
2636	0xf01347b0	_pgrphash	0xf	6	0	0	1
2637	0xf0011510	_pgsignal	0xf	1	0	0	1
2638	0xf0119394	_phys_avail	0xf	4	0	0	1
2639	0xf0119390	_phys_install	0xf	4	0	0	1
2640	0xf013db18	_phys_iopte	0xf	6	0	0	1
2641	0xf0119384	_physinstalled	0xf	4	0	0	1
2642	0xf0029584	_physio	0xf	1	0	0	1
2643	0xf0119388	_physmax	0xf	4	0	0	1
2644	0xf011938c	_physmaxpfn	0xf	4	0	0	1
2645	0xf00297f0	_physstrat	0xf	1	0	0	1
2646	0xf001e598	_piconnect	0xf	1	0	0	1
2647	0xf0134d70	_pidhash	0xf	6	0	0	1
2648	0xf000e514	_pidhash_enter	0xf	1	0	0	1
2649	0xf0021f40	_pipe	0xf	1	0	0	1
2650	0xf00b949c	_pkt_transport	0xf	1	0	0	1
2651	0xf009f600	_pmap_activate	0xf	1	0	0	1
2652	0xf00a309c	_pmap_alloc_context	0xf	1	0	0	1
2653	0xf00a26bc	_pmap_alloc_kseg_entry	0xf	1	0	0	1
2654	0xf00a2060	_pmap_alloc_reg_entry	0xf	1	0	0	1
2655	0xf00a2958	_pmap_alloc_seg_entry	0xf	1	0	0	1
2656	0xf009c0a8	_pmap_allocate_mapping	0xf	1	0	0	1
2657	0xf00a1178	_pmap_attribute	0xf	1	0	0	1
2658	0xf009c14c	_pmap_bootstrap	0xf	1	0	0	1
2659	0xf009c5c4	_pmap_change_prot	0xf	1	0	0	1
2660	0xf009ec28	_pmap_change_wiring	0xf	1	0	0	1
2661	0xf009f230	_pmap_check_page_attrib	0xf	1	0	0	1
2662	0xf009f4b0	_pmap_clear_modify	0xf	1	0	0	1
2663	0xf009efc0	_pmap_clear_page_attrib	0xf	1	0	0	1
2664	0xf009f530	_pmap_clear_reference	0xf	1	0	0	1
2665	0xf009f5b0	_pmap_collect	0xf	1	0	0	1
2666	0xf009fb7c	_pmap_copy	0xf	1	0	0	1
2667	0xf009e5b8	_pmap_copy_on_write	0xf	1	0	0	1
2668	0xf009f82c	_pmap_copy_page	0xf	1	0	0	1
2669	0xf009c7c0	_pmap_create	0xf	1	0	0	1
2670	0xf009f728	_pmap_deactivate	0xf	1	0	0	1
2671	0xf00a27d4	_pmap_dealloc_kseg_entry	0xf	1	0	0	1
2672	0xf00a2444	_pmap_dealloc_reg_entry	0xf	1	0	0	1
2673	0xf00a2d90	_pmap_dealloc_seg_entry	0xf	1	0	0	1
2674	0xf009c0d4	_pmap_deallocate_mappings	0xf	1	0	0	1
2675	0xf009c89c	_pmap_destroy	0xf	1	0	0	1
2676	0xf009e4ac	_pmap_enter	0xf	1	0	0	1
2677	0xf009e4d8	_pmap_enter_cache_spec	0xf	1	0	0	1
2678	0xf009df38	_pmap_enter_dev	0xf	1	0	0	1
2679	0xf009e454	_pmap_enter_range	0xf	1	0	0	1
2680	0xf009e53c	_pmap_enter_shared_range	0xf	1	0	0	1
2681	0xf009dc78	_pmap_expand	0xf	1	0	0	1
2682	0xf009ef58	_pmap_extract	0xf	1	0	0	1
2683	0xf0118d78	_pmap_func_info0	0xf	4	0	0	1
2684	0xf0118d7c	_pmap_func_info1	0xf	4	0	0	1
2685	0xf009cf24	_pmap_gather_pte	0xf	1	0	0	1
2686	0xf009d098	_pmap_getpte	0xf	1	0	0	1
2687	0xf013de70	_pmap_info	0xf	6	0	0	1
2688	0xf009c708	_pmap_init	0xf	1	0	0	1
2689	0xf0118d90	_pmap_initialized	0xf	4	0	0	1
2690	0xf009f4ec	_pmap_is_modified	0xf	1	0	0	1
2691	0xf009f56c	_pmap_is_referenced	0xf	1	0	0	1
2692	0xf009f734	_pmap_kernel	0xf	1	0	0	1
2693	0xf00435ec	_pmap_kgetport	0xf	1	0	0	1
2694	0xf009c310	_pmap_map	0xf	1	0	0	1
2695	0xf009e758	_pmap_move_page	0xf	1	0	0	1
2696	0xf0118d84	_pmap_opt_info	0xf	4	0	0	1
2697	0xf009ebc4	_pmap_page_protect	0xf	1	0	0	1
2698	0xf009c9b8	_pmap_page_table_entry	0xf	1	0	0	1
2699	0xf009fb94	_pmap_pageable	0xf	1	0	0	1
2700	0xf009fba0	_pmap_print_info	0xf	1	0	0	1
2701	0xf009e9c4	_pmap_protect	0xf	1	0	0	1
2702	0xf009c948	_pmap_reference	0xf	1	0	0	1
2703	0xf009d17c	_pmap_remove	0xf	1	0	0	1
2704	0xf009d7f8	_pmap_remove_all	0xf	1	0	0	1
2705	0xf009ee84	_pmap_resident_extract	0xf	1	0	0	1
2706	0xf009cbe8	_pmap_scatter_pte	0xf	1	0	0	1
2707	0xf00a25c4	_pmap_seg_entry	0xf	1	0	0	1
2708	0xf009c134	_pmap_unwire_mapping	0xf	1	0	0	1
2709	0xf009fb88	_pmap_update	0xf	1	0	0	1
2710	0xf009fb64	_pmap_update_interrupt	0xf	1	0	0	1
2711	0xf00a12b0	_pmap_vacflush	0xf	1	0	0	1
2712	0xf0118d80	_pmap_var_info	0xf	4	0	0	1
2713	0xf009c11c	_pmap_wire_mapping	0xf	1	0	0	1
2714	0xf009f75c	_pmap_zero_page	0xf	1	0	0	1
2715	0xf013df78	_pmap_zone	0xf	6	0	0	1
2716	0xf010b48c	_pmsgbuf	0xf	4	0	0	1
2717	0xf0027298	_pn_alloc	0xf	1	0	0	1
2718	0xf00273e0	_pn_append	0xf	1	0	0	1
2719	0xf002737c	_pn_combine	0xf	1	0	0	1
2720	0xf00274e8	_pn_free	0xf	1	0	0	1
2721	0xf00272b8	_pn_get	0xf	1	0	0	1
2722	0xf0027438	_pn_getcomponent	0xf	1	0	0	1
2723	0xf0110e40	_pn_register_port	0xf	4	0	0	1
2724	0xf013cbf0	_pn_register_port_k	0xf	6	0	0	1
2725	0xf002734c	_pn_set	0xf	1	0	0	1
2726	0xf00274a0	_pn_skipslash	0xf	1	0	0	1
2727	0xf007b360	_pnotify_start	0xf	1	0	0	1
2728	0xf00b27a0	_poke	0xf	1	0	0	1
2729	0xf00b2828	_pokec	0xf	1	0	0	1
2730	0xf0119948	_pokefault	0xf	4	0	0	1
2731	0xf00b2718	_pokel	0xf	1	0	0	1
2732	0xf013df80	_pool_zone	0xf	6	0	0	1
2733	0xf0063170	_port_allocate	0xf	1	0	0	1
2734	0xf00f3b60	_port_allocate_EXTERNAL	0xf	1	0	0	1
2735	0xf00631b4	_port_deallocate	0xf	1	0	0	1
2736	0xf00f3c6c	_port_deallocate_EXTERNAL	0xf	1	0	0	1
2737	0xf0063878	_port_extract_receive	0xf	1	0	0	1
2738	0xf00637a0	_port_extract_send	0xf	1	0	0	1
2739	0xf00637e4	_port_insert_receive	0xf	1	0	0	1
2740	0xf006370c	_port_insert_send	0xf	1	0	0	1
2741	0xf0062fcc	_port_names	0xf	1	0	0	1
2742	0xf0067e94	_port_reference	0xf	1	0	0	1
2743	0xf0067eb4	_port_release	0xf	1	0	0	1
2744	0xf0063140	_port_rename	0xf	1	0	0	1
2745	0xf007b2b4	_port_request_notification	0xf	1	0	0	1
2746	0xf006356c	_port_set_add	0xf	1	0	0	1
2747	0xf00f3d68	_port_set_add_EXTERNAL	0xf	1	0	0	1
2748	0xf00634c4	_port_set_allocate	0xf	1	0	0	1
2749	0xf00f3e74	_port_set_allocate_EXTERNAL	0xf	1	0	0	1
2750	0xf0063238	_port_set_backlog	0xf	1	0	0	1
2751	0xf00f4600	_port_set_backlog_EXTERNAL	0xf	1	0	0	1
2752	0xf0063294	_port_set_backup	0xf	1	0	0	1
2753	0xf0063508	_port_set_deallocate	0xf	1	0	0	1
2754	0xf00f3f80	_port_set_deallocate_EXTERNAL	0xf	1	0	0	1
2755	0xf006363c	_port_set_remove	0xf	1	0	0	1
2756	0xf00636d8	_port_set_status	0xf	1	0	0	1
2757	0xf0063330	_port_status	0xf	1	0	0	1
2758	0xf0062e80	_port_translate_compat	0xf	1	0	0	1
2759	0xf0063108	_port_type	0xf	1	0	0	1
2760	0xf01348b0	_posix_proc_hash	0xf	6	0	0	1
2761	0xf006e82c	_power_callout	0xf	1	0	0	1
2762	0xf006e88c	_power_init	0xf	1	0	0	1
2763	0xf000e5d8	_pqinit	0xf	1	0	0	1
2764	0xf013dde8	_prettyShutdown	0xf	6	0	0	1
2765	0xf013f650	_prettyp	0xf	6	0	0	1
2766	0xf00148cc	_prf	0xf	1	0	0	1
2767	0xf00a32f0	_print_debug_msg	0xf	1	0	0	1
2768	0xf0014658	_printf	0xf	1	0	0	1
2769	0xf00c3b78	_probeDirectDevices	0xf	1	0	0	1
2770	0xf00c3b6c	_probeHardware	0xf	1	0	0	1
2771	0xf00c3118	_probeNativeDevices	0xf	1	0	0	1
2772	0xf00962a4	_probe_1	0xf	1	0	0	1
2773	0xf00962bc	_probe_2	0xf	1	0	0	1
2774	0xf00962d4	_probe_3	0xf	1	0	0	1
2775	0xf0096294	_probe_pte_0	0xf	1	0	0	1
2776	0xf000e580	_proc_cache_clear	0xf	1	0	0	1
2777	0xf000ed4c	_proc_from_thread	0xf	1	0	0	1
2778	0xf0010844	_proc_shutdown	0xf	1	0	0	1
2779	0xf0134ea0	_proc_zone	0xf	6	0	0	1
2780	0xf008a080	_procdup	0xf	1	0	0	1
2781	0xf00a5d08	_process_aflt	0xf	1	0	0	1
2782	0xf013c2b0	_processor_array	0xf	6	0	0	1
2783	0xf006c080	_processor_assign	0xf	1	0	0	1
2784	0xf006f2d0	_processor_control	0xf	1	0	0	1
2785	0xf006f2b4	_processor_exit	0xf	1	0	0	1
2786	0xf006f320	_processor_get_assignment	0xf	1	0	0	1
2787	0xf006f1e0	_processor_info	0xf	1	0	0	1
2788	0xf006ee44	_processor_init	0xf	1	0	0	1
2789	0xf01349b0	_processor_ptr	0xf	6	0	0	1
2790	0xf006f308	_processor_set_create	0xf	1	0	0	1
2791	0xf006522c	_processor_set_default	0xf	1	0	0	1
2792	0xf006f314	_processor_set_destroy	0xf	1	0	0	1
2793	0xf006f358	_processor_set_info	0xf	1	0	0	1
2794	0xf006f45c	_processor_set_max_priority	0xf	1	0	0	1
2795	0xf006f560	_processor_set_policy_disable	0xf	1	0	0	1
2796	0xf006f4fc	_processor_set_policy_enable	0xf	1	0	0	1
2797	0xf00761a0	_processor_set_stack_usage	0xf	1	0	0	1
2798	0xf006f8dc	_processor_set_tasks	0xf	1	0	0	1
2799	0xf006f620	_processor_set_things	0xf	1	0	0	1
2800	0xf006f8fc	_processor_set_threads	0xf	1	0	0	1
2801	0xf006f298	_processor_start	0xf	1	0	0	1
2802	0xf000a160	_profil	0xf	1	0	0	1
2803	0xf00aed50	_prom_alloc	0xf	1	0	0	1
2804	0xf00aeee0	_prom_boot	0xf	1	0	0	1
2805	0xf00aed90	_prom_bootargs	0xf	1	0	0	1
2806	0xf00aedc4	_prom_bootparam	0xf	1	0	0	1
2807	0xf00aedf4	_prom_bootpath	0xf	1	0	0	1
2808	0xf00af49c	_prom_childnode	0xf	1	0	0	1
2809	0xf00aee28	_prom_close	0xf	1	0	0	1
2810	0xf00aee64	_prom_devicetype	0xf	1	0	0	1
2811	0xf00aeec4	_prom_enter_mon	0xf	1	0	0	1
2812	0xf00aef08	_prom_exit_to_mon	0xf	1	0	0	1
2813	0xf00b03a4	_prom_findnode_bydevtype	0xf	1	0	0	1
2814	0xf00af528	_prom_findnode_byname	0xf	1	0	0	1
2815	0xf00aef88	_prom_free	0xf	1	0	0	1
2816	0xf00afcd0	_prom_get_boot_dev_name	0xf	1	0	0	1
2817	0xf00afdc8	_prom_get_boot_dev_part	0xf	1	0	0	1
2818	0xf00afd78	_prom_get_boot_dev_unit	0xf	1	0	0	1
2819	0xf00afc9c	_prom_get_boot_devi	0xf	1	0	0	1
2820	0xf00afe10	_prom_get_path_option	0xf	1	0	0	1
2821	0xf00afe4c	_prom_get_stdin_dev_name	0xf	1	0	0	1
2822	0xf00b0124	_prom_get_stdin_subunit	0xf	1	0	0	1
2823	0xf00affc4	_prom_get_stdin_unit	0xf	1	0	0	1
2824	0xf00aff04	_prom_get_stdout_dev_name	0xf	1	0	0	1
2825	0xf00b01cc	_prom_get_stdout_subunit	0xf	1	0	0	1
2826	0xf00b0078	_prom_get_stdout_unit	0xf	1	0	0	1
2827	0xf00aefbc	_prom_getchar	0xf	1	0	0	1
2828	0xf00af110	_prom_getidprom	0xf	1	0	0	1
2829	0xf00af5e0	_prom_getnode_byname	0xf	1	0	0	1
2830	0xf00af73c	_prom_getphandle	0xf	1	0	0	1
2831	0xf00af004	_prom_getprop	0xf	1	0	0	1
2832	0xf00aefdc	_prom_getproplen	0xf	1	0	0	1
2833	0xf00af030	_prom_gettime	0xf	1	0	0	1
2834	0xf00b030c	_prom_getversion	0xf	1	0	0	1
2835	0xf00af0c8	_prom_idlecpu	0xf	1	0	0	1
2836	0xf00af1d4	_prom_init	0xf	1	0	0	1
2837	0xf00af278	_prom_interpret	0xf	1	0	0	1
2838	0xf00af304	_prom_map	0xf	1	0	0	1
2839	0xf00af380	_prom_mayget	0xf	1	0	0	1
2840	0xf00af3e4	_prom_mayput	0xf	1	0	0	1
2841	0xf00af478	_prom_nextnode	0xf	1	0	0	1
2842	0xf00af450	_prom_nextprop	0xf	1	0	0	1
2843	0xf00af68c	_prom_open	0xf	1	0	0	1
2844	0xf00b0540	_prom_panic	0xf	1	0	0	1
2845	0xf00b04e0	_prom_parentnode	0xf	1	0	0	1
2846	0xf00af778	_prom_printf	0xf	1	0	0	1
2847	0xf00afa48	_prom_printn	0xf	1	0	0	1
2848	0xf00afafc	_prom_putchar	0xf	1	0	0	1
2849	0xf00afb20	_prom_reboot	0xf	1	0	0	1
2850	0xf00afb40	_prom_resumecpu	0xf	1	0	0	1
2851	0xf00af4c0	_prom_rootnode	0xf	1	0	0	1
2852	0xf00afb88	_prom_seek	0xf	1	0	0	1
2853	0xf00af04c	_prom_sethandler	0xf	1	0	0	1
2854	0xf00afbd0	_prom_setprop	0xf	1	0	0	1
2855	0xf00af510	_prom_stack_fini	0xf	1	0	0	1
2856	0xf00af4ec	_prom_stack_init	0xf	1	0	0	1
2857	0xf00afc00	_prom_startcpu	0xf	1	0	0	1
2858	0xf00af298	_prom_stdin_is_keyboard	0xf	1	0	0	1
2859	0xf00b0274	_prom_stdin_stdout_equivalence	0xf	1	0	0	1
2860	0xf00af220	_prom_stdinpath	0xf	1	0	0	1
2861	0xf00aef24	_prom_stdout_is_framebuffer	0xf	1	0	0	1
2862	0xf00af6e4	_prom_stdoutpath	0xf	1	0	0	1
2863	0xf00afc54	_prom_stopcpu	0xf	1	0	0	1
2864	0xf00af63c	_prom_strcmp	0xf	1	0	0	1
2865	0xf00af34c	_prom_unmap	0xf	1	0	0	1
2866	0xf00b0320	_prom_writestr	0xf	1	0	0	1
2867	0xf0112d98	_psaddr	0xf	4	0	0	1
2868	0xf0112d80	_psccoher	0xf	4	0	0	1
2869	0xf0112df0	_pscpu	0xf	4	0	0	1
2870	0xf0112d50	_psdevtype	0xf	4	0	0	1
2871	0xf0112db8	_psemmc	0xf	4	0	0	1
2872	0xf006ef34	_pset_add_processor	0xf	1	0	0	1
2873	0xf006efdc	_pset_add_task	0xf	1	0	0	1
2874	0xf006f070	_pset_add_thread	0xf	1	0	0	1
2875	0xf006f138	_pset_deallocate	0xf	1	0	0	1
2876	0xf006ed70	_pset_init	0xf	1	0	0	1
2877	0xf006f19c	_pset_reference	0xf	1	0	0	1
2878	0xf006eec4	_pset_remove_processor	0xf	1	0	0	1
2879	0xf006ef80	_pset_remove_task	0xf	1	0	0	1
2880	0xf006f020	_pset_remove_thread	0xf	1	0	0	1
2881	0xf006ecb0	_pset_sys_bootstrap	0xf	1	0	0	1
2882	0xf012e5b4	_pseudoDevList	0xf	4	0	0	1
2883	0xf012eaec	_pseudo_inits	0xf	4	0	0	1
2884	0xf00b14e4	_pseudoconfig	0xf	1	0	0	1
2885	0xf0011f4c	_psig	0xf	1	0	0	1
2886	0xf0011574	_psignal	0xf	1	0	0	1
2887	0xf0112dd8	_psiommu	0xf	4	0	0	1
2888	0xf0112da0	_psmmc	0xf	4	0	0	1
2889	0xf0112d48	_psname	0xf	4	0	0	1
2890	0xf0112d70	_pspagesize	0xf	4	0	0	1
2891	0xf0112dc8	_pspmmc	0xf	4	0	0	1
2892	0xf0112de0	_psproc	0xf	4	0	0	1
2893	0xf0112d60	_psrange	0xf	4	0	0	1
2894	0xf0112d68	_psreg	0xf	4	0	0	1
2895	0xf001b8ec	_ptcclose	0xf	1	0	0	1
2896	0xf001b834	_ptcopen	0xf	1	0	0	1
2897	0xf001b9b0	_ptcread	0xf	1	0	0	1
2898	0xf001bce4	_ptcselect	0xf	1	0	0	1
2899	0xf001b754	_ptcwakeup	0xf	1	0	0	1
2900	0xf001be78	_ptcwrite	0xf	1	0	0	1
2901	0xf0013acc	_ptrace	0xf	1	0	0	1
2902	0xf001b384	_ptsclose	0xf	1	0	0	1
2903	0xf001b258	_ptsopen	0xf	1	0	0	1
2904	0xf001b3f4	_ptsread	0xf	1	0	0	1
2905	0xf001b6a0	_ptsselect	0xf	1	0	0	1
2906	0xf001b6ec	_ptsstart	0xf	1	0	0	1
2907	0xf001bc6c	_ptsstop	0xf	1	0	0	1
2908	0xf001b638	_ptswrite	0xf	1	0	0	1
2909	0xf001b1dc	_pty_alloc	0xf	1	0	0	1
2910	0xf01352a0	_pty_alloc_lock	0xf	6	0	0	1
2911	0xf001b1c0	_pty_init	0xf	1	0	0	1
2912	0xf001c188	_ptyioctl	0xf	1	0	0	1
2913	0xf00e0f38	_put_disk_label	0xf	1	0	0	1
2914	0xf00e0c4c	_put_disktab	0xf	1	0	0	1
2915	0xf00e0eec	_put_dl_un	0xf	1	0	0	1
2916	0xf00e0b80	_put_partition	0xf	1	0	0	1
2917	0xf001cb50	_putc	0xf	1	0	0	1
2918	0xf00152b8	_putchar	0xf	1	0	0	1
2919	0xf013df88	_pv_entry_zone	0xf	6	0	0	1
2920	0xf01349b8	_px	0xf	6	0	0	1
2921	0xf001c800	_q_to_b	0xf	1	0	0	1
2922	0xf0134eb0	_qs	0xf	6	0	0	1
2923	0xf0013dd8	_qsort	0xf	1	0	0	1
2924	0xf006f2ec	_quantum_set	0xf	1	0	0	1
2925	0xf013ad70	_rablock	0xf	6	0	0	1
2926	0xf013aa48	_ractive	0xf	6	0	0	1
2927	0xf013ad78	_rasize	0xf	6	0	0	1
2928	0xf01340e0	_rate	0xf	6	0	0	1
2929	0xf002c450	_raw_attach	0xf	1	0	0	1
2930	0xf002c5d4	_raw_bind	0xf	1	0	0	1
2931	0xf002c660	_raw_connaddr	0xf	1	0	0	1
2932	0xf002c9d8	_raw_ctlinput	0xf	1	0	0	1
2933	0xf002c504	_raw_detach	0xf	1	0	0	1
2934	0xf002c5a0	_raw_disconnect	0xf	1	0	0	1
2935	0xf002c68c	_raw_init	0xf	1	0	0	1
2936	0xf002c6b4	_raw_input	0xf	1	0	0	1
2937	0xf002c9e4	_raw_usrreq	0xf	1	0	0	1
2938	0xf01363f0	_rawcb	0xf	6	0	0	1
2939	0xf002c804	_rawintr	0xf	1	0	0	1
2940	0xf0134160	_rawintrq	0xf	6	0	0	1
2941	0xf013ee48	_rconsdev	0xf	6	0	0	1
2942	0xf013ac40	_rcstat	0xf	6	0	0	1
2943	0xf010d954	_rdlnres_discrim	0xf	4	0	0	1
2944	0xf010d934	_rdres_discrim	0xf	4	0	0	1
2945	0xf0052ffc	_rdwri	0xf	1	0	0	1
2946	0xf001552c	_read	0xf	1	0	0	1
2947	0xf00aecc8	_read_iureg	0xf	1	0	0	1
2948	0xf00282cc	_readlink	0xf	1	0	0	1
2949	0xf0015570	_readv	0xf	1	0	0	1
2950	0xf0135170	_realhost	0xf	6	0	0	1
2951	0xf001342c	_realitexpire	0xf	1	0	0	1
2952	0xf0068284	_realloc	0xf	1	0	0	1
2953	0xf0048b9c	_realloccg	0xf	1	0	0	1
2954	0xf013c968	_reaper_lock	0xf	6	0	0	1
2955	0xf0135150	_reaper_queue	0xf	6	0	0	1
2956	0xf0075b84	_reaper_thread	0xf	1	0	0	1
2957	0xf0075a8c	_reaper_thread_continue	0xf	1	0	0	1
2958	0xf0013a54	_reboot	0xf	1	0	0	1
2959	0xf013ddf0	_reboot_how	0xf	6	0	0	1
2960	0xf0099c30	_reboot_mach	0xf	1	0	0	1
2961	0xf006bca4	_receive_ip_datagram	0xf	1	0	0	1
2962	0xf00719c8	_recompute_priorities	0xf	1	0	0	1
2963	0xf013c440	_recompute_priorities_timer	0xf	6	0	0	1
2964	0xf00219ac	_recv	0xf	1	0	0	1
2965	0xf002190c	_recvfrom	0xf	1	0	0	1
2966	0xf0021ae4	_recvit	0xf	1	0	0	1
2967	0xf0021a0c	_recvmsg	0xf	1	0	0	1
2968	0xf013df90	_reg_active	0xf	6	0	0	1
2969	0xf013dfa0	_reg_free	0xf	6	0	0	1
2970	0xf013dfb0	_reg_semi_active	0xf	6	0	0	1
2971	0xf0071e00	_rem_runq	0xf	1	0	0	1
2972	0xf006c550	_remap_vnode	0xf	1	0	0	1
2973	0xf00b122c	_remdk	0xf	1	0	0	1
2974	0xf0099134	_remintr	0xf	1	0	0	1
2975	0xf006fa08	_remque	0xf	1	0	0	1
2976	0xf006f9c0	_remqueue	0xf	1	0	0	1
2977	0xf0027a4c	_rename	0xf	1	0	0	1
2978	0xf0113470	_report_ce	0xf	4	0	0	1
2979	0xf00b0e38	_report_dev	0xf	1	0	0	1
2980	0xf01176e4	_require_sm_wa	0xf	4	0	0	1
2981	0xf0069a54	_reset_timeout	0xf	1	0	0	1
2982	0xf0004ecc	_reset_windows	0xf	1	0	0	1
2983	0xf00671d8	_retrieve_task_notify	0xf	1	0	0	1
2984	0xf0067004	_retrieve_task_self_fast	0xf	1	0	0	1
2985	0xf0067244	_retrieve_thread_reply	0xf	1	0	0	1
2986	0xf00670a4	_retrieve_thread_self_fast	0xf	1	0	0	1
2987	0xf0003144	_return_with_state	0xf	1	0	0	1
2988	0xf010c428	_revarp	0xf	4	0	0	1
2989	0xf010c42c	_revarpdebug	0xf	4	0	0	1
2990	0xf002e248	_revarpinput	0xf	1	0	0	1
2991	0xf000b5b0	_rewhence	0xf	1	0	0	1
2992	0xf000c6f0	_rexit	0xf	1	0	0	1
2993	0xf003d4d8	_rflush	0xf	1	0	0	1
2994	0xf003d2ac	_rfree	0xf	1	0	0	1
2995	0xf003c774	_rfscall	0xf	1	0	0	1
2996	0xf010ca94	_rfsdisptab	0xf	4	0	0	1
2997	0xf010c9f0	_rfsfreesp	0xf	4	0	0	1
2998	0xf010ce2c	_rfsnames	0xf	4	0	0	1
2999	0xf010c9f4	_rfssize	0xf	4	0	0	1
3000	0xf003d284	_rinactive	0xf	1	0	0	1
3001	0xf003d430	_rinval	0xf	1	0	0	1
3002	0xf0034a20	_rip_ctloutput	0xf	1	0	0	1
3003	0xf0034850	_rip_input	0xf	1	0	0	1
3004	0xf003489c	_rip_output	0xf	1	0	0	1
3005	0xf010c880	_ripdst	0xf	4	0	0	1
3006	0xf010c8a0	_ripproto	0xf	4	0	0	1
3007	0xf010c890	_ripsrc	0xf	4	0	0	1
3008	0xf003d624	_rlock	0xf	1	0	0	1
3009	0xf013aa50	_rlock_awaken_count	0xf	6	0	0	1
3010	0xf003d73c	_rlock_timeout	0xf	1	0	0	1
3011	0xf013aa58	_rlockretimeout	0xf	6	0	0	1
3012	0xf013aa60	_rlocktimeout	0xf	6	0	0	1
3013	0xf00a52c4	_rm_avail	0xf	1	0	0	1
3014	0xf00a4e60	_rmalloc	0xf	1	0	0	1
3015	0xf0027bd0	_rmdir	0xf	1	0	0	1
3016	0xf00a4f14	_rmfree	0xf	1	0	0	1
3017	0xf00a5130	_rmget	0xf	1	0	0	1
3018	0xf00a4de4	_rminit	0xf	1	0	0	1
3019	0xf013aa68	_rnew	0xf	6	0	0	1
3020	0xf013aa70	_rnfree	0xf	6	0	0	1
3021	0xf013aa78	_rnhash	0xf	6	0	0	1
3022	0xf003cc74	_rnode_cache_clear	0xf	1	0	0	1
3023	0xf010d04c	_rnode_zone	0xf	4	0	0	1
3024	0xf013aa80	_rnpages	0xf	6	0	0	1
3025	0xf0003030	_romp	0xf	1	0	0	1
3026	0xf01349c0	_rootcred	0xf	6	0	0	1
3027	0xf01349c8	_rootdev	0xf	6	0	0	1
3028	0xf013e138	_rootdevice	0xf	6	0	0	1
3029	0xf0135158	_rootdir	0xf	6	0	0	1
3030	0xf01352e0	_rootfs	0xf	6	0	0	1
3031	0xf0135380	_rootname	0xf	6	0	0	1
3032	0xf013bec0	_rootrw	0xf	6	0	0	1
3033	0xf0135160	_rootvfs	0xf	6	0	0	1
3034	0xf01353a0	_rootvp	0xf	6	0	0	1
3035	0xf003d02c	_rp_rmhash	0xf	1	0	0	1
3036	0xf000885c	_rpause	0xf	1	0	0	1
3037	0xf0012db8	_rpcont	0xf	1	0	0	1
3038	0xf010d048	_rpfreelist	0xf	4	0	0	1
3039	0xf0012cd8	_rpsleep	0xf	1	0	0	1
3040	0xf013ac68	_rqcred_head	0xf	6	0	0	1
3041	0xf0012e48	_rqinit	0xf	1	0	0	1
3042	0xf013aa88	_rreactive	0xf	6	0	0	1
3043	0xf013aa90	_rreuse	0xf	6	0	0	1
3044	0xf013ad10	_rsstat	0xf	6	0	0	1
3045	0xf013aaa0	_rtable	0xf	6	0	0	1
3046	0xf002cc58	_rtalloc	0xf	1	0	0	1
3047	0xf002ce24	_rtfree	0xf	1	0	0	1
3048	0xf010c338	_rthashsize	0xf	4	0	0	1
3049	0xf0135240	_rthost	0xf	6	0	0	1
3050	0xf002d420	_rtinit	0xf	1	0	0	1
3051	0xf002d09c	_rtioctl	0xf	1	0	0	1
3052	0xf0135260	_rtnet	0xf	6	0	0	1
3053	0xf002ce7c	_rtredirect	0xf	1	0	0	1
3054	0xf002d0f8	_rtrequest	0xf	1	0	0	1
3055	0xf0135280	_rtstat	0xf	6	0	0	1
3056	0xf0136450	_rttrash	0xf	6	0	0	1
3057	0xf0010414	_ruadd	0xf	1	0	0	1
3058	0xf0071bfc	_run_queue_enqueue	0xf	1	0	0	1
3059	0xf003d69c	_runlock	0xf	1	0	0	1
3060	0xf001569c	_rwuio	0xf	1	0	0	1
3061	0xf00e5164	_s24ConfigDisplay	0xf	1	0	0	1
3062	0xf00bb6e0	_s24_attach	0xf	1	0	0	1
3063	0xf013f620	_s24_devinfo_p	0xf	6	0	0	1
3064	0xf00bb690	_s24_identify	0xf	1	0	0	1
3065	0xf011fd14	_s24_ops	0xf	4	0	0	1
3066	0xf006dff8	_safe_prf	0xf	1	0	0	1
3067	0xf0134a20	_savacctp	0xf	6	0	0	1
3068	0xf0094940	_save_context	0xf	1	0	0	1
3069	0xf00949e8	_save_fpu_context	0xf	1	0	0	1
3070	0xf0032de8	_save_rte	0xf	1	0	0	1
3071	0xf0020548	_sbappend	0xf	1	0	0	1
3072	0xf002063c	_sbappendaddr	0xf	1	0	0	1
3073	0xf00205a8	_sbappendrecord	0xf	1	0	0	1
3074	0xf0020880	_sbappendrights	0xf	1	0	0	1
3075	0xf0020990	_sbcompress	0xf	1	0	0	1
3076	0xf0020b20	_sbdrop	0xf	1	0	0	1
3077	0xf0020db8	_sbdroprecord	0xf	1	0	0	1
3078	0xf0020aa4	_sbflush	0xf	1	0	0	1
3079	0xf0020508	_sbrelease	0xf	1	0	0	1
3080	0xf00204c0	_sbreserve	0xf	1	0	0	1
3081	0xf000de2c	_sbrk	0xf	1	0	0	1
3082	0xf0020334	_sbselqueue	0xf	1	0	0	1
3083	0xf00510fc	_sbupdate	0xf	1	0	0	1
3084	0xf00b0be8	_sbus_attach	0xf	1	0	0	1
3085	0xf0112938	_sbus_basepage	0xf	4	0	0	1
3086	0xf00b0638	_sbus_config	0xf	1	0	0	1
3087	0xf00b0bc4	_sbus_identify	0xf	1	0	0	1
3088	0xf0112934	_sbus_numslots	0xf	4	0	0	1
3089	0xf011c568	_sbus_ops	0xf	4	0	0	1
3090	0xf01129b8	_sbus_slotsize	0xf	4	0	0	1
3091	0xf013db20	_sbusmap	0xf	6	0	0	1
3092	0xf00b154c	_sbusslot	0xf	1	0	0	1
3093	0xf0020360	_sbwait	0xf	1	0	0	1
3094	0xf0020384	_sbwakeup	0xf	1	0	0	1
3095	0xf0050600	_scanc	0xf	1	0	0	1
3096	0xf0002000	_scb	0xf	1	0	0	1
3097	0xf0070b9c	_sched_init	0xf	1	0	0	1
3098	0xf0072428	_sched_thread	0xf	1	0	0	1
3099	0xf00723dc	_sched_thread_continue	0xf	1	0	0	1
3100	0xf013c478	_sched_thread_id	0xf	6	0	0	1
3101	0xf013c298	_sched_tick	0xf	6	0	0	1
3102	0xf013c480	_sched_usec	0xf	6	0	0	1
3103	0xf006e388	_sched_usec_elapsed	0xf	1	0	0	1
3104	0xf013f0b0	_scsa_Transport	0xf	6	0	0	1
3105	0xf00b8100	_scsa_config	0xf	1	0	0	1
3106	0xf00b86ec	_scsi_abort	0xf	1	0	0	1
3107	0xf00b805c	_scsi_add_device	0xf	1	0	0	1
3108	0xf00b88d0	_scsi_addcmds	0xf	1	0	0	1
3109	0xf011f3b4	_scsi_capstrings	0xf	4	0	0	1
3110	0xf00b8ebc	_scsi_chkdma	0xf	1	0	0	1
3111	0xf00b9434	_scsi_cmd_decode	0xf	1	0	0	1
3112	0xf011d2f8	_scsi_conf	0xf	4	0	0	1
3113	0xf00b8114	_scsi_config	0xf	1	0	0	1
3114	0xf00b932c	_scsi_cookie	0xf	1	0	0	1
3115	0xf00b881c	_scsi_dmafree	0xf	1	0	0	1
3116	0xf00b87e8	_scsi_dmaget	0xf	1	0	0	1
3117	0xf00b9338	_scsi_dname	0xf	1	0	0	1
3118	0xf00b86a0	_scsi_ifgetcap	0xf	1	0	0	1
3119	0xf00b86c4	_scsi_ifsetcap	0xf	1	0	0	1
3120	0xf00b93d8	_scsi_mname	0xf	1	0	0	1
3121	0xf013f0b8	_scsi_ncmds	0xf	6	0	0	1
3122	0xf011f150	_scsi_ncmds_per_dev	0xf	4	0	0	1
3123	0xf011f158	_scsi_options	0xf	4	0	0	1
3124	0xf00b87c0	_scsi_pktalloc	0xf	1	0	0	1
3125	0xf00b8f08	_scsi_poll	0xf	1	0	0	1
3126	0xf00b8ff8	_scsi_pollintr	0xf	1	0	0	1
3127	0xf00b872c	_scsi_resalloc	0xf	1	0	0	1
3128	0xf00b870c	_scsi_reset	0xf	1	0	0	1
3129	0xf011f154	_scsi_reset_delay	0xf	4	0	0	1
3130	0xf00b883c	_scsi_resfree	0xf	1	0	0	1
3131	0xf00b8864	_scsi_rinit	0xf	1	0	0	1
3132	0xf00b9394	_scsi_rname	0xf	1	0	0	1
3133	0xf00b8454	_scsi_slave	0xf	1	0	0	1
3134	0xf013f0c0	_scsi_spl	0xf	6	0	0	1
3135	0xf00b8dc8	_scsi_std_dmafree	0xf	1	0	0	1
3136	0xf00b8b90	_scsi_std_dmaget	0xf	1	0	0	1
3137	0xf00b8980	_scsi_std_pktalloc	0xf	1	0	0	1
3138	0xf00b8b00	_scsi_std_pktfree	0xf	1	0	0	1
3139	0xf013f0d0	_scsibuscookies	0xf	6	0	0	1
3140	0xf013f110	_scsibusctlrs	0xf	6	0	0	1
3141	0xf00cf910	_sdIoThread	0xf	1	0	0	1
3142	0xf00920dc	_sd_idmap	0xf	1	0	0	1
3143	0xf0091f3c	_sd_init_idmap	0xf	1	0	0	1
3144	0xf013f0a8	_sd_root	0xf	6	0	0	1
3145	0xf00921d0	_sdclose	0xf	1	0	0	1
3146	0xf0092640	_sdioctl	0xf	1	0	0	1
3147	0xf00920f0	_sdopen	0xf	1	0	0	1
3148	0xf0092258	_sdread	0xf	1	0	0	1
3149	0xf0092dd0	_sdsize	0xf	1	0	0	1
3150	0xf009254c	_sdstrategy	0xf	1	0	0	1
3151	0xf00923d0	_sdwrite	0xf	1	0	0	1
3152	0xf00b2bac	_searchpromtree	0xf	1	0	0	1
3153	0xf013dfc0	_seg_active	0xf	6	0	0	1
3154	0xf013dfd0	_seg_free	0xf	6	0	0	1
3155	0xf013dfe0	_seg_semi_active	0xf	6	0	0	1
3156	0xf00f36dc	_sel_getName	0xf	1	0	0	1
3157	0xf00f39a0	_sel_getUid	0xf	1	0	0	1
3158	0xf00f3608	_sel_isMapped	0xf	1	0	0	1
3159	0xf00f38f0	_sel_registerName	0xf	1	0	0	1
3160	0xf0015ca8	_selcont	0xf	1	0	0	1
3161	0xf0015b5c	_select	0xf	1	0	0	1
3162	0xf0015efc	_selscan	0xf	1	0	0	1
3163	0xf0016040	_selthreadcache	0xf	1	0	0	1
3164	0xf00160d4	_selthreadclear	0xf	1	0	0	1
3165	0xf0016034	_seltrue	0xf	1	0	0	1
3166	0xf0135238	_selwait	0xf	6	0	0	1
3167	0xf0016114	_selwakeup	0xf	1	0	0	1
3168	0xf0021654	_send	0xf	1	0	0	1
3169	0xf00a654c	_send_dirint	0xf	1	0	0	1
3170	0xf0067eec	_send_notification	0xf	1	0	0	1
3171	0xf002174c	_sendit	0xf	1	0	0	1
3172	0xf00216ac	_sendmsg	0xf	1	0	0	1
3173	0xf00aa484	_sendsig	0xf	1	0	0	1
3174	0xf00215f4	_sendto	0xf	1	0	0	1
3175	0xf011f1d8	_sense_keys	0xf	4	0	0	1
3176	0xf0096e3c	_servicing_interrupt	0xf	1	0	0	1
3177	0xf01349d0	_session0	0xf	6	0	0	1
3178	0xf00051e8	_set_auxioreg	0xf	1	0	0	1
3179	0xf0047304	_set_blocksize	0xf	1	0	0	1
3180	0xf006e464	_set_calendar_time_value	0xf	1	0	0	1
3181	0xf00a536c	_set_clk_mode	0xf	1	0	0	1
3182	0xf00979a4	_set_clock	0xf	1	0	0	1
3183	0xf00970d4	_set_diagled	0xf	1	0	0	1
3184	0xf00970f4	_set_diagmesg	0xf	1	0	0	1
3185	0xf0096ee8	_set_intmask	0xf	1	0	0	1
3186	0xf0096f04	_set_intreg	0xf	1	0	0	1
3187	0xf00a153c	_set_invalidpte	0xf	1	0	0	1
3188	0xf00a1bf4	_set_invalidptp	0xf	1	0	0	1
3189	0xf00b2048	_set_keyclick	0xf	1	0	0	1
3190	0xf0071dbc	_set_pri	0xf	1	0	0	1
3191	0xf00a1818	_set_pte	0xf	1	0	0	1
3192	0xf00a1988	_set_pte_modref	0xf	1	0	0	1
3193	0xf00a1b04	_set_ptp	0xf	1	0	0	1
3194	0xf00970c4	_set_sysctl	0xf	1	0	0	1
3195	0xf009bb1c	_set_thread_fpstate	0xf	1	0	0	1
3196	0xf009ba98	_set_thread_state	0xf	1	0	0	1
3197	0xf00699d0	_set_timeout	0xf	1	0	0	1
3198	0xf0097a7c	_set_timer	0xf	1	0	0	1
3199	0xf0097a5c	_set_timer_expire_func	0xf	1	0	0	1
3200	0xf00a5528	_set_tod	0xf	1	0	0	1
3201	0xf0050364	_setblock	0xf	1	0	0	1
3202	0xf00a6f40	_setconf	0xf	1	0	0	1
3203	0xf00a3ccc	_setcpudelay	0xf	1	0	0	1
3204	0xf00b1410	_setcputype	0xf	1	0	0	1
3205	0xf003cc08	_setdirgid	0xf	1	0	0	1
3206	0xf003cc50	_setdirmode	0xf	1	0	0	1
3207	0xf003cbe4	_setdiropargs	0xf	1	0	0	1
3208	0xf00139e0	_setdomainname	0xf	1	0	0	1
3209	0xf000a780	_setdopt	0xf	1	0	0	1
3210	0xf000f6bc	_setgroups	0xf	1	0	0	1
3211	0xf00138a4	_sethostid	0xf	1	0	0	1
3212	0xf0013920	_sethostname	0xf	1	0	0	1
3213	0xf001329c	_setitimer	0xf	1	0	0	1
3214	0xf0096d54	_setjmp	0xf	1	0	0	1
3215	0xf000fb48	_setpgid	0xf	1	0	0	1
3216	0xf000f144	_setpgrp	0xf	1	0	0	1
3217	0xf000ef64	_setposix	0xf	1	0	0	1
3218	0xf000fe58	_setpriority	0xf	1	0	0	1
3219	0xf000edb4	_setprivexec	0xf	1	0	0	1
3220	0xf000f55c	_setregid	0xf	1	0	0	1
3221	0xf000f1f4	_setreuid	0xf	1	0	0	1
3222	0xf001017c	_setrlimit	0xf	1	0	0	1
3223	0xf000fad0	_setsid	0xf	1	0	0	1
3224	0xf0010d18	_setsigvec	0xf	1	0	0	1
3225	0xf0021d2c	_setsockopt	0xf	1	0	0	1
3226	0xf00c1458	_settable	0xf	1	0	0	1
3227	0xf0012f18	_setthetime	0xf	1	0	0	1
3228	0xf0012ec0	_settimeofday	0xf	1	0	0	1
3229	0xf006a4ec	_setup_main	0xf	1	0	0	1
3230	0xf00bb540	_setzssoft	0xf	1	0	0	1
3231	0xf013d9c0	_sgIdMap	0xf	6	0	0	1
3232	0xf0092f2c	_sgclose	0xf	1	0	0	1
3233	0xf0092f64	_sgioctl	0xf	1	0	0	1
3234	0xf0092ee8	_sgopen	0xf	1	0	0	1
3235	0xf0119328	_shm_alignment	0xf	4	0	0	1
3236	0xf011c068	_show_space	0xf	4	0	0	1
3237	0xf00a93f8	_showregs	0xf	1	0	0	1
3238	0xf0021cec	_shutdown	0xf	1	0	0	1
3239	0xf0010f54	_sigblock	0xf	1	0	0	1
3240	0xf001103c	_sigcont	0xf	1	0	0	1
3241	0xf0011050	_sigpause	0xf	1	0	0	1
3242	0xf00122dc	_sigpending	0xf	1	0	0	1
3243	0xf00aa798	_sigreturn	0xf	1	0	0	1
3244	0xf0010fcc	_sigsetmask	0xf	1	0	0	1
3245	0xf00110d8	_sigstack	0xf	1	0	0	1
3246	0xf0010bb8	_sigvec	0xf	1	0	0	1
3247	0xf00a32b0	_simple_lock	0xf	1	0	0	1
3248	0xf0068cb0	_simple_lock_alloc	0xf	1	0	0	1
3249	0xf0068cc4	_simple_lock_free	0xf	1	0	0	1
3250	0xf00a32a0	_simple_lock_init	0xf	1	0	0	1
3251	0xf0096ea8	_simple_lock_try	0xf	1	0	0	1
3252	0xf00a32e0	_simple_unlock	0xf	1	0	0	1
3253	0xf00a9c44	_simulate_unimp	0xf	1	0	0	1
3254	0xf0096e5c	_siron	0xf	1	0	0	1
3255	0xf011bec0	_sizestr	0xf	4	0	0	1
3256	0xf0050658	_skpc	0xf	1	0	0	1
3257	0xf00b15bc	_slaveslot	0xf	1	0	0	1
3258	0xf0012678	_sleep	0xf	1	0	0	1
3259	0xf0012878	_sleep_with_continuation	0xf	1	0	0	1
3260	0xf0012a8c	_sleep_with_continuation_and_deadline	0xf	1	0	0	1
3261	0xf0047840	_slookup	0xf	1	0	0	1
3262	0xf0114394	_slvl1	0xf	4	0	0	1
3263	0xf0133da0	_slvl1_spurious	0xf	6	0	0	1
3264	0xf0114484	_slvl2	0xf	4	0	0	1
3265	0xf0133da8	_slvl2_spurious	0xf	6	0	0	1
3266	0xf0114574	_slvl3	0xf	4	0	0	1
3267	0xf0133db0	_slvl3_spurious	0xf	6	0	0	1
3268	0xf0114664	_slvl4	0xf	4	0	0	1
3269	0xf0133db8	_slvl4_spurious	0xf	6	0	0	1
3270	0xf0114754	_slvl5	0xf	4	0	0	1
3271	0xf0133dc0	_slvl5_spurious	0xf	6	0	0	1
3272	0xf0114844	_slvl6	0xf	4	0	0	1
3273	0xf0133dc8	_slvl6_spurious	0xf	6	0	0	1
3274	0xf0114934	_slvl7	0xf	4	0	0	1
3275	0xf0133dd0	_slvl7_spurious	0xf	6	0	0	1
3276	0xf01192b0	_small_4m	0xf	4	0	0	1
3277	0xf00479b8	_smark	0xf	1	0	0	1
3278	0xf000de64	_smmap	0xf	1	0	0	1
3279	0xf0023308	_smount	0xf	1	0	0	1
3280	0xf012ef48	_sndPort	0xf	4	0	0	1
3281	0xf00e0314	_snd_server	0xf	1	0	0	1
3282	0xf001e994	_soabort	0xf	1	0	0	1
3283	0xf001e9c0	_soaccept	0xf	1	0	0	1
3284	0xf001e6d8	_sobind	0xf	1	0	0	1
3285	0xf0020310	_socantrcvmore	0xf	1	0	0	1
3286	0xf00202ec	_socantsendmore	0xf	1	0	0	1
3287	0xf0022368	_sockargs	0xf	1	0	0	1
3288	0xf0020ec0	_socket	0xf	1	0	0	1
3289	0xf010b590	_socketops	0xf	4	0	0	1
3290	0xf00213f4	_socketpair	0xf	1	0	0	1
3291	0xf001e844	_soclose	0xf	1	0	0	1
3292	0xf001ea28	_soconnect	0xf	1	0	0	1
3293	0xf001eac0	_soconnect2	0xf	1	0	0	1
3294	0xf001e5ec	_socreate	0xf	1	0	0	1
3295	0xf001eb04	_sodisconnect	0xf	1	0	0	1
3296	0xf001e7b4	_sofree	0xf	1	0	0	1
3297	0xf01363e0	_soft_net_wakeup	0xf	6	0	0	1
3298	0xf0099a4c	_softcall	0xf	1	0	0	1
3299	0xf013db30	_softcalls	0xf	6	0	0	1
3300	0xf013dd88	_softfree	0xf	6	0	0	1
3301	0xf013dd90	_softhead	0xf	6	0	0	1
3302	0xf0099b88	_softint	0xf	1	0	0	1
3303	0xf013dd98	_softtail	0xf	6	0	0	1
3304	0xf001fce8	_sogetopt	0xf	1	0	0	1
3305	0xf001ff24	_sohasoutofband	0xf	1	0	0	1
3306	0xf001ffcc	_soisconnected	0xf	1	0	0	1
3307	0xf001ffa8	_soisconnecting	0xf	1	0	0	1
3308	0xf0020098	_soisdisconnected	0xf	1	0	0	1
3309	0xf002005c	_soisdisconnecting	0xf	1	0	0	1
3310	0xf001e71c	_solisten	0xf	1	0	0	1
3311	0xf00200d4	_sonewconn	0xf	1	0	0	1
3312	0xf0016548	_soo_close	0xf	1	0	0	1
3313	0xf0016228	_soo_ioctl	0xf	1	0	0	1
3314	0xf00161b8	_soo_rw	0xf	1	0	0	1
3315	0xf00163d4	_soo_select	0xf	1	0	0	1
3316	0xf0016510	_soo_stat	0xf	1	0	0	1
3317	0xf00201d0	_soqinsque	0xf	1	0	0	1
3318	0xf0020260	_soqremque	0xf	1	0	0	1
3319	0xf001f0c4	_soreceive	0xf	1	0	0	1
3320	0xf0020474	_soreserve	0xf	1	0	0	1
3321	0xf001f978	_sorflush	0xf	1	0	0	1
3322	0xf001eb6c	_sosend	0xf	1	0	0	1
3323	0xf001fa78	_sosetopt	0xf	1	0	0	1
3324	0xf001f924	_soshutdown	0xf	1	0	0	1
3325	0xf002040c	_sowakeup	0xf	1	0	0	1
3326	0xf0067bb4	_space_deallocate	0xf	1	0	0	1
3327	0xf0097744	_sparc_hardclock	0xf	1	0	0	1
3328	0xf00a3338	_sparc_init	0xf	1	0	0	1
3329	0xf00e5664	_sparcfbClearDisplay	0xf	1	0	0	1
3330	0xf00e4e7c	_sparcfbConfigDisplay	0xf	1	0	0	1
3331	0xf00e59f8	_sparcfbDrawRect	0xf	1	0	0	1
3332	0xf00e56e4	_sparcfbFillRect	0xf	1	0	0	1
3333	0xf00e625c	_sparcfbInvertRect	0xf	1	0	0	1
3334	0xf00e5550	_sparcfbLoadCmap	0xf	1	0	0	1
3335	0xf00e5844	_sparcfbMoveRect	0xf	1	0	0	1
3336	0xf00e67d4	_sparcfbRestoreMode	0xf	1	0	0	1
3337	0xf00e6024	_sparcfbRestoreRect	0xf	1	0	0	1
3338	0xf00e5d7c	_sparcfbSaveRect	0xf	1	0	0	1
3339	0xf012ef64	_sparcfbs	0xf	4	0	0	1
3340	0xf0048474	_spec_access	0xf	1	0	0	1
3341	0xf0047a20	_spec_badop	0xf	1	0	0	1
3342	0xf00486c0	_spec_fid	0xf	1	0	0	1
3343	0xf0048504	_spec_fsync	0xf	1	0	0	1
3344	0xf00484b0	_spec_link	0xf	1	0	0	1
3345	0xf00486b4	_spec_lockctl	0xf	1	0	0	1
3346	0xf0048710	_spec_realvp	0xf	1	0	0	1
3347	0xf00483b8	_spec_setattr	0xf	1	0	0	1
3348	0xf010e398	_spec_vfsops	0xf	4	0	0	1
3349	0xf010e3c8	_spec_vnodeops	0xf	4	0	0	1
3350	0xf0047398	_specvp	0xf	1	0	0	1
3351	0xf000e408	_spgrp	0xf	1	0	0	1
3352	0xf0096ce0	_spl0	0xf	1	0	0	1
3353	0xf0096c78	_spl1	0xf	1	0	0	1
3354	0xf0096c48	_spl2	0xf	1	0	0	1
3355	0xf0096c18	_spl3	0xf	1	0	0	1
3356	0xf0096be8	_spl4	0xf	1	0	0	1
3357	0xf0096bb8	_spl5	0xf	1	0	0	1
3358	0xf0096b88	_spl6	0xf	1	0	0	1
3359	0xf0096b3c	_spl7	0xf	1	0	0	1
3360	0xf0096b20	_spl8	0xf	1	0	0	1
3361	0xf0096b3c	_splaudio	0xf	1	0	0	1
3362	0xf0096bb8	_splbio	0xf	1	0	0	1
3363	0xf0096bb8	_splclock	0xf	1	0	0	1
3364	0xf0096bb8	_spldevice	0xf	1	0	0	1
3365	0xf0096b88	_splhigh	0xf	1	0	0	1
3366	0xf0096bb8	_splimp	0xf	1	0	0	1
3367	0xf0096d24	_spln	0xf	1	0	0	1
3368	0xf0096c94	_splnet	0xf	1	0	0	1
3369	0xf0096d04	_splr	0xf	1	0	0	1
3370	0xf0096b88	_splsched	0xf	1	0	0	1
3371	0xf0096cc4	_splsoftclock	0xf	1	0	0	1
3372	0xf0096bb8	_spltty	0xf	1	0	0	1
3373	0xf0096b88	_splusclock	0xf	1	0	0	1
3374	0xf0096cfc	_splvm	0xf	1	0	0	1
3375	0xf011c418	_splvm_val	0xf	4	0	0	1
3376	0xf0096d24	_splx	0xf	1	0	0	1
3377	0xf0096b6c	_splzs	0xf	1	0	0	1
3378	0xf0014768	_sprintf	0xf	1	0	0	1
3379	0xf00a3e40	_srmmu_init	0xf	1	0	0	1
3380	0xf0095c08	_srmmu_mmu_chk_wdreset	0xf	1	0	0	1
3381	0xf0095ae0	_srmmu_mmu_flushall	0xf	1	0	0	1
3382	0xf0095af0	_srmmu_mmu_flushctx	0xf	1	0	0	1
3383	0xf0095b60	_srmmu_mmu_flushpage	0xf	1	0	0	1
3384	0xf0095b70	_srmmu_mmu_flushpagectx	0xf	1	0	0	1
3385	0xf0095b50	_srmmu_mmu_flushrgn	0xf	1	0	0	1
3386	0xf0095b58	_srmmu_mmu_flushseg	0xf	1	0	0	1
3387	0xf0095be4	_srmmu_mmu_getasyncflt	0xf	1	0	0	1
3388	0xf0095a24	_srmmu_mmu_getcr	0xf	1	0	0	1
3389	0xf0095a30	_srmmu_mmu_getctp	0xf	1	0	0	1
3390	0xf0095a3c	_srmmu_mmu_getctx	0xf	1	0	0	1
3391	0xf0095bd0	_srmmu_mmu_getsyncflt	0xf	1	0	0	1
3392	0xf009a70c	_srmmu_mmu_log_module_err	0xf	1	0	0	1
3393	0xf009a780	_srmmu_mmu_print_sfsr	0xf	1	0	0	1
3394	0xf0095a48	_srmmu_mmu_probe	0xf	1	0	0	1
3395	0xf0095abc	_srmmu_mmu_setcr	0xf	1	0	0	1
3396	0xf0095ac8	_srmmu_mmu_setctp	0xf	1	0	0	1
3397	0xf0095ad4	_srmmu_mmu_setctx	0xf	1	0	0	1
3398	0xf0095c18	_srmmu_mmu_sys_ovf	0xf	1	0	0	1
3399	0xf0095c6c	_srmmu_mmu_sys_unf	0xf	1	0	0	1
3400	0xf0095cc8	_srmmu_mmu_wo	0xf	1	0	0	1
3401	0xf0095d1c	_srmmu_mmu_wu	0xf	1	0	0	1
3402	0xf0119838	_srmmu_perms	0xf	4	0	0	1
3403	0xf00a4a94	_srmmu_tlbflush	0xf	1	0	0	1
3404	0xf00a1508	_srmmu_to_vm_prot	0xf	1	0	0	1
3405	0xf00a4b04	_srmmu_vacflush	0xf	1	0	0	1
3406	0xf009a978	_srmmu_writepte	0xf	1	0	0	1
3407	0xf009a9e4	_srmmu_writeptp	0xf	1	0	0	1
3408	0xf000de38	_sstk	0xf	1	0	0	1
3409	0xf013ad30	_stable	0xf	6	0	0	1
3410	0xf013c0c0	_stackStats	0xf	6	0	0	1
3411	0xf0068bb8	_stack_alloc	0xf	1	0	0	1
3412	0xf0068ae4	_stack_alloc_try	0xf	1	0	0	1
3413	0xf009be54	_stack_attach	0xf	1	0	0	1
3414	0xf0110a90	_stack_check_usage	0xf	4	0	0	1
3415	0xf0068c20	_stack_collect	0xf	1	0	0	1
3416	0xf009be90	_stack_detach	0xf	1	0	0	1
3417	0xf007607c	_stack_finalize	0xf	1	0	0	1
3418	0xf0068bf4	_stack_free	0xf	1	0	0	1
3419	0xf009bea4	_stack_handoff	0xf	1	0	0	1
3420	0xf007603c	_stack_init	0xf	1	0	0	1
3421	0xf0110a94	_stack_max_usage	0xf	4	0	0	1
3422	0xf0073fb0	_stack_privilege	0xf	1	0	0	1
3423	0xf013c0e0	_stack_queue_lock	0xf	6	0	0	1
3424	0xf0068c2c	_stack_statistics	0xf	1	0	0	1
3425	0xf0075ff0	_stack_usage	0xf	1	0	0	1
3426	0xf013c970	_stack_usage_lock	0xf	6	0	0	1
3427	0xf0096e98	_stackpointer	0xf	1	0	0	1
3428	0xf0002000	_start	0xf	1	0	0	1
3429	0xf009c04c	_start_initial_context	0xf	1	0	0	1
3430	0xf00a5b58	_start_mon_clock	0xf	1	0	0	1
3431	0xf00a5308	_startrtclock	0xf	1	0	0	1
3432	0xf00aaaf4	_startup	0xf	1	0	0	1
3433	0xf00aa940	_startup_early	0xf	1	0	0	1
3434	0xf0028214	_stat	0xf	1	0	0	1
3435	0xf0028264	_stat1	0xf	1	0	0	1
3436	0xf0097854	_statclock_init	0xf	1	0	0	1
3437	0xf011f3b0	_state_bits	0xf	4	0	0	1
3438	0xf0023a78	_statfs	0xf	1	0	0	1
3439	0xf010d974	_statfs_discrim	0xf	4	0	0	1
3440	0xf0121450	_static_KERNBOOTSTRUCT	0xf	4	0	0	1
3441	0xf010f1ec	_stickyhack	0xf	4	0	0	1
3442	0xf00476a8	_stillopen	0xf	1	0	0	1
3443	0xf0011f1c	_stop	0xf	1	0	0	1
3444	0xf00a5b98	_stop_mon_clock	0xf	1	0	0	1
3445	0xf0096fb4	_stphys	0xf	1	0	0	1
3446	0xf0005278	_strcat	0xf	1	0	0	1
3447	0xf00052fc	_strchr	0xf	1	0	0	1
3448	0xf00081ac	_strcmp	0xf	1	0	0	1
3449	0xf0007528	_strcpy	0xf	1	0	0	1
3450	0xf0007438	_strlen	0xf	1	0	0	1
3451	0xf0005ee8	_strncat	0xf	1	0	0	1
3452	0xf00084e8	_strncmp	0xf	1	0	0	1
3453	0xf000791c	_strncpy	0xf	1	0	0	1
3454	0xf00052c8	_strrchr	0xf	1	0	0	1
3455	0xf00c1580	_strsetwithdecimal	0xf	1	0	0	1
3456	0xf00c5d84	_strstr	0xf	1	0	0	1
3457	0xf00e28c4	_strtol	0xf	1	0	0	1
3458	0xf00e2b28	_strtoul	0xf	1	0	0	1
3459	0xf01105c0	_stuck_count	0xf	4	0	0	1
3460	0xf013c490	_stuck_threads	0xf	6	0	0	1
3461	0xf010c4a8	_subnetsarelocal	0xf	4	0	0	1
3462	0xf0089f24	_subyte	0xf	1	0	0	1
3463	0xf0089f4c	_suibyte	0xf	1	0	0	1
3464	0xf008a020	_suiword	0xf	1	0	0	1
3465	0xf0134180	_sum	0xf	6	0	0	1
3466	0xf009729c	_sun4m_disable_dvma	0xf	1	0	0	1
3467	0xf0098aa4	_sun4m_ebe_handler	0xf	1	0	0	1
3468	0xf0097288	_sun4m_enable_dvma	0xf	1	0	0	1
3469	0xf00972dc	_sun4m_flush_poke_writebuffers	0xf	1	0	0	1
3470	0xf00972ac	_sun4m_flush_writebuffers	0xf	1	0	0	1
3471	0xf0097270	_sun4m_get_diagmesg	0xf	1	0	0	1
3472	0xf0097240	_sun4m_get_sysctl	0xf	1	0	0	1
3473	0xf0097334	_sun4m_init_all_fsr	0xf	1	0	0	1
3474	0xf00a5ed8	_sun4m_l15_async_fault	0xf	1	0	0	1
3475	0xf0097238	_sun4m_memerr_disable	0xf	1	0	0	1
3476	0xf0098a44	_sun4m_memerr_init	0xf	1	0	0	1
3477	0xf0097258	_sun4m_set_diagled	0xf	1	0	0	1
3478	0xf009727c	_sun4m_set_diagmesg	0xf	1	0	0	1
3479	0xf009724c	_sun4m_set_sysctl	0xf	1	0	0	1
3480	0xf010bcf0	_sun_noname	0xf	4	0	0	1
3481	0xf00c2400	_sunmouse_init	0xf	1	0	0	1
3482	0xf0047614	_sunsave	0xf	1	0	0	1
3483	0xf000f96c	_suser	0xf	1	0	0	1
3484	0xf0089fcc	_suword	0xf	1	0	0	1
3485	0xf0044a34	_svc_getreq	0xf	1	0	0	1
3486	0xf0044748	_svc_register	0xf	1	0	0	1
3487	0xf0044c00	_svc_run	0xf	1	0	0	1
3488	0xf0044864	_svc_sendreply	0xf	1	0	0	1
3489	0xf00447b0	_svc_unregister	0xf	1	0	0	1
3490	0xf004494c	_svcerr_auth	0xf	1	0	0	1
3491	0xf0044900	_svcerr_decode	0xf	1	0	0	1
3492	0xf00448b4	_svcerr_noproc	0xf	1	0	0	1
3493	0xf0044998	_svcerr_noprog	0xf	1	0	0	1
3494	0xf00449e0	_svcerr_progvers	0xf	1	0	0	1
3495	0xf0044980	_svcerr_weakauth	0xf	1	0	0	1
3496	0xf0044e78	_svckudp_create	0xf	1	0	0	1
3497	0xf0044ee0	_svckudp_destroy	0xf	1	0	0	1
3498	0xf00452f0	_svckudp_dup	0xf	1	0	0	1
3499	0xf00451fc	_svckudp_dupsave	0xf	1	0	0	1
3500	0xf00451a8	_svckudp_freeargs	0xf	1	0	0	1
3501	0xf004518c	_svckudp_getargs	0xf	1	0	0	1
3502	0xf010de50	_svckudp_op	0xf	4	0	0	1
3503	0xf0044f30	_svckudp_recv	0xf	1	0	0	1
3504	0xf0045048	_svckudp_send	0xf	1	0	0	1
3505	0xf0045180	_svckudp_stat	0xf	1	0	0	1
3506	0xf011c3d4	_svimap	0xf	4	0	0	1
3507	0xf013a8d0	_svstat	0xf	6	0	0	1
3508	0xf009a5f8	_swab	0xf	1	0	0	1
3509	0xf00b12e0	_swapconf	0xf	1	0	0	1
3510	0xf00689e8	_swapinStack	0xf	1	0	0	1
3511	0xf013cb28	_swapin_queue	0xf	6	0	0	1
3512	0xf0076658	_swapin_thread	0xf	1	0	0	1
3513	0xf007656c	_swapin_thread_continue	0xf	1	0	0	1
3514	0xf0096e74	_swapl	0xf	1	0	0	1
3515	0xf008a074	_swapon	0xf	1	0	0	1
3516	0xf0068988	_swapoutStack	0xf	1	0	0	1
3517	0xf0076434	_swapper_init	0xf	1	0	0	1
3518	0xf013cb30	_swapper_lock_data	0xf	6	0	0	1
3519	0xf0134200	_swbuf	0xf	6	0	0	1
3520	0xf0134208	_swbuf_cleanlist	0xf	6	0	0	1
3521	0xf0134210	_swbuf_freelist	0xf	6	0	0	1
3522	0xf011756c	_swift	0xf	4	0	0	1
3523	0xf0095da0	_swift_cache_on	0xf	1	0	0	1
3524	0xf009621c	_swift_getversion	0xf	1	0	0	1
3525	0xf0117560	_swift_kdnc	0xf	4	0	0	1
3526	0xf0117564	_swift_kdnx	0xf	4	0	0	1
3527	0xf00961c0	_swift_mmu_chk_wdreset	0xf	1	0	0	1
3528	0xf00961d0	_swift_mmu_getasyncflt	0xf	1	0	0	1
3529	0xf0096198	_swift_mmu_getsyncflt	0xf	1	0	0	1
3530	0xf009adb8	_swift_mmu_print_sfsr	0xf	1	0	0	1
3531	0xf009ad04	_swift_mmu_writepte	0xf	1	0	0	1
3532	0xf009afa4	_swift_mmu_writeptp	0xf	1	0	0	1
3533	0xf009ab04	_swift_module_identify	0xf	1	0	0	1
3534	0xf009ab28	_swift_module_setup	0xf	1	0	0	1
3535	0xf00961dc	_swift_pte_rmw	0xf	1	0	0	1
3536	0xf0095e84	_swift_vac_ctxflush	0xf	1	0	0	1
3537	0xf0095e04	_swift_vac_flush	0xf	1	0	0	1
3538	0xf0095de8	_swift_vac_flushall	0xf	1	0	0	1
3539	0xf009a9f4	_swift_vac_init	0xf	1	0	0	1
3540	0xf0095d84	_swift_vac_init_asm	0xf	1	0	0	1
3541	0xf00960ec	_swift_vac_pagectxflush	0xf	1	0	0	1
3542	0xf0096098	_swift_vac_pageflush	0xf	1	0	0	1
3543	0xf0095f38	_swift_vac_rgnflush	0xf	1	0	0	1
3544	0xf0095fe8	_swift_vac_segflush	0xf	1	0	0	1
3545	0xf0095e28	_swift_vac_usrflush	0xf	1	0	0	1
3546	0xf009bf28	_switch_context	0xf	1	0	0	1
3547	0xf000de04	_switch_unix_context	0xf	1	0	0	1
3548	0xf0097010	_swphys	0xf	1	0	0	1
3549	0xf0072718	_swtch	0xf	1	0	0	1
3550	0xf00726d4	_swtch_continue	0xf	1	0	0	1
3551	0xf00727c4	_swtch_pri	0xf	1	0	0	1
3552	0xf0072760	_swtch_pri_continue	0xf	1	0	0	1
3553	0xf00bb67c	_sx_attach	0xf	1	0	0	1
3554	0xf013f618	_sx_dip	0xf	6	0	0	1
3555	0xf00bb638	_sx_identify	0xf	1	0	0	1
3556	0xf011fcc8	_sx_ops	0xf	4	0	0	1
3557	0xf001d17c	_syioctl	0xf	1	0	0	1
3558	0xf0027a7c	_symlink	0xf	1	0	0	1
3559	0xf0023a18	_sync	0xf	1	0	0	1
3560	0xf0040d70	_sync_vp	0xf	1	0	0	1
3561	0xf0040da0	_sync_vp_invalidate	0xf	1	0	0	1
3562	0xf0095100	_syncfpu	0xf	1	0	0	1
3563	0xf004ff0c	_syncip	0xf	1	0	0	1
3564	0xf010ed28	_syncprt	0xf	4	0	0	1
3565	0xf001d054	_syopen	0xf	1	0	0	1
3566	0xf001d0b4	_syread	0xf	1	0	0	1
3567	0xf013ec70	_sys_fatal_flt	0xf	6	0	0	1
3568	0xf0003170	_sys_trap	0xf	1	0	0	1
3569	0xf0009928	_sysacct	0xf	1	0	0	1
3570	0xf00a8960	_syscall	0xf	1	0	0	1
3571	0xf001d260	_syselect	0xf	1	0	0	1
3572	0xf010a808	_sysent	0xf	4	0	0	1
3573	0xf0112c38	_sysname	0xf	4	0	0	1
3574	0xf0119950	_system_fatal	0xf	4	0	0	1
3575	0xf009a028	_system_power_down	0xf	1	0	0	1
3576	0xf001d118	_sywrite	0xf	1	0	0	1
3577	0xf0008930	_table	0xf	1	0	0	1
3578	0xf00090dc	_table_fsparam	0xf	1	0	0	1
3579	0xf0015254	_tablefull	0xf	1	0	0	1
3580	0xf0096e8c	_tac	0xf	1	0	0	1
3581	0xf0096f30	_take_interrupt_target	0xf	1	0	0	1
3582	0xf0096e80	_tas	0xf	1	0	0	1
3583	0xf0073e88	_task_assign	0xf	1	0	0	1
3584	0xf0073e94	_task_assign_default	0xf	1	0	0	1
3585	0xf008a340	_task_by_pid	0xf	1	0	0	1
3586	0xf008a278	_task_by_unix_pid	0xf	1	0	0	1
3587	0xf0072ed8	_task_create	0xf	1	0	0	1
3588	0xf00730a8	_task_deallocate	0xf	1	0	0	1
3589	0xf007361c	_task_dowait	0xf	1	0	0	1
3590	0xf0073eb4	_task_get_assignment	0xf	1	0	0	1
3591	0xf0067348	_task_get_special_port	0xf	1	0	0	1
3592	0xf00737a0	_task_halt	0xf	1	0	0	1
3593	0xf0073584	_task_hold	0xf	1	0	0	1
3594	0xf0073bac	_task_info	0xf	1	0	0	1
3595	0xf0072e04	_task_init	0xf	1	0	0	1
3596	0xf009c09c	_task_map_io_ports	0xf	1	0	0	1
3597	0xf000915c	_task_name	0xf	1	0	0	1
3598	0xf00672d8	_task_notify	0xf	1	0	0	1
3599	0xf0073ee0	_task_priority	0xf	1	0	0	1
3600	0xf0073164	_task_reference	0xf	1	0	0	1
3601	0xf0073718	_task_release	0xf	1	0	0	1
3602	0xf0073b18	_task_resume	0xf	1	0	0	1
3603	0xf0067f24	_task_secure	0xf	1	0	0	1
3604	0xf00672b0	_task_self	0xf	1	0	0	1
3605	0xf006745c	_task_set_special_port	0xf	1	0	0	1
3606	0xf00f407c	_task_set_special_port_EXTERNAL	0xf	1	0	0	1
3607	0xf0073a38	_task_suspend	0xf	1	0	0	1
3608	0xf0073de0	_task_suspend_nowait	0xf	1	0	0	1
3609	0xf00731b0	_task_terminate	0xf	1	0	0	1
3610	0xf0073874	_task_threads	0xf	1	0	0	1
3611	0xf013c958	_task_zone	0xf	6	0	0	1
3612	0xf0136740	_tcb	0xf	6	0	0	1
3613	0xf0038248	_tcp_attach	0xf	1	0	0	1
3614	0xf010c924	_tcp_backoff	0xf	4	0	0	1
3615	0xf0037978	_tcp_canceltimers	0xf	1	0	0	1
3616	0xf00375ac	_tcp_close	0xf	1	0	0	1
3617	0xf00376e8	_tcp_ctlinput	0xf	1	0	0	1
3618	0xf0038128	_tcp_ctloutput	0xf	1	0	0	1
3619	0xf0136780	_tcp_debug	0xf	6	0	0	1
3620	0xf013a790	_tcp_debx	0xf	6	0	0	1
3621	0xf0038300	_tcp_disconnect	0xf	1	0	0	1
3622	0xf00365c0	_tcp_dooptions	0xf	1	0	0	1
3623	0xf0037668	_tcp_drain	0xf	1	0	0	1
3624	0xf003752c	_tcp_drop	0xf	1	0	0	1
3625	0xf00377bc	_tcp_fasttimo	0xf	1	0	0	1
3626	0xf0037218	_tcp_init	0xf	1	0	0	1
3627	0xf010c8d8	_tcp_initopt	0xf	4	0	0	1
3628	0xf0034f1c	_tcp_input	0xf	1	0	0	1
3629	0xf013a798	_tcp_iss	0xf	6	0	0	1
3630	0xf010c91c	_tcp_keepidle	0xf	4	0	0	1
3631	0xf010c920	_tcp_keepintvl	0xf	4	0	0	1
3632	0xf010c8ac	_tcp_last_inpcb	0xf	4	0	0	1
3633	0xf013a858	_tcp_maxidle	0xf	6	0	0	1
3634	0xf0036808	_tcp_mss	0xf	1	0	0	1
3635	0xf010c910	_tcp_mssdflt	0xf	4	0	0	1
3636	0xf00374a8	_tcp_newtcpcb	0xf	1	0	0	1
3637	0xf0037674	_tcp_notify	0xf	1	0	0	1
3638	0xf010c8c8	_tcp_outflags	0xf	4	0	0	1
3639	0xf0036980	_tcp_output	0xf	1	0	0	1
3640	0xf0036668	_tcp_pulloutofband	0xf	1	0	0	1
3641	0xf0037798	_tcp_quench	0xf	1	0	0	1
3642	0xf0034c78	_tcp_reass	0xf	1	0	0	1
3643	0xf010c968	_tcp_recvspace	0xf	4	0	0	1
3644	0xf0037308	_tcp_respond	0xf	1	0	0	1
3645	0xf010c914	_tcp_rttdflt	0xf	4	0	0	1
3646	0xf013a860	_tcp_saveti	0xf	6	0	0	1
3647	0xf010c964	_tcp_sendspace	0xf	4	0	0	1
3648	0xf0037180	_tcp_setpersist	0xf	1	0	0	1
3649	0xf0037854	_tcp_slowtimo	0xf	1	0	0	1
3650	0xf0037240	_tcp_template	0xf	1	0	0	1
3651	0xf003799c	_tcp_timers	0xf	1	0	0	1
3652	0xf0034b80	_tcp_trace	0xf	1	0	0	1
3653	0xf010c90c	_tcp_ttl	0xf	4	0	0	1
3654	0xf003838c	_tcp_usrclosed	0xf	1	0	0	1
3655	0xf0037c64	_tcp_usrreq	0xf	1	0	0	1
3656	0xf0036704	_tcp_xmit_timer	0xf	1	0	0	1
3657	0xf010c918	_tcpnodelack	0xf	4	0	0	1
3658	0xf013a888	_tcppcbcachemiss	0xf	6	0	0	1
3659	0xf013a890	_tcppredack	0xf	6	0	0	1
3660	0xf013a898	_tcppreddat	0xf	6	0	0	1
3661	0xf010c8a8	_tcprexmtthresh	0xf	4	0	0	1
3662	0xf013a7a0	_tcpstat	0xf	6	0	0	1
3663	0xf00759ac	_thread_abort	0xf	1	0	0	1
3664	0xf0075b98	_thread_assign	0xf	1	0	0	1
3665	0xf0075ba4	_thread_assign_default	0xf	1	0	0	1
3666	0xf00711e0	_thread_bind	0xf	1	0	0	1
3667	0xf00726c0	_thread_block	0xf	1	0	0	1
3668	0xf0071740	_thread_block_with_continuation	0xf	1	0	0	1
3669	0xf009bfd0	_thread_bootstrap_return	0xf	1	0	0	1
3670	0xf006f0b4	_thread_change_psets	0xf	1	0	0	1
3671	0xf0110b60	_thread_collect_allowed	0xf	4	0	0	1
3672	0xf0110b64	_thread_collect_last_tick	0xf	4	0	0	1
3673	0xf0110b68	_thread_collect_max_rate	0xf	4	0	0	1
3674	0xf0075f7c	_thread_collect_scan	0xf	1	0	0	1
3675	0xf0071708	_thread_continue	0xf	1	0	0	1
3676	0xf0074104	_thread_create	0xf	1	0	0	1
3677	0xf00743ac	_thread_deallocate	0xf	1	0	0	1
3678	0xf0074754	_thread_deallocate_interrupt	0xf	1	0	0	1
3679	0xf0110ab0	_thread_deallocate_stack	0xf	4	0	0	1
3680	0xf0072b54	_thread_depress_abort	0xf	1	0	0	1
3681	0xf0072a40	_thread_depress_priority	0xf	1	0	0	1
3682	0xf0072ae4	_thread_depress_timeout	0xf	1	0	0	1
3683	0xf00717fc	_thread_dispatch	0xf	1	0	0	1
3684	0xf00764f4	_thread_doswapin	0xf	1	0	0	1
3685	0xf00752bc	_thread_dowait	0xf	1	0	0	1
3686	0xf009bd70	_thread_dup	0xf	1	0	0	1
3687	0xf009bd30	_thread_entrypoint	0xf	1	0	0	1
3688	0xf009bfe4	_thread_exception_return	0xf	1	0	0	1
3689	0xf0074ac8	_thread_force_terminate	0xf	1	0	0	1
3690	0xf0075bc0	_thread_get_assignment	0xf	1	0	0	1
3691	0xf006757c	_thread_get_special_port	0xf	1	0	0	1
3692	0xf00f4184	_thread_get_special_port_EXTERNAL	0xf	1	0	0	1
3693	0xf007565c	_thread_get_state	0xf	1	0	0	1
3694	0xf009bb74	_thread_getstatus	0xf	1	0	0	1
3695	0xf0066614	_thread_go	0xf	1	0	0	1
3696	0xf0066708	_thread_go_and_switch	0xf	1	0	0	1
3697	0xf0074b48	_thread_halt	0xf	1	0	0	1
3698	0xf007510c	_thread_halt_self	0xf	1	0	0	1
3699	0xf0074fc0	_thread_halt_self_with_continuation	0xf	1	0	0	1
3700	0xf0066938	_thread_handoff	0xf	1	0	0	1
3701	0xf007525c	_thread_hold	0xf	1	0	0	1
3702	0xf0075724	_thread_info	0xf	1	0	0	1
3703	0xf0073ff0	_thread_init	0xf	1	0	0	1
3704	0xf00713e8	_thread_invoke	0xf	1	0	0	1
3705	0xf0075cf8	_thread_max_priority	0xf	1	0	0	1
3706	0xf0075da4	_thread_policy	0xf	1	0	0	1
3707	0xf0075bd8	_thread_priority	0xf	1	0	0	1
3708	0xf0013d2c	_thread_psignal	0xf	1	0	0	1
3709	0xf006e9d8	_thread_quantum_update	0xf	1	0	0	1
3710	0xf00779f4	_thread_read_times	0xf	1	0	0	1
3711	0xf0074834	_thread_reference	0xf	1	0	0	1
3712	0xf0075434	_thread_release	0xf	1	0	0	1
3713	0xf0067324	_thread_reply	0xf	1	0	0	1
3714	0xf0075598	_thread_resume	0xf	1	0	0	1
3715	0xf00717a4	_thread_run	0xf	1	0	0	1
3716	0xf007122c	_thread_select	0xf	1	0	0	1
3717	0xf0067300	_thread_self	0xf	1	0	0	1
3718	0xf0075c88	_thread_set_own_priority	0xf	1	0	0	1
3719	0xf006762c	_thread_set_special_port	0xf	1	0	0	1
3720	0xf00f42a0	_thread_set_special_port_EXTERNAL	0xf	1	0	0	1
3721	0xf00756c0	_thread_set_state	0xf	1	0	0	1
3722	0xf009c038	_thread_set_syscall_return	0xf	1	0	0	1
3723	0xf0070c30	_thread_set_timeout	0xf	1	0	0	1
3724	0xf0071ca0	_thread_setrun	0xf	1	0	0	1
3725	0xf009ba4c	_thread_setstatus	0xf	1	0	0	1
3726	0xf00711bc	_thread_sleep	0xf	1	0	0	1
3727	0xf0075a24	_thread_start	0xf	1	0	0	1
3728	0xf00763b4	_thread_stats	0xf	1	0	0	1
3729	0xf00754b8	_thread_suspend	0xf	1	0	0	1
3730	0xf0076458	_thread_swapin	0xf	1	0	0	1
3731	0xf0072870	_thread_switch	0xf	1	0	0	1
3732	0xf007283c	_thread_switch_continue	0xf	1	0	0	1
3733	0xf009c00c	_thread_syscall_return	0xf	1	0	0	1
3734	0xf013c980	_thread_template	0xf	6	0	0	1
3735	0xf0074894	_thread_terminate	0xf	1	0	0	1
3736	0xf0070c14	_thread_timeout	0xf	1	0	0	1
3737	0xf0070c98	_thread_timeout_setup	0xf	1	0	0	1
3738	0xf009bcdc	_thread_userstack	0xf	1	0	0	1
3739	0xf00726a8	_thread_wait_result	0xf	1	0	0	1
3740	0xf007268c	_thread_wakeup	0xf	1	0	0	1
3741	0xf0070ffc	_thread_wakeup_prim	0xf	1	0	0	1
3742	0xf0066854	_thread_will_wait	0xf	1	0	0	1
3743	0xf00668a8	_thread_will_wait_with_timeout	0xf	1	0	0	1
3744	0xf0075ee4	_thread_wire	0xf	1	0	0	1
3745	0xf013cb20	_thread_zone	0xf	6	0	0	1
3746	0xf010fbe4	_tick	0xf	4	0	0	1
3747	0xf010fbf8	_tickadj	0xf	4	0	0	1
3748	0xf010fbf4	_tickdelta	0xf	4	0	0	1
3749	0xf006e35c	_ticks_to_ns_time	0xf	1	0	0	1
3750	0xf000a120	_ticks_to_timeval	0xf	1	0	0	1
3751	0xf010fbe8	_time	0xf	4	0	0	1
3752	0xf010fbf0	_timedelta	0xf	4	0	0	1
3753	0xf000a028	_timeout	0xf	1	0	0	1
3754	0xf0097a3c	_timer_attributes	0xf	1	0	0	1
3755	0xf0077a98	_timer_delta	0xf	1	0	0	1
3756	0xf007793c	_timer_init	0xf	1	0	0	1
3757	0xf0077958	_timer_normalize	0xf	1	0	0	1
3758	0xf00779a0	_timer_read	0xf	1	0	0	1
3759	0xf006e23c	_timeval_to_ns_time	0xf	1	0	0	1
3760	0xf001367c	_timevaladd	0xf	1	0	0	1
3761	0xf00136e4	_timevalfix	0xf	1	0	0	1
3762	0xf00136b0	_timevalsub	0xf	1	0	0	1
3763	0xf0134218	_tk_nin	0xf	6	0	0	1
3764	0xf0134220	_tk_nout	0xf	6	0	0	1
3765	0xf01192bc	_tlb_holds_ptps	0xf	4	0	0	1
3766	0xf013dff0	_tmp_maps	0xf	6	0	0	1
3767	0xf013ec88	_top_devinfo	0xf	6	0	0	1
3768	0xf0134230	_total	0xf	6	0	0	1
3769	0xf00146f8	_tprintf	0xf	1	0	0	1
3770	0xf00a9288	_traceback	0xf	1	0	0	1
3771	0xf00a93dc	_tracedump	0xf	1	0	0	1
3772	0xf00a8910	_trap	0xf	1	0	0	1
3773	0xf0005170	_trap_fe_tcode	0xf	1	0	0	1
3774	0xf0005160	_trap_ff_tcode	0xf	1	0	0	1
3775	0xf011b37c	_trap_type	0xf	4	0	0	1
3776	0xf0003020	_trapinfo	0xf	1	0	0	1
3777	0xf0004f4c	_trash_user_windows	0xf	1	0	0	1
3778	0xf002868c	_truncate	0xf	1	0	0	1
3779	0xf001a560	_ttcheckwakeup	0xf	1	0	0	1
3780	0xf0018494	_ttcooked	0xf	1	0	0	1
3781	0xf001ad18	_ttgettermios	0xf	1	0	0	1
3782	0xf010b720	_tthiwat	0xf	4	0	0	1
3783	0xf010b7a0	_tthog	0xf	4	0	0	1
3784	0xf0016bc4	_ttioctl	0xf	1	0	0	1
3785	0xf010b760	_ttlowat	0xf	4	0	0	1
3786	0xf0017a58	_ttnread	0xf	1	0	0	1
3787	0xf0019418	_ttread	0xf	1	0	0	1
3788	0xf0016b10	_ttrstrt	0xf	1	0	0	1
3789	0xf0017ab0	_ttselect	0xf	1	0	0	1
3790	0xf001a8c0	_ttselwakeup	0xf	1	0	0	1
3791	0xf001a910	_ttsettermios	0xf	1	0	0	1
3792	0xf0016b78	_ttstart	0xf	1	0	0	1
3793	0xf001a5a4	_ttwakeup	0xf	1	0	0	1
3794	0xf0019aac	_ttwrite	0xf	1	0	0	1
3795	0xf001a61c	_tty_ld_install	0xf	1	0	0	1
3796	0xf001a760	_tty_ld_remove	0xf	1	0	0	1
3797	0xf0018284	_ttyblkin	0xf	1	0	0	1
3798	0xf00168cc	_ttychars	0xf	1	0	0	1
3799	0xf0019a10	_ttycheckoutq	0xf	1	0	0	1
3800	0xf0017d9c	_ttyclose	0xf	1	0	0	1
3801	0xf010b7e0	_ttydefaults	0xf	4	0	0	1
3802	0xf001a7dc	_ttydevstart	0xf	1	0	0	1
3803	0xf001a804	_ttydevstop	0xf	1	0	0	1
3804	0xf001a3f4	_ttyecho	0xf	1	0	0	1
3805	0xf0016a30	_ttyflush	0xf	1	0	0	1
3806	0xf00180ac	_ttyinput	0xf	1	0	0	1
3807	0xf0017d84	_ttylclose	0xf	1	0	0	1
3808	0xf0017ea4	_ttymodem	0xf	1	0	0	1
3809	0xf001b0e8	_ttynty	0xf	1	0	0	1
3810	0xf0017b9c	_ttyopen	0xf	1	0	0	1
3811	0xf0018f90	_ttyoutput	0xf	1	0	0	1
3812	0xf001a52c	_ttyoutstr	0xf	1	0	0	1
3813	0xf0018030	_ttypend	0xf	1	0	0	1
3814	0xf001a328	_ttyretype	0xf	1	0	0	1
3815	0xf001a088	_ttyrub	0xf	1	0	0	1
3816	0xf001a2d8	_ttyrubo	0xf	1	0	0	1
3817	0xf001a848	_ttyselwait	0xf	1	0	0	1
3818	0xf0016578	_ttysetspec	0xf	1	0	0	1
3819	0xf0016990	_ttywait	0xf	1	0	0	1
3820	0xf0016970	_ttywflush	0xf	1	0	0	1
3821	0xf011b808	_tudebug	0xf	4	0	0	1
3822	0xf011b80c	_tudebugbpt	0xf	4	0	0	1
3823	0xf011b810	_tudebugfpe	0xf	4	0	0	1
3824	0xf013f658	_type5kbd_owner	0xf	6	0	0	1
3825	0xf0134e88	_u_task_zone	0xf	6	0	0	1
3826	0xf0134e90	_u_thread_zone	0xf	6	0	0	1
3827	0xf000ddb8	_uarea_init	0xf	1	0	0	1
3828	0xf000ddd0	_uarea_zero	0xf	1	0	0	1
3829	0xf0136500	_udb	0xf	6	0	0	1
3830	0xf00388e4	_udp_ctlinput	0xf	1	0	0	1
3831	0xf010c978	_udp_in	0xf	4	0	0	1
3832	0xf0038420	_udp_init	0xf	1	0	0	1
3833	0xf003843c	_udp_input	0xf	1	0	0	1
3834	0xf00388c0	_udp_notify	0xf	1	0	0	1
3835	0xf010d9c8	_udp_ops	0xf	4	0	0	1
3836	0xf003898c	_udp_output	0xf	1	0	0	1
3837	0xf010c994	_udp_recvspace	0xf	4	0	0	1
3838	0xf010c990	_udp_sendspace	0xf	4	0	0	1
3839	0xf010c974	_udp_ttl	0xf	4	0	0	1
3840	0xf0038b30	_udp_usrreq	0xf	1	0	0	1
3841	0xf010c970	_udpcksum	0xf	4	0	0	1
3842	0xf0136540	_udpstat	0xf	6	0	0	1
3843	0xf000b290	_ufalloc	0xf	1	0	0	1
3844	0xf000b340	_ufavail	0xf	1	0	0	1
3845	0xf00539c4	_ufs_nlinks	0xf	1	0	0	1
3846	0xf010f090	_ufs_vfsops	0xf	4	0	0	1
3847	0xf010f160	_ufs_vnodeops	0xf	4	0	0	1
3848	0xf0012318	_uiomove	0xf	1	0	0	1
3849	0xf0022414	_uipc_usrreq	0xf	1	0	0	1
3850	0xf011c618	_ukbuf	0xf	4	0	0	1
3851	0xf00288e0	_umask	0xf	1	0	0	1
3852	0xf0013754	_uname	0xf	1	0	0	1
3853	0xf010a2e4	_underflowcnt	0xf	4	0	0	1
3854	0xf0039f0c	_unexport	0xf	1	0	0	1
3855	0xf008a238	_unix_pid	0xf	1	0	0	1
3856	0xf00a8b54	_unix_syscall_return	0xf	1	0	0	1
3857	0xf013aba0	_unixauthtab	0xf	6	0	0	1
3858	0xf010bbb8	_unixdomain	0xf	4	0	0	1
3859	0xf010bb28	_unixsw	0xf	4	0	0	1
3860	0xf0027ba0	_unlink	0xf	1	0	0	1
3861	0xf00b1704	_unmap_regs	0xf	1	0	0	1
3862	0xf006c42c	_unmap_vnode	0xf	1	0	0	1
3863	0xf0023b8c	_unmount	0xf	1	0	0	1
3864	0xf00105d4	_unmount_all	0xf	1	0	0	1
3865	0xf00229f4	_unp_attach	0xf	1	0	0	1
3866	0xf0022b30	_unp_bind	0xf	1	0	0	1
3867	0xf0022be8	_unp_connect	0xf	1	0	0	1
3868	0xf0022ccc	_unp_connect2	0xf	1	0	0	1
3869	0xf01352c0	_unp_defer	0xf	6	0	0	1
3870	0xf0022a8c	_unp_detach	0xf	1	0	0	1
3871	0xf00232d8	_unp_discard	0xf	1	0	0	1
3872	0xf0022d58	_unp_disconnect	0xf	1	0	0	1
3873	0xf00231e4	_unp_dispose	0xf	1	0	0	1
3874	0xf0022e1c	_unp_drop	0xf	1	0	0	1
3875	0xf0022e68	_unp_externalize	0xf	1	0	0	1
3876	0xf0022fec	_unp_gc	0xf	1	0	0	1
3877	0xf01352c8	_unp_gcing	0xf	6	0	0	1
3878	0xf0022f3c	_unp_internalize	0xf	1	0	0	1
3879	0xf00232a0	_unp_mark	0xf	1	0	0	1
3880	0xf01352d0	_unp_rights	0xf	6	0	0	1
3881	0xf0023204	_unp_scan	0xf	1	0	0	1
3882	0xf0022e10	_unp_usrclosed	0xf	1	0	0	1
3883	0xf01352d8	_unp_vno	0xf	6	0	0	1
3884	0xf00ae3e8	_unpackdouble	0xf	1	0	0	1
3885	0xf00ae2e8	_unpacksingle	0xf	1	0	0	1
3886	0xf010bd38	_unpdg_recvspace	0xf	4	0	0	1
3887	0xf010bd34	_unpdg_sendspace	0xf	4	0	0	1
3888	0xf010bd30	_unpst_recvspace	0xf	4	0	0	1
3889	0xf010bd2c	_unpst_sendspace	0xf	4	0	0	1
3890	0xf001ce9c	_unputc	0xf	1	0	0	1
3891	0xf000a054	_untimeout	0xf	1	0	0	1
3892	0xf004fd08	_update	0xf	1	0	0	1
3893	0xf0071a48	_update_priority	0xf	1	0	0	1
3894	0xf00a16e8	_update_pte	0xf	1	0	0	1
3895	0xf010ed2c	_updlock	0xf	4	0	0	1
3896	0xf00146a0	_uprintf	0xf	1	0	0	1
3897	0xf0012454	_ureadc	0xf	1	0	0	1
3898	0xf006e6d0	_us_abstimeout	0xf	1	0	0	1
3899	0xf0097860	_us_spin	0xf	1	0	0	1
3900	0xf0097874	_us_spin_calibrate	0xf	1	0	0	1
3901	0xf006e6a4	_us_timeout	0xf	1	0	0	1
3902	0xf006e6fc	_us_untimeout	0xf	1	0	0	1
3903	0xf0119304	_use_bcopy	0xf	4	0	0	1
3904	0xf01192c4	_use_cache	0xf	4	0	0	1
3905	0xf01192e4	_use_dc	0xf	4	0	0	1
3906	0xf01192e8	_use_ec	0xf	4	0	0	1
3907	0xf01192e0	_use_ic	0xf	4	0	0	1
3908	0xf01192cc	_use_mix	0xf	4	0	0	1
3909	0xf01192f0	_use_multiple_cmd	0xf	4	0	0	1
3910	0xf01192d4	_use_mxcc_prefetch	0xf	4	0	0	1
3911	0xf01192c8	_use_page_coloring	0xf	4	0	0	1
3912	0xf01192ec	_use_pe	0xf	4	0	0	1
3913	0xf01192f4	_use_rdref_only	0xf	4	0	0	1
3914	0xf01192dc	_use_store_buffer	0xf	4	0	0	1
3915	0xf01192d8	_use_table_walk	0xf	4	0	0	1
3916	0xf01192d0	_use_vik_prefetch	0xf	4	0	0	1
3917	0xf0096d80	_usec_delay	0xf	1	0	0	1
3918	0xf010c388	_useloopback	0xf	4	0	0	1
3919	0xf00a7900	_user_trap	0xf	1	0	0	1
3920	0xf0089dc8	_useracc	0xf	1	0	0	1
3921	0xf00294bc	_ustat	0xf	1	0	0	1
3922	0xf000dd54	_utask_free	0xf	1	0	0	1
3923	0xf000ed74	_utask_from_thread	0xf	1	0	0	1
3924	0xf000dde8	_utask_zero	0xf	1	0	0	1
3925	0xf000dd9c	_uthread_free	0xf	1	0	0	1
3926	0xf000ed98	_uthread_from_thread	0xf	1	0	0	1
3927	0xf013d9e8	_utimersp	0xf	6	0	0	1
3928	0xf00284c4	_utimes	0xf	1	0	0	1
3929	0xf001255c	_uwritec	0xf	1	0	0	1
3930	0xf01349e0	_ux_exception_port	0xf	6	0	0	1
3931	0xf0081058	_ux_handler_init	0xf	1	0	0	1
3932	0xf000dcf8	_uzone_init	0xf	1	0	0	1
3933	0xf0117328	_v_cache_on	0xf	4	0	0	1
3934	0xf011732c	_v_cache_sync	0xf	4	0	0	1
3935	0xf01128ec	_v_disable_dvma	0xf	4	0	0	1
3936	0xf01128fc	_v_ebe_handler	0xf	4	0	0	1
3937	0xf01128e8	_v_enable_dvma	0xf	4	0	0	1
3938	0xf0112904	_v_flush_poke_writebuffers	0xf	4	0	0	1
3939	0xf0112900	_v_flush_writebuffers	0xf	4	0	0	1
3940	0xf01128e0	_v_get_diagmesg	0xf	4	0	0	1
3941	0xf01128d4	_v_get_sysctl	0xf	4	0	0	1
3942	0xf0112908	_v_init_all_fsr	0xf	4	0	0	1
3943	0xf01128f0	_v_l15_async_fault	0xf	4	0	0	1
3944	0xf01128f8	_v_memerr_disable	0xf	4	0	0	1
3945	0xf01128f4	_v_memerr_init	0xf	4	0	0	1
3946	0xf01172dc	_v_mmu_chk_wdreset	0xf	4	0	0	1
3947	0xf01172bc	_v_mmu_flushall	0xf	4	0	0	1
3948	0xf01172c0	_v_mmu_flushctx	0xf	4	0	0	1
3949	0xf01172cc	_v_mmu_flushpage	0xf	4	0	0	1
3950	0xf01172d0	_v_mmu_flushpagectx	0xf	4	0	0	1
3951	0xf01172c4	_v_mmu_flushrgn	0xf	4	0	0	1
3952	0xf01172c8	_v_mmu_flushseg	0xf	4	0	0	1
3953	0xf01172d8	_v_mmu_getasyncflt	0xf	4	0	0	1
3954	0xf01172a0	_v_mmu_getcr	0xf	4	0	0	1
3955	0xf01172a4	_v_mmu_getctp	0xf	4	0	0	1
3956	0xf01172a8	_v_mmu_getctx	0xf	4	0	0	1
3957	0xf01172d4	_v_mmu_getsyncflt	0xf	4	0	0	1
3958	0xf01172f0	_v_mmu_log_module_err	0xf	4	0	0	1
3959	0xf01172f4	_v_mmu_print_sfsr	0xf	4	0	0	1
3960	0xf01172ac	_v_mmu_probe	0xf	4	0	0	1
3961	0xf01172b0	_v_mmu_setcr	0xf	4	0	0	1
3962	0xf01172b4	_v_mmu_setctp	0xf	4	0	0	1
3963	0xf01172b8	_v_mmu_setctx	0xf	4	0	0	1
3964	0xf01172e0	_v_mmu_sys_ovf	0xf	4	0	0	1
3965	0xf01172e4	_v_mmu_sys_unf	0xf	4	0	0	1
3966	0xf01172e8	_v_mmu_wo	0xf	4	0	0	1
3967	0xf01172f8	_v_mmu_writepte	0xf	4	0	0	1
3968	0xf01172fc	_v_mmu_writeptp	0xf	4	0	0	1
3969	0xf01172ec	_v_mmu_wu	0xf	4	0	0	1
3970	0xf0117300	_v_module_wkaround	0xf	4	0	0	1
3971	0xf0117334	_v_pac_pageflush	0xf	4	0	0	1
3972	0xf01128dc	_v_set_diagled	0xf	4	0	0	1
3973	0xf01128e4	_v_set_diagmesg	0xf	4	0	0	1
3974	0xf01128d8	_v_set_sysctl	0xf	4	0	0	1
3975	0xf0117310	_v_vac_ctxflush	0xf	4	0	0	1
3976	0xf0117324	_v_vac_flush	0xf	4	0	0	1
3977	0xf0117308	_v_vac_flushall	0xf	4	0	0	1
3978	0xf0117304	_v_vac_init	0xf	4	0	0	1
3979	0xf0117320	_v_vac_pagectxflush	0xf	4	0	0	1
3980	0xf011731c	_v_vac_pageflush	0xf	4	0	0	1
3981	0xf0117330	_v_vac_parity_chk_dis	0xf	4	0	0	1
3982	0xf0117314	_v_vac_rgnflush	0xf	4	0	0	1
3983	0xf0117318	_v_vac_segflush	0xf	4	0	0	1
3984	0xf011730c	_v_vac_usrflush	0xf	4	0	0	1
3985	0xf00a4a08	_va_to_pa	0xf	1	0	0	1
3986	0xf00a49d8	_va_to_pfn	0xf	1	0	0	1
3987	0xf0119334	_vac	0xf	4	0	0	1
3988	0xf01192f8	_vac_copyback	0xf	4	0	0	1
3989	0xf0095844	_vac_ctxflush	0xf	1	0	0	1
3990	0xf00959a8	_vac_flush	0xf	1	0	0	1
3991	0xf00957e8	_vac_flushall	0xf	1	0	0	1
3992	0xf00957c8	_vac_init	0xf	1	0	0	1
3993	0xf00957c0	_vac_inoop	0xf	1	0	0	1
3994	0xf013e140	_vac_linesize	0xf	6	0	0	1
3995	0xf013ddf8	_vac_mode	0xf	6	0	0	1
3996	0xf013e148	_vac_nlines	0xf	6	0	0	1
3997	0xf00957b8	_vac_noop	0xf	1	0	0	1
3998	0xf0095964	_vac_pagectxflush	0xf	1	0	0	1
3999	0xf0095924	_vac_pageflush	0xf	1	0	0	1
4000	0xf00959f0	_vac_parity_chk_dis	0xf	1	0	0	1
4001	0xf013e150	_vac_pglines	0xf	6	0	0	1
4002	0xf00958a4	_vac_rgnflush	0xf	1	0	0	1
4003	0xf00958e8	_vac_segflush	0xf	1	0	0	1
4004	0xf0119318	_vac_size	0xf	4	0	0	1
4005	0xf009580c	_vac_usrflush	0xf	1	0	0	1
4006	0xf0024274	_vafsidtovfs	0xf	1	0	0	1
4007	0xf0029494	_vattr_null	0xf	1	0	0	1
4008	0xf0039bc8	_vattr_to_nattr	0xf	1	0	0	1
4009	0xf003cb80	_vattr_to_sattr	0xf	1	0	0	1
4010	0xf0116cd4	_vectorlist	0xf	4	0	0	1
4011	0xf002a900	_venip_config	0xf	1	0	0	1
4012	0xf012f190	_version	0xf	4	0	0	1
4013	0xf012f180	_version_major	0xf	4	0	0	1
4014	0xf012f184	_version_minor	0xf	4	0	0	1
4015	0xf012f188	_version_variant	0xf	4	0	0	1
4016	0xf000d6d4	_vfork	0xf	1	0	0	1
4017	0xf010c08c	_vfsNVFS	0xf	4	0	0	1
4018	0xf0023f94	_vfs_add	0xf	1	0	0	1
4019	0xf00243b8	_vfs_fixedmajor	0xf	1	0	0	1
4020	0xf0024310	_vfs_getmajor	0xf	1	0	0	1
4021	0xf0024458	_vfs_getnum	0xf	1	0	0	1
4022	0xf00241a4	_vfs_lock	0xf	1	0	0	1
4023	0xf0023d48	_vfs_mountroot	0xf	1	0	0	1
4024	0xf0024418	_vfs_putmajor	0xf	1	0	0	1
4025	0xf00244e8	_vfs_putnum	0xf	1	0	0	1
4026	0xf00240c0	_vfs_remove	0xf	1	0	0	1
4027	0xf00241cc	_vfs_unlock	0xf	1	0	0	1
4028	0xf010bfd8	_vfssw	0xf	4	0	0	1
4029	0xf0023cec	_vfssw_lookup	0xf	1	0	0	1
4030	0xf0028918	_vhangup	0xf	1	0	0	1
4031	0xf0096528	_vik_1137125_wa	0xf	1	0	0	1
4032	0xf0096388	_vik_cache_on	0xf	1	0	0	1
4033	0xf0096280	_vik_mmu_chk_wdreset	0xf	1	0	0	1
4034	0xf0096420	_vik_mmu_flushctx	0xf	1	0	0	1
4035	0xf00964a4	_vik_mmu_flushpage	0xf	1	0	0	1
4036	0xf00964b4	_vik_mmu_flushpagectx	0xf	1	0	0	1
4037	0xf0096494	_vik_mmu_flushrgn	0xf	1	0	0	1
4038	0xf009649c	_vik_mmu_flushseg	0xf	1	0	0	1
4039	0xf009622c	_vik_mmu_getasyncflt	0xf	1	0	0	1
4040	0xf009b498	_vik_mmu_log_module_err	0xf	1	0	0	1
4041	0xf009b5f4	_vik_mmu_print_sfsr	0xf	1	0	0	1
4042	0xf009b840	_vik_mmu_writepte	0xf	1	0	0	1
4043	0xf009b2b4	_vik_module_identify	0xf	1	0	0	1
4044	0xf009b2f4	_vik_module_setup	0xf	1	0	0	1
4045	0xf009b8b4	_vik_module_wkaround	0xf	1	0	0	1
4046	0xf0096354	_vik_mxcc_init_asm	0xf	1	0	0	1
4047	0xf00966c4	_vik_mxcc_pageflush	0xf	1	0	0	1
4048	0xf009660c	_vik_pac_pageflush	0xf	1	0	0	1
4049	0xf0096300	_vik_pte_rmw	0xf	1	0	0	1
4050	0xf01176d8	_vik_rev_level	0xf	4	0	0	1
4051	0xf009afe4	_vik_vac_init	0xf	1	0	0	1
4052	0xf0096338	_vik_vac_init_asm	0xf	1	0	0	1
4053	0xf01176d0	_viking	0xf	4	0	0	1
4054	0xf0119398	_virt_avail	0xf	4	0	0	1
4055	0xf013c110	_virtual_avail	0xf	6	0	0	1
4056	0xf013d338	_virtual_end	0xf	6	0	0	1
4057	0xf013d920	_virtual_space_end	0xf	6	0	0	1
4058	0xf013d928	_virtual_space_start	0xf	6	0	0	1
4059	0xf0014834	_vlog	0xf	1	0	0	1
4060	0xf0114a24	_vlvl1	0xf	4	0	0	1
4061	0xf013da40	_vlvl1_spurious	0xf	6	0	0	1
4062	0xf0114b14	_vlvl2	0xf	4	0	0	1
4063	0xf013da48	_vlvl2_spurious	0xf	6	0	0	1
4064	0xf0114c04	_vlvl3	0xf	4	0	0	1
4065	0xf013da50	_vlvl3_spurious	0xf	6	0	0	1
4066	0xf0114cf4	_vlvl4	0xf	4	0	0	1
4067	0xf013da58	_vlvl4_spurious	0xf	6	0	0	1
4068	0xf0114de4	_vlvl5	0xf	4	0	0	1
4069	0xf013da60	_vlvl5_spurious	0xf	6	0	0	1
4070	0xf0114ed4	_vlvl6	0xf	4	0	0	1
4071	0xf013da68	_vlvl6_spurious	0xf	6	0	0	1
4072	0xf0114fc4	_vlvl7	0xf	4	0	0	1
4073	0xf013da70	_vlvl7_spurious	0xf	6	0	0	1
4074	0xf0086500	_vm_alloc_from_regions	0xf	1	0	0	1
4075	0xf013c200	_vm_alloc_lock	0xf	6	0	0	1
4076	0xf008a820	_vm_allocate	0xf	1	0	0	1
4077	0xf00f470c	_vm_allocate_EXTERNAL	0xf	1	0	0	1
4078	0xf008a724	_vm_allocate_with_pager	0xf	1	0	0	1
4079	0xf013d400	_vm_cache_lock	0xf	6	0	0	1
4080	0xf013d408	_vm_cache_max	0xf	6	0	0	1
4081	0xf008abb8	_vm_copy	0xf	1	0	0	1
4082	0xf0088840	_vm_deactivate	0xf	1	0	0	1
4083	0xf008a8a0	_vm_deallocate	0xf	1	0	0	1
4084	0xf00f43a8	_vm_deallocate_EXTERNAL	0xf	1	0	0	1
4085	0xf008128c	_vm_fault	0xf	1	0	0	1
4086	0xf008300c	_vm_fault_copy_entry	0xf	1	0	0	1
4087	0xf0088834	_vm_fault_range	0xf	1	0	0	1
4088	0xf0082f44	_vm_fault_unwire	0xf	1	0	0	1
4089	0xf0082ec8	_vm_fault_wire	0xf	1	0	0	1
4090	0xf0083244	_vm_fault_wire_fast	0xf	1	0	0	1
4091	0xf0118d88	_vm_first_phys	0xf	4	0	0	1
4092	0xf006dbb8	_vm_get_vnode_size	0xf	1	0	0	1
4093	0xf006c27c	_vm_info_dequeue	0xf	1	0	0	1
4094	0xf006c208	_vm_info_enqueue	0xf	1	0	0	1
4095	0xf006db94	_vm_info_free	0xf	1	0	0	1
4096	0xf006c17c	_vm_info_init	0xf	1	0	0	1
4097	0xf013c210	_vm_info_lock_data	0xf	6	0	0	1
4098	0xf013c218	_vm_info_queue	0xf	6	0	0	1
4099	0xf010fd18	_vm_info_version	0xf	4	0	0	1
4100	0xf0134a50	_vm_info_zone	0xf	6	0	0	1
4101	0xf008a8f4	_vm_inherit	0xf	1	0	0	1
4102	0xf010a7e8	_vm_initial_limit_core	0xf	4	0	0	1
4103	0xf010a7e0	_vm_initial_limit_data	0xf	4	0	0	1
4104	0xf010a7d8	_vm_initial_limit_stack	0xf	4	0	0	1
4105	0xf0118d8c	_vm_last_phys	0xf	4	0	0	1
4106	0xf008aa54	_vm_machine_attribute	0xf	1	0	0	1
4107	0xf00853ac	_vm_map_check_protection	0xf	1	0	0	1
4108	0xf0085630	_vm_map_copy	0xf	1	0	0	1
4109	0xf008542c	_vm_map_copy_entry	0xf	1	0	0	1
4110	0xf00840b0	_vm_map_create	0xf	1	0	0	1
4111	0xf008420c	_vm_map_deallocate	0xf	1	0	0	1
4112	0xf00851c4	_vm_map_delete	0xf	1	0	0	1
4113	0xf008512c	_vm_map_entry_delete	0xf	1	0	0	1
4114	0xf0085110	_vm_map_entry_unwire	0xf	1	0	0	1
4115	0xf013d378	_vm_map_entry_zone	0xf	6	0	0	1
4116	0xf00845d0	_vm_map_find	0xf	1	0	0	1
4117	0xf0085a88	_vm_map_fork	0xf	1	0	0	1
4118	0xf0084cd8	_vm_map_inherit	0xf	1	0	0	1
4119	0xf0083ff4	_vm_map_init	0xf	1	0	0	1
4120	0xf008429c	_vm_map_insert	0xf	1	0	0	1
4121	0xf013d380	_vm_map_kentry_zone	0xf	6	0	0	1
4122	0xf0085dd4	_vm_map_lookup	0xf	1	0	0	1
4123	0xf0086074	_vm_map_lookup_done	0xf	1	0	0	1
4124	0xf00844a8	_vm_map_lookup_entry	0xf	1	0	0	1
4125	0xf00860a0	_vm_map_machine_attribute	0xf	1	0	0	1
4126	0xf0084dec	_vm_map_pageable	0xf	1	0	0	1
4127	0xf0086328	_vm_map_pmap_EXTERNAL	0xf	1	0	0	1
4128	0xf0084a08	_vm_map_protect	0xf	1	0	0	1
4129	0xf00841c0	_vm_map_reference	0xf	1	0	0	1
4130	0xf0085340	_vm_map_remove	0xf	1	0	0	1
4131	0xf00848c8	_vm_map_submap	0xf	1	0	0	1
4132	0xf013d388	_vm_map_zone	0xf	6	0	0	1
4133	0xf00834b0	_vm_mem_init	0xf	1	0	0	1
4134	0xf0086338	_vm_mem_ppi	0xf	1	0	0	1
4135	0xf0086278	_vm_move	0xf	1	0	0	1
4136	0xf00867a0	_vm_object_allocate	0xf	1	0	0	1
4137	0xf00875b0	_vm_object_cache_clear	0xf	1	0	0	1
4138	0xf0086e60	_vm_object_cache_object	0xf	1	0	0	1
4139	0xf0086d88	_vm_object_cache_trim	0xf	1	0	0	1
4140	0xf013d410	_vm_object_cached	0xf	6	0	0	1
4141	0xf013d418	_vm_object_cached_list	0xf	6	0	0	1
4142	0xf0087a34	_vm_object_coalesce	0xf	1	0	0	1
4143	0xf0087680	_vm_object_collapse	0xf	1	0	0	1
4144	0xf0111c7c	_vm_object_collapse_allowed	0xf	4	0	0	1
4145	0xf0087038	_vm_object_copy	0xf	1	0	0	1
4146	0xf013d420	_vm_object_count	0xf	6	0	0	1
4147	0xf0086d10	_vm_object_deactivate_pages	0xf	1	0	0	1
4148	0xf00868b8	_vm_object_deallocate	0xf	1	0	0	1
4149	0xf0086ce8	_vm_object_destroy	0xf	1	0	0	1
4150	0xf008747c	_vm_object_enter	0xf	1	0	0	1
4151	0xf013d430	_vm_object_hashtable	0xf	6	0	0	1
4152	0xf00865fc	_vm_object_init	0xf	1	0	0	1
4153	0xf013d830	_vm_object_list	0xf	6	0	0	1
4154	0xf013d838	_vm_object_list_lock	0xf	6	0	0	1
4155	0xf0087358	_vm_object_lookup	0xf	1	0	0	1
4156	0xf0087b14	_vm_object_name	0xf	1	0	0	1
4157	0xf00879a4	_vm_object_page_remove	0xf	1	0	0	1
4158	0xf0067ee0	_vm_object_pager_wakeup	0xf	1	0	0	1
4159	0xf0086f18	_vm_object_pmap_copy	0xf	1	0	0	1
4160	0xf0086fb8	_vm_object_pmap_remove	0xf	1	0	0	1
4161	0xf008686c	_vm_object_reference	0xf	1	0	0	1
4162	0xf0087524	_vm_object_remove	0xf	1	0	0	1
4163	0xf0087afc	_vm_object_request_object	0xf	1	0	0	1
4164	0xf0087318	_vm_object_setpager	0xf	1	0	0	1
4165	0xf00872d4	_vm_object_shadow	0xf	1	0	0	1
4166	0xf0086f04	_vm_object_shutdown	0xf	1	0	0	1
4167	0xf008a3a0	_vm_object_special	0xf	1	0	0	1
4168	0xf013d840	_vm_object_template	0xf	6	0	0	1
4169	0xf00869e8	_vm_object_terminate	0xf	1	0	0	1
4170	0xf013d898	_vm_object_zone	0xf	6	0	0	1
4171	0xf00897e4	_vm_page_activate	0xf	1	0	0	1
4172	0xf013cbf8	_vm_page_active_count	0xf	6	0	0	1
4173	0xf00893a8	_vm_page_addfree	0xf	1	0	0	1
4174	0xf008912c	_vm_page_alloc_sequential	0xf	1	0	0	1
4175	0xf013d930	_vm_page_array	0xf	6	0	0	1
4176	0xf0111d38	_vm_page_bucket_count	0xf	4	0	0	1
4177	0xf013d938	_vm_page_buckets	0xf	6	0	0	1
4178	0xf0089930	_vm_page_copy	0xf	1	0	0	1
4179	0xf00896dc	_vm_page_deactivate	0xf	1	0	0	1
4180	0xf0089378	_vm_page_free	0xf	1	0	0	1
4181	0xf013cc00	_vm_page_free_count	0xf	6	0	0	1
4182	0xf0111d44	_vm_page_free_min	0xf	4	0	0	1
4183	0xf0111cd8	_vm_page_free_min_sanity	0xf	4	0	0	1
4184	0xf0111d4c	_vm_page_free_reserved	0xf	4	0	0	1
4185	0xf0111d40	_vm_page_free_target	0xf	4	0	0	1
4186	0xf013d940	_vm_page_hash_mask	0xf	6	0	0	1
4187	0xf013c220	_vm_page_inactive_count	0xf	6	0	0	1
4188	0xf0111d48	_vm_page_inactive_target	0xf	4	0	0	1
4189	0xf00890a4	_vm_page_init	0xf	1	0	0	1
4190	0xf0088dac	_vm_page_insert	0xf	1	0	0	1
4191	0xf0111d50	_vm_page_laundry_count	0xf	4	0	0	1
4192	0xf0088f98	_vm_page_lookup	0xf	1	0	0	1
4193	0xf013cc08	_vm_page_queue_active	0xf	6	0	0	1
4194	0xf013cc10	_vm_page_queue_free	0xf	6	0	0	1
4195	0xf013d8f8	_vm_page_queue_free_lock	0xf	6	0	0	1
4196	0xf013c228	_vm_page_queue_inactive	0xf	6	0	0	1
4197	0xf013c230	_vm_page_queue_lock	0xf	6	0	0	1
4198	0xf0088e88	_vm_page_remove	0xf	1	0	0	1
4199	0xf008904c	_vm_page_rename	0xf	1	0	0	1
4200	0xf0088900	_vm_page_startup	0xf	1	0	0	1
4201	0xf013d950	_vm_page_template	0xf	6	0	0	1
4202	0xf0089948	_vm_page_to_phys	0xf	1	0	0	1
4203	0xf0089650	_vm_page_unwire	0xf	1	0	0	1
4204	0xf0089510	_vm_page_wire	0xf	1	0	0	1
4205	0xf013d980	_vm_page_wire_count	0xf	6	0	0	1
4206	0xf008991c	_vm_page_zero_fill	0xf	1	0	0	1
4207	0xf0087f90	_vm_pageout	0xf	1	0	0	1
4208	0xf0111cd4	_vm_pageout_free_min	0xf	4	0	0	1
4209	0xf0087b20	_vm_pageout_scan	0xf	1	0	0	1
4210	0xf00882bc	_vm_pager_allocate	0xf	1	0	0	1
4211	0xf0088274	_vm_pager_deallocate	0xf	1	0	0	1
4212	0xf00881d8	_vm_pager_get	0xf	1	0	0	1
4213	0xf00882d0	_vm_pager_has_page	0xf	1	0	0	1
4214	0xf00881cc	_vm_pager_init	0xf	1	0	0	1
4215	0xf008822c	_vm_pager_put	0xf	1	0	0	1
4216	0xf013cc18	_vm_pages_needed	0xf	6	0	0	1
4217	0xf013cc20	_vm_pages_needed_lock	0xf	6	0	0	1
4218	0xf008644c	_vm_phys_to_vm_page	0xf	1	0	0	1
4219	0xf0088474	_vm_policy_apply	0xf	1	0	0	1
4220	0xf008a93c	_vm_protect	0xf	1	0	0	1
4221	0xf00f484c	_vm_protect_EXTERNAL	0xf	1	0	0	1
4222	0xf008aa90	_vm_read	0xf	1	0	0	1
4223	0xf00f44b4	_vm_read_EXTERNAL	0xf	1	0	0	1
4224	0xf0086110	_vm_region	0xf	1	0	0	1
4225	0xf00864ec	_vm_region_to_vm_page	0xf	1	0	0	1
4226	0xf006dbe0	_vm_set_close_flush	0xf	1	0	0	1
4227	0xf006dc10	_vm_set_error	0xf	1	0	0	1
4228	0xf0088894	_vm_set_page_size	0xf	1	0	0	1
4229	0xf00887e0	_vm_set_policy	0xf	1	0	0	1
4230	0xf006dbcc	_vm_set_vnode_size	0xf	1	0	0	1
4231	0xf013c240	_vm_stat	0xf	6	0	0	1
4232	0xf008a988	_vm_statistics	0xf	1	0	0	1
4233	0xf013d350	_vm_submap_object	0xf	6	0	0	1
4234	0xf013d8a0	_vm_submap_object_store	0xf	6	0	0	1
4235	0xf0089958	_vm_synchronize	0xf	1	0	0	1
4236	0xf00a14a8	_vm_to_srmmu_prot	0xf	1	0	0	1
4237	0xf008a708	_vm_user_init	0xf	1	0	0	1
4238	0xf00863d0	_vm_valid_page	0xf	1	0	0	1
4239	0xf008ab54	_vm_write	0xf	1	0	0	1
4240	0xf00f4978	_vm_write_EXTERNAL	0xf	1	0	0	1
4241	0xf006c888	_vmp_get	0xf	1	0	0	1
4242	0xf006d460	_vmp_invalidate	0xf	1	0	0	1
4243	0xf006d600	_vmp_push	0xf	1	0	0	1
4244	0xf006d8e8	_vmp_push_all	0xf	1	0	0	1
4245	0xf006c8f4	_vmp_put	0xf	1	0	0	1
4246	0xf0028ff4	_vn_close	0xf	1	0	0	1
4247	0xf0028df4	_vn_create	0xf	1	0	0	1
4248	0xf00290b4	_vn_link	0xf	1	0	0	1
4249	0xf0028bc0	_vn_open	0xf	1	0	0	1
4250	0xf0028a54	_vn_rdwr	0xf	1	0	0	1
4251	0xf0028b64	_vn_rele	0xf	1	0	0	1
4252	0xf0029310	_vn_remove	0xf	1	0	0	1
4253	0xf00291b0	_vn_rename	0xf	1	0	0	1
4254	0xf0026680	_vno_bsd_lock	0xf	1	0	0	1
4255	0xf00268c0	_vno_bsd_unlock	0xf	1	0	0	1
4256	0xf0026504	_vno_close	0xf	1	0	0	1
4257	0xf006d300	_vno_flush	0xf	1	0	0	1
4258	0xf00260f0	_vno_ioctl	0xf	1	0	0	1
4259	0xf0026574	_vno_lockrelease	0xf	1	0	0	1
4260	0xf0025fb4	_vno_rw	0xf	1	0	0	1
4261	0xf0026330	_vno_select	0xf	1	0	0	1
4262	0xf002638c	_vno_stat	0xf	1	0	0	1
4263	0xf008bd9c	_vnode_alloc	0xf	1	0	0	1
4264	0xf008bfc8	_vnode_dealloc	0xf	1	0	0	1
4265	0xf008b824	_vnode_has_page	0xf	1	0	0	1
4266	0xf008b5fc	_vnode_pagein	0xf	1	0	0	1
4267	0xf008b6d0	_vnode_pageout	0xf	1	0	0	1
4268	0xf008acc4	_vnode_pager_allocpage	0xf	1	0	0	1
4269	0xf008b4d0	_vnode_pager_create	0xf	1	0	0	1
4270	0xf008b888	_vnode_pager_file_init	0xf	1	0	0	1
4271	0xf008ae10	_vnode_pager_findpage	0xf	1	0	0	1
4272	0xf008c2d8	_vnode_pager_init	0xf	1	0	0	1
4273	0xf008b53c	_vnode_pager_setup	0xf	1	0	0	1
4274	0xf008bad0	_vnode_pager_shutdown	0xf	1	0	0	1
4275	0xf008bdcc	_vnode_pager_truncate	0xf	1	0	0	1
4276	0xf008ac74	_vnode_pager_vget	0xf	1	0	0	1
4277	0xf008ac28	_vnode_pager_vput	0xf	1	0	0	1
4278	0xf006cccc	_vnode_size	0xf	1	0	0	1
4279	0xf008c1c0	_vnode_uncache	0xf	1	0	0	1
4280	0xf010c0b0	_vnodefops	0xf	4	0	0	1
4281	0xf00c83dc	_volCheckEjecting	0xf	1	0	0	1
4282	0xf00c82cc	_volCheckInit	0xf	1	0	0	1
4283	0xf00c8400	_volCheckNotReady	0xf	1	0	0	1
4284	0xf00c8324	_volCheckRegister	0xf	1	0	0	1
4285	0xf00c83b8	_volCheckRequest	0xf	1	0	0	1
4286	0xf00c8394	_volCheckUnregister	0xf	1	0	0	1
4287	0xf0094244	_vol_check_manual_poll	0xf	1	0	0	1
4288	0xf0094270	_vol_check_set_poll	0xf	1	0	0	1
4289	0xf0093a8c	_vol_notify_cancel	0xf	1	0	0	1
4290	0xf00938ac	_vol_notify_dev	0xf	1	0	0	1
4291	0xf0093f28	_vol_panel_disk_label	0xf	1	0	0	1
4292	0xf0093ed0	_vol_panel_disk_num	0xf	1	0	0	1
4293	0xf0093e04	_vol_panel_remove	0xf	1	0	0	1
4294	0xf0093b6c	_vol_panel_request	0xf	1	0	0	1
4295	0xf009419c	_vol_start_thread	0xf	1	0	0	1
4296	0xf00936d8	_volclose	0xf	1	0	0	1
4297	0xf00936ec	_volioctl	0xf	1	0	0	1
4298	0xf00936ac	_volopen	0xf	1	0	0	1
4299	0xf0089e18	_vslock	0xf	1	0	0	1
4300	0xf013d998	_vstruct_lock	0xf	6	0	0	1
4301	0xf013d9a0	_vstruct_zone	0xf	6	0	0	1
4302	0xf0089e58	_vsunlock	0xf	1	0	0	1
4303	0xf008bcc4	_vswap_allocate	0xf	1	0	0	1
4304	0xf002b718	_vtrip_config	0xf	1	0	0	1
4305	0xf010ebdc	_vttoif_tab	0xf	4	0	0	1
4306	0xf000ce70	_wait	0xf	1	0	0	1
4307	0xf000cf20	_wait1	0xf	1	0	0	1
4308	0xf000ceac	_wait3	0xf	1	0	0	1
4309	0xf000cde0	_wait4	0xf	1	0	0	1
4310	0xf013c690	_wait_lock	0xf	6	0	0	1
4311	0xf013c780	_wait_queue	0xf	6	0	0	1
4312	0xf0070b58	_wait_queue_init	0xf	1	0	0	1
4313	0xf0110438	_wait_shift	0xf	4	0	0	1
4314	0xf000d2dc	_waitpgrp	0xf	1	0	0	1
4315	0xf010b1d0	_waittime	0xf	4	0	0	1
4316	0xf0012de8	_wakeup	0xf	1	0	0	1
4317	0xf0012e18	_wakeup_one	0xf	1	0	0	1
4318	0xf00b0cc0	_walk_devs	0xf	1	0	0	1
4319	0xf00b0d14	_walk_layer	0xf	1	0	0	1
4320	0xf00b0d44	_walk_slaves	0xf	1	0	0	1
4321	0xf0074fa8	_walking_zombie	0xf	1	0	0	1
4322	0xf0136460	_wildcard	0xf	6	0	0	1
4323	0xf013e030	_wmap0	0xf	6	0	0	1
4324	0xf013e038	_wmap1	0xf	6	0	0	1
4325	0xf00155e4	_write	0xf	1	0	0	1
4326	0xf00a5bd4	_write_scb_int	0xf	1	0	0	1
4327	0xf0015628	_writev	0xf	1	0	0	1
4328	0xf0120aec	_wserver_on	0xf	4	0	0	1
4329	0xf0043e64	_xdr_accepted_reply	0xf	1	0	0	1
4330	0xf0045b00	_xdr_array	0xf	1	0	0	1
4331	0xf0041e54	_xdr_attrstat	0xf	1	0	0	1
4332	0xf0042800	_xdr_authkern	0xf	1	0	0	1
4333	0xf0042770	_xdr_authunix_parms	0xf	1	0	0	1
4334	0xf00456a4	_xdr_bool	0xf	1	0	0	1
4335	0xf0046478	_xdr_bp_address	0xf	1	0	0	1
4336	0xf00463f0	_xdr_bp_fileid_t	0xf	1	0	0	1
4337	0xf0046518	_xdr_bp_getfile_arg	0xf	1	0	0	1
4338	0xf0046554	_xdr_bp_getfile_res	0xf	1	0	0	1
4339	0xf00463a8	_xdr_bp_machine_name_t	0xf	1	0	0	1
4340	0xf00463cc	_xdr_bp_path_t	0xf	1	0	0	1
4341	0xf00464a8	_xdr_bp_whoami_arg	0xf	1	0	0	1
4342	0xf00464c8	_xdr_bp_whoami_res	0xf	1	0	0	1
4343	0xf0045858	_xdr_bytes	0xf	1	0	0	1
4344	0xf00442cc	_xdr_callhdr	0xf	1	0	0	1
4345	0xf00439f8	_xdr_callmsg	0xf	1	0	0	1
4346	0xf0045668	_xdr_char	0xf	1	0	0	1
4347	0xf0042330	_xdr_creatargs	0xf	1	0	0	1
4348	0xf0043e48	_xdr_des_block	0xf	1	0	0	1
4349	0xf0042208	_xdr_diropargs	0xf	1	0	0	1
4350	0xf0042284	_xdr_diropres	0xf	1	0	0	1
4351	0xf0045748	_xdr_enum	0xf	1	0	0	1
4352	0xf004169c	_xdr_fhandle	0xf	1	0	0	1
4353	0xf00465a4	_xdr_fhstatus	0xf	1	0	0	1
4354	0xf00420bc	_xdr_getrddirres	0xf	1	0	0	1
4355	0xf0045454	_xdr_int	0xf	1	0	0	1
4356	0xf0046414	_xdr_ip_addr_t	0xf	1	0	0	1
4357	0xf004236c	_xdr_linkargs	0xf	1	0	0	1
4358	0xf0045484	_xdr_long	0xf	1	0	0	1
4359	0xf0045938	_xdr_netobj	0xf	1	0	0	1
4360	0xf0045760	_xdr_opaque	0xf	1	0	0	1
4361	0xf0043e08	_xdr_opaque_auth	0xf	1	0	0	1
4362	0xf004381c	_xdr_pmap	0xf	1	0	0	1
4363	0xf0041f34	_xdr_putrddirres	0xf	1	0	0	1
4364	0xf0041ee4	_xdr_rddirargs	0xf	1	0	0	1
4365	0xf0041eb0	_xdr_rdlnres	0xf	1	0	0	1
4366	0xf0041d94	_xdr_rdresult	0xf	1	0	0	1
4367	0xf0041a8c	_xdr_readargs	0xf	1	0	0	1
4368	0xf0046324	_xdr_reference	0xf	1	0	0	1
4369	0xf0043efc	_xdr_rejected_reply	0xf	1	0	0	1
4370	0xf0043f7c	_xdr_replymsg	0xf	1	0	0	1
4371	0xf004387c	_xdr_rmtcall_args	0xf	1	0	0	1
4372	0xf004398c	_xdr_rmtcallres	0xf	1	0	0	1
4373	0xf00423a8	_xdr_rnmargs	0xf	1	0	0	1
4374	0xf00422f4	_xdr_saargs	0xf	1	0	0	1
4375	0xf0045554	_xdr_short	0xf	1	0	0	1
4376	0xf00423e4	_xdr_slargs	0xf	1	0	0	1
4377	0xf00424b0	_xdr_statfs	0xf	1	0	0	1
4378	0xf00459fc	_xdr_string	0xf	1	0	0	1
4379	0xf004546c	_xdr_u_int	0xf	1	0	0	1
4380	0xf00454ec	_xdr_u_long	0xf	1	0	0	1
4381	0xf00455d4	_xdr_u_short	0xf	1	0	0	1
4382	0xf0045958	_xdr_union	0xf	1	0	0	1
4383	0xf0045448	_xdr_void	0xf	1	0	0	1
4384	0xf00416c0	_xdr_writeargs	0xf	1	0	0	1
4385	0xf0045c60	_xdrmbuf_destroy	0xf	1	0	0	1
4386	0xf0045dcc	_xdrmbuf_getbytes	0xf	1	0	0	1
4387	0xf0045c6c	_xdrmbuf_getlong	0xf	1	0	0	1
4388	0xf0045e74	_xdrmbuf_getmbuf	0xf	1	0	0	1
4389	0xf0046030	_xdrmbuf_getpos	0xf	1	0	0	1
4390	0xf0045c28	_xdrmbuf_init	0xf	1	0	0	1
4391	0xf0046098	_xdrmbuf_inline	0xf	1	0	0	1
4392	0xf010e0b0	_xdrmbuf_ops	0xf	4	0	0	1
4393	0xf0045fa8	_xdrmbuf_putbuf	0xf	1	0	0	1
4394	0xf0045f00	_xdrmbuf_putbytes	0xf	1	0	0	1
4395	0xf0045d1c	_xdrmbuf_putlong	0xf	1	0	0	1
4396	0xf0046050	_xdrmbuf_setpos	0xf	1	0	0	1
4397	0xf00460e0	_xdrmem_create	0xf	1	0	0	1
4398	0xf01150b4	_xlvl1	0xf	4	0	0	1
4399	0xf0115924	_xlvl10	0xf	4	0	0	1
4400	0xf013da78	_xlvl10_spurious	0xf	6	0	0	1
4401	0xf0115a14	_xlvl11	0xf	4	0	0	1
4402	0xf013da80	_xlvl11_spurious	0xf	6	0	0	1
4403	0xf0115b04	_xlvl12	0xf	4	0	0	1
4404	0xf013da88	_xlvl12_spurious	0xf	6	0	0	1
4405	0xf0115bf4	_xlvl13	0xf	4	0	0	1
4406	0xf013da90	_xlvl13_spurious	0xf	6	0	0	1
4407	0xf0115ce4	_xlvl14	0xf	4	0	0	1
4408	0xf013da98	_xlvl14_spurious	0xf	6	0	0	1
4409	0xf0115dd4	_xlvl15	0xf	4	0	0	1
4410	0xf013daa0	_xlvl15_spurious	0xf	6	0	0	1
4411	0xf013daa8	_xlvl1_spurious	0xf	6	0	0	1
4412	0xf01151a4	_xlvl2	0xf	4	0	0	1
4413	0xf013dab0	_xlvl2_spurious	0xf	6	0	0	1
4414	0xf0115294	_xlvl3	0xf	4	0	0	1
4415	0xf013dab8	_xlvl3_spurious	0xf	6	0	0	1
4416	0xf0115384	_xlvl4	0xf	4	0	0	1
4417	0xf013dac0	_xlvl4_spurious	0xf	6	0	0	1
4418	0xf0115474	_xlvl5	0xf	4	0	0	1
4419	0xf013dac8	_xlvl5_spurious	0xf	6	0	0	1
4420	0xf0115564	_xlvl6	0xf	4	0	0	1
4421	0xf013dad0	_xlvl6_spurious	0xf	6	0	0	1
4422	0xf0115654	_xlvl7	0xf	4	0	0	1
4423	0xf013dad8	_xlvl7_spurious	0xf	6	0	0	1
4424	0xf0115744	_xlvl8	0xf	4	0	0	1
4425	0xf013dae0	_xlvl8_spurious	0xf	6	0	0	1
4426	0xf0115834	_xlvl9	0xf	4	0	0	1
4427	0xf013dae8	_xlvl9_spurious	0xf	6	0	0	1
4428	0xf004473c	_xprt_register	0xf	1	0	0	1
4429	0xf006bf24	_xxx_cpu_control	0xf	1	0	0	1
4430	0xf006be78	_xxx_host_info	0xf	1	0	0	1
4431	0xf006525c	_xxx_processor_set_default_priv	0xf	1	0	0	1
4432	0xf006beb4	_xxx_slot_info	0xf	1	0	0	1
4433	0xf00790cc	_zalloc	0xf	1	0	0	1
4434	0xf00790e4	_zalloc_noblock	0xf	1	0	0	1
4435	0xf0079300	_zchange	0xf	1	0	0	1
4436	0xf00792f4	_zcollectable	0xf	1	0	0	1
4437	0xf00780bc	_zcram	0xf	1	0	0	1
4438	0xf013cba0	_zdata	0xf	6	0	0	1
4439	0xf0110bf4	_zdata_size	0xf	4	0	0	1
4440	0xf0136550	_zeroin_addr	0xf	6	0	0	1
4441	0xf0003000	_zeros	0xf	1	0	0	1
4442	0xf00791d0	_zfree	0xf	1	0	0	1
4443	0xf00790fc	_zget	0xf	1	0	0	1
4444	0xf00787e4	_zget_space	0xf	1	0	0	1
4445	0xf013cba8	_zget_space_lock	0xf	6	0	0	1
4446	0xf0077f38	_zinit	0xf	1	0	0	1
4447	0xf0134e70	_zombproc	0xf	6	0	0	1
4448	0xf0078b38	_zone_bootstrap	0xf	1	0	0	1
4449	0xf0110c8c	_zone_check	0xf	4	0	0	1
4450	0xf0078360	_zone_collect	0xf	1	0	0	1
4451	0xf013cbb0	_zone_free_space	0xf	6	0	0	1
4452	0xf00781d0	_zone_free_space_add	0xf	1	0	0	1
4453	0xf013cbd0	_zone_free_space_count	0xf	6	0	0	1
4454	0xf0078548	_zone_free_space_reclaim	0xf	1	0	0	1
4455	0xf0079380	_zone_gc	0xf	1	0	0	1
4456	0xf0110c98	_zone_gc_allowed	0xf	4	0	0	1
4457	0xf0110c9c	_zone_gc_last_tick	0xf	4	0	0	1
4458	0xf0110ca0	_zone_gc_max_rate	0xf	4	0	0	1
4459	0xf0110be8	_zone_ignore_overflow	0xf	4	0	0	1
4460	0xf0078bf0	_zone_init	0xf	1	0	0	1
4461	0xf0110bec	_zone_map	0xf	4	0	0	1
4462	0xf0110bf0	_zone_map_size	0xf	4	0	0	1
4463	0xf013cbd8	_zone_max	0xf	6	0	0	1
4464	0xf013cbe0	_zone_min	0xf	6	0	0	1
4465	0xf007956c	_zone_reclaim	0xf	1	0	0	1
4466	0xf013cbe8	_zone_zone	0xf	6	0	0	1
4467	0xf013f5e0	_zsNcurr	0xf	6	0	0	1
4468	0xf011fb14	_zs_ops	0xf	4	0	0	1
4469	0xf011fc34	_zs_proto	0xf	4	0	0	1
4470	0xf011facc	_zs_speeds	0xf	4	0	0	1
4471	0xf013ee60	_zs_tty	0xf	6	0	0	1
4472	0xf00b9654	_zsa_attach	0xf	1	0	0	1
4473	0xf00ba918	_zsa_process	0xf	1	0	0	1
4474	0xf00ba6c4	_zsa_rxint	0xf	1	0	0	1
4475	0xf00ba838	_zsa_softint	0xf	1	0	0	1
4476	0xf00ba7c0	_zsa_srint	0xf	1	0	0	1
4477	0xf00ba57c	_zsa_txint	0xf	1	0	0	1
4478	0xf00ba60c	_zsa_xsint	0xf	1	0	0	1
4479	0xf013f160	_zsaline	0xf	6	0	0	1
4480	0xf00bac90	_zsattach	0xf	1	0	0	1
4481	0xf00b9a40	_zsclose	0xf	1	0	0	1
4482	0xf013f5e8	_zscom	0xf	6	0	0	1
4483	0xf013f5f0	_zscurr	0xf	6	0	0	1
4484	0xf00b96a8	_zsgetspeed	0xf	1	0	0	1
4485	0xf00bac54	_zsidentify	0xf	1	0	0	1
4486	0xf013f5f8	_zsinfo	0xf	6	0	0	1
4487	0xf00bb1bc	_zsintr	0xf	1	0	0	1
4488	0xf00bb4d0	_zsintr_hi	0xf	1	0	0	1
4489	0xf00c2390	_zsintr_ms	0xf	1	0	0	1
4490	0xf00b9c6c	_zsioctl	0xf	1	0	0	1
4491	0xf013f600	_zslast	0xf	6	0	0	1
4492	0xf00bb068	_zslevel6intr	0xf	1	0	0	1
4493	0xf00ba4bc	_zsmctl	0xf	1	0	0	1
4494	0xf00bb24c	_zsnull_attach	0xf	1	0	0	1
4495	0xf00bb41c	_zsnull_intr	0xf	1	0	0	1
4496	0xf00bb464	_zsnull_softint	0xf	1	0	0	1
4497	0xf00b973c	_zsopen	0xf	1	0	0	1
4498	0xf00bb188	_zsopinit	0xf	1	0	0	1
4499	0xf011faf0	_zsops_async	0xf	4	0	0	1
4500	0xf011fbcc	_zsops_null	0xf	4	0	0	1
4501	0xf00b9f9c	_zsparam	0xf	1	0	0	1
4502	0xf00ba860	_zspoll	0xf	1	0	0	1
4503	0xf00b9b9c	_zsread	0xf	1	0	0	1
4504	0xf00b9c3c	_zsselect	0xf	1	0	0	1
4505	0xf013f5d0	_zssoftCAR	0xf	6	0	0	1
4506	0xf013f5d8	_zssoftpend	0xf	6	0	0	1
4507	0xf00ba2e0	_zsstart	0xf	1	0	0	1
4508	0xf00bb480	_zsstealkey	0xf	1	0	0	1
4509	0xf00ba468	_zsstop	0xf	1	0	0	1
4510	0xf011faec	_zsticks	0xf	4	0	0	1
4511	0xf00b9f60	_zstodm	0xf	1	0	0	1
4512	0xf00b9bec	_zswrite	0xf	1	0	0	1
4513	0xf00bb558	_zszread	0xf	1	0	0	1
4514	0xf00bb564	_zszwrite	0xf	1	0	0	1
4515	0xf0003040	entry	0xf	1	0	0	1
4516	0xf0003914	fault	0xf	1	0	0	1
4517	0xf00039bc	interrupt	0xf	1	0	0	1
4518	0xf0004e70	level10	0xf	1	0	0	1
4519	0xf00038ec	machcall	0xf	1	0	0	1
4520	0xf00051c8	mon_breakpoint_vec	0xf	1	0	0	1
4521	0xf0006f88	multiply_check	0xf	1	0	0	1
4522	0xf00035e0	sr_chk_flt	0xf	1	0	0	1
4523	0xf0003434	st_chk_flt	0xf	1	0	0	1
4524	0xf00034a0	sys_rtt	0xf	1	0	0	1
4525	0xf0003170	sys_trap	0xf	1	0	0	1
4526	0xf00038c4	syscall	0xf	1	0	0	1
4527	0xf00967ac	window_overflow	0xf	1	0	0	1
4528	0xf009751c	window_underflow	0xf	1	0	0	1
4529	0xf00968b8	wo_chk_flt	0xf	1	0	0	1
4530	0xf00975e4	wu_chk_flt	0xf	1	0	0	1
