start	end	name	lexical_exit_count	lexical_exits
0x4000310	0x4000316	_start	0	
0x4000318	0x40013c4	_intstacks	0	
0x40013c4	0x40013d6	_curipl	1	0x40013d4:rts
0x40013d6	0x40013f4	_pflush_super	1	0x40013f2:rts
0x40013f4	0x4001412	_pflush_user	1	0x4001410:rts
0x4001412	0x4001440	_tlb_update_read	1	0x400143e:rts
0x4001440	0x400146e	_tlb_update_write	1	0x400146c:rts
0x400146e	0x4001498	_pmove_crp	1	0x4001496:rts
0x4001498	0x40014be	_pmove_tt1	1	0x40014bc:rts
0x40014be	0x4001522	__move_space	1	0x4001520:rts
0x4001522	0x400153e	_move_space_fault	0	
0x400153e	0x4001558	_cache_push_page	1	0x4001556:rts
0x4001558	0x400157e	_cache_inval_page	1	0x400157c:rts
0x400157e	0x400158a	_get_vbr	1	0x4001588:rts
0x400158a	0x400159a	_set_vbr	1	0x4001598:rts
0x400159a	0x40015e2	_copyoutstr	0	
0x40015e2	0x400162a	_copyinstr	0	
0x400162a	0x400165e	_copystr	1	0x400165c:rts
0x400165e	0x40016d0	_copyoutmsg	0	
0x40016d0	0x4001742	_copyinmsg	0	
0x4001742	0x400182c	_copywithin	1	0x400182a:rts
0x400182c	0x4001836	_FAULT_ERROR	1	0x4001834:rts
0x400183c	0x400184e	_fast_setjmp	1	0x400184c:rts
0x400184e	0x400185e	_setjmp	1	0x400185c:rts
0x400185e	0x400186e	_longjmp	1	0x400186c:rts
0x400186e	0x4001898	_probe_rb	1	0x4001896:rts
0x4001898	0x40018c2	_probe_rl	1	0x40018c0:rts
0x40018c2	0x40018c4	_simple_unlock	1	0x40018c2:rts
0x40018c4	0x40018c8	_simple_lock_try	1	0x40018c6:rts
0x40018c8	0x40018ce	_ovbcopy	0	
0x40018ce	0x40018d4	_blkclr	0	
0x40018d8	0x400197c	__switch_context	0	
0x400197c	0x4001a1a	__switch_context_discard	0	
0x4001a1a	0x4001a8a	__switch_context0	0	
0x4001a8a	0x4001b16	__stack_handoff	1	0x4001b14:rts
0x4001b16	0x4001b2c	__return_with_state	0	
0x4001b2c	0x4001b30	__stack_attach	0	
0x4001b30	0x4001b3e	_call_continuation	0	
0x4001b3e	0x4001b8a	std_trap	0	
0x4001b8a	0x4001bc6	ipl1	0	
0x4001bc6	0x4001c02	ipl2	0	
0x4001c02	0x4001c72	ipl3	0	
0x4001c72	0x4001ce2	ipl4	0	
0x4001ce2	0x4001d1e	ipl5	0	
0x4001d1e	0x4001d8a	ipl6	0	
0x4001d8a	0x4001dfa	ipl7	0	
0x4001dfa	0x4001e1e	_call_nmi	1	0x4001e1c:rts
0x4001e1e	0x4001ec8	trap3	0	
0x4001ec8	0x4001f02	trap4	0	
0x4001f02	0x4001f12	trap5	0	
0x4001f12	0x4001f22	trap6	0	
0x4001f22	0x4001f96	addrerr	0	
0x4001f96	0x40021cc	buserr	0	
0x400221e	0x4002220	fpsp_done	0	
0x4002220	0x400222c	fpsp_frame_err	0	
0x4002232	0x4002238	trace	0	
0x4002238	0x400225a	_cache_push	1	0x4002258:rts
0x4002262	0x4002284	_mon_exit	0	
0x4002284	0x4002314	_rpause	1	0x4002312:rts
0x4002314	0x40028fa	_table	1	0x40028f8:rts
0x40028fa	0x4002916	_table_fsparam	1	0x4002914:rts
0x4002916	0x4002958	_task_name	1	0x4002956:rts
0x4002958	0x4002dc8	_main	1	0x4002dc6:rts
0x4002dc8	0x4002e1c	_init_task	1	0x4002e1a:rts
0x4002e1c	0x4002e76	_lightning_bolt	1	0x4002e74:rts
0x4002e76	0x4002e9a	_bhinit	1	0x4002e98:rts
0x4002e9a	0x4002fa2	_binit	1	0x4002fa0:rts
0x4002fa2	0x4002fec	_cinit	1	0x4002fea:rts
0x4002fec	0x40030f0	_sysacct	1	0x40030ee:rts
0x40030f0	0x400336a	_acct	1	0x4003368:rts
0x400336a	0x40033d2	_compress	1	0x40033d0:rts
0x40033d2	0x4003574	_hardclock	1	0x4003572:rts
0x4003574	0x40035e0	_gatherstats	1	0x40035de:rts
0x40035e0	0x4003618	_timeout	1	0x4003616:rts
0x4003618	0x400362e	_untimeout	1	0x400362c:rts
0x400362e	0x40036cc	_hzto	1	0x40036ca:rts
0x40036cc	0x40036f2	_ticks_to_timeval	1	0x40036f0:rts
0x40036f2	0x400375e	_profil	1	0x400375c:rts
0x400375e	0x40037b4	_add_profil	1	0x40037b2:rts
0x40037b4	0x4003c0a	_core	1	0x4003c08:rts
0x4003c0a	0x4003c20	_getdtablesize	1	0x4003c1e:rts
0x4003c20	0x4003c28	_getdopt	1	0x4003c26:rts
0x4003c28	0x4003c30	_setdopt	1	0x4003c2e:rts
0x4003c30	0x4003cc8	_dup	1	0x4003cc6:rts
0x4003cc8	0x4003df2	_dup2	1	0x4003df0:rts
0x4003df2	0x4003e5a	_dupit	1	0x4003e58:rts
0x4003e5a	0x40041c2	_fcntl	1	0x40041c0:rts
0x40041c2	0x400420c	_fset	1	0x400420a:rts
0x400420c	0x400424a	_fgetown	1	0x4004248:rts
0x400424a	0x40042ae	_fsetown	1	0x40042ac:rts
0x40042ae	0x40042ce	_fioctl	1	0x40042cc:rts
0x40042ce	0x40043a0	_close	1	0x400439e:rts
0x40043a0	0x400445c	_fstat	1	0x400445a:rts
0x400445c	0x40044f4	_ufalloc	1	0x40044f2:rts
0x40044f4	0x400452a	_ufavail	1	0x4004528:rts
0x400452a	0x4004566	_file_init	1	0x4004564:rts
0x4004566	0x40045da	_falloc	1	0x40045d8:rts
0x40045da	0x4004620	_getf	1	0x400461e:rts
0x4004620	0x400469c	_closef	1	0x400469a:rts
0x400469c	0x40046d8	_free_file	1	0x40046d6:rts
0x40046d8	0x400477c	_rewhence	1	0x400477a:rts
0x400477c	0x400481e	_flock	1	0x400481c:rts
0x400481e	0x40048d6	_expand_fdlist	1	0x40048d4:rts
0x40048d6	0x40048fc	_execv	1	0x40048fa:rts
0x40048fc	0x40051ce	_execve	1	0x40051cc:rts
0x40051ce	0x4005220	_create_unix_stack	1	0x400521e:rts
0x4005220	0x40053ba	_load_init_program	1	0x40053b8:rts
0x40053ba	0x400544e	_check_exec_access	1	0x400544c:rts
0x400544e	0x40054a6	sub_400544E	1	0x40054a4:rts
0x40054a6	0x40054c8	_rexit	0	
0x40054ca	0x40054ee	_exit	0	
0x40054f0	0x4005a3e	_do_exit	1	0x4005a3c:rts
0x4005a3e	0x4005ac6	_wait4	1	0x4005ac4:rts
0x4005ac6	0x4005af8	_wait	1	0x4005af6:rts
0x4005af8	0x4005b6c	_wait3	1	0x4005b6a:rts
0x4005b6c	0x4005e60	_wait1	1	0x4005e5e:rts
0x4005e60	0x40060ea	_waitpgrp	1	0x40060e8:rts
0x40060ea	0x4006164	_init_process	1	0x4006162:rts
0x4006164	0x4006174	_fork	1	0x4006172:rts
0x4006174	0x4006186	_vfork	1	0x4006184:rts
0x4006186	0x40062d6	_fork1	1	0x40062d4:rts
0x40062d6	0x4006300	_newproc	1	0x40062fe:rts
0x4006300	0x40065f4	_cloneproc	1	0x40065f2:rts
0x40065f4	0x4006646	_uzone_init	1	0x4006644:rts
0x4006646	0x4006692	_utask_free	1	0x4006690:rts
0x4006692	0x40066aa	_uthread_free	1	0x40066a8:rts
0x40066aa	0x40066c2	_uarea_init	1	0x40066c0:rts
0x40066c2	0x40066dc	_uarea_zero	1	0x40066da:rts
0x40066dc	0x4006700	_utask_zero	1	0x40066fe:rts
0x4006700	0x4006720	_switch_unix_context	1	0x400671e:rts
0x4006720	0x4006728	_sbrk	1	0x4006726:rts
0x4006728	0x4006730	_sstk	1	0x400672e:rts
0x4006730	0x4006746	_getpagesize	1	0x4006744:rts
0x4006746	0x4006a48	_smmap	1	0x4006a46:rts
0x4006a48	0x4006a50	_mremap	1	0x4006a4e:rts
0x4006a50	0x4006ab6	_munmap	1	0x4006ab4:rts
0x4006ab6	0x4006ad2	_munmapfd	1	0x4006ad0:rts
0x4006ad2	0x4006ada	_mprotect	1	0x4006ad8:rts
0x4006ada	0x4006ae2	_madvise	1	0x4006ae0:rts
0x4006ae2	0x4006aea	_mincore	1	0x4006ae8:rts
0x4006aea	0x4006ba4	_obreak	1	0x4006ba2:rts
0x4006ba4	0x4006bac	_ovadvise	1	0x4006baa:rts
0x4006bac	0x4006be0	_spgrp	1	0x4006bde:rts
0x4006be0	0x4006c0c	_inferior	1	0x4006c0a:rts
0x4006c0c	0x4006c40	_pfind	1	0x4006c3e:rts
0x4006c40	0x4006c64	_pidhash_enter	1	0x4006c62:rts
0x4006c64	0x4006c92	_getproc	1	0x4006c90:rts
0x4006c92	0x4006cce	_proc_cache_clear	1	0x4006ccc:rts
0x4006cce	0x4006d4a	_pqinit	1	0x4006d48:rts
0x4006d4a	0x4006d7a	_pgfind	1	0x4006d78:rts
0x4006d7a	0x4006ebc	_enterpgrp	1	0x4006eba:rts
0x4006ebc	0x4006f34	_leavepgrp	1	0x4006f32:rts
0x4006f34	0x4006fe8	_pgdelete	1	0x4006fe6:rts
0x4006fe8	0x40070ae	_fixjobc	1	0x40070ac:rts
0x40070ae	0x4007128	sub_40070AE	1	0x4007126:rts
0x4007128	0x4007178	_get_posix_proc	1	0x4007176:rts
0x4007178	0x40071a2	_alloc_posix_proc	1	0x40071a0:rts
0x40071a2	0x40071b8	_free_posix_proc	1	0x40071b6:rts
0x40071b8	0x4007202	_insert_posix_proc	1	0x4007200:rts
0x4007202	0x400725a	_new_posix_proc	1	0x4007258:rts
0x400725a	0x40072cc	_delete_posix_proc	1	0x40072ca:rts
0x40072cc	0x40072ea	_proc_from_thread	1	0x40072e8:rts
0x40072ea	0x4007306	_utask_from_thread	1	0x4007304:rts
0x4007306	0x400731e	_uthread_from_thread	1	0x400731c:rts
0x400731e	0x4007370	_setprivexec	1	0x400736e:rts
0x4007370	0x40073a0	_getpid	1	0x400739e:rts
0x40073a0	0x40073ee	_getpgrp	1	0x40073ec:rts
0x40073ee	0x4007426	_getuid	1	0x4007424:rts
0x4007426	0x400745e	_getgid	1	0x400745c:rts
0x400745e	0x400747e	_getposix	1	0x400747c:rts
0x400747e	0x40074d8	_setposix	1	0x40074d6:rts
0x40074d8	0x40075b4	_getgroups	1	0x40075b2:rts
0x40075b4	0x4007644	_setpgrp	1	0x4007642:rts
0x4007644	0x4007738	_setreuid	1	0x4007736:rts
0x4007738	0x4007820	__setuid	1	0x400781e:rts
0x4007820	0x40078fe	__setgid	1	0x40078fc:rts
0x40078fe	0x4007a10	_setregid	1	0x4007a0e:rts
0x4007a10	0x4007afa	_setgroups	1	0x4007af8:rts
0x4007afa	0x4007b44	_leavegroup	1	0x4007b42:rts
0x4007b44	0x4007b90	_entergroup	1	0x4007b8e:rts
0x4007b90	0x4007bd0	_groupmember	1	0x4007bce:rts
0x4007bd0	0x4007c16	_suser	1	0x4007c14:rts
0x4007c16	0x4007c46	_crget	1	0x4007c44:rts
0x4007c46	0x4007c8c	_crfree	1	0x4007c8a:rts
0x4007c8c	0x4007cd4	_crcopy	1	0x4007cd2:rts
0x4007cd4	0x4007d0a	_crdup	1	0x4007d08:rts
0x4007d0a	0x4007d80	_setsid	1	0x4007d7e:rts
0x4007d80	0x4007e9e	_setpgid	1	0x4007e9c:rts
0x4007e9e	0x4007fb4	_getpriority	1	0x4007fb2:rts
0x4007fb4	0x40080ca	_setpriority	1	0x40080c8:rts
0x40080ca	0x40081c2	_donice	1	0x40081c0:rts
0x40081c2	0x4008306	_setrlimit	1	0x4008304:rts
0x4008306	0x4008350	_getrlimit	1	0x400834e:rts
0x4008350	0x40083e8	_getrusage	1	0x40083e6:rts
0x40083e8	0x400843e	_ruadd	1	0x400843c:rts
0x400843e	0x400853e	_boot	1	0x400853c:rts
0x400853e	0x40085ec	_unmount_all	1	0x40085ea:rts
0x40085ec	0x40086a6	_kill_tasks	1	0x40086a4:rts
0x40086a6	0x40088ee	_proc_shutdown	1	0x40088ec:rts
0x40088ee	0x4008932	_fd_shutdown	1	0x4008930:rts
0x4008932	0x4008a40	_sigvec	1	0x4008a3e:rts
0x4008a40	0x4008b68	_setsigvec	1	0x4008b66:rts
0x4008b68	0x4008bca	_sigblock	1	0x4008bc8:rts
0x4008bca	0x4008c26	_sigsetmask	1	0x4008c24:rts
0x4008c26	0x4008c38	_sigcont	1	0x4008c36:rts
0x4008c38	0x4008c9e	_sigpause	1	0x4008c9c:rts
0x4008c9e	0x4008d36	_sigstack	1	0x4008d34:rts
0x4008d36	0x4008e98	_kill	1	0x4008e96:rts
0x4008e98	0x4008ed2	_killpg	1	0x4008ed0:rts
0x4008ed2	0x4008f96	_killpg1	1	0x4008f94:rts
0x4008f96	0x4008fc0	_gsignal	1	0x4008fbe:rts
0x4008fc0	0x400901a	_pgsignal	1	0x4009018:rts
0x400901a	0x400934c	_psignal	1	0x400934a:rts
0x400934c	0x4009746	_issig	1	0x4009744:rts
0x4009746	0x4009778	_stop	1	0x4009776:rts
0x4009778	0x4009a00	_psig	1	0x40099fe:rts
0x4009a00	0x4009a34	_sigpending	1	0x4009a32:rts
0x4009a34	0x4009af0	_uiomove	1	0x4009aee:rts
0x4009af0	0x4009b82	_ureadc	1	0x4009b80:rts
0x4009b82	0x4009c36	_uwritec	1	0x4009c34:rts
0x4009c36	0x4009dba	_sleep	1	0x4009db8:rts
0x4009dba	0x4009f50	_sleep_with_continuation	1	0x4009f4e:rts
0x4009f50	0x400a11a	_sleep_with_continuation_and_deadline	1	0x400a118:rts
0x400a11a	0x400a1da	_rpsleep	1	0x400a1d8:rts
0x400a1da	0x400a202	_rpcont	1	0x400a200:rts
0x400a202	0x400a22c	_wakeup	1	0x400a22a:rts
0x400a22c	0x400a258	_wakeup_one	1	0x400a256:rts
0x400a258	0x400a278	_rqinit	1	0x400a276:rts
0x400a278	0x400a2be	_gettimeofday	1	0x400a2bc:rts
0x400a2be	0x400a30e	_settimeofday	1	0x400a30c:rts
0x400a30e	0x400a360	_setthetime	1	0x400a35e:rts
0x400a360	0x400a396	_getthetime	1	0x400a394:rts
0x400a396	0x400a42a	_adjtime	1	0x400a428:rts
0x400a42a	0x400a52c	_inittodr	1	0x400a52a:rts
0x400a52c	0x400a60c	_getitimer	1	0x400a60a:rts
0x400a60c	0x400a74a	_setitimer	1	0x400a748:rts
0x400a74a	0x400a832	_realitexpire	1	0x400a830:rts
0x400a832	0x400a870	_itimerfix	1	0x400a86e:rts
0x400a870	0x400a8f0	_itimerdecr	1	0x400a8ee:rts
0x400a8f0	0x400a914	_timevaladd	1	0x400a912:rts
0x400a914	0x400a938	_timevalsub	1	0x400a936:rts
0x400a938	0x400a968	_timevalfix	1	0x400a966:rts
0x400a968	0x400ab9a	_uname	1	0x400ab98:rts
0x400ab9a	0x400abb0	_gethostid	1	0x400abae:rts
0x400abb0	0x400abd8	_sethostid	1	0x400abd6:rts
0x400abd8	0x400ac16	_gethostname	1	0x400ac14:rts
0x400ac16	0x400ac84	_sethostname	1	0x400ac82:rts
0x400ac84	0x400acc2	_getdomainname	1	0x400acc0:rts
0x400acc2	0x400ad30	_setdomainname	1	0x400ad2e:rts
0x400ad30	0x400ad9a	_reboot	1	0x400ad98:rts
0x400ad9a	0x400af8c	_ptrace	1	0x400af8a:rts
0x400af8c	0x400aff6	_thread_psignal	1	0x400aff4:rts
0x400aff6	0x400b072	_logopen	1	0x400b070:rts
0x400b072	0x400b0d4	_logclose	1	0x400b0d2:rts
0x400b0d4	0x400b1ba	_logread	1	0x400b1b8:rts
0x400b1ba	0x400b20c	_logselect	1	0x400b20a:rts
0x400b20c	0x400b228	_logwakeup	1	0x400b226:rts
0x400b228	0x400b2a6	sub_400B228	1	0x400b2a4:rts
0x400b2a6	0x400b358	_logioctl	1	0x400b356:rts
0x400b358	0x400b384	_printf	1	0x400b382:rts
0x400b384	0x400b3c0	_uprintf	1	0x400b3be:rts
0x400b3c0	0x400b41c	_tprintf	1	0x400b41a:rts
0x400b41c	0x400b458	_sprintf	1	0x400b456:rts
0x400b458	0x400b4c6	_log	1	0x400b4c4:rts
0x400b4c6	0x400b4f2	_vlog	1	0x400b4f0:rts
0x400b4f2	0x400b532	sub_400B4F2	1	0x400b530:rts
0x400b532	0x400b550	__printf	1	0x400b54e:rts
0x400b550	0x400bb74	_prf	1	0x400bb72:rts
0x400bb74	0x400bbaa	sub_400BB74	1	0x400bba8:rts
0x400bbaa	0x400bc5e	sub_400BBAA	1	0x400bc5c:rts
0x400bc5e	0x400bc66	_panic_init	1	0x400bc64:rts
0x400bc66	0x400bd16	_panic	1	0x400bd14:rts
0x400bd16	0x400bd48	_tablefull	1	0x400bd46:rts
0x400bd48	0x400bd7c	_harderr	1	0x400bd7a:rts
0x400bd7c	0x400bd94	_putchar	1	0x400bd92:rts
0x400bd94	0x400bdac	_logchar	1	0x400bdaa:rts
0x400bdac	0x400beaa	sub_400BDAC	1	0x400bea8:rts
0x400beaa	0x400beb4	_nodev	1	0x400beb2:rts
0x400beb4	0x400bebe	_nulldev	1	0x400bebc:rts
0x400bebe	0x400bed2	_errsys	1	0x400bed0:rts
0x400bed2	0x400beda	_nullsys	1	0x400bed8:rts
0x400beda	0x400bf16	_nosys	1	0x400bf14:rts
0x400bf16	0x400bf2c	_imin	1	0x400bf2a:rts
0x400bf2c	0x400bf42	_imax	1	0x400bf40:rts
0x400bf42	0x400bf58	_min	1	0x400bf56:rts
0x400bf58	0x400bf6e	_max	1	0x400bf6c:rts
0x400bf6e	0x400bfa6	_read	1	0x400bfa4:rts
0x400bfa6	0x400c010	_readv	1	0x400c00e:rts
0x400c010	0x400c04a	_write	1	0x400c048:rts
0x400c04a	0x400c0b6	_writev	1	0x400c0b4:rts
0x400c0b6	0x400c26c	_rwuio	1	0x400c26a:rts
0x400c26c	0x400c424	_ioctl	1	0x400c422:rts
0x400c424	0x400c548	_select	1	0x400c546:rts
0x400c548	0x400c720	_selcont	1	0x400c71e:rts
0x400c720	0x400c800	_selscan	1	0x400c7fe:rts
0x400c800	0x400c80a	_seltrue	1	0x400c808:rts
0x400c80a	0x400c872	_selthreadcache	1	0x400c870:rts
0x400c872	0x400c8a4	_selthreadclear	1	0x400c8a2:rts
0x400c8a4	0x400c918	_selwakeup	1	0x400c916:rts
0x400c918	0x400c96c	_soo_rw	1	0x400c96a:rts
0x400c96c	0x400ca70	_soo_ioctl	1	0x400ca6e:rts
0x400ca70	0x400cb5a	_soo_select	1	0x400cb58:rts
0x400cb5a	0x400cb98	_soo_stat	1	0x400cb96:rts
0x400cb98	0x400cbbe	_soo_close	1	0x400cbbc:rts
0x400cbbe	0x400cd8a	_ttysetspec	1	0x400cd88:rts
0x400cd8a	0x400cdde	_ttychars	1	0x400cddc:rts
0x400cdde	0x400ce04	_ttywflush	1	0x400ce02:rts
0x400ce04	0x400ce7a	_ttywait	1	0x400ce78:rts
0x400ce7a	0x400cf32	_ttyflush	1	0x400cf30:rts
0x400cf32	0x400cf8e	_ttrstrt	1	0x400cf8c:rts
0x400cf8e	0x400cfc6	_ttstart	1	0x400cfc4:rts
0x400cfc6	0x400d9b4	_ttioctl	1	0x400d9b2:rts
0x400d9b4	0x400d9fa	_ttnread	1	0x400d9f8:rts
0x400d9fa	0x400daa4	_ttselect	1	0x400daa2:rts
0x400daa4	0x400dc3e	_ttyopen	1	0x400dc3c:rts
0x400dc3e	0x400dc5c	_ttylclose	1	0x400dc5a:rts
0x400dc5c	0x400dd2a	_ttyclose	1	0x400dd28:rts
0x400dd2a	0x400de1a	_ttymodem	1	0x400de18:rts
0x400de1a	0x400de5c	_nullmodem	1	0x400de5a:rts
0x400de5c	0x400deb6	_ttypend	1	0x400deb4:rts
0x400deb6	0x400e014	_ttyinput	1	0x400e012:rts
0x400e014	0x400e1a2	_ttyblkin	1	0x400e1a0:rts
0x400e1a2	0x400e8f2	_ttcooked	1	0x400e8f0:rts
0x400e8f2	0x400ec0a	_ttyoutput	1	0x400ec08:rts
0x400ec0a	0x400efe8	_ttread	1	0x400efe6:rts
0x400efe8	0x400f066	_ttycheckoutq	1	0x400f064:rts
0x400f066	0x400f464	_ttwrite	1	0x400f462:rts
0x400f464	0x400f614	_ttyrub	1	0x400f612:rts
0x400f614	0x400f65c	_ttyrubo	1	0x400f65a:rts
0x400f65c	0x400f714	_ttyretype	1	0x400f712:rts
0x400f714	0x400f7fe	_ttyecho	1	0x400f7fc:rts
0x400f7fe	0x400f82e	_ttyoutstr	1	0x400f82c:rts
0x400f82e	0x400f85a	_ttcheckwakeup	1	0x400f858:rts
0x400f85a	0x400f8d0	_ttwakeup	1	0x400f8ce:rts
0x400f8d0	0x400f99e	_tty_ld_install	1	0x400f99c:rts
0x400f99e	0x400fa20	_tty_ld_remove	1	0x400fa1e:rts
0x400fa20	0x400fa38	_ttydevstart	1	0x400fa36:rts
0x400fa38	0x400fa6c	_ttydevstop	1	0x400fa6a:rts
0x400fa6c	0x400facc	_ttyselwait	1	0x400faca:rts
0x400facc	0x400fb1c	_ttselwakeup	1	0x400fb1a:rts
0x400fb1c	0x400fde2	_ttsettermios	1	0x400fde0:rts
0x400fde2	0x401009c	_ttgettermios	1	0x401009a:rts
0x401009c	0x4010136	_ttynty	1	0x4010134:rts
0x4010136	0x4010140	_nullioctl	1	0x401013e:rts
0x4010140	0x4010158	_pty_init	1	0x4010156:rts
0x4010158	0x40101d8	_pty_alloc	1	0x40101d6:rts
0x40101d8	0x40102ca	_ptsopen	1	0x40102c8:rts
0x40102ca	0x4010334	_ptsclose	1	0x4010332:rts
0x4010334	0x40104ce	_ptsread	1	0x40104cc:rts
0x40104ce	0x401051c	_ptswrite	1	0x401051a:rts
0x401051c	0x4010560	_ptsselect	1	0x401055e:rts
0x4010560	0x40105b6	_ptsstart	1	0x40105b4:rts
0x40105b6	0x4010678	_ptcwakeup	1	0x4010676:rts
0x4010678	0x401071a	_ptcopen	1	0x4010718:rts
0x401071a	0x40107cc	_ptcclose	1	0x40107ca:rts
0x40107cc	0x40109f8	_ptcread	1	0x40109f6:rts
0x40109f8	0x4010a62	_ptsstop	1	0x4010a60:rts
0x4010a62	0x4010b5a	_ptcselect	1	0x4010b58:rts
0x4010b5a	0x4010d6a	_ptcwrite	1	0x4010d68:rts
0x4010d6a	0x40110a0	_ptyioctl	1	0x401109e:rts
0x40110a0	0x4011122	sub_40110A0	1	0x4011120:rts
0x4011122	0x40111f8	_ptsputc	1	0x40111f6:rts
0x40111f8	0x40112e8	_getc	1	0x40112e6:rts
0x40112e8	0x401140a	_q_to_b	1	0x4011408:rts
0x401140a	0x4011474	_ndqb	1	0x4011472:rts
0x4011474	0x401155c	_ndflush	1	0x401155a:rts
0x401155c	0x401163a	_putc	1	0x4011638:rts
0x401163a	0x4011728	_b_to_q	1	0x4011726:rts
0x4011728	0x4011758	_nextc	1	0x4011756:rts
0x4011758	0x40117c8	_nextc3	1	0x40117c6:rts
0x40117c8	0x40118b2	_unputc	1	0x40118b0:rts
0x40118b2	0x4011916	_catq	1	0x4011914:rts
0x4011916	0x401195c	_syopen	1	0x401195a:rts
0x401195c	0x40119a2	_syread	1	0x40119a0:rts
0x40119a2	0x40119e8	_sywrite	1	0x40119e6:rts
0x40119e8	0x4011a96	_syioctl	1	0x4011a94:rts
0x4011a96	0x4011ae8	_syselect	1	0x4011ae6:rts
0x4011ae8	0x4011b74	_domaininit	1	0x4011b72:rts
0x4011b74	0x4011bc8	_pffindtype	1	0x4011bc6:rts
0x4011bc8	0x4011c4c	_pffindproto	1	0x4011c4a:rts
0x4011c4c	0x4011ca0	_pfctlinput	1	0x4011c9e:rts
0x4011ca0	0x4011d00	_pfslowtimo	1	0x4011cfe:rts
0x4011d00	0x4011d6a	_pffasttimo	1	0x4011d68:rts
0x4011d6a	0x4011de8	_mbinit	1	0x4011de6:rts
0x4011de8	0x4011ee0	_m_clalloc	1	0x4011ede:rts
0x4011ee0	0x4011ee8	_m_pgfree	1	0x4011ee6:rts
0x4011ee8	0x4011f64	_m_expand	1	0x4011f62:rts
0x4011f64	0x4011fd4	_m_get	1	0x4011fd2:rts
0x4011fd4	0x4012062	_m_getclr	1	0x4012060:rts
0x4012062	0x40120f2	_m_free	1	0x40120f0:rts
0x40120f2	0x40121a6	_m_more	1	0x40121a4:rts
0x40121a6	0x4012250	_m_freem	1	0x401224e:rts
0x4012250	0x40123c4	_m_copy	1	0x40123c2:rts
0x40123c4	0x401243e	_m_cat	1	0x401243c:rts
0x401243e	0x40124de	_m_adj	1	0x40124dc:rts
0x40124de	0x4012612	_m_pullup	1	0x4012610:rts
0x4012612	0x4012698	_mclget	1	0x4012696:rts
0x4012698	0x4012738	_mclgetx	1	0x4012736:rts
0x4012738	0x40127b6	_mclput	1	0x40127b4:rts
0x40127cc	0x401288c	_mcldup	1	0x401288a:rts
0x401288c	0x40128d8	_piconnect	1	0x40128d6:rts
0x40128d8	0x401299e	_socreate	1	0x401299c:rts
0x401299e	0x40129d6	_sobind	1	0x40129d4:rts
0x40129d6	0x4012a4e	_solisten	1	0x4012a4c:rts
0x4012a4e	0x4012aca	_sofree	1	0x4012ac8:rts
0x4012aca	0x4012bc8	_soclose	1	0x4012bc6:rts
0x4012bc8	0x4012bea	_soabort	1	0x4012be8:rts
0x4012bea	0x4012c44	_soaccept	1	0x4012c42:rts
0x4012c44	0x4012cba	_soconnect	1	0x4012cb8:rts
0x4012cba	0x4012cf2	_soconnect2	1	0x4012cf0:rts
0x4012cf2	0x4012d44	_sodisconnect	1	0x4012d42:rts
0x4012d44	0x40131b0	_sosend	1	0x40131ae:rts
0x40131b0	0x40137fa	_soreceive	1	0x40137f8:rts
0x40137fa	0x4013846	_soshutdown	1	0x4013844:rts
0x4013846	0x4013920	_sorflush	1	0x401391e:rts
0x4013920	0x4013abc	_sosetopt	1	0x4013aba:rts
0x4013abc	0x4013c7e	_sogetopt	1	0x4013c7c:rts
0x4013c7e	0x4013cfa	_sohasoutofband	1	0x4013cf8:rts
0x4013cfa	0x4013d20	_soisconnecting	1	0x4013d1e:rts
0x4013d20	0x4013db6	_soisconnected	1	0x4013db4:rts
0x4013db6	0x4013dfe	_soisdisconnecting	1	0x4013dfc:rts
0x4013dfe	0x4013e46	_soisdisconnected	1	0x4013e44:rts
0x4013e46	0x4013f14	_sonewconn	1	0x4013f12:rts
0x4013f14	0x4013f6e	_soqinsque	1	0x4013f6c:rts
0x4013f6e	0x4013fd6	_soqremque	1	0x4013fd4:rts
0x4013fd6	0x4013ff4	_socantsendmore	1	0x4013ff2:rts
0x4013ff4	0x4014012	_socantrcvmore	1	0x4014010:rts
0x4014012	0x4014038	_sbselqueue	1	0x4014036:rts
0x4014038	0x4014056	_sbwait	1	0x4014054:rts
0x4014056	0x40140d4	_sbwakeup	1	0x40140d2:rts
0x40140d4	0x4014134	_sowakeup	1	0x4014132:rts
0x4014134	0x4014180	_soreserve	1	0x401417e:rts
0x4014180	0x40141b4	_sbreserve	1	0x40141b2:rts
0x40141b4	0x40141fc	_sbrelease	1	0x40141fa:rts
0x40141fc	0x401423a	_sbappend	1	0x4014238:rts
0x401423a	0x40142ae	_sbappendrecord	1	0x40142ac:rts
0x40142ae	0x4014448	_sbappendaddr	1	0x4014446:rts
0x4014448	0x401452c	_sbappendrights	1	0x401452a:rts
0x401452c	0x4014600	_sbcompress	1	0x40145fe:rts
0x4014600	0x4014666	_sbflush	1	0x4014664:rts
0x4014666	0x401483c	_sbdrop	1	0x401483a:rts
0x401483c	0x4014908	_sbdroprecord	1	0x4014906:rts
0x4014908	0x40149a6	_socket	1	0x40149a4:rts
0x40149a6	0x4014a26	_bind	1	0x4014a24:rts
0x4014a26	0x4014a66	_listen	1	0x4014a64:rts
0x4014a66	0x4014c7a	_accept	1	0x4014c78:rts
0x4014c7a	0x4014dce	_connect	1	0x4014dcc:rts
0x4014dce	0x4014fb8	_socketpair	1	0x4014fb6:rts
0x4014fb8	0x4015008	_sendto	1	0x4015006:rts
0x4015008	0x4015054	_send	1	0x4015052:rts
0x4015054	0x40150ee	_sendmsg	1	0x40150ec:rts
0x40150ee	0x401525e	_sendit	1	0x401525c:rts
0x401525e	0x40152f0	_recvfrom	1	0x40152ee:rts
0x40152f0	0x4015340	_recv	1	0x401533e:rts
0x4015340	0x4015412	_recvmsg	1	0x4015410:rts
0x4015412	0x40155bc	_recvit	1	0x40155ba:rts
0x40155bc	0x40155fc	_shutdown	1	0x40155fa:rts
0x40155fc	0x40156cc	_setsockopt	1	0x40156ca:rts
0x40156cc	0x40157e4	_getsockopt	1	0x40157e2:rts
0x40157e4	0x4015998	_pipe	1	0x4015996:rts
0x4015998	0x4015ab2	_getsockname	1	0x4015ab0:rts
0x4015ab2	0x4015be4	_getpeername	1	0x4015be2:rts
0x4015be4	0x4015c50	_sockargs	1	0x4015c4e:rts
0x4015c50	0x4015c82	_getsock	1	0x4015c80:rts
0x4015c82	0x40160f2	_uipc_usrreq	1	0x40160f0:rts
0x40160f2	0x401617c	_unp_attach	1	0x401617a:rts
0x401617c	0x4016208	_unp_detach	1	0x4016206:rts
0x4016208	0x40162a6	_unp_bind	1	0x40162a4:rts
0x40162a6	0x4016366	_unp_connect	1	0x4016364:rts
0x4016366	0x40163dc	_unp_connect2	1	0x40163da:rts
0x40163dc	0x4016462	_unp_disconnect	1	0x4016460:rts
0x4016462	0x401646a	_unp_usrclosed	1	0x4016468:rts
0x401646a	0x40164bc	_unp_drop	1	0x40164ba:rts
0x40164bc	0x401654e	_unp_externalize	1	0x401654c:rts
0x401654e	0x40165c2	_unp_internalize	1	0x40165c0:rts
0x40165c2	0x40166fc	_unp_gc	1	0x40166fa:rts
0x40166fc	0x4016718	_unp_dispose	1	0x4016716:rts
0x4016718	0x4016778	_unp_scan	1	0x4016776:rts
0x4016778	0x4016798	_unp_mark	1	0x4016796:rts
0x4016798	0x40167b6	_unp_discard	1	0x40167b4:rts
0x40167b6	0x4016d30	_smount	1	0x4016d2e:rts
0x4016d30	0x4016d6e	_sync	1	0x4016d6c:rts
0x4016d6e	0x4016dd0	_statfs	1	0x4016dce:rts
0x4016dd0	0x4016e22	_fstatfs	1	0x4016e20:rts
0x4016e22	0x4016e8c	_cstatfs	1	0x4016e8a:rts
0x4016e8c	0x4016f48	_unmount	1	0x4016f46:rts
0x4016f48	0x4016fc2	_dounmount	1	0x4016fc0:rts
0x4016fc2	0x4017008	_vfssw_lookup	1	0x4017006:rts
0x4017008	0x4017200	_vfs_mountroot	1	0x40171fe:rts
0x4017200	0x40172d4	_vfs_add	1	0x40172d2:rts
0x40172d4	0x4017378	_vfs_remove	1	0x4017376:rts
0x4017378	0x401739c	_vfs_lock	1	0x401739a:rts
0x401739c	0x40173e6	_vfs_unlock	1	0x40173e4:rts
0x40173e6	0x4017416	_getvfs	1	0x4017414:rts
0x4017416	0x401748a	_vafsidtovfs	1	0x4017488:rts
0x401748a	0x4017512	_vfs_getmajor	1	0x4017510:rts
0x4017512	0x401754e	_vfs_fixedmajor	1	0x401754c:rts
0x401754e	0x401757e	_vfs_putmajor	1	0x401757c:rts
0x401757e	0x40175e0	_vfs_getnum	1	0x40175de:rts
0x40175e0	0x4017608	_vfs_putnum	1	0x4017606:rts
0x4017608	0x401769a	_bread	1	0x4017698:rts
0x401769a	0x40177c6	_breada	1	0x40177c4:rts
0x40177c6	0x401787a	sub_40177C6	1	0x4017878:rts
0x401787a	0x40178a2	sub_401787A	1	0x40178a0:rts
0x40178a2	0x4017930	_vnReadAhead	1	0x401792e:rts
0x4017930	0x4017a26	_breadDirect	1	0x4017a24:rts
0x4017a26	0x4017aa6	_bwrite	1	0x4017aa4:rts
0x4017aa6	0x4017ad2	_bdwrite	1	0x4017ad0:rts
0x4017ad2	0x4017aec	_bawrite	1	0x4017aea:rts
0x4017aec	0x4017c06	_brelse	1	0x4017c04:rts
0x4017c06	0x4017c6a	_incore	1	0x4017c68:rts
0x4017c6a	0x4017dd8	_getblk	1	0x4017dd6:rts
0x4017dd8	0x4017e74	_geteblk	1	0x4017e72:rts
0x4017e74	0x4017ffe	_brealloc	1	0x4017ffc:rts
0x4017ffe	0x40180a8	_getnewbuf	1	0x40180a6:rts
0x40180a8	0x40180f2	_getnewbuf_count	1	0x40180f0:rts
0x40180f2	0x4018154	_biowait	1	0x4018152:rts
0x4018154	0x40181b6	_biodone	1	0x40181b4:rts
0x40181b6	0x40182ca	_blkflush	1	0x40182c8:rts
0x40182ca	0x401837c	_bflush	1	0x401837a:rts
0x401837c	0x401839e	_brelvp_wakeup	1	0x401839c:rts
0x401839e	0x401845c	_binvalfree	1	0x401845a:rts
0x401845c	0x40184d2	_btrash	1	0x40184d0:rts
0x40184d2	0x40184f6	_geterror	1	0x40184f4:rts
0x40184f6	0x4018552	_binval	1	0x4018550:rts
0x4018552	0x4018584	sub_4018552	1	0x4018582:rts
0x4018584	0x40185a2	sub_4018584	1	0x40185a0:rts
0x40185a2	0x401862c	_dnlc_init	1	0x401862a:rts
0x401862c	0x40187b4	_dnlc_enter	1	0x40187b2:rts
0x40187b4	0x401880a	_dnlc_lookupSymLink	1	0x4018808:rts
0x401880a	0x40188ce	_dnlc_enterSymLink	1	0x40188cc:rts
0x40188ce	0x40189b8	_dnlc_lookup	1	0x40189b6:rts
0x40189b8	0x4018a1e	_dnlc_remove	1	0x4018a1c:rts
0x4018a1e	0x4018a76	_dnlc_purge	1	0x4018a74:rts
0x4018a76	0x4018ac8	_dnlc_purge_vp	1	0x4018ac6:rts
0x4018ac8	0x4018afe	_dnlc_purge1	1	0x4018afc:rts
0x4018afe	0x4018bae	sub_4018AFE	1	0x4018bac:rts
0x4018bae	0x4018c5a	sub_4018BAE	1	0x4018c58:rts
0x4018c5a	0x4018d3c	_vno_rw	1	0x4018d3a:rts
0x4018d3c	0x4018ee6	_vno_ioctl	1	0x4018ee4:rts
0x4018ee6	0x4018f2c	_vno_select	1	0x4018f2a:rts
0x4018f2c	0x4019032	_vno_stat	1	0x4019030:rts
0x4019032	0x40190ac	_vno_close	1	0x40190aa:rts
0x40190ac	0x4019174	_vno_lockrelease	1	0x4019172:rts
0x4019174	0x401931a	_vno_bsd_lock	1	0x4019318:rts
0x401931a	0x40193de	_vno_bsd_unlock	1	0x40193dc:rts
0x40193de	0x401942e	_lookupname	1	0x401942c:rts
0x401942e	0x40198bc	_lookuppn	1	0x40198ba:rts
0x40198bc	0x4019ab2	sub_40198BC	1	0x4019ab0:rts
0x4019ab2	0x4019ad8	_pn_alloc	1	0x4019ad6:rts
0x4019ad8	0x4019b5e	_pn_get	1	0x4019b5c:rts
0x4019b5e	0x4019b8e	_pn_set	1	0x4019b8c:rts
0x4019b8e	0x4019bee	_pn_combine	1	0x4019bec:rts
0x4019bee	0x4019c42	_pn_append	1	0x4019c40:rts
0x4019c42	0x4019c94	_pn_getcomponent	1	0x4019c92:rts
0x4019c94	0x4019cce	_pn_skipslash	1	0x4019ccc:rts
0x4019cce	0x4019cee	_pn_free	1	0x4019cec:rts
0x4019cee	0x4019d40	_chdir	1	0x4019d3e:rts
0x4019d40	0x4019da6	_chroot	1	0x4019da4:rts
0x4019da6	0x4019e26	_chdirec	1	0x4019e24:rts
0x4019e26	0x4019e90	_open	1	0x4019e8e:rts
0x4019e90	0x4019ebc	_creat	1	0x4019eba:rts
0x4019ebc	0x4019fba	_copen	1	0x4019fb8:rts
0x4019fba	0x401a0e0	_mknod	1	0x401a0de:rts
0x401a0e0	0x401a162	_mkdir	1	0x401a160:rts
0x401a162	0x401a18c	_link	1	0x401a18a:rts
0x401a18c	0x401a1b6	_rename	1	0x401a1b4:rts
0x401a1b6	0x401a2d6	_symlink	1	0x401a2d4:rts
0x401a2d6	0x401a2fe	_unlink	1	0x401a2fc:rts
0x401a2fe	0x401a328	_rmdir	1	0x401a326:rts
0x401a328	0x401a45a	_getdirentries	1	0x401a458:rts
0x401a45a	0x401a610	_getfakedirentries	1	0x401a60e:rts
0x401a610	0x401a760	_lseek	1	0x401a75e:rts
0x401a760	0x401a86c	_access	1	0x401a86a:rts
0x401a86c	0x401a892	_stat	1	0x401a890:rts
0x401a892	0x401a8b6	_lstat	1	0x401a8b4:rts
0x401a8b6	0x401a920	_stat1	1	0x401a91e:rts
0x401a920	0x401a9ea	_readlink	1	0x401a9e8:rts
0x401a9ea	0x401aa38	_chmod	1	0x401aa36:rts
0x401aa38	0x401aa82	_fchmod	1	0x401aa80:rts
0x401aa82	0x401aace	_chown	1	0x401aacc:rts
0x401aace	0x401ab18	_fchown	1	0x401ab16:rts
0x401ab18	0x401ab9e	_utimes	1	0x401ab9c:rts
0x401ab9e	0x401aca0	__utime	1	0x401ac9e:rts
0x401aca0	0x401acf6	_truncate	1	0x401acf4:rts
0x401acf6	0x401ada4	_ftruncate	1	0x401ada2:rts
0x401ada4	0x401ae16	_namesetattr	1	0x401ae14:rts
0x401ae16	0x401ae64	_fdsetattr	1	0x401ae62:rts
0x401ae64	0x401aec4	_fsync	1	0x401aec2:rts
0x401aec4	0x401aefc	_umask	1	0x401aefa:rts
0x401aefc	0x401af50	_vhangup	1	0x401af4e:rts
0x401af50	0x401afae	_forceclose	1	0x401afac:rts
0x401afae	0x401afe4	_getvnodefp	1	0x401afe2:rts
0x401afe4	0x401b0c6	_vn_rdwr	1	0x401b0c4:rts
0x401b0c6	0x401b114	_vn_rele	1	0x401b112:rts
0x401b114	0x401b322	_vn_open	1	0x401b320:rts
0x401b322	0x401b4b8	_vn_create	1	0x401b4b6:rts
0x401b4b8	0x401b55c	_vn_close	1	0x401b55a:rts
0x401b55c	0x401b63e	_vn_link	1	0x401b63c:rts
0x401b63e	0x401b774	_vn_rename	1	0x401b772:rts
0x401b774	0x401b8c4	_vn_remove	1	0x401b8c2:rts
0x401b8c4	0x401b8fa	_isrofile	1	0x401b8f8:rts
0x401b8fa	0x401b914	_vattr_null	1	0x401b912:rts
0x401b914	0x401b9dc	_ustat	1	0x401b9da:rts
0x401b9dc	0x401bb7c	_physio	1	0x401bb7a:rts
0x401bb7c	0x401bbd2	_physstrat	1	0x401bbd0:rts
0x401bbd2	0x401bbfa	_null_init	1	0x401bbf8:rts
0x401bbfa	0x401bc0c	_null_hash	1	0x401bc0a:rts
0x401bc0c	0x401bc16	_null_netmatch	1	0x401bc14:rts
0x401bc16	0x401bc1e	_ifinit	1	0x401bc1c:rts
0x401bc1e	0x401bc9e	_ifa_ifwithaddr	1	0x401bc9c:rts
0x401bc9e	0x401bd04	_ifa_ifwithdstaddr	1	0x401bd02:rts
0x401bd04	0x401bd6a	_ifa_ifwithnet	1	0x401bd68:rts
0x401bd6a	0x401bd78	_ifb_ifwithaf	1	0x401bd76:rts
0x401bd78	0x401bdbc	_if_down	1	0x401bdba:rts
0x401bdbc	0x401bdf6	_if_qflush	1	0x401bdf4:rts
0x401bdf6	0x401be34	_if_down_all	1	0x401be32:rts
0x401be34	0x401bebc	_ifunit	1	0x401beba:rts
0x401bebc	0x401c07c	_ifioctl	1	0x401c07a:rts
0x401c07c	0x401c170	_ifconf	1	0x401c16e:rts
0x401c170	0x401c186	_address_known	1	0x401c184:rts
0x401c186	0x401c198	_logetbuf	1	0x401c196:rts
0x401c198	0x401c1fa	_looutput	1	0x401c1f8:rts
0x401c1fa	0x401c276	_locontrol	1	0x401c274:rts
0x401c276	0x401c2bc	_loattach	1	0x401c2ba:rts
0x401c2bc	0x401c2ce	_VENIP_PRIVATE	1	0x401c2cc:rts
0x401c2ce	0x401c2e0	_VENIP_ENADDRP	1	0x401c2de:rts
0x401c2e0	0x401c2f8	_VENIP_IPADDR	1	0x401c2f6:rts
0x401c2f8	0x401c310	_VENIP_RIF	1	0x401c30e:rts
0x401c310	0x401c41e	sub_401C310	1	0x401c41c:rts
0x401c41e	0x401c58a	sub_401C41E	1	0x401c588:rts
0x401c58a	0x401c642	sub_401C58A	1	0x401c640:rts
0x401c642	0x401c67e	sub_401C642	1	0x401c67c:rts
0x401c67e	0x401c804	sub_401C67E	1	0x401c802:rts
0x401c804	0x401c8d4	sub_401C804	1	0x401c8d2:rts
0x401c8d4	0x401c8ea	_venip_config	1	0x401c8e8:rts
0x401c8ea	0x401c900	sub_401C8EA	1	0x401c8fe:rts
0x401c900	0x401c950	_nb_alloc	1	0x401c94e:rts
0x401c950	0x401c97a	_nb_alloc_wrapper	1	0x401c978:rts
0x401c97a	0x401c98c	_nb_map	1	0x401c98a:rts
0x401c98c	0x401c99e	_nb_free	1	0x401c99c:rts
0x401c99e	0x401c9bc	_nb_free_wrapper	1	0x401c9ba:rts
0x401c9bc	0x401c9ce	_nb_size	1	0x401c9cc:rts
0x401c9ce	0x401ca10	_nb_read	1	0x401ca0e:rts
0x401ca10	0x401ca52	_nb_write	1	0x401ca50:rts
0x401ca52	0x401ca6c	_nb_shrink_top	1	0x401ca6a:rts
0x401ca6c	0x401ca86	_nb_grow_top	1	0x401ca84:rts
0x401ca86	0x401ca9c	_nb_shrink_bot	1	0x401ca9a:rts
0x401ca9c	0x401cab2	_nb_grow_bot	1	0x401cab0:rts
0x401cab2	0x401cad6	_if_output	1	0x401cad4:rts
0x401cad6	0x401cafa	_if_control	1	0x401caf8:rts
0x401cafa	0x401cbc4	_if_ioctl	1	0x401cbc2:rts
0x401cbc4	0x401cbe0	_if_init	1	0x401cbde:rts
0x401cbe0	0x401cbfc	_if_getbuf	1	0x401cbfa:rts
0x401cbfc	0x401cc0c	_if_private	1	0x401cc0a:rts
0x401cc0c	0x401cc1e	_if_unit	1	0x401cc1c:rts
0x401cc1e	0x401cc2c	_if_name	1	0x401cc2a:rts
0x401cc2c	0x401cc3c	_if_type	1	0x401cc3a:rts
0x401cc3c	0x401cc4e	_if_mtu	1	0x401cc4c:rts
0x401cc4e	0x401cc5e	_if_class	1	0x401cc5c:rts
0x401cc5e	0x401cc70	_if_flags	1	0x401cc6e:rts
0x401cc70	0x401cc80	_if_opackets	1	0x401cc7e:rts
0x401cc80	0x401cc90	_if_ipackets	1	0x401cc8e:rts
0x401cc90	0x401cca0	_if_oerrors	1	0x401cc9e:rts
0x401cca0	0x401ccb0	_if_ierrors	1	0x401ccae:rts
0x401ccb0	0x401ccc0	_if_collisions	1	0x401ccbe:rts
0x401ccc0	0x401ccd2	_if_flags_set	1	0x401ccd0:rts
0x401ccd2	0x401cce4	_if_opackets_set	1	0x401cce2:rts
0x401cce4	0x401ccf6	_if_ipackets_set	1	0x401ccf4:rts
0x401ccf6	0x401cd08	_if_oerrors_set	1	0x401cd06:rts
0x401cd08	0x401cd1a	_if_ierrors_set	1	0x401cd18:rts
0x401cd1a	0x401cd2c	_if_collisions_set	1	0x401cd2a:rts
0x401cd2c	0x401cd62	sub_401CD2C	1	0x401cd60:rts
0x401cd62	0x401cd70	_iflist_first	1	0x401cd6e:rts
0x401cd70	0x401cd80	_iflist_next	1	0x401cd7e:rts
0x401cd94	0x401cdea	_if_detach	1	0x401cde8:rts
0x401cdea	0x401cee4	_if_attach	1	0x401cee2:rts
0x401cee4	0x401cf4a	_if_registervirtual	1	0x401cf48:rts
0x401cf4a	0x401cfa8	_if_handle_input	1	0x401cfa6:rts
0x401cfa8	0x401d020	_mbuf_read	1	0x401d01e:rts
0x401d020	0x401d0c0	_if_output_mbuf	1	0x401d0be:rts
0x401d0c0	0x401d12a	_netisr_thread_continue	1	0x401d128:rts
0x401d12a	0x401d160	_netisr_thread	1	0x401d15e:rts
0x401d160	0x401d210	_raw_attach	1	0x401d20e:rts
0x401d210	0x401d29a	_raw_detach	1	0x401d298:rts
0x401d29a	0x401d2c0	_raw_disconnect	1	0x401d2be:rts
0x401d2c0	0x401d332	_raw_bind	1	0x401d330:rts
0x401d332	0x401d362	_raw_connaddr	1	0x401d360:rts
0x401d362	0x401d380	_raw_init	1	0x401d37e:rts
0x401d380	0x401d45c	_raw_input	1	0x401d45a:rts
0x401d45c	0x401d5d8	_rawintr	1	0x401d5d6:rts
0x401d5d8	0x401d5e0	_raw_ctlinput	1	0x401d5de:rts
0x401d5e0	0x401d7e8	_raw_usrreq	1	0x401d7e6:rts
0x401d7e8	0x401d90a	_rtalloc	1	0x401d908:rts
0x401d90a	0x401d954	_rtfree	1	0x401d952:rts
0x401d954	0x401daa8	_rtredirect	1	0x401daa6:rts
0x401daa8	0x401daf0	_rtioctl	1	0x401daee:rts
0x401daf0	0x401dd28	_rtrequest	1	0x401dd26:rts
0x401dd28	0x401dd88	_rtinit	1	0x401dd86:rts
0x401dd88	0x401de16	_arptimer	1	0x401de14:rts
0x401de16	0x401df26	_arpwhohas	1	0x401df24:rts
0x401df26	0x401e150	_arpresolve	1	0x401e14e:rts
0x401e150	0x401e1e4	_arpinput	1	0x401e1e2:rts
0x401e1e4	0x401e6c8	_in_arpinput	1	0x401e6c6:rts
0x401e6c8	0x401e70a	_arptfree	1	0x401e708:rts
0x401e70a	0x401e7dc	_arptnew	1	0x401e7da:rts
0x401e7dc	0x401e970	_arpioctl	1	0x401e96e:rts
0x401e970	0x401eb84	_revarpinput	1	0x401eb82:rts
0x401eb84	0x401ebec	_localetheraddr	1	0x401ebea:rts
0x401ebec	0x401ec40	_ether_sprintf	1	0x401ec3e:rts
0x401ec40	0x401ec7c	_inet_hash	1	0x401ec7a:rts
0x401ec7c	0x401ecb2	_inet_netmatch	1	0x401ecb0:rts
0x401ecb2	0x401ed18	_in_makeaddr	1	0x401ed16:rts
0x401ed18	0x401ed92	_in_netof	1	0x401ed90:rts
0x401ed92	0x401ee30	_in_lnaof	1	0x401ee2e:rts
0x401ee30	0x401ee88	_in_localaddr	1	0x401ee86:rts
0x401ee88	0x401eec4	_in_canforward	1	0x401eec2:rts
0x401eec4	0x401f262	_in_control	1	0x401f260:rts
0x401f262	0x401f470	_in_ifinit	1	0x401f46e:rts
0x401f470	0x401f49a	_in_iaonnetof	1	0x401f498:rts
0x401f49a	0x401f4e6	_in_broadcast	1	0x401f4e4:rts
0x401f4e6	0x401f5f0	_inet_ntoa	1	0x401f5ee:rts
0x401f5f0	0x401f70c	_inet_queue	1	0x401f70a:rts
0x401f70c	0x401f810	_in_addmulti	1	0x401f80e:rts
0x401f810	0x401f898	_in_delmulti	1	0x401f896:rts
0x401f898	0x401f8f0	_in_pcballoc	1	0x401f8ee:rts
0x401f8f0	0x401fa2c	_in_pcbbind	1	0x401fa2a:rts
0x401fa2c	0x401fc66	_in_pcbconnect	1	0x401fc64:rts
0x401fc66	0x401fc8e	_in_pcbdisconnect	1	0x401fc8c:rts
0x401fc8e	0x401fcf8	_in_pcbdetach	1	0x401fcf6:rts
0x401fcf8	0x401fd3a	_in_setsockaddr	1	0x401fd38:rts
0x401fd3a	0x401fd7c	_in_setpeeraddr	1	0x401fd7a:rts
0x401fd7c	0x401fe46	_in_pcbnotify	1	0x401fe44:rts
0x401fe46	0x401fe8a	_in_losing	1	0x401fe88:rts
0x401fe8a	0x401feae	_in_rtchange	1	0x401feac:rts
0x401feae	0x401ff48	_in_pcblookup	1	0x401ff46:rts
0x401ff48	0x40200fe	_icmp_error	1	0x40200fc:rts
0x40200fe	0x4020590	_icmp_input	1	0x402058e:rts
0x4020590	0x4020644	_icmp_reflect	1	0x4020642:rts
0x4020644	0x402066e	_ifptoia	1	0x402066c:rts
0x402066e	0x40206f0	_icmp_send	1	0x40206ee:rts
0x40206f0	0x402075c	_iptime	1	0x402075a:rts
0x402075c	0x4020922	_icmp_sendMaskPacket	1	0x4020920:rts
0x4020922	0x4020a00	_ip_init	1	0x40209fe:rts
0x4020a00	0x4020e4e	_ipintr	1	0x4020e4c:rts
0x4020e4e	0x402109c	_ip_reass	1	0x402109a:rts
0x402109c	0x40210f8	_ip_freef	1	0x40210f6:rts
0x40210f8	0x4021124	_ip_enq	1	0x4021122:rts
0x4021124	0x4021144	_ip_deq	1	0x4021142:rts
0x4021144	0x40211a6	_ip_slowtimo	1	0x40211a4:rts
0x40211a6	0x40211dc	_ip_drain	1	0x40211da:rts
0x40211dc	0x40214b8	_ip_dooptions	1	0x40214b6:rts
0x40214b8	0x4021550	_ip_rtaddr	1	0x402154e:rts
0x4021550	0x40215b6	_save_rte	1	0x40215b4:rts
0x40215b6	0x4021646	_ip_srcroute	1	0x4021644:rts
0x4021646	0x40216c8	_ip_stripoptions	1	0x40216c6:rts
0x40216c8	0x4021a7a	_ip_forward	1	0x4021a78:rts
0x4021a7a	0x4021fa8	_ip_output	1	0x4021fa6:rts
0x4021fa8	0x40220d4	_ip_insertoptions	1	0x40220d2:rts
0x40220d4	0x402215c	_ip_optcopy	1	0x402215a:rts
0x402215c	0x402226e	_ip_ctloutput	1	0x402226c:rts
0x402226e	0x4022392	_ip_pcbopts	1	0x4022390:rts
0x4022392	0x40226d2	_ip_setmoptions	1	0x40226d0:rts
0x40226d2	0x402279c	_ip_getmoptions	1	0x402279a:rts
0x402279c	0x40227e4	_ip_freemoptions	1	0x40227e2:rts
0x40227e4	0x4022844	_ip_mloopback	1	0x4022842:rts
0x4022844	0x4022896	_rip_input	1	0x4022894:rts
0x4022896	0x40229c0	_rip_output	1	0x40229be:rts
0x40229c0	0x4022adc	_rip_ctloutput	1	0x4022ada:rts
0x4022adc	0x4022bae	_tcp_trace	1	0x4022bac:rts
0x4022bae	0x4022d6c	_tcp_reass	1	0x4022d6a:rts
0x4022d6c	0x4023d6c	_tcp_input	1	0x4023d6a:rts
0x4023d6c	0x4023dfc	_tcp_dooptions	1	0x4023dfa:rts
0x4023dfc	0x4023e7c	_tcp_pulloutofband	1	0x4023e7a:rts
0x4023e7c	0x4023f24	_tcp_xmit_timer	1	0x4023f22:rts
0x4023f24	0x4024044	_tcp_mss	1	0x4024042:rts
0x4024044	0x40245ea	_tcp_output	1	0x40245e8:rts
0x40245ea	0x402466a	_tcp_setpersist	1	0x4024668:rts
0x402466a	0x4024688	_tcp_init	1	0x4024686:rts
0x4024688	0x402471a	_tcp_template	1	0x4024718:rts
0x402471a	0x4024858	_tcp_respond	1	0x4024856:rts
0x4024858	0x40248d6	_tcp_newtcpcb	1	0x40248d4:rts
0x40248d6	0x4024936	_tcp_drop	1	0x4024934:rts
0x4024936	0x40249d2	_tcp_close	1	0x40249d0:rts
0x40249d2	0x40249da	_tcp_drain	1	0x40249d8:rts
0x40249da	0x4024a54	_tcp_notify	1	0x4024a52:rts
0x4024a54	0x4024ada	_tcp_ctlinput	1	0x4024ad8:rts
0x4024ada	0x4024af4	_tcp_quench	1	0x4024af2:rts
0x4024af4	0x4024b5e	_tcp_fasttimo	1	0x4024b5c:rts
0x4024b5e	0x4024c10	_tcp_slowtimo	1	0x4024c0e:rts
0x4024c10	0x4024c2c	_tcp_canceltimers	1	0x4024c2a:rts
0x4024c2c	0x4024e2a	_tcp_timers	1	0x4024e28:rts
0x4024e2a	0x4025208	_tcp_usrreq	1	0x4025206:rts
0x4025208	0x40252e6	_tcp_ctloutput	1	0x40252e4:rts
0x40252e6	0x4025376	_tcp_attach	1	0x4025374:rts
0x4025376	0x40253f2	_tcp_disconnect	1	0x40253f0:rts
0x40253f2	0x402546e	_tcp_usrclosed	1	0x402546c:rts
0x402546e	0x4025484	_udp_init	1	0x4025482:rts
0x4025484	0x40257bc	_udp_input	1	0x40257ba:rts
0x40257bc	0x40257f2	_udp_notify	1	0x40257f0:rts
0x40257f2	0x4025874	_udp_ctlinput	1	0x4025872:rts
0x4025874	0x40259b8	_udp_output	1	0x40259b6:rts
0x40259b8	0x4025be0	_udp_usrreq	1	0x4025bde:rts
0x4025be0	0x4025bf2	_igmp_init	1	0x4025bf0:rts
0x4025bf2	0x4025e86	_igmp_input	1	0x4025e84:rts
0x4025e86	0x4025f0e	_igmp_joingroup	1	0x4025f0c:rts
0x4025f0e	0x4025f16	_igmp_leavegroup	1	0x4025f14:rts
0x4025f16	0x4025f4c	sub_4025F16	1	0x4025f4a:rts
0x4025f4c	0x4025f6a	sub_4025F4C	1	0x4025f68:rts
0x4025f6a	0x4025fe2	_igmp_fasttimo	1	0x4025fe0:rts
0x4025fe2	0x402616c	_igmp_sendreport	1	0x402616a:rts
0x402616c	0x4026176	_ip_mrouter_cmd	1	0x4026174:rts
0x4026176	0x4026180	_ip_mrouter_done	1	0x402617e:rts
0x4026180	0x402618a	_ip_mforward	1	0x4026188:rts
0x402618a	0x40261a8	_nfs_validate_caches	1	0x40261a6:rts
0x40261a8	0x40261e2	_nfs_invalidate_caches	1	0x40261e0:rts
0x40261e2	0x4026220	_nfs_purge_caches	1	0x402621e:rts
0x4026220	0x4026266	_nfs_cache_check	1	0x4026264:rts
0x4026266	0x40262ac	_nfs_attrcache	1	0x40262aa:rts
0x40262ac	0x4026304	_nfs_attrcache_va	1	0x4026302:rts
0x4026304	0x402637e	sub_4026304	1	0x402637c:rts
0x402637e	0x402640a	sub_402637E	1	0x4026408:rts
0x402640a	0x40264b8	_nfs_getattr_otw	1	0x40264b6:rts
0x40264b8	0x402652a	_nfsgetattr	1	0x4026528:rts
0x402652a	0x4026652	_nattr_to_vattr	1	0x4026650:rts
0x4026652	0x4026660	_nfstsize	1	0x402665e:rts
0x4026660	0x4026734	_vattr_to_nattr	1	0x4026732:rts
0x4026734	0x4026962	_exportfs	1	0x4026960:rts
0x4026962	0x40269e4	_unexport	1	0x40269e2:rts
0x40269e4	0x4026b64	_nfs_getfh	1	0x4026b62:rts
0x4026b64	0x4026c44	_findexivp	1	0x4026c42:rts
0x4026c44	0x4026d26	_makefh	1	0x4026d24:rts
0x4026d26	0x4026d94	_findexport	1	0x4026d92:rts
0x4026d94	0x4026dfa	_loadaddrs	1	0x4026df8:rts
0x4026dfa	0x4026e70	_exportfree	1	0x4026e6e:rts
0x4026e70	0x4026fb6	_nfs_svc	1	0x4026fb4:rts
0x40277c0	0x40277f2	sub_40277C0	1	0x40277f0:rts
0x4028224	0x40282c0	sub_4028224	1	0x40282be:rts
0x40282c0	0x40282d8	sub_40282C0	1	0x40282d6:rts
0x4028544	0x4028598	sub_4028544	1	0x4028596:rts
0x4028598	0x40285e0	sub_4028598	1	0x40285de:rts
0x40285e0	0x402860e	sub_40285E0	1	0x402860c:rts
0x402860e	0x4028652	sub_402860E	1	0x4028650:rts
0x4028652	0x402872e	sub_4028652	1	0x402872c:rts
0x402872e	0x40287c4	sub_402872E	1	0x40287c2:rts
0x40287c4	0x4028828	sub_40287C4	1	0x4028826:rts
0x4028828	0x40289ce	sub_4028828	1	0x40289cc:rts
0x40289ce	0x4028a8c	_nfs_netboot_prealloc	1	0x4028a8a:rts
0x4028a8c	0x4028aec	sub_4028A8C	1	0x4028aea:rts
0x4028aec	0x4028df6	_rfscall	1	0x4028df4:rts
0x4028df6	0x4028e70	_vattr_to_sattr	1	0x4028e6e:rts
0x4028e70	0x4028ea8	_setdiropargs	1	0x4028ea6:rts
0x4028ea8	0x4028ee6	_setdirgid	1	0x4028ee4:rts
0x4028ee6	0x4028f0a	_setdirmode	1	0x4028f08:rts
0x4028f0a	0x4028f7e	_rnode_cache_clear	1	0x4028f7c:rts
0x4028f7e	0x4029110	_makenfsnode	1	0x402910e:rts
0x4029110	0x40291f6	sub_4029110	1	0x40291f4:rts
0x40291f6	0x402930e	_rp_rmhash	1	0x402930c:rts
0x402930e	0x402935a	sub_402930E	1	0x4029358:rts
0x402935a	0x402939e	sub_402935A	1	0x402939c:rts
0x402939e	0x40293c2	_rinactive	1	0x40293c0:rts
0x40293c2	0x40293f4	_rfree	1	0x40293f2:rts
0x40293f4	0x40294e6	sub_40293F4	1	0x40294e4:rts
0x40294e6	0x402956a	_rinval	1	0x4029568:rts
0x402956a	0x40295ce	_rflush	1	0x40295cc:rts
0x40295ce	0x402964c	_newname	1	0x402964a:rts
0x402964c	0x402969e	_rlock	1	0x402969c:rts
0x402969e	0x40296f8	_runlock	1	0x40296f6:rts
0x40296f8	0x4029716	sub_40296F8	1	0x4029714:rts
0x4029716	0x40297da	_rlock_timeout	1	0x40297d8:rts
0x40297da	0x4029c74	sub_40297DA	1	0x4029c72:rts
0x4029c74	0x4029d46	sub_4029C74	1	0x4029d44:rts
0x4029d46	0x4029ff0	sub_4029D46	1	0x4029fee:rts
0x4029ff0	0x402a078	sub_4029FF0	1	0x402a076:rts
0x402a078	0x402a1e8	sub_402A078	1	0x402a1e6:rts
0x402a1e8	0x402a2c6	sub_402A1E8	1	0x402a2c4:rts
0x402a2c6	0x402a56c	sub_402A2C6	1	0x402a56a:rts
0x402a56c	0x402a788	sub_402A56C	1	0x402a786:rts
0x402a788	0x402a826	sub_402A788	1	0x402a824:rts
0x402a920	0x402a930	_nfs_badop	0	
0x402a934	0x402a990	sub_402A934	1	0x402a98e:rts
0x402a990	0x402a9f6	sub_402A990	1	0x402a9f4:rts
0x402abc8	0x402aeec	sub_402ABC8	1	0x402aeea:rts
0x402aeec	0x402b03a	_nfswrite	1	0x402b038:rts
0x402b03a	0x402b07a	sub_402B03A	1	0x402b078:rts
0x402b07a	0x402b1aa	sub_402B07A	1	0x402b1a8:rts
0x402b1be	0x402b1f2	sub_402B1BE	1	0x402b1f0:rts
0x402b1f2	0x402b388	sub_402B1F2	1	0x402b386:rts
0x402b5f2	0x402b772	sub_402B5F2	1	0x402b770:rts
0x402bc9e	0x402bddc	sub_402BC9E	1	0x402bdda:rts
0x402c268	0x402c364	_async_daemon	1	0x402c362:rts
0x402c364	0x402c49e	sub_402C364	1	0x402c49c:rts
0x402c4d2	0x402c502	_sync_vp	1	0x402c500:rts
0x402c502	0x402c536	_sync_vp_invalidate	1	0x402c534:rts
0x402c536	0x402c59c	sub_402C536	1	0x402c59a:rts
0x402cc8c	0x402ccb0	_xdr_fhandle	1	0x402ccae:rts
0x402ccb0	0x402cd4e	_xdr_writeargs	1	0x402cd4c:rts
0x402cd4e	0x402cf0e	sub_402CD4E	1	0x402cf0c:rts
0x402cf0e	0x402cf6c	_xdr_readargs	1	0x402cf6a:rts
0x402d04e	0x402d068	sub_402D04E	1	0x402d066:rts
0x402d182	0x402d1b4	_xdr_rdresult	1	0x402d1b2:rts
0x402d1b4	0x402d230	sub_402D1B4	1	0x402d22e:rts
0x402d230	0x402d262	_xdr_attrstat	1	0x402d260:rts
0x402d28c	0x402d2be	_xdr_rdlnres	1	0x402d2bc:rts
0x402d2be	0x402d30e	_xdr_rddirargs	1	0x402d30c:rts
0x402d30e	0x402d458	_xdr_putrddirres	1	0x402d456:rts
0x402d458	0x402d56a	_xdr_getrddirres	1	0x402d568:rts
0x402d56a	0x402d5b0	_xdr_diropargs	1	0x402d5ae:rts
0x402d5f2	0x402d624	_xdr_diropres	1	0x402d622:rts
0x402d624	0x402d662	sub_402D624	1	0x402d660:rts
0x402d662	0x402d6a4	_xdr_saargs	1	0x402d6a2:rts
0x402d6a4	0x402d6e6	_xdr_creatargs	1	0x402d6e4:rts
0x402d6e6	0x402d728	_xdr_linkargs	1	0x402d726:rts
0x402d728	0x402d766	_xdr_rnmargs	1	0x402d764:rts
0x402d766	0x402d7c0	_xdr_slargs	1	0x402d7be:rts
0x402d828	0x402d85a	_xdr_statfs	1	0x402d858:rts
0x402d85a	0x402d8a6	_authkern_create	1	0x402d8a4:rts
0x402d8a6	0x402d8ae	_authkern_nextverf	1	0x402d8ac:rts
0x402d8ae	0x402da3a	_authkern_marshal	1	0x402da38:rts
0x402da3a	0x402da44	_authkern_validate	1	0x402da42:rts
0x402da44	0x402da4e	_authkern_refresh	1	0x402da4c:rts
0x402da4e	0x402da64	_authkern_destroy	1	0x402da62:rts
0x402da64	0x402daec	_xdr_authunix_parms	1	0x402daea:rts
0x402daec	0x402dbd2	_xdr_authkern	1	0x402dbd0:rts
0x402dbd2	0x402dbf2	_clntkudp_once	1	0x402dbf0:rts
0x402dbf2	0x402dc16	_clntkudp_interruptable	1	0x402dc14:rts
0x402dc16	0x402dc58	_clntkudp_realloc	1	0x402dc56:rts
0x402dc58	0x402dc60	sub_402DC58	1	0x402dc5e:rts
0x402dc60	0x402dc8a	sub_402DC60	1	0x402dc88:rts
0x402dc8a	0x402de2a	_clntkudp_create	1	0x402de28:rts
0x402de2a	0x402de68	_clntkudp_init	1	0x402de66:rts
0x402de68	0x402de90	_clntkudp_freecred	1	0x402de8e:rts
0x402de90	0x402e46c	_clntkudp_callit_addr	1	0x402e46a:rts
0x402e46c	0x402e49c	_clntkudp_callit	1	0x402e49a:rts
0x402e49c	0x402e4ba	_ckuwakeup	1	0x402e4b8:rts
0x402e4ba	0x402e4da	_clntkudp_error	1	0x402e4d8:rts
0x402e4da	0x402e4fe	_clntkudp_freeres	1	0x402e4fc:rts
0x402e4fe	0x402e506	_clntkudp_abort	1	0x402e504:rts
0x402e506	0x402e510	_clntkudp_control	1	0x402e50e:rts
0x402e510	0x402e54e	_clntkudp_destroy	1	0x402e54c:rts
0x402e54e	0x402e612	sub_402E54E	1	0x402e610:rts
0x402e612	0x402e652	_clnt_sperrno	1	0x402e650:rts
0x402e652	0x402e750	_pmap_kgetport	1	0x402e74e:rts
0x402e750	0x402e804	_getport_loop	1	0x402e802:rts
0x402e804	0x402e858	_xdr_pmap	1	0x402e856:rts
0x402e858	0x402e92c	_xdr_rmtcall_args	1	0x402e92a:rts
0x402e92c	0x402e990	_xdr_rmtcallres	1	0x402e98e:rts
0x402e990	0x402ec64	_xdr_callmsg	1	0x402ec62:rts
0x402ec64	0x402eca8	_xdr_opaque_auth	1	0x402eca6:rts
0x402eca8	0x402ecc2	_xdr_des_block	1	0x402ecc0:rts
0x402ecc2	0x402ed3e	_xdr_accepted_reply	1	0x402ed3c:rts
0x402ed3e	0x402ed9c	_xdr_rejected_reply	1	0x402ed9a:rts
0x402ed9c	0x402f016	_xdr_replymsg	1	0x402f014:rts
0x402f016	0x402f08a	_xdr_callhdr	1	0x402f088:rts
0x402f08a	0x402f0f2	sub_402F08A	1	0x402f0f0:rts
0x402f0f2	0x402f126	sub_402F0F2	1	0x402f124:rts
0x402f126	0x402f1ba	__seterr_reply	1	0x402f1b8:rts
0x402f1ba	0x402f2a0	_ku_recvfrom	1	0x402f29e:rts
0x402f2a0	0x402f378	_ku_sendto_mbuf	1	0x402f376:rts
0x402f378	0x402f380	_xprt_register	1	0x402f37e:rts
0x402f380	0x402f3e6	_svc_register	1	0x402f3e4:rts
0x402f3e6	0x402f42a	_svc_unregister	1	0x402f428:rts
0x402f42a	0x402f468	sub_402F42A	1	0x402f466:rts
0x402f468	0x402f4b0	_svc_sendreply	1	0x402f4ae:rts
0x402f4b0	0x402f4ee	_svcerr_noproc	1	0x402f4ec:rts
0x402f4ee	0x402f52c	_svcerr_decode	1	0x402f52a:rts
0x402f52c	0x402f55c	_svcerr_auth	1	0x402f55a:rts
0x402f55c	0x402f572	_svcerr_weakauth	1	0x402f570:rts
0x402f572	0x402f5ae	_svcerr_noprog	1	0x402f5ac:rts
0x402f5ae	0x402f5f8	_svcerr_progvers	1	0x402f5f6:rts
0x402f5f8	0x402f75c	_svc_getreq	1	0x402f75a:rts
0x402f75c	0x402f79e	_svc_run	0	
0x402f7a0	0x402f7fa	__authenticate	1	0x402f7f8:rts
0x402f7fa	0x402f804	__svcauth_null	1	0x402f802:rts
0x402f804	0x402f940	__svcauth_unix	1	0x402f93e:rts
0x402f940	0x402f94a	__svcauth_short	1	0x402f948:rts
0x402f94a	0x402f9b8	_svckudp_create	1	0x402f9b6:rts
0x402f9b8	0x402fa04	_svckudp_destroy	1	0x402fa02:rts
0x402fa04	0x402faaa	_svckudp_recv	1	0x402faa8:rts
0x402faaa	0x402fad2	sub_402FAAA	1	0x402fad0:rts
0x402fad2	0x402fbd0	_svckudp_send	1	0x402fbce:rts
0x402fbd0	0x402fbda	_svckudp_stat	1	0x402fbd8:rts
0x402fbda	0x402fbf8	_svckudp_getargs	1	0x402fbf6:rts
0x402fbf8	0x402fc44	_svckudp_freeargs	1	0x402fc42:rts
0x402fc44	0x402fcfa	_svckudp_dupsave	1	0x402fcf8:rts
0x402fcfa	0x402fd84	_svckudp_dup	1	0x402fd82:rts
0x402fd84	0x402fdd6	sub_402FD84	1	0x402fdd4:rts
0x402fdd6	0x402fde0	_xdr_void	1	0x402fdde:rts
0x402fde0	0x402fdf6	_xdr_int	1	0x402fdf4:rts
0x402fdf6	0x402fe0c	_xdr_u_int	1	0x402fe0a:rts
0x402fe0c	0x402fe62	_xdr_long	1	0x402fe60:rts
0x402fe62	0x402feba	_xdr_u_long	1	0x402feb8:rts
0x402feba	0x402ff16	_xdr_short	1	0x402ff14:rts
0x402ff16	0x402ff8c	_xdr_u_short	1	0x402ff8a:rts
0x402ff8c	0x402ffc2	_xdr_char	1	0x402ffc0:rts
0x402ffc2	0x4030042	_xdr_bool	1	0x4030040:rts
0x4030042	0x4030058	_xdr_enum	1	0x4030056:rts
0x4030058	0x403011e	_xdr_opaque	1	0x403011c:rts
0x403011e	0x40301c6	_xdr_bytes	1	0x40301c4:rts
0x40301c6	0x40301e6	_xdr_netobj	1	0x40301e4:rts
0x40301e6	0x4030262	_xdr_union	1	0x4030260:rts
0x4030262	0x403032a	_xdr_string	1	0x4030328:rts
0x403032a	0x40303fc	_xdr_array	1	0x40303fa:rts
0x40303fc	0x4030432	_xdrmbuf_init	1	0x4030430:rts
0x4030432	0x403043a	_xdrmbuf_destroy	1	0x4030438:rts
0x403043a	0x40304a8	_xdrmbuf_getlong	1	0x40304a6:rts
0x40304a8	0x4030516	_xdrmbuf_putlong	1	0x4030514:rts
0x4030516	0x40305a2	_xdrmbuf_getbytes	1	0x40305a0:rts
0x40305a2	0x4030610	_xdrmbuf_getmbuf	1	0x403060e:rts
0x4030610	0x403069c	_xdrmbuf_putbytes	1	0x403069a:rts
0x403069c	0x403071c	_xdrmbuf_putbuf	1	0x403071a:rts
0x403071c	0x4030736	_xdrmbuf_getpos	1	0x4030734:rts
0x4030736	0x403076c	_xdrmbuf_setpos	1	0x403076a:rts
0x403076c	0x4030796	_xdrmbuf_inline	1	0x4030794:rts
0x4030796	0x40307c0	_xdrmem_create	1	0x40307be:rts
0x403091e	0x4030994	_xdr_reference	1	0x4030992:rts
0x4030994	0x40309b8	_xdr_bp_machine_name_t	1	0x40309b6:rts
0x40309b8	0x40309dc	_xdr_bp_path_t	1	0x40309da:rts
0x40309dc	0x4030a00	_xdr_bp_fileid_t	1	0x40309fe:rts
0x4030a00	0x4030a5e	_xdr_ip_addr_t	1	0x4030a5c:rts
0x4030a5e	0x4030a8c	_xdr_bp_address	1	0x4030a8a:rts
0x4030a8c	0x4030aac	_xdr_bp_whoami_arg	1	0x4030aaa:rts
0x4030aac	0x4030b00	_xdr_bp_whoami_res	1	0x4030afe:rts
0x4030b00	0x4030b46	_xdr_bp_getfile_arg	1	0x4030b44:rts
0x4030b46	0x4030b9e	_xdr_bp_getfile_res	1	0x4030b9c:rts
0x4030b9e	0x4030be4	_xdr_fhstatus	1	0x4030be2:rts
0x4030cec	0x4030e1e	sub_4030CEC	1	0x4030e1c:rts
0x40314a2	0x403154c	sub_40314A2	1	0x403154a:rts
0x403154c	0x40315ce	_fifosp	1	0x40315cc:rts
0x40315ce	0x403163c	sub_40315CE	1	0x403163a:rts
0x403164a	0x4031664	_bdevvp	1	0x4031662:rts
0x4031664	0x40316ce	_set_blocksize	1	0x40316cc:rts
0x40316ce	0x4031814	_specvp	1	0x4031812:rts
0x4031814	0x40318ce	_makespecvp	1	0x40318cc:rts
0x40318ce	0x4031914	sub_40318CE	1	0x4031912:rts
0x4031914	0x403197c	_sunsave	1	0x403197a:rts
0x403197c	0x40319d2	_stillopen	1	0x40319d0:rts
0x40319d2	0x4031a2a	_isclosing	1	0x4031a28:rts
0x4031a2a	0x4031a88	_other_specvp	1	0x4031a86:rts
0x4031a88	0x4031ade	_slookup	1	0x4031adc:rts
0x4031ade	0x4031b6c	sub_4031ADE	1	0x4031b6a:rts
0x4031b6c	0x4031bd6	_smark	1	0x4031bd4:rts
0x4031bd6	0x4031be6	_spec_badop	0	
0x403235c	0x40323fc	_spec_setattr	1	0x40323fa:rts
0x40323fc	0x403242c	_spec_access	1	0x403242a:rts
0x403242c	0x4032460	_spec_link	1	0x403245e:rts
0x4032474	0x403258e	_spec_fsync	1	0x403258c:rts
0x40325d0	0x40325da	_spec_lockctl	1	0x40325d8:rts
0x40325da	0x4032606	_spec_fid	1	0x4032604:rts
0x403261c	0x4032678	_spec_realvp	1	0x4032676:rts
0x40326ac	0x403272a	_logswap	1	0x4032728:rts
0x403272a	0x4032752	sub_403272A	1	0x4032750:rts
0x4032752	0x40327f0	sub_4032752	1	0x40327ee:rts
0x40327f0	0x4032872	sub_40327F0	1	0x4032870:rts
0x4032872	0x40329fe	sub_4032872	1	0x40329fc:rts
0x40329fe	0x4032a72	_compress_data	1	0x4032a70:rts
0x4032a72	0x4032aca	_uncompress_data	1	0x4032ac8:rts
0x4032aca	0x4032b16	sub_4032ACA	1	0x4032b14:rts
0x4032b16	0x4032b4c	sub_4032B16	1	0x4032b4a:rts
0x4032b4c	0x4032b84	sub_4032B4C	1	0x4032b82:rts
0x4032b84	0x4032bc2	sub_4032B84	1	0x4032bc0:rts
0x4032bc2	0x4032c82	sub_4032BC2	1	0x4032c80:rts
0x4032c82	0x4032d70	sub_4032C82	1	0x4032d6e:rts
0x4032f00	0x4032fe6	sub_4032F00	1	0x4032fe4:rts
0x4033286	0x40332a4	sub_4033286	1	0x40332a2:rts
0x40335f0	0x4033736	_alloc	1	0x4033734:rts
0x4033736	0x40337ea	_fsfull	1	0x40337e8:rts
0x40337ea	0x403387e	_fssleep	1	0x403387c:rts
0x403387e	0x4033916	_fspause	1	0x4033914:rts
0x4033916	0x4033c5c	_realloccg	1	0x4033c5a:rts
0x4033c5c	0x4033d60	_ialloc	1	0x4033d5e:rts
0x4033d60	0x4033dca	_dirpref	1	0x4033dc8:rts
0x4033dca	0x4033f2c	_blkpref	1	0x4033f2a:rts
0x4033f2c	0x4033fc8	_hashalloc	1	0x4033fc6:rts
0x4033fc8	0x40341a6	_fragextend	1	0x40341a4:rts
0x40341a6	0x40343de	_alloccg	1	0x40343dc:rts
0x40343de	0x4034634	_alloccgblk	1	0x4034632:rts
0x4034634	0x4034882	_ialloccg	1	0x4034880:rts
0x4034882	0x4034c66	_free_block	1	0x4034c64:rts
0x4034c66	0x4034e16	_ifree	1	0x4034e14:rts
0x4034e16	0x4034fcc	_mapsearch	1	0x4034fca:rts
0x4034fcc	0x4034ff4	_fserr	1	0x4034ff2:rts
0x4034ff4	0x40354be	_bmap	1	0x40354bc:rts
0x40354be	0x40357e4	_dirlook	1	0x40357e2:rts
0x40357e4	0x4035ba6	_direnter	1	0x4035ba4:rts
0x4035ba6	0x4035dae	sub_4035BA6	1	0x4035dac:rts
0x4035dae	0x4035f40	sub_4035DAE	1	0x4035f3e:rts
0x4035f40	0x40361ac	sub_4035F40	1	0x40361aa:rts
0x40361ac	0x403627c	_diraddentry	1	0x403627a:rts
0x403627c	0x403643a	sub_403627C	1	0x4036438:rts
0x403643a	0x40365ba	sub_403643A	1	0x40365b8:rts
0x40365ba	0x40366c4	sub_40365BA	1	0x40366c2:rts
0x40366c4	0x4036942	_dirremove	1	0x4036940:rts
0x4036942	0x4036a22	_blkatoff	1	0x4036a20:rts
0x4036a22	0x4036aac	sub_4036A22	1	0x4036aaa:rts
0x4036aac	0x4036ada	sub_4036AAC	1	0x4036ad8:rts
0x4036ada	0x4036ae4	sub_4036ADA	1	0x4036ae2:rts
0x4036ae4	0x4036b74	sub_4036AE4	1	0x4036b72:rts
0x4036b74	0x4036d3e	sub_4036B74	1	0x4036d3c:rts
0x4036d3e	0x4036d9e	sub_4036D3E	1	0x4036d9c:rts
0x4036d9e	0x4036e20	sub_4036D9E	1	0x4036e1e:rts
0x4036e20	0x4036e8c	sub_4036E20	1	0x4036e8a:rts
0x4036e8c	0x4036f4a	sub_4036E8C	1	0x4036f48:rts
0x4036f4a	0x4036f96	sub_4036F4A	1	0x4036f94:rts
0x4036f96	0x4037142	sub_4036F96	1	0x4037140:rts
0x4037142	0x4037194	_disksort_enter	1	0x4037192:rts
0x4037194	0x40371de	_disksort_enter_head	1	0x40371dc:rts
0x40371de	0x4037226	_disksort_enter_tail	1	0x4037224:rts
0x4037226	0x403727c	_disksort_first	1	0x403727a:rts
0x403727c	0x4037382	_disksort_remove	1	0x4037380:rts
0x4037382	0x40373b8	_disksort_init	1	0x40373b6:rts
0x40373b8	0x40373e4	_disksort_free	1	0x40373e2:rts
0x40373e4	0x403745e	_new_inode	1	0x403745c:rts
0x403745e	0x4037530	_inode_cache_clear	1	0x403752e:rts
0x4037530	0x4037588	_ihinit	1	0x4037586:rts
0x4037588	0x403790a	_iget	1	0x4037908:rts
0x403790a	0x40379c4	_iput	1	0x40379c2:rts
0x40379c4	0x4037a52	_irele	1	0x4037a50:rts
0x4037a52	0x4037aea	_idrop	1	0x4037ae8:rts
0x4037aea	0x4037c0c	_iinactive	1	0x4037c0a:rts
0x4037c0c	0x4037d54	_iupdat	1	0x4037d52:rts
0x4037d54	0x40382be	_itrunc	1	0x40382bc:rts
0x40382be	0x403843e	_indirtrunc	1	0x403843c:rts
0x403843e	0x40384b8	_iflush	1	0x40384b6:rts
0x40384b8	0x40384f2	_ilock	1	0x40384f0:rts
0x40384f2	0x4038522	_iunlock	1	0x4038520:rts
0x4038522	0x40385e4	_iaccess	1	0x40385e2:rts
0x40385e4	0x40386c0	_lf_lockctl	1	0x40386be:rts
0x40386c0	0x4038728	sub_40386C0	1	0x4038726:rts
0x4038728	0x403878c	sub_4038728	1	0x403878a:rts
0x403878c	0x4038a24	sub_403878C	1	0x4038a22:rts
0x4038a24	0x4038b30	sub_4038A24	1	0x4038b2e:rts
0x4038b30	0x4038b8c	sub_4038B30	1	0x4038b8a:rts
0x4038b8c	0x4038bec	sub_4038B8C	1	0x4038bea:rts
0x4038bec	0x4038d12	sub_4038BEC	1	0x4038d10:rts
0x4038d12	0x4038d40	sub_4038D12	1	0x4038d3e:rts
0x4038d40	0x4038d6c	sub_4038D40	1	0x4038d6a:rts
0x4038d6c	0x4038e00	sub_4038D6C	1	0x4038dfe:rts
0x4038e00	0x4038e3a	sub_4038E00	1	0x4038e38:rts
0x4038e3a	0x4038e5a	sub_4038E3A	1	0x4038e58:rts
0x4038e5a	0x4038fae	_update	1	0x4038fac:rts
0x4038fae	0x4039100	_syncip	1	0x40390fe:rts
0x4039100	0x403919e	_fragacct	1	0x403919c:rts
0x403919e	0x40391dc	_badblock	1	0x40391da:rts
0x40391dc	0x4039270	_isblock	1	0x403926e:rts
0x4039270	0x40392fa	_clrblock	1	0x40392f8:rts
0x40392fa	0x4039382	_setblock	1	0x4039380:rts
0x4039382	0x40393e8	_getmp	1	0x40393e6:rts
0x40393e8	0x40394d0	_bufstats	1	0x40394ce:rts
0x40394d0	0x403951c	_scanc	1	0x403951a:rts
0x403951c	0x4039542	_skpc	1	0x4039540:rts
0x4039542	0x4039568	_locc	1	0x4039566:rts
0x40396d2	0x4039bc6	sub_40396D2	1	0x4039bc4:rts
0x4039bda	0x4039ce4	sub_4039BDA	1	0x4039ce2:rts
0x4039e24	0x4039f30	_sbupdate	1	0x4039f2e:rts
0x4039f30	0x4039fae	sub_4039F30	1	0x4039fac:rts
0x403a0f2	0x403a216	sub_403A0F2	1	0x403a214:rts
0x403a216	0x403a62c	sub_403A216	1	0x403a62a:rts
0x403a9fe	0x403aa8a	sub_403A9FE	1	0x403aa88:rts
0x403b6a2	0x403b714	_rdwri	1	0x403b712:rts
0x403bfda	0x403bff6	_ufs_nlinks	1	0x403bff4:rts
0x403bff6	0x403c04a	_ipc_entry_tree_collision	1	0x403c048:rts
0x403c04a	0x403c0b6	_ipc_entry_lookup	1	0x403c0b4:rts
0x403c0b6	0x403c10c	_ipc_entry_get	1	0x403c10a:rts
0x403c10c	0x403c15a	_ipc_entry_alloc	1	0x403c158:rts
0x403c15a	0x403c314	_ipc_entry_alloc_name	1	0x403c312:rts
0x403c314	0x403c4a0	_ipc_entry_dealloc	1	0x403c49e:rts
0x403c4a0	0x403c7e4	_ipc_entry_grow_table	1	0x403c7e2:rts
0x403c7e4	0x403c83a	_ipc_hash_lookup	1	0x403c838:rts
0x403c83a	0x403c892	_ipc_hash_insert	1	0x403c890:rts
0x403c892	0x403c8ea	_ipc_hash_delete	1	0x403c8e8:rts
0x403c8ea	0x403c96a	_ipc_hash_global_lookup	1	0x403c968:rts
0x403c96a	0x403c9a0	_ipc_hash_global_insert	1	0x403c99e:rts
0x403c9a0	0x403c9ec	_ipc_hash_global_delete	1	0x403c9ea:rts
0x403c9ec	0x403ca50	_ipc_hash_local_lookup	1	0x403ca4e:rts
0x403ca50	0x403ca92	_ipc_hash_local_insert	1	0x403ca90:rts
0x403ca92	0x403cb1c	_ipc_hash_local_delete	1	0x403cb1a:rts
0x403cb1c	0x403cbb6	_ipc_hash_init	1	0x403cbb4:rts
0x403cbb6	0x403cc0c	_ipc_hash_info	1	0x403cc0a:rts
0x403cc0c	0x403cd3c	_ipc_bootstrap	1	0x403cd3a:rts
0x403cd3c	0x403cda2	_ipc_init	1	0x403cda0:rts
0x403cda2	0x403cdd8	_ipc_kmsg_enqueue	1	0x403cdd6:rts
0x403cdd8	0x403ce0e	_ipc_kmsg_dequeue	1	0x403ce0c:rts
0x403ce0e	0x403ce44	_ipc_kmsg_rmqueue	1	0x403ce42:rts
0x403ce44	0x403ce5c	_ipc_kmsg_queue_next	1	0x403ce5a:rts
0x403ce5c	0x403cece	_ipc_kmsg_destroy	1	0x403cecc:rts
0x403cece	0x403cfea	_ipc_kmsg_clean_body	1	0x403cfe8:rts
0x403cfea	0x403d066	_ipc_kmsg_clean	1	0x403d064:rts
0x403d066	0x403d176	_ipc_kmsg_clean_partial	1	0x403d174:rts
0x403d176	0x403d1a8	_ipc_kmsg_free	1	0x403d1a6:rts
0x403d1a8	0x403d286	_ipc_kmsg_get	1	0x403d284:rts
0x403d286	0x403d2ea	_ipc_kmsg_get_from_kernel	1	0x403d2e8:rts
0x403d2ea	0x403d35c	_ipc_kmsg_put	1	0x403d35a:rts
0x403d35c	0x403d39e	_ipc_kmsg_put_to_kernel	1	0x403d39c:rts
0x403d39e	0x403d9d2	_ipc_kmsg_copyin_header	1	0x403d9d0:rts
0x403d9d2	0x403dcba	_ipc_kmsg_copyin	1	0x403dcb8:rts
0x403dcba	0x403de48	_ipc_kmsg_copyin_from_kernel	1	0x403de46:rts
0x403de48	0x403e25c	_ipc_kmsg_copyout_header	1	0x403e25a:rts
0x403e25c	0x403e316	_ipc_kmsg_copyout_object	1	0x403e314:rts
0x403e316	0x403e4ce	_ipc_kmsg_copyout_body	1	0x403e4cc:rts
0x403e4ce	0x403e52c	_ipc_kmsg_copyout	1	0x403e52a:rts
0x403e52c	0x403e5b6	_ipc_kmsg_copyout_pseudo	1	0x403e5b4:rts
0x403e5b6	0x403e682	_ipc_kmsg_copyout_dest	1	0x403e680:rts
0x403e682	0x403e9f2	_ipc_kmsg_copyin_compat	1	0x403e9f0:rts
0x403e9f2	0x403ebb4	_ipc_kmsg_copyin_compat_from_kernel	1	0x403ebb2:rts
0x403ebb4	0x403ee7c	_ipc_kmsg_copyout_compat	1	0x403ee7a:rts
0x403ee7c	0x403ef50	_ipc_marequest_init	1	0x403ef4e:rts
0x403ef50	0x403f07e	_ipc_marequest_create	1	0x403f07c:rts
0x403f07e	0x403f0d8	_ipc_marequest_cancel	1	0x403f0d6:rts
0x403f0d8	0x403f15a	_ipc_marequest_rename	1	0x403f158:rts
0x403f15a	0x403f228	_ipc_marequest_destroy	1	0x403f226:rts
0x403f228	0x403f286	_ipc_marequest_info	1	0x403f284:rts
0x403f286	0x403f298	_ipc_mqueue_init	1	0x403f296:rts
0x403f298	0x403f33a	_ipc_mqueue_move	1	0x403f338:rts
0x403f33a	0x403f378	_ipc_mqueue_changed	1	0x403f376:rts
0x403f378	0x403f58e	_ipc_mqueue_send	1	0x403f58c:rts
0x403f58e	0x403f668	_ipc_mqueue_send_interrupt	1	0x403f666:rts
0x403f668	0x403f710	_ipc_mqueue_copyin	1	0x403f70e:rts
0x403f710	0x403f8e6	_ipc_mqueue_receive	1	0x403f8e4:rts
0x403f8e6	0x403f940	_ipc_notify_init_port_deleted	1	0x403f93e:rts
0x403f940	0x403f99a	_ipc_notify_init_msg_accepted	1	0x403f998:rts
0x403f99a	0x403f9f6	_ipc_notify_init_port_destroyed	1	0x403f9f4:rts
0x403f9f6	0x403fa50	_ipc_notify_init_no_senders	1	0x403fa4e:rts
0x403fa50	0x403fa7a	_ipc_notify_init_send_once	1	0x403fa78:rts
0x403fa7a	0x403fad4	_ipc_notify_init_dead_name	1	0x403fad2:rts
0x403fad4	0x403fb24	_ipc_notify_init	1	0x403fb22:rts
0x403fb24	0x403fbd4	_ipc_notify_port_deleted	1	0x403fbd2:rts
0x403fbd4	0x403fc84	_ipc_notify_msg_accepted	1	0x403fc82:rts
0x403fc84	0x403fd3c	_ipc_notify_port_destroyed	1	0x403fd3a:rts
0x403fd3c	0x403fdec	_ipc_notify_no_senders	1	0x403fdea:rts
0x403fdec	0x403fe7c	_ipc_notify_send_once	1	0x403fe7a:rts
0x403fe7c	0x403ff2c	_ipc_notify_dead_name	1	0x403ff2a:rts
0x403ff2c	0x403ffe2	_ipc_notify_port_deleted_compat	1	0x403ffe0:rts
0x403ffe2	0x4040098	_ipc_notify_msg_accepted_compat	1	0x4040096:rts
0x4040098	0x4040158	_ipc_notify_port_destroyed_compat	1	0x4040156:rts
0x4040158	0x4040166	_ipc_object_reference	1	0x4040164:rts
0x4040166	0x40401a2	_ipc_object_release	1	0x40401a0:rts
0x40401a2	0x40401e8	_ipc_object_translate	1	0x40401e6:rts
0x40401e8	0x4040212	_ipc_object_alloc_dead	1	0x4040210:rts
0x4040212	0x4040266	_ipc_object_alloc_dead_name	1	0x4040264:rts
0x4040266	0x40402ee	_ipc_object_alloc	1	0x40402ec:rts
0x40402ee	0x40403a0	_ipc_object_alloc_name	1	0x404039e:rts
0x40403a0	0x404042a	_ipc_object_copyin_type	0	
0x4040430	0x40404b8	_ipc_object_copyin	1	0x40404b6:rts
0x40404b8	0x404055e	_ipc_object_copyin_from_kernel	1	0x404055c:rts
0x404055e	0x40405a8	_ipc_object_destroy	1	0x40405a6:rts
0x40405a8	0x4040660	_ipc_object_copyout	1	0x404065e:rts
0x4040660	0x404072e	_ipc_object_copyout_name	1	0x404072c:rts
0x404072e	0x40407d6	_ipc_object_copyout_dest	1	0x40407d4:rts
0x40407d6	0x404085c	_ipc_object_rename	1	0x404085a:rts
0x404085c	0x404088a	_ipc_object_copyout_type_compat	1	0x4040888:rts
0x404088a	0x40408d6	_ipc_object_copyin_compat	1	0x40408d4:rts
0x40408d6	0x404091e	_ipc_object_copyin_header	1	0x404091c:rts
0x404091e	0x4040a30	_ipc_object_copyout_compat	1	0x4040a2e:rts
0x4040a30	0x4040b40	_ipc_object_copyout_name_compat	1	0x4040b3e:rts
0x4040b40	0x4040b54	_ipc_port_timestamp	1	0x4040b52:rts
0x4040b54	0x4040b8e	_ipc_port_dnrequest	1	0x4040b8c:rts
0x4040b8e	0x4040c94	_ipc_port_dngrow	1	0x4040c92:rts
0x4040c94	0x4040cb6	_ipc_port_dncancel	1	0x4040cb4:rts
0x4040cb6	0x4040cd2	_ipc_port_pdrequest	1	0x4040cd0:rts
0x4040cd2	0x4040d20	_ipc_port_nsrequest	1	0x4040d1e:rts
0x4040d20	0x4040d76	_ipc_port_set_qlimit	1	0x4040d74:rts
0x4040d76	0x4040dd2	_ipc_port_lock_mqueue	1	0x4040dd0:rts
0x4040dd2	0x4040dfa	_ipc_port_set_seqno	1	0x4040df8:rts
0x4040dfa	0x4040e60	_ipc_port_clear_receiver	1	0x4040e5e:rts
0x4040e60	0x4040eb6	_ipc_port_init	1	0x4040eb4:rts
0x4040eb6	0x4040f10	_ipc_port_alloc	1	0x4040f0e:rts
0x4040f10	0x4040f62	_ipc_port_alloc_name	1	0x4040f60:rts
0x4040f62	0x4040fe0	_ipc_port_delete_compat	1	0x4040fde:rts
0x4040fe0	0x4041146	_ipc_port_destroy	1	0x4041144:rts
0x4041146	0x40411b2	_ipc_port_check_circularity	1	0x40411b0:rts
0x40411b2	0x40411e6	_ipc_port_lookup_notify	1	0x40411e4:rts
0x40411e6	0x40411fe	_ipc_port_make_send	1	0x40411fc:rts
0x40411fe	0x404122a	_ipc_port_copy_send	1	0x4041228:rts
0x404122a	0x404128e	_ipc_port_copyout_send	1	0x404128c:rts
0x404128e	0x4041302	_ipc_port_release_send	1	0x4041300:rts
0x4041302	0x4041316	_ipc_port_make_sonce	1	0x4041314:rts
0x4041316	0x4041358	_ipc_port_release_sonce	1	0x4041356:rts
0x4041358	0x4041384	_ipc_port_release_receive	1	0x4041382:rts
0x4041384	0x40413c8	_ipc_port_alloc_special	1	0x40413c6:rts
0x40413c8	0x40413f2	_ipc_port_dealloc_special	1	0x40413f0:rts
0x40413f2	0x4041512	_ipc_port_alloc_compat	1	0x4041510:rts
0x4041512	0x404155e	_ipc_port_copyout_send_compat	1	0x404155c:rts
0x404155e	0x40415c0	_ipc_port_copyout_receiver	1	0x40415be:rts
0x40415c0	0x4041620	_ipc_pset_alloc	1	0x404161e:rts
0x4041620	0x4041678	_ipc_pset_alloc_name	1	0x4041676:rts
0x4041678	0x40416b4	_ipc_pset_add	1	0x40416b2:rts
0x40416b4	0x40416da	_ipc_pset_remove	1	0x40416d8:rts
0x40416da	0x4041784	_ipc_pset_move	1	0x4041782:rts
0x4041784	0x40417d8	_ipc_pset_destroy	1	0x40417d6:rts
0x40417d8	0x4041810	_ipc_right_lookup_write	1	0x404180e:rts
0x4041810	0x404186c	_ipc_right_reverse	1	0x404186a:rts
0x404186c	0x40419ca	_ipc_right_dnrequest	1	0x40419c8:rts
0x40419ca	0x4041a0a	_ipc_right_dncancel	1	0x4041a08:rts
0x4041a0a	0x4041a9e	_ipc_right_inuse	1	0x4041a9c:rts
0x4041a9e	0x4041b42	_ipc_right_check	1	0x4041b40:rts
0x4041b42	0x4041c92	_ipc_right_clean	1	0x4041c90:rts
0x4041c92	0x4041e64	_ipc_right_destroy	1	0x4041e62:rts
0x4041e64	0x4042064	_ipc_right_dealloc	1	0x4042062:rts
0x4042064	0x4042404	_ipc_right_delta	1	0x4042402:rts
0x4042404	0x4042486	_ipc_right_info	1	0x4042484:rts
0x4042486	0x4042520	_ipc_right_copyin_check	1	0x404251e:rts
0x4042520	0x4042774	_ipc_right_copyin	0	
0x40427aa	0x404283e	_ipc_right_copyin_undo	1	0x404283c:rts
0x404283e	0x404291c	_ipc_right_copyin_two	1	0x404291a:rts
0x404291c	0x40429fe	_ipc_right_copyout	1	0x40429fc:rts
0x40429fe	0x4042b30	_ipc_right_rename	1	0x4042b2e:rts
0x4042b30	0x4042d50	_ipc_right_copyin_compat	1	0x4042d4e:rts
0x4042d50	0x4042ea4	_ipc_right_copyin_header	1	0x4042ea2:rts
0x4042ea4	0x4042eb2	_ipc_space_reference	1	0x4042eb0:rts
0x4042eb2	0x4042ee0	_ipc_space_release	1	0x4042ede:rts
0x4042ee0	0x4042fb0	_ipc_space_create	1	0x4042fae:rts
0x4042fb0	0x4042fe4	_ipc_space_create_special	1	0x4042fe2:rts
0x4042fe4	0x404310c	_ipc_space_destroy	1	0x404310a:rts
0x404310c	0x40431d2	sub_404310C	1	0x40431d0:rts
0x40431d2	0x4043208	sub_40431D2	1	0x4043206:rts
0x4043208	0x4043218	_ipc_splay_tree_init	1	0x4043216:rts
0x4043218	0x4043248	_ipc_splay_tree_pick	1	0x4043246:rts
0x4043248	0x40432c2	_ipc_splay_tree_lookup	1	0x40432c0:rts
0x40432c2	0x404337c	_ipc_splay_tree_insert	1	0x404337a:rts
0x404337c	0x4043498	_ipc_splay_tree_delete	1	0x4043496:rts
0x4043498	0x40435b0	_ipc_splay_tree_split	1	0x40435ae:rts
0x40435b0	0x404367c	_ipc_splay_tree_join	1	0x404367a:rts
0x404367c	0x404373c	_ipc_splay_tree_bounds	1	0x404373a:rts
0x404373c	0x4043798	_ipc_splay_traverse_start	1	0x4043796:rts
0x4043798	0x4043936	_ipc_splay_traverse_next	1	0x4043934:rts
0x4043936	0x4043964	_ipc_splay_traverse_finish	1	0x4043962:rts
0x4043964	0x40439e4	_ipc_table_fill	1	0x40439e2:rts
0x40439e4	0x4043a76	_ipc_table_init	1	0x4043a74:rts
0x4043a76	0x4043ab6	_ipc_table_alloc	1	0x4043ab4:rts
0x4043ab6	0x4043ae6	_ipc_table_realloc	1	0x4043ae4:rts
0x4043ae6	0x4043b1a	_ipc_table_free	1	0x4043b18:rts
0x4043b1a	0x4043b4e	_ipc_thread_enqueue	1	0x4043b4c:rts
0x4043b4e	0x4043b90	_ipc_thread_dequeue	1	0x4043b8e:rts
0x4043b90	0x4043bd2	_ipc_thread_rmqueue	1	0x4043bd0:rts
0x4043bd2	0x4043c10	_mach_port_get_srights	1	0x4043c0e:rts
0x4043c10	0x4043d1e	_host_ipc_hash_info	1	0x4043d1c:rts
0x4043d1e	0x4043e34	_host_ipc_marequest_info	1	0x4043e32:rts
0x4043e34	0x40442ae	_mach_port_space_info	1	0x40442ac:rts
0x40442ae	0x4044324	_mach_port_dnrequest_info	1	0x4044322:rts
0x4044324	0x404437e	_mach_port_kernel_object	1	0x404437c:rts
0x404437e	0x40444dc	_mach_msg_send	1	0x40444da:rts
0x40444dc	0x40446c6	_mach_msg_receive	1	0x40446c4:rts
0x40446c6	0x40448ac	_mach_msg_receive_continue	1	0x40448aa:rts
0x40448ac	0x40454c0	_mach_msg_trap	1	0x40454be:rts
0x40454c0	0x40455f8	_mach_msg_continue	1	0x40455f6:rts
0x40455f8	0x404564a	_mach_msg_interrupt	1	0x4045648:rts
0x404564a	0x4045786	_msg_return_translate	1	0x4045784:rts
0x4045786	0x40458f0	_msg_send_trap	1	0x40458ee:rts
0x40458f0	0x4045900	_msg_send_switch_continue	1	0x40458fe:rts
0x4045900	0x4045a30	_msg_receive_trap	1	0x4045a2e:rts
0x4045a30	0x4045dd6	_msg_rpc_trap	1	0x4045dd4:rts
0x4045dd6	0x4045ee4	_msg_receive_continue	1	0x4045ee2:rts
0x4045ee4	0x4045f82	_mach_port_names_helper	1	0x4045f80:rts
0x4045f82	0x4046264	_mach_port_names	1	0x4046262:rts
0x4046264	0x40462b4	_mach_port_type	1	0x40462b2:rts
0x40462b4	0x40462ee	_mach_port_rename	1	0x40462ec:rts
0x40462ee	0x4046360	_mach_port_allocate_name	1	0x404635e:rts
0x4046360	0x40463c8	_mach_port_allocate	1	0x40463c6:rts
0x40463c8	0x4046410	_mach_port_destroy	1	0x404640e:rts
0x4046410	0x4046458	_mach_port_deallocate	1	0x4046456:rts
0x4046458	0x4046506	_mach_port_get_refs	1	0x4046504:rts
0x4046506	0x4046560	_mach_port_mod_refs	1	0x404655e:rts
0x4046560	0x40465b8	_old_mach_port_get_receive_status	1	0x40465b6:rts
0x40465b8	0x404660a	_mach_port_set_qlimit	1	0x4046608:rts
0x404660a	0x4046640	_mach_port_set_mscount	1	0x404663e:rts
0x4046640	0x404667e	_mach_port_set_seqno	1	0x404667c:rts
0x404667e	0x40466b6	_mach_port_gst_helper	1	0x40466b4:rts
0x40466b6	0x40468e8	_mach_port_get_set_status	1	0x40468e6:rts
0x40468e8	0x404696e	_mach_port_move_member	1	0x404696c:rts
0x404696e	0x4046a6e	_mach_port_request_notification	1	0x4046a6c:rts
0x4046a6e	0x4046ad0	_mach_port_insert_right	1	0x4046ace:rts
0x4046ad0	0x4046b28	_mach_port_extract_right	1	0x4046b26:rts
0x4046b28	0x4046c02	_mach_port_get_receive_status	1	0x4046c00:rts
0x4046c02	0x4046c78	_port_translate_compat	1	0x4046c76:rts
0x4046c78	0x4046cda	_convert_port_type	1	0x4046cd8:rts
0x4046cda	0x4046e10	_port_names	1	0x4046e0e:rts
0x4046e10	0x4046e4e	_port_type	1	0x4046e4c:rts
0x4046e4e	0x4046e74	_port_rename	1	0x4046e72:rts
0x4046e74	0x4046e9e	_port_allocate	1	0x4046e9c:rts
0x4046e9e	0x4046f12	_port_deallocate	1	0x4046f10:rts
0x4046f12	0x4046f5e	_port_set_backlog	1	0x4046f5c:rts
0x4046f5e	0x4046fec	_port_set_backup	1	0x4046fea:rts
0x4046fec	0x40470e6	_port_status	1	0x40470e4:rts
0x40470e6	0x4047110	_port_set_allocate	1	0x404710e:rts
0x4047110	0x4047162	_port_set_deallocate	1	0x4047160:rts
0x4047162	0x4047208	_port_set_add	1	0x4047206:rts
0x4047208	0x404728c	_port_set_remove	1	0x404728a:rts
0x404728c	0x40472b6	_port_set_status	1	0x40472b4:rts
0x40472b6	0x4047314	_port_insert_send	1	0x4047312:rts
0x4047314	0x4047340	_port_extract_send	1	0x404733e:rts
0x4047340	0x404739e	_port_insert_receive	1	0x404739c:rts
0x404739e	0x40473ca	_port_extract_receive	1	0x40473c8:rts
0x40473ca	0x40473d2	_ast_init	1	0x40473d0:rts
0x40473d2	0x40475aa	_ast_check	1	0x40475a8:rts
0x40475aa	0x404763e	_exception_with_continuation	1	0x404763c:rts
0x404763e	0x40476d4	_exception	1	0x40476d2:rts
0x40476d4	0x4047788	_exception_from_kernel	1	0x4047786:rts
0x4047788	0x40477f4	_exception_try_task	1	0x40477f2:rts
0x40477f4	0x404782e	_exception_no_server	1	0x404782c:rts
0x404782e	0x4047d08	_exception_raise	1	0x4047d06:rts
0x4047d08	0x4047d8c	_exception_parse_reply	1	0x4047d8a:rts
0x4047d8c	0x4047dd6	_exception_raise_continue	1	0x4047dd4:rts
0x4047dd6	0x4047f10	_exception_raise_continue_slow	1	0x4047f0e:rts
0x4047f10	0x4047f76	_exception_raise_continue_fast	1	0x4047f74:rts
0x4047f76	0x4048022	_host_processors	1	0x4048020:rts
0x4048022	0x404814a	_host_info	1	0x4048148:rts
0x404814a	0x4048172	_host_kernel_version	1	0x4048170:rts
0x4048172	0x40481ce	_host_processor_sets	1	0x40481cc:rts
0x40481ce	0x40481fa	_host_processor_set_priv	1	0x40481f8:rts
0x40481fa	0x404829c	_ipc_host_init	1	0x404829a:rts
0x404829c	0x40482c6	_mach_host_self	1	0x40482c4:rts
0x40482c6	0x40482f0	_host_self	1	0x40482ee:rts
0x40482f0	0x404833a	_ipc_processor_init	1	0x4048338:rts
0x404833a	0x4048394	_ipc_pset_init	1	0x4048392:rts
0x4048394	0x40483d4	_ipc_pset_enable	1	0x40483d2:rts
0x40483d4	0x404840a	_ipc_pset_disable	1	0x4048408:rts
0x404840a	0x4048440	_ipc_pset_terminate	1	0x404843e:rts
0x4048440	0x404846a	_processor_set_default	1	0x4048468:rts
0x404846a	0x4048494	_xxx_processor_set_default_priv	1	0x4048492:rts
0x4048494	0x40484cc	_convert_port_to_host	1	0x40484ca:rts
0x40484cc	0x40484fa	_convert_port_to_host_priv	1	0x40484f8:rts
0x40484fa	0x4048528	_convert_port_to_processor	1	0x4048526:rts
0x4048528	0x4048560	_convert_port_to_pset	1	0x404855e:rts
0x4048560	0x40485a0	_convert_port_to_pset_name	1	0x404859e:rts
0x40485a0	0x40485b4	_convert_host_to_port	1	0x40485b2:rts
0x40485b4	0x40485ca	_convert_processor_to_port	1	0x40485c8:rts
0x40485ca	0x4048604	_convert_pset_to_port	1	0x4048602:rts
0x4048604	0x404863e	_convert_pset_name_to_port	1	0x404863c:rts
0x404863e	0x404880c	_ipc_kobject_server	1	0x404880a:rts
0x404880c	0x404882c	_ipc_kobject_set	1	0x404882a:rts
0x404882c	0x4048874	_ipc_kobject_destroy	1	0x4048872:rts
0x4048874	0x40488c6	_ipc_kobject_notify	1	0x40488c4:rts
0x40488c6	0x404892e	_mach_msg_send_from_kernel	1	0x404892c:rts
0x404892e	0x404895c	_mach_msg_abort_rpc	1	0x404895a:rts
0x404895c	0x4048b18	_mach_msg	1	0x4048b16:rts
0x4048b18	0x4048bba	_msg_send_from_kernel	1	0x4048bb8:rts
0x4048bba	0x4048cf8	_msg_send	1	0x4048cf6:rts
0x4048cf8	0x4048e24	_msg_receive	1	0x4048e22:rts
0x4048e24	0x4049184	_msg_rpc	1	0x4049182:rts
0x4049184	0x40491ac	_mig_get_reply_port	1	0x40491aa:rts
0x40491ac	0x40491bc	_mig_dealloc_reply_port	0	
0x40491c0	0x40491f0	_mig_strncpy	1	0x40491ee:rts
0x40491f0	0x40492a8	_thread_go	1	0x40492a6:rts
0x40492a8	0x40493a0	_thread_go_and_switch	1	0x404939e:rts
0x40493a0	0x40493c4	_thread_will_wait	1	0x40493c2:rts
0x40493c4	0x4049424	_thread_will_wait_with_timeout	1	0x4049422:rts
0x4049424	0x404952e	_thread_handoff	1	0x404952c:rts
0x404952e	0x40495f6	_ipc_task_init	1	0x40495f4:rts
0x40495f6	0x4049616	_ipc_task_enable	1	0x4049614:rts
0x4049616	0x4049634	_ipc_task_disable	1	0x4049632:rts
0x4049634	0x40496ce	_ipc_task_terminate	1	0x40496cc:rts
0x40496ce	0x4049766	_ipc_thread_init	1	0x4049764:rts
0x4049766	0x4049786	_ipc_thread_enable	1	0x4049784:rts
0x4049786	0x40497a4	_ipc_thread_disable	1	0x40497a2:rts
0x40497a4	0x4049870	_ipc_thread_terminate	1	0x404986e:rts
0x4049870	0x404989a	_retrieve_task_self_fast	1	0x4049898:rts
0x404989a	0x40498c4	_retrieve_thread_self_fast	1	0x40498c2:rts
0x40498c4	0x40498f0	_mach_task_self	1	0x40498ee:rts
0x40498f0	0x404991c	_mach_thread_self	1	0x404991a:rts
0x404991c	0x404994c	_mach_reply_port	1	0x404994a:rts
0x404994c	0x4049982	_retrieve_task_notify	1	0x4049980:rts
0x4049982	0x40499b4	_retrieve_thread_reply	1	0x40499b2:rts
0x40499b4	0x40499e0	_task_self	1	0x40499de:rts
0x40499e0	0x4049a0c	_task_notify	1	0x4049a0a:rts
0x4049a0c	0x4049a38	_thread_self	1	0x4049a36:rts
0x4049a38	0x4049a64	_thread_reply	1	0x4049a62:rts
0x4049a64	0x4049ada	_task_get_special_port	1	0x4049ad8:rts
0x4049ada	0x4049b60	_task_set_special_port	1	0x4049b5e:rts
0x4049b60	0x4049bc0	_thread_get_special_port	1	0x4049bbe:rts
0x4049bc0	0x4049c24	_thread_set_special_port	1	0x4049c22:rts
0x4049c24	0x4049cc2	_mach_ports_register	1	0x4049cc0:rts
0x4049cc2	0x4049d36	_mach_ports_lookup	1	0x4049d34:rts
0x4049d36	0x4049d6e	_convert_port_to_task	1	0x4049d6c:rts
0x4049d6e	0x4049daa	_convert_port_to_space	1	0x4049da8:rts
0x4049daa	0x4049de6	_convert_port_to_map	1	0x4049de4:rts
0x4049de6	0x4049e1e	_convert_port_to_thread	1	0x4049e1c:rts
0x4049e1e	0x4049e56	_convert_task_to_port	1	0x4049e54:rts
0x4049e56	0x4049e8e	_convert_thread_to_port	1	0x4049e8c:rts
0x4049e8e	0x4049ea4	_space_deallocate	1	0x4049ea2:rts
0x4049ea4	0x4049efc	_host_priv_self	1	0x4049efa:rts
0x4049efc	0x4049f9e	__lookupd_port	1	0x4049f9c:rts
0x4049f9e	0x404a010	__event_port_by_tag	1	0x404a00e:rts
0x404a010	0x404a040	_object_copyin	1	0x404a03e:rts
0x404a040	0x404a09a	_object_copyout	1	0x404a098:rts
0x404a09a	0x404a0b0	_port_reference	1	0x404a0ae:rts
0x404a0b0	0x404a0c6	_port_release	1	0x404a0c4:rts
0x404a0c6	0x404a0d0	_ds_notify	1	0x404a0ce:rts
0x404a0d0	0x404a0d8	_vm_object_pager_wakeup	1	0x404a0d6:rts
0x404a0d8	0x404a110	_send_notification	1	0x404a10e:rts
0x404a110	0x404a11a	_task_secure	1	0x404a118:rts
0x404a11a	0x404a198	_kalloc_init	1	0x404a196:rts
0x404a198	0x404a200	_kalloc_noblock	1	0x404a1fe:rts
0x404a200	0x404a266	_kalloc	1	0x404a264:rts
0x404a266	0x404a2c4	_kget	1	0x404a2c2:rts
0x404a2c4	0x404a324	_kfree	1	0x404a322:rts
0x404a324	0x404a362	_malloc	1	0x404a360:rts
0x404a362	0x404a37c	_calloc	1	0x404a37a:rts
0x404a37c	0x404a3f2	_realloc	1	0x404a3f0:rts
0x404a3f2	0x404a40e	_free	1	0x404a40c:rts
0x404a40e	0x404a416	_malloc_good_size	1	0x404a414:rts
0x404a416	0x404a45c	_initKernelStacks	1	0x404a45a:rts
0x404a45c	0x404a498	sub_404A45C	1	0x404a496:rts
0x404a498	0x404a568	sub_404A498	1	0x404a566:rts
0x404a568	0x404a5de	_freeStack	1	0x404a5dc:rts
0x404a5de	0x404a69a	_newStack	1	0x404a698:rts
0x404a69a	0x404a7da	_allocStack	1	0x404a7d8:rts
0x404a7da	0x404a81e	_canSwap	1	0x404a81c:rts
0x404a81e	0x404a8c4	_doSwapout	1	0x404a8c2:rts
0x404a8c4	0x404a914	_swapoutStack	1	0x404a912:rts
0x404a914	0x404a9c0	_swapinStack	1	0x404a9be:rts
0x404a9c0	0x404aa5e	_stack_alloc_try	1	0x404aa5c:rts
0x404aa5e	0x404aa94	_stack_alloc	1	0x404aa92:rts
0x404aa94	0x404aabe	_stack_free	1	0x404aabc:rts
0x404aabe	0x404aac6	_stack_collect	1	0x404aac4:rts
0x404aac6	0x404ab32	_stack_statistics	1	0x404ab30:rts
0x404ab32	0x404ab3c	_simple_lock_alloc	1	0x404ab3a:rts
0x404ab3c	0x404ab44	_simple_lock_free	1	0x404ab42:rts
0x404ab44	0x404ab56	_lock_alloc	1	0x404ab54:rts
0x404ab56	0x404ab6c	_lock_free	1	0x404ab6a:rts
0x404ab6c	0x404abb2	_lock_init	1	0x404abb0:rts
0x404abb2	0x404abcc	_lock_sleepable	1	0x404abca:rts
0x404abcc	0x404acae	_lock_write	1	0x404acac:rts
0x404acae	0x404ad18	_lock_done	1	0x404ad16:rts
0x404ad18	0x404ad8e	_lock_read	1	0x404ad8c:rts
0x404ad8e	0x404ae46	_lock_read_to_write	1	0x404ae44:rts
0x404ae46	0x404aea2	_lock_write_to_read	1	0x404aea0:rts
0x404aea2	0x404aee4	_lock_try_write	1	0x404aee2:rts
0x404aee4	0x404af0e	_lock_try_read	1	0x404af0c:rts
0x404af0e	0x404af82	_lock_try_read_to_write	1	0x404af80:rts
0x404af82	0x404afae	_lock_set_recursive	1	0x404afac:rts
0x404afae	0x404afe2	_lock_clear_recursive	1	0x404afe0:rts
0x404afe2	0x404b0f0	_clock_interrupt	1	0x404b0ee:rts
0x404b11e	0x404b13a	_init_timeout_element	1	0x404b138:rts
0x404b13a	0x404b184	_set_timeout	1	0x404b182:rts
0x404b184	0x404b1c6	_reset_timeout	1	0x404b1c4:rts
0x404b1c6	0x404b1ce	_init_timeout	1	0x404b1cc:rts
0x404b1ce	0x404b1fc	_host_get_time	1	0x404b1fa:rts
0x404b1fc	0x404b25e	_host_set_time	1	0x404b25c:rts
0x404b25e	0x404b31e	_host_adjust_time	1	0x404b31c:rts
0x404b31e	0x404b3a6	_mach_clock_bootstrap	1	0x404b3a4:rts
0x404b3a6	0x404b526	_compute_mach_factor	1	0x404b524:rts
0x404b526	0x404b56e	_getlastaddr	1	0x404b56c:rts
0x404b56e	0x404b58c	_getmachheaders	1	0x404b58a:rts
0x404b58c	0x404b5c4	_getsectdatafromheader	1	0x404b5c2:rts
0x404b5c4	0x404b66a	_getsectbynamefromheader	1	0x404b668:rts
0x404b66a	0x404b6c0	_getsegbynamefromheader	1	0x404b6be:rts
0x404b6c0	0x404b6d4	_firstseg	1	0x404b6d2:rts
0x404b6d4	0x404b70a	_firstsegfromheader	1	0x404b708:rts
0x404b70a	0x404b73a	_nextseg	1	0x404b738:rts
0x404b73a	0x404b79a	_nextsegfromheader	1	0x404b798:rts
0x404b79a	0x404b7e4	_getsegbyname	1	0x404b7e2:rts
0x404b7e4	0x404b800	_getsectbyname	1	0x404b7fe:rts
0x404b800	0x404b81e	_firstsect	1	0x404b81c:rts
0x404b81e	0x404b864	_nextsect	1	0x404b862:rts
0x404b864	0x404b89a	sub_404B864	1	0x404b898:rts
0x404b89a	0x404b924	_getfakefvmseg	1	0x404b922:rts
0x404b924	0x404b970	sub_404B924	1	0x404b96e:rts
0x404b970	0x404ba90	_setup_main	1	0x404ba8e:rts
0x404ba90	0x404bb96	_fatfile_getarch	1	0x404bb94:rts
0x404bb96	0x404bc42	_load_machfile	1	0x404bc40:rts
0x404bc42	0x404bee0	sub_404BC42	1	0x404bede:rts
0x404bee0	0x404c13c	sub_404BEE0	1	0x404c13a:rts
0x404c13c	0x404c1c8	sub_404C13C	1	0x404c1c6:rts
0x404c1c8	0x404c294	sub_404C1C8	1	0x404c292:rts
0x404c294	0x404c2e4	sub_404C294	1	0x404c2e2:rts
0x404c2e4	0x404c33e	sub_404C2E4	1	0x404c33c:rts
0x404c33e	0x404c398	sub_404C33E	1	0x404c396:rts
0x404c398	0x404c44a	sub_404C398	1	0x404c448:rts
0x404c44a	0x404c460	sub_404C44A	1	0x404c45e:rts
0x404c460	0x404c5d6	sub_404C460	1	0x404c5d4:rts
0x404c5d6	0x404c758	sub_404C5D6	1	0x404c756:rts
0x404c758	0x404c95e	sub_404C758	1	0x404c95c:rts
0x404c95e	0x404c982	_netipc_msg_send	1	0x404c980:rts
0x404c982	0x404ca60	_netipc_listen	1	0x404ca5e:rts
0x404ca60	0x404cb02	_netipc_ignore	1	0x404cb00:rts
0x404cb02	0x404cb80	_find_listener	1	0x404cb7e:rts
0x404cb80	0x404cc4e	_mach_net_init	1	0x404cc4c:rts
0x404cc4e	0x404cc66	_netipc_msg_release	1	0x404cc64:rts
0x404cc66	0x404cdfc	_receive_ip_datagram	1	0x404cdfa:rts
0x404cdfc	0x404ce28	_xxx_host_info	1	0x404ce26:rts
0x404ce28	0x404ce5c	_xxx_slot_info	1	0x404ce5a:rts
0x404ce5c	0x404ce66	_xxx_cpu_control	1	0x404ce64:rts
0x404ce66	0x404cebe	_cpu_up	1	0x404cebc:rts
0x404cebe	0x404cefc	_cpu_down	1	0x404cefa:rts
0x404cefc	0x404cf06	_processor_assign	1	0x404cf04:rts
0x404cf06	0x404d002	_mfs_init	1	0x404d000:rts
0x404d002	0x404d076	_vm_info_init	1	0x404d074:rts
0x404d076	0x404d0c2	_vm_info_enqueue	1	0x404d0c0:rts
0x404d0c2	0x404d112	_vm_info_dequeue	1	0x404d110:rts
0x404d112	0x404d20c	_map_vnode	1	0x404d20a:rts
0x404d20c	0x404d2c8	_unmap_vnode	1	0x404d2c6:rts
0x404d2c8	0x404d42c	_remap_vnode	1	0x404d42a:rts
0x404d42c	0x404d528	_mfs_trunc	1	0x404d526:rts
0x404d528	0x404d56e	_mfs_get	1	0x404d56c:rts
0x404d56e	0x404d582	_mfs_put	1	0x404d580:rts
0x404d582	0x404d5b2	_vmp_get	1	0x404d5b0:rts
0x404d5b2	0x404d61a	_vmp_put	1	0x404d618:rts
0x404d61a	0x404d640	_mfs_uncache	1	0x404d63e:rts
0x404d640	0x404d6e2	_mfs_memfree	1	0x404d6e0:rts
0x404d6e2	0x404d71e	_mfs_cache_trim	1	0x404d71c:rts
0x404d71e	0x404d774	_mfs_cache_clear	1	0x404d772:rts
0x404d774	0x404d7f8	_mfs_map_remove	1	0x404d7f6:rts
0x404d7f8	0x404d828	_vnode_size	1	0x404d826:rts
0x404d828	0x404da8a	_mfs_io	1	0x404da88:rts
0x404da8a	0x404daf2	_mfs_sync	1	0x404daf0:rts
0x404daf2	0x404db32	_mfs_fsync	1	0x404db30:rts
0x404db32	0x404dbb8	_mfs_fsync_invalidate	1	0x404dbb6:rts
0x404dbb8	0x404dc06	_mfs_invalidate	1	0x404dc04:rts
0x404dc06	0x404dc88	_vno_flush	1	0x404dc86:rts
0x404dc88	0x404dd20	_vmp_invalidate	1	0x404dd1e:rts
0x404dd20	0x404de70	_vmp_push	1	0x404de6e:rts
0x404de70	0x404df88	_vmp_push_all	1	0x404df86:rts
0x404df88	0x404dfb0	_vm_info_free	1	0x404dfae:rts
0x404dfb0	0x404dfc2	_vm_get_vnode_size	1	0x404dfc0:rts
0x404dfc2	0x404dfd6	_vm_set_vnode_size	1	0x404dfd4:rts
0x404dfd6	0x404dffa	_vm_set_close_flush	1	0x404dff8:rts
0x404dffa	0x404e00e	_vm_set_error	1	0x404e00c:rts
0x404e00e	0x404e046	sub_404E00E	1	0x404e044:rts
0x404e046	0x404e0d2	sub_404E046	1	0x404e0d0:rts
0x404e0d2	0x404e174	sub_404E0D2	1	0x404e172:rts
0x404e174	0x404e190	_miniMonInit	1	0x404e18e:rts
0x404e190	0x404e25a	_miniMonLoop	1	0x404e258:rts
0x404e2e4	0x404e342	_safe_prf	1	0x404e340:rts
0x404e3a8	0x404e3f8	_ns_callout_init	1	0x404e3f6:rts
0x404e3f8	0x404e420	_ns_timer_init	1	0x404e41e:rts
0x404e420	0x404e458	_ns_hardclock_init	1	0x404e456:rts
0x404e458	0x404e53a	sub_404E458	1	0x404e538:rts
0x404e53a	0x404e57e	_ns_timeout	1	0x404e57c:rts
0x404e57e	0x404e664	_ns_abstimeout	1	0x404e662:rts
0x404e664	0x404e6ce	_ns_untimeout	1	0x404e6cc:rts
0x404e6ce	0x404e712	_ns_sleep	1	0x404e710:rts
0x404e712	0x404e76e	_ns_time_to_timeval	1	0x404e76c:rts
0x404e76e	0x404e7d0	_timeval_to_ns_time	1	0x404e7ce:rts
0x404e7d0	0x404e81e	_ns_time_to_tsval	1	0x404e81c:rts
0x404e81e	0x404e85c	_ticks_to_ns_time	1	0x404e85a:rts
0x404e85c	0x404e8de	_sched_usec_elapsed	1	0x404e8dc:rts
0x404e8de	0x404e948	_get_calendar_time_value	1	0x404e946:rts
0x404e948	0x404e98c	_set_calendar_time_value	1	0x404e98a:rts
0x404e98c	0x404ea00	_microtime	1	0x404e9fe:rts
0x404ea00	0x404ea28	_microboot	1	0x404ea26:rts
0x404ea28	0x404ea60	_us_timeout	1	0x404ea5e:rts
0x404ea60	0x404ea98	_us_abstimeout	1	0x404ea96:rts
0x404ea98	0x404eaae	_us_untimeout	1	0x404eaac:rts
0x404eaae	0x404eb90	sub_404EAAE	1	0x404eb8e:rts
0x404eb90	0x404ebe0	_power_callout	1	0x404ebde:rts
0x404ebe0	0x404ec12	_power_init	1	0x404ec10:rts
0x404ec12	0x404ec36	_kern_PMSetPowerState	1	0x404ec34:rts
0x404ec36	0x404ec56	_kern_PMGetPowerEvent	1	0x404ec54:rts
0x404ec56	0x404ec76	_kern_PMGetPowerStatus	1	0x404ec74:rts
0x404ec76	0x404ec9a	_kern_PMSetPowerManagement	1	0x404ec98:rts
0x404ec9a	0x404ecb6	_kern_PMRestoreDefaults	1	0x404ecb4:rts
0x404ecb6	0x404eea6	_thread_quantum_update	1	0x404eea4:rts
0x404eea6	0x404ef42	_pset_sys_bootstrap	1	0x404ef40:rts
0x404ef42	0x404efe8	_pset_init	1	0x404efe6:rts
0x404efe8	0x404f050	_processor_init	1	0x404f04e:rts
0x404f050	0x404f0b8	_pset_remove_processor	1	0x404f0b6:rts
0x404f0b8	0x404f106	_pset_add_processor	1	0x404f104:rts
0x404f106	0x404f158	_pset_remove_task	1	0x404f156:rts
0x404f158	0x404f19e	_pset_add_task	1	0x404f19c:rts
0x404f19e	0x404f1ea	_pset_remove_thread	1	0x404f1e8:rts
0x404f1ea	0x404f230	_pset_add_thread	1	0x404f22e:rts
0x404f230	0x404f2b0	_thread_change_psets	1	0x404f2ae:rts
0x404f2b0	0x404f2e4	_pset_deallocate	1	0x404f2e2:rts
0x404f2e4	0x404f2f4	_pset_reference	1	0x404f2f2:rts
0x404f2f4	0x404f386	_processor_info	1	0x404f384:rts
0x404f386	0x404f398	_processor_start	1	0x404f396:rts
0x404f398	0x404f3aa	_processor_exit	1	0x404f3a8:rts
0x404f3aa	0x404f3bc	_processor_control	1	0x404f3ba:rts
0x404f3bc	0x404f3ce	_quantum_set	1	0x404f3cc:rts
0x404f3ce	0x404f3d8	_processor_set_create	1	0x404f3d6:rts
0x404f3d8	0x404f3e2	_processor_set_destroy	1	0x404f3e0:rts
0x404f3e2	0x404f412	_processor_get_assignment	1	0x404f410:rts
0x404f412	0x404f496	_processor_set_info	1	0x404f494:rts
0x404f496	0x404f4f2	_processor_set_max_priority	1	0x404f4f0:rts
0x404f4f2	0x404f520	_processor_set_policy_enable	1	0x404f51e:rts
0x404f520	0x404f598	_processor_set_policy_disable	1	0x404f596:rts
0x404f598	0x404f740	_processor_set_things	1	0x404f73e:rts
0x404f740	0x404f75c	_processor_set_tasks	1	0x404f75a:rts
0x404f75c	0x404f77a	_processor_set_threads	1	0x404f778:rts
0x404f77a	0x404f79e	_enqueue_head	1	0x404f79c:rts
0x404f79e	0x404f7c6	_enqueue_tail	1	0x404f7c4:rts
0x404f7c6	0x404f7ec	_dequeue_head	1	0x404f7ea:rts
0x404f7ec	0x404f818	_dequeue_tail	1	0x404f816:rts
0x404f818	0x404f832	_remqueue	1	0x404f830:rts
0x404f832	0x404f856	_insque	1	0x404f854:rts
0x404f856	0x404f872	_remque	1	0x404f870:rts
0x404f872	0x404f93c	_kdp_packet	1	0x404f93a:rts
0x404fd9a	0x404ffa6	sub_404FD9A	1	0x404ffa4:rts
0x404ffa6	0x4050186	sub_404FFA6	1	0x4050184:rts
0x4050186	0x40502a6	sub_4050186	1	0x40502a4:rts
0x40502a6	0x405038c	sub_40502A6	1	0x405038a:rts
0x405038c	0x405047c	sub_405038C	1	0x405047a:rts
0x405047c	0x4050542	sub_405047C	1	0x4050540:rts
0x4050542	0x405062c	_kdp_raise_exception	1	0x405062a:rts
0x405062c	0x4050658	_kdp_reset	1	0x4050656:rts
0x4050658	0x4050678	_wait_queue_init	1	0x4050676:rts
0x4050678	0x40506f2	_sched_init	1	0x40506f0:rts
0x40506f2	0x405070a	_thread_timeout	1	0x4050708:rts
0x405070a	0x4050742	_thread_set_timeout	1	0x4050740:rts
0x4050742	0x4050784	_thread_timeout_setup	1	0x4050782:rts
0x4050784	0x4050856	_assert_wait	1	0x4050854:rts
0x4050856	0x4050950	_clear_wait	1	0x405094e:rts
0x4050950	0x4050aa6	_thread_wakeup_prim	1	0x4050aa4:rts
0x4050aa6	0x4050ac4	_thread_sleep	1	0x4050ac2:rts
0x4050ac4	0x4050ae4	_thread_bind	1	0x4050ae2:rts
0x4050ae4	0x4050bd2	_thread_select	1	0x4050bd0:rts
0x4050bd2	0x4050e08	_thread_invoke	1	0x4050e06:rts
0x4050e08	0x4050e38	_thread_continue	1	0x4050e36:rts
0x4050e38	0x4050ea6	_thread_block_with_continuation	1	0x4050ea4:rts
0x4050ea6	0x4050efc	_thread_run	1	0x4050efa:rts
0x4050efc	0x4050fae	_thread_dispatch	1	0x4050fac:rts
0x4050fae	0x4051000	_compute_priority	1	0x4050ffe:rts
0x4051000	0x4051024	_compute_my_priority	1	0x4051022:rts
0x4051024	0x4051080	_recompute_priorities	1	0x405107e:rts
0x4051080	0x40511ca	_update_priority	1	0x40511c8:rts
0x40511ca	0x405122e	_run_queue_enqueue	1	0x405122c:rts
0x405122e	0x4051328	_thread_setrun	1	0x4051326:rts
0x4051328	0x4051374	_set_pri	1	0x4051372:rts
0x4051374	0x40513a6	_rem_runq	1	0x40513a4:rts
0x40513a6	0x405141c	_choose_thread	1	0x405141a:rts
0x405141c	0x4051518	_choose_pset_thread	1	0x4051516:rts
0x4051518	0x4051686	_idle_thread_continue	0	
0x4051688	0x40516d4	_idle_thread	0	
0x40516dc	0x4051712	_sched_thread_continue	0	
0x4051714	0x405173e	_sched_thread	0	
0x4051742	0x40517fe	_do_runq_scan	1	0x40517fc:rts
0x40517fe	0x405188e	_do_thread_scan	1	0x405188c:rts
0x405188e	0x40518a4	_thread_wakeup	1	0x40518a2:rts
0x40518a4	0x40518b6	_thread_wait_result	1	0x40518b4:rts
0x40518b6	0x40518c6	_thread_block	1	0x40518c4:rts
0x40518c6	0x40518f0	_swtch_continue	1	0x40518ee:rts
0x40518f0	0x405191e	_swtch	1	0x405191c:rts
0x405191e	0x405195e	_swtch_pri_continue	1	0x405195c:rts
0x405195e	0x40519b8	_swtch_pri	1	0x40519b6:rts
0x40519b8	0x40519de	_thread_switch_continue	1	0x40519dc:rts
0x40519de	0x4051aec	_thread_switch	1	0x4051aea:rts
0x4051aec	0x4051b60	_thread_depress_priority	1	0x4051b5e:rts
0x4051b60	0x4051b9a	_thread_depress_timeout	1	0x4051b98:rts
0x4051b9a	0x4051bf8	_thread_depress_abort	1	0x4051bf6:rts
0x4051bf8	0x4051db2	_map_fd	1	0x4051db0:rts
0x4051db2	0x4051dbc	_null_port	1	0x4051dba:rts
0x4051dbc	0x4051dc6	_kern_invalid	1	0x4051dc4:rts
0x4051dc6	0x4051e10	_task_init	1	0x4051e0e:rts
0x4051e10	0x4051e8c	_kernel_task_create	1	0x4051e8a:rts
0x4051e8c	0x4051fe0	_task_create	1	0x4051fde:rts
0x4051fe0	0x405204c	_task_deallocate	1	0x405204a:rts
0x405204c	0x405205e	_task_reference	1	0x405205c:rts
0x405205e	0x40521ba	_task_terminate	1	0x40521b8:rts
0x40521ba	0x4052206	_task_hold	1	0x4052204:rts
0x4052206	0x4052284	_task_dowait	1	0x4052282:rts
0x4052284	0x40522ca	_task_release	1	0x40522c8:rts
0x40522ca	0x4052334	_task_halt	1	0x4052332:rts
0x4052334	0x4052450	_task_threads	1	0x405244e:rts
0x4052450	0x40524f2	_task_suspend	1	0x40524f0:rts
0x40524f2	0x4052532	_task_resume	1	0x4052530:rts
0x4052532	0x4052672	_task_info	1	0x4052670:rts
0x4052672	0x40526cc	_task_suspend_nowait	1	0x40526ca:rts
0x40526cc	0x40526d6	_task_assign	1	0x40526d4:rts
0x40526d6	0x40526f2	_task_assign_default	1	0x40526f0:rts
0x40526f2	0x405271a	_task_get_assignment	1	0x4052718:rts
0x405271a	0x4052778	_task_priority	1	0x4052776:rts
0x4052778	0x405278a	_current_task_EXTERNAL	1	0x4052788:rts
0x405278a	0x40527a0	_current_map_EXTERNAL	1	0x405279e:rts
0x40527a0	0x40527d4	_stack_privilege	1	0x40527d2:rts
0x40527d4	0x405290c	_thread_init	1	0x405290a:rts
0x405290c	0x4052a96	_thread_create	1	0x4052a94:rts
0x4052a96	0x4052cae	_thread_deallocate	1	0x4052cac:rts
0x4052cae	0x4052d20	_thread_deallocate_interrupt	1	0x4052d1e:rts
0x4052d20	0x4052d40	_thread_reference	1	0x4052d3e:rts
0x4052d40	0x4052e1a	_thread_terminate	1	0x4052e18:rts
0x4052e1a	0x4052e74	_thread_force_terminate	1	0x4052e72:rts
0x4052e74	0x4053072	_thread_halt	1	0x4053070:rts
0x4053072	0x4053082	_walking_zombie	0	
0x4053086	0x4053124	_thread_halt_self_with_continuation	1	0x4053122:rts
0x4053124	0x40531c4	_thread_halt_self	1	0x40531c2:rts
0x40531c4	0x40531ec	_thread_hold	1	0x40531ea:rts
0x40531ec	0x40532e4	_thread_dowait	1	0x40532e2:rts
0x40532e4	0x4053340	_thread_release	1	0x405333e:rts
0x4053340	0x40533d6	_thread_suspend	1	0x40533d4:rts
0x40533d6	0x4053456	_thread_resume	1	0x4053454:rts
0x4053456	0x40534b0	_thread_get_state	1	0x40534ae:rts
0x40534b0	0x405350a	_thread_set_state	1	0x4053508:rts
0x405350a	0x40536d2	_thread_info	1	0x40536d0:rts
0x40536d2	0x405372c	_thread_abort	1	0x405372a:rts
0x405372c	0x405373e	_thread_start	1	0x405373c:rts
0x405373e	0x40537ae	_kernel_thread	1	0x40537ac:rts
0x40537ae	0x405382a	_reaper_thread_continue	0	
0x405382c	0x4053836	_reaper_thread	0	
0x405383a	0x4053844	_thread_assign	1	0x4053842:rts
0x4053844	0x405385c	_thread_assign_default	1	0x405385a:rts
0x405385c	0x405387a	_thread_get_assignment	1	0x4053878:rts
0x405387a	0x40538e4	_thread_priority	1	0x40538e2:rts
0x40538e4	0x4053924	_thread_set_own_priority	1	0x4053922:rts
0x4053924	0x405398e	_thread_max_priority	1	0x405398c:rts
0x405398e	0x4053a60	_thread_policy	1	0x4053a5e:rts
0x4053a60	0x4053ab6	_thread_wire	1	0x4053ab4:rts
0x4053ab6	0x4053abe	_thread_collect_scan	1	0x4053abc:rts
0x4053abe	0x4053b02	_consider_thread_collect	1	0x4053b00:rts
0x4053b02	0x4053b30	_stack_usage	1	0x4053b2e:rts
0x4053b30	0x4053b56	_stack_init	1	0x4053b54:rts
0x4053b56	0x4053b7e	_stack_finalize	1	0x4053b7c:rts
0x4053b7e	0x4053bfe	_host_stack_usage	1	0x4053bfc:rts
0x4053bfe	0x4053d38	_processor_set_stack_usage	1	0x4053d36:rts
0x4053d38	0x4053d8a	_thread_stats	1	0x4053d88:rts
0x4053d8a	0x4053d98	_current_thread_EXTERNAL	1	0x4053d96:rts
0x4053d98	0x4053dae	_swapper_init	1	0x4053dac:rts
0x4053dae	0x4053e1a	_thread_swapin	1	0x4053e18:rts
0x4053e1a	0x4053e70	_thread_doswapin	1	0x4053e6e:rts
0x4053e70	0x4053edc	_swapin_thread_continue	0	
0x4053ede	0x4053ef4	_swapin_thread	0	
0x4053ef8	0x4053f9c	_calloutInitialize	1	0x4053f9a:rts
0x4053f9c	0x4054012	sub_4053F9C	1	0x4054010:rts
0x4054012	0x405409e	sub_4054012	1	0x405409c:rts
0x405409e	0x4054124	sub_405409E	1	0x4054122:rts
0x4054124	0x405414e	_calloutDeadlineFromInterval	1	0x405414c:rts
0x405414e	0x40541fa	_calloutDispatch	1	0x40541f8:rts
0x40541fa	0x40542da	_calloutDispatchUnique	1	0x40542d8:rts
0x40542da	0x40543c4	_calloutDispatchDelayed	1	0x40543c2:rts
0x40543c4	0x405440c	_calloutRemove	1	0x405440a:rts
0x405440c	0x405444e	_calloutRemoveAll	1	0x405444c:rts
0x405444e	0x405448e	_calloutEntryAllocate	1	0x405448c:rts
0x405448e	0x40544d6	_calloutEntryFree	1	0x40544d4:rts
0x40544d6	0x4054536	_calloutEntryDispatch	1	0x4054534:rts
0x4054536	0x4054596	_calloutEntryDispatchWithArgument	1	0x4054594:rts
0x4054596	0x4054632	_calloutEntryDispatchDelayed	1	0x4054630:rts
0x4054632	0x40546ce	_calloutEntryDispatchWithArgumentDelayed	1	0x40546cc:rts
0x40546ce	0x4054786	_calloutEntryRemove	1	0x4054784:rts
0x4054786	0x40547dc	sub_4054786	1	0x40547da:rts
0x40547dc	0x40548dc	sub_40547DC	1	0x40548da:rts
0x40548dc	0x40548f6	sub_40548DC	1	0x40548f4:rts
0x40548f6	0x4054964	sub_40548F6	1	0x4054962:rts
0x405497e	0x4054aaa	sub_405497E	1	0x4054aa8:rts
0x4054aaa	0x4054b72	_kern_timestamp	1	0x4054b70:rts
0x4054b72	0x4054ba6	_init_timers	1	0x4054ba4:rts
0x4054ba6	0x4054bc0	_timer_init	1	0x4054bbe:rts
0x4054bc0	0x4054c08	_timer_normalize	1	0x4054c06:rts
0x4054c08	0x4054c6c	_timer_read	1	0x4054c6a:rts
0x4054c6c	0x4054d22	_thread_read_times	1	0x4054d20:rts
0x4054d22	0x4054d62	_timer_delta	1	0x4054d60:rts
0x4054d62	0x4054dd6	sub_4054D62	1	0x4054dd4:rts
0x4054dd6	0x4054e7e	sub_4054DD6	1	0x4054e7c:rts
0x4054e7e	0x4054f1c	sub_4054E7E	1	0x4054f1a:rts
0x4054f1c	0x4054fe2	sub_4054F1C	1	0x4054fe0:rts
0x4054fe2	0x40550f2	_zinit	1	0x40550f0:rts
0x40550f2	0x405518c	_zcram	1	0x405518a:rts
0x405518c	0x4055298	_zone_free_space_add	1	0x4055296:rts
0x4055298	0x40553e2	_zone_collect	1	0x40553e0:rts
0x40553e2	0x4055582	_zone_free_space_reclaim	1	0x4055580:rts
0x4055582	0x40556d0	_zget_space	1	0x40556ce:rts
0x40556d0	0x405577e	sub_40556D0	1	0x405577c:rts
0x405577e	0x40557d8	sub_405577E	1	0x40557d6:rts
0x40557d8	0x4055870	_zone_bootstrap	1	0x405586e:rts
0x4055870	0x405589e	_zone_init	1	0x405589c:rts
0x405589e	0x4055b56	sub_405589E	1	0x4055b54:rts
0x4055b56	0x4055b6c	_zalloc	1	0x4055b6a:rts
0x4055b6c	0x4055b80	_zalloc_noblock	1	0x4055b7e:rts
0x4055b80	0x4055bfc	_zget	1	0x4055bfa:rts
0x4055bfc	0x4055c9a	_zfree	1	0x4055c98:rts
0x4055c9a	0x4055ca2	_zcollectable	1	0x4055ca0:rts
0x4055ca2	0x4055cfc	_zchange	1	0x4055cfa:rts
0x4055cfc	0x4055d86	_zone_gc	1	0x4055d84:rts
0x4055d86	0x4055dca	_consider_zone_gc	1	0x4055dc8:rts
0x4055dca	0x4055dd8	_zone_reclaim	1	0x4055dd6:rts
0x4055dd8	0x4056040	_host_zone_info	1	0x405603e:rts
0x4056040	0x4056360	_host_zone_free_space_info	1	0x405635e:rts
0x4056360	0x405689e	_kern_server_main	0	
0x40568a0	0x405691c	sub_40568A0	1	0x405691a:rts
0x405691c	0x40569ae	sub_405691C	1	0x40569ac:rts
0x40569ae	0x40569f2	_kern_serv_port_gone	1	0x40569f0:rts
0x40569f2	0x4056a06	_kern_serv_instance_loc	1	0x4056a04:rts
0x4056a06	0x4056a28	_kern_serv_version	1	0x4056a26:rts
0x4056a28	0x4056a32	_kern_serv_load_objc	1	0x4056a30:rts
0x4056a32	0x4056a48	_kern_serv_boot_port	1	0x4056a46:rts
0x4056a48	0x4056b28	_kern_serv_notify	1	0x4056b26:rts
0x4056b28	0x4056b64	_kern_serv_wire_range	1	0x4056b62:rts
0x4056b64	0x4056ba2	_kern_serv_unwire_range	1	0x4056ba0:rts
0x4056ba2	0x4056c32	_kern_serv_port_proc	1	0x4056c30:rts
0x4056c32	0x4056cc4	_kern_serv_port_serv	1	0x4056cc2:rts
0x4056cc4	0x4056cda	_kern_serv_port_death_proc	1	0x4056cd8:rts
0x4056cda	0x4056cf6	_kern_serv_call_proc	1	0x4056cf4:rts
0x4056cf6	0x4056da4	_kern_serv_shutdown	0	
0x4056da6	0x4056dec	_kern_serv_log_level	1	0x4056dea:rts
0x4056dec	0x4056ea2	_kern_serv_get_log	1	0x4056ea0:rts
0x4056ea2	0x4056f98	_kern_serv_log	1	0x4056f96:rts
0x4056f98	0x4057042	sub_4056F98	1	0x4057040:rts
0x4057042	0x405709e	sub_4057042	1	0x405709c:rts
0x405709e	0x40570de	sub_405709E	1	0x40570dc:rts
0x40570de	0x405718e	_kern_serv_callout	1	0x405718c:rts
0x405718e	0x40571aa	sub_405718E	1	0x40571a8:rts
0x40571aa	0x40571bc	_kern_serv_local_port	1	0x40571ba:rts
0x40571bc	0x40571ce	_kern_serv_bootstrap_port	1	0x40571cc:rts
0x40571ce	0x40571e0	_kern_serv_notify_port	1	0x40571de:rts
0x40571e0	0x40571f2	_kern_serv_port_set	1	0x40571f0:rts
0x40571f2	0x405723c	_kern_serv_kernel_task_port	1	0x405723a:rts
0x405723c	0x4057402	_notify_server_loop	0	
0x4057404	0x4057428	sub_4057404	0	
0x405742c	0x4057498	sub_405742C	1	0x4057496:rts
0x4057498	0x405759c	sub_4057498	1	0x405759a:rts
0x405759c	0x4057640	_port_request_notification	1	0x405763e:rts
0x4057640	0x405769a	_pnotify_start	1	0x4057698:rts
0x405769a	0x40576ce	_get_kern_port	1	0x40576cc:rts
0x4057d74	0x4057e20	_kern_serv_handler	1	0x4057e1e:rts
0x4057e20	0x4057f06	_kern_serv_panic	1	0x4057f04:rts
0x4057f06	0x4058032	_kern_serv_section_by_name	1	0x4058030:rts
0x4058032	0x4058090	_kern_serv_log_data	1	0x405808e:rts
0x4058090	0x405813c	sub_4058090	1	0x405813a:rts
0x405813c	0x40581a8	_exc_server	1	0x40581a6:rts
0x405917e	0x40591f8	_mach_host_server	1	0x40591f6:rts
0x40591f8	0x4059222	_mach_host_server_routine	1	0x4059220:rts
0x4059bf0	0x4059c6a	_mach_port_server	1	0x4059c68:rts
0x4059c6a	0x4059c94	_mach_port_server_routine	1	0x4059c92:rts
0x405b72e	0x405b7a8	_mach_server	1	0x405b7a6:rts
0x405b7a8	0x405b7d2	_mach_server_routine	1	0x405b7d0:rts
0x405b7d2	0x405b960	sub_405B7D2	1	0x405b95e:rts
0x405b960	0x405baec	sub_405B960	1	0x405baea:rts
0x405bd24	0x405beda	sub_405BD24	1	0x405bed8:rts
0x405c08a	0x405c104	_mach_debug_server	1	0x405c102:rts
0x405c104	0x405c12e	_mach_debug_server_routine	1	0x405c12c:rts
0x405c12e	0x405c284	sub_405C12E	0	
0x405c28a	0x405c2d2	_ux_handler_init	1	0x405c2d0:rts
0x405c2d2	0x405c390	_catch_exception_raise	1	0x405c38e:rts
0x405c390	0x405c43c	sub_405C390	1	0x405c43a:rts
0x405c43c	0x405d07e	_vm_fault	1	0x405d07c:rts
0x405d07e	0x405d0ee	_vm_fault_wire	1	0x405d0ec:rts
0x405d0ee	0x405d172	_vm_fault_unwire	1	0x405d170:rts
0x405d172	0x405d292	_vm_fault_copy_entry	1	0x405d290:rts
0x405d292	0x405d3d4	_vm_fault_wire_fast	1	0x405d3d2:rts
0x405d3d4	0x405d448	_vm_mem_init	1	0x405d446:rts
0x405d448	0x405d592	sub_405D448	1	0x405d590:rts
0x405d592	0x405d5ce	_kmem_alloc	1	0x405d5cc:rts
0x405d5ce	0x405d6cc	_kmem_realloc	1	0x405d6ca:rts
0x405d6cc	0x405d6f4	_kmem_alloc_wired	1	0x405d6f2:rts
0x405d6f4	0x405d740	_kmem_alloc_pageable	1	0x405d73e:rts
0x405d740	0x405d774	_kmem_free	1	0x405d772:rts
0x405d774	0x405d804	sub_405D774	1	0x405d802:rts
0x405d804	0x405d8e2	_kmem_suballoc	1	0x405d8e0:rts
0x405d8e2	0x405d936	_kmem_init	1	0x405d934:rts
0x405d936	0x405d996	_copyinmap	1	0x405d994:rts
0x405d996	0x405d9f6	_copyoutmap	1	0x405d9f4:rts
0x405d9f6	0x405da1e	_kmem_alloc_zone	1	0x405da1c:rts
0x405da1e	0x405dc04	_kmem_mb_alloc	1	0x405dc02:rts
0x405dc04	0x405dcba	_kmem_alloc_wait	1	0x405dcb8:rts
0x405dcba	0x405dd16	_kmem_free_wakeup	1	0x405dd14:rts
0x405dd16	0x405ddc4	_vm_map_init	1	0x405ddc2:rts
0x405ddc4	0x405de4e	_vm_map_create	1	0x405de4c:rts
0x405de4e	0x405de90	__vm_map_entry_create	1	0x405de8e:rts
0x405de90	0x405debc	__vm_map_entry_dispose	1	0x405deba:rts
0x405debc	0x405ded0	_vm_map_reference	1	0x405dece:rts
0x405ded0	0x405df2c	_vm_map_deallocate	1	0x405df2a:rts
0x405df2c	0x405e088	_vm_map_insert	1	0x405e086:rts
0x405e088	0x405e100	_vm_map_lookup_entry	1	0x405e0fe:rts
0x405e100	0x405e1e0	_vm_map_find	1	0x405e1de:rts
0x405e1e0	0x405e270	__vm_map_clip_start	1	0x405e26e:rts
0x405e270	0x405e2fc	__vm_map_clip_end	1	0x405e2fa:rts
0x405e2fc	0x405e3fe	_vm_map_submap	1	0x405e3fc:rts
0x405e3fe	0x405e624	_vm_map_protect	1	0x405e622:rts
0x405e624	0x405e6f8	_vm_map_inherit	1	0x405e6f6:rts
0x405e6f8	0x405e916	_vm_map_pageable	1	0x405e914:rts
0x405e916	0x405e938	_vm_map_entry_unwire	1	0x405e936:rts
0x405e938	0x405e9b0	_vm_map_entry_delete	1	0x405e9ae:rts
0x405e9b0	0x405ead0	_vm_map_delete	1	0x405eace:rts
0x405ead0	0x405eb2e	_vm_map_remove	1	0x405eb2c:rts
0x405eb2e	0x405eb94	_vm_map_check_protection	1	0x405eb92:rts
0x405eb94	0x405ed0a	_vm_map_copy_entry	1	0x405ed08:rts
0x405ed0a	0x405f0a0	_vm_map_copy	1	0x405f09e:rts
0x405f0a0	0x405f2da	_vm_map_fork	1	0x405f2d8:rts
0x405f2da	0x405f4c0	_vm_map_lookup	1	0x405f4be:rts
0x405f4c0	0x405f4e8	_vm_map_lookup_done	1	0x405f4e6:rts
0x405f4e8	0x405f548	_vm_map_machine_attribute	1	0x405f546:rts
0x405f548	0x405f68e	_vm_region	1	0x405f68c:rts
0x405f68e	0x405f72c	_vm_move	1	0x405f72a:rts
0x405f72c	0x405f73c	_vm_map_pmap_EXTERNAL	1	0x405f73a:rts
0x405f73c	0x405f7a8	_vm_mem_ppi	1	0x405f7a6:rts
0x405f7a8	0x405f7f0	_vm_valid_page	1	0x405f7ee:rts
0x405f7f0	0x405f85c	_vm_phys_to_vm_page	1	0x405f85a:rts
0x405f85c	0x405f86e	_vm_region_to_vm_page	1	0x405f86c:rts
0x405f86e	0x405f8de	_vm_alloc_from_regions	1	0x405f8dc:rts
0x405f8de	0x405fa6c	_vm_object_init	1	0x405fa6a:rts
0x405fa6c	0x405fa9e	_vm_object_allocate	1	0x405fa9c:rts
0x405fa9e	0x405fb04	__vm_object_allocate	1	0x405fb02:rts
0x405fb04	0x405fb18	_vm_object_reference	1	0x405fb16:rts
0x405fb18	0x405fbbc	_vm_object_deallocate	1	0x405fbba:rts
0x405fbbc	0x405fd08	_vm_object_terminate	1	0x405fd06:rts
0x405fd08	0x405fd28	_vm_object_destroy	1	0x405fd26:rts
0x405fd28	0x405fd60	_vm_object_deactivate_pages	1	0x405fd5e:rts
0x405fd60	0x405fdae	_vm_object_cache_trim	1	0x405fdac:rts
0x405fdae	0x405fdda	_vm_object_cache_object	1	0x405fdd8:rts
0x405fdda	0x405fde8	_vm_object_shutdown	1	0x405fde6:rts
0x405fde8	0x405fe3e	_vm_object_pmap_copy	1	0x405fe3c:rts
0x405fe3e	0x405fe86	_vm_object_pmap_remove	1	0x405fe84:rts
0x405fe86	0x405ffa4	_vm_object_copy	1	0x405ffa2:rts
0x405ffa4	0x405ffea	_vm_object_shadow	1	0x405ffe8:rts
0x405ffea	0x4060002	_vm_object_setpager	1	0x4060000:rts
0x4060002	0x4060080	_vm_object_lookup	1	0x406007e:rts
0x4060080	0x40600e2	_vm_object_enter	1	0x40600e0:rts
0x40600e2	0x406014c	_vm_object_remove	1	0x406014a:rts
0x406014c	0x406019c	_vm_object_cache_clear	1	0x406019a:rts
0x406019c	0x4060340	_vm_object_collapse	1	0x406033e:rts
0x4060340	0x4060392	_vm_object_page_remove	1	0x4060390:rts
0x4060392	0x4060402	_vm_object_coalesce	1	0x4060400:rts
0x4060402	0x4060418	_vm_object_request_object	1	0x4060416:rts
0x4060418	0x4060422	_vm_object_name	1	0x4060420:rts
0x4060422	0x406070e	_vm_pageout_scan	1	0x406070c:rts
0x406070e	0x406087a	_vm_pageout	0	
0x406087c	0x4060884	_vm_pager_init	1	0x4060882:rts
0x4060884	0x40608be	_vm_pager_get	1	0x40608bc:rts
0x40608be	0x4060902	_vm_pager_put	1	0x4060900:rts
0x4060902	0x406093c	_vm_pager_deallocate	1	0x406093a:rts
0x406093c	0x406094e	_vm_pager_allocate	1	0x406094c:rts
0x406094e	0x4060982	_vm_pager_has_page	1	0x4060980:rts
0x4060982	0x4060a50	sub_4060982	1	0x4060a4e:rts
0x4060a50	0x4060af6	_vm_policy_apply	1	0x4060af4:rts
0x4060af6	0x4060b78	sub_4060AF6	1	0x4060b76:rts
0x4060b78	0x4060c18	sub_4060B78	1	0x4060c16:rts
0x4060c18	0x4060cbc	sub_4060C18	1	0x4060cba:rts
0x4060cbc	0x4060d06	_vm_set_policy	1	0x4060d04:rts
0x4060d06	0x4060d10	_vm_fault_range	1	0x4060d0e:rts
0x4060d10	0x4060d52	_vm_deactivate	1	0x4060d50:rts
0x4060d52	0x4060dba	_vm_set_page_size	1	0x4060db8:rts
0x4060dba	0x406114c	_vm_page_startup	1	0x406114a:rts
0x406114c	0x40611da	_vm_page_insert	1	0x40611d8:rts
0x40611da	0x4061276	_vm_page_remove	1	0x4061274:rts
0x4061276	0x40612d8	_vm_page_lookup	1	0x40612d6:rts
0x40612d8	0x406130a	_vm_page_rename	1	0x4061308:rts
0x406130a	0x4061376	_vm_page_init	1	0x4061374:rts
0x4061376	0x4061510	_vm_page_alloc_sequential	1	0x406150e:rts
0x4061510	0x406153c	_vm_page_free	1	0x406153a:rts
0x406153c	0x40615e8	_vm_page_addfree	1	0x40615e6:rts
0x40615e8	0x406169a	_vm_page_wire	1	0x4061698:rts
0x406169a	0x40616ea	_vm_page_unwire	1	0x40616e8:rts
0x40616ea	0x4061796	_vm_page_deactivate	1	0x4061794:rts
0x4061796	0x4061846	_vm_page_activate	1	0x4061844:rts
0x4061846	0x406185e	_vm_page_zero_fill	1	0x406185c:rts
0x406185e	0x406187c	_vm_page_copy	1	0x406187a:rts
0x406187c	0x406188c	_vm_page_to_phys	1	0x406188a:rts
0x406188c	0x40618d0	_vm_synchronize	1	0x40618ce:rts
0x40618d0	0x406197e	sub_40618D0	1	0x406197c:rts
0x406197e	0x4061a64	sub_406197E	1	0x4061a62:rts
0x4061a64	0x4061b0e	sub_4061A64	1	0x4061b0c:rts
0x4061b0e	0x4061b5c	_useracc	1	0x4061b5a:rts
0x4061b5c	0x4061b9c	_vslock	1	0x4061b9a:rts
0x4061b9c	0x4061c4e	_vsunlock	1	0x4061c4c:rts
0x4061c4e	0x4061c78	_subyte	1	0x4061c76:rts
0x4061c78	0x4061ca2	_suibyte	1	0x4061ca0:rts
0x4061ca2	0x4061cca	_fubyte	1	0x4061cc8:rts
0x4061cca	0x4061cf2	_fuibyte	1	0x4061cf0:rts
0x4061cf2	0x4061d16	_suword	1	0x4061d14:rts
0x4061d16	0x4061d3c	_fuword	1	0x4061d3a:rts
0x4061d3c	0x4061d60	_suiword	1	0x4061d5e:rts
0x4061d60	0x4061d86	_fuiword	1	0x4061d84:rts
0x4061d86	0x4061d8e	_swapon	1	0x4061d8c:rts
0x4061d8e	0x4061f1e	_procdup	1	0x4061f1c:rts
0x4061f1e	0x4061f6a	_chgprot	1	0x4061f68:rts
0x4061f6a	0x4061f96	_unix_pid	1	0x4061f94:rts
0x4061f96	0x4062024	_task_by_unix_pid	1	0x4062022:rts
0x4062024	0x4062080	_task_by_pid	1	0x406207e:rts
0x4062080	0x4062168	_vm_object_special	1	0x4062166:rts
0x4062168	0x4062178	_device_pagein	0	
0x406217c	0x406218c	_device_pageout	0	
0x4062190	0x40621cc	_device_dealloc	1	0x40621ca:rts
0x40621cc	0x40622a4	_fake_u	1	0x40622a2:rts
0x40622a4	0x40622b2	_gc_init	1	0x40622b0:rts
0x40622b2	0x406232c	_gc_control	1	0x406232a:rts
0x406232c	0x4062344	_vm_user_init	1	0x4062342:rts
0x4062344	0x406241c	_vm_allocate_with_pager	1	0x406241a:rts
0x406241c	0x406247e	_vm_allocate	1	0x406247c:rts
0x406247e	0x40624c8	_vm_deallocate	1	0x40624c6:rts
0x40624c8	0x406250c	_vm_inherit	1	0x406250a:rts
0x406250c	0x4062554	_vm_protect	1	0x4062552:rts
0x4062554	0x40625ee	_vm_statistics	1	0x40625ec:rts
0x40625ee	0x4062618	_vm_machine_attribute	1	0x4062616:rts
0x4062618	0x40626ce	_vm_read	1	0x40626cc:rts
0x40626ce	0x406272a	_vm_write	1	0x4062728:rts
0x406272a	0x4062790	_vm_copy	1	0x406278e:rts
0x4062790	0x40627a0	_vnode_pager_vput	1	0x406279e:rts
0x40627a0	0x40627b4	_vnode_pager_vget	1	0x40627b2:rts
0x40627b4	0x406289e	_vnode_pager_allocpage	1	0x406289c:rts
0x406289e	0x40628fa	_vnode_pager_findpage	1	0x40628f8:rts
0x40628fa	0x4062976	sub_40628FA	1	0x4062974:rts
0x4062976	0x4062a70	_pagerfile_pager_create	1	0x4062a6e:rts
0x4062a70	0x4062ad4	sub_4062A70	1	0x4062ad2:rts
0x4062ad4	0x4062d88	sub_4062AD4	1	0x4062d86:rts
0x4062d88	0x4062de8	_vnode_pager_create	1	0x4062de6:rts
0x4062de8	0x4062e70	_vnode_pager_setup	1	0x4062e6e:rts
0x4062e70	0x4062f2a	_vnode_pagein	1	0x4062f28:rts
0x4062f2a	0x406303a	_vnode_pageout	1	0x4063038:rts
0x406303a	0x4063092	_vnode_has_page	1	0x4063090:rts
0x4063092	0x4063266	_vnode_pager_file_init	1	0x4063264:rts
0x4063266	0x40632b6	_vnode_pager_shutdown	1	0x40632b4:rts
0x40632b6	0x40633ee	_mach_swapon	1	0x40633ec:rts
0x40633ee	0x4063476	_vswap_allocate	1	0x4063474:rts
0x4063476	0x40634a0	_vnode_alloc	1	0x406349e:rts
0x40634a0	0x40635b6	_vnode_pager_truncate	1	0x40635b4:rts
0x40635b6	0x406362e	sub_40635B6	1	0x406362c:rts
0x406362e	0x406377c	_vnode_dealloc	1	0x406377a:rts
0x406377c	0x4063834	_vnode_uncache	1	0x4063832:rts
0x4063834	0x406386e	_vnode_pager_init	1	0x406386c:rts
0x406386e	0x406388c	_volopen	1	0x406388a:rts
0x406388c	0x406389c	_volclose	1	0x406389a:rts
0x406389c	0x40639f6	_volioctl	1	0x40639f4:rts
0x40639f6	0x4063a24	_vol_notify_dev	1	0x4063a22:rts
0x4063a24	0x4063bca	sub_4063A24	1	0x4063bc8:rts
0x4063bca	0x4063c72	_vol_notify_cancel	1	0x4063c70:rts
0x4063c72	0x4063ea4	_vol_panel_request	1	0x4063ea2:rts
0x4063ea4	0x4063f5a	_vol_panel_remove	1	0x4063f58:rts
0x4063f5a	0x4063f9e	_vol_panel_disk_num	1	0x4063f9c:rts
0x4063f9e	0x4063fde	_vol_panel_disk_label	1	0x4063fdc:rts
0x4063fde	0x4064090	sub_4063FDE	0	
0x4064092	0x40640ea	sub_4064092	1	0x40640e8:rts
0x40640ea	0x4064180	sub_40640EA	1	0x406417e:rts
0x4064180	0x4064216	_vol_start_thread	1	0x4064214:rts
0x4064216	0x40643a6	_adb_initialize	1	0x40643a4:rts
0x40643a6	0x40643b6	_adb_suspend_poll	1	0x40643b4:rts
0x40643b6	0x40643e6	_adb_resume_poll	1	0x40643e4:rts
0x40643e6	0x40644dc	sub_40643E6	1	0x40644da:rts
0x40644dc	0x40645b6	_adb_poll_keyboard	1	0x40645b4:rts
0x40645b6	0x40645ea	sub_40645B6	1	0x40645e8:rts
0x40645ea	0x406467e	sub_40645EA	1	0x406467c:rts
0x406467e	0x406470e	_adb_talk	1	0x406470c:rts
0x406470e	0x4064748	_adb_listen	1	0x4064746:rts
0x4064748	0x4064792	_adb_force_NMI	1	0x4064790:rts
0x4064792	0x4064802	_adb_watchdog	1	0x4064800:rts
0x4064802	0x40648ac	_adb_system_info	1	0x40648aa:rts
0x40648ac	0x406491e	_adb_keyboard_LED	1	0x406491c:rts
0x406491e	0x40649fe	_adb_keybd_init	1	0x40649fc:rts
0x40649fe	0x406500e	_adb_keyboard	1	0x406500c:rts
0x406500e	0x406589a	_adb_check_keyboard	1	0x4065898:rts
0x406589a	0x4065a96	_adb_mouse_init	1	0x4065a94:rts
0x4065a96	0x4065b92	_adb_mouse	1	0x4065b90:rts
0x4065b92	0x4065ba4	_adb_mouse_present	1	0x4065ba2:rts
0x4065ba4	0x4065bb4	_adb_keybd_present	1	0x4065bb2:rts
0x4065bb4	0x4065bbc	_adb_null	1	0x4065bba:rts
0x4065bbc	0x4065c02	_configure	1	0x4065c00:rts
0x4065c02	0x4065f0a	sub_4065C02	1	0x4065f08:rts
0x4065f0a	0x4065f50	_intr_spurious	1	0x4065f4e:rts
0x4065f50	0x4065fb0	_install_polled_intr	1	0x4065fae:rts
0x4065fb0	0x4066060	_install_scanned_intr	1	0x406605e:rts
0x4066060	0x40660d8	_uninstall_polled_intr	1	0x40660d6:rts
0x40660d8	0x406618e	_uninstall_scanned_intr	1	0x406618c:rts
0x406618e	0x406622e	_map_addr	1	0x406622c:rts
0x406622e	0x40662aa	_dev_find	1	0x40662a8:rts
0x40662aa	0x406631e	_ioaccess	1	0x406631c:rts
0x406631e	0x406632c	_swapconf	1	0x406632a:rts
0x406632c	0x40663b8	_busgo	1	0x40663b6:rts
0x40663b8	0x4066410	_busdone	1	0x406640e:rts
0x4066410	0x40664c6	_dma_init	1	0x40664c4:rts
0x40664c6	0x40664ee	_dma_close	1	0x40664ec:rts
0x40664ee	0x406655a	sub_40664EE	1	0x4066558:rts
0x406655a	0x40665dc	_dma_enqueue	1	0x40665da:rts
0x40665dc	0x4066614	_dma_dequeue	1	0x4066612:rts
0x4066614	0x406690a	_dma_list	1	0x4066908:rts
0x406690a	0x4066f8e	_dma_start	1	0x4066f8c:rts
0x4066f8e	0x4067058	_dma_cleanup	1	0x4067056:rts
0x4067058	0x40670f6	_dma_abort	1	0x40670f4:rts
0x40670f6	0x406760a	_dma_intr	1	0x4067608:rts
0x406760a	0x40676b8	_cache_flush	1	0x40676b6:rts
0x40676b8	0x40677de	_nitro_cache_flush	1	0x40677dc:rts
0x40677de	0x40678ce	_vcopy	1	0x40678cc:rts
0x40678ce	0x4067960	_evinit	1	0x406795e:rts
0x4067960	0x40679ec	_evopen	1	0x40679ea:rts
0x40679ec	0x4067abe	_evclose	1	0x4067abc:rts
0x4067abe	0x4067b36	_evselect	1	0x4067b34:rts
0x4067b36	0x4067cb4	_evmmap	1	0x4067cb2:rts
0x4067cb4	0x4067d6c	_ev_m_intr	1	0x4067d6a:rts
0x4067d6c	0x4067e2e	_ev_k_intr	1	0x4067e2c:rts
0x4067e2e	0x40680a4	_evintr	1	0x40680a2:rts
0x40680a4	0x40682e2	_evvert	1	0x40682e0:rts
0x40682e2	0x40683b6	sub_40682E2	1	0x40683b4:rts
0x40683b6	0x4068454	sub_40683B6	0	
0x4068456	0x40684a6	_evnewevents	1	0x40684a4:rts
0x40684a6	0x4068710	_LLEventPost	1	0x406870e:rts
0x4068710	0x4068894	_evioctl	1	0x4068892:rts
0x4068894	0x4068ecc	_evsioctl	1	0x4068eca:rts
0x4068ecc	0x4068f24	sub_4068ECC	1	0x4068f22:rts
0x4068f24	0x4068fa2	sub_4068F24	1	0x4068fa0:rts
0x4068fa2	0x4069026	_process_kbd_event	1	0x4069024:rts
0x4069026	0x406908c	_process_device_mods	1	0x406908a:rts
0x406908c	0x40690bc	_AlphaLockFeedback	1	0x40690ba:rts
0x40690bc	0x40690f8	_process_adb_event	1	0x40690f6:rts
0x40690f8	0x4069156	_SetCurBrightness	1	0x4069154:rts
0x4069156	0x406917c	_DoAutoDim	1	0x406917a:rts
0x406917c	0x40691ac	_UndoAutoDim	1	0x40691aa:rts
0x40691ac	0x40691dc	_RecordBrightness	1	0x40691da:rts
0x40691dc	0x40691fc	_DoBrightnessChange	1	0x40691fa:rts
0x40691fc	0x4069250	_SetAttenuation	1	0x406924e:rts
0x4069250	0x4069364	_DoSoundKey	1	0x4069362:rts
0x4069364	0x40693ca	sub_4069364	1	0x40693c8:rts
0x40693ca	0x40694ae	_DoSpecialKey	1	0x40694ac:rts
0x40694ae	0x40694da	sub_40694AE	1	0x40694d8:rts
0x40694da	0x40697d4	_SetKeyMapping	1	0x40697d2:rts
0x40697d4	0x40698a8	_CalcModBit	1	0x40698a6:rts
0x40698a8	0x4069916	_DoModCalc	1	0x4069914:rts
0x4069916	0x4069c24	_DoCharGen	1	0x4069c22:rts
0x4069c24	0x4069ce2	_DoKbdEvent	1	0x4069ce0:rts
0x4069ce2	0x4069d3a	_DoKbdRepeat	1	0x4069d38:rts
0x4069d3a	0x4069d84	_ResetKbd	1	0x4069d82:rts
0x4069d84	0x4069e12	_InitKbd	1	0x4069e10:rts
0x4069e12	0x4069eb8	_AllKeysUp	1	0x4069eb6:rts
0x4069eb8	0x406a0d0	_MoveTheCursor	1	0x406a0ce:rts
0x406a0d0	0x406a29c	_process_mouse_event	1	0x406a29a:rts
0x406a29c	0x406a394	_mouse_motion	1	0x406a392:rts
0x406a394	0x406a3ca	_ShowWaitCursor	1	0x406a3c8:rts
0x406a3ca	0x406a3e4	_HideWaitCursor	1	0x406a3e2:rts
0x406a3e4	0x406a40a	_AnimateWaitCursor	1	0x406a408:rts
0x406a40a	0x406a49e	_evsetup_screens	1	0x406a49c:rts
0x406a49e	0x406a522	_ev_register_screen	1	0x406a520:rts
0x406a522	0x406a59a	_ev_unregister_screen	1	0x406a598:rts
0x406a59a	0x406a668	_InitMouseVars	1	0x406a666:rts
0x406a668	0x406a7a8	_InitMouse	1	0x406a7a6:rts
0x406a7a8	0x406a7ca	_TermMouse	1	0x406a7c8:rts
0x406a7ca	0x406a7e6	_ResetMouse	1	0x406a7e4:rts
0x406a7e6	0x406a86a	_StartCursor	1	0x406a868:rts
0x406a86a	0x406a992	_evdispatch	1	0x406a990:rts
0x406a992	0x406a9d4	_evretry	1	0x406a9d2:rts
0x406a9d4	0x406aa0c	sub_406A9D4	1	0x406aa0a:rts
0x406aa0c	0x406aa70	sub_406AA0C	1	0x406aa6e:rts
0x406aa70	0x406ac7a	_fc_cmd_xfr	1	0x406ac78:rts
0x406ac7a	0x406ad40	_fc_eject	1	0x406ad3e:rts
0x406ad40	0x406ad94	_fc_motor_on	1	0x406ad92:rts
0x406ad94	0x406adbc	_fc_motor_off	1	0x406adba:rts
0x406adbc	0x406b2d4	_fc_send_cmd	1	0x406b2d2:rts
0x406b2d4	0x406b346	sub_406B2D4	1	0x406b344:rts
0x406b346	0x406b38a	sub_406B346	1	0x406b388:rts
0x406b38a	0x406b448	sub_406B38A	1	0x406b446:rts
0x406b448	0x406b4da	_fc_start_timer	1	0x406b4d8:rts
0x406b4da	0x406b512	_fc_timeout	1	0x406b510:rts
0x406b512	0x406b546	_fc_stop_timer	1	0x406b544:rts
0x406b546	0x406b6ea	_fd_slave	1	0x406b6e8:rts
0x406b6ea	0x406b7dc	_fd_attach	1	0x406b7da:rts
0x406b7dc	0x406ba5a	_fd_attach_com	1	0x406ba58:rts
0x406ba5a	0x406baa0	_fdsize	1	0x406ba9e:rts
0x406baa0	0x406bbb2	_fdopen	1	0x406bbb0:rts
0x406bbb2	0x406bc58	_fdclose	1	0x406bc56:rts
0x406bc58	0x406bce0	_fdread	1	0x406bcde:rts
0x406bce0	0x406bd66	_fdwrite	1	0x406bd64:rts
0x406bd66	0x406bd84	sub_406BD66	1	0x406bd82:rts
0x406bd84	0x406befc	_fdstrategy	1	0x406befa:rts
0x406befc	0x406c490	_fdioctl	1	0x406c48e:rts
0x406c490	0x406c55c	_fd_command	1	0x406c55a:rts
0x406c55c	0x406c7be	_fc_probe	1	0x406c7bc:rts
0x406c7be	0x406c7e6	_fc_slave	1	0x406c7e4:rts
0x406c7e6	0x406c7ee	_fc_go	1	0x406c7ec:rts
0x406c7ee	0x406c80c	_fc_init	1	0x406c80a:rts
0x406c80c	0x406c8da	_fc_start	1	0x406c8d8:rts
0x406c8da	0x406cd48	_fc_thread	1	0x406cd46:rts
0x406cd48	0x406ce78	sub_406CD48	1	0x406ce76:rts
0x406ce78	0x406cf86	_fc_82077_reset	1	0x406cf84:rts
0x406cf86	0x406cfb6	_fc_send_byte	1	0x406cfb4:rts
0x406cfb6	0x406cfe8	_fc_get_byte	1	0x406cfe6:rts
0x406cfe8	0x406d082	sub_406CFE8	1	0x406d080:rts
0x406d082	0x406d0a0	_fc_flpctl_bset	1	0x406d09e:rts
0x406d0a0	0x406d0c0	_fc_flpctl_bclr	1	0x406d0be:rts
0x406d0c0	0x406d152	sub_406D0C0	1	0x406d150:rts
0x406d152	0x406d1ba	_fc_configure	1	0x406d1b8:rts
0x406d1ba	0x406d3e2	_fc_specify	1	0x406d3e0:rts
0x406d476	0x406d5ce	sub_406D476	1	0x406d5cc:rts
0x406d5ce	0x406d62e	sub_406D5CE	1	0x406d62c:rts
0x406d65c	0x406d688	_fc_flags_bset	1	0x406d686:rts
0x406d688	0x406d6b6	_fc_flags_bclr	1	0x406d6b4:rts
0x406d6b6	0x406d8a6	_fd_start	1	0x406d8a4:rts
0x406d8a6	0x406db14	_fd_intr	1	0x406db12:rts
0x406db14	0x406db60	sub_406DB14	1	0x406db5e:rts
0x406db60	0x406dc10	_fd_done	1	0x406dc0e:rts
0x406dc10	0x406dcc0	sub_406DC10	1	0x406dcbe:rts
0x406dcc0	0x406dd96	sub_406DCC0	1	0x406dd94:rts
0x406dd96	0x406de1a	_fd_get_label	1	0x406de18:rts
0x406de1a	0x406de98	_fd_write_label	1	0x406de96:rts
0x406de98	0x406df90	_fd_live_rw	1	0x406df8e:rts
0x406df90	0x406dfec	_fd_raw_rw	1	0x406dfea:rts
0x406dfec	0x406e08c	_fd_readid	1	0x406e08a:rts
0x406e08c	0x406e0d2	_fd_get_status	1	0x406e0d0:rts
0x406e0d2	0x406e102	_fd_recal	1	0x406e100:rts
0x406e102	0x406e14a	_fd_seek	1	0x406e148:rts
0x406e14a	0x406e192	_fd_basic_cmd	1	0x406e190:rts
0x406e192	0x406e1d8	sub_406E192	1	0x406e1d6:rts
0x406e1d8	0x406e234	_fd_gen_seek	1	0x406e232:rts
0x406e234	0x406e286	sub_406E234	1	0x406e284:rts
0x406e286	0x406e318	_fd_new_fv	1	0x406e316:rts
0x406e318	0x406e372	_fd_free_fv	1	0x406e370:rts
0x406e372	0x406e3b0	_fd_assign_dv	1	0x406e3ae:rts
0x406e3b0	0x406e526	_v2d_map	1	0x406e524:rts
0x406e526	0x406e574	_ts_diff	1	0x406e572:rts
0x406e574	0x406e59e	_ts_greater	1	0x406e59c:rts
0x406e59e	0x406e5bc	_ts_add	1	0x406e5ba:rts
0x406e5bc	0x406e640	_fc_thread_timer	1	0x406e63e:rts
0x406e640	0x406e68c	_fd_thread_block	1	0x406e68a:rts
0x406e68c	0x406e6e0	_fd_set_density_info	1	0x406e6de:rts
0x406e6e0	0x406e758	_fd_set_sector_size	1	0x406e756:rts
0x406e758	0x406e794	_fd_get_sectsize_info	1	0x406e792:rts
0x406e794	0x406e83c	_fd_setbratio	1	0x406e83a:rts
0x406e83c	0x406ec7a	_volume_check	0	
0x406ec7c	0x406ecf4	sub_406EC7C	1	0x406ecf2:rts
0x406ecf4	0x406ed7a	sub_406ECF4	1	0x406ed78:rts
0x406ed7a	0x406ee4e	_volume_notify	1	0x406ee4c:rts
0x406ee4e	0x406ee78	sub_406EE4E	1	0x406ee76:rts
0x406ee78	0x406eeb4	_vol_check_timeout	1	0x406eeb2:rts
0x406eeb4	0x406ef08	sub_406EEB4	1	0x406ef06:rts
0x406ef08	0x406efd6	sub_406EF08	1	0x406efd4:rts
0x406efd6	0x406f052	sub_406EFD6	1	0x406f050:rts
0x406f052	0x406f0a2	sub_406F052	1	0x406f0a0:rts
0x406f0fe	0x406f1a8	_kminit	1	0x406f1a6:rts
0x406f1a8	0x406f1f0	_kminit2	1	0x406f1ee:rts
0x406f1f0	0x406f38a	_kmopen	1	0x406f388:rts
0x406f38a	0x406f3c8	_kmclose	1	0x406f3c6:rts
0x406f3c8	0x406f3f8	_kmread	1	0x406f3f6:rts
0x406f3f8	0x406f428	_kmwrite	1	0x406f426:rts
0x406f428	0x406f458	_kmselect	1	0x406f456:rts
0x406f458	0x406f542	_kmstart	1	0x406f540:rts
0x406f542	0x406f6b6	_kmoutput	1	0x406f6b4:rts
0x406f6b6	0x406fe0e	_kmpopup	1	0x406fe0c:rts
0x406fe0e	0x406fe72	_km_big	1	0x406fe70:rts
0x406fe72	0x4070056	_kmrestore	1	0x4070054:rts
0x4070056	0x40702aa	_kmioctl	1	0x40702a8:rts
0x40702aa	0x40702da	_km_input	1	0x40702d8:rts
0x40702da	0x4070358	_km_autorepeat	1	0x4070356:rts
0x4070358	0x4070392	_reconpoll	1	0x4070390:rts
0x4070392	0x4070448	_kmintr_process	1	0x4070446:rts
0x4070448	0x4070490	_kmputc	1	0x407048e:rts
0x4070490	0x407050a	_kmgetc	1	0x4070508:rts
0x407050a	0x407057c	_kmgetc_silent	1	0x407057a:rts
0x407057c	0x40705d8	_kmtrygetc	1	0x40705d6:rts
0x40705d8	0x4070664	sub_40705D8	1	0x4070662:rts
0x4070664	0x407072c	_kybd_process	1	0x407072a:rts
0x407072c	0x407077c	_km_send	1	0x407077a:rts
0x407077c	0x40707ca	_km_reset	1	0x40707c8:rts
0x40707ca	0x4070aa4	_km_drawrect	1	0x4070aa2:rts
0x4070aa4	0x4070bce	_km_eraserect	1	0x4070bcc:rts
0x4070bce	0x4070c88	_km_clear_win	1	0x4070c86:rts
0x4070c88	0x4070ccc	_km_clear_screen	1	0x4070cca:rts
0x4070ccc	0x4071486	_kmpaint	1	0x4071484:rts
0x4071486	0x407153c	_km_flip_cursor	1	0x407153a:rts
0x407153c	0x4071624	_km_clear_eol	1	0x4071622:rts
0x4071624	0x4071704	_alert	1	0x4071702:rts
0x4071704	0x4071754	_alert_done	1	0x4071752:rts
0x4071754	0x4071854	_alert_lock_screen	1	0x4071852:rts
0x4071854	0x40718f4	_km_power_down	1	0x40718f2:rts
0x40718f4	0x4071a12	_km_switch_to_vm	1	0x4071a10:rts
0x4071a12	0x4071aa4	sub_4071A12	1	0x4071aa2:rts
0x4071aa4	0x4071b34	_km_select_console	1	0x4071b32:rts
0x4071b34	0x4071da0	_km_try_slot	1	0x4071d9e:rts
0x4071da0	0x4071dcc	_km_begin_access	1	0x4071dca:rts
0x4071dcc	0x4071e0e	_km_end_access	1	0x4071e0c:rts
0x4071e0e	0x4071e80	_km_convert_addr	1	0x4071e7e:rts
0x4071e80	0x4072264	_km_run_pcode	1	0x4072262:rts
0x4072264	0x4072282	_mmopen	1	0x4072280:rts
0x4072282	0x407229c	_mmread	1	0x407229a:rts
0x407229c	0x40722b8	_mmwrite	1	0x40722b6:rts
0x40722b8	0x4072440	_mmrw	1	0x407243e:rts
0x4072440	0x407247e	_mmmmap	1	0x407247c:rts
0x407247e	0x40724a4	_mon_reset	1	0x40724a2:rts
0x40724a4	0x40724ac	_mon_send	0	
0x40724ac	0x4072534	_lpr_send	0	
0x4072534	0x407254a	sub_4072534	1	0x4072548:rts
0x407254a	0x4072552	_mon_csr_and	0	
0x4072552	0x4072596	_lpr_csr_and	1	0x4072594:rts
0x4072596	0x407259e	_mon_csr_or	0	
0x407259e	0x40725e2	_lpr_csr_or	1	0x40725e0:rts
0x40725e2	0x4072672	_nbic_bus_enable	1	0x4072670:rts
0x4072672	0x40726d0	_nbic_configure	1	0x40726ce:rts
0x40726d0	0x40726e6	_np_send	1	0x40726e4:rts
0x40726e6	0x4072752	_np_recv	1	0x4072750:rts
0x4072752	0x407278a	_np_nap	1	0x4072788:rts
0x407278a	0x40727a4	_np_gpiwait_timeout	1	0x40727a2:rts
0x40727a4	0x40727f0	_np_gpinwait	1	0x40727ee:rts
0x40727f0	0x407283e	_np_setmask	1	0x407283c:rts
0x407283e	0x407288e	_np_clearmask	1	0x407288c:rts
0x407288e	0x40728d8	_np_setgpout	1	0x40728d6:rts
0x40728d8	0x4072924	_np_cleargpout	1	0x4072922:rts
0x4072924	0x40729fa	_np_getgpi	1	0x40729f8:rts
0x40729fa	0x4072a20	_np_serial_timeout	1	0x4072a1e:rts
0x4072a20	0x4072efa	_np_serial_cmd	1	0x4072ef8:rts
0x4072efa	0x4072fce	_np_setstate	1	0x4072fcc:rts
0x4072fce	0x407302e	_np_setstate_rdyerr	1	0x407302c:rts
0x407302e	0x4073178	_np_power_on	1	0x4073176:rts
0x4073178	0x4073210	_np_power_off	1	0x407320e:rts
0x4073210	0x4073448	_np_init_printer	1	0x4073446:rts
0x4073448	0x40734b2	_np_printing_timeout	1	0x40734b0:rts
0x40734b2	0x4073532	_np_printing_shutdown	1	0x4073530:rts
0x4073532	0x4073642	_np_startdata	1	0x4073640:rts
0x4073642	0x40736de	_np_wait_printer_ready	1	0x40736dc:rts
0x40736de	0x407389a	_np_dev_intr	1	0x4073898:rts
0x407389a	0x4073910	_np_dma_intr	1	0x407390e:rts
0x4073910	0x407392a	_np_open	1	0x4073928:rts
0x407392a	0x4073946	_nps_open	1	0x4073944:rts
0x4073946	0x4073aa6	_np_open_common	1	0x4073aa4:rts
0x4073aa6	0x4073b10	_np_close	1	0x4073b0e:rts
0x4073b10	0x4073b32	_np_ioctl	1	0x4073b30:rts
0x4073b32	0x4073b56	_nps_ioctl	1	0x4073b54:rts
0x4073b56	0x4073bda	sub_4073B56	1	0x4073bd8:rts
0x4073bda	0x4074128	_np_ioctl_common	1	0x4074126:rts
0x4074128	0x4074142	_np_select	1	0x4074140:rts
0x4074142	0x407415e	_nps_select	1	0x407415c:rts
0x407415e	0x4074204	_np_select_common	1	0x4074202:rts
0x4074204	0x4074966	_np_write	1	0x4074964:rts
0x4074966	0x40749c2	_np_probe	1	0x40749c0:rts
0x40749c2	0x4074a6c	_np_attach	1	0x4074a6a:rts
0x4074a6c	0x4074a86	_od_xpr_alert	1	0x4074a84:rts
0x4074a8a	0x4074da2	_odprobe	1	0x4074da0:rts
0x4074da2	0x4074dac	_odslave	1	0x4074daa:rts
0x4074dac	0x4074ee0	_odattach	1	0x4074ede:rts
0x4074ee0	0x407502c	_od_timer	1	0x407502a:rts
0x407502c	0x40751fc	_odopen	1	0x40751fa:rts
0x40751fc	0x4075334	_odclose	1	0x4075332:rts
0x4075334	0x4075386	_odread	1	0x4075384:rts
0x4075386	0x40753d6	_odwrite	1	0x40753d4:rts
0x40753d6	0x40755cc	_odstrategy	1	0x40755ca:rts
0x40755cc	0x4075660	_od_drive_start	1	0x407565e:rts
0x4075660	0x4075692	_od_run_out	1	0x4075690:rts
0x4075692	0x407587e	_od_ctrl_start	1	0x407587c:rts
0x407587e	0x4075938	_od_go	1	0x4075936:rts
0x4075938	0x4075ac0	_od_setup	1	0x4075abe:rts
0x4075ac0	0x4075ad2	sub_4075AC0	1	0x4075ad0:rts
0x4075ad2	0x4075c32	_od_done	1	0x4075c30:rts
0x4075c32	0x4076ee8	_od_fsm	1	0x4076ee6:rts
0x4076ee8	0x4077088	_od_sect_to	1	0x4077086:rts
0x4077088	0x40772f4	_od_issue_cmd	1	0x40772f2:rts
0x40772f4	0x40773b6	_od_locate_alt	1	0x40773b4:rts
0x40773b6	0x407748e	_od_remap	1	0x407748c:rts
0x407748e	0x4077496	_od_block_async	1	0x4077494:rts
0x4077496	0x4077602	_od_drive_cmd	1	0x4077600:rts
0x4077602	0x407765a	_od_dma_intr	1	0x4077658:rts
0x407765a	0x40780ee	_odintr	1	0x40780ec:rts
0x40780ee	0x40781be	_od_reset	1	0x40781bc:rts
0x40781be	0x4078248	_od_async_attn	1	0x4078246:rts
0x4078248	0x40783c4	_od_perror	1	0x40783c2:rts
0x40783c4	0x407853c	_od_note	1	0x407853a:rts
0x407853c	0x40785f8	_od_attn	1	0x40785f6:rts
0x40785f8	0x40786ba	_od_status	1	0x40786b8:rts
0x40786ba	0x40788ec	_od_cmd	1	0x40788ea:rts
0x40788ec	0x40793fe	_od_read_label	1	0x40793fc:rts
0x40793fe	0x40795fa	_od_write_label	1	0x40795f8:rts
0x40795fa	0x4079720	_od_update	1	0x407971e:rts
0x4079720	0x4079784	_od_update_thread	1	0x4079782:rts
0x4079784	0x40797f2	_od_validate_label	1	0x40797f0:rts
0x40797f2	0x4079892	_od_spiral	1	0x4079890:rts
0x4079892	0x40798ae	_od_creq_timeout	1	0x40798ac:rts
0x40798ae	0x4079f4c	_odioctl	1	0x4079f4a:rts
0x4079f4c	0x407a09c	_od_canon_remap	1	0x407a09a:rts
0x407a09c	0x407a1dc	_od_canon_label	1	0x407a1da:rts
0x407a1dc	0x407a368	_od_lock	1	0x407a366:rts
0x407a368	0x407a3ac	_od_make_free_pages	1	0x407a3aa:rts
0x407a3ac	0x407a3cc	_od_unlock_check	1	0x407a3ca:rts
0x407a3cc	0x407a3f6	_odminphys	1	0x407a3f4:rts
0x407a3f6	0x407a470	_od_zero_fill	1	0x407a46e:rts
0x407a470	0x407a4fc	_od_buf_alloc	1	0x407a4fa:rts
0x407a4fc	0x407a522	_od_label_alloc	0	
0x407a524	0x407a5c6	_od_try_attach	0	
0x407a5c8	0x407a67e	_od_make_empty	1	0x407a67c:rts
0x407a67e	0x407a704	_od_sync	1	0x407a702:rts
0x407a704	0x407a794	_od_request	0	
0x407a796	0x407a962	_od_request_vol	1	0x407a960:rts
0x407a962	0x407a9b0	_od_alert	1	0x407a9ae:rts
0x407a9b0	0x407aa4c	_od_eject	1	0x407aa4a:rts
0x407aa4c	0x407aa5c	_od_panel_abort	1	0x407aa5a:rts
0x407aa5c	0x407aaca	sub_407AA5C	1	0x407aac8:rts
0x407aaca	0x407aad2	_oddump	1	0x407aad0:rts
0x407aad2	0x407aae0	_odsize	1	0x407aade:rts
0x407adbe	0x407ae9c	sub_407ADBE	1	0x407ae9a:rts
0x407b1ba	0x407b89a	sub_407B1BA	1	0x407b898:rts
0x407b89a	0x407ba0a	sub_407B89A	1	0x407ba08:rts
0x407ba0a	0x407bb06	sub_407BA0A	1	0x407bb04:rts
0x407bb06	0x407bb30	_scminphys	1	0x407bb2e:rts
0x407bb30	0x407bc86	sub_407BB30	1	0x407bc84:rts
0x407bc86	0x407bcb6	sub_407BC86	1	0x407bcb4:rts
0x407bcb6	0x407bd92	sub_407BCB6	1	0x407bd90:rts
0x407bd9c	0x407bdc2	_scsi_init	1	0x407bdc0:rts
0x407bdc2	0x407be62	_scsi_probe	1	0x407be60:rts
0x407be62	0x407bfb0	_scsi_slave	1	0x407bfae:rts
0x407bfb0	0x407bff8	_scsi_attach	1	0x407bff6:rts
0x407bff8	0x407c04a	_scsi_dstart	1	0x407c048:rts
0x407c04a	0x407c070	sub_407C04A	1	0x407c06e:rts
0x407c070	0x407c09a	_scsi_docmd	1	0x407c098:rts
0x407c09a	0x407c1b4	_scsi_cintr	1	0x407c1b2:rts
0x407c1b4	0x407c246	_scsi_reselect	1	0x407c244:rts
0x407c246	0x407c2a8	_scsi_restart	1	0x407c2a6:rts
0x407c2a8	0x407c2f4	_scsi_ioctl	1	0x407c2f2:rts
0x407c2f4	0x407c48a	sub_407C2F4	1	0x407c488:rts
0x407c48a	0x407c4c0	_scsi_timeout	1	0x407c4be:rts
0x407c4c0	0x407c51e	_scsi_msg	1	0x407c51c:rts
0x407c51e	0x407c574	_scsi_sensemsg	1	0x407c572:rts
0x407c894	0x407ca92	sub_407C894	1	0x407ca90:rts
0x407ca92	0x407cb90	sub_407CA92	1	0x407cb8e:rts
0x407cb90	0x407cba2	sub_407CB90	1	0x407cba0:rts
0x407cba2	0x407cc0e	sub_407CBA2	1	0x407cc0c:rts
0x407cc0e	0x407cc7a	sub_407CC0E	1	0x407cc78:rts
0x407cc7a	0x407ccee	sub_407CC7A	1	0x407ccec:rts
0x407ccee	0x407cd5c	sub_407CCEE	1	0x407cd5a:rts
0x407cd5c	0x407ce8c	sub_407CD5C	1	0x407ce8a:rts
0x407ce8c	0x407d026	_sdopen	1	0x407d024:rts
0x407d026	0x407d0b8	_sdclose	1	0x407d0b6:rts
0x407d0b8	0x407d0f8	_sdsize	1	0x407d0f6:rts
0x407d0f8	0x407d182	_sdread	1	0x407d180:rts
0x407d182	0x407d20a	_sdwrite	1	0x407d208:rts
0x407d20a	0x407d376	_sdstrategy	1	0x407d374:rts
0x407d376	0x407d41e	sub_407D376	1	0x407d41c:rts
0x407dcc4	0x407dd74	sub_407DCC4	1	0x407dd72:rts
0x407dd74	0x407de86	sub_407DD74	1	0x407de84:rts
0x407de86	0x407e348	_sdioctl	1	0x407e346:rts
0x407e348	0x407e4a4	sub_407E348	1	0x407e4a2:rts
0x407e4a4	0x407e572	sub_407E4A4	1	0x407e570:rts
0x407e572	0x407e5de	sub_407E572	1	0x407e5dc:rts
0x407e5de	0x407e678	_sdchecklabel	1	0x407e676:rts
0x407e678	0x407e802	sub_407E678	1	0x407e800:rts
0x407e802	0x407e8b8	sub_407E802	1	0x407e8b6:rts
0x407e8b8	0x407e900	sub_407E8B8	1	0x407e8fe:rts
0x407e900	0x407e934	sub_407E900	1	0x407e932:rts
0x407e934	0x407efac	sub_407E934	0	
0x407efce	0x407f042	sub_407EFCE	1	0x407f040:rts
0x407f042	0x407f0a8	sub_407F042	1	0x407f0a6:rts
0x407f0a8	0x407f13e	sub_407F0A8	1	0x407f13c:rts
0x407f13e	0x407f1ee	sub_407F13E	1	0x407f1ec:rts
0x407f1ee	0x407f250	sub_407F1EE	1	0x407f24e:rts
0x407f250	0x407f2e4	sub_407F250	1	0x407f2e2:rts
0x407f2e4	0x407f330	sub_407F2E4	1	0x407f32e:rts
0x407f330	0x407f358	sub_407F330	1	0x407f356:rts
0x407f358	0x407f3c4	sub_407F358	1	0x407f3c2:rts
0x407f3c4	0x407f492	_sfa_arbitrate	1	0x407f490:rts
0x407f492	0x407f584	_sfa_relinquish	1	0x407f582:rts
0x407f584	0x407f612	_sfa_abort	1	0x407f610:rts
0x407f682	0x407f694	sub_407F682	1	0x407f692:rts
0x407f6a6	0x407f70e	sub_407F6A6	1	0x407f70c:rts
0x407f70e	0x407f76a	_sgopen	1	0x407f768:rts
0x407f76a	0x407f7de	_sgclose	1	0x407f7dc:rts
0x407fae2	0x407fb84	sub_407FAE2	1	0x407fb82:rts
0x407fb84	0x407fc78	_sgioctl	1	0x407fc76:rts
0x407fc78	0x407fd2c	sub_407FC78	1	0x407fd2a:rts
0x407fd2c	0x407ff14	sub_407FD2C	1	0x407ff12:rts
0x407ff14	0x407ffc0	_snd_device_init	1	0x407ffbe:rts
0x407ffc0	0x4080038	_snd_device_set_parms	1	0x4080036:rts
0x4080038	0x4080062	_snd_device_get_parms	1	0x4080060:rts
0x4080062	0x40800a2	_snd_device_set_volume	1	0x40800a0:rts
0x40800a2	0x40800cc	_snd_device_get_volume	1	0x40800ca:rts
0x40800cc	0x408036e	sub_40800CC	1	0x408036c:rts
0x408036e	0x4080388	_snd_device_vol_set	1	0x4080386:rts
0x4080388	0x40803ea	sub_4080388	1	0x40803e8:rts
0x40803ea	0x4080404	_snd_device_vol_save	1	0x4080402:rts
0x4080404	0x408046e	_snd_dev_intr	1	0x408046c:rts
0x408046e	0x408048a	_snd_device_probe	1	0x4080488:rts
0x408048a	0x408050e	_snd_device_attach	1	0x408050c:rts
0x408050e	0x4080528	_snd_device_def_dmasize	1	0x4080526:rts
0x4080528	0x408053e	_snd_device_def_high_water	1	0x408053c:rts
0x408053e	0x4080556	_snd_device_def_low_water	1	0x4080554:rts
0x4080556	0x40805f0	_snd_dsp_cmd_port_msg	1	0x40805ee:rts
0x408061a	0x408067a	sub_408061A	1	0x4080678:rts
0x408067a	0x4080b2e	sub_408067A	1	0x4080b2c:rts
0x4080b2e	0x4080be6	sub_4080B2E	1	0x4080be4:rts
0x4080be6	0x4080d04	sub_4080BE6	1	0x4080d02:rts
0x4080d04	0x4080d3a	_snd_dspcmd_def_dmasize	1	0x4080d38:rts
0x4080d3a	0x4080d58	_snd_dspcmd_def_high_water	1	0x4080d56:rts
0x4080d58	0x4080d78	_snd_dspcmd_def_low_water	1	0x4080d76:rts
0x4080d78	0x4080e6e	sub_4080D78	1	0x4080e6c:rts
0x4080e6e	0x4080f78	sub_4080E6E	1	0x4080f76:rts
0x4080f78	0x4080f82	sub_4080F78	1	0x4080f80:rts
0x4080f82	0x4080fe0	sub_4080F82	1	0x4080fde:rts
0x4080fe0	0x408103e	sub_4080FE0	1	0x408103c:rts
0x408103e	0x408108c	_dsp_dev_init	1	0x408108a:rts
0x408108c	0x40810f6	_dsp_dev_reset	1	0x40810f4:rts
0x40810f6	0x40817ca	_dsp_dev_new_proto	1	0x40817c8:rts
0x40817ca	0x40817de	_dsp_dev_reset_hard	1	0x40817dc:rts
0x40817de	0x40818b4	_dsp_dev_reset_chip	1	0x40818b2:rts
0x40818b4	0x4081a16	sub_40818B4	1	0x4081a14:rts
0x4081b04	0x40821fa	_dsp_dev_loop	1	0x40821f8:rts
0x40821fa	0x408229e	sub_40821FA	1	0x408229c:rts
0x408229e	0x40824bc	sub_408229E	1	0x40824ba:rts
0x40824bc	0x40825fe	sub_40824BC	1	0x40825fc:rts
0x40826e6	0x4082764	sub_40826E6	1	0x4082762:rts
0x4082764	0x40827e2	_dspq_init_lmsg	1	0x40827e0:rts
0x40827e2	0x408288e	_dspq_reset_lmsg	1	0x408288c:rts
0x408288e	0x40828de	sub_408288E	1	0x40828dc:rts
0x40828de	0x4082936	sub_40828DE	1	0x4082934:rts
0x4082936	0x408298e	sub_4082936	1	0x408298c:rts
0x408298e	0x40829e4	sub_408298E	1	0x40829e2:rts
0x40829e4	0x4082a3a	_dspq_enqueue_hc	1	0x4082a38:rts
0x4082a3a	0x4082b0a	_dspq_enqueue_hm	1	0x4082b08:rts
0x4082b0a	0x4082bdc	_dspq_enqueue_syscall	1	0x4082bda:rts
0x4082bdc	0x4082c36	_dspq_enqueue_hf	1	0x4082c34:rts
0x4082c36	0x4082c90	_dspq_enqueue_cond	1	0x4082c8e:rts
0x4082c90	0x4082d1e	_dspq_enqueue_state	1	0x4082d1c:rts
0x4082d1e	0x4082e62	_dspq_enqueue	1	0x4082e60:rts
0x4082e62	0x4083130	_dspq_check	1	0x408312e:rts
0x4083130	0x4083a7a	_dspq_execute	1	0x4083a78:rts
0x4083a7a	0x4083af0	sub_4083A7A	1	0x4083aee:rts
0x4083af0	0x4083cca	_dspq_free_msg	1	0x4083cc8:rts
0x4083cca	0x4083d22	sub_4083CCA	1	0x4083d20:rts
0x4083d22	0x4083e1c	_dspq_awaited_conditions	1	0x4083e1a:rts
0x4083e1c	0x4083ef2	_dspq_start_simple	1	0x4083ef0:rts
0x4083ef2	0x4084026	_dspq_start_complex	1	0x4084024:rts
0x4084026	0x40842fe	sub_4084026	1	0x40842fc:rts
0x40842fe	0x408461c	_snd_link_init	1	0x408461a:rts
0x408461c	0x408462a	_snd_link_abort	1	0x4084628:rts
0x408462a	0x40846d2	sub_408462A	1	0x40846d0:rts
0x40846d2	0x4084838	sub_40846D2	1	0x4084836:rts
0x4084838	0x4084a18	_snd_link_shutdown	1	0x4084a16:rts
0x4084a18	0x4084a20	_snd_link_pause	1	0x4084a1e:rts
0x4084a20	0x4084afe	_snd_link_resume	1	0x4084afc:rts
0x4084afe	0x4084d8c	sub_4084AFE	1	0x4084d8a:rts
0x4084d8c	0x408503e	_snd_link_snd_complete	1	0x408503c:rts
0x408503e	0x4085056	_snd_rcv_alloc_msg_frame	1	0x4085054:rts
0x4085056	0x40850b2	_snd_reply_ret_device	1	0x40850b0:rts
0x40850b2	0x408510e	_snd_reply_ret_stream	1	0x408510c:rts
0x408510e	0x4085176	sub_408510E	1	0x4085174:rts
0x4085176	0x40851fc	_snd_reply_illegal_msg	1	0x40851fa:rts
0x40851fc	0x40852c2	_snd_reply_recorded_data	1	0x40852c0:rts
0x40852c2	0x40852dc	_snd_reply_timed_out	1	0x40852da:rts
0x40852dc	0x408534c	_snd_reply_ret_samples	1	0x408534a:rts
0x408534c	0x4085366	_snd_reply_overflow	1	0x4085364:rts
0x4085366	0x4085380	_snd_reply_started	1	0x408537e:rts
0x4085380	0x408539a	_snd_reply_completed	1	0x4085398:rts
0x408539a	0x40853b4	_snd_reply_aborted	1	0x40853b2:rts
0x40853b4	0x40853ce	_snd_reply_paused	1	0x40853cc:rts
0x40853ce	0x40853e8	_snd_reply_resumed	1	0x40853e6:rts
0x40853e8	0x4085452	_snd_reply_ret_parms	1	0x4085450:rts
0x4085452	0x40854bc	_snd_reply_ret_volume	1	0x40854ba:rts
0x40854bc	0x408554e	_snd_reply_ret_formats	1	0x408554c:rts
0x408554e	0x4085648	_snd_reply_dsp_msg	1	0x4085646:rts
0x4085648	0x408574e	_snd_reply_dsp_err	1	0x408574c:rts
0x408574e	0x40857aa	_snd_reply_dsp_cmd_port	1	0x40857a8:rts
0x40857aa	0x4085856	_snd_reply_dsp_regs	1	0x4085854:rts
0x4085856	0x4085920	_snd_reply_dsp_cond_true	1	0x408591e:rts
0x4085920	0x4085946	_snd_audio_not_loaded	1	0x4085944:rts
0x4085946	0x40859d6	sub_4085946	1	0x40859d4:rts
0x40859d6	0x4085c74	_snd_server_loop	0	
0x4085c76	0x4085cc0	sub_4085C76	1	0x4085cbe:rts
0x4085cc0	0x4085cea	_snd_get_owner	1	0x4085ce8:rts
0x4085cea	0x4085d2e	sub_4085CEA	1	0x4085d2c:rts
0x4085d2e	0x4085e66	sub_4085D2E	1	0x4085e64:rts
0x4085e66	0x40865cc	sub_4085E66	1	0x40865ca:rts
0x40865cc	0x40865fc	sub_40865CC	1	0x40865fa:rts
0x40865fc	0x408667a	sub_40865FC	1	0x4086678:rts
0x408667a	0x40870ba	sub_408667A	1	0x40870b8:rts
0x40870ba	0x4087272	sub_40870BA	1	0x4087270:rts
0x4087272	0x4087288	_snd_stream_init	1	0x4087286:rts
0x4087288	0x4087290	_snd_stream_reset	1	0x408728e:rts
0x4087290	0x40872f6	_snd_stream_queue_init	1	0x40872f4:rts
0x40872f6	0x408733c	_snd_stream_queue_reset	1	0x408733a:rts
0x408733c	0x40874ce	_snd_stream_enqueue_region	1	0x40874cc:rts
0x40874ce	0x408755c	_snd_stream_abort	1	0x408755a:rts
0x408755c	0x40875f2	_snd_stream_pause	1	0x40875f0:rts
0x40875f2	0x408769c	_snd_stream_resume	1	0x408769a:rts
0x408769c	0x408771e	_snd_stream_await	1	0x408771c:rts
0x408771e	0x4087ba2	sub_408771E	1	0x4087ba0:rts
0x4087d98	0x4087f1e	sub_4087D98	1	0x4087f1c:rts
0x4087f1e	0x4087fde	sub_4087F1E	1	0x4087fdc:rts
0x4087fde	0x4088078	sub_4087FDE	1	0x4088076:rts
0x4088078	0x408815a	sub_4088078	1	0x4088158:rts
0x408815a	0x408833a	sub_408815A	1	0x4088338:rts
0x408833a	0x408844e	_snd_unix_ioctl	1	0x408844c:rts
0x408856e	0x4088576	sub_408856E	1	0x4088574:rts
0x4088588	0x4088614	sub_4088588	1	0x4088612:rts
0x4088614	0x408872e	_stopen	1	0x408872c:rts
0x408872e	0x4088782	_stclose	1	0x4088780:rts
0x4088782	0x40887ea	sub_4088782	1	0x40887e8:rts
0x40887ea	0x4088840	sub_40887EA	1	0x408883e:rts
0x4088840	0x4088898	sub_4088840	1	0x4088896:rts
0x4088898	0x40888f0	sub_4088898	1	0x40888ee:rts
0x40888f0	0x4088958	sub_40888F0	1	0x4088956:rts
0x4088958	0x40889c2	sub_4088958	1	0x40889c0:rts
0x40889c2	0x4088a2a	sub_40889C2	1	0x4088a28:rts
0x4088a2a	0x4088a44	_stread	1	0x4088a42:rts
0x4088a44	0x4088a60	_stwrite	1	0x4088a5e:rts
0x4088a60	0x4088ca4	sub_4088A60	1	0x4088ca2:rts
0x4089042	0x40890f8	sub_4089042	1	0x40890f6:rts
0x40890f8	0x408935a	_stioctl	1	0x4089358:rts
0x408935a	0x4089510	sub_408935A	1	0x408950e:rts
0x4089510	0x40895ac	sub_4089510	1	0x40895aa:rts
0x40895ac	0x4089628	sub_40895AC	1	0x4089626:rts
0x4089628	0x4089786	sub_4089628	1	0x4089784:rts
0x4089786	0x40897aa	_vidopen	1	0x40897a8:rts
0x40897aa	0x40897c4	_vidclose	1	0x40897c2:rts
0x40897c4	0x4089aac	_vidioctl	1	0x4089aaa:rts
0x4089aac	0x4089af0	_vidProbeForFB	1	0x4089aee:rts
0x4089af0	0x4089b1e	_vidGetConsoleInfo	1	0x4089b1c:rts
0x4089b1e	0x4089b88	_vidGetFBAddrAndSize	1	0x4089b86:rts
0x4089b88	0x4089bb6	_vidStopAnimation	1	0x4089bb4:rts
0x4089bb6	0x4089bf0	_vidSuspendAnimation	1	0x4089bee:rts
0x4089bf0	0x4089c28	_vidResumeAnimation	1	0x4089c26:rts
0x4089c28	0x4089c56	_vidSetBrightness	1	0x4089c54:rts
0x4089c56	0x4089c9e	sub_4089C56	1	0x4089c9c:rts
0x4089c9e	0x4089ce8	_vidInterruptEnable	1	0x4089ce6:rts
0x4089ce8	0x4089d18	_vidInterruptDisable	1	0x4089d16:rts
0x4089eb6	0x4089f58	sub_4089EB6	1	0x4089f56:rts
0x4089f58	0x4089fba	sub_4089F58	1	0x4089fb8:rts
0x4089fba	0x408a18e	sub_4089FBA	1	0x408a18c:rts
0x408a18e	0x408a330	sub_408A18E	1	0x408a32e:rts
0x408a330	0x408a352	sub_408A330	1	0x408a350:rts
0x408a352	0x408a3bc	sub_408A352	1	0x408a3ba:rts
0x408a3bc	0x408a41a	sub_408A3BC	1	0x408a418:rts
0x408a41a	0x408a454	sub_408A41A	1	0x408a452:rts
0x408a454	0x408a4a8	sub_408A454	1	0x408a4a6:rts
0x408aa58	0x408ab76	sub_408AA58	1	0x408ab74:rts
0x408abca	0x408ac34	sub_408ABCA	1	0x408ac32:rts
0x408b27a	0x408b300	sub_408B27A	1	0x408b2fe:rts
0x408b300	0x408b62e	_zsopen	1	0x408b62c:rts
0x408b62e	0x408b8d8	_zsclose	1	0x408b8d6:rts
0x408b8d8	0x408b964	_zsread	1	0x408b962:rts
0x408b964	0x408b9a8	_zswrite	1	0x408b9a6:rts
0x408b9a8	0x408bbd2	_zsioctl	1	0x408bbd0:rts
0x408bbd2	0x408bc40	_zsstop	1	0x408bc3e:rts
0x408bc40	0x408bc84	_zsselect	1	0x408bc82:rts
0x408bc84	0x408bcb6	sub_408BC84	1	0x408bcb4:rts
0x408bcb6	0x408be8e	sub_408BCB6	1	0x408be8c:rts
0x408be8e	0x408c210	sub_408BE8E	1	0x408c20e:rts
0x408c210	0x408c27e	sub_408C210	1	0x408c27c:rts
0x408c27e	0x408c352	_zs_tc	1	0x408c350:rts
0x408c4d2	0x408c50e	sub_408C4D2	1	0x408c50c:rts
0x408c50e	0x408c552	sub_408C50E	1	0x408c550:rts
0x408c552	0x408c984	sub_408C552	1	0x408c982:rts
0x408c984	0x408ca1e	sub_408C984	1	0x408ca1c:rts
0x408ca1e	0x408cbac	sub_408CA1E	1	0x408cbaa:rts
0x408cbac	0x408cc8c	sub_408CBAC	1	0x408cc8a:rts
0x408cc8c	0x408cd48	sub_408CC8C	1	0x408cd46:rts
0x408cd86	0x408ce7e	sub_408CD86	1	0x408ce7c:rts
0x408ce7e	0x408cee6	sub_408CE7E	1	0x408cee4:rts
0x408cee6	0x408cf32	sub_408CEE6	1	0x408cf30:rts
0x408cf32	0x408cfc8	sub_408CF32	1	0x408cfc6:rts
0x408cfc8	0x408d042	sub_408CFC8	1	0x408d040:rts
0x408d042	0x408d24a	sub_408D042	1	0x408d248:rts
0x408d24a	0x408d284	sub_408D24A	1	0x408d282:rts
0x408d284	0x408d2be	sub_408D284	1	0x408d2bc:rts
0x408d2be	0x408d4b0	sub_408D2BE	1	0x408d4ae:rts
0x408d4b0	0x408d5de	_zsputc	1	0x408d5dc:rts
0x408d5de	0x408d686	_zsgetc	1	0x408d684:rts
0x408d686	0x408d706	_zstrygetc	1	0x408d704:rts
0x408d706	0x408d73e	_zsacquire	1	0x408d73c:rts
0x408d73e	0x408d79c	_zsrelease	1	0x408d79a:rts
0x408d79c	0x408d884	_zsint	1	0x408d882:rts
0x408d884	0x408d8d0	_zsnullintr	1	0x408d8ce:rts
0x408d8d0	0x408d9aa	_zsintsetup	1	0x408d9a8:rts
0x408d9aa	0x408d9d4	sub_408D9AA	1	0x408d9d2:rts
0x408d9d4	0x408da60	sub_408D9D4	1	0x408da5e:rts
0x408da60	0x408daaa	_enbuf_get	1	0x408daa8:rts
0x408daaa	0x408dae8	_engetbuf	1	0x408dae6:rts
0x408dae8	0x408db46	_if_busalloc	1	0x408db44:rts
0x408db46	0x408db66	_if_busfree	1	0x408db64:rts
0x408db66	0x408db8a	_if_rbusget	1	0x408db88:rts
0x408db8a	0x408dbd2	sub_408DB8A	1	0x408dbd0:rts
0x408dbd2	0x408dc16	sub_408DBD2	1	0x408dc14:rts
0x408dc16	0x408dc68	sub_408DC16	1	0x408dc66:rts
0x408dc68	0x408dc7a	_enprobe	1	0x408dc78:rts
0x408dc7a	0x408deca	_enattach	1	0x408dec8:rts
0x408deca	0x408e01a	_eninit	1	0x408e018:rts
0x408e01a	0x408e0b6	_en_rx_grabbufs	1	0x408e0b4:rts
0x408e0b6	0x408e11a	_en_accept_multicast	1	0x408e118:rts
0x408e11a	0x408e1a0	_en_rx_devintr	1	0x408e19e:rts
0x408e1a0	0x408e524	_en_rx_dmaintr	1	0x408e522:rts
0x408e524	0x408e668	_enoutput	1	0x408e666:rts
0x408e668	0x408e796	_enstart	1	0x408e794:rts
0x408e796	0x408e7cc	_en_down	1	0x408e7ca:rts
0x408e7cc	0x408e824	_en_antijam	1	0x408e822:rts
0x408e824	0x408ec2e	_en_jam	1	0x408ec2c:rts
0x408ec2e	0x408ec90	_en_tx_guard	1	0x408ec8e:rts
0x408ec90	0x408ed0a	_en_tx_devintr	1	0x408ed08:rts
0x408ed0a	0x408f15a	_en_tx_dmaintr	1	0x408f158:rts
0x408f15a	0x408f512	_encontrol	1	0x408f510:rts
0x408f512	0x408f58c	_en_setaddr	1	0x408f58a:rts
0x408f58c	0x408f5d2	_enintsetup	1	0x408f5d0:rts
0x408f5d2	0x408f6ba	_en_bufalloc	1	0x408f6b8:rts
0x408f6ba	0x408fa10	_en_recv	1	0x408fa0e:rts
0x408fa10	0x408faba	_en_arp_input	1	0x408fab8:rts
0x408faba	0x408fb9a	_en_send	1	0x408fb98:rts
0x408fb9a	0x408fd9e	_en_xmit	1	0x408fd9c:rts
0x408fd9e	0x408feee	_in_bootp_initnet	1	0x408feec:rts
0x408feee	0x408ffb0	_in_bootp_buildpacket	1	0x408ffae:rts
0x408ffb0	0x409011a	_in_bootp_bptombuf	1	0x4090118:rts
0x409011a	0x4090134	_in_bootp_timeout	1	0x4090132:rts
0x4090134	0x4090142	_in_bootp_promisctimeout	1	0x4090140:rts
0x4090142	0x4090186	_in_bootp_getpacket	1	0x4090184:rts
0x4090186	0x4090594	_in_bootp_sendrequest	1	0x4090592:rts
0x4090594	0x4090660	_in_bootp_openconsole	1	0x409065e:rts
0x4090660	0x40907a6	_in_bootp_closeconsole	1	0x40907a4:rts
0x40907a6	0x4090806	_in_bootp_noecho	1	0x4090804:rts
0x4090806	0x4090866	_in_bootp_echo	1	0x4090864:rts
0x4090866	0x40909b2	_in_bootp_processreply	1	0x40909b0:rts
0x40909b2	0x4090a50	_in_bootp_setaddress	1	0x4090a4e:rts
0x4090a50	0x4090ac6	sub_4090A50	1	0x4090ac4:rts
0x4090ac6	0x4090c8a	_in_bootp	1	0x4090c88:rts
0x4090c8a	0x4090c94	_PMConnect	1	0x4090c92:rts
0x4090c94	0x4090c9e	_PMDisconnect	1	0x4090c9c:rts
0x4090c9e	0x4090ca8	_PMSetCpuState	1	0x4090ca6:rts
0x4090ca8	0x4090cb6	_PMSetPowerState	1	0x4090cb4:rts
0x4090cb6	0x4090cc4	_PMGetPowerEvent	1	0x4090cc2:rts
0x4090cc4	0x4090ce4	_PMGetPowerStatus	1	0x4090ce2:rts
0x4090ce4	0x4090cee	_PMSetPowerManagement	1	0x4090cec:rts
0x4090cee	0x4090cf8	_PMRestoreDefaults	1	0x4090cf6:rts
0x4090cf8	0x4090d00	_PMUpdateClock	1	0x4090cfe:rts
0x4090d00	0x4090d4c	__ashldi3	1	0x4090d4a:rts
0x4090d4c	0x409100e	__bdiv	1	0x409100c:rts
0x409100e	0x4091080	sub_409100E	1	0x409107e:rts
0x4091080	0x40910d6	_checksum_16	1	0x40910d4:rts
0x40910d6	0x4091118	_rtc_set_clr	1	0x4091116:rts
0x4091118	0x4091142	_rtc_set_auto_poweron	1	0x4091140:rts
0x4091142	0x40911f6	_rtc_intr	1	0x40911f4:rts
0x40911f6	0x40912be	_rtc_alarm	1	0x40912bc:rts
0x40912be	0x4091308	_rtc_tick	1	0x4091306:rts
0x4091308	0x4091354	_rtc_power_down	0	
0x4091356	0x40913da	_startrtclock	1	0x40913d8:rts
0x40913da	0x40913e2	_resynctime	1	0x40913e0:rts
0x40913e2	0x4091470	_tm_to_sec	1	0x409146e:rts
0x4091470	0x409158a	_sec_to_tm	1	0x4091588:rts
0x409158a	0x409168a	_rtc_set	1	0x4091688:rts
0x409168a	0x409178e	_rtc_get	1	0x409178c:rts
0x409178e	0x40917b8	_bcd_to_byte	1	0x40917b6:rts
0x40917b8	0x40917e2	_byte_to_bcd	1	0x40917e0:rts
0x40917e2	0x409184a	_nvram_check	1	0x4091848:rts
0x409184a	0x40918c6	_nvram_set	1	0x40918c4:rts
0x40918c6	0x40919fa	_rtc_write	1	0x40919f8:rts
0x40919fa	0x4091b46	_rtc_blkwrite	1	0x4091b44:rts
0x4091b46	0x4091b62	_rtc_read	1	0x4091b60:rts
0x4091b62	0x4091ca2	_rtc_real_read	1	0x4091ca0:rts
0x4091ca2	0x4091cc0	_rtc_blkread	1	0x4091cbe:rts
0x4091cc0	0x4091e18	_rtc_real_blkread	1	0x4091e16:rts
0x4091e18	0x4091ea2	sub_4091E18	1	0x4091ea0:rts
0x4091ea2	0x4091eea	_hardclock_init	1	0x4091ee8:rts
0x4091eea	0x4091ef2	_statclock_init	1	0x4091ef0:rts
0x4091ef2	0x4091fca	_m68k_hardclock	1	0x4091fc8:rts
0x4091fca	0x40920aa	_clock_timer_init	1	0x40920a8:rts
0x40920aa	0x40921ce	_clock_value	1	0x40921cc:rts
0x40921ce	0x4092232	_set_clock	1	0x4092230:rts
0x4092232	0x4092258	_clock_attributes	1	0x4092256:rts
0x4092258	0x409226e	_timer_attributes	1	0x409226c:rts
0x409226e	0x409227e	_set_timer_expire_func	1	0x409227c:rts
0x409227e	0x409228e	__set_timer_expire_func	1	0x409228c:rts
0x409228e	0x40922cc	_set_timer	1	0x40922ca:rts
0x40922cc	0x4092372	__set_timer	1	0x4092370:rts
0x4092372	0x409237a	_clear_timer	1	0x4092378:rts
0x409237a	0x4092436	_delay	1	0x4092434:rts
0x4092436	0x40925ac	_cnopen	1	0x40925aa:rts
0x40925ac	0x40925e8	_cnread	1	0x40925e6:rts
0x40925e8	0x4092624	_cnwrite	1	0x4092622:rts
0x4092624	0x40926be	_cnioctl	1	0x40926bc:rts
0x40926be	0x40926fa	_cnselect	1	0x40926f8:rts
0x40926fa	0x4092732	_cngetc	1	0x4092730:rts
0x4092732	0x4092778	_cnputc	1	0x4092776:rts
0x4092778	0x40927d4	_isbad	1	0x40927d2:rts
0x40927d4	0x40928a8	_in_cksum	1	0x40928a6:rts
0x40928a8	0x409295e	_oc_cksum	1	0x4092934:rts
0x409295e	0x4092966	_kdp_exception	1	0x4092964:rts
0x4092966	0x409296e	_kdp_exception_ack	1	0x409296c:rts
0x409296e	0x4092976	_kdp_machine_read_regs	1	0x4092974:rts
0x4092976	0x409297e	_kdp_machine_write_regs	1	0x409297c:rts
0x409297e	0x4092986	_kdp_machine_hostinfo	1	0x4092984:rts
0x4092986	0x409298e	_kdp_panic	1	0x409298c:rts
0x409298e	0x4092996	_kdp_reboot	1	0x4092994:rts
0x4092996	0x409299e	_kdp_intr_disbl	1	0x409299c:rts
0x409299e	0x40929a6	_kdp_intr_enbl	1	0x40929a4:rts
0x40929a6	0x40929ae	_kdp_en_send_pkt	1	0x40929ac:rts
0x40929ae	0x40929b6	_kdp_en_recv_pkt	1	0x40929b4:rts
0x40929b6	0x40929be	_kdp_us_spin	1	0x40929bc:rts
0x40929be	0x40929c6	_kdp_flush_cache	1	0x40929c4:rts
0x40929c6	0x40929ec	_check_cpu_subtype	1	0x40929ea:rts
0x40929ec	0x4092a1a	_grade_cpu_subtype	1	0x4092a18:rts
0x4092a1a	0x4092a22	_kpmon_null	1	0x4092a20:rts
0x4092a22	0x4092aee	_pmonlogevent	1	0x4092aec:rts
0x4092aee	0x4092b56	_pmonlogcontext	1	0x4092b54:rts
0x4092b56	0x4092be4	_pmonlogexec	1	0x4092be2:rts
0x4092be4	0x4092c50	_pmonlogcontextflush	1	0x4092c4e:rts
0x4092c50	0x4092c60	_abs	1	0x4092c5e:rts
0x4092c60	0x4092d1a	_bcmp	2	0x4092d10:rts,0x4092d18:rts
0x4092d1a	0x4092d2c	_memmove	0	
0x4092d2c	0x4092dca	_bcopy	1	0x4092d9c:rts
0x4092df6	0x4092e12	_bytecopy	1	0x4092e10:rts
0x4092e12	0x4092e76	_bzero	1	0x4092e74:rts
0x4092e76	0x4092eaa	_ffs	1	0x4092ea8:rts
0x4092faa	0x4092ff6	_msb	1	0x4092ff4:rts
0x4093006	0x4093036	_index	3	0x4093022:rts,0x4093028:rts,0x4093034:rts
0x4093036	0x409305c	_strncpy	1	0x409305a:rts
0x409305c	0x4093078	_strcat	1	0x4093076:rts
0x4093078	0x40930a0	_strcmp	2	0x4093094:rts,0x409309e:rts
0x40930a0	0x40930b6	_strcpy	1	0x40930b4:rts
0x40930b6	0x40930e6	_strncmp	2	0x40930d8:rts,0x40930e4:rts
0x40930e6	0x40930fa	_strlen	1	0x40930f8:rts
0x40930fa	0x4093146	__lshldi3	1	0x4093144:rts
0x4093146	0x4093192	__lshrdi3	1	0x4093190:rts
0x4093192	0x40934ae	_getargs	1	0x40934ac:rts
0x40934ae	0x40934d6	_isargsep	1	0x40934d4:rts
0x40934d6	0x409350c	_argstrcpy	1	0x409350a:rts
0x409350c	0x40935f8	_getval	1	0x40935f6:rts
0x40935f8	0x40936a4	_machparam	1	0x40936a2:rts
0x40936a4	0x4093762	_mon_boot	1	0x4093760:rts
0x4093762	0x4093792	_mon_call	1	0x4093790:rts
0x4093792	0x40937ac	sub_4093792	1	0x40937aa:rts
0x40937ac	0x40937c8	_kernel_thread_noblock	1	0x40937c6:rts
0x40937c8	0x40937e6	_halt_thread	1	0x40937e4:rts
0x40937e6	0x409382c	_reboot_mach	1	0x409382a:rts
0x409382c	0x4093976	_nmi	1	0x4093974:rts
0x4093e4a	0x4093e66	_nmi_prf	1	0x4093e64:rts
0x4093e66	0x4093e80	_softint_sched	1	0x4093e7e:rts
0x4093e80	0x4093fb8	_callout_dispatch	1	0x4093fb6:rts
0x4093fb8	0x409403e	_callout_remove	1	0x409403c:rts
0x409403e	0x409407e	_softint_th	0	
0x4094080	0x4094202	_softint_run	1	0x4094200:rts
0x4094202	0x4094332	_startup_early	1	0x4094330:rts
0x4094332	0x4094758	_startup	1	0x4094756:rts
0x4094758	0x40947be	_as_tune	1	0x40947bc:rts
0x40947be	0x40948de	_sendsig	1	0x40948dc:rts
0x40948de	0x409497e	_sigreturn	1	0x409497c:rts
0x409497e	0x409498c	_halt_cpu	0	
0x4094990	0x40949b8	_light_on	1	0x40949b6:rts
0x40949b8	0x40949e0	_light_off	1	0x40949de:rts
0x40949e0	0x4094a7c	_addupc	1	0x4094a7a:rts
0x4094a7c	0x4094a86	_miniMonReboot	1	0x4094a84:rts
0x4094a86	0x4094a90	_miniMonHalt	1	0x4094a8e:rts
0x4094a90	0x4094a9a	_miniMonGdb	1	0x4094a98:rts
0x4094a9a	0x4094aa2	_miniMonTryGetchar	1	0x4094aa0:rts
0x4094aa2	0x4094aaa	_miniMonGetchar	1	0x4094aa8:rts
0x4094aaa	0x4094ab2	_miniMonPutchar	1	0x4094ab0:rts
0x4094ab2	0x4094afe	_machine_exception	1	0x4094afc:rts
0x4094afe	0x40951ec	_m68k_init	1	0x40951ea:rts
0x40951ec	0x4095456	_machine_table	1	0x4095454:rts
0x4095456	0x4095460	_machine_table_setokay	1	0x409545e:rts
0x4095460	0x40954b2	_m68k_dbginit	1	0x40954b0:rts
0x40954b2	0x409552a	_dbg_kresume	1	0x4095528:rts
0x409552a	0x409554a	_dbg_panic	1	0x4095548:rts
0x409554a	0x4095890	_dbg_trap	1	0x409588e:rts
0x4095890	0x40958d0	_dbg_dispatch	0	
0x40958d4	0x409597a	_kdbg_connect	1	0x4095978:rts
0x409597a	0x4095a30	_gdb_from_trap	1	0x4095a2e:rts
0x4095a30	0x4095a66	_dbg_from_ether	1	0x4095a64:rts
0x4095a66	0x4096178	_dbg_process	1	0x4096176:rts
0x4096178	0x409625a	_rdmem	1	0x4096258:rts
0x409625a	0x409630e	_wrmem	1	0x409630c:rts
0x409630e	0x4096358	sub_409630E	1	0x4096356:rts
0x4096358	0x4096386	sub_4096358	1	0x4096384:rts
0x4096386	0x40963bc	_kdebug_send	1	0x40963ba:rts
0x40963bc	0x40964c0	sub_40963BC	1	0x40964be:rts
0x40964c0	0x40964f2	sub_40964C0	1	0x40964f0:rts
0x40964f2	0x409662a	_SENDEXC	1	0x4096628:rts
0x409662a	0x4096700	_inet_aton	1	0x40966fe:rts
0x4096700	0x4096736	__m68k_dbginit	0	
0x4096736	0x409677c	__dbg_trap	1	0x409677a:rts
0x409677c	0x409679a	__dbg_kresume	0	
0x409679a	0x40967aa	_dbg_setjmp	1	0x40967a8:rts
0x40967aa	0x40967be	_dbg_longjmp	0	
0x40967be	0x40967f2	_stack_attach	1	0x40967f0:rts
0x40967f2	0x4096806	_stack_detach	1	0x4096804:rts
0x4096806	0x4096872	_stack_handoff	1	0x4096870:rts
0x4096872	0x40968fa	_switch_context	1	0x40968f8:rts
0x40968fa	0x4096924	_pcb_module_init	1	0x4096922:rts
0x4096924	0x4096952	_pcb_init	1	0x4096950:rts
0x4096952	0x40969b4	_thread_user_state	1	0x40969b2:rts
0x40969b4	0x40969c2	_thread_bootstrap_return	1	0x40969c0:rts
0x40969c2	0x4096a02	_thread_exception_return	1	0x4096a00:rts
0x4096a02	0x4096a46	_thread_syscall_return	1	0x4096a44:rts
0x4096a46	0x4096a70	_thread_set_syscall_return	1	0x4096a6e:rts
0x4096a70	0x4096aa8	_start_initial_context	1	0x4096aa6:rts
0x4096aa8	0x4096bd0	_thread_setstatus	1	0x4096bce:rts
0x4096bd0	0x4096ce2	_thread_getstatus	1	0x4096ce0:rts
0x4096ce2	0x4096d5a	_thread_dup	1	0x4096d58:rts
0x4096d5a	0x4096da2	_thread_userstack	1	0x4096da0:rts
0x4096da2	0x4096dcc	_thread_entrypoint	1	0x4096dca:rts
0x4096dcc	0x4096e20	_pcb_terminate	1	0x4096e1e:rts
0x4096e20	0x4096ec2	_pmap_pte	1	0x4096ec0:rts
0x4096ec2	0x4096f38	_pmap_pte_valid	1	0x4096f36:rts
0x4096f38	0x4096f96	_m68k_protection_init	1	0x4096f94:rts
0x4096f96	0x4096fd0	sub_4096F96	1	0x4096fce:rts
0x4096fd0	0x40970c6	sub_4096FD0	1	0x40970c4:rts
0x40970c6	0x4097224	sub_40970C6	1	0x4097222:rts
0x4097224	0x40973f4	_pmap_set_page_size	1	0x40973f2:rts
0x40973f4	0x4097446	_pmap_size	1	0x4097444:rts
0x4097446	0x40974a0	_pmap_map	1	0x409749e:rts
0x40974a0	0x40979c0	_pmap_bootstrap	1	0x40979be:rts
0x40979c0	0x4097a74	_pmap_init	1	0x4097a72:rts
0x4097a74	0x4097af4	_pmap_create	1	0x4097af2:rts
0x4097af4	0x4097b58	_pmap_destroy	1	0x4097b56:rts
0x4097b58	0x4097c1a	_pmap_free_maps	1	0x4097c18:rts
0x4097c1a	0x4097c50	_pmap_reference	1	0x4097c4e:rts
0x4097c50	0x4097e6c	_pmap_remove_range	1	0x4097e6a:rts
0x4097e6c	0x4097e9c	_pmap_remove	1	0x4097e9a:rts
0x4097e9c	0x4097fba	_pmap_remove_all	1	0x4097fb8:rts
0x4097fba	0x40980d6	_pmap_collapse	1	0x40980d4:rts
0x40980d6	0x409818a	_pmap_copy_on_write	1	0x4098188:rts
0x409818a	0x409827e	_pmap_protect	1	0x409827c:rts
0x409827e	0x40982a6	_pmap_enter	1	0x40982a4:rts
0x40982a6	0x409865e	_pmap_enter_mapping	1	0x409865c:rts
0x409865e	0x409871e	_pmap_change_wiring	1	0x409871c:rts
0x409871e	0x40987f8	_pmap_extract	1	0x40987f6:rts
0x40987f8	0x40988b0	_pmap_resident_extract	1	0x40988ae:rts
0x40988b0	0x4098a14	_pmap_expand_kernel	1	0x4098a12:rts
0x4098a14	0x4098b48	_pmap_expand	1	0x4098b46:rts
0x4098b48	0x4098b50	_pmap_copy	1	0x4098b4e:rts
0x4098b50	0x4098b6c	_pmap_update	1	0x4098b6a:rts
0x4098b6c	0x4098c08	_pmap_collect	1	0x4098c06:rts
0x4098c08	0x4098c16	_pmap_kernel	1	0x4098c14:rts
0x4098c16	0x4098c1e	_pmap_pageable	1	0x4098c1c:rts
0x4098c1e	0x4098c28	_pmap_attribute	1	0x4098c26:rts
0x4098c28	0x4098cac	_pmap_clear_modify	1	0x4098caa:rts
0x4098cac	0x4098d30	_pmap_clear_reference	1	0x4098d2e:rts
0x4098d30	0x4098dbe	_pmap_is_referenced	1	0x4098dbc:rts
0x4098dbe	0x4098e4c	_pmap_is_modified	1	0x4098e4a:rts
0x4098e4c	0x4098ebc	_pmap_phys_to_index	1	0x4098eba:rts
0x4098ebc	0x4098efc	_pmap_page_protect	1	0x4098efa:rts
0x4098efc	0x4098f18	_pmap_copy_page	1	0x4098f16:rts
0x4098f18	0x4098f30	_pmap_zero_page	1	0x4098f2e:rts
0x4098f30	0x4098f4a	_copy_from_phys	1	0x4098f48:rts
0x4098f4a	0x4098f64	_copy_to_phys	1	0x4098f62:rts
0x4098f64	0x4098f7e	_compress_data_from_phys	1	0x4098f7c:rts
0x4098f7e	0x4098fa0	_uncompress_data_to_phys	1	0x4098f9e:rts
0x4098fa0	0x40990ba	_pmap_tt	1	0x40990b8:rts
0x40990ba	0x40990ca	_md_prepare_for_shutdown	1	0x40990c8:rts
0x40990ca	0x40990fc	_md_shutdown_devices	1	0x40990fa:rts
0x40990fc	0x4099184	_md_do_shutdown	1	0x4099182:rts
0x4099184	0x4099476	_setconf	1	0x4099474:rts
0x4099476	0x409951c	_gets	1	0x409951a:rts
0x409951c	0x4099556	_getfsname	1	0x4099554:rts
0x4099556	0x40996b8	_initrootnet	1	0x40996b6:rts
0x40996b8	0x409a044	_trap	1	0x409a042:rts
0x409a044	0x409a216	_unix_syscall	1	0x409a214:rts
0x409a216	0x409a2dc	_unix_syscall_return	1	0x409a2da:rts
0x409a2dc	0x409a2fe	_do_trace	1	0x409a2fc:rts
0x409a2fe	0x409a4aa	_check_for_ast	1	0x409a4a8:rts
0x409a4aa	0x409a574	_traceback	1	0x409a572:rts
0x409a574	0x409a6fa	_do_writeback	1	0x409a6f8:rts
0x409a6fa	0x409a7ea	_move_space	1	0x409a7e8:rts
0x409a7ea	0x409a8ae	_bmap_parity_error	0	
0x409a8ba	0x409aa1e	_allocbuf	1	0x409aa1c:rts
0x409aa1e	0x409aa2e	_bfree	1	0x409aa2c:rts
0x409aa2e	0x409aa92	__udivdi3	1	0x409aa90:rts
0x409aa92	0x409aaf6	__umoddi3	1	0x409aaf4:rts
0x409aaf6	0x409ab9c	_pagemove	1	0x409ab9a:rts
0x409ac0c	0x409ae10	bindec	0	
0x409ae10	0x409b168	sc_mul	1	0x409b166:rts
0x409b168	0x409b1cc	binstr	1	0x409b1ca:rts
0x409b1cc	0x409b4ee	b1238_fix	1	0x409b4ec:rts
0x409b50a	0x409b516	decbin	0	
0x409b516	0x409b570	calc_e	0	
0x409b570	0x409b5bc	calc_m	0	
0x409b5bc	0x409b666	ap_st_z	0	
0x409b666	0x409b6e2	ap_st_n	0	
0x409b6e2	0x409b76c	pwrten	0	
0x409b76c	0x409b7a4	norm	1	0x409b7a2:rts
0x409b810	0x409b86e	do_func	0	
0x409b86e	0x409b874	serror	1	0x409b872:rts
0x409b874	0x409b898	snzrinx	0	
0x409b898	0x409b8aa	szero	0	
0x409b8aa	0x409b8bc	sinf	0	
0x409b8bc	0x409b8ce	sone	0	
0x409b8ce	0x409b8e0	spi_2	0	
0x409b8e0	0x409b8f2	szr_inf	0	
0x409b8f2	0x409b904	sopr_inf	0	
0x409b904	0x409b930	sslognp1	0	
0x409b930	0x409b942	setoxm1i	0	
0x409b942	0x409b97c	sslogn	1	0x409b97a:rts
0x409b97c	0x409b98e	sslognd	0	
0x409b98e	0x409b9c8	sslog10	1	0x409b9c6:rts
0x409b9c8	0x409b9da	sslog10d	0	
0x409b9da	0x409ba14	sslog2	1	0x409ba12:rts
0x409ba14	0x409ba26	sslog2d	0	
0x409ba26	0x409ba66	sub_409BA26	0	
0x409ba66	0x409ba8a	pmod	0	
0x409bb42	0x409bb66	prem	0	
0x409bc1e	0x409bc42	pscale	0	
0x409bc78	0x409bca8	ssincosz	0	
0x409bca8	0x409bcc4	ssincosi	0	
0x409bcc4	0x409bcee	ssincosnan	0	
0x409bcee	0x409bcfc	ld_ppi2	0	
0x409bcfc	0x409bd12	ld_mpi2	0	
0x409bd12	0x409bd24	ld_pinf	1	0x409bd22:rts
0x409bd24	0x409bd36	ld_minf	1	0x409bd34:rts
0x409bd36	0x409bd40	ld_pone	1	0x409bd3e:rts
0x409bd40	0x409bd52	ld_mone	1	0x409bd50:rts
0x409bd52	0x409bd64	ld_pzero	1	0x409bd62:rts
0x409bd64	0x409bd76	ld_mzero	1	0x409bd74:rts
0x409bd76	0x409bd9a	sub_409BD76	0	
0x409bd9a	0x409c132	gen_except	0	
0x409c44a	0x409c458	get_op	0	
0x409c458	0x409c4a2	uns_getop	0	
0x409c4a2	0x409c614	uni_getop	5	0x409c4b4:rts,0x409c4d0:rts,0x409c542:rts,0x409c592:rts,0x409c612:rts
0x409c614	0x409c646	sub_409C614	2	0x409c63e:rts,0x409c644:rts
0x409c646	0x409c6b0	sub_409C646	1	0x409c6ae:rts
0x409c6b0	0x409c6d0	sub_409C6B0	1	0x409c6ce:rts
0x409c6d0	0x409c6f2	sub_409C6D0	2	0x409c6e8:rts,0x409c6f0:rts
0x409c6f2	0x409c714	sub_409C6F2	2	0x409c70a:rts,0x409c712:rts
0x409c714	0x409c980	sub_409C714	4	0x409c942:rts,0x409c94c:rts,0x409c95e:rts,0x409c97e:rts
0x409c9b2	0x409c9d2	t_dz2	0	
0x409c9d2	0x409ca38	t_dz	2	0x409ca16:rts,0x409ca36:rts
0x409ca38	0x409ca5c	t_operr	2	0x409ca54:rts,0x409ca5a:rts
0x409ca5c	0x409cada	t_unfl	1	0x409cad8:rts
0x409cada	0x409cb4a	t_ovfl2	0	
0x409cb4a	0x409cba8	t_ovfl	1	0x409cba6:rts
0x409cba8	0x409cbb2	t_inx2	1	0x409cbb0:rts
0x409cbb2	0x409cbce	t_frcinx	1	0x409cbcc:rts
0x409cbce	0x409cc58	dst_nan	3	0x409cc1c:rts,0x409cc3c:rts,0x409cc56:rts
0x409cc58	0x409ccc8	src_nan	3	0x409cc80:rts,0x409ccac:rts,0x409ccc6:rts
0x409ccc8	0x409ccd6	t_extdnrm	0	
0x409ccd6	0x409cd9a	t_resdnrm	1	0x409cd98:rts
0x409cd9a	0x409ce4e	t_avoid_unsupp	2	0x409ce46:rts,0x409ce4c:rts
0x409ce7e	0x409d60e	res_func	7	0x409cf80:rts,0x409cf90:rts,0x409cfae:rts,0x409d2d8:rts,0x409d342:rts,0x409d352:rts,0x409d370:rts
0x409d60e	0x409d618	sub_409D60E	0	
0x409d618	0x409d646	sub_409D618	2	0x409d640:rts,0x409d644:rts
0x409dfc6	0x409dfe6	sub_409DFC6	0	
0x409e534	0x409e564	sub_409E534	1	0x409e562:rts
0x409e564	0x409e590	sub_409E564	1	0x409e58e:rts
0x409e5f2	0x409e62c	p_move	0	
0x409e6aa	0x409e6d4	round	0	
0x409e6d4	0x409e6fe	sub_409E6D4	0	
0x409e736	0x409e7be	sub_409E736	1	0x409e7bc:rts
0x409e7be	0x409e804	sub_409E7BE	1	0x409e802:rts
0x409e8a0	0x409e930	nrm_zero	5	0x409e8b4:rts,0x409e8de:rts,0x409e900:rts,0x409e922:rts,0x409e92e:rts
0x409e930	0x409e98c	nrm_set	2	0x409e966:rts,0x409e98a:rts
0x409e98c	0x409ea68	denorm	2	0x409ea5c:rts,0x409ea66:rts
0x409ea68	0x409ec1c	dnrm_lp	5	0x409eaba:rts,0x409eb16:rts,0x409eb86:rts,0x409ebc2:rts,0x409ec1a:rts
0x409ec3c	0x409ec4e	sacosd	0	
0x409ec4e	0x409ecf6	sacos	1	0x409ecf4:rts
0x409ed06	0x409ed0c	sasind	0	
0x409ed0c	0x409eda0	sasin	0	
0x409f660	0x409f666	satand	0	
0x409f666	0x409f8e2	satan	0	
0x409f8e2	0x409f8e8	satanhd	0	
0x409f8e8	0x409f964	satanh	0	
0x409f968	0x409fd66	sscale	8	0x409f9d2:rts,0x409fa32:rts,0x409faa4:rts,0x409fad2:rts,0x409fba4:rts,0x409fc6a:rts,0x409fc80:rts,0x409fce6:rts
0x409fd86	0x409fda0	scoshd	0	
0x409fda0	0x409fe48	scosh	0	
0x40a02f8	0x40a031e	setoxd	0	
0x40a031e	0x40a04fa	setox	0	
0x40a04fa	0x40a0500	setoxm1d	0	
0x40a0500	0x40a07ec	setoxm1	0	
0x40a07ec	0x40a07fe	sgetexp	1	0x40a07fc:rts
0x40a07fe	0x40a0818	sgetexpd	1	0x40a0816:rts
0x40a0818	0x40a083c	sgetman	1	0x40a083a:rts
0x40a083c	0x40a0858	sgetmand	0	
0x40a0858	0x40a089c	sub_40A0858	1	0x40a089a:rts
0x40a089c	0x40a08ac	sint	0	
0x40a08ac	0x40a090c	sintd	0	
0x40a090c	0x40a091a	sintrz	0	
0x40a091a	0x40a0a38	sintdo	2	0x40a09ee:rts,0x40a0a36:rts
0x40a0a5a	0x40a0a6a	dz	0	
0x40a0a6a	0x40a0a86	real_dz	0	
0x40a0a86	0x40a0b04	inex	0	
0x40a0b04	0x40a0b4e	real_inex	0	
0x40a0b4e	0x40a0b64	ovfl	0	
0x40a0b64	0x40a0b8c	real_ovfl	0	
0x40a0b8c	0x40a0ba2	unfl	0	
0x40a0ba2	0x40a0bca	real_unfl	0	
0x40a0bca	0x40a0be0	snan	0	
0x40a0be0	0x40a0bfc	real_snan	0	
0x40a0bfc	0x40a0c12	operr	0	
0x40a0c12	0x40a0c2e	real_operr	0	
0x40a0c2e	0x40a0c6c	bsun	0	
0x40a0c6c	0x40a0c94	real_bsun	0	
0x40a0c94	0x40a0c9e	fline	0	
0x40a0c9e	0x40a0ca4	real_fline	0	
0x40a0caa	0x40a0cc0	unsupp	0	
0x40a0cc0	0x40a0cd2	real_trace	1	0x40a0cd0:rts
0x40a0cd2	0x40a0cd8	fpsp_fmt_error	0	
0x40a0cd8	0x40a0d06	mem_write	2	0x40a0cee:rts,0x40a0d04:rts
0x40a0d06	0x40a0d34	mem_read	2	0x40a0d1c:rts,0x40a0d32:rts
0x40a0d54	0x40a0d78	slog10d	0	
0x40a0d78	0x40a0d9c	slog10	0	
0x40a0d9c	0x40a0dc0	slog2d	0	
0x40a0dc0	0x40a0e22	slog2	0	
0x40a16c2	0x40a1758	slognd	0	
0x40a1758	0x40a191c	slogn	1	0x40a1914:rts
0x40a191c	0x40a1922	slognp1d	0	
0x40a1922	0x40a1a96	slognp1	0	
0x40a1a9a	0x40a1c52	smovcr	3	0x40a1ade:rts,0x40a1c0a:rts,0x40a1c50:rts
0x40a1c62	0x40a1c70	smod	0	
0x40a1c70	0x40a1f86	srem	1	0x40a1f30:rts
0x40a2062	0x40a2068	ssind	0	
0x40a2068	0x40a207e	scosd	0	
0x40a207e	0x40a208c	ssin	0	
0x40a208c	0x40a242c	scos	0	
0x40a242c	0x40a2440	ssincosd	0	
0x40a2440	0x40a2734	ssincos	0	
0x40a2744	0x40a274a	ssinhd	0	
0x40a274a	0x40a2816	ssinh	0	
0x40a2cc6	0x40a2ccc	stand	0	
0x40a2ccc	0x40a2fec	stan	0	
0x40a2ff4	0x40a2ffa	stanhd	0	
0x40a2ffa	0x40a314e	stanh	0	
0x40a314e	0x40a31ae	sto_cos	5	0x40a316e:rts,0x40a3194:rts,0x40a319c:rts,0x40a31a4:rts,0x40a31ac:rts
0x40a31ae	0x40a320e	sto_res	5	0x40a31ce:rts,0x40a31f4:rts,0x40a31fc:rts,0x40a3204:rts,0x40a320c:rts
0x40a36ae	0x40a36cc	stwotoxd	0	
0x40a36cc	0x40a37ce	stwotox	0	
0x40a37ce	0x40a37ec	stentoxd	0	
0x40a37ec	0x40a3938	stentox	0	
0x40a40b8	0x40a40c6	ovf_r_k	0	
0x40a40c6	0x40a4188	ovf_r_x2	0	
0x40a4188	0x40a418e	ovf_r_x3	0	
0x40a418e	0x40a41a4	ovf_res	0	
0x40a432c	0x40a4346	get_fline	1	0x40a4344:rts
0x40a4346	0x40a4412	g_rndpr	5	0x40a435c:rts,0x40a43fe:rts,0x40a4402:rts,0x40a4406:rts,0x40a4410:rts
0x40a4412	0x40a442c	g_opcls	2	0x40a4420:rts,0x40a442a:rts
0x40a442c	0x40a4464	g_dfmtou	4	0x40a443a:rts,0x40a4450:rts,0x40a445e:rts,0x40a4462:rts
0x40a4504	0x40a451a	unf_sub	0	
0x40a4712	0x40a471e	reg_dest	0	
0x40a47ba	0x40a47f4	fpsp_bsun	0	
0x40a47f4	0x40a48d2	fpsp_fline	0	
0x40a48d2	0x40a4b34	fpsp_operr	0	
0x40a4b34	0x40a4b96	sub_40A4B34	1	0x40a4b94:rts
0x40a4b96	0x40a4bc4	sub_40A4B96	2	0x40a4bbe:rts,0x40a4bc2:rts
0x40a4c48	0x40a4d76	fpsp_ovfl	0	
0x40a4d76	0x40a4dce	sub_40A4D76	0	
0x40a4dce	0x40a4eec	fpsp_snan	0	
0x40a4eec	0x40a4fce	sub_40A4EEC	4	0x40a4f1a:rts,0x40a4f3c:rts,0x40a4f5e:rts,0x40a4f80:rts
0x40a5024	0x40a50e2	store	5	0x40a5066:rts,0x40a5078:rts,0x40a508a:rts,0x40a509c:rts,0x40a509e:rts
0x40a50e2	0x40a5166	dest_dbl	1	0x40a5164:rts
0x40a5166	0x40a51ee	dest_sgl	1	0x40a51d4:rts
0x40a51ee	0x40a520e	dest_ext	1	0x40a520c:rts
0x40a520e	0x40a533c	fpsp_unfl	0	
0x40a533c	0x40a5420	sub_40A533C	1	0x40a541e:rts
0x40a5420	0x40a5426	fpsp_unimp	0	
0x40a5426	0x40a5492	uni_2	0	
0x40a5492	0x40a5510	fpsp_unsupp	0	
0x40a5510	0x40a55ea	_port_allocate_EXTERNAL	1	0x40a55e8:rts
0x40a55ea	0x40a56ae	_port_deallocate_EXTERNAL	1	0x40a56ac:rts
0x40a56ae	0x40a5780	_port_set_add_EXTERNAL	1	0x40a577e:rts
0x40a5780	0x40a585a	_port_set_allocate_EXTERNAL	1	0x40a5858:rts
0x40a585a	0x40a591e	_port_set_deallocate_EXTERNAL	1	0x40a591c:rts
0x40a591e	0x40a59ee	_task_set_special_port_EXTERNAL	1	0x40a59ec:rts
0x40a59ee	0x40a5ad4	_thread_get_special_port_EXTERNAL	1	0x40a5ad2:rts
0x40a5ad4	0x40a5ba4	_thread_set_special_port_EXTERNAL	1	0x40a5ba2:rts
0x40a5ba4	0x40a5c76	_vm_deallocate_EXTERNAL	1	0x40a5c74:rts
0x40a5c76	0x40a5d7e	_vm_read_EXTERNAL	1	0x40a5d7c:rts
