file_offset	text
0x98	__cstring
0x120	__literal8
0x164	__literal4
0x2a0	__cat_cls_meth
0x2e4	__cat_inst_meth
0x328	__string_object
0x36c	__cstring_object__OBJC
0x3b0	__message_refs
0x3f4	__sel_fixup
0x438	__cls_refs
0x4c0	__meta_class
0x504	__cls_meth
0x548	__inst_meth
0x58c	__protocol
0x5d0	__class_names
0x614	__meth_var_types__OBJC
0x658	__meth_var_names__OBJC
0x69c	__category
0x6e0	__class_vars
0x724	__instance_vars
0x768	__module_info
0x7ac	__symbols
0x7f0	__runtime_setup
0x83c	__LINKEDIT
0x880	/usr/shlib/libsys_s.B.shlib
0x2014	/usr/shlib/libsys_s.B.shlib
0x5815	         (((((                  
0x73e5	<%t;<*t7
0x6a7f5	C#$0< u3
0x6aa0b	C#$0< uM
0x6aa2d	C3$0< u+
0x6cdcf	C#$0< u+
0x7a055	<.tz<+tv</tr<
0x98628	C(@9C,}/
0x989cd	C(@9C,}+
0x98c17	V(B9V,}-
0x98c6f	V(B9V,}-
0x98cc6	V(B9V,}.
0x98d16	V(B9V,}.
0x98d72	V(B9V,}1
0x98dc1	^(C9^,}+
0x9a35d	"F@@9FD}"""
0x9eb34	directory of database '%s' corrupt
0x9eb58	directory of database '%s' over sized
0x9eb80	directory of database '%s' under sized
0x9eba8	cannot open file '%s'
0x9ebc0	cannot allocate descriptor for database '%s'
0x9ebf0	cannot read directory header for database '%s'
0x9ec20	bad magic number on database '%s'
0x9ec44	cannot allocate directory buffer for database '%s'
0x9ec78	cannot create directory for database '%s'
0x9eca4	cannot write directory header for '%s'
0x9eccc	cannot create leaf file for '%s'
0x9ecf0	cannot allocate leaf buffer for '%s'
0x9ed18	cannot write initial leaf for '%s'
0x9ed40	*** HashTable: count differs after rehashing; probably indicates a broken invariant: there are x and y such as isEqual(x, y) is TRUE but hash(x) != hash (y)
0x9ede4	HashTable
0x9edf4	%s[0x%x]
0x9ee00	%d[0x%x]
0x9ee1c	Table [%s -> %s]: 
0x9ee2f	count: %d
0x9ee39	capacity: %d
0x9ee58	*** NXCreateHashTable: invalid style
0x9ee80	*** NXCreateHashTable: bug
0x9ee9c	*** hashtable: count differs after rehashing; probably indicates a broken invariant: there are x and y such as isEqual(x, y) is TRUE but hash(x) != hash (y)
0x9ef3c	*** NXUniqueString: invariant broken
0x9ef74	*** NXCreateMapTable: invalid creation parameters
0x9efa8	*** maptable: count differs after rehashing; probably indicates a broken invariant: there are x and y such as isEqual(x, y) is TRUE but hash(x) != hash (y)
0x9f048	*** NXMapInsert: invalid key: -1
0x9f06c	**** NXMapInsert: bug
0x9f084	**** NXMapRemove: incorrect table
0x9f0a8	**** NXMapRemove: bug
0x9f0c4	category of
0x9f0d8	Loading %s '%s'
0x9f0ec	Error loading %s
0x9f100	Couldn't find %s in bundle for %s
0x9f124	Language
0x9f138	NXLanguage
0x9f14c	/version
0x9f16c	/NextLibrary/Languages/%s%s.lproj/%s
0x9f194	/NextLibrary/Languages/%s%s.lproj
0x9f1b8	/usr/lib/
0x9f1c4	%s/%s.lproj
0x9f1d4	Localizable
0x9f1f4	*** NXPropertyList: Syntax error line %u
0x9f234	NXPropertyList: discarded input at line %u of file %s
0x9f26c	*** NXCleanList: Syntax error line %u
0x9f2a4	NXSimpleReadOnlyString
0x9f2bc	Out of bounds
0x9f2d0	NXString error %d: %s
0x9f2e8	%s, length %d: 
0x9f30c	NXStringTable: parse error before end of stream
0x9f33c	NXStringTable: parse error before '%c'
0x9f36c	messageLock
0x9f378	FREED(id)
0x9f38c	__cls_refs
0x9f3a0	please link appropriate classes in your program
0x9f3d0	unable to allocate space
0x9f3ec	Object: SubTypeUntil: end of type encountered prematurely
0x9f430	does not recognize 
0x9f44c	no instance-method cache for class %s
0x9f474	instance-method cache for class %s:
0x9f49c	no class-method cache for class %s
0x9f4c0	class-method cache for class %s:
0x9f4e4	instance
0x9f4f0	%u %s-method caches (out of %u classes):
0x9f51c	%s-method cache size distribution:
0x9f540	  %d slots: %u
0x9f550	  %u %s-method caches with %d slots (%u%% efficiency):
0x9f588	  %.2f average entries (%u maximum)
0x9f5b0	  %.2f average lookup chain (%u maximum)
0x9f5dc	  %.2f average miss chain (%u maximum)
0x9f604	cummulative method cache statistics:
0x9f62c	  %u entries in %u slots (%u%% efficiency)
0x9f658	  %u negative entries (%u%%)
0x9f678	  %lu bytes malloced data
0x9f694	lookup chain length distribution:
0x9f6b8	  length %u: %u
0x9f6cc	miss chain length distribution:
0x9f6f0	/dev/tty
0x9f6fc	objc: %s: %s
0x9f70c	objc: %s
0x9f718	objc: %s
0x9f724	__string_object
0x9f734	NXConstantString
0x9f748	__module_info
0x9f758	__message_refs
0x9f768	__protocol
0x9f774	Unable to install protocols by name...
0x9f79c	Class %s must be recompiled.
0x9f7bc	__meth_var_names
0x9f7d0	__selector_strs
0x9f7e0	loadLock
0x9f7ec	objc_unloadModules(): No modules to unload
0x9f818	classLock
0x9f824	class `%s' not linked into application
0x9f84c	unable to allocate module vector
0x9f870	unable to reallocate module vector
0x9f894	unable to remove category %s...
0x9f8b8	class `%s' not linked into application
0x9f8e0	unable to add protocols from category %s...
0x9f910	class `%s' must be recompiled
0x9f930	unable to add category %s...
0x9f950	Both %s and %s have implementations of class %s.
0x9f984	Using implementation from %s.
0x9f9a4	__runtime_setup
0x9f9b4	selectorLock
0x9f9cc	freeze-dried
0x9f9dc	%s selector hashtable for %s:
0x9f9fc	slot[%u]: 
0x9fa0c	%s selector hashtable for %s (depth = %u):
0x9fa38	%u entries in %u slots (%.2f entries/slot)
0x9fa64	%u empty slots (%u%%)
0x9fa7c	%u redundant entries (%u%%)
0x9fa9c	%.2f average lookup chain (%u maximum)
0x9fac4	%.2f average miss chain (%u maximum)
0x9faec	%u bytes malloced data + %u bytes shared data
0x9fb1c	%u bytes malloced data
0x9fb34	cummulative selector hashtable statistics:
0x9fb60	%.2f average lookup depth (%u maximum)
0x9fb88	%u miss depth
0x9fb98	<%s: 0x%x>
0x9fba4	Protocol %s must be recompiled.
0x9fbdc	expecting a reading stream
0x9fbf8	expecting a writing stream
0x9fc14	file inconsistency: read '%s', expecting '%s'
0x9fc44	class error for '%s': %s
0x9fc60	type descriptor error for '%c': %s
0x9fc84	typedstream: snail? cannot recognize byte sex.
0x9fcb4	NXOpenTypedStream: invalid mode
0x9fcd4	NXOpenTypedStream: null stream
0x9fcf4	typedstream
0x9fd00	streamtyped
0x9fd0c	file cannot be saved
0x9fd24	missing ']' in type descriptor
0x9fd44	unknown type descriptor
0x9fd60	excess characters in type descriptor
0x9fd99	Written %s object %s: %ld bytes
0x9fdbc	found null class
0x9fdd8	NXReadObject: inconsistency between written data and read:
0x9fe14	class not loaded
0x9fe28	wrong super class
0x9fe3c	NXWriteRootObject: already done
0x9fe5c	NXWriteObjectReference: NXWriteRootObject has not been previously done
0x9fea4	NXOpenTypedStreamForFile: invalid mode
0x9fecc	__constructor
0x9fee4	__destructor
0x9fef4	Exception handlers were not properly removed.
0x9ff24	Attempt to remove unrecognized exception handler.
0x9ff58	Uncaught exception #%d
0x9ff70	moninitobjc is obsoleted, refer to documentation for how to do profiling
0x9ffbc	Does not recognize selector %s
0x9ffdc	%s: for architecture %s
0x9fff8	%s: warning 
0xa0010	 (%s, errno = %d)
0xa002c	can't open: %s
0xa003c	can't stat file: %s
0xa0050	file: %s is empty (not an object or archive)
0xa0080	can't map file: %s
0xa0094	truncated or malformed file: %s (file size too small to be any kind of object or library)
0xa00fc	fat file: %s truncated or malformed (fat_arch structs would extend past the end of the file)
0xa015c	fat file: %s does not contain an architecture that matches the specified -arch flag: %s 
0xa01b8	fat file: %s does not contain an architecture that matches the specified -arch flag: %s (file ignored)
0xa0220	fat file: %s does not contain an architecture that matches the objects files (architecture %s) previously loaded
0xa0294	fat file: %s does not contain an architecture that matches the objects files (architecture %s) previously loaded (file ignored)
0xa0314	fat file: %s (for architecture %s) is not a dynamic shared library
0xa0358	can't determine the host architecture (specify an -arch flag or fix get_arch_from_host() )
0xa03b4	-arch flag must be specified (fat file: %s does not contain the host architecture or just one architecture)
0xa0420	fat file: %s(%.*s) malformed (contains zero architecture types)
0xa0460	fat file: %s malformed (contains zero architecture types)
0xa049c	fat file: %s(%.*s) truncated or malformed (offset plus size of cputype (%d) cpusubtype (%d) extends past the end of the file)
0xa051c	fat file: %s truncated or malformed (offset plus size of cputype (%d) cpusubtype (%d) extends past the end of the file)
0xa0594	fat file: %s(%.*s) fat_archs %lu cputype is zero (a reserved value)
0xa05d8	fat file: %s fat_archs %lu cputype is zero (a reserved value)
0xa0618	fat file: %s(%.*s) align (2^%lu) too large for cputype (%d) cpusubtype (%d) (maximum 2^%d)
0xa0674	fat file: %s align (2^%lu) too large for cputype (%d) cpusubtype (%d) (maximum 2^%d)
0xa06cc	fat file: %s(%.*s) offset: %lu for cputype (%d) cpusubtype (%d)) not aligned on it's alignment (2^%lu)
0xa0734	fat file: %s offset: %lu for cputype (%d) cpusubtype (%d)) not aligned on it's alignment (2^%lu)
0xa0798	fat file: %s(%.*s) contains two of the same architecture (cputype (%d) cpusubtype (%d))
0xa07f0	fat file: %s contains two of the same architecture (cputype (%d) cpusubtype (%d))
0xa0844	empty archive: %s (can't load from it)
0xa086c	truncated or malformed archive: %s (archive header of first member extends past the end of the file, can't load from  it)
0xa08e8	__.SYMDEF
0xa08f4	archive: %s has no table of contents, add one with ranlib(1) (can't load from it)
0xa0948	table of contents for archive: %s is out of date; rerun ranlib(1) (can't load from it)
0xa09a0	size of table of contents for archive: %s too small to be a valid table of contents (can't load from it)
0xa0a0c	truncated or malformed archive: %s (table of contents extends past the end of the file, can't load from it)
0xa0a78	empty table of contents: %s (can't load from it)
0xa0aac	truncated or malformed archive: %s (ranlib structures in table of contents extends past the end of the table of contents, can't load from it)
0xa0b3c	truncated or malformed archive: %s (ranlib strings in table of contents extends past the end of the table of contents, can't load from it)
0xa0bc8	empty table of contents for archive: %s (can't load from it)
0xa0c08	malformed table of contents in: %s (ranlib struct %lu has bad string index, can't load from it)
0xa0c68	malformed table of contents in: %s (ranlib struct %lu has bad library member offset, can't load from it)
0xa0cd4	malformed table of contents in: %s (ranlib struct %lu library member offset not a multiple of %lu bytes, can't load from it)
0xa0d54	__.SYMDEF SORTED
0xa0d68	malformed library: %s (member %s extends past the end of the file, can't load from it)
0xa0dc0	loaded to resolve symbol: %s
0xa0de0	malformed table of contents in library: %s (member %s did not defined symbol %s)
0xa0e34	table of contents of library: %s not sorted slower link editing will result (use the ranlib(1) -s option)
0xa0ea0	truncated or malformed archive: %s (archive header of first member extends past the end of the file, can't load from it)
0xa0f1c	truncated or malformed archive: %s at offset %lu (archive header of next member extends past the end of the file, can't load from it)
0xa0fa4	truncated or malformed archive: %s at offset %lu (member extends past the end of the file, can't load from it)
0xa1014	%s archive's cputype (%d, architecture %s) does not match cputype (%d) for specified -arch flag: %s (can't load from it)
0xa1090	%s archive's cputype (%d, architecture %s) does not match cputype (%d architecture %s) of objects files previously loaded (can't load from it)
0xa1120	can't dynamicly load fixed VM shared library
0xa1150	can't used dynamic libraries or dynamic linker with rld based interfaces
0xa119c	truncated or malformed object (mach header extends past the end of the file)
0xa11ec	bad magic number (not a Mach-O file)
0xa1214	cputype (%d, architecture %s) does not match cputype (%d) for specified -arch flag: %s
0xa126c	cputype (%d, architecture %s) does not match cputype (%d) for specified -arch flag: %s (file not loaded)
0xa12d8	cputype (%d, architecture %s) does not match cputype (%d architecture %s) of objects files previously loaded
0xa1348	cputype (%d, architecture %s) does not match cputype (%d architecture %s) of objects files previously loaded (file not loaded)
0xa13c8	cpusubtype (%d, architecture %s) does not combine with cpusubtype (%d) for specified -arch flag: %s and -force_cpusubtype_ALL not specified
0xa1454	cpusubtype (%d, architecture %s) does not combine with cpusubtype (%d) for specified -arch flag: %s and -force_cpusubtype_ALL not specified (file not loaded)
0xa14f4	cpusubtype (%d, architecture %s) does not combine with cpusubtype (%d, architecture %s) of objects files previously loaded and -force_cpusubtype_ALL not specified
0xa1598	cpusubtype (%d, architecture %s) does not combine with cpusubtype (%d, architecture %s) of objects files previously loaded and -force_cpusubtype_ALL not specified (file not loaded)
0xa1650	cputype (%d) unknown (file not loaded)
0xa1678	wrong bytesex for cputype (%d) for -arch %s (bad object or this program out of sync with get_arch_family_from_cputype() and get_byte_sex_from_flag())
0xa1710	truncated or malformed object (load commands extend past the end of the file)
0xa1760	was the output of an incremental link, can't be link edited again
0xa17a4	is input for the dynamic link editor, is not relocatable by the static link editor again
0xa1800	"incompatible, file is a dynamic shared library (must specify ""-dynamic"" to be used)"
0xa1854	file is not a dynamic shared library
0xa187c	"incompatible, file is a dynamic link editor (must specify ""-dynamic"" to be used)"
0xa18d0	load command %lu size not a multiple of sizeof(long)
0xa1908	load command %lu size is less than or equal to zero
0xa193c	load command %lu extends past end of all load commands
0xa1974	cmdsize field of load command %lu is inconsistant for a segment command with the number of sections it has
0xa19e0	SG_FVMLIB segment %.16s contains sections and shouldn't
0xa1a20	filesize
0xa1a2c	__PAGEZERO
0xa1a38	__LINKEDIT
0xa1a44	segment %.16s contains no sections and can't be link-edited
0xa1a80	segment name %.16s of section %lu (%.16s,%.16s) in load command %lu does not match segment name %.16s
0xa1ae8	unknown flags (type) of section %lu (%.16s,%.16s) in load command %lu
0xa1b30	"incompatible, file contains unsupported type of section %lu (%.16s,%.16s) in load command %lu (must specify ""-dynamic"" to be used)"
0xa1bb4	align (%lu) of section %lu (%.16s,%.16s) in load command %lu greater than maximum section alignment (%d)
0xa1c30	section %lu (%.16s,%.16s) in load command %lu has relocation entries which it shouldn't for its type (flags)
0xa1ca0	section %lu (%.16s,%.16s)in load command %lu has relocation entries but the cputype and cpusubtype for the object are not set
0xa1d28	nreloc * sizeof(struct relocation_info)
0xa1d50	symbol stub section %lu (%.16s,%.16s) in load command %lu, sizeof stub in reserved2 field is zero
0xa1db4	contains more than one LC_SYMTAB load command
0xa1de4	cmdsize of load command %lu incorrect for LC_SYMTAB
0xa1e20	nsyms * sizeof(struct nlist)
0xa1e50	contains more than one LC_DYSYMTAB load command
0xa1e80	cmdsize of load command %lu incorrect for LC_DYSYMTAB
0xa1ec0	ntoc * sizeof(struct dylib_table_of_contents)
0xa1ef0	modtaboff
0xa1efc	nmodtab * sizeof(struct dylib_module)
0xa1f24	extrefsymoff
0xa1f34	nextrefsyms * sizeof(struct dylib_reference)
0xa1f64	indirectsymoff
0xa1f74	nindirectsyms * sizeof(long)
0xa1f94	extreloff
0xa1fa0	nextrel * sizeof(struct relocation_info)
0xa1fcc	locreloff
0xa1fd8	nlocrel * sizeof(struct relocation_info)
0xa2004	contains obsolete LC_SYMSEG load command with non-zero size (produced with a pre-1.0 version of the compiler, please recompile)
0xa2084	LC_IDFVMLIB load command in object file (should not be in an input file to the link editor for output filetypes other than MH_FVMLIB)
0xa210c	MH_DYLIB
0xa2118	MH_DYLINKER
0xa2124	MH_FVMLIB
0xa2130	LC_LOADFVMLIB load command in object file (should not be in an input file to the link editor for the output file type %s)
0xa21ac	cmdsize of load command %lu incorrect for LC_LOADFVMLIB
0xa21e4	name.offset of load command %lu extends past the end of the load command
0xa2230	library name of load command %lu not null terminated
0xa2268	LC_ID_DYLIB load command in object file (should not be in an input file to the link editor for the output file type %s)
0xa22e0	LC_ID_DYLIB load command in non-MH_DYLIB filetype
0xa2314	malformed object (more than one LC_ID_DYLIB load command in MH_DYLIB file)
0xa2360	cmdsize of load command %lu incorrect for LC_ID_DYLIB
0xa2398	LC_LOAD_DYLIB load command in object file (should not be in an input file to the link editor for the output file type %s)
0xa2414	cmdsize of load command %lu incorrect for LC_LOAD_DYLIB
0xa244c	LC_ID_DYLINKER load command in object file (should not be in an input file to the link editor for the output file type %s)
0xa24c8	LC_ID_DYLINKER load command in non-MH_DYLINKER filetype
0xa2500	malformed object (more than one LC_ID_DYLINKER load command in MH_DYLINKER file)
0xa2554	cmdsize of load command %lu incorrect for LC_ID_DYLINKER
0xa2590	dynamic linker name of load command %lu not null terminated
0xa25cc	LC_LOAD_DYLINKER load command in object file (should not be in an input file to the link editor for the output file type %s)
0xa264c	cmdsize of load command %lu incorrect for LC_LOAD_DYLINKER
0xa2688	load command %lu unknown cmd field
0xa26ac	contains LC_DYSYMTAB load command without a LC_SYMTAB load command
0xa26f0	ilocalsym in LC_DYSYMTAB load command extends past the end of the symbol table
0xa2740	ilocalsym plus nlocalsym in LC_DYSYMTAB load command extends past the end of the symbol table
0xa27a0	iextdefsym in LC_DYSYMTAB load command extends past the end of the symbol table
0xa27f0	iextdefsym plus nextdefsym in LC_DYSYMTAB load command extends past the end of the symbol table
0xa2850	iundefsym in LC_DYSYMTAB load command extends past the end of the symbol table
0xa28a0	iundefsym plus nundefsym in LC_DYSYMTAB load command extends past the end of the symbol table
0xa2900	symbol_index field of table of contents entry %lu past the end of the symbol table
0xa2954	module_index field of table of contents entry %lu past the end of the module table
0xa29a8	module_name field of module table entry %lu past the end of the string table
0xa29f8	iextdefsym field of module table entry %lu past the end of the symbol table
0xa2a44	iextdefsym field plus nextdefsym field of module table entry %lu past the end of the symbol table
0xa2aa8	irefsym field of module table entry %lu past the end of the reference table
0xa2af4	irefsym field plus nrefsym field of module table entry %lu past the end of the reference table
0xa2b54	ilocalsym field of module table entry %lu past the end of the symbol table
0xa2ba0	ilocalsym field plus nlocalsym field of module table entry %lu past the end of the symbol table
0xa2c00	isym field of reference table entry %lu past the end of the symbol table
0xa2c4c	indirect symbol table entry %lu past the end of the symbol table
0xa2c90	malformed object (no LC_ID_DYLIB load command in MH_DYLIB file)
0xa2cd0	malformed object (no LC_ID_DYLINKER load command in MH_DYLINKER file)
0xa2d18	load command %lu unknown cmd
0xa2d38	symbol table is not contained in __LINKEDIT segment
0xa2d6c	string table is not contained in __LINKEDIT segment
0xa2da0	%s in load command %lu not aligned on %lu byte boundary
0xa2dd8	%s in load command %lu extends past the end of the file
0xa2e10	%s plus %s in load command %lu extends past the end of the file
0xa2e50	%s of section %lu (%.16s,%.16s) in load command %lu not aligned on %lu byte boundary
0xa2ea8	%s of section %lu (%.16s,%.16s) in load command %lu extends past the end of the file
0xa2f00	%s plus %s of section %lu (%.16s,%.16s) in load command %lu extends past the end of the file
0xa2f60	internal error: remove_last_object_file() called with object file that was not the last object file
0xa2fc4	%s(%.*s) 
0xa2fdc	internal error: obj_member_name() call with an argument that is not in an archive
0xa3030	%s(%.*s)
0xa3044	internal error, fine_reloc_output_address() called with an input_offset which maps to a fine_reloc where local_symbol is TRUE but it's not in a S_SYMBOL_STUBS or a S_LAZY_SYMBOL_POINTERS section
0xa3108	internal error, fine_reloc_offset_in_output_for_output_offset() called with a map->nfine_relocs == 0
0xa3170	internal error, fine_reloc_offset_in_output_for_output_offset() called with a section map for a non-indirect section
0xa31e8	internal error, fine_reloc_offset_in_output_for_output_offset() called with bad output_offset
0xa3248	internal error, fine_reloc_output_sectnum() called with an input_offset which maps to a fine_reloc where local_symbol is TRUE but it's not in a S_SYMBOL_STUBS or a S_NON_LAZY_SYMBOL_POINTERS section
0xa3310	internal error, fine_reloc_for_input_offset() called with a section_map->nfine_relocs == 0
0xa336c	can't vm_deallocate() memory for mapped file %s
0xa339c	S_MOD_INIT_FUNC_POINTERS
0xa33b8	S_SYMBOL_STUBS
0xa33c8	S_LAZY_SYMBOL_POINTERS
0xa33e0	S_NON_LAZY_SYMBOL_POINTERS
0xa33fc	S_LITERAL_POINTERS
0xa3410	S_8BYTE_LITERALS
0xa3424	S_4BYTE_LITERALS
0xa3438	S_CSTRING_LITERALS
0xa344c	S_ZEROFILL
0xa3458	S_REGULAR
0xa3464	literal section (%.16s,%.16s) not allowed in I860 cputype objects
0xa34a8	section's (%.16s,%.16s) type %s does not match previous objects type %s
0xa34f0	section's (%.16s,%.16s) sizeof stub %lu does not match previous objects sizeof stub %lu
0xa3548	internal error: output_section() called with unknown cputype (%d) set
0xa3590	literal C string section (%.16s,%.16s) does not end with a '\0'
0xa35d0	format error in -sectorder file: %s line %lu character possition %lu for section (%.16s,%.16s) ('\' at the end of the line)
0xa364c	format error in -sectorder file: %s line %lu for section (%.16s,%.16s) (escape sequence ending at character possition %lu out of range for character)
0xa36e4	format error in -sectorder file: %s line %lu for section (%.16s,%.16s) (hex escape ending at character possition %lu out of range)
0xa3768	format error in -sectorder file: %s line %lu for section (%.16s,%.16s) (unknown escape sequence ending at character possition %lu)
0xa37ec	"""link editor"""
0xa37fc	bad string table index (%ld) for symbol %lu
0xa3828	NULL name
0xa3834	undefined symbol %lu (%s) is not also external symbol (N_EXT)
0xa3874	undefined symbol %lu (%s) can't be private external symbol (N_PEXT)
0xa38b8	symbol %lu (%s) must have NO_SECT for its n_sect field given its type
0xa3900	symbol %lu (%s) must not have NO_SECT for its n_sect field given its type (N_SECT)
0xa3954	bad string table index (%lu) for indirect name for symbol %lu (%s)
0xa3998	indirect symbol %lu (%s) is not also external symbol (N_EXT)
0xa39d8	indirect symbol %lu (%s) can't be private external symbol (N_PEXT)
0xa3a1c	symbol %lu (%s) has unknown n_type field (0x%x)
0xa3a4c	symbol %lu (%s)'s n_sect field (%d) is greater than the number of sections in this object (%lu)
0xa3aac	external symbol %lu (%s) not allowed in an indirect section
0xa3ae8	string table does not end with a '\0'
0xa3b10	section (%s,%s) is a literal section and can't be used with -sectobjectsymbols
0xa3b60	internal error, lookup_symbol() failed
0xa3b88	internal error, enter_symbol() passed bad hash_pointer
0xa3bc0	multiple definitions of symbol %s
0xa3be4	error in trace_symbol()
0xa3bfc	private external 
0xa3c10	reference to undefined %s
0xa3c2c	definition of common %s (size %lu)
0xa3c50	definition of %s
0xa3c64	definition of absolute %s (value 0x%x)
0xa3c8c	definition of %s in section (%.16s,%.16s)
0xa3cb8	definition of %s as indirect for %s
0xa3ce0	unknown type (0x%x) of %s
0xa3cfc	__common
0xa3d10	section (__DATA,__common) reserved for allocating common symbols and exists in the loaded objects not as a zero fill section
0xa3d90	contains section (__DATA,__common)
0xa3db4	common symbols not allowed with MH_FVMLIB output format
0xa3dec	common symbols not allowed with MH_DYLIB output format
0xa3e24	specified alignment (0x%x) for section (__DATA,__common) not used (less than the required alignment in the input files (0x%x))
0xa3ea4	indirect symbol loop:
0xa3ebc	internal error: output_local_symbols() inconsistent local symbol count
0xa3f04	internal error: local_symbol_output_index() could not determine output_index
0xa3f54	internal error: get_string_block() called with symbol_name (%s) not in the string blocks
0xa3fb0	prebinding disabled because of undefined symbols
0xa3fe4	undefined symbols:
0xa3ff8	Undefined symbols:
0xa400c	more references to undefined symbols ...
0xa4038	internal error: assign_output_symbol_indexes() inconsistent local symbol counts
0xa4088	-seg1addr: 0x%x not a multiple of the segment alignment (0x%x)
0xa40c8	address of first segment: %.16s set both by name and with the -seg1addr option
0xa4118	internal error: layout_segments() called with unknown cputype (%d) set
0xa4160	size of headers (0x%x) exceeds the segment alignment (0x%x) (would cause the addresses not to be fixed)
0xa41c8	alignment (0x%x) of section (%.16s,%.16s) greater than the segment alignment (0x%x)
0xa421c	can't vm_allocate() memory for output of size %lu
0xa4250	can't set vm_protection on memory for output
0xa4280	entry point symbol name: %s not defined
0xa42a8	specified entry point symbol name ignored, output file type has no entry point or no non-zerofill sections
0xa4314	internal error: swap_object_headers() failed in output_headers()
0xa4358	stray relocation GENERIC_RELOC_PAIR entry (%lu) in section (%.16s,%.16s)
0xa43a4	r_value (0x%x) field of relocation entry %lu in section (%.16s,%.16s) out of range
0xa43f8	r_address (0x%x) field of relocation entry %lu in section (%.16s,%.16s) out of range
0xa4450	relocation entry (%lu) in section (%.16s,%.16s) r_type is GENERIC_RELOC_SECTDIFF but relocation entry not scattered type
0xa44cc	relocation entry (%lu) in section (%.16s,%.16s) following associated relocation entry not scattered type
0xa4538	relocation entry (%lu) in section (%.16s,%.16s) missing following associated GENERIC_RELOC_PAIR entry
0xa45a0	r_type field of relocation entry %lu in section (%.16s,%.16s) invalid
0xa45e8	r_symbolnum (%lu) field of external relocation entry %lu in section (%.16s,%.16s) out of range
0xa4648	r_symbolnum (%lu) field of external relocation entry %lu in section (%.16s,%.16s) refers to a non-external symbol
0xa46bc	r_symbolnum (%lu) field of external relocation entry %lu in section (%.16s,%.16s) refers to a non-undefined symbol
0xa4730	internal error, in generic_reloc() symbol index %lu in above file not in undefined map
0xa4788	r_symbolnum (%lu) field of local relocation entry %lu in section (%.16s,%.16s) out of range
0xa47e4	relocation for entry %lu in section (%.16s,%.16s) does not fit in 1 byte
0xa4830	relocation for entry %lu in section (%.16s,%.16s) does not fit in 2 bytes
0xa487c	r_length field of relocation entry %lu in section (%.16s,%.16s) invalid
0xa48c4	previous fatal errors occured, can no longer succeed
0xa4904	can't create output file: %s
0xa4924	can't write output file: %s
0xa4940	can't close output file: %s
0xa495c	can't vm_deallocate() buffer for output file's symbol table
0xa4998	can't vm_flush_cache() output buffer
0xa49c0	a base program is currently loaded
0xa49e4	object sets are currently loaded (base file must be loadedbefore object sets)
0xa4a34	Can't open: %s
0xa4a44	Can't stat file: %s
0xa4a58	file: %s is empty (not an object)
0xa4a7c	truncated or malformed file: %s (file size too small to be any kind of object)
0xa4acc	can't determine the host architecture (fix get_arch_from_host() )
0xa4b10	fat file: %s does not contain the host architecture (can't be used as a base file)
0xa4b64	no object sets currently loaded
0xa4b84	can't vm_deallocate() memory for output
0xa4bac	no object sets or base program currently loaded
0xa4bdc	can't create NXZone
0xa4bf4	virtual memory exhausted (NXZoneMalloc failed)
0xa4c24	virtual memory exhausted (NXZoneRealloc failed)
0xa4c54	4 byte literal section (%.16s,%.16s) size is not a multiple of 4 bytes
0xa4c9c	8 byte literal section (%.16s,%.16s) size is not a multiple of 8 bytes
0xa4ce4	format error in -sectorder file: %s line %lu for section (%.16s,%.16s) (missing second hex number)
0xa4d48	format error in -sectorder file: %s line %lu for section (%.16s,%.16s) (missing hex number, no leading 0x found)
0xa4dbc	format error in -sectorder file: %s line %lu for section (%.16s,%.16s) (too many hex digits for 32 bit value)
0xa4e2c	literal pointer section (%.16s,%.16s) size is not a multiple of 4 bytes
0xa4e74	literal pointer section (%.16s,%.16s) does not have is exactly one relocation entry for each pointer
0xa4edc	r_value (0x%x) field of relocation entry %ld in section (%.16s,%.16s) out of range
0xa4f30	r_address (0x%x) field of relocation entry %ld in section (%.16s,%.16s) out of range
0xa4f88	r_address (0x%x) field of relocation entry %ld in literal pointer section (%.16s,%.16s) is not a multiple of 4
0xa4ff8	r_length (0x%x) field of relocation entry %ld in literal pointer section (%.16s,%.16s) is not 2 (long)
0xa5060	r_pcrel (0x%x) field of relocation entry %ld in literal pointer section (%.16s,%.16s) is not 0 (FALSE)
0xa50c8	r_symbolnum (%lu) field of external relocation entry %ld in section (%.16s,%.16s) out of range
0xa5128	r_symbolnum (%lu) field of external relocation entry %ld in section (%.16s,%.16s) refers to a non-external symbol
0xa519c	r_symbolnum (%lu) field of external relocation entry %ld in section (%.16s,%.16s) refers to a non-undefined symbol
0xa5210	internal error, in merge_literal_pointers() symbol index %lu in not in undefined map
0xa5268	r_symbolnum (%lu) field of external relocation entry %ld in section (%.16s,%.16s) refers to a common symbol (%s) and is not in a literal section
0xa52fc	r_symbolnum (%lu) field of external relocation entry %ld in section (%.16s,%.16s) refers to an absolue symbol (%s) and is not known to be in a literal section
0xa539c	illegal undefined reference for MH_DYLIB output file to symbol: %s from a literal pointer section (section (%.16s,%.16s) relocation entry: %lu)
0xa542c	illegal external reference for MH_DYLIB output file to symbol: %s (not a private extern symbol) from a literal pointer section (section (%.16s,%.16s) relocation entry: %lu)
0xa54dc	internal error, in merge_literal_pointers() merged symbol %s does not have a type of N_EXT|N_SECT
0xa5540	exteral symbol (%s) for external relocation entry %ld in section (%.16s,%.16s) refers a symbol not defined in a literal section
0xa55c0	exteral symbol's (%s) address not in the section (%.16s,%.16s) it is defined in
0xa5610	r_symbolnum (0x%x) field of relocation entry %ld in literal pointer section (%.16s,%.16s) is R_ABS (not correct for a literal pointer section)
0xa56a0	literal pointer (0x%x) in section (%.16s,%.16s) at address 0x%x does not point into its (%.16s,%.16s) section as refered to by its r_symbolnum (0x%x) field in relocation entry %ld as it should
0xa5764	r_symbolnum field (0x%x) in relocation entry %ld in literal pointer section (%.16s,%.16s) refers to section (%.16s,%.16s) which is not a literal section
0xa5800	r_value field (0x%x) in relocation entry %ld in literal pointer section (%.16s,%.16s) refers to section (%.16s,%.16s) which is not a literal section
0xa5898	more than one relocation entry for literal pointer at address 0x%x (r_address 0x%x) in section (%.16s,%.16s)
0xa5908	internal error, in indirect_section_merge() section type (%lu) is not correct for an indirect section
0xa5970	malformed object (section (%.16s,%.16s) size is not a multiple of %lu bytes)
0xa59c0	malformed object (file has indirect section (%.16s,%.16s) but no dysymtab_command)
0xa5a14	malformed object (index into indirect symbol table (reserved1 field) for indirect section (%.16s,%.16s) past the end of the table)
0xa5a98	malformed object (indirect symbol table entriesfor section (%.16s,%.16s) extends past the end of the table)
0xa5b04	indirect symbol:%s can not be a private extern
0xa5b34	interal error, indirect_section_merge() failed in looking up external symbol
0xa5b84	malformed object (bad indirect symbol table entry (%ld) (symbol at index %lu is a stab)
0xa5bdc	malformed object (bad indirect symbol table entry (%ld) (symbol at index %lu is not external)
0xa5c3c	malformed object (lazy symbol pointer section (%.16s,%.16s) does not have is exactly one relocation entry for each pointer)
0xa5cb8	malformed object (stray relocation PAIR entry (%lu) in section (%.16s,%.16s))
0xa5d08	malformed object (r_address (0x%x) field of relocation entry %ld in section (%.16s,%.16s) out of range)
0xa5d70	malformed object (relocation entry (%lu) in section (%.16s,%.16s) missing following associated PAIR entry)
0xa5ddc	malformed object, illegal reference (r_address (0x%x) field of relocation entry %lu in lazy symbol pointer section (%.16s,%.16s) is not a multiple of 4)
0xa5e78	malformed object, illegal reference (r_length (0x%x) field of relocation entry %lu in lazy symbol pointer section (%.16s,%.16s) is not 2 (long))
0xa5f0c	malformed object, illegal reference (r_pcrel (0x%x) field of relocation entry %lu in lazy symbol pointer section (%.16s,%.16s) is not 0 (FALSE))
0xa5fa0	malformed object, illegal reference (r_extern (0x%x) field of relocation entry %lu in lazy symbol pointer section (%.16s,%.16s) is not 0 (FALSE))
0xa6034	malformed object, illegal reference (r_type (0x%x) field of relocation entry %lu in lazy symbol pointer section (%.16s,%.16s) is not 0 (VANILLA))
0xa60c8	malformed object, illegal reference (relocation entry %lu in lazy symbol pointer section (%.16s,%.16s) is a scattered type)
0xa6144	malformed object, illegal reference (reference from a lazy symbol pointer section (%.16s,%.16s) relocation entry (%lu) which is not to a symbol stub section)
0xa61e4	internal error, in indirect_section_merge() symbol index %lu in above file not in undefined map
0xa6244	illegal undefined reference for MH_DYLIB output file to symbol: %s from a symbol stub section (section (%.16s,%.16s) relocation entry: %lu)
0xa62d0	illegal external reference for MH_DYLIB output file to symbol: %s (not a private extern symbol) from a symbol stub section (section (%.16s,%.16s) relocation entry: %lu)
0xa637c	malformed object, illegal reference (reference to a symbol stub not at the start of the stub from section (%.16s,%.16s) relocation entry (%lu))
0xa640c	malformed object, illegal reference (reference to symbol stub in section (%.16s,%.16s) at address 0x%x from lazy pointer section (%.16s,%.16s) relocation entry (%lu) with non-matching indirect symbols)
0xa64d8	malformed object, illegal reference (reference to a lazy symbol pointer section from section (%.16s,%.16s) relocation entry (%lu) which is not a symbol stub section)
0xa6580	malformed object, illegal reference (reference to lazy symbol pointer section (%.16s,%.16s) at address 0x%x from symbol stub section (%.16s,%.16s) relocation entry (%lu) with non-matching indirect symbols)
0xa6650	can't use -s with input files containg indirect symbols (output file must contain at least global symbols, for maximum stripping use -x)
0xa66dc	internal error, indirect_symbols != nindirectsyms in output_indirect_symbols()
0xa672c	module initialization function pointer section (%.16s,%.16s) size is not a multiple of 4 bytes
0xa678c	module initialization function pointer section (%.16s,%.16s) does not have is exactly one relocation entry for each pointer
0xa680c	r_address (0x%x) field of relocation entry %ld in module initialization function pointer section (%.16s,%.16s) is not a multiple of 4
0xa6894	r_length (0x%x) field of relocation entry %ld in module initialization function pointer section (%.16s,%.16s) is not 2 (long)
0xa6914	r_pcrel (0x%x) field of relocation entry %ld in module initialization function pointer section (%.16s,%.16s) is not 0 (FALSE)
0xa6994	r_type (0x%x) field of relocation entry %ld in module initialization function pointer section (%.16s,%.16s) is not 0 (VANILLA)
0xa6a14	aligment greater than 2 (2^2, 4 bytes) for module initialization function pointer section (%.16s,%.16s) (will leave holes with zeroes for pointers)
0xa6aa8	stray relocation M98K_RELOC_PAIR entry (%lu) in section (%.16s,%.16s)
0xa6af0	relocation entry (%lu) in section (%.16s,%.16s) missing following associated M98K_RELOC_PAIR entry
0xa6b54	relocation entry (%lu) in section (%.16s,%.16s) r_type is M98K_RELOC_SECTDIFF but relocation entry not scattered type
0xa6bcc	internal error, in m98k_reloc() symbol index %lu in above file not in undefined map
0xa6c20	relocation error for relocation entry %lu in section (%.16s,%.16s) (relocated value not a multiple of 4 bytes)
0xa6c90	relocation error for relocation entry %lu in section (%.16s,%.16s) (displacement not a multiple of 4 bytes)
0xa6cfc	relocation overflow for relocation entry %lu in section (%.16s,%.16s) (displacement too large)
0xa6d5c	stray relocation M88K_RELOC_PAIR entry (%lu) in section (%.16s,%.16s)
0xa6da4	relocation entry (%lu) in section (%.16s,%.16s) missing following associated M88K_RELOC_PAIR entry
0xa6e08	relocation entry (%lu) in section (%.16s,%.16s) r_type is M88K_RELOC_SECTDIFF but relocation entry not scattered type
0xa6e80	internal error, in m88k_reloc() symbol index %lu in above file not in undefined map
0xa6ed4	stray relocation HPPA_RELOC_PAIR entry (%lu) in section (%.16s,%.16s)
0xa6f1c	relocation entry (%lu) in section (%.16s,%.16s) missing following associated HPPA_RELOC_PAIR entry
0xa6f80	relocation entry (%lu) in section (%.16s,%.16s) r_type is HPPA_RELOC_SECTDIFF but relocation entry not scattered type
0xa6ff8	internal error, in hppa_reloc() symbol index %lu in above file not in undefined map
0xa704c	relocation entry %lu in section (%.16s,%.16s) (branch offset not a multiple of 4)
0xa70a0	stray relocation SPARC_RELOC_PAIR entry (%lu) in section (%.16s,%.16s)
0xa70e8	relocation entry (%lu) in section (%.16s,%.16s) missing following associated SPARC_RELOC_PAIR entry
0xa714c	relocation entry (%lu) in section (%.16s,%.16s) r_type is SPARC_RELOC_SECTDIFF but relocation entry not scattered type
0xa71c4	internal error, in sparc_reloc() symbol index %lu in above file not in undefined map
0xa721c	hppa7100LC
0xa72a8	in swap_object_headers(): malformed load command %lu (cmdsize not a multiple of sizeof(long))
0xa7308	in swap_object_headers(): truncated or malformed load command %lu (extends past the end of the all load commands)
0xa737c	in swap_object_headers(): malformed load command %lu (cmdsize is zero)
0xa73c4	in swap_object_headers(): malformed load command (inconsistant cmdsize in LC_SEGMENT command %lu for the number of sections)
0xa7444	in swap_object_headers(): malformed load commands (LC_SYMTAB command %lu has incorrect cmdsize
0xa74a4	in swap_object_headers(): malformed load commands (LC_DYSYMTAB command %lu has incorrect cmdsize
0xa7508	in swap_object_headers(): malformed load command (LC_SYMSEG command %lu has incorrect cmdsize
0xa7568	LC_IDFVMLIB
0xa7574	LC_LOADFVMLIB
0xa7584	in swap_object_headers(): malformed load commands (%s command %lu has too small cmdsize field)
0xa75e4	in swap_object_headers(): truncated or malformed load commands (name.offset field of %s command %lu extends past the end of all load commands)
0xa7674	LC_ID_DYLIB
0xa7680	LC_LOAD_DYLIB
0xa7690	in swap_object_headers(): malformed load commands (LC_PREBOUND_DYLIB command %lu has too small cmdsize field)
0xa7700	in swap_object_headers(): truncated or malformed load commands (name.offset field of LC_PREBOUND_DYLIB command %lu extends past the end of all load commands)
0xa77a0	in swap_object_headers(): truncated or malformed load commands (linked_modules.offset field of LC_PREBOUND_DYLIB command %lu extends past the end of all load commands)
0xa7848	LC_ID_DYLINKER
0xa7858	LC_LOAD_DYLINKER
0xa786c	LC_UNIXTHREAD
0xa787c	LC_THREAD
0xa7888	in swap_object_headers(): malformed load commands (count not M68K_THREAD_STATE_REGS_COUNT for flavor number %lu which is a M68K_THREAD_STATE_REGS flavor in %s command %lu)
0xa7934	in swap_object_headers(): malformed load commands (count not M68K_THREAD_STATE_68882_COUNT for flavor number %lu which is a M68K_THREAD_STATE_68882 flavor in %s command %lu)
0xa79e4	in swap_object_headers(): malformed load commands (count not M68K_THREAD_STATE_USER_REG_COUNT for flavor number %lu which is a M68K_THREAD_STATE_USER_REG flavor in %s command %lu)
0xa7a98	in swap_object_headers(): malformed load commands (unknown flavor for flavor number %lu in %s command %lu can't byte swap it)
0xa7b18	in swap_object_headers(): malformed load commands (count not M98K_THREAD_STATE_GRF_COUNT for flavor number %lu which is a M98K_THREAD_STATE_GRF flavor in %s command %lu)
0xa7bc4	in swap_object_headers(): malformed load commands (count not M88K_THREAD_STATE_GRF_COUNT for flavor number %lu which is a M88K_THREAD_STATE_GRF flavor in %s command %lu)
0xa7c70	in swap_object_headers(): malformed load commands (count not M88K_THREAD_STATE_XRF_COUNT for flavor number %lu which is a M88K_THREAD_STATE_XRF flavor in %s command %lu)
0xa7d1c	in swap_object_headers(): malformed load commands (count not M88K_THREAD_STATE_USER_COUNT for flavor number %lu which is a M88K_THREAD_STATE_USER flavor in %s command %lu)
0xa7dc8	in swap_object_headers(): malformed load commands (count not M88110_THREAD_STATE_IMPL_COUNT for flavor number %lu which is a M88110_THREAD_STATE_IMPL flavor in %s command %lu)
0xa7e78	in swap_object_headers(): malformed load commands (count not I860_THREAD_STATE_REGS_COUNT for flavor number %lu which is a I860_THREAD_STATE_REGS flavor in %s command %lu)
0xa7f24	in swap_object_headers(): malformed load commands (count not i386_THREAD_STATE_COUNT for flavor number %lu which is a i386_THREAD_STATE flavor in %s command %lu)
0xa7fc8	in swap_object_headers(): malformed load commands (count not i386_THREAD_FPSTATE_COUNT for flavor number %lu which is a i386_THREAD_FPSTATE flavor in %s command %lu)
0xa8070	in swap_object_headers(): malformed load commands (count not i386_THREAD_EXCEPTSTATE_COUNT for flavor number %lu which is a i386_THREAD_EXCEPTSTATE flavor in %s command %lu)
0xa8120	in swap_object_headers(): malformed load commands (count not i386_THREAD_CTHREADSTATE_COUNT for flavor number %lu which is a i386_THREAD_CTHREADSTATE flavor in %s command %lu)
0xa81d0	in swap_object_headers(): malformed load commands (count not HPPA_INTEGER_THREAD_STATE_COUNT for flavor number %lu which is a HPPA_INTEGER_THREAD_STATE flavor in %s command %lu)
0xa8284	in swap_object_headers(): malformed load commands (count not HPPA_FRAME_THREAD_STATE_COUNT for flavor number %lu which is a HPPA_FRAME_THREAD_STATE flavor in %s command %lu)
0xa8334	in swap_object_headers(): malformed load commands (count not HPPA_FP_THREAD_STATE_COUNT for flavor number %lu which is a HPPA_FP_THREAD_STATE flavor in %s command %lu)
0xa83dc	in swap_object_headers(): malformed load commands (count not SPARC_THREAD_STATE_REGS_COUNT for flavor number %lu which is a SPARC_THREAD_STATE_REGS flavor in %s command %lu)
0xa848c	in swap_object_headers(): malformed load commands (count not SPARC_THREAD_STATE_FPU_COUNT for flavor number %lu which is a SPARC_THREAD_STATE_FPU flavor in %s command %lu)
0xa8538	in swap_object_headers(): malformed load commands (unknown cputype (%d) and cpusubtype (%d) of object and can't byte swap %s command %lu)
0xa85c4	in swap_object_headers(): truncated or malformed load commands (cmdsize field of LC_IDENT command %lu extends past the end of the load commands)
0xa8658	in swap_object_headers(): malformed load commands (unknown load command %lu)
0xa86a8	in swap_object_headers(): truncated or malformed load commands (load command %lu extends past the end of all load commands)
0xa8724	in swap_object_headers(): malformed load commands (inconsistant sizeofcmds field in mach header)
0xa8788	internal error: reloc_pair_r_type() called with unknown cputype (%u)
0xa87d0	internal error: reloc_has_pair() called with unknown cputype (%u)
0xa8814	internal error: reloc_is_sectdiff() called with unknown cputype (%u)
0xa885c	Stream is neither readable nor writable in NXTell
0xa8890	Assertion failed: NXUngetc: last character read unknown
0xa88cc	(null pointer)
0xa88e8	+Infinity
0xa88f4	-Infinity
0xa8910	/usr/lib/sound/booter.snd
0xa892c	sndoutdecompressatc
0xa8940	/usr/lib/sound/
0xa8958	resample1
0xa8964	resample2
0xa8970	resample: %s 
0xa8980	Output array overflow
0xa8998	IBUFFSIZE (or factor) is too small
0xa89bc	mulawcodec
0xa89c8	hf3_true: hf2 => DSP aborted during ATC compression
0xa8a00	ATC decompression aborted. Truncated input file?
0xa8a34	hostdecompressatc
0xa8a48	hostdecompress
0xa8a58	hostcompressatc
0xa8a68	hostcompress
0xa8a80	_BLOCKDATA
0xa8aa4	*** addShortArrays: overflow, index %d, frame %d
0xa8ad8	*** addShortArrays: another thousand overflows, index %d, frame %d
0xa8b1c	*** ATC: addShortArrays: (-) overflow, index %d, frame %d
0xa8b58	*** ATC: addShortArrays: another thousand (-) overflows, index %d, frame %d
0xa8ba8	*** ATC: copyShortsFromDATA_TYPEs: overflow, index %d, frame %d
0xa8bec	*** ATC: copyShortsFromDATA_TYPEs: another thousand overflows, index %d, frame %d
0xa8c40	*** ATC: copyShortsFromDATA_TYPEs: (-) overflow, index %d, frame %d
0xa8c88	*** ATC: copyShortsFromDATA_TYPEs: another thousand (-) overflows, index %d, frame %d
0xa8ce0	mulawcodec2
0xa8cf4	monobyte
0xa8d08	sndoutdecompress
0xa8d24	ssidecompress
0xa8d34	dsprecord
0xa8d40	ssicompress
0xa8d4c	derecord22m
0xa8d58	/usr/lib/NextStep/Resources
0xa8d74	No error
0xa8d80	SoundLib
0xa8d8c	Not a sound
0xa8d98	Bad data format
0xa8da8	Bad sampling rate
0xa8dbc	Bad channel count
0xa8dd0	Bad size
0xa8ddc	Bad file name
0xa8dec	Cannot open file
0xa8e00	Cannot write file
0xa8e14	Cannot read file
0xa8e28	Cannot allocate memory
0xa8e40	Cannot free memory
0xa8e54	Cannot copy
0xa8e60	Cannot reserve access
0xa8e78	Access not reserved
0xa8e8c	Cannot record sound
0xa8ea0	Already recording sound
0xa8eb8	Not recording sound
0xa8ecc	Cannot play sound
0xa8ee0	Already playing sound
0xa8ef8	Not implemented
0xa8f08	Not playing sound
0xa8f1c	Cannot find sound
0xa8f30	Cannot edit sound
0xa8f44	Bad memory space in dsp load image
0xa8f68	Mach kernel error
0xa8f7c	Bad configuration
0xa8f90	Cannot configure
0xa8fa4	Data underrun
0xa8fc4	Cannot access hardware resources
0xa8ff0	Hardware resources already in use
0xa9014	Cannot abort operation
0xa902c	Information string too large
0xa904c	Unknown error
0xa905c	directory of '%s' at maximum depth
0xa9080	cannot reallocate directory for '%s'
0xa90a8	cannot write directory for '%s'
0xa90cc	cannot obtain leaf buffer for '%s'
0xa90f0	cannot read leaf %ld for '%s'
0xa9110	database '%s' compressed or read only
0xa9138	key not found in database '%s'
0xa9158	current leaf invalid in database '%s'
0xa9180	rehash failed in database '%s'
0xa91a0	cannot flush leaves in database '%s'
0xa91c8	record size %d too large for '%s'
0xa91ec	%.247s.C.XXXXXX
0xa91fc	cannot create compression file for '%s'
0xa9228	leaf read failed for '%s'
0xa9244	leaf write failed for '%s'
0xa9260	cannot replace leaf file for '%s'
0xa9284	database '%s' is read only
0xa92a0	database '%s' is not compressed
0xa92c4	%.247s.E.XXXXXX
0xa92d4	cannot create expansion file for %s
0xa9304	cannot close database '%s'
0xa9328	dbError: %d, 
0xa9338	cannot lock database '%s'
0xa9354	cannot remove database '%s'
0xa9394	/.NeXTdefaults
0xa93b0	NXFilePathSearch could not lookup user's home directory
0xa93e8	NXFilePathSearch could not lookup home directory of %s
0xa9428	""""" """" """" """" 255 255 255 255 255 255 255 255"
0xa9454	NXCurrencyFormat
0xa9470	NXCurrencyGroup
0xa9480	"""."" """" 0"
0xa948c	NXNumberGroup
0xa949c	/tmp/u.XXXXXX
0xa94ac	/tmp/t.XXXXXX
0xa94bc	%H:%M:%S %Z
0xa94c8	NSTimeFormatString
0xa94dc	%a %b %d %Y
0xa94e8	NSDateFormatString
0xa94fc	%a %b %d %H:%M:%S %Z %Y
0xa9514	NSTimeDateFormatString
0xa953c	January February March April May June July August September October November December
0xa9594	NSMonthNameArray
0xa95a8	Jan Feb Mar Apr May Jun Jul Aug Sep Oct Nov Dec
0xa95d8	NSShortMonthNameArray
0xa95f0	Sunday Monday Tuesday Wednesday Thursday Friday Saturday
0xa962c	NSWeekDayNameArray
0xa9640	Sun Mon Tue Wed Thu Fri Sat
0xa965c	NSShortWeekDayNameArray
0xa9698	: illegal option -- 
0xa96b0	: option requires an argument -- 
0xa96d4	/etc/passwd
0xa96e0	Ev_LLPostEvent
0xa96f0	Evs_EventDeviceInfo
0xa9704	Evs_ResetKeyboard
0xa9718	Evs_SetKeyRepeat
0xa972c	Evs_CurrentKeyRepeat
0xa9744	Evs_SetInitialKeyRepeat
0xa975c	Evs_SetKeyMapping
0xa9770	Evs_CurrentKeyMappingLength
0xa978c	Evs_CurrentKeyMapping
0xa97a4	Evs_ResetMouse
0xa97b4	Evs_SetClickTime
0xa97c8	Evs_CurrentClickTime
0xa97e0	Evs_SetClickSpace
0xa97f4	Evs_CurrentClickSpace
0xa980c	Evs_SetMouseScaling
0xa9820	Evs_CurrentMouseScaling
0xa9838	Evs_SetMouseHandedness
0xa9850	Evs_CurrentMouseHandedness
0xa986c	Evs_SetWaitThreshold
0xa9884	Evs_CurrentWaitCursorInfo
0xa98a0	Evs_SetWaitSustain
0xa98b4	Evs_SetWaitFrameInterval
0xa98d0	Evs_SetAutoDimTime
0xa98e4	Evs_CurrentAutoDimTime
0xa98fc	Evs_GetDeltaAutoDimTime
0xa9914	Evs_GetIdleTime
0xa9924	Evs_SetAutoDimState
0xa9938	Evs_AutoDimmed
0xa9948	Evs_SetBrightness
0xa995c	Evs_DeviceControlInfo
0xa9974	Evs_SetAutoDimBrightness
0xa9990	%.3s %.3s%3d %02d:%02d:%02d %d
0xa99b0	localtime
0xa99bc	/etc/zoneinfo
0xa9a48	/etc/disktab
0xa9a58	Disktab entry too long
0xa9a8c	:/bin:/usr/bin
0xa9aa0	/etc/xtab
0xa9ae4	/etc/fstab
0xa9af4	group.byname
0xa9b08	group.bygid
0xa9b14	passwd.byname
0xa9b24	passwd.byuid
0xa9b34	/etc/ttys
0xa9b58	/bin/csh
0xa9b6c	/etc/shells
0xa9b78	getwd: can't stat /
0xa9b90	getwd: can't stat .
0xa9ba8	getwd: can't open ..
0xa9bc0	getwd: read error in ..
0xa9be0	No space for monitor buffer(s)
0xa9c00	mcount: gmon.out
0xa9c14	gmon.out
0xa9c20	mcount: tos overflow
0xa9c38	initgroups: %s is in too many groups
0xa9c60	setgroups
0xa9c6c	Malloc corrupted entering malloc
0xa9c90	Malloc corrupted leaving malloc
0xa9cb4	start add 0x%x size %d free %d
0xa9cd4	zone 0x%x 
0xa9ce0	valloced -- start add 0x%x size %d free 0
0xa9d0c	ptr not in heap
0xa9d20	Malloc corrupted entering realloc
0xa9d44	Malloc corrupted leaving realloc
0xa9d68	Malloc corrupted entering free
0xa9d88	Malloc corrupted leaving free
0xa9da8	n %d size 0x%x data %x 
0xa9dc4	**Bad heap: left child to big 0x%x
0xa9de8	**Bad heap: right child to big 0x%x
0xa9e10	**Bad free area not marked free
0xa9e34	**Bad heap: free area size is 0x%x
0xa9e58	**Bad heap: back pointer to free heap is bad
0xa9e88	**Bad heap: bad free area size
0xa9ea8	number of regions used %d allocated %d
0xa9ed0	INTERNAL
0xa9edc	EXTERNAL
0xa9ef0	beginadd %x endadd %x zone 0x%x type %s 
0xa9f1c	number of zones used %d allocated %d
0xa9f44	freen %d freemaxn %d 
0xa9f5c	The free heap ---------------
0xa9f7c	bad zone piece size of zero
0xa9f9c	Smashed zone. Header size invalid
0xa9fc0	back pointer number to the lastfree is bad
0xa9fec	back pointer to last free is bad
0xaa010	lastfree is not really free
0xaa030	end of last piece did not match end of zone
0xaa060	last piece in region bad
0xaa07c	beginadd %x endadd %x zonep 0x%x type %s 
0xaa0a8	add 0x%x size 0x%x free %d lastguyfree %d
0xaa0d4	***bad piece at %x size of zero
0xaa0f8	-------- extend point --------
0xaa118	last piece in region is bad
0xaa138	bad zone
0xaa144	attempt to free or realloc space not in heap
0xaa174	internal verification of memory heap failed
0xaa1a4	attempt to free or realloc space already freed
0xaa1d4	vm_copy failed
0xaa1e4	vm_deallocate failed
0xaa1fc	vm_allocate failed
0xaa210	memory allocation error: 
0xaa22c	"%s ""%s"" %s %s %d %d"
0xaa254	ndbm: split not paired
0xaa270	Unknown signal
0xaa280	initstate: not enough state (%d bytes) with which to do jack; ignored.
0xaa2c8	setstate: state info has been munged; not changed.
0xaa30c	Regular expression too long
0xaa328	No previous regular expression
0xaa348	unmatched \(
0xaa358	missing ]
0xaa364	too many \(\) pairs
0xaa378	unmatched \)
0xaa3a8	error %d
0xaa3b4	SECURITY ALERT -- SYSLOG BUFFER OVERRUN -- ABORTING
0xaa444	GMT%c%d:%02d
0xaa454	longjmp botch
0xaa464	%d.%d.%d.%d
0xaa530	Memory Access
0xaa540	Illegal Instruction
0xaa554	Arithmetic
0xaa560	Emulation
0xaa56c	Software
0xaa578	Breakpoint
0xaa584	Unknown exception
0xaa598	%s: %s(%d)
0xaa5a4	Memory access exception on address 0x%x (%s)
0xaa5d4	Illegal instruction
0xaa5e8	Arithmetic exception
0xaa600	Emulation exception
0xaa614	Software exception
0xaa628	Breakpoint exception
0xaa640	unknown exception
0xaa654	%s: %s(%d %d %d)
0xaa668	successful
0xaa674	invalid address
0xaa684	protection failure
0xaa698	no space available
0xaa6ac	invalid argument
0xaa6c8	resource shortage
0xaa6dc	not receiver
0xaa6ec	no access
0xaa6f8	memory failure
0xaa708	memory error
0xaa718	port already in set
0xaa72c	port not member of set
0xaa744	name translation already exists
0xaa764	operation aborted
0xaa778	bootstrap operation not privileged
0xaa79c	bootstrap operation name in use
0xaa7bc	bootstrap unknown service
0xaa7d8	bootstrap service already active
0xaa7fc	bootstrap bad count
0xaa810	bootstrap no memory
0xaa824	invalid memory
0xaa834	invalid port
0xaa844	timed out
0xaa850	will notify
0xaa85c	notify in progress
0xaa870	kernel refused message
0xaa888	send interrupted
0xaa89c	send message too large
0xaa8b4	send message too small
0xaa8cc	message too large
0xaa8e0	no space for message data
0xaa8fc	only sender remaining
0xaa914	receive interrupted
0xaa928	port receiver changed or port became enabled
0xaa958	Type check failure in message interface
0xaa980	Wrong return message ID
0xaa998	Server detected error
0xaa9b0	Bad message ID
0xaa9c0	Server found wrong arguments
0xaa9e0	No reply should be sent
0xaa9f8	Server raised exception
0xaaa10	User specified array not large enough for return info
0xaaa48	Netnameserver: name is not yours
0xaaa6c	Netnameserver: name not checked in
0xaaa90	Netnameserver: no such host
0xaaaac	Netnameserver: host not found
0xaaacc	unknown error
0xaaadc	NetMessage
0xaab14	MicroVax I
0xaab20	MicroVax II
0xaab5c	Intel 386
0xaab68	Intel 486
0xaab74	Intel 586
0xaab80	Unknown Subtype
0xaabe0	Unknown CPU
0xaabec	Big Endian
0xaabf8	Little Endian
0xaac08	Intel 80586SX
0xaac18	Intel 80586
0xaac24	Intel 80486SX
0xaac34	Intel 80486
0xaac40	Motorola 68040
0xaac50	Motorola 68030
0xaac60	HP-PA 7100LC
0xaac70	Architecture Independent
0xaac98	Power PC
0xaaca4	Motorola 88K
0xaacb4	Motorola 68K
0xaacc4	Intel 860
0xaacd0	Intel 80x86
0xaacf4	 %x:%x:%x:%x:%x:%x %s
0xaad0c	%x:%x:%x:%x:%x:%x
0xaad20	 %x:%x:%x:%x:%x:%x
0xaad34	ethers.byname
0xaad4c	ethers.byaddr
0xaad5c	networks.byaddr
0xaad6c	networks.byname
0xaad84	Cycle detected in /etc/netgroup: %s.
0xaadb4	syntax error in /etc/netgroup
0xaaddc	protocols.bynumber
0xaadf0	protocols.byname
0xaae08	netgroup.byuser
0xaae18	netgroup.byhost
0xaae28	innetgr: recursive overflow
0xaae48	netgroup
0xaae54	innetgr: netgroup %s called recursively
0xaae80	innetgr: syntax error in /etc/netgroup
0xaaeac	%s: unknown host
0xaaec0	socket: All ports in use
0xaaedc	rcmd: socket
0xaaeec	connect to address %s: 
0xaaf04	Trying %s...
0xaaf14	write: setting up stderr
0xaaf38	socket: protocol failure in circuit setup.
0xaaf64	Protocol error, %s closed connection
0xaaf8c	Protocol error, %s sent %d bytes
0xaafb0	/etc/hosts.equiv
0xaafc4	/.rhosts
0xaafd0	rexec: socket
0xaafe0	getsockname
0xaafec	Name (%s:%s): 
0xaaffc	Password (%s:%s): 
0xab048	password
0xab064	%s/.netrc
0xab070	Error - .netrc file not correct mode.
0xab098	Remove password or correct mode.
0xab0bc	Unknown .netrc option %s
0xab0dc	/etc/utmp
0xab0ec	Can't make key
0xab104	ZONEINIT
0xab110	UPDATEMA
0xab124	UPDATEDA
0xab178	NOCHANGE
0xab1ac	NXDOMAIN
0xab1b8	SERVFAIL
0xab210	ftp-data
0xab29c	hostnames
0xab2a8	iso-tsap
0xab2bc	x400-snd
0xab2c8	csnet-ns
0xab2f4	uucp-path
0xab334	snmp-trap
0xab340	print-srv
0xab38c	;; res options:
0xab39c	;; ->>HEADER<<- opcode: %s, status: %s, id: %d
0xab3cc	; flags:
0xab3f0	; Ques: %d
0xab3fc	, Ans: %d
0xab408	, Auth: %d
0xab414	, Addit: %d
0xab420	;; QUESTIONS:
0xab434	, type = %s
0xab440	, class = %s
0xab450	;; ANSWERS:
0xab460	;; AUTHORITY RECORDS:
0xab478	;; ADDITIONAL RECORDS:
0xab491	;; ...truncated
0xab4a5	;; ...malformed
0xab4c8	; proto %d, port %d
0xab4e5	;; *** Warning *** OS-type missing
0xab513	; serial
0xab527	; refresh (%s)
0xab53f	; retry (%s)
0xab557	; expire (%s)
0xab571	; minimum (%s)
0xab591	%s %s ( 
0xab5ac	;; packet size error (found %d, dlen was %d)
0xab63c	NSAP_PTR
0xab6ec	insecure1
0xab6f8	insecure2
0xab718	%d day%s
0xab724	%d hour%s
0xab730	%d min%s
0xab73c	%d sec%s
0xab748	LOCALDOMAIN
0xab754	/etc/resolv.conf
0xab774	nameserver
0xab780	sortlist
0xab79c	RES_OPTIONS
0xab7ac	";; res_setoptions(""%s"", ""%s"")..."
0xab7db	ndots=%d
0xab7e8	";; res_setoptions(""%s"", ""%s"").."
0xab818	/locations/resolver
0xab830	;; res_mkquery(%d, %s, %d, %d)
0xab850	;; res_query(%s, %d, %d)
0xab86c	;; res_query: mkquery failed
0xab88c	;; res_query: send error
0xab8a8	;; rcode = %d, ancount=%d
0xab8cc	;; res_querydomain(%s, %s, %d, %d)
0xab8f0	%.*s.%.*s
0xab8fc	HOSTALIASES
0xab908	res_send: %s ([%s].%u): %s
0xab924	res_send: %s: %s
0xab938	;; res_send()
0xab948	;; Querying server (# %d) address = %s
0xab970	socket(vc)
0xab97c	connect/vc
0xab988	write failed
0xab998	read failed
0xab9a4	;; response truncated
0xab9bc	read(vc)
0xab9c8	socket(dg)
0xab9d4	connect(dg)
0xab9f8	;; timeout
0xaba04	recvfrom
0xaba10	;; old answer:
0xaba20	;; not our server:
0xaba34	;; wrong query name:
0xaba4c	server rejected query:
0xaba64	;; truncated answer
0xaba7c	;; got answer:
0xaba8c	"gethostby*.getanswer: asked for ""%s"", got CNAME for ""%s"""
0xabac8	"gethostby*.getanswer: asked for ""%s %s %s"", got type ""%s"""
0xabb04	size (%d) too big
0xabb18	Too many addresses (%d)
0xabb34	Impossible condition (type=%d)
0xabb54	res_search failed (%d)
0xabb6c	%u.%u.%u.%u.in-addr.arpa
0xabb88	res_query failed (%d)
0xabba0	0.0.0.%u.in-addr.arpa
0xabbb8	0.0.%u.%u.in-addr.arpa
0xabbd0	0.%u.%u.%u.in-addr.arpa
0xabbe8	res_query failed
0xabbfc	No address associated with name
0xabc1c	Unknown server error
0xabc34	Host name lookup failure
0xabc50	Unknown host
0xabc60	Resolver Error 0 (no error)
0xabc7c	Resolver internal error
0xabc94	Unknown resolver error
0xabcac	/etc/hosts
0xabcb8	hosts.byname
0xabcc8	hosts.byaddr
0xabcd8	alias_getbyname
0xabce8	alias_getent
0xabcf8	bootp_getbyether
0xabd0c	bootp_getbyip
0xabd1c	bootparams_getbyname
0xabd34	getgrgid
0xabd40	getgrnam
0xabd4c	initgroups
0xabd58	getgrent
0xabd64	group.byusr
0xabd70	gethostbyaddr
0xabd80	gethostbyname
0xabd90	gethostent
0xabd9c	getmntent
0xabda8	getnetbyaddr
0xabdb8	getnetbyname
0xabdc8	getnetent
0xabddc	getnetgrent
0xabde8	getprotobynumber
0xabdfc	getprotobyname
0xabe0c	getprotoent
0xabe18	prdb_getbyname
0xabe28	prdb_get
0xabe34	getpwuid
0xabe40	getpwnam
0xabe4c	getpwent
0xabe58	getrpcbynumber
0xabe68	getrpcbyname
0xabe78	getrpcent
0xabe84	getservbyport
0xabe94	getservbyname
0xabea4	getservent
0xabeb0	Communication failure
0xabec8	Invalid operation on master
0xabee4	Invalid domain
0xabef4	Master server is busy
0xabf0c	No such user
0xabf1c	Authentication error
0xabf34	No such tag
0xabf40	Duplicate domain tag: can't serve it
0xabf68	Can't find address of server
0xabf88	Operation makes no sense on clone
0xabfac	Can't regenerate: already in use
0xabfd0	Remote system error
0xabfe4	No writes allowed: all objects are read-only
0xac014	No response from remote parent
0xac034	Hit network root domain
0xac04c	Serialization error
0xac060	Object is not child of parent: cannot destroy
0xac090	Cannot delete name object with children
0xac0b8	No such name
0xac0c8	No such property
0xac0dc	No such directory
0xac0f0	Permission denied
0xac104	No space available for write operation
0xac12c	Write attempted on stale version of object
0xac158	ID is invalid
0xac168	Operation succeeded
0xac17c	(unknown error)
0xac194	machines
0xac1a0	ip_address
0xac1c8	NetInfo timeout connecting to local domain, sleeping
0xac200	NetInfo connection to local domain waking
0xac22c	NetInfo connect call to: %s/%s (local %d)
0xac258	NetInfo connect call to: %s/%s (network %d)
0xac284	NetInfo connect call to: %s/%s (world %d)
0xac2b0	NetInfo connect timeout (domain with master %s/%s), sleeping
0xac2f0	NetInfo connect timeout (domain with server %s/%s), sleeping
0xac330	NetInfo connected to %s/%s
0xac34c	NetInfo connection failed for server %s/%s
0xac378	NetInfo connection timeout
0xac394	%s on connection to %s/%s
0xac3b0	%s on initial connection to %s/%s
0xac3d4	NetInfo timeout finding server for parent of %s/%s, sleeping
0xac414	NetInfo %s/%s found parent %s/%s
0xac438	Rogue NetInfo server detected: %s/%s
0xac460	/etc/printcap
0xac480	authunix_create: out of memory
0xac4a0	authunix_create:  xdr_authunix_parms failed
0xac4cc	authunix_create_default:  gethostname failed:  %m
0xac500	authunix_create_default:  getgroups failed:  %m
0xac530	auth_none.c - Fatal marshalling problem
0xac558	; errno = %s
0xac568	; low version = %lu, high version = %lu
0xac590	; why = 
0xac59c	(unknown authentication error - %d)
0xac5c0	; s1 = %lu, s2 = %lu
0xac5d8	RPC: Failed (unspecified error)
0xac5f8	RPC: Program not registered
0xac614	RPC: Port mapper failure
0xac630	RPC: Unknown protocol
0xac648	RPC: Unknown host
0xac65c	RPC: Remote system error
0xac678	RPC: Server can't decode arguments
0xac69c	RPC: Procedure unavailable
0xac6b8	RPC: Program/version mismatch
0xac6d8	RPC: Program unavailable
0xac6f4	RPC: Authentication error
0xac710	RPC: Incompatible versions of RPC
0xac734	RPC: Timed out
0xac744	RPC: Unable to receive
0xac75c	RPC: Unable to send
0xac770	RPC: Can't decode result
0xac78c	RPC: Can't encode arguments
0xac7a8	RPC: Success
0xac7b8	RPC: (unknown error code)
0xac7d8	Error %d
0xac7e4	Failed (unspecified error)
0xac800	Invalid server verifier
0xac818	Client credential too weak
0xac834	Server rejected verifier
0xac850	Invalid client verifier
0xac868	Server rejected credential
0xac884	Invalid client credential
0xac8a0	Authentication OK
0xac8b4	clntraw_create - Fatal header serialization error.
0xac8e8	clnttcp_create: out of memory
0xac908	clntudp_create: out of memory
0xac928	get_myaddress: socket: %m
0xac944	get_myaddress: ioctl (get interface configuration): %m
0xac97c	get_myaddress: ioctl: %m
0xac998	rpc.bynumber
0xac9a8	multi_call: socket: %m
0xac9c0	Cannot send multicall packet to %s: %m
0xac9e8	select failure: %m
0xac9fc	%s.%d@%s
0xaca08	%s.%s@%s
0xaca20	Cannot register service
0xaca38	pmap_getmaps rpc problem
0xaca54	broadcast: ioctl (get interface configuration): %m
0xaca88	broadcast: ioctl (get interface flags): %m
0xacab4	Cannot create socket: %m
0xacad0	Cannot set socket option SO_BROADCAST: %m
0xacafc	Cannot send broadcast packet: %m
0xacb20	Broadcast select problem: %m
0xacb40	Cannot receive reply to broadcast: %m
0xacb68	bad auth_len gid %d str %d auth %d
0xacb8c	svc_run: select failed: %m
0xacba8	can't reassign procedure number %d
0xacbcc	couldn't create an rpc server
0xacbec	couldn't register prog %d vers %d
0xacc10	registerrpc: out of memory
0xacc2c	svc_sendreply failed
0xacc44	trouble replying to prog %d
0xacc60	never registered prog %d
0xacc7c	svctcp_create - tcp socket creation problem: %m
0xaccac	svctcp_create - cannot getsockname or listen: %m
0xacce0	svctcp_create: out of memory
0xacd00	svc_tcp: makefd_xprt: out of memory
0xacd24	svcudp_create: socket creation problem: %m
0xacd50	svcudp_create - cannot getsockname: %m
0xacd78	svcudp_create: out of memory
0xacd98	enablecache: cache already enabled
0xacdbc	enablecache: could not allocate cache
0xacde4	enablecache: could not allocate cache data
0xace10	enablecache: could not allocate cache fifo
0xace3c	cache_set: victim not found
0xace58	cache_set: victim alloc failed
0xace78	cache_set: could not allocate new rpc_buffer
0xacea8	_svcauth_des:  key_decryptsessionkey failed
0xaced4	_svcauth_des:  bad nickname
0xacef0	_svcauth_des:  decryption failure
0xacf14	_svcauth_des:  window verifier mismatch
0xacf3c	_svcauth_des:  replayed credential
0xacf60	_svcauth_des:  invalid usecs
0xacf80	_svcauth_des:  timestamp before last seen
0xacfac	_svcauth_des:  timestamp expired
0xacfd0	_svcauth_des:  encryption failure
0xacff4	_svcauth_des:  out of memory
0xad014	authdes_getucred:  invalid nickname
0xad038	authdes_getucred:  unknown netname
0xad05c	authdes_getucred:  missed ucred cache
0xad084	xdr_bytes: out of memory
0xad0a0	xdr_string: out of memory
0xad0bc	xdr_array: out of memory
0xad0d8	xdrrec_create: out of memory
0xad0f8	xdr_reference: out of memory
0xad120	msg_send
0xad13c	getrlimit
0xad148	yp operation succeeded
0xad160	args to yp function are bad
0xad17c	RPC failure on yp operation
0xad198	can't bind to a server which serves domain
0xad1c4	no such map in server's domain
0xad1e4	no such key in map
0xad1f8	internal yp server or client error
0xad21c	local resource allocation failure
0xad240	no more records in map database
0xad260	can't communicate with portmapper
0xad284	can't communicate with ypbind
0xad2a4	can't communicate with ypserv
0xad2c4	local domain name not set
0xad2e0	yp map data base is bad
0xad2f8	yp client/server version mismatch
0xad31c	permission denied
0xad330	database is busy
0xad344	unknown yp client error code
0xad364	yp_all - TCP channel create failure
0xad388	yp_all - RPC clnt_call (TCP) failure
0xad3b0	/etc/yp/binding
0xad3c0	0123456789
0xad3cc	load_dom_binding:  malloc failure.
0xad3f8	Basic block profiling finished on %s
0xad420	File %s, %ld basic blocks 
0xad448	    Block #%*d: executed %*ld time(s) address= 0x%.*lx
0xad480	 function= %-*s
0xad490	 line= %*ld
0xad49c	 file= %s
0xad4ac	Virtual memory exceeded in `new'
0xad4d0	pure virtual method called
0xad4f4	asking to notify nil object
0xad510	port is no longer valid
0xad528	[NXPort free]: freeing MACH Port %d
0xad550	not allowed
0xad55c	badly formed array description
0xad57c	can't determine size of struct: %s (not from protocol?)
0xad5b8	copying a write buffer!
0xad5d4	decodeBytes
0xad5e4	_NXDecodeInt
0xad5f4	_NXDecodeBool
0xad604	encodeData:ofType: unencodable type (%s)
0xad630	encodeData:ofType: can't encode struct %s
0xad65c	encodeData:ofType: couldn't encode %s
0xad684	encodeData: unknown type descriptor %s
0xad6ac	decodeData:ofType: can't decode struct %s
0xad6d8	decodeData:ofType: couldn't decode %s
0xad700	decodeData: unknown type descriptor %s
0xad728	decodeMachPort
0xad738	decodeVM
0xad744	encodeObject: %x (%s)
0xad75c	encodeObjectBycopy: %x (%s)
0xad77c	encodeObjectBycopy: object %x of class %s does not implement encodeUsing:
0xad7c8	decodeObject: nil object received
0xad7ec	"decodeObject: class ""%s"" not loaded"
0xad810	decodeObject-2
0xad820	don't call finishEncodingAndStartDecoding without first setting msg
0xad868	[finishEncoding send]
0xad880	finishEncoding: %d chars %d ints %d ports %d oolds
0xad8b4	msg_rpcing to %d from %d
0xad8d0	msg_sending on %d
0xad8e4	finishEncoding: send/receive error %d:%s
0xad910	destination invalid
0xad924	send timed out
0xad934	bad origination
0xad944	receive timed out
0xad958	Cannot send
0xad964	tossing badly formed message
0xad984	startDecodingWithMsg-char
0xad9a0	startDecodingWithMsg-int
0xad9bc	startDecodingWithMsg - ood
0xad9d8	startDecodingWithMsg-ports
0xad9f4	startDecoding: %d chars %d ints %d ports %d oolds from %d
0xada30	msg_receiving on %d, timeout %d
0xada54	startDecoding: receive error %d:%s
0xada78	could not recieve
0xada8c	finishDecoding
0xada9c	finishDecoding-char
0xadab0	finishDecoding: can't deallocate (chars)
0xadadc	finishDecoding-int
0xadaf0	finishDecoding: can't deallocate (ints)
0xadb18	got aMsg on port %d
0xadb30	received reply message from port %d via dps
0xadb60	exception during dispatch:%s
0xadb80	NXPortPortal at %x contents:
0xadba0	message type:
0xadbc4	unknown!! : %x
0xadbd4	"%d max %d current chars:""%s"""
0xadbf4	%d max %d current ints: 
0xadc14	%d max %d current ports: 
0xadc34	%d max %d current oolds
0xadc50	addr %x size %x dealloc %d
0xadc6c	encodeMethodParams:onto: type=%s nargs %d
0xadc98	encodeMethodParams:onto: cannot extract %d argument for type desc %s
0xadce0	encodeMethodParams:onto: type=%s value=0x%x
0xadd10	bad out parameter (not a pointer) %s
0xadd38	decodeMethodParamsFrom: incompatible method params: %s, nargs %d want %d
0xadd84	bad size for type %s
0xadd9c	bad type of parameter: %s
0xaddb8	decodeMethodParamsFrom: type=%s value=0x%x
0xadde4	bad out/inout parameter type: %s
0xade08	can't determine size of %s
0xade24	bad out parameter: %s
0xade3c	adding conn %x with inPortals %x (%d) outPortal %x (%d) root %x
0xade80	freeing Connection %x
0xade98	NXConnection: %x death notification for port %x (%d)
0xaded0	trying to change root of connection, old %x new %x
0xadf04	setting root %x on connection %x
0xadf28	entering bad NXProxy: %x %d
0xadf48	entering proxy with conn %x to %x
0xadf6c	isRemote
0xadf80	new %s proxy %x for %x on conn %x
0xadfa4	handleRequestOnPortal: id %x not available
0xadfd0	handleRequestOnPortal: received message for %x with unknown sel: %s
0xae018	handleRequestOnPortal: [0x%x '%s']
0xae03c	Exception while executing remote message for [0x%x %s ...]
0xae078	target not reachable
0xae090	   handleRequestOnPortal returning, exception %d
0xae0c4	out of memory
0xae0d4	duplicate entry, seq # %u
0xae0f0	hashgot stream %x (seq %u); might free %x
0xae11c	lost track of placeholder for seq %d
0xae150	seq %u %s stored in hash table
0xae170	[NXConnection run] - tossing received reply msg
0xae1a4	uncaught exception : %d
0xae1c8	remote object is not available
0xae1e8	bad wire type
0xae1f8	methodSignature for %s
0xae210	entered forward:: [0x%x %s...]
0xae230	messaging a local proxy
0xae24c	messaging garbage!
0xae260	target does not implement method
0xae284	in forward:: - made packet [%x (name %x) %s...] conn:%x
0xae2c0	in forward:: selName=%s received answer
0xae2ec	exception during remote execution
0xae310	exiting forward:: - [%x (name %x) %s...] conn:%x
0xae344	freeProxying %x
0xae358	already free
0xae368	Remote Object 0x%x received free, wire = %d
0xae398	encodeUsing: broken invariant
0xae3b8	encodeUsing: invalid Proxy %x
0xae3d8	decodeUsing: %x isRemote->isLocal
0xae3fc	decodeUsing: not given away
0xae418	decodeUsing: bad wire type: %x!
0xae43c	decodeUsing: protocol sent
0xae458	decodeUsing: %x isLocal->isRemote
0xae47c	decodeUsing: %x isOther
0xae498	decodeUsing: broken invariant
0xae4b8	encodeRemotelyFor - converting local 0x%x (%s) into remote on conn %x
0xae508	bad protocol version
0xae533	 failed -- out of memory(%s, %u)
0xae554	allocating nil object
0xae56a	message %s sent to freed object=0x%lx
0xae590	invalid selector %s
0xae5a4	[%s poseAs:%s]: target not immediate superclass
0xae5d4	[%s poseAs:%s]: %s defines new instance variables
0xae8d0	failed -- out of memory(%s, %u)
0xae8f0	reallocating nil object
0xae908	reallocating freed object
0xae922	(%s, %u) requested size too small
0xae944	should have implemented the '%s' method.
0xae96d	should NOT have implemented the '%s' method.
0xae99a	method '%s' not implemented
0xae9b6	method %s given invalid selector %s
0xae9da	does not recognize selector %c%s
0xaea2f	@(#)PROGRAM:objc  PROJECT:objc-170  DEVELOPER:root  BUILT:Tue Apr 22 05:25:32 PDT 1997
0xaeb84	__common
0xaf7d0	"|}|y|u|q|m|i|e|a|]|Y|U|Q|M|I|E|A|>|<|:|8|6|4|2|0|.|,|*|(|&|$|""| "
0xb11d0	"|}|y|u|q|m|i|e|a|]|Y|U|Q|M|I|E|A|>|<|:|8|6|4|2|0|.|,|*|(|&|$|""| "
0xb19ec	=951-)%!
0xb1ac4	2nV01}D9R7N
0xb557c	  ##%%&&))**,,//1122447788;;==>>@@CCEEFFIIJJLLOOQQRRTTWWXX[[]]^^aabbddgghhkkmmnnppssuuvvyyzz||
0xb5700	<4,$?7/'
0xb574f	"(3-!0,1'8""5.*2$"
0xb59b0	SunMonTueWedThuFriSatJanFebMarAprMayJunJulAugSepOctNovDec
0xb5a5c	Not owner
0xb5a66	No such file or directory
0xb5a80	No such process
0xb5a90	Interrupted system call
0xb5aa8	I/O error
0xb5ab2	No such device or address
0xb5acc	Arg list too long
0xb5ade	Exec format error
0xb5af0	Bad file number
0xb5b00	No children
0xb5b0c	No more processes
0xb5b1e	Not enough memory
0xb5b30	Permission denied
0xb5b42	Bad address
0xb5b4e	Block device required
0xb5b64	Device busy
0xb5b70	File exists
0xb5b7c	Cross-device link
0xb5b8e	No such device
0xb5b9d	Not a directory
0xb5bad	Is a directory
0xb5bbc	Invalid argument
0xb5bcd	File table overflow
0xb5be1	Too many open files
0xb5bf5	Inappropriate ioctl for device
0xb5c14	Text file busy
0xb5c23	File too large
0xb5c32	No space left on device
0xb5c4a	Illegal seek
0xb5c57	Read-only file system
0xb5c6d	Too many links
0xb5c7c	Broken pipe
0xb5c88	Argument too large
0xb5c9b	Result too large
0xb5cac	Operation would block
0xb5cc2	Operation now in progress
0xb5cdc	Operation already in progress
0xb5cfa	Socket operation on non-socket
0xb5d19	Destination address required
0xb5d36	Message too long
0xb5d47	Protocol wrong type for socket
0xb5d66	Option not supported by protocol
0xb5d87	Protocol not supported
0xb5d9e	Socket type not supported
0xb5db8	Operation not supported on socket
0xb5dda	Protocol family not supported
0xb5df8	Address family not supported by protocol family
0xb5e28	Address already in use
0xb5e3f	Can't assign requested address
0xb5e5e	Network is down
0xb5e6e	Network is unreachable
0xb5e85	Network dropped connection on reset
0xb5ea9	Software caused connection abort
0xb5eca	Connection reset by peer
0xb5ee3	No buffer space available
0xb5efd	Socket is already connected
0xb5f19	Socket is not connected
0xb5f31	Can't send after socket shutdown
0xb5f52	Too many references: can't splice
0xb5f74	Connection timed out
0xb5f89	Connection refused
0xb5f9c	Too many levels of symbolic links
0xb5fbe	File name too long
0xb5fd1	Host is down
0xb5fde	Host is unreachable
0xb5ff2	Directory not empty
0xb6006	Too many processes
0xb6019	Too many users
0xb6028	Disc quota exceeded
0xb603c	Stale NFS file handle
0xb6052	Too many levels of remote in path
0xb6074	Not a stream device
0xb6088	Timer expired
0xb6096	Out of stream resources
0xb60ae	No message of desired type
0xb60c9	Not a data message
0xb60dc	Identifier removed
0xb60ef	Deadlock situation detected/avoided
0xb6113	No record locks available
0xb612d	Device power is off
0xb6141	Device error
0xb614e	Device not initialized
0xb6165	Bad executable (or shared library)
0xb6188	Bad CPU type in executable
0xb61a3	Shared library version mismatch
0xb61c3	Malformed Mach-o file
0xb61e1	/tmp/xtabXXXXXX
0xb61f1	/etc/group
0xb61fc	/etc/utmp
0xb62d0	2nV01}D9R7N
0xb6308	Signal 0
0xb6318	Interrupt
0xb6327	Illegal instruction
0xb633b	Trace/BPT trap
0xb634a	IOT trap
0xb6353	EMT trap
0xb635c	Floating point exception
0xb637c	Bus error
0xb6386	Segmentation fault
0xb6399	Bad system call
0xb63a9	Broken pipe
0xb63b5	Alarm clock
0xb63c1	Terminated
0xb63cc	Urgent I/O condition
0xb63e1	Stopped (signal)
0xb63fa	Continued
0xb6404	Child exited
0xb6411	Stopped (tty input)
0xb6425	Stopped (tty output)
0xb643a	I/O possible
0xb6447	Cputime limit exceeded
0xb645e	Filesize limit exceeded
0xb6476	Virtual timer expired
0xb648c	Profiling timer expired
0xb64a4	Window size changed
0xb64b8	Resource lost
0xb64c6	User defined signal 1
0xb64dc	User defined signal 2
0xb6512	" !""#$%&'()*+,-./0123456789:;<=>?@abcdefghijklmnopqrstuvwxyz[\]^_`abcdefghijklmnopqrstuvwxyz{|}~"
0xb65f2	/dev/log
0xb65fb	/dev/console
0xb6ce0	/etc/ethers
0xb6cec	/etc/networks
0xb6cfa	networks.byaddr
0xb6d0a	netgroup
0xb6d13	/etc/protocols
0xb6d22	/etc/services
0xb6d30	services.byname
0xb6e70	<4,$?7/'
0xb6ebf	"(3-!0,1'8""5.*2$"
0xb70f0	"gethostby*.getanswer: asked for ""%s"", got ""%s"""
0xb7211	machines
0xb721a	ip_address
0xb722c	###UNKNOWN###
0xb7364	/etc/rpc
0xb736d	/usr/etc/keyenvoy
0xb7384	netid.byname
0xba253	         (((((                  
0xba394	abcdefghijklmnopqrstuvwxyz
0xba3b4	ABCDEFGHIJKLMNOPQRSTUVWXYZ
0xbaad4	$Header: thread.c,v 1.2 89/05/05 19:02:59 mrt Exp $
0xbeeb0	HashTable
0xbeec1	HashTable.m
0xbeed9	maptable.m
0xbeeec	NXBundle
0xbeef5	Compatability
0xbef03	NXBundle.m
0xbef0e	NXStringTable
0xbef1c	NXCharacterSet
0xbef2b	NXCharacterSet.m
0xbef3c	NXConstantString
0xbef4d	NXSimpleReadOnlyString
0xbef64	NXConstantString.m
0xbef77	NXReadOnlyString
0xbef88	NXMutableString
0xbef98	NXString
0xbefa1	NXMutableString.m
0xbefb3	Fancy_IO
0xbefbc	NXCleanList
0xbefc8	NXPropertyList
0xbefd7	Basic_IO
0xbefe0	NX_BS_Extras
0xbefed	NXPropertyList.m
0xbeffe	NXReadWriteString
0xbf010	NXReadOnlyString.m
0xbf023	NXReadOnlySubstring
0xbf037	NXReadOnlySubstring.m
0xbf04d	NXReadWriteString.m
0xbf061	NXSimpleReadOnlyString.m
0xbf07a	NXString.m
0xbf085	NXStringTable.m
0xbf095	NXUniquedString
0xbf0a5	NXUniquedString.m
0xbf0b7	objc-class.m
0xbf0c4	objc-load.m
0xbf0d0	Protocol
0xbf0d9	objc-runtime.m
0xbf0e8	Object.m
0xbf0f1	Protocol.m
0xbf104	Storage.m
0xbf10e	StreamTable
0xbf11a	StreamTable.m
0xbf128	typedstream.m
0xbf136	sounderror.c
0xbf14a	NXTransport
0xbf156	NXData.m
0xbf15f	NXInvalidationNotifier
0xbf176	NXReference
0xbf182	NXInvalidationNotifier.m
0xbf1a2	NXRecursiveLock
0xbf1b2	NXConditionLock
0xbf1c2	NXSpinLock
0xbf1cd	NXLock.m
0xbf1d6	NXNetNameServer
0xbf1e6	NXNetNameServer.m
0xbf1ff	NXPort.m
0xbf208	NXProtocolChecker
0xbf21a	NXProtocolChecker.m
0xbf22e	NXConnection
0xbf23b	NXPortPortal
0xbf248	NXPortal
0xbf251	NXDecoding
0xbf25c	NXEncoding
0xbf267	NXPortPortal.m
0xbf276	Transport
0xbf280	GetListOfProtocols
0xbf293	isRemote
0xbf29c	Object_MakeRemote_Import
0xbf2bd	Object_NXMethodSignature
0xbf2d6	NXMethodSignature
0xbf2e8	NXSenderIsInvalid
0xbf2fa	NXProxy.m
0xbf313	@12@8:12r*16
0xbf320	@16@8:12r*16r*20
0xbf331	@20@8:12r*16r*20I24
0xbf345	@12@8:12^{?=I**iilii^{stream_functions}^v}16
0xbf372	v12@8:12^{?=I**iilii^{stream_functions}^v}16
0xbf39f	@12@8:12^v16
0xbf3ac	c20@8:12^{?=ii}16r^^v20^^v24
0xbf3c9	{?=ii}8@8:12
0xbf3d6	^v12@8:12r^v16
0xbf3e5	^v16@8:12r^v16^v20
0xbf3f8	c12@8:12r^v16
0xbf40e	@12@8:12^{?=^?^?^?^?}16
0xbf426	@16@8:12^?16^?20
0xbf43a	@12@8:12I16
0xbf446	@12@8:12@16
0xbf452	@16@8:12:16@20
0xbf461	@12@8:12:16
0xbf46d	@16@8:12I16@20
0xbf47c	@16@8:12@16@20
0xbf48b	@16@8:12@16I20
0xbf49a	I12@8:12@16
0xbf4a6	c12@8:12@16
0xbf4ba	c20@8:12*16r*20r*24
0xbf4d6	r*8@8:12
0xbf4e5	@12@8:12r^*16
0xbf4f3	c28@8:12*16r*20r*24r*28i32
0xbf50e	^{?=I**iilii^{stream_functions}^v}12@8:12^{?=I**iilii^{stream_functions}^v}16
0xbf564	@12@8:12i16
0xbf573	@12@8:12r@16
0xbf580	@13@8:12C16C20
0xbf58f	@16@8:12r*16I20
0xbf59f	c9@8:12C16
0xbf5aa	@16@8:12*16I20
0xbf5b9	v16@8:12{?=II}16
0xbf5ca	v12@8:12@16
0xbf5d6	v16@8:12@16I20
0xbf5e5	v20@8:12{?=II}16@24
0xbf5f9	v16@8:12^{?=I**iilii^{stream_functions}^v}16^{?=IIc*}20
0xbf631	@16@8:12^{?=I**iilii^{stream_functions}^v}16^{?=I@@@@@c^{?}^{?}}20
0xbf674	@16@8:12@16^{?=I@@@@@c^{?}^{?}}20
0xbf696	c13@8:12@16c20
0xbf6aa	c20@8:12^{?=i}16^@20^@24
0xbf6c3	{?=i}8@8:12
0xbf6cf	v16@8:12r*16I20
0xbf6df	"{__realStringFlags=""notCopied""b1""unused""b15""refs""b16}"
0xbf715	@20@8:12{?=II}16^{?=^?^?^?^?}24
0xbf735	*12@8:12I16
0xbf741	@17@8:12*16I20c24
0xbf753	"@""NXReadOnlyString"""
0xbf767	I28@8:12@16{?=II}20I28^v32
0xbf782	I28@8:12C16{?=II}20I28^v32
0xbf79d	{?=II}28@8:12@16{?=II}20I28^v32
0xbf7bd	i20@8:12@16I20^v24
0xbf7d0	v28@8:12*16I20{?=II}24^{?=II}32
0xbf7f0	v20@8:12*16{?=II}20
0xbf804	C12@8:12I16
0xbf810	I16@8:12C16I20
0xbf81f	I20@8:12C16{?=II}20
0xbf833	I16@8:12@16I20
0xbf842	I20@8:12@16{?=II}20
0xbf856	{?=II}16@8:12@16I20
0xbf86a	{?=II}20@8:12@16{?=II}20
0xbf883	{?=II}12@8:12@16
0xbf894	i16@8:12@16I20
0xbf8a3	v24@8:12*16I20{?=II}24
0xbf8ba	v16@8:12*16I20
0xbf8c9	@20@8:12^{?=I**iilii^{stream_functions}^v}16I20@24
0xbf8fc	@16@8:12{?=II}16
0xbf90d	I9@8:12C16
0xbf918	i12@8:12@16
0xbf924	v12@8:12*16
0xbf940	@16@8:12@16*20
0xbf94f	@20@8:12^{?=I**iilii^{stream_functions}^v}16@20I24
0xbf982	@20@8:12@16{?=II}20
0xbf996	r*12@8:12r*16
0xbf9a4	^{_objc_class}
0xbf9b5	^{_objc_ivar_list}
0xbf9c8	^{_objc_method_list}
0xbf9dd	^{objc_cache}
0xbf9eb	^^{_objc_protocol}
0xbf9fe	^{objc_method_description=:*}12@8:12:16
0xbfa26	^?12@8:12:16
0xbfa33	c12@8:12:16
0xbfa3f	c12@8:12r*16
0xbfa4c	@16@8:12:16^v20
0xbfa5c	I12@8:12:16
0xbfa68	@20@8:12:16@20@24
0xbfa7a	^{?=^?^?^?^?}8@8:12
0xbfa8e	^{objc_protocol_list}
0xbfaa4	^{objc_method_description_list}
0xbfac4	@16@8:12@16i20
0xbfad3	@20@8:12I16I20r*24
0xbfae6	@16@8:12^v16I20
0xbfaf6	@16@8:12I16^v20
0xbfb06	^v12@8:12I16
0xbfb13	c20@8:12^{?=ii}16r^^v20^@24
0xbfb2f	@12@8:12r^v16
0xbfb3d	@16@8:12r^v16@20
0xbfb4e	@17@8:12@16^c20c24
0xbfb61	^v8@8:12
0xbfb6a	@17@8:12^v16I20c24
0xbfb7d	"@""NXLock"""
0xbfb8f	@16@8:12@16r*20
0xbfb9f	@13@8:12i16c20
0xbfbae	^?8@8:12
0xbfbb7	@16@8:12^?16^v20
0xbfbc8	@12@8:12^?16
0xbfbd7	"@""Protocol"""
0xbfbe3	"@""NXPort"""
0xbfbf0	v12@8:12^{?=b24b8Iiiii}16
0xbfc0a	@16@8:12^{?=b24b8Iiiii}16@20
0xbfc27	@9@8:12c16
0xbfc32	@16@8:12^^v16^i20
0xbfc44	@17@8:12r^v16i20c24
0xbfc58	@16@8:12r^v16i20
0xbfc69	@12@8:12^i16
0xbfc76	@16@8:12^v16i20
0xbfc86	@16@8:12^v16r*20
0xbfc97	@12@8:12O^@16
0xbfca5	"@""NXConnection"""
0xbfcb5	{?=ii}16@8:12:16^v20
0xbfcca	@16@8:12:16^{?=^?^?^?^?}20
0xbfce5	v20@8:12*16i20i24
0xbfcf7	@16@8:12@16^{?=^?^?^?^?}20
0xbfd12	@20@8:12@16r*20^{?=^?^?^?^?}24
0xbfd31	@20@8:12@16@20^{?=^?^?^?^?}24
0xbfd4f	@20@8:12r*16r*20^{?=^?^?^?^?}24
0xbfd6f	@16@8:12r*16^{?=^?^?^?^?}20
0xbfd8b	@20@8:12i16i20^{?=^?^?^?^?}24
0xbfda9	"{objc_method_description=""name"":""types""*}"
0xbfdd3	@16@8:12^{objc_method_description=:*}16^{?=^?^?^?^?}20
0xbfe0a	{?=ii}20@8:12@16^v20^v24
0xbfe23	@20@8:12^{?=ii}16^v20@24
0xbfe3c	^v12@8:12@16
0xbfe49	@16@8:12^v16@20
0xbfe6c	valueDesc
0xbfe78	_nbBuckets
0xbfe84	_buckets
0xbfe94	newKeyDesc:
0xbfea0	newKeyDesc:valueDesc:
0xbfeb8	newKeyDesc:valueDesc:capacity:
0xbfed8	_newBare:::
0xbfee4	initialize
0xbfef0	_debugPrint:
0xbff00	printForDebugger:
0xbff24	nextState:key:value:
0xbff3c	initState
0xbff48	removeKey:
0xbff54	insertKey:value:
0xbff68	_insertKeyNoRehash:value:
0xbff84	valueForKey:
0xbff9c	copyFromZone:
0xbffb4	freeKeys:values:
0xbffc8	freeObjects
0xbffdc	initKeyDesc:valueDesc:capacity:
0xc0004	initKeyDesc:
0xc0014	initKeyDesc:valueDesc:
0xc002c	_initBare:::
0xc003c	valueForStringKey:
0xc0058	isEqual:
0xc0064	setVersion:
0xc0070	allocFromZone:
0xc00a0	numElements
0xc00ac	maxElements
0xc00b8	newCount:
0xc00c4	appendList:
0xc00d0	makeObjectsPerform:with:
0xc00ec	makeObjectsPerform:
0xc0100	replaceObjectAt:with:
0xc0118	replaceObject:with:
0xc012c	removeLastObject
0xc0140	removeObject:
0xc0150	removeObjectAt:
0xc0160	addObjectIfAbsent:
0xc0174	addObject:
0xc0180	insertObject:at:
0xc0194	setAvailableCapacity:
0xc01ac	lastObject
0xc01b8	indexOf:
0xc01c4	objectAt:
0xc01d0	capacity
0xc01dc	initCount:
0xc01e8	isKindOf:
0xc01f4	perform:
0xc0200	perform:with:
0xc0210	_invalidateLprojCache
0xc0228	newFromPath:
0xc0238	forClass:
0xc0244	classForName:
0xc0254	getClass:
0xc0260	getResourcePath:forName:type:
0xc0280	firstClass
0xc028c	codeLoaded
0xc0298	bundlePath
0xc02a4	initFromPath:
0xc02bc	initForPath:
0xc02cc	_directory
0xc02d8	_principalClass
0xc02e8	_codeLoaded
0xc02f4	_reserved1
0xc0300	_reserved2
0xc030c	_reserved3
0xc0318	_bundleVersion
0xc0328	setSystemLanguages:
0xc033c	getPath:forResource:ofType:inDirectory:withVersion:
0xc0370	setErrorStream:
0xc0380	bundleForClass:
0xc0390	mainBundle
0xc039c	getPath:forResource:ofType:
0xc03c0	principalClass
0xc03d0	classNamed:
0xc03dc	ensureLoaded
0xc03ec	directory
0xc03f8	initForDirectory:
0xc0414	newFromFile:
0xc042c	_reserved
0xc0438	intersectWith:
0xc0448	unionWith:
0xc045c	removeRange::
0xc046c	addRange::
0xc0478	removeCharacters:length:
0xc0494	addCharacters:length:
0xc04ac	characterIsMember:
0xc04c0	finishUnarchiving
0xc04d4	_reallyFree
0xc04e0	initFromCharactersNoCopy:length:
0xc0504	doesNotRecognize:
0xc0518	initFromCharacters:length:
0xc0534	deleteRange:
0xc054c	insert:at:
0xc0558	replaceWith:
0xc0568	replaceRange:with:
0xc057c	immutableCopyFromZone:
0xc0594	mutableCopyFromZone:
0xc05ac	deleteCharactersInRange:
0xc05c8	appendString:
0xc05d8	insertString:at:
0xc05ec	replaceCharactersInRange:withString:
0xc0614	subclassResponsibility:
0xc0634	initFromString:
0xc0644	writeToStream:context:
0xc065c	initFromStream:context:
0xc0674	initFromPath:context:
0xc068c	writeToPath:
0xc069c	writeToPath:safely:
0xc06b0	writeToStream:
0xc06c0	initFromStream:
0xc06d8	enumerate:key:value:
0xc06f0	initEnumeration
0xc0708	insert:value:
0xc0728	appendCharacters:length:
0xc0744	initFromCharactersNoCopy:length:freeWhenDone:
0xc0774	immutableCopy
0xc0784	getCString:
0xc0790	characterAt:
0xc07a8	copySubstring:fromZone:
0xc07c0	allocateCharacterBuffer:
0xc07e4	_referenceString
0xc07f8	actualString
0xc0808	findOneOf:range:mask:table:
0xc0824	findCharacter:range:mask:table:
0xc0844	findString:range:mask:table:
0xc0864	compare:mask:table:
0xc0878	getCString:maxLength:range:remainingRange:
0xc08a4	getCharacters:range:
0xc08bc	characters
0xc08d0	getCharacters:
0xc08e0	writeBytesToStream:
0xc08f4	createCharacterBuffer:
0xc090c	findCharacter:range:mask:usingTable:
0xc0934	findCharacter:mask:
0xc0948	findCharacter:range:
0xc0960	findOneOf:range:mask:usingTable:
0xc0984	findOneOf:mask:
0xc0994	findOneOf:range:
0xc09a8	find:range:mask:usingTable:
0xc09c4	find:mask:
0xc09d0	find:range:
0xc09e4	compare:mask:usingTable:
0xc0a00	compare:mask:
0xc0a10	getCString:length:range:
0xc0a2c	getCString:length:
0xc0a40	getCString:range:
0xc0a54	initFromByteStream:uptoLength:orUntilOneOf:
0xc0a80	initFromStream:uptoLength:orUntilOneOf:
0xc0ab0	writeCStringToStream:
0xc0ac8	mutableCopy
0xc0ad4	copySubstring:
0xc0ae4	findOneOf:
0xc0af0	findCharacter:
0xc0b00	findString:
0xc0b0c	compare:
0xc0b18	uniqueCStringCopy
0xc0b2c	cStringCopy
0xc0b38	cStringLength
0xc0b48	getCString:maxLength:
0xc0b60	initFromCString:length:
0xc0b78	initFromCString:
0xc0b8c	initFromFormat:withArgList:
0xc0ba8	initFromFormat:
0xc0bb8	initFromCStringStream:untilOneOf:maxLength:
0xc0be4	initFromStream:untilOneOf:maxLength:
0xc0c0c	initFromString:range:
0xc0c24	respondsTo:
0xc0c30	newFromStream:
0xc0c40	writeToFile:
0xc0c50	readFromFile:
0xc0c60	readFromStream:
0xc0c70	newFromCharacters:length:
0xc0c8c	newFromString:
0xc0ca4	finishLoading:
0xc0cb4	startUnloading
0xc0cc4	_fixup:numElements:
0xc0ce4	super_class
0xc0cf8	instance_size
0xc0d20	protocol_list
0xc0d30	instanceMethodDescFor:
0xc0d48	superClass
0xc0d54	descriptionForInstanceMethod:
0xc0d74	conformsTo:
0xc0d80	instanceMethodFor:
0xc0d94	instancesRespondTo:
0xc0da8	superclass
0xc0dbc	shouldNotImplement:
0xc0dd0	findClass:
0xc0ddc	methodDescFor:
0xc0dec	isMemberOfGivenName:
0xc0e04	isKindOfGivenName:
0xc0e18	descriptionForMethod:
0xc0e30	performv::
0xc0e3c	methodArgSize:
0xc0e4c	forward::
0xc0e58	notImplemented:
0xc0e68	perform:with:with:
0xc0e7c	methodFor:
0xc0e88	isMemberOfClassNamed:
0xc0ea0	isKindOfClassNamed:
0xc0eb4	isMemberOf:
0xc0ed0	descriptionForClassMethod:
0xc0eec	protocol_name
0xc0efc	instance_methods
0xc0f10	class_methods
0xc0f20	description
0xc0f2c	elementSize
0xc0f38	newCount:elementSize:description:
0xc0f5c	removeElementAt:
0xc0f70	removeAt:
0xc0f7c	insertElement:at:
0xc0f90	removeLastElement
0xc0fa4	addElement:
0xc0fb0	replaceElementAt:with:
0xc0fc8	replace:at:
0xc0fd4	elementAt:
0xc0fe0	setNumSlots:
0xc0ff0	initCount:elementSize:description:
0xc1014	nextStreamState:key:value:
0xc1030	initStreamState
0xc1040	removeStreamKey:
0xc1054	insertStreamKey:value:
0xc106c	valueForStreamKey:
0xc1080	startArchiving:
0xc10a8	decodeUsing:
0xc10b8	encodeUsing:
0xc10c8	encodeRemotelyFor:freeAfterEncoding:isBycopy:
0xc10f8	initWithData:size:dealloc:
0xc1114	initWithSize:
0xc1124	encodeData:ofType:
0xc1138	encodeVM:count:
0xc1148	encodeBytes:count:
0xc115c	decodeData:ofType:
0xc1170	decodeVM:count:
0xc1180	decodeBytes:count:
0xc1194	refcount
0xc11a8	listGate
0xc11b4	funeralList
0xc11c0	deallocate
0xc11cc	unregisterForInvalidationNotification:
0xc11f4	registerForInvalidationNotification:
0xc121c	invalidate
0xc1228	addReference
0xc1238	references
0xc1254	senderIsInvalid:
0xc1270	unlockWith:
0xc127c	lockWhen:
0xc1288	condition
0xc1294	initWith:
0xc12a0	lookUpPortWithName:onHost:
0xc12bc	lookUpPortWithName:
0xc12d0	checkOutPortWithName:
0xc12e8	checkInPort:withName:
0xc1300	machPort
0xc130c	newFromMachPort:
0xc1320	_enableCount
0xc1330	_enableProc
0xc133c	_enablePriority
0xc134c	_expansion
0xc1358	worryAboutPortInvalidation
0xc1374	newFromMachPort:dealloc:
0xc1390	disableExternal
0xc13a0	enableExternal
0xc13b0	enableProc
0xc13bc	setEnableProc:data:
0xc13d0	setEnableProc:
0xc13e0	encodeMachPort:
0xc13f0	decodeMachPort:
0xc1408	protocol
0xc1414	initWithObject:forProtocol:
0xc1434	freeMsgFlag
0xc1448	connection
0xc146c	maxchars
0xc14a0	maxports
0xc14bc	maxoolds
0xc14c8	sequence
0xc14dc	dispatchMsg:
0xc14fc	finishDecoding
0xc150c	startDecodingWithTimeout:
0xc1528	startDecodingWithMsg:withConnection:
0xc1550	finishEncoding
0xc1560	finishEncodingAndStartDecoding:
0xc1580	startEncodingWithConnection:andSequenceNumber:
0xc15b0	decodeObject
0xc15c0	encodeObjectBycopy:
0xc15d4	encodeObject:
0xc15e4	encodeVM:count:dealloc:
0xc15fc	sequenceNumber
0xc1614	goodMsgSize
0xc1620	isRequestMsg
0xc1630	setRequestMsg:
0xc1640	setPort:
0xc1654	initWithPort:
0xc1664	initWithMachPort:
0xc1680	outTimeout
0xc168c	inTimeout
0xc1698	newForInMachPort:andOutMachPort:fromZone:
0xc16c4	inPortalBuffer
0xc16d4	handleRequestOnPortal:
0xc16ec	getListOfProtocols:
0xc1720	knownSelectors
0xc1730	freeProxy
0xc173c	invalidateProxy
0xc174c	methodSignature:fromZone:
0xc1768	setProtocolForProxy:
0xc1780	nameForProxy
0xc1790	connectionForProxy
0xc17a4	delegate
0xc17b0	inPortal
0xc17bc	inMachPort
0xc17c8	outPortal
0xc17d4	outMachPort
0xc17e0	rootObject
0xc17ec	msgcount
0xc17f8	localProxies
0xc1808	remoteProxies
0xc1818	bufferClass
0xc182c	debug:showThread:verbose:
0xc1848	connections:
0xc1858	defaultZone
0xc1864	setDefaultZone:
0xc1874	defaultOutTimeout
0xc1888	setDefaultOutTimeout:
0xc18a0	defaultInTimeout
0xc18b4	setDefaultInTimeout:
0xc18cc	defaultTimeout
0xc18dc	setDefaultTimeout:
0xc18f0	setDefaultBufferClass:
0xc1908	messagesReceived
0xc191c	registerRoot:fromZone:
0xc1934	registerRoot:
0xc1944	registerRoot:withName:fromZone:
0xc1964	registerRoot:withName:
0xc197c	connectToPort:fromZone:
0xc1994	connectToPort:
0xc19a4	connectToPort:withInPort:fromZone:
0xc19c8	connectToPort:withInPort:
0xc19e4	connectToName:onHost:fromZone:
0xc1a04	connectToName:fromZone:
0xc1a1c	connectToName:onHost:
0xc1a34	connectToName:
0xc1a44	newForInPort:andOutPort:fromZone:
0xc1a68	runInNewThread
0xc1a78	runWithTimeout:
0xc1a8c	finishEncodingAndGetReplyOnPortal:
0xc1ab0	removeLocal:
0xc1ac0	removeRemote:
0xc1ad0	localObjects
0xc1ae0	remoteObjects
0xc1af0	findLocal:forInPort:
0xc1b08	getLocal:
0xc1b14	getRemote:
0xc1b20	newLocal:
0xc1b2c	newRemote:withProtocol:
0xc1b44	insertProxy:
0xc1b54	setRoot:
0xc1b60	setOutTimeout:
0xc1b70	setInTimeout:
0xc1b88	outPortalBuffer
0xc1b98	setDelegate:
0xc1ba8	copyWithOutPort:
0xc1bd0	sizeofParams
0xc1be0	parmInfoP
0xc1bec	fromDescription:fromZone:
0xc1c08	decodeMethodRetFrom:withargs:atAddr:
0xc1c30	methodReturnArea
0xc1c44	isOneway
0xc1c50	methodReturnType
0xc1c64	encodeMethodRet:withargs:onto:
0xc1c84	decodeMethodParamsFrom:
0xc1c9c	encodeMethodParams:onto:
0xc1cb8	connection:didConnect:
0xde8f8	.branch_table_slot_0
0xde90d	.branch_table_slot_1
0xde922	.branch_table_slot_10
0xde938	.branch_table_slot_1000
0xde950	.branch_table_slot_1001
0xde968	.branch_table_slot_1002
0xde980	.branch_table_slot_1003
0xde998	.branch_table_slot_1004
0xde9b0	.branch_table_slot_1005
0xde9c8	.branch_table_slot_1006
0xde9e0	.branch_table_slot_1007
0xde9f8	.branch_table_slot_1008
0xdea10	.branch_table_slot_1009
0xdea28	.branch_table_slot_101
0xdea3f	.branch_table_slot_1010
0xdea57	.branch_table_slot_1011
0xdea6f	.branch_table_slot_1012
0xdea87	.branch_table_slot_1013
0xdea9f	.branch_table_slot_1014
0xdeab7	.branch_table_slot_1015
0xdeacf	.branch_table_slot_1016
0xdeae7	.branch_table_slot_1017
0xdeaff	.branch_table_slot_1018
0xdeb17	.branch_table_slot_1019
0xdeb2f	.branch_table_slot_102
0xdeb46	.branch_table_slot_1020
0xdeb5e	.branch_table_slot_1021
0xdeb76	.branch_table_slot_1022
0xdeb8e	.branch_table_slot_1024
0xdeba6	.branch_table_slot_1025
0xdebbe	.branch_table_slot_1026
0xdebd6	.branch_table_slot_1027
0xdebee	.branch_table_slot_1028
0xdec06	.branch_table_slot_1029
0xdec1e	.branch_table_slot_103
0xdec35	.branch_table_slot_1030
0xdec4d	.branch_table_slot_1031
0xdec65	.branch_table_slot_1032
0xdec7d	.branch_table_slot_1033
0xdec95	.branch_table_slot_1034
0xdecad	.branch_table_slot_1035
0xdecc5	.branch_table_slot_1036
0xdecdd	.branch_table_slot_1037
0xdecf5	.branch_table_slot_1038
0xded0d	.branch_table_slot_1039
0xded25	.branch_table_slot_104
0xded3c	.branch_table_slot_1040
0xded54	.branch_table_slot_1041
0xded6c	.branch_table_slot_1042
0xded84	.branch_table_slot_1043
0xded9c	.branch_table_slot_1044
0xdedb4	.branch_table_slot_1045
0xdedcc	.branch_table_slot_1046
0xdede4	.branch_table_slot_1047
0xdedfc	.branch_table_slot_1048
0xdee14	.branch_table_slot_1049
0xdee2c	.branch_table_slot_105
0xdee43	.branch_table_slot_1050
0xdee5b	.branch_table_slot_1051
0xdee73	.branch_table_slot_1052
0xdee8b	.branch_table_slot_1053
0xdeea3	.branch_table_slot_1054
0xdeebb	.branch_table_slot_1055
0xdeed3	.branch_table_slot_1056
0xdeeeb	.branch_table_slot_1057
0xdef03	.branch_table_slot_1058
0xdef1b	.branch_table_slot_1059
0xdef33	.branch_table_slot_106
0xdef4a	.branch_table_slot_1060
0xdef62	.branch_table_slot_1061
0xdef7a	.branch_table_slot_1062
0xdef92	.branch_table_slot_1063
0xdefaa	.branch_table_slot_1064
0xdefc2	.branch_table_slot_1065
0xdefda	.branch_table_slot_1066
0xdeff2	.branch_table_slot_1067
0xdf00a	.branch_table_slot_1068
0xdf022	.branch_table_slot_1069
0xdf03a	.branch_table_slot_107
0xdf051	.branch_table_slot_1070
0xdf069	.branch_table_slot_1071
0xdf081	.branch_table_slot_1072
0xdf099	.branch_table_slot_1073
0xdf0b1	.branch_table_slot_1074
0xdf0c9	.branch_table_slot_1075
0xdf0e1	.branch_table_slot_1076
0xdf0f9	.branch_table_slot_1077
0xdf111	.branch_table_slot_1078
0xdf129	.branch_table_slot_1079
0xdf141	.branch_table_slot_108
0xdf158	.branch_table_slot_1080
0xdf170	.branch_table_slot_1081
0xdf188	.branch_table_slot_1082
0xdf1a0	.branch_table_slot_1083
0xdf1b8	.branch_table_slot_1084
0xdf1d0	.branch_table_slot_1085
0xdf1e8	.branch_table_slot_1086
0xdf200	.branch_table_slot_1087
0xdf218	.branch_table_slot_1088
0xdf230	.branch_table_slot_1089
0xdf248	.branch_table_slot_109
0xdf25f	.branch_table_slot_1090
0xdf277	.branch_table_slot_1091
0xdf28f	.branch_table_slot_1092
0xdf2a7	.branch_table_slot_1093
0xdf2bf	.branch_table_slot_1094
0xdf2d7	.branch_table_slot_1095
0xdf2ef	.branch_table_slot_1096
0xdf307	.branch_table_slot_1097
0xdf31f	.branch_table_slot_1098
0xdf337	.branch_table_slot_1099
0xdf34f	.branch_table_slot_11
0xdf365	.branch_table_slot_110
0xdf37c	.branch_table_slot_1100
0xdf394	.branch_table_slot_1101
0xdf3ac	.branch_table_slot_1102
0xdf3c4	.branch_table_slot_1103
0xdf3dc	.branch_table_slot_1104
0xdf3f4	.branch_table_slot_1105
0xdf40c	.branch_table_slot_1106
0xdf424	.branch_table_slot_1107
0xdf43c	.branch_table_slot_1108
0xdf454	.branch_table_slot_1109
0xdf46c	.branch_table_slot_111
0xdf483	.branch_table_slot_1110
0xdf49b	.branch_table_slot_1111
0xdf4b3	.branch_table_slot_1112
0xdf4cb	.branch_table_slot_1113
0xdf4e3	.branch_table_slot_1114
0xdf4fb	.branch_table_slot_1115
0xdf513	.branch_table_slot_1116
0xdf52b	.branch_table_slot_1117
0xdf543	.branch_table_slot_1118
0xdf55b	.branch_table_slot_1119
0xdf573	.branch_table_slot_112
0xdf58a	.branch_table_slot_1120
0xdf5a2	.branch_table_slot_1121
0xdf5ba	.branch_table_slot_1122
0xdf5d2	.branch_table_slot_1123
0xdf5ea	.branch_table_slot_1125
0xdf602	.branch_table_slot_1126
0xdf61a	.branch_table_slot_1127
0xdf632	.branch_table_slot_1128
0xdf64a	.branch_table_slot_1129
0xdf662	.branch_table_slot_113
0xdf679	.branch_table_slot_1130
0xdf691	.branch_table_slot_1131
0xdf6a9	.branch_table_slot_1132
0xdf6c1	.branch_table_slot_1133
0xdf6d9	.branch_table_slot_1134
0xdf6f1	.branch_table_slot_1135
0xdf709	.branch_table_slot_1136
0xdf721	.branch_table_slot_1137
0xdf739	.branch_table_slot_1138
0xdf751	.branch_table_slot_1139
0xdf769	.branch_table_slot_114
0xdf780	.branch_table_slot_1140
0xdf798	.branch_table_slot_1141
0xdf7b0	.branch_table_slot_1142
0xdf7c8	.branch_table_slot_1143
0xdf7e0	.branch_table_slot_1144
0xdf7f8	.branch_table_slot_1145
0xdf810	.branch_table_slot_1146
0xdf828	.branch_table_slot_1147
0xdf840	.branch_table_slot_1148
0xdf858	.branch_table_slot_1149
0xdf870	.branch_table_slot_115
0xdf887	.branch_table_slot_1150
0xdf89f	.branch_table_slot_1151
0xdf8b7	.branch_table_slot_1152
0xdf8cf	.branch_table_slot_1153
0xdf8e7	.branch_table_slot_1154
0xdf8ff	.branch_table_slot_1155
0xdf917	.branch_table_slot_1156
0xdf92f	.branch_table_slot_1157
0xdf947	.branch_table_slot_1158
0xdf95f	.branch_table_slot_1159
0xdf977	.branch_table_slot_116
0xdf98e	.branch_table_slot_1160
0xdf9a6	.branch_table_slot_1161
0xdf9be	.branch_table_slot_1162
0xdf9d6	.branch_table_slot_1163
0xdf9ee	.branch_table_slot_1164
0xdfa06	.branch_table_slot_1165
0xdfa1e	.branch_table_slot_1166
0xdfa36	.branch_table_slot_1167
0xdfa4e	.branch_table_slot_1168
0xdfa66	.branch_table_slot_1169
0xdfa7e	.branch_table_slot_117
0xdfa95	.branch_table_slot_1170
0xdfaad	.branch_table_slot_1171
0xdfac5	.branch_table_slot_1172
0xdfadd	.branch_table_slot_1173
0xdfaf5	.branch_table_slot_1174
0xdfb0d	.branch_table_slot_1175
0xdfb25	.branch_table_slot_1176
0xdfb3d	.branch_table_slot_1177
0xdfb55	.branch_table_slot_1178
0xdfb6d	.branch_table_slot_1179
0xdfb85	.branch_table_slot_118
0xdfb9c	.branch_table_slot_1180
0xdfbb4	.branch_table_slot_1181
0xdfbcc	.branch_table_slot_1182
0xdfbe4	.branch_table_slot_1183
0xdfbfc	.branch_table_slot_1184
0xdfc14	.branch_table_slot_1185
0xdfc2c	.branch_table_slot_1186
0xdfc44	.branch_table_slot_1187
0xdfc5c	.branch_table_slot_1188
0xdfc74	.branch_table_slot_1189
0xdfc8c	.branch_table_slot_119
0xdfca3	.branch_table_slot_1190
0xdfcbb	.branch_table_slot_1191
0xdfcd3	.branch_table_slot_1192
0xdfceb	.branch_table_slot_1193
0xdfd03	.branch_table_slot_1194
0xdfd1b	.branch_table_slot_1195
0xdfd33	.branch_table_slot_1196
0xdfd4b	.branch_table_slot_1197
0xdfd63	.branch_table_slot_1198
0xdfd7b	.branch_table_slot_1199
0xdfd93	.branch_table_slot_12
0xdfda9	.branch_table_slot_120
0xdfdc0	.branch_table_slot_1200
0xdfdd8	.branch_table_slot_1201
0xdfdf0	.branch_table_slot_1202
0xdfe08	.branch_table_slot_1203
0xdfe20	.branch_table_slot_1204
0xdfe38	.branch_table_slot_1205
0xdfe50	.branch_table_slot_1206
0xdfe68	.branch_table_slot_1207
0xdfe80	.branch_table_slot_1208
0xdfe98	.branch_table_slot_1209
0xdfeb0	.branch_table_slot_121
0xdfec7	.branch_table_slot_1210
0xdfedf	.branch_table_slot_1211
0xdfef7	.branch_table_slot_1212
0xdff0f	.branch_table_slot_1213
0xdff27	.branch_table_slot_1214
0xdff3f	.branch_table_slot_1215
0xdff57	.branch_table_slot_1216
0xdff6f	.branch_table_slot_1217
0xdff87	.branch_table_slot_1218
0xdff9f	.branch_table_slot_1219
0xdffb7	.branch_table_slot_122
0xdffce	.branch_table_slot_1220
0xdffe6	.branch_table_slot_1221
0xdfffe	.branch_table_slot_1222
0xe0016	.branch_table_slot_1223
0xe002e	.branch_table_slot_1224
0xe0046	.branch_table_slot_1225
0xe005e	.branch_table_slot_1226
0xe0076	.branch_table_slot_1227
0xe008e	.branch_table_slot_1228
0xe00a6	.branch_table_slot_1229
0xe00be	.branch_table_slot_123
0xe00d5	.branch_table_slot_1230
0xe00ed	.branch_table_slot_1231
0xe0105	.branch_table_slot_1232
0xe011d	.branch_table_slot_1233
0xe0135	.branch_table_slot_1234
0xe014d	.branch_table_slot_1235
0xe0165	.branch_table_slot_1236
0xe017d	.branch_table_slot_1237
0xe0195	.branch_table_slot_1238
0xe01ad	.branch_table_slot_1239
0xe01c5	.branch_table_slot_124
0xe01dc	.branch_table_slot_1240
0xe01f4	.branch_table_slot_1241
0xe020c	.branch_table_slot_1242
0xe0224	.branch_table_slot_1243
0xe023c	.branch_table_slot_1244
0xe0254	.branch_table_slot_1245
0xe026c	.branch_table_slot_1246
0xe0284	.branch_table_slot_1247
0xe029c	.branch_table_slot_1248
0xe02b4	.branch_table_slot_1249
0xe02cc	.branch_table_slot_125
0xe02e3	.branch_table_slot_1250
0xe02fb	.branch_table_slot_1251
0xe0313	.branch_table_slot_1252
0xe032b	.branch_table_slot_1253
0xe0343	.branch_table_slot_1254
0xe035b	.branch_table_slot_1255
0xe0373	.branch_table_slot_1256
0xe038b	.branch_table_slot_1257
0xe03a3	.branch_table_slot_1258
0xe03bb	.branch_table_slot_1259
0xe03d3	.branch_table_slot_126
0xe03ea	.branch_table_slot_1260
0xe0402	.branch_table_slot_1261
0xe041a	.branch_table_slot_1262
0xe0432	.branch_table_slot_1263
0xe044a	.branch_table_slot_1264
0xe0462	.branch_table_slot_1265
0xe047a	.branch_table_slot_1266
0xe0492	.branch_table_slot_1267
0xe04aa	.branch_table_slot_1268
0xe04c2	.branch_table_slot_1269
0xe04da	.branch_table_slot_1270
0xe04f2	.branch_table_slot_1271
0xe050a	.branch_table_slot_1272
0xe0522	.branch_table_slot_1273
0xe053a	.branch_table_slot_1274
0xe0552	.branch_table_slot_1275
0xe056a	.branch_table_slot_1276
0xe0582	.branch_table_slot_1277
0xe059a	.branch_table_slot_1278
0xe05b2	.branch_table_slot_1279
0xe05ca	.branch_table_slot_128
0xe05e1	.branch_table_slot_1280
0xe05f9	.branch_table_slot_1281
0xe0611	.branch_table_slot_1282
0xe0629	.branch_table_slot_1283
0xe0641	.branch_table_slot_1284
0xe0659	.branch_table_slot_1285
0xe0671	.branch_table_slot_1286
0xe0689	.branch_table_slot_1287
0xe06a1	.branch_table_slot_1288
0xe06b9	.branch_table_slot_1289
0xe06d1	.branch_table_slot_129
0xe06e8	.branch_table_slot_1290
0xe0700	.branch_table_slot_1291
0xe0718	.branch_table_slot_1292
0xe0730	.branch_table_slot_1293
0xe0748	.branch_table_slot_1294
0xe0760	.branch_table_slot_1295
0xe0778	.branch_table_slot_1296
0xe0790	.branch_table_slot_1297
0xe07a8	.branch_table_slot_1298
0xe07c0	.branch_table_slot_1299
0xe07d8	.branch_table_slot_13
0xe07ee	.branch_table_slot_130
0xe0805	.branch_table_slot_1300
0xe081d	.branch_table_slot_1301
0xe0835	.branch_table_slot_1302
0xe084d	.branch_table_slot_1303
0xe0865	.branch_table_slot_1304
0xe087d	.branch_table_slot_1305
0xe0895	.branch_table_slot_1306
0xe08ad	.branch_table_slot_1307
0xe08c5	.branch_table_slot_1308
0xe08dd	.branch_table_slot_1309
0xe08f5	.branch_table_slot_131
0xe090c	.branch_table_slot_1310
0xe0924	.branch_table_slot_1311
0xe093c	.branch_table_slot_1312
0xe0954	.branch_table_slot_1313
0xe096c	.branch_table_slot_1314
0xe0984	.branch_table_slot_1315
0xe099c	.branch_table_slot_1316
0xe09b4	.branch_table_slot_1317
0xe09cc	.branch_table_slot_1318
0xe09e4	.branch_table_slot_1319
0xe09fc	.branch_table_slot_132
0xe0a13	.branch_table_slot_1320
0xe0a2b	.branch_table_slot_1321
0xe0a43	.branch_table_slot_1322
0xe0a5b	.branch_table_slot_1323
0xe0a73	.branch_table_slot_1324
0xe0a8b	.branch_table_slot_1325
0xe0aa3	.branch_table_slot_1326
0xe0abb	.branch_table_slot_1327
0xe0ad3	.branch_table_slot_1328
0xe0aeb	.branch_table_slot_1329
0xe0b03	.branch_table_slot_133
0xe0b1a	.branch_table_slot_1330
0xe0b32	.branch_table_slot_1331
0xe0b4a	.branch_table_slot_1332
0xe0b62	.branch_table_slot_1333
0xe0b7a	.branch_table_slot_1334
0xe0b92	.branch_table_slot_1335
0xe0baa	.branch_table_slot_1336
0xe0bc2	.branch_table_slot_1337
0xe0bda	.branch_table_slot_1338
0xe0bf2	.branch_table_slot_1339
0xe0c0a	.branch_table_slot_134
0xe0c21	.branch_table_slot_1340
0xe0c39	.branch_table_slot_1341
0xe0c51	.branch_table_slot_1342
0xe0c69	.branch_table_slot_1343
0xe0c81	.branch_table_slot_1344
0xe0c99	.branch_table_slot_1345
0xe0cb1	.branch_table_slot_1346
0xe0cc9	.branch_table_slot_1347
0xe0ce1	.branch_table_slot_1348
0xe0cf9	.branch_table_slot_1349
0xe0d11	.branch_table_slot_135
0xe0d28	.branch_table_slot_1350
0xe0d40	.branch_table_slot_1354
0xe0d58	.branch_table_slot_1355
0xe0d70	.branch_table_slot_1356
0xe0d88	.branch_table_slot_1357
0xe0da0	.branch_table_slot_1358
0xe0db8	.branch_table_slot_1359
0xe0dd0	.branch_table_slot_136
0xe0de7	.branch_table_slot_1360
0xe0dff	.branch_table_slot_137
0xe0e16	.branch_table_slot_1370
0xe0e2e	.branch_table_slot_1371
0xe0e46	.branch_table_slot_1372
0xe0e5e	.branch_table_slot_1373
0xe0e76	.branch_table_slot_1374
0xe0e8e	.branch_table_slot_1375
0xe0ea6	.branch_table_slot_1376
0xe0ebe	.branch_table_slot_1377
0xe0ed6	.branch_table_slot_1378
0xe0eee	.branch_table_slot_1379
0xe0f06	.branch_table_slot_138
0xe0f1d	.branch_table_slot_1380
0xe0f35	.branch_table_slot_1381
0xe0f4d	.branch_table_slot_1382
0xe0f65	.branch_table_slot_1383
0xe0f7d	.branch_table_slot_1384
0xe0f95	.branch_table_slot_1385
0xe0fad	.branch_table_slot_1386
0xe0fc5	.branch_table_slot_1387
0xe0fdd	.branch_table_slot_1388
0xe0ff5	.branch_table_slot_1389
0xe100d	.branch_table_slot_139
0xe1024	.branch_table_slot_1390
0xe103c	.branch_table_slot_1391
0xe1054	.branch_table_slot_1392
0xe106c	.branch_table_slot_1393
0xe1084	.branch_table_slot_1394
0xe109c	.branch_table_slot_1395
0xe10b4	.branch_table_slot_1396
0xe10cc	.branch_table_slot_1397
0xe10e4	.branch_table_slot_1398
0xe10fc	.branch_table_slot_1399
0xe1114	.branch_table_slot_14
0xe112a	.branch_table_slot_1400
0xe1142	.branch_table_slot_1401
0xe115a	.branch_table_slot_1402
0xe1172	.branch_table_slot_1403
0xe118a	.branch_table_slot_1404
0xe11a2	.branch_table_slot_1405
0xe11ba	.branch_table_slot_1406
0xe11d2	.branch_table_slot_1407
0xe11ea	.branch_table_slot_1409
0xe1202	.branch_table_slot_1410
0xe121a	.branch_table_slot_1411
0xe1232	.branch_table_slot_1412
0xe124a	.branch_table_slot_1413
0xe1262	.branch_table_slot_1414
0xe127a	.branch_table_slot_1415
0xe1292	.branch_table_slot_1416
0xe12aa	.branch_table_slot_1417
0xe12c2	.branch_table_slot_1418
0xe12da	.branch_table_slot_1419
0xe12f2	.branch_table_slot_142
0xe1309	.branch_table_slot_1420
0xe1321	.branch_table_slot_1421
0xe1339	.branch_table_slot_1423
0xe1351	.branch_table_slot_1426
0xe1369	.branch_table_slot_1427
0xe1381	.branch_table_slot_1428
0xe1399	.branch_table_slot_143
0xe13b0	.branch_table_slot_1430
0xe13c8	.branch_table_slot_1431
0xe13e0	.branch_table_slot_1436
0xe13f8	.branch_table_slot_1439
0xe1410	.branch_table_slot_144
0xe1427	.branch_table_slot_1440
0xe143f	.branch_table_slot_1441
0xe1457	.branch_table_slot_145
0xe146e	.branch_table_slot_1455
0xe1486	.branch_table_slot_146
0xe149d	.branch_table_slot_1465
0xe14b5	.branch_table_slot_1466
0xe14cd	.branch_table_slot_1467
0xe14e5	.branch_table_slot_1469
0xe14fd	.branch_table_slot_147
0xe1514	.branch_table_slot_1470
0xe152c	.branch_table_slot_1471
0xe1544	.branch_table_slot_1472
0xe155c	.branch_table_slot_1473
0xe1574	.branch_table_slot_1474
0xe158c	.branch_table_slot_1475
0xe15a4	.branch_table_slot_1476
0xe15bc	.branch_table_slot_1477
0xe15d4	.branch_table_slot_1478
0xe15ec	.branch_table_slot_1479
0xe1604	.branch_table_slot_148
0xe161b	.branch_table_slot_1480
0xe1633	.branch_table_slot_1481
0xe164b	.branch_table_slot_1482
0xe1663	.branch_table_slot_1483
0xe167b	.branch_table_slot_1484
0xe1693	.branch_table_slot_1485
0xe16ab	.branch_table_slot_1486
0xe16c3	.branch_table_slot_1487
0xe16db	.branch_table_slot_1488
0xe16f3	.branch_table_slot_1489
0xe170b	.branch_table_slot_149
0xe1722	.branch_table_slot_1490
0xe173a	.branch_table_slot_1491
0xe1752	.branch_table_slot_1492
0xe176a	.branch_table_slot_1493
0xe1782	.branch_table_slot_1494
0xe179a	.branch_table_slot_1496
0xe17b2	.branch_table_slot_1497
0xe17ca	.branch_table_slot_1498
0xe17e2	.branch_table_slot_1499
0xe17fa	.branch_table_slot_15
0xe1810	.branch_table_slot_150
0xe1827	.branch_table_slot_1500
0xe183f	.branch_table_slot_1501
0xe1857	.branch_table_slot_1502
0xe186f	.branch_table_slot_1503
0xe1887	.branch_table_slot_1504
0xe189f	.branch_table_slot_1505
0xe18b7	.branch_table_slot_1506
0xe18cf	.branch_table_slot_1507
0xe18e7	.branch_table_slot_1508
0xe18ff	.branch_table_slot_1509
0xe1917	.branch_table_slot_151
0xe192e	.branch_table_slot_1510
0xe1946	.branch_table_slot_1511
0xe195e	.branch_table_slot_1512
0xe1976	.branch_table_slot_1513
0xe198e	.branch_table_slot_1514
0xe19a6	.branch_table_slot_1515
0xe19be	.branch_table_slot_1516
0xe19d6	.branch_table_slot_1517
0xe19ee	.branch_table_slot_1518
0xe1a06	.branch_table_slot_1519
0xe1a1e	.branch_table_slot_152
0xe1a35	.branch_table_slot_1520
0xe1a4d	.branch_table_slot_1521
0xe1a65	.branch_table_slot_1522
0xe1a7d	.branch_table_slot_1523
0xe1a95	.branch_table_slot_1524
0xe1aad	.branch_table_slot_1525
0xe1ac5	.branch_table_slot_1526
0xe1add	.branch_table_slot_1527
0xe1af5	.branch_table_slot_1528
0xe1b0d	.branch_table_slot_1529
0xe1b25	.branch_table_slot_153
0xe1b3c	.branch_table_slot_1530
0xe1b54	.branch_table_slot_1531
0xe1b6c	.branch_table_slot_1532
0xe1b84	.branch_table_slot_1533
0xe1b9c	.branch_table_slot_154
0xe1bb3	.branch_table_slot_1541
0xe1bcb	.branch_table_slot_1542
0xe1be3	.branch_table_slot_1543
0xe1bfb	.branch_table_slot_1544
0xe1c13	.branch_table_slot_1545
0xe1c2b	.branch_table_slot_1546
0xe1c43	.branch_table_slot_1547
0xe1c5b	.branch_table_slot_1548
0xe1c73	.branch_table_slot_1549
0xe1c8b	.branch_table_slot_155
0xe1ca2	.branch_table_slot_1550
0xe1cba	.branch_table_slot_1551
0xe1cd2	.branch_table_slot_1552
0xe1cea	.branch_table_slot_1553
0xe1d02	.branch_table_slot_1554
0xe1d1a	.branch_table_slot_1555
0xe1d32	.branch_table_slot_1556
0xe1d4a	.branch_table_slot_1557
0xe1d62	.branch_table_slot_1558
0xe1d7a	.branch_table_slot_1559
0xe1d92	.branch_table_slot_156
0xe1da9	.branch_table_slot_1562
0xe1dc1	.branch_table_slot_1563
0xe1dd9	.branch_table_slot_1564
0xe1df1	.branch_table_slot_1565
0xe1e09	.branch_table_slot_1568
0xe1e21	.branch_table_slot_1569
0xe1e39	.branch_table_slot_157
0xe1e50	.branch_table_slot_1570
0xe1e68	.branch_table_slot_1571
0xe1e80	.branch_table_slot_1572
0xe1e98	.branch_table_slot_1573
0xe1eb0	.branch_table_slot_1574
0xe1ec8	.branch_table_slot_1575
0xe1ee0	.branch_table_slot_1576
0xe1ef8	.branch_table_slot_1577
0xe1f10	.branch_table_slot_1578
0xe1f28	.branch_table_slot_1579
0xe1f40	.branch_table_slot_158
0xe1f57	.branch_table_slot_1580
0xe1f6f	.branch_table_slot_1581
0xe1f87	.branch_table_slot_1582
0xe1f9f	.branch_table_slot_1583
0xe1fb7	.branch_table_slot_1584
0xe1fcf	.branch_table_slot_1585
0xe1fe7	.branch_table_slot_1586
0xe1fff	.branch_table_slot_1587
0xe2017	.branch_table_slot_1588
0xe202f	.branch_table_slot_1589
0xe2047	.branch_table_slot_159
0xe205e	.branch_table_slot_1590
0xe2076	.branch_table_slot_1591
0xe208e	.branch_table_slot_1592
0xe20a6	.branch_table_slot_1593
0xe20be	.branch_table_slot_1594
0xe20d6	.branch_table_slot_1595
0xe20ee	.branch_table_slot_1596
0xe2106	.branch_table_slot_1597
0xe211e	.branch_table_slot_1598
0xe2136	.branch_table_slot_1599
0xe214e	.branch_table_slot_16
0xe2164	.branch_table_slot_160
0xe217b	.branch_table_slot_1600
0xe2193	.branch_table_slot_1601
0xe21ab	.branch_table_slot_1602
0xe21c3	.branch_table_slot_1603
0xe21db	.branch_table_slot_1604
0xe21f3	.branch_table_slot_1605
0xe220b	.branch_table_slot_1606
0xe2223	.branch_table_slot_1607
0xe223b	.branch_table_slot_1608
0xe2253	.branch_table_slot_1609
0xe226b	.branch_table_slot_161
0xe2282	.branch_table_slot_1610
0xe229a	.branch_table_slot_1611
0xe22b2	.branch_table_slot_1612
0xe22ca	.branch_table_slot_1613
0xe22e2	.branch_table_slot_1614
0xe22fa	.branch_table_slot_1615
0xe2312	.branch_table_slot_1616
0xe232a	.branch_table_slot_1617
0xe2342	.branch_table_slot_1618
0xe235a	.branch_table_slot_1619
0xe2372	.branch_table_slot_162
0xe2389	.branch_table_slot_1620
0xe23a1	.branch_table_slot_1621
0xe23b9	.branch_table_slot_1622
0xe23d1	.branch_table_slot_1623
0xe23e9	.branch_table_slot_1624
0xe2401	.branch_table_slot_1625
0xe2419	.branch_table_slot_1626
0xe2431	.branch_table_slot_1627
0xe2449	.branch_table_slot_1628
0xe2461	.branch_table_slot_1629
0xe2479	.branch_table_slot_163
0xe2490	.branch_table_slot_1630
0xe24a8	.branch_table_slot_1631
0xe24c0	.branch_table_slot_1632
0xe24d8	.branch_table_slot_1633
0xe24f0	.branch_table_slot_164
0xe2507	.branch_table_slot_165
0xe251e	.branch_table_slot_1651
0xe2536	.branch_table_slot_1652
0xe254e	.branch_table_slot_1653
0xe2566	.branch_table_slot_1654
0xe257e	.branch_table_slot_1655
0xe2596	.branch_table_slot_1656
0xe25ae	.branch_table_slot_1657
0xe25c6	.branch_table_slot_1658
0xe25de	.branch_table_slot_1659
0xe25f6	.branch_table_slot_166
0xe260d	.branch_table_slot_1660
0xe2625	.branch_table_slot_1661
0xe263d	.branch_table_slot_1662
0xe2655	.branch_table_slot_1663
0xe266d	.branch_table_slot_1664
0xe2685	.branch_table_slot_1665
0xe269d	.branch_table_slot_1666
0xe26b5	.branch_table_slot_1667
0xe26cd	.branch_table_slot_1668
0xe26e5	.branch_table_slot_1669
0xe26fd	.branch_table_slot_167
0xe2714	.branch_table_slot_1670
0xe272c	.branch_table_slot_1671
0xe2744	.branch_table_slot_1672
0xe275c	.branch_table_slot_168
0xe2773	.branch_table_slot_169
0xe278a	.branch_table_slot_1691
0xe27a2	.branch_table_slot_1692
0xe27ba	.branch_table_slot_1693
0xe27d2	.branch_table_slot_1694
0xe27ea	.branch_table_slot_1695
0xe2802	.branch_table_slot_1696
0xe281a	.branch_table_slot_1697
0xe2832	.branch_table_slot_1698
0xe284a	.branch_table_slot_1699
0xe2862	.branch_table_slot_17
0xe2878	.branch_table_slot_170
0xe288f	.branch_table_slot_1700
0xe28a7	.branch_table_slot_1701
0xe28bf	.branch_table_slot_1702
0xe28d7	.branch_table_slot_1703
0xe28ef	.branch_table_slot_1704
0xe2907	.branch_table_slot_1705
0xe291f	.branch_table_slot_1706
0xe2937	.branch_table_slot_1707
0xe294f	.branch_table_slot_1708
0xe2967	.branch_table_slot_1709
0xe297f	.branch_table_slot_171
0xe2996	.branch_table_slot_1710
0xe29ae	.branch_table_slot_1711
0xe29c6	.branch_table_slot_1712
0xe29de	.branch_table_slot_1713
0xe29f6	.branch_table_slot_1714
0xe2a0e	.branch_table_slot_1715
0xe2a26	.branch_table_slot_1716
0xe2a3e	.branch_table_slot_1717
0xe2a56	.branch_table_slot_1718
0xe2a6e	.branch_table_slot_1719
0xe2a86	.branch_table_slot_172
0xe2a9d	.branch_table_slot_1720
0xe2ab5	.branch_table_slot_1721
0xe2acd	.branch_table_slot_1722
0xe2ae5	.branch_table_slot_1723
0xe2afd	.branch_table_slot_1724
0xe2b15	.branch_table_slot_1725
0xe2b2d	.branch_table_slot_1726
0xe2b45	.branch_table_slot_1727
0xe2b5d	.branch_table_slot_1728
0xe2b75	.branch_table_slot_1729
0xe2b8d	.branch_table_slot_173
0xe2ba4	.branch_table_slot_1730
0xe2bbc	.branch_table_slot_1731
0xe2bd4	.branch_table_slot_1732
0xe2bec	.branch_table_slot_1733
0xe2c04	.branch_table_slot_1734
0xe2c1c	.branch_table_slot_1735
0xe2c34	.branch_table_slot_1736
0xe2c4c	.branch_table_slot_1737
0xe2c64	.branch_table_slot_1738
0xe2c7c	.branch_table_slot_1739
0xe2c94	.branch_table_slot_174
0xe2cab	.branch_table_slot_1740
0xe2cc3	.branch_table_slot_1741
0xe2cdb	.branch_table_slot_1742
0xe2cf3	.branch_table_slot_175
0xe2d0a	.branch_table_slot_1751
0xe2d22	.branch_table_slot_1752
0xe2d3a	.branch_table_slot_1753
0xe2d52	.branch_table_slot_1754
0xe2d6a	.branch_table_slot_1755
0xe2d82	.branch_table_slot_1756
0xe2d9a	.branch_table_slot_1757
0xe2db2	.branch_table_slot_1758
0xe2dca	.branch_table_slot_1759
0xe2de2	.branch_table_slot_176
0xe2df9	.branch_table_slot_1760
0xe2e11	.branch_table_slot_1761
0xe2e29	.branch_table_slot_1762
0xe2e41	.branch_table_slot_1763
0xe2e59	.branch_table_slot_1764
0xe2e71	.branch_table_slot_1765
0xe2e89	.branch_table_slot_1766
0xe2ea1	.branch_table_slot_1767
0xe2eb9	.branch_table_slot_1768
0xe2ed1	.branch_table_slot_1769
0xe2ee9	.branch_table_slot_177
0xe2f00	.branch_table_slot_1770
0xe2f18	.branch_table_slot_1771
0xe2f30	.branch_table_slot_1772
0xe2f48	.branch_table_slot_1773
0xe2f60	.branch_table_slot_1774
0xe2f78	.branch_table_slot_1775
0xe2f90	.branch_table_slot_178
0xe2fa7	.branch_table_slot_179
0xe2fbe	.branch_table_slot_1791
0xe2fd6	.branch_table_slot_1792
0xe2fee	.branch_table_slot_1793
0xe3006	.branch_table_slot_1794
0xe301e	.branch_table_slot_1795
0xe3036	.branch_table_slot_1796
0xe304e	.branch_table_slot_1797
0xe3066	.branch_table_slot_1798
0xe307e	.branch_table_slot_1799
0xe3096	.branch_table_slot_18
0xe30ac	.branch_table_slot_180
0xe30c3	.branch_table_slot_1800
0xe30db	.branch_table_slot_1801
0xe30f3	.branch_table_slot_1802
0xe310b	.branch_table_slot_1803
0xe3123	.branch_table_slot_1804
0xe313b	.branch_table_slot_1805
0xe3153	.branch_table_slot_1806
0xe316b	.branch_table_slot_1807
0xe3183	.branch_table_slot_1808
0xe319b	.branch_table_slot_1809
0xe31b3	.branch_table_slot_181
0xe31ca	.branch_table_slot_1810
0xe31e2	.branch_table_slot_1811
0xe31fa	.branch_table_slot_1812
0xe3212	.branch_table_slot_1813
0xe322a	.branch_table_slot_1814
0xe3242	.branch_table_slot_1815
0xe325a	.branch_table_slot_1816
0xe3272	.branch_table_slot_1817
0xe328a	.branch_table_slot_1818
0xe32a2	.branch_table_slot_1819
0xe32ba	.branch_table_slot_182
0xe32d1	.branch_table_slot_1820
0xe32e9	.branch_table_slot_183
0xe3300	.branch_table_slot_184
0xe3317	.branch_table_slot_185
0xe332e	.branch_table_slot_186
0xe3345	.branch_table_slot_187
0xe335c	.branch_table_slot_188
0xe3373	.branch_table_slot_189
0xe338a	.branch_table_slot_19
0xe33a0	.branch_table_slot_190
0xe33b7	.branch_table_slot_191
0xe33ce	.branch_table_slot_192
0xe33e5	.branch_table_slot_193
0xe33fc	.branch_table_slot_194
0xe3413	.branch_table_slot_195
0xe342a	.branch_table_slot_196
0xe3441	.branch_table_slot_197
0xe3458	.branch_table_slot_198
0xe346f	.branch_table_slot_199
0xe3486	.branch_table_slot_2
0xe349b	.branch_table_slot_20
0xe34b1	.branch_table_slot_200
0xe34c8	.branch_table_slot_201
0xe34df	.branch_table_slot_202
0xe34f6	.branch_table_slot_203
0xe350d	.branch_table_slot_204
0xe3524	.branch_table_slot_205
0xe353b	.branch_table_slot_206
0xe3552	.branch_table_slot_207
0xe3569	.branch_table_slot_208
0xe3580	.branch_table_slot_209
0xe3597	.branch_table_slot_21
0xe35ad	.branch_table_slot_210
0xe35c4	.branch_table_slot_211
0xe35db	.branch_table_slot_212
0xe35f2	.branch_table_slot_213
0xe3609	.branch_table_slot_214
0xe3620	.branch_table_slot_215
0xe3637	.branch_table_slot_216
0xe364e	.branch_table_slot_217
0xe3665	.branch_table_slot_218
0xe367c	.branch_table_slot_219
0xe3693	.branch_table_slot_22
0xe36a9	.branch_table_slot_220
0xe36c0	.branch_table_slot_221
0xe36d7	.branch_table_slot_222
0xe36ee	.branch_table_slot_223
0xe3705	.branch_table_slot_224
0xe371c	.branch_table_slot_225
0xe3733	.branch_table_slot_226
0xe374a	.branch_table_slot_227
0xe3761	.branch_table_slot_228
0xe3778	.branch_table_slot_229
0xe378f	.branch_table_slot_23
0xe37a5	.branch_table_slot_230
0xe37bc	.branch_table_slot_231
0xe37d3	.branch_table_slot_232
0xe37ea	.branch_table_slot_233
0xe3801	.branch_table_slot_234
0xe3818	.branch_table_slot_235
0xe382f	.branch_table_slot_236
0xe3846	.branch_table_slot_237
0xe385d	.branch_table_slot_238
0xe3874	.branch_table_slot_239
0xe388b	.branch_table_slot_240
0xe38a2	.branch_table_slot_241
0xe38b9	.branch_table_slot_242
0xe38d0	.branch_table_slot_243
0xe38e7	.branch_table_slot_244
0xe38fe	.branch_table_slot_245
0xe3915	.branch_table_slot_246
0xe392c	.branch_table_slot_247
0xe3943	.branch_table_slot_248
0xe395a	.branch_table_slot_249
0xe3971	.branch_table_slot_25
0xe3987	.branch_table_slot_250
0xe399e	.branch_table_slot_251
0xe39b5	.branch_table_slot_252
0xe39cc	.branch_table_slot_253
0xe39e3	.branch_table_slot_254
0xe39fa	.branch_table_slot_255
0xe3a11	.branch_table_slot_256
0xe3a28	.branch_table_slot_257
0xe3a3f	.branch_table_slot_258
0xe3a56	.branch_table_slot_259
0xe3a6d	.branch_table_slot_26
0xe3a83	.branch_table_slot_260
0xe3a9a	.branch_table_slot_261
0xe3ab1	.branch_table_slot_262
0xe3ac8	.branch_table_slot_263
0xe3adf	.branch_table_slot_264
0xe3af6	.branch_table_slot_265
0xe3b0d	.branch_table_slot_266
0xe3b24	.branch_table_slot_267
0xe3b3b	.branch_table_slot_268
0xe3b52	.branch_table_slot_269
0xe3b69	.branch_table_slot_27
0xe3b7f	.branch_table_slot_270
0xe3b96	.branch_table_slot_271
0xe3bad	.branch_table_slot_272
0xe3bc4	.branch_table_slot_273
0xe3bdb	.branch_table_slot_274
0xe3bf2	.branch_table_slot_275
0xe3c09	.branch_table_slot_276
0xe3c20	.branch_table_slot_277
0xe3c37	.branch_table_slot_278
0xe3c4e	.branch_table_slot_279
0xe3c65	.branch_table_slot_28
0xe3c7b	.branch_table_slot_280
0xe3c92	.branch_table_slot_281
0xe3ca9	.branch_table_slot_282
0xe3cc0	.branch_table_slot_283
0xe3cd7	.branch_table_slot_284
0xe3cee	.branch_table_slot_285
0xe3d05	.branch_table_slot_286
0xe3d1c	.branch_table_slot_287
0xe3d33	.branch_table_slot_288
0xe3d4a	.branch_table_slot_289
0xe3d61	.branch_table_slot_29
0xe3d77	.branch_table_slot_290
0xe3d8e	.branch_table_slot_291
0xe3da5	.branch_table_slot_292
0xe3dbc	.branch_table_slot_293
0xe3dd3	.branch_table_slot_294
0xe3dea	.branch_table_slot_295
0xe3e01	.branch_table_slot_296
0xe3e18	.branch_table_slot_297
0xe3e2f	.branch_table_slot_298
0xe3e46	.branch_table_slot_299
0xe3e5d	.branch_table_slot_3
0xe3e72	.branch_table_slot_30
0xe3e88	.branch_table_slot_300
0xe3e9f	.branch_table_slot_301
0xe3eb6	.branch_table_slot_302
0xe3ecd	.branch_table_slot_303
0xe3ee4	.branch_table_slot_304
0xe3efb	.branch_table_slot_305
0xe3f12	.branch_table_slot_306
0xe3f29	.branch_table_slot_307
0xe3f40	.branch_table_slot_308
0xe3f57	.branch_table_slot_309
0xe3f6e	.branch_table_slot_31
0xe3f84	.branch_table_slot_310
0xe3f9b	.branch_table_slot_311
0xe3fb2	.branch_table_slot_312
0xe3fc9	.branch_table_slot_313
0xe3fe0	.branch_table_slot_314
0xe3ff7	.branch_table_slot_315
0xe400e	.branch_table_slot_316
0xe4025	.branch_table_slot_317
0xe403c	.branch_table_slot_318
0xe4053	.branch_table_slot_319
0xe406a	.branch_table_slot_32
0xe4080	.branch_table_slot_320
0xe4097	.branch_table_slot_321
0xe40ae	.branch_table_slot_322
0xe40c5	.branch_table_slot_323
0xe40dc	.branch_table_slot_324
0xe40f3	.branch_table_slot_325
0xe410a	.branch_table_slot_326
0xe4121	.branch_table_slot_327
0xe4138	.branch_table_slot_328
0xe414f	.branch_table_slot_329
0xe4166	.branch_table_slot_33
0xe417c	.branch_table_slot_330
0xe4193	.branch_table_slot_331
0xe41aa	.branch_table_slot_332
0xe41c1	.branch_table_slot_333
0xe41d8	.branch_table_slot_334
0xe41ef	.branch_table_slot_335
0xe4206	.branch_table_slot_336
0xe421d	.branch_table_slot_337
0xe4234	.branch_table_slot_338
0xe424b	.branch_table_slot_339
0xe4262	.branch_table_slot_34
0xe4278	.branch_table_slot_340
0xe428f	.branch_table_slot_341
0xe42a6	.branch_table_slot_342
0xe42bd	.branch_table_slot_343
0xe42d4	.branch_table_slot_344
0xe42eb	.branch_table_slot_345
0xe4302	.branch_table_slot_346
0xe4319	.branch_table_slot_347
0xe4330	.branch_table_slot_348
0xe4347	.branch_table_slot_349
0xe435e	.branch_table_slot_35
0xe4374	.branch_table_slot_350
0xe438b	.branch_table_slot_351
0xe43a2	.branch_table_slot_356
0xe43b9	.branch_table_slot_357
0xe43d0	.branch_table_slot_358
0xe43e7	.branch_table_slot_359
0xe43fe	.branch_table_slot_36
0xe4414	.branch_table_slot_360
0xe442b	.branch_table_slot_361
0xe4442	.branch_table_slot_362
0xe4459	.branch_table_slot_363
0xe4470	.branch_table_slot_364
0xe4487	.branch_table_slot_365
0xe449e	.branch_table_slot_368
0xe44b5	.branch_table_slot_369
0xe44cc	.branch_table_slot_37
0xe44e2	.branch_table_slot_370
0xe44f9	.branch_table_slot_371
0xe4510	.branch_table_slot_372
0xe4527	.branch_table_slot_373
0xe453e	.branch_table_slot_375
0xe4555	.branch_table_slot_376
0xe456c	.branch_table_slot_377
0xe4583	.branch_table_slot_378
0xe459a	.branch_table_slot_379
0xe45b1	.branch_table_slot_38
0xe45c7	.branch_table_slot_380
0xe45de	.branch_table_slot_381
0xe45f5	.branch_table_slot_382
0xe460c	.branch_table_slot_383
0xe4623	.branch_table_slot_384
0xe463a	.branch_table_slot_385
0xe4651	.branch_table_slot_386
0xe4668	.branch_table_slot_387
0xe467f	.branch_table_slot_388
0xe4696	.branch_table_slot_389
0xe46ad	.branch_table_slot_39
0xe46c3	.branch_table_slot_390
0xe46da	.branch_table_slot_391
0xe46f1	.branch_table_slot_392
0xe4708	.branch_table_slot_393
0xe471f	.branch_table_slot_394
0xe4736	.branch_table_slot_395
0xe474d	.branch_table_slot_396
0xe4764	.branch_table_slot_397
0xe477b	.branch_table_slot_398
0xe4792	.branch_table_slot_399
0xe47a9	.branch_table_slot_4
0xe47be	.branch_table_slot_40
0xe47d4	.branch_table_slot_401
0xe47eb	.branch_table_slot_402
0xe4802	.branch_table_slot_404
0xe4819	.branch_table_slot_405
0xe4830	.branch_table_slot_407
0xe4847	.branch_table_slot_408
0xe485e	.branch_table_slot_409
0xe4875	.branch_table_slot_41
0xe488b	.branch_table_slot_410
0xe48a2	.branch_table_slot_411
0xe48b9	.branch_table_slot_412
0xe48d0	.branch_table_slot_413
0xe48e7	.branch_table_slot_414
0xe48fe	.branch_table_slot_415
0xe4915	.branch_table_slot_416
0xe492c	.branch_table_slot_417
0xe4943	.branch_table_slot_418
0xe495a	.branch_table_slot_419
0xe4971	.branch_table_slot_42
0xe4987	.branch_table_slot_420
0xe499e	.branch_table_slot_421
0xe49b5	.branch_table_slot_422
0xe49cc	.branch_table_slot_423
0xe49e3	.branch_table_slot_424
0xe49fa	.branch_table_slot_425
0xe4a11	.branch_table_slot_426
0xe4a28	.branch_table_slot_427
0xe4a3f	.branch_table_slot_428
0xe4a56	.branch_table_slot_429
0xe4a6d	.branch_table_slot_43
0xe4a83	.branch_table_slot_430
0xe4a9a	.branch_table_slot_431
0xe4ab1	.branch_table_slot_432
0xe4ac8	.branch_table_slot_433
0xe4adf	.branch_table_slot_434
0xe4af6	.branch_table_slot_435
0xe4b0d	.branch_table_slot_436
0xe4b24	.branch_table_slot_437
0xe4b3b	.branch_table_slot_438
0xe4b52	.branch_table_slot_439
0xe4b69	.branch_table_slot_44
0xe4b7f	.branch_table_slot_440
0xe4b96	.branch_table_slot_441
0xe4bad	.branch_table_slot_442
0xe4bc4	.branch_table_slot_443
0xe4bdb	.branch_table_slot_444
0xe4bf2	.branch_table_slot_445
0xe4c09	.branch_table_slot_446
0xe4c20	.branch_table_slot_447
0xe4c37	.branch_table_slot_448
0xe4c4e	.branch_table_slot_449
0xe4c65	.branch_table_slot_45
0xe4c7b	.branch_table_slot_450
0xe4c92	.branch_table_slot_451
0xe4ca9	.branch_table_slot_452
0xe4cc0	.branch_table_slot_453
0xe4cd7	.branch_table_slot_454
0xe4cee	.branch_table_slot_455
0xe4d05	.branch_table_slot_456
0xe4d1c	.branch_table_slot_457
0xe4d33	.branch_table_slot_458
0xe4d4a	.branch_table_slot_459
0xe4d61	.branch_table_slot_46
0xe4d77	.branch_table_slot_460
0xe4d8e	.branch_table_slot_461
0xe4da5	.branch_table_slot_462
0xe4dbc	.branch_table_slot_463
0xe4dd3	.branch_table_slot_464
0xe4dea	.branch_table_slot_465
0xe4e01	.branch_table_slot_466
0xe4e18	.branch_table_slot_467
0xe4e2f	.branch_table_slot_468
0xe4e46	.branch_table_slot_469
0xe4e5d	.branch_table_slot_47
0xe4e73	.branch_table_slot_470
0xe4e8a	.branch_table_slot_471
0xe4ea1	.branch_table_slot_472
0xe4eb8	.branch_table_slot_473
0xe4ecf	.branch_table_slot_474
0xe4ee6	.branch_table_slot_475
0xe4efd	.branch_table_slot_476
0xe4f14	.branch_table_slot_477
0xe4f2b	.branch_table_slot_478
0xe4f42	.branch_table_slot_479
0xe4f59	.branch_table_slot_48
0xe4f6f	.branch_table_slot_480
0xe4f86	.branch_table_slot_481
0xe4f9d	.branch_table_slot_482
0xe4fb4	.branch_table_slot_483
0xe4fcb	.branch_table_slot_486
0xe4fe2	.branch_table_slot_487
0xe4ff9	.branch_table_slot_488
0xe5010	.branch_table_slot_489
0xe5027	.branch_table_slot_490
0xe503e	.branch_table_slot_491
0xe5055	.branch_table_slot_492
0xe506c	.branch_table_slot_493
0xe5083	.branch_table_slot_494
0xe509a	.branch_table_slot_495
0xe50b1	.branch_table_slot_5
0xe50c6	.branch_table_slot_50
0xe50dc	.branch_table_slot_502
0xe50f3	.branch_table_slot_503
0xe510a	.branch_table_slot_504
0xe5121	.branch_table_slot_505
0xe5138	.branch_table_slot_506
0xe514f	.branch_table_slot_507
0xe5166	.branch_table_slot_508
0xe517d	.branch_table_slot_509
0xe5194	.branch_table_slot_51
0xe51aa	.branch_table_slot_510
0xe51c1	.branch_table_slot_511
0xe51d8	.branch_table_slot_512
0xe51ef	.branch_table_slot_513
0xe5206	.branch_table_slot_516
0xe521d	.branch_table_slot_517
0xe5234	.branch_table_slot_518
0xe524b	.branch_table_slot_519
0xe5262	.branch_table_slot_52
0xe5278	.branch_table_slot_520
0xe528f	.branch_table_slot_521
0xe52a6	.branch_table_slot_522
0xe52bd	.branch_table_slot_523
0xe52d4	.branch_table_slot_524
0xe52eb	.branch_table_slot_525
0xe5302	.branch_table_slot_526
0xe5319	.branch_table_slot_527
0xe5330	.branch_table_slot_529
0xe5347	.branch_table_slot_53
0xe535d	.branch_table_slot_530
0xe5374	.branch_table_slot_531
0xe538b	.branch_table_slot_532
0xe53a2	.branch_table_slot_533
0xe53b9	.branch_table_slot_534
0xe53d0	.branch_table_slot_535
0xe53e7	.branch_table_slot_536
0xe53fe	.branch_table_slot_537
0xe5415	.branch_table_slot_538
0xe542c	.branch_table_slot_539
0xe5443	.branch_table_slot_54
0xe5459	.branch_table_slot_540
0xe5470	.branch_table_slot_541
0xe5487	.branch_table_slot_542
0xe549e	.branch_table_slot_543
0xe54b5	.branch_table_slot_544
0xe54cc	.branch_table_slot_545
0xe54e3	.branch_table_slot_546
0xe54fa	.branch_table_slot_547
0xe5511	.branch_table_slot_548
0xe5528	.branch_table_slot_549
0xe553f	.branch_table_slot_55
0xe5555	.branch_table_slot_550
0xe556c	.branch_table_slot_551
0xe5583	.branch_table_slot_552
0xe559a	.branch_table_slot_553
0xe55b1	.branch_table_slot_554
0xe55c8	.branch_table_slot_555
0xe55df	.branch_table_slot_556
0xe55f6	.branch_table_slot_557
0xe560d	.branch_table_slot_558
0xe5624	.branch_table_slot_559
0xe563b	.branch_table_slot_56
0xe5651	.branch_table_slot_560
0xe5668	.branch_table_slot_561
0xe567f	.branch_table_slot_562
0xe5696	.branch_table_slot_563
0xe56ad	.branch_table_slot_564
0xe56c4	.branch_table_slot_565
0xe56db	.branch_table_slot_566
0xe56f2	.branch_table_slot_567
0xe5709	.branch_table_slot_568
0xe5720	.branch_table_slot_569
0xe5737	.branch_table_slot_57
0xe574d	.branch_table_slot_570
0xe5764	.branch_table_slot_571
0xe577b	.branch_table_slot_572
0xe5792	.branch_table_slot_573
0xe57a9	.branch_table_slot_574
0xe57c0	.branch_table_slot_575
0xe57d7	.branch_table_slot_576
0xe57ee	.branch_table_slot_577
0xe5805	.branch_table_slot_578
0xe581c	.branch_table_slot_579
0xe5833	.branch_table_slot_58
0xe5849	.branch_table_slot_580
0xe5860	.branch_table_slot_581
0xe5877	.branch_table_slot_582
0xe588e	.branch_table_slot_583
0xe58a5	.branch_table_slot_584
0xe58bc	.branch_table_slot_585
0xe58d3	.branch_table_slot_586
0xe58ea	.branch_table_slot_587
0xe5901	.branch_table_slot_588
0xe5918	.branch_table_slot_589
0xe592f	.branch_table_slot_59
0xe5945	.branch_table_slot_590
0xe595c	.branch_table_slot_591
0xe5973	.branch_table_slot_592
0xe598a	.branch_table_slot_593
0xe59a1	.branch_table_slot_594
0xe59b8	.branch_table_slot_595
0xe59cf	.branch_table_slot_596
0xe59e6	.branch_table_slot_599
0xe59fd	.branch_table_slot_6
0xe5a12	.branch_table_slot_60
0xe5a28	.branch_table_slot_600
0xe5a3f	.branch_table_slot_601
0xe5a56	.branch_table_slot_602
0xe5a6d	.branch_table_slot_603
0xe5a84	.branch_table_slot_604
0xe5a9b	.branch_table_slot_605
0xe5ab2	.branch_table_slot_606
0xe5ac9	.branch_table_slot_607
0xe5ae0	.branch_table_slot_608
0xe5af7	.branch_table_slot_609
0xe5b0e	.branch_table_slot_61
0xe5b24	.branch_table_slot_610
0xe5b3b	.branch_table_slot_611
0xe5b52	.branch_table_slot_612
0xe5b69	.branch_table_slot_613
0xe5b80	.branch_table_slot_614
0xe5b97	.branch_table_slot_615
0xe5bae	.branch_table_slot_616
0xe5bc5	.branch_table_slot_617
0xe5bdc	.branch_table_slot_618
0xe5bf3	.branch_table_slot_619
0xe5c0a	.branch_table_slot_62
0xe5c20	.branch_table_slot_620
0xe5c37	.branch_table_slot_621
0xe5c4e	.branch_table_slot_622
0xe5c65	.branch_table_slot_623
0xe5c7c	.branch_table_slot_624
0xe5c93	.branch_table_slot_625
0xe5caa	.branch_table_slot_626
0xe5cc1	.branch_table_slot_627
0xe5cd8	.branch_table_slot_628
0xe5cef	.branch_table_slot_629
0xe5d06	.branch_table_slot_63
0xe5d1c	.branch_table_slot_630
0xe5d33	.branch_table_slot_631
0xe5d4a	.branch_table_slot_632
0xe5d61	.branch_table_slot_633
0xe5d78	.branch_table_slot_634
0xe5d8f	.branch_table_slot_635
0xe5da6	.branch_table_slot_636
0xe5dbd	.branch_table_slot_637
0xe5dd4	.branch_table_slot_638
0xe5deb	.branch_table_slot_639
0xe5e02	.branch_table_slot_64
0xe5e18	.branch_table_slot_640
0xe5e2f	.branch_table_slot_641
0xe5e46	.branch_table_slot_642
0xe5e5d	.branch_table_slot_643
0xe5e74	.branch_table_slot_644
0xe5e8b	.branch_table_slot_645
0xe5ea2	.branch_table_slot_646
0xe5eb9	.branch_table_slot_647
0xe5ed0	.branch_table_slot_648
0xe5ee7	.branch_table_slot_649
0xe5efe	.branch_table_slot_65
0xe5f14	.branch_table_slot_650
0xe5f2b	.branch_table_slot_651
0xe5f42	.branch_table_slot_652
0xe5f59	.branch_table_slot_653
0xe5f70	.branch_table_slot_654
0xe5f87	.branch_table_slot_655
0xe5f9e	.branch_table_slot_656
0xe5fb5	.branch_table_slot_657
0xe5fcc	.branch_table_slot_658
0xe5fe3	.branch_table_slot_659
0xe5ffa	.branch_table_slot_66
0xe6010	.branch_table_slot_660
0xe6027	.branch_table_slot_661
0xe603e	.branch_table_slot_662
0xe6055	.branch_table_slot_663
0xe606c	.branch_table_slot_664
0xe6083	.branch_table_slot_665
0xe609a	.branch_table_slot_666
0xe60b1	.branch_table_slot_667
0xe60c8	.branch_table_slot_668
0xe60df	.branch_table_slot_669
0xe60f6	.branch_table_slot_67
0xe610c	.branch_table_slot_670
0xe6123	.branch_table_slot_671
0xe613a	.branch_table_slot_672
0xe6151	.branch_table_slot_673
0xe6168	.branch_table_slot_674
0xe617f	.branch_table_slot_675
0xe6196	.branch_table_slot_676
0xe61ad	.branch_table_slot_677
0xe61c4	.branch_table_slot_678
0xe61db	.branch_table_slot_679
0xe61f2	.branch_table_slot_68
0xe6208	.branch_table_slot_680
0xe621f	.branch_table_slot_681
0xe6236	.branch_table_slot_682
0xe624d	.branch_table_slot_683
0xe6264	.branch_table_slot_684
0xe627b	.branch_table_slot_685
0xe6292	.branch_table_slot_686
0xe62a9	.branch_table_slot_687
0xe62c0	.branch_table_slot_688
0xe62d7	.branch_table_slot_689
0xe62ee	.branch_table_slot_69
0xe6304	.branch_table_slot_690
0xe631b	.branch_table_slot_691
0xe6332	.branch_table_slot_692
0xe6349	.branch_table_slot_693
0xe6360	.branch_table_slot_694
0xe6377	.branch_table_slot_695
0xe638e	.branch_table_slot_696
0xe63a5	.branch_table_slot_697
0xe63bc	.branch_table_slot_698
0xe63d3	.branch_table_slot_699
0xe63ea	.branch_table_slot_7
0xe63ff	.branch_table_slot_70
0xe6415	.branch_table_slot_700
0xe642c	.branch_table_slot_701
0xe6443	.branch_table_slot_702
0xe645a	.branch_table_slot_703
0xe6471	.branch_table_slot_704
0xe6488	.branch_table_slot_705
0xe649f	.branch_table_slot_706
0xe64b6	.branch_table_slot_707
0xe64cd	.branch_table_slot_708
0xe64e4	.branch_table_slot_709
0xe64fb	.branch_table_slot_71
0xe6511	.branch_table_slot_710
0xe6528	.branch_table_slot_711
0xe653f	.branch_table_slot_712
0xe6556	.branch_table_slot_713
0xe656d	.branch_table_slot_714
0xe6584	.branch_table_slot_715
0xe659b	.branch_table_slot_716
0xe65b2	.branch_table_slot_717
0xe65c9	.branch_table_slot_718
0xe65e0	.branch_table_slot_719
0xe65f7	.branch_table_slot_72
0xe660d	.branch_table_slot_720
0xe6624	.branch_table_slot_721
0xe663b	.branch_table_slot_722
0xe6652	.branch_table_slot_723
0xe6669	.branch_table_slot_724
0xe6680	.branch_table_slot_725
0xe6697	.branch_table_slot_726
0xe66ae	.branch_table_slot_727
0xe66c5	.branch_table_slot_728
0xe66dc	.branch_table_slot_729
0xe66f3	.branch_table_slot_73
0xe6709	.branch_table_slot_730
0xe6720	.branch_table_slot_731
0xe6737	.branch_table_slot_732
0xe674e	.branch_table_slot_733
0xe6765	.branch_table_slot_734
0xe677c	.branch_table_slot_735
0xe6793	.branch_table_slot_736
0xe67aa	.branch_table_slot_737
0xe67c1	.branch_table_slot_738
0xe67d8	.branch_table_slot_739
0xe67ef	.branch_table_slot_74
0xe6805	.branch_table_slot_740
0xe681c	.branch_table_slot_741
0xe6833	.branch_table_slot_742
0xe684a	.branch_table_slot_743
0xe6861	.branch_table_slot_744
0xe6878	.branch_table_slot_745
0xe688f	.branch_table_slot_746
0xe68a6	.branch_table_slot_747
0xe68bd	.branch_table_slot_75
0xe68d3	.branch_table_slot_752
0xe68ea	.branch_table_slot_753
0xe6901	.branch_table_slot_754
0xe6918	.branch_table_slot_755
0xe692f	.branch_table_slot_756
0xe6946	.branch_table_slot_757
0xe695d	.branch_table_slot_758
0xe6974	.branch_table_slot_759
0xe698b	.branch_table_slot_76
0xe69a1	.branch_table_slot_760
0xe69b8	.branch_table_slot_761
0xe69cf	.branch_table_slot_762
0xe69e6	.branch_table_slot_763
0xe69fd	.branch_table_slot_764
0xe6a14	.branch_table_slot_765
0xe6a2b	.branch_table_slot_766
0xe6a42	.branch_table_slot_767
0xe6a59	.branch_table_slot_768
0xe6a70	.branch_table_slot_769
0xe6a87	.branch_table_slot_77
0xe6a9d	.branch_table_slot_770
0xe6ab4	.branch_table_slot_771
0xe6acb	.branch_table_slot_772
0xe6ae2	.branch_table_slot_773
0xe6af9	.branch_table_slot_774
0xe6b10	.branch_table_slot_775
0xe6b27	.branch_table_slot_776
0xe6b3e	.branch_table_slot_777
0xe6b55	.branch_table_slot_778
0xe6b6c	.branch_table_slot_779
0xe6b83	.branch_table_slot_78
0xe6b99	.branch_table_slot_780
0xe6bb0	.branch_table_slot_781
0xe6bc7	.branch_table_slot_782
0xe6bde	.branch_table_slot_784
0xe6bf5	.branch_table_slot_785
0xe6c0c	.branch_table_slot_786
0xe6c23	.branch_table_slot_787
0xe6c3a	.branch_table_slot_788
0xe6c51	.branch_table_slot_789
0xe6c68	.branch_table_slot_79
0xe6c7e	.branch_table_slot_790
0xe6c95	.branch_table_slot_791
0xe6cac	.branch_table_slot_792
0xe6cc3	.branch_table_slot_793
0xe6cda	.branch_table_slot_794
0xe6cf1	.branch_table_slot_795
0xe6d08	.branch_table_slot_796
0xe6d1f	.branch_table_slot_797
0xe6d36	.branch_table_slot_798
0xe6d4d	.branch_table_slot_799
0xe6d64	.branch_table_slot_8
0xe6d79	.branch_table_slot_80
0xe6d8f	.branch_table_slot_800
0xe6da6	.branch_table_slot_801
0xe6dbd	.branch_table_slot_802
0xe6dd4	.branch_table_slot_803
0xe6deb	.branch_table_slot_804
0xe6e02	.branch_table_slot_805
0xe6e19	.branch_table_slot_806
0xe6e30	.branch_table_slot_807
0xe6e47	.branch_table_slot_808
0xe6e5e	.branch_table_slot_809
0xe6e75	.branch_table_slot_81
0xe6e8b	.branch_table_slot_810
0xe6ea2	.branch_table_slot_811
0xe6eb9	.branch_table_slot_812
0xe6ed0	.branch_table_slot_813
0xe6ee7	.branch_table_slot_814
0xe6efe	.branch_table_slot_815
0xe6f15	.branch_table_slot_816
0xe6f2c	.branch_table_slot_817
0xe6f43	.branch_table_slot_818
0xe6f5a	.branch_table_slot_819
0xe6f71	.branch_table_slot_82
0xe6f87	.branch_table_slot_820
0xe6f9e	.branch_table_slot_821
0xe6fb5	.branch_table_slot_822
0xe6fcc	.branch_table_slot_823
0xe6fe3	.branch_table_slot_824
0xe6ffa	.branch_table_slot_825
0xe7011	.branch_table_slot_826
0xe7028	.branch_table_slot_827
0xe703f	.branch_table_slot_828
0xe7056	.branch_table_slot_829
0xe706d	.branch_table_slot_83
0xe7083	.branch_table_slot_830
0xe709a	.branch_table_slot_831
0xe70b1	.branch_table_slot_832
0xe70c8	.branch_table_slot_833
0xe70df	.branch_table_slot_834
0xe70f6	.branch_table_slot_835
0xe710d	.branch_table_slot_836
0xe7124	.branch_table_slot_837
0xe713b	.branch_table_slot_838
0xe7152	.branch_table_slot_839
0xe7169	.branch_table_slot_84
0xe717f	.branch_table_slot_840
0xe7196	.branch_table_slot_841
0xe71ad	.branch_table_slot_842
0xe71c4	.branch_table_slot_843
0xe71db	.branch_table_slot_844
0xe71f2	.branch_table_slot_845
0xe7209	.branch_table_slot_846
0xe7220	.branch_table_slot_847
0xe7237	.branch_table_slot_848
0xe724e	.branch_table_slot_849
0xe7265	.branch_table_slot_85
0xe727b	.branch_table_slot_850
0xe7292	.branch_table_slot_851
0xe72a9	.branch_table_slot_852
0xe72c0	.branch_table_slot_853
0xe72d7	.branch_table_slot_854
0xe72ee	.branch_table_slot_855
0xe7305	.branch_table_slot_856
0xe731c	.branch_table_slot_857
0xe7333	.branch_table_slot_858
0xe734a	.branch_table_slot_859
0xe7361	.branch_table_slot_86
0xe7377	.branch_table_slot_860
0xe738e	.branch_table_slot_861
0xe73a5	.branch_table_slot_862
0xe73bc	.branch_table_slot_863
0xe73d3	.branch_table_slot_864
0xe73ea	.branch_table_slot_865
0xe7401	.branch_table_slot_866
0xe7418	.branch_table_slot_867
0xe742f	.branch_table_slot_868
0xe7446	.branch_table_slot_869
0xe745d	.branch_table_slot_87
0xe7473	.branch_table_slot_870
0xe748a	.branch_table_slot_871
0xe74a1	.branch_table_slot_872
0xe74b8	.branch_table_slot_873
0xe74cf	.branch_table_slot_874
0xe74e6	.branch_table_slot_875
0xe74fd	.branch_table_slot_876
0xe7514	.branch_table_slot_877
0xe752b	.branch_table_slot_878
0xe7542	.branch_table_slot_879
0xe7559	.branch_table_slot_88
0xe756f	.branch_table_slot_880
0xe7586	.branch_table_slot_881
0xe759d	.branch_table_slot_882
0xe75b4	.branch_table_slot_883
0xe75cb	.branch_table_slot_884
0xe75e2	.branch_table_slot_885
0xe75f9	.branch_table_slot_886
0xe7610	.branch_table_slot_887
0xe7627	.branch_table_slot_888
0xe763e	.branch_table_slot_889
0xe7655	.branch_table_slot_89
0xe766b	.branch_table_slot_890
0xe7682	.branch_table_slot_891
0xe7699	.branch_table_slot_892
0xe76b0	.branch_table_slot_893
0xe76c7	.branch_table_slot_894
0xe76de	.branch_table_slot_895
0xe76f5	.branch_table_slot_896
0xe770c	.branch_table_slot_897
0xe7723	.branch_table_slot_898
0xe773a	.branch_table_slot_899
0xe7751	.branch_table_slot_9
0xe7766	.branch_table_slot_90
0xe777c	.branch_table_slot_900
0xe7793	.branch_table_slot_901
0xe77aa	.branch_table_slot_902
0xe77c1	.branch_table_slot_903
0xe77d8	.branch_table_slot_904
0xe77ef	.branch_table_slot_905
0xe7806	.branch_table_slot_906
0xe781d	.branch_table_slot_907
0xe7834	.branch_table_slot_908
0xe784b	.branch_table_slot_909
0xe7862	.branch_table_slot_91
0xe7878	.branch_table_slot_910
0xe788f	.branch_table_slot_911
0xe78a6	.branch_table_slot_912
0xe78bd	.branch_table_slot_913
0xe78d4	.branch_table_slot_914
0xe78eb	.branch_table_slot_915
0xe7902	.branch_table_slot_916
0xe7919	.branch_table_slot_917
0xe7930	.branch_table_slot_918
0xe7947	.branch_table_slot_919
0xe795e	.branch_table_slot_92
0xe7974	.branch_table_slot_920
0xe798b	.branch_table_slot_921
0xe79a2	.branch_table_slot_922
0xe79b9	.branch_table_slot_923
0xe79d0	.branch_table_slot_924
0xe79e7	.branch_table_slot_925
0xe79fe	.branch_table_slot_926
0xe7a15	.branch_table_slot_927
0xe7a2c	.branch_table_slot_928
0xe7a43	.branch_table_slot_929
0xe7a5a	.branch_table_slot_93
0xe7a70	.branch_table_slot_930
0xe7a87	.branch_table_slot_931
0xe7a9e	.branch_table_slot_932
0xe7ab5	.branch_table_slot_933
0xe7acc	.branch_table_slot_934
0xe7ae3	.branch_table_slot_935
0xe7afa	.branch_table_slot_936
0xe7b11	.branch_table_slot_937
0xe7b28	.branch_table_slot_938
0xe7b3f	.branch_table_slot_939
0xe7b56	.branch_table_slot_94
0xe7b6c	.branch_table_slot_940
0xe7b83	.branch_table_slot_941
0xe7b9a	.branch_table_slot_942
0xe7bb1	.branch_table_slot_943
0xe7bc8	.branch_table_slot_944
0xe7bdf	.branch_table_slot_945
0xe7bf6	.branch_table_slot_946
0xe7c0d	.branch_table_slot_947
0xe7c24	.branch_table_slot_948
0xe7c3b	.branch_table_slot_949
0xe7c52	.branch_table_slot_95
0xe7c68	.branch_table_slot_950
0xe7c7f	.branch_table_slot_951
0xe7c96	.branch_table_slot_952
0xe7cad	.branch_table_slot_953
0xe7cc4	.branch_table_slot_954
0xe7cdb	.branch_table_slot_955
0xe7cf2	.branch_table_slot_956
0xe7d09	.branch_table_slot_957
0xe7d20	.branch_table_slot_958
0xe7d37	.branch_table_slot_959
0xe7d4e	.branch_table_slot_96
0xe7d64	.branch_table_slot_960
0xe7d7b	.branch_table_slot_961
0xe7d92	.branch_table_slot_962
0xe7da9	.branch_table_slot_963
0xe7dc0	.branch_table_slot_964
0xe7dd7	.branch_table_slot_965
0xe7dee	.branch_table_slot_966
0xe7e05	.branch_table_slot_967
0xe7e1c	.branch_table_slot_968
0xe7e33	.branch_table_slot_969
0xe7e4a	.branch_table_slot_97
0xe7e60	.branch_table_slot_970
0xe7e77	.branch_table_slot_971
0xe7e8e	.branch_table_slot_972
0xe7ea5	.branch_table_slot_973
0xe7ebc	.branch_table_slot_974
0xe7ed3	.branch_table_slot_975
0xe7eea	.branch_table_slot_976
0xe7f01	.branch_table_slot_977
0xe7f18	.branch_table_slot_978
0xe7f2f	.branch_table_slot_979
0xe7f46	.branch_table_slot_98
0xe7f5c	.branch_table_slot_980
0xe7f73	.branch_table_slot_981
0xe7f8a	.branch_table_slot_982
0xe7fa1	.branch_table_slot_983
0xe7fb8	.branch_table_slot_984
0xe7fcf	.branch_table_slot_985
0xe7fe6	.branch_table_slot_986
0xe7ffd	.branch_table_slot_987
0xe8014	.branch_table_slot_988
0xe802b	.branch_table_slot_989
0xe8042	.branch_table_slot_99
0xe8058	.branch_table_slot_990
0xe806f	.branch_table_slot_991
0xe8086	.branch_table_slot_992
0xe809d	.branch_table_slot_993
0xe80b4	.branch_table_slot_994
0xe80cb	.branch_table_slot_995
0xe80e2	.branch_table_slot_996
0xe80f9	.branch_table_slot_997
0xe8110	.branch_table_slot_998
0xe8127	.branch_table_slot_999
0xe813e	.constructors_used
0xe8151	.destructors_used
0xe8163	.objc_category_name_List_Transport
0xe8186	.objc_category_name_NXBundle_Compatability
0xe81b1	.objc_category_name_NXBundle_Private
0xe81d6	.objc_category_name_NXCleanList_Fancy_IO
0xe81ff	.objc_category_name_NXMutableString_NX_BS_Extras
0xe8230	.objc_category_name_NXPropertyList_Basic_IO
0xe825c	.objc_category_name_NXPropertyList_Fancy_IO
0xe8288	.objc_category_name_NXReadOnlyString_Fancy_IO
0xe82b6	.objc_category_name_NXString_Fancy_IO
0xe82dc	.objc_category_name_Object_Fancy_IO
0xe8300	.objc_category_name_Object_GetListOfProtocols
0xe832e	.objc_category_name_Object_NX_BS_Extras
0xe8356	.objc_category_name_Object_Object_MakeRemote_Import
0xe838a	.objc_category_name_Object_Object_NXMethodSignature
0xe83be	.objc_category_name_Object_isRemote
0xe83e2	.objc_category_name_Protocol_Transport
0xe8409	.objc_class_name_HashTable
0xe8424	.objc_class_name_List
0xe843a	.objc_class_name_NXBundle
0xe8454	.objc_class_name_NXCharacterSet
0xe8474	.objc_class_name_NXCleanList
0xe8491	.objc_class_name_NXConditionLock
0xe84b2	.objc_class_name_NXConnection
0xe84d0	.objc_class_name_NXConstantString
0xe84f2	.objc_class_name_NXData
0xe850a	.objc_class_name_NXInvalidationNotifier
0xe8532	.objc_class_name_NXLock
0xe854a	.objc_class_name_NXMethodSignature
0xe856d	.objc_class_name_NXMutableString
0xe858e	.objc_class_name_NXNetNameServer
0xe85af	.objc_class_name_NXPort
0xe85c7	.objc_class_name_NXPortPortal
0xe85e5	.objc_class_name_NXPropertyList
0xe8605	.objc_class_name_NXProtocolChecker
0xe8628	.objc_class_name_NXProxy
0xe8641	.objc_class_name_NXReadOnlyString
0xe8663	.objc_class_name_NXReadOnlySubstring
0xe8688	.objc_class_name_NXReadWriteString
0xe86ab	.objc_class_name_NXRecursiveLock
0xe86cc	.objc_class_name_NXSimpleReadOnlyString
0xe86f4	.objc_class_name_NXSpinLock
0xe8710	.objc_class_name_NXString
0xe872a	.objc_class_name_NXStringTable
0xe8749	.objc_class_name_NXUniquedString
0xe876a	.objc_class_name_Object
0xe8782	.objc_class_name_Protocol
0xe879c	.objc_class_name_Storage
0xe87b5	.objc_class_name_StreamTable
0xe87d2	.shared_library_information_libsys_s.B.shlib
0xe87ff	_MIDIAlarmReply
0xe880f	_MIDIAwaitReply
0xe881f	_MIDIBecomeOwner
0xe8830	_MIDIClaimUnit
0xe883f	_MIDIClearQueue
0xe884f	_MIDIDataReply
0xe885e	_MIDIExceptionReply
0xe8872	_MIDIFlushQueue
0xe8882	_MIDIGetAvailableQueueSize
0xe889d	_MIDIGetClockTime
0xe88af	_MIDIGetMTCTime
0xe88bf	_MIDIHandleReply
0xe88d0	_MIDIQueueReply
0xe88e0	_MIDIReleaseOwnership
0xe88f6	_MIDIReleaseUnit
0xe8907	_MIDIRequestAlarm
0xe8919	_MIDIRequestData
0xe892a	_MIDIRequestExceptions
0xe8941	_MIDIRequestQueueNotification
0xe895f	_MIDISendData
0xe896d	_MIDISetClockMode
0xe897f	_MIDISetClockQuantum
0xe8994	_MIDISetClockTime
0xe89a6	_MIDISetSystemIgnores
0xe89bc	_MIDIStartClock
0xe89cc	_MIDIStopClock
0xe89db	_NXAddRegion
0xe89e8	_NXAllocErrorData
0xe89fa	_NXAutoDimBrightness
0xe8a0f	_NXAutoDimState
0xe8a1f	_NXAutoDimThreshold
0xe8a33	_NXAutoDimTime
0xe8a42	_NXChangeBuffer
0xe8a52	_NXClickTime
0xe8a5f	_NXClose
0xe8a68	_NXCloseEventStatus
0xe8a7c	_NXCloseMemory
0xe8a8b	_NXCloseTypedStream
0xe8a9f	_NXCombineCpuSubtypes
0xe8ab5	_NXCompareCharacters
0xe8aca	_NXCompareHashTables
0xe8adf	_NXCompareMapTables
0xe8af3	_NXCopyHashTable
0xe8b04	_NXCopyStringBuffer
0xe8b18	_NXCopyStringBufferFromZone
0xe8b34	_NXCountHashTable
0xe8b46	_NXCountMapTable
0xe8b57	_NXCreateChildZone
0xe8b6a	_NXCreateHashTable
0xe8b7d	_NXCreateHashTableFromZone
0xe8b98	_NXCreateMapTable
0xe8baa	_NXCreateMapTableFromZone
0xe8bc4	_NXCreateZone
0xe8bd2	_NXCurrentVolume
0xe8be3	_NXDefaultExceptionRaiser
0xe8bfd	_NXDefaultMallocZone
0xe8c12	_NXDefaultRead
0xe8c21	_NXDefaultWrite
0xe8c31	_NXEmptyHashTable
0xe8c43	_NXEnableMouseButton
0xe8c58	_NXEndOfTypedStream
0xe8c6c	_NXEvGetParameterChar
0xe8c82	_NXEvGetParameterInt
0xe8c97	_NXEvSetParameterChar
0xe8cad	_NXEvSetParameterInt
0xe8cc2	_NXEventSystemInfo
0xe8cd5	_NXFilePathSearch
0xe8cef	_NXFindBestFatArch
0xe8d02	_NXFindCharacters
0xe8d14	_NXFlush
0xe8d1d	_NXFlushTypedStream
0xe8d31	_NXFreeHashTable
0xe8d42	_NXFreeMapTable
0xe8d52	_NXFreeObjectBuffer
0xe8d66	_NXGetAllArchInfos
0xe8d79	_NXGetArchInfoFromCpuType
0xe8d93	_NXGetArchInfoFromName
0xe8daa	_NXGetClickSpace
0xe8dbb	_NXGetDefaultValue
0xe8dce	_NXGetExceptionRaiser
0xe8de4	_NXGetKeyMapping
0xe8df5	_NXGetLocalArchInfo
0xe8e09	_NXGetMemoryBuffer
0xe8e1c	_NXGetMouseScaling
0xe8e2f	_NXGetStreamOnSection
0xe8e45	_NXGetStreamOnSectionForBestArchitecture
0xe8e6e	_NXGetTempFilename
0xe8e81	_NXGetTypedStreamZone
0xe8e97	_NXHashCharacters
0xe8ea9	_NXHashGet
0xe8eb4	_NXHashInsert
0xe8ec2	_NXHashInsertIfAbsent
0xe8ed8	_NXHashMember
0xe8ee6	_NXHashRemove
0xe8ef4	_NXIdleTime
0xe8f00	_NXInitHashState
0xe8f11	_NXInitMapState
0xe8f21	_NXIsAlNum
0xe8f2c	_NXIsAlpha
0xe8f37	_NXIsAscii
0xe8f42	_NXIsCntrl
0xe8f4d	_NXIsDigit
0xe8f58	_NXIsEqualHashTable
0xe8f6c	_NXIsGraph
0xe8f77	_NXIsLower
0xe8f82	_NXIsPrint
0xe8f8d	_NXIsPunct
0xe8f98	_NXIsSpace
0xe8fa3	_NXIsUpper
0xe8fae	_NXIsXDigit
0xe8fba	_NXKeyMappingLength
0xe8fce	_NXKeyRepeatInterval
0xe8fe3	_NXKeyRepeatThreshold
0xe8ff9	_NXLoadLocalStringFromTableInBundle
0xe901d	_NXLoadLocalizedStringFromTableInBundle
0xe9045	_NXMallocCheck
0xe9054	_NXMapFile
0xe905f	_NXMapGet
0xe9069	_NXMapInsert
0xe9076	_NXMapMember
0xe9083	_NXMapRemove
0xe9090	_NXMergeZone
0xe909d	_NXMouseButtonEnabled
0xe90b3	_NXNameZone
0xe90bf	_NXNextHashState
0xe90d0	_NXNextMapState
0xe90e0	_NXNoEffectFree
0xe90f0	_NXObjectMapPrototype
0xe9106	_NXOpenEventStatus
0xe9119	_NXOpenFile
0xe9125	_NXOpenMemory
0xe9133	_NXOpenPort
0xe913f	_NXOpenSmallMemory
0xe9152	_NXOpenTypedStream
0xe9165	_NXOpenTypedStreamForFile
0xe917f	_NXPrintf
0xe9189	_NXPtrHash
0xe9194	_NXPtrIsEqual
0xe91a2	_NXPtrPrototype
0xe91b2	_NXPtrStructKeyPrototype
0xe91cb	_NXPtrValueMapPrototype
0xe91e3	_NXReadArray
0xe91f0	_NXReadDefault
0xe91ff	_NXReadObject
0xe920d	_NXReadObjectFromBuffer
0xe9225	_NXReadObjectFromBufferWithZone
0xe9245	_NXReadType
0xe9251	_NXReadTypes
0xe925e	_NXReallyFree
0xe926c	_NXRegisterDefaults
0xe9280	_NXRegisterPrintfProc
0xe9296	_NXRemoveDefault
0xe92a7	_NXRemoveRegion
0xe92b7	_NXResetErrorData
0xe92c9	_NXResetHashTable
0xe92db	_NXResetKeyboard
0xe92ec	_NXResetMapTable
0xe92fd	_NXResetMouse
0xe930b	_NXSaveToFile
0xe9319	_NXScanf
0xe9322	_NXScreenBrightness
0xe933e	_NXSetAutoDimBrightness
0xe9356	_NXSetAutoDimState
0xe9369	_NXSetAutoDimThreshold
0xe9380	_NXSetClickSpace
0xe9391	_NXSetClickTime
0xe93a1	_NXSetCurrentVolume
0xe93b5	_NXSetDefault
0xe93c3	_NXSetDefaultsUser
0xe93d6	_NXSetExceptionRaiser
0xe93ec	_NXSetKeyMapping
0xe93fd	_NXSetKeyRepeatInterval
0xe9415	_NXSetKeyRepeatThreshold
0xe942e	_NXSetMouseScaling
0xe9441	_NXSetScreenBrightness
0xe9458	_NXSetTypedStreamZone
0xe946e	_NXSetWaitCursorFrameInterval
0xe948c	_NXSetWaitCursorSustain
0xe94a4	_NXSetWaitCursorThreshold
0xe94be	_NXStrHash
0xe94c9	_NXStrIsEqual
0xe94d7	_NXStrPrototype
0xe94e7	_NXStrStructKeyPrototype
0xe9500	_NXStrValueMapPrototype
0xe9518	_NXStreamCreate
0xe9528	_NXStreamCreateFromZone
0xe9540	_NXStreamDestroy
0xe9551	_NXSystemVersion
0xe956a	_NXToAscii
0xe9575	_NXToLower
0xe9580	_NXToUpper
0xe958b	_NXTypedStreamClassVersion
0xe95a6	_NXTypedStreamIsSwapped
0xe95be	_NXUngetc
0xe95c8	_NXUniqueString
0xe95d8	_NXUniqueStringNoCopy
0xe95ee	_NXUniqueStringWithLength
0xe9608	_NXUpdateDefault
0xe9619	_NXUpdateDefaults
0xe962b	_NXVPrintf
0xe9636	_NXVScanf
0xe9640	_NXWaitCursorFrameInterval
0xe965b	_NXWaitCursorSustain
0xe9670	_NXWaitCursorThreshold
0xe9687	_NXWriteArray
0xe9695	_NXWriteDefault
0xe96a5	_NXWriteDefaults
0xe96b6	_NXWriteObject
0xe96c5	_NXWriteObjectReference
0xe96dd	_NXWriteRootObject
0xe96f0	_NXWriteRootObjectToBuffer
0xe970b	_NXWriteType
0xe9718	_NXWriteTypes
0xe9726	_NXZoneCalloc
0xe9734	_NXZoneFromPtr
0xe9743	_NXZonePtrInfo
0xe9752	_SNDAcquire
0xe975e	_SNDAlloc
0xe9768	_SNDBootDSP
0xe9774	_SNDBytesToSamples
0xe9787	_SNDCompactSamples
0xe979a	_SNDCompressSound
0xe97ac	_SNDConvertSound
0xe97bd	_SNDCopySamples
0xe97cd	_SNDCopySound
0xe97db	_SNDDeleteSamples
0xe97ed	_SNDDropATCSamples
0xe9800	_SNDFree
0xe9809	_SNDGetATCBandFrequencies
0xe9823	_SNDGetATCBandwidths
0xe9838	_SNDGetATCEqualizerGains
0xe9851	_SNDGetATCGain
0xe9860	_SNDGetATCGainNormalization
0xe987c	_SNDGetATCQuality
0xe988e	_SNDGetATCSquelchThresholds
0xe98aa	_SNDGetCompressionOptions
0xe98c4	_SNDGetDataPointer
0xe98d7	_SNDGetFilter
0xe98e5	_SNDGetMute
0xe98f1	_SNDGetNumberOfATCBands
0xe9909	_SNDGetVolume
0xe9917	_SNDInsertATCSamples
0xe992c	_SNDInsertSamples
0xe993e	_SNDModifyPriority
0xe9951	_SNDMulaw
0xe995b	_SNDPlaySoundfile
0xe996d	_SNDRead
0xe9976	_SNDReadDSPfile
0xe9986	_SNDReadHeader
0xe9995	_SNDReadSoundfile
0xe99a7	_SNDRelease
0xe99b3	_SNDReserve
0xe99bf	_SNDReset
0xe99c9	_SNDRunDSP
0xe99d4	_SNDSampleCount
0xe99e4	_SNDSamplesProcessed
0xe99f9	_SNDSamplesToBytes
0xe9a0c	_SNDScaleATCEqualizerGains
0xe9a27	_SNDSetATCEqualizerGains
0xe9a40	_SNDSetATCGain
0xe9a4f	_SNDSetATCGainNormalization
0xe9a6b	_SNDSetATCQuality
0xe9a7d	_SNDSetATCSquelchThresholds
0xe9a99	_SNDSetCompressionOptions
0xe9ab3	_SNDSetFilter
0xe9ac1	_SNDSetHost
0xe9acd	_SNDSetMute
0xe9ad9	_SNDSetVolume
0xe9ae7	_SNDSoundError
0xe9af6	_SNDStartPlaying
0xe9b07	_SNDStartPlayingDSP
0xe9b1b	_SNDStartRecording
0xe9b2e	_SNDStartRecordingFile
0xe9b45	_SNDStop
0xe9b4e	_SNDSwapHostToSound
0xe9b62	_SNDSwapSoundToHost
0xe9b76	_SNDUnreserve
0xe9b84	_SNDUpdateDSPParameter
0xe9b9b	_SNDUseDefaultATCSquelchThresholds
0xe9bbe	_SNDVerifyPlayable
0xe9bd1	_SNDWait
0xe9bda	_SNDWrite
0xe9be4	_SNDWriteHeader
0xe9bf4	_SNDWriteSoundfile
0xe9c07	_SNDiMulaw
0xe9c12	_StrData
0xe9c1b	_StrDatum
0xe9c2a	__NXAddAltHandler
0xe9c3c	__NXAddHandler
0xe9c4b	__NXEvClose
0xe9c57	__NXEvFrameBufferDevicePort
0xe9c73	__NXEvGetParameterChar
0xe9c8a	__NXEvGetParameterInt
0xe9ca0	__NXEvMapEventShmem
0xe9cb4	__NXEvOpen
0xe9cbf	__NXEvSetParameterChar
0xe9cd6	__NXEvSetParameterInt
0xe9cec	__NXEvSetSpecialKeyPort
0xe9d04	__NXGetAppName
0xe9d13	__NXLogError
0xe9d20	__NXMallocDumpFrees
0xe9d34	__NXMallocDumpZones
0xe9d48	__NXPostLLEvent
0xe9d58	__NXRaiseError
0xe9d67	__NXRegisterDefaultsNoCopy
0xe9d82	__NXRemoveAltHandler
0xe9d97	__NXRemoveHandler
0xe9da9	__NXSetAppName
0xe9db8	__NXStreamChangeBuffer
0xe9dcf	__NXStreamFillBuffer
0xe9de4	__NXStreamFlushBuffer
0xe9dfa	__NXStreamsDataPad
0xe9e0d	__NXStreamsUnused1
0xe9e20	__NXStreamsUnused2
0xe9e33	__NXStringErrorRaise
0xe9e48	__NXStringZone
0xe9e57	__NXToLower
0xe9e63	__NXToUpper
0xe9e6f	__NXUncaughtExceptionHandler
0xe9e8c	__NXVerifyStream
0xe9e9d	__NX_CTypeTable_
0xe9eae	__NX_ULTable_
0xe9ebc	__SNDGetATCEGP
0xe9ecb	__SNDGetATCSTP
0xe9eda	__SNDGetActiveDSPCore
0xe9ef0	__SNDLinear8ToMulaw
0xe9f04	__SNDResampleInC
0xe9f15	___dn_skipname
0xe9f24	___fp_nquery
0xe9f31	___fp_query
0xe9f3d	___fp_resstat
0xe9f4b	___hostalias
0xe9f58	___objc_error
0xe9f66	___p_cdname
0xe9f72	___p_cdnname
0xe9f7f	___p_class
0xe9f8a	___p_fqname
0xe9f96	___p_option
0xe9fa2	___p_query
0xe9fb5	___p_time
0xe9fbf	___p_type
0xe9fc9	___putlong
0xe9fd4	___putshort
0xe9fe0	___res_isourserver
0xe9ff3	___res_nameinquery
0xea006	___res_queriesmatch
0xea01a	__adddi3
0xea02b	__anddi3
0xea034	__atexit
0xea03d	__authenticate
0xea053	__cache_create
0xea062	__checkhost
0xea06e	__class_install_relationships
0xea08c	__class_lookupMethodAndLoadCache
0xea0ad	__class_printMethodCacheStatistics
0xea0d0	__class_printMethodCaches
0xea0ea	__class_removeProtocols
0xea102	__cleanup
0xea113	__cplus_init
0xea120	__cproc_fork_child
0xea133	__cthread_exit_routine
0xea14a	__cthread_fork_child
0xea15f	__cthread_fork_parent
0xea175	__cthread_fork_prepare
0xea18c	__cthread_init_routine
0xea1a3	__ctype_
0xea1ac	__cvtToId
0xea1b6	__cvtToSel
0xea1c1	__dbLeafCount
0xea1cf	__db_data_pad
0xea1dd	__dbltopdfp
0xea1e9	__dbstrbuf
0xea1f4	__dealloc
0xea1fe	__dealloc_stack
0xea20e	__des_crypt
0xea21a	__doprnt
0xea223	__doscan
0xea234	__event_port_by_tag
0xea24f	__f_morefiles
0xea25d	__filbuf
0xea266	__findiop
0xea270	__flsbuf
0xea281	__getlong
0xea28b	__getshort
0xea29d	__internal_class_createInstance
0xea2bd	__internal_class_createInstanceFromZone
0xea2e5	__internal_object_copy
0xea2fc	__internal_object_copyFromZone
0xea31b	__internal_object_dispose
0xea335	__internal_object_realloc
0xea34f	__internal_object_reallocFromZone
0xea377	__iordi3
0xea380	__libgcc_private_extern___bb_exit_func
0xea3a7	__libgcc_private_extern___bb_init_func
0xea3ce	__libgcc_private_extern___builtin_delete
0xea3f7	__libgcc_private_extern___builtin_new
0xea41d	__libgcc_private_extern___builtin_saveregs
0xea448	__libgcc_private_extern___builtin_vec_delete
0xea475	__libgcc_private_extern___builtin_vec_new
0xea49f	__libgcc_private_extern___clear_cache
0xea4c5	__libgcc_private_extern___default_new_handler
0xea4f3	__libgcc_private_extern___enable_execute_stack
0xea522	__libgcc_private_extern___eprintf
0xea544	__libgcc_private_extern___find_first_exception_table_match
0xea57f	__libgcc_private_extern___get_new_handler
0xea5a9	__libgcc_private_extern___pure_virtual
0xea5d0	__libgcc_private_extern___register_exceptions
0xea5fe	__libgcc_private_extern___shtab
0xea61e	__libgcc_private_extern___throw_type_match
0xea649	__libgcc_private_extern___udiv_w_sdiv
0xea66f	__libgcc_private_extern___unwind_function
0xea699	__libgcc_private_extern__ashldi3
0xea6ba	__libgcc_private_extern__ashrdi3
0xea6db	__libgcc_private_extern__cmpdi2
0xea6fb	__libgcc_private_extern__divdi3
0xea71b	__libgcc_private_extern__ffsdi2
0xea73b	__libgcc_private_extern__fixdfdi
0xea75c	__libgcc_private_extern__fixsfdi
0xea77d	__libgcc_private_extern__fixunsdfdi
0xea7a1	__libgcc_private_extern__fixunsdfsi
0xea7c5	__libgcc_private_extern__fixunssfdi
0xea7e9	__libgcc_private_extern__fixunssfsi
0xea80d	__libgcc_private_extern__fixunsxfdi
0xea831	__libgcc_private_extern__fixunsxfsi
0xea855	__libgcc_private_extern__fixxfdi
0xea876	__libgcc_private_extern__floatdidf
0xea899	__libgcc_private_extern__floatdisf
0xea8bc	__libgcc_private_extern__floatdixf
0xea8df	__libgcc_private_extern__gcc_bcmp
0xea901	__libgcc_private_extern__lshrdi3
0xea922	__libgcc_private_extern__moddi3
0xea942	__libgcc_private_extern__muldi3
0xea962	__libgcc_private_extern__negdi2
0xea982	__libgcc_private_extern__ucmpdi2
0xea9a3	__libgcc_private_extern__udivdi3
0xea9c4	__libgcc_private_extern__udivmoddi4
0xea9e8	__libgcc_private_extern__umoddi3
0xeaa09	__libgcc_private_extern_set_new_handler
0xeaa31	__libsys_NXAddRegion
0xeaa46	__libsys_NXArgc
0xeaa56	__libsys_NXArgv
0xeaa66	__libsys_NXCreateChildZone
0xeaa81	__libsys_NXCreateZone
0xeaa97	__libsys_NXDefaultMallocZone
0xeaab4	__libsys_NXMallocCheck
0xeaacb	__libsys_NXMergeZone
0xeaae0	__libsys_NXNameZone
0xeaaf4	__libsys_NXRemoveRegion
0xeab0c	__libsys_NXZoneCalloc
0xeab22	__libsys_NXZoneFromPtr
0xeab39	__libsys_NXZonePtrInfo
0xeab50	__libsys__NXMallocDumpFrees
0xeab6c	__libsys__NXMallocDumpZones
0xeab88	__libsys__longjmp
0xeab9a	__libsys__malloc_fork_child
0xeabb6	__libsys__malloc_fork_parent
0xeabd3	__libsys__malloc_fork_prepare
0xeabf1	__libsys__mh_execute_header
0xeac0d	__libsys__setjmp
0xeac1e	__libsys_calloc
0xeac2e	__libsys_catch_exception_raise
0xeac4d	__libsys_environ
0xeac5e	__libsys_exit
0xeac6c	__libsys_free
0xeac7a	__libsys_longjmp
0xeac8b	__libsys_malloc
0xeac9b	__libsys_malloc_debug
0xeacb1	__libsys_malloc_error
0xeacc7	__libsys_malloc_freezedry
0xeace1	__libsys_malloc_good_size
0xeacfb	__libsys_malloc_jumpstart
0xead15	__libsys_malloc_singlethreaded
0xead34	__libsys_malloc_size
0xead49	__libsys_moninitobjc
0xead5e	__libsys_moninitrld
0xead72	__libsys_moninitshlibs
0xead89	__libsys_mstats
0xead99	__libsys_realloc
0xeadaa	__libsys_setjmp
0xeadba	__libsys_valloc
0xeadca	__libsys_vfree
0xeadd9	__longjmp
0xeade3	__lookup_all
0xeadf0	__lookup_link
0xeadfe	__lookup_one
0xeae0b	__lookup_ooall
0xeae1a	__lookupd_port
0xeae29	__lu_fork_child
0xeae39	__lu_port
0xeae43	__lu_running
0xeae50	__lu_setport
0xeae5d	__mach_data_padding
0xeae71	__malloc_fork_child
0xeae85	__malloc_fork_parent
0xeae9a	__malloc_fork_prepare
0xeaeb0	__mapNoFree
0xeaebc	__mapObjectFree
0xeaecc	__mapObjectHash
0xeaedc	__mapObjectIsEqual
0xeaeef	__mapPtrHash
0xeaefc	__mapPtrIsEqual
0xeaf0c	__mapStrHash
0xeaf19	__mapStrIsEqual
0xeaf2f	__nameForHeader
0xeaf3f	__net_stayopen
0xeaf4e	__nettoa
0xeaf57	__ni_bind_2
0xeaf63	__ni_children_2
0xeaf73	__ni_crashed_2
0xeaf82	__ni_create_2
0xeaf90	__ni_createname_2
0xeafa2	__ni_createprop_2
0xeafb4	__ni_destroy_2
0xeafc3	__ni_destroyname_2
0xeafd6	__ni_destroyprop_2
0xeafe9	__ni_dup
0xeaff2	__ni_list_2
0xeaffe	__ni_listall_2
0xeb00d	__ni_listprops_2
0xeb01e	__ni_lookup_2
0xeb02c	__ni_lookupread_2
0xeb03e	__ni_parent_2
0xeb04c	__ni_ping_2
0xeb058	__ni_read_2
0xeb064	__ni_readall_2
0xeb073	__ni_readname_2
0xeb083	__ni_readprop_2
0xeb093	__ni_renameprop_2
0xeb0a5	__ni_resync_2
0xeb0b3	__ni_root_2
0xeb0bf	__ni_rparent_2
0xeb0ce	__ni_self_2
0xeb0da	__ni_statistics_2
0xeb0ec	__ni_write_2
0xeb0f9	__ni_writename_2
0xeb10a	__ni_writeprop_2
0xeb11b	__null_auth
0xeb127	__objcInit
0xeb132	__objc_addHeader
0xeb143	__objc_add_category
0xeb157	__objc_create_zone
0xeb16a	__objc_error
0xeb177	__objc_fatal
0xeb184	__objc_flush_caches
0xeb198	__objc_getFreedObjectClass
0xeb1b3	__objc_global_data_pad
0xeb1ca	__objc_headerCount
0xeb1dd	__objc_headerVector
0xeb1f1	__objc_inform
0xeb1ff	__objc_msgForward
0xeb211	__objc_multithread_mask
0xeb229	__objc_removeClass
0xeb23c	__objc_removeHeader
0xeb250	__objc_remove_category
0xeb267	__old_addmntent
0xeb277	__old_alias_endent
0xeb28a	__old_alias_getbyname
0xeb2a0	__old_alias_getent
0xeb2b3	__old_alias_setent
0xeb2c6	__old_endgrent
0xeb2d5	__old_endhostent
0xeb2e6	__old_endmntent
0xeb2f6	__old_endnetent
0xeb306	__old_endnetgrent
0xeb318	__old_endprotoent
0xeb32a	__old_endpwent
0xeb339	__old_endrpcent
0xeb349	__old_endservent
0xeb35a	__old_fgetgrent
0xeb36a	__old_getgrent
0xeb379	__old_getgrgid
0xeb388	__old_getgrnam
0xeb397	__old_gethostbyaddr
0xeb3ab	__old_gethostbyname
0xeb3bf	__old_gethostent
0xeb3d0	__old_getmntent
0xeb3e0	__old_getnetbyaddr
0xeb3f3	__old_getnetbyname
0xeb406	__old_getnetent
0xeb416	__old_getnetgrent
0xeb428	__old_getprotobyname
0xeb43d	__old_getprotobynumber
0xeb454	__old_getprotoent
0xeb466	__old_getpwent
0xeb475	__old_getpwnam
0xeb484	__old_getpwuid
0xeb493	__old_getrpcbyname
0xeb4a6	__old_getrpcbynumber
0xeb4bb	__old_getrpcent
0xeb4cb	__old_getservbyname
0xeb4df	__old_getservbyport
0xeb4f3	__old_getservent
0xeb504	__old_initgroups
0xeb515	__old_innetgr
0xeb523	__old_libgcc___bb_exit_func
0xeb53f	__old_libgcc___bb_init_func
0xeb55b	__old_libgcc___builtin_delete
0xeb579	__old_libgcc___builtin_new
0xeb594	__old_libgcc___builtin_saveregs
0xeb5b4	__old_libgcc___clear_cache
0xeb5cf	__old_libgcc___enable_execute_stack
0xeb5f3	__old_libgcc___eprintf
0xeb60a	__old_libgcc___get_new_handler
0xeb629	__old_libgcc___set_new_handler
0xeb648	__old_libgcc___shtab
0xeb65d	__old_libgcc___udiv_w_sdiv
0xeb678	__old_libgcc__adddf3
0xeb68d	__old_libgcc__addsf3
0xeb6a2	__old_libgcc__ashldi3
0xeb6b8	__old_libgcc__ashlsi3
0xeb6ce	__old_libgcc__ashrdi3
0xeb6e4	__old_libgcc__ashrsi3
0xeb6fa	__old_libgcc__cmpdi2
0xeb70f	__old_libgcc__divdf3
0xeb724	__old_libgcc__divdi3
0xeb739	__old_libgcc__divsf3
0xeb74e	__old_libgcc__divsi3
0xeb763	__old_libgcc__eqdf2
0xeb777	__old_libgcc__eqsf2
0xeb78b	__old_libgcc__extendsfdf2
0xeb7a5	__old_libgcc__ffsdi2
0xeb7ba	__old_libgcc__fixdfdi
0xeb7d0	__old_libgcc__fixdfsi
0xeb7e6	__old_libgcc__fixsfdi
0xeb7fc	__old_libgcc__fixsfsi
0xeb812	__old_libgcc__fixunsdfdi
0xeb82b	__old_libgcc__fixunsdfsi
0xeb844	__old_libgcc__fixunssfdi
0xeb85d	__old_libgcc__fixunssfsi
0xeb876	__old_libgcc__fixunsxfdi
0xeb88f	__old_libgcc__fixunsxfsi
0xeb8a8	__old_libgcc__fixxfdi
0xeb8be	__old_libgcc__floatdidf
0xeb8d6	__old_libgcc__floatdisf
0xeb8ee	__old_libgcc__floatdixf
0xeb906	__old_libgcc__floatsidf
0xeb91e	__old_libgcc__floatsisf
0xeb936	__old_libgcc__gcc_bcmp
0xeb94d	__old_libgcc__gedf2
0xeb961	__old_libgcc__gesf2
0xeb975	__old_libgcc__gtdf2
0xeb989	__old_libgcc__gtsf2
0xeb99d	__old_libgcc__ledf2
0xeb9b1	__old_libgcc__lesf2
0xeb9c5	__old_libgcc__lshldi3
0xeb9db	__old_libgcc__lshlsi3
0xeb9f1	__old_libgcc__lshrdi3
0xeba07	__old_libgcc__lshrsi3
0xeba1d	__old_libgcc__ltdf2
0xeba31	__old_libgcc__ltsf2
0xeba45	__old_libgcc__moddi3
0xeba5a	__old_libgcc__modsi3
0xeba6f	__old_libgcc__muldf3
0xeba84	__old_libgcc__muldi3
0xeba99	__old_libgcc__mulsf3
0xebaae	__old_libgcc__mulsi3
0xebac3	__old_libgcc__nedf2
0xebad7	__old_libgcc__negdf2
0xebaec	__old_libgcc__negdi2
0xebb01	__old_libgcc__negsf2
0xebb16	__old_libgcc__nesf2
0xebb2a	__old_libgcc__subdf3
0xebb3f	__old_libgcc__subsf3
0xebb54	__old_libgcc__truncdfsf2
0xebb6d	__old_libgcc__ucmpdi2
0xebb83	__old_libgcc__udivdi3
0xebb99	__old_libgcc__udivmoddi4
0xebbb2	__old_libgcc__udivsi3
0xebbc8	__old_libgcc__umoddi3
0xebbde	__old_libgcc__umodsi3
0xebbf4	__old_libgcc_set_new_handler
0xebc11	__old_mach_init_ports
0xebc27	__old_mach_init_ports_count
0xebc43	__old_prdb_end
0xebc52	__old_prdb_get
0xebc61	__old_prdb_getbyname
0xebc76	__old_prdb_set
0xebc85	__old_setgrent
0xebc94	__old_setgrfile
0xebca4	__old_sethostent
0xebcb5	__old_sethostfile
0xebcc7	__old_setmntent
0xebcd7	__old_setnetent
0xebce7	__old_setnetgrent
0xebcf9	__old_setprotoent
0xebd0b	__old_setpwent
0xebd1a	__old_setpwfile
0xebd2a	__old_setrpcent
0xebd3a	__old_setservent
0xebd4b	__one_cmpldi2
0xebd59	__openchild
0xebd65	__pdfptodbl
0xebd71	__poseAs
0xebd7a	__realloc
0xebd8a	__res_close
0xebd96	__res_gethostbyaddr
0xebdaa	__res_gethostbyname
0xebdbe	__res_getnetbyaddr
0xebdd1	__res_getnetbyname
0xebde4	__res_opcodes
0xebdf2	__res_resultcodes
0xebe04	__res_running
0xebe12	__rpc_comdata_padding
0xebe28	__rpc_dtablesize
0xebe39	__sel_init
0xebe44	__sel_printHashTable
0xebe59	__sel_printStatistics
0xebe6f	__sel_registerName
0xebe82	__sel_unloadSelectors
0xebe98	__set_cthread_free_callout
0xebeb3	__set_innetgr_handler
0xebec9	__seterr_reply
0xebed8	__setjmp
0xebee1	__sigtramp
0xebeec	__snd_atc_thread
0xebefd	__snd_atd_thread
0xebf0e	__snd_init_upsamplecodec_thread
0xebf2e	__snd_old_compression_thread
0xebf4b	__snd_old_decompression_thread
0xebf6a	__snd_upsamplecodec_thread
0xebf85	__stack_fork_child
0xebf98	__strftime_clear_cache
0xebfaf	__strhash
0xebfb9	__strout
0xebfc2	__subdi3
0xebfcb	__svcauth_des
0xebfd9	__svcauth_null
0xebfe8	__svcauth_short
0xebff8	__svcauth_unix
0xec007	__sys_errlist_0
0xec017	__sys_errlist_E2BIG
0xec02b	__sys_errlist_EACCES
0xec040	__sys_errlist_EADDRINUSE
0xec059	__sys_errlist_EADDRNOTAVAIL
0xec075	__sys_errlist_EAFNOSUPPORT
0xec090	__sys_errlist_EAGAIN
0xec0a5	__sys_errlist_EALREADY
0xec0bc	__sys_errlist_EBADARCH
0xec0d3	__sys_errlist_EBADEXEC
0xec0ea	__sys_errlist_EBADF
0xec0fe	__sys_errlist_EBADMACHO
0xec116	__sys_errlist_EBADMSG
0xec12c	__sys_errlist_EBUSY
0xec140	__sys_errlist_ECHILD
0xec155	__sys_errlist_ECONNABORTED
0xec170	__sys_errlist_ECONNRESET
0xec189	__sys_errlist_EDEADLK
0xec19f	__sys_errlist_EDESTADDRREQ
0xec1ba	__sys_errlist_EDEVERR
0xec1d0	__sys_errlist_EDOM
0xec1e3	__sys_errlist_EDQUOT
0xec1f8	__sys_errlist_EEXIST
0xec20d	__sys_errlist_EFAULT
0xec222	__sys_errlist_EFBIG
0xec236	__sys_errlist_EHOSTDOWN
0xec24e	__sys_errlist_EHOSTUNREACH
0xec269	__sys_errlist_EIDRM
0xec27d	__sys_errlist_EINPROGRESS
0xec297	__sys_errlist_EINTR
0xec2ab	__sys_errlist_EINVAL
0xec2c0	__sys_errlist_EIO
0xec2d2	__sys_errlist_EISCONN
0xec2e8	__sys_errlist_EISDIR
0xec2fd	__sys_errlist_ELOOP
0xec311	__sys_errlist_EMFILE
0xec326	__sys_errlist_EMLINK
0xec33b	__sys_errlist_EMSGSIZE
0xec352	__sys_errlist_ENAMETOOLONG
0xec36d	__sys_errlist_ENETDOWN
0xec384	__sys_errlist_ENETRESET
0xec39c	__sys_errlist_ENETUNREACH
0xec3b6	__sys_errlist_ENFILE
0xec3cb	__sys_errlist_ENOBUFS
0xec3e1	__sys_errlist_ENODEV
0xec3f6	__sys_errlist_ENOENT
0xec40b	__sys_errlist_ENOEXEC
0xec421	__sys_errlist_ENOINIT
0xec437	__sys_errlist_ENOLCK
0xec44c	__sys_errlist_ENOMEM
0xec461	__sys_errlist_ENOMSG
0xec476	__sys_errlist_ENOPROTOOPT
0xec490	__sys_errlist_ENOSPC
0xec4a5	__sys_errlist_ENOSR
0xec4b9	__sys_errlist_ENOSTR
0xec4ce	__sys_errlist_ENOTBLK
0xec4e4	__sys_errlist_ENOTCONN
0xec4fb	__sys_errlist_ENOTDIR
0xec511	__sys_errlist_ENOTEMPTY
0xec529	__sys_errlist_ENOTSOCK
0xec540	__sys_errlist_ENOTTY
0xec555	__sys_errlist_ENXIO
0xec569	__sys_errlist_EOPNOTSUPP
0xec582	__sys_errlist_EPERM
0xec596	__sys_errlist_EPFNOSUPPORT
0xec5b1	__sys_errlist_EPIPE
0xec5c5	__sys_errlist_EPROCLIM
0xec5dc	__sys_errlist_EPROTONOSUPPORT
0xec5fa	__sys_errlist_EPROTOTYPE
0xec613	__sys_errlist_EPWROFF
0xec629	__sys_errlist_ERANGE
0xec63e	__sys_errlist_EREFUSED
0xec655	__sys_errlist_EREMOTE
0xec66b	__sys_errlist_EROFS
0xec67f	__sys_errlist_ESHLIBVERS
0xec698	__sys_errlist_ESHUTDOWN
0xec6b0	__sys_errlist_ESOCKTNOSUPPORT
0xec6ce	__sys_errlist_ESPIPE
0xec6e3	__sys_errlist_ESRCH
0xec6f7	__sys_errlist_ESTALE
0xec70c	__sys_errlist_ETIME
0xec720	__sys_errlist_ETIMEDOUT
0xec738	__sys_errlist_ETOOMANYREFS
0xec753	__sys_errlist_ETXTBSY
0xec769	__sys_errlist_EUSERS
0xec77e	__sys_errlist_EWOULDBLOCK
0xec798	__sys_errlist_EXDEV
0xec7ac	__sys_siglist_0
0xec7bc	__sys_siglist_SIGALRM
0xec7d2	__sys_siglist_SIGBUS
0xec7e7	__sys_siglist_SIGCHLD
0xec7fd	__sys_siglist_SIGCONT
0xec813	__sys_siglist_SIGEMT
0xec828	__sys_siglist_SIGFPE
0xec83d	__sys_siglist_SIGHUP
0xec852	__sys_siglist_SIGILL
0xec867	__sys_siglist_SIGINT
0xec87c	__sys_siglist_SIGIO
0xec890	__sys_siglist_SIGIOT
0xec8a5	__sys_siglist_SIGKILL
0xec8bb	__sys_siglist_SIGLOST
0xec8d1	__sys_siglist_SIGPIPE
0xec8e7	__sys_siglist_SIGPROF
0xec8fd	__sys_siglist_SIGQUIT
0xec913	__sys_siglist_SIGSEGV
0xec929	__sys_siglist_SIGSTOP
0xec93f	__sys_siglist_SIGSYS
0xec954	__sys_siglist_SIGTERM
0xec96a	__sys_siglist_SIGTRAP
0xec980	__sys_siglist_SIGTSTP
0xec996	__sys_siglist_SIGTTIN
0xec9ac	__sys_siglist_SIGTTOU
0xec9c2	__sys_siglist_SIGURG
0xec9d7	__sys_siglist_SIGUSR1
0xec9ed	__sys_siglist_SIGUSR2
0xeca03	__sys_siglist_SIGVTALRM
0xeca1b	__sys_siglist_SIGWINCH
0xeca32	__sys_siglist_SIGXCPU
0xeca48	__sys_siglist_SIGXFSZ
0xeca5e	__threads_data_padding
0xeca75	__validuser
0xeca81	__xdr_ypbind_oldsetdom
0xeca98	__xdr_yprequest
0xecaa8	__xdr_ypresponse
0xecab9	__xordi3
0xecac2	__yp_data_padding
0xecad4	__yp_dobind
0xecae0	__ypserv_timeout
0xecaf1	__ypsleeptime
0xecaff	__zoneAlloc
0xecb0b	__zoneCopy
0xecb16	__zoneRealloc
0xecb53	_add_profil
0xecb5f	_addexportent
0xecb6d	_addmntent
0xecb78	_adjtime
0xecb88	_alias_endent
0xecb96	_alias_getbyname
0xecba7	_alias_getent
0xecbb5	_alias_setent
0xecbc3	_alloc_soundPtr
0xecbd3	_alloc_stack
0xecbe0	_alphasort
0xecbeb	_asctime
0xecc01	_async_daemon
0xecc3d	_authdes_getucred
0xecc4f	_authnone_create
0xecc60	_authunix_create
0xecc71	_authunix_create_default
0xecc8a	_backref
0xecca6	_bindresvport
0xeccb4	_bootp_getbyether
0xeccc6	_bootp_getbyip
0xeccd5	_bootparams_getbyname
0xecceb	_bootstrap_check_in
0xeccff	_bootstrap_create_service
0xecd19	_bootstrap_get_unpriv_port
0xecd34	_bootstrap_info
0xecd44	_bootstrap_look_up
0xecd57	_bootstrap_look_up_array
0xecd70	_bootstrap_port
0xecd80	_bootstrap_register
0xecd94	_bootstrap_status
0xecda6	_bootstrap_subset
0xecdbd	_bsd_sprintf
0xecdca	_bsd_vsprintf
0xecdd8	_bsearch
0xecdee	_callbackFunction
0xece08	_callrpc
0xece11	_catch_exception_raise
0xece28	_cbc_crypt
0xece6b	_classLock
0xece76	_class_addClassMethods
0xece8d	_class_addMethods
0xece9f	_class_createInstance
0xeceb5	_class_createInstanceFromZone
0xeced3	_class_getClassMethod
0xecee9	_class_getInstanceMethod
0xecf02	_class_getInstanceVariable
0xecf1d	_class_getVersion
0xecf2f	_class_lookupMethod
0xecf43	_class_lookupMethodInMethodList
0xecf63	_class_poseAs
0xecf71	_class_removeMethods
0xecf86	_class_respondsToMethod
0xecf9e	_class_setVersion
0xecfb0	_clearerr
0xecfba	_clnt_broadcast
0xecfca	_clnt_broadcast_exp
0xecfde	_clnt_create
0xecfeb	_clnt_pcreateerror
0xecffe	_clnt_perrno
0xed00b	_clnt_perror
0xed018	_clnt_spcreateerror
0xed02c	_clnt_sperrno
0xed03a	_clnt_sperror
0xed048	_clnt_syslog
0xed055	_clntraw_create
0xed065	_clnttcp_create
0xed075	_clntudp_bufcreate
0xed088	_clntudp_create
0xed0a6	_closedir
0xed0b0	_closelog
0xed0ba	_cond_broadcast
0xed0ca	_cond_signal
0xed0d7	_condition_spin_limit
0xed0ed	_condition_wait
0xed0fd	_condition_yield_limit
0xed114	_connect
0xed11d	_convert_ts_to_tv
0xed12f	_copysign
0xed144	_cproc_create
0xed152	_cproc_default_stack_size
0xed16c	_cproc_init
0xed178	_cproc_setup
0xed193	_cthread_abort
0xed1a2	_cthread_body
0xed1b0	_cthread_count
0xed1bf	_cthread_detach
0xed1cf	_cthread_errno
0xed1de	_cthread_exit
0xed1ec	_cthread_fork
0xed1fa	_cthread_init
0xed208	_cthread_join
0xed216	_cthread_limit
0xed225	_cthread_max_priority
0xed23b	_cthread_name
0xed249	_cthread_priority
0xed25b	_cthread_set_errno_self
0xed273	_cthread_set_limit
0xed286	_cthread_set_name
0xed298	_cthread_set_self
0xed2aa	_cthread_sp
0xed2b6	_cthread_stack_base
0xed2ca	_cthread_stack_mask
0xed2de	_cthread_yield
0xed2fb	_dbClose
0xed304	_dbCompress
0xed310	_dbCreate
0xed322	_dbDelete
0xed32c	_dbDirExtension
0xed33c	_dbError
0xed345	_dbErrorNo
0xed350	_dbErrors
0xed35a	_dbExists
0xed364	_dbExpand
0xed36e	_dbFetch
0xed37f	_dbFirst
0xed388	_dbFlags
0xed391	_dbFlush
0xed3a9	_dbLeafExtension
0xed3ba	_dbLeafSize
0xed3ce	_dbMaxLeafBuf
0xed3fc	_dbPrint
0xed405	_dbPrintKC
0xed418	_dbSetCache
0xed424	_dbSetKey
0xed42e	_dbSizeTable
0xed43b	_dbStore
0xed444	_dbUnlink
0xed44e	_dbUnlock
0xed458	_dbWaitLock
0xed464	_dbm_close
0xed46f	_dbm_delete
0xed47b	_dbm_fetch
0xed486	_dbm_firstkey
0xed494	_dbm_forder
0xed4a0	_dbm_nextkey
0xed4ad	_dbm_open
0xed4b7	_dbm_store
0xed4c2	_des_setparity
0xed4d1	_device_master_self
0xed4e5	_difftime
0xed4f4	_dn_comp
0xed4fd	_dn_expand
0xed519	_ecb_crypt
0xed52a	_emptyCache
0xed536	_enableInfo
0xed542	_encrypt
0xed54b	_endexportent
0xed559	_endfsent
0xed563	_endgrent
0xed56d	_endhostent
0xed579	_endmntent
0xed584	_endnetent
0xed58f	_endnetgrent
0xed59c	_endprotoent
0xed5a9	_endpwent
0xed5b3	_endrpcent
0xed5be	_endservent
0xed5ca	_endttyent
0xed5d5	_endusershell
0xed5f5	_ether_aton
0xed601	_ether_hostton
0xed610	_ether_line
0xed61c	_ether_ntoa
0xed628	_ether_ntohost
0xed637	_exc_server
0xed643	_exception_raise
0xed69c	_exportfs
0xed6a6	_f_prealloc
0xed707	_fgetpos
0xed710	_fgetpwent
0xed722	_find_soundPtr
0xed75a	_fork_mach_init
0xed76a	_fprintf
0xed78e	_free_soundPtr
0xed79d	_freopen
0xed7bc	_fsetpos
0xed7cc	_fstatfs
0xed7ea	_ftruncate
0xed803	_getSizeOf
0xed80e	_getSizeOfandAdvance
0xed823	_get_edata
0xed82e	_get_end
0xed837	_get_etext
0xed842	_get_myaddress
0xed857	_getchar
0xed860	_getdents
0xed86a	_getdirentries
0xed879	_getdiskbydev
0xed887	_getdiskbyname
0xed896	_getdomainname
0xed8a5	_getdtablesize
0xed8b4	_getegid
0xed8c5	_geteuid
0xed8ce	_getexportent
0xed8dc	_getexportopt
0xed8f1	_getfsent
0xed8fb	_getfsfile
0xed906	_getfsspec
0xed911	_getfstype
0xed924	_getgrent
0xed92e	_getgrgid
0xed938	_getgrnam
0xed942	_getgroups
0xed94d	_gethostbyaddr
0xed95c	_gethostbyname
0xed96b	_gethostent
0xed977	_gethostid
0xed982	_gethostname
0xed98f	_getitimer
0xed99a	_getlogin
0xed9a4	_getmachheaders
0xed9b4	_getmntent
0xed9bf	_getnetbyaddr
0xed9cd	_getnetbyname
0xed9db	_getnetent
0xed9e6	_getnetgrent
0xed9f3	_getnetname
0xeda07	_getpagesize
0xeda14	_getpass
0xeda1d	_getpeername
0xeda2a	_getpgrp
0xeda3b	_getppid
0xeda44	_getpriority
0xeda51	_getprotobyname
0xeda61	_getprotobynumber
0xeda73	_getprotoent
0xeda87	_getpwent
0xeda91	_getpwnam
0xeda9b	_getpwuid
0xedaa5	_getrlimit
0xedab0	_getrpcbyname
0xedabe	_getrpcbynumber
0xedace	_getrpcent
0xedad9	_getrpcport
0xedae5	_getrusage
0xedaf6	_getsectbyname
0xedb05	_getsectbynamefromheader
0xedb1e	_getsectbynamefromheaderwithswap
0xedb3f	_getsectdata
0xedb4c	_getsectdatafromheader
0xedb63	_getsectdatafromheaderinfo
0xedb7e	_getsectdatafromlib
0xedb92	_getsegbyname
0xedba0	_getservbyname
0xedbaf	_getservbyport
0xedbbe	_getservent
0xedbca	_getsockname
0xedbd7	_getsockopt
0xedbe3	_gettimeofday
0xedbf1	_getttyent
0xedbfc	_getttynam
0xedc0f	_getusershell
0xedc38	_h_errlist
0xedc43	_h_errno
0xedc54	_hashPtrStructKey
0xedc66	_hashStrStructKey
0xedc78	_hasmntopt
0xedc8b	_host2netname
0xedc99	_host_adjust_time
0xedcab	_host_get_time
0xedcba	_host_info
0xedcc5	_host_kernel_version
0xedcda	_host_priv_self
0xedcea	_host_processor_set_priv
0xedd03	_host_processor_sets
0xedd18	_host_processors
0xedd29	_host_self
0xedd34	_host_set_time
0xedd43	_hstrerror
0xedd6a	_inet_addr
0xedd75	_inet_aton
0xedd80	_inet_lnaof
0xedd8c	_inet_makeaddr
0xedd9b	_inet_netof
0xedda7	_inet_network
0xeddb5	_inet_nsap_addr
0xeddc5	_inet_nsap_ntoa
0xeddd5	_inet_ntoa
0xedde0	_init_process
0xeddee	_initgroups
0xeddfa	_initial_stack_boundary
0xede12	_initstate
0xede1d	_innetgr
0xede35	_isEqualPtrStructKey
0xede4a	_isEqualStrStructKey
0xede5f	_isalnum
0xede68	_isalpha
0xede79	_iscntrl
0xede82	_isdigit
0xede8b	_isgraph
0xede9b	_islower
0xedeab	_isprint
0xedeb4	_ispunct
0xedebd	_isspace
0xedec6	_isupper
0xedecf	_isxdigit
0xedee5	_kern_timestamp
0xedef5	_key_decryptsession
0xedf09	_key_encryptsession
0xedf1d	_key_gendes
0xedf29	_key_setsecret
0xedf6f	_localeconv
0xedf7b	_localtime
0xedfa8	_log_error
0xedfb3	_log_info
0xedfbd	_log_set_options
0xedfce	_log_warning
0xedfe1	_longjmp
0xedfea	_longjmperror
0xee006	_lu_getnetgrent
0xee016	_mach_NeXT_exception
0xee02b	_mach_NeXT_exception_string
0xee047	_mach_error
0xee053	_mach_error_string
0xee066	_mach_errormsg
0xee075	_mach_exception
0xee085	_mach_exception_string
0xee09c	_mach_host_self
0xee0ac	_mach_init
0xee0b7	_mach_init_routine
0xee0ca	_mach_msg_trap
0xee0d9	_mach_reply_port
0xee0ea	_mach_swapon
0xee0f7	_mach_task_self
0xee107	_mach_thread_self
0xee121	_malloc_debug
0xee12f	_malloc_error
0xee13d	_malloc_freezedry
0xee14f	_malloc_good_size
0xee161	_malloc_jumpstart
0xee173	_malloc_lock
0xee180	_malloc_singlethreaded
0xee197	_malloc_size
0xee1b3	_mbstowcs
0xee1c5	_mcount_hack
0xee1d2	_memccpy
0xee1f3	_memmove
0xee204	_messageLock
0xee211	_method_getArgumentInfo
0xee229	_method_getNumberOfArguments
0xee246	_method_getSizeOfArguments
0xee261	_mididriver_reply_server
0xee27a	_mig_allocate
0xee288	_mig_dealloc_reply_port
0xee2a0	_mig_deallocate
0xee2b0	_mig_fork_child
0xee2c0	_mig_get_reply_port
0xee2d4	_mig_init
0xee2de	_mig_reply_setup
0xee2ef	_mig_strncpy
0xee30a	_mkpwclear
0xee315	_mkpwunclear
0xee322	_mkstemp
0xee347	_monaddition
0xee354	_moncontrol
0xee360	_moncount
0xee36a	_moninit
0xee373	_moninitobjc
0xee380	_moninitrld
0xee38c	_moninitshlibs
0xee39b	_monitor
0xee3a4	_monoutput
0xee3af	_monreset
0xee3b9	_monstartup
0xee3cc	_msg_receive
0xee3d9	_msg_receive_timeout
0xee3ee	_msg_receive_trap
0xee400	_msg_rpc
0xee409	_msg_rpc_trap
0xee417	_msg_send
0xee421	_msg_send_timeout
0xee433	_msg_send_trap
0xee44a	_multi_call
0xee456	_mutex_spin_limit
0xee468	_mutex_try_lock
0xee478	_mutex_unlock_try
0xee48a	_mutex_wait_lock
0xee49b	_name_server_port
0xee4ad	_netipc_ignore
0xee4bc	_netipc_listen
0xee4cb	_netname2host
0xee4d9	_netname2user
0xee4e7	_netname_check_in
0xee4f9	_netname_check_out
0xee50c	_netname_look_up
0xee51d	_netname_version
0xee536	_ni_addrtag
0xee542	_ni_children
0xee54f	_ni_connect
0xee55b	_ni_create
0xee566	_ni_createname
0xee575	_ni_createprop
0xee584	_ni_destroy
0xee590	_ni_destroyname
0xee5a0	_ni_destroyprop
0xee5b0	_ni_entrylist_delete
0xee5c5	_ni_entrylist_free
0xee5d8	_ni_entrylist_insert
0xee5ed	_ni_error
0xee5f7	_ni_fancyopen
0xee605	_ni_free
0xee60e	_ni_idlist_delete
0xee620	_ni_idlist_dup
0xee62f	_ni_idlist_free
0xee63f	_ni_idlist_insert
0xee651	_ni_list
0xee65a	_ni_listall
0xee666	_ni_listprops
0xee674	_ni_lookup
0xee67f	_ni_lookupprop
0xee68e	_ni_lookupread
0xee69d	_ni_name_dup
0xee6aa	_ni_name_free
0xee6b8	_ni_name_match
0xee6c7	_ni_namelist_delete
0xee6db	_ni_namelist_dup
0xee6ec	_ni_namelist_free
0xee6fe	_ni_namelist_insert
0xee712	_ni_namelist_match
0xee725	_ni_needwrite
0xee73b	_ni_open
0xee744	_ni_parent
0xee74f	_ni_pathsearch
0xee75e	_ni_prop_dup
0xee76b	_ni_prop_free
0xee779	_ni_proplist_delete
0xee78d	_ni_proplist_dup
0xee79e	_ni_proplist_free
0xee7b0	_ni_proplist_insert
0xee7c4	_ni_proplist_list_free
0xee7db	_ni_proplist_match
0xee7ee	_ni_pwdomain
0xee7fb	_ni_read
0xee804	_ni_readname
0xee811	_ni_readprop
0xee81e	_ni_renameprop
0xee82d	_ni_resync
0xee838	_ni_root
0xee841	_ni_self
0xee84a	_ni_setabort
0xee857	_ni_setpassword
0xee867	_ni_setreadtimeout
0xee87a	_ni_setuser
0xee886	_ni_setwritetimeout
0xee89a	_ni_statistics
0xee8a9	_ni_write
0xee8b3	_ni_writename
0xee8c1	_ni_writeprop
0xee8ea	_objc_VERS_NUM
0xee8f9	_objc_VERS_STRING
0xee90b	_objc_addClass
0xee91a	_objc_addModule
0xee92a	_objc_entryPoints
0xee93c	_objc_exitPoints
0xee94d	_objc_getClass
0xee95c	_objc_getClasses
0xee96d	_objc_getMetaClass
0xee980	_objc_getModules
0xee991	_objc_getOrigClass
0xee9a4	_objc_loadModules
0xee9b6	_objc_lookUpClass
0xee9c8	_objc_msgSend
0xee9d6	_objc_msgSendSuper
0xee9e9	_objc_msgSendv
0xee9f8	_objc_registerModule
0xeea0d	_objc_setClassHandler
0xeea23	_objc_setMultithreaded
0xeea3a	_objc_unloadModules
0xeea4e	_object_copy
0xeea5b	_object_copyFromZone
0xeea70	_object_dispose
0xeea80	_object_getClassName
0xeea95	_object_getIndexedIvars
0xeeaad	_object_getInstanceVariable
0xeeac9	_object_realloc
0xeead9	_object_reallocFromZone
0xeeaf1	_object_setInstanceVariable
0xeeb13	_opendir
0xeeb1c	_openlog
0xeeb62	_pmap_getmaps
0xeeb70	_pmap_getport
0xeeb7e	_pmap_rmtcall
0xeeb8c	_pmap_set
0xeeb96	_pmap_unset
0xeeba9	_port_allocate
0xeebb8	_port_deallocate
0xeebc9	_port_extract_receive
0xeebdf	_port_extract_send
0xeebf2	_port_insert_receive
0xeec07	_port_insert_send
0xeec19	_port_names
0xeec25	_port_rename
0xeec32	_port_set_add
0xeec40	_port_set_allocate
0xeec53	_port_set_backlog
0xeec65	_port_set_backup
0xeec76	_port_set_deallocate
0xeec8b	_port_set_remove
0xeec9c	_port_set_status
0xeecad	_port_status
0xeecba	_port_type
0xeecca	_prdb_end
0xeecd4	_prdb_get
0xeecde	_prdb_getbyname
0xeecee	_prdb_set
0xeed00	_processor_assign
0xeed12	_processor_control
0xeed25	_processor_exit
0xeed35	_processor_get_assignment
0xeed4f	_processor_info
0xeed5f	_processor_set_create
0xeed75	_processor_set_default
0xeed8c	_processor_set_destroy
0xeeda3	_processor_set_info
0xeedb7	_processor_set_max_priority
0xeedd3	_processor_set_policy_disable
0xeedf1	_processor_set_policy_enable
0xeee0e	_processor_set_tasks
0xeee23	_processor_set_threads
0xeee3a	_processor_start
0xeee53	_psignal
0xeee6a	_putchar
0xeee73	_putpwpasswd
0xeee9a	_quotactl
0xeeebf	_re_comp
0xeeec8	_re_compile
0xeeed4	_re_exec
0xeeedd	_re_fold
0xeeee6	_re_match
0xeeef6	_readdir
0xeeeff	_readlink
0xeef10	_realloc
0xeef19	_realpath
0xeef38	_recvfrom
0xeef42	_recvmsg
0xeef4b	_registerrpc
0xeef58	_remexportent
0xeef7e	_res_init
0xeef88	_res_mkquery
0xeef95	_res_query
0xeefa0	_res_querydomain
0xeefb1	_res_search
0xeefbd	_res_send
0xeefc7	_res_send_setqhook
0xeefda	_res_send_setrhook
0xef011	_rld_address_func
0xef023	_rld_forget_symbol
0xef036	_rld_get_current_header
0xef04e	_rld_load
0xef058	_rld_load_basefile
0xef06b	_rld_load_from_memory
0xef081	_rld_lookup
0xef08d	_rld_unload
0xef099	_rld_unload_all
0xef0b8	_rpc_createerr
0xef0c7	_rresvport
0xef0d2	_rstrtok
0xef0db	_ruserok
0xef0e4	_ruserpass
0xef0fc	_scandir
0xef10c	_seekdir
0xef115	_sel_getName
0xef122	_sel_getUid
0xef12e	_sel_isMapped
0xef13c	_sel_registerName
0xef15c	_sendmsg
0xef16d	_set_malloc_singlethreaded
0xef190	_setbuffer
0xef19b	_setdomainname
0xef1aa	_setegid
0xef1b3	_seteuid
0xef1bc	_setexit
0xef1c5	_setexportent
0xef1d3	_setfsent
0xef1e5	_setgrent
0xef1ef	_setgrfile
0xef1fa	_setgrjunk
0xef205	_setgroups
0xef210	_sethostent
0xef21c	_sethostfile
0xef229	_sethostid
0xef234	_sethostname
0xef241	_setitimer
0xef25c	_setlinebuf
0xef268	_setlocale
0xef273	_setlogmask
0xef27f	_setmntent
0xef28a	_setnetent
0xef295	_setnetgrent
0xef2a2	_setpgrp
0xef2ab	_setpriority
0xef2b8	_setprivexec
0xef2c5	_setprotoent
0xef2d2	_setpwent
0xef2dc	_setpwfile
0xef2e7	_setquota
0xef2f1	_setregid
0xef2fb	_setreuid
0xef305	_setrgid
0xef30e	_setrlimit
0xef319	_setrpcent
0xef324	_setruid
0xef32d	_setservent
0xef339	_setsockopt
0xef345	_setstate
0xef34f	_settimeofday
0xef35d	_setttyent
0xef370	_setusershell
0xef37e	_setvbuf
0xef387	_shutdown
0xef391	_sigblock
0xef39b	_sigcatch
0xef3a5	_siginterrupt
0xef3bb	_signgam
0xef3c4	_sigpause
0xef3ce	_sigreturn
0xef3d9	_sigsetmask
0xef3e5	_sigstack
0xef409	_slot_name
0xef414	_snddriver_dsp_boot
0xef428	_snddriver_dsp_dma_read
0xef440	_snddriver_dsp_dma_write
0xef459	_snddriver_dsp_host_cmd
0xef471	_snddriver_dsp_protocol
0xef489	_snddriver_dsp_read
0xef49d	_snddriver_dsp_read_data
0xef4b6	_snddriver_dsp_read_messages
0xef4d3	_snddriver_dsp_reset
0xef4e8	_snddriver_dsp_set_flags
0xef501	_snddriver_dsp_write
0xef516	_snddriver_dspcmd_abortdma
0xef531	_snddriver_dspcmd_req_condition
0xef551	_snddriver_dspcmd_req_err
0xef56b	_snddriver_dspcmd_req_msg
0xef585	_snddriver_get_device_parms
0xef5a1	_snddriver_get_dsp_cmd_port
0xef5bd	_snddriver_get_sndin_formats
0xef5da	_snddriver_get_sndout_formats
0xef5f8	_snddriver_get_volume
0xef60e	_snddriver_new_device_port
0xef629	_snddriver_reply_handler
0xef642	_snddriver_reset_dsp_owner
0xef65d	_snddriver_reset_sndin_owner
0xef67a	_snddriver_reset_sndout_owner
0xef698	_snddriver_set_device_parms
0xef6b4	_snddriver_set_dsp_owner_port
0xef6d2	_snddriver_set_ramp
0xef6e6	_snddriver_set_sndin_format
0xef702	_snddriver_set_sndin_owner_port
0xef722	_snddriver_set_sndout_bufcount
0xef741	_snddriver_set_sndout_bufsize
0xef75f	_snddriver_set_sndout_format
0xef77c	_snddriver_set_sndout_owner_port
0xef79d	_snddriver_set_volume
0xef7b3	_snddriver_stream_control
0xef7cd	_snddriver_stream_ndma
0xef7e4	_snddriver_stream_nsamples
0xef7ff	_snddriver_stream_setup
0xef817	_snddriver_stream_start_reading
0xef837	_snddriver_stream_start_writing
0xef85f	_socketpair
0xef86b	_spin_lock
0xef876	_spin_unlock
0xef883	_sprintf
0xef899	_srandom
0xef8aa	_stack_init
0xef8c4	_strcasecmp
0xef8d8	_strcatn
0xef8f1	_strcmpn
0xef8fa	_strcoll
0xef90b	_strcpyn
0xef914	_strcspn
0xef91d	_strerror
0xef927	_strftime
0xef939	_strncasecmp
0xef946	_strncat
0xef94f	_strncmp
0xef958	_strncpy
0xef961	_strpbrk
0xef96a	_strrchr
0xef99b	_strtoul
0xef9aa	_svc_fdset
0xef9b5	_svc_getreq
0xef9c1	_svc_getreqset
0xef9d0	_svc_register
0xef9de	_svc_run
0xef9e7	_svc_sendreply
0xef9f6	_svc_unregister
0xefa06	_svcerr_auth
0xefa13	_svcerr_decode
0xefa22	_svcerr_noproc
0xefa31	_svcerr_noprog
0xefa40	_svcerr_progvers
0xefa51	_svcerr_systemerr
0xefa63	_svcerr_weakauth
0xefa74	_svcfd_create
0xefa82	_svcraw_create
0xefa91	_svctcp_create
0xefaa0	_svcudp_bufcreate
0xefab2	_svcudp_create
0xefac1	_svcudp_enablecache
0xefadb	_swap_fat_arch
0xefaea	_swap_fat_header
0xefafb	_swap_fvmfile_command
0xefb11	_swap_fvmlib_command
0xefb26	_swap_hppa_frame_thread_state
0xefb44	_swap_hppa_integer_thread_state
0xefb64	_swap_i386_thread_cthreadstate
0xefb83	_swap_i386_thread_exceptstate
0xefba1	_swap_i386_thread_fpstate
0xefbbb	_swap_i386_thread_state
0xefbd3	_swap_ident_command
0xefbe7	_swap_load_command
0xefbfa	_swap_m68k_thread_state_68882
0xefc18	_swap_m68k_thread_state_regs
0xefc35	_swap_m68k_thread_state_user_reg
0xefc56	_swap_mach_header
0xefc68	_swap_nlist
0xefc74	_swap_ranlib
0xefc81	_swap_relocation_info
0xefc97	_swap_section
0xefca5	_swap_segment_command
0xefcbb	_swap_symseg_command
0xefcd0	_swap_symtab_command
0xefce5	_swap_thread_command
0xefd09	_swtch_pri
0xefd14	_symlink
0xefd23	_sys_errlist
0xefd30	_sys_nerr
0xefd3a	_sys_siglist
0xefd47	_syscall
0xefd72	_task_assign
0xefd7f	_task_assign_default
0xefd94	_task_by_pid
0xefda1	_task_by_unix_pid
0xefdb3	_task_create
0xefdc0	_task_get_assignment
0xefdd5	_task_get_special_port
0xefdec	_task_info
0xefdf7	_task_notify
0xefe04	_task_priority
0xefe13	_task_resume
0xefe20	_task_self
0xefe2b	_task_self_
0xefe37	_task_set_special_port
0xefe4e	_task_suspend
0xefe5c	_task_terminate
0xefe6c	_task_threads
0xefe80	_telldir
0xefe89	_thread_abort
0xefe97	_thread_assign
0xefea6	_thread_assign_default
0xefebd	_thread_create
0xefecc	_thread_depress_abort
0xefee2	_thread_get_assignment
0xefef9	_thread_get_special_port
0xeff12	_thread_get_state
0xeff24	_thread_info
0xeff31	_thread_max_priority
0xeff46	_thread_policy
0xeff55	_thread_priority
0xeff66	_thread_reply
0xeff74	_thread_resume
0xeff83	_thread_self
0xeff90	_thread_set_special_port
0xeffa9	_thread_set_state
0xeffbb	_thread_suspend
0xeffcb	_thread_switch
0xeffda	_thread_terminate
0xefff9	_timezone
0xf0003	_tmpfile
0xf0014	_tolower
0xf001d	_toupper
0xf0026	_truncate
0xf0030	_ttyname
0xf0039	_ttyslot
0xf006f	_unix_pid
0xf0081	_unmount
0xf008a	_ur_cthread_self
0xf009b	_user2netname
0xf00a9	_usingypmap
0xf00d3	_v1prot_dofirst
0xf00e3	_v1prot_donext
0xf0109	_vfprintf
0xf011a	_vhangup
0xf012b	_vm_allocate
0xf0138	_vm_copy
0xf0141	_vm_deactivate
0xf0150	_vm_deallocate
0xf015f	_vm_inherit
0xf016b	_vm_machine_attribute
0xf0181	_vm_page_size
0xf018f	_vm_protect
0xf019b	_vm_read
0xf01a4	_vm_region
0xf01af	_vm_set_policy
0xf01be	_vm_statistics
0xf01cd	_vm_synchronize
0xf01dd	_vm_write
0xf01e7	_vprintf
0xf01f0	_vsprintf
0xf01fa	_vsyslog
0xf021f	_wcstombs
0xf0240	_xdr__lu_aliasent
0xf0252	_xdr__lu_aliasent_ptr
0xf0268	_xdr__lu_bootp_ent
0xf027b	_xdr__lu_bootp_ent_ptr
0xf0292	_xdr__lu_bootparams_ent
0xf02aa	_xdr__lu_bootparams_ent_ptr
0xf02c6	_xdr__lu_group
0xf02d5	_xdr__lu_group_ptr
0xf02e8	_xdr__lu_hostent
0xf02f9	_xdr__lu_hostent_ptr
0xf030e	_xdr__lu_innetgr_args
0xf0324	_xdr__lu_mntent
0xf0334	_xdr__lu_mntent_ptr
0xf0348	_xdr__lu_netent
0xf0358	_xdr__lu_netent_ptr
0xf036c	_xdr__lu_netgrent
0xf037e	_xdr__lu_passwd
0xf038e	_xdr__lu_passwd_ptr
0xf03a2	_xdr__lu_prdb_ent
0xf03b4	_xdr__lu_prdb_ent_ptr
0xf03ca	_xdr__lu_prdb_property
0xf03e1	_xdr__lu_protoent
0xf03f3	_xdr__lu_protoent_ptr
0xf0409	_xdr__lu_rpcent
0xf0419	_xdr__lu_rpcent_ptr
0xf042d	_xdr__lu_servent
0xf043e	_xdr__lu_servent_ptr
0xf0453	_xdr__lu_string
0xf0463	_xdr_accepted_reply
0xf0477	_xdr_array
0xf0482	_xdr_authunix_parms
0xf0496	_xdr_bool
0xf04a0	_xdr_bytes
0xf04ab	_xdr_callhdr
0xf04b8	_xdr_callmsg
0xf04c5	_xdr_char
0xf04cf	_xdr_cryptkeyarg
0xf04e0	_xdr_cryptkeyres
0xf04f1	_xdr_datum
0xf04fc	_xdr_des_block
0xf050b	_xdr_double
0xf0517	_xdr_enum
0xf0521	_xdr_float
0xf052c	_xdr_free
0xf0536	_xdr_getcredres
0xf0546	_xdr_int
0xf054f	_xdr_keybuf
0xf055b	_xdr_keystatus
0xf056a	_xdr_long
0xf0574	_xdr_netnamestr
0xf0584	_xdr_netobj
0xf0590	_xdr_ni_binding
0xf05a0	_xdr_ni_children_res
0xf05b5	_xdr_ni_children_stuff
0xf05cc	_xdr_ni_create_args
0xf05e0	_xdr_ni_create_res
0xf05f3	_xdr_ni_create_stuff
0xf0608	_xdr_ni_createname_args
0xf0620	_xdr_ni_createprop_args
0xf0638	_xdr_ni_destroy_args
0xf064d	_xdr_ni_entry
0xf065b	_xdr_ni_entrylist
0xf066d	_xdr_ni_id
0xf0678	_xdr_ni_id_res
0xf0687	_xdr_ni_idlist
0xf0696	_xdr_ni_list_res
0xf06a7	_xdr_ni_list_stuff
0xf06ba	_xdr_ni_listall_res
0xf06ce	_xdr_ni_listall_stuff
0xf06e4	_xdr_ni_lookup_args
0xf06f8	_xdr_ni_lookup_res
0xf070b	_xdr_ni_lookup_stuff
0xf0720	_xdr_ni_name
0xf072d	_xdr_ni_name_args
0xf073f	_xdr_ni_nameindex_args
0xf0756	_xdr_ni_namelist
0xf0767	_xdr_ni_namelist_res
0xf077c	_xdr_ni_namelist_stuff
0xf0793	_xdr_ni_object
0xf07a2	_xdr_ni_object_list
0xf07b6	_xdr_ni_object_node
0xf07ca	_xdr_ni_parent_res
0xf07dd	_xdr_ni_parent_stuff
0xf07f2	_xdr_ni_prop_args
0xf0804	_xdr_ni_property
0xf0815	_xdr_ni_proplist
0xf0826	_xdr_ni_proplist_list
0xf083c	_xdr_ni_proplist_res
0xf0851	_xdr_ni_proplist_stuff
0xf0868	_xdr_ni_propname_args
0xf087e	_xdr_ni_readall_res
0xf0892	_xdr_ni_readall_stuff
0xf08a8	_xdr_ni_readname_res
0xf08bd	_xdr_ni_readname_stuff
0xf08d4	_xdr_ni_rparent_res
0xf08e8	_xdr_ni_status
0xf08f7	_xdr_ni_writename_args
0xf090e	_xdr_ni_writeprop_args
0xf0925	_xdr_nibind_addrinfo
0xf093a	_xdr_nibind_bind_args
0xf0950	_xdr_nibind_clone_args
0xf0967	_xdr_nibind_getregister_res
0xf0983	_xdr_nibind_listreg_res
0xf099b	_xdr_nibind_registration
0xf09b4	_xdr_opaque
0xf09c0	_xdr_opaque_auth
0xf09d1	_xdr_pmap
0xf09db	_xdr_pmaplist
0xf09e9	_xdr_pointer
0xf09f6	_xdr_reference
0xf0a05	_xdr_rejected_reply
0xf0a19	_xdr_replymsg
0xf0a27	_xdr_rmtcall_args
0xf0a39	_xdr_rmtcallres
0xf0a49	_xdr_short
0xf0a54	_xdr_string
0xf0a60	_xdr_u_char
0xf0a6c	_xdr_u_int
0xf0a77	_xdr_u_long
0xf0a83	_xdr_u_short
0xf0a90	_xdr_union
0xf0a9b	_xdr_unixcred
0xf0aa9	_xdr_vector
0xf0ab5	_xdr_void
0xf0abf	_xdr_wrapstring
0xf0acf	_xdr_yp_binding
0xf0adf	_xdr_yp_inaddr
0xf0aee	_xdr_ypall
0xf0af9	_xdr_ypbind_resp
0xf0b0a	_xdr_ypbind_setdom
0xf0b1d	_xdr_ypdomain_wrap_string
0xf0b37	_xdr_ypmap_parms
0xf0b48	_xdr_ypmap_wrap_string
0xf0b5f	_xdr_ypmaplist
0xf0b6e	_xdr_ypmaplist_wrap_string
0xf0b89	_xdr_ypowner_wrap_string
0xf0ba2	_xdr_yppushresp_xfr
0xf0bb6	_xdr_ypreq_key
0xf0bc5	_xdr_ypreq_nokey
0xf0bd6	_xdr_ypreq_xfr
0xf0be5	_xdr_ypresp_key_val
0xf0bf9	_xdr_ypresp_maplist
0xf0c0d	_xdr_ypresp_master
0xf0c20	_xdr_ypresp_order
0xf0c32	_xdr_ypresp_val
0xf0c42	_xdrmem_create
0xf0c51	_xdrrec_create
0xf0c60	_xdrrec_endofrecord
0xf0c74	_xdrrec_eof
0xf0c80	_xdrrec_skiprecord
0xf0c93	_xdrstdio_create
0xf0ca4	_xprt_register
0xf0cb3	_xprt_unregister
0xf0cc4	_xxx_PORT_ENABLED
0xf0cd6	_xxx_cpu_control
0xf0ce7	_xxx_environment_port
0xf0cfd	_xxx_host_info
0xf0d0c	_xxx_slot_info
0xf0d2f	_yp_bind
0xf0d38	_yp_first
0xf0d42	_yp_get_default_domain
0xf0d59	_yp_master
0xf0d64	_yp_match
0xf0d6e	_yp_next
0xf0d77	_yp_order
0xf0d81	_yp_unbind
0xf0d8c	_yperr_string
0xf0d9a	_ypprot_err
0xf0db4	errlst.c
0xf0dbd	int:t1=r1;-2147483648;2147483647;
0xf0ddf	char:t2=r2;0;127;
0xf0df1	long int:t3=r1;-2147483648;2147483647;
0xf0e18	unsigned int:t4=r1;0;-1;
0xf0e31	long unsigned int:t5=r1;0;-1;
0xf0e4f	long long int:t6=r1;01000000000000000000000;0777777777777777777777;
0xf0e93	long long unsigned int:t7=r1;0000000000000;01777777777777777777777;
0xf0ed7	short int:t8=r1;-32768;32767;
0xf0ef5	short unsigned int:t9=r1;0;65535;
0xf0f17	signed char:t10=r1;-128;127;
0xf0f34	unsigned char:t11=r1;0;255;
0xf0f50	float:t12=r1;4;0;
0xf0f62	double:t13=r1;8;0;
0xf0f75	long double:t14=r1;12;0;
0xf0f8e	complex int:t15=s8real:1,0,32;imag:1,32,32;;
0xf0fbb	complex float:t16=r16;4;0;
0xf0fd6	complex double:t17=r17;8;0;
0xf0ff2	complex long double:t18=r18;12;0;
0xf1014	void:t19=19
0xf1020	sys_errlist:G20=ar1;0;-1;21=*2
0xf103f	__padding_sys_errlist:S22=ar1;0;32;21
0xf1065	___padding_sys_errlist
0xf107c	sys_nerr:G1
0xf1089	siglist.c
0xf1093	int:t1=r1;-2147483648;2147483647;
0xf10b5	char:t2=r2;0;127;
0xf10c7	long int:t3=r1;-2147483648;2147483647;
0xf10ee	unsigned int:t4=r1;0;-1;
0xf1107	long unsigned int:t5=r1;0;-1;
0xf1125	long long int:t6=r1;01000000000000000000000;0777777777777777777777;
0xf1169	long long unsigned int:t7=r1;0000000000000;01777777777777777777777;
0xf11ad	short int:t8=r1;-32768;32767;
0xf11cb	short unsigned int:t9=r1;0;65535;
0xf11ed	signed char:t10=r1;-128;127;
0xf120a	unsigned char:t11=r1;0;255;
0xf1226	float:t12=r1;4;0;
0xf1238	double:t13=r1;8;0;
0xf124b	long double:t14=r1;12;0;
0xf1264	complex int:t15=s8real:1,0,32;imag:1,32,32;;
0xf1291	complex float:t16=r16;4;0;
0xf12ac	complex double:t17=r17;8;0;
0xf12c8	complex long double:t18=r18;12;0;
0xf12ea	void:t19=19
0xf12f6	sig_atomic_t:t2
0xf1306	sigcontext:T20=s72sc_onstack:1,0,32;sc_mask:1,32,32;\
0xf133c	sc_eax:4,64,32;sc_ebx:4,96,32;sc_ecx:4,128,32;\
0xf136c	sc_edx:4,160,32;sc_edi:4,192,32;sc_esi:4,224,32;\
0xf139e	sc_ebp:4,256,32;sc_esp:4,288,32;sc_ss:4,320,32;\
0xf13cf	sc_eflags:4,352,32;sc_eip:4,384,32;sc_cs:4,416,32;\
0xf1403	sc_ds:4,448,32;sc_es:4,480,32;sc_fs:4,512,32;\
0xf1432	sc_gs:4,544,32;;
0xf1443	sigvec:T21=s12sv_handler:22=*23=f19,0,32;sv_mask:1,32,32;\
0xf147e	sv_flags:1,64,32;;
0xf1491	sigstack:T24=s8ss_sp:25=*2,0,32;ss_onstack:1,32,32;;
0xf14c6	sys_siglist:G26=ar1;0;49;27=*2
0xf14e6	ctype_.c
0xf14ef	int:t1=r1;-2147483648;2147483647;
0xf1511	char:t2=r2;0;127;
0xf1523	long int:t3=r1;-2147483648;2147483647;
0xf154a	unsigned int:t4=r1;0;-1;
0xf1563	long unsigned int:t5=r1;0;-1;
0xf1581	long long int:t6=r1;01000000000000000000000;0777777777777777777777;
0xf15c5	long long unsigned int:t7=r1;0000000000000;01777777777777777777777;
0xf1609	short int:t8=r1;-32768;32767;
0xf1627	short unsigned int:t9=r1;0;65535;
0xf1649	signed char:t10=r1;-128;127;
0xf1666	unsigned char:t11=r1;0;255;
0xf1682	float:t12=r1;4;0;
0xf1694	double:t13=r1;8;0;
0xf16a7	long double:t14=r1;12;0;
0xf16c0	complex int:t15=s8real:1,0,32;imag:1,32,32;;
0xf16ed	complex float:t16=r16;4;0;
0xf1708	complex double:t17=r17;8;0;
0xf1724	complex long double:t18=r18;12;0;
0xf1746	void:t19=19
0xf1752	_ctype_:G20=ar1;0;256;2
0xf176a	_ctype_padding:S21=ar1;0;2;2
0xf1787	__ctype_padding
0xf179e	int:t1=r1;-2147483648;2147483647;
0xf17c0	char:t2=r2;0;127;
0xf17d2	long int:t3=r1;-2147483648;2147483647;
0xf17f9	unsigned int:t4=r1;0;-1;
0xf1812	long unsigned int:t5=r1;0;-1;
0xf1830	long long int:t6=r1;01000000000000000000000;0777777777777777777777;
0xf1874	long long unsigned int:t7=r1;0000000000000;01777777777777777777777;
0xf18b8	short int:t8=r1;-32768;32767;
0xf18d6	short unsigned int:t9=r1;0;65535;
0xf18f8	signed char:t10=r1;-128;127;
0xf1915	unsigned char:t11=r1;0;255;
0xf1931	float:t12=r1;4;0;
0xf1943	double:t13=r1;8;0;
0xf1956	long double:t14=r1;12;0;
0xf196f	complex int:t15=s8real:1,0,32;imag:1,32,32;;
0xf199c	complex float:t16=r16;4;0;
0xf19b7	complex double:t17=r17;8;0;
0xf19d3	complex long double:t18=r18;12;0;
0xf19f5	void:t19=19
0xf1a01	size_t:t5
0xf1a0b	wchar_t:t9
0xf1a16	ptrdiff_t:t3
0xf1a23	va_list:t20=*2
0xf1a32	_iobuf:T21=s20_cnt:1,0,32;_ptr:20,32,32;\
0xf1a5c	_base:20,64,32;_bufsiz:1,96,32;_flag:8,128,16;\
0xf1a8c	_file:11,144,8;_smallbuf:2,152,8;;
0xf1aaf	fpos_t:t3
0xf1ab9	_iob:G22=ar1;0;19;21
0xf1acf	threads_data.c
0xf1ade	int:t1=r1;-2147483648;2147483647;
0xf1b00	char:t2=r2;0;127;
0xf1b12	long int:t3=r1;-2147483648;2147483647;
0xf1b39	unsigned int:t4=r1;0;-1;
0xf1b52	long unsigned int:t5=r1;0;-1;
0xf1b70	long long int:t6=r1;01000000000000000000000;0777777777777777777777;
0xf1bb4	long long unsigned int:t7=r1;0000000000000;01777777777777777777777;
0xf1bf8	short int:t8=r1;-32768;32767;
0xf1c16	short unsigned int:t9=r1;0;65535;
0xf1c38	signed char:t10=r1;-128;127;
0xf1c55	unsigned char:t11=r1;0;255;
0xf1c71	float:t12=r1;4;0;
0xf1c83	double:t13=r1;8;0;
0xf1c96	long double:t14=r1;12;0;
0xf1caf	complex int:t15=s8real:1,0,32;imag:1,32,32;;
0xf1cdc	complex float:t16=r16;4;0;
0xf1cf7	complex double:t17=r17;8;0;
0xf1d13	complex long double:t18=r18;12;0;
0xf1d35	void:t19=19
0xf1d41	msg_send_timeout:G1
0xf1d55	msg_receive_timeout:G1
0xf1d6c	mutex_spin_limit:G1
0xf1d80	cthread_stack_mask:G1
0xf1d96	_cthread_exit_routine:G20=*21=f1
0xf1db7	_cthread_init_routine:G20
0xf1dd1	cproc_default_stack_size:G4
0xf1ded	condition_spin_limit:G1
0xf1e05	condition_yield_limit:G1
0xf1e1e	initial_stack_boundary:G4
0xf1e38	cthread_stack_base:G4
0xf1e4e	malloc_lock:G1
0xf1e5d	_threads_data_padding:G22=ar1;0;207;2
0xf1e84	mach_data.c
0xf1e90	int:t1=r1;-2147483648;2147483647;
0xf1eb2	char:t2=r2;0;127;
0xf1ec4	long int:t3=r1;-2147483648;2147483647;
0xf1eeb	unsigned int:t4=r1;0;-1;
0xf1f04	long unsigned int:t5=r1;0;-1;
0xf1f22	long long int:t6=r1;01000000000000000000000;0777777777777777777777;
0xf1f66	long long unsigned int:t7=r1;0000000000000;01777777777777777777777;
0xf1faa	short int:t8=r1;-32768;32767;
0xf1fc8	short unsigned int:t9=r1;0;65535;
0xf1fea	signed char:t10=r1;-128;127;
0xf2007	unsigned char:t11=r1;0;255;
0xf2023	float:t12=r1;4;0;
0xf2035	double:t13=r1;8;0;
0xf2048	long double:t14=r1;12;0;
0xf2061	complex int:t15=s8real:1,0,32;imag:1,32,32;;
0xf208e	complex float:t16=r16;4;0;
0xf20a9	complex double:t17=r17;8;0;
0xf20c5	complex long double:t18=r18;12;0;
0xf20e7	void:t19=19
0xf20f3	natural_t:t4
0xf2100	integer_t:t1
0xf210d	vm_offset_t:t4
0xf211c	vm_size_t:t4
0xf2129	boolean_t:t4
0xf2136	slock:T20=s4locked:4,0,32;;
0xf2152	simple_lock_data_t:t20
0xf2169	simple_lock_t:t21=*20
0xf217f	machine_info:T22=s20major_version:1,0,32;minor_version:1,32,32;\
0xf21c0	max_cpus:1,64,32;avail_cpus:1,96,32;memory_size:4,128,32;;
0xf21fb	machine_info_t:t23=*22
0xf2212	machine_info_data_t:t22
0xf222a	cpu_type_t:t1
0xf2238	cpu_subtype_t:t1
0xf2249	machine_slot:T24=s32is_cpu:1,0,32;cpu_type:1,32,32;\
0xf227e	cpu_subtype:1,64,32;running:1,96,32;cpu_ticks:25=ar1;0;2;1,128,96;\
0xf22c2	clock_freq:1,224,32;;
0xf22d8	machine_slot_t:t26=*24
0xf22ef	machine_slot_data_t:t24
0xf2307	host_info_t:t27=*1
0xf231a	host_info_data_t:t28=ar1;0;1023;1
0xf233c	kernel_version_t:t29=ar1;0;511;2
0xf235d	host_basic_info:T30=s20max_cpus:1,0,32;avail_cpus:1,32,32;\
0xf2399	memory_size:4,64,32;cpu_type:1,96,32;cpu_subtype:1,128,32;;
0xf23d5	host_basic_info_data_t:t30
0xf23f0	host_basic_info_t:t31=*30
0xf240a	host_sched_info:T32=s8min_timeout:1,0,32;min_quantum:1,32,32;;
0xf2449	host_sched_info_data_t:t32
0xf2464	host_sched_info_t:t33=*32
0xf247e	host_load_info:T34=s24avenrun:25,0,96;mach_factor:25,96,96;;
0xf24bb	host_load_info_data_t:t34
0xf24d5	host_load_info_t:t35=*34
0xf24ee	mach_port_t:t4
0xf24fd	mach_port_array_t:t36=*4
0xf2516	mach_port_right_t:t4
0xf252b	mach_port_type_t:t4
0xf253f	mach_port_type_array_t:t37=*4
0xf255d	mach_port_urefs_t:t4
0xf2572	mach_port_delta_t:t1
0xf2587	mach_port_seqno_t:t4
0xf259c	mach_port_mscount_t:t4
0xf25b3	mach_port_msgcount_t:t4
0xf25cb	mach_port_rights_t:t4
0xf25e1	mach_port_status:T38=s36mps_pset:4,0,32;mps_seqno:4,32,32;\
0xf261d	mps_mscount:4,64,32;mps_qlimit:4,96,32;mps_msgcount:4,128,32;\
0xf265c	mps_sorights:4,160,32;mps_srights:4,192,32;mps_pdrequest:4,224,32;\
0xf26a0	mps_nsrequest:4,256,32;;
0xf26b9	mach_port_status_t:t38
0xf26d0	old_mach_port_status:T39=s32mps_pset:4,0,32;mps_mscount:4,32,32;\
0xf2712	mps_qlimit:4,64,32;mps_msgcount:4,96,32;mps_sorights:4,128,32;\
0xf2752	mps_srights:4,160,32;mps_pdrequest:4,192,32;mps_nsrequest:4,224,32;;
0xf2797	old_mach_port_status_t:t39
0xf27b2	port_name_t:t1
0xf27c1	port_set_name_t:t1
0xf27d4	port_name_array_t:t40=*1
0xf27ed	port_type_t:t1
0xf27fc	port_type_array_t:t41=*1
0xf2815	port_t:t1
0xf281f	port_rcv_t:t1
0xf282d	port_own_t:t1
0xf283b	port_all_t:t1
0xf2849	port_array_t:t42=*1
0xf285d	memory_object_t:t4
0xf2870	memory_object_control_t:t4
0xf288b	memory_object_name_t:t4
0xf28a3	memory_object_copy_strategy_t:t1
0xf28c4	memory_object_return_t:t1
0xf28de	processor_info_t:t27
0xf28f3	processor_info_data_t:t28
0xf290d	processor_set_info_t:t27
0xf2926	processor_set_info_data_t:t28
0xf2944	processor_basic_info:T43=s20cpu_type:1,0,32;cpu_subtype:1,32,32;\
0xf2986	running:1,64,32;slot_num:1,96,32;is_master:1,128,32;;
0xf29bc	processor_basic_info_data_t:t43
0xf29dc	processor_basic_info_t:t44=*43
0xf29fb	processor_set_basic_info:T45=s20processor_count:1,0,32;\
0xf2a34	task_count:1,32,32;thread_count:1,64,32;load_average:1,96,32;\
0xf2a73	mach_factor:1,128,32;;
0xf2a8a	processor_set_basic_info_data_t:t45
0xf2aae	processor_set_basic_info_t:t46=*45
0xf2ad1	processor_set_sched_info:T47=s8policies:1,0,32;max_priority:1,32,32;;
0xf2b17	processor_set_sched_info_data_t:t47
0xf2b3b	processor_set_sched_info_t:t48=*47
0xf2b5e	time_value:T49=s8seconds:1,0,32;microseconds:1,32,32;;
0xf2b95	time_value_t:t49
0xf2ba6	mapped_time_value:T50=s12seconds:1,0,32;microseconds:1,32,32;\
0xf2be5	check_seconds:1,64,32;;
0xf2bfd	mapped_time_value_t:t50
0xf2c15	task_info_t:t27
0xf2c25	task_info_data_t:t28
0xf2c3a	task_basic_info:T51=s32suspend_count:1,0,32;base_priority:1,32,32;\
0xf2c7e	virtual_size:4,64,32;resident_size:4,96,32;\
0xf2cab	user_time:49,128,64;system_time:49,192,64;;
0xf2cd7	task_basic_info_data_t:t51
0xf2cf2	task_basic_info_t:t52=*51
0xf2d0c	task_events_info:T53=s28faults:4,0,32;zero_fills:4,32,32;\
0xf2d47	reactivations:4,64,32;pageins:4,96,32;cow_faults:4,128,32;\
0xf2d83	messages_sent:4,160,32;messages_received:4,192,32;;
0xf2db7	task_events_info_data_t:t53
0xf2dd3	task_events_info_t:t54=*53
0xf2dee	task_thread_times_info:T55=s16user_time:49,0,64;system_time:49,64,64;;
0xf2e35	task_thread_times_info_data_t:t55
0xf2e57	task_thread_times_info_t:t56=*55
0xf2e78	thread_info_t:t27
0xf2e8a	thread_info_data_t:t28
0xf2ea1	thread_basic_info:T57=s44user_time:49,0,64;system_time:49,64,64;\
0xf2ee3	cpu_usage:1,128,32;base_priority:1,160,32;cur_priority:1,192,32;\
0xf2f25	run_state:1,224,32;flags:1,256,32;suspend_count:1,288,32;\
0xf2f60	sleep_time:1,320,32;;
0xf2f76	thread_basic_info_data_t:t57
0xf2f93	thread_basic_info_t:t58=*57
0xf2faf	thread_sched_info:T59=s28policy:1,0,32;data:1,32,32;\
0xf2fe5	base_priority:1,64,32;max_priority:1,96,32;\
0xf3012	cur_priority:1,128,32;depressed:1,160,32;depress_priority:1,192,32;;
0xf3057	thread_sched_info_data_t:t59
0xf3074	thread_sched_info_t:t60=*59
0xf3090	err_code_normal:T61=s4ext:4,0,1;tbl:4,1,2;\
0xf30bc	index:4,3,13;:4,16,16;;
0xf30d4	err_code_pgfault:T62=s4prot:4,0,1;wrtflt:4,1,1;\
0xf3105	user:4,2,1;:4,3,29;;
0xf311a	err_code:T63=u4normal:61,0,32;pgfault:62,0,32;;
0xf314a	err_code_t:t63
0xf3159	sel:T64=s2rpl:9,0,2;ti:9,2,1;\
0xf3178	index:9,3,13;;
0xf3187	sel_t:t64
0xf3191	except_frame:T65=s40err:63,0,32;eip:4,32,32;\
0xf31bf	cs:64,64,16;:4,96,0;eflags:4,96,32;\
0xf31e4	esp:4,128,32;ss:64,160,16;:4,192,0;\
0xf3209	v_es:9,192,16;:4,224,0;v_ds:9,224,16;\
0xf3230	:4,256,0;v_fs:9,256,16;:4,288,0;\
0xf3252	v_gs:9,288,16;:4,320,0;;
0xf326b	except_frame_t:t65
0xf327e	fp_data_reg:T66=s10mant:9,0,16;mant1:9,16,16;\
0xf32ad	mant2:9,32,16;mant3:9,48,16;exp:9,64,15;\
0xf32d7	sign:9,79,1;;
0xf32e5	fp_data_reg_t:t66
0xf32f7	fp_stack:T67=s80ST:68=ar1;0;7;66,0,640;;
0xf3320	fp_stack_t:t67
0xf332f	fp_tag:T69=s2tag0:9,0,2;tag1:9,2,2;\
0xf3354	tag2:9,4,2;tag3:9,6,2;tag4:9,8,2;\
0xf3377	tag5:9,10,2;tag6:9,12,2;tag7:9,14,2;;
0xf339d	fp_tag_t:t69
0xf33aa	fp_status:T70=s2invalid:9,0,1;denorm:9,1,1;\
0xf33d7	zdiv:9,2,1;ovrfl:9,3,1;undfl:9,4,1;\
0xf33fc	precis:9,5,1;stkflt:9,6,1;errsumm:9,7,1;\
0xf3426	c0:9,8,1;c1:9,9,1;c2:9,10,1;\
0xf3444	tos:9,11,3;c3:9,14,1;busy:9,15,1;;
0xf3467	fp_status_t:t70
0xf3477	fp_control:T71=s2invalid:9,0,1;denorm:9,1,1;\
0xf34a5	zdiv:9,2,1;ovrfl:9,3,1;undfl:9,4,1;\
0xf34ca	precis:9,5,1;:9,6,2;pc:9,8,2;\
0xf34e9	rc:9,10,2;:9,12,1;:9,13,3;;
0xf3505	fp_control_t:t71
0xf3516	fp_env:T72=s28control:71,0,16;:9,16,16;\
0xf353f	status:70,32,16;:9,48,16;tag:69,64,16;\
0xf3567	:9,80,16;ip:4,96,32;cs:64,128,16;\
0xf358a	opcode:9,144,16;dp:4,160,32;ds:64,192,16;\
0xf35b5	:9,208,16;;
0xf35c1	fp_env_t:t72
0xf35ce	fp_state:T73=s84_libsys_environ:74=*72,0,32;stack:67,32,640;;
0xf360c	fp_state_t:t73
0xf361b	i386_thread_state_t:t75=s64eax:4,0,32;ebx:4,32,32;\
0xf364f	ecx:4,64,32;edx:4,96,32;edi:4,128,32;\
0xf3676	esi:4,160,32;ebp:4,192,32;esp:4,224,32;\
0xf369f	ss:4,256,32;eflags:4,288,32;eip:4,320,32;\
0xf36ca	cs:4,352,32;ds:4,384,32;es:4,416,32;\
0xf36f0	fs:4,448,32;gs:4,480,32;;
0xf370a	i386_thread_fpstate_t:t76=s84_libsys_environ:74,0,32;\
0xf3741	stack:67,32,640;;
0xf3753	i386_thread_exceptstate_t:t77=s8trapno:4,0,32;err:63,32,32;;
0xf3790	i386_thread_cthreadstate_t:t78=s4self:4,0,32;;
0xf37bf	thread_state_t:t79=*4
0xf37d5	thread_state_data_t:t80=ar1;0;1023;4
0xf37fa	thread_state_flavor:T81=s8flavor:1,0,32;count:1,32,32;;
0xf3832	vm_machine_attribute_t:t4
0xf384c	vm_machine_attribute_val_t:t1
0xf386a	vm_inherit_t:t1
0xf387a	vm_prot_t:t1
0xf3887	vm_statistics:T82=s52pagesize:1,0,32;free_count:1,32,32;\
0xf38c1	active_count:1,64,32;inactive_count:1,96,32;\
0xf38ef	wire_count:1,128,32;zero_fill_count:1,160,32;\
0xf391e	reactivations:1,192,32;pageins:1,224,32;pageouts:1,256,32;\
0xf395a	faults:1,288,32;cow_faults:1,320,32;lookups:1,352,32;\
0xf3991	hits:1,384,32;;
0xf39a1	vm_statistics_t:t83=*82
0xf39b9	vm_statistics_data_t:t82
0xf39d2	pmap_statistics:T84=s8resident_count:1,0,32;wired_count:1,32,32;;
0xf3a14	pmap_statistics_t:t85=*84
0xf3a2e	task_t:t4
0xf3a38	task_array_t:t86=*4
0xf3a4c	vm_task_t:t4
0xf3a59	ipc_space_t:t4
0xf3a68	thread_t:t4
0xf3a74	thread_array_t:t87=*4
0xf3a8a	host_t:t4
0xf3a94	host_priv_t:t4
0xf3aa3	processor_t:t4
0xf3ab2	processor_array_t:t36
0xf3ac8	processor_set_t:t4
0xf3adb	processor_set_name_t:t4
0xf3af3	processor_set_array_t:t36
0xf3b0d	processor_set_name_array_t:t36
0xf3b2c	kern_return_t:t1
0xf3b3d	pointer_t:t4
0xf3b4a	vm_address_t:t4
0xf3b5a	vm_region_t:t4
0xf3b69	vm_region_array_t:t88=*4
0xf3b82	vm_page_data_t:t89=ar1;0;4095;2
0xf3ba2	mach_msg_timeout_t:t4
0xf3bb8	mach_msg_bits_t:t4
0xf3bcb	mach_msg_size_t:t4
0xf3bde	mach_msg_seqno_t:t4
0xf3bf2	mach_msg_id_t:t1
0xf3c03	mach_msg_header_t:t90=s24msgh_bits:4,0,32;msgh_size:4,32,32;\
0xf3c41	msgh_remote_port:4,64,32;msgh_local_port:4,96,32;\
0xf3c74	msgh_seqno:4,128,32;msgh_id:1,160,32;;
0xf3c9b	mach_msg_type_name_t:t4
0xf3cb3	mach_msg_type_size_t:t4
0xf3ccb	mach_msg_type_number_t:t4
0xf3ce5	mach_msg_type_t:t91=s4msgt_name:4,0,8;msgt_size:4,8,8;\
0xf3d1d	msgt_number:4,16,12;msgt_inline:4,28,1;msgt_longform:4,29,1;\
0xf3d5b	msgt_deallocate:4,30,1;msgt_unused:4,31,1;;
0xf3d87	mach_msg_type_long_t:t92=s12msgtl_header:91,0,32;msgtl_name:9,32,16;\
0xf3dcd	msgtl_size:9,48,16;msgtl_number:4,64,32;;
0xf3df7	mach_msg_option_t:t1
0xf3e0c	mach_msg_return_t:t1
0xf3e21	msg_size_t:t4
0xf3e2f	msg_header_t:t93=s24msg_unused:4,0,24;msg_simple:4,24,8;\
0xf3e69	msg_size:4,32,32;msg_type:1,64,32;msg_local_port:1,96,32;\
0xf3ea4	msg_remote_port:1,128,32;msg_id:1,160,32;;
0xf3ecf	msg_type_t:t94=s4msg_type_name:4,0,8;msg_type_size:4,8,8;\
0xf3f0a	msg_type_number:4,16,12;msg_type_inline:4,28,1;\
0xf3f3b	msg_type_longform:4,29,1;msg_type_deallocate:4,30,1;\
0xf3f71	msg_type_unused:4,31,1;;
0xf3f8a	msg_type_long_t:t95=s12msg_type_header:94,0,32;msg_type_long_name:9,32,16;\
0xf3fd6	msg_type_long_size:9,48,16;msg_type_long_number:4,64,32;;
0xf4010	msg_timeout_t:t4
0xf4021	msg_option_t:t1
0xf4031	msg_return_t:t1
0xf4041	task_self_:G1
0xf404f	name_server_port:G1
0xf4063	xxx_environment_port:G1
0xf407b	bootstrap_port:G1
0xf408d	vm_page_size:G4
0xf409d	xxx_PORT_ENABLED:G1
0xf40b1	_old_mach_init_ports:G42
0xf40ca	_old_mach_init_ports_count:G4
0xf40e8	mach_init_routine:G96=*97=f1
0xf4105	_old_next_minbrk
0xf4116	old_next_minbrk
0xf4126	_old_next_curbrk
0xf4137	old_next_curbrk
0xf4147	_mach_data_padding:G98=ar1;0;211;2
0xf416b	rpc_comdata.c
0xf4179	int:t1=r1;-2147483648;2147483647;
0xf419b	char:t2=r2;0;127;
0xf41ad	long int:t3=r1;-2147483648;2147483647;
0xf41d4	unsigned int:t4=r1;0;-1;
0xf41ed	long unsigned int:t5=r1;0;-1;
0xf420b	long long int:t6=r1;01000000000000000000000;0777777777777777777777;
0xf424f	long long unsigned int:t7=r1;0000000000000;01777777777777777777777;
0xf4293	short int:t8=r1;-32768;32767;
0xf42b1	short unsigned int:t9=r1;0;65535;
0xf42d3	signed char:t10=r1;-128;127;
0xf42f0	unsigned char:t11=r1;0;255;
0xf430c	float:t12=r1;4;0;
0xf431e	double:t13=r1;8;0;
0xf4331	long double:t14=r1;12;0;
0xf434a	complex int:t15=s8real:1,0,32;imag:1,32,32;;
0xf4377	complex float:t16=r16;4;0;
0xf4392	complex double:t17=r17;8;0;
0xf43ae	complex long double:t18=r18;12;0;
0xf43d0	void:t19=19
0xf43dc	size_t:t5
0xf43e6	wchar_t:t9
0xf43f1	ptrdiff_t:t3
0xf43fe	div_t:t20=s8quot:1,0,32;rem:1,32,32;;
0xf4424	ldiv_t:t21=s8quot:3,0,32;rem:3,32,32;;
0xf444b	NXSwappedFloat:t5
0xf445d	NXSwappedDouble:t7
0xf4470	llconv:T22=u8ull:7,0,64;ul:23=ar1;0;1;5,0,64;;
0xf449f	fconv:T24=u4number:12,0,32;sf:5,0,32;;
0xf44c6	fconv:T25=u4number:12,0,32;sf:5,0,32;;
0xf44ed	dconv:T26=u8number:13,0,64;sd:7,0,64;;
0xf4514	dconv:T27=u8number:13,0,64;sd:7,0,64;;
0xf453b	NXByteOrder:T28=eNX_UnknownByteOrder:0,NX_LittleEndian:1,\
0xf4576	NX_BigEndian:2,;
0xf4587	u_char:t11
0xf4592	u_short:t9
0xf459d	u_int:t4
0xf45a6	u_long:t5
0xf45b0	ushort:t9
0xf45ba	label_t:T29=s56val:30=ar1;0;13;1,0,448;;
0xf45e3	label_t:t29
0xf45ef	_quad:T31=s8val:32=ar1;0;1;3,0,64;;
0xf4613	quad:t31
0xf461c	daddr_t:t3
0xf4627	caddr_t:t33=*2
0xf4636	time_t:t3
0xf4640	dev_t:t8
0xf4649	gid_t:t8
0xf4652	uid_t:t8
0xf465b	ino_t:t5
0xf4664	off_t:t3
0xf466d	fd_mask:t3
0xf4678	fd_set:T34=s32fds_bits:35=ar1;0;7;3,0,256;;
0xf46a4	fd_set:t34
0xf46af	int8_t:t10
0xf46ba	u_int8_t:t11
0xf46c7	int16_t:t8
0xf46d2	u_int16_t:t9
0xf46df	int32_t:t1
0xf46ea	u_int32_t:t4
0xf46f7	int64_t:t6
0xf4702	u_int64_t:t7
0xf470f	timeval:T36=s8tv_sec:3,0,32;tv_usec:3,32,32;;
0xf473d	timezone:T37=s8tz_minuteswest:1,0,32;tz_dsttime:1,32,32;;
0xf4777	itimerval:T38=s16it_interval:36,0,64;it_value:36,64,64;;
0xf47b0	clock_t:t5
0xf47bb	tm:T39=s44tm_sec:1,0,32;tm_min:1,32,32;\
0xf47e4	tm_hour:1,64,32;tm_mday:1,96,32;tm_mon:1,128,32;\
0xf4816	tm_year:1,160,32;tm_wday:1,192,32;tm_yday:1,224,32;\
0xf484b	tm_isdst:1,256,32;tm_gmtoff:3,288,32;tm_zone:33,320,32;;
0xf4884	in_addr:T40=s4S_un:41=u4S_un_b:42=s4s_b1:11,0,8;\
0xf48b6	s_b2:11,8,8;s_b3:11,16,8;s_b4:11,24,8;;,0,32;\
0xf48e5	S_un_w:43=s4s_w1:9,0,16;s_w2:9,16,16;;,0,32;\
0xf4913	S_addr:5,0,32;;,0,32;;
0xf492a	sockaddr_in:T44=s16sin_family:8,0,16;sin_port:9,16,16;\
0xf4962	sin_addr:40,32,32;sin_zero:45=ar1;0;7;2,64,64;;
0xf4992	ip_mreq:T46=s8imr_multiaddr:40,0,32;imr_interface:40,32,32;;
0xf49cf	xdr_op:T47=eXDR_ENCODE:0,XDR_DECODE:1,XDR_FREE:2,;
0xf4a02	xdrproc_t:t48=*49=f1
0xf4a17	xdr_ops:T50=s32x_getlong:48,0,32;x_putlong:48,32,32;\
0xf4a4d	x_getbytes:48,64,32;x_putbytes:48,96,32;x_getpostn:51=*52=f4,128,32;\
0xf4a93	x_setpostn:48,160,32;x_inline:53=*54=f55=*3,192,32;\
0xf4ac8	x_destroy:56=*57=f19,224,32;;
0xf4ae6	XDR:t58=s24x_op:47,0,32;x_ops:59=*50,32,32;\
0xf4b13	x_public:33,64,32;x_private:33,96,32;x_base:33,128,32;\
0xf4b4b	x_handy:1,160,32;;
0xf4b5e	xdr_discrim:T60=s8value:1,0,32;proc:48,32,32;;
0xf4b8d	netobj:T61=s8n_len:4,0,32;n_bytes:33,32,32;;
0xf4bba	netobj:t61
0xf4bc5	u_int32:t5
0xf4bd0	auth_stat:T62=eAUTH_OK:0,AUTH_BADCRED:1,AUTH_REJECTEDCRED:2,\
0xf4c0e	AUTH_BADVERF:3,AUTH_REJECTEDVERF:4,AUTH_TOOWEAK:5,\
0xf4c42	AUTH_INVALIDRESP:6,AUTH_FAILED:7,;
0xf4c65	des_block:T63=u8key:64=s8high:5,0,32;low:5,32,32;;,0,64;\
0xf4c9f	c:45,0,64;;
0xf4cab	des_block:t63
0xf4cb9	opaque_auth:T65=s12oa_flavor:1,0,32;oa_base:33,32,32;\
0xf4cf0	oa_length:4,64,32;;
0xf4d04	auth_ops:T66=s20ah_nextverf:56,0,32;ah_marshal:48,32,32;\
0xf4d3e	ah_validate:48,64,32;ah_refresh:48,96,32;ah_destroy:56,128,32;;
0xf4d7e	AUTH:t67=s40ah_cred:65,0,96;ah_verf:65,96,96;\
0xf4dad	ah_ops:68=*66,192,32;ah_private:33,224,32;ah_key:63,256,64;;
0xf4dea	clnt_stat:T69=eRPC_SUCCESS:0,RPC_CANTENCODEARGS:1,\
0xf4e1e	RPC_CANTDECODERES:2,RPC_CANTSEND:3,RPC_CANTRECV:4,\
0xf4e52	RPC_TIMEDOUT:5,RPC_INTR:18,RPC_VERSMISMATCH:6,\
0xf4e82	RPC_AUTHERROR:7,RPC_PROGUNAVAIL:8,RPC_PROGVERSMISMATCH:9,\
0xf4ebd	RPC_PROCUNAVAIL:10,RPC_CANTDECODEARGS:11,RPC_SYSTEMERROR:12,\
0xf4efb	RPC_UNKNOWNHOST:13,RPC_UNKNOWNPROTO:17,RPC_PMAPFAILURE:14,\
0xf4f37	RPC_PROGNOTREGISTERED:15,RPC_FAILED:16,;
0xf4f60	rpc_err:T70=s12re_status:69,0,32;ru:71=u8RE_errno:1,0,32;\
0xf4f9b	RE_why:62,0,32;RE_vers:72=s8low:5,0,32;\
0xf4fc4	high:5,32,32;;,0,64;RE_lb:73=s8s1:3,0,32;\
0xf4fef	s2:3,32,32;;,0,64;;,32,64;;
0xf500b	clnt_ops:T74=s24cl_call:75=*76=f69,0,32;cl_abort:56,32,32;\
0xf5047	cl_geterr:56,64,32;cl_freeres:48,96,32;cl_destroy:56,128,32;\
0xf5085	cl_control:48,160,32;;
0xf509c	CLIENT:t77=s12cl_auth:78=*67,0,32;cl_ops:79=*74,32,32;\
0xf50d4	cl_private:33,64,32;;
0xf50ea	rpc_createerr:T80=s16cf_stat:69,0,32;cf_error:70,32,96;;
0xf5123	msg_type:T81=eCALL:0,REPLY:1,;
0xf5142	reply_stat:T82=eMSG_ACCEPTED:0,MSG_DENIED:1,;
0xf5170	accept_stat:T83=eSUCCESS:0,PROG_UNAVAIL:1,PROG_MISMATCH:2,\
0xf51ac	PROC_UNAVAIL:3,GARBAGE_ARGS:4,SYSTEM_ERR:5,;
0xf51d9	reject_stat:T84=eRPC_MISMATCH:0,AUTH_ERROR:1,;
0xf5208	accepted_reply:T85=s24ar_verf:65,0,96;ar_stat:83,96,32;\
0xf5241	ru:86=u8AR_versions:87=s8low:5,0,32;high:5,32,32;;,0,64;\
0xf527b	AR_results:88=s8where:33,0,32;proc:48,32,32;;,0,64;;,128,64;;
0xf52b9	rejected_reply:T89=s12rj_stat:84,0,32;ru:90=u8RJ_versions:91=s8low:5,0,32;\
0xf5305	high:5,32,32;;,0,64;RJ_why:62,0,32;;,32,64;;
0xf5332	reply_body:T92=s28rp_stat:82,0,32;ru:93=u24RP_ar:85,0,192;\
0xf536e	RP_dr:89,0,96;;,32,192;;
0xf5387	call_body:T94=s40cb_rpcvers:5,0,32;cb_prog:5,32,32;\
0xf53bc	cb_vers:5,64,32;cb_proc:5,96,32;cb_cred:65,128,96;\
0xf53f0	cb_verf:65,224,96;;
0xf5404	rpc_msg:T95=s48rm_xid:5,0,32;rm_direction:81,32,32;\
0xf5439	ru:96=u40RM_cmb:94,0,320;RM_rmb:92,0,224;;,64,320;;
0xf546d	authunix_parms:T97=s24aup_time:5,0,32;aup_machname:33,32,32;\
0xf54ab	aup_uid:1,64,32;aup_gid:1,96,32;aup_len:4,128,32;\
0xf54de	aup_gids:98=*1,160,32;;
0xf54f6	short_hand_verf:T99=s12new_cred:65,0,96;;
0xf5520	authdes_namekind:T100=eADN_FULLNAME:0,ADN_NICKNAME:1,;
0xf5557	authdes_fullname:T101=s16name:33,0,32;key:63,32,64;\
0xf558c	window:5,96,32;;
0xf559d	authdes_cred:T102=s24adc_namekind:100,0,32;adc_fullname:101,32,128;\
0xf55e2	adc_nickname:5,160,32;;
0xf55fa	authdes_verf:T103=s12adv_time_u:104=u8adv_ctime:36,0,64;\
0xf5634	adv_xtime:63,0,64;;,0,64;adv_int_u:5,64,32;;
0xf5661	xprt_stat:T105=eXPRT_DIED:0,XPRT_MOREREQS:1,XPRT_IDLE:2,;
0xf569b	xp_ops:T106=s24xp_recv:48,0,32;xp_stat:107=*108=f105,32,32;\
0xf56d8	xp_getargs:48,64,32;xp_reply:48,96,32;xp_freeargs:48,128,32;\
0xf5716	xp_destroy:56,160,32;;
0xf572d	SVCXPRT:t109=s52xp_sock:1,0,32;xp_port:9,32,16;\
0xf575e	xp_ops:110=*106,64,32;xp_addrlen:1,96,32;xp_raddr:44,128,128;\
0xf579d	xp_verf:65,256,96;xp_p1:33,352,32;xp_p2:33,384,32;;
0xf57d1	svc_req:T111=s32rq_prog:5,0,32;rq_vers:5,32,32;\
0xf5802	rq_proc:5,64,32;rq_cred:65,96,96;rq_clntcred:33,192,32;\
0xf583b	rq_xprt:112=*109,224,32;;
0xf5855	_null_auth:G65
0xf5864	svc_fdset:G34
0xf5872	rpc_createerr:G80
0xf5884	_rpc_comdata_padding:G113=ar1;0;195;2
0xf58ab	yp_data.c
0xf58b5	int:t1=r1;-2147483648;2147483647;
0xf58d7	char:t2=r2;0;127;
0xf58e9	long int:t3=r1;-2147483648;2147483647;
0xf5910	unsigned int:t4=r1;0;-1;
0xf5929	long unsigned int:t5=r1;0;-1;
0xf5947	long long int:t6=r1;01000000000000000000000;0777777777777777777777;
0xf598b	long long unsigned int:t7=r1;0000000000000;01777777777777777777777;
0xf59cf	short int:t8=r1;-32768;32767;
0xf59ed	short unsigned int:t9=r1;0;65535;
0xf5a0f	signed char:t10=r1;-128;127;
0xf5a2c	unsigned char:t11=r1;0;255;
0xf5a48	float:t12=r1;4;0;
0xf5a5a	double:t13=r1;8;0;
0xf5a6d	long double:t14=r1;12;0;
0xf5a86	complex int:t15=s8real:1,0,32;imag:1,32,32;;
0xf5ab3	complex float:t16=r16;4;0;
0xf5ace	complex double:t17=r17;8;0;
0xf5aea	complex long double:t18=r18;12;0;
0xf5b0c	void:t19=19
0xf5b18	timeval:T20=s8tv_sec:3,0,32;tv_usec:3,32,32;;
0xf5b46	timezone:T21=s8tz_minuteswest:1,0,32;tz_dsttime:1,32,32;;
0xf5b80	itimerval:T22=s16it_interval:20,0,64;it_value:20,64,64;;
0xf5bb9	size_t:t5
0xf5bc3	wchar_t:t9
0xf5bce	ptrdiff_t:t3
0xf5bdb	clock_t:t5
0xf5be6	time_t:t3
0xf5bf0	tm:T23=s44tm_sec:1,0,32;tm_min:1,32,32;\
0xf5c19	tm_hour:1,64,32;tm_mday:1,96,32;tm_mon:1,128,32;\
0xf5c4b	tm_year:1,160,32;tm_wday:1,192,32;tm_yday:1,224,32;\
0xf5c80	tm_isdst:1,256,32;tm_gmtoff:3,288,32;tm_zone:24=*2,320,32;;
0xf5cbc	_ypsleeptime:G4
0xf5ccc	_ypserv_timeout:G20
0xf5ce0	_yp_data_padding:G25=ar1;0;51;2
0xf5d01	getopt_data.c
0xf5d0f	int:t1=r1;-2147483648;2147483647;
0xf5d31	char:t2=r2;0;127;
0xf5d43	long int:t3=r1;-2147483648;2147483647;
0xf5d6a	unsigned int:t4=r1;0;-1;
0xf5d83	long unsigned int:t5=r1;0;-1;
0xf5da1	long long int:t6=r1;01000000000000000000000;0777777777777777777777;
0xf5de5	long long unsigned int:t7=r1;0000000000000;01777777777777777777777;
0xf5e29	short int:t8=r1;-32768;32767;
0xf5e47	short unsigned int:t9=r1;0;65535;
0xf5e69	signed char:t10=r1;-128;127;
0xf5e86	unsigned char:t11=r1;0;255;
0xf5ea2	float:t12=r1;4;0;
0xf5eb4	double:t13=r1;8;0;
0xf5ec7	long double:t14=r1;12;0;
0xf5ee0	complex int:t15=s8real:1,0,32;imag:1,32,32;;
0xf5f0d	complex float:t16=r16;4;0;
0xf5f28	complex double:t17=r17;8;0;
0xf5f44	complex long double:t18=r18;12;0;
0xf5f66	void:t19=19
0xf5f72	opterr:G1
0xf5f7c	optind:G1
0xf5f86	optopt:G1
0xf5f90	optarg:G20=*2
0xf5f9f	ctime_data.c
0xf5fac	int:t1=r1;-2147483648;2147483647;
0xf5fce	char:t2=r2;0;127;
0xf5fe0	long int:t3=r1;-2147483648;2147483647;
0xf6007	unsigned int:t4=r1;0;-1;
0xf6020	long unsigned int:t5=r1;0;-1;
0xf603e	long long int:t6=r1;01000000000000000000000;0777777777777777777777;
0xf6082	long long unsigned int:t7=r1;0000000000000;01777777777777777777777;
0xf60c6	short int:t8=r1;-32768;32767;
0xf60e4	short unsigned int:t9=r1;0;65535;
0xf6106	signed char:t10=r1;-128;127;
0xf6123	unsigned char:t11=r1;0;255;
0xf613f	float:t12=r1;4;0;
0xf6151	double:t13=r1;8;0;
0xf6164	long double:t14=r1;12;0;
0xf617d	complex int:t15=s8real:1,0,32;imag:1,32,32;;
0xf61aa	complex float:t16=r16;4;0;
0xf61c5	complex double:t17=r17;8;0;
0xf61e1	complex long double:t18=r18;12;0;
0xf6203	void:t19=19
0xf620f	GMT:S20=ar1;0;3;2
0xf6226	tzname:G21=ar1;0;1;22=*2
0xf6248	int:t1=r1;-2147483648;2147483647;
0xf626a	char:t2=r2;0;127;
0xf627c	long int:t3=r1;-2147483648;2147483647;
0xf62a3	unsigned int:t4=r1;0;-1;
0xf62bc	long unsigned int:t5=r1;0;-1;
0xf62da	long long int:t6=r1;01000000000000000000000;0777777777777777777777;
0xf631e	long long unsigned int:t7=r1;0000000000000;01777777777777777777777;
0xf6362	short int:t8=r1;-32768;32767;
0xf6380	short unsigned int:t9=r1;0;65535;
0xf63a2	signed char:t10=r1;-128;127;
0xf63bf	unsigned char:t11=r1;0;255;
0xf63db	float:t12=r1;4;0;
0xf63ed	double:t13=r1;8;0;
0xf6400	long double:t14=r1;12;0;
0xf6419	complex int:t15=s8real:1,0,32;imag:1,32,32;;
0xf6446	complex float:t16=r16;4;0;
0xf6461	complex double:t17=r17;8;0;
0xf647d	complex long double:t18=r18;12;0;
0xf649f	void:t19=19
0xf64ab	errno:G1
0xf64b5	ni_data.c
0xf64bf	int:t1=r1;-2147483648;2147483647;
0xf64e1	char:t2=r2;0;127;
0xf64f3	long int:t3=r1;-2147483648;2147483647;
0xf651a	unsigned int:t4=r1;0;-1;
0xf6533	long unsigned int:t5=r1;0;-1;
0xf6551	long long int:t6=r1;01000000000000000000000;0777777777777777777777;
0xf6595	long long unsigned int:t7=r1;0000000000000;01777777777777777777777;
0xf65d9	short int:t8=r1;-32768;32767;
0xf65f7	short unsigned int:t9=r1;0;65535;
0xf6619	signed char:t10=r1;-128;127;
0xf6636	unsigned char:t11=r1;0;255;
0xf6652	float:t12=r1;4;0;
0xf6664	double:t13=r1;8;0;
0xf6677	long double:t14=r1;12;0;
0xf6690	complex int:t15=s8real:1,0,32;imag:1,32,32;;
0xf66bd	complex float:t16=r16;4;0;
0xf66d8	complex double:t17=r17;8;0;
0xf66f4	complex long double:t18=r18;12;0;
0xf6716	void:t19=19
0xf6722	h_errno:G1
0xf672e	__libsys_pointers_pad
0xf6744	signgam.c
0xf674e	int:t1=r1;-2147483648;2147483647;
0xf6770	char:t2=r2;0;127;
0xf6782	long int:t3=r1;-2147483648;2147483647;
0xf67a9	unsigned int:t4=r1;0;-1;
0xf67c2	long unsigned int:t5=r1;0;-1;
0xf67e0	long long int:t6=r1;01000000000000000000000;0777777777777777777777;
0xf6824	long long unsigned int:t7=r1;0000000000000;01777777777777777777777;
0xf6868	short int:t8=r1;-32768;32767;
0xf6886	short unsigned int:t9=r1;0;65535;
0xf68a8	signed char:t10=r1;-128;127;
0xf68c5	unsigned char:t11=r1;0;255;
0xf68e1	float:t12=r1;4;0;
0xf68f3	double:t13=r1;8;0;
0xf6906	long double:t14=r1;12;0;
0xf691f	complex int:t15=s8real:1,0,32;imag:1,32,32;;
0xf694c	complex float:t16=r16;4;0;
0xf6967	complex double:t17=r17;8;0;
0xf6983	complex long double:t18=r18;12;0;
0xf69a5	void:t19=19
0xf69b1	signgam:G1
0xf69bd	__NXStreamsTextPad
0xf69d0	__NXStreamsLiteralTextPad
0xf69ea	dbGlobals.c
0xf69f6	int:t1=r1;-2147483648;2147483647;
0xf6a18	char:t2=r2;0;127;
0xf6a2a	long int:t3=r1;-2147483648;2147483647;
0xf6a51	unsigned int:t4=r1;0;-1;
0xf6a6a	long unsigned int:t5=r1;0;-1;
0xf6a88	long long int:t6=r1;01000000000000000000000;0777777777777777777777;
0xf6acc	long long unsigned int:t7=r1;0000000000000;01777777777777777777777;
0xf6b10	short int:t8=r1;-32768;32767;
0xf6b2e	short unsigned int:t9=r1;0;65535;
0xf6b50	signed char:t10=r1;-128;127;
0xf6b6d	unsigned char:t11=r1;0;255;
0xf6b89	float:t12=r1;4;0;
0xf6b9b	double:t13=r1;8;0;
0xf6bae	long double:t14=r1;12;0;
0xf6bc7	complex int:t15=s8real:1,0,32;imag:1,32,32;;
0xf6bf4	complex float:t16=r16;4;0;
0xf6c0f	complex double:t17=r17;8;0;
0xf6c2b	complex long double:t18=r18;12;0;
0xf6c4d	void:t19=19
0xf6c59	size_t:t5
0xf6c63	wchar_t:t9
0xf6c6e	ptrdiff_t:t3
0xf6c7b	div_t:t20=s8quot:1,0,32;rem:1,32,32;;
0xf6ca1	ldiv_t:t21=s8quot:3,0,32;rem:3,32,32;;
0xf6cc8	NXSwappedFloat:t5
0xf6cda	NXSwappedDouble:t7
0xf6ced	llconv:T22=u8ull:7,0,64;ul:23=ar1;0;1;5,0,64;;
0xf6d1c	fconv:T24=u4number:12,0,32;sf:5,0,32;;
0xf6d43	fconv:T25=u4number:12,0,32;sf:5,0,32;;
0xf6d6a	dconv:T26=u8number:13,0,64;sd:7,0,64;;
0xf6d91	dconv:T27=u8number:13,0,64;sd:7,0,64;;
0xf6db8	NXByteOrder:T28=eNX_UnknownByteOrder:0,NX_LittleEndian:1,\
0xf6df3	NX_BigEndian:2,;
0xf6e04	va_list:t29=*2
0xf6e13	_iobuf:T30=s20_cnt:1,0,32;_ptr:29,32,32;\
0xf6e3d	_base:29,64,32;_bufsiz:1,96,32;_flag:8,128,16;\
0xf6e6d	_file:11,144,8;_smallbuf:2,152,8;;
0xf6e90	fpos_t:t3
0xf6e9a	clock_t:t5
0xf6ea5	time_t:t3
0xf6eaf	tm:T31=s44tm_sec:1,0,32;tm_min:1,32,32;\
0xf6ed8	tm_hour:1,64,32;tm_mday:1,96,32;tm_mon:1,128,32;\
0xf6f0a	tm_year:1,160,32;tm_wday:1,192,32;tm_yday:1,224,32;\
0xf6f3f	tm_isdst:1,256,32;tm_gmtoff:3,288,32;tm_zone:29,320,32;;
0xf6f78	u_char:t11
0xf6f83	u_short:t9
0xf6f8e	u_int:t4
0xf6f97	u_long:t5
0xf6fa1	ushort:t9
0xf6fab	label_t:T32=s56val:33=ar1;0;13;1,0,448;;
0xf6fd4	label_t:t32
0xf6fe0	_quad:T34=s8val:35=ar1;0;1;3,0,64;;
0xf7004	quad:t34
0xf700d	daddr_t:t3
0xf7018	caddr_t:t29
0xf7024	dev_t:t8
0xf702d	gid_t:t8
0xf7036	uid_t:t8
0xf703f	ino_t:t5
0xf7048	off_t:t3
0xf7051	fd_mask:t3
0xf705c	fd_set:T36=s32fds_bits:37=ar1;0;7;3,0,256;;
0xf7088	fd_set:t36
0xf7093	int8_t:t10
0xf709e	u_int8_t:t11
0xf70ab	int16_t:t8
0xf70b6	u_int16_t:t9
0xf70c3	int32_t:t1
0xf70ce	u_int32_t:t4
0xf70db	int64_t:t6
0xf70e6	u_int64_t:t7
0xf70f3	wait:T38=u4w_status:1,0,32;w_T:39=s2w_Termsig:9,0,7;\
0xf7129	w_Coredump:9,7,1;w_Retcode:9,8,8;;,0,16;\
0xf7153	w_S:40=s2w_Stopval:9,0,8;w_Stopsig:9,8,8;;,0,16;;
0xf7185	timeval:T41=s8tv_sec:3,0,32;tv_usec:3,32,32;;
0xf71b3	timezone:T42=s8tz_minuteswest:1,0,32;tz_dsttime:1,32,32;;
0xf71ed	itimerval:T43=s16it_interval:41,0,64;it_value:41,64,64;;
0xf7226	rusage:T44=s72ru_utime:41,0,64;ru_stime:41,64,64;\
0xf7259	ru_maxrss:3,128,32;ru_ixrss:3,160,32;ru_idrss:3,192,32;\
0xf7292	ru_isrss:3,224,32;ru_minflt:3,256,32;ru_majflt:3,288,32;\
0xf72cc	ru_nswap:3,320,32;ru_inblock:3,352,32;ru_oublock:3,384,32;\
0xf7308	ru_msgsnd:3,416,32;ru_msgrcv:3,448,32;ru_nsignals:3,480,32;\
0xf7345	ru_nvcsw:3,512,32;ru_nivcsw:3,544,32;;
0xf736c	rlimit:T45=s8rlim_cur:1,0,32;rlim_max:1,32,32;;
0xf739c	rusage_dev:T46=s76ru_rusage:44,0,576;ru_dev:8,576,16;;
0xf73d3	tms:T47=s16tms_utime:3,0,32;tms_stime:3,32,32;\
0xf7403	tms_cutime:3,64,32;tms_cstime:3,96,32;;
0xf742b	natural_t:t4
0xf7438	integer_t:t1
0xf7445	vm_offset_t:t4
0xf7454	vm_size_t:t4
0xf7461	boolean_t:t4
0xf746e	slock:T48=s4locked:4,0,32;;
0xf748a	simple_lock_data_t:t48
0xf74a1	simple_lock_t:t49=*48
0xf74b7	sigcontext:T50=s72sc_onstack:1,0,32;sc_mask:1,32,32;\
0xf74ed	sc_eax:4,64,32;sc_ebx:4,96,32;sc_ecx:4,128,32;\
0xf751d	sc_edx:4,160,32;sc_edi:4,192,32;sc_esi:4,224,32;\
0xf754f	sc_ebp:4,256,32;sc_esp:4,288,32;sc_ss:4,320,32;\
0xf7580	sc_eflags:4,352,32;sc_eip:4,384,32;sc_cs:4,416,32;\
0xf75b4	sc_ds:4,448,32;sc_es:4,480,32;sc_fs:4,512,32;\
0xf75e3	sc_gs:4,544,32;;
0xf75f4	sigvec:T51=s12sv_handler:52=*53=f19,0,32;sv_mask:1,32,32;\
0xf762f	sv_flags:1,64,32;;
0xf7642	sigstack:T54=s8ss_sp:29,0,32;ss_onstack:1,32,32;;
0xf7674	sig_atomic_t:t2
0xf7684	stat:T55=s64st_dev:8,0,16;st_ino:5,32,32;\
0xf76af	st_mode:9,64,16;st_nlink:8,80,16;st_uid:8,96,16;\
0xf76e1	st_gid:8,112,16;st_rdev:8,128,16;st_size:3,160,32;\
0xf7715	st_atime:3,192,32;st_spare1:1,224,32;st_mtime:3,256,32;\
0xf774e	st_spare2:1,288,32;st_ctime:3,320,32;st_spare3:1,352,32;\
0xf7788	st_blksize:3,384,32;st_blocks:3,416,32;st_spare4:35,448,64;;
0xf77c5	flock:T56=s16l_type:8,0,16;l_whence:8,16,16;\
0xf77f3	l_start:3,32,32;l_len:3,64,32;l_pid:8,96,16;\
0xf7821	l_xxx:8,112,16;;
0xf7832	linger:T57=s8l_onoff:1,0,32;l_linger:1,32,32;;
0xf7861	sockaddr:T58=s16sa_family:9,0,16;sa_data:59=ar1;0;13;2,16,112;;
0xf78a1	sockproto:T60=s4sp_family:9,0,16;sp_protocol:9,16,16;;
0xf78d8	msghdr:T61=s24msg_name:29,0,32;msg_namelen:1,32,32;\
0xf790d	msg_iov:62=*63=xsiovec:,64,32;msg_iovlen:1,96,32;\
0xf7940	msg_accrights:29,128,32;msg_accrightslen:1,160,32;;
0xf7974	fsid_t:t64=s8val:35,0,64;;
0xf798f	fid:T65=s18fid_len:9,0,16;fid_data:66=ar1;0;15;2,16,128;;
0xf79c9	vfs:T67=s300vfs_next:68=*67,0,32;vfs_op:69=*70=xsvfsops:,32,32;\
0xf7a0a	vfs_vnodecovered:71=*72=xsvnode:,64,32;vfs_flag:1,96,32;\
0xf7a44	vfs_bsize:1,128,32;vfs_fsid:64,160,64;vfs_stats:29,224,32;\
0xf7a80	vfs_name:73=ar1;0;255;2,256,2048;vfs_nextentry:68,2304,32;\
0xf7abc	vfs_uid:8,2336,16;vfs_data:29,2368,32;;
0xf7ae4	vfsops:T70=s32vfs_mount:74=*75=f1,0,32;vfs_unmount:74,32,32;\
0xf7b22	vfs_root:74,64,32;vfs_statfs:74,96,32;vfs_sync:74,128,32;\
0xf7b5d	vfs_vget:74,160,32;vfs_mountroot:74,192,32;vfs_swapvp:74,224,32;;
0xf7b9f	statfs:T76=s64f_type:3,0,32;f_bsize:3,32,32;\
0xf7bcd	f_blocks:3,64,32;f_bfree:3,96,32;f_bavail:3,128,32;\
0xf7c02	f_files:3,160,32;f_ffree:3,192,32;f_fsid:64,224,64;\
0xf7c37	f_spare:77=ar1;0;6;3,288,224;;
0xf7c56	ttychars:T78=s14tc_erase:2,0,8;tc_kill:2,8,8;\
0xf7c85	tc_intrc:2,16,8;tc_quitc:2,24,8;tc_startc:2,32,8;\
0xf7cb8	tc_stopc:2,40,8;tc_eofc:2,48,8;tc_brkc:2,56,8;\
0xf7ce8	tc_suspc:2,64,8;tc_dsuspc:2,72,8;tc_rprntc:2,80,8;\
0xf7d1c	tc_flushc:2,88,8;tc_werasc:2,96,8;tc_lnextc:2,104,8;;
0xf7d52	tchars:T79=s6t_intrc:2,0,8;t_quitc:2,8,8;\
0xf7d7d	t_startc:2,16,8;t_stopc:2,24,8;t_eofc:2,32,8;\
0xf7dac	t_brkc:2,40,8;;
0xf7dbc	ltchars:T80=s6t_suspc:2,0,8;t_dsuspc:2,8,8;\
0xf7de9	t_rprntc:2,16,8;t_flushc:2,24,8;t_werasc:2,32,8;\
0xf7e1b	t_lnextc:2,40,8;;
0xf7e2d	sgttyb:T81=s6sg_ispeed:2,0,8;sg_ospeed:2,8,8;\
0xf7e5c	sg_erase:2,16,8;sg_kill:2,24,8;sg_flags:8,32,16;;
0xf7e8e	winsize:T82=s8ws_row:9,0,16;ws_col:9,16,16;\
0xf7ebb	ws_xpixel:9,32,16;ws_ypixel:9,48,16;;
0xf7ee1	ttysize:T83=s8ts_lines:9,0,16;ts_cols:9,16,16;\
0xf7f11	ts_xxx:9,32,16;ts_yyy:9,48,16;;
0xf7f31	tcflag_t:t5
0xf7f3d	cc_t:t11
0xf7f46	speed_t:t2
0xf7f51	termios:T84=s36c_iflag:5,0,32;c_oflag:5,32,32;\
0xf7f81	c_cflag:5,64,32;c_lflag:5,96,32;c_cc:85=ar1;0;16;11,128,136;\
0xf7fbf	c_ispeed:2,264,8;c_ospeed:2,272,8;;
0xf7fe3	in_addr:T86=s4S_un:87=u4S_un_b:88=s4s_b1:11,0,8;\
0xf8015	s_b2:11,8,8;s_b3:11,16,8;s_b4:11,24,8;;,0,32;\
0xf8044	S_un_w:89=s4s_w1:9,0,16;s_w2:9,16,16;;,0,32;\
0xf8072	S_addr:5,0,32;;,0,32;;
0xf8089	sockaddr_in:T90=s16sin_family:8,0,16;sin_port:9,16,16;\
0xf80c1	sin_addr:86,32,32;sin_zero:91=ar1;0;7;2,64,64;;
0xf80f1	ip_mreq:T92=s8imr_multiaddr:86,0,32;imr_interface:86,32,32;;
0xf812e	kern_return_t:t1
0xf813f	qelem:T93=s12q_forw:94=*93,0,32;q_back:94,32,32;\
0xf8171	q_data:29,64,32;;
0xf8183	uword2:t9
0xf818d	word2:t8
0xf8196	uword4:t4
0xf81a0	word4:t1
0xf81a9	 :T95=edbCopyLength:0,dbCopyRecord:1,dbCopyPointer:2,\
0xf81e0	dbCopyKeyOnly:3,;
0xf81f2	dbCopyType:t95
0xf8201	lhead:t96=s12flag:9,0,16;ldepth:9,16,16;\
0xf822b	lsize:9,32,16;lrcnt:9,48,16;reserved:9,64,16;\
0xf825a	ldata:9,80,16;;
0xf826a	Leaf:T97=s20flag:9,0,16;lp:4,32,32;\
0xf828f	leafp:98=u4ulbuf:29,0,32;ulhd:99=*96,0,32;;,64,32;\
0xf82c3	list:100=*9,96,32;lnext:101=*97,128,32;;
0xf82ec	Leaf:t97
0xf82f5	dhead:t102=s16magic:4,0,32;flag:9,32,16;\
0xf831f	depth:9,48,16;reserved:9,64,16;llen:9,80,16;\
0xf834d	dlcnt:4,96,32;;
0xf835d	Database:T103=s624name:29,0,32;flag:1,32,32;\
0xf838b	D:1,64,32;L:1,96,32;cache:9,128,16;\
0xf83b0	alloc:9,144,16;nopen:9,160,16;recno:9,176,16;\
0xf83df	d:102,192,128;clidx:1,320,32;cleaf:104=*97,352,32;\
0xf8413	free:104,384,32;table:105=ar1;0;140;104,416,4512;\
0xf8446	dir:106=*4,4928,32;dnext:107=*103,4960,32;;
0xf8472	Database:t103
0xf8480	Datum:t108=s8s:29,0,32;n:9,32,16;;
0xf84a3	Data:t109=s16k:108,0,64;c:108,64,64;;
0xf84c9	 :T110=edbErrorNoError:0,dbErrorLockFailed:1,dbErrorReadOnly:2,\
0xf850a	dbErrorNoKey:3,dbErrorNoRoom:4,dbErrorNoMemory:5,\
0xf853d	dbErrorTooLarge:6,dbErrorTooDeep:7,dbErrorInternal:8,\
0xf8574	dbErrorSystem:100,;
0xf8588	dbErrorType:t110
0xf8599	datum:t111=s8dptr:29,0,32;dsize:1,32,32;;
0xf85c3	_db_global_text_pad:S73
0xf85db	__db_global_text_pad
0xf85f0	_dbDirExtension:S112=ar1;0;2;2
0xf860f	__dbDirExtension
0xf8620	_dbLeafExtension:S113=ar1;0;2;2
0xf8640	__dbLeafExtension
0xf8652	_db_literal_text_pad:S114=ar1;0;249;2
0xf8678	__db_literal_text_pad
0xf868e	_dbLeafCount:G1
0xf869e	_dbstrbuf:G115=ar1;0;199;2
0xf86b9	_DB:G116=*103
0xf86c7	dbErrors:G1
0xf86d3	dbFlags:G1
0xf86de	dbMode:G1
0xf86e8	dbMaxLeafBuf:G1
0xf86f8	dbLeafSize:G1
0xf8706	dbMsgs:G117=*30
0xf8716	dbDirExtension:G29
0xf8729	dbLeafExtension:G29
0xf873d	dbErrorNo:G110
0xf874c	dbSizeTable:G118=*4
0xf8760	_db_data_pad:G119=ar1;0;263;2
0xf877f	__objc_global_text_pad
0xf8796	__objc_literal_text_pad
0xf87ae	res_data.c
0xf87b9	int:t1=r1;-2147483648;2147483647;
0xf87db	char:t2=r2;0;127;
0xf87ed	long int:t3=r1;-2147483648;2147483647;
0xf8814	unsigned int:t4=r1;0;-1;
0xf882d	long unsigned int:t5=r1;0;-1;
0xf884b	long long int:t6=r1;01000000000000000000000;0777777777777777777777;
0xf888f	long long unsigned int:t7=r1;0000000000000;01777777777777777777777;
0xf88d3	short int:t8=r1;-32768;32767;
0xf88f1	short unsigned int:t9=r1;0;65535;
0xf8913	signed char:t10=r1;-128;127;
0xf8930	unsigned char:t11=r1;0;255;
0xf894c	float:t12=r1;4;0;
0xf895e	double:t13=r1;8;0;
0xf8971	long double:t14=r1;12;0;
0xf898a	complex int:t15=s8real:1,0,32;imag:1,32,32;;
0xf89b7	complex float:t16=r16;4;0;
0xf89d2	complex double:t17=r17;8;0;
0xf89ee	complex long double:t18=r18;12;0;
0xf8a10	void:t19=19
0xf8a1c	NXSwappedFloat:t5
0xf8a2e	NXSwappedDouble:t7
0xf8a41	llconv:T20=u8ull:7,0,64;ul:21=ar1;0;1;5,0,64;;
0xf8a70	fconv:T22=u4number:12,0,32;sf:5,0,32;;
0xf8a97	fconv:T23=u4number:12,0,32;sf:5,0,32;;
0xf8abe	dconv:T24=u8number:13,0,64;sd:7,0,64;;
0xf8ae5	dconv:T25=u8number:13,0,64;sd:7,0,64;;
0xf8b0c	NXByteOrder:T26=eNX_UnknownByteOrder:0,NX_LittleEndian:1,\
0xf8b47	NX_BigEndian:2,;
0xf8b58	u_char:t11
0xf8b63	u_short:t9
0xf8b6e	u_int:t4
0xf8b77	u_long:t5
0xf8b81	ushort:t9
0xf8b8b	label_t:T27=s56val:28=ar1;0;13;1,0,448;;
0xf8bb4	label_t:t27
0xf8bc0	_quad:T29=s8val:30=ar1;0;1;3,0,64;;
0xf8be4	quad:t29
0xf8bed	daddr_t:t3
0xf8bf8	caddr_t:t31=*2
0xf8c07	time_t:t3
0xf8c11	size_t:t5
0xf8c1b	dev_t:t8
0xf8c24	gid_t:t8
0xf8c2d	uid_t:t8
0xf8c36	ino_t:t5
0xf8c3f	off_t:t3
0xf8c48	fd_mask:t3
0xf8c53	fd_set:T32=s32fds_bits:33=ar1;0;7;3,0,256;;
0xf8c7f	fd_set:t32
0xf8c8a	int8_t:t10
0xf8c95	u_int8_t:t11
0xf8ca2	int16_t:t8
0xf8cad	u_int16_t:t9
0xf8cba	int32_t:t1
0xf8cc5	u_int32_t:t4
0xf8cd2	int64_t:t6
0xf8cdd	u_int64_t:t7
0xf8cea	linger:T34=s8l_onoff:1,0,32;l_linger:1,32,32;;
0xf8d19	sockaddr:T35=s16sa_family:9,0,16;sa_data:36=ar1;0;13;2,16,112;;
0xf8d59	sockproto:T37=s4sp_family:9,0,16;sp_protocol:9,16,16;;
0xf8d90	msghdr:T38=s24msg_name:31,0,32;msg_namelen:1,32,32;\
0xf8dc5	msg_iov:39=*40=xsiovec:,64,32;msg_iovlen:1,96,32;\
0xf8df8	msg_accrights:31,128,32;msg_accrightslen:1,160,32;;
0xf8e2c	in_addr:T41=s4S_un:42=u4S_un_b:43=s4s_b1:11,0,8;\
0xf8e5e	s_b2:11,8,8;s_b3:11,16,8;s_b4:11,24,8;;,0,32;\
0xf8e8d	S_un_w:44=s4s_w1:9,0,16;s_w2:9,16,16;;,0,32;\
0xf8ebb	S_addr:5,0,32;;,0,32;;
0xf8ed2	sockaddr_in:T45=s16sin_family:8,0,16;sin_port:9,16,16;\
0xf8f0a	sin_addr:41,32,32;sin_zero:46=ar1;0;7;2,64,64;;
0xf8f3a	ip_mreq:T47=s8imr_multiaddr:41,0,32;imr_interface:41,32,32;;
0xf8f77	wchar_t:t9
0xf8f82	ptrdiff_t:t3
0xf8f8f	va_list:t31
0xf8f9b	_iobuf:T48=s20_cnt:1,0,32;_ptr:31,32,32;\
0xf8fc5	_base:31,64,32;_bufsiz:1,96,32;_flag:8,128,16;\
0xf8ff5	_file:11,144,8;_smallbuf:2,152,8;;
0xf9018	fpos_t:t3
0xf9022	natural_t:t4
0xf902f	integer_t:t1
0xf903c	vm_offset_t:t4
0xf904b	vm_size_t:t4
0xf9058	boolean_t:t4
0xf9065	slock:T49=s4locked:4,0,32;;
0xf9081	simple_lock_data_t:t49
0xf9098	simple_lock_t:t50=*49
0xf90ae	sigcontext:T51=s72sc_onstack:1,0,32;sc_mask:1,32,32;\
0xf90e4	sc_eax:4,64,32;sc_ebx:4,96,32;sc_ecx:4,128,32;\
0xf9114	sc_edx:4,160,32;sc_edi:4,192,32;sc_esi:4,224,32;\
0xf9146	sc_ebp:4,256,32;sc_esp:4,288,32;sc_ss:4,320,32;\
0xf9177	sc_eflags:4,352,32;sc_eip:4,384,32;sc_cs:4,416,32;\
0xf91ab	sc_ds:4,448,32;sc_es:4,480,32;sc_fs:4,512,32;\
0xf91da	sc_gs:4,544,32;;
0xf91eb	sigvec:T52=s12sv_handler:53=*54=f19,0,32;sv_mask:1,32,32;\
0xf9226	sv_flags:1,64,32;;
0xf9239	sigstack:T55=s8ss_sp:31,0,32;ss_onstack:1,32,32;;
0xf926b	HEADER:t56=s12id:4,0,16;rd:4,16,1;\
0xf928f	tc:4,17,1;aa:4,18,1;opcode:4,19,4;\
0xf92b3	qr:4,23,1;rcode:4,24,4;unused:4,28,2;\
0xf92da	pr:4,30,1;ra:4,31,1;qdcount:4,32,16;\
0xf9300	ancount:4,48,16;nscount:4,64,16;arcount:4,80,16;;
0xf9332	rrec:T57=s20r_zone:8,0,16;r_class:8,16,16;\
0xf935e	r_type:8,32,16;r_ttl:4,64,32;r_size:1,96,32;\
0xf938c	r_data:31,128,32;;
0xf939f	__res_state:T58=s440retrans:1,0,32;retry:1,32,32;\
0xf93d2	options:5,64,32;nscount:1,96,32;nsaddr_list:59=ar1;0;2;45,128,384;\
0xf9416	id:9,512,16;defdname:60=ar1;0;255;2,528,2048;\
0xf9445	dnsrch:61=ar1;0;6;31,2592,224;pfcode:5,2816,32;\
0xf9476	ndots:4,2848,4;nsort:4,2852,4;unused:62=ar1;0;2;2,2856,24;\
0xf94b2	sort_list:63=ar1;0;9;64=s8addr:41,0,32;mask:4,32,32;;,2880,640;;
0xf94f3	 :T65=eres_goahead:0,res_nextns:1,res_modified:2,\
0xf9526	res_done:3,res_error:4,;
0xf953f	res_sendhookact:t65
0xf9553	res_send_qhook:t66=*67=f65
0xf956e	res_send_rhook:t68=*69=f65
0xf9589	_res:G58
0xf9592	_net_stayopen:G1
0xf95a4	__dbReadDir
0xf95b0	__dbOpenFile
0xf95bd	__dbSizeTable
0xf95df	_isEqual
0xf95e8	_freeObject
0xf95fc	+[HashTable initialize]
0xf9614	-[HashTable _initBare:::]
0xf962e	+[HashTable _newBare:::]
0xf9647	-[HashTable initKeyDesc:valueDesc:]
0xf966b	-[HashTable initKeyDesc:]
0xf9685	-[HashTable init]
0xf9697	-[HashTable initKeyDesc:valueDesc:capacity:]
0xf96c4	+[HashTable newKeyDesc:valueDesc:capacity:]
0xf96f0	+[HashTable newKeyDesc:valueDesc:]
0xf9713	+[HashTable newKeyDesc:]
0xf972c	+[HashTable new]
0xf973d	-[HashTable free]
0xf974f	-[HashTable freeObjects]
0xf9768	-[HashTable freeKeys:values:]
0xf9786	-[HashTable empty]
0xf9799	-[HashTable copyFromZone:]
0xf97b4	-[HashTable count]
0xf97c7	-[HashTable isKey:]
0xf97db	-[HashTable valueForKey:]
0xf97f5	-[HashTable _insertKeyNoRehash:value:]
0xf981c	-[HashTable insertKey:value:]
0xf983a	-[HashTable removeKey:]
0xf9852	-[HashTable initState]
0xf9869	-[HashTable nextState:key:value:]
0xf988b	-[HashTable write:]
0xf989f	-[HashTable read:]
0xf98b2	_DebugPrint
0xf98be	-[HashTable printForDebugger:]
0xf98dd	-[HashTable _debugPrint:]
0xf9905	_hashPrototype
0xf9914	_isEqualPrototype
0xf9926	_protoPrototype
0xf9936	_prototypes
0xf9942	_bootstrap
0xf994d	_freeBucketPairs
0xf995e	_freeBuckets
0xf996b	__NXHashRehash
0xf997a	_uniqueStrings
0xf9989	_accessUniqueString
0xf99a3	_zoneSize
0xf99b3	_CopyIntoReadOnly
0xf99c5	+[List initialize]
0xf99d8	-[List initCount:]
0xf99eb	+[List newCount:]
0xf99fd	+[List new]
0xf9a09	-[List init]
0xf9a16	-[List free]
0xf9a23	-[List freeObjects]
0xf9a37	-[List copyFromZone:]
0xf9a4d	-[List isEqual:]
0xf9a5e	-[List capacity]
0xf9a6f	-[List count]
0xf9a7d	-[List objectAt:]
0xf9a8f	-[List indexOf:]
0xf9aa0	-[List lastObject]
0xf9ab3	-[List setAvailableCapacity:]
0xf9ad1	-[List insertObject:at:]
0xf9aea	-[List addObject:]
0xf9afd	-[List addObjectIfAbsent:]
0xf9b18	-[List removeObjectAt:]
0xf9b30	-[List removeObject:]
0xf9b46	-[List removeLastObject]
0xf9b5f	-[List empty]
0xf9b6d	-[List replaceObject:with:]
0xf9b89	-[List replaceObjectAt:with:]
0xf9ba7	-[List write:]
0xf9bb6	-[List read:]
0xf9bc4	-[List makeObjectsPerform:]
0xf9be0	-[List makeObjectsPerform:with:]
0xf9c01	-[List appendList:]
0xf9c1b	_hashPrototype
0xf9c2a	_isEqualPrototype
0xf9c3c	_protoPrototype
0xf9c4c	_prototypes
0xf9c58	_mapSearch
0xf9c63	_mapSearchHit
0xf9c71	_mapSearchLoop
0xf9c80	_mapRehash
0xf9c8b	_mapRehashSum
0xf9c99	__NXMapRehash
0xf9ca7	_mapInsert
0xf9cb2	_mapInsertHit
0xf9cc0	_mapInsertLoop
0xf9ccf	_mapRemove
0xf9cda	_warning
0xf9ce3	_bundleTable
0xf9cf0	_mainBundleStringTableTable
0xf9d0c	_classToBundle
0xf9d1b	_mainBundle
0xf9d27	_pathToBundle
0xf9d35	-[NXBundle initForDirectory:]
0xf9d53	-[NXBundle free]
0xf9d64	+[NXBundle mainBundle]
0xf9d7b	+[NXBundle bundleForClass:]
0xf9d97	-[NXBundle directory]
0xf9dad	_globalPrincipalClass
0xf9dc3	_globalBundle
0xf9dd1	_loadCallback
0xf9ddf	_bundleErrorStream
0xf9df2	+[NXBundle setErrorStream:]
0xf9e0e	-[NXBundle ensureLoaded]
0xf9e27	-[NXBundle classNamed:]
0xf9e3f	-[NXBundle principalClass]
0xf9e5a	-[NXBundle setVersion:]
0xf9e72	-[NXBundle version]
0xf9e86	_systemHasLanguages
0xf9e9a	_systemLanguages
0xf9eab	_getDefaultSystemLanguages
0xf9ec6	_readLprojVersion
0xf9ed8	_addExtension
0xf9ee6	_addDirectoryEntriesTo
0xf9efd	_lprojTable.118
0xf9f0d	_isFileInValidLproj
0xf9f21	_getPathToNextLibraryLanguages
0xf9f40	+[NXBundle getPath:forResource:ofType:inDirectory:withVersion:]
0xf9f80	-[NXBundle getPath:forResource:ofType:]
0xf9fa8	+[NXBundle setSystemLanguages:]
0xf9fc8	_LocalizedStringZone.129
0xf9fe1	-[NXBundle(Compatability) initForPath:]
0xfa009	-[NXBundle(Compatability) path]
0xfa029	+[NXBundle(Compatability) forClass:]
0xfa04e	+[NXBundle(Compatability) newFromPath:]
0xfa076	-[NXBundle(Compatability) initFromPath:]
0xfa09f	-[NXBundle(Compatability) bundlePath]
0xfa0c5	-[NXBundle(Compatability) codeLoaded]
0xfa0eb	-[NXBundle(Compatability) firstClass]
0xfa111	-[NXBundle(Compatability) getResourcePath:forName:type:]
0xfa14a	-[NXBundle(Compatability) getClass:]
0xfa16f	-[NXBundle(Compatability) classForName:]
0xfa1a0	_freeObjects
0xfa1ad	+[NXBundle(Private) _invalidateLprojCache]
0xfa1d8	-[NXCharacterSet init]
0xfa1ef	-[NXCharacterSet characterIsMember:]
0xfa214	-[NXCharacterSet addCharacters:length:]
0xfa23c	-[NXCharacterSet removeCharacters:length:]
0xfa267	-[NXCharacterSet addRange::]
0xfa284	-[NXCharacterSet removeRange::]
0xfa2a4	-[NXCharacterSet invert]
0xfa2bd	-[NXCharacterSet unionWith:]
0xfa2da	-[NXCharacterSet intersectWith:]
0xfa2fb	-[NXCharacterSet copyFromZone:]
0xfa31b	-[NXCharacterSet free]
0xfa332	-[NXCharacterSet write:]
0xfa34b	-[NXCharacterSet read:]
0xfa363	-[NXConstantString initFromCharactersNoCopy:length:]
0xfa398	-[NXConstantString copyFromZone:]
0xfa3ba	-[NXConstantString free]
0xfa3d3	-[NXConstantString _reallyFree]
0xfa3f3	-[NXConstantString finishUnarchiving]
0xfa419	-[NXMutableString replaceCharactersInRange:withString:]
0xfa451	-[NXMutableString insertString:at:]
0xfa475	-[NXMutableString appendString:]
0xfa496	-[NXMutableString deleteCharactersInRange:]
0xfa4c2	-[NXMutableString mutableCopyFromZone:]
0xfa4ea	-[NXMutableString immutableCopyFromZone:]
0xfa514	-[NXMutableString replaceRange:with:]
0xfa53a	-[NXMutableString replaceWith:]
0xfa55a	-[NXMutableString insert:at:]
0xfa578	-[NXMutableString append:]
0xfa593	-[NXMutableString deleteRange:]
0xfa5b3	-[NXMutableString(NX_BS_Extras) appendCharacters:length:]
0xfa5ed	-[Object(NX_BS_Extras) writeToStream:]
0xfa614	_freeKeyAndValue
0xfa625	-[NXPropertyList init]
0xfa63c	-[NXPropertyList free]
0xfa653	-[NXPropertyList count]
0xfa66b	-[NXPropertyList member:]
0xfa685	-[NXPropertyList get:]
0xfa69c	-[NXPropertyList insert:value:]
0xfa6bc	-[NXPropertyList remove:]
0xfa6d6	-[NXPropertyList empty]
0xfa6ee	-[NXPropertyList initEnumeration]
0xfa710	-[NXPropertyList enumerate:key:value:]
0xfa737	-[NXPropertyList(Basic_IO) initFromStream:]
0xfa763	-[NXPropertyList(Basic_IO) initFromPath:]
0xfa78d	-[NXPropertyList(Basic_IO) writeToStream:]
0xfa7b8	-[NXPropertyList(Basic_IO) writeToPath:safely:]
0xfa7e8	-[NXPropertyList(Basic_IO) writeToPath:]
0xfa811	_NXGetNonSpace
0xfa820	_NXGetSlashedChar
0xfa832	_readValue
0xfa83d	_writeSpaces
0xfa84a	-[NXCleanList free]
0xfa85e	-[NXPropertyList(Fancy_IO) initFromStream:context:]
0xfa892	-[NXPropertyList(Fancy_IO) writeToStream:context:]
0xfa8c5	-[NXPropertyList(Fancy_IO) initFromPath:context:]
0xfa8f7	-[NXCleanList(Fancy_IO) initFromStream:context:]
0xfa928	-[NXCleanList(Fancy_IO) writeToStream:context:]
0xfa958	-[NXString(Fancy_IO) initFromStream:context:]
0xfa986	-[NXString(Fancy_IO) writeToStream:context:]
0xfa9b3	_hashString
0xfa9bf	_isEqualString
0xfa9ce	_freeString
0xfa9da	-[NXReadOnlyString(Fancy_IO) initFromStream:context:]
0xfaa10	-[Object(Fancy_IO) writeToStream:context:]
0xfaa3b	+[NXReadOnlyString alloc]
0xfaa55	+[NXReadOnlyString allocFromZone:]
0xfaa78	-[NXReadOnlyString initFromCharactersNoCopy:length:]
0xfaaad	-[NXReadOnlyString initFromCharactersNoCopy:length:freeWhenDone:]
0xfaaef	-[NXReadOnlyString allocateCharacterBuffer:]
0xfab1c	-[NXReadOnlyString copyFromZone:]
0xfab3e	-[NXReadOnlyString copySubstring:fromZone:]
0xfab6a	-[NXReadOnlyString mutableCopyFromZone:]
0xfab93	-[NXReadOnlyString free]
0xfabac	-[NXReadOnlyString finishUnarchiving]
0xfabd2	-[NXReadOnlyString write:]
0xfabed	-[NXReadOnlyString read:]
0xfac07	-[NXReadOnlySubstring free]
0xfac23	-[NXReadWriteString initFromCharactersNoCopy:length:]
0xfac59	_emptyReadOnlyString.12
0xfac71	-[NXReadWriteString initFromCharactersNoCopy:length:freeWhenDone:]
0xfacb4	-[NXReadWriteString length]
0xfacd0	-[NXReadWriteString characterAt:]
0xfacf2	-[NXReadWriteString allocateCharacterBuffer:]
0xfad20	-[NXReadWriteString getCharacters:range:]
0xfad4a	-[NXReadWriteString getCString:maxLength:range:remainingRange:]
0xfad8a	-[NXReadWriteString compare:mask:table:]
0xfadb3	-[NXReadWriteString findString:range:mask:table:]
0xfade5	-[NXReadWriteString findCharacter:range:mask:table:]
0xfae1a	-[NXReadWriteString findOneOf:range:mask:table:]
0xfae4b	-[NXReadWriteString hash]
0xfae65	-[NXReadWriteString replaceCharactersInRange:withString:]
0xfae9f	-[NXReadWriteString copyFromZone:]
0xfaec2	-[NXReadWriteString immutableCopyFromZone:]
0xfaeee	-[NXReadWriteString free]
0xfaf08	-[NXReadWriteString write:]
0xfaf24	-[NXReadWriteString read:]
0xfaf3f	-[NXReadWriteString finishUnarchiving]
0xfaf66	-[NXSimpleReadOnlyString initFromCharactersNoCopy:length:]
0xfafa1	-[NXSimpleReadOnlyString characterAt:]
0xfafc8	-[NXSimpleReadOnlyString length]
0xfafe9	-[NXSimpleReadOnlyString getCharacters:range:]
0xfb018	-[NXSimpleReadOnlyString getCString:maxLength:range:remainingRange:]
0xfb05d	_simpleReadOnlyStringClass.20
0xfb07b	-[NXSimpleReadOnlyString compare:mask:table:]
0xfb0a9	-[NXSimpleReadOnlyString findString:range:mask:table:]
0xfb0e0	-[NXSimpleReadOnlyString findCharacter:range:mask:table:]
0xfb11a	-[NXSimpleReadOnlyString findOneOf:range:mask:table:]
0xfb150	-[NXSimpleReadOnlyString copySubstring:fromZone:]
0xfb182	-[NXSimpleReadOnlyString hash]
0xfb1a1	-[NXSimpleReadOnlyString copyFromZone:]
0xfb1c9	-[NXSimpleReadOnlyString free]
0xfb1e8	-[NXSimpleReadOnlyString write:]
0xfb209	-[NXSimpleReadOnlyString read:]
0xfb229	_theStringZone
0xfb238	_objectPrintfProc
0xfb24a	+[NXString initialize]
0xfb261	-[NXString allocateCharacterBuffer:]
0xfb286	-[NXString initFromCharactersNoCopy:length:]
0xfb2b3	-[NXString init]
0xfb2c4	-[NXString initFromCharacters:length:]
0xfb2eb	-[NXString initFromString:]
0xfb307	-[NXString initFromString:range:]
0xfb329	-[NXString initFromStream:untilOneOf:maxLength:]
0xfb35a	-[NXString initFromCStringStream:untilOneOf:maxLength:]
0xfb392	-[NXString initFromFormat:]
0xfb3ae	-[NXString initFromFormat:withArgList:]
0xfb3d6	-[NXString initFromCString:]
0xfb3f3	-[NXString initFromCString:length:]
0xfb417	-[NXString getCString:]
0xfb42f	-[NXString getCString:maxLength:]
0xfb451	-[NXString getCString:maxLength:range:remainingRange:]
0xfb488	-[NXString length]
0xfb49b	-[NXString cStringLength]
0xfb4b5	-[NXString cStringCopy]
0xfb4cd	-[NXString uniqueCStringCopy]
0xfb4eb	-[NXString characterAt:]
0xfb504	-[NXString getCharacters:range:]
0xfb525	-[NXString getCharacters:]
0xfb540	_stringClass.68
0xfb550	-[NXString isEqual:]
0xfb565	-[NXString compare:]
0xfb57a	-[NXString compare:mask:table:]
0xfb59a	-[NXString findString:]
0xfb5b2	-[NXString findString:range:mask:table:]
0xfb5db	-[NXString findCharacter:]
0xfb5f6	-[NXString findCharacter:range:mask:table:]
0xfb622	-[NXString findOneOf:]
0xfb639	-[NXString findOneOf:range:mask:table:]
0xfb661	-[NXString hash]
0xfb672	-[NXString copySubstring:]
0xfb68d	-[NXString copySubstring:fromZone:]
0xfb6b1	-[NXString immutableCopy]
0xfb6cb	-[NXString immutableCopyFromZone:]
0xfb6ee	-[NXString mutableCopy]
0xfb706	-[NXString mutableCopyFromZone:]
0xfb727	-[NXString writeToStream:]
0xfb742	-[NXString writeCStringToStream:]
0xfb764	-[NXString printForDebugger:]
0xfb782	-[NXString _print]
0xfb795	-[NXString initFromStream:uptoLength:orUntilOneOf:]
0xfb7c9	-[NXString initFromByteStream:uptoLength:orUntilOneOf:]
0xfb801	-[NXString getCString:range:]
0xfb81f	-[NXString getCString:length:]
0xfb83e	-[NXString getCString:length:range:]
0xfb863	-[NXString compare:mask:]
0xfb87d	-[NXString compare:mask:usingTable:]
0xfb8a2	-[NXString find:]
0xfb8b4	-[NXString find:range:]
0xfb8cc	-[NXString find:mask:]
0xfb8e3	-[NXString find:range:mask:usingTable:]
0xfb90b	-[NXString findOneOf:range:]
0xfb928	-[NXString findOneOf:mask:]
0xfb944	-[NXString findOneOf:range:mask:usingTable:]
0xfb971	-[NXString findCharacter:range:]
0xfb992	-[NXString findCharacter:mask:]
0xfb9b2	-[NXString findCharacter:range:mask:usingTable:]
0xfb9e3	-[NXString createCharacterBuffer:]
0xfba06	-[NXString writeBytesToStream:]
0xfba26	+[NXStringTable new]
0xfba3b	-[NXStringTable init]
0xfba59	_freeString
0xfba65	-[NXStringTable free]
0xfba7b	-[NXStringTable valueForStringKey:]
0xfba9f	_skipSpace
0xfbaaa	_parseWord
0xfbab5	_writeWord
0xfbac0	-[NXStringTable readFromStream:]
0xfbae1	-[NXStringTable readFromFile:]
0xfbb00	+[NXStringTable newFromStream:]
0xfbb20	+[NXStringTable newFromFile:]
0xfbb3e	-[NXStringTable writeToStream:]
0xfbb5e	-[NXStringTable writeToFile:]
0xfbb7c	_uniquedStringHashTable
0xfbb94	+[NXUniquedString initialize]
0xfbbb2	_stringLock
0xfbbbe	+[NXUniquedString newFromString:]
0xfbbe0	+[NXUniquedString newFromCharacters:length:]
0xfbc0d	-[NXUniquedString initFromCharactersNoCopy:length:]
0xfbc41	+[NXUniquedString allocFromZone:]
0xfbc63	+[NXUniquedString alloc]
0xfbc7c	-[NXUniquedString free]
0xfbc94	-[NXUniquedString copyFromZone:]
0xfbcb5	_uniquedStringClass.26
0xfbccc	-[NXUniquedString isEqual:]
0xfbce8	-[NXUniquedString finishUnarchiving]
0xfbd0d	__class_uncache
0xfbd1d	__class_slow_grow
0xfbd2f	__errNoMem
0xfbd3a	__errAllocNil
0xfbd48	__errFreedObject
0xfbd59	__errBadSel
0xfbd65	__errNotSuper
0xfbd73	__errNewVars
0xfbd80	_freedObjectClass
0xfbd92	_class_getVariable
0xfbda5	_flush_caches
0xfbdb3	__cache_flush
0xfbdc1	_posed_class_hash
0xfbdd3	__objc_addOrigClass
0xfbde7	_objc_malloc
0xfbdf4	__freedHandler
0xfbe03	_class_initialize
0xfbe15	__cache_fill
0xfbe22	__cache_expand
0xfbe31	_SubTypeUntil
0xfbe3f	_SkipFirstType
0xfbe4e	__objc_zone.164
0xfbe5e	__cache_print
0xfbe72	_hasTerm.84
0xfbe7e	_hasTerminal
0xfbe8b	_get_base_method_list
0xfbea1	_send_load_message_to_class
0xfbebd	_send_load_message_to_category
0xfbedc	_send_unload_message_to_class
0xfbefa	_send_unload_message_to_category
0xfbf1b	__objc_fixup_string_objects_from_header
0xfbf43	_objc_unregisterModule
0xfbf5a	_loadLock
0xfbf64	_header_vector
0xfbf73	_header_count
0xfbf81	_class_hash
0xfbf8d	_classHash
0xfbf98	_classIsEqual
0xfbfa6	_classHashPrototype
0xfbfba	__objc_defaultClassHandler
0xfbfd5	_objc_classHandler
0xfbfe8	_module_vector
0xfbff7	_module_count
0xfc005	_category_hash
0xfc014	__objc_resolve_categories_for_class
0xfc038	__objc_register_category
0xfc051	__objc_add_categories_from_image
0xfc072	__headerForClass
0xfc083	_getobjcsegmentfromheader
0xfc09d	__getExecHeader
0xfc0ad	__resolveClassConflict
0xfc0c4	__objc_init_class_hash
0xfc0db	__objc_get_classes_from_image
0xfc0f9	__objc_fixup_string_objects_for_image
0xfc11f	__objc_map_class_refs_for_image
0xfc13f	__objc_fixup_protocol_objects_for_image
0xfc167	_compareHeaders
0xfc177	__objc_map_install_selectors
0xfc194	__objc_map_selectors_from_image
0xfc1b4	__objc_call_loads_for_image
0xfc1d0	__objc_map_image_callback
0xfc1ea	_sentinel
0xfc1f4	_dynamicHashTable
0xfc206	_hashTableChain
0xfc216	_selectorLock
0xfc224	_objc_malloc
0xfc231	_HASH_alloc_list.16
0xfc245	_HASH_alloc_index.17
0xfc25a	__errNoMem
0xfc265	__errReAllocNil
0xfc275	__errReAllocFreed
0xfc287	__errReAllocTooSmall
0xfc29c	__errShouldHaveImp
0xfc2af	__errShouldNotImp
0xfc2c1	__errLeftUndone
0xfc2d1	__errBadSel
0xfc2dd	__errDoesntRecognize
0xfc2f2	+[Object initialize]
0xfc307	-[Object awake]
0xfc317	+[Object poseAs:]
0xfc329	+[Object new]
0xfc337	+[Object alloc]
0xfc347	+[Object allocFromZone:]
0xfc360	-[Object init]
0xfc36f	-[Object name]
0xfc37e	+[Object name]
0xfc38d	-[Object hash]
0xfc39c	-[Object isEqual:]
0xfc3af	-[Object free]
0xfc3be	+[Object free]
0xfc3cd	-[Object self]
0xfc3dc	-[Object class]
0xfc3ec	+[Object class]
0xfc3fc	-[Object zone]
0xfc40b	+[Object superclass]
0xfc420	-[Object superclass]
0xfc435	+[Object version]
0xfc447	+[Object setVersion:]
0xfc45d	-[Object isKindOf:]
0xfc471	-[Object isMemberOf:]
0xfc487	-[Object isKindOfClassNamed:]
0xfc4a5	-[Object isMemberOfClassNamed:]
0xfc4c5	+[Object instancesRespondTo:]
0xfc4e3	-[Object respondsTo:]
0xfc4f9	-[Object copy]
0xfc508	-[Object copyFromZone:]
0xfc520	-[Object methodFor:]
0xfc535	+[Object instanceMethodFor:]
0xfc552	-[Object perform:]
0xfc565	-[Object perform:with:]
0xfc57d	-[Object perform:with:with:]
0xfc59a	-[Object subclassResponsibility:]
0xfc5bc	-[Object notImplemented:]
0xfc5d6	-[Object doesNotRecognize:]
0xfc5f2	-[Object error:]
0xfc603	-[Object printForDebugger:]
0xfc61f	-[Object write:]
0xfc630	-[Object read:]
0xfc640	-[Object forward::]
0xfc654	-[Object methodArgSize:]
0xfc66d	-[Object performv::]
0xfc682	-[Object conformsTo:]
0xfc698	+[Object conformsTo:]
0xfc6ae	-[Object descriptionForMethod:]
0xfc6ce	+[Object descriptionForInstanceMethod:]
0xfc6f6	+[Object superClass]
0xfc70b	-[Object superClass]
0xfc720	-[Object isKindOfGivenName:]
0xfc73d	-[Object isMemberOfGivenName:]
0xfc75c	-[Object methodDescFor:]
0xfc775	+[Object instanceMethodDescFor:]
0xfc796	-[Object findClass:]
0xfc7ab	-[Object shouldNotImplement:]
0xfc7c9	+[Protocol _fixup:numElements:]
0xfc7e9	-[Protocol conformsTo:]
0xfc801	-[Protocol descriptionForInstanceMethod:]
0xfc82b	_lookup_method
0xfc83a	_lookup_instance_method
0xfc852	-[Protocol descriptionForClassMethod:]
0xfc879	_lookup_class_method
0xfc88e	-[Protocol name]
0xfc89f	+[Storage initialize]
0xfc8b5	+[Storage new]
0xfc8c4	-[Storage init]
0xfc8d4	-[Storage initCount:elementSize:description:]
0xfc902	+[Storage newCount:elementSize:description:]
0xfc92f	-[Storage free]
0xfc93f	-[Storage empty]
0xfc950	-[Storage copyFromZone:]
0xfc969	-[Storage isEqual:]
0xfc97d	-[Storage setNumSlots:]
0xfc995	-[Storage setAvailableCapacity:]
0xfc9b6	-[Storage description]
0xfc9cd	-[Storage count]
0xfc9de	-[Storage elementAt:]
0xfc9f4	-[Storage replace:at:]
0xfca0b	-[Storage replaceElementAt:with:]
0xfca2d	-[Storage addElement:]
0xfca44	-[Storage removeLastElement]
0xfca61	-[Storage insert:at:]
0xfca77	-[Storage insertElement:at:]
0xfca94	-[Storage removeAt:]
0xfcaa9	-[Storage removeElementAt:]
0xfcac5	-[Storage write:]
0xfcad7	-[Storage read:]
0xfcae8	+[StreamTable newKeyDesc:]
0xfcb03	+[StreamTable new]
0xfcb16	-[StreamTable initKeyDesc:]
0xfcb32	-[StreamTable init]
0xfcb46	_freePickle
0xfcb52	_freePickleAndObject
0xfcb67	_getObject
0xfcb72	_freeObject
0xfcb86	-[StreamTable free]
0xfcb9a	-[StreamTable freeObjects]
0xfcbb5	-[StreamTable valueForStreamKey:]
0xfcbd7	-[StreamTable insertStreamKey:value:]
0xfcbfd	-[StreamTable removeStreamKey:]
0xfcc1d	-[StreamTable initStreamState]
0xfcc3c	-[StreamTable nextStreamState:key:value:]
0xfcc66	-[StreamTable write:]
0xfcc7c	-[StreamTable read:]
0xfcc91	_checkRead
0xfcc9c	_checkWrite
0xfcca8	_checkExpected
0xfccb7	_classError
0xfccc3	_typeDescriptorError
0xfccd8	_writeRefError
0xfcce7	_sameSexAsCube
0xfccf6	_inc_ptrCounter
0xfcd06	_freeStrToInt
0xfcd14	__NXOpenEncodingStream
0xfcd2b	__NXOpenDecodingStream
0xfcd42	__NXEndOfCodingStream
0xfcd58	__NXCloseCodingStream
0xfcd6e	__NXEncodeBytes
0xfcd7e	__NXDecodeBytes
0xfcd8e	__NXEncodeChar
0xfcd9d	__NXDecodeChar
0xfcdac	__NXEncodeShort
0xfcdbc	__NXDecodeShort
0xfcdcc	__NXEncodeInt
0xfcdda	_FinishDecodeInt
0xfcdeb	__NXDecodeInt
0xfcdf9	_FloorOrZero
0xfce06	__NXEncodeFloat
0xfce16	__NXDecodeFloat
0xfce26	__NXEncodeDouble
0xfce37	__NXDecodeDouble
0xfce48	__NXEncodeChars
0xfce58	__NXDecodeChars
0xfce68	__NXEncodeSharedString
0xfce7f	__NXDecodeSharedString
0xfce96	__NXDecodeUniqueString
0xfcead	__NXEncodeShared
0xfcebe	__NXEncodeString
0xfcecf	__NXDecodeString
0xfcee0	_skipAggregateName
0xfcef3	_SizeOfType
0xfceff	_WriteValue
0xfcf0b	_InternalWriteObject
0xfcf20	_NXWriteClass
0xfcf2e	_ReadValue
0xfcf39	_InternalReadObject
0xfcf4d	_NXReadClass
0xfcf5a	_RealSuperClass
0xfcf6a	_call_destructors
0xfcf7c	_call_constructors
0xfcf8f	_call_routines_for_section
0xfcfaa	_ErrorBufferSize
0xfcfbb	_ExceptionRaiser
0xfcfcc	_BaseAltHandlers
0xfcff0	__NXClearExceptionStack
0xfd008	_trickyRemoveHandler
0xfd01d	_ErrorBuffer
0xfd02a	_ErrorBufferOffset
0xfd03d	_mylock.104
0xfd04e	selector
0xfd06e	method_name
0xfd07a	method_imp
0xfd08c	reciever
0xfd0a9	_arch_multiple
0xfd0b8	_printed.108
0xfd0c5	_print_architecture_banner
0xfd0e7	_allow_multiply_defined_symbols
0xfd107	_arch_errors_fatal
0xfd11a	_arch_flag
0xfd125	_archive_ObjC
0xfd133	_archive_all
0xfd140	_bind_at_load
0xfd14e	_defaultsectalign
0xfd160	_define_comldsyms
0xfd172	_dylib_compatibility_version
0xfd18f	_dylib_current_version
0xfd1a6	_dylib_files
0xfd1b3	_dylib_install_name
0xfd1c7	_dylinker_install_name
0xfd1de	_dynamic
0xfd1e7	_entry_point_name
0xfd200	_error_with_cur_obj
0xfd223	_filetype
0xfd234	_force_cpusubtype_ALL
0xfd24a	_headerpad
0xfd255	_host_byte_sex
0xfd264	_host_pagesize
0xfd273	_keep_private_externs
0xfd289	_load_map
0xfd293	_mach_fatal
0xfd29f	_ndylib_files
0xfd2ad	_no_arch_warnings
0xfd2bf	_nowarnings
0xfd2cb	_ntrace_syms
0xfd2d8	_nundef_syms
0xfd2e5	_output_for_dyld
0xfd2f6	_outputfile
0xfd302	_pagezero_size
0xfd311	_prebinding
0xfd324	_progname
0xfd32e	_read_only_reloc_flag
0xfd34b	_save_reloc
0xfd357	_sectorder_detail
0xfd369	_seg1addr
0xfd373	_seg1addr_specified
0xfd387	_segalign
0xfd391	_seglinkedit
0xfd39e	_specific_arch_flag
0xfd3b2	_strip_base_symbols
0xfd3c6	_strip_level
0xfd3d3	_system_error
0xfd3e1	_system_fatal
0xfd3ef	_system_warning
0xfd3ff	_target_byte_sex
0xfd417	_trace_syms
0xfd423	_undef_syms
0xfd42f	_undefined_flag
0xfd43f	_warning
0xfd448	_warning_with_cur_obj
0xfd45e	_whyload
0xfd467	_stat_buf
0xfd471	_strings
0xfd47a	_pass1_fat
0xfd485	_pass1_archive
0xfd494	_pass1_object
0xfd4a2	_check_archive_arch
0xfd4b6	_ranlib_bsearch
0xfd4c6	_check_cur_obj
0xfd4d5	_empty_symtab.120
0xfd4e7	_empty_dysymtab.121
0xfd4fb	_check_size_offset
0xfd50e	_check_size_offset_sect
0xfd526	_empty_symtab.124
0xfd538	_base_program_symtab.125
0xfd551	_check_fat
0xfd563	_merge_base_program
0xfd57e	_member_name.88
0xfd58e	_fine_reloc_for_input_offset
0xfd5ab	_cur_obj
0xfd5b4	_print_obj_name
0xfd5c4	_base_obj
0xfd5ce	_new_object_file
0xfd5df	_obj_member_name
0xfd5f0	_size_ar_name
0xfd5fe	_add_last_object_file
0xfd614	_clean_objects
0xfd623	_fine_reloc_offset_in_output
0xfd640	_fine_reloc_offset_in_output_for_output_offset
0xfd66f	_fine_reloc_output_address
0xfd68a	_fine_reloc_output_offset
0xfd6a4	_fine_reloc_output_sectnum
0xfd6bf	_nobjects
0xfd6c9	_objects
0xfd6d2	_print_whatsloaded
0xfd6e5	_remove_last_object_file
0xfd6fe	_remove_objects
0xfd70e	_section_flags
0xfd71d	_merge_sections
0xfd72d	_create_merged_section
0xfd744	_lookup_merged_section
0xfd75b	_lookup_merged_segment
0xfd772	_merge_literal_sections
0xfd78a	_merged_segments
0xfd7a3	_original_merged_segments
0xfd7bd	_output_literal_sections
0xfd7d6	_output_section
0xfd7e6	_remove_merged_sections
0xfd7fe	_reset_merged_sections
0xfd815	_zero_merged_sections_sizes
0xfd831	_cstring_free
0xfd83f	_cstring_merge
0xfd84e	_cstring_order
0xfd85d	_cstring_output
0xfd86d	_get_cstring_from_sectorder
0xfd889	_lookup_cstring
0xfd899	_merged_symbol_list_for_enter_symbol
0xfd8be	_undefsyms_order
0xfd8cf	_extdefsyms_order
0xfd8e1	_free_list
0xfd8ec	_link_edit_common_section
0xfd906	_link_edit_section_maps
0xfd91e	_multiple_defs
0xfd92d	_nmultiple_defs
0xfd93d	_nindr_symbols
0xfd94c	_commons_exist
0xfd95b	_noundefs
0xfd965	_enter_symbol
0xfd973	_trace_object_symbol
0xfd988	_enter_string
0xfd996	_enter_indr_symbol
0xfd9a9	_multiply_defined
0xfd9bb	_add_to_undefined_list
0xfd9d2	_undefined_blocks
0xfd9e4	_trace_symbol
0xfd9f2	_merged_symbol_string_index
0xfda0e	_get_string_block
0xfda20	_qsort_by_module
0xfda31	_qsort_by_name
0xfda40	_delete_from_undefined_list
0xfda5c	_lookup_symbol
0xfda6b	_merge_symbols
0xfda7a	_undefined_list
0xfda8a	_assign_output_symbol_indexes
0xfdaa8	_define_common_symbols
0xfdabf	_free_multiple_defs
0xfdad3	_free_undefined_list
0xfdae8	_indr_symbol_pairs
0xfdafb	_is_output_local_symbol
0xfdb13	_layout_merged_symbols
0xfdb2a	_link_edit_common_object
0xfdb43	_local_string_size
0xfdb56	_local_symbol_output_index
0xfdb71	_merged_string_blocks
0xfdb87	_merged_string_size
0xfdb9b	_merged_symbol_lists
0xfdbb0	_merged_symbol_output_index
0xfdbcc	_nindr_symbol_pairs
0xfdbe0	_nlocal_symbols
0xfdbf0	_nmerged_private_symbols
0xfdc09	_nmerged_symbols
0xfdc1a	_nmerged_symbols_referenced_only_from_dylibs
0xfdc47	_output_local_symbols
0xfdc5d	_output_merged_symbols
0xfdc74	_process_undefineds
0xfdc88	_reduce_indr_symbols
0xfdc9d	_remove_merged_symbols
0xfdcb4	_reset_prebound_undefines
0xfdcce	_sect_object_symbols
0xfdce3	_set_merged_string_block_indexes
0xfdd04	_trace_merged_symbol
0xfdd19	_mc680x0
0xfdd22	_mc98000
0xfdd2b	_mc88000
0xfdd3a	_intel386
0xfdd44	_hppa_state
0xfdd50	_sparc_state
0xfdd5d	_layout_segments
0xfdd6e	_linkedit_segment.106
0xfdd84	_pagezero_segment.107
0xfdd9a	_object_segment.108
0xfddae	_output_dysymtab_info
0xfddc4	_output_mach_header
0xfddd8	_output_symtab_info
0xfddf4	_output_thread_info
0xfde08	_create_output_sections_array
0xfde26	_set_SG_NORELOC_flags
0xfde3c	_output_headers
0xfde4c	_output_addr
0xfde59	_output_size
0xfde66	_output_sections
0xfde7e	_generic_reloc
0xfde8d	_undef_bsearch
0xfde9c	_rld_monaddition
0xfdead	_error_stream
0xfdec2	_rld_env
0xfded3	_rld_maintain_states
0xfdee8	_rld_nallocated_states
0xfdeff	_rld_nloaded_states
0xfdf13	_rld_loaded_state
0xfdf25	_internal_rld_load
0xfdf38	_internal_rld_unload
0xfdf4d	_rld_loaded_state_changed
0xfdf67	_rld_get_loaded_state
0xfdf7d	_cleanup
0xfdf8e	_allocate
0xfdf98	_reallocate
0xfdfa4	_base_name
0xfdfaf	_RLD_DEBUG_OUTPUT_FILENAME_flag
0xfdfcf	_address_func
0xfdfe4	_new_archive_or_fat
0xfdff8	_cur_set
0xfe007	_clean_archives_and_fats
0xfe020	_free_sets
0xfe02b	_new_set
0xfe034	_remove_set
0xfe040	_literal4_free
0xfe04f	_literal4_merge
0xfe05f	_literal4_order
0xfe06f	_literal4_output
0xfe080	_lookup_literal4
0xfe091	_literal8_free
0xfe0a0	_literal8_merge
0xfe0b0	_literal8_order
0xfe0c0	_literal8_output
0xfe0d1	_get_hex_from_sectorder
0xfe0e9	_lookup_literal8
0xfe0fa	_lookup_literal_pointer
0xfe112	_count_reloc
0xfe11f	_literal_pointer_free
0xfe135	_literal_pointer_merge
0xfe14c	_literal_pointer_order
0xfe163	_literal_pointer_output
0xfe17b	_has_dynamic_linker_command
0xfe197	_lookup_indirect_item
0xfe1ad	_indirect_section_free
0xfe1c4	_indirect_section_merge
0xfe1dc	_indirect_section_order
0xfe1f4	_nindirectsyms
0xfe203	_save_lazy_symbol_pointer_relocs
0xfe224	_output_indirect_symbols
0xfe23d	_legal_reference
0xfe24e	_modinit_section_merge
0xfe265	_modinit_section_order
0xfe27c	_m98k_reloc
0xfe288	_m88k_reloc
0xfe294	_hppa_reloc
0xfe2a0	_sparc_reloc
0xfe2ad	_cpusubtype_combine
0xfe2c1	_cpusubtype_findbestarch
0xfe2da	_arch_flags
0xfe2e6	_get_arch_family_from_cputype
0xfe304	_get_arch_from_host
0xfe318	_get_arch_name_from_types
0xfe332	_get_byte_sex_from_flag
0xfe34a	_get_arch_flags
0xfe35a	_get_arch_from_flag
0xfe36e	_get_toc_byte_sex
0xfe380	_swap_dylib_command
0xfe394	_swap_dylib_module
0xfe3a7	_swap_dylib_reference
0xfe3bd	_swap_dylib_table_of_contents
0xfe3db	_swap_dylinker_command
0xfe3f2	_swap_dysymtab_command
0xfe409	_swap_fat_arch
0xfe418	_swap_fat_header
0xfe429	_swap_fvmlib_command
0xfe43e	_swap_indirect_symbols
0xfe455	_swap_load_command
0xfe468	_swap_mach_header
0xfe47a	_swap_ranlib
0xfe487	_swap_section
0xfe495	_swap_segment_command
0xfe4ab	_swap_symseg_command
0xfe4c0	_swap_symtab_command
0xfe4d5	_swap_relocation_info
0xfe4eb	_swap_nlist
0xfe4f7	_get_host_byte_sex
0xfe50a	_SWAP_DOUBLE
0xfe517	_SWAP_FLOAT
0xfe523	_swap_fvmfile_command
0xfe539	_swap_hppa_fp_thread_state
0xfe554	_swap_hppa_frame_thread_state
0xfe572	_swap_hppa_integer_thread_state
0xfe592	_swap_i386_thread_cthreadstate
0xfe5b1	_swap_i386_thread_exceptstate
0xfe5cf	_swap_i386_thread_fpstate
0xfe5e9	_swap_i386_thread_state
0xfe601	_swap_i860_thread_state_regs
0xfe61e	_swap_ident_command
0xfe632	_swap_m68k_thread_state_68882
0xfe650	_swap_m68k_thread_state_regs
0xfe66d	_swap_m68k_thread_state_user_reg
0xfe68e	_swap_m88110_thread_state_impl_t
0xfe6af	_swap_m88k_thread_state_grf_t
0xfe6cd	_swap_m88k_thread_state_user_t
0xfe6ec	_swap_m88k_thread_state_xrf_t
0xfe70a	_swap_m98k_thread_state_grf_t
0xfe728	_swap_prebound_dylib_command
0xfe745	_swap_sparc_thread_state_fpu
0xfe762	_swap_sparc_thread_state_regs
0xfe780	_swap_thread_command
0xfe795	_swap_object_headers
0xfe7aa	_vm_flush_cache
0xfe7ba	_reloc_has_pair
0xfe7ca	_reloc_pair_r_type
0xfe7dd	_reloc_is_sectdiff
0xfe7f6	_assemble_17
0xfe803	_assemble_21
0xfe810	_calc_hppa_HILO
0xfe820	_dis_assemble_17
0xfe831	_dis_assemble_21
0xfe842	_low_sign_ext
0xfe850	_low_sign_unext
0xfe860	_sign_ext
0xfe86a	_sign_unext
0xfe876	_assemble_12
0xfe883	_assemble_3
0xfe88f	_dis_assemble_12
0xfe8a0	_dis_assemble_3
0xfe8cc	_small.2
0xfe920	_small.5
0xfea4d	_small.6
0xfea75	_file_functions
0xfea85	_file_flush
0xfea91	_file_fill
0xfea9c	_file_change
0xfeaa9	_file_seek
0xfeab4	_file_close
0xfeac0	_ipc_functions
0xfeacf	_ipc_flush
0xfeada	_ipc_fill
0xfeae4	_ipc_change
0xfeaf0	_ipc_seek
0xfeafa	_ipc_close
0xfeb05	_memory_functions
0xfeb17	_memory_flush
0xfeb25	_memory_fill
0xfeb32	_memory_change
0xfeb41	_memory_seek
0xfeb4e	_memory_close
0xfeb5c	_cheap_functions
0xfeb6d	_cheap_flush
0xfeb7a	_cheap_seek
0xfeb86	_cheap_close
0xfeb93	_verify_memory_stream
0xfeba9	_memory_extend
0xfebb8	_betterCopy
0xfebc4	_cheap_extend
0xfebd2	_check_wellformed_header
0xfebeb	_printfProcTable
0xfebfc	_sizePrintfProcTable
0xfec11	_isRegisteredPrintfChar
0xfec29	__p_dconv
0xfec41	_stringnotzero
0xfec50	__getccl
0xfec69	_request_audio_ports
0xfec7e	_get_sound_port
0xfec8e	_snddriver_get_device_port
0xfeca9	_device_table
0xfecb7	_device_count
0xfecc5	_device_max
0xfecd1	_get_device_record
0xfece4	_get_device_for_host
0xfecf9	_device_lock
0xfed06	_current_device
0xfed16	_initialized.90
0xfed26	_initialize
0xfed32	_reset_access
0xfed40	_release_access
0xfed50	_negotiate_access
0xfed62	_acquire_remote_access
0xfed79	_acquire_access
0xfed89	_isValidOwner
0xfed97	_simple_boot_image_offset
0xfedb1	_booterSize.119
0xfedc1	_booterImage.120
0xfedd2	_cbCentersHz
0xfeddf	_cbWidthsHz
0xfedeb	_quality
0xfedf4	_agcStrength
0xfee09	_overallVolume
0xfee18	_insertSamples
0xfee27	_insertSamplesTime
0xfee3a	_defaultSquelch
0xfee4a	_eqGains
0xfee53	_updateGains
0xfee60	_dsp_connect
0xfee6d	_cmd_port
0xfee77	_send_dsp_data
0xfee86	_dspdata
0xfee8f	_updateDSPGains
0xfee9f	_dspGains
0xfeea9	_updateDSPSynch
0xfeeb9	_squelch
0xfeec2	_clipSquelch
0xfeecf	_bytesInBlock
0xfeedd	_data_pointer
0xfef02	_makeIMuLawTab
0xfef19	_calcInfoSize
0xfef27	_convertLinearToMulaw
0xfef3d	_convertMulawToLinear
0xfef53	_convertFloatToLinear
0xfef69	_convertDoubleToLinear
0xfef80	_convertLinear8ToLinear
0xfef98	_convertLinearToFloat
0xfefae	_convertLinearToDouble
0xfefc5	_convertLinearToLinear8
0xfefdd	_convertStereoToMono
0xfeff2	_convertMonoToStereo
0xff007	_lastCore.118
0xff015	_lastName.119
0xff023	_findDSPcore
0xff030	_runDSP_write_completed
0xff048	_runDSP_read_data
0xff05a	_reply_msg.126
0xff069	_makeIntoSoundStruct
0xff07e	_downsampleBy2
0xff094	_resample_write_completed
0xff0ae	_resample_read_data
0xff0c2	_resample1Core.139
0xff0d5	_resample2Core.140
0xff0e8	_reply_msg.141
0xff0f7	_resampleDSP
0xff104	_SMALL_FILTER_IMP
0xff116	_SMALL_FILTER_IMPD
0xff129	_FilterUp
0xff133	_FilterUD
0xff13d	_readData
0xff147	_SrcLinear
0xff160	_err_ret
0xff169	_resampleFast
0xff177	_resampleWithFilter
0xff18b	_resample
0xff195	_mulawCodecCore.168
0xff1a9	_dspUpsampleCodec
0xff1bb	_upsampleCodec
0xff1ca	_ATCBandGains
0xff1d8	_ATCBandGainsDSP
0xff1e9	_ATCBandThresholds
0xff1fc	_ATCBandThresholdsDSP
0xff212	_hf3_true
0xff21c	_atc_write_completed
0xff231	_flush_buf
0xff23c	_atc_final_compress_read
0xff255	_atc_read_completed
0xff269	_compress_read_data
0xff27d	_decompressCore.183
0xff291	_compressCore.184
0xff2a3	_decompressAtcCore.185
0xff2ba	_compressAtcCore.186
0xff2cf	_reply_msg.187
0xff2de	_compressDSP
0xff2eb	_oldSNDConvertSound
0xff2ff	_checkSound
0xff30b	_calcSampleCount
0xff31c	_roundUpToPage
0xff32b	_vmalloc
0xff344	_duplicateSound
0xff354	_freeTail
0xff35e	_duplicateTail
0xff36d	_convertToIndirect
0xff380	_insertFragmented
0xff392	_insertIndirect
0xff3a2	_deleteIndirect
0xff3b2	_splitSound
0xff3be	_calc_size
0xff3c9	_calc_format
0xff3d6	_calc_limits
0xff3e3	_simple_copy_bytes
0xff3f6	_simple_copy
0xff403	_fragmented_copy
0xff414	_calc_header_size
0xff426	_calc_data_size
0xff436	_calc_format
0xff443	_get_token
0xff456	_parse_lod
0xff461	_fixHeader
0xff46c	_make_big_header
0xff47d	_make_big_subheader
0xff491	_bytesInBlock
0xff49f	_rateShift
0xff4aa	_makeMono
0xff4b4	_deviceSupportsMono
0xff4c8	_ATCBandGains
0xff4d6	_ATCBandGainsDSP
0xff4ee	_mono_to_stereo_thread
0xff505	_float_to_soundout_thread
0xff51f	_double_to_soundout_thread
0xff53a	_linear8_to_soundout_thread
0xff556	_soundout_to_linear8_thread
0xff572	_stereo_8_mono_8_thread
0xff58a	_soundout_to_mono_linear8_thread
0xff5bb	_fsmidptr
0xff5cc	__snd_upsamplecodec_channel
0xff5e8	_prevSamp1.108
0xff5f7	_prevSamp2.109
0xff606	_dtb.110
0xff616	_time.112
0xff620	_Pmask.113
0xff62b	_resample_thread
0xff63c	_mulaw_to_soundout_thread
0xff656	_mulaw_to_byte_soundout_thread
0xff675	_mulaw_stereo_to_byte_soundout_thread
0xff69b	_scramble_int
0xff6af	_scramble_data
0xff6be	_init_flip
0xff6c9	_cossinarr
0xff6d4	_current
0xff6dd	_initsincos
0xff6e9	_fft_hermitian
0xff6f8	_fft_inverse_hermitian
0xff715	_cbWidth
0xff71e	_frameNumber
0xff733	_initializeATD
0xff742	_mantissaSizes
0xff751	_pof.154
0xff75a	_nof.155
0xff763	_addShortArrays
0xff773	_pof.158
0xff77c	_nof.159
0xff785	_addToInterleavedShortArray
0xff7a1	_copyShortArrays
0xff7b2	_copyToInterleavedShortArray
0xff7cf	_pof.170
0xff7d8	_nof.171
0xff7e1	_window.186
0xff7ed	_coswknz
0xff7f6	_sinwknz
0xff804	_createPhasors
0xff813	_adjustPhase
0xff820	_tweakPhase
0xff82c	_idctnz_from_ihfft
0xff83f	_idstnz_from_ihfft
0xff852	_atcCompressSpectrum
0xff86e	_frameExponent
0xff87d	_exponents
0xff888	_exponentsP
0xff894	_mantissasP
0xff8a0	_presencesP
0xff8ac	_nMantissas
0xff8b8	_fftBuf.227
0xff8c4	_dnzBuf.228
0xff8d0	_atcCompressFrame
0xff8e2	_atcCompressByteArray
0xff8f8	_bitFieldMaskLJ
0xff908	_processSpectrum
0xff919	_processFrame
0xff937	_processTwoFrames
0xff949	_frameBuffer
0xff956	__ATCDecompressByteArray
0xff96f	_soundPtrs
0xff97a	_inPtr.253
0xff985	_stepNumber.254
0xff995	_atd_state
0xff9a0	_bestEncodeLength
0xff9b2	_dropBits
0xff9bc	_verbose
0xff9c5	_masksSet
0xff9cf	_setmasks
0xff9d9	_shortmask1
0xff9e5	_shortmask0
0xff9f1	_bytemask1
0xff9fc	_bytemask0
0xffa07	_setMaxShortBits
0xffa20	_uncrunch
0xffa2a	_packtry
0xffa33	_packchannel
0xffa40	_unpackchannel
0xffa4f	_parDropBits
0xffa5c	_parpack_to_byte_array
0xffa73	_parPackCompressByteArray
0xffa8d	_phase.277
0xffa98	_unparpack_from_byte_array
0xffab3	__parPackDecompressByteArray
0xffad0	_inPtr.284
0xffadb	_bitFaithful.285
0xffaec	_numDropped.286
0xffafc	_encodeLength.287
0xffb0e	_outBlockSize.288
0xffb20	_data_pointer
0xffb2e	_lastCore.293
0xffb3c	_lastName.294
0xffb4a	__findDSPcore
0xffb58	_s_active_dsp_cmd_port
0xffb6f	_s_active_dsp_core
0xffb82	_findDSPcore
0xffb8f	_arch_cpu_type
0xffb9e	_sleep_msec
0xffbaa	_msec_timestamp
0xffbba	_calc_duration
0xffbc9	_calc_sample_count_from_ms
0xffbe4	_calc_ms_from_sample_count
0xffbff	_calc_play_mode
0xffc0f	_calc_dsp_play_mode
0xffc23	_calc_indirect_mode
0xffc37	_calc_record_mode
0xffc49	_calc_record_nsamples
0xffc5f	_calc_play_nsamples
0xffc73	_modeOptimizable
0xffc84	_calc_access
0xffc91	_arch_dsp_exists
0xffca2	_play_configure_simplifications
0xffcc2	_play_configure_dsp_core
0xffcdb	_play_configure_dsp_data
0xffcf4	_play_configure_dma_dsp_data
0xffd11	_play_configure_dsp_commands
0xffd2e	_play_configure_dsp_ssi
0xffd46	_play_configure_direct
0xffd5d	_play_configure_direct_generic
0xffd7c	_ratePresent
0xffd89	_set_sndout_format
0xffd9c	_play_configure
0xffdac	_record_configure
0xffdbe	_black_box_thread
0xffdd0	_s_kill_black_box_thread
0xffde9	_thread_lock
0xffdf6	_play_black_box
0xffe06	_thread_lock_new
0xffe17	_black_box_thread_comp
0xffe2e	_play_black_box_comp
0xffe43	_play_samples
0xffe51	_play_resamples
0xffe61	_play_indirect_samples
0xffe78	_play_dsp_core
0xffe87	_dsp_commands_thread
0xffe9c	_s_kill_dsp_commands_thread
0xffeb8	_play_dsp_commands
0xffecb	_record_samples
0xffedb	_perf_q_head
0xffee8	_perf_q_tail
0xffef5	_free_list
0xfff00	_request_count
0xfff0f	_request_max
0xfff1c	_next_id
0xfff2d	_q_changed
0xfff38	_enqueue_perf_request
0xfff4e	_dequeue_perf_request
0xfff64	_findRequestForAccess
0xfff7a	_findRequestForTag
0xfff8d	_reverseFindRequestForTag
0xfffa7	_reply_port
0xfffb3	_reply_msg
0xfffbe	_pending_count
0xfffcd	_configure_performance
0xfffe4	_deconfigure_performance
0xffffd	_perform
0x100006	_flush_performance
0x100019	_recover_pending_requests
0x100033	_access_in_use
0x100042	_initiate_performance
0x100058	_can_preempt
0x100065	_preempt_requests
0x100077	_doNotStart
0x100083	_start_performance
0x100096	_terminate_performance
0x1000ad	_stop_performance
0x1000bf	_start_delay.407
0x1000d0	_check_performance
0x1000e3	_performance_ended
0x1000f6	_performance_started
0x10010b	_performance_read_data
0x100122	_performance_condition_true
0x10013e	_performance_dsp_message
0x100157	_perform_reply_thread
0x10016d	_set_arch_cpu_type
0x100180	_arch_cpu_subtype
0x100192	_arch_cpu_speed
0x1001a2	_initialized.424
0x1001b3	_initialize
0x1001bf	_timeout
0x1001c8	_msg_rpc_options
0x1001d9	_dsp_protocol
0x1001e7	_so_owner_port
0x1001f6	_si_owner_port
0x100205	_so_buf_size
0x100212	_so_buf_count
0x100220	_so_sample_rate
0x100230	_so_data_encoding
0x100242	_so_chan_count
0x100251	_si_sample_rate
0x100261	_si_data_encoding
0x100273	_si_chan_count
0x100282	_stream_table
0x100290	_stream_table_max
0x1002a2	_put_stream_parms
0x1002b4	_get_stream_parms
0x1002c6	_free_stream_parms
0x1002d9	_error_ret
0x1002e4	_normal_ret
0x1002f0	_snd_return_code
0x100307	_sndmsg_dspcmd_msg
0x100320	_sndmsg_dsp_condition
0x10033c	_sndmsg_dsp_read_data
0x100359	_sndmsg_dsp_write_data
0x100377	_sndmsg_dsp_host_command
0x100397	_sndmsg_dsp_host_flag
0x1003b4	_sndmsg_dspreset
0x1003cc	_snd_stream_ndma
0x1003e4	_snd_stream_msg
0x1003fb	_snd_stream_play_data
0x100418	_snd_stream_record_data
0x100437	_snd_stream_control
0x100452	_snd_stream_options
0x10046d	_snd_stream_format
0x100480	_snd_send_stream_msg
0x1004bf	_snddriver_get_stream_formats
0x1004e4	_snddriver_set_owner
0x10050e	_buffered_transfers.188
0x100526	_buffered_transfer_size.189
0x100542	_reply_port.190
0x100560	_snddriver_reset_owner
0x10057e	_snddriver_get_stream
0x10059b	_snddriver_dsp_chandata
0x1005cf	_snddriver_reply_server
0x1005e7	_sndreply_started
0x1005f9	_sndreply_completed
0x10060d	_sndreply_aborted
0x10061f	_sndreply_paused
0x100630	_sndreply_resumed
0x100642	_sndreply_overflow
0x100655	_sndreply_recorded_data
0x10066d	_sndreply_dsp_cond_true
0x100685	_sndreply_dsp_msg
0x100697	_sndreply_dsp_err
0x1006a9	_soundBundle
0x1006b6	_calcHeaderSize
0x1006c6	_calcFormatSize
0x1006d6	_userFuncs
0x1006e1	_owner_portType.10
0x1006f4	_RetCodeCheck.11
0x100705	_owner_portType.14
0x100718	_RetCodeCheck.15
0x100729	_owner_portType.18
0x10073c	_unitType.19
0x100749	_clock_modeType.20
0x10075c	_RetCodeCheck.21
0x10076d	_owner_portType.24
0x100780	_RetCodeCheck.25
0x100791	_timeCheck.26
0x10079f	_owner_portType.29
0x1007b2	_RetCodeCheck.30
0x1007c3	_formatCheck.31
0x1007d3	_hoursCheck.32
0x1007e2	_minutesCheck.33
0x1007f3	_secondsCheck.34
0x100804	_framesCheck.35
0x100814	_owner_portType.38
0x100827	_timeType.39
0x100834	_RetCodeCheck.40
0x100845	_owner_portType.43
0x100858	_reply_portType.44
0x10086b	_timeType.45
0x100878	_owner_portType.48
0x10088b	_RetCodeCheck.49
0x10089c	_owner_portType.52
0x1008af	_RetCodeCheck.53
0x1008c0	_owner_portType.56
0x1008d3	_unitType.57
0x1008e0	_RetCodeCheck.58
0x1008f1	_owner_portType.61
0x100904	_unitType.62
0x100911	_RetCodeCheck.63
0x100922	_owner_portType.66
0x100935	_error_portType.67
0x100948	_RetCodeCheck.68
0x100959	_owner_portType.71
0x10096c	_unitType.72
0x100979	_reply_portType.73
0x10098c	_RetCodeCheck.74
0x10099d	_owner_portType.77
0x1009b0	_unitType.78
0x1009bd	_dataType.79
0x1009ca	_RetCodeCheck.80
0x1009db	_owner_portType.83
0x1009ee	_unitType.84
0x1009fb	_RetCodeCheck.85
0x100a0c	_sizeCheck.86
0x100a1a	_owner_portType.89
0x100a2d	_unitType.90
0x100a3a	_notification_portType.91
0x100a54	_sizeType.92
0x100a61	_RetCodeCheck.93
0x100a72	_owner_portType.96
0x100a85	_unitType.97
0x100a92	_RetCodeCheck.98
0x100aa3	_owner_portType.101
0x100ab7	_unitType.102
0x100ac5	_RetCodeCheck.103
0x100ad7	_owner_portType.106
0x100aeb	_unitType.107
0x100af9	_sys_ignoresType.108
0x100b0e	_RetCodeCheck.109
0x100b20	_owner_portType.112
0x100b34	_microsecondsType.113
0x100b4a	_RetCodeCheck.114
0x100b5c	_requestedTimeCheck.10
0x100b73	_actualTimeCheck.11
0x100b87	__XMIDIAlarmReply
0x100b99	_unitCheck.14
0x100ba7	__XMIDIDataReply
0x100bb8	_exception_codeCheck.17
0x100bd0	__XMIDIExceptionReply
0x100be6	_unitCheck.20
0x100bf4	__XMIDIQueueReply
0x100c06	_RetCodeType.23
0x100c16	_routines.24
0x100c23	__dbBaseName
0x100c30	__dbDoubleDir
0x100c3e	__dbFlushDir
0x100c4b	__dbSwapOutLeaf
0x100c5b	__dbSwapInLeaf
0x100c6a	__dbFlushLeaf
0x100c86	__dbHashKey
0x100c92	__dbCopyData
0x100c9f	__dbSearchLeaf
0x100cae	__dbPackLeaf
0x100cbb	__dbNewLeaf
0x100cc7	__dbFreeLeaf
0x100cd4	__dbCloseLeaf
0x100ce2	__dbFlushTable
0x100cf1	__dbCycleLeaf
0x100cff	__dbLeafDescriptor
0x100d12	__dbFetchLeaf
0x100d20	__dbRemoveRecord
0x100d31	__dbPutRecord
0x100d3f	__dbSplitLeaf
0x100d4d	__dbFindRecord
0x100d5c	__dbGetRecord
0x100d6a	_homeDirectory
0x100d79	_userName
0x100d83	_lastKnownUid
0x100d91	_getUserInfo
0x100d9e	_NXHomeDirectory
0x100daf	_hasTerminal.84
0x100dbf	_NXLogError
0x100dd3	_defaultsDB
0x100ddf	_readBuf
0x100de8	_defaultsUser
0x100df6	_defaultsHome
0x100e04	_defaultsUid
0x100e11	_defaultsGid
0x100e1e	_didSetreuid
0x100e2b	_didSetregid
0x100e38	_firstRD
0x100e57	_firstBlock
0x100e63	_lastBlock
0x100e6e	_db_mtime
0x100e78	_doRegisterDefaults
0x100e8c	_cmdLineToDefaults
0x100e9f	__openDefaults
0x100eae	__isRegistered
0x100ebd	_defStrcmp
0x100ec8	_defCopyString
0x100ed7	__resetRegisteredDefault
0x100ef0	__doReadDefault
0x100f00	__registerDefault
0x100f12	__closeDefaults
0x100f22	__writeAndRegisterDefault
0x100f3c	__constructKey
0x100f4b	__destroyKey
0x100f58	_blockFree
0x100f63	__lockDefaults
0x100f72	__unlockDefaults
0x100f83	_defaultAlloc
0x100f91	__doWriteDefault
0x100fa2	_blockAlloc
0x100fae	__NXGobbleArgs
0x100fbd	_firstArg
0x100fc7	_firstLen
0x100fd1	_rstrtok
0x100fda	_atexit_list
0x100fea	_CurrencyDefaults
0x100ffc	__NXGetLocalizedDefault
0x101014	_C_lconv
0x10101d	_appName
0x101026	_parseToken
0x101032	_parseNumber
0x10103f	_parseGrouping
0x101056	_currentLocale
0x101065	_letter.2
0x10106f	_tmpfilename.3
0x10107e	_DateTimeDefaults
0x101090	__ShortDays
0x10109c	__LongDays
0x1010a7	__ShortMonths
0x1010b5	__LongMonths
0x1010c9	__DateAndTime
0x1010e5	_LookupString
0x1010f3	_twoemax
0x101102	__framesize
0x10110e	__nested_function
0x101120	__framesize
0x10112c	__nested_function
0x10113e	_place.2
0x101147	_scanpoint
0x101152	_lasts.2
0x10115b	_origS.3
0x101172	_scale60
0x10117b	_getvtimes
0x101186	_scale60
0x10118f	__framesize
0x10119b	__nested_function
0x1011b4	_g_desfd
0x1011bd	_common_crypt
0x1011fd	_longtab
0x101206	_R_to_ER_tab
0x101229	_des_setkey
0x101235	_des_encrypt
0x101250	_secs_to_packed_nsecs
0x101266	_packed_nsecs_to_secs
0x10127c	__NXGetEventPort
0x10128d	_event_portType.84
0x1012a0	_RetCodeCheck.85
0x1012b1	_event_portType.88
0x1012c4	_RetCodeCheck.89
0x1012d5	_event_portType.92
0x1012e8	_taskType.93
0x1012f5	_sizeType.94
0x101302	_RetCodeCheck.95
0x101313	_addrCheck.96
0x101321	_event_portType.99
0x101334	_nameType.100
0x101342	_classType.101
0x101351	_RetCodeCheck.102
0x101363	_nameDevicePortCheck.103
0x10137c	_special_keyType.106
0x101391	_key_portType.107
0x1013a3	_RetCodeCheck.108
0x1013b5	_unitType.111
0x1013c3	_parameterNameType.112
0x1013da	_maxCountType.113
0x1013ec	_RetCodeCheck.114
0x1013fe	_unitType.117
0x10140c	_parameterNameType.118
0x101423	_maxCountType.119
0x101435	_RetCodeCheck.120
0x101447	_unitType.123
0x101455	_parameterNameType.124
0x10146c	_parameterArrayType.125
0x101484	_RetCodeCheck.126
0x101496	_unitType.129
0x1014a4	_parameterNameType.130
0x1014bb	_parameterArrayType.131
0x1014d3	_RetCodeCheck.132
0x101511	_cryptglobalsp.2
0x101522	_getcryptglobalsp
0x10153d	_iobuf.9
0x101546	_wday_name.82
0x101554	_mon_name.83
0x101561	_result.84
0x10156c	_ctimeglobalsp.87
0x10157e	_getctimeglobalsp
0x101590	_detzcode
0x1015a2	_tzsetkernel
0x1015af	_tzsetgmt
0x1015b9	_offtime
0x1015c2	_mon_lengths
0x1015cf	_year_lengths
0x1015e5	_stuff.80
0x1015ef	_dgetent
0x1015f8	_dev_name
0x101602	_dgetstr
0x10160b	_dgetnum
0x101614	_dgetflag
0x101624	_dnamatch
0x101635	_ddecode
0x10163e	_label.97
0x101657	_TMPFILE
0x101670	_skipnonwhite
0x10167e	_skipwhite
0x101689	_tokenbuf.14
0x10169d	_striphash_fgets
0x1016ae	_interpret
0x1016d0	_fstabscan
0x1016db	_fs_file
0x1016e9	_nvmatch
0x1016f9	_firsttime
0x101704	_striphash_fgets
0x101715	__grjunk
0x10171e	_usingyellow
0x10172b	_interpret
0x101736	_matchgid
0x101740	_matchname
0x10174b	_freeminuslist
0x101762	_savegp.18
0x10176d	_interpretwithsave
0x101780	_getnextfromyellow
0x101793	_getfirstfromyellow
0x1017ad	_getnamefromyellow
0x1017c0	_addtominuslist
0x1017d0	_onminuslist
0x1017e4	_getgidfromyellow
0x101818	_striphash_fgets
0x101829	__pwjunk
0x101832	___pwjunk
0x10183c	_passwd.6
0x101846	_fetchpw
0x101857	_interpret
0x101862	_matchname
0x10186d	__pw_stayopen
0x10187b	_matchuid
0x101885	_freeminuslist
0x10189c	_savepw.21
0x1018a7	_interpretwithsave
0x1018ba	_getnextfromyellow
0x1018cd	_getnamefromyellow
0x1018e0	_getfirstfromyellow
0x1018fa	_addtominuslist
0x10190a	_onminuslist
0x101917	_getuidfromyellow
0x101937	___ttyjunk
0x101942	__ttyjunk
0x101959	_okshells
0x101963	_strings
0x10196c	_curshell
0x101976	_initshells
0x10198a	_pathsize
0x101994	_cachedName.80
0x1019a3	_real_getwd
0x1019af	_prepend
0x1019b8	_rld_get_loaded_state
0x1019ce	_profiling
0x1019f1	_monsetup
0x1019fb	_malloc_static
0x101a0a	_MallocErrorFunc
0x101a1b	_DefaultMallocError
0x101a2f	_malloc_check
0x101a3d	_errmessage
0x101a49	_stdmessage
0x101a55	_malloc_init
0x101a62	_heapadd
0x101a73	_heapremove
0x101a7f	_downheap
0x101a89	_nxzonemallocnolock
0x101a9d	_nxdestroyzone
0x101aac	_findregionnolock
0x101abe	_nxzonefreenolock
0x101ad0	_vfreenolock
0x101add	_delregionnolock
0x101aee	_joinzonesnolock
0x101aff	_delzonenolock
0x101b0e	_checkfreearrayallocation
0x101b28	__valloczonenolock
0x101b3b	_newzonedatanolock
0x101b4e	_checkregionsallocation
0x101b66	_keepzonenolock
0x101b76	_dolockordebug
0x101b85	_newregionnolock
0x101b96	_nxzonereallocnolock
0x101bab	_break_region
0x101bb9	_nxzonemalloc
0x101bc7	_mallocnofree
0x101bd5	_mallocnofreenolock
0x101be9	_nxzonerealloc
0x101bf8	_nxzonefree
0x101c04	_addregionnolock
0x101c15	_morememnolock
0x101c24	_internal_zone_extend
0x101c3a	_NXZoneRealloc_canyou
0x101c50	_isMallocData
0x101c5e	_dumpheap
0x101c68	_checkheap
0x101c73	_malloc_checkfreeheaps
0x101c8a	_malloc_checkzones
0x101c9d	_vallocnolock
0x101cab	_MallocErrorMessages.134
0x101cd2	_mntdigit
0x101ce4	_mnttabscan
0x101cf0	_mntprtent
0x101d03	_dcalchash
0x101d16	_dbm_access
0x101d22	_finddatum
0x101d2d	_makdatum
0x101d37	_delitem
0x101d40	_additem
0x101d5f	_hashinc
0x101d68	_popen_pid
0x101d80	_degrees
0x101d8f	_randtbl
0x101dab	_rand_type
0x101db6	_rand_deg
0x101dc0	_rand_sep
0x101dca	_end_ptr
0x101dd3	_resolvelinks
0x101de1	_resolvedots
0x101dee	_re_alloc
0x101df8	_retoolong.6
0x101e08	_advance
0x101e11	_prev.21
0x101e22	_flags.3
0x101e2b	_signal__
0x101e3d	_charmap
0x101e46	_logname
0x101e55	_LogFile
0x101e5e	_LogStat
0x101e6f	_LogMask
0x101e78	_LogFacility
0x101e85	_SyslogAddr
0x101e91	__do_syslog
0x101ea4	_zonetab
0x101eb2	_rbuf.80
0x101ec3	_ringring
0x101ed9	_ecvt_rint
0x101ee4	_monfunc_addrs
0x101ef3	__framesize
0x101eff	__nested_function
0x101f11	__framesize
0x101f1d	__nested_function
0x101f2f	__framesize
0x101f3b	__nested_function
0x101f4d	__framesize
0x101f59	__nested_function
0x101f6b	__framesize
0x101f77	__nested_function
0x101f89	__framesize
0x101f95	__nested_function
0x101fbb	_woops.2
0x101fca	_mach_init_doit
0x101fda	_RetCodeType
0x101fe7	_sbrk_needs_init
0x101ff8	_sbrk_region_size
0x10200a	_sbrk_curbrk
0x102017	__framesize
0x102023	__nested_function
0x102035	_service_nameType.10
0x10204a	_RetCodeCheck.11
0x10205b	_service_portCheck.12
0x102071	_service_nameType.15
0x102086	_service_portType.16
0x10209b	_RetCodeCheck.17
0x1020ac	_service_nameType.20
0x1020c1	_RetCodeCheck.21
0x1020d2	_service_portCheck.22
0x1020e8	_service_namesType.25
0x1020fe	_RetCodeCheck.26
0x10210f	_all_services_knownCheck.27
0x10212b	_service_nameType.30
0x102140	_RetCodeCheck.31
0x102151	_service_activeCheck.32
0x102169	_RetCodeCheck.35
0x10217a	_requestor_portType.38
0x102191	_RetCodeCheck.39
0x1021a2	_subset_portCheck.40
0x1021b7	_service_nameType.43
0x1021cc	_RetCodeCheck.44
0x1021dd	_service_portCheck.45
0x1021f3	_threadType.10
0x102202	_taskType.11
0x10220f	_exceptionType.12
0x102221	_codeType.13
0x10222e	_subcodeType.14
0x10223e	_RetCodeCheck.15
0x10224f	_threadCheck.10
0x10225f	_taskCheck.11
0x10226d	_exceptionCheck.12
0x102280	_codeCheck.13
0x10228e	_subcodeCheck.14
0x10229f	__Xexception_raise
0x1022b2	_RetCodeType.17
0x1022c2	_routines.18
0x1022cf	_inherit_memoryType.10
0x1022e6	_RetCodeCheck.11
0x1022f7	_child_taskCheck.12
0x10230b	_RetCodeCheck.15
0x10231c	_RetCodeCheck.18
0x10232d	_RetCodeCheck.21
0x10233e	_addressType.24
0x10234e	_sizeType.25
0x10235b	_anywhereType.26
0x10236c	_RetCodeCheck.27
0x10237d	_addressCheck.28
0x10238e	_addressType.31
0x10239e	_sizeType.32
0x1023ab	_RetCodeCheck.33
0x1023bc	_addressType.36
0x1023cc	_sizeType.37
0x1023d9	_set_maximumType.38
0x1023ed	_new_protectionType.39
0x102404	_RetCodeCheck.40
0x102415	_addressType.43
0x102425	_sizeType.44
0x102432	_new_inheritanceType.45
0x10244a	_RetCodeCheck.46
0x10245b	_addressType.49
0x10246b	_sizeType.50
0x102478	_RetCodeCheck.51
0x102489	_addressType.54
0x102499	_dataType.55
0x1024a6	_RetCodeCheck.56
0x1024b7	_source_addressType.59
0x1024ce	_sizeType.60
0x1024db	_dest_addressType.61
0x1024f0	_RetCodeCheck.62
0x102501	_addressType.65
0x102511	_RetCodeCheck.66
0x102522	_addressCheck.67
0x102533	_sizeCheck.68
0x102541	_protectionCheck.69
0x102555	_max_protectionCheck.70
0x10256d	_inheritanceCheck.71
0x102582	_is_sharedCheck.72
0x102595	_object_nameCheck.73
0x1025aa	_offsetCheck.74
0x1025ba	_RetCodeCheck.77
0x1025cb	_vm_statsCheck.78
0x1025dd	_process_idType.81
0x1025f0	_RetCodeCheck.82
0x102601	_result_taskCheck.83
0x102616	_RetCodeCheck.86
0x102627	_process_idCheck.87
0x10263b	_src_addrType.90
0x10264c	_dst_addrType.91
0x10265d	_src_portType.92
0x10266e	_dst_portType.93
0x10267f	_protocolType.94
0x102690	_ipc_portType.95
0x1026a1	_RetCodeCheck.96
0x1026b2	_ipc_portType.99
0x1026c3	_RetCodeCheck.100
0x1026d5	_RetCodeCheck.103
0x1026e7	_infoCheck.104
0x1026f6	_slotType.107
0x102704	_RetCodeCheck.108
0x102716	_infoCheck.109
0x102725	_cpuType.112
0x102732	_runningType.113
0x102743	_RetCodeCheck.114
0x102755	_RetCodeCheck.117
0x102767	_RetCodeCheck.120
0x102779	_which_portType.123
0x10278d	_RetCodeCheck.124
0x10279f	_special_portCheck.125
0x1027b6	_which_portType.128
0x1027ca	_special_portType.129
0x1027e0	_RetCodeCheck.130
0x1027f2	_flavorType.133
0x102802	_RetCodeCheck.134
0x102814	_RetCodeCheck.137
0x102826	_child_threadCheck.138
0x10283d	_RetCodeCheck.141
0x10284f	_RetCodeCheck.144
0x102861	_RetCodeCheck.147
0x102873	_flavorType.150
0x102883	_RetCodeCheck.151
0x102895	_flavorType.154
0x1028a5	_new_stateType.155
0x1028b8	_RetCodeCheck.156
0x1028ca	_which_portType.159
0x1028de	_RetCodeCheck.160
0x1028f0	_special_portCheck.161
0x102907	_which_portType.164
0x10291b	_special_portType.165
0x102931	_RetCodeCheck.166
0x102943	_flavorType.169
0x102953	_RetCodeCheck.170
0x102965	_RetCodeCheck.173
0x102977	_port_nameType.176
0x10298a	_RetCodeCheck.177
0x10299c	_port_type_pCheck.178
0x1029b2	_old_nameType.181
0x1029c4	_new_nameType.182
0x1029d6	_RetCodeCheck.183
0x1029e8	_RetCodeCheck.186
0x1029fa	_port_nameCheck.187
0x102a0e	_port_nameType.190
0x102a21	_RetCodeCheck.191
0x102a33	_port_nameType.194
0x102a46	_backlogType.195
0x102a57	_RetCodeCheck.196
0x102a69	_port_nameType.199
0x102a7c	_RetCodeCheck.200
0x102a8e	_enabledCheck.201
0x102aa0	_num_msgsCheck.202
0x102ab3	_backlogCheck.203
0x102ac5	_ownershipCheck.204
0x102ad9	_receive_rightsCheck.205
0x102af2	_RetCodeCheck.208
0x102b04	_set_nameCheck.209
0x102b17	_set_nameType.212
0x102b29	_RetCodeCheck.213
0x102b3b	_set_nameType.216
0x102b4d	_port_nameType.217
0x102b60	_RetCodeCheck.218
0x102b72	_port_nameType.221
0x102b85	_RetCodeCheck.222
0x102b97	_set_nameType.225
0x102ba9	_RetCodeCheck.226
0x102bbb	_my_portType.229
0x102bcc	_his_nameType.230
0x102bde	_RetCodeCheck.231
0x102bf0	_his_nameType.234
0x102c02	_RetCodeCheck.235
0x102c14	_his_portCheck.236
0x102c27	_my_portType.239
0x102c38	_his_nameType.240
0x102c4a	_RetCodeCheck.241
0x102c5c	_his_nameType.244
0x102c6e	_RetCodeCheck.245
0x102c80	_his_portCheck.246
0x102c93	_port_nameType.249
0x102ca6	_backupType.250
0x102cb6	_RetCodeCheck.251
0x102cc8	_previousCheck.252
0x102cdb	_addressType.255
0x102cec	_sizeType.256
0x102cfa	_attributeType.257
0x102d0d	_valueType.258
0x102d1c	_RetCodeCheck.259
0x102d2e	_valueCheck.260
0x102d3e	_addressType.263
0x102d4f	_sizeType.264
0x102d5d	_RetCodeCheck.265
0x102d6f	_addressType.268
0x102d80	_sizeType.269
0x102d8e	_policyType.270
0x102d9e	_RetCodeCheck.271
0x102db0	_addressType.274
0x102dc1	_sizeType.275
0x102dcf	_whenType.276
0x102ddd	_RetCodeCheck.277
0x102def	_RetCodeCheck.10
0x102e00	_flavorType.13
0x102e0f	_RetCodeCheck.14
0x102e20	_flavorType.17
0x102e2f	_RetCodeCheck.18
0x102e40	_hostCheck.19
0x102e4e	_RetCodeCheck.22
0x102e5f	_RetCodeCheck.25
0x102e70	_processor_cmdType.28
0x102e86	_RetCodeCheck.29
0x102e97	_RetCodeCheck.32
0x102ea8	_default_setCheck.33
0x102ebd	_RetCodeCheck.36
0x102ece	_new_setCheck.37
0x102edf	_new_nameCheck.38
0x102ef1	_RetCodeCheck.41
0x102f02	_flavorType.44
0x102f11	_RetCodeCheck.45
0x102f22	_hostCheck.46
0x102f30	_new_setType.49
0x102f40	_waitType.50
0x102f4d	_RetCodeCheck.51
0x102f5e	_RetCodeCheck.54
0x102f6f	_assigned_setCheck.55
0x102f85	_new_setType.58
0x102f95	_RetCodeCheck.59
0x102fa6	_RetCodeCheck.62
0x102fb7	_RetCodeCheck.65
0x102fc8	_assigned_setCheck.66
0x102fde	_new_setType.69
0x102fee	_assign_threadsType.70
0x103005	_RetCodeCheck.71
0x103016	_assign_threadsType.74
0x10302d	_RetCodeCheck.75
0x10303e	_RetCodeCheck.78
0x10304f	_assigned_setCheck.79
0x103065	_RetCodeCheck.82
0x103076	_priorityType.85
0x103087	_set_maxType.86
0x103097	_RetCodeCheck.87
0x1030a8	_processor_setType.90
0x1030be	_max_priorityType.91
0x1030d3	_RetCodeCheck.92
0x1030e4	_priorityType.95
0x1030f5	_change_threadsType.96
0x10310c	_RetCodeCheck.97
0x10311d	_max_priorityType.100
0x103133	_change_threadsType.101
0x10314b	_RetCodeCheck.102
0x10315d	_policyType.105
0x10316d	_dataType.106
0x10317b	_RetCodeCheck.107
0x10318d	_policyType.110
0x10319d	_RetCodeCheck.111
0x1031af	_policyType.114
0x1031bf	_change_threadsType.115
0x1031d7	_RetCodeCheck.116
0x1031e9	_RetCodeCheck.119
0x1031fb	_RetCodeCheck.122
0x10320d	_RetCodeCheck.125
0x10321f	_set_nameType.128
0x103231	_RetCodeCheck.129
0x103243	_setCheck.130
0x103251	_RetCodeCheck.133
0x103263	_new_timeType.136
0x103275	_RetCodeCheck.137
0x103287	_new_adjustmentType.140
0x10329f	_RetCodeCheck.141
0x1032b1	_old_adjustmentCheck.142
0x1032ca	_RetCodeCheck.145
0x1032dc	_current_timeCheck.146
0x1032f3	_port_nameType.10
0x103305	_signatureType.11
0x103317	_port_idType.12
0x103327	_RetCodeCheck.13
0x103338	_host_nameType.16
0x10334a	_port_nameType.17
0x10335c	_RetCodeCheck.18
0x10336d	_port_idCheck.19
0x10337e	_port_nameType.22
0x103390	_signatureType.23
0x1033a2	_RetCodeCheck.24
0x1033b3	_RetCodeCheck.27
0x1033c4	_ArchInfoTable
0x1033e8	_yellowup
0x1033fa	_usingyellow
0x103407	_NETWORKS
0x103411	__netdata
0x10341b	_netdata
0x103424	_interpret
0x10342f	_yellowup
0x103441	_line1.90
0x103450	_NETGROUP
0x103462	_grouplist
0x103490	_PROTODB
0x103499	__protodata
0x1034a5	_protodata
0x1034b0	_interpret
0x1034bb	_yellowup
0x1034ca	_servdata
0x1034e3	__servdata
0x1034ee	_yellowup
0x1034f8	_interpret
0x103523	_makekey
0x103532	_machine
0x10354b	_ldomain.88
0x103557	_domainp.89
0x103563	_nodomain.90
0x10357e	_renvlook
0x103588	_ruserpassglobalsp.86
0x10359e	_getruserpassglobalsp
0x1035d5	_oldbuf.94
0x1035e0	_nbsencrypt
0x1035ec	_nbs8encrypt
0x1035f9	_nbsdecrypt
0x103605	_nbs8decrypt
0x103612	_keyblk.99
0x10361d	_blk.100
0x103626	_enblkclr
0x103630	_nbssetkey
0x10363b	_blkencrypt
0x103647	_deblknot
0x103651	_keyblk.103
0x10365d	_blk.104
0x103666	_enblknot
0x103670	_deblkclr
0x10367a	_iobuf.109
0x103685	_iobuf.114
0x1036c2	_utmpstr.121
0x1036cf	_getutmp
0x1036d8	_sreverse
0x1036e2	_skey.126
0x1036ec	_mkenvkey
0x1036f6	_dn_find
0x1036ff	_mklower
0x103717	_deproto
0x103720	_do_rrset
0x103730	_netinfo_res_init
0x103742	_net_mask
0x10374c	_res_setoptions
0x10375c	_abuf.86
0x103768	_connected
0x103795	_AskedForGot
0x1037a9	_stayopen
0x1037b3	_dprintf
0x1037bc	_getanswer
0x1037cd	_hostbuf
0x1037d6	_host_aliases
0x1037e4	_h_addr_ptrs
0x1037f1	_addrsort
0x1037fb	_host_addr
0x103806	_net_entry.80
0x103814	_net_aliases.81
0x103824	_netbuf.82
0x10382f	_getnetanswer
0x103843	_tmpbuf.84
0x103856	__hostdata
0x103861	_hostdata
0x10386b	_fetchhost
0x103876	_interpret
0x103881	_yellowup
0x103890	_alias_state
0x10389d	_freeold
0x1038a6	_global_aliasent
0x1038b7	_convert_aliasent
0x1038c9	_proc.84
0x1038d2	_lu_alias_getbyname
0x1038e6	_lu_alias_setent
0x1038f7	_alias_data
0x103903	_alias_datalen
0x103912	_lu_alias_endent
0x103923	_proc.91
0x10392c	_lu_alias_getent
0x10393d	_alias_xdr
0x103948	_alias_nentries
0x10395f	_proc.81
0x103968	_lu_bootp_getbyether
0x103984	_proc.85
0x10398d	_lu_bootp_getbyip
0x1039a6	_proc.81
0x1039af	_lu_bootparams_getbyname
0x1039c8	_gr_state
0x1039d2	_global_gr
0x1039dd	_gr_datalen
0x1039e9	_gr_nentries
0x1039fe	_yp_flags
0x103a08	_convert_gr
0x103a14	_proc.82
0x103a1d	_lu_getgrgid
0x103a2a	_proc.85
0x103a33	_lu_getgrnam
0x103a40	_proc.88
0x103a49	_lu_initgroups
0x103a58	_lu_setgrent
0x103a65	_gr_data
0x103a6e	_lu_endgrent
0x103a7b	_proc.95
0x103a84	_lu_getgrent
0x103a91	_h_state
0x103a9a	_global_h
0x103aa4	_global_h_copy
0x103ab3	_global_addrlist
0x103ac4	_convert_h
0x103acf	_proc.82
0x103ad8	_lu_gethostbyaddr
0x103aea	_proc.85
0x103af3	_lu_gethostbyname
0x103b05	_lu_sethostent
0x103b1c	_h_datalen
0x103b27	_lu_endhostent
0x103b36	_proc.92
0x103b3f	_lu_gethostent
0x103b55	_h_nentries
0x103b61	_global_mnt
0x103b6d	_mnt_data
0x103b77	_mnt_datalen
0x103b84	_mnt_nentries
0x103b92	_mnt_xdr
0x103b9b	_convert_mnt
0x103ba8	_lu_setmntent
0x103bb6	_lu_endmntent
0x103bc4	_proc.86
0x103bcd	_lu_getmntent
0x103bdb	_n_state
0x103be4	_global_n
0x103bee	_convert_n
0x103bf9	_proc.82
0x103c02	_lu_getnetbyaddr
0x103c13	_proc.85
0x103c1c	_lu_getnetbyname
0x103c2d	_lu_setnetent
0x103c43	_n_datalen
0x103c4e	_lu_endnetent
0x103c5c	_proc.92
0x103c65	_lu_getnetent
0x103c7a	_n_nentries
0x103c86	___innetgr_hack
0x103c96	_netgroup_state
0x103ca6	_proc.82
0x103caf	_lu_innetgr
0x103cbb	_lu_endnetgrent
0x103ccb	_netgroup_data
0x103cda	_netgroup_datalen
0x103cec	_proc.87
0x103cf5	_lu_setnetgrent
0x103d05	_netgroup_xdr
0x103d13	_netgroup_nentries
0x103d2d	_p_state
0x103d36	_global_p
0x103d40	_convert_p
0x103d4b	_proc.82
0x103d54	_lu_getprotobynumber
0x103d69	_proc.85
0x103d72	_lu_getprotobyname
0x103d85	_lu_setprotoent
0x103d9d	_p_datalen
0x103da8	_lu_endprotoent
0x103db8	_proc.92
0x103dc1	_lu_getprotoent
0x103dd8	_p_nentries
0x103de4	_prdb_state
0x103df0	_global_prdb
0x103dfd	_prdb_data
0x103e08	_prdb_datalen
0x103e16	_prdb_xdr
0x103e20	_freeprop
0x103e2a	_freeold
0x103e33	_convert_prdb
0x103e41	_lu_prdb_set
0x103e4e	_lu_prdb_end
0x103e5b	_proc.90
0x103e64	_lu_prdb_getbyname
0x103e77	_proc.93
0x103e80	_lu_prdb_get
0x103e8d	_prdb_nentries
0x103e9c	_pw_state
0x103ea6	_global_pw
0x103eb1	_convert_pw
0x103ebd	_proc.82
0x103ec6	_lu_getpwuid
0x103ed3	_proc.85
0x103edc	_lu_getpwnam
0x103ee9	_lu_setpwent
0x103ef6	_pw_data
0x103eff	_pw_datalen
0x103f0b	_lu_endpwent
0x103f18	_proc.92
0x103f21	_lu_getpwent
0x103f36	_pw_nentries
0x103f43	_r_state
0x103f4c	_global_r
0x103f56	_convert_r
0x103f61	_proc.82
0x103f6a	_lu_getrpcbynumber
0x103f7d	_proc.85
0x103f86	_lu_getrpcbyname
0x103f97	_lu_setrpcent
0x103fad	_r_datalen
0x103fb8	_lu_endrpcent
0x103fc6	_proc.92
0x103fcf	_lu_getrpcent
0x103fe4	_r_nentries
0x103ff0	_s_state
0x103ff9	_global_s
0x104003	_convert_s
0x10400e	_proc.82
0x104017	_lu_getservbyport
0x104029	_proc.85
0x104032	_lu_getservbyname
0x104044	_lu_setservent
0x10405b	_s_datalen
0x104066	_lu_endservent
0x104075	_proc.92
0x10407e	_lu_getservent
0x104094	_s_nentries
0x1040a0	_port_valid
0x1040ac	_ni_errmsgs
0x1040b8	_NAME_NAME
0x1040c3	_NAME_SERVES
0x1040d0	_NAME_MACHINES
0x1040df	_NAME_IP_ADDRESS
0x1040f0	_NAME_MASTER
0x1040fd	_NAME_USERS
0x104109	_NAME_UID
0x104113	_getmyport
0x10411e	_nibind_up
0x104129	_createauth
0x104135	_fixtimeout
0x104141	_ni_settimeout
0x104150	_connectit
0x10415b	_socket_open
0x104168	_sys_netmask
0x104175	_sys_address
0x104182	_connectlocal
0x104190	_clnt_kill
0x1041a3	_ni_switch
0x1041ae	_ni_swap
0x1041b7	_eachresult
0x1041cb	_confirm_tcp
0x1041d8	_setmaster
0x1041eb	_ni_clear
0x1041f5	_ni_alloc
0x104206	_addaddr
0x10420f	_get_daddr
0x10421a	_getparent
0x104225	_pmap_getport_to
0x104236	_NAME_NAME
0x104241	_NAME_MACHINES
0x104250	_NAME_IP_ADDRESS
0x104261	_NAME_SERVES
0x10426e	_NAME_UNKNOWN
0x10427c	_escape_domain
0x10428b	_finddomain
0x104297	_ni_domainof
0x1042a4	__ni_pwdomain
0x1042b2	_eatslash
0x1042bc	_unescape
0x1042c6	_escindex
0x1042d0	_setstuff
0x1042da	_ni_relopen
0x1042e6	_ni_rootopen
0x1042f3	_ni_name_dupn
0x104301	_ni_relsearch
0x10430f	__prdb_free_ent
0x104323	_pename_insert
0x104332	_peprop_insert
0x104349	_getline
0x104352	_emptyfield
0x10435e	_prmatch
0x104367	_NAME_USERS
0x104373	_NAME_PASSWD
0x104380	_changeit
0x10438a	_TIMEOUT
0x1043e3	_res.102
0x1043ec	_res.105
0x1043f5	_res.108
0x1043fe	_res.111
0x104407	_res.114
0x104410	_res.117
0x104419	_res.120
0x104422	_res.123
0x10442b	_res.126
0x104434	_res.129
0x10443d	_res.132
0x104446	_res.135
0x10444f	_res.138
0x104458	_res.141
0x104461	_res.144
0x10446a	_res.147
0x104473	_res.150
0x10447c	_res.153
0x104485	_res.156
0x10448e	_nameType.10
0x10449b	_RetCodeCheck.11
0x1044ac	_procnoCheck.12
0x1044bc	_procType.15
0x1044c9	_indataType.16
0x1044d8	_RetCodeCheck.17
0x1044e9	_procType.20
0x1044f6	_indataType.21
0x104505	_RetCodeCheck.22
0x104516	_procType.25
0x104523	_indataType.26
0x104532	_RetCodeCheck.27
0x104548	_authnone_verf
0x104557	_authnone_marshal
0x104569	_authnone_validate
0x10457c	_authnone_refresh
0x10458e	_authnone_destroy
0x1045a0	_authnone_private
0x1045b2	_auth_unix_ops
0x1045c1	_authunix_nextverf
0x1045d4	_authunix_marshal
0x1045e6	_authunix_validate
0x1045f9	_authunix_refresh
0x10460b	_authunix_destroy
0x10461d	_marshal_new_auth
0x10462f	_port.72
0x104643	_auth_errmsg
0x104650	_rpc_errlist
0x10465d	_auth_errlist
0x10466b	_client_ops
0x104677	_clntraw_call
0x104685	_clntraw_abort
0x104694	_clntraw_geterr
0x1046a4	_clntraw_freeres
0x1046b5	_clntraw_destroy
0x1046c6	_clntraw_control
0x1046d7	_clntraw_private
0x1046e8	_callrpc_private
0x1046f9	_tcp_ops
0x104702	_clnttcp_call
0x104710	_clnttcp_abort
0x10471f	_clnttcp_geterr
0x10472f	_clnttcp_freeres
0x104740	_clnttcp_destroy
0x104751	_clnttcp_control
0x104762	_writetcp
0x10476c	_readtcp
0x104775	_udp_ops
0x10477e	_clntudp_call
0x10478c	_clntudp_abort
0x10479b	_clntudp_geterr
0x1047ab	_clntudp_freeres
0x1047bc	_clntudp_destroy
0x1047cd	_clntudp_control
0x1047f4	__rpcdata
0x1047fe	_rpcdata
0x104807	_interpret
0x104812	_yellowup
0x10481c	_trytimeout
0x104828	_tottimeout
0x104834	_key_call
0x10483e	_MESSENGER.88
0x10484c	_hostname.80
0x104859	_get_hostname
0x104867	_encodemsg
0x104872	_decodemsg
0x104899	_basename
0x1048a3	_timeout
0x1048ac	_tottimeout
0x1048b8	_timeout
0x1048c1	_tottimeout
0x1048cd	_timeout
0x1048d6	_getbroadcastnets
0x1048e8	_reply_dscrm
0x1048f5	_accepted
0x1048ff	_rejected
0x104911	_svc_head
0x10491b	_svc_find
0x104925	_svcauthsw
0x104930	_server_ops
0x10493c	_svcraw_recv
0x104949	_svcraw_stat
0x104956	_svcraw_getargs
0x104966	_svcraw_reply
0x104974	_svcraw_freeargs
0x104985	_svcraw_destroy
0x104995	_svcraw_private
0x1049ad	_universal
0x1049bc	_proglst
0x1049c5	_svctcp_op
0x1049d0	_svctcp_recv
0x1049dd	_svctcp_stat
0x1049ea	_svctcp_getargs
0x1049fa	_svctcp_reply
0x104a08	_svctcp_freeargs
0x104a19	_svctcp_destroy
0x104a29	_svctcp_rendezvous_op
0x104a3f	_rendezvous_request
0x104a53	_rendezvous_stat
0x104a64	_makefd_xprt
0x104a71	_writetcp
0x104a7b	_readtcp
0x104a84	_wait_per_try
0x104a92	_svcudp_op
0x104a9d	_svcudp_recv
0x104aaa	_svcudp_stat
0x104ab7	_svcudp_getargs
0x104ac7	_svcudp_reply
0x104ad5	_svcudp_freeargs
0x104ae6	_svcudp_destroy
0x104af6	_cache_get
0x104b01	_cache_set
0x104b0c	_authdes_cache
0x104b1b	_cache_init
0x104b27	_cache_spot
0x104b33	_cache_ref
0x104b3e	_invalidate
0x104b4a	_authdes_lru
0x104b57	_cache_victim
0x104b65	_svcauthdes_stats
0x104b77	_xdr_zero
0x104b81	_crud.96
0x104b8a	_xdrmem_ops
0x104b96	_xdrmem_getlong
0x104ba6	_xdrmem_putlong
0x104bb6	_xdrmem_getbytes
0x104bc7	_xdrmem_putbytes
0x104bd8	_xdrmem_getpos
0x104be7	_xdrmem_setpos
0x104bf6	_xdrmem_inline
0x104c05	_xdrmem_destroy
0x104c15	_xdrrec_ops
0x104c21	_xdrrec_getlong
0x104c31	_xdrrec_putlong
0x104c41	_xdrrec_getbytes
0x104c52	_xdrrec_putbytes
0x104c63	_xdrrec_getpos
0x104c72	_xdrrec_setpos
0x104c81	_xdrrec_inline
0x104c90	_xdrrec_destroy
0x104ca0	_fix_buf_size
0x104cae	_flush_out
0x104cb9	_set_input_fragment
0x104ccd	_get_input_bytes
0x104cde	_skip_input_bytes
0x104cf0	_fill_input_buf
0x104d00	_xdrstdio_ops
0x104d0e	_xdrstdio_getlong
0x104d20	_xdrstdio_putlong
0x104d32	_xdrstdio_getbytes
0x104d45	_xdrstdio_putbytes
0x104d58	_xdrstdio_getpos
0x104d69	_xdrstdio_setpos
0x104d7a	_xdrstdio_inline
0x104d8b	_xdrstdio_destroy
0x104da5	_getcount
0x104daf	__getccl
0x104dc8	_nofile.72
0x104dd3	_iobglue
0x104ddc	_endglue
0x104de5	__p_dconv
0x104e03	_validtz.2
0x104e0e	_cached_tz.3
0x104e1b	_sigvec__
0x104e25	__framesize
0x104e31	__nested_function
0x104e43	__framesize
0x104e4f	__nested_function
0x104e61	__framesize
0x104e6d	__nested_function
0x104e7f	__framesize
0x104e8b	__nested_function
0x104e9d	__framesize
0x104ea9	__nested_function
0x104ebb	__framesize
0x104ec7	__nested_function
0x104ed9	__framesize
0x104ee5	__nested_function
0x104ef7	__framesize
0x104f03	__nested_function
0x104f15	__framesize
0x104f21	__nested_function
0x104f33	__framesize
0x104f3f	__nested_function
0x104f51	__framesize
0x104f5d	__nested_function
0x104f6f	__framesize
0x104f7b	__nested_function
0x104f8d	__framesize
0x104f99	__nested_function
0x104fab	__framesize
0x104fb7	__nested_function
0x104fc9	__framesize
0x104fd5	__nested_function
0x104fe7	__framesize
0x104ff3	__nested_function
0x105005	__framesize
0x105011	__nested_function
0x105023	__framesize
0x10502f	__nested_function
0x105041	__framesize
0x10504d	__nested_function
0x10505f	__framesize
0x10506b	__nested_function
0x10507d	__framesize
0x105089	__nested_function
0x10509b	__framesize
0x1050a7	__nested_function
0x1050b9	__framesize
0x1050c5	__nested_function
0x1050d7	__framesize
0x1050e3	__nested_function
0x1050f5	__framesize
0x105101	__nested_function
0x105113	__framesize
0x10511f	__nested_function
0x105131	__framesize
0x10513d	__nested_function
0x10514f	__framesize
0x10515b	__nested_function
0x10516d	__framesize
0x105179	__nested_function
0x10518b	__framesize
0x105197	__nested_function
0x1051a9	__framesize
0x1051b5	__nested_function
0x1051c7	__framesize
0x1051d3	__nested_function
0x1051e5	__framesize
0x1051f1	__nested_function
0x105203	__framesize
0x10520f	__nested_function
0x105221	__framesize
0x10522d	__nested_function
0x10523f	__framesize
0x10524b	__nested_function
0x10525d	__framesize
0x105269	__nested_function
0x10527b	__framesize
0x105287	__nested_function
0x105299	__framesize
0x1052a5	__nested_function
0x1052b7	__framesize
0x1052c3	__nested_function
0x1052d5	__framesize
0x1052e1	__nested_function
0x1052f3	__framesize
0x1052ff	__nested_function
0x105311	__framesize
0x10531d	__nested_function
0x10532f	__framesize
0x10533b	__nested_function
0x10534d	__framesize
0x105359	__nested_function
0x10536b	__framesize
0x105377	__nested_function
0x105389	__framesize
0x105395	__nested_function
0x1053a7	__framesize
0x1053b3	__nested_function
0x1053c5	__framesize
0x1053d1	__nested_function
0x1053e3	__framesize
0x1053ef	__nested_function
0x105401	__framesize
0x10540d	__nested_function
0x10541f	__framesize
0x10542b	__nested_function
0x10543d	__framesize
0x105449	__nested_function
0x10545b	__framesize
0x105467	__nested_function
0x105479	__framesize
0x105485	__nested_function
0x105497	__framesize
0x1054a3	__nested_function
0x1054b5	__framesize
0x1054c1	__nested_function
0x1054d3	__framesize
0x1054df	__nested_function
0x1054f1	__framesize
0x1054fd	__nested_function
0x10550f	__framesize
0x10551b	__nested_function
0x10552d	__framesize
0x105539	__nested_function
0x10554b	__framesize
0x105557	__nested_function
0x105569	__framesize
0x105575	__nested_function
0x105587	__framesize
0x105593	__nested_function
0x1055a5	__framesize
0x1055b1	__nested_function
0x1055c3	__framesize
0x1055cf	__nested_function
0x1055e1	__framesize
0x1055ed	__nested_function
0x1055ff	__framesize
0x10560b	__nested_function
0x10561d	__framesize
0x105629	__nested_function
0x10563b	__framesize
0x105647	__nested_function
0x105659	__framesize
0x105665	__nested_function
0x105677	__framesize
0x105683	__nested_function
0x105695	__framesize
0x1056a1	__nested_function
0x1056b3	__framesize
0x1056bf	__nested_function
0x1056d1	__framesize
0x1056dd	__nested_function
0x1056ef	__framesize
0x1056fb	__nested_function
0x10570d	__framesize
0x105719	__nested_function
0x10572b	__framesize
0x105737	__nested_function
0x105749	__framesize
0x105755	__nested_function
0x105767	__framesize
0x105773	__nested_function
0x105785	__framesize
0x105791	__nested_function
0x1057a3	__framesize
0x1057af	__nested_function
0x1057c1	__framesize
0x1057cd	__nested_function
0x1057df	__framesize
0x1057eb	__nested_function
0x1057fd	__framesize
0x105809	__nested_function
0x10581b	__framesize
0x105827	__nested_function
0x105839	__framesize
0x105845	__nested_function
0x105857	__framesize
0x105863	__nested_function
0x105875	__framesize
0x105881	__nested_function
0x105893	__framesize
0x10589f	__nested_function
0x1058b1	__framesize
0x1058bd	__nested_function
0x1058cf	__framesize
0x1058db	__nested_function
0x1058ed	__framesize
0x1058f9	__nested_function
0x10590b	__framesize
0x105917	__nested_function
0x105929	__framesize
0x105935	__nested_function
0x105947	__framesize
0x105953	__nested_function
0x105965	__framesize
0x105971	__nested_function
0x105983	__framesize
0x10598f	__nested_function
0x1059a1	__framesize
0x1059ad	__nested_function
0x1059bf	__framesize
0x1059cb	__nested_function
0x1059dd	__framesize
0x1059e9	__nested_function
0x1059fb	__framesize
0x105a07	__nested_function
0x105a19	__framesize
0x105a25	__nested_function
0x105a37	__framesize
0x105a43	__nested_function
0x105a55	RSAVE_BYTES
0x105a61	__framesize
0x105a6d	__nested_function
0x105a7f	__framesize
0x105a8b	__nested_function
0x105a9d	__framesize
0x105aa9	__nested_function
0x105abb	__framesize
0x105ac7	__nested_function
0x105ad9	__framesize
0x105ae5	__nested_function
0x105af7	__framesize
0x105b03	__nested_function
0x105b15	__framesize
0x105b21	__nested_function
0x105b33	__framesize
0x105b3f	__nested_function
0x105b51	__framesize
0x105b5d	__nested_function
0x105b6f	__framesize
0x105b7b	__nested_function
0x105b8d	__framesize
0x105b99	__nested_function
0x105bab	__framesize
0x105bb7	__nested_function
0x105bc9	__framesize
0x105bd5	__nested_function
0x105be7	__framesize
0x105bf3	__nested_function
0x105c05	__framesize
0x105c11	__nested_function
0x105c23	__framesize
0x105c2f	__nested_function
0x105c41	__framesize
0x105c4d	__nested_function
0x105c5f	__framesize
0x105c6b	__nested_function
0x105c7d	__framesize
0x105c89	__nested_function
0x105c9b	__framesize
0x105ca7	__nested_function
0x105cb9	__framesize
0x105cc5	__nested_function
0x105cd7	__framesize
0x105ce3	__nested_function
0x105cf5	__framesize
0x105d01	__nested_function
0x105d13	_cprocs_started
0x105d23	_cproc_lock
0x105d37	_cproc_alloc
0x105d44	_cproc_continue
0x105d54	_cthreads
0x105d5e	_cthread_lock
0x105d6c	_cthread_needed
0x105d7c	_cthread_idle
0x105d8a	_n_cprocs
0x105d94	_n_cthreads
0x105da0	_max_cprocs
0x105dac	_free_cthreads
0x105dbb	_cthread_free_lock
0x105dce	_initial_cthread
0x105ddf	_cthread_alloc
0x105dee	__cthread_free_callout_function
0x105e0e	_cthread_free
0x105e1c	_cthreads_started.16
0x105e31	_saved_self
0x105e3d	_reply_port_lock
0x105e4e	_cthread_stack_size
0x105e62	_next_stack_base
0x105e73	_initial_stack_deallocated
0x105e8e	_initial_stack_lock
0x105ea2	_setup_stack
0x105eb7	__framesize
0x105ec3	__nested_function
0x105ed5	__yprequest_arms
0x105ee6	__ypresponse_arms
0x105ef8	_ypbind_resp_arms
0x105f0a	_tcp_timout
0x105f16	_bind_intertry
0x105f25	_bind_timeout
0x105f33	_ypserv_intertry
0x105f44	_bfvalid
0x105f4d	_newborn
0x105f62	_binder_port
0x105f6f	_check_binding
0x105f7e	_my_addr
0x105f87	_get_binder_port
0x105f98	_check_binder_up
0x105fa9	_talk2_binder
0x105fb7	_load_dom_binding
0x105fc9	_talk2_server
0x105fd7	_bound_domains
0x105fe6	__default_domain
0x105ff7	_default_domain
0x106007	_mypid.82
0x106011	_check_pmap_up
0x106020	_talk2_pmap
0x10602c	_ypsymbol_prefix
0x10603d	_ypsymbol_prefix_length
0x106055	_v1dofirst
0x106060	_v2dofirst
0x10606b	_v1filter
0x106075	_v1donext
0x10607f	_v2donext
0x106089	_v1domaster
0x106095	_v2domaster
0x1060a1	_detachnode
0x1060b3	_freenode
0x1060bd	_makenode
0x1060c7	_v1domatch
0x1060d2	_v2domatch
0x1060dd	_v1doorder
0x1060e8	_v2doorder
0x1060f3	_num_digits
0x1060ff	_bb_head
0x106108	___clz_tab
0x106113	_find_exception_table
0x106129	_exception_table_list
0x10613f	_except_pc
0x10614a	_except_table_pos
0x10615c	___clz_tab
0x106167	___new_handler
0x106176	___clz_tab
0x106181	___clz_tab
0x10618c	___clz_tab
0x106197	_bb_head
0x1061a0	_num_digits
0x1061ac	___new_handler
0x1061bb	_default_new_handler
0x1061d0	___clz_tab
0x1061db	_log_header
0x1061e7	_log_show_pid
0x1061f5	_log_show_thread
0x10620c	-[NXData initWithSize:]
0x106224	-[NXData initWithData:size:dealloc:]
0x106249	-[NXData free]
0x106258	-[NXData data]
0x106267	-[NXData size]
0x106276	-[NXData copyFromZone:]
0x10628e	-[NXData encodeRemotelyFor:freeAfterEncoding:isBycopy:]
0x1062c6	-[NXData encodeUsing:]
0x1062dd	-[NXData decodeUsing:]
0x1062f4	+[NXInvalidationNotifier initialize]
0x106319	_ref_gate
0x106323	-[NXInvalidationNotifier init]
0x106342	-[NXInvalidationNotifier copy]
0x106361	-[NXInvalidationNotifier references]
0x106386	-[NXInvalidationNotifier addReference]
0x1063ad	-[NXInvalidationNotifier invalidate]
0x1063d2	-[NXInvalidationNotifier isValid]
0x1063f4	-[NXInvalidationNotifier registerForInvalidationNotification:]
0x106433	-[NXInvalidationNotifier unregisterForInvalidationNotification:]
0x106474	-[NXInvalidationNotifier free]
0x106493	-[NXInvalidationNotifier deallocate]
0x1064b8	-[NXSpinLock init]
0x1064cb	-[NXSpinLock free]
0x1064de	-[NXSpinLock lock]
0x1064f1	-[NXSpinLock unlock]
0x106506	-[NXConditionLock init]
0x10651e	-[NXConditionLock initWith:]
0x10653b	-[NXConditionLock condition]
0x106558	-[NXConditionLock free]
0x106570	-[NXConditionLock lock]
0x106588	-[NXConditionLock unlock]
0x1065a2	-[NXConditionLock lockWhen:]
0x1065bf	-[NXConditionLock unlockWith:]
0x1065de	-[NXLock init]
0x1065ed	-[NXLock free]
0x1065fc	-[NXLock lock]
0x10660b	-[NXLock unlock]
0x10661c	-[NXRecursiveLock init]
0x106634	-[NXRecursiveLock free]
0x10664c	-[NXRecursiveLock lock]
0x106664	-[NXRecursiveLock unlock]
0x10667e	_signaturePort
0x10668d	+[NXNetNameServer initialize]
0x1066ab	+[NXNetNameServer checkInPort:withName:]
0x1066d4	+[NXNetNameServer checkOutPortWithName:]
0x1066fd	+[NXNetNameServer lookUpPortWithName:]
0x106724	+[NXNetNameServer lookUpPortWithName:onHost:]
0x106752	_all_ports_gate
0x106762	_all_ports
0x10676d	_hash_port
0x106778	_isEqual_port
0x106786	_Proto_port
0x106792	+[NXPort initialize]
0x1067a7	+[NXPort new]
0x1067b5	+[NXPort newFromMachPort:]
0x1067d0	+[NXPort newFromMachPort:dealloc:]
0x1067f3	-[NXPort machPort]
0x106806	-[NXPort free]
0x106815	-[NXPort hash]
0x106824	_serverNotifyPort
0x106836	_send_death
0x106842	+[NXPort worryAboutPortInvalidation]
0x106867	-[NXPort encodeRemotelyFor:freeAfterEncoding:isBycopy:]
0x10689f	-[NXPort encodeUsing:]
0x1068b6	-[NXPort decodeUsing:]
0x1068cd	-[NXPort setEnableProc:]
0x1068e6	-[NXPort setEnableProc:data:]
0x106904	-[NXPort enableProc]
0x106919	-[NXPort enableExternal]
0x106932	-[NXPort disableExternal]
0x10694c	-[NXProtocolChecker initWithObject:forProtocol:]
0x10697d	-[NXProtocolChecker forward::]
0x10699c	-[NXProtocolChecker descriptionForMethod:]
0x1069c7	-[NXProtocolChecker conformsTo:]
0x1069e8	-[NXProtocolChecker free]
0x106a02	_getBitfieldSizeAndAdvance
0x106a1d	_getBitfieldSize
0x106a2e	+[NXPortPortal newPort]
0x106a46	+[NXPortPortal newFromMachPort:dealloc:]
0x106a6f	+[NXPortPortal lookUpPortWithName:onHost:]
0x106a9a	+[NXPortPortal checkInPort:withName:]
0x106ac0	-[NXPortPortal initWithMachPort:]
0x106ae2	-[NXPortPortal initWithPort:]
0x106b00	-[NXPortPortal free]
0x106b15	_copyFromZone
0x106b23	-[NXPortPortal move]
0x106b38	-[NXPortPortal port]
0x106b4d	-[NXPortPortal setPort:]
0x106b66	-[NXPortPortal connection]
0x106b81	-[NXPortPortal setRequestMsg:]
0x106ba0	-[NXPortPortal isRequestMsg]
0x106bbd	-[NXPortPortal goodMsgSize]
0x106bd9	-[NXPortPortal setMsg:]
0x106bf1	-[NXPortPortal sequenceNumber]
0x106c10	__NXEncodeBool
0x106c1f	__NXDecodeBool
0x106c2e	__NXEncodeChars
0x106c3e	__NXDecodeChars
0x106c4e	__NXDecodeUniqueString
0x106c65	_extract_field_elmt
0x106c79	_insert_field_elmt
0x106c8c	__iterate_bitfields
0x106ca0	__pack_callback
0x106cb0	__unpack_callback
0x106cc2	_iencodeData
0x106ccf	_idecodeData
0x106cdc	-[NXPortPortal encodeData:ofType:]
0x106cff	-[NXPortPortal decodeData:ofType:]
0x106d22	-[NXPortPortal encodeBytes:count:]
0x106d45	-[NXPortPortal decodeBytes:count:]
0x106d68	-[NXPortPortal encodeMachPort:]
0x106d88	-[NXPortPortal decodeMachPort:]
0x106da8	-[NXPortPortal encodeVM:count:]
0x106dc8	-[NXPortPortal encodeVM:count:dealloc:]
0x106df0	-[NXPortPortal decodeVM:count:]
0x106e10	-[NXPortPortal encodeObject:]
0x106e2e	-[NXPortPortal encodeObjectBycopy:]
0x106e52	-[NXPortPortal decodeObject]
0x106e6f	-[NXPortPortal startEncodingWithConnection:andSequenceNumber:]
0x106eae	-[NXPortPortal finishEncodingAndStartDecoding:]
0x106ede	-[NXPortPortal finishEncoding]
0x106efd	-[NXPortPortal startDecodingWithMsg:withConnection:]
0x106f32	-[NXPortPortal startDecodingWithTimeout:]
0x106f5c	-[NXPortPortal finishDecoding]
0x106f7b	+[NXPortPortal dispatchMsg:]
0x106f98	-[NXPortPortal print]
0x106fae	-[NXPortPortal zone]
0x106fc3	_MessagesReceivedCount
0x106fda	_DefaultZone
0x106fe7	_sequence_gate
0x106ff6	_DefaultBufferClass
0x10700a	_number.80
0x107015	_generateSequenceNumber
0x10702d	_freeNXMethodSignature
0x107044	_isNXMethodSignatureEqual
0x10705e	_hashNXMethodSignature
0x107075	_NXMethodSignatureProto
0x10708d	+[NXMethodSignature fromDescription:fromZone:]
0x1070bc	-[NXMethodSignature encodeMethodParams:onto:]
0x1070ea	-[NXMethodSignature decodeMethodParamsFrom:]
0x107117	-[NXMethodSignature encodeMethodRet:withargs:onto:]
0x10714b	-[NXMethodSignature free]
0x107165	-[NXMethodSignature methodReturnType]
0x10718b	-[NXMethodSignature isOneway]
0x1071a9	-[NXMethodSignature methodReturnArea]
0x1071cf	-[NXMethodSignature decodeMethodRetFrom:withargs:atAddr:]
0x107209	-[Object(Object_NXMethodSignature) methodSignature:fromZone:]
0x107247	_DefaultInTimeout
0x107259	_DefaultOutTimeout
0x10726c	_roProto
0x107275	_hashProxy
0x107280	_isEqualProxy
0x10728e	_freeProxy
0x107299	_hash_table_gate
0x1072aa	_hashConnection
0x1072ba	_isEqualConnection
0x1072cd	_freeConnection
0x1072dd	_connProto
0x1072e8	_conn_table_gate
0x1072f9	_conn_table
0x107305	_reply_table_gate
0x107317	_reply_table
0x107324	_nxproxyclass
0x107332	+[NXConnection initialize]
0x10734d	+[NXConnection newForInPort:andOutPort:fromZone:]
0x10737f	+[NXConnection newForInMachPort:andOutMachPort:fromZone:]
0x1073b9	-[NXConnection free]
0x1073ce	-[NXConnection copyWithOutPort:]
0x1073ef	+[NXConnection connectToName:]
0x10740e	+[NXConnection connectToName:onHost:]
0x107434	+[NXConnection connectToName:fromZone:]
0x10745c	+[NXConnection connectToName:onHost:fromZone:]
0x10748b	+[NXConnection connectToPort:withInPort:]
0x1074b5	+[NXConnection connectToPort:withInPort:fromZone:]
0x1074e8	+[NXConnection connectToPort:]
0x107507	+[NXConnection connectToPort:fromZone:]
0x10752f	+[NXConnection registerRoot:withName:]
0x107556	+[NXConnection registerRoot:withName:fromZone:]
0x107586	+[NXConnection registerRoot:]
0x1075a4	+[NXConnection registerRoot:fromZone:]
0x1075cb	+[NXConnection unregisterForInvalidationNotification:]
0x107602	-[NXConnection invalidate]
0x10761d	-[NXConnection senderIsInvalid:]
0x10763e	+[NXConnection messagesReceived]
0x10765f	+[NXConnection setDefaultBufferClass:]
0x107686	+[NXConnection setDefaultTimeout:]
0x1076a9	+[NXConnection defaultTimeout]
0x1076c8	+[NXConnection setDefaultInTimeout:]
0x1076ed	+[NXConnection defaultInTimeout]
0x10770e	+[NXConnection setDefaultOutTimeout:]
0x107734	+[NXConnection defaultOutTimeout]
0x107756	+[NXConnection setDefaultZone:]
0x107776	+[NXConnection defaultZone]
0x107792	+[NXConnection count]
0x1077a8	+[NXConnection connections:]
0x1077c5	-[NXConnection setDelegate:]
0x1077e2	-[NXConnection delegate]
0x1077fb	-[NXConnection outPortalBuffer]
0x10781b	-[NXConnection inPortalBuffer]
0x10783a	-[NXConnection inPortal]
0x107853	-[NXConnection inPort]
0x10786a	-[NXConnection outPort]
0x107882	-[NXConnection bufferClass]
0x10789e	-[NXConnection setInTimeout:]
0x1078bc	-[NXConnection setOutTimeout:]
0x1078db	-[NXConnection inTimeout]
0x1078f5	-[NXConnection outTimeout]
0x107910	-[NXConnection rootObject]
0x10792b	-[NXConnection setRoot:]
0x107944	-[NXConnection insertProxy:]
0x107961	-[NXConnection newRemote:withProtocol:]
0x107989	-[NXConnection newLocal:]
0x1079a3	-[NXConnection getRemote:]
0x1079be	-[NXConnection getLocal:]
0x1079d8	-[NXConnection findLocal:forInPort:]
0x1079fd	-[NXConnection remoteObjects]
0x107a1b	-[NXConnection localObjects]
0x107a38	-[NXConnection localProxies]
0x107a55	-[NXConnection removeRemote:]
0x107a73	-[NXConnection removeLocal:]
0x107a90	+[NXConnection removeObject:]
0x107aae	+[NXConnection handleRequestOnPortal:]
0x107ad5	-[NXConnection finishEncodingAndGetReplyOnPortal:]
0x107b08	-[NXConnection run]
0x107b1c	-[NXConnection runWithTimeout:]
0x107b43	-[NXConnection runInNewThread]
0x107b62	+[NXConnection debug:showThread:verbose:]
0x107b8c	+[NXConnection debug:]
0x107ba3	_structure_addr
0x107bb3	_methodSignature_of_descriptionForMethod
0x107bdc	_refgate
0x107be5	+[NXProxy initialize]
0x107bfb	+[NXProxy class]
0x107c0c	+[NXProxy self]
0x107c1c	-[NXProxy perform:]
0x107c30	-[NXProxy perform:with:]
0x107c49	-[NXProxy conformsTo:]
0x107c60	-[NXProxy connectionForProxy]
0x107c7e	-[NXProxy nameForProxy]
0x107c96	-[NXProxy references]
0x107cac	-[NXProxy addReference]
0x107cc4	-[NXProxy setProtocolForProxy:]
0x107ce4	-[NXProxy methodSignature:fromZone:]
0x107d09	-[NXProxy forward::]
0x107d1e	-[NXProxy invalidateProxy]
0x107d39	-[NXProxy freeProxy]
0x107d4e	-[NXProxy free]
0x107d5e	-[NXProxy encodeRemotelyFor:freeAfterEncoding:isBycopy:]
0x107d97	-[NXProxy encodeUsing:]
0x107daf	-[NXProxy decodeUsing:]
0x107dc7	-[NXProxy isProxy]
0x107dda	-[Object(Object_MakeRemote_Import) encodeRemotelyFor:freeAfterEncoding:isBycopy:]
0x107e2c	-[Object(Object_MakeRemote_Import) encodeUsing:]
0x107e5d	-[Object(Object_MakeRemote_Import) decodeUsing:]
0x107e8e	-[Object(isRemote) isProxy]
0x107eaa	-[Object(GetListOfProtocols) getListOfProtocols:]
0x107edc	-[List(Transport) encodeRemotelyFor:freeAfterEncoding:isBycopy:]
0x107f1d	-[List(Transport) encodeUsing:]
0x107f3d	-[List(Transport) decodeUsing:]
0x107f5d	-[Protocol(Transport) encodeRemotelyFor:freeAfterEncoding:isBycopy:]
0x107fa2	-[Protocol(Transport) encodeUsing:]
0x107fc6	-[Protocol(Transport) decodeUsing:]
