file_offset	text
0x23	8__PAGEZERO
0xd0	__cstring
0x218	__common
0x17f4	# # # # # # # # 
0x28f5	(N^NuHV,O y
0x2912	N^NuHV,O/
0x2dc4	N^NuHV,O/
0x2e18	N^NuHV,O/
0x2e72	N^NuHV,OA
0x2e96	N^NuHV,OH
0x2f9e	N^NuHV,Op?
0x3366	N^NuHV,OH
0x3570	N^NuHV,O/
0x35dc	N^NuHV,O/
0x3614	N^NuHV,O/.
0x36c8	N^NuHV,O n
0x36ee	N^NuHV,OH
0x375a	N^NuHV,O/
0x3b4d	NdJ$D&N n
0x3b8a	POPOPJPKR
0x3c06	N^NuHV,O y
0x3c1b	\N^NuHV,ON^NuHV,ON^NuHV,OH
0x3cc4	N^NuHV,OH
0x3dee	N^NuHV,OH
0x41be	N^NuHV,O/
0x4208	N^NuHV,O/
0x4246	N^NuHV,O/
0x42aa	N^NuHV,O n
0x42ca	N^NuHV,OH
0x4458	N^NuHV,O/
0x44f0	N^NuHV,O/
0x4526	N^NuHV,OA
0x4560	`hN^NuHV,O/
0x45d6	N^NuHV,O .
0x461b	dN^NuHV,O/
0x4698	N^NuHV,O/
0x4778	N^NuHV,O/
0x481a	N^NuHV,OH
0x48d2	N^NuHV,O y
0x4a14	irPO`>0.
0x4a52	R~POXO/.
0x544a	N^NuHV,O .
0x54a0	pSN^NuHV,O y
0x54c8	NqHV,O/.
0x559d	"lPOXO""D*)"
0x5688	"M&XO""D i"
0x588c	76POXO/*
0x58c9	"""POXO""D$i"
0x5af2	G&N^NuNV
0x5b68	N^NuHV,OH
0x60e6	N^NuHV,O/
0x6160	N^NuHV,OB
0x6170	N^NuHV,OHx
0x6182	N^NuHV,OH
0x62d2	N^NuHV,O/
0x62fc	N^NuHV,OH
0x65f0	N^NuHV,O/
0x6642	N^NuHV,OH
0x668e	N^NuHV,O/.
0x66a5	ZN^NuHV,O n
0x66bd	$N^NuHV,O n
0x66d7	>N^NuHV,O/
0x66fc	N^NuHV,O n
0x671c	N^NuHV,ON^NuHV,ON^NuHV,O y
0x6a44	N^NuHV,ON^NuHV,O/
0x6ab2	"N^NuHV,O""n"
0x6ace	N^NuHV,ON^NuHV,ON^NuHV,ON^NuNV
0x6ba0	"N^NuHV,ON^NuHV,O""n"
0x6bdc	"N^NuHV,O""n"
0x6c08	"N^NuHV,O""."
0x6c3c	N^NuHV,O n
0x6c60	N^NuHV,O y
0x6c8e	N^NuHV,OJ
0x6cca	N^NuHV,O/
0x6d46	"N^NuHV,O""."
0x6d76	N^NuHV,OH
0x6eb8	N^NuHV,OH
0x6f30	N^NuHV,OH
0x6fe4	N^NuHV,OH
0x70aa	N^NuHV,OH
0x7174	N^NuHV,O/
0x719e	N^NuHV,OHx
0x71b4	"N^NuHV,O""n"
0x71fe	N^NuHV,O/
0x72c8	N^NuHV,O n
0x72e6	N^NuHV,O n
0x7301	0N^NuHV,O n
0x731a	N^NuHV,O/
0x736c	N^NuHV,O/
0x739c	N^NuHV,O y
0x73e9	"\N^NuHV,O""y"
0x7421	"`N^NuHV,O""y"
0x7459	`N^NuHV,O y
0x7479	\N^NuHV,O/
0x75b0	N^NuHV,O/
0x7640	N^NuHV,OH
0x7734	N^NuHV,OH
0x781c	N^NuHV,OH
0x78fa	N^NuHV,OH
0x7af6	N^NuHV,O2.
0x7b40	N^NuHV,O2.
0x7b8c	N^NuHV,O2.
0x7bcc	N^NuHV,O y
0x7c12	N^NuHV,O/
0x7c42	N^NuHV,O/
0x7c88	N^NuHV,O/
0x7c9d	"|$@""J B"""
0x7cd0	N^NuHV,O/
0x7d06	N^NuHV,O/
0x7d7c	N^NuHV,OH
0x7e2b	d`f&J$C j
0x7e9a	N^NuHV,OH
0x7fb0	N^NuHV,OH
0x80c6	N^NuHV,OH
0x8302	"N^NuHV,O""y"
0x83e4	N^NuHV,OH
0x843a	N^NuHV,OH
0x853a	N^NuHV,OH
0x85e8	N^NuHV,OH
0x868c	dFPOPO(k
0x86a2	N^NuHV,OH
0x88ea	N^NuHV,O/
0x8a3c	N^NuHV,OH
0x8b64	N^NuHV,O/
0x8bc6	N^NuHV,O/
0x8c22	N^NuHV,OHx
0x8c34	N^NuHV,O/
0x8d32	N^NuHV,OH
0x8e94	"N^NuHV,O""y"
0x8ecd	dN^NuHV,OH
0x8f92	N^NuHV,O .
0x8fbc	N^NuHV,OH
0x9016	N^NuHV,OH
0x9524	s4POXO'R
0x9742	N^NuHV,O/
0x9774	N^NuHV,OH
0x99fc	N^NuHV,O y
0x9a2f	dN^NuHV,OH
0x9aec	N^NuHV,OH
0x9b7e	N^NuHV,OH
0x9c32	N^NuHV,OH
0x9db6	N^NuHV,OH
0x9f4c	N^NuHV,OH
0xa1d6	N^NuHV,O y
0xa1fe	N^NuHV,O/
0xa228	N^NuHV,O/
0xa254	N^NuHV,OB
0xa35c	N^NuHV,O/
0xa82e	N^NuHV,O n
0xa86c	"N^NuHV,O""n"
0xa8ec	N^NuHV,O n
0xa90f	,N^NuHV,O n
0xa934	N^NuHV,O n
0xab96	N^NuHV,O y
0xabab	\N^NuHV,O/
0xabd4	N^NuHV,O y
0xac11	dN^NuHV,O/
0xac80	N^NuHV,O y
0xacbd	dN^NuHV,O/
0xad96	N^NuHV,OH
0xaf88	N^NuHV,OH
0xaff2	N^NuHV,OJ
0xb06e	N^NuHV,O/
0xb0d0	N^NuHV,OH
0xb188	POPOf  y
0xb1b6	N^NuHV,O/
0xb208	N^NuHV,OJ
0xb224	N^NuHV,OH
0xb262	zNPOXOYJ
0xb2a2	N^NuHV,O/
0xb354	N^NuHV,OB
0xb380	N^NuHV,O/
0xb3bc	N^NuHV,O/
0xb454	N^NuHV,OH
0xb4c2	N^NuHV,OB
0xb4ee	N^NuHV,O/
0xb52e	N^NuHV,O/.
0xbada	POXO`& n
0xbb70	N^NuHV,OH
0xbc5a	N^NuHV,ON^NuHV,OH
0xbd12	N^NuHV,O/
0xbd44	N^NuHV,O n
0xbd78	N^NuHV,OB
0xbd90	N^NuHV,OB
0xbda8	N^NuHV,OH
0xbea6	N^NuHV,Op
0xbeb0	N^NuHV,OB
0xbeba	N^NuHV,O y
0xbecd	dN^NuHV,ON^NuHV,O y
0xbf12	"N^NuHV,O""."
0xbf28	"N^NuHV,O""."
0xbf3e	"N^NuHV,O""."
0xbf54	"N^NuHV,O""."
0xc384	f{g4`@/.
0xc4c9	JPOXOfh *
0xc4eb	JPOXOfF/
0xc7fc	N^NuHV,Op
0xc806	N^NuHV,O/
0xc86e	N^NuHV,O/
0xc8a0	N^NuHV,O/
0xc914	N^NuHV,O/
0xc968	N^NuHV,O/
0xca6c	N^NuHV,O/
0xcb56	N^NuHV,O/
0xcb94	N^NuHV,O/
0xcbba	N^NuHV,OH
0xcd86	N^NuHV,O/
0xcdda	N^NuHV,O/
0xce00	N^NuHV,OH
0xce2e	2p @XOJh
0xce76	N^NuHV,OH
0xcf2e	N^NuHV,O/
0xcf8a	N^NuHV,O/
0xd0a8	"tzmV`""Hx"
0xd52d	PPOXO`bp
0xd9b0	N^NuHV,O/
0xd9f6	N^NuHV,OH
0xdaa0	N^NuHV,OH
0xdc3a	N^NuHV,O/
0xdc58	N^NuHV,OH
0xdd26	N^NuHV,OH
0xde16	N^NuHV,O/
0xdeb2	N^NuHV,OH
0xdf2f	.POPO`4/
0xe010	N^NuHV,OH
0xe19e	N^NuHV,OH
0xe8ee	N^NuHV,OH
0xefe4	N^NuHV,OH
0xf336	POPOfFB+
0xf610	N^NuHV,OH
0xf710	N^NuHV,OH
0xf7fa	N^NuHV,O/
0xf82a	"N^NuHV,O""n"
0xf856	N^NuHV,O/
0xf8cc	N^NuHV,O n
0xf99a	N^NuHV,O n
0xfa1c	"N^NuHV,O""n"
0xfa34	N^NuHV,O/
0xfa68	N^NuHV,OH
0xfac8	N^NuHV,O/
0xfb18	N^NuHV,OH
0xfdde	N^NuHV,OH
0x10098	N^NuHV,O/
0x10132	N^NuHV,Op
0x1013c	N^NuHV,OHx
0x10154	N^NuHV,OH
0x101d4	N^NuHV,OH
0x102c6	N^NuHV,O/
0x10330	N^NuHV,OH
0x104ca	N^NuHV,O/
0x10518	N^NuHV,O/
0x1055c	N^NuHV,O/
0x105b2	N^NuHV,OH
0x10674	N^NuHV,O/
0x10716	N^NuHV,OH
0x109f3	`N^NuHV,O/
0x10a5e	N^NuHV,O/
0x10d65	tN^NuHV,OH
0x1109c	N^NuHV,OH
0x111f4	N^NuHV,OH
0x112e4	N^NuHV,OH
0x11406	N^NuHV,OH
0x11470	N^NuHV,OH
0x11558	N^NuHV,OH
0x11636	N^NuHV,OH
0x11724	N^NuHV,O n
0x11754	N^NuHV,OH
0x117c4	N^NuHV,OH
0x118ae	N^NuHV,O/
0x11912	N^NuHV,O/
0x11958	N^NuHV,O/
0x1199e	N^NuHV,O/
0x119e4	N^NuHV,OH
0x11a92	N^NuHV,O/
0x11ae4	N^NuHV,O/
0x11b70	N^NuHV,O/
0x11bc4	N^NuHV,OH
0x11c48	N^NuHV,OH
0x11c9c	N^NuHV,O/
0x11cfc	N^NuHV,OH
0x11d66	N^NuHV,OH
0x11de4	N^NuHV,OH
0x11edc	N^NuHV,ON^NuHV,OH
0x11f60	N^NuHV,OH
0x11fd0	N^NuHV,OH
0x1205e	N^NuHV,OH
0x120ee	N^NuHV,OH
0x121a2	N^NuHV,OH
0x123c0	N^NuHV,OH
0x12429	<&@POPOJ
0x1243a	N^NuHV,O/
0x124da	N^NuHV,OH
0x1260e	N^NuHV,O/
0x12694	N^NuHV,O/
0x12734	N^NuHV,O/
0x127b2	N^NuHV,O n
0x127c8	N^NuHV,OH
0x12888	N^NuHV,O/
0x128d4	N^NuHV,OH
0x1299a	N^NuHV,O/
0x129d2	N^NuHV,OH
0x12a4a	N^NuHV,OH
0x12ac6	N^NuHV,OH
0x12bc4	N^NuHV,O n
0x12be6	N^NuHV,O/
0x12c40	N^NuHV,O/
0x12cb6	N^NuHV,O/
0x12cee	N^NuHV,O/
0x137f6	N^NuHV,OH
0x138be	iFXO K-X
0x1391c	N^NuHV,OH
0x13a6c	f6t7`2 *
0x13ab8	N^NuHV,OH
0x13c7a	N^NuHV,O/
0x13cf6	N^NuHV,O n
0x13d1c	N^NuHV,O/
0x13db2	N^NuHV,O/
0x13dfa	N^NuHV,O/
0x13e42	N^NuHV,OH
0x13f10	N^NuHV,O .
0x13f6a	N^NuHV,O/
0x13fd2	N^NuHV,O n
0x13ff0	N^NuHV,O n
0x1400e	N^NuHV,O/
0x14034	N^NuHV,O n
0x14052	N^NuHV,OH
0x140d0	N^NuHV,O/
0x14130	N^NuHV,OH
0x1417c	N^NuHV,O n
0x141b0	N^NuHV,O/
0x141f8	"N^NuHV,O""n"
0x14236	N^NuHV,O/
0x142aa	N^NuHV,OH
0x14444	N^NuHV,OH
0x14528	N^NuHV,OH
0x145fc	N^NuHV,O/
0x14662	N^NuHV,OH
0x14838	N^NuHV,OH
0x14a22	N^NuHV,O/
0x155b8	N^NuHV,O/
0x155f8	N^NuHV,OH
0x15be0	N^NuHV,OH
0x15c4c	N^NuHV,O/.
0x160ee	N^NuHV,O/
0x16178	N^NuHV,O/
0x16274	"f&p0`"" n"
0x16362	N^NuHV,O/
0x163d8	N^NuHV,O/
0x1645e	N^NuHV,ON^NuHV,O/
0x164b8	N^NuHV,OH
0x1651c	"WLXO""R y"
0x1654a	N^NuHV,OH
0x165be	N^NuHV,O/
0x166f8	N^NuHV,O .
0x16714	N^NuHV,OH
0x16774	N^NuHV,O n
0x16794	N^NuHV,O n
0x168be	POXOgx/.
0x16ba2	POXO``Hx
0x16d2c	N^NuHV,O/
0x16f44	N^NuHV,OH
0x16fbe	N^NuHV,O/
0x170e2	POXOg.PJPK
0x17110	KXPOXO y
0x171fc	N^NuHV,OH
0x172d0	N^NuHV,OH
0x17374	N^NuHV,O n
0x17398	N^NuHV,O/
0x173e2	"N^NuHV,O""n"
0x17486	N^NuHV,OH
0x1750e	"N^NuHV,O""n"
0x1754a	"N^NuHV,O""n"
0x17579	jN^NuHV,OH
0x175dc	N^NuHV,O/
0x17604	N^NuHV,O/
0x17696	N^NuHV,OH
0x177c2	N^NuHV,OH
0x17876	N^NuHV,O n
0x1789e	N^NuHV,O/
0x17a22	N^NuHV,OH
0x17aa2	"N^NuHV,O""n"
0x17acd	"""N^NuHV,O n"
0x17ae7	BN^NuHV,OH
0x17c02	N^NuHV,OH
0x17c66	N^NuHV,OH
0x17dd4	N^NuHV,O/
0x17e70	N^NuHV,OH
0x17ffa	N^NuHV,O/
0x180a4	N^NuHV,O/
0x180ee	N^NuHV,O/
0x18150	N^NuHV,O/
0x181b2	N^NuHV,OH
0x182c6	N^NuHV,OH
0x18378	N^NuHV,O/
0x1839a	N^NuHV,OH
0x18458	N^NuHV,O/
0x184ce	"N^NuHV,O""n"
0x184f2	N^NuHV,O/
0x1854e	N^NuHV,O/
0x18580	N^NuHV,O n
0x1859c	+,N^NuHV,O/
0x18628	N^NuHV,OH
0x187b0	N^NuHV,OH
0x18806	N^NuHV,OH
0x188ca	N^NuHV,OH
0x189b4	N^NuHV,OH
0x18a1a	N^NuHV,O/
0x18a72	N^NuHV,OH
0x18ac4	N^NuHV,OA
0x18afa	N^NuHV,O/
0x18baa	N^NuHV,OH
0x18c56	N^NuHV,OH
0x18ee2	N^NuHV,O/
0x1902e	N^NuHV,O/
0x19316	N^NuHV,OH
0x194dd	h$@POXOJ
0x19771	N$@POPOJ
0x1997e	"POXO""T l"
0x19aae	N^NuHV,O/
0x19ad4	N^NuHV,OH
0x19b5a	N^NuHV,O/
0x19b8a	N^NuHV,OH
0x19bea	N^NuHV,OH
0x19c3e	N^NuHV,O/
0x19c90	N^NuHV,O/
0x19cca	N^NuHV,O/
0x19e22	N^NuHV,O/
0x19e8c	N^NuHV,O y
0x1a15e	N^NuHV,O y
0x1a187	dN^NuHV,O y
0x1a2d2	N^NuHV,O y
0x1a2f9	dN^NuHV,O y
0x1a868	N^NuHV,O y
0x1a88d	dN^NuHV,O y
0x1aec0	N^NuHV,O/
0x1aef8	N^NuHV,Oa
0x1af4b	NN^NuHV,O/
0x1afaa	N^NuHV,O/
0x1b0c2	N^NuHV,O/
0x1b4b4	N^NuHV,OH
0x1b5be	POPOfD&n
0x1b6ca	POPOfV n
0x1b793	H$@POXOJ
0x1b7b5	|$@POPOJ
0x1b8c0	N^NuHV,O/
0x1b8f6	N^NuHV,O n
0x1b9d8	N^NuHV,OH
0x1bb78	N^NuHV,OH
0x1bbce	N^NuHV,OA
0x1bbf6	N^NuHV,O n
0x1bc08	N^NuHV,OB
0x1bc12	N^NuHV,ON^NuHV,OH
0x1bc9a	N^NuHV,OH
0x1bd00	N^NuHV,OH
0x1bd66	N^NuHV,O 9
0x1bd74	N^NuHV,O/
0x1bdb8	N^NuHV,O/
0x1bdf2	N^NuHV,O/
0x1be30	N^NuHV,OH
0x1beb8	N^NuHV,OH
0x1c0ba	lt CPOXO
0x1c16c	N^NuHV,O n
0x1c182	N^NuHV,OHx
0x1c193	pN^NuHV,O/
0x1c1f6	N^NuHV,OH
0x1c272	N^NuHV,OB
0x1c2b8	N^NuHV,O/.
0x1c2c9	6N^NuHV,O/.
0x1c2db	$N^NuHV,O/.
0x1c2f4	N^NuHV,O/.
0x1c354	POXO`T-j
0x1c63e	N^NuHV,O/
0x1c800	N^NuHV,OH
0x1c8d0	N^NuHV,OB
0x1c8e6	N^NuHV,O n
0x1c8fc	N^NuHV,OH
0x1c94c	N^NuHV,OB
0x1c976	N^NuHV,O n
0x1c988	N^NuHV,O/.
0x1c99a	N^NuHV,O n
0x1c9b8	N^NuHV,O n
0x1c9ca	N^NuHV,O/
0x1ca0c	N^NuHV,O/
0x1ca4e	N^NuHV,O n
0x1ca68	N^NuHV,O n
0x1ca82	N^NuHV,O n
0x1ca98	N^NuHV,O n
0x1caae	"N^NuHV,O""n"
0x1cad2	"N^NuHV,O""n"
0x1cbc0	"N^NuHV,O""n"
0x1cbdc	"N^NuHV,O""n"
0x1cbf8	N^NuHV,O n
0x1cc07	VN^NuHV,O n
0x1cc1a	N^NuHV,O n
0x1cc28	N^NuHV,O n
0x1cc38	N^NuHV,O n
0x1cc4a	N^NuHV,O n
0x1cc5a	N^NuHV,O n
0x1cc6c	N^NuHV,O n
0x1cc7b	JN^NuHV,O n
0x1cc8b	BN^NuHV,O n
0x1cc9b	NN^NuHV,O n
0x1ccab	FN^NuHV,O n
0x1ccbb	RN^NuHV,O n
0x1ccce	N^NuHV,O n
0x1ccdf	JN^NuHV,O n
0x1ccf1	BN^NuHV,O n
0x1cd03	NN^NuHV,O n
0x1cd15	FN^NuHV,O n
0x1cd27	RN^NuHV,O/
0x1cd5e	N^NuHV,O 9
0x1cd6c	N^NuHV,O n
0x1cd7b	ZN^NuHV,Op
0x1cd86	N^NuHV,OB
0x1cd90	N^NuHV,O n
0x1cde5	VN^NuHV,OH
0x1cee0	N^NuHV,OH
0x1cf46	N^NuHV,OH
0x1cfa4	N^NuHV,OH
0x1d01c	N^NuHV,OH
0x1d0bc	N^NuHV,O@
0x1d126	N^NuHV,O/
0x1d15c	N^NuHV,OH
0x1d20c	N^NuHV,OH
0x1d296	"N^NuHV,O""n"
0x1d2bb	XN^NuHV,O/
0x1d32e	N^NuHV,O/
0x1d35e	N^NuHV,OA
0x1d37a	ZpN^NuHV,OH
0x1d458	N^NuHV,OH
0x1d5d4	N^NuHV,ON^NuHV,OH
0x1d782	f~POXO`FB
0x1d906	N^NuHV,O/
0x1da6a	POPO`&%[
0x1daa4	N^NuHV,O/
0x1dd84	N^NuHV,OH
0x1e3f4	"POXO`^""n"
0x1e6c4	N^NuHV,O/
0x1e706	N^NuHV,OH
0x1e7d8	N^NuHV,OH
0x1eb80	N^NuHV,O/
0x1ebe8	N^NuHV,OH
0x1ec3c	N^NuHV,O/
0x1ec78	N^NuHV,OH
0x1ed14	"N^NuHV,O""."
0x1ed8e	N^NuHV,O/
0x1ee2c	"N^NuHV,O""."
0x1ee84	N^NuHV,O/
0x1f46c	N^NuHV,O .
0x1f496	N^NuHV,O .
0x1f5ec	N^NuHV,OH
0x1f894	N^NuHV,OH
0x1f8ec	N^NuHV,OH
0x1fa28	N^NuHV,OH
0x1fc62	"N^NuHV,O""n"
0x1fc8a	N^NuHV,O/
0x1fcf4	N^NuHV,O/
0x1fd36	N^NuHV,O/
0x1fd78	N^NuHV,OH
0x1fe42	N^NuHV,O/
0x1fe86	N^NuHV,O/
0x1feaa	N^NuHV,OH
0x1ff44	N^NuHV,OH
0x200fa	N^NuHV,OH
0x20513	HXO`8*EHm
0x2058c	N^NuHV,OH
0x20640	N^NuHV,O .
0x2066a	N^NuHV,OH
0x21098	N^NuHV,OH
0x210f4	N^NuHV,O/
0x21120	N^NuHV,O n
0x21140	N^NuHV,OH
0x211a2	N^NuHV,O/
0x21357	d @POPOJ
0x214b4	N^NuHV,O/
0x2154c	N^NuHV,O/
0x215b2	N^NuHV,O/
0x21642	N^NuHV,OH
0x21c93	TPOXO`(J
0x21fa4	N^NuHV,OH
0x220d0	N^NuHV,OH
0x22158	N^NuHV,OH
0x2226a	N^NuHV,OH
0x226ce	N^NuHV,OH
0x22718	gV`t S$H
0x22798	N^NuHV,OH
0x227e0	N^NuHV,O/
0x227fd	V&@POXOJ
0x22840	N^NuHV,OH
0x22892	N^NuHV,OH
0x229bc	N^NuHV,OH
0x22ad8	N^NuHV,OH
0x22baa	N^NuHV,OH
0x23b7f	XPOPO`(/
0x23df8	N^NuHV,O/
0x23e78	N^NuHV,O/
0x23f20	N^NuHV,OH
0x245e6	N^NuHV,O/
0x24666	N^NuHV,Op
0x24684	N^NuHV,O/
0x24716	N^NuHV,OH
0x24854	N^NuHV,O/
0x248d2	N^NuHV,OH
0x24932	N^NuHV,OH
0x249ce	N^NuHV,ON^NuHV,O/
0x24a50	N^NuHV,OH
0x24ad6	N^NuHV,O n
0x24aef	TN^NuHV,OH
0x24b5a	N^NuHV,OH
0x24c0c	N^NuHV,O n
0x24c28	N^NuHV,O/
0x24e26	N^NuHV,OH
0x25204	N^NuHV,OH
0x252e2	N^NuHV,OH
0x25372	N^NuHV,O/
0x253d1	$$@POXOJ
0x253ee	N^NuHV,O/
0x2546a	N^NuHV,OA
0x257b8	N^NuHV,O/
0x257ee	N^NuHV,O/
0x25870	N^NuHV,OH
0x259b4	N^NuHV,OH
0x25bdc	N^NuHV,O#
0x25bec	5(N^NuNV
0x25e82	N^NuHV,OH
0x25f0a	N^NuHV,ON^NuHV,O/
0x25f48	N^NuHV,O n
0x25fde	N^NuHV,OH
0x26168	N^NuHV,Op-N^NuHV,OB
0x2617c	N^NuHV,OB
0x261a4	N^NuHV,O/
0x261de	N^NuHV,O/
0x2621c	N^NuHV,O/
0x26262	N^NuHV,O/
0x262a8	N^NuHV,O/
0x26406	N^NuHV,OH
0x264b4	N^NuHV,OH
0x264ec	"POXOf""/."
0x26526	N^NuHV,OH
0x2664e	N^NuHV,O <
0x2665c	N^NuHV,O/
0x2695e	N^NuHV,OH
0x26afc	POXOf2/.
0x26d22	N^NuHV,OH
0x26d90	N^NuHV,OH
0x26df6	N^NuHV,O/
0x2715c	POXOf0 k
0x2734a	N^NuHV,O n
0x27366	/`N^NuNV
0x2750a	N^NuHV,O n
0x277bc	N^NuHV,O/
0x279de	N^NuHV,OH
0x27aa6	N^NuHV,OH
0x27ba2	N^NuHV,OH
0x27ee4	N^NuHV,OH
0x28168	"N^NuHV,O""n"
0x2818a	!<N^NuNV
0x28204	N^NuHV,OB
0x2820e	N^NuHV,Op-N^NuHV,ON^NuHV,OH
0x282bc	N^NuHV,O n
0x282d4	N^NuHV,OH
0x2843a	/ POPO`0a
0x28540	N^NuHV,O/
0x285dc	N^NuHV,O n
0x2860a	N^NuHV,OH
0x2864e	N^NuHV,OH
0x2872a	N^NuHV,OH
0x287c0	N^NuHV,O/
0x28824	N^NuHV,OH
0x288b2	"XO R P""h"
0x28920	PJXJPIXIPKXK y
0x28a70	"""`POPJXJR"
0x28a88	N^NuHV,O/
0x28df2	N^NuHV,O/
0x28e6c	N^NuHV,O/
0x28ea4	"N^NuHV,O""n"
0x28ee2	N^NuHV,O n
0x28f06	N^NuHV,OH
0x28f7a	N^NuHV,OH
0x2910c	N^NuHV,O n
0x291f2	N^NuHV,O/
0x2930a	N^NuHV,O/
0x29356	"N^NuHV,O""n"
0x2939a	N^NuHV,O/
0x293be	N^NuHV,O/
0x293f0	N^NuHV,OH
0x294e2	N^NuHV,OH
0x29566	N^NuHV,OH
0x29648	N^NuHV,O/
0x2969a	N^NuHV,O/
0x296f4	N^NuHV,O .
0x29712	N^NuHV,OH
0x2982b	P$@POPOr<
0x298af	<$@POPOJ
0x299d6	$@POPOr<
0x29a97	T$@POPOJ
0x29dce	POPOg$0k
0x29fec	N^NuHV,OH
0x2a648	"POPO""D#k"
0x2a784	N^NuHV,O/
0x2a822	N^NuHV,O n
0x2a8f2	N^NuHV,OJ
0x2a91c	N^NuHV,OHy
0x2a98c	N^NuHV,O/
0x2aa74	N^NuHV,OH
0x2ab82	POPOf +n
0x2b1a5	XN^NuHV,Op-N^NuHV,Op-N^NuHV,OH
0x2b4d8	N^NuHV,O/
0x2b63a	POPOg,Rh
0x2b934	POPO$T&j
0x2c1c8	"N^NuHV,O""n"
0x2c264	N^NuHV,O y
0x2c49a	N^NuHV,OpGN^NuHV,Op
0x2c4ae	"N^NuHV,O""."
0x2c4c4	N^NuHV,Op
0x2c4ce	N^NuHV,O/
0x2c4fe	N^NuHV,O/
0x2c532	N^NuHV,OH
0x2c598	N^NuHV,O/
0x2c864	$@POXO)K
0x2cc7a	N^NuHV,O <
0x2cc88	N^NuHV,OHx
0x2ccac	N^NuHV,OH
0x2cd4a	N^NuHV,OH
0x2cf0a	N^NuHV,OH
0x2cf68	N^NuHV,OH
0x2d04a	N^NuHV,O n
0x2d064	N^NuHV,OH
0x2d17e	N^NuHV,O n
0x2d1b0	N^NuHV,OH
0x2d22c	N^NuHV,O n
0x2d25e	N^NuHV,O n
0x2d288	N^NuHV,O n
0x2d2ba	N^NuHV,OH
0x2d566	N^NuHV,O/
0x2d5ac	N^NuHV,O/
0x2d5ee	N^NuHV,O n
0x2d620	N^NuHV,OH
0x2d65e	N^NuHV,O/
0x2d6a0	N^NuHV,O/
0x2d6e2	N^NuHV,O/
0x2d724	N^NuHV,OH
0x2d762	N^NuHV,O/
0x2d7bc	N^NuHV,OH
0x2d824	N^NuHV,O n
0x2d856	N^NuHV,O/
0x2d8a2	N^NuHV,ON^NuNV
0x2da36	N^NuHV,Op
0x2da40	N^NuHV,OB
0x2da4a	N^NuHV,OHx
0x2da5f	hN^NuHV,OH
0x2dbce	N^NuHV,O n
0x2dbee	N^NuHV,O n
0x2dc12	N^NuHV,O/
0x2dc54	N^NuHV,ON^NuHV,O n
0x2de26	N^NuHV,O/
0x2de64	N^NuHV,O/
0x2e0bd	,POXOg(|
0x2e468	N^NuHV,OB
0x2e498	N^NuHV,O n
0x2e4b6	N^NuHV,O n
0x2e4d5	0N^NuHV,O n
0x2e4fa	N^NuHV,ON^NuHV,OB
0x2e50c	N^NuHV,O/
0x2e54a	N^NuHV,OH
0x2e60e	N^NuHV,O/
0x2e74c	N^NuHV,OH
0x2e77a	POPOoh$y
0x2e800	N^NuHV,OH
0x2e854	N^NuHV,OH
0x2e98c	N^NuHV,OH
0x2ec60	N^NuHV,O/
0x2eca4	N^NuHV,OHx
0x2ecbe	N^NuHV,OH
0x2ed3a	N^NuHV,OH
0x2ed98	N^NuHV,OH
0x2f012	N^NuHV,OH
0x2f086	N^NuHV,O .
0x2f0ee	N^NuHV,O .
0x2f122	N^NuHV,O/
0x2f1b6	N^NuHV,OH
0x2f29c	N^NuHV,OH
0x2f374	N^NuHV,ON^NuNV
0x2f3fb	2 @POXOJ
0x2f426	N^NuHV,O/
0x2f558	N^NuHV,OHx
0x2f758	N^NuHV,O/
0x2f7f6	N^NuHV,OB
0x2f93c	N^NuHV,Op
0x2f946	N^NuHV,OH
0x2f9b4	N^NuHV,O/
0x2fa00	N^NuHV,OH
0x2faa6	N^NuHV,O n
0x2facd	8N^NuHV,OH
0x2fbcc	N^NuHV,Op
0x2fbd6	N^NuHV,O n
0x2fbf4	N^NuHV,OH
0x2fc40	N^NuHV,O/
0x2fcf6	N^NuHV,OH
0x2fd80	N^NuHV,O/
0x2fdd2	N^NuHV,Op
0x2fddc	N^NuHV,O/.
0x2fdf2	N^NuHV,O/.
0x2fe07	^N^NuHV,O/
0x2fe5e	N^NuHV,O/
0x2fed6	g0`24R-J
0x3003e	N^NuHV,O/.
0x30054	N^NuHV,OH
0x3011a	N^NuHV,OH
0x301c2	N^NuHV,O n
0x301e1	@N^NuHV,OH
0x30326	N^NuHV,OH
0x303f8	N^NuHV,O n
0x3042e	N^NuHV,ON^NuHV,O/
0x304a4	N^NuHV,O/
0x30512	N^NuHV,OH
0x3059e	N^NuHV,OH
0x3060c	N^NuHV,OH
0x30718	"N^NuHV,O""n"
0x30732	"N^NuHV,O""n"
0x30768	N^NuHV,O n
0x30792	N^NuHV,O n
0x307bc	N^NuHV,ON^NuHV,O/
0x307f6	N^NuHV,O/
0x30828	N^NuHV,O/
0x3086a	N^NuHV,O/
0x308ac	N^NuHV,O n
0x308c0	N^NuHV,O n
0x308f0	N^NuHV,O n
0x3091a	N^NuHV,OH
0x30990	N^NuHV,OHx
0x309b4	N^NuHV,OHx
0x309d8	N^NuHV,OHx
0x309fc	N^NuHV,OH
0x30a5a	N^NuHV,O n
0x30a88	N^NuHV,O/.
0x30aa8	N^NuHV,OH
0x30afc	N^NuHV,O/
0x30b42	N^NuHV,O/
0x30b9a	N^NuHV,O/
0x30be0	N^NuHV,O/
0x30ce8	N^NuHV,OH
0x30e1a	N^NuHV,OH
0x31304	N^NuHV,OH
0x3137e	N^NuHV,O/
0x31412	N^NuHV,OH
0x3146a	"N^NuHV,O""."
0x31480	N^NuHV,Op
0x3148a	N^NuHV,OHy
0x315ca	N^NuHV,O/
0x31638	N^NuHV,O <
0x31646	N^NuHV,OHx
0x3165f	rN^NuHV,O/
0x3170d	B$@XO`zHx
0x31810	N^NuHV,OH
0x318ca	N^NuHV,O/
0x31910	N^NuHV,OH
0x31978	N^NuHV,OH
0x319ce	N^NuHV,O/
0x31a26	N^NuHV,OH
0x31a84	N^NuHV,OH
0x31ada	N^NuHV,OH
0x31bd2	N^NuHV,OHy
0x31be6	N^NuHV,O/
0x31c5c	N^NuHV,Op
0x31edc	N^NuHV,OH
0x3204a	$@POXO'C
0x32074	$@POXO *
0x32124	N^NuHV,OH
0x32184	N^NuHV,OH
0x321dc	N^NuHV,OH
0x322d5	(POXO`L i
0x323f8	N^NuHV,O n
0x32428	N^NuHV,O n
0x3245c	N^NuHV,O n
0x3246f	FN^NuHV,OH
0x3258a	N^NuHV,O n
0x325c2	N^NuHV,Op
0x325cc	N^NuHV,Op
0x325d6	N^NuHV,O n
0x32602	"N^NuHV,O""."
0x32674	N^NuHV,O/
0x326a8	N^NuHV,O/
0x32726	N^NuHV,O n
0x3274e	N^NuHV,OH
0x327ec	N^NuHV,OH
0x329fa	N^NuHV,OH
0x32a6e	N^NuHV,OH
0x32ac6	N^NuHV,O/
0x32b12	N^NuHV,O n
0x32b48	N^NuHV,O n
0x32b7f	0N^NuHV,O/
0x32d6c	N^NuHV,O/
0x32dd0	N^NuHV,O/
0x32efc	N^NuHV,OH
0x33252	N^NuHV,O n
0x33270	N^NuHV,O n
0x33282	N^NuHV,O n
0x33512	N^NuHV,O n
0x33532	N^NuHV,O/
0x3355c	N^NuHV,O/
0x3359c	N^NuHV,OB
0x335a6	N^NuHV,Op
0x335b0	N^NuHV,O <
0x335be	N^NuHV,O y
0x335eb	dN^NuHV,OH
0x33732	N^NuHV,OH
0x337e6	N^NuHV,O/
0x3387a	N^NuHV,O/
0x33ad6	POXO`V-j
0x33c58	N^NuHV,OH
0x33d5c	N^NuHV,OH
0x33dc6	N^NuHV,OH
0x33f28	N^NuHV,OH
0x343da	N^NuHV,OH
0x34774	POXOf&Hj
0x34e12	N^NuHV,OH
0x34ef4	POPOf$Hk
0x34fc8	N^NuHV,O/.
0x34fee	dlN^NuNV
0x354ba	N^NuHV,OH
0x3560f	6(@POXOJ
0x35c11	4(@POXOJ
0x35daa	N^NuHV,OH
0x361a8	N^NuHV,OH
0x36278	N^NuHV,OH
0x36436	N^NuHV,OH
0x365b6	N^NuHV,OH
0x3693e	N^NuHV,OH
0x36a1e	N^NuHV,OH
0x36aa8	N^NuHV,O n
0x36ad6	N^NuHV,OB
0x36c3e	POXO`|$(
0x36d3a	N^NuHV,O/
0x36d9a	N^NuHV,O/
0x36e1c	N^NuHV,O/
0x36e88	N^NuHV,OH
0x36f46	N^NuHV,O/
0x36f92	N^NuHV,OH
0x370df	DPOPO` /
0x3713e	N^NuHV,OH
0x37190	N^NuHV,O/
0x371da	N^NuHV,O/
0x37222	N^NuHV,O/
0x37278	N^NuHV,OH
0x3737e	N^NuHV,O/
0x373b4	N^NuHV,O n
0x373e0	N^NuHV,O/
0x3745a	N^NuHV,OH
0x3752c	N^NuHV,OA
0x3772e	E:XO S!k
0x37906	N^NuHV,O/
0x379c0	N^NuHV,O/
0x37a4e	N^NuHV,O/
0x37ae6	N^NuHV,O/
0x37c08	N^NuHV,OH
0x3843a	N^NuHV,O/
0x384b4	N^NuHV,O/
0x384ee	N^NuHV,O n
0x3851e	N^NuHV,OH
0x385e0	N^NuHV,OH
0x386bc	N^NuHV,O/
0x38724	N^NuHV,O/
0x38b2c	N^NuHV,O/
0x38be8	N^NuHV,OH
0x38d0e	"N^NuHV,O""n"
0x38d3c	N^NuHV,O .
0x38d68	N^NuHV,OH
0x38dfc	N^NuHV,O/
0x38e36	"N^NuHV,O""n"
0x38faa	N^NuHV,OH
0x390fc	N^NuHV,OH
0x3919a	N^NuHV,O/
0x391d8	N^NuHV,O/
0x3926c	N^NuHV,O/
0x392f6	N^NuHV,O/
0x3937e	N^NuHV,O/
0x3946e	POXO`  6,
0x394cc	N^NuHV,O/
0x39518	N^NuHV,O n
0x3953e	N^NuHV,O n
0x39588	POXOflHn
0x39602	N^NuHV,OH
0x39bc2	N^NuHV,OB
0x39bd6	N^NuHV,OH
0x39ce0	N^NuHV,O/
0x39d0f	|$@POXOJ
0x39d5c	N^NuHV,OH
0x39e08	N^NuHV,OHx
0x39e20	N^NuHV,OH
0x39faa	N^NuHV,OH
0x3a048	N^NuHV,Op
0x3a052	N^NuHV,O n
0x3a076	N^NuHV,OB
0x3a080	N^NuHV,O/
0x3a0ee	N^NuHV,OH
0x3a4bd	N$@POXO)n
0x3a4ee	$@POXO *
0x3a628	N^NuHV,Op
0x3a632	N^NuHV,Op
0x3a63c	N^NuHV,OH
0x3a9fa	N^NuHV,OH
0x3aa86	N^NuHV,O/
0x3aae2	N^NuHV,OH
0x3ab9a	N^NuHV,O/
0x3abca	N^NuHV,O n
0x3af2a	N^NuHV,O/
0x3b404	N^NuHV,O/
0x3b494	N^NuHV,OH
0x3b5e9	BPOXO`(B
0x3b710	N^NuHV,O/
0x3b762	N^NuHV,OH
0x3b834	&@POXO%C
0x3b8a4	N^NuHV,O n
0x3b8c1	".N^NuHV,O""."
0x3b8d8	N^NuHV,Op
0x3b8e2	N^NuHV,OHy
0x3b8f5	tN^NuHV,O/.
0x3b910	N^NuHV,OH
0x3bc7a	$@POXO'C
0x3be9b	p$@POXO 
0x3bfd6	N^NuHV,O n
0x3c046	N^NuHV,OH
0x3c0b2	N^NuHV,OH
0x3c108	N^NuHV,OH
0x3c156	N^NuHV,OH
0x3c603	PPOPOPJPJR
0x3c7df	|N^NuHV,OH
0x3c836	N^NuHV,O/
0x3c88e	N^NuHV,O/
0x3c8e6	N^NuHV,OH
0x3c966	N^NuHV,O n
0x3c99c	N^NuHV,O/
0x3c9e8	N^NuHV,OH
0x3ca4c	N^NuHV,O/
0x3ca8e	N^NuHV,OH
0x3cb18	N^NuHV,O/
0x3cbb2	N^NuHV,O/
0x3cc08	N^NuHV,O/
0x3cd9d	`N^NuHV,O/
0x3cdd4	N^NuHV,O/
0x3ce0a	N^NuHV,O/
0x3ce40	"N^NuHV,O""n"
0x3ce58	N^NuHV,OH
0x3cfe6	N^NuHV,O/
0x3d062	N^NuHV,OH
0x3d172	N^NuHV,O n
0x3d1a3	$N^NuHV,OH
0x3d282	N^NuHV,OH
0x3d2e6	N^NuHV,O/
0x3d358	N^NuHV,O/
0x3e1c8	%hPOPO`T$+
0x3e3b8	@f$@POPO n
0x3e4ca	N^NuHV,OH
0x3e5f0	!@POPO`2 QG
0x3ebe7	JPOPO`0 QK
0x3ee78	N^NuHV,O/
0x3f07a	N^NuHV,O/
0x3f0d4	N^NuHV,OH
0x3f156	N^NuHV,OH
0x3f224	N^NuHV,OH
0x3f282	N^NuHV,O n
0x3f294	N^NuHV,OH
0x3f336	N^NuHV,O/
0x3f374	N^NuHV,OH
0x3f58a	N^NuHV,OH
0x3f664	N^NuHV,OH
0x3f70c	N^NuHV,OH
0x3f8e2	N^NuHV,O n
0x3f93c	N^NuHV,O n
0x3f996	N^NuHV,O n
0x3f9f2	N^NuHV,O n
0x3fa4c	N^NuHV,O n
0x3fa76	N^NuHV,O n
0x3fad0	N^NuHV,OHy
0x3fb1f	^N^NuHV,O/
0x3fbd0	N^NuHV,O/
0x3fc80	N^NuHV,O/
0x3fd38	N^NuHV,O/
0x3fde8	N^NuHV,O/
0x3fe78	N^NuHV,O/
0x3ff28	N^NuHV,O/
0x3ffde	N^NuHV,O/
0x40094	N^NuHV,O/
0x40154	N^NuHV,O n
0x40162	N^NuHV,O/
0x402a6	POXOf* n
0x4039c	N^NuHV,O .
0x40450	POXOfXHn
0x404b4	"N^NuHV,O""n"
0x4055a	N^NuHV,O/
0x4072a	N^NuHV,OH
0x40858	N^NuHV,O .
0x40b3c	N^NuHV,O 9
0x40b50	N^NuHV,O/
0x40b8a	N^NuHV,OH
0x40c90	N^NuHV,O n
0x40cb2	N^NuHV,O n
0x40cce	N^NuHV,O/
0x40d1c	N^NuHV,OH
0x40d72	N^NuHV,O/
0x40dce	N^NuHV,O/
0x40df6	N^NuHV,O/
0x40e5c	N^NuHV,O/
0x40fdc	N^NuHV,OH
0x41142	N^NuHV,O/
0x411ae	N^NuHV,O/.
0x411e2	N^NuHV,O n
0x411fa	N^NuHV,O n
0x4128a	N^NuHV,OH
0x412fe	N^NuHV,O n
0x41312	N^NuHV,O/
0x41354	N^NuHV,O/
0x41380	N^NuHV,O/
0x413c4	N^NuHV,O/
0x4155a	N^NuHV,O/
0x41674	N^NuHV,O/
0x416b0	N^NuHV,O n
0x416d6	N^NuHV,OH
0x41780	N^NuHV,O/
0x417d4	N^NuHV,O/
0x4180c	N^NuHV,OH
0x419c6	N^NuHV,O/
0x41a06	N^NuHV,OH
0x41a9a	N^NuHV,OH
0x41b3e	N^NuHV,OH
0x41c8e	N^NuHV,OH
0x41e60	N^NuHV,OH
0x42060	N^NuHV,OH
0x42175	XPOPO$@B
0x42400	N^NuHV,OH
0x42482	N^NuHV,OH
0x4251c	N^NuHV,OH
0x427a6	N^NuHV,O/
0x4283a	N^NuHV,OH
0x42918	N^NuHV,OH
0x429fa	N^NuHV,OH
0x42b2c	N^NuHV,OH
0x42ba9	$POPO$@`
0x42d4c	N^NuHV,OH
0x42ea0	N^NuHV,O n
0x42eae	N^NuHV,O/
0x42edc	N^NuHV,OH
0x42fac	N^NuHV,O/
0x42fe0	N^NuHV,OH
0x43054	POXOPJPJR
0x43108	N^NuHV,OH
0x431ce	N^NuHV,OH
0x43204	N^NuHV,O n
0x43214	N^NuHV,O/
0x43738	N^NuHV,O/
0x43932	N^NuHV,O/
0x43960	N^NuHV,OH
0x439e0	N^NuHV,O/
0x43ae2	N^NuHV,O .
0x43b15	.N^NuHV,O/
0x43b4a	N^NuHV,O/
0x43b8c	N^NuHV,O/
0x44eda	POPOg &m
0x45090	POPO`l(H+l
0x450c2	POPOg: y
0x4559c	}PPOXO` /
0x455f4	N^NuHV,O/
0x45646	"N^NuHV,O""."
0x458ec	N^NuHV,OB
0x45a88	"w""$@POPOJ"
0x45bd7	|$@POPOJ
0x45c43	8$@POPOJ
0x45ee0	N^NuHV,OH
0x462b0	N^NuHV,O/
0x46494	POXOfbHn
0x4667a	N^NuHV,O/
0x46a6a	N^NuHV,O/
0x46acc	N^NuHV,OH
0x46c74	N^NuHV,O .
0x46e4a	N^NuHV,O/.
0x47288	N^NuHV,O/.
0x472b2	N^NuHV,O/
0x47310	N^NuHV,O .
0x4733c	N^NuHV,O/
0x4739a	N^NuHV,O .
0x473c6	N^NuHV,ON^NuHV,OH
0x475a6	N^NuHV,OH
0x4763a	N^NuHV,OH
0x476d0	N^NuHV,OH
0x47784	N^NuHV,O/
0x477f0	N^NuHV,O/
0x47d04	N^NuHV,O/
0x47dd2	N^NuHV,OH
0x47f0c	N^NuHV,O/
0x47f72	N^NuHV,OH
0x4801e	N^NuHV,OH
0x48146	N^NuHV,OJ
0x4816e	N^NuHV,OH
0x481ca	N^NuHV,O .
0x481f6	N^NuHV,OH
0x48298	N^NuHV,O/9
0x482c1	lN^NuHV,O/9
0x482eb	*N^NuHV,O/
0x48336	N^NuHV,OH
0x48390	N^NuHV,O/
0x483d0	N^NuHV,O/
0x48406	N^NuHV,O/
0x4843c	N^NuHV,O n
0x48466	N^NuHV,O n
0x48490	N^NuHV,O/
0x484c8	N^NuHV,O/
0x484f6	N^NuHV,O/
0x48524	N^NuHV,O/
0x4855c	N^NuHV,O/
0x4859c	N^NuHV,O n
0x485af	:N^NuHV,O n
0x485c5	$N^NuHV,O/
0x48600	N^NuHV,O/
0x4863a	N^NuHV,OH
0x48808	N^NuHV,O n
0x48828	N^NuHV,O n
0x48870	N^NuHV,O/
0x4892a	N^NuHV,O n
0x489c2	"POPOg"" n"
0x48a22	POPOf<Hn
0x48b48	POPOfZ/.
0x49180	N^NuHV,O/
0x491a8	N^NuHV,OHy
0x491bc	N^NuHV,O/
0x491ec	N^NuHV,OH
0x492a4	N^NuHV,OH
0x4939c	N^NuHV,O/
0x493c0	N^NuHV,OH
0x49420	N^NuHV,OH
0x495f2	N^NuHV,O n
0x49612	N^NuHV,O n
0x49630	N^NuHV,OH
0x49762	N^NuHV,O n
0x49782	N^NuHV,O n
0x4986c	N^NuHV,O n
0x49896	N^NuHV,O n
0x498c0	N^NuHV,O/
0x498ec	N^NuHV,O/
0x49948	N^NuHV,O/
0x4997e	N^NuHV,O/
0x499b0	N^NuHV,O/
0x499dc	N^NuHV,O/
0x49a08	N^NuHV,O/
0x49a34	N^NuHV,O/
0x49a60	N^NuHV,O/
0x49ad6	N^NuHV,O/
0x49b5c	N^NuHV,O/
0x49bbc	"N^NuHV,O""n"
0x49cbe	N^NuHV,OH
0x49d32	N^NuHV,O/
0x49d6a	N^NuHV,O/
0x49da6	N^NuHV,O/
0x49de2	N^NuHV,O/
0x49e1a	N^NuHV,O/
0x49e52	N^NuHV,O/
0x49e8a	N^NuHV,O .
0x4a00c	N^NuHV,O n
0x4a03c	N^NuHV,OH
0x4a096	N^NuHV,O .
0x4a0aa	qVN^NuHV,O .
0x4a0c2	N^NuHV,OB
0x4a0cc	N^NuHV,ON^NuNV
0x4a10c	N^NuHV,Op
0x4a116	N^NuHV,OH
0x4a262	N^NuHV,O/
0x4a2c0	N^NuHV,O/
0x4a320	N^NuHV,O/
0x4a35e	"N^NuHV,O""."
0x4a3ee	N^NuHV,O .
0x4a40a	N^NuHV,ON^NuHV,OA
0x4a458	N^NuHV,O/
0x4a494	N^NuHV,OH
0x4a564	N^NuHV,O/
0x4a696	N^NuHV,OH
0x4a7d6	N^NuHV,O/
0x4a81a	N^NuHV,OH
0x4a8c0	N^NuHV,O/
0x4a910	N^NuHV,OH
0x4a9bc	N^NuHV,O/
0x4aa5a	N^NuHV,O/
0x4aa90	N^NuHV,O/
0x4aaba	N^NuHV,ON^NuHV,OH
0x4ab2e	N^NuHV,OB
0x4ab38	N^NuHV,ON^NuHV,OHx
0x4ab52	N^NuHV,OHx
0x4ab67	`N^NuHV,O/
0x4abae	N^NuHV,O n
0x4abc8	N^NuHV,O/
0x4acaa	N^NuHV,O n
0x4ad12	\@N^NuHV,O/
0x4ad28	VHgV`J 9
0x4ad8a	N^NuHV,O/
0x4ae42	N^NuHV,O n
0x4ae9e	N^NuHV,O n
0x4aee0	N^NuHV,O n
0x4af0a	N^NuHV,O/
0x4af6c	[<POXOJj
0x4af7e	N^NuHV,O/
0x4afaa	N^NuHV,O/
0x4afde	N^NuHV,OH
0x4b0ec	N^NuHV,O/
0x4b11a	N^NuHV,O n
0x4b136	N^NuHV,OH
0x4b180	N^NuHV,O/
0x4b1c2	"N^NuHV,ON^NuHV,O""n"
0x4b1f8	N^NuHV,O/
0x4b25a	N^NuHV,OH
0x4b31a	N^NuHV,O/
0x4b3a2	N^NuHV,OH
0x4b522	N^NuHV,O/
0x4b56a	N^NuHV,OHx
0x4b588	N^NuHV,O/
0x4b5c0	N^NuHV,OH
0x4b666	N^NuHV,OH
0x4b6bc	N^NuHV,OHy
0x4b6d0	N^NuHV,O/
0x4b706	N^NuHV,O/
0x4b736	N^NuHV,O/
0x4b796	N^NuHV,O/
0x4b7e0	N^NuHV,O/.
0x4b7fc	N^NuHV,O n
0x4b81a	N^NuHV,O/
0x4b860	N^NuHV,O/
0x4b896	N^NuHV,O/
0x4b920	N^NuHV,O/
0x4b96c	N^NuHV,O/
0x4c138	N^NuHV,OH
0x4c290	N^NuHV,OH
0x4c2e0	N^NuHV,OH
0x4c33a	N^NuHV,OH
0x4c446	"N^NuHV,O""n"
0x4c92e	"Xz`""S@1@"
0x4c95a	N^NuHV,O n
0x4ca5c	N^NuHV,OH
0x4cab3	L$S(JPOJ
0x4cafe	N^NuHV,OH
0x4cc4a	N^NuHV,O/.
0x4cc62	N^NuHV,OH
0x4cdf8	N^NuHV,O n
0x4ce24	N^NuHV,O .
0x4ce58	N^NuHV,Op
0x4ce62	N^NuHV,O/
0x4ceba	N^NuHV,O .
0x4cef8	N^NuHV,Op
0x4cffe	N^NuHV,O/
0x4d072	N^NuHV,O/
0x4d0be	N^NuHV,O/
0x4d10e	N^NuHV,OH
0x4d428	N^NuHV,OH
0x4d524	N^NuHV,OH
0x4d56a	N^NuHV,O n
0x4d57d	8N^NuHV,O/
0x4d5ae	N^NuHV,O/
0x4d616	N^NuHV,O n
0x4d63c	N^NuHV,O/
0x4d6de	N^NuHV,O/
0x4d71a	N^NuHV,O/
0x4d770	N^NuHV,O/
0x4da86	N^NuHV,OH
0x4daee	N^NuHV,O/
0x4db2e	N^NuHV,O/
0x4dbb4	N^NuHV,O/
0x4dc02	N^NuHV,OH
0x4dc84	N^NuHV,OH
0x4dd1c	N^NuHV,OH
0x4ddc2	"9*XO""R j"
0x4de6c	N^NuHV,O/
0x4df84	N^NuHV,O/
0x4dfac	N^NuHV,O n
0x4dfbe	N^NuHV,O n
0x4dfd2	N^NuHV,O n
0x4dff5	4N^NuHV,O n
0x4e009	0N^NuHV,O n
0x4e042	N^NuHV,OH
0x4e070	f>&JPJXJJ
0x4e0ce	N^NuHV,OH
0x4e170	N^NuHV,Oa
0x4e18a	7:N^NuHV,O/
0x4e256	N^NuHV,OB
0x4e260	N^NuHV,O/
0x4e2a1	FPOXOPJXJJ
0x4e2ce	POXOPJXJJ
0x4e33e	N^NuHV,Oa
0x4e34e	N^NuHV,O/
0x4e3a4	N^NuHV,O#
0x4e3f4	N^NuHV,O/
0x4e41c	N^NuHV,O/
0x4e454	N^NuHV,OH
0x4e4ca	$$POXO$SJ
0x4e536	N^NuHV,OH
0x4e57a	N^NuHV,OH
0x4e660	N^NuHV,O/
0x4e6ca	N^NuHV,O/
0x4e70e	N^NuHV,OH
0x4e76a	N^NuHV,OH
0x4e81a	N^NuHV,OH
0x4e86c	"8@ @""A 9"
0x4e944	N^NuHV,OH
0x4e988	N^NuHV,OH
0x4e9fc	N^NuHV,O/
0x4ea24	N^NuHV,OH
0x4ea5c	N^NuHV,OH
0x4ea94	N^NuHV,O/.
0x4eb8c	N^NuHV,O/
0x4ebdc	N^NuHV,OJ
0x4ec0d	DN^NuHV,O
0x4ec32	N^NuHV,O
0x4ec52	N^NuHV,O
0x4ec72	N^NuHV,O
0x4ec96	N^NuHV,O
0x4ecb2	N^NuHV,OH
0x4eea2	N^NuHV,OH
0x4ef3e	"N^NuHV,O""n"
0x4efe3	"hN^NuHV,O""n"
0x4f04b	<N^NuHV,OH
0x4f0b4	N^NuHV,OH
0x4f102	N^NuHV,OH
0x4f154	N^NuHV,OH
0x4f19a	N^NuHV,OH
0x4f1e6	N^NuHV,OH
0x4f22c	N^NuHV,OH
0x4f2ac	N^NuHV,O/
0x4f2e0	N^NuHV,O n
0x4f2ef	<N^NuHV,OH
0x4f382	N^NuHV,Op
0x4f394	N^NuHV,Op
0x4f3a6	N^NuHV,Op
0x4f3b8	N^NuHV,O#
0x4f3ca	N^NuHV,Op
0x4f3d4	N^NuHV,Op
0x4f3de	N^NuHV,O n
0x4f40e	N^NuHV,O/
0x4f492	N^NuHV,OH
0x4f4d8	DNPOXO$j
0x4f4ee	N^NuHV,O/
0x4f51c	N^NuHV,OH
0x4f594	N^NuHV,OH
0x4f73c	N^NuHV,OB
0x4f757	DN^NuHV,OHx
0x4f775	&N^NuHV,O/
0x4f79a	N^NuHV,O/
0x4f7c2	N^NuHV,O/
0x4f7e8	N^NuHV,O/
0x4f814	N^NuHV,O n
0x4f82e	N^NuHV,O/
0x4f852	N^NuHV,O n
0x4f938	N^NuHV,O n
0x4f96c	N^NuHV,O/
0x4f9f2	N^NuHV,OH
0x4fa56	N^NuHV,OH
0x4faa2	N^NuHV,O/
0x4faee	N^NuHV,O/
0x4fb38	N^NuHV,OH
0x4fba2	N^NuHV,OH
0x4fc10	N^NuHV,O/
0x4fc56	N^NuHV,OH
0x5033e	POXO`.Hn
0x5053e	N^NuHV,OH
0x50628	N^NuHV,OBy
0x50654	N^NuHV,OB
0x50674	N^NuHV,O/
0x506ee	N^NuHV,OB
0x50705	TN^NuHV,O/
0x5073e	N^NuHV,O/
0x50780	N^NuHV,OH
0x50852	N^NuHV,OH
0x5094c	N^NuHV,OH
0x50aa2	N^NuHV,O/.
0x50abf	|N^NuHV,O n
0x50ae0	N^NuHV,OH
0x50bce	N^NuHV,OH
0x50e04	N^NuHV,O/
0x50e34	N^NuHV,OH
0x50ea2	N^NuHV,OH
0x50ef8	N^NuHV,O/
0x50faa	N^NuHV,O/
0x50ffc	N^NuHV,O n
0x5101f	TN^NuHV,OR
0x5107c	N^NuHV,OH
0x511c6	N^NuHV,O/
0x5122a	N^NuHV,OH
0x51324	N^NuHV,O/
0x51370	N^NuHV,O/
0x513a2	N^NuHV,OH
0x51418	N^NuHV,OH
0x51514	N^NuHV,OH
0x51547	"ZXO`""$C 2,"
0x516d8	N^NuHV,Oa
0x5173e	N^NuHV,OH
0x517fa	N^NuHV,OH
0x5188a	N^NuHV,OB
0x518a0	N^NuHV,O y
0x518b1	@N^NuHV,OB
0x518c1	zN^NuHV,O y
0x518ec	N^NuHV,OHy
0x5191a	N^NuHV,O y
0x5195a	N^NuHV,O/
0x519b4	N^NuHV,O y
0x519d8	P,N^NuNV
0x51ae8	N^NuHV,OH
0x51b5c	N^NuHV,O/
0x51b96	N^NuHV,O/
0x51dae	N^NuHV,OB
0x51db8	N^NuHV,Op
0x51dc2	N^NuHV,OHy
0x51e88	N^NuHV,OH
0x51fdc	N^NuHV,O/
0x52048	N^NuHV,O n
0x5205a	N^NuHV,OH
0x521b6	N^NuHV,OH
0x52202	N^NuHV,OH
0x52280	N^NuHV,O/
0x522c6	N^NuHV,OH
0x52330	N^NuHV,OH
0x5244c	N^NuHV,O/
0x524ee	N^NuHV,O/
0x5266e	N^NuHV,O/
0x526c8	N^NuHV,Op
0x526d2	N^NuHV,O/.
0x526ee	N^NuHV,O n
0x52716	N^NuHV,OH
0x52774	N^NuHV,O y
0x52786	N^NuHV,O y
0x5279c	N^NuHV,O/
0x527d0	N^NuHV,O/
0x52908	N^NuHV,OH
0x52caa	N^NuHV,O/
0x52d1c	N^NuHV,O n
0x52d3c	N^NuHV,OH
0x52e16	N^NuHV,O/
0x52e70	N^NuHV,OH
0x5306e	N^NuHV,OHy
0x53082	N^NuHV,O/
0x53120	N^NuHV,O/
0x531c0	N^NuHV,O/
0x531e8	N^NuHV,OH
0x532e0	N^NuHV,OH
0x5333c	N^NuHV,OH
0x533d2	N^NuHV,OH
0x53452	N^NuHV,O/
0x534ac	N^NuHV,O/
0x53506	N^NuHV,OH
0x536ce	N^NuHV,O/
0x53728	N^NuHV,O n
0x537aa	N^NuHV,O/
0x53835	|N^NuHV,Op
0x53840	N^NuHV,OHy
0x53858	"N^NuHV,O""n"
0x53876	N^NuHV,OH
0x538e0	N^NuHV,O/
0x53920	N^NuHV,O/
0x5398a	N^NuHV,OH
0x53a5c	N^NuHV,O/
0x53ab2	N^NuHV,ON^NuHV,OJ
0x53afe	N^NuHV,OB
0x53b2c	N^NuHV,OJ
0x53b52	N^NuHV,OJ
0x53bfa	N^NuHV,OH
0x53d34	N^NuHV,O/
0x53d86	N^NuHV,O 9
0x53d92	VHN^NuHV,OA
0x53daa	"N^NuHV,O""n"
0x53e14	~TN^NuHV,O/
0x53e6c	N^NuHV,O/
0x53e8a	+hg* Q!|
0x53edc	NqHV,O/9
0x53ef4	N^NuHV,O/
0x53f98	N^NuHV,OH
0x5400e	N^NuHV,OH
0x5409a	N^NuHV,OH
0x54120	N^NuHV,O/
0x5414a	N^NuHV,O/
0x541f6	N^NuHV,OH
0x542d6	N^NuHV,OH
0x543c0	N^NuHV,OH
0x54408	N^NuHV,OH
0x5444a	N^NuHV,O/
0x5448a	N^NuHV,O/
0x544d2	N^NuHV,O/
0x54532	N^NuHV,O/
0x54592	N^NuHV,OH
0x5462e	N^NuHV,OH
0x546ca	N^NuHV,O/
0x54782	N^NuHV,O/
0x547d8	N^NuHV,OH
0x548d8	N^NuHV,O/9
0x548f2	"N^NuHV,O""y"
0x54960	N^NuHV,O/9
0x54b6e	N^NuHV,OH
0x54ba2	N^NuHV,O n
0x54bbc	N^NuHV,OH
0x54d5e	N^NuHV,OH
0x54dd2	N^NuHV,OH
0x54e7a	N^NuHV,OH
0x54f18	N^NuHV,OH
0x54fde	N^NuHV,OH
0x5500f	v$@POXO`
0x550ee	N^NuHV,OH
0x55188	N^NuHV,OH
0x55294	N^NuHV,OH
0x5536f	jPOPO`P *
0x553de	N^NuHV,OH
0x553fd	vXK(SPL`
0x556cc	N^NuHV,OH
0x5577a	N^NuHV,OH
0x557d4	N^NuHV,O/
0x5586c	N^NuHV,OB
0x55a04	bdPOXOJ*
0x55b52	N^NuHV,OHx
0x55b67	:N^NuHV,OB
0x55b7b	&N^NuHV,O/
0x55bf8	N^NuHV,OH
0x55c96	N^NuHV,ON^NuHV,O/
0x55cf8	N^NuHV,OH
0x55d82	N^NuHV,OJ
0x55dc5	:N^NuHV,Oa
0x55e82	xt$@POXOJ
0x560e4	v^POXO*B/
0x5642f	@QKQKQLQLQ
0x56918	N^NuHV,OH
0x569aa	N^NuHV,O/
0x569ee	"N^NuHV,O""n"
0x56a02	N^NuHV,O n
0x56a22	pgN^NuHV,OB
0x56a2e	N^NuHV,O n
0x56b24	N^NuHV,O/
0x56b60	N^NuHV,O/
0x56b9e	N^NuHV,OH
0x56c2e	N^NuHV,OH
0x56cc0	N^NuHV,O n
0x56cd6	N^NuHV,O n
0x56cf2	N^NuHV,OH
0x56da4	NqHV,O n
0x56e9e	N^NuHV,OH
0x5703e	N^NuHV,O/
0x5709a	N^NuHV,O/
0x570da	N^NuHV,OH
0x5718a	N^NuHV,O n
0x571a4	/6N^NuHV,O n
0x571b8	N^NuHV,O n
0x571ca	N^NuHV,O n
0x571dc	N^NuHV,O n
0x57238	N^NuHV,OH
0x57402	NqHV,O/.
0x57426	HBN^NuHV,O/
0x57494	N^NuHV,OH
0x5763a	= N^NuNV
0x57695	DN^NuHV,O .
0x576ca	N^NuHV,O/
0x5774e	N^NuHV,O/
0x577d0	N^NuHV,O/
0x57864	N^NuHV,O/
0x578f8	N^NuHV,O/
0x5799a	N^NuHV,O/
0x57a06	N^NuHV,O/
0x57a9a	N^NuHV,O/
0x57af0	N^NuHV,O/
0x57b5c	N^NuHV,O/
0x57bc6	N^NuHV,O/
0x57c68	N^NuHV,O/
0x57cec	N^NuHV,O/
0x5808b	2N^NuHV,O/
0x58138	N^NuHV,O/
0x5835a	N^NuHV,O/
0x5839c	N^NuHV,O/
0x583de	N^NuHV,O/
0x58546	N^NuHV,O/
0x5865e	N^NuHV,OH
0x58760	N^NuHV,OH
0x587f2	N^NuHV,O/
0x588c4	N^NuHV,OH
0x58966	N^NuHV,OH
0x58a46	N^NuHV,O/
0x58aae	N^NuHV,OH
0x58b1e	N^NuHV,OH
0x58bc0	N^NuHV,OH
0x58c30	N^NuHV,OH
0x58ca0	N^NuHV,OH
0x58d10	N^NuHV,OH
0x58d70	N^NuHV,OH
0x59012	N^NuHV,O/
0x59064	N^NuHV,O/
0x590ba	N^NuHV,O/
0x59124	N^NuHV,O/
0x5917a	N^NuHV,O/
0x591f4	N^NuHV,O n
0x592cc	N^NuHV,OH
0x59344	N^NuHV,OH
0x593b4	N^NuHV,OH
0x59424	N^NuHV,OH
0x5949c	N^NuHV,OH
0x594fc	N^NuHV,OH
0x5955c	N^NuHV,OH
0x595e4	N^NuHV,OH
0x59664	N^NuHV,OH
0x596dc	N^NuHV,OH
0x5974c	N^NuHV,OH
0x59852	N^NuHV,OH
0x598c2	N^NuHV,OH
0x59970	N^NuHV,OH
0x59b04	N^NuHV,OH
0x59b7c	N^NuHV,OH
0x59bec	N^NuHV,O/
0x59c66	N^NuHV,O n
0x59d1e	N^NuHV,O/
0x59df8	N^NuHV,O/
0x59e4a	N^NuHV,OH
0x59ee4	N^NuHV,OH
0x59f54	N^NuHV,OH
0x59fe4	N^NuHV,OH
0x5a10a	N^NuHV,OH
0x5a18a	N^NuHV,OH
0x5a20a	N^NuHV,OH
0x5a2e2	N^NuHV,O/
0x5a3da	N^NuHV,O/
0x5a444	N^NuHV,O/
0x5a4e0	N^NuHV,O/
0x5a52c	N^NuHV,O/
0x5a57a	N^NuHV,OH
0x5a5f2	N^NuHV,OH
0x5a662	N^NuHV,O/
0x5a6b4	N^NuHV,O/
0x5a706	N^NuHV,OH
0x5a782	N^NuHV,OH
0x5a916	N^NuHV,O/
0x5a968	N^NuHV,O/
0x5a9ba	N^NuHV,O/
0x5aaae	N^NuHV,OH
0x5ab3e	N^NuHV,OH
0x5abba	N^NuHV,OH
0x5ad7c	N^NuHV,OH
0x5adf4	N^NuHV,OH
0x5ae64	N^NuHV,O/
0x5aece	N^NuHV,OH
0x5af2e	N^NuHV,OH
0x5af9e	N^NuHV,OH
0x5b04a	N^NuHV,O/
0x5b0b4	N^NuHV,OH
0x5b114	N^NuHV,OH
0x5b184	N^NuHV,OH
0x5b27a	N^NuHV,OH
0x5b2ec	N^NuHV,OH
0x5b368	N^NuHV,OH
0x5b3da	N^NuHV,OH
0x5b482	N^NuHV,OH
0x5b510	N^NuHV,OH
0x5b5ba	N^NuHV,OH
0x5b62a	N^NuHV,OH
0x5b6aa	N^NuHV,OH
0x5b72a	N^NuHV,O/
0x5b7a4	N^NuHV,O n
0x5bae8	N^NuHV,OH
0x5bed6	N^NuHV,OH
0x5bf5a	N^NuHV,O/
0x5bfec	N^NuHV,O/
0x5c086	N^NuHV,O/
0x5c100	N^NuHV,O n
0x5c38c	N^NuHV,OH
0x5c6fc	L|$@POXOJ
0x5c92e	@$POXOSk
0x5cc1c	=6POXO/.
0x5ccde	<tPOXO(CSl
0x5d006	9LPOXOSk
0x5d07a	N^NuHV,OH
0x5d0ea	N^NuHV,OH
0x5d16e	N^NuHV,OH
0x5d28e	N^NuHV,OH
0x5d3d0	N^NuHV,O/9
0x5d58e	N^NuHV,OH
0x5d6c8	N^NuHV,OHx
0x5d73c	N^NuHV,O/
0x5d770	N^NuHV,OH
0x5d932	N^NuHV,O/
0x5d992	N^NuHV,O/
0x5d9f2	N^NuHV,O/.
0x5db46	82$@POXOJ
0x5dcb6	N^NuHV,OH
0x5dd12	N^NuHV,O/
0x5ddc0	N^NuHV,O/
0x5de4a	N^NuHV,O/
0x5de8c	N^NuHV,O n
0x5deb6	}HN^NuHV,O n
0x5decb	,N^NuHV,O/
0x5e084	N^NuHV,O/
0x5e1dc	N^NuHV,OH
0x5e1fb	"V(@""L J"""
0x5e26c	N^NuHV,OH
0x5e46f	tPOXO`&/
0x5e552	POXO`f n
0x5e912	N^NuHV,O/
0x5e934	N^NuHV,O/
0x5eacc	N^NuHV,OH
0x5ec45	"HPOPO` ""k"
0x5f09c	N^NuHV,OH
0x5f211	"@$@""J M"""
0x5f4bc	N^NuHV,O n
0x5f4e4	N^NuHV,OH
0x5f6de	POPOf</.
0x5f728	N^NuHV,O n
0x5f737	 N^NuHV,OH
0x5f7a4	N^NuHV,O/
0x5f7ec	N^NuHV,OH
0x5f858	N^NuHV,O/.
0x5f86a	N^NuHV,OH
0x5f8da	N^NuHV,O/
0x5fa68	N^NuHV,O/
0x5fa9a	N^NuHV,O/
0x5fb00	N^NuHV,O n
0x5fb14	N^NuHV,OH
0x5fbb8	N^NuHV,OH
0x5fd04	N^NuHV,O/.
0x5fd24	N^NuHV,O/
0x5fd5c	N^NuHV,O/
0x5fdaa	N^NuHV,O n
0x5fdd6	N^NuHV,Oa
0x5fde3	lN^NuHV,OH
0x5fe3a	N^NuHV,OH
0x5fe82	N^NuHV,OH
0x5ffa0	N^NuHV,OH
0x5ffe6	N^NuHV,O n
0x5fffd	(N^NuHV,O/
0x6007c	N^NuHV,O/
0x600de	N^NuHV,O/
0x60148	N^NuHV,O/
0x6015c	g2&H$S/*
0x60198	N^NuHV,OH
0x6033c	N^NuHV,OH
0x6038e	N^NuHV,O/
0x603fe	N^NuHV,OHy
0x60414	N^NuHV,OB
0x6041e	N^NuHV,OH
0x6070a	N^NuHV,OH
0x6087a	NqHV,ON^NuHV,O n
0x608ba	N^NuHV,O/
0x608fe	N^NuHV,O/
0x60938	N^NuHV,O/.
0x60948	+0N^NuHV,O/
0x6097e	N^NuHV,O/
0x60a4c	N^NuHV,O/
0x60af2	N^NuHV,OH
0x60b74	N^NuHV,OH
0x60c14	N^NuHV,OH
0x60cb8	N^NuHV,O/
0x60d02	N^NuHV,Op
0x60d0c	N^NuHV,O n
0x60d4e	N^NuHV,O/
0x61148	N^NuHV,OH
0x611d6	N^NuHV,O/
0x61272	N^NuHV,O/
0x612d4	N^NuHV,OH
0x61306	"N^NuHV,O""n"
0x61372	N^NuHV,OH
0x6150c	N^NuHV,O/
0x61538	N^NuHV,O/
0x615e4	N^NuHV,O/
0x61696	N^NuHV,O/
0x616e6	N^NuHV,O/
0x61792	N^NuHV,O/
0x61842	N^NuHV,O n
0x6185a	"N^NuHV,O""n"
0x61878	N^NuHV,O n
0x61887	"""N^NuHV,O/"
0x618cc	N^NuHV,OH
0x6197a	N^NuHV,OH
0x61a60	N^NuHV,OH
0x61b0a	N^NuHV,O/
0x61b58	N^NuHV,O/
0x61b98	N^NuHV,OH
0x61cee	N^NuHV,OHx
0x61d38	N^NuHV,OHx
0x61d82	N^NuHV,ON^NuNV
0x61f1a	N^NuHV,O/
0x61f66	N^NuHV,O n
0x61f92	N^NuHV,OH
0x62164	N^NuHV,OHy
0x62178	N^NuHV,OHy
0x6218c	N^NuHV,O/
0x622a0	N^NuHV,OB
0x622ae	N^NuHV,O/
0x62328	N^NuHV,OHx
0x6233f	0N^NuHV,OH
0x62418	N^NuHV,O/
0x6247a	N^NuHV,O/
0x624c4	N^NuHV,O/
0x62508	N^NuHV,O/
0x62550	N^NuHV,OH
0x625ea	N^NuHV,O .
0x626ca	N^NuHV,OH
0x62726	N^NuHV,OH
0x6278c	N^NuHV,O n
0x6279c	N^NuHV,O n
0x627b0	N^NuHV,OH
0x6289a	N^NuHV,OH
0x628f6	N^NuHV,OH
0x62972	N^NuHV,OH
0x62a6c	N^NuHV,O/
0x62ad0	N^NuHV,OH
0x62d84	N^NuHV,O/
0x62de4	N^NuHV,O/
0x63261	`N^NuHV,O/
0x63276	g2&J$S/*
0x63284	"~DXO""R j"
0x63472	N^NuHV,O/
0x635b2	N^NuHV,O/
0x6362a	N^NuHV,OH
0x63778	N^NuHV,O/
0x63830	N^NuHV,OHy
0x6386a	N^NuHV,OJ9
0x63888	N^NuHV,OB9
0x63898	N^NuHV,OH
0x639f2	N^NuHV,O/.
0x63a20	N^NuHV,OH
0x63bc6	N^NuHV,O/
0x63c6e	N^NuHV,OH
0x63ea0	N^NuHV,O/
0x63f56	N^NuHV,O/.
0x63f9a	N^NuHV,O/.
0x63fda	N^NuHV,O/
0x6408f	fNqHV,OH
0x640e6	N^NuHV,O/
0x64136	"POXO""R j"
0x6431d	0PMTMPLTLR
0x643a2	N^NuHV,Op
0x643b1	XN^NuHV,OB
0x644d8	N^NuHV,OH
0x645b2	N^NuHV,O y
0x645e6	N^NuHV,OH
0x6467a	N^NuHV,OH
0x6470a	N^NuHV,O/
0x64744	N^NuHV,O/
0x6478e	N^NuHV,O .
0x647fe	N^NuHV,OH
0x6488e	PHPHPKPKR
0x649fa	N^NuHV,OH
0x65b8e	N^NuHV,O09
0x65ba0	N^NuHV,Op
0x65bae	OBN^NuHV,ON^NuHV,Oa
0x65f06	N^NuHV,O/
0x65f4c	N^NuHV,O/
0x65fac	N^NuHV,O/
0x6605c	N^NuHV,O/
0x660d4	N^NuHV,OH
0x6622a	N^NuHV,OH
0x662a6	N^NuHV,OH
0x6631a	N^NuHV,OB
0x66328	N^NuHV,O/
0x663b4	N^NuHV,O/
0x6640c	N^NuHV,OH
0x664c2	N^NuHV,O/
0x664ea	N^NuHV,O/
0x66556	N^NuHV,OH
0x665d8	"N^NuHV,O""n"
0x66906	N^NuHV,OH
0x66f8a	N^NuHV,OH
0x67054	N^NuHV,O/
0x670f2	N^NuHV,OH
0x67606	N^NuHV,OH
0x676b4	N^NuHV,OH
0x677da	N^NuHV,OH
0x678ca	N^NuHV,O/
0x6795c	N^NuHV,O/
0x679e8	N^NuHV,OJ
0x67aba	N^NuHV,O/
0x67b32	N^NuHV,O/
0x67cb0	N^NuHV,OH
0x67d68	N^NuHV,OH
0x67e2a	N^NuHV,OH
0x680a0	N^NuHV,OH
0x68453	rNqHV,O 9
0x684a2	N^NuHV,OH
0x6870c	N^NuHV,O/
0x68818	POXO`F0y
0x68890	N^NuHV,OH
0x68ec8	N^NuHV,O/
0x68f9e	N^NuHV,OH
0x69022	N^NuHV,OH
0x69088	N^NuHV,O/
0x690b8	N^NuHV,O/
0x690f4	N^NuHV,O/
0x69152	N^NuHV,O 9
0x69178	N^NuHV,O/9
0x691d8	"N^NuHV,O""9"
0x691f6	3$N^NuHV,O/
0x6924c	N^NuHV,O/
0x69360	N^NuHV,OH
0x694aa	"N^NuHV,O""n"
0x697d0	N^NuHV,OH
0x69b54	TJ`<RJ`8J
0x69c20	N^NuHV,OH
0x69cde	N^NuHV,O09
0x69d35	RN^NuHV,O/
0x69e0e	N^NuHV,OH
0x69eb4	N^NuHV,OH
0x6a0cc	N^NuHV,OH
0x6a298	N^NuHV,OH
0x6a390	N^NuHV,O y
0x6a3c6	N^NuHV,O y
0x6a3e0	N^NuHV,O y
0x6a406	N^NuHV,OH
0x6a49a	"N^NuHV,O""n"
0x6a51e	N^NuHV,O/
0x6a596	N^NuHV,OH
0x6a664	N^NuHV,OH
0x6a7a4	N^NuHV,OJ
0x6a7c6	N^NuHV,OJ
0x6a7e2	N^NuHV,O/
0x6a866	N^NuHV,OH
0x6a98e	N^NuHV,O/
0x6a9d0	N^NuHV,O/
0x6aa08	N^NuHV,OH
0x6aa6c	N^NuHV,OH
0x6ad3c	N^NuHV,O/
0x6ad90	"N^NuHV,O""n"
0x6b342	N^NuHV,O/
0x6b386	N^NuHV,OH
0x6b4d6	N^NuHV,O/
0x6b50e	N^NuHV,O/
0x6ba55	|N^NuHV,O
0x6bbae	N^NuHV,OH
0x6bc54	N^NuHV,O/
0x6bcdc	N^NuHV,O/
0x6bd62	N^NuHV,O n
0x6bd80	N^NuHV,OH
0x6c48c	N^NuHV,OH
0x6c558	N^NuHV,OH
0x6c7ba	N^NuHV,O n
0x6c7e1	hN^NuHV,ON^NuHV,O .
0x6c808	N^NuHV,OH
0x6c8d6	N^NuHV,OH
0x6cd44	N^NuHV,OH
0x6ce74	N^NuHV,O/
0x6cefd	X$@POXOJ
0x6cf82	N^NuHV,O/
0x6cfb2	N^NuHV,O/
0x6cfe4	N^NuHV,O/
0x6d02e	B@fB`< *
0x6d07e	N^NuHV,O n
0x6d09c	N^NuHV,O n
0x6d0bc	N^NuHV,OH
0x6d3de	N^NuHV,O/
0x6d472	N^NuHV,OH
0x6d62a	N^NuHV,O n
0x6d658	N^NuHV,O/
0x6d684	N^NuHV,O/
0x6d6b2	N^NuHV,OH
0x6d8a2	N^NuHV,OH
0x6db10	N^NuHV,O n
0x6db5c	N^NuHV,OH
0x6dcbc	N^NuHV,OH
0x6de94	N^NuHV,OH
0x6e18e	N^NuHV,O/
0x6e1d4	N^NuHV,O/
0x6e230	N^NuHV,OH
0x6e282	N^NuHV,OH
0x6e314	N^NuHV,OH
0x6e36e	N^NuHV,O/
0x6e522	N^NuHV,OH
0x6e570	N^NuHV,O n
0x6e59a	N^NuHV,O n
0x6e5b8	N^NuHV,OH
0x6e63c	N^NuHV,OH
0x6e688	N^NuHV,O/
0x6e6dc	N^NuHV,O/
0x6e754	N^NuHV,O .
0x6e790	N^NuHV,OH
0x6ecf0	N^NuHV,OH
0x6ee4a	N^NuHV,O .
0x6ee74	N^NuHV,O/
0x6eeb0	N^NuHV,O/
0x6ef04	N^NuHV,OH
0x6efd2	N^NuHV,O/
0x6f04e	N^NuHV,OH
0x6f09e	N^NuHV,OJ
0x6f1a4	N^NuHV,O#
0x6f1ec	N^NuHV,OH
0x6f386	N^NuHV,O/
0x6f3c4	N^NuHV,O
0x6f3f4	N^NuHV,O
0x6f424	N^NuHV,O
0x6f454	N^NuHV,OH
0x6f5aa	POgNpPzO
0x6f5c7	$$LPOXOA
0x6f63a	"HHPOXO""+"
0x6fd10	i``< JXJ 
0x6fe0a	N^NuHV,O/
0x6fe6e	N^NuHV,OH
0x6ff6a	"or""JRJ BR"
0x6ff9c	"o@""JTJ BT"
0x70052	N^NuHV,OH
0x702a6	N^NuHV,O
0x702d6	N^NuHV,O/
0x7031e	;dPOXO 9
0x70354	N^NuHV,OJ
0x7038c	2VN^NuHV,OH
0x70444	N^NuHV,O/
0x7048c	N^NuHV,OH
0x70506	N^NuHV,OH
0x70578	N^NuHV,O/
0x705d4	N^NuHV,O/
0x70728	N^NuHV,O/
0x70778	N^NuHV,O/
0x70aa0	N^NuHV,OH
0x70bca	N^NuHV,OH
0x70c84	N^NuHV,O/
0x712d2	XO0R:HSM6
0x71482	N^NuHV,OH
0x71538	N^NuHV,OH
0x71700	N^NuHV,OA
0x71750	N^NuHV,OH
0x71850	N^NuHV,O/
0x718f0	N^NuHV,OH
0x71941	8POPJXJR
0x71a0e	N^NuHV,O
0x71aa0	N^NuHV,O/
0x71b30	N^NuHV,OH
0x71d7d	<XOPJXJR
0x71d9c	N^NuHV,O y
0x71dc8	N^NuHV,O y
0x71e0a	N^NuHV,OH
0x71e3f	8`4PHXHRIv
0x72260	N^NuHV,OB@
0x7227e	N^NuHV,OB
0x72297	$N^NuHV,OHx
0x722b4	N^NuHV,OH
0x7243c	N^NuHV,O/
0x725e0	NuHV,O y
0x7266e	N^NuHV,Oa
0x726cc	N^NuHV,O/.
0x726e2	N^NuHV,O/
0x72786	N^NuHV,O n
0x7279f	4N^NuHV,O/
0x727ec	N^NuHV,O/
0x7283a	N^NuHV,O/
0x7288a	N^NuHV,O/
0x728d4	N^NuHV,O/
0x729f6	N^NuHV,O n
0x72ef6	N^NuHV,OH
0x72fca	N^NuHV,OH
0x730f4	t(POXOHn
0x73174	N^NuHV,O/
0x73444	N^NuHV,O/
0x734ae	N^NuHV,OH
0x7352e	N^NuHV,OH
0x7363e	N^NuHV,OH
0x73664	`ntQ`dt#``@
0x736da	N^NuHV,OH
0x73896	N^NuHV,O/
0x7390c	N^NuHV,OB
0x73925	$N^NuHV,OHx
0x73aa2	N^NuHV,O/
0x73b0c	N^NuHV,OB
0x73b2d	,N^NuHV,OHx
0x73b52	N^NuHV,OH
0x74124	N^NuHV,OB
0x7413d	$N^NuHV,OHx
0x7415a	N^NuHV,OH
0x7423c	fJ(C*T +
0x74303	 $@POXOJ
0x74962	N^NuHV,O/
0x749be	N^NuHV,O/
0x74a68	N^NuHV,ON^#
0x74a84	NuN^NuHV,OH
0x74d9e	N^NuHV,Op
0x74da8	N^NuHV,OH
0x74edc	N^NuHV,OH
0x75028	N^NuHV,OH
0x751f8	N^NuHV,OH
0x75330	N^NuHV,O/
0x75382	N^NuHV,O/
0x753d2	N^NuHV,OH
0x755c8	N^NuHV,OH
0x7565c	N^NuHV,O/
0x7568e	N^NuHV,OH
0x7587a	N^NuHV,O/
0x75934	N^NuHV,OH
0x75abc	N^NuHV,O/.
0x75ace	N^NuHV,OH
0x75b00	ahXO(F&T/
0x75e34	NeXTf*0k
0x76ee4	N^NuHV,OH
0x77084	N^NuHV,OH
0x772f0	N^NuHV,OH
0x773b2	N^NuHV,OH
0x7748a	N^NuHV,ON^NuHV,OH
0x775fe	N^NuHV,O/
0x77d1a	NeXTgT *
0x780ea	N^NuHV,OH
0x781ba	N^NuHV,O/
0x78244	N^NuHV,OH
0x783c0	N^NuHV,OH
0x78538	N^NuHV,O/
0x785f4	N^NuHV,OH
0x795f6	N^NuHV,OH
0x7971c	N^NuHV,O/
0x79780	N^NuHV,O/
0x797ee	N^NuHV,OH
0x7988e	N^NuHV,O n
0x79c20	";""POXO%B"
0x7a1d8	N^NuHV,OH
0x7a3a8	N^NuHV,O29
0x7a3c8	N^NuHV,O n
0x7a3f2	N^NuHV,OH
0x7a46c	N^NuHV,O/
0x7a4f8	N^NuHV,OJ
0x7a5c5	rNqHV,O/
0x7a67a	N^NuHV,OH
0x7a700	N^NuHV,O@
0x7a95e	N^NuHV,O/.
0x7aa48	N^NuHV,O#
0x7aac6	N^NuHV,ON^NuHV,O <
0x7aadc	N^NuHV,O/
0x7ab62	N^NuHV,OH
0x7adba	N^NuHV,OH
0x7ae98	N^NuHV,O n
0x7aec0	N^NuHV,O/
0x7aef4	N^NuHV,OH
0x7aff2	N^NuHV,OH
0x7b0f8	N^NuHV,OH
0x7b17a	N^NuHV,O/
0x7b1b6	N^NuHV,OH
0x7b896	N^NuHV,OH
0x7ba06	N^NuHV,OH
0x7bad6	"POXO""B i"
0x7bb02	N^NuHV,O n
0x7bb2c	N^NuHV,OH
0x7bc82	"N^NuHV,O""n"
0x7bcb2	N^NuHV,OH
0x7bcd4	"Y@""J Y h"
0x7bd8e	N^NuHV,Op
0x7bd98	N^NuHV,OJ
0x7bdbe	N^NuHV,O/
0x7be5e	N^NuHV,OH
0x7bfac	N^NuHV,O n
0x7bff4	N^NuHV,O/
0x7c046	"N^NuHV,O""n"
0x7c06c	"N^NuHV,O""n"
0x7c096	N^NuHV,OH
0x7c1b0	N^NuHV,OH
0x7c242	N^NuHV,O/
0x7c2a4	N^NuHV,O n
0x7c2f0	N^NuHV,OH
0x7c486	N^NuHV,O/
0x7c4bc	N^NuHV,O/
0x7c51a	N^NuHV,O/
0x7c570	N^NuHV,O n
0x7c58a	N^NuHV,OH
0x7c840	N^NuHV,O/
0x7c890	N^NuHV,OH
0x7ca8e	N^NuHV,OH
0x7cb8c	N^NuHV,O/.
0x7ce88	N^NuHV,OH
0x7d022	N^NuHV,OH
0x7d0b4	N^NuHV,O
0x7d0f3	\N^NuHV,O/
0x7d17e	N^NuHV,O/
0x7d206	N^NuHV,OH
0x7d372	N^NuHV,OH
0x7d3a6	"XO$S""R j"
0x7d6f8	N^NuHV,OH
0x7dcc0	N^NuHV,OH
0x7dd70	N^NuHV,OH
0x7e5da	N^NuHV,O/
0x7e608	dlV3f\0<
0x7e7fe	N^NuHV,O/
0x7e8b4	N^NuHV,O/
0x7e8fc	N^NuHV,O/
0x7efca	N^NuHV,OH
0x7f03e	N^NuHV,OH
0x7f0a4	N^NuHV,OH
0x7f13a	N^NuHV,O/
0x7f1ea	N^NuHV,OH
0x7f2e0	N^NuHV,O 9
0x7f32c	N^NuHV,O n
0x7f353	hN^NuHV,OH
0x7f3c0	N^NuHV,OH
0x7f48e	N^NuHV,OH
0x7f580	N^NuHV,OH
0x7f60e	N^NuHV,O n
0x7f628	N^NuHV,O/
0x7f666	N^NuHV,O/.
0x7f67e	N^NuHV,O/.
0x7f690	N^NuHV,O/.
0x7f6a1	dN^NuHV,O/
0x7f70a	N^NuHV,O/
0x7f766	N^NuHV,O/
0x7f7da	N^NuHV,OH
0x7f8b6	N^NuHV,O/
0x7fade	N^NuHV,OH
0x7fb80	N^NuHV,OH
0x7fc74	N^NuHV,O/
0x7fda5	.$@POXOJ
0x7ffbc	N^NuHV,O/
0x80034	N^NuHV,O/
0x8005e	N^NuHV,O/
0x8009e	N^NuHV,O/
0x800c8	N^NuHV,OH
0x8036a	N^NuHV,OB
0x803e6	N^NuHV,OB
0x80400	N^NuHV,O/
0x8046a	N^NuHV,O .
0x80486	N^NuHV,O/
0x8050a	N^NuHV,O <
0x80524	N^NuHV,Op
0x80538	H@N^NuHV,O <
0x80550	"H@N^NuHV,O""n"
0x805ea	pfN^NuHV,O/
0x80616	N^NuHV,OH
0x80b2a	N^NuHV,OH
0x80be2	N^NuHV,OH
0x80d00	N^NuHV,O .
0x80d36	N^NuHV,O .
0x80d52	H@N^NuHV,O .
0x80f74	N^NuHV,OpgN^NuHV,O/
0x80fdc	N^NuHV,O/
0x8103a	"N^NuHV,O""9"
0x81087	bN^NuHV,O 9
0x810f2	N^NuHV,OH
0x812c0	,4POXO*F UJ
0x817c6	N^NuHV,Oa
0x817da	N^NuHV,O/
0x818b0	N^NuHV,O/
0x81a12	N^NuHV,O/
0x821f6	N^NuHV,OH
0x8229a	N^NuHV,OH
0x824b8	N^NuHV,OH
0x825fa	N^NuHV,OH
0x826c6	N^NuHV,OB
0x826e2	N^NuHV,O/
0x82760	N^NuHV,O/
0x827a4	"z^ @XO""y"
0x827de	N^NuHV,O/
0x8288a	"N^NuHV,O""y"
0x828da	"N^NuHV,O""y"
0x82932	"N^NuHV,O""y"
0x8298a	"N^NuHV,O""y"
0x82d1a	N^NuHV,OH
0x82e5e	N^NuHV,OH
0x83921	bPOXO`&/
0x83aec	N^NuHV,OH
0x83ba8	g:&H$S j
0x83cc6	N^NuHV,O/
0x83d1e	N^NuHV,OH
0x83e18	N^NuHV,OH
0x83eee	N^NuHV,OH
0x84618	N^NuHV,OB
0x84626	N^NuHV,OH
0x846ce	N^NuHV,OH
0x84834	N^NuHV,OH
0x84a14	N^NuHV,ON^NuHV,OH
0x84afa	N^NuHV,OH
0x8503a	N^NuHV,O#
0x85170	:LN^NuNV
0x852be	N^NuHV,OHx
0x85346	8vN^NuHV,OHx
0x85362	N^NuHV,OHx
0x8537c	N^NuHV,OHx
0x85395	|N^NuHV,OHx
0x853af	bN^NuHV,OHx
0x853c9	HN^NuHV,OHx
0x8544c	7pN^NuNV
0x85548	6tN^NuNV
0x8591c	N^NuHV,OJ
0x85c73	6NqHV,O/
0x85cbc	"N^NuHV,O""n"
0x85ce6	N^NuHV,O/
0x865c8	N^NuHV,O .
0x870b5	pN^NuHV,OH
0x8726e	N^NuHV,OA
0x87284	N^NuHV,ON^NuHV,O/
0x872f2	N^NuHV,O/
0x87338	N^NuHV,OH
0x874ca	N^NuHV,OH
0x87558	N^NuHV,OH
0x875ee	N^NuHV,OH
0x87698	N^NuHV,O/
0x8771a	N^NuHV,OH
0x87b9e	N^NuHV,OH
0x87d94	N^NuHV,OH
0x87f1a	N^NuHV,OH
0x88074	N^NuHV,OH
0x8844a	N^NuHV,O n
0x88464	N^NuHV,OH
0x88504	.VPOXOHx
0x88558	N^NuHV,O/.
0x8856a	N^NuHV,ON^NuHV,O/.
0x88584	N^NuHV,O/
0x88610	N^NuHV,OH
0x8872a	N^NuHV,O/
0x88a26	N^NuHV,OB
0x88a3f	$N^NuHV,OHx
0x88ca0	N^NuHV,OH
0x88d98	N^NuHV,O/
0x88e54	6nPOXOHx
0x8903e	N^NuHV,OH
0x894ea	$@POXOHx
0x8950c	N^NuHV,OH
0x895a8	N^NuHV,OH
0x89624	N^NuHV,OH
0x89782	N^NuHV,Or
0x897a6	N^NuHV,O/9
0x89aa7	LN^NuHV,OH
0x89aec	N^NuHV,O y
0x89b83	|N^NuHV,O y
0x89bb2	N^NuHV,O y
0x89bec	N^NuHV,O y
0x89c24	N^NuHV,O y
0x89c9a	N^NuHV,Or
0x89ce4	N^NuHV,O/
0x89d14	N^NuHV,OB
0x89d56	N^NuHV,OH
0x89f54	N^NuHV,O
0x8a18a	N^NuHV,OH
0x8a32c	N^NuHV,O .
0x8a34e	N^NuHV,O/
0x8a3b8	N^NuHV,O/
0x8a416	N^NuHV,O/
0x8a450	"N^NuHV,O""y"
0x8a4a4	N^NuHV,Op
0x8a4ba	N^NuHV,O/
0x8a4f2	N^NuHV,O/
0x8a63e	N^NuHV,OH
0x8a7c8	N^NuHV,O <
0x8a988	N^NuHV,OH
0x8ab72	N^NuHV,O/
0x8abc6	N^NuHV,O/
0x8ac30	N^NuHV,O/
0x8ac6a	"N^NuHV,O""y"
0x8acbe	N^NuHV,O/
0x8ad86	N^NuHV,OH
0x8afcc	N^NuHV,OH
0x8b262	N^NuHV,O/.
0x8b2fc	N^NuHV,OH
0x8b8d4	N^NuHV,OH
0x8b960	N^NuHV,O/
0x8b9a4	N^NuHV,OH
0x8bb46	POXO`DHx
0x8bb64	POPO`&'R
0x8bbce	N^NuHV,O/
0x8bc3c	N^NuHV,O/
0x8bc80	N^NuHV,OJ9
0x8bcb2	N^NuHV,OH
0x8c20c	N^NuHV,O/
0x8c4ce	N^NuHV,O/
0x8c50a	N^NuHV,O/
0x8c8ea	"!@POPOp"""
0x8c97f	LN^NuHV,OH
0x8cc88	N^NuHV,OH
0x8cd44	N^NuHV,O/
0x8ce7a	N^NuHV,O/
0x8cee2	N^NuHV,O/
0x8cf2e	N^NuHV,OH
0x8cfc4	N^NuHV,OH
0x8d246	N^NuHV,O/
0x8d280	N^NuHV,O/
0x8d2ba	N^NuHV,OH
0x8d4ac	N^NuHV,OH
0x8d5da	N^NuHV,OH
0x8d682	N^NuHV,OH
0x8d702	N^NuHV,O .
0x8d73a	N^NuHV,OH
0x8d798	N^NuHV,OH
0x8d880	N^NuHV,O/
0x8d8cc	N^NuHV,OH
0x8d9a6	N^NuHV,O n
0x8d9d0	N^NuHV,OH
0x8da5c	N^NuHV,O/
0x8daa6	N^NuHV,O/
0x8dae4	N^NuHV,O/
0x8db42	N^NuHV,O/
0x8db62	N^NuHV,O n
0x8dc64	N^NuHV,O .
0x8dc76	N^NuHV,OH
0x8dec6	N^NuHV,OH
0x8e016	N^NuHV,OH
0x8e0b2	N^NuHV,OH
0x8e116	N^NuHV,OH
0x8e664	N^NuHV,OH
0x8e792	N^NuHV,O/
0x8e7c8	N^NuHV,O/
0x8ec2a	N^NuHV,OH
0x8ec8c	N^NuHV,OH
0x8f156	N^NuHV,OH
0x8f3d8	&@\K$@Hx
0x8f50e	N^NuHV,OH
0x8f588	N^NuHV,O/
0x8f5ce	N^NuHV,OH
0x8f6b6	N^NuHV,OH
0x8fab6	N^NuHV,OH
0x8feea	N^NuHV,OH
0x90116	N^NuHV,O n
0x9012e	?*N^NuHV,O n
0x90180	02N^NuNV
0x909ae	N^NuHV,OH
0x90c86	N^NuHV,OB
0x90c90	N^NuHV,OB
0x90c9a	N^NuHV,OB
0x90ca4	N^NuHV,O <
0x90cb1	`N^NuHV,O <
0x90cc0	N^NuHV,O n
0x90ce0	N^NuHV,OB
0x90cea	N^NuHV,OB
0x90cf4	N^NuHV,ON^NuHV,OH
0x90f92	BBHBUIUJQ
0x9100a	N^NuHV,OH
0x91062	BAHAUIUHQ
0x9107c	N^NuHV,OH
0x910d2	N^NuHV,OH
0x91114	N^NuHV,OJ
0x9113e	N^NuHV,OH
0x912ba	N^NuHV,OH
0x91304	N^NuHV,O@
0x913d6	N^NuHV,ON^NuHV,O/
0x9146c	N^NuHV,OH
0x9178a	N^NuHV,O/
0x917b4	N^NuHV,O
0x917de	N^NuHV,O/
0x918c2	N^NuHV,OH
0x919f6	N^NuHV,OH
0x91b42	N^NuHV,OB
0x91b5e	N^NuHV,OH
0x91c9e	N^NuHV,O/.
0x91cbc	N^NuHV,OH
0x91e14	N^NuHV,O y
0x91e9e	N^NuHV,O/
0x91ee6	N^NuHV,ON^NuHV,OH
0x91fc6	N^NuHV,O/
0x9222e	N^NuHV,O .
0x92254	N^NuHV,O <
0x9226a	N^NuHV,O#
0x9227a	N^NuHV,O#
0x9228a	N^NuHV,O/
0x9236e	N^NuHV,ON^NuHV,OH
0x92432	N^NuHV,OH
0x925a8	N^NuHV,O/
0x925e4	N^NuHV,O/
0x92620	N^NuHV,OH
0x926ba	N^NuHV,O/
0x926f6	N^NuHV,O/
0x9272e	N^NuHV,O/
0x92774	N^NuHV,OH
0x927d0	N^NuHV,OH
0x9295d	lHV,ON^NuHV,ON^NuHV,ON^NuHV,ON^NuHV,ON^NuHV,ON^NuHV,ON^NuHV,ON^NuHV,ON^NuHV,ON^NuHV,ON^NuHV,ON^NuHV,ON^NuHV,O .
0x929e8	N^NuHV,O/
0x92a16	N^NuHV,ON^NuNV
0x92aea	N^NuHV,O .
0x92be0	N^NuHV,O/
0x92dca	# # # # # # # # 
0x930f6	N^NuHV,OH
0x93142	N^NuHV,OH
0x934aa	N^NuHV,O
0x934d2	N^NuHV,OH
0x93508	N^NuHV,OH
0x936a0	N^NuHV,O/
0x9375e	N^NuHV,O/
0x9378e	N^NuHV,OB
0x937a8	N^NuHV,O/.
0x937c4	N^NuHV,OHy
0x937e0	L`N^NuHV,O/
0x93828	N^NuHV,OH
0x93c40	X8POPOHx
0x93e46	N^NuHV,OB
0x93e62	N^NuHV,O/.
0x93e7c	N^NuHV,OH
0x93fb4	N^NuHV,OH
0x9403a	N^NuHV,O/
0x941fe	N^NuHV,OH
0x94754	N^NuHV,O/
0x9497a	N^NuHV,OB
0x949b4	N^NuHV,O/
0x94a78	N^NuHV,OB
0x94a82	N^NuHV,OB
0x94a8c	N^NuHV,OB
0x94a96	N^NuHV,ON^NuHV,ON^NuHV,ON^NuHV,O/
0x95452	N^NuHV,Op
0x95525	ZN^NuHV,O/.
0x95a2c	N^NuHV,O 9
0x95a5e	V,NON^NuNV
0x960d6	POXO`z n
0x96352	g6N^NuNV
0x967ed	(N^NuHV,O n
0x96801	(N^NuHV,O/
0x9686e	N^NuHV,OH
0x968f6	N^NuHV,OHy
0x96920	N^NuHV,O/
0x9694e	N^NuHV,O/
0x969b0	N^NuHV,Oa
0x969be	N^NuHV,O/
0x969fe	N^NuHV,O/
0x96a42	"N^NuHV,O""n"
0x96a6c	N^NuHV,O n
0x96aa3	zN^NuHV,OH
0x96bcc	N^NuHV,OH
0x96cde	N^NuHV,OH
0x96d56	N^NuHV,O/
0x96d9e	"N^NuHV,O""n"
0x96dc8	N^NuHV,O/
0x96e1c	N^NuHV,OH
0x96ebe	N^NuHV,O/
0x96f34	N^NuHV,O/
0x96f92	N^NuHV,O/
0x970c2	N^NuHV,OH
0x97220	N^NuHV,OH
0x973f0	N^NuHV,O/
0x97442	N^NuHV,OH
0x97a70	N^NuHV,O/
0x97af0	N^NuHV,OH
0x97b54	N^NuHV,OH
0x97c16	N^NuHV,O/
0x97e68	N^NuHV,O/
0x97e98	N^NuHV,OH
0x97fb6	N^NuHV,OH
0x980d2	N^NuHV,OH
0x98186	N^NuHV,OH
0x9827a	N^NuHV,OB
0x9865a	N^NuHV,OH
0x9871a	N^NuHV,OH
0x987f4	N^NuHV,OH
0x988ac	N^NuHV,OH
0x98a10	N^NuHV,OH
0x98b44	N^NuHV,ON^NuHV,Oa
0x98b68	N^NuHV,OH
0x98c04	N^NuHV,O 9
0x98c12	N^NuHV,ON^NuHV,Op
0x98c24	N^NuHV,OH
0x98ca8	N^NuHV,OH
0x98d2c	N^NuHV,OH
0x98dba	N^NuHV,OH
0x98e48	N^NuHV,OH
0x98eb8	N^NuHV,O/
0x98ef8	N^NuHV,O/9
0x98f14	N^NuHV,O/9
0x98f2c	N^NuHV,O/.
0x98f46	N^NuHV,O/.
0x98f60	N^NuHV,O/.
0x98f7a	N^NuHV,O/.
0x98f9c	N^NuHV,OH
0x990b6	N^NuHV,OB
0x990c6	N^NuHV,O
0x990f8	N^NuHV,O/
0x99471	lN^NuHV,OH
0x99518	N^NuHV,O/
0x99638	POXOg,r<
0x99b12	!VPOPO y
0x9a212	N^NuHV,OH
0x9a2d8	N^NuHV,O n
0x9a2fa	N^NuHV,OH
0x9a36d	)POXO 4L
0x9a4a6	N^NuHV,OH
0x9a570	N^NuHV,OH
0x9a7e6	N^NuHV,O/
0x9a8b6	N^NuHV,OH
0x9aa1a	N^NuHV,O n
0x9aaf2	N^NuHV,OH
0xa5d7a	N^Nukernel idle
0xa5d8f	Accounting resumed
0xa5da3	Accounting suspended
0xa5db9	/cores/core.%d
0xa5dcd	core flavor list
0xa5de4	file structs
0xa5df1	fp not one
0xa5dfd	fp not one2
0xa5e0a	%s: privileges disabled because of outstanding IPC access to task
0xa5e4d	%s: Setuid execution not allowed
0xa5e6f	init program? 
0xa5e7e	Load of %s, errno %d, trying %s
0xa5e9f	Load of %s failed, errno %d
0xa5ec1	init exited with %d
0xa5edb	no procs
0xa5eeb	uthreads
0xa5ef4	could not sbrk, return = %d
0xa5f11	proc structures
0xa5f21	enterpgrp: can't find p on old pgrp
0xa5f45	leavepgrp(): can't find p in pgrp
0xa5f67	pgdelete: can't find pgrp on hash chain
0xa5f8f	get_posix_proc(): no posix proc struct for pid %d
0xa5fc1	delete_posix_proc(): no posix proc struct for pid %d
0xa5ffa	unmounting %s ... 
0xa601b	Root unmount FAILED
0xa6030	Killing all processes 
0xa604b	continuing
0xa6057	issig not on master
0xa6072	psig not on master
0xa6085	psig: processing masked or ignored signal
0xa60bf	uwritec: bogus uio_segflg
0xa60d9	unix sleep: on slave?
0xa60f0	[%s: %s%s, pausing ...]
0xa610a	[%s: ... continuing]
0xa6121	WARNING: preposterous time in file system
0xa614b	WARNING: clock not set properly
0xa616b	WARNING: preposterous time in Real Time Clock
0xa6199	WARNING: clock lost %d days
0xa61b5	 -- CHECK AND RESET THE DATE!
0xa61d4	NEXTSTEP
0xa61e0	NeXT_CUBE
0xa61ea	NeXT_WARP9
0xa61f5	NeXT_X15
0xa61fe	NeXT_WARP9C
0xa620a	NeXT_Turbo
0xa6215	NeXT_TurboC
0xa6221	NeXT_TurboCube
0xa6230	NeXT_TurboCubeC
0xa6248	signal = %d
0xa6255	thread_psignal: signal is not an exception!
0xa6288	0123456789abcdef
0xa6299	panic: (Cpu %d) %s
0xa62ad	NeXT ROM Monitor %d.%d v%d
0xa62c9	panic: %s
0xa62d4	System Panic
0xa62e8	%s: table is full
0xa62fb	%s%d%c: hard error sn%d 
0xa6314	selthreadclear not passed an address
0xa6342	tty%d: raw input overrun
0xa635f	tty%d: cbreak input overrun
0xa637c	tty%d: canon input overrun
0xa6398	        
0xa63a1	({)}!|^~'`
0xa63c1	ttynty(0)
0xa63fe	sofree dq
0xa6408	soclose: NOFDREF
0xa6419	soaccept: !NOFDREF
0xa642c	receive 1
0xa6436	receive 1a
0xa6441	receive 2
0xa644b	receive 3
0xa6455	soisconnected
0xa6463	sbappendrights
0xa647a	sbflush 2
0xa64ae	piusrreq
0xa64b7	unp_attack: bad so_type
0xa64cf	unp_connect2
0xa64dc	unp_disconnect
0xa64eb	unp_externalize
0xa64fb	mount: can't remount ro
0xa6514	/Net/AppleShare
0xa6524	vfs_mountroot: error=%d
0xa653d	vfs_mountroot: cannot mount root
0xa655e	vfs_mountroot: cannot find root vnode
0xa6584	vfs_remove: unmounting root
0xa65a0	vfs_remove: can't find vfs in entries
0xa65c6	vfs_remove: vfs not found
0xa65e0	vfs_unlock
0xa65eb	bread: size 0
0xa6606	breadrabp
0xa6617	vp=0x%x, blkno=0x%x, size=0x%x
0xa6637	getblk: Illegal vnode pointer
0xa6655	geteblk: size too big
0xa666b	brealloc
0xa6674	Couldn't determine device blocksize!
0xa669a	dup biodone
0xa66ba	dnlc_purge: zero vp
0xa66ce	vno_bsd_lock
0xa66db	vno_bsd_unlock: SHLOCK
0xa66f2	vno_bsd_unlock: EXLOCK
0xa6709	BOOTFILE
0xa6722	10MB Ethernet
0xa6730	"IP protocol enabled for interface %s%d, type ""%s"""
0xa6763	raw_usrreq
0xa6775	arpresolve: no free entry
0xa678f	arp: ether address is broadcast for IP address %x!
0xa67c3	duplicate IP address!! sent from ethernet address
0xa67fd	revarp: can't find ifaddr
0xa6818	revarp reply to %X from %X
0xa6834	Ethernet address = %s
0xa684b	in_control
0xa6856	internet
0xa685f	icmp_error
0xa686a	icmp len
0xa6873	icmp_input: can't set new netmask
0xa6896	%s%d: setting netmask to %x, received from %s
0xa68cd	save_rte: olen %d
0xa68e0	forward: src %x dst %x ttl %x
0xa68ff	redirect (%d) to %x
0xa6914	tcp_pulloutofband
0xa6926	tcp_output
0xa6931	tcp_output REXMT
0xa6942	tcp_usrreq
0xa694d	udp_usrreq
0xa6958	rfs_read: attempt to read from non-file
0xa6981	rfs_write: attempt to write to non-file
0xa69aa	rfs_readdir: attempt to read non-directory
0xa69d6	nfs_server: bad proc number from %s
0xa69fb	nfs_server: bad version number from %s
0xa6a23	nfs_server: bad getargs from %s
0xa6a44	nfs_server: weak authentication, source IP address=%s
0xa6a7b	nfs_server: bad freeargs from %s
0xa6a9d	nfs_server: bad sendreply from %s
0xa6ac0	NFS request from unprivileged port from %s
0xa6aec	authget: unknown authflavor %d
0xa6b0c	authfree: unknown authflavor %d
0xa6b2d	clget: null client
0xa6b40	clget: null auth
0xa6b99	readlink
0xa6bc5	NFS server %s not responding still trying
0xa6bf0	NFS %s failed for server %s: %s
0xa6c11	NFS server %s ok
0xa6c23	rfscall:  re_status %d, re_errno 0
0xa6c4f	rnode structures
0xa6c60	0123456789ABCDEF
0xa6c79	"No bootparam server responding to GETFILE ""%s""; still trying"
0xa6cbc	RPC error during bootparam request: %d
0xa6ce4	Bootparam response received
0xa6d01	mount root %s:%s failed, rpc status %d
0xa6d31	Using /private from root mount point
0xa6d57	/private
0xa6d60	mount private %s:%s failed, rpc status %d
0xa6d8b	nfs_mountroot: can't find root vnode
0xa6db0	nfs_mountroot: no place to mount private dir
0xa6dde	pmap_rmtcall: clntkudp_create failed
0xa6e03	whoami: zero ifp
0xa6e15	whoami: initrootnet failed
0xa6e30	whoami: in_control 0x%x if_flags 0x%x
0xa6e57	bad SIOCGIFBRDADDR in_control
0xa6e75	bad SIOCGIFADDR in_control
0xa6e90	No bootparam server responding; still trying
0xa6ebe	whoami: pmap_rmtcall status 0x%x
0xa6ee0	whoami RPC call failed with status %d
0xa6f07	whoami: hostname too long
0xa6f21	whoami: no host name
0xa6f37	hostname: %s
0xa6f45	whoami: domainname too long
0xa6f61	domainname: %s
0xa6f71	getfile: unknown address type %d
0xa6f93	"NFS mounting ""%s"" from  %s:%s"
0xa6fb2	mountnfs: %s:%s portmap not responding
0xa6fda	mountnfs: %s:%s mount server not responding
0xa7007	nfs_mount: acregmin == 0
0xa7021	nfs_mount: acregmax < acregmin
0xa7041	nfs_mount: acdirmin == 0
0xa705b	nfs_mount: acdirmax < acdirmin
0xa707b	nfs_badop
0xa7085	0123456789
0xa7090	rwvp: zero size
0xa70a0	NFS write error: on host %s remote file system full
0xa70d5	NFS write error %d on host %s fh 
0xa70fb	NFS read error ESTALE to host %10s fh 
0xa7122	do_bio: write count < 0
0xa713a	NFS failure on pagein: no credentials
0xa7161	%s[%d]: 
0xa716a	NFS read error on pagein: stale file handle
0xa7197	NFS read error %d on pagein
0xa71b4	NFS failure on pageout: no credentials
0xa71dc	NFS write error on pageout: device full
0xa7205	NFS write error on pageout: stale file handle
0xa7234	NFS write error %d on pageout
0xa7253	NFS mapping error on pageout
0xa7271	NFS read error on pageout: stale file handle
0xa729f	NFS read error %d on pageout
0xa72bd	xdr_rrok: FAILED, can't get mbuf
0xa72df	authkern_marshal: xdr_authkern failed
0xa7306	clntkudp_create - Fatal header serialization error.
0xa733a	clntkudp_create: socket creation problem, %d
0xa7367	clntkudp_create: socket bind problem, %d
0xa7390	bindresvport: couldn't alloc mbuf
0xa73b2	RPC: Failed (unspecified error)
0xa73d2	RPC: Program not registered
0xa73ee	RPC: Port mapper failure
0xa7407	RPC: Unknown host
0xa7419	RPC: Remote system error
0xa7432	RPC: Server can't decode arguments
0xa7455	RPC: Procedure unavailable
0xa7470	RPC: Program/version mismatch
0xa748e	RPC: Program unavailable
0xa74a7	RPC: Authentication error
0xa74c1	RPC: Incompatible versions of RPC
0xa74e3	RPC: Timed out
0xa74f2	RPC: Unable to receive
0xa7509	RPC: Unable to send
0xa751d	RPC: Can't decode result
0xa7536	RPC: Can't encode arguments
0xa7552	RPC: Success
0xa755f	RPC: (unknown error code)
0xa7579	Portmapper not responding; giving up
0xa759f	Portmapper not responding; still trying
0xa75c8	Portmapper ok
0xa75d7	ku_recvfrom: no body!
0xa75ee	ku_recvfrom: len = %d
0xa7605	pcbsetaddr failed %d
0xa761b	bad auth_len gid %d str %d auth %d
0xa763e	svckudp_send: xdr_replymsg failed
0xa7661	xdr_long: FAILED
0xa7673	xdr_u_long: FAILED
0xa7687	xdr_u_short: decode FAILED
0xa76a3	xdr_u_short: bad op FAILED
0xa76bf	xdr_bool: decode FAILED
0xa76d8	xdr_bool: bad op FAILED
0xa76f1	xdr_opaque: decode FAILED
0xa770c	xdr_opaque: encode FAILED
0xa7727	xdr_opaque: bad op FAILED
0xa7742	xdr_bytes: size FAILED
0xa775a	xdr_bytes: bad size FAILED
0xa7776	xdr_bytes: bad op FAILED
0xa7790	xdr_enum: dscmp FAILED
0xa77a8	xdr_string: size FAILED
0xa77c1	xdr_string: bad size FAILED
0xa77de	xdr_string: bad op FAILED
0xa77f9	xdr_array: size FAILED
0xa7811	xdr_array: bad size FAILED
0xa782d	xdr_mbuf: long crosses mbufs!
0xa784c	xdr_mbuf: putlong, long crosses mbufs!
0xa7874	xdrmbuf_getmbuf failed
0xa788c	xdrmbuf_putbuf: mclgetx failed
0xa78ac	fifo_rdwr: non-zero offset: %d
0xa78cc	fifo_write: ptr mismatch...size:%d  wptr:%d  rptr:%d
0xa7902	fifo_write: rptr too big...rptr:%d
0xa7926	fifo_write: wptr too big...wptr:%d  nbuf:%d
0xa7953	fifo_read: ptr mismatch...size:%d  wptr:%d  rptr:%d
0xa7988	fifo_read: rptr too big...rptr:%d
0xa79ab	fifo_read: wptr too big...wptr:%d  nbuf:%d
0xa79d7	fifo_read: rptr after uiomove too big...rptr:%d
0xa7a08	fifo_badop
0xa7a14	spec_badop
0xa7a1f	spec_open: got a VFIFO???
0xa7a3a	spec_close: got a VFIFO???
0xa7a56	spec_rdwr
0xa7a60	spec_ioctl
0xa7a6b	spec_select
0xa7a77	paging in beyond end-of-file
0xa7a94	pagein from uninitialized data
0xa7ab4	cannot flush input cache!
0xa7acf	cannot flush output cache!
0xa7aeb	swapfs_grow: bad rem
0xa7b00	swapfs_grow: bad freelist
0xa7b1a	csize != PAGE_SIZE: shouldn't happen
0xa7b40	couldn't allocate an offset!
0xa7b5e	dev = 0x%x, bsize = %d, size = %d, fs = %s
0xa7b8a	alloc: bad size
0xa7b9a	file system full
0xa7bab	write failed, file system is full
0xa7bcd	out of inodes
0xa7bdb	create/symlink failed, no inodes free
0xa7c19	 out of inodes
0xa7c28	 file system is full
0xa7c3d	dev = 0x%x, bsize = %d, osize = %d, nsize = %d, fs = %s
0xa7c76	realloccg: bad size
0xa7c8a	dev = 0x%x, bsize = %d, bprev = %d, fs = %s
0xa7cb7	realloccg: bad bprev
0xa7ccc	%s: optimization changed from SPACE to TIME
0xa7cf9	%s: optimization changed from TIME to SPACE
0xa7d26	mode = 0%o, inum = %d, fs = %s
0xa7d46	ialloc: dup alloc
0xa7d58	free inode %s/%d had %d blocks
0xa7d78	pos = %d, i = %d, fs = %s
0xa7d93	alloccgblk: cyl groups corrupted
0xa7db4	alloccgblk: can't find blk in cyl
0xa7dd6	cg = %s, irotor = %d, fs = %s
0xa7df5	ialloccg: map corrupted
0xa7e16	ialloccg: block not in map
0xa7e31	free_block: bad size
0xa7e46	bad block %d, ino %d
0xa7e5c	dev = 0x%x, block = %d, fs = %s
0xa7e7d	free_block: freeing free block
0xa7e9c	free_block: freeing free frag
0xa7eba	dev = 0x%x, ino = %d, fs = %s
0xa7ed9	ifree: range
0xa7ee6	ifree: freeing free inode
0xa7f00	start = %d, len = %d, fs = %s
0xa7f1f	alloccg: map corrupted
0xa7f36	bno = %d, fs = %s
0xa7f49	alloccg: block not in map
0xa7f63	direnter
0xa7f6c	direnter: target directory link count
0xa7f92	mangled .. entry
0xa7fa3	dirprepareentry: new block
0xa7fbe	DIRBLKSIZ > fsize
0xa7fd0	dirprepareentry: invalid slot status
0xa7ff5	dirmakeinode: no attributes
0xa8011	dirremove
0xa801b	nonexixtent directory block
0xa8037	mangled entry
0xa8045	%s: bad dir ino %d at offset %d: %s
0xa806a	bad size, unlinked or not dir
0xa8088	free inode isn't
0xa8099	inode structures
0xa80aa	iget: bad dev
0xa80b8	iget: bad fs
0xa80c5	iget: out of inode space
0xa80f0	iinactive
0xa80fa	itrunc: newspace
0xa811b	lf_free_svnode: cannot find shadow vnode in hash list
0xa8151	lf_findoverlap: default
0xa8169	update: ro fs mod
0xa817b	bad block %d, 
0xa818a	bad block
0xa819c	clrblock
0xa81a5	setblock
0xa81ae	dev = 0x%x, fs = %s
0xa81c3	getmp: bad magic
0xa81e9	%s: total-%d
0xa81fe	mountfs: illegal remount request
0xa8220	Root device is physically write protected.  It must be writeable.
0xa8262	mountfs: can't remount ro
0xa827d	ufs_statfs
0xa828d	rwip type
0xa8297	ufs_badop
0xa82a1	IO error on pagein: error = %d.
0xa82c2	IO error on pagein (breadDirect)
0xa82e4	IO error on pagein (bread)
0xa8300	IO error on pageout: error = %d.
0xa8322	IO error on pageout (bread)
0xa833f	ipc spaces
0xa834a	ipc tree entries
0xa835b	ipc ports
0xa8365	ipc port sets
0xa8373	ipc_init
0xa837c	ipc msg-accepted requests
0xa8396	ipc_mqueue_receive: strange ith_state
0xa83bc	dropped port-deleted (0x%08x, 0x%x)
0xa83e1	dropped msg-accepted (0x%08x, 0x%x)
0xa8406	dropped port-destroyed (0x%08x, 0x%08x)
0xa842f	dropped no-senders (0x%08x, %u)
0xa8450	dropped send-once (0x%08x)
0xa846c	dropped dead-name (0x%08x, 0x%x)
0xa848e	dropped port-deleted-compat (0x%08x, 0x%x)
0xa84ba	dropped msg-accepted-compat (0x%08x, 0x%x)
0xa84e6	dropped port-destroyed-compat (0x%08x, 0x%08x)
0xa8516	ipc_object_copyin_type: strange rights
0xa853d	ipc_object_copyin_from_kernel: strange rights
0xa856b	ipc_object_copyout_dest: strange rights
0xa8593	ipc_object_copyout_type_compat: strange rights
0xa85c2	ipc_right_clean: strange type
0xa85e0	ipc_right_destroy: strange type
0xa8600	ipc_right_delta: strange right
0xa861f	ipc_right_copyin_check: strange rights
0xa8646	ipc_right_copyin: strange rights
0xa8667	ipc_right_copyout: strange rights
0xa8689	ipc_right_rename: strange rights
0xa86aa	ipc_right_copyin_compat: strange rights
0xa86d2	ipc_right_copyin_header: strange rights
0xa86fa	msg_return_translate: %x -> interrupted
0xa8723	msg_return_translate
0xa8738	mach_port_get_refs: strange rights
0xa875b	convert_port_type: strange port type
0xa8780	ast_check: Bad processor state
0xa879f	exception
0xa87a9	exception_raise
0xa87b9	host_processors
0xa87c9	ipc_host_init
0xa87d7	ipc_processor_init
0xa87ea	ipc_pset_init
0xa87f8	ipc_kobject_server: dropping request
0xa881e	ipc_object_destroy: strange destination rights
0xa884d	mach_msg_send_from_kernel
0xa8867	mach_msg
0xa8870	msg_send_from_kernel
0xa8885	msg_send notify
0xa8895	msg_rpc notify
0xa88a4	mig_dealloc_reply_port
0xa88bb	thread_handoff
0xa88ca	ipc_task_init
0xa88d8	ipc_thread_init
0xa88e8	object_copyout
0xa88f7	kalloc.%d
0xa8906	MACH: Out of kernel stacks, pausing...
0xa892d	stack_alloc: Kernel stacks exhausted
0xa8953	stack_alloc
0xa895f	lock_set_recursive: don't have write lock
0xa8989	lock_clear_recursive: wrong thread
0xa89ac	mappable_time_init
0xa89c6	net listener zone
0xa89d8	mach_net messages
0xa89ea	vm_info zone
0xa89f7	Unexpected error on file map, ret = %d.
0xa8a20	remap_vnode
0xa8a33	Reset debugger state
0xa8a4e	Break to remote debugger
0xa8a6b	Sync and halt the computer
0xa8a8b	Reboot the computer, no sync
0xa8aaf	Continue execution
0xa8ac2	continue
0xa8acb	Ambiguous command - type '?' for help
0xa8af2	Invalid command - type '?' for help
0xa8b17	System Panic:
0xa8b2a	(Type 'r' to reboot or 'm' for monitor)
0xa8b53	Rebooting...
0xa8b60	NEXTSTEP Mini-monitor
0xa8b7c	Mini-monitor commands:
0xa8b94	?,help - Print this message
0xa8bba	Couldn't acquire debugger lock:
0xa8bdb	exit from monitor and try again.
0xa8bfd	ns_abstimeout table overflow
0xa8c1a	pset_remove_processor: wrong pset
0xa8c3c	pset_deallocate: default_pset destroyed
0xa8c64	kdp_packet bad len pkt %d hdr %d
0xa8c86	kdp_packet reply recvd req %x seq %x
0xa8cac	kdp_packet bad request %x len %d seq %x key %x
0xa8cdc	kdp_unknown request %x len %d seq %x key %x
0xa8d09	Breakpoint
0xa8d14	Software
0xa8d1d	Emulation
0xa8d27	Arithmetic
0xa8d32	Failed instruction
0xa8d45	Memory access
0xa8d53	kdp_reply
0xa8d5d	kdp_send
0xa8d66	kdp_poll
0xa8d6f	kdp: bad sequence %d (want %d)
0xa8d8f	Waiting for remote debugger connection.
0xa8db8	(Type 'c' to continue or 'r' to reboot)
0xa8de1	Continuing...
0xa8df0	Rebooting...
0xa8dfe	Connected to remote debugger.
0xa8e1d	kdp: exception ack timeout
0xa8e39	kdp_raise_exception with NULL state
0xa8e5e	%s exception (%x,%x,%x)
0xa8e77	kdp_raise_exception
0xa8e8b	Remote debugger disconnected.
0xa8eaa	assert_wait: already asserted event 0x%x
0xa8ed4	assert_wait
0xa8ee0	thread_wakeup
0xa8eee	thread_invoke
0xa8efc	thread_dispatch
0xa8f0c	run_queue_enqueue: pri too high (%d)
0xa8f32	choose_thread
0xa8f40	choose_pset_thread
0xa8f53	 Bad processor state %d (Cpu %d)
0xa8f75	idle_thread
0xa8f81	do_runq_scan: adding thread %#x
0xa8fa8	task_create: no memory for task structure
0xa8fd2	stack_privilege
0xa8fea	thread deallocating itself
0xa9005	unstopped thread destroyed!
0xa9021	thread_halt: trying to halt current thread.
0xa904d	thread_halt
0xa9059	the zombie walks!
0xa906b	thread_dowait
0xa9079	%d total threads.
0xa908c	%d using rpc_reply.
0xa90a1	thread_swapin
0xa90af	internalEntryAllocate
0xa90c5	calloutEntryFree
0xa90dc	zcram - memory at zero
0xa90f3	zone_bootstrap
0xa9108	zalloc: null zone
0xa911a	"zone ""%s"" empty."
0xa9139	k_server: can't find listener port..terminating
0xa916a	k_server: can't allocate reply port..terminating
0xa919c	k_server: can't set reply port..terminating
0xa91c9	k_server: can't allocate port set..terminating
0xa91f9	k_server: can't add listener port
0xa921c	k_server: can't get notify port
0xa923c	kern_server_main: received return bad return from msg_receive
0xa927a	kern_serv_log_init: log 0x%x log.last 0x%x, log.base 0x%x
0xa92b5	port_allocate
0xa92c3	task_set_special_port
0xa92d9	port_set_allocate
0xa92eb	port_set_add
0xa92f8	notify_server_loop: msg_receive error (%d)
0xa9324	notify_server_loop: BOGUS msg_local_port
0xa934e	notification server: %s: krtn = %d
0xa9372	notification server
0xa9386	notify server: bogus msg_id on pn_register_port (%d)
0xa93bc	pn_notify: msg_id = %d, unrecognized
0xa93e2	pn_notify: msg_send returned %d
0xa9403	pn_notify: PORT NOT FOUND
0xa941e	port_request_notification: msg_send returned %d
0xa944f	ux_handler: port_set_allocate failed
0xa9474	ux_handler: port_allocate failed
0xa9495	ux_handler: port_set_add failed
0xa94b5	ux_handler: object_copyin(ux_exception_port) failed
0xa94e9	ux_except
0xa94f3	exception_handler
0xa9505	vm_fault: absent or active or inactive or not busy after main loop
0xa9548	vm_fault: active or inactive before copy object handling
0xa9581	vm_fault: active or inactive before retrying lookup
0xa95b5	vm_fault: active or inactive before pmap_enter
0xa95e4	unwire: page not in pmap
0xa95fd	vm_fault_copy_wired: page missing
0xa961f	kmem_realloc
0xa962c	kmem_suballoc 1
0xa963c	kmem_suballoc 2
0xa964c	kmem_suballoc 3
0xa965c	You fool!
0xa9666	mb_map abused even more than usual
0xa968e	non-kernel map entries
0xa96a5	kernel map entries
0xa96b8	vm_map_create
0xa96c6	vm_map_entry_create
0xa96da	vm_map_fork: encountered a submap
0xa96fc	vm_map_fork: copy in share_map region failed
0xa9732	vm_mem_alloc_from_regions
0xa9754	object hash zone
0xa9765	vm_object_terminate: copy/shadow inconsistency
0xa9794	vm_object_deallocate: pageout in progress
0xa97be	vm_object_deactivate: I'm sooo confused.
0xa97e7	vm_object_copy: copy/shadow inconsistency
0xa9811	vm_object_shadow: no object for shadowing
0xa983b	vm_object_cache_clear: I'm sooo confused.
0xa9865	vm_object_collapse: we collapsed a copy-object!
0xa9895	vm_object_request_object: called
0xa98b7	vm_pager_put: null pager
0xa98d0	vm_pager_deallocate: null pager
0xa98f0	vm_pager_has_page
0xa9902	vm_set_page_size: page size not a power of two
0xa9931	vm_page_bootstrap: WARNING -- strange page hash
0xa9962	vm_page_insert
0xa9971	vm_page_activate: already active
0xa9992	fork/procdup: task_create failed. Code: 0x%x
0xa99c0	fork/procdup: thread_create failed. Code: 0x%x
0xa99f0	device_pagein called
0xa9a05	device_pageout called
0xa9a1b	vm_read: kernel error %d
0xa9a35	vnode_pager_allocpage
0xa9a4b	vnode_pager_deallocpage
0xa9a63	vnode_pageout: failed!
0xa9a7b	vnode_has_page: failed lookup
0xa9a99	vnode_has_page called on non-default pager
0xa9ac4	vnode_deallocpage: error truncating %s, error = %d
0xa9af8	vnode pager structures
0xa9b23	Please Insert %s Disk %d in Drive %d
0xa9b49	Please Insert %s Disk '%s' in Drive %d
0xa9b71	Wrong Disk: Please Insert %s Disk %d in Drive %d
0xa9ba3	Wrong Disk: Please Insert %s Disk '%s' in Drive %d
0xa9bd7	***Swap Device Full***
0xa9bef	***File System %s Full***
0xa9c0a	Please Eject %s Disk %d
0xa9c23	vol_panel_request: bogus panel_type (%d)
0xa9c4d	vol_panel_remove: msg_send returned %d
0xa9c75	vol_thread: msg_receive() returned %d
0xa9c9c	vol_thread: bogus message rec'd (msg_id = %d)
0xa9ccb	vol_start_thread: port_alloc returned %d
0xa9cf5	ADB device %x reg3 %02x%02x
0xa9d12	Restart/Power-Off
0xa9d2c	adb_keyboard: event had reg0 length %d
0xa9d54	adb_keyboard: event with NULL keycodes!
0xa9d8a	Trackball
0xa9d9c	Found ADB device using extended protocol:
0xa9dc7	ID: %c%c%c%c, 
0xa9dd6	resolution %d units/inch, 
0xa9df1	class: %d 
0xa9e02	with %d buttons
0xa9e13	%s%d at %s%d target %d lun %d
0xa9e32	%s%d at %s%d slave %d
0xa9e49	ipl%d: spurious interrupt
0xa9e64	illegal polling ipl %d
0xa9e7c	too many polled interupt routines
0xa9e9e	illegal scanning ipl %d
0xa9eb7	map_addr: no memory for device
0xa9ed6	%s%d at 0x%x 
0xa9eeb	dma_prep: bad DMA buffer alignment
0xa9f0e	dma_list: zero pfnum
0xa9f23	dma_list: dma_list_t overflow
0xa9f41	attempted DMA outside of memory space
0xa9f67	dma_cleanup: negative resid
0xa9f83	spurious DMA interrupt: channel 0x%x
0xa9fa9	spurious DMA interrupt: state 0x%x channel 0x%x
0xa9fda	bad dma csr read, ddp=0x%x
0xa9ff6	dma_intr: DMA buffer not cache flushed
0xaa01d	cache_flush: page not resident
0xaa03c	Double select!
0xaa04c	ev: No space for shmem!
0xaa065	0x%x spurious keyboard/mouse interrupt
0xaa08d	evMsgThreadProc: msg to window server fails (%d)
0xaa0be	fd: DMA byte count > 64K
0xaa0df	fd: RECALIBRATE FAILED
0xaa0f7	fd: CONTROLLER I/O ERROR
0xaa111	fd: NO DRIVE DETECTED
0xaa128	fd: NO MEDIA DETECTED
0xaa13f	fd: SEEK FAILED
0xaa150	fd: DISK UNFORMATTED
0xaa166	fd: DISK UNREADABLE
0xaa17c	Disk Label: %s
0xaa18d	Disk Capacity %d KB, Device Block %d bytes
0xaa1ba	Disk is Write Protected
0xaa1dd	FDR_VOLUNAVAIL
0xaa1ec	DMA Over/underrun
0xaa1fe	Controller Handshake Error
0xaa219	Controller rejected command
0xaa235	Missing Data Mark
0xaa247	Missing Control Mark
0xaa25c	Missing Address Mark
0xaa271	Disk Write Protected
0xaa286	Header Not Found
0xaa297	Basic Drive Failure
0xaa2ab	Bad Controller Phase
0xaa2c0	Seek Error
0xaa2cb	Media Error
0xaa2d7	Header CRC Error
0xaa2e8	Data CRC Error
0xaa2f7	Bad Drive #
0xaa303	Command Reject
0xaa312	Memory Failure
0xaa321	Memory Allocation Error
0xaa349	fc_thread(): no active fd_controller
0xaa36e	Command Timeout
0xaa37e	Controller hang
0xaa38e	fc%d: Spurious Floppy Disk Interrupt
0xaa3b4	fc%d: Controller Reset: %s
0xaa3d0	fd: Bogus density (%d) in fc_specify()
0xaa3f8	fc%d: Spurious DMA Interrupt
0xaa416	fd%d: Bad Floppy Partition
0xaa432	fd%d: invalid label
0xaa447	fd_intr: BOGUS fvp->state
0xaa467	RECALIBRATE
0xaa484	fd%d: Sector %d(d) cmd = %s; %n: %s
0xaa4a9	sddone: no buf on sdd_queue
0xaa4c5	fd%d: PARTIAL SECTOR I/O
0xaa4df	fd_new_fv: Couldn't kalloc fd_volume
0xaa504	fd_new_fv: Couldn't kalloc disk_label
0xaa52a	fd_sectsize_info: bad density
0xaa548	FS BLOCK NOT MULTIPLE OF DEVICE BLOCK
0xaa56f	FS block: %d, DEV block: %d
0xaa58c	fd_volume_check: NO FREE VOLUMES
0xaa5b3	fd_alert_panel: vol_panel_disk() returned %d
0xaa5e1	fd_sectsize_max
0xaa5f1	NeXT Mach Operating System
0xaa610	Really power off?  Type y to power off, type n to cancel.
0xaa64b	Shut down in progress.
0xaa663	km_convert_addr(0x%x): Bad p-code ROM address (slot %d)
0xaa69c	km_convert_addr() hit invalid phys addr in p-code
0xaa6d3	NBIC present
0xaa6e4	np%d: serial return value parity error
0xaa70c	np%d: serial command parity error
0xaa72f	np%d: serial command error
0xaa74b	np%d: spurious printer timeout
0xaa76b	np%d: spurious dmain overrun
0xaa789	np%d: spurious packet received, cmd = %x
0xaa7b3	np%d: DMA error, flushing page
0xaa7d3	np0: ioctl error; fatal
0xaa7ec	np_write: vm_map_copy recovery
0xaa80b	np_write: vm_map_protect recovery
0xaa82d	np_write: vm_map_pageable recovery
0xaa850	np%d: VSREQ Timeout
0xaa865	np%d: DMA Underrun; Reprinting Page
0xaa88a	np%d: DMA Underrun retries exhausted
0xaa8b0	np%d: Timeout waiting for Print Complete
0xaa8da	np_write: can't remove vm
0xaa8f4	excessive ECC errors
0xaa909	busy timeout #2
0xaa919	busy timeout #1
0xaa929	DMA error
0xaa933	DMA starvation
0xaa942	no more alternates for remap!
0xaa960	bitmap bad but no alternate found!
0xaa983	soft timeout
0xaa990	head select failure
0xaa9a4	servo timeout failure
0xaa9ba	servo command failure
0xaa9d0	lens position failure
0xaa9e6	temperature sensor failed
0xaaa00	spindle stop timeout
0xaaa15	spindle clamp misaligned
0xaaa2e	high drive temperature
0xaaa45	drive init failed
0xaaa57	laser power failed
0xaaa6a	reserved 10
0xaaa76	reserved 9
0xaaa81	reserved 8
0xaaa8c	reserved 7
0xaaa97	reserved 6
0xaaaa2	reserved 5
0xaaaad	tracing failure
0xaaabd	linear encoder failed
0xaaad3	disk cartridge stuck
0xaaae8	not at speed
0xaaaf5	focus failed
0xaab02	PLL failed
0xaab0d	tracking servo failed
0xaab23	lens out of range
0xaab35	sleep/wakeup failed
0xaab49	test write failed
0xaab5b	coarse seek failed
0xaab6e	write mode failed
0xaab80	write inhibit (high temperature)
0xaaba1	reserved 3
0xaabac	RF detect
0xaabb6	execute busy
0xaabc3	no disk inserted
0xaabd4	disk write protected
0xaabe9	laser power alarm
0xaabfb	servo not ready
0xaac0b	media upside down
0xaac1d	not spinning
0xaac2a	reserved 2
0xaac35	interface parity error
0xaac4c	interface fault
0xaac5c	invalid or unimplemented command
0xaac7d	address fault
0xaac8b	power on reset
0xaac9a	load completed
0xaaca9	reserved 1
0xaacb4	drive parity error
0xaacc7	read fault
0xaacd2	sector timeout
0xaace5	compare mismatch
0xaacf6	formatter/ECC over(under)run
0xaad13	no error?
0xaad1d	relative jump
0xaad2b	send data
0xaad35	request self-diagnostic
0xaad4d	spiral operation off
0xaad62	spiral operation on
0xaad76	eject cartridge
0xaad86	unlock cartridge
0xaad97	lock cartridge
0xaada6	start spindle motor
0xaadba	stop spindle motor
0xaadcd	reset attn & status
0xaade1	select RF head
0xaadf0	select erase head
0xaae02	select write head
0xaae14	select verify head
0xaae27	select read head
0xaae38	request vendor ident
0xaae4d	request general config
0xaae64	request hardware status
0xaae7c	request extended status
0xaae94	request current address
0xaaeac	request drive status
0xaaec1	recalibrate
0xaaecd	set high-order seek addr
0xaaeeb	eject_now
0xaaf01	spiral off
0xaaf2e	read status
0xaaf3a	ECC write
0xaaf44	ECC read
0xaaf93	od: probe alloc
0xaafa3	od: test alloc
0xaafb2	drive ROM v%d, servo ROM v%d
0xaafd0	%s%d: no valid disk label found
0xaaff1	od: queue empty
0xab001	od: empty q
0xab00d	od: before/after
0xab01e	od_sect_to: N-1 Not Found
0xab039	odintr: unexpected device interrupt
0xab05e	od: DATA_ERR but no desr?
0xab079	odintr: null bc_tab.b_actf?
0xab096	odintr: null bp?
0xab0a8	drive command
0xab0b6	od%d%c: %s %s 
0xab0c5	, testing
0xab0cf	(%s%s) block %d phys block %d 
0xab0ee	(%d:%d:%d)
0xab0fa	drive cmd: 
0xab106	%s (0x%x)
0xab111	unknown (0x%x)
0xab121	formatter cmd: 
0xab136	od: out of vols
0xab146	od: no label alloc
0xab15a	Disk Label: %s  Label Version: %d
0xab17d	"Wrong disk -- that was ""%s"" on volume %d"
0xab1a6	Please insert new disk for volume %d
0xab1cc	Insert Disk
0xab1d8	"Wrong disk -- please insert disk ""%s"" on volume %d"
0xab211	od: SLABEL alloc
0xab223	Lot: %s  Serial: %s  Date: %s  Canon: %d  NeXT: %d
0xab25c	od: label alloc
0xab26c	od: bad_block alloc
0xab280	od: bitmap alloc
0xab291	Please insert new disk for volume %d
0xab2b7	"Please insert disk ""%s"" for volume %d"
0xab2de	%L(press 'n' key if disk is not available)
0xab30d	SEE bus_device
0xab31c	SCSI 53C90A Controller, Target %d, as 
0xab343	SCSI 53C90 Controller, Target %d, as 
0xab369	scstart: bad state
0xab37c	software error
0xab38b	select seq
0xab396	scsi bus parity on reselect
0xab3b2	bad reselect
0xab3bf	bad reselection
0xab3cf	dma error
0xab3d9	scsi bus parity error during dma
0xab3fa	fifo level
0xab405	scsi bus parity on msg
0xab41c	fifo level2
0xab428	scsi bus parity on status
0xab442	msgin fifo error
0xab453	scsi bus parity on msg2
0xab46b	stray interrupt
0xab47b	scintr: bad state
0xab48d	no connection
0xab49b	bad i/o direction
0xab4ad	transfer len exceeded
0xab4c3	DMA len > 64K
0xab4d1	scmsgin: no current sd
0xab4e8	sc: MESSAGE REJECT RECEIVED
0xab505	Linked command
0xab514	scmsgin: no FUNCCMPLT
0xab52a	No driver configured for SCSI device type %s
0xab558	scsi_cintr: bad sd_state
0xab571	bus reset
0xab57b	lost interrupt
0xab58a	scsi_timer: timeout
0xab59e	reselect timeout - target %d
0xab5bc	reselect timeout
0xab5cd	scsi_timer: sc_active
0xab5e3	s%c%d (%d,%d): %s op:0x%x sd_state:%d scsi status:0x%x
0xab61b	s%c%d (%d,%d): sense key:0x%x  additional sense code:0x%x
0xab659	%s Rev %s as 
0xab667	Waiting for drive to come ready
0xab689	DISK UNFORMATTED
0xab69c	Disk Capacity %dMB, Device Block %d bytes
0xab6c7	DEVICE RETURNS INVALID BLOCK LEN
0xab6e9	sdopen: no removable media drives
0xab70b	sd_vstart: sd_eject_freeq empty
0xab72b	sd%d: invalid label
0xab740	sd%d: start_block too big
0xab75b	sd%d: num_blocks too big
0xab77b	sd%d: Incomplete disk transfer; bytes moved = 0x%x, resid = 0x%x, retry %d
0xab7c7	sd%d: Incomplete disk transfer - FATAL
0xab7ef	Target %d: BUSY; retry %d
0xab80a	sdintr: bad sd_state
0xab81f	Target %d: NOT READY; retry %d
0xab845	HARDWARE
0xab84e	Target %d: %s ERROR; block %XH retry %d
0xab877	sd%d: UNIT ATTENTION
0xab893	sdintr: bad sdd_state
0xab8a9	    SCSI Block in error = %d; Partition %c F.S. sector %d
0xab8e4	    SCSI Block in error = %d (front porch)
0xab910	    SCSI Block in error = %d (no valid label)
0xab93f	sddone: no buf on sdv_queue
0xab95b	ERROR: Invalid device block length of zero
0xab987	ERROR: Can't read device capacity
0xab9aa	Label in wrong location
0xab9c3	Label checksum error: was 0x%x sb 0x%x
0xab9eb	sd_new_sv: Couldn't kalloc sd_volume
0xaba10	sd_new_sv: Couldn't kalloc disk_label
0xaba36	sd_vol_check: NO FREE VOLUMES
0xaba55	sd_alert_panel: vol_panel_disk() returned %d
0xaba88	sfa_arbitrate: onwer changed priority
0xabab1	Generic SCSI Device as 
0xabac9	sgstart() called with empty sgd_io_q
0xabaee	sgintr: bad sd_state
0xabb03	sdintr: bad sgd_state
0xabb19	sgdone: no buf on sgd_io_q
0xabb3a	SoundDSP: snd_dev_intr called!
0xabb5e	DSP ABORTED
0xabb6b	DSP DMA write truncated by early complete interrupt!
0xabba1	dsp_dma: Timed out waiting for TRDY!
0xabbc7	Attempt to use broken 32-bit unpacked DSP DMA
0xabbf6	dsp_dma_cleanup: DSP_hc_HOST_WD looks hung!
0xabc23	SoundDSP: link could not get new stream owner
0xabc52	SoundDSP: codec->dsp link broken
0xabc74	SoundDSP: audio driver not loaded!
0xabc98	sound: can't allocate port
0xabcb3	sound: can't rename port
0xabccc	sound: can't add port to port_set
0xabcee	sound: can't allocate port set
0xabd0d	sound: can't allocate port notify port
0xabd34	sound: object_copyin(notify) failed
0xabd58	sound: task_set_special_port(notify)
0xabd7d	sound: port_set_add(notify)
0xabd99	sound: can't allocate device port
0xabdbc	sound-device
0xabdc9	sound: receive failed, 0x%x.
0xabde7	sound: wierd notification (%d) port = 0x%x.
0xabe14	snd_wire_page: addr not in map!
0xabe37	ststart() called with empty std_io_q
0xabe5c	stintr: bad sd_state
0xabe71	std_state = 0x%X
0xabe83	stintr: bad std_state
0xabe99	stdone: no buf on std_io_q
0xabeb4	st: cmd = 0x%x sr_io_status = %XH
0xabed7	    Sense key = 0x%x  Sense Code = 0x%x
0xabf00	serial nmi
0xabf0b	zs%d: lost recv SW interrupt
0xabf29	zs%d: lost xmit SW interrupt
0xabf47	zs%d: lost xmit HW interrupt
0xabf65	zs%d: recv buffer overrun
0xabf80	zs%d: recv uart overrun
0xabf9c	en%d: Ethernet address %s
0xabfb7	en%d: DMA error on receive
0xabfd3	enrx: no network buffers
0xabfed	entx: no dma headers
0xac003	The network is disabled or your computer isn't connected to it.
0xac044	en%d: spurious xmit interrupt, status 0x%x
0xac070	en%d: transmitter not ready
0xac08d	en%d: DMA error on transmit
0xac0aa	no gdb enet buffers
0xac0be	no gdb stack buffer
0xac0d2	en_xmit: timeout
0xac0eb	No response from network configuration server.
0xac11a	Type Control-C to start up computer without a network
0xac150	connection.
0xac15d	Network responded!
0xac171	/dev/console
0xac181	non-volatile memory checksum wrong
0xac1a5	non-volatile memory readback error!
0xac1ca	astune_calls
0xac1d7	astune_rate
0xac1fd	scc_buffer
0xac210	od_requested
0xac235	od_errmsg_filter
0xac246	od_flgstr2
0xac251	od_flgstr1
0xac25c	od_write_retry
0xac26b	od_maxecc_h2
0xac278	od_maxecc_l2
0xac285	od_maxecc_h1
0xac292	od_maxecc_l1
0xac29f	od_maxecc
0xac2a9	od_noverify
0xac2cd	kdb_ipaddr
0xac2d8	breakpoint
0xac2e3	ncallout
0xac321	pagesize
0xac32a	bufpages
0xac35e	init arg: %s
0xac36c	no spaces surrounding '=' allowed
0xac38f	kernel flag %s = 0x%x
0xac3a6	kernel flag %s = 
0xac3c4	kernel flag %s unknown
0xac3e9	parity error at address 0x%x, SIMM memory sockets %d and %d (%s)
0xac42b	parity error
0xac438	"NMI Mini-Monitor (type ""?"" for help)"
0xac461	Restart or power off?  Type r to restart,
0xac48c	press Power key to power off.  Type n to cancel.
0xac4be	nmi: pc 0x%x sr 0x%x isp 0x%x ksp 0x%x usp 0x%x
0xac4f2	commands are: (can be abbreviated)
0xac516	gdb - break to debugger
0xac52f	kdb_ipaddr=n - set default ip address
0xac556	?, help - print this list
0xac572	stay - keep this window around
0xac592	reboot - sync and reboot system
0xac5b3	halt - sync and halt system
0xac5d0	monitor - exit to monitor
0xac5eb	msg - dump kernel msg buffer to screen
0xac613	msg=n - dump last n msg buffers
0xac634	big - make NMI window bigger
0xac652	continue - resume execution
0xac66e	or set any kernel flag (e.g. debug=2)
0xac694	or examine any kernel flag (e.g. debug=)
0xac6be	can't make window bigger after a panic
0xac6f0	callout_dispatch(%d, 0x%x, %d)
0xac710	callout_dispatch
0xac721	out of softints
0xac731	FPU version 0x%x
0xac743	physical memory = %d.%d%d megabytes.
0xac769	available memory = %d.%d%d megabytes.
0xac790	using %d buffers containing %d.%d%d megabytes of memory
0xac7c9	pagesize=
0xac7d8	ip address? 
0xac7e5	Waiting for connection from debugger
0xac80b	dbg_panic: %s
0xac81a	dbg_trap returning, vecoff = %d
0xac83b	dbg_trap: bad user vecoff
0xac855	stack frame screw-up
0xac86b	debugger screw-up
0xac87e	old debugging info packet (%d) ignored
0xac8a6	gdb_from_trap:pc %x sp %x sr %x faultaddr %x
0xac8d4	connecting to debugger
0xac8ed	debugging connection from %s on %s
0xac911	Bad length of data to process
0xac92f	kdbg unknown rq type %d
0xac948	rdmem: bad size
0xac959	wrmem: bad size
0xac97b	No more room in kernel map
0xac996	halting...
0xac9a3	rebooting Mach...
0xac9ba	root device? 
0xac9c8	root on %s
0xac9d4	bad partition number
0xac9ea	bad/missing unit number
0xaca18	root on %s%d
0xaca26	root device %s%d not configured
0xaca47	no suitable root
0xaca59	%s key [%s]: 
0xaca67	initrootnet: socreate failed
0xaca85	initrootnet: BOOTP timed out, still trying...
0xacab4	initrootnet: autoaddr failed
0xacad2	initrootnet: BOOTP [OK].
0xacaec	primary network interface: %s [%s]
0xacb10	MMU invalid descriptor during table walk
0xacb39	MMU write access error
0xacb50	MMU supervisor access error
0xacb6c	MMU limit error
0xacb7c	MMU bus error
0xacb8a	MMU access level violation
0xacba5	MMU illegal operation
0xacbbb	MMU configuration
0xacbcd	spurious interrupt
0xacbe0	uninitialized interrupt
0xacbf8	stack format error
0xacc0b	coprocessor protocol error
0xacc26	1111 emulator trap
0xacc39	1010 emulator trap
0xacc4c	trace trap
0xacc57	privilege violation
0xacc6b	TRAPV, cpTRAPcc, TRAPcc instruction
0xacc8f	CHK, CHK2 instruction
0xacca5	zero divide
0xaccb1	illegal instruction
0xaccc5	address error
0xaccd3	bus error
0xaccdd	unexpected kernel page fault failure
0xacd03	trap: type 0x%x fcode %d rw %d faultaddr 0x%x
0xacd32	trap: pc 0x%x sp 0x%x sr 0x%x
0xacd51	trap: cpu %d th 0x%x proc 0x%x pid %d pcb 0x%x
0xacd81	trap: stray vector #%d (0x%x)
0xacda5	traceback: recursive call!
0xacdc1	traceback: fp 0x%x
0xacdd5	called from pc 0x%08x fp 0x%08x 4-args %08x %08x %08x %08x
0xace11	LOOPING fp
0xace1d	last fp 0x%x
0xace33	parity error at address 0x%x, SIMM memory sockets %d%s%d
0xace6d	pagemove
0xacf46	Internet Protocol
0xacf58	Internet Protocol
0xacf6e	setflags
0xacf87	autoaddr
0xacf90	unix-ioctl
0xacf9b	promiscuous-on
0xacfaa	promiscuous-off
0xacfba	add-multicast
0xacfc8	rmv-multicast
0xad0f2	9:;<@=1234
0xad0fd	5BCDEGHJKLMOP
0xad11d	.076/A8&
0xad190	"!""#$%('&"
0xad4d3	RALSTUEXWVY[\NCKQ;=><
0xad8bc	set-ipaddress
0xad993	jaddrerr: bad exception stack format
0xad9b8	buserr: bad exception stack format
0xad9dc	buserr: no fault indicated
0xad9fa	fpsp: frame format error
0xae124	/etc/mach_init
0xae228	/etc/init
0xae2de	@@@@@@@@@@@@@@@@@@@@@@@@@@@@@@@@@@@@@@@@@@@@@@@@@@@@@@@@@@@@@@@@@@@@@@@@@@@@@@@@@@@@@@@@@@@@@@@@@@@@@@@@@@@@@@@@@@@@@@@@@@@@@@@@
0xae3bf	ABCDEFGHIJKLMNOPQRSTUVWXYZ
0xae944	0123456789abcdef
0xaeb14	@A3A==(A
0xaf3ae	*>>*>>.n>>>>*>n
0xaf3de	&66.66&n666>.>n
0xaf3ee	N^^n^^nN^^^~n~N
0xaf42e	>>>>>>>~>>>>>>~
0xaf43e	*>>*>>.n>>>>*>n
0xaf44e	>>>>>>>~>>>>>>~
0xaf45e	N^^n^^nN^^^~n~N
0xaf65e	@(#) Copyright (c) 1980, 1986 Regents of the University of California.
0xaf6a5	 All rights reserved.
0xaf6bc	Copyright (c) 1987 Carnegie Mellon University.
0xaf6eb	Copyright (c) 1988, 1989 NeXT, Inc.
0xb12ce	Sony MPX-111N
0xb1513	  @@@@  
0xb169e	p      p
0xb1776	p@@@@@@@@p
0xb18f7	   @    
0xb1902	          
0xb1bcf	COPR. NeXT 1987
0xb1f5a	Canon OMD-1
0xb3119	NeXT Mach 4.2: Sun Apr 27 13:42:14 PDT 1997; root(rcbuilder):Objects/mk-183.34.obj~4/RELEASE_M68K
0xbe40c	_ADB_present
0xbe419	_ALLOW_FAULT_END
0xbe42a	_ALLOW_FAULT_START
0xbe43d	_AllKeysUp
0xbe448	_AlphaLockFeedback
0xbe45b	_AnimateWaitCursor
0xbe46e	_CalcModBit
0xbe47a	_DoAutoDim
0xbe485	_DoBrightnessChange
0xbe499	_DoCharGen
0xbe4a4	_DoKbdEvent
0xbe4b0	_DoKbdRepeat
0xbe4bd	_DoModCalc
0xbe4c8	_DoSoundKey
0xbe4d4	_DoSpecialKey
0xbe4e2	_FAULT_ERROR
0xbe4ef	_HideWaitCursor
0xbe4ff	_IFCONTROL_ADDMULTICAST
0xbe517	_IFCONTROL_AUTOADDR
0xbe52b	_IFCONTROL_GETADDR
0xbe53e	_IFCONTROL_RCVPROMISCOFF
0xbe557	_IFCONTROL_RCVPROMISCUOUS
0xbe571	_IFCONTROL_RMVMULTICAST
0xbe589	_IFCONTROL_SETADDR
0xbe59c	_IFCONTROL_SETFLAGS
0xbe5b0	_IFCONTROL_SETIPADDRESS
0xbe5c8	_IFCONTROL_UNIXIOCTL
0xbe5dd	_InitKbd
0xbe5e6	_InitMouse
0xbe5f1	_InitMouseVars
0xbe600	_LLEventPost
0xbe60d	_MAXCLIENTS
0xbe619	_MoveTheCursor
0xbe628	_PMConnect
0xbe633	_PMDisconnect
0xbe641	_PMGetPowerEvent
0xbe652	_PMGetPowerStatus
0xbe664	_PMRestoreDefaults
0xbe677	_PMSetCpuState
0xbe686	_PMSetPowerManagement
0xbe69c	_PMSetPowerState
0xbe6ad	_PMUpdateClock
0xbe6bc	_RecordBrightness
0xbe6ce	_ResetKbd
0xbe6d8	_ResetMouse
0xbe6ec	_SENDEXC
0xbe6fd	_Sendtries
0xbe708	_SetAttenuation
0xbe718	_SetCurBrightness
0xbe72a	_SetKeyMapping
0xbe739	_ShowWaitCursor
0xbe749	_StartCursor
0xbe756	_TermMouse
0xbe761	_UndoAutoDim
0xbe76e	_VENIP_ENADDRP
0xbe77d	_VENIP_IPADDR
0xbe78b	_VENIP_PRIVATE
0xbe79a	_VENIP_RIF
0xbe7a5	__NXAudioSndinDevice
0xbe7ba	__NXAudioSndoutDevice
0xbe7d0	___NXAudioAddStream
0xbe7e4	___NXAudioGetBufferOptions
0xbe7ff	___NXAudioGetChannelCountLimit
0xbe81e	___NXAudioGetDataEncodings
0xbe839	___NXAudioGetSamplingRates
0xbe854	___NXAudioGetSndoutOptions
0xbe86f	___NXAudioGetSpeaker
0xbe884	___NXAudioInitLinkedStream
0xbe89f	___NXAudioPlayStream
0xbe8b4	___NXAudioPlayStreamData
0xbe8cd	___NXAudioPortToStream
0xbe8e4	___NXAudioRecordStream
0xbe8fb	___NXAudioRecordStreamData
0xbe916	___NXAudioRemoveStream
0xbe92d	___NXAudioSetBufferOptions
0xbe948	___NXAudioSetSndoutOptions
0xbe963	___NXAudioSetSpeaker
0xbe978	___NXAudioSetStreamParameters
0xbe996	___NXAudioStreamControl
0xbe9ae	___NXAudioStreamInfo
0xbe9c3	__ashldi3
0xbe9cd	__authenticate
0xbe9e3	__dbg_kresume
0xbe9f1	__dbg_trap
0xbe9fc	__event_port_by_tag
0xbea10	__kernDebuggerLock
0xbea23	__lookupd_port
0xbea32	__lshldi3
0xbea3c	__lshrdi3
0xbea46	__m68k_dbginit
0xbea55	__mh_execute_header
0xbea69	__move_space
0xbea76	__null_auth
0xbea82	__printf
0xbea8b	__return_with_state
0xbea9f	__set_timer
0xbeaab	__set_timer_expire_func
0xbeac3	__seterr_reply
0xbead2	__setgid
0xbeadb	__setuid
0xbeae4	__stack_attach
0xbeaf3	__stack_handoff
0xbeb03	__svcauth_null
0xbeb12	__svcauth_short
0xbeb22	__svcauth_unix
0xbeb31	__switch_context
0xbeb42	__switch_context0
0xbeb54	__switch_context_discard
0xbeb6d	__udivdi3
0xbeb77	__umoddi3
0xbeb89	__vm_map_clip_end
0xbeb9b	__vm_map_clip_start
0xbebaf	__vm_map_entry_create
0xbebc5	__vm_map_entry_dispose
0xbebdc	__vm_object_allocate
0xbebf1	__zone_default_space
0xbec06	__zone_default_space_hint
0xbec3b	_acctbuf
0xbec44	_acctcred
0xbec55	_acctresume
0xbec61	_acctsuspend
0xbec6e	_action_queue
0xbec7c	_active_mfsbufs
0xbec8c	_active_stacks
0xbec9b	_active_threads
0xbecab	_active_u
0xbecb5	_adb_check_keyboard
0xbecc9	_adb_force_NMI
0xbecd8	_adb_initialize
0xbece8	_adb_keybd_init
0xbecf8	_adb_keybd_present
0xbed0b	_adb_keyboard
0xbed19	_adb_keyboard_LED
0xbed2b	_adb_listen
0xbed37	_adb_mouse
0xbed42	_adb_mouse_init
0xbed52	_adb_mouse_present
0xbed65	_adb_null
0xbed6f	_adb_poll_keyboard
0xbed82	_adb_resume_poll
0xbed93	_adb_suspend_poll
0xbeda5	_adb_system_info
0xbedb6	_adb_talk
0xbedc0	_adb_watchdog
0xbedce	_add_profil
0xbedda	_address_known
0xbedf1	_adjtime
0xbedff	_afswitch
0xbee10	_alert_done
0xbee1c	_alert_key
0xbee27	_alert_lock_screen
0xbee3a	_all_psets
0xbee45	_all_psets_count
0xbee5d	_allocStack
0xbee69	_alloc_posix_proc
0xbee7b	_allocbuf
0xbee85	_alloccg
0xbee8e	_alloccgblk
0xbee9a	_allproc
0xbeea3	_alphaLock
0xbeeae	_argstrcpy
0xbeec1	_arpethertempl
0xbeed0	_arpinput
0xbeeda	_arpioctl
0xbeee4	_arpresolve
0xbeef8	_arptab_bsiz
0xbef05	_arptab_nb
0xbef10	_arptab_size
0xbef1d	_arptfree
0xbef27	_arptimer
0xbef31	_arptnew
0xbef3a	_arpwhohas
0xbef45	_as_tune
0xbef55	_assert_wait
0xbef62	_ast_check
0xbef6d	_ast_init
0xbef77	_astune_calls
0xbef85	_astune_rate
0xbef92	_async_bufhead
0xbefa1	_async_daemon
0xbefaf	_attrstat_discrim
0xbefc1	_authkern_create
0xbefd2	_authkern_destroy
0xbefe4	_authkern_marshal
0xbeff6	_authkern_nextverf
0xbf009	_authkern_refresh
0xbf01b	_authkern_validate
0xbf02e	_autoDimPeriod
0xbf03d	_autoDimTime
0xbf04a	_autoDimmed
0xbf056	_avail_kernel_map
0xbf068	_avenrun
0xbf079	_badblock
0xbf083	_bawrite
0xbf08c	_bcd_to_byte
0xbf0b6	_bdwrite
0xbf0ce	_bfreelist
0xbf0fe	_binvalfree
0xbf10a	_biodone
0xbf113	_biowait
0xbf11c	_blkatoff
0xbf12e	_blkflush
0xbf138	_blkpref
0xbf147	_bmap_chip
0xbf152	_bmap_parity_error
0xbf165	_board_rev
0xbf176	_boot_action
0xbf183	_boot_args
0xbf18e	_boot_dev
0xbf198	_boot_file
0xbf1a3	_boot_info
0xbf1ae	_boot_param
0xbf1ba	_boothowto
0xbf1cc	_boottime
0xbf1e3	_breadDirect
0xbf1f8	_breakpoint
0xbf204	_brealloc
0xbf216	_brelvp_wakeup
0xbf225	_brightness
0xbf231	_bsd_copyright
0xbf255	_buffer_map
0xbf261	_buffers
0xbf26a	_bufhash
0xbf273	_bufpages
0xbf27d	_bufstats
0xbf287	_bus_cinit
0xbf292	_bus_dinit
0xbf2a5	_busdone
0xbf2b5	_buttonsTied
0xbf2ca	_byte_to_bcd
0xbf2d7	_bytecopy
0xbf2e8	_c_thread_handoff_hits
0xbf2ff	_c_thread_handoff_misses
0xbf318	_c_thread_invoke_csw
0xbf32d	_c_thread_invoke_hits
0xbf343	_c_thread_invoke_misses
0xbf362	_cache_flush
0xbf36f	_cache_inval_page
0xbf381	_cache_push
0xbf38d	_cache_push_page
0xbf39e	_call_continuation
0xbf3b1	_call_nmi
0xbf3c3	_callout
0xbf3cc	_calloutDeadlineFromInterval
0xbf3e9	_calloutDispatch
0xbf3fa	_calloutDispatchDelayed
0xbf412	_calloutDispatchUnique
0xbf429	_calloutEntryAllocate
0xbf43f	_calloutEntryDispatch
0xbf455	_calloutEntryDispatchDelayed
0xbf472	_calloutEntryDispatchWithArgument
0xbf494	_calloutEntryDispatchWithArgumentDelayed
0xbf4bd	_calloutEntryFree
0xbf4cf	_calloutEntryRemove
0xbf4e3	_calloutInitialize
0xbf4f6	_calloutRemove
0xbf505	_calloutRemoveAll
0xbf517	_callout_dispatch
0xbf529	_callout_remove
0xbf539	_canSwap
0xbf542	_catch_exception_raise
0xbf567	_cf2_efifo
0xbf572	_cf2_fifo_value
0xbf589	_cfreecount
0xbf595	_cfreelist
0xbf5a7	_chdirec
0xbf5b0	_check_cpu_subtype
0xbf5c3	_check_exec_access
0xbf5d6	_check_for_ast
0xbf5e5	_checksum_16
0xbf5f2	_chgprot
0xbf602	_choose_pset_thread
0xbf616	_choose_thread
0xbf634	_chtable
0xbf644	_ckuwakeup
0xbf64f	_clear_dma_on_int
0xbf661	_clear_timer
0xbf66e	_clear_wait
0xbf67a	_clickLoc
0xbf684	_clickSpaceThresh
0xbf696	_clickState
0xbf6a2	_clickTime
0xbf6ad	_clickTimeThresh
0xbf6be	_client_pcb
0xbf6ca	_client_running
0xbf6da	_clnt_sperrno
0xbf6e8	_clntkudp_abort
0xbf6f8	_clntkudp_callit
0xbf709	_clntkudp_callit_addr
0xbf71f	_clntkudp_control
0xbf731	_clntkudp_create
0xbf742	_clntkudp_destroy
0xbf754	_clntkudp_error
0xbf764	_clntkudp_freecred
0xbf777	_clntkudp_freeres
0xbf789	_clntkudp_init
0xbf798	_clntkudp_interruptable
0xbf7b0	_clntkudp_once
0xbf7bf	_clntkudp_realloc
0xbf7d1	_clntkudpxid
0xbf7de	_clock_attributes
0xbf7f0	_clock_interrupt
0xbf801	_clock_timer_init
0xbf813	_clock_value
0xbf820	_cloneproc
0xbf832	_close_flush
0xbf847	_clrblock
0xbf859	_cltoomany
0xbf86b	_cmu_copyright
0xbf882	_cnioctl
0xbf8a3	_cnselect
0xbf8b2	_cnwrite
0xbf8bb	_compress
0xbf8c5	_compress_backoff_cnt
0xbf8db	_compress_backoff_off
0xbf8f1	_compress_backoff_on
0xbf906	_compress_backoff_window
0xbf91f	_compress_data
0xbf92e	_compress_data_from_phys
0xbf947	_compress_enable
0xbf958	_compress_threashold
0xbf96d	_compress_window_size
0xbf983	_compute_mach_factor
0xbf998	_compute_my_priority
0xbf9ad	_compute_priority
0xbf9bf	_configure
0xbf9ca	_connect
0xbf9d9	_cons_tp
0xbf9e2	_consider_thread_collect
0xbf9fb	_consider_zone_gc
0xbfa0d	_console_i
0xbfa18	_console_o
0xbfa23	_convert_host_to_port
0xbfa39	_convert_port_to_host
0xbfa4f	_convert_port_to_host_priv
0xbfa6a	_convert_port_to_map
0xbfa7f	_convert_port_to_processor
0xbfa9a	_convert_port_to_pset
0xbfab0	_convert_port_to_pset_name
0xbfacb	_convert_port_to_space
0xbfae2	_convert_port_to_task
0xbfaf8	_convert_port_to_thread
0xbfb10	_convert_port_type
0xbfb23	_convert_processor_to_port
0xbfb3e	_convert_pset_name_to_port
0xbfb59	_convert_pset_to_port
0xbfb6f	_convert_task_to_port
0xbfb85	_convert_thread_to_port
0xbfba4	_copy_from_phys
0xbfbb4	_copy_to_phys
0xbfbca	_copyinmap
0xbfbd5	_copyinmsg
0xbfbe0	_copyinstr
0xbfbeb	_copyout
0xbfbf4	_copyoutmap
0xbfc00	_copyoutmsg
0xbfc0c	_copyoutstr
0xbfc18	_copystr
0xbfc21	_copywithin
0xbfc33	_cp_time
0xbfc3c	_cpu_clk
0xbfc45	_cpu_down
0xbfc4f	_cpu_rev
0xbfc58	_cpu_type
0xbfc6a	_cractive
0xbfc92	_create_unix_stack
0xbfcb4	_cstatfs
0xbfcbd	_curBright
0xbfcc8	_curEvent
0xbfcd2	_curMapLen
0xbfcdd	_curMapping
0xbfce9	_curMappingStorage
0xbfd04	_currentScreen
0xbfd13	_current_map_EXTERNAL
0xbfd29	_current_task_EXTERNAL
0xbfd40	_current_thread_EXTERNAL
0xbfd59	_current_timer
0xbfd68	_cursorPin
0xbfd73	_cwaiting
0xbfd84	_dbg_connect_pkt
0xbfd95	_dbg_dispatch
0xbfda3	_dbg_from_ether
0xbfdb3	_dbg_kresume
0xbfdc0	_dbg_longjmp
0xbfdcd	_dbg_panic
0xbfdd8	_dbg_process
0xbfde5	_dbg_setjmp
0xbfdf1	_dbg_trap
0xbfdfb	_dbgstack
0xbfe0c	_default_page_size
0xbfe1f	_default_pset
0xbfe34	_delete_posix_proc
0xbfe47	_dequeue_head
0xbfe55	_dequeue_tail
0xbfe63	_dev_find
0xbfe6d	_deviceMods
0xbfe79	_device_dealloc
0xbfe89	_device_pagein
0xbfe98	_device_pageout
0xbfea8	_dimmedBrightness
0xbfeba	_diraddentry
0xbfecf	_direnter
0xbfed9	_dirlook
0xbfee2	_diropres_discrim
0xbfef4	_dirpref
0xbfefd	_dirremove
0xbff08	_disk_eject_q
0xbff16	_disksort_enter
0xbff26	_disksort_enter_head
0xbff3b	_disksort_enter_tail
0xbff50	_disksort_first
0xbff60	_disksort_free
0xbff6f	_disksort_init
0xbff7e	_disksort_remove
0xbff8f	_disr_shadow
0xbffa4	_dk_busy
0xbffad	_dk_mspw
0xbffb6	_dk_ndrive
0xbffc1	_dk_seek
0xbffca	_dk_time
0xbffdb	_dk_xfer
0xbffe9	_dma_abort
0xbfff4	_dma_chip
0xbfffe	_dma_cleanup
0xc000b	_dma_close
0xc0016	_dma_dequeue
0xc0023	_dma_enqueue
0xc0030	_dma_init
0xc003a	_dma_intr
0xc0044	_dma_list
0xc004e	_dma_recover_rl
0xc005e	_dma_recover_wl
0xc006e	_dma_start
0xc0079	_dnlc_enter
0xc0085	_dnlc_enterSymLink
0xc0098	_dnlc_init
0xc00a3	_dnlc_lookup
0xc00b0	_dnlc_lookupSymLink
0xc00c4	_dnlc_purge
0xc00d0	_dnlc_purge1
0xc00dd	_dnlc_purge_vp
0xc00ec	_dnlc_remove
0xc00f9	_doSwapout
0xc0104	_do_exit
0xc010d	_do_runq_scan
0xc011b	_do_thread_scan
0xc012b	_do_thread_scan_debug
0xc0141	_do_trace
0xc014b	_do_writeback
0xc0159	_doingcache
0xc0165	_domaininit
0xc0171	_domainname
0xc017d	_domainnamelen
0xc018c	_domains
0xc019d	_dosymlink
0xc01a8	_dounmount
0xc01ba	_dquotNDQUOT
0xc01c7	_drhashtbl
0xc01d9	_ds_call
0xc01e2	_ds_notify
0xc01ed	_dsp_dev_init
0xc01fb	_dsp_dev_loop
0xc0209	_dsp_dev_new_proto
0xc021c	_dsp_dev_reset
0xc022b	_dsp_dev_reset_chip
0xc023f	_dsp_dev_reset_hard
0xc0253	_dsp_dinfo
0xc025e	_dsp_var
0xc0267	_dspdriver
0xc0272	_dspq_awaited_conditions
0xc028b	_dspq_check
0xc0297	_dspq_enqueue
0xc02a5	_dspq_enqueue_cond
0xc02b8	_dspq_enqueue_hc
0xc02c9	_dspq_enqueue_hf
0xc02da	_dspq_enqueue_hm
0xc02eb	_dspq_enqueue_state
0xc02ff	_dspq_enqueue_syscall
0xc0315	_dspq_execute
0xc0323	_dspq_free_msg
0xc0332	_dspq_init_lmsg
0xc0342	_dspq_reset_lmsg
0xc0353	_dspq_start_complex
0xc0367	_dspq_start_simple
0xc037a	_dumpdev
0xc0396	_dupchecks
0xc03a8	_dupreqs
0xc03b9	_en_accept_multicast
0xc03ce	_en_antijam
0xc03da	_en_arp_input
0xc03e8	_en_bufalloc
0xc03f5	_en_down
0xc040e	_en_pkt_hdr
0xc041a	_en_recv
0xc0423	_en_rx_devintr
0xc0432	_en_rx_dmaintr
0xc0441	_en_rx_grabbufs
0xc0451	_en_send
0xc045a	_en_setaddr
0xc0466	_en_softc
0xc0470	_en_tx_devintr
0xc047f	_en_tx_dmaintr
0xc048e	_en_tx_guard
0xc049b	_en_xmit
0xc04a4	_enattach
0xc04ae	_enbuf_get
0xc04b9	_encontrol
0xc04c4	_endriver
0xc04ce	_engetbuf
0xc04e8	_enintsetup
0xc04f4	_enoutput
0xc04fe	_enprobe
0xc0507	_enqueue_head
0xc0515	_enqueue_tail
0xc0523	_enstart
0xc052c	_entergroup
0xc0538	_enterpgrp
0xc0550	_ether_ipmulticast_max
0xc0567	_ether_ipmulticast_min
0xc057e	_ether_sprintf
0xc058d	_etheraddr
0xc0598	_etherbcastaddr
0xc05a8	_etherbroadcastaddr
0xc05c4	_evOpenCalled
0xc05d2	_evRetryMask
0xc05df	_evScreen
0xc05e9	_evScreenSize
0xc05f7	_ev_k_intr
0xc0602	_ev_m_intr
0xc060d	_ev_port_list
0xc061b	_ev_register_screen
0xc062f	_ev_unregister_screen
0xc0645	_evclose
0xc064e	_evdispatch
0xc065a	_eventMsg
0xc0664	_eventPort
0xc066f	_eventTask
0xc067a	_event_high
0xc0686	_event_middle
0xc0694	_eventc_h
0xc069e	_eventc_l
0xc06a8	_eventc_latch
0xc06b6	_eventc_m
0xc06c0	_eventsOpen
0xc06e1	_evioctl
0xc06f2	_evnewevents
0xc0707	_evretry
0xc0715	_evselect
0xc071f	_evsetup_screens
0xc0730	_evsioctl
0xc0742	_exc_code_proto
0xc0752	_exc_port_proto
0xc0762	_exc_server
0xc076e	_exception
0xc0779	_exception_from_kernel
0xc0790	_exception_no_server
0xc07a5	_exception_parse_reply
0xc07bc	_exception_raise
0xc07cd	_exception_raise_continue
0xc07e7	_exception_raise_continue_fast
0xc0806	_exception_raise_continue_slow
0xc0825	_exception_raise_misses
0xc083d	_exception_try_task
0xc0851	_exception_with_continuation
0xc0883	_expand_fdlist
0xc0892	_exported
0xc089c	_exportfree
0xc08a8	_exportfs
0xc08c2	_fast_setjmp
0xc08cf	_fatfile_getarch
0xc08e0	_fault_error
0xc08ed	_fc_82077_reset
0xc0905	_fc_cmd_xfr
0xc0911	_fc_configure
0xc091f	_fc_eject
0xc0929	_fc_flags_bclr
0xc0938	_fc_flags_bset
0xc0947	_fc_flpctl_bclr
0xc0957	_fc_flpctl_bset
0xc0967	_fc_get_byte
0xc097b	_fc_init
0xc0984	_fc_motor_off
0xc0992	_fc_motor_on
0xc099f	_fc_probe
0xc09a9	_fc_send_byte
0xc09b7	_fc_send_cmd
0xc09c4	_fc_slave
0xc09ce	_fc_specify
0xc09da	_fc_start
0xc09e4	_fc_start_timer
0xc09f4	_fc_stop_timer
0xc0a03	_fc_thread
0xc0a0e	_fc_thread_init
0xc0a1e	_fc_thread_timer
0xc0a2f	_fc_thread_timer_started
0xc0a48	_fc_timeout
0xc0a54	_fcdriver
0xc0a75	_fd_assign_dv
0xc0a83	_fd_attach
0xc0a8e	_fd_attach_com
0xc0a9d	_fd_basic_cmd
0xc0aab	_fd_blk_major
0xc0ab9	_fd_command
0xc0ac5	_fd_controller
0xc0ad4	_fd_density_info
0xc0ae5	_fd_density_sectsize
0xc0afa	_fd_disk_info
0xc0b08	_fd_done
0xc0b11	_fd_drive
0xc0b1b	_fd_drive_info
0xc0b2a	_fd_free_fv
0xc0b36	_fd_gen_seek
0xc0b43	_fd_get_label
0xc0b51	_fd_get_sectsize_info
0xc0b67	_fd_get_status
0xc0b76	_fd_inner_retry
0xc0b86	_fd_intr
0xc0b8f	_fd_live_rw
0xc0b9b	_fd_new_fv
0xc0ba6	_fd_open_lock
0xc0bb4	_fd_outer_retry
0xc0bc4	_fd_polling_mode
0xc0bd5	_fd_raw_major
0xc0be3	_fd_raw_rw
0xc0bee	_fd_readid
0xc0bf9	_fd_recal
0xc0c03	_fd_return_values
0xc0c15	_fd_seek
0xc0c1e	_fd_set_density_info
0xc0c33	_fd_set_sector_size
0xc0c47	_fd_setbratio
0xc0c55	_fd_shutdown
0xc0c62	_fd_slave
0xc0c6c	_fd_start
0xc0c76	_fd_thread_block
0xc0c87	_fd_volume_p
0xc0c94	_fd_write_label
0xc0ca4	_fdclose
0xc0cad	_fdioctl
0xc0cc6	_fdsetattr
0xc0cd9	_fdstrategy
0xc0ce5	_fdwrite
0xc0cf3	_fgetown
0xc0cfc	_fifo_alloc
0xc0d08	_fifo_vnodeops
0xc0d17	_fifoinfo
0xc0d2f	_file_init
0xc0d3a	_file_list
0xc0d45	_file_zone
0xc0d50	_find_listener
0xc0d5f	_findexivp
0xc0d6a	_findexport
0xc0d7e	_first_page
0xc0d8a	_first_phys_addr
0xc0d9b	_first_thread
0xc0da9	_first_zone
0xc0db5	_firstsect
0xc0dc0	_firstseg
0xc0dca	_firstsegfromheader
0xc0dde	_fixjobc
0xc0dee	_force_power_down
0xc0e00	_forceclose
0xc0e19	_fpu_version
0xc0e26	_fragacct
0xc0e30	_fragextend
0xc0e3c	_fragtbl
0xc0e45	_fragtbl124
0xc0e51	_fragtbl8
0xc0e61	_freeStack
0xc0e6c	_free_block
0xc0e78	_free_file
0xc0e83	_free_posix_proc
0xc0e94	_freeproc
0xc0eab	_fsetown
0xc0ebc	_fspause
0xc0ec5	_fssleep
0xc0ed5	_fstatfs
0xc0ee5	_ftruncate
0xc0ef8	_fuibyte
0xc0f01	_fuiword
0xc0f12	_fvm_seg
0xc0f1b	_gatherstats
0xc0f28	_gc_active
0xc0f33	_gc_control
0xc0f3f	_gc_init
0xc0f48	_gdb_from_trap
0xc0f57	_get_calendar_time_value
0xc0f70	_get_kern_port
0xc0f7f	_get_posix_proc
0xc0f8f	_get_vbr
0xc0f98	_getargs
0xc0faf	_getdirentries
0xc0fbe	_getdomainname
0xc0fcd	_getdopt
0xc0fd6	_getdtablesize
0xc0fe5	_geteblk
0xc0fee	_geterror
0xc0ffe	_getfakedirentries
0xc1011	_getfakefvmseg
0xc1020	_getfsname
0xc1033	_getgroups
0xc103e	_gethostid
0xc1049	_gethostname
0xc1056	_getitimer
0xc1061	_getlastaddr
0xc106e	_getmachheaders
0xc1085	_getnewbuf
0xc1090	_getnewbuf_count
0xc10a1	_getpagesize
0xc10ae	_getpeername
0xc10bb	_getpgrp
0xc10cc	_getport_loop
0xc10da	_getposix
0xc10e4	_getpriority
0xc10f1	_getproc
0xc10fa	_getrlimit
0xc1105	_getrusage
0xc1116	_getsectbyname
0xc1125	_getsectbynamefromheader
0xc113e	_getsectdatafromheader
0xc1155	_getsegbyname
0xc1163	_getsegbynamefromheader
0xc117b	_getsock
0xc1184	_getsockname
0xc1191	_getsockopt
0xc119d	_getthetime
0xc11a9	_gettimeofday
0xc11cf	_getvnodefp
0xc11db	_gpflags
0xc11e4	_grade_cpu_subtype
0xc11f7	_groupmember
0xc1204	_gsignal
0xc120d	_halt_cpu
0xc1217	_halt_thread
0xc1224	_hardclock
0xc122f	_hardclock_init
0xc123f	_hardclock_pc
0xc124d	_hardclock_ps
0xc125b	_harderr
0xc1264	_hashalloc
0xc126f	_host_adjust_time
0xc1281	_host_get_time
0xc1290	_host_info
0xc129b	_host_ipc_hash_info
0xc12af	_host_ipc_marequest_info
0xc12c8	_host_kernel_version
0xc12dd	_host_priv_self
0xc12ed	_host_processor_set_priv
0xc1306	_host_processor_sets
0xc131b	_host_processors
0xc132c	_host_self
0xc1337	_host_set_time
0xc1346	_host_stack_usage
0xc1358	_host_zone_free_space_info
0xc1373	_host_zone_info
0xc138b	_hostname
0xc1395	_hostnamelen
0xc13b3	_iaccess
0xc13c4	_ialloccg
0xc13ce	_icmp_error
0xc13da	_icmp_input
0xc13e6	_icmp_reflect
0xc13f4	_icmp_send
0xc13ff	_icmp_sendMaskPacket
0xc1414	_icmpstat
0xc141e	_idle_thread
0xc142b	_idle_thread_continue
0xc1448	_if_attach
0xc1453	_if_busalloc
0xc1460	_if_busfree
0xc146c	_if_class
0xc1476	_if_collisions
0xc1485	_if_collisions_set
0xc1498	_if_control
0xc14a4	_if_detach
0xc14af	_if_down
0xc14b8	_if_down_all
0xc14c5	_if_flags
0xc14cf	_if_flags_set
0xc14dd	_if_getbuf
0xc14e8	_if_handle_input
0xc14f9	_if_ierrors
0xc1505	_if_ierrors_set
0xc1515	_if_init
0xc151e	_if_ioctl
0xc1528	_if_ipackets
0xc1535	_if_ipackets_set
0xc154e	_if_name
0xc1557	_if_oerrors
0xc1563	_if_oerrors_set
0xc1573	_if_opackets
0xc1580	_if_opackets_set
0xc1591	_if_output
0xc159c	_if_output_mbuf
0xc15ac	_if_private
0xc15b8	_if_qflush
0xc15c3	_if_rbusget
0xc15cf	_if_registervirtual
0xc15e3	_if_type
0xc15ec	_if_unit
0xc15f5	_ifa_ifwithaddr
0xc1605	_ifa_ifwithdstaddr
0xc1618	_ifa_ifwithnet
0xc1627	_ifb_ifwithaf
0xc1645	_ifioctl
0xc164e	_iflist_first
0xc165c	_iflist_next
0xc1678	_ifptoia
0xc1681	_ifqmaxlen
0xc16a3	_iftovt_tab
0xc16bd	_igmp_fasttimo
0xc16cc	_igmp_init
0xc16d7	_igmp_input
0xc16e3	_igmp_joingroup
0xc16f3	_igmp_leavegroup
0xc1704	_igmp_sendreport
0xc1715	_igmpstat
0xc172e	_iinactive
0xc174c	_in_addmulti
0xc1759	_in_arpinput
0xc1766	_in_bootp
0xc1770	_in_bootp_bptombuf
0xc1783	_in_bootp_buildpacket
0xc1799	_in_bootp_closeconsole
0xc17b0	_in_bootp_echo
0xc17bf	_in_bootp_getpacket
0xc17d3	_in_bootp_initnet
0xc17e5	_in_bootp_noecho
0xc17f6	_in_bootp_openconsole
0xc180c	_in_bootp_processreply
0xc1823	_in_bootp_promisctimeout
0xc183c	_in_bootp_sendrequest
0xc1852	_in_bootp_setaddress
0xc1867	_in_bootp_timeout
0xc1879	_in_broadcast
0xc1887	_in_canforward
0xc1896	_in_cksum
0xc18a0	_in_control
0xc18ac	_in_delmulti
0xc18b9	_in_iaonnetof
0xc18c7	_in_ifaddr
0xc18d2	_in_ifinit
0xc18dd	_in_interfaces
0xc18ec	_in_lnaof
0xc18f6	_in_localaddr
0xc1904	_in_losing
0xc190f	_in_makeaddr
0xc191c	_in_netof
0xc1926	_in_pcballoc
0xc1933	_in_pcbbind
0xc193f	_in_pcbconnect
0xc194e	_in_pcbdetach
0xc195c	_in_pcbdisconnect
0xc196e	_in_pcblookup
0xc197c	_in_pcbnotify
0xc198a	_in_rtchange
0xc1997	_in_setpeeraddr
0xc19a7	_in_setsockaddr
0xc19c6	_indirtrunc
0xc19d2	_inet_aton
0xc19dd	_inet_hash
0xc19e8	_inet_netmatch
0xc19f7	_inet_ntoa
0xc1a02	_inet_queue
0xc1a0e	_inetctlerrmap
0xc1a1d	_inetdomain
0xc1a31	_inferior
0xc1a3b	_inhibit_label_errs
0xc1a4f	_initKernelStacks
0xc1a61	_init_args
0xc1a6c	_init_attempts
0xc1a7b	_init_exec_args
0xc1a8b	_init_proc
0xc1a96	_init_process
0xc1aa4	_init_program_name
0xc1ab7	_init_task
0xc1ac2	_init_timeout
0xc1ad0	_init_timeout_element
0xc1ae6	_init_timers
0xc1af3	_initialKeyRepeat
0xc1b05	_initrootnet
0xc1b12	_inittodr
0xc1b1c	_inode_cache_clear
0xc1b2f	_inode_list
0xc1b3b	_inode_zone
0xc1b47	_insert_posix_proc
0xc1b6a	_install_polled_intr
0xc1b7f	_install_scanned_intr
0xc1b95	_interrupt_stack
0xc1ba6	_intr_mask
0xc1bb1	_intr_spurious
0xc1bc0	_intrmask
0xc1bca	_intrstat
0xc1bd4	_intstacks
0xc1bdf	_ioaccess
0xc1bf0	_ip_ctloutput
0xc1c06	_ip_dooptions
0xc1c14	_ip_drain
0xc1c26	_ip_forward
0xc1c32	_ip_freef
0xc1c3c	_ip_freemoptions
0xc1c4d	_ip_getmoptions
0xc1c64	_ip_init
0xc1c6d	_ip_insertoptions
0xc1c7f	_ip_mforward
0xc1c8c	_ip_mloopback
0xc1c9a	_ip_mrouter
0xc1ca6	_ip_mrouter_cmd
0xc1cb6	_ip_mrouter_done
0xc1cc7	_ip_mrtproto
0xc1cd4	_ip_nhops
0xc1cde	_ip_optcopy
0xc1cea	_ip_output
0xc1cf5	_ip_pcbopts
0xc1d01	_ip_protox
0xc1d0c	_ip_reass
0xc1d16	_ip_rtaddr
0xc1d21	_ip_setmoptions
0xc1d31	_ip_slowtimo
0xc1d3e	_ip_srcroute
0xc1d4b	_ip_stripoptions
0xc1d64	_ipc_bootstrap
0xc1d73	_ipc_entry_alloc
0xc1d84	_ipc_entry_alloc_name
0xc1d9a	_ipc_entry_dealloc
0xc1dad	_ipc_entry_get
0xc1dbc	_ipc_entry_grow_table
0xc1dd2	_ipc_entry_lookup
0xc1de4	_ipc_entry_tree_collision
0xc1dfe	_ipc_hash_delete
0xc1e0f	_ipc_hash_global_delete
0xc1e27	_ipc_hash_global_insert
0xc1e3f	_ipc_hash_global_lookup
0xc1e57	_ipc_hash_global_mask
0xc1e6d	_ipc_hash_global_size
0xc1e83	_ipc_hash_global_table
0xc1e9a	_ipc_hash_info
0xc1ea9	_ipc_hash_init
0xc1eb8	_ipc_hash_insert
0xc1ec9	_ipc_hash_local_delete
0xc1ee0	_ipc_hash_local_insert
0xc1ef7	_ipc_hash_local_lookup
0xc1f0e	_ipc_hash_lookup
0xc1f1f	_ipc_host_init
0xc1f2e	_ipc_init
0xc1f38	_ipc_kernel_map
0xc1f48	_ipc_kernel_map_size
0xc1f5d	_ipc_kmsg_cache
0xc1f6d	_ipc_kmsg_clean
0xc1f7d	_ipc_kmsg_clean_body
0xc1f92	_ipc_kmsg_clean_partial
0xc1faa	_ipc_kmsg_copyin
0xc1fbb	_ipc_kmsg_copyin_compat
0xc1fd3	_ipc_kmsg_copyin_compat_from_kernel
0xc1ff7	_ipc_kmsg_copyin_from_kernel
0xc2014	_ipc_kmsg_copyin_header
0xc202c	_ipc_kmsg_copyout
0xc203e	_ipc_kmsg_copyout_body
0xc2055	_ipc_kmsg_copyout_compat
0xc206e	_ipc_kmsg_copyout_dest
0xc2085	_ipc_kmsg_copyout_header
0xc209e	_ipc_kmsg_copyout_object
0xc20b7	_ipc_kmsg_copyout_pseudo
0xc20d0	_ipc_kmsg_dequeue
0xc20e2	_ipc_kmsg_destroy
0xc20f4	_ipc_kmsg_enqueue
0xc2106	_ipc_kmsg_free
0xc2115	_ipc_kmsg_get
0xc2123	_ipc_kmsg_get_from_kernel
0xc213d	_ipc_kmsg_put
0xc214b	_ipc_kmsg_put_to_kernel
0xc2163	_ipc_kmsg_queue_next
0xc2178	_ipc_kmsg_rmqueue
0xc218a	_ipc_kobject_destroy
0xc219f	_ipc_kobject_notify
0xc21b3	_ipc_kobject_server
0xc21c7	_ipc_kobject_set
0xc21d8	_ipc_marequest_cancel
0xc21ee	_ipc_marequest_create
0xc2204	_ipc_marequest_destroy
0xc221b	_ipc_marequest_info
0xc222f	_ipc_marequest_init
0xc2243	_ipc_marequest_mask
0xc2257	_ipc_marequest_max
0xc226a	_ipc_marequest_rename
0xc2280	_ipc_marequest_size
0xc2294	_ipc_marequest_table
0xc22a9	_ipc_marequest_zone
0xc22bd	_ipc_mqueue_changed
0xc22d1	_ipc_mqueue_copyin
0xc22e4	_ipc_mqueue_init
0xc22f5	_ipc_mqueue_move
0xc2306	_ipc_mqueue_receive
0xc231a	_ipc_mqueue_send
0xc232b	_ipc_mqueue_send_interrupt
0xc2346	_ipc_notify_dead_name
0xc235c	_ipc_notify_dead_name_template
0xc237b	_ipc_notify_init
0xc238c	_ipc_notify_init_dead_name
0xc23a7	_ipc_notify_init_msg_accepted
0xc23c5	_ipc_notify_init_no_senders
0xc23e1	_ipc_notify_init_port_deleted
0xc23ff	_ipc_notify_init_port_destroyed
0xc241f	_ipc_notify_init_send_once
0xc243a	_ipc_notify_msg_accepted
0xc2453	_ipc_notify_msg_accepted_compat
0xc2473	_ipc_notify_msg_accepted_template
0xc2495	_ipc_notify_no_senders
0xc24ac	_ipc_notify_no_senders_template
0xc24cc	_ipc_notify_port_deleted
0xc24e5	_ipc_notify_port_deleted_compat
0xc2505	_ipc_notify_port_deleted_template
0xc2527	_ipc_notify_port_destroyed
0xc2542	_ipc_notify_port_destroyed_compat
0xc2564	_ipc_notify_port_destroyed_template
0xc2588	_ipc_notify_send_once
0xc259e	_ipc_notify_send_once_template
0xc25bd	_ipc_object_alloc
0xc25cf	_ipc_object_alloc_dead
0xc25e6	_ipc_object_alloc_dead_name
0xc2602	_ipc_object_alloc_name
0xc2619	_ipc_object_copyin
0xc262c	_ipc_object_copyin_compat
0xc2646	_ipc_object_copyin_from_kernel
0xc2665	_ipc_object_copyin_header
0xc267f	_ipc_object_copyin_type
0xc2697	_ipc_object_copyout
0xc26ab	_ipc_object_copyout_compat
0xc26c6	_ipc_object_copyout_dest
0xc26df	_ipc_object_copyout_name
0xc26f8	_ipc_object_copyout_name_compat
0xc2718	_ipc_object_copyout_type_compat
0xc2738	_ipc_object_destroy
0xc274c	_ipc_object_reference
0xc2762	_ipc_object_release
0xc2776	_ipc_object_rename
0xc2789	_ipc_object_translate
0xc279f	_ipc_object_zones
0xc27b1	_ipc_port_alloc
0xc27c1	_ipc_port_alloc_compat
0xc27d8	_ipc_port_alloc_name
0xc27ed	_ipc_port_alloc_special
0xc2805	_ipc_port_check_circularity
0xc2821	_ipc_port_clear_receiver
0xc283a	_ipc_port_copy_send
0xc284e	_ipc_port_copyout_receiver
0xc2869	_ipc_port_copyout_send
0xc2880	_ipc_port_copyout_send_compat
0xc289e	_ipc_port_dealloc_special
0xc28b8	_ipc_port_delete_compat
0xc28d0	_ipc_port_destroy
0xc28e2	_ipc_port_dncancel
0xc28f5	_ipc_port_dngrow
0xc2906	_ipc_port_dnrequest
0xc291a	_ipc_port_init
0xc2929	_ipc_port_lock_mqueue
0xc293f	_ipc_port_lookup_notify
0xc2957	_ipc_port_make_send
0xc296b	_ipc_port_make_sonce
0xc2980	_ipc_port_max
0xc298e	_ipc_port_nsrequest
0xc29a2	_ipc_port_pdrequest
0xc29b6	_ipc_port_release_receive
0xc29d0	_ipc_port_release_send
0xc29e7	_ipc_port_release_sonce
0xc29ff	_ipc_port_set_qlimit
0xc2a14	_ipc_port_set_seqno
0xc2a28	_ipc_port_timestamp
0xc2a3c	_ipc_port_timestamp_data
0xc2a55	_ipc_processor_init
0xc2a69	_ipc_pset_add
0xc2a77	_ipc_pset_alloc
0xc2a87	_ipc_pset_alloc_name
0xc2a9c	_ipc_pset_destroy
0xc2aae	_ipc_pset_disable
0xc2ac0	_ipc_pset_enable
0xc2ad1	_ipc_pset_init
0xc2ae0	_ipc_pset_max
0xc2aee	_ipc_pset_move
0xc2afd	_ipc_pset_remove
0xc2b0e	_ipc_pset_terminate
0xc2b22	_ipc_right_check
0xc2b33	_ipc_right_clean
0xc2b44	_ipc_right_copyin
0xc2b56	_ipc_right_copyin_check
0xc2b6e	_ipc_right_copyin_compat
0xc2b87	_ipc_right_copyin_header
0xc2ba0	_ipc_right_copyin_two
0xc2bb6	_ipc_right_copyin_undo
0xc2bcd	_ipc_right_copyout
0xc2be0	_ipc_right_dealloc
0xc2bf3	_ipc_right_delta
0xc2c04	_ipc_right_destroy
0xc2c17	_ipc_right_dncancel
0xc2c2b	_ipc_right_dnrequest
0xc2c40	_ipc_right_info
0xc2c50	_ipc_right_inuse
0xc2c61	_ipc_right_lookup_write
0xc2c79	_ipc_right_rename
0xc2c8b	_ipc_right_reverse
0xc2c9e	_ipc_soft_map
0xc2cac	_ipc_soft_task
0xc2cbb	_ipc_space_create
0xc2ccd	_ipc_space_create_special
0xc2ce7	_ipc_space_destroy
0xc2cfa	_ipc_space_kernel
0xc2d0c	_ipc_space_max
0xc2d1b	_ipc_space_reference
0xc2d30	_ipc_space_release
0xc2d43	_ipc_space_reply
0xc2d54	_ipc_space_zone
0xc2d64	_ipc_splay_traverse_finish
0xc2d7f	_ipc_splay_traverse_next
0xc2d98	_ipc_splay_traverse_start
0xc2db2	_ipc_splay_tree_bounds
0xc2dc9	_ipc_splay_tree_delete
0xc2de0	_ipc_splay_tree_init
0xc2df5	_ipc_splay_tree_insert
0xc2e0c	_ipc_splay_tree_join
0xc2e21	_ipc_splay_tree_lookup
0xc2e38	_ipc_splay_tree_pick
0xc2e4d	_ipc_splay_tree_split
0xc2e63	_ipc_table_alloc
0xc2e74	_ipc_table_dnrequests
0xc2e8a	_ipc_table_dnrequests_size
0xc2ea5	_ipc_table_entries
0xc2eb8	_ipc_table_entries_size
0xc2ed0	_ipc_table_fill
0xc2ee0	_ipc_table_free
0xc2ef0	_ipc_table_init
0xc2f00	_ipc_table_realloc
0xc2f13	_ipc_task_disable
0xc2f25	_ipc_task_enable
0xc2f36	_ipc_task_init
0xc2f45	_ipc_task_terminate
0xc2f59	_ipc_thread_dequeue
0xc2f6d	_ipc_thread_disable
0xc2f81	_ipc_thread_enable
0xc2f94	_ipc_thread_enqueue
0xc2fa8	_ipc_thread_init
0xc2fb9	_ipc_thread_rmqueue
0xc2fcd	_ipc_thread_terminate
0xc2fe3	_ipc_tree_entry_max
0xc2ff7	_ipc_tree_entry_zone
0xc300c	_ipcksum
0xc3015	_ipforward_rt
0xc3023	_ipforwarding
0xc3039	_ipintrq
0xc3042	_ipl3_arg
0xc304c	_ipl3_scan
0xc3057	_ipl4_arg
0xc3061	_ipl4_scan
0xc306c	_ipl6_arg
0xc3076	_ipl6_scan
0xc3081	_ipl7_arg
0xc308b	_ipl7_scan
0xc3096	_ipprintfs
0xc30a6	_ipqmaxlen
0xc30b1	_ipsendredirects
0xc30df	_isargsep
0xc30f0	_isblock
0xc30f9	_isclosing
0xc3104	_isrofile
0xc3115	_itimerdecr
0xc3121	_itimerfix
0xc3134	_iuniqtime
0xc313f	_iunlock
0xc3158	_k_zone_elemsize
0xc3169	_k_zone_maxsize
0xc3181	_kalloc_init
0xc318e	_kalloc_map
0xc319a	_kalloc_noblock
0xc31aa	_kdb_ipaddr
0xc31b6	_kdb_net
0xc31bf	_kdbg_connect
0xc31cd	_kdebug_send
0xc31df	_kdp_en_recv_pkt
0xc31f0	_kdp_en_send_pkt
0xc3201	_kdp_exception
0xc3210	_kdp_exception_ack
0xc3223	_kdp_flush_cache
0xc3234	_kdp_intr_disbl
0xc3244	_kdp_intr_enbl
0xc3253	_kdp_machine_hostinfo
0xc3269	_kdp_machine_read_regs
0xc3280	_kdp_machine_write_regs
0xc3298	_kdp_packet
0xc32a4	_kdp_panic
0xc32af	_kdp_raise_exception
0xc32c4	_kdp_reboot
0xc32d0	_kdp_reset
0xc32db	_kdp_us_spin
0xc32e8	_kentry_data
0xc32f5	_kentry_data_size
0xc3307	_kern_PMGetPowerEvent
0xc331d	_kern_PMGetPowerStatus
0xc3334	_kern_PMRestoreDefaults
0xc334c	_kern_PMSetPowerManagement
0xc3367	_kern_PMSetPowerState
0xc337d	_kern_invalid
0xc338b	_kern_serv_boot_port
0xc33a0	_kern_serv_bootstrap_port
0xc33ba	_kern_serv_call_proc
0xc33cf	_kern_serv_callout
0xc33e2	_kern_serv_get_log
0xc33f5	_kern_serv_handler
0xc3408	_kern_serv_instance_loc
0xc3420	_kern_serv_kernel_task_port
0xc343c	_kern_serv_load_objc
0xc3451	_kern_serv_local_port
0xc3467	_kern_serv_log
0xc3476	_kern_serv_log_data
0xc348a	_kern_serv_log_level
0xc349f	_kern_serv_notify
0xc34b1	_kern_serv_notify_port
0xc34c8	_kern_serv_panic
0xc34d9	_kern_serv_port_death_proc
0xc34f4	_kern_serv_port_gone
0xc3509	_kern_serv_port_proc
0xc351e	_kern_serv_port_serv
0xc3533	_kern_serv_port_set
0xc3547	_kern_serv_proto
0xc3558	_kern_serv_section_by_name
0xc3573	_kern_serv_shutdown
0xc3587	_kern_serv_unwire_range
0xc359f	_kern_serv_version
0xc35b2	_kern_serv_wire_range
0xc35c8	_kern_server_main
0xc35da	_kern_timestamp
0xc35ea	_kernargs
0xc35f4	_kernel_map
0xc3600	_kernel_object
0xc360f	_kernel_object_store
0xc3624	_kernel_pageable_map
0xc3639	_kernel_pmap
0xc3646	_kernel_pmap_store
0xc3659	_kernel_proc
0xc3666	_kernel_task
0xc3673	_kernel_task_create
0xc3687	_kernel_thread
0xc3696	_kernel_thread_noblock
0xc36ad	_kernel_timer
0xc36bb	_keyPressed
0xc36c7	_keyRepeat
0xc36d2	_keySema
0xc36ee	_kill_tasks
0xc3702	_killpg1
0xc370f	_km_autorepeat
0xc371e	_km_begin_access
0xc3737	_km_clear_eol
0xc3745	_km_clear_screen
0xc3756	_km_clear_win
0xc3764	_km_color
0xc376e	_km_coni
0xc3777	_km_convert_addr
0xc3788	_km_drawrect
0xc3795	_km_end_access
0xc37a4	_km_eraserect
0xc37b2	_km_flip_cursor
0xc37c2	_km_input
0xc37cc	_km_power_down
0xc37db	_km_reset
0xc37e5	_km_run_pcode
0xc37f3	_km_select_console
0xc3806	_km_send
0xc380f	_km_switch_to_vm
0xc3820	_km_try_slot
0xc382d	_kmclose
0xc3836	_kmem_alloc
0xc3842	_kmem_alloc_pageable
0xc3857	_kmem_alloc_wait
0xc3868	_kmem_alloc_wired
0xc387a	_kmem_alloc_zone
0xc388b	_kmem_free
0xc3896	_kmem_free_wakeup
0xc38a8	_kmem_init
0xc38b3	_kmem_mb_alloc
0xc38c2	_kmem_realloc
0xc38d0	_kmem_suballoc
0xc38e7	_kmgetc_silent
0xc38fe	_kminit2
0xc3907	_kmintr_process
0xc3917	_kmioctl
0xc3928	_kmoutput
0xc3932	_kmpaint
0xc393b	_kmpopup
0xc3954	_kmrestore
0xc395f	_kmselect
0xc3969	_kmstart
0xc3972	_kmtrygetc
0xc397d	_kmwrite
0xc3986	_kpmon_null
0xc3992	_ku_recvfrom
0xc399f	_ku_sendto_mbuf
0xc39af	_kybd_process
0xc39bd	_lastPressure
0xc39cb	_last_hardclock
0xc39db	_last_page
0xc39e6	_last_phys_addr
0xc39f6	_last_zone
0xc3a08	_leavegroup
0xc3a14	_leavepgrp
0xc3a1f	_leftENum
0xc3a29	_lf_lockctl
0xc3a35	_lf_svnode_hash
0xc3a45	_light_off
0xc3a50	_light_on
0xc3a5a	_lightning_bolt
0xc3a80	_listener_zone
0xc3a8f	_listeners
0xc3a9a	_ll_snd_var
0xc3aa6	_load_init_program
0xc3ab9	_load_machfile
0xc3ac8	_loadaddrs
0xc3ad3	_loattach
0xc3add	_localetheraddr
0xc3af3	_lock_alloc
0xc3aff	_lock_clear_recursive
0xc3b15	_lock_done
0xc3b20	_lock_free
0xc3b2b	_lock_init
0xc3b36	_lock_read
0xc3b41	_lock_read_to_write
0xc3b55	_lock_set_recursive
0xc3b69	_lock_sleepable
0xc3b79	_lock_try_read
0xc3b88	_lock_try_read_to_write
0xc3ba0	_lock_try_write
0xc3bb0	_lock_wait_time
0xc3bc0	_lock_write
0xc3bcc	_lock_write_to_read
0xc3be0	_locontrol
0xc3bf0	_log_open
0xc3bfa	_logchar
0xc3c03	_logclose
0xc3c0d	_logetbuf
0xc3c17	_logioctl
0xc3c21	_logopen
0xc3c2a	_logread
0xc3c33	_logselect
0xc3c3e	_logsoftc
0xc3c48	_logswap
0xc3c51	_logswapindex
0xc3c67	_logwakeup
0xc3c79	_longjmp
0xc3c82	_lookupd_port
0xc3c90	_lookupname
0xc3c9c	_lookuppn
0xc3ca6	_looutput
0xc3cb0	_lpr_csr_and
0xc3cbd	_lpr_csr_or
0xc3cc9	_lpr_send
0xc3ce1	_m68k_cache
0xc3ced	_m68k_cache_inhibit_nonserial
0xc3d0b	_m68k_cache_inhibit_serial
0xc3d26	_m68k_dbginit
0xc3d34	_m68k_hardclock
0xc3d44	_m68k_init
0xc3d4f	_m68k_kernel_mmu_030_tc
0xc3d67	_m68k_kernel_mmu_030_tt
0xc3d7f	_m68k_kernel_mmu_040_tc
0xc3d97	_m68k_kernel_mmu_040_tt
0xc3daf	_m68k_kernel_mmu_rp
0xc3dc3	_m68k_page_mask
0xc3dd3	_m68k_page_shift
0xc3de4	_m68k_page_size
0xc3df4	_m68k_protection_init
0xc3e0a	_m68k_pt1_desctype
0xc3e1d	_m68k_pt1_elemsize
0xc3e30	_m68k_pt1_entries
0xc3e42	_m68k_pt1_l2ptr
0xc3e52	_m68k_pt1_mask
0xc3e61	_m68k_pt1_shift
0xc3e71	_m68k_pt1_size
0xc3e80	_m68k_pt2_desctype
0xc3e93	_m68k_pt2_entries
0xc3ea5	_m68k_pt2_l3ptr
0xc3eb5	_m68k_pt2_maps
0xc3ec4	_m68k_pt2_mask
0xc3ed3	_m68k_pt2_shift
0xc3ee3	_m68k_pt2_size
0xc3ef2	_m68k_pte_elemsize
0xc3f05	_m68k_pte_entries
0xc3f17	_m68k_pte_maps
0xc3f26	_m68k_pte_mask
0xc3f35	_m68k_pte_pfn
0xc3f43	_m68k_pte_shift
0xc3f53	_m68k_pte_size
0xc3f62	_m68k_ptes_per_page
0xc3f76	_m68k_tia
0xc3f80	_m68k_tib
0xc3f8a	_m68k_tic
0xc3fa2	_m_clalloc
0xc3fb5	_m_expand
0xc3fc7	_m_freem
0xc3fd7	_m_getclr
0xc3fe9	_m_pgfree
0xc3ff3	_m_pullup
0xc4005	_mach_clock_bootstrap
0xc401b	_mach_debug_server
0xc402e	_mach_debug_server_routine
0xc4049	_mach_factor
0xc4056	_mach_host_self
0xc4066	_mach_host_server
0xc4078	_mach_host_server_routine
0xc4092	_mach_msg
0xc409c	_mach_msg_abort_rpc
0xc40b0	_mach_msg_continue
0xc40c3	_mach_msg_interrupt
0xc40d7	_mach_msg_receive
0xc40e9	_mach_msg_receive_continue
0xc4104	_mach_msg_send
0xc4113	_mach_msg_send_from_kernel
0xc412e	_mach_msg_trap
0xc413d	_mach_net_init
0xc414c	_mach_net_kmsg_zone
0xc4160	_mach_port_allocate
0xc4174	_mach_port_allocate_name
0xc418d	_mach_port_deallocate
0xc41a3	_mach_port_destroy
0xc41b6	_mach_port_dnrequest_info
0xc41d0	_mach_port_extract_right
0xc41e9	_mach_port_get_receive_status
0xc4207	_mach_port_get_refs
0xc421b	_mach_port_get_set_status
0xc4235	_mach_port_get_srights
0xc424c	_mach_port_gst_helper
0xc4262	_mach_port_insert_right
0xc427a	_mach_port_kernel_object
0xc4293	_mach_port_mod_refs
0xc42a7	_mach_port_move_member
0xc42be	_mach_port_names
0xc42cf	_mach_port_names_helper
0xc42e7	_mach_port_rename
0xc42f9	_mach_port_request_notification
0xc4319	_mach_port_server
0xc432b	_mach_port_server_routine
0xc4345	_mach_port_set_mscount
0xc435c	_mach_port_set_qlimit
0xc4372	_mach_port_set_seqno
0xc4387	_mach_port_space_info
0xc439d	_mach_port_type
0xc43ad	_mach_ports_lookup
0xc43c0	_mach_ports_register
0xc43d5	_mach_reply_port
0xc43e6	_mach_server
0xc43f3	_mach_server_routine
0xc4408	_mach_swapon
0xc4415	_mach_task_self
0xc4425	_mach_thread_self
0xc4437	_mach_title
0xc4443	_mach_trap_count
0xc4454	_mach_trap_table
0xc4465	_machine_exception
0xc4478	_machine_info
0xc4486	_machine_slot
0xc4494	_machine_table
0xc44a3	_machine_table_setokay
0xc44ba	_machine_type
0xc44c8	_machparam
0xc44d3	_madvise
0xc44ea	_makenfsnode
0xc44f7	_makespecvp
0xc450b	_malloc_good_size
0xc451d	_managed_page_count
0xc4531	_mapNotDefault
0xc4540	_map_addr
0xc454a	_map_data
0xc4554	_map_data_size
0xc456b	_map_vnode
0xc4576	_mapsearch
0xc4589	_master_cpu
0xc4595	_master_processor
0xc45a7	_mastertemplate
0xc45bc	_max_file
0xc45c6	_max_kernel_map
0xc45d6	_max_proc
0xc45e0	_max_virtual_size
0xc45f2	_maxswapdevice
0xc4619	_mbuf_read
0xc4633	_mclfree
0xc4644	_mclgetx
0xc4655	_mclrefcnt
0xc4660	_md_do_shutdown
0xc4670	_md_prepare_for_shutdown
0xc4689	_md_shutdown_devices
0xc46ab	_mem_region
0xc46b7	_mem_size
0xc46c1	_memmove
0xc46ca	_metalinks
0xc46dc	_mfs_alloc_blocks
0xc46ee	_mfs_alloc_lock_data
0xc4703	_mfs_alloc_wanted
0xc4715	_mfs_cache_clear
0xc4726	_mfs_cache_trim
0xc4736	_mfs_files_mapped
0xc4748	_mfs_files_max
0xc4757	_mfs_fsync
0xc4762	_mfs_fsync_invalidate
0xc4778	_mfs_get
0xc4781	_mfs_init
0xc478b	_mfs_invalidate
0xc47a3	_mfs_map
0xc47ac	_mfs_map_remove
0xc47bc	_mfs_map_size
0xc47ca	_mfs_max_window
0xc47da	_mfs_mclean
0xc47e6	_mfs_mdirty
0xc47f2	_mfs_memfree
0xc47ff	_mfs_put
0xc4808	_mfs_sync
0xc4812	_mfs_trunc
0xc481d	_mfs_uncache
0xc482a	_mfsbuf_lock
0xc4837	_mftovt_tab
0xc4843	_microboot
0xc484e	_microtime
0xc4859	_mig_dealloc_reply_port
0xc4871	_mig_get_reply_port
0xc4885	_mig_strncpy
0xc4897	_min_quantum
0xc48a4	_mincore
0xc48ad	_miniMonCommands
0xc48be	_miniMonGdb
0xc48ca	_miniMonGetchar
0xc48da	_miniMonHalt
0xc48e7	_miniMonInit
0xc48f4	_miniMonLoop
0xc4901	_miniMonMDCommands
0xc4914	_miniMonPutchar
0xc4924	_miniMonReboot
0xc4933	_miniMonState
0xc4941	_miniMonTryGetchar
0xc4954	_mini_mon
0xc498a	_mmwrite
0xc4993	_mon_boot
0xc499d	_mon_call
0xc49a7	_mon_csr_and
0xc49b4	_mon_csr_or
0xc49c0	_mon_exit
0xc49ca	_mon_global
0xc49d6	_mon_reset
0xc49e1	_mon_rev
0xc49ea	_mon_send
0xc49f4	_mounttab
0xc49fe	_mouseDelX
0xc4a09	_mouseDelY
0xc4a14	_mouseHandedness
0xc4a25	_mouseScaleFactors
0xc4a38	_mouseScaleThresholds
0xc4a4e	_mouse_motion
0xc4a5c	_move_space
0xc4a68	_move_space_fault
0xc4a80	_mprotect
0xc4a97	_msg_receive
0xc4aa4	_msg_receive_continue
0xc4aba	_msg_receive_trap
0xc4acc	_msg_return_translate
0xc4ae2	_msg_rpc
0xc4aeb	_msg_rpc_trap
0xc4af9	_msg_send
0xc4b03	_msg_send_from_kernel
0xc4b19	_msg_send_switch_continue
0xc4b33	_msg_send_trap
0xc4b51	_munmapfd
0xc4b5b	_namesetattr
0xc4b68	_nattr_to_vattr
0xc4b78	_nb_alloc
0xc4b82	_nb_alloc_wrapper
0xc4b94	_nb_free
0xc4b9d	_nb_free_wrapper
0xc4bae	_nb_grow_bot
0xc4bbb	_nb_grow_top
0xc4bd0	_nb_read
0xc4bd9	_nb_shrink_bot
0xc4be8	_nb_shrink_top
0xc4bf7	_nb_size
0xc4c00	_nb_write
0xc4c0a	_nbic_bus_enable
0xc4c1b	_nbic_configure
0xc4c2b	_nbic_present
0xc4c39	_nblkdev
0xc4c48	_nc_hash
0xc4c61	_ncallout
0xc4c6b	_ncc_chip
0xc4c75	_nchrdev
0xc4c7e	_nchsize
0xc4c97	_ncstats
0xc4ca0	_ndflush
0xc4cb7	_ndupreqs
0xc4cc1	_need_ast
0xc4ccb	_netipc_ignore
0xc4cda	_netipc_listen
0xc4ce9	_netipc_msg_release
0xc4cfd	_netipc_msg_send
0xc4d16	_netisr_thread
0xc4d25	_netisr_thread_continue
0xc4d3d	_newStack
0xc4d47	_new_clock_chip
0xc4d57	_new_inode
0xc4d62	_new_posix_proc
0xc4d72	_newname
0xc4d7b	_newproc
0xc4d84	_next_copyright
0xc4da3	_nextsect
0xc4dad	_nextseg
0xc4db6	_nextsegfromheader
0xc4dc9	_nextunixvictim
0xc4dd9	_nfs_attrcache
0xc4de8	_nfs_attrcache_va
0xc4dfa	_nfs_badop
0xc4e05	_nfs_cache_blown
0xc4e16	_nfs_cache_blown_fh
0xc4e2a	_nfs_cache_check
0xc4e3b	_nfs_chars
0xc4e46	_nfs_cto
0xc4e4f	_nfs_dnlc
0xc4e59	_nfs_getattr_otw
0xc4e6a	_nfs_getfh
0xc4e75	_nfs_invalidate_caches
0xc4e8c	_nfs_netboot_prealloc
0xc4ea2	_nfs_portmon
0xc4eaf	_nfs_purge_caches
0xc4ec1	_nfs_svc
0xc4eca	_nfs_validate_caches
0xc4edf	_nfs_vfsops
0xc4eeb	_nfs_vnodeops
0xc4ef9	_nfs_wakeup_one_biod
0xc4f0e	_nfs_wakeup_one_nfsd
0xc4f23	_nfsd_count
0xc4f2f	_nfsgetattr
0xc4f3b	_nfsmntno
0xc4f45	_nfsreadmap
0xc4f51	_nfsslowlink
0xc4f5e	_nfstsize
0xc4f68	_nfswrite
0xc4f72	_nitro_cache_flush
0xc4f8d	_nmbclusters
0xc4f9a	_nmfsbuf
0xc4fa8	_nmi_big
0xc4fb1	_nmi_cont
0xc4fbb	_nmi_gdb
0xc4fc4	_nmi_halt
0xc4fce	_nmi_help
0xc4fd8	_nmi_mon
0xc4fe1	_nmi_msg
0xc4fea	_nmi_prf
0xc4ff3	_nmi_reboot
0xc4fff	_nmi_stay
0xc5009	_no_dispatch_count
0xc5023	_nogroup
0xc5033	_notify_server_loop
0xc5047	_np_attach
0xc5052	_np_cleargpout
0xc5061	_np_clearmask
0xc506f	_np_close
0xc5079	_np_copyright
0xc5087	_np_dev_intr
0xc5094	_np_dinfo
0xc509e	_np_dma_intr
0xc50ab	_np_getgpi
0xc50b6	_np_gpinwait
0xc50c3	_np_gpiwait_timeout
0xc50d7	_np_init_printer
0xc50e8	_np_ioctl
0xc50f2	_np_ioctl_common
0xc510b	_np_open
0xc5114	_np_open_common
0xc5124	_np_power_off
0xc5132	_np_power_on
0xc513f	_np_printing_shutdown
0xc5155	_np_printing_timeout
0xc516a	_np_probe
0xc5174	_np_recv
0xc517d	_np_select
0xc5188	_np_select_common
0xc519a	_np_send
0xc51a3	_np_serial_cmd
0xc51b2	_np_serial_timeout
0xc51c5	_np_setgpout
0xc51d2	_np_setmask
0xc51de	_np_setstate
0xc51eb	_np_setstate_rdyerr
0xc51ff	_np_softc
0xc5209	_np_startdata
0xc5217	_np_wait_printer_ready
0xc522e	_np_write
0xc5238	_npdriver
0xc5249	_nps_ioctl
0xc5254	_nps_open
0xc525e	_nps_select
0xc5272	_ns_abstimeout
0xc5281	_ns_callfree
0xc528e	_ns_callout
0xc529a	_ns_callout_init
0xc52ab	_ns_calltodo
0xc52b8	_ns_hardclock_init
0xc52cb	_ns_per_tick
0xc52d8	_ns_sleep
0xc52e2	_ns_time_to_timeval
0xc52f6	_ns_time_to_tsval
0xc5308	_ns_timeout
0xc5314	_ns_timer_init
0xc5323	_ns_untimeout
0xc5331	_nselcoll
0xc533b	_nsoftint
0xc534d	_nsysent
0xc5356	_nthreads
0xc5360	_null_hash
0xc536b	_null_init
0xc5376	_null_netmatch
0xc5385	_null_port
0xc5390	_nulldev
0xc5399	_nullioctl
0xc53a4	_nullmodem
0xc53af	_nullsys
0xc53b8	_numMouseScales
0xc53c8	_num_regions
0xc53d5	_num_zones
0xc53e0	_nvram_check
0xc53ed	_nvram_set
0xc53f8	_object_bypasses
0xc5409	_object_collapses
0xc541b	_object_copyin
0xc542a	_object_copyout
0xc543a	_object_hash_zone
0xc5454	_oc_cksum
0xc545e	_ocdriver
0xc5468	_od_alert
0xc5472	_od_alert_abort
0xc5482	_od_alert_present
0xc5494	_od_async_attn
0xc54a3	_od_attn
0xc54ac	_od_bad_block
0xc54ba	_od_bitmap
0xc54c5	_od_blk_major
0xc54d3	_od_block_async
0xc54e3	_od_buf_alloc
0xc54f1	_od_canon_label
0xc5501	_od_canon_remap
0xc5519	_od_creq_timeout
0xc552a	_od_ctrl
0xc5533	_od_ctrl_start
0xc5542	_od_dbug
0xc554b	_od_dcmd
0xc5554	_od_dcyl
0xc555d	_od_dma_intr
0xc556a	_od_done
0xc5573	_od_drive
0xc557d	_od_drive_cmd
0xc558b	_od_drive_info
0xc559a	_od_drive_start
0xc55aa	_od_eject
0xc55b4	_od_empty
0xc55c6	_od_errmsg_filter
0xc55d8	_od_errtype
0xc55e4	_od_fcmd
0xc55ed	_od_flgstr
0xc55f8	_od_frmr
0xc5610	_od_id_o
0xc5619	_od_id_r
0xc5622	_od_id_v
0xc562b	_od_idle_time
0xc5639	_od_issue_cmd
0xc5647	_od_label
0xc5651	_od_label_alloc
0xc5661	_od_land
0xc566a	_od_lastexp
0xc5676	_od_lastmode
0xc5683	_od_locate_alt
0xc5692	_od_lock
0xc569b	_od_lock_pid
0xc56a8	_od_make_empty
0xc56b7	_od_make_free_pages
0xc56cb	_od_maxecc
0xc56d6	_od_maxecc_h1
0xc56e4	_od_maxecc_h2
0xc56f2	_od_maxecc_l1
0xc5700	_od_maxecc_l2
0xc570e	_od_more_info
0xc571c	_od_next_state
0xc572b	_od_note
0xc5734	_od_noverify
0xc5749	_od_panel_abort
0xc5759	_od_pattern
0xc5765	_od_perror
0xc5770	_od_rathole
0xc577c	_od_raw_major
0xc578a	_od_read_label
0xc5799	_od_readlabel
0xc57a7	_od_remap
0xc57b1	_od_req_th
0xc57bc	_od_request
0xc57c8	_od_request_vol
0xc57d8	_od_requested
0xc57e6	_od_reset
0xc57f0	_od_run_out
0xc57fc	_od_runout
0xc5807	_od_runout_time
0xc5817	_od_save_ra
0xc5823	_od_sect_to
0xc582f	_od_setup
0xc5839	_od_specific
0xc5846	_od_spin
0xc584f	_od_spinup
0xc585a	_od_spiral
0xc586d	_od_stats
0xc5877	_od_status
0xc5882	_od_sync
0xc588b	_od_test_passes
0xc589b	_od_timer
0xc58a5	_od_timer_started
0xc58b7	_od_try_attach
0xc58c6	_od_try_th
0xc58d1	_od_unlock_check
0xc58e2	_od_update
0xc58ed	_od_update_thread
0xc58ff	_od_update_time
0xc590f	_od_validate_label
0xc592a	_od_vol_tag
0xc5936	_od_write_label
0xc5946	_od_write_retry
0xc5956	_od_xpr_alert
0xc5964	_od_zero_fill
0xc5972	_odattach
0xc597c	_odcinfo
0xc5985	_odclose
0xc598e	_oddinfo
0xc59a7	_odioctl
0xc59b0	_odminphys
0xc59c3	_odprobe
0xc59dc	_odslave
0xc59e5	_odstrategy
0xc59f1	_odwrite
0xc59fa	_ohlfs12
0xc5a03	_old_mach_port_get_receive_status
0xc5a2b	_other_specvp
0xc5a39	_ovadvise
0xc5a43	_ovbcopy
0xc5a4c	_page_mask
0xc5a57	_page_shift
0xc5a63	_page_size
0xc5a6e	_page_table_alloc_size
0xc5a85	_page_table_memory_size
0xc5a9d	_pagemove
0xc5aa7	_pageoutThread
0xc5ab6	_pagerfile_pager_create
0xc5ace	_pagesize
0xc5ad8	_panel_req_port
0xc5aef	_panic_init
0xc5afb	_panic_lock
0xc5b07	_paniccpu
0xc5b11	_panicstr
0xc5b23	_pcb_init
0xc5b2d	_pcb_module_init
0xc5b3e	_pcb_terminate
0xc5b4d	_pcb_zone
0xc5b57	_periodic_vminfo
0xc5b68	_pfctlinput
0xc5b74	_pffasttimo
0xc5b80	_pffindproto
0xc5b8d	_pffindtype
0xc5ba0	_pflush_super
0xc5bae	_pflush_user
0xc5bbb	_pfslowtimo
0xc5bc7	_pgdelete
0xc5be0	_pgrphash
0xc5bea	_pgsignal
0xc5bf4	_phys_map_pte1
0xc5c03	_phys_map_pte2
0xc5c12	_phys_map_vaddr1
0xc5c23	_phys_map_vaddr2
0xc5c3c	_physstrat
0xc5c47	_piconnect
0xc5c52	_pidhash
0xc5c5b	_pidhash_enter
0xc5c70	_pmap_attribute
0xc5c80	_pmap_bootstrap
0xc5c90	_pmap_change_wiring
0xc5ca4	_pmap_clear_modify
0xc5cb7	_pmap_clear_reference
0xc5ccd	_pmap_coll
0xc5cd8	_pmap_collapse
0xc5ce7	_pmap_collect
0xc5cf5	_pmap_copy
0xc5d00	_pmap_copy_on_write
0xc5d14	_pmap_copy_page
0xc5d24	_pmap_create
0xc5d31	_pmap_destroy
0xc5d3f	_pmap_enter
0xc5d4b	_pmap_enter_mapping
0xc5d5f	_pmap_expand
0xc5d6c	_pmap_expand_kernel
0xc5d80	_pmap_extract
0xc5d8e	_pmap_free_maps
0xc5d9e	_pmap_gc
0xc5da7	_pmap_init
0xc5db2	_pmap_is_modified
0xc5dc4	_pmap_is_referenced
0xc5dd8	_pmap_kernel
0xc5de5	_pmap_kgetport
0xc5df4	_pmap_lock
0xc5dff	_pmap_map
0xc5e09	_pmap_page_protect
0xc5e1c	_pmap_pageable
0xc5e2b	_pmap_phys_to_index
0xc5e3f	_pmap_protect
0xc5e4d	_pmap_pte
0xc5e57	_pmap_pte_valid
0xc5e67	_pmap_reference
0xc5e77	_pmap_remove
0xc5e84	_pmap_remove_all
0xc5e95	_pmap_remove_range
0xc5ea8	_pmap_resident_extract
0xc5ebf	_pmap_set_page_size
0xc5ed3	_pmap_size
0xc5ede	_pmap_tt
0xc5ee7	_pmap_update
0xc5ef4	_pmap_zero_page
0xc5f04	_pmap_zone
0xc5f0f	_pmon_event_log_p
0xc5f21	_pmon_flags
0xc5f2d	_pmonlogcontext
0xc5f3d	_pmonlogcontextflush
0xc5f52	_pmonlogevent
0xc5f60	_pmonlogexec
0xc5f6d	_pmove_crp
0xc5f78	_pmove_tt1
0xc5f83	_pmsgbuf
0xc5f8c	_pn_alloc
0xc5f96	_pn_append
0xc5fa1	_pn_combine
0xc5fad	_pn_free
0xc5fbe	_pn_getcomponent
0xc5fcf	_pn_register_port
0xc5fe1	_pn_register_port_k
0xc5ffd	_pn_skipslash
0xc600b	_pnotify_start
0xc601a	_poll_intr
0xc6025	_port_allocate
0xc6034	_port_allocate_EXTERNAL
0xc604c	_port_deallocate
0xc605d	_port_deallocate_EXTERNAL
0xc6077	_port_extract_receive
0xc608d	_port_extract_send
0xc60a0	_port_insert_receive
0xc60b5	_port_insert_send
0xc60c7	_port_names
0xc60d3	_port_reference
0xc60e3	_port_release
0xc60f1	_port_rename
0xc60fe	_port_request_notification
0xc6119	_port_set_add
0xc6127	_port_set_add_EXTERNAL
0xc613e	_port_set_allocate
0xc6151	_port_set_allocate_EXTERNAL
0xc616d	_port_set_backlog
0xc617f	_port_set_backup
0xc6190	_port_set_deallocate
0xc61a5	_port_set_deallocate_EXTERNAL
0xc61c3	_port_set_remove
0xc61d4	_port_set_status
0xc61e5	_port_status
0xc61f2	_port_translate_compat
0xc6209	_port_type
0xc6214	_posix_proc_hash
0xc6225	_power_callout
0xc6234	_power_init
0xc6255	_probe_rb
0xc625f	_probe_recover
0xc626e	_probe_rl
0xc6278	_proc_cache_clear
0xc628a	_proc_from_thread
0xc629c	_proc_shutdown
0xc62ab	_proc_zone
0xc62b6	_procdup
0xc62bf	_process_adb_event
0xc62d2	_process_device_mods
0xc62e7	_process_kbd_event
0xc62fa	_process_mouse_event
0xc630f	_processor_array
0xc6320	_processor_assign
0xc6332	_processor_control
0xc6345	_processor_exit
0xc6355	_processor_get_assignment
0xc636f	_processor_info
0xc637f	_processor_init
0xc638f	_processor_ptr
0xc639e	_processor_set_create
0xc63b4	_processor_set_default
0xc63cb	_processor_set_destroy
0xc63e2	_processor_set_info
0xc63f6	_processor_set_max_priority
0xc6412	_processor_set_policy_disable
0xc6430	_processor_set_policy_enable
0xc644d	_processor_set_stack_usage
0xc6468	_processor_set_tasks
0xc647d	_processor_set_things
0xc6493	_processor_set_threads
0xc64aa	_processor_start
0xc64c3	_protection_codes
0xc64d5	_pset_add_processor
0xc64e9	_pset_add_task
0xc64f8	_pset_add_thread
0xc6509	_pset_deallocate
0xc651a	_pset_init
0xc6525	_pset_reference
0xc6535	_pset_remove_processor
0xc654c	_pset_remove_task
0xc655e	_pset_remove_thread
0xc6572	_pset_sys_bootstrap
0xc6586	_pseudo_inits
0xc659a	_psignal
0xc65a3	_pt_zone
0xc65ac	_ptcclose
0xc65b6	_ptcopen
0xc65bf	_ptcread
0xc65c8	_ptcselect
0xc65d3	_ptcwakeup
0xc65de	_ptcwrite
0xc65e8	_pte_zone
0xc65f2	_ptezone
0xc6603	_ptsclose
0xc660d	_ptsopen
0xc6616	_ptsputc
0xc661f	_ptsread
0xc6628	_ptsselect
0xc6633	_ptsstart
0xc663d	_ptsstop
0xc6646	_ptswrite
0xc6650	_pty_alloc
0xc665b	_pty_alloc_lock
0xc666b	_pty_init
0xc6675	_ptyioctl
0xc668d	_putchar
0xc6696	_pv_head_table
0xc66a5	_pv_list_zone
0xc66c3	_quantum_set
0xc66d0	_rablock
0xc66d9	_ractive
0xc66f0	_raw_attach
0xc66fc	_raw_bind
0xc6706	_raw_connaddr
0xc6714	_raw_ctlinput
0xc6722	_raw_detach
0xc672e	_raw_disconnect
0xc673e	_raw_init
0xc6748	_raw_input
0xc6753	_raw_usrreq
0xc6766	_rawintr
0xc676f	_rawintrq
0xc6781	_rdlnres_discrim
0xc6799	_rdres_discrim
0xc67b5	_readlink
0xc67c6	_realhost
0xc67d0	_realitexpire
0xc67de	_realloc
0xc67e7	_realloccg
0xc67f2	_reaper_queue
0xc6800	_reaper_thread
0xc680f	_reaper_thread_continue
0xc682f	_reboot_how
0xc683b	_reboot_mach
0xc6848	_reboot_vector
0xc6857	_receive_ip_datagram
0xc686c	_recompute_priorities
0xc6882	_recompute_priorities_timer
0xc689e	_recon_poll
0xc68aa	_reconnect
0xc68b5	_reconpoll
0xc68c6	_recvfrom
0xc68d8	_recvmsg
0xc68e1	_rem_runq
0xc68eb	_remap_vnode
0xc6900	_remqueue
0xc6912	_reset_timeout
0xc6921	_resynctime
0xc692d	_retrieve_task_notify
0xc6943	_retrieve_task_self_fast
0xc695c	_retrieve_thread_reply
0xc6973	_retrieve_thread_self_fast
0xc6996	_revarpdebug
0xc69a3	_revarpinput
0xc69b0	_rewhence
0xc69d0	_rfscall
0xc69d9	_rfsdisptab
0xc69e5	_rfsfreesp
0xc69f0	_rfsnames
0xc69fa	_rfssize
0xc6a03	_rightENum
0xc6a0e	_rinactive
0xc6a21	_rip_ctloutput
0xc6a30	_rip_input
0xc6a3b	_rip_output
0xc6a4f	_ripproto
0xc6a68	_rlock_awaken_count
0xc6a7c	_rlock_timeout
0xc6a8b	_rlockretimeout
0xc6a9b	_rlocktimeout
0xc6ac6	_rnode_cache_clear
0xc6ad9	_rnode_zone
0xc6ae5	_rnpages
0xc6aee	_rootcred
0xc6af8	_rootdev
0xc6b01	_rootdevice
0xc6b0d	_rootdir
0xc6b1e	_rootname
0xc6b30	_rootvfs
0xc6b41	_rp_rmhash
0xc6b5c	_rpfreelist
0xc6b68	_rpsleep
0xc6b71	_rqcred_head
0xc6b86	_rreactive
0xc6ba9	_rtalloc
0xc6bb2	_rtc_alarm
0xc6bbd	_rtc_blkread
0xc6bca	_rtc_blkwrite
0xc6bd8	_rtc_get
0xc6be1	_rtc_intr
0xc6beb	_rtc_power_down
0xc6bfb	_rtc_read
0xc6c05	_rtc_real_blkread
0xc6c17	_rtc_real_read
0xc6c26	_rtc_set
0xc6c2f	_rtc_set_auto_poweron
0xc6c45	_rtc_set_clr
0xc6c52	_rtc_tick
0xc6c5c	_rtc_write
0xc6c6f	_rthashsize
0xc6c8b	_rtioctl
0xc6c9b	_rtredirect
0xc6ca7	_rtrequest
0xc6cba	_rttrash
0xc6cca	_run_queue_enqueue
0xc6cdd	_runlock
0xc6ced	_safe_prf
0xc6cf7	_savacctp
0xc6d01	_save_rte
0xc6d0b	_sbappend
0xc6d15	_sbappendaddr
0xc6d23	_sbappendrecord
0xc6d33	_sbappendrights
0xc6d43	_sbcompress
0xc6d57	_sbdroprecord
0xc6d65	_sbflush
0xc6d6e	_sbrelease
0xc6d79	_sbreserve
0xc6d8a	_sbselqueue
0xc6d96	_sbupdate
0xc6da8	_sbwakeup
0xc6dc1	_sc_scsw
0xc6dd6	_scc_buffer
0xc6de2	_scdriver
0xc6dec	_sched_init
0xc6df8	_sched_thread
0xc6e06	_sched_thread_continue
0xc6e1d	_sched_thread_id
0xc6e2e	_sched_tick
0xc6e3a	_sched_usec
0xc6e46	_sched_usec_elapsed
0xc6e5a	_scminphys
0xc6e6b	_screens
0xc6e74	_scsi_attach
0xc6e81	_scsi_cintr
0xc6e8d	_scsi_docmd
0xc6e99	_scsi_dstart
0xc6ea6	_scsi_init
0xc6eb1	_scsi_ioctl
0xc6ebd	_scsi_msg
0xc6ec7	_scsi_ndevices
0xc6ed6	_scsi_probe
0xc6ee2	_scsi_reselect
0xc6ef1	_scsi_restart
0xc6eff	_scsi_sdswlist
0xc6f0e	_scsi_sensemsg
0xc6f1d	_scsi_slave
0xc6f29	_scsi_timeout
0xc6f46	_sd_sdsw
0xc6f4f	_sdchecklabel
0xc6f5d	_sdclose
0xc6f66	_sdioctl
0xc6f87	_sdstrategy
0xc6f93	_sdwrite
0xc6f9c	_sec_to_tm
0xc6fa7	_selcont
0xc6fb8	_selscan
0xc6fc1	_selthreadcache
0xc6fd1	_selthreadclear
0xc6fe1	_seltrue
0xc6fea	_selwait
0xc6ff3	_selwakeup
0xc7004	_send_notification
0xc701f	_sendmsg
0xc7028	_sendsig
0xc7039	_session0
0xc7043	_sessionPrecision
0xc7055	_sessionPressure
0xc7066	_set_blocksize
0xc7075	_set_calendar_time_value
0xc708e	_set_clock
0xc7099	_set_pri
0xc70a2	_set_timeout
0xc70af	_set_timer
0xc70ba	_set_timer_expire_func
0xc70d1	_set_vbr
0xc70da	_setblock
0xc70e4	_setconf
0xc70ed	_setdirgid
0xc70f8	_setdirmode
0xc7104	_setdiropargs
0xc7112	_setdomainname
0xc7121	_setdopt
0xc712a	_setgroups
0xc7135	_sethostid
0xc7140	_sethostname
0xc714d	_setitimer
0xc7160	_setpgid
0xc7169	_setpgrp
0xc7172	_setposix
0xc717c	_setpriority
0xc7189	_setprivexec
0xc7196	_setregid
0xc71a0	_setreuid
0xc71aa	_setrlimit
0xc71bd	_setsigvec
0xc71c8	_setsockopt
0xc71d4	_setthetime
0xc71e0	_settimeofday
0xc71ee	_setup_main
0xc71fa	_sf_access_head
0xc720a	_sfa_abort
0xc7215	_sfa_arbitrate
0xc7224	_sfa_relinquish
0xc723b	_sg_sdsw
0xc724c	_sgclose
0xc7255	_sgioctl
0xc7266	_show_space
0xc7272	_shutdown
0xc727c	_sigblock
0xc7286	_sigcont
0xc728f	_sigpause
0xc7299	_sigpending
0xc72a5	_sigreturn
0xc72b0	_sigsetmask
0xc72bc	_sigstack
0xc72ce	_simple_lock
0xc72db	_simple_lock_alloc
0xc72ee	_simple_lock_free
0xc7300	_simple_lock_init
0xc7312	_simple_lock_try
0xc7323	_simple_unlock
0xc733f	_sleep_with_continuation
0xc7358	_sleep_with_continuation_and_deadline
0xc737e	_slookup
0xc7387	_slot_id
0xc7390	_slot_id_bmap
0xc73b4	_snd_audio_not_loaded
0xc73ca	_snd_dev_intr
0xc73d8	_snd_device_attach
0xc73eb	_snd_device_def_dmasize
0xc7403	_snd_device_def_high_water
0xc741e	_snd_device_def_low_water
0xc7438	_snd_device_get_parms
0xc744e	_snd_device_get_volume
0xc7465	_snd_device_init
0xc7476	_snd_device_probe
0xc7488	_snd_device_set_parms
0xc749e	_snd_device_set_volume
0xc74b5	_snd_device_vol_save
0xc74ca	_snd_device_vol_set
0xc74de	_snd_dsp_cmd_port_msg
0xc74f4	_snd_dspcmd_def_dmasize
0xc750c	_snd_dspcmd_def_high_water
0xc7527	_snd_dspcmd_def_low_water
0xc7541	_snd_get_owner
0xc7550	_snd_link_abort
0xc7560	_snd_link_init
0xc756f	_snd_link_pause
0xc757f	_snd_link_resume
0xc7590	_snd_link_shutdown
0xc75a3	_snd_link_snd_complete
0xc75ba	_snd_rcv_alloc_msg_frame
0xc75d3	_snd_rcv_msg
0xc75e0	_snd_reply_aborted
0xc75f3	_snd_reply_completed
0xc7608	_snd_reply_dsp_cmd_port
0xc7620	_snd_reply_dsp_cond_true
0xc7639	_snd_reply_dsp_err
0xc764c	_snd_reply_dsp_msg
0xc765f	_snd_reply_dsp_regs
0xc7673	_snd_reply_illegal_msg
0xc768a	_snd_reply_overflow
0xc769e	_snd_reply_paused
0xc76b0	_snd_reply_recorded_data
0xc76c9	_snd_reply_resumed
0xc76dc	_snd_reply_ret_device
0xc76f2	_snd_reply_ret_formats
0xc7709	_snd_reply_ret_parms
0xc771e	_snd_reply_ret_samples
0xc7735	_snd_reply_ret_stream
0xc774b	_snd_reply_ret_volume
0xc7761	_snd_reply_started
0xc7774	_snd_reply_timed_out
0xc7789	_snd_server_loop
0xc779a	_snd_stream_abort
0xc77ac	_snd_stream_await
0xc77be	_snd_stream_enqueue_region
0xc77d9	_snd_stream_init
0xc77ea	_snd_stream_pause
0xc77fc	_snd_stream_queue_init
0xc7813	_snd_stream_queue_reset
0xc782b	_snd_stream_reset
0xc783d	_snd_stream_resume
0xc7850	_snd_unix_ioctl
0xc7860	_snd_var
0xc7869	_soabort
0xc7872	_soaccept
0xc7884	_socantrcvmore
0xc7893	_socantsendmore
0xc78a3	_sockargs
0xc78b5	_socketops
0xc78c0	_socketpair
0xc78cc	_soclose
0xc78d5	_soconnect
0xc78e0	_soconnect2
0xc78ec	_socreate
0xc78f6	_sodisconnect
0xc790c	_soft_net_wakeup
0xc791d	_softint
0xc7926	_softint_free
0xc7934	_softint_head
0xc7942	_softint_run
0xc794f	_softint_sched
0xc795e	_softint_tail
0xc796c	_softint_th
0xc7978	_softint_thread
0xc7988	_sogetopt
0xc7992	_sohasoutofband
0xc79a2	_soisconnected
0xc79b1	_soisconnecting
0xc79c1	_soisdisconnected
0xc79d3	_soisdisconnecting
0xc79e6	_solisten
0xc79f0	_sonewconn
0xc79fb	_soo_close
0xc7a06	_soo_ioctl
0xc7a19	_soo_select
0xc7a25	_soo_stat
0xc7a2f	_soqinsque
0xc7a3a	_soqremque
0xc7a45	_soreceive
0xc7a50	_soreserve
0xc7a5b	_sorflush
0xc7a6d	_sosetopt
0xc7a77	_soshutdown
0xc7a83	_sound_active
0xc7a91	_sound_dinfo
0xc7a9e	_sounddriver
0xc7aab	_sowakeup
0xc7ab5	_space_deallocate
0xc7ac7	_spec_access
0xc7ad4	_spec_badop
0xc7ae0	_spec_fid
0xc7aea	_spec_fsync
0xc7af6	_spec_link
0xc7b01	_spec_lockctl
0xc7b0f	_spec_realvp
0xc7b1c	_spec_setattr
0xc7b2a	_spec_vfsops
0xc7b37	_spec_vnodeops
0xc7b55	_sprintf
0xc7b6b	_st_sdsw
0xc7b84	_stackStats
0xc7b90	_stack_alloc
0xc7b9d	_stack_alloc_try
0xc7bae	_stack_attach
0xc7bbc	_stack_check_usage
0xc7bcf	_stack_collect
0xc7bde	_stack_detach
0xc7bec	_stack_finalize
0xc7bfc	_stack_free
0xc7c08	_stack_handoff
0xc7c17	_stack_init
0xc7c23	_stack_max_usage
0xc7c34	_stack_pointers
0xc7c44	_stack_privilege
0xc7c55	_stack_queue_lock
0xc7c67	_stack_statistics
0xc7c79	_stack_usage
0xc7c8d	_start_initial_context
0xc7ca4	_startrtclock
0xc7cb2	_startup
0xc7cbb	_startup_early
0xc7cd7	_statclock_init
0xc7cef	_statfs_discrim
0xc7cff	_stclose
0xc7d08	_stickyhack
0xc7d14	_stillopen
0xc7d1f	_stioctl
0xc7d5e	_strncmp
0xc7d67	_strncpy
0xc7d70	_stuck_count
0xc7d7d	_stuck_threads
0xc7d8c	_stwrite
0xc7d95	_subnetsarelocal
0xc7dae	_suibyte
0xc7db7	_suiword
0xc7dc5	_sun_noname
0xc7dd1	_sunsave
0xc7de9	_svc_getreq
0xc7df5	_svc_register
0xc7e03	_svc_run
0xc7e0c	_svc_sendreply
0xc7e1b	_svc_unregister
0xc7e2b	_svcerr_auth
0xc7e38	_svcerr_decode
0xc7e47	_svcerr_noproc
0xc7e56	_svcerr_noprog
0xc7e65	_svcerr_progvers
0xc7e76	_svcerr_weakauth
0xc7e87	_svckudp_create
0xc7e97	_svckudp_destroy
0xc7ea8	_svckudp_dup
0xc7eb5	_svckudp_dupsave
0xc7ec6	_svckudp_freeargs
0xc7ed8	_svckudp_getargs
0xc7ee9	_svckudp_op
0xc7ef5	_svckudp_recv
0xc7f03	_svckudp_send
0xc7f11	_svckudp_stat
0xc7f27	_swapconf
0xc7f31	_swapdev
0xc7f3a	_swapfs_bit_map
0xc7f4a	_swapfs_cangrow
0xc7f5a	_swapfs_enabled
0xc7f6a	_swapfs_rem_map
0xc7f7a	_swapfs_vfsops
0xc7f89	_swapinStack
0xc7f96	_swapin_queue
0xc7fa4	_swapin_thread
0xc7fb3	_swapin_thread_continue
0xc7fd3	_swapoutStack
0xc7fe1	_swapper_init
0xc7ff6	_swbuf_cleanlist
0xc8007	_swbuf_freelist
0xc8017	_switch_context
0xc8027	_switch_unix_context
0xc803c	_swpgotcha
0xc804e	_swtch_continue
0xc805e	_swtch_pri
0xc8069	_swtch_pri_continue
0xc807d	_syioctl
0xc8086	_symlink
0xc8095	_sync_vp
0xc809e	_sync_vp_invalidate
0xc80ba	_syncprt
0xc80d3	_sysacct
0xc80dc	_syselect
0xc80ee	_sywrite
0xc80fe	_table_fsparam
0xc810d	_tablefull
0xc8118	_task_assign
0xc8125	_task_assign_default
0xc813a	_task_by_pid
0xc8147	_task_by_unix_pid
0xc8159	_task_create
0xc8166	_task_deallocate
0xc8177	_task_dowait
0xc8184	_task_get_assignment
0xc8199	_task_get_special_port
0xc81b0	_task_halt
0xc81bb	_task_hold
0xc81c6	_task_info
0xc81d1	_task_init
0xc81dc	_task_name
0xc81e7	_task_notify
0xc81f4	_task_priority
0xc8203	_task_reference
0xc8213	_task_release
0xc8221	_task_resume
0xc822e	_task_secure
0xc823b	_task_self
0xc8246	_task_set_special_port
0xc825d	_task_set_special_port_EXTERNAL
0xc827d	_task_suspend
0xc828b	_task_suspend_nowait
0xc82a0	_task_terminate
0xc82b0	_task_threads
0xc82be	_task_zone
0xc82ce	_tcp_attach
0xc82da	_tcp_backoff
0xc82e7	_tcp_canceltimers
0xc82f9	_tcp_close
0xc8304	_tcp_ctlinput
0xc8312	_tcp_ctloutput
0xc8321	_tcp_debug
0xc832c	_tcp_debx
0xc8336	_tcp_disconnect
0xc8346	_tcp_dooptions
0xc8355	_tcp_drain
0xc8360	_tcp_drop
0xc836a	_tcp_fasttimo
0xc8378	_tcp_init
0xc8382	_tcp_initopt
0xc838f	_tcp_input
0xc839a	_tcp_iss
0xc83a3	_tcp_keepidle
0xc83b1	_tcp_keepintvl
0xc83c0	_tcp_last_inpcb
0xc83d0	_tcp_maxidle
0xc83dd	_tcp_mss
0xc83e6	_tcp_mssdflt
0xc83f3	_tcp_newtcpcb
0xc8401	_tcp_notify
0xc840d	_tcp_outflags
0xc841b	_tcp_output
0xc8427	_tcp_pulloutofband
0xc843a	_tcp_quench
0xc8446	_tcp_reass
0xc8451	_tcp_recvspace
0xc8460	_tcp_respond
0xc846d	_tcp_rttdflt
0xc847a	_tcp_saveti
0xc8486	_tcp_sendspace
0xc8495	_tcp_setpersist
0xc84a5	_tcp_slowtimo
0xc84b3	_tcp_template
0xc84c1	_tcp_timers
0xc84cd	_tcp_trace
0xc84d8	_tcp_ttl
0xc84e1	_tcp_usrclosed
0xc84f0	_tcp_usrreq
0xc84fc	_tcp_xmit_timer
0xc850c	_tcpnodelack
0xc8519	_tcppcbcachemiss
0xc852a	_tcppredack
0xc8536	_tcppreddat
0xc8542	_tcprexmtthresh
0xc8552	_tcpstat
0xc855b	_thread_abort
0xc8569	_thread_assign
0xc8578	_thread_assign_default
0xc858f	_thread_bind
0xc859c	_thread_block
0xc85aa	_thread_block_with_continuation
0xc85ca	_thread_bootstrap_return
0xc85e3	_thread_change_psets
0xc85f8	_thread_collect_allowed
0xc8610	_thread_collect_last_tick
0xc862a	_thread_collect_max_rate
0xc8643	_thread_collect_scan
0xc8658	_thread_continue
0xc8669	_thread_create
0xc8678	_thread_deallocate
0xc868b	_thread_deallocate_interrupt
0xc86a8	_thread_deallocate_stack
0xc86c1	_thread_depress_abort
0xc86d7	_thread_depress_priority
0xc86f0	_thread_depress_timeout
0xc8708	_thread_dispatch
0xc8719	_thread_doswapin
0xc872a	_thread_dowait
0xc8739	_thread_dup
0xc8745	_thread_entrypoint
0xc8758	_thread_exception_return
0xc8771	_thread_force_terminate
0xc8789	_thread_get_assignment
0xc87a0	_thread_get_special_port
0xc87b9	_thread_get_special_port_EXTERNAL
0xc87db	_thread_get_state
0xc87ed	_thread_getstatus
0xc87ff	_thread_go
0xc880a	_thread_go_and_switch
0xc8820	_thread_halt
0xc882d	_thread_halt_self
0xc883f	_thread_halt_self_with_continuation
0xc8863	_thread_handoff
0xc8873	_thread_hold
0xc8880	_thread_info
0xc888d	_thread_init
0xc889a	_thread_invoke
0xc88a9	_thread_max_priority
0xc88be	_thread_policy
0xc88cd	_thread_priority
0xc88de	_thread_psignal
0xc88ee	_thread_quantum_update
0xc8905	_thread_read_times
0xc8918	_thread_reference
0xc892a	_thread_release
0xc893a	_thread_reply
0xc8948	_thread_resume
0xc8957	_thread_run
0xc8963	_thread_select
0xc8972	_thread_self
0xc897f	_thread_set_own_priority
0xc8998	_thread_set_special_port
0xc89b1	_thread_set_special_port_EXTERNAL
0xc89d3	_thread_set_state
0xc89e5	_thread_set_syscall_return
0xc8a00	_thread_set_timeout
0xc8a14	_thread_setrun
0xc8a23	_thread_setstatus
0xc8a35	_thread_sleep
0xc8a43	_thread_start
0xc8a51	_thread_stats
0xc8a5f	_thread_suspend
0xc8a6f	_thread_swapin
0xc8a7e	_thread_switch
0xc8a8d	_thread_switch_continue
0xc8aa5	_thread_syscall_return
0xc8abc	_thread_template
0xc8acd	_thread_terminate
0xc8adf	_thread_timeout
0xc8aef	_thread_timeout_setup
0xc8b05	_thread_user_state
0xc8b18	_thread_userstack
0xc8b2a	_thread_wait_result
0xc8b3e	_thread_wakeup
0xc8b4d	_thread_wakeup_prim
0xc8b61	_thread_will_wait
0xc8b73	_thread_will_wait_with_timeout
0xc8b92	_thread_wire
0xc8b9f	_thread_zone
0xc8bb2	_tickadj
0xc8bbb	_tickdelta
0xc8bc6	_ticks_to_ns_time
0xc8bd8	_ticks_to_timeval
0xc8bf0	_timedelta
0xc8bfb	_timeout
0xc8c04	_timer_attributes
0xc8c16	_timer_csr
0xc8c21	_timer_delta
0xc8c2e	_timer_high
0xc8c3a	_timer_init
0xc8c46	_timer_low
0xc8c51	_timer_normalize
0xc8c62	_timer_read
0xc8c6e	_timeval_to_ns_time
0xc8c82	_timevaladd
0xc8c8e	_timevalfix
0xc8c9a	_timevalsub
0xc8cae	_tk_nout
0xc8cb7	_tlb_update_read
0xc8cc8	_tlb_update_write
0xc8cda	_tm_to_sec
0xc8cec	_totalShmemSize
0xc8cfc	_tprintf
0xc8d05	_traceback
0xc8d10	_traceback_jb
0xc8d1e	_traceback_recursive
0xc8d39	_trap_type
0xc8d44	_traptrace
0xc8d4f	_truncate
0xc8d61	_ts_diff
0xc8d6a	_ts_greater
0xc8d76	_ttcheckwakeup
0xc8d85	_ttcooked
0xc8d8f	_ttgettermios
0xc8d9d	_tthiwat
0xc8dad	_ttioctl
0xc8db6	_ttlowat
0xc8dbf	_ttnread
0xc8dd0	_ttrstrt
0xc8dd9	_ttselect
0xc8de3	_ttselwakeup
0xc8df0	_ttsettermios
0xc8dfe	_ttstart
0xc8e07	_ttwakeup
0xc8e11	_ttwrite
0xc8e1a	_tty_ld_install
0xc8e2a	_tty_ld_remove
0xc8e39	_ttyblkin
0xc8e43	_ttychars
0xc8e4d	_ttycheckoutq
0xc8e5b	_ttyclose
0xc8e65	_ttydefaults
0xc8e72	_ttydevstart
0xc8e7f	_ttydevstop
0xc8e8b	_ttyecho
0xc8e94	_ttyflush
0xc8e9e	_ttyinput
0xc8ea8	_ttylclose
0xc8eb3	_ttymodem
0xc8ec5	_ttyopen
0xc8ece	_ttyoutput
0xc8ed9	_ttyoutstr
0xc8ee4	_ttypend
0xc8eed	_ttyretype
0xc8f00	_ttyrubo
0xc8f09	_ttyselwait
0xc8f15	_ttysetspec
0xc8f21	_ttywait
0xc8f2a	_ttywflush
0xc8f35	_u_task_zone
0xc8f42	_u_thread_zone
0xc8f51	_uarea_init
0xc8f5d	_uarea_zero
0xc8f6e	_udp_ctlinput
0xc8f84	_udp_init
0xc8f8e	_udp_input
0xc8f99	_udp_notify
0xc8fa5	_udp_ops
0xc8fae	_udp_output
0xc8fba	_udp_recvspace
0xc8fc9	_udp_sendspace
0xc8fd8	_udp_ttl
0xc8fe1	_udp_usrreq
0xc8fed	_udpcksum
0xc8ff7	_udpstat
0xc9000	_ufalloc
0xc9009	_ufavail
0xc9012	_ufs_nlinks
0xc901e	_ufs_vfsops
0xc902a	_ufs_vnodeops
0xc9038	_uiomove
0xc9041	_uipc_usrreq
0xc905c	_uncompress_data
0xc906d	_uncompress_data_to_phys
0xc9086	_unexport
0xc9090	_uninstall_polled_intr
0xc90a7	_uninstall_scanned_intr
0xc90bf	_unix_pid
0xc90c9	_unix_syscall
0xc90d7	_unix_syscall_return
0xc90ec	_unixauthtab
0xc90f9	_unixdomain
0xc9115	_unmap_vnode
0xc9122	_unmount
0xc912b	_unmount_all
0xc9138	_unp_attach
0xc9144	_unp_bind
0xc914e	_unp_connect
0xc915b	_unp_connect2
0xc9169	_unp_defer
0xc9174	_unp_detach
0xc9180	_unp_discard
0xc918d	_unp_disconnect
0xc919d	_unp_dispose
0xc91aa	_unp_drop
0xc91b4	_unp_externalize
0xc91cd	_unp_gcing
0xc91d8	_unp_internalize
0xc91e9	_unp_mark
0xc91f3	_unp_rights
0xc91ff	_unp_scan
0xc9209	_unp_usrclosed
0xc9218	_unp_vno
0xc9221	_unpdg_recvspace
0xc9232	_unpdg_sendspace
0xc9243	_unpst_recvspace
0xc9254	_unpst_sendspace
0xc926d	_untimeout
0xc9280	_update_priority
0xc9291	_updlock
0xc929a	_uprintf
0xc92ab	_us_abstimeout
0xc92ba	_us_timeout
0xc92c6	_us_untimeout
0xc92d4	_useloopback
0xc92e1	_useracc
0xc92f8	_utask_free
0xc9304	_utask_from_thread
0xc9317	_utask_zero
0xc9323	_uthread_free
0xc9331	_uthread_from_thread
0xc934e	_uwritec
0xc9357	_ux_exception_port
0xc936a	_ux_handler_init
0xc937b	_uzone_init
0xc9387	_v2d_map
0xc9390	_vafsidtovfs
0xc939d	_vattr_null
0xc93a9	_vattr_to_nattr
0xc93b9	_vattr_to_sattr
0xc93d0	_venip_config
0xc93de	_version
0xc93e7	_version_major
0xc93f6	_version_minor
0xc9405	_version_variant
0xc941d	_vfsNVFS
0xc9426	_vfs_add
0xc942f	_vfs_fixedmajor
0xc943f	_vfs_getmajor
0xc944d	_vfs_getnum
0xc9459	_vfs_lock
0xc9463	_vfs_mountroot
0xc9472	_vfs_putmajor
0xc9480	_vfs_putnum
0xc948c	_vfs_remove
0xc9498	_vfs_unlock
0xc94ab	_vfssw_lookup
0xc94b9	_vhangup
0xc94c2	_vidGetConsoleInfo
0xc94d5	_vidGetFBAddrAndSize
0xc94ea	_vidInterruptDisable
0xc94ff	_vidInterruptEnable
0xc9513	_vidProbeForFB
0xc9522	_vidResumeAnimation
0xc9536	_vidSetBrightness
0xc9548	_vidStopAnimation
0xc955a	_vidSuspendAnimation
0xc956f	_vidclose
0xc9579	_vidioctl
0xc9583	_vidopen
0xc958c	_virtual_avail
0xc959b	_virtual_end
0xc95a8	_virtual_space_end
0xc95bb	_virtual_space_start
0xc95d6	_vm_alloc_from_regions
0xc95ed	_vm_alloc_lock
0xc95fc	_vm_allocate
0xc9609	_vm_allocate_with_pager
0xc9621	_vm_cache_lock
0xc9630	_vm_cache_max
0xc963e	_vm_copy
0xc9647	_vm_deactivate
0xc9656	_vm_deallocate
0xc9665	_vm_deallocate_EXTERNAL
0xc967d	_vm_fault
0xc9687	_vm_fault_copy_entry
0xc969c	_vm_fault_range
0xc96ac	_vm_fault_unwire
0xc96bd	_vm_fault_wire
0xc96cc	_vm_fault_wire_fast
0xc96e0	_vm_flushed_thread
0xc96f3	_vm_get_vnode_size
0xc9706	_vm_info_dequeue
0xc9717	_vm_info_enqueue
0xc9728	_vm_info_free
0xc9736	_vm_info_init
0xc9744	_vm_info_queue
0xc9753	_vm_info_version
0xc9764	_vm_info_zone
0xc9772	_vm_inherit
0xc977e	_vm_initial_limit_core
0xc9795	_vm_initial_limit_data
0xc97ac	_vm_initial_limit_stack
0xc97c4	_vm_machine_attribute
0xc97da	_vm_map_check_protection
0xc97f3	_vm_map_copy
0xc9800	_vm_map_copy_entry
0xc9813	_vm_map_create
0xc9822	_vm_map_deallocate
0xc9835	_vm_map_delete
0xc9844	_vm_map_entry_delete
0xc9859	_vm_map_entry_unwire
0xc986e	_vm_map_entry_zone
0xc9881	_vm_map_find
0xc988e	_vm_map_fork
0xc989b	_vm_map_inherit
0xc98ab	_vm_map_init
0xc98b8	_vm_map_insert
0xc98c7	_vm_map_kentry_zone
0xc98db	_vm_map_lookup
0xc98ea	_vm_map_lookup_done
0xc98fe	_vm_map_lookup_entry
0xc9913	_vm_map_machine_attribute
0xc992d	_vm_map_pageable
0xc993e	_vm_map_pmap_EXTERNAL
0xc9954	_vm_map_protect
0xc9964	_vm_map_reference
0xc9976	_vm_map_remove
0xc9985	_vm_map_submap
0xc9994	_vm_map_zone
0xc99a1	_vm_mem_init
0xc99ae	_vm_mem_ppi
0xc99ba	_vm_move
0xc99c3	_vm_object_allocate
0xc99d7	_vm_object_cache_clear
0xc99ee	_vm_object_cache_object
0xc9a06	_vm_object_cache_trim
0xc9a1c	_vm_object_cached
0xc9a2e	_vm_object_cached_list
0xc9a45	_vm_object_coalesce
0xc9a59	_vm_object_collapse
0xc9a6d	_vm_object_collapse_allowed
0xc9a89	_vm_object_copy
0xc9a99	_vm_object_count
0xc9aaa	_vm_object_deactivate_pages
0xc9ac6	_vm_object_deallocate
0xc9adc	_vm_object_destroy
0xc9aef	_vm_object_enter
0xc9b00	_vm_object_hashtable
0xc9b15	_vm_object_init
0xc9b25	_vm_object_list
0xc9b35	_vm_object_list_lock
0xc9b4a	_vm_object_lookup
0xc9b5c	_vm_object_name
0xc9b6c	_vm_object_page_remove
0xc9b83	_vm_object_pager_wakeup
0xc9b9b	_vm_object_pmap_copy
0xc9bb0	_vm_object_pmap_remove
0xc9bc7	_vm_object_reference
0xc9bdc	_vm_object_remove
0xc9bee	_vm_object_request_object
0xc9c08	_vm_object_setpager
0xc9c1c	_vm_object_shadow
0xc9c2e	_vm_object_shutdown
0xc9c42	_vm_object_special
0xc9c55	_vm_object_template
0xc9c69	_vm_object_terminate
0xc9c7e	_vm_object_zone
0xc9c8e	_vm_page_activate
0xc9ca0	_vm_page_active_count
0xc9cb6	_vm_page_addfree
0xc9cc7	_vm_page_alloc_sequential
0xc9ce1	_vm_page_array
0xc9cf0	_vm_page_bucket_count
0xc9d06	_vm_page_buckets
0xc9d17	_vm_page_copy
0xc9d25	_vm_page_deactivate
0xc9d39	_vm_page_free
0xc9d47	_vm_page_free_count
0xc9d5b	_vm_page_free_min
0xc9d6d	_vm_page_free_min_sanity
0xc9d86	_vm_page_free_reserved
0xc9d9d	_vm_page_free_target
0xc9db2	_vm_page_hash_mask
0xc9dc5	_vm_page_inactive_count
0xc9ddd	_vm_page_inactive_target
0xc9df6	_vm_page_init
0xc9e04	_vm_page_insert
0xc9e14	_vm_page_laundry_count
0xc9e2b	_vm_page_lookup
0xc9e3b	_vm_page_queue_active
0xc9e51	_vm_page_queue_free
0xc9e65	_vm_page_queue_free_lock
0xc9e7e	_vm_page_queue_inactive
0xc9e96	_vm_page_queue_lock
0xc9eaa	_vm_page_remove
0xc9eba	_vm_page_rename
0xc9eca	_vm_page_startup
0xc9edb	_vm_page_template
0xc9eed	_vm_page_to_phys
0xc9efe	_vm_page_unwire
0xc9f0e	_vm_page_wire
0xc9f1c	_vm_page_wire_count
0xc9f30	_vm_page_zero_fill
0xc9f43	_vm_pageout
0xc9f4f	_vm_pageout_free_min
0xc9f64	_vm_pageout_scan
0xc9f75	_vm_pager_allocate
0xc9f88	_vm_pager_deallocate
0xc9f9d	_vm_pager_get
0xc9fab	_vm_pager_has_page
0xc9fbe	_vm_pager_init
0xc9fcd	_vm_pager_put
0xc9fdb	_vm_pages_needed
0xc9fec	_vm_pages_needed_lock
0xca002	_vm_phys_to_vm_page
0xca016	_vm_policy_apply
0xca027	_vm_protect
0xca033	_vm_read
0xca03c	_vm_read_EXTERNAL
0xca04e	_vm_region
0xca059	_vm_region_to_vm_page
0xca06f	_vm_saved_context_data0
0xca087	_vm_saved_context_data1
0xca09f	_vm_saved_context_flushed
0xca0b9	_vm_saved_context_name
0xca0d0	_vm_saved_context_thread
0xca0e9	_vm_set_close_flush
0xca0fd	_vm_set_error
0xca10b	_vm_set_page_size
0xca11d	_vm_set_policy
0xca12c	_vm_set_vnode_size
0xca13f	_vm_stat
0xca148	_vm_statistics
0xca157	_vm_submap_object
0xca169	_vm_submap_object_store
0xca181	_vm_synchronize
0xca191	_vm_user_init
0xca19f	_vm_valid_page
0xca1ae	_vm_write
0xca1b8	_vmlog_send
0xca1c4	_vmp_get
0xca1cd	_vmp_invalidate
0xca1dd	_vmp_push
0xca1e7	_vmp_push_all
0xca1f5	_vmp_put
0xca1fe	_vnReadAhead
0xca20b	_vn_close
0xca215	_vn_create
0xca220	_vn_link
0xca229	_vn_open
0xca232	_vn_rdwr
0xca23b	_vn_rele
0xca244	_vn_remove
0xca24f	_vn_rename
0xca25a	_vno_bsd_lock
0xca268	_vno_bsd_unlock
0xca278	_vno_close
0xca283	_vno_flush
0xca28e	_vno_ioctl
0xca299	_vno_lockrelease
0xca2b2	_vno_select
0xca2be	_vno_stat
0xca2c8	_vnode_alloc
0xca2d5	_vnode_dealloc
0xca2e4	_vnode_has_page
0xca2f4	_vnode_pagein
0xca302	_vnode_pageout
0xca311	_vnode_pager_allocpage
0xca328	_vnode_pager_create
0xca33c	_vnode_pager_file_init
0xca353	_vnode_pager_findpage
0xca369	_vnode_pager_init
0xca37b	_vnode_pager_setup
0xca38e	_vnode_pager_shutdown
0xca3a4	_vnode_pager_truncate
0xca3ba	_vnode_pager_vget
0xca3cc	_vnode_pager_vput
0xca3de	_vnode_size
0xca3ea	_vnode_uncache
0xca3f9	_vnodefops
0xca404	_vol_abort_lock
0xca414	_vol_abort_q
0xca421	_vol_check_alive
0xca432	_vol_check_delay
0xca443	_vol_check_event
0xca454	_vol_check_lock
0xca464	_vol_check_timeout
0xca47e	_vol_notify_cancel
0xca491	_vol_notify_dev
0xca4a1	_vol_panel_disk_label
0xca4b7	_vol_panel_disk_num
0xca4cb	_vol_panel_remove
0xca4dd	_vol_panel_request
0xca4f7	_vol_start_thread
0xca509	_volclose
0xca513	_volioctl
0xca51d	_volopen
0xca526	_volume_check
0xca534	_volume_notify
0xca54b	_vstruct_lock
0xca559	_vstruct_zone
0xca567	_vsunlock
0xca571	_vswap_allocate
0xca581	_vttoif_tab
0xca5a8	_waitFrameRate
0xca5b7	_waitFrameTime
0xca5c6	_waitSusTime
0xca5d3	_waitSustain
0xca5e0	_wait_queue
0xca5ec	_wait_queue_init
0xca5fd	_wait_shift
0xca609	_waitpgrp
0xca613	_waittime
0xca625	_wakeup_one
0xca631	_walking_zombie
0xca641	_wildcard
0xca661	_xdr_accepted_reply
0xca675	_xdr_array
0xca680	_xdr_attrstat
0xca68e	_xdr_authkern
0xca69c	_xdr_authunix_parms
0xca6b0	_xdr_bool
0xca6ba	_xdr_bp_address
0xca6ca	_xdr_bp_fileid_t
0xca6db	_xdr_bp_getfile_arg
0xca6ef	_xdr_bp_getfile_res
0xca703	_xdr_bp_machine_name_t
0xca71a	_xdr_bp_path_t
0xca729	_xdr_bp_whoami_arg
0xca73c	_xdr_bp_whoami_res
0xca74f	_xdr_bytes
0xca75a	_xdr_callhdr
0xca767	_xdr_callmsg
0xca774	_xdr_char
0xca77e	_xdr_creatargs
0xca78d	_xdr_des_block
0xca79c	_xdr_diropargs
0xca7ab	_xdr_diropres
0xca7b9	_xdr_enum
0xca7c3	_xdr_fhandle
0xca7d0	_xdr_fhstatus
0xca7de	_xdr_getrddirres
0xca7ef	_xdr_int
0xca7f8	_xdr_ip_addr_t
0xca807	_xdr_linkargs
0xca815	_xdr_long
0xca81f	_xdr_netobj
0xca82b	_xdr_opaque
0xca837	_xdr_opaque_auth
0xca848	_xdr_pmap
0xca852	_xdr_putrddirres
0xca863	_xdr_rddirargs
0xca872	_xdr_rdlnres
0xca87f	_xdr_rdresult
0xca88d	_xdr_readargs
0xca89b	_xdr_reference
0xca8aa	_xdr_rejected_reply
0xca8be	_xdr_replymsg
0xca8cc	_xdr_rmtcall_args
0xca8de	_xdr_rmtcallres
0xca8ee	_xdr_rnmargs
0xca8fb	_xdr_saargs
0xca907	_xdr_short
0xca912	_xdr_slargs
0xca91e	_xdr_statfs
0xca92a	_xdr_string
0xca936	_xdr_u_int
0xca941	_xdr_u_long
0xca94d	_xdr_u_short
0xca95a	_xdr_union
0xca965	_xdr_void
0xca96f	_xdr_writeargs
0xca97e	_xdrmbuf_destroy
0xca98f	_xdrmbuf_getbytes
0xca9a1	_xdrmbuf_getlong
0xca9b2	_xdrmbuf_getmbuf
0xca9c3	_xdrmbuf_getpos
0xca9d3	_xdrmbuf_init
0xca9e1	_xdrmbuf_inline
0xca9f1	_xdrmbuf_ops
0xca9fe	_xdrmbuf_putbuf
0xcaa0e	_xdrmbuf_putbytes
0xcaa20	_xdrmbuf_putlong
0xcaa31	_xdrmbuf_setpos
0xcaa41	_xdrmem_create
0xcaa50	_xprt_register
0xcaa5f	_xxx_cpu_control
0xcaa70	_xxx_host_info
0xcaa7f	_xxx_processor_set_default_priv
0xcaa9f	_xxx_slot_info
0xcaab6	_zalloc_noblock
0xcaac6	_zchange
0xcaacf	_zcollectable
0xcaaeb	_zdata_size
0xcaaf7	_zeroin_addr
0xcab11	_zget_space
0xcab1d	_zi_null
0xcab2d	_zombproc
0xcab37	_zone_bootstrap
0xcab47	_zone_check
0xcab53	_zone_collect
0xcab61	_zone_free_space
0xcab72	_zone_free_space_add
0xcab87	_zone_free_space_count
0xcab9e	_zone_free_space_reclaim
0xcabb7	_zone_gc
0xcabc0	_zone_gc_allowed
0xcabd1	_zone_gc_last_tick
0xcabe4	_zone_gc_max_rate
0xcabf6	_zone_ignore_overflow
0xcac0c	_zone_init
0xcac17	_zone_map
0xcac21	_zone_map_size
0xcac30	_zone_max
0xcac3a	_zone_min
0xcac44	_zone_reclaim
0xcac52	_zone_zone
0xcac6c	_zsacquire
0xcac77	_zschars
0xcac80	_zsclose
0xcac98	_zsintsetup
0xcaca4	_zsioctl
0xcacad	_zsnullintr
0xcacd1	_zsrelease
0xcacdc	_zsselect
0xcacee	_zstrygetc
0xcacf9	_zswrite
0xcad1a	b1238_fix
0xcad6e	dest_dbl
0xcad77	dest_ext
0xcad80	dest_sgl
0xcadaa	fpsp_bsun
0xcadb4	fpsp_done
0xcadbe	fpsp_fline
0xcadc9	fpsp_fmt_error
0xcadd8	fpsp_frame_err
0xcade7	fpsp_operr
0xcadf2	fpsp_ovfl
0xcadfc	fpsp_snan
0xcae06	fpsp_unfl
0xcae10	fpsp_unimp
0xcae1b	fpsp_unsupp
0xcae27	g_dfmtou
0xcae40	gen_except
0xcae4b	get_fline
0xcae9c	ld_mzero
0xcaebd	ld_pzero
0xcaec6	mem_read
0xcaecf	mem_write
0xcaee6	nrm_zero
0xcaefd	ovf_r_x2
0xcaf06	ovf_r_x3
0xcaf67	real_bsun
0xcaf79	real_fline
0xcaf84	real_inex
0xcaf8e	real_operr
0xcaf99	real_ovfl
0xcafa3	real_snan
0xcafad	real_trace
0xcafb8	real_unfl
0xcafc2	reg_dest
0xcafcb	res_func
0xcb04b	setoxm1d
0xcb054	setoxm1i
0xcb065	sgetexpd
0xcb076	sgetmand
0xcb0ce	slognp1d
0xcb0e5	smalrzrm
0xcb10c	sopr_inf
0xcb13c	ssincosd
0xcb145	ssincosi
0xcb14e	ssincosnan
0xcb159	ssincosz
0xcb17d	sslog10d
0xcb1a4	sslognp1
0xcb1c5	std_trap
0xcb1d6	stentoxd
0xcb1fd	stwotoxd
0xcb214	t_avoid_unsupp
0xcb22e	t_extdnrm
0xcb238	t_frcinx
0xcb25f	t_resdnrm
0xcb2a8	uni_getop
0xcb2b2	uns_getop
