index	value	name	type	section	description	debug	defined_external
0	0x50c0000	dyld__mh_dylib_header	0xe	7	0	0	0
1	0x50c2e40	dyld_lazy_symbol_binding_entry_point	0xe	8	0	0	0
2	0x50c2e44	dyld_func_lookup_pointer	0xe	8	0	0	0
3	0x5001f10	__dyld_func_lookup	0x1e	1	0	0	0
4	0x5001ef0	dyld_stub_binding_helper	0x1e	1	0	0	0
5	0x50c0004	_NXArgv_pointer.80	0xe	7	0	0	0
6	0x50c0008	_NXArgc_pointer.83	0xe	7	0	0	0
7	0x50c000c	_environ_pointer.86	0xe	7	0	0	0
8	0x5007f88	__libgcc_private_extern__gcc_bcmp	0x1e	1	0	0	0
9	0x5007fc4	__libgcc_private_extern__ashldi3	0x1e	1	0	0	0
10	0x500801c	__libgcc_private_extern__ashrdi3	0x1e	1	0	0	0
11	0x5008074	_num_digits	0xe	1	0	0	0
12	0x50c458c	_bb_head	0xe	12	0	0	0
13	0x50080a8	__libgcc_private_extern___bb_exit_func	0x1e	1	0	0	0
14	0x50083bc	__libgcc_private_extern___bb_init_func	0x1e	1	0	0	0
15	0x5008404	__libgcc_private_extern___clear_cache	0x1e	1	0	0	0
16	0x500840c	__libgcc_private_extern__cmpdi2	0x1e	1	0	0	0
17	0x50b9308	___clz_tab	0xe	4	0	0	0
18	0x5008448	__libgcc_private_extern__divdi3	0x1e	1	0	0	0
19	0x50085e0	_find_exception_table	0xe	1	0	0	0
20	0x50c4598	_exception_table_list	0xe	12	0	0	0
21	0x50c4594	_except_pc	0xe	12	0	0	0
22	0x50c4590	_except_table_pos	0xe	12	0	0	0
23	0x5008618	__libgcc_private_extern___find_first_exception_table_match	0x1e	1	0	0	0
24	0x50086d8	__libgcc_private_extern___register_exceptions	0x1e	1	0	0	0
25	0x50086b4	__libgcc_private_extern___throw_type_match	0x1e	1	0	0	0
26	0x5008744	__libgcc_private_extern___unwind_function	0x1e	1	0	0	0
27	0x500874c	__libgcc_private_extern___eprintf	0x1e	1	0	0	0
28	0x5008790	__libgcc_private_extern__ffsdi2	0x1e	1	0	0	0
29	0x50087d0	__libgcc_private_extern__fixdfdi	0x1e	1	0	0	0
30	0x5008814	__libgcc_private_extern__fixsfdi	0x1e	1	0	0	0
31	0x5008858	__libgcc_private_extern__fixunsdfdi	0x1e	1	0	0	0
32	0x5008984	__libgcc_private_extern__fixunsdfsi	0x1e	1	0	0	0
33	0x5008a04	__libgcc_private_extern__fixunssfdi	0x1e	1	0	0	0
34	0x5008b30	__libgcc_private_extern__fixunssfsi	0x1e	1	0	0	0
35	0x5008bb0	__libgcc_private_extern__fixunsxfdi	0x1e	1	0	0	0
36	0x5008ccc	__libgcc_private_extern__fixunsxfsi	0x1e	1	0	0	0
37	0x5008d4c	__libgcc_private_extern__fixxfdi	0x1e	1	0	0	0
38	0x5008d90	__libgcc_private_extern__floatdidf	0x1e	1	0	0	0
39	0x5008dfc	__libgcc_private_extern__floatdisf	0x1e	1	0	0	0
40	0x5008e88	__libgcc_private_extern__floatdixf	0x1e	1	0	0	0
41	0x5008ef4	__libgcc_private_extern__lshrdi3	0x1e	1	0	0	0
42	0x50b9468	___clz_tab	0xe	4	0	0	0
43	0x5008f4c	__libgcc_private_extern__moddi3	0x1e	1	0	0	0
44	0x5009168	__libgcc_private_extern__muldi3	0x1e	1	0	0	0
45	0x50091b4	__libgcc_private_extern__negdi2	0x1e	1	0	0	0
46	0x50c0010	___new_handler	0xe	7	0	0	0
47	0x500921c	__libgcc_private_extern___default_new_handler	0x1e	1	0	0	0
48	0x50091e0	__libgcc_private_extern___get_new_handler	0x1e	1	0	0	0
49	0x50091f4	__libgcc_private_extern_set_new_handler	0x1e	1	0	0	0
50	0x500923c	__libgcc_private_extern___builtin_delete	0x1e	1	0	0	0
51	0x5009250	__libgcc_private_extern___builtin_new	0x1e	1	0	0	0
52	0x5009284	__libgcc_private_extern___builtin_vec_delete	0x1e	1	0	0	0
53	0x5009294	__libgcc_private_extern___builtin_vec_new	0x1e	1	0	0	0
54	0x50092a4	__libgcc_private_extern___pure_virtual	0x1e	1	0	0	0
55	0x50c0018	__libgcc_private_extern___shtab	0x1e	7	0	0	0
56	0x50092c4	__libgcc_private_extern___enable_execute_stack	0x1e	1	0	0	0
57	0x50092d8	__libgcc_private_extern__ucmpdi2	0x1e	1	0	0	0
58	0x5009314	__libgcc_private_extern___udiv_w_sdiv	0x1e	1	0	0	0
59	0x50b9568	___clz_tab	0xe	4	0	0	0
60	0x500931c	__libgcc_private_extern__udivdi3	0x1e	1	0	0	0
61	0x50b9668	___clz_tab	0xe	4	0	0	0
62	0x5009424	__libgcc_private_extern__udivmoddi4	0x1e	1	0	0	0
63	0x50b9768	___clz_tab	0xe	4	0	0	0
64	0x50095dc	__libgcc_private_extern__umoddi3	0x1e	1	0	0	0
65	0x5009738	__libgcc_private_extern___builtin_saveregs	0x1e	1	0	0	0
66	0x50c00c8	_arch_multiple	0xe	7	0	0	0
67	0x50c0170	_printed.30	0xe	7	0	0	0
68	0x500976c	_print_architecture_banner	0xe	1	0	0	0
69	0x50c0120	_Yflag	0x1e	7	0	0	0
70	0x50c0140	_allow_multiply_defined_symbols	0x1e	7	0	0	0
71	0x50c00fc	_arch_errors_fatal	0x1e	7	0	0	0
72	0x50c00b0	_arch_flag	0x1e	7	0	0	0
73	0x50c0100	_archive_ObjC	0x1e	7	0	0	0
74	0x50c0104	_archive_all	0x1e	7	0	0	0
75	0x50c00d8	_bind_at_load	0x1e	7	0	0	0
76	0x50c014c	_defaultsectalign	0x1e	7	0	0	0
77	0x50c00e0	_define_comldsyms	0x1e	7	0	0	0
78	0x50c0168	_dylib_compatibility_version	0x1e	7	0	0	0
79	0x50c0164	_dylib_current_version	0x1e	7	0	0	0
80	0x50c012c	_dylib_files	0x1e	7	0	0	0
81	0x50c0160	_dylib_install_name	0x1e	7	0	0	0
82	0x50c016c	_dylinker_install_name	0x1e	7	0	0	0
83	0x50c010c	_dynamic	0x1e	7	0	0	0
84	0x50c015c	_entry_point_name	0x1e	7	0	0	0
85	0x500981c	_error	0x1e	1	0	0	0
86	0x5009938	_error_with_cur_obj	0x1e	1	0	0	0
87	0x50c009c	_errors	0x1e	7	0	0	0
88	0x5009878	_fatal	0x1e	1	0	0	0
89	0x50c00ac	_filetype	0x1e	7	0	0	0
90	0x50c00ec	_flush	0x1e	7	0	0	0
91	0x50c00c0	_force_cpusubtype_ALL	0x1e	7	0	0	0
92	0x50c0158	_headerpad	0x1e	7	0	0	0
93	0x50c00a4	_host_byte_sex	0x1e	7	0	0	0
94	0x50c00a0	_host_pagesize	0x1e	7	0	0	0
95	0x50c0108	_keep_private_externs	0x1e	7	0	0	0
96	0x50c00dc	_load_map	0x1e	7	0	0	0
97	0x5009ae4	_mach_fatal	0x1e	1	0	0	0
98	0x50c0130	_ndylib_files	0x1e	7	0	0	0
99	0x50c00f8	_no_arch_warnings	0x1e	7	0	0	0
100	0x50c00f4	_nowarnings	0x1e	7	0	0	0
101	0x50c011c	_ntrace_syms	0x1e	7	0	0	0
102	0x50c0128	_nundef_syms	0x1e	7	0	0	0
103	0x50c00d4	_output_for_dyld	0x1e	7	0	0	0
104	0x50c00a8	_outputfile	0x1e	7	0	0	0
105	0x50c0148	_pagezero_size	0x1e	7	0	0	0
106	0x50c013c	_prebinding	0x1e	7	0	0	0
107	0x5009758	_print	0x1e	1	0	0	0
108	0x50c0098	_progname	0x1e	7	0	0	0
109	0x50c0138	_read_only_reloc_flag	0x1e	7	0	0	0
110	0x5009740	_round	0x1e	1	0	0	0
111	0x50c00d0	_save_reloc	0x1e	7	0	0	0
112	0x50c00f0	_sectorder_detail	0x1e	7	0	0	0
113	0x50c0150	_seg1addr	0x1e	7	0	0	0
114	0x50c0154	_seg1addr_specified	0x1e	7	0	0	0
115	0x50c0144	_segalign	0x1e	7	0	0	0
116	0x50c00e4	_seglinkedit	0x1e	7	0	0	0
117	0x50c00bc	_specific_arch_flag	0x1e	7	0	0	0
118	0x50c0114	_strip_base_symbols	0x1e	7	0	0	0
119	0x50c0110	_strip_level	0x1e	7	0	0	0
120	0x5009a08	_system_error	0x1e	1	0	0	0
121	0x5009a78	_system_fatal	0x1e	1	0	0	0
122	0x50099a0	_system_warning	0x1e	1	0	0	0
123	0x50c00c4	_target_byte_sex	0x1e	7	0	0	0
124	0x50c00cc	_trace	0x1e	7	0	0	0
125	0x50c0118	_trace_syms	0x1e	7	0	0	0
126	0x50c0124	_undef_syms	0x1e	7	0	0	0
127	0x50c0134	_undefined_flag	0x1e	7	0	0	0
128	0x50097c0	_warning	0x1e	1	0	0	0
129	0x50098d0	_warning_with_cur_obj	0x1e	1	0	0	0
130	0x50c00e8	_whyload	0x1e	7	0	0	0
131	0x50c0178	_stat_buf	0xe	7	0	0	0
132	0x50c01b8	_strings	0xe	7	0	0	0
133	0x5009ca8	_pass1_fat	0xe	1	0	0	0
134	0x500a458	_pass1_archive	0xe	1	0	0	0
135	0x500ab48	_check_archive_arch	0xe	1	0	0	0
136	0x500adb0	_pass1_object	0xe	1	0	0	0
137	0x500ae18	_ranlib_bsearch	0xe	1	0	0	0
138	0x50b9868	_empty_symtab.42	0xe	4	0	0	0
139	0x50b9880	_empty_dysymtab.43	0xe	4	0	0	0
140	0x500af0c	_check_cur_obj	0xe	1	0	0	0
141	0x50b98d0	_empty_symtab.46	0xe	4	0	0	0
142	0x50c01bc	_base_program_symtab.47	0xe	7	0	0	0
143	0x500cdb0	_check_size_offset	0xe	1	0	0	0
144	0x500ce3c	_check_size_offset_sect	0xe	1	0	0	0
145	0x500a0b4	_check_fat	0x1e	1	0	0	0
146	0x500ae3c	_merge	0x1e	1	0	0	0
147	0x500c8cc	_merge_base_program	0x1e	1	0	0	0
148	0x5009b44	_pass1	0x1e	1	0	0	0
149	0x50c0228	_member_name.88	0xe	7	0	0	0
150	0x500d5d0	_fine_reloc_for_input_offset	0xe	1	0	0	0
151	0x50c0220	_cur_obj	0x1e	7	0	0	0
152	0x500d034	_print_obj_name	0x1e	1	0	0	0
153	0x50c0224	_base_obj	0x1e	7	0	0	0
154	0x500cef0	_new_object_file	0x1e	1	0	0	0
155	0x500d0c0	_obj_member_name	0x1e	1	0	0	0
156	0x500d13c	_size_ar_name	0x1e	1	0	0	0
157	0x500cf9c	_add_last_object_file	0x1e	1	0	0	0
158	0x500d678	_clean_objects	0x1e	1	0	0	0
159	0x500d3e8	_fine_reloc_offset_in_output	0x1e	1	0	0	0
160	0x500d404	_fine_reloc_offset_in_output_for_output_offset	0x1e	1	0	0	0
161	0x500d2b0	_fine_reloc_output_address	0x1e	1	0	0	0
162	0x500d260	_fine_reloc_output_offset	0x1e	1	0	0	0
163	0x500d4dc	_fine_reloc_output_sectnum	0x1e	1	0	0	0
164	0x50c021c	_nobjects	0x1e	7	0	0	0
165	0x50c0218	_objects	0x1e	7	0	0	0
166	0x500d160	_print_whatsloaded	0x1e	1	0	0	0
167	0x500cfc0	_remove_last_object_file	0x1e	1	0	0	0
168	0x500d79c	_remove_objects	0x1e	1	0	0	0
169	0x50c0250	_section_flags	0xe	7	0	0	0
170	0x500d8e0	_merge_sections	0x1e	1	0	0	0
171	0x500daac	_create_merged_section	0x1e	1	0	0	0
172	0x500e21c	_lookup_merged_section	0x1e	1	0	0	0
173	0x500e1cc	_lookup_merged_segment	0x1e	1	0	0	0
174	0x500e2d8	_merge_literal_sections	0x1e	1	0	0	0
175	0x50c0244	_merged_segments	0x1e	7	0	0	0
176	0x50c024c	_nreloc	0x1e	7	0	0	0
177	0x50c0248	_original_merged_segments	0x1e	7	0	0	0
178	0x500e534	_output_literal_sections	0x1e	1	0	0	0
179	0x500e5a0	_output_section	0x1e	1	0	0	0
180	0x500ea20	_remove_merged_sections	0x1e	1	0	0	0
181	0x500e828	_reset_merged_sections	0x1e	1	0	0	0
182	0x500e990	_zero_merged_sections_sizes	0x1e	1	0	0	0
183	0x500f4bc	_cstring_free	0x1e	1	0	0	0
184	0x500ec10	_cstring_merge	0x1e	1	0	0	0
185	0x500ed3c	_cstring_order	0x1e	1	0	0	0
186	0x500f45c	_cstring_output	0x1e	1	0	0	0
187	0x500ed44	_get_cstring_from_sectorder	0x1e	1	0	0	0
188	0x500f240	_lookup_cstring	0x1e	1	0	0	0
189	0x50c0318	_merged_symbol_list_for_enter_symbol	0xe	7	0	0	0
190	0x50c0324	_undefsyms_order	0xe	7	0	0	0
191	0x50c0328	_extdefsyms_order	0xe	7	0	0	0
192	0x50c0350	_free_list	0xe	7	0	0	0
193	0x50c035c	_link_edit_common_section	0xe	7	0	0	0
194	0x50c03a0	_link_edit_section_maps	0xe	7	0	0	0
195	0x50c03c8	_multiple_defs	0xe	7	0	0	0
196	0x50c03cc	_nmultiple_defs	0xe	7	0	0	0
197	0x50c03d0	_nindr_symbols	0xe	7	0	0	0
198	0x50c03dc	_commons_exist	0xe	7	0	0	0
199	0x50c03e0	_noundefs	0xe	7	0	0	0
200	0x50102b0	_enter_symbol	0xe	1	0	0	0
201	0x50103b4	_enter_indr_symbol	0xe	1	0	0	0
202	0x50104b4	_enter_string	0xe	1	0	0	0
203	0x5010674	_add_to_undefined_list	0xe	1	0	0	0
204	0x50c459c	_undefined_blocks	0xe	12	0	0	0
205	0x50107b4	_multiply_defined	0xe	1	0	0	0
206	0x5010904	_trace_object_symbol	0xe	1	0	0	0
207	0x501097c	_trace_symbol	0xe	1	0	0	0
208	0x50122b0	_merged_symbol_string_index	0xe	1	0	0	0
209	0x50122cc	_get_string_block	0xe	1	0	0	0
210	0x5012c4c	_qsort_by_module	0xe	1	0	0	0
211	0x5012c68	_qsort_by_name	0xe	1	0	0	0
212	0x5010768	_delete_from_undefined_list	0x1e	1	0	0	0
213	0x5010144	_lookup_symbol	0x1e	1	0	0	0
214	0x500f538	_merge_symbols	0x1e	1	0	0	0
215	0x50c0344	_undefined_list	0x1e	7	0	0	0
216	0x501276c	_assign_output_symbol_indexes	0x1e	1	0	0	0
217	0x5010b00	_define_common_symbols	0x1e	1	0	0	0
218	0x5012c94	_free_multiple_defs	0x1e	1	0	0	0
219	0x5010aa8	_free_undefined_list	0x1e	1	0	0	0
220	0x50c03d4	_indr_symbol_pairs	0x1e	7	0	0	0
221	0x50100d0	_is_output_local_symbol	0x1e	1	0	0	0
222	0x5011390	_layout_merged_symbols	0x1e	1	0	0	0
223	0x50c3d90	_link_edit_common_object	0x1e	11	0	0	0
224	0x50c0330	_local_string_size	0x1e	7	0	0	0
225	0x5011b10	_local_symbol_output_index	0x1e	1	0	0	0
226	0x50c031c	_merged_string_blocks	0x1e	7	0	0	0
227	0x50c0320	_merged_string_size	0x1e	7	0	0	0
228	0x50c0308	_merged_symbol_lists	0x1e	7	0	0	0
229	0x5012c84	_merged_symbol_output_index	0x1e	1	0	0	0
230	0x50c03d8	_nindr_symbol_pairs	0x1e	7	0	0	0
231	0x50c032c	_nlocal_symbols	0x1e	7	0	0	0
232	0x50c0310	_nmerged_private_symbols	0x1e	7	0	0	0
233	0x50c030c	_nmerged_symbols	0x1e	7	0	0	0
234	0x50c0314	_nmerged_symbols_referenced_only_from_dylibs	0x1e	7	0	0	0
235	0x50114b4	_output_local_symbols	0x1e	1	0	0	0
236	0x5011cf0	_output_merged_symbols	0x1e	1	0	0	0
237	0x5012320	_process_undefineds	0x1e	1	0	0	0
238	0x50110f8	_reduce_indr_symbols	0x1e	1	0	0	0
239	0x5012cd0	_remove_merged_symbols	0x1e	1	0	0	0
240	0x50126c0	_reset_prebound_undefines	0x1e	1	0	0	0
241	0x50c0334	_sect_object_symbols	0x1e	7	0	0	0
242	0x5011c90	_set_merged_string_block_indexes	0x1e	1	0	0	0
243	0x5010948	_trace_merged_symbol	0x1e	1	0	0	0
244	0x50c0514	_mc680x0	0xe	7	0	0	0
245	0x50c055c	_mc98000	0xe	7	0	0	0
246	0x50c05f4	_mc88000	0xe	7	0	0	0
247	0x50c067c	_i860	0xe	7	0	0	0
248	0x50c0800	_intel386	0xe	7	0	0	0
249	0x50c0840	_hppa_state	0xe	7	0	0	0
250	0x50c086c	_sparc_state	0xe	7	0	0	0
251	0x50c08b8	_linkedit_segment.106	0xe	7	0	0	0
252	0x50c090c	_pagezero_segment.107	0xe	7	0	0	0
253	0x50c0960	_object_segment.108	0xe	7	0	0	0
254	0x5012f7c	_layout_segments	0xe	1	0	0	0
255	0x50c04a8	_output_dysymtab_info	0x1e	7	0	0	0
256	0x50c0468	_output_mach_header	0x1e	7	0	0	0
257	0x50c0484	_output_symtab_info	0x1e	7	0	0	0
258	0x5012e5c	_layout	0x1e	1	0	0	0
259	0x50c04f8	_output_thread_info	0x1e	7	0	0	0
260	0x501438c	_create_output_sections_array	0xe	1	0	0	0
261	0x5014438	_set_SG_NORELOC_flags	0xe	1	0	0	0
262	0x50144e4	_output_headers	0xe	1	0	0	0
263	0x50c0a34	_output_addr	0x1e	7	0	0	0
264	0x50c0a30	_output_size	0x1e	7	0	0	0
265	0x50c0a38	_output_sections	0x1e	7	0	0	0
266	0x501411c	_pass2	0x1e	1	0	0	0
267	0x5014720	_generic_reloc	0x1e	1	0	0	0
268	0x5015358	_undef_bsearch	0x1e	1	0	0	0
269	0x50c0a8c	_rld_monaddition	0xe	7	0	0	0
270	0x50c0a94	_error_stream	0xe	7	0	0	0
271	0x50c0a98	_zonep	0xe	7	0	0	0
272	0x50c0a9c	_rld_env	0xe	7	0	0	0
273	0x50c0ae4	_fatals	0xe	7	0	0	0
274	0x50c0aec	_rld_maintain_states	0xe	7	0	0	0
275	0x50c0af0	_rld_nallocated_states	0xe	7	0	0	0
276	0x50c0af4	_rld_nloaded_states	0xe	7	0	0	0
277	0x50c0af8	_rld_loaded_state	0xe	7	0	0	0
278	0x50c0afc	_NXArgv_pointer.30	0xe	7	0	0	0
279	0x50c0b00	__mh_execute_header_pointer.31	0xe	7	0	0	0
280	0x50153b8	_internal_rld_load	0xe	1	0	0	0
281	0x5016568	_internal_rld_unload	0xe	1	0	0	0
282	0x5016be8	_rld_loaded_state_changed	0xe	1	0	0	0
283	0x5016bf0	_rld_get_loaded_state	0xe	1	0	0	0
284	0x5016c88	_cleanup	0x1e	1	0	0	0
285	0x5016ca8	_vprint	0x1e	1	0	0	0
286	0x5016cd4	_allocate	0x1e	1	0	0	0
287	0x5016d68	_reallocate	0x1e	1	0	0	0
288	0x50c0ae8	_base_name	0x1e	7	0	0	0
289	0x50c0a90	_RLD_DEBUG_OUTPUT_FILENAME_flag	0x1e	7	0	0	0
290	0x50c0a88	_address_func	0x1e	7	0	0	0
291	0x50c0b5c	_nsets	0xe	7	0	0	0
292	0x5016f80	_new_archive_or_fat	0x1e	1	0	0	0
293	0x50c0b60	_cur_set	0x1e	7	0	0	0
294	0x50c0b58	_sets	0x1e	7	0	0	0
295	0x50170b0	_clean_archives_and_fats	0x1e	1	0	0	0
296	0x50172c4	_free_sets	0x1e	1	0	0	0
297	0x5016e04	_new_set	0x1e	1	0	0	0
298	0x5017200	_remove_set	0x1e	1	0	0	0
299	0x501766c	_literal4_free	0x1e	1	0	0	0
300	0x501738c	_literal4_merge	0x1e	1	0	0	0
301	0x5017464	_literal4_order	0x1e	1	0	0	0
302	0x50175cc	_literal4_output	0x1e	1	0	0	0
303	0x50174f4	_lookup_literal4	0x1e	1	0	0	0
304	0x5017b4c	_literal8_free	0x1e	1	0	0	0
305	0x50176a0	_literal8_merge	0x1e	1	0	0	0
306	0x5017780	_literal8_order	0x1e	1	0	0	0
307	0x5017a94	_literal8_output	0x1e	1	0	0	0
308	0x501785c	_get_hex_from_sectorder	0x1e	1	0	0	0
309	0x501798c	_lookup_literal8	0x1e	1	0	0	0
310	0x5018474	_count_reloc	0xe	1	0	0	0
311	0x5018508	_lookup_literal_pointer	0xe	1	0	0	0
312	0x50187ac	_literal_pointer_free	0x1e	1	0	0	0
313	0x5017b80	_literal_pointer_merge	0x1e	1	0	0	0
314	0x5018500	_literal_pointer_order	0x1e	1	0	0	0
315	0x50186c4	_literal_pointer_output	0x1e	1	0	0	0
316	0x50c0b9c	_has_dynamic_linker_command	0x1e	7	0	0	0
317	0x5019448	_lookup_indirect_item	0xe	1	0	0	0
318	0x50195c0	_indirect_section_free	0x1e	1	0	0	0
319	0x5018824	_indirect_section_merge	0x1e	1	0	0	0
320	0x50195b8	_indirect_section_order	0x1e	1	0	0	0
321	0x50c0ba0	_nindirectsyms	0x1e	7	0	0	0
322	0x50c0ba4	_save_lazy_symbol_pointer_relocs	0x1e	7	0	0	0
323	0x5019828	_output_indirect_symbols	0x1e	1	0	0	0
324	0x5019638	_legal_reference	0x1e	1	0	0	0
325	0x501999c	_modinit_section_merge	0x1e	1	0	0	0
326	0x5019ba4	_modinit_section_order	0x1e	1	0	0	0
327	0x5019bac	_m98k_reloc	0x1e	1	0	0	0
328	0x501b0c0	_m88k_reloc	0x1e	1	0	0	0
329	0x501c340	_hppa_reloc	0x1e	1	0	0	0
330	0x501dfd0	_sparc_reloc	0x1e	1	0	0	0
331	0x501f5b4	_cpusubtype_combine	0x1e	1	0	0	0
332	0x501f288	_cpusubtype_findbestarch	0x1e	1	0	0	0
333	0x50c0c48	_arch_flags	0xe	7	0	0	0
334	0x501fc08	_get_arch_family_from_cputype	0x1e	1	0	0	0
335	0x501f808	_get_arch_from_host	0x1e	1	0	0	0
336	0x501fba8	_get_arch_name_from_types	0x1e	1	0	0	0
337	0x501fc5c	_get_byte_sex_from_flag	0x1e	1	0	0	0
338	0x501fb94	_get_arch_flags	0x1e	1	0	0	0
339	0x501f76c	_get_arch_from_flag	0x1e	1	0	0	0
340	0x501fca8	_get_toc_byte_sex	0x1e	1	0	0	0
341	0x5020ad8	_swap_dylib_command	0x1e	1	0	0	0
342	0x5026aa0	_swap_dylib_module	0x1e	1	0	0	0
343	0x50269cc	_swap_dylib_reference	0x1e	1	0	0	0
344	0x5026ce0	_swap_dylib_table_of_contents	0x1e	1	0	0	0
345	0x5020cbc	_swap_dylinker_command	0x1e	1	0	0	0
346	0x50205e4	_swap_dysymtab_command	0x1e	1	0	0	0
347	0x501fe94	_swap_fat_arch	0x1e	1	0	0	0
348	0x501fe38	_swap_fat_header	0x1e	1	0	0	0
349	0x50209fc	_swap_fvmlib_command	0x1e	1	0	0	0
350	0x502697c	_swap_indirect_symbols	0x1e	1	0	0	0
351	0x50200e4	_swap_load_command	0x1e	1	0	0	0
352	0x501ffb0	_swap_mach_header	0x1e	1	0	0	0
353	0x50266d0	_swap_ranlib	0x1e	1	0	0	0
354	0x50202f4	_swap_section	0x1e	1	0	0	0
355	0x5020140	_swap_segment_command	0x1e	1	0	0	0
356	0x5020948	_swap_symseg_command	0x1e	1	0	0	0
357	0x50204dc	_swap_symtab_command	0x1e	1	0	0	0
358	0x5026750	_swap_relocation_info	0x1e	1	0	0	0
359	0x502662c	_swap_nlist	0x1e	1	0	0	0
360	0x501fe20	_get_host_byte_sex	0x1e	1	0	0	0
361	0x501fd4c	_SWAP_DOUBLE	0x1e	1	0	0	0
362	0x501fdf4	_SWAP_FLOAT	0x1e	1	0	0	0
363	0x5020d44	_swap_fvmfile_command	0x1e	1	0	0	0
364	0x5025be8	_swap_hppa_fp_thread_state	0x1e	1	0	0	0
365	0x5025a60	_swap_hppa_frame_thread_state	0x1e	1	0	0	0
366	0x5025410	_swap_hppa_integer_thread_state	0x1e	1	0	0	0
367	0x50253e0	_swap_i386_thread_cthreadstate	0x1e	1	0	0	0
368	0x502523c	_swap_i386_thread_exceptstate	0x1e	1	0	0	0
369	0x5024b1c	_swap_i386_thread_fpstate	0x1e	1	0	0	0
370	0x5024864	_swap_i386_thread_state	0x1e	1	0	0	0
371	0x502446c	_swap_i860_thread_state_regs	0x1e	1	0	0	0
372	0x50265d0	_swap_ident_command	0x1e	1	0	0	0
373	0x5020f2c	_swap_m68k_thread_state_68882	0x1e	1	0	0	0
374	0x5020e54	_swap_m68k_thread_state_regs	0x1e	1	0	0	0
375	0x5021098	_swap_m68k_thread_state_user_reg	0x1e	1	0	0	0
376	0x5023f78	_swap_m88110_thread_state_impl_t	0x1e	1	0	0	0
377	0x5021c8c	_swap_m88k_thread_state_grf_t	0x1e	1	0	0	0
378	0x5023f48	_swap_m88k_thread_state_user_t	0x1e	1	0	0	0
379	0x5022268	_swap_m88k_thread_state_xrf_t	0x1e	1	0	0	0
380	0x50210c8	_swap_m98k_thread_state_grf_t	0x1e	1	0	0	0
381	0x5020be0	_swap_prebound_dylib_command	0x1e	1	0	0	0
382	0x502630c	_swap_sparc_thread_state_fpu	0x1e	1	0	0	0
383	0x5025e5c	_swap_sparc_thread_state_regs	0x1e	1	0	0	0
384	0x5020df8	_swap_thread_command	0x1e	1	0	0	0
385	0x5026d60	_swap_object_headers	0x1e	1	0	0	0
386	0x50281ac	_vm_flush_cache	0x1e	1	0	0	0
387	0x5028230	_reloc_has_pair	0x1e	1	0	0	0
388	0x50281b8	_reloc_pair_r_type	0x1e	1	0	0	0
389	0x5028334	_reloc_is_sectdiff	0x1e	1	0	0	0
390	0x5028548	_ones	0xe	1	0	0	0
391	0x5028428	_assemble_17	0x1e	1	0	0	0
392	0x502846c	_assemble_21	0x1e	1	0	0	0
393	0x50283e8	_calc_hppa_HILO	0x1e	1	0	0	0
394	0x502862c	_dis_assemble_17	0x1e	1	0	0	0
395	0x502859c	_dis_assemble_21	0x1e	1	0	0	0
396	0x5028568	_low_sign_ext	0x1e	1	0	0	0
397	0x50285e0	_low_sign_unext	0x1e	1	0	0	0
398	0x5028504	_sign_ext	0x1e	1	0	0	0
399	0x5028674	_sign_unext	0x1e	1	0	0	0
400	0x50284b4	_assemble_12	0x1e	1	0	0	0
401	0x50284e4	_assemble_3	0x1e	1	0	0	0
402	0x50286b0	_dis_assemble_12	0x1e	1	0	0	0
403	0x5028690	_dis_assemble_3	0x1e	1	0	0	0
404	0x50c3e10	_file_functions	0xe	11	0	0	0
405	0x50286e8	_file_flush	0xe	1	0	0	0
406	0x5028718	_file_fill	0xe	1	0	0	0
407	0x5028738	_file_change	0xe	1	0	0	0
408	0x50287b4	_file_seek	0xe	1	0	0	0
409	0x50288e4	_file_close	0xe	1	0	0	0
410	0x5028960	__NXStreamsTextPad	0xe	1	0	0	0
411	0x5028a5c	__NXStreamsLiteralTextPad	0xe	1	0	0	0
412	0x50c3e2c	_ipc_functions	0xe	11	0	0	0
413	0x5028cfc	_ipc_flush	0xe	1	0	0	0
414	0x5028d50	_ipc_fill	0xe	1	0	0	0
415	0x5028d80	_ipc_change	0xe	1	0	0	0
416	0x5028d88	_ipc_seek	0xe	1	0	0	0
417	0x5028d90	_ipc_close	0xe	1	0	0	0
418	0x50c0f20	_memory_functions	0xe	7	0	0	0
419	0x5029e20	_memory_flush	0xe	1	0	0	0
420	0x5029e10	_memory_fill	0xe	1	0	0	0
421	0x5029c10	_memory_change	0xe	1	0	0	0
422	0x5005e60	_memory_seek	0xe	1	0	0	0
423	0x5029c50	_memory_close	0xe	1	0	0	0
424	0x50c0f3c	_cheap_functions	0xe	7	0	0	0
425	0x5029b40	_cheap_flush	0xe	1	0	0	0
426	0x5029b90	_cheap_seek	0xe	1	0	0	0
427	0x5029990	_cheap_close	0xe	1	0	0	0
428	0x5029e60	_verify_memory_stream	0xe	1	0	0	0
429	0x5029cf0	_memory_extend	0xe	1	0	0	0
430	0x50298f0	_betterCopy	0xe	1	0	0	0
431	0x5029a00	_cheap_extend	0xe	1	0	0	0
432	0x5007580	_check_wellformed_header	0xe	1	0	0	0
433	0x50c0f58	_printfProcTable	0xe	7	0	0	0
434	0x50c0f5c	_sizePrintfProcTable	0xe	7	0	0	0
435	0x502a01c	_isRegisteredPrintfChar	0xe	1	0	0	0
436	0x502ab54	__p_dconv	0xe	1	0	0	0
437	0x502ab80	__efmt	0xe	1	0	0	0
438	0x502acf4	__ffmt	0xe	1	0	0	0
439	0x502ae6c	_stringnotzero	0xe	1	0	0	0
440	0x502b1e8	__innum	0xe	1	0	0	0
441	0x502b5e4	__instr	0xe	1	0	0	0
442	0x502b720	__getccl	0xe	1	0	0	0
443	0x50b98e8	_ln2hi	0xe	4	0	0	0
444	0x50b98f0	_ln2lo	0xe	4	0	0	0
445	0x50b98f8	_ln2hi	0xe	4	0	0	0
446	0x50b9900	_ln2lo	0xe	4	0	0	0
447	0x50b9908	_small.2	0xe	4	0	0	0
448	0x50b9910	_big.3	0xe	4	0	0	0
449	0x50b9918	_one.4	0xe	4	0	0	0
450	0x50b9920	_torp	0xe	4	0	0	0
451	0x50b9928	_p1	0xe	4	0	0	0
452	0x50b9960	_q1	0xe	4	0	0	0
453	0x50b9998	_p2	0xe	4	0	0	0
454	0x50b99e0	_q2	0xe	4	0	0	0
455	0x50b9a28	_p1	0xe	4	0	0	0
456	0x50b9a30	_p2	0xe	4	0	0	0
457	0x50b9a38	_q1	0xe	4	0	0	0
458	0x50b9a40	_q2	0xe	4	0	0	0
459	0x50b9a48	_zero.2	0xe	4	0	0	0
460	0x50b9a50	_one.3	0xe	4	0	0	0
461	0x50b9a58	_half.4	0xe	4	0	0	0
462	0x50b9a60	_small.5	0xe	4	0	0	0
463	0x50b9a68	_zero	0xe	4	0	0	0
464	0x50b9a70	_tpi	0xe	4	0	0	0
465	0x50b9a78	_pio4	0xe	4	0	0	0
466	0x50b9a80	_p1	0xe	4	0	0	0
467	0x50b9ac8	_q1	0xe	4	0	0	0
468	0x50b9b10	_p2	0xe	4	0	0	0
469	0x50b9b48	_q2	0xe	4	0	0	0
470	0x50b9b80	_p3	0xe	4	0	0	0
471	0x50b9bb8	_q3	0xe	4	0	0	0
472	0x50b9bf0	_p4	0xe	4	0	0	0
473	0x50b9c38	_q4	0xe	4	0	0	0
474	0x502c8d4	_asympt	0xe	1	0	0	0
475	0x50b9c80	_zero	0xe	4	0	0	0
476	0x50b9c88	_tpi	0xe	4	0	0	0
477	0x50b9c90	_pio4	0xe	4	0	0	0
478	0x50b9c98	_p1	0xe	4	0	0	0
479	0x50b9ce0	_q1	0xe	4	0	0	0
480	0x50b9d28	_p2	0xe	4	0	0	0
481	0x50b9d60	_q2	0xe	4	0	0	0
482	0x50b9d98	_p3	0xe	4	0	0	0
483	0x50b9dd0	_q3	0xe	4	0	0	0
484	0x50b9e08	_p4	0xe	4	0	0	0
485	0x50b9e58	_q4	0xe	4	0	0	0
486	0x502ccb4	_asympt	0xe	1	0	0	0
487	0x50b9ea8	_zero	0xe	4	0	0	0
488	0x50b9eb0	_goobie	0xe	4	0	0	0
489	0x50b9eb8	_pi	0xe	4	0	0	0
490	0x50b9ec0	_p1	0xe	4	0	0	0
491	0x50b9ef0	_p2	0xe	4	0	0	0
492	0x50b9f30	_q2	0xe	4	0	0	0
493	0x502d08c	_asym	0xe	1	0	0	0
494	0x502d10c	_neg	0xe	1	0	0	0
495	0x502d230	_pos	0xe	1	0	0	0
496	0x50b9f70	_L1	0xe	4	0	0	0
497	0x50b9f78	_L2	0xe	4	0	0	0
498	0x50b9f80	_L3	0xe	4	0	0	0
499	0x50b9f88	_L4	0xe	4	0	0	0
500	0x50b9f90	_L5	0xe	4	0	0	0
501	0x50b9f98	_L6	0xe	4	0	0	0
502	0x50b9fa0	_L7	0xe	4	0	0	0
503	0x50b9fa8	_ln2hi	0xe	4	0	0	0
504	0x50b9fb0	_ln2lo	0xe	4	0	0	0
505	0x50b9fb8	_invln2	0xe	4	0	0	0
506	0x50b9fc0	_sqrt2	0xe	4	0	0	0
507	0x50b9fc8	_zero	0xe	4	0	0	0
508	0x50b9fd0	_half	0xe	4	0	0	0
509	0x50b9fd8	_one	0xe	4	0	0	0
510	0x50b9fe0	_two	0xe	4	0	0	0
511	0x50b9fe8	_negone	0xe	4	0	0	0
512	0x502d408	_pow_p	0xe	1	0	0	0
513	0x50b9ff0	_r2p1hi	0xe	4	0	0	0
514	0x50b9ff8	_r2p1lo	0xe	4	0	0	0
515	0x50ba000	_sqrt2	0xe	4	0	0	0
516	0x50ba008	_zero.4	0xe	4	0	0	0
517	0x50ba010	_one.5	0xe	4	0	0	0
518	0x50ba018	_small.6	0xe	4	0	0	0
519	0x50ba020	_ibig.7	0xe	4	0	0	0
520	0x50ba024	_B1	0xe	4	0	0	0
521	0x50ba028	_B2	0xe	4	0	0	0
522	0x50ba02c	_C	0xe	4	0	0	0
523	0x50ba034	_D	0xe	4	0	0	0
524	0x50ba03c	_E	0xe	4	0	0	0
525	0x50ba044	_F	0xe	4	0	0	0
526	0x50ba04c	_G	0xe	4	0	0	0
527	0x502e7ec	__dbBaseName	0xe	1	0	0	0
528	0x50ba054	_hstab	0xe	4	0	0	0
529	0x50ba064	_hltab	0xe	4	0	0	0
530	0x5030ef6	__db_global_text_pad	0xe	1	0	0	0
531	0x5030ff6	__dbDirExtension	0xe	1	0	0	0
532	0x5030ff9	__dbLeafExtension	0xe	1	0	0	0
533	0x5030ffc	__db_literal_text_pad	0xe	1	0	0	0
534	0x5031354	__dbOpenFile	0xe	1	0	0	0
535	0x50ba164	__dbSizeTable	0xe	4	0	0	0
536	0x50c1164	_homeDirectory	0xe	7	0	0	0
537	0x50c1168	_userName	0xe	7	0	0	0
538	0x50c116c	_lastKnownUid	0xe	7	0	0	0
539	0x5031c5c	_getUserInfo	0xe	1	0	0	0
540	0x5031df4	_NXHomeDirectory	0xe	1	0	0	0
541	0x50c1170	_hasTerminal.84	0xe	7	0	0	0
542	0x5031e10	_NXLogError	0xe	1	0	0	0
543	0x50c1174	_GLOBAL	0xe	7	0	0	0
544	0x50c1178	_defaultsDB	0xe	7	0	0	0
545	0x50c117c	_readBuf	0xe	7	0	0	0
546	0x50c1180	_defaultsUser	0xe	7	0	0	0
547	0x50c1184	_defaultsHome	0xe	7	0	0	0
548	0x50c1188	_defaultsUid	0xe	7	0	0	0
549	0x50c118c	_defaultsGid	0xe	7	0	0	0
550	0x50c1190	_didSetreuid	0xe	7	0	0	0
551	0x50c1194	_didSetregid	0xe	7	0	0	0
552	0x50c1198	_firstRD	0xe	7	0	0	0
553	0x50c119c	_lastRD	0xe	7	0	0	0
554	0x50c11a0	_dBlock	0xe	7	0	0	0
555	0x50c11a4	_dPos	0xe	7	0	0	0
556	0x50c11a8	_firstBlock	0xe	7	0	0	0
557	0x50c11ac	_lastBlock	0xe	7	0	0	0
558	0x50c11b0	_db_mtime	0xe	7	0	0	0
559	0x5031f00	_doRegisterDefaults	0xe	1	0	0	0
560	0x50327bc	__openDefaults	0xe	1	0	0	0
561	0x5032c04	__closeDefaults	0xe	1	0	0	0
562	0x5032ca0	__registerDefault	0xe	1	0	0	0
563	0x5032d28	__resetRegisteredDefault	0xe	1	0	0	0
564	0x5032d74	__isRegistered	0xe	1	0	0	0
565	0x5032de0	__doReadDefault	0xe	1	0	0	0
566	0x5032e48	__doWriteDefault	0xe	1	0	0	0
567	0x5032ecc	__writeAndRegisterDefault	0xe	1	0	0	0
568	0x5032f6c	__lockDefaults	0xe	1	0	0	0
569	0x5032f8c	__unlockDefaults	0xe	1	0	0	0
570	0x5032fa8	__constructKey	0xe	1	0	0	0
571	0x5033030	__destroyKey	0xe	1	0	0	0
572	0x5033048	_defStrcmp	0xe	1	0	0	0
573	0x5033080	_defCopyString	0xe	1	0	0	0
574	0x50330c0	_defaultAlloc	0xe	1	0	0	0
575	0x5033144	_blockAlloc	0xe	1	0	0	0
576	0x5033194	_blockFree	0xe	1	0	0	0
577	0x50331ec	__NXGobbleArgs	0xe	1	0	0	0
578	0x50c11b4	_NXArgv_pointer.147	0xe	7	0	0	0
579	0x50c11b8	_NXArgc_pointer.148	0xe	7	0	0	0
580	0x5033224	_cmdLineToDefaults	0xe	1	0	0	0
581	0x50c11bc	_firstArg	0xe	7	0	0	0
582	0x50c11c0	_firstLen	0xe	7	0	0	0
583	0x5033358	_rstrtok	0xe	1	0	0	0
584	0x50336e4	_getBitfieldSizeAndAdvance	0xe	1	0	0	0
585	0x50337c0	_getBitfieldSize	0xe	1	0	0	0
586	0x5033c2c	+[NXPortPortal newPort]	0xe	1	0	0	0
587	0x5033c50	+[NXPortPortal newFromMachPort:dealloc:]	0xe	1	0	0	0
588	0x5033c7c	+[NXPortPortal lookUpPortWithName:onHost:]	0xe	1	0	0	0
589	0x5033ca8	+[NXPortPortal checkInPort:withName:]	0xe	1	0	0	0
590	0x5033cd4	-[NXPortPortal initWithMachPort:]	0xe	1	0	0	0
591	0x5033d2c	-[NXPortPortal initWithPort:]	0xe	1	0	0	0
592	0x5033da8	-[NXPortPortal free]	0xe	1	0	0	0
593	0x5033df4	_copyFromZone	0xe	1	0	0	0
594	0x5033e34	-[NXPortPortal move]	0xe	1	0	0	0
595	0x5033f50	-[NXPortPortal port]	0xe	1	0	0	0
596	0x5033f60	-[NXPortPortal setPort:]	0xe	1	0	0	0
597	0x5033f80	-[NXPortPortal connection]	0xe	1	0	0	0
598	0x5033f90	-[NXPortPortal setRequestMsg:]	0xe	1	0	0	0
599	0x5033fb4	-[NXPortPortal isRequestMsg]	0xe	1	0	0	0
600	0x5033fd0	-[NXPortPortal goodMsgSize]	0xe	1	0	0	0
601	0x5033fdc	-[NXPortPortal setMsg:]	0xe	1	0	0	0
602	0x5034008	-[NXPortPortal sequenceNumber]	0xe	1	0	0	0
603	0x5034018	__NXEncodeBool	0xe	1	0	0	0
604	0x5034078	__NXDecodeBool	0xe	1	0	0	0
605	0x50340d0	__NXEncodeChars	0xe	1	0	0	0
606	0x5034174	__NXDecodeChars	0xe	1	0	0	0
607	0x5034220	__NXDecodeUniqueString	0xe	1	0	0	0
608	0x503424c	_extract_field_elmt	0xe	1	0	0	0
609	0x50342d8	_insert_field_elmt	0xe	1	0	0	0
610	0x50343d8	__iterate_bitfields	0xe	1	0	0	0
611	0x50344c0	__pack_callback	0xe	1	0	0	0
612	0x5034528	__unpack_callback	0xe	1	0	0	0
613	0x5034578	_iencodeData	0xe	1	0	0	0
614	0x5034be0	_idecodeData	0xe	1	0	0	0
615	0x50351a0	-[NXPortPortal encodeData:ofType:]	0xe	1	0	0	0
616	0x50351d4	-[NXPortPortal decodeData:ofType:]	0xe	1	0	0	0
617	0x5035204	-[NXPortPortal encodeBytes:count:]	0xe	1	0	0	0
618	0x503527c	-[NXPortPortal decodeBytes:count:]	0xe	1	0	0	0
619	0x50352dc	-[NXPortPortal encodeMachPort:]	0xe	1	0	0	0
620	0x5035320	-[NXPortPortal decodeMachPort:]	0xe	1	0	0	0
621	0x5035360	-[NXPortPortal encodeVM:count:]	0xe	1	0	0	0
622	0x50353c8	-[NXPortPortal encodeVM:count:dealloc:]	0xe	1	0	0	0
623	0x5035440	-[NXPortPortal decodeVM:count:]	0xe	1	0	0	0
624	0x5035498	-[NXPortPortal encodeObject:]	0xe	1	0	0	0
625	0x5035550	-[NXPortPortal encodeObjectBycopy:]	0xe	1	0	0	0
626	0x5035668	-[NXPortPortal decodeObject]	0xe	1	0	0	0
627	0x5035778	-[NXPortPortal startEncodingWithConnection:andSequenceNumber:]	0xe	1	0	0	0
628	0x50357e8	-[NXPortPortal finishEncodingAndStartDecoding:]	0xe	1	0	0	0
629	0x5035e50	-[NXPortPortal finishEncoding]	0xe	1	0	0	0
630	0x5035e70	-[NXPortPortal startDecodingWithMsg:withConnection:]	0xe	1	0	0	0
631	0x50360dc	-[NXPortPortal startDecodingWithTimeout:]	0xe	1	0	0	0
632	0x50362a4	-[NXPortPortal finishDecoding]	0xe	1	0	0	0
633	0x5036414	+[NXPortPortal dispatchMsg:]	0xe	1	0	0	0
634	0x5036580	-[NXPortPortal print]	0xe	1	0	0	0
635	0x5036738	-[NXPortPortal zone]	0xe	1	0	0	0
636	0x50c11c4	_MessagesReceivedCount	0xe	7	0	0	0
637	0x50c11c8	_DefaultZone	0xe	7	0	0	0
638	0x50c11cc	_sequence_gate	0xe	7	0	0	0
639	0x50c11d0	_DefaultBufferClass	0xe	7	0	0	0
640	0x50c11d4	_number.2	0xe	7	0	0	0
641	0x503676c	_generateSequenceNumber	0xe	1	0	0	0
642	0x50367b8	_freeNXMethodSignature	0xe	1	0	0	0
643	0x50367d8	_isNXMethodSignatureEqual	0xe	1	0	0	0
644	0x50367f0	_hashNXMethodSignature	0xe	1	0	0	0
645	0x50c3e48	_NXMethodSignatureProto	0xe	11	0	0	0
646	0x50367fc	+[NXMethodSignature fromDescription:fromZone:]	0xe	1	0	0	0
647	0x50368f4	-[NXMethodSignature encodeMethodParams:onto:]	0xe	1	0	0	0
648	0x5036b1c	-[NXMethodSignature decodeMethodParamsFrom:]	0xe	1	0	0	0
649	0x5036d94	-[NXMethodSignature encodeMethodRet:withargs:onto:]	0xe	1	0	0	0
650	0x50370c8	-[NXMethodSignature free]	0xe	1	0	0	0
651	0x503710c	-[NXMethodSignature methodReturnType]	0xe	1	0	0	0
652	0x503711c	-[NXMethodSignature isOneway]	0xe	1	0	0	0
653	0x5037134	-[NXMethodSignature methodReturnArea]	0xe	1	0	0	0
654	0x503717c	-[NXMethodSignature decodeMethodRetFrom:withargs:atAddr:]	0xe	1	0	0	0
655	0x5037624	-[Object(Object_NXMethodSignature) methodSignature:fromZone:]	0xe	1	0	0	0
656	0x50c11d8	_DefaultInTimeout	0xe	7	0	0	0
657	0x50c11dc	_DefaultOutTimeout	0xe	7	0	0	0
658	0x50c3e58	_roProto	0xe	11	0	0	0
659	0x503ade8	_hashProxy	0xe	1	0	0	0
660	0x503adf4	_isEqualProxy	0xe	1	0	0	0
661	0x503ae0c	_freeProxy	0xe	1	0	0	0
662	0x50c11e0	_hash_table_gate	0xe	7	0	0	0
663	0x5037668	_hashConnection	0xe	1	0	0	0
664	0x503767c	_isEqualConnection	0xe	1	0	0	0
665	0x50376a4	_freeConnection	0xe	1	0	0	0
666	0x50c3e68	_connProto	0xe	11	0	0	0
667	0x50c11e4	_conn_table_gate	0xe	7	0	0	0
668	0x50c11e8	_conn_table	0xe	7	0	0	0
669	0x50c11ec	_reply_table_gate	0xe	7	0	0	0
670	0x50c11f0	_reply_table	0xe	7	0	0	0
671	0x50c11f4	_nxproxyclass	0xe	7	0	0	0
672	0x50376c4	+[NXConnection initialize]	0xe	1	0	0	0
673	0x50377cc	+[NXConnection newForInPort:andOutPort:fromZone:]	0xe	1	0	0	0
674	0x5037810	+[NXConnection newForInMachPort:andOutMachPort:fromZone:]	0xe	1	0	0	0
675	0x5037b30	-[NXConnection free]	0xe	1	0	0	0
676	0x5037cb4	-[NXConnection copyWithOutPort:]	0xe	1	0	0	0
677	0x5037d08	+[NXConnection connectToName:]	0xe	1	0	0	0
678	0x5037d34	+[NXConnection connectToName:onHost:]	0xe	1	0	0	0
679	0x5037d8c	+[NXConnection connectToName:fromZone:]	0xe	1	0	0	0
680	0x5037db4	+[NXConnection connectToName:onHost:fromZone:]	0xe	1	0	0	0
681	0x5037e04	+[NXConnection connectToPort:withInPort:]	0xe	1	0	0	0
682	0x5037e34	+[NXConnection connectToPort:withInPort:fromZone:]	0xe	1	0	0	0
683	0x5037e9c	+[NXConnection connectToPort:]	0xe	1	0	0	0
684	0x5037ec8	+[NXConnection connectToPort:fromZone:]	0xe	1	0	0	0
685	0x5037f54	+[NXConnection registerRoot:withName:]	0xe	1	0	0	0
686	0x5037f84	+[NXConnection registerRoot:withName:fromZone:]	0xe	1	0	0	0
687	0x5038028	+[NXConnection registerRoot:]	0xe	1	0	0	0
688	0x5038054	+[NXConnection registerRoot:fromZone:]	0xe	1	0	0	0
689	0x50380c4	+[NXConnection unregisterForInvalidationNotification:]	0xe	1	0	0	0
690	0x503815c	-[NXConnection invalidate]	0xe	1	0	0	0
691	0x5038238	-[NXConnection senderIsInvalid:]	0xe	1	0	0	0
692	0x5038298	+[NXConnection messagesReceived]	0xe	1	0	0	0
693	0x50382ac	+[NXConnection setDefaultBufferClass:]	0xe	1	0	0	0
694	0x50382c8	+[NXConnection setDefaultTimeout:]	0xe	1	0	0	0
695	0x50382e8	+[NXConnection defaultTimeout]	0xe	1	0	0	0
696	0x50382fc	+[NXConnection setDefaultInTimeout:]	0xe	1	0	0	0
697	0x5038318	+[NXConnection defaultInTimeout]	0xe	1	0	0	0
698	0x503832c	+[NXConnection setDefaultOutTimeout:]	0xe	1	0	0	0
699	0x5038348	+[NXConnection defaultOutTimeout]	0xe	1	0	0	0
700	0x503835c	+[NXConnection setDefaultZone:]	0xe	1	0	0	0
701	0x5038378	+[NXConnection defaultZone]	0xe	1	0	0	0
702	0x503838c	+[NXConnection count]	0xe	1	0	0	0
703	0x50383e0	+[NXConnection connections:]	0xe	1	0	0	0
704	0x5038488	-[NXConnection setDelegate:]	0xe	1	0	0	0
705	0x5038498	-[NXConnection delegate]	0xe	1	0	0	0
706	0x50384a8	-[NXConnection outPortalBuffer]	0xe	1	0	0	0
707	0x50384e4	-[NXConnection inPortalBuffer]	0xe	1	0	0	0
708	0x5038520	-[NXConnection inPortal]	0xe	1	0	0	0
709	0x5038530	-[NXConnection inPort]	0xe	1	0	0	0
710	0x5038540	-[NXConnection outPort]	0xe	1	0	0	0
711	0x5038550	-[NXConnection bufferClass]	0xe	1	0	0	0
712	0x5038560	-[NXConnection setInTimeout:]	0xe	1	0	0	0
713	0x5038570	-[NXConnection setOutTimeout:]	0xe	1	0	0	0
714	0x5038580	-[NXConnection inTimeout]	0xe	1	0	0	0
715	0x5038590	-[NXConnection outTimeout]	0xe	1	0	0	0
716	0x50385a0	-[NXConnection rootObject]	0xe	1	0	0	0
717	0x50385b0	-[NXConnection setRoot:]	0xe	1	0	0	0
718	0x503861c	-[NXConnection insertProxy:]	0xe	1	0	0	0
719	0x5038754	-[NXConnection newRemote:withProtocol:]	0xe	1	0	0	0
720	0x5038814	-[NXConnection newLocal:]	0xe	1	0	0	0
721	0x50388ec	-[NXConnection getRemote:]	0xe	1	0	0	0
722	0x5038950	-[NXConnection getLocal:]	0xe	1	0	0	0
723	0x50389c0	-[NXConnection findLocal:forInPort:]	0xe	1	0	0	0
724	0x5038ab0	-[NXConnection remoteObjects]	0xe	1	0	0	0
725	0x5038b90	-[NXConnection localObjects]	0xe	1	0	0	0
726	0x5038c74	-[NXConnection localProxies]	0xe	1	0	0	0
727	0x5038d54	-[NXConnection removeRemote:]	0xe	1	0	0	0
728	0x5038dfc	-[NXConnection removeLocal:]	0xe	1	0	0	0
729	0x5038eac	+[NXConnection removeObject:]	0xe	1	0	0	0
730	0x5038f94	+[NXConnection handleRequestOnPortal:]	0xe	1	0	0	0
731	0x50397a0	-[NXConnection finishEncodingAndGetReplyOnPortal:]	0xe	1	0	0	0
732	0x5039d78	-[NXConnection run]	0xe	1	0	0	0
733	0x5039d98	-[NXConnection runWithTimeout:]	0xe	1	0	0	0
734	0x5039f2c	_runit	0xe	1	0	0	0
735	0x5039f58	-[NXConnection runInNewThread]	0xe	1	0	0	0
736	0x5039f80	+[NXConnection debug:showThread:verbose:]	0xe	1	0	0	0
737	0x5039f9c	+[NXConnection debug:]	0xe	1	0	0	0
738	0x5039fb4	_structure_addr	0xe	1	0	0	0
739	0x50c11f8	_methodSignature_of_descriptionForMethod	0xe	7	0	0	0
740	0x50c11fc	_refgate	0xe	7	0	0	0
741	0x5039fc0	+[NXProxy initialize]	0xe	1	0	0	0
742	0x503a0bc	+[NXProxy class]	0xe	1	0	0	0
743	0x503a0d0	+[NXProxy self]	0xe	1	0	0	0
744	0x503a0dc	-[NXProxy perform:]	0xe	1	0	0	0
745	0x503a0f0	-[NXProxy perform:with:]	0xe	1	0	0	0
746	0x503a108	-[NXProxy conformsTo:]	0xe	1	0	0	0
747	0x503a1ec	-[NXProxy connectionForProxy]	0xe	1	0	0	0
748	0x503a1fc	-[NXProxy nameForProxy]	0xe	1	0	0	0
749	0x503a20c	-[NXProxy references]	0xe	1	0	0	0
750	0x503a21c	-[NXProxy addReference]	0xe	1	0	0	0
751	0x503a2a0	-[NXProxy setProtocolForProxy:]	0xe	1	0	0	0
752	0x503a2b0	-[NXProxy methodSignature:fromZone:]	0xe	1	0	0	0
753	0x503a3d4	-[NXProxy forward::]	0xe	1	0	0	0
754	0x503a738	-[NXProxy invalidateProxy]	0xe	1	0	0	0
755	0x503a790	-[NXProxy freeProxy]	0xe	1	0	0	0
756	0x503a810	-[NXProxy free]	0xe	1	0	0	0
757	0x503a910	-[NXProxy encodeRemotelyFor:freeAfterEncoding:isBycopy:]	0xe	1	0	0	0
758	0x503a91c	-[NXProxy encodeUsing:]	0xe	1	0	0	0
759	0x503ab2c	-[NXProxy decodeUsing:]	0xe	1	0	0	0
760	0x503ae2c	-[NXProxy isProxy]	0xe	1	0	0	0
761	0x503ae38	-[Object(Object_MakeRemote_Import) encodeRemotelyFor:freeAfterEncoding:isBycopy:]	0xe	1	0	0	0
762	0x503ae88	-[Object(Object_MakeRemote_Import) encodeUsing:]	0xe	1	0	0	0
763	0x503ae94	-[Object(Object_MakeRemote_Import) decodeUsing:]	0xe	1	0	0	0
764	0x503aea0	-[Object(isRemote) isProxy]	0xe	1	0	0	0
765	0x503aeac	-[Object(GetListOfProtocols) getListOfProtocols:]	0xe	1	0	0	0
766	0x503af10	-[List(Transport) encodeRemotelyFor:freeAfterEncoding:isBycopy:]	0xe	1	0	0	0
767	0x503af64	-[List(Transport) encodeUsing:]	0xe	1	0	0	0
768	0x503aff8	-[List(Transport) decodeUsing:]	0xe	1	0	0	0
769	0x503b090	-[Protocol(Transport) encodeRemotelyFor:freeAfterEncoding:isBycopy:]	0xe	1	0	0	0
770	0x503b09c	-[Protocol(Transport) encodeUsing:]	0xe	1	0	0	0
771	0x503b2e0	-[Protocol(Transport) decodeUsing:]	0xe	1	0	0	0
772	0x50c45b4	_log_impl	0xe	12	0	0	0
773	0x50c45a0	_mygate.8	0xe	12	0	0	0
774	0x503b670	_printf_log	0xe	1	0	0	0
775	0x50c45a8	_log_header	0xe	12	0	0	0
776	0x50c45ac	_log_show_pid	0xe	12	0	0	0
777	0x50c45b0	_log_show_thread	0xe	12	0	0	0
778	0x50c45a4	_mygate.11	0xe	12	0	0	0
779	0x503b7d8	_sys_log	0xe	1	0	0	0
780	0x503b90c	-[NXData initWithSize:]	0xe	1	0	0	0
781	0x503b9a8	-[NXData initWithData:size:dealloc:]	0xe	1	0	0	0
782	0x503b9c8	-[NXData free]	0xe	1	0	0	0
783	0x503ba40	-[NXData data]	0xe	1	0	0	0
784	0x503ba50	-[NXData size]	0xe	1	0	0	0
785	0x503ba60	-[NXData copyFromZone:]	0xe	1	0	0	0
786	0x503bb34	-[NXData encodeRemotelyFor:freeAfterEncoding:isBycopy:]	0xe	1	0	0	0
787	0x503bb40	-[NXData encodeUsing:]	0xe	1	0	0	0
788	0x503bc18	-[NXData decodeUsing:]	0xe	1	0	0	0
789	0x503bcd4	+[NXInvalidationNotifier initialize]	0xe	1	0	0	0
790	0x50c45b8	_ref_gate	0xe	12	0	0	0
791	0x503bd10	-[NXInvalidationNotifier init]	0xe	1	0	0	0
792	0x503bd34	-[NXInvalidationNotifier copy]	0xe	1	0	0	0
793	0x503bd78	-[NXInvalidationNotifier references]	0xe	1	0	0	0
794	0x503bd88	-[NXInvalidationNotifier addReference]	0xe	1	0	0	0
795	0x503bdd0	-[NXInvalidationNotifier invalidate]	0xe	1	0	0	0
796	0x503be68	-[NXInvalidationNotifier isValid]	0xe	1	0	0	0
797	0x503be78	-[NXInvalidationNotifier registerForInvalidationNotification:]	0xe	1	0	0	0
798	0x503bfa0	-[NXInvalidationNotifier unregisterForInvalidationNotification:]	0xe	1	0	0	0
799	0x503c000	-[NXInvalidationNotifier free]	0xe	1	0	0	0
800	0x503c098	-[NXInvalidationNotifier deallocate]	0xe	1	0	0	0
801	0x503c690	-[NXSpinLock init]	0xe	1	0	0	0
802	0x503c640	-[NXSpinLock free]	0xe	1	0	0	0
803	0x503c6e0	-[NXSpinLock lock]	0xe	1	0	0	0
804	0x503c710	-[NXSpinLock unlock]	0xe	1	0	0	0
805	0x503c1a0	-[NXConditionLock init]	0xe	1	0	0	0
806	0x503c170	-[NXConditionLock initWith:]	0xe	1	0	0	0
807	0x503c0f0	-[NXConditionLock condition]	0xe	1	0	0	0
808	0x503c100	-[NXConditionLock free]	0xe	1	0	0	0
809	0x503c270	-[NXConditionLock lock]	0xe	1	0	0	0
810	0x503c320	-[NXConditionLock unlock]	0xe	1	0	0	0
811	0x503c210	-[NXConditionLock lockWhen:]	0xe	1	0	0	0
812	0x503c2d0	-[NXConditionLock unlockWith:]	0xe	1	0	0	0
813	0x503c3e0	-[NXLock init]	0xe	1	0	0	0
814	0x503c370	-[NXLock free]	0xe	1	0	0	0
815	0x503c440	-[NXLock lock]	0xe	1	0	0	0
816	0x50063d0	-[NXLock unlock]	0xe	1	0	0	0
817	0x503c510	-[NXRecursiveLock init]	0xe	1	0	0	0
818	0x503c4a0	-[NXRecursiveLock free]	0xe	1	0	0	0
819	0x503c580	-[NXRecursiveLock lock]	0xe	1	0	0	0
820	0x503c5f0	-[NXRecursiveLock unlock]	0xe	1	0	0	0
821	0x50c1208	_signaturePort	0xe	7	0	0	0
822	0x503c728	+[NXNetNameServer initialize]	0xe	1	0	0	0
823	0x503c75c	+[NXNetNameServer checkInPort:withName:]	0xe	1	0	0	0
824	0x503c7bc	+[NXNetNameServer checkOutPortWithName:]	0xe	1	0	0	0
825	0x503c808	+[NXNetNameServer lookUpPortWithName:]	0xe	1	0	0	0
826	0x503c830	+[NXNetNameServer lookUpPortWithName:onHost:]	0xe	1	0	0	0
827	0x50c120c	_all_ports_gate	0xe	7	0	0	0
828	0x50c1210	_all_ports	0xe	7	0	0	0
829	0x503c890	_hash_port	0xe	1	0	0	0
830	0x503c8a0	_isEqual_port	0xe	1	0	0	0
831	0x50c1214	_Proto_port	0xe	7	0	0	0
832	0x503c8bc	+[NXPort initialize]	0xe	1	0	0	0
833	0x503c920	+[NXPort new]	0xe	1	0	0	0
834	0x503c9d4	+[NXPort newFromMachPort:]	0xe	1	0	0	0
835	0x503c9f8	+[NXPort newFromMachPort:dealloc:]	0xe	1	0	0	0
836	0x503cac8	-[NXPort machPort]	0xe	1	0	0	0
837	0x503caf4	-[NXPort free]	0xe	1	0	0	0
838	0x503cbd8	-[NXPort hash]	0xe	1	0	0	0
839	0x50c1224	_serverNotifyPort	0xe	7	0	0	0
840	0x503cbe8	_send_death	0xe	1	0	0	0
841	0x503cc78	+[NXPort worryAboutPortInvalidation]	0xe	1	0	0	0
842	0x503cce8	-[NXPort encodeRemotelyFor:freeAfterEncoding:isBycopy:]	0xe	1	0	0	0
843	0x503ccf4	-[NXPort encodeUsing:]	0xe	1	0	0	0
844	0x503cd20	-[NXPort decodeUsing:]	0xe	1	0	0	0
845	0x503cd74	-[NXPort setEnableProc:]	0xe	1	0	0	0
846	0x503cdb8	-[NXPort setEnableProc:data:]	0xe	1	0	0	0
847	0x503cdfc	-[NXPort enableProc]	0xe	1	0	0	0
848	0x503ce0c	-[NXPort enableExternal]	0xe	1	0	0	0
849	0x503ce3c	-[NXPort disableExternal]	0xe	1	0	0	0
850	0x503ce68	-[NXProtocolChecker initWithObject:forProtocol:]	0xe	1	0	0	0
851	0x503cebc	-[NXProtocolChecker forward::]	0xe	1	0	0	0
852	0x503cf40	-[NXProtocolChecker descriptionForMethod:]	0xe	1	0	0	0
853	0x503cf98	-[NXProtocolChecker conformsTo:]	0xe	1	0	0	0
854	0x503cfc0	-[NXProtocolChecker free]	0xe	1	0	0	0
855	0x50c1228	_atexit_list	0xe	7	0	0	0
856	0x503d0ac	_s	0xe	1	0	0	0
857	0x50c122c	_CurrencyDefaults	0xe	7	0	0	0
858	0x503d35c	__NXGetLocalizedDefault	0xe	1	0	0	0
859	0x50c3e78	_C_lconv	0xe	11	0	0	0
860	0x50c124c	_appName	0xe	7	0	0	0
861	0x503d414	_parseToken	0xe	1	0	0	0
862	0x503d47c	_parseNumber	0xe	1	0	0	0
863	0x503d4b0	_parseGrouping	0xe	1	0	0	0
864	0x50c45bc	__lconv	0xe	12	0	0	0
865	0x50c1250	_currentLocale	0xe	7	0	0	0
866	0x50c1254	_letter.2	0xe	7	0	0	0
867	0x50c45ec	_tmpfilename.3	0xe	12	0	0	0
868	0x50c1258	_DateTimeDefaults	0xe	7	0	0	0
869	0x50c12a0	__ShortDays	0xe	7	0	0	0
870	0x50c12bc	__LongDays	0xe	7	0	0	0
871	0x50c12d8	__ShortMonths	0xe	7	0	0	0
872	0x50c1308	__LongMonths	0xe	7	0	0	0
873	0x50c1338	__AmPm	0xe	7	0	0	0
874	0x50c1340	__DateAndTime	0xe	7	0	0	0
875	0x50c1344	__Date	0xe	7	0	0	0
876	0x50c1348	__Time	0xe	7	0	0	0
877	0x503e034	_LookupString	0xe	1	0	0	0
878	0x50c134c	_twoemax	0xe	7	0	0	0
879	0x50c1354	_exp5	0xe	7	0	0	0
880	0x0	__framesize	0x2	0	0	0	0
881	0x0	__nested_function	0x2	0	0	0	0
882	0x0	__framesize	0x2	0	0	0	0
883	0x0	__nested_function	0x2	0	0	0	0
884	0x50c139c	_place.2	0xe	7	0	0	0
885	0x50c13b0	_scanpoint	0xe	7	0	0	0
886	0x50c45fc	_lasts.2	0xe	12	0	0	0
887	0x50c4600	_origS.3	0xe	12	0	0	0
888	0x50c4604	_pwf.2	0xe	12	0	0	0
889	0x50c13b4	_randx	0xe	7	0	0	0
890	0x503f1a4	_scale60	0xe	1	0	0	0
891	0x503f2e4	_getvtimes	0xe	1	0	0	0
892	0x503f35c	_scale60	0xe	1	0	0	0
893	0x0	__framesize	0x2	0	0	0	0
894	0x0	__nested_function	0x2	0	0	0	0
895	0x50c4608	setsav	0xe	12	0	0	0
896	0x50c13b8	_g_desfd	0xe	7	0	0	0
897	0x503f4ac	_common_crypt	0xe	1	0	0	0
898	0x50ba178	_PC1_C	0xe	4	0	0	0
899	0x50ba1b0	_PC1_D	0xe	4	0	0	0
900	0x50ba1e8	_shifts	0xe	4	0	0	0
901	0x50ba1f8	_PC2_C	0xe	4	0	0	0
902	0x50ba210	_PC2_D	0xe	4	0	0	0
903	0x50ba228	_IPtab	0xe	4	0	0	0
904	0x50ba2a8	_FPtab	0xe	4	0	0	0
905	0x50ba328	_longtab	0xe	4	0	0	0
906	0x50ba3a8	_R_to_ER_tab	0xe	4	0	0	0
907	0x50bc3a8	_S_tab	0xe	4	0	0	0
908	0x50bcba8	_P_tab	0xe	4	0	0	0
909	0x50bdba8	_partab	0xe	4	0	0	0
910	0x503f6a0	_des_setkey	0xe	1	0	0	0
911	0x503f874	_des_encrypt	0xe	1	0	0	0
912	0x503fd50	_do_F	0xe	1	0	0	0
913	0x503fd58	_cipher	0xe	1	0	0	0
914	0x503fd74	_secs_to_packed_nsecs	0xe	1	0	0	0
915	0x503fdf0	_packed_nsecs_to_secs	0xe	1	0	0	0
916	0x503fe2c	__NXGetEventPort	0xe	1	0	0	0
917	0x50bdc28	_event_portType.84	0xe	4	0	0	0
918	0x50bdc2c	_RetCodeCheck.85	0xe	4	0	0	0
919	0x50bdc30	_event_portType.88	0xe	4	0	0	0
920	0x50bdc34	_RetCodeCheck.89	0xe	4	0	0	0
921	0x50bdc38	_event_portType.92	0xe	4	0	0	0
922	0x50bdc3c	_taskType.93	0xe	4	0	0	0
923	0x50bdc40	_sizeType.94	0xe	4	0	0	0
924	0x50bdc44	_RetCodeCheck.95	0xe	4	0	0	0
925	0x50bdc48	_addrCheck.96	0xe	4	0	0	0
926	0x50bdc4c	_event_portType.99	0xe	4	0	0	0
927	0x50bdc50	_nameType.100	0xe	4	0	0	0
928	0x50bdc54	_classType.101	0xe	4	0	0	0
929	0x50bdc58	_RetCodeCheck.102	0xe	4	0	0	0
930	0x50bdc5c	_nameDevicePortCheck.103	0xe	4	0	0	0
931	0x50bdc60	_special_keyType.106	0xe	4	0	0	0
932	0x50bdc64	_key_portType.107	0xe	4	0	0	0
933	0x50bdc68	_RetCodeCheck.108	0xe	4	0	0	0
934	0x50bdc6c	_unitType.111	0xe	4	0	0	0
935	0x50bdc70	_parameterNameType.112	0xe	4	0	0	0
936	0x50bdc74	_maxCountType.113	0xe	4	0	0	0
937	0x50bdc78	_RetCodeCheck.114	0xe	4	0	0	0
938	0x50bdc7c	_unitType.117	0xe	4	0	0	0
939	0x50bdc80	_parameterNameType.118	0xe	4	0	0	0
940	0x50bdc84	_maxCountType.119	0xe	4	0	0	0
941	0x50bdc88	_RetCodeCheck.120	0xe	4	0	0	0
942	0x50bdc8c	_unitType.123	0xe	4	0	0	0
943	0x50bdc90	_parameterNameType.124	0xe	4	0	0	0
944	0x50bdc94	_parameterArrayType.125	0xe	4	0	0	0
945	0x50bdc98	_RetCodeCheck.126	0xe	4	0	0	0
946	0x50bdc9c	_unitType.129	0xe	4	0	0	0
947	0x50bdca0	_parameterNameType.130	0xe	4	0	0	0
948	0x50bdca4	_parameterArrayType.131	0xe	4	0	0	0
949	0x50bdcb0	_RetCodeCheck.132	0xe	4	0	0	0
950	0x50bdcb4	_IP	0xe	4	0	0	0
951	0x50bdcf4	_FP	0xe	4	0	0	0
952	0x50bdd34	_PC1_C	0xe	4	0	0	0
953	0x50bdd50	_PC1_D	0xe	4	0	0	0
954	0x50bdd6c	_shifts	0xe	4	0	0	0
955	0x50bdd7c	_PC2_C	0xe	4	0	0	0
956	0x50bdd94	_PC2_D	0xe	4	0	0	0
957	0x50c13bc	_cryptglobalsp.2	0xe	7	0	0	0
958	0x5004600	_getcryptglobalsp	0xe	1	0	0	0
959	0x50bddac	_e	0xe	4	0	0	0
960	0x50bdddc	_S	0xe	4	0	0	0
961	0x50bdfdc	_P	0xe	4	0	0	0
962	0x50c13c0	_iobuf.9	0xe	7	0	0	0
963	0x50bdffc	_wday_name.82	0xe	4	0	0	0
964	0x50be011	_mon_name.83	0xe	4	0	0	0
965	0x50c13d0	_result.84	0xe	7	0	0	0
966	0x50c13ec	_ctimeglobalsp.87	0xe	7	0	0	0
967	0x5041f34	_getctimeglobalsp	0xe	1	0	0	0
968	0x5041f68	_detzcode	0xe	1	0	0	0
969	0x5041f8c	_tzload	0xe	1	0	0	0
970	0x504232c	_tzsetkernel	0xe	1	0	0	0
971	0x50423c4	_tzsetgmt	0xe	1	0	0	0
972	0x50be038	_mon_lengths	0xe	4	0	0	0
973	0x50be098	_year_lengths	0xe	4	0	0	0
974	0x50c13f0	_tm.106	0xe	7	0	0	0
975	0x50427b8	_offtime	0xe	1	0	0	0
976	0x50be0a0	_GMT	0xe	4	0	0	0
977	0x50be1a5	__ctype_padding	0xe	4	0	0	0
978	0x50c4628	_stuff.80	0xe	12	0	0	0
979	0x50c4630	_dev_name	0xe	12	0	0	0
980	0x5042e34	_dgetent	0xe	1	0	0	0
981	0x50c4648	_tbuf	0xe	12	0	0	0
982	0x5042f64	_dnamatch	0xe	1	0	0	0
983	0x5043028	_dskip	0xe	1	0	0	0
984	0x504304c	_dgetnum	0xe	1	0	0	0
985	0x5043100	_dgetflag	0xe	1	0	0	0
986	0x504315c	_dgetstr	0xe	1	0	0	0
987	0x50431b8	_ddecode	0xe	1	0	0	0
988	0x50c462c	_label.97	0xe	12	0	0	0
989	0x50be931	_shell	0xe	4	0	0	0
990	0x5043534	_execat	0xe	1	0	0	0
991	0x50be939	_TMPFILE	0xe	4	0	0	0
992	0x50c1424	_line.6	0xe	7	0	0	0
993	0x50c464c	_xent.7	0xe	12	0	0	0
994	0x50c1428	_tokenbuf.14	0xe	7	0	0	0
995	0x5043af0	_skipwhite	0xe	1	0	0	0
996	0x5043b10	_skipnonwhite	0xe	1	0	0	0
997	0x50c142c	_EMPTY	0xe	7	0	0	0
998	0x5043b2c	_striphash_fgets	0xe	1	0	0	0
999	0x5043bb4	_pwskip	0xe	1	0	0	0
1000	0x50c4654	_pwp.8	0xe	12	0	0	0
1001	0x50c4658	_line.9	0xe	12	0	0	0
1002	0x5043be8	_interpret	0xe	1	0	0	0
1003	0x5043e34	_fstabscan	0xe	1	0	0	0
1004	0x50c4660	_fs_file	0xe	12	0	0	0
1005	0x50c465c	_pfs	0xe	12	0	0	0
1006	0x50c1430	_environ_pointer.80	0xe	7	0	0	0
1007	0x5005ee0	_nvmatch	0xe	1	0	0	0
1008	0x50be949	_GROUP	0xe	4	0	0	0
1009	0x50c1434	_firsttime	0xe	7	0	0	0
1010	0x50441c0	_striphash_fgets	0xe	1	0	0	0
1011	0x50c466c	__grjunk	0xe	12	0	0	0
1012	0x50c4670	_usingyellow	0xe	12	0	0	0
1013	0x504453c	_grskip	0xe	1	0	0	0
1014	0x50c4664	_savegp.18	0xe	12	0	0	0
1015	0x50447d4	_interpret	0xe	1	0	0	0
1016	0x50448d0	_freeminuslist	0xe	1	0	0	0
1017	0x504491c	_interpretwithsave	0xe	1	0	0	0
1018	0x5044974	_onminuslist	0xe	1	0	0	0
1019	0x50449c8	_getnextfromyellow	0xe	1	0	0	0
1020	0x5044a40	_getfirstfromyellow	0xe	1	0	0	0
1021	0x5044ab0	_getnamefromyellow	0xe	1	0	0	0
1022	0x5044b54	_addtominuslist	0xe	1	0	0	0
1023	0x50c4668	_sv.39	0xe	12	0	0	0
1024	0x5044bb4	_save	0xe	1	0	0	0
1025	0x5044d78	_matchname	0xe	1	0	0	0
1026	0x5044e54	_matchgid	0xe	1	0	0	0
1027	0x5044f18	_gidof	0xe	1	0	0	0
1028	0x5044f58	_getgidfromyellow	0xe	1	0	0	0
1029	0x50be954	_UTMP	0xe	4	0	0	0
1030	0x50c4674	_ubuf	0xe	12	0	0	0
1031	0x50c4698	_pbuf.2	0xe	12	0	0	0
1032	0x50c1438	_EMPTY	0xe	7	0	0	0
1033	0x504523c	_striphash_fgets	0xe	1	0	0	0
1034	0x5045270	__pwjunk	0xe	1	0	0	0
1035	0x50c46d0	___pwjunk	0xe	12	0	0	0
1036	0x50c46a4	_passwd.6	0xe	12	0	0	0
1037	0x50452b8	_fetchpw	0xe	1	0	0	0
1038	0x50c46d4	__pw_db	0xe	12	0	0	0
1039	0x50c46d8	__pw_stayopen	0xe	12	0	0	0
1040	0x50459a0	_pwskip	0xe	1	0	0	0
1041	0x50c46c8	_savepw.21	0xe	12	0	0	0
1042	0x5045d98	_matchname	0xe	1	0	0	0
1043	0x5045edc	_matchuid	0xe	1	0	0	0
1044	0x5046090	_uidof	0xe	1	0	0	0
1045	0x50460c4	_getnextfromyellow	0xe	1	0	0	0
1046	0x5046144	_getfirstfromyellow	0xe	1	0	0	0
1047	0x50461bc	_getnamefromyellow	0xe	1	0	0	0
1048	0x5046288	_getuidfromyellow	0xe	1	0	0	0
1049	0x5046368	_interpretwithsave	0xe	1	0	0	0
1050	0x50463d0	_interpret	0xe	1	0	0	0
1051	0x50464dc	_freeminuslist	0xe	1	0	0	0
1052	0x504651c	_addtominuslist	0xe	1	0	0	0
1053	0x50c46cc	_sv.46	0xe	12	0	0	0
1054	0x5046570	_save	0xe	1	0	0	0
1055	0x50466d4	_onminuslist	0xe	1	0	0	0
1056	0x50c143c	___ttyjunk	0xe	7	0	0	0
1057	0x5046720	__ttyjunk	0xe	1	0	0	0
1058	0x50467cc	_skip	0xe	1	0	0	0
1059	0x5046874	_value	0xe	1	0	0	0
1060	0x50c1440	_okshells	0xe	7	0	0	0
1061	0x50c144c	_strings	0xe	7	0	0	0
1062	0x50c46e0	_curshell	0xe	12	0	0	0
1063	0x50c46dc	_shells	0xe	12	0	0	0
1064	0x5046b68	_initshells	0xe	1	0	0	0
1065	0x50c1450	_pathsize	0xe	7	0	0	0
1066	0x50c1454	_cachedName.80	0xe	7	0	0	0
1067	0x5046df4	_real_getwd	0xe	1	0	0	0
1068	0x50470bc	_prepend	0xe	1	0	0	0
1069	0x50c1458	_rld_get_loaded_state	0xe	7	0	0	0
1070	0x50c145c	_profiling	0xe	7	0	0	0
1071	0x50c145d	_init	0xe	7	0	0	0
1072	0x50c1460	_order	0xe	7	0	0	0
1073	0x50c1464	_mon	0xe	7	0	0	0
1074	0x50c1468	_nmon	0xe	7	0	0	0
1075	0x50473ac	_monsetup	0xe	1	0	0	0
1076	0x50c1470	_malloc_static	0xe	7	0	0	0
1077	0x50c149c	_MallocErrorFunc	0xe	7	0	0	0
1078	0x5048a50	_DefaultMallocError	0xe	1	0	0	0
1079	0x5049f30	_malloc_check	0xe	1	0	0	0
1080	0x5049cd0	_errmessage	0xe	1	0	0	0
1081	0x504aad0	_stdmessage	0xe	1	0	0	0
1082	0x5003e70	_heapadd	0xe	1	0	0	0
1083	0x5003370	_heapremove	0xe	1	0	0	0
1084	0x5003150	_upheap	0xe	1	0	0	0
1085	0x5002d50	_downheap	0xe	1	0	0	0
1086	0x504a320	_malloc_init	0xe	1	0	0	0
1087	0x504a7b0	_nxdestroyzone	0xe	1	0	0	0
1088	0x5049e50	_joinzonesnolock	0xe	1	0	0	0
1089	0x5007b50	_newzonedatanolock	0xe	1	0	0	0
1090	0x5049ec0	_keepzonenolock	0xe	1	0	0	0
1091	0x5049ad0	_dolockordebug	0xe	1	0	0	0
1092	0x5007220	__valloczonenolock	0xe	1	0	0	0
1093	0x5049820	_break_region	0xe	1	0	0	0
1094	0x504a780	_newregionnolock	0xe	1	0	0	0
1095	0x50075f0	_checkregionsallocation	0xe	1	0	0	0
1096	0x50499c0	_delregionnolock	0xe	1	0	0	0
1097	0x5049a30	_delzonenolock	0xe	1	0	0	0
1098	0x5049720	_addregionnolock	0xe	1	0	0	0
1099	0x50031f0	_findregionnolock	0xe	1	0	0	0
1100	0x5004020	_nxzonemalloc	0xe	1	0	0	0
1101	0x504a530	_mallocnofree	0xe	1	0	0	0
1102	0x5002680	_nxzonemallocnolock	0xe	1	0	0	0
1103	0x504a590	_mallocnofreenolock	0xe	1	0	0	0
1104	0x504a620	_morememnolock	0xe	1	0	0	0
1105	0x5049d00	_internal_zone_extend	0xe	1	0	0	0
1106	0x504a9c0	_nxzonerealloc	0xe	1	0	0	0
1107	0x50055c0	_nxzonereallocnolock	0xe	1	0	0	0
1108	0x5005810	_NXZoneRealloc_canyou	0xe	1	0	0	0
1109	0x5005f20	_nxzonefree	0xe	1	0	0	0
1110	0x5002830	_nxzonefreenolock	0xe	1	0	0	0
1111	0x50498d0	_checkfreearrayallocation	0xe	1	0	0	0
1112	0x5049bd0	_dumpheap	0xe	1	0	0	0
1113	0x5049940	_checkheap	0xe	1	0	0	0
1114	0x5049f50	_malloc_checkfreeheaps	0xe	1	0	0	0
1115	0x5049fb0	_malloc_checkzones	0xe	1	0	0	0
1116	0x504ab50	_vallocnolock	0xe	1	0	0	0
1117	0x5049e00	_isMallocData	0xe	1	0	0	0
1118	0x504abe0	_vfreenolock	0xe	1	0	0	0
1119	0x50c14a0	_MallocErrorMessages.126	0xe	7	0	0	0
1120	0x50c14dc	_mntp	0xe	7	0	0	0
1121	0x504ad88	_mntstr	0xe	1	0	0	0
1122	0x504ae28	_mntdigit	0xe	1	0	0	0
1123	0x50c14e0	_line.8	0xe	7	0	0	0
1124	0x504aee8	_mnttabscan	0xe	1	0	0	0
1125	0x504b120	_mntopt	0xe	1	0	0	0
1126	0x504b210	_mntprtent	0xe	1	0	0	0
1127	0x504b8c8	_dbm_access	0xe	1	0	0	0
1128	0x504b958	_getbit	0xe	1	0	0	0
1129	0x504ba1c	_setbit	0xe	1	0	0	0
1130	0x504bb1c	_makdatum	0xe	1	0	0	0
1131	0x504bb68	_finddatum	0xe	1	0	0	0
1132	0x50c14e4	_hitab	0xe	7	0	0	0
1133	0x50be960	_hltab	0xe	4	0	0	0
1134	0x504bbcc	_hashinc	0xe	1	0	0	0
1135	0x504bbfc	_dcalchash	0xe	1	0	0	0
1136	0x504bc74	_delitem	0xe	1	0	0	0
1137	0x504bd08	_additem	0xe	1	0	0	0
1138	0x50c1524	_popen_pid	0xe	7	0	0	0
1139	0x50c1528	_nfiles	0xe	7	0	0	0
1140	0x5005130	_qst	0xe	1	0	0	0
1141	0x50c152c	_degrees	0xe	7	0	0	0
1142	0x50c1540	_seps	0xe	7	0	0	0
1143	0x50c1554	_randtbl	0xe	7	0	0	0
1144	0x50c15d4	_fptr	0xe	7	0	0	0
1145	0x50c15d8	_rptr	0xe	7	0	0	0
1146	0x50c15dc	_state	0xe	7	0	0	0
1147	0x50c15e0	_rand_type	0xe	7	0	0	0
1148	0x50c15e4	_rand_deg	0xe	7	0	0	0
1149	0x50c15e8	_rand_sep	0xe	7	0	0	0
1150	0x50c15ec	_end_ptr	0xe	7	0	0	0
1151	0x504cca8	_resolvelinks	0xe	1	0	0	0
1152	0x504cf08	_resolvedots	0xe	1	0	0	0
1153	0x504d264	_re_alloc	0xe	1	0	0	0
1154	0x50c15f0	_retoolong.6	0xe	7	0	0	0
1155	0x50c47e4	_R	0xe	12	0	0	0
1156	0x504d710	_advance	0xe	1	0	0	0
1157	0x50c46e4	_prev.21	0xe	12	0	0	0
1158	0x50c15f4	_mask.2	0xe	7	0	0	0
1159	0x50c1674	_flags.3	0xe	7	0	0	0
1160	0x504dd98	_signal__	0xe	1	0	0	0
1161	0x504debc	_msleep	0xe	1	0	0	0
1162	0x50bec4a	_charmap	0xe	4	0	0	0
1163	0x50bed4a	_logname	0xe	4	0	0	0
1164	0x50bed53	_ctty	0xe	4	0	0	0
1165	0x50c16f4	_LogFile	0xe	7	0	0	0
1166	0x50c16f8	_LogStat	0xe	7	0	0	0
1167	0x50c16fc	_LogTag	0xe	7	0	0	0
1168	0x50c1700	_LogMask	0xe	7	0	0	0
1169	0x50c1704	_LogFacility	0xe	7	0	0	0
1170	0x50c1708	_SyslogAddr	0xe	7	0	0	0
1171	0x504e11c	__do_syslog	0xe	1	0	0	0
1172	0x50c4a38	_czone	0xe	12	0	0	0
1173	0x50c4084	_zonetab	0xe	11	0	0	0
1174	0x50bed60	_dev	0xe	4	0	0	0
1175	0x50c4a6a	_rbuf.80	0xe	12	0	0	0
1176	0x50c4a8c	_ringring	0xe	12	0	0	0
1177	0x504ec98	_sleepx	0xe	1	0	0	0
1178	0x50c171c	_buf.6	0xe	7	0	0	0
1179	0x504ed5c	_cvt	0xe	1	0	0	0
1180	0x504f01c	_ecvt_rint	0xe	1	0	0	0
1181	0x50c187c	_monfunc_addrs	0xe	7	0	0	0
1182	0x0	__framesize	0x2	0	0	0	0
1183	0x0	__nested_function	0x2	0	0	0	0
1184	0x0	__framesize	0x2	0	0	0	0
1185	0x0	__nested_function	0x2	0	0	0	0
1186	0x0	__framesize	0x2	0	0	0	0
1187	0x0	__nested_function	0x2	0	0	0	0
1188	0x8	__framesize	0x2	0	0	0	0
1189	0x0	__nested_function	0x2	0	0	0	0
1190	0x0	__framesize	0x2	0	0	0	0
1191	0x0	__nested_function	0x2	0	0	0	0
1192	0x0	__framesize	0x2	0	0	0	0
1193	0x0	__nested_function	0x2	0	0	0	0
1194	0x50c18b0	_b.72	0xe	7	0	0	0
1195	0x504fc7c	_badd	0xe	1	0	0	0
1196	0x5050024	_bshift	0xe	1	0	0	0
1197	0x50c1ac3	_woops.2	0xe	7	0	0	0
1198	0x5050980	_bsub	0xe	1	0	0	0
1199	0x50c1aec	_old_next_minbrk	0xe	7	0	0	0
1200	0x50c1aec	old_next_minbrk	0xe	7	0	0	0
1201	0x50c1af0	_old_next_curbrk	0xe	7	0	0	0
1202	0x50c1af0	old_next_curbrk	0xe	7	0	0	0
1203	0x50511a0	_mach_init_doit	0xe	1	0	0	0
1204	0x50c1bc8	_RetCodeType	0xe	7	0	0	0
1205	0x50c1bcc	_sbrk_needs_init	0xe	7	0	0	0
1206	0x50c1bd0	_sbrk_region_size	0xe	7	0	0	0
1207	0x50c4a90	_sbrk_curbrk	0xe	12	0	0	0
1208	0x0	__framesize	0x2	0	0	0	0
1209	0x0	__nested_function	0x2	0	0	0	0
1210	0x50bed6c	_service_nameType.10	0xe	4	0	0	0
1211	0x50bed78	_RetCodeCheck.11	0xe	4	0	0	0
1212	0x50bed7c	_service_portCheck.12	0xe	4	0	0	0
1213	0x50bed80	_service_nameType.15	0xe	4	0	0	0
1214	0x50bed8c	_service_portType.16	0xe	4	0	0	0
1215	0x50bed90	_RetCodeCheck.17	0xe	4	0	0	0
1216	0x50bed94	_service_nameType.20	0xe	4	0	0	0
1217	0x50beda0	_RetCodeCheck.21	0xe	4	0	0	0
1218	0x50beda4	_service_portCheck.22	0xe	4	0	0	0
1219	0x50beda8	_service_namesType.25	0xe	4	0	0	0
1220	0x50bedb4	_RetCodeCheck.26	0xe	4	0	0	0
1221	0x50bedb8	_all_services_knownCheck.27	0xe	4	0	0	0
1222	0x50bedbc	_service_nameType.30	0xe	4	0	0	0
1223	0x50bedc8	_RetCodeCheck.31	0xe	4	0	0	0
1224	0x50bedcc	_service_activeCheck.32	0xe	4	0	0	0
1225	0x50bedd0	_RetCodeCheck.35	0xe	4	0	0	0
1226	0x50bedd4	_requestor_portType.38	0xe	4	0	0	0
1227	0x50bedd8	_RetCodeCheck.39	0xe	4	0	0	0
1228	0x50beddc	_subset_portCheck.40	0xe	4	0	0	0
1229	0x50bede0	_service_nameType.43	0xe	4	0	0	0
1230	0x50bedec	_RetCodeCheck.44	0xe	4	0	0	0
1231	0x50bedf0	_service_portCheck.45	0xe	4	0	0	0
1232	0x50bedf4	_threadType.10	0xe	4	0	0	0
1233	0x50bedf8	_taskType.11	0xe	4	0	0	0
1234	0x50bedfc	_exceptionType.12	0xe	4	0	0	0
1235	0x50bee00	_codeType.13	0xe	4	0	0	0
1236	0x50bee04	_subcodeType.14	0xe	4	0	0	0
1237	0x50bee08	_RetCodeCheck.15	0xe	4	0	0	0
1238	0x50bee0c	_threadCheck.10	0xe	4	0	0	0
1239	0x50bee10	_taskCheck.11	0xe	4	0	0	0
1240	0x50bee14	_exceptionCheck.12	0xe	4	0	0	0
1241	0x50bee18	_codeCheck.13	0xe	4	0	0	0
1242	0x50bee1c	_subcodeCheck.14	0xe	4	0	0	0
1243	0x505230c	__Xexception_raise	0xe	1	0	0	0
1244	0x50bee20	_RetCodeType.17	0xe	4	0	0	0
1245	0x50c4114	_routines.18	0xe	11	0	0	0
1246	0x50bee24	_inherit_memoryType.10	0xe	4	0	0	0
1247	0x50bee28	_RetCodeCheck.11	0xe	4	0	0	0
1248	0x50bee2c	_child_taskCheck.12	0xe	4	0	0	0
1249	0x50bee30	_RetCodeCheck.15	0xe	4	0	0	0
1250	0x50bee34	_RetCodeCheck.18	0xe	4	0	0	0
1251	0x50bee38	_RetCodeCheck.21	0xe	4	0	0	0
1252	0x50bee3c	_addressType.24	0xe	4	0	0	0
1253	0x50bee40	_sizeType.25	0xe	4	0	0	0
1254	0x50bee44	_anywhereType.26	0xe	4	0	0	0
1255	0x50bee48	_RetCodeCheck.27	0xe	4	0	0	0
1256	0x50bee4c	_addressCheck.28	0xe	4	0	0	0
1257	0x50bee50	_addressType.31	0xe	4	0	0	0
1258	0x50bee54	_sizeType.32	0xe	4	0	0	0
1259	0x50bee58	_RetCodeCheck.33	0xe	4	0	0	0
1260	0x50bee5c	_addressType.36	0xe	4	0	0	0
1261	0x50bee60	_sizeType.37	0xe	4	0	0	0
1262	0x50bee64	_set_maximumType.38	0xe	4	0	0	0
1263	0x50bee68	_new_protectionType.39	0xe	4	0	0	0
1264	0x50bee6c	_RetCodeCheck.40	0xe	4	0	0	0
1265	0x50bee70	_addressType.43	0xe	4	0	0	0
1266	0x50bee74	_sizeType.44	0xe	4	0	0	0
1267	0x50bee78	_new_inheritanceType.45	0xe	4	0	0	0
1268	0x50bee7c	_RetCodeCheck.46	0xe	4	0	0	0
1269	0x50bee80	_addressType.49	0xe	4	0	0	0
1270	0x50bee84	_sizeType.50	0xe	4	0	0	0
1271	0x50bee88	_RetCodeCheck.51	0xe	4	0	0	0
1272	0x50bee8c	_addressType.54	0xe	4	0	0	0
1273	0x50bee90	_dataType.55	0xe	4	0	0	0
1274	0x50bee9c	_RetCodeCheck.56	0xe	4	0	0	0
1275	0x50beea0	_source_addressType.59	0xe	4	0	0	0
1276	0x50beea4	_sizeType.60	0xe	4	0	0	0
1277	0x50beea8	_dest_addressType.61	0xe	4	0	0	0
1278	0x50beeac	_RetCodeCheck.62	0xe	4	0	0	0
1279	0x50beeb0	_addressType.65	0xe	4	0	0	0
1280	0x50beeb4	_RetCodeCheck.66	0xe	4	0	0	0
1281	0x50beeb8	_addressCheck.67	0xe	4	0	0	0
1282	0x50beebc	_sizeCheck.68	0xe	4	0	0	0
1283	0x50beec0	_protectionCheck.69	0xe	4	0	0	0
1284	0x50beec4	_max_protectionCheck.70	0xe	4	0	0	0
1285	0x50beec8	_inheritanceCheck.71	0xe	4	0	0	0
1286	0x50beecc	_is_sharedCheck.72	0xe	4	0	0	0
1287	0x50beed0	_object_nameCheck.73	0xe	4	0	0	0
1288	0x50beed4	_offsetCheck.74	0xe	4	0	0	0
1289	0x50beed8	_RetCodeCheck.77	0xe	4	0	0	0
1290	0x50beedc	_vm_statsCheck.78	0xe	4	0	0	0
1291	0x50beee0	_process_idType.81	0xe	4	0	0	0
1292	0x50beee4	_RetCodeCheck.82	0xe	4	0	0	0
1293	0x50beee8	_result_taskCheck.83	0xe	4	0	0	0
1294	0x50beeec	_RetCodeCheck.86	0xe	4	0	0	0
1295	0x50beef0	_process_idCheck.87	0xe	4	0	0	0
1296	0x50beef4	_src_addrType.90	0xe	4	0	0	0
1297	0x50beef8	_dst_addrType.91	0xe	4	0	0	0
1298	0x50beefc	_src_portType.92	0xe	4	0	0	0
1299	0x50bef00	_dst_portType.93	0xe	4	0	0	0
1300	0x50bef04	_protocolType.94	0xe	4	0	0	0
1301	0x50bef08	_ipc_portType.95	0xe	4	0	0	0
1302	0x50bef0c	_RetCodeCheck.96	0xe	4	0	0	0
1303	0x50bef10	_ipc_portType.99	0xe	4	0	0	0
1304	0x50bef14	_RetCodeCheck.100	0xe	4	0	0	0
1305	0x50bef18	_RetCodeCheck.103	0xe	4	0	0	0
1306	0x50bef1c	_infoCheck.104	0xe	4	0	0	0
1307	0x50bef20	_slotType.107	0xe	4	0	0	0
1308	0x50bef24	_RetCodeCheck.108	0xe	4	0	0	0
1309	0x50bef28	_infoCheck.109	0xe	4	0	0	0
1310	0x50bef2c	_cpuType.112	0xe	4	0	0	0
1311	0x50bef30	_runningType.113	0xe	4	0	0	0
1312	0x50bef34	_RetCodeCheck.114	0xe	4	0	0	0
1313	0x50bef38	_RetCodeCheck.117	0xe	4	0	0	0
1314	0x50bef3c	_RetCodeCheck.120	0xe	4	0	0	0
1315	0x50bef40	_which_portType.123	0xe	4	0	0	0
1316	0x50bef44	_RetCodeCheck.124	0xe	4	0	0	0
1317	0x50bef48	_special_portCheck.125	0xe	4	0	0	0
1318	0x50bef4c	_which_portType.128	0xe	4	0	0	0
1319	0x50bef50	_special_portType.129	0xe	4	0	0	0
1320	0x50bef54	_RetCodeCheck.130	0xe	4	0	0	0
1321	0x50bef58	_flavorType.133	0xe	4	0	0	0
1322	0x50bef5c	_RetCodeCheck.134	0xe	4	0	0	0
1323	0x50bef60	_RetCodeCheck.137	0xe	4	0	0	0
1324	0x50bef64	_child_threadCheck.138	0xe	4	0	0	0
1325	0x50bef68	_RetCodeCheck.141	0xe	4	0	0	0
1326	0x50bef6c	_RetCodeCheck.144	0xe	4	0	0	0
1327	0x50bef70	_RetCodeCheck.147	0xe	4	0	0	0
1328	0x50bef74	_flavorType.150	0xe	4	0	0	0
1329	0x50bef78	_RetCodeCheck.151	0xe	4	0	0	0
1330	0x50bef7c	_flavorType.154	0xe	4	0	0	0
1331	0x50bef80	_new_stateType.155	0xe	4	0	0	0
1332	0x50bef8c	_RetCodeCheck.156	0xe	4	0	0	0
1333	0x50bef90	_which_portType.159	0xe	4	0	0	0
1334	0x50bef94	_RetCodeCheck.160	0xe	4	0	0	0
1335	0x50bef98	_special_portCheck.161	0xe	4	0	0	0
1336	0x50bef9c	_which_portType.164	0xe	4	0	0	0
1337	0x50befa0	_special_portType.165	0xe	4	0	0	0
1338	0x50befa4	_RetCodeCheck.166	0xe	4	0	0	0
1339	0x50befa8	_flavorType.169	0xe	4	0	0	0
1340	0x50befac	_RetCodeCheck.170	0xe	4	0	0	0
1341	0x50befb0	_RetCodeCheck.173	0xe	4	0	0	0
1342	0x50befb4	_port_nameType.176	0xe	4	0	0	0
1343	0x50befb8	_RetCodeCheck.177	0xe	4	0	0	0
1344	0x50befbc	_port_type_pCheck.178	0xe	4	0	0	0
1345	0x50befc0	_old_nameType.181	0xe	4	0	0	0
1346	0x50befc4	_new_nameType.182	0xe	4	0	0	0
1347	0x50befc8	_RetCodeCheck.183	0xe	4	0	0	0
1348	0x50befcc	_RetCodeCheck.186	0xe	4	0	0	0
1349	0x50befd0	_port_nameCheck.187	0xe	4	0	0	0
1350	0x50befd4	_port_nameType.190	0xe	4	0	0	0
1351	0x50befd8	_RetCodeCheck.191	0xe	4	0	0	0
1352	0x50befdc	_port_nameType.194	0xe	4	0	0	0
1353	0x50befe0	_backlogType.195	0xe	4	0	0	0
1354	0x50befe4	_RetCodeCheck.196	0xe	4	0	0	0
1355	0x50befe8	_port_nameType.199	0xe	4	0	0	0
1356	0x50befec	_RetCodeCheck.200	0xe	4	0	0	0
1357	0x50beff0	_enabledCheck.201	0xe	4	0	0	0
1358	0x50beff4	_num_msgsCheck.202	0xe	4	0	0	0
1359	0x50beff8	_backlogCheck.203	0xe	4	0	0	0
1360	0x50beffc	_ownershipCheck.204	0xe	4	0	0	0
1361	0x50bf000	_receive_rightsCheck.205	0xe	4	0	0	0
1362	0x50bf004	_RetCodeCheck.208	0xe	4	0	0	0
1363	0x50bf008	_set_nameCheck.209	0xe	4	0	0	0
1364	0x50bf00c	_set_nameType.212	0xe	4	0	0	0
1365	0x50bf010	_RetCodeCheck.213	0xe	4	0	0	0
1366	0x50bf014	_set_nameType.216	0xe	4	0	0	0
1367	0x50bf018	_port_nameType.217	0xe	4	0	0	0
1368	0x50bf01c	_RetCodeCheck.218	0xe	4	0	0	0
1369	0x50bf020	_port_nameType.221	0xe	4	0	0	0
1370	0x50bf024	_RetCodeCheck.222	0xe	4	0	0	0
1371	0x50bf028	_set_nameType.225	0xe	4	0	0	0
1372	0x50bf02c	_RetCodeCheck.226	0xe	4	0	0	0
1373	0x50bf030	_my_portType.229	0xe	4	0	0	0
1374	0x50bf034	_his_nameType.230	0xe	4	0	0	0
1375	0x50bf038	_RetCodeCheck.231	0xe	4	0	0	0
1376	0x50bf03c	_his_nameType.234	0xe	4	0	0	0
1377	0x50bf040	_RetCodeCheck.235	0xe	4	0	0	0
1378	0x50bf044	_his_portCheck.236	0xe	4	0	0	0
1379	0x50bf048	_my_portType.239	0xe	4	0	0	0
1380	0x50bf04c	_his_nameType.240	0xe	4	0	0	0
1381	0x50bf050	_RetCodeCheck.241	0xe	4	0	0	0
1382	0x50bf054	_his_nameType.244	0xe	4	0	0	0
1383	0x50bf058	_RetCodeCheck.245	0xe	4	0	0	0
1384	0x50bf05c	_his_portCheck.246	0xe	4	0	0	0
1385	0x50bf060	_port_nameType.249	0xe	4	0	0	0
1386	0x50bf064	_backupType.250	0xe	4	0	0	0
1387	0x50bf068	_RetCodeCheck.251	0xe	4	0	0	0
1388	0x50bf06c	_previousCheck.252	0xe	4	0	0	0
1389	0x50bf070	_addressType.255	0xe	4	0	0	0
1390	0x50bf074	_sizeType.256	0xe	4	0	0	0
1391	0x50bf078	_attributeType.257	0xe	4	0	0	0
1392	0x50bf07c	_valueType.258	0xe	4	0	0	0
1393	0x50bf080	_RetCodeCheck.259	0xe	4	0	0	0
1394	0x50bf084	_valueCheck.260	0xe	4	0	0	0
1395	0x50bf088	_addressType.263	0xe	4	0	0	0
1396	0x50bf08c	_sizeType.264	0xe	4	0	0	0
1397	0x50bf090	_RetCodeCheck.265	0xe	4	0	0	0
1398	0x50bf094	_addressType.268	0xe	4	0	0	0
1399	0x50bf098	_sizeType.269	0xe	4	0	0	0
1400	0x50bf09c	_policyType.270	0xe	4	0	0	0
1401	0x50bf0a0	_RetCodeCheck.271	0xe	4	0	0	0
1402	0x50bf0a4	_addressType.274	0xe	4	0	0	0
1403	0x50bf0a8	_sizeType.275	0xe	4	0	0	0
1404	0x50bf0ac	_whenType.276	0xe	4	0	0	0
1405	0x50bf0b0	_RetCodeCheck.277	0xe	4	0	0	0
1406	0x50bf0b4	_RetCodeCheck.10	0xe	4	0	0	0
1407	0x50bf0b8	_flavorType.13	0xe	4	0	0	0
1408	0x50bf0bc	_RetCodeCheck.14	0xe	4	0	0	0
1409	0x50bf0c0	_flavorType.17	0xe	4	0	0	0
1410	0x50bf0c4	_RetCodeCheck.18	0xe	4	0	0	0
1411	0x50bf0c8	_hostCheck.19	0xe	4	0	0	0
1412	0x50bf0cc	_RetCodeCheck.22	0xe	4	0	0	0
1413	0x50bf0d0	_RetCodeCheck.25	0xe	4	0	0	0
1414	0x50bf0d4	_processor_cmdType.28	0xe	4	0	0	0
1415	0x50bf0e0	_RetCodeCheck.29	0xe	4	0	0	0
1416	0x50bf0e4	_RetCodeCheck.32	0xe	4	0	0	0
1417	0x50bf0e8	_default_setCheck.33	0xe	4	0	0	0
1418	0x50bf0ec	_RetCodeCheck.36	0xe	4	0	0	0
1419	0x50bf0f0	_new_setCheck.37	0xe	4	0	0	0
1420	0x50bf0f4	_new_nameCheck.38	0xe	4	0	0	0
1421	0x50bf0f8	_RetCodeCheck.41	0xe	4	0	0	0
1422	0x50bf0fc	_flavorType.44	0xe	4	0	0	0
1423	0x50bf100	_RetCodeCheck.45	0xe	4	0	0	0
1424	0x50bf104	_hostCheck.46	0xe	4	0	0	0
1425	0x50bf108	_new_setType.49	0xe	4	0	0	0
1426	0x50bf10c	_waitType.50	0xe	4	0	0	0
1427	0x50bf110	_RetCodeCheck.51	0xe	4	0	0	0
1428	0x50bf114	_RetCodeCheck.54	0xe	4	0	0	0
1429	0x50bf118	_assigned_setCheck.55	0xe	4	0	0	0
1430	0x50bf11c	_new_setType.58	0xe	4	0	0	0
1431	0x50bf120	_RetCodeCheck.59	0xe	4	0	0	0
1432	0x50bf124	_RetCodeCheck.62	0xe	4	0	0	0
1433	0x50bf128	_RetCodeCheck.65	0xe	4	0	0	0
1434	0x50bf12c	_assigned_setCheck.66	0xe	4	0	0	0
1435	0x50bf130	_new_setType.69	0xe	4	0	0	0
1436	0x50bf134	_assign_threadsType.70	0xe	4	0	0	0
1437	0x50bf138	_RetCodeCheck.71	0xe	4	0	0	0
1438	0x50bf13c	_assign_threadsType.74	0xe	4	0	0	0
1439	0x50bf140	_RetCodeCheck.75	0xe	4	0	0	0
1440	0x50bf144	_RetCodeCheck.78	0xe	4	0	0	0
1441	0x50bf148	_assigned_setCheck.79	0xe	4	0	0	0
1442	0x50bf14c	_RetCodeCheck.82	0xe	4	0	0	0
1443	0x50bf150	_priorityType.85	0xe	4	0	0	0
1444	0x50bf154	_set_maxType.86	0xe	4	0	0	0
1445	0x50bf158	_RetCodeCheck.87	0xe	4	0	0	0
1446	0x50bf15c	_processor_setType.90	0xe	4	0	0	0
1447	0x50bf160	_max_priorityType.91	0xe	4	0	0	0
1448	0x50bf164	_RetCodeCheck.92	0xe	4	0	0	0
1449	0x50bf168	_priorityType.95	0xe	4	0	0	0
1450	0x50bf16c	_change_threadsType.96	0xe	4	0	0	0
1451	0x50bf170	_RetCodeCheck.97	0xe	4	0	0	0
1452	0x50bf174	_max_priorityType.100	0xe	4	0	0	0
1453	0x50bf178	_change_threadsType.101	0xe	4	0	0	0
1454	0x50bf17c	_RetCodeCheck.102	0xe	4	0	0	0
1455	0x50bf180	_policyType.105	0xe	4	0	0	0
1456	0x50bf184	_dataType.106	0xe	4	0	0	0
1457	0x50bf188	_RetCodeCheck.107	0xe	4	0	0	0
1458	0x50bf18c	_policyType.110	0xe	4	0	0	0
1459	0x50bf190	_RetCodeCheck.111	0xe	4	0	0	0
1460	0x50bf194	_policyType.114	0xe	4	0	0	0
1461	0x50bf198	_change_threadsType.115	0xe	4	0	0	0
1462	0x50bf19c	_RetCodeCheck.116	0xe	4	0	0	0
1463	0x50bf1a0	_RetCodeCheck.119	0xe	4	0	0	0
1464	0x50bf1a4	_RetCodeCheck.122	0xe	4	0	0	0
1465	0x50bf1a8	_RetCodeCheck.125	0xe	4	0	0	0
1466	0x50bf1ac	_set_nameType.128	0xe	4	0	0	0
1467	0x50bf1b0	_RetCodeCheck.129	0xe	4	0	0	0
1468	0x50bf1b4	_setCheck.130	0xe	4	0	0	0
1469	0x50bf1b8	_RetCodeCheck.133	0xe	4	0	0	0
1470	0x50bf1bc	_new_timeType.136	0xe	4	0	0	0
1471	0x50bf1c0	_RetCodeCheck.137	0xe	4	0	0	0
1472	0x50bf1c4	_new_adjustmentType.140	0xe	4	0	0	0
1473	0x50bf1c8	_RetCodeCheck.141	0xe	4	0	0	0
1474	0x50bf1cc	_old_adjustmentCheck.142	0xe	4	0	0	0
1475	0x50bf1d0	_RetCodeCheck.145	0xe	4	0	0	0
1476	0x50bf1d4	_current_timeCheck.146	0xe	4	0	0	0
1477	0x50bf1d8	_port_nameType.10	0xe	4	0	0	0
1478	0x50bf1e4	_signatureType.11	0xe	4	0	0	0
1479	0x50bf1e8	_port_idType.12	0xe	4	0	0	0
1480	0x50bf1ec	_RetCodeCheck.13	0xe	4	0	0	0
1481	0x50bf1f0	_host_nameType.16	0xe	4	0	0	0
1482	0x50bf1fc	_port_nameType.17	0xe	4	0	0	0
1483	0x50bf208	_RetCodeCheck.18	0xe	4	0	0	0
1484	0x50bf20c	_port_idCheck.19	0xe	4	0	0	0
1485	0x50bf210	_port_nameType.22	0xe	4	0	0	0
1486	0x50bf21c	_signatureType.23	0xe	4	0	0	0
1487	0x50bf220	_RetCodeCheck.24	0xe	4	0	0	0
1488	0x50bf224	_RetCodeCheck.27	0xe	4	0	0	0
1489	0x50c4118	_ArchInfoTable	0xe	11	0	0	0
1490	0x50c1bd4	__mh_execute_header_pointer.80	0xe	7	0	0	0
1491	0x50c1bd8	__mh_execute_header_pointer.84	0xe	7	0	0	0
1492	0x50c1bdc	__mh_execute_header_pointer.91	0xe	7	0	0	0
1493	0x50c1be0	__mh_execute_header_pointer.80	0xe	7	0	0	0
1494	0x50c1be4	__mh_execute_header_pointer.80	0xe	7	0	0	0
1495	0x50bf228	_ethers	0xe	4	0	0	0
1496	0x50c4a94	_s.74	0xe	12	0	0	0
1497	0x50c4a98	_ep.77	0xe	12	0	0	0
1498	0x50c4a9c	_domain	0xe	12	0	0	0
1499	0x5058ea8	_yellowup	0xe	1	0	0	0
1500	0x50c4aa0	_usingyellow	0xe	12	0	0	0
1501	0x50bf234	_NETWORKS	0xe	4	0	0	0
1502	0x5058ee0	__netdata	0xe	1	0	0	0
1503	0x50c4aa4	_netdata	0xe	12	0	0	0
1504	0x50bf242	_BYADDR	0xe	4	0	0	0
1505	0x50c1be8	_line1.90	0xe	7	0	0	0
1506	0x5059338	_interpret	0xe	1	0	0	0
1507	0x505948c	_any	0xe	1	0	0	0
1508	0x50594bc	_yellowup	0xe	1	0	0	0
1509	0x50bf252	_NETGROUP	0xe	4	0	0	0
1510	0x50c4ab4	_oldgrp	0xe	12	0	0	0
1511	0x50c4aa8	_grouplist	0xe	12	0	0	0
1512	0x50c4aac	_grlist	0xe	12	0	0	0
1513	0x5059738	_doit	0xe	1	0	0	0
1514	0x50598bc	_fill	0xe	1	0	0	0
1515	0x505994c	_match	0xe	1	0	0	0
1516	0x50c4ab0	_domain	0xe	12	0	0	0
1517	0x50bf25b	_PROTODB	0xe	4	0	0	0
1518	0x50599bc	__protodata	0xe	1	0	0	0
1519	0x50c4ab8	_protodata	0xe	12	0	0	0
1520	0x5059df0	_interpret	0xe	1	0	0	0
1521	0x5059f38	_yellowup	0xe	1	0	0	0
1522	0x5059f70	_any	0xe	1	0	0	0
1523	0x50c1bec	_servdata	0xe	7	0	0	0
1524	0x50bf26a	_SERVDB	0xe	4	0	0	0
1525	0x50bf278	_YPMAP	0xe	4	0	0	0
1526	0x5059ffc	__servdata	0xe	1	0	0	0
1527	0x505a420	_interpret	0xe	1	0	0	0
1528	0x505a560	_yellowup	0xe	1	0	0	0
1529	0x505a5a0	_any	0xe	1	0	0	0
1530	0x505a6c0	_doit	0xe	1	0	0	0
1531	0x505aa7c	_any	0xe	1	0	0	0
1532	0x505aaac	_inlist	0xe	1	0	0	0
1533	0x505ab10	_lookup	0xe	1	0	0	0
1534	0x505ac50	_makekey	0xe	1	0	0	0
1535	0x50c4abc	_name	0xe	12	0	0	0
1536	0x50c4ac0	_machine	0xe	12	0	0	0
1537	0x50c4ac4	_domain	0xe	12	0	0	0
1538	0x50c4ad0	_domain	0xe	12	0	0	0
1539	0x50c4ac8	_ldomain.88	0xe	12	0	0	0
1540	0x50c4acc	_domainp.89	0xe	12	0	0	0
1541	0x50c1bf0	_nodomain.90	0xe	7	0	0	0
1542	0x505bc98	_renv	0xe	1	0	0	0
1543	0x50c1bf4	_environ_pointer.76	0xe	7	0	0	0
1544	0x505bd64	_renvlook	0xe	1	0	0	0
1545	0x50c4ad4	_ruserpassglobalsp.79	0xe	12	0	0	0
1546	0x505be00	_getruserpassglobalsp	0xe	1	0	0	0
1547	0x50c4294	_toktab	0xe	11	0	0	0
1548	0x505be34	_rnetrc	0xe	1	0	0	0
1549	0x50c4d18	_cfile	0xe	12	0	0	0
1550	0x505c0d4	_token	0xe	1	0	0	0
1551	0x50bf288	_e	0xe	4	0	0	0
1552	0x50c4ad8	_buf.86	0xe	12	0	0	0
1553	0x50c4aec	_oldbuf.87	0xe	12	0	0	0
1554	0x505c2b0	_nbsencrypt	0xe	1	0	0	0
1555	0x505c358	_nbsdecrypt	0xe	1	0	0	0
1556	0x50c4b00	_keyblk.92	0xe	12	0	0	0
1557	0x50c4b64	_blk.93	0xe	12	0	0	0
1558	0x505c3e0	_nbs8encrypt	0xe	1	0	0	0
1559	0x50c4bc8	_keyblk.96	0xe	12	0	0	0
1560	0x50c4c2c	_blk.97	0xe	12	0	0	0
1561	0x505c44c	_nbs8decrypt	0xe	1	0	0	0
1562	0x505c4b8	_enblkclr	0xe	1	0	0	0
1563	0x50c4c90	_iobuf.102	0xe	12	0	0	0
1564	0x505c51c	_deblkclr	0xe	1	0	0	0
1565	0x505c57c	_enblknot	0xe	1	0	0	0
1566	0x50c4cae	_iobuf.107	0xe	12	0	0	0
1567	0x505c5e8	_deblknot	0xe	1	0	0	0
1568	0x50bf2b8	_IP	0xe	4	0	0	0
1569	0x50bf2f8	_FP	0xe	4	0	0	0
1570	0x50bf338	_PC1_C	0xe	4	0	0	0
1571	0x50bf354	_PC1_D	0xe	4	0	0	0
1572	0x50bf370	_shifts	0xe	4	0	0	0
1573	0x50bf380	_PC2_C	0xe	4	0	0	0
1574	0x50bf398	_PC2_D	0xe	4	0	0	0
1575	0x505c658	_nbssetkey	0xe	1	0	0	0
1576	0x50bf3b0	_S	0xe	4	0	0	0
1577	0x50bf5b0	_P	0xe	4	0	0	0
1578	0x505c7f8	_blkencrypt	0xe	1	0	0	0
1579	0x50c4ccc	_utmpstr.114	0xe	12	0	0	0
1580	0x505caec	_getutmp	0xe	1	0	0	0
1581	0x505cb78	_sreverse	0xe	1	0	0	0
1582	0x50c4cf0	_skey.119	0xe	12	0	0	0
1583	0x505cbac	_mkenvkey	0xe	1	0	0	0
1584	0x505d040	_mklower	0xe	1	0	0	0
1585	0x505d06c	_dn_find	0xe	1	0	0	0
1586	0x505d1c8	_dewks	0xe	1	0	0	0
1587	0x50c4d1c	_retbuf	0xe	12	0	0	0
1588	0x505d68c	_deproto	0xe	1	0	0	0
1589	0x505d778	_do_rrset	0xe	1	0	0	0
1590	0x50c4d2c	_nbuf	0xe	12	0	0	0
1591	0x505fbe4	_res_setoptions	0xe	1	0	0	0
1592	0x505fd40	_net_mask	0xe	1	0	0	0
1593	0x505fd7c	_netinfo_res_init	0xe	1	0	0	0
1594	0x50c4d54	_abuf.86	0xe	12	0	0	0
1595	0x50c1c78	_s	0xe	7	0	0	0
1596	0x50c1c7c	_connected	0xe	7	0	0	0
1597	0x50c1c80	_vc	0xe	7	0	0	0
1598	0x5060c00	_Aerror	0xe	1	0	0	0
1599	0x5060c70	_Perror	0xe	1	0	0	0
1600	0x50c1c84	_Qhook	0xe	7	0	0	0
1601	0x50c1c88	_Rhook	0xe	7	0	0	0
1602	0x50bf5d0	_AskedForGot	0xe	4	0	0	0
1603	0x50c1e48	_hostf	0xe	7	0	0	0
1604	0x50c1e4c	_stayopen	0xe	7	0	0	0
1605	0x5061bd4	_dprintf	0xe	1	0	0	0
1606	0x5061c10	_getanswer	0xe	1	0	0	0
1607	0x50c4ee4	_host	0xe	12	0	0	0
1608	0x50c4f84	_hostbuf	0xe	12	0	0	0
1609	0x50c4ef8	_host_aliases	0xe	12	0	0	0
1610	0x50c4e54	_h_addr_ptrs	0xe	12	0	0	0
1611	0x50c6f84	_host_addr	0xe	12	0	0	0
1612	0x5062610	_addrsort	0xe	1	0	0	0
1613	0x50c6f88	_net_entry.80	0xe	12	0	0	0
1614	0x50c6f98	_net_aliases.81	0xe	12	0	0	0
1615	0x50c7024	_netbuf.82	0xe	12	0	0	0
1616	0x5062704	_getnetanswer	0xe	1	0	0	0
1617	0x5062cdc	_xtob	0xe	1	0	0	0
1618	0x50c7425	_tmpbuf.84	0xe	12	0	0	0
1619	0x50c1e68	_HOSTDB	0xe	7	0	0	0
1620	0x5062ea4	__hostdata	0xe	1	0	0	0
1621	0x50c7724	_hostdata	0xe	12	0	0	0
1622	0x5062ee8	_fetchhost	0xe	1	0	0	0
1623	0x5063590	_interpret	0xe	1	0	0	0
1624	0x5063700	_any	0xe	1	0	0	0
1625	0x5063730	_yellowup	0xe	1	0	0	0
1626	0x50c1e6c	_alias_state	0xe	7	0	0	0
1627	0x5063764	_freeold	0xe	1	0	0	0
1628	0x50c7728	_global_aliasent	0xe	12	0	0	0
1629	0x50637e8	_convert_aliasent	0xe	1	0	0	0
1630	0x50c1e70	_proc.76	0xe	7	0	0	0
1631	0x506382c	_lu_alias_getbyname	0xe	1	0	0	0
1632	0x5063974	_lu_alias_setent	0xe	1	0	0	0
1633	0x50c7738	_alias_data	0xe	12	0	0	0
1634	0x50c773c	_alias_datalen	0xe	12	0	0	0
1635	0x50639c0	_lu_alias_endent	0xe	1	0	0	0
1636	0x50c1e74	_proc.83	0xe	7	0	0	0
1637	0x5063a04	_lu_alias_getent	0xe	1	0	0	0
1638	0x50c7744	_alias_xdr	0xe	12	0	0	0
1639	0x50c7740	_alias_nentries	0xe	12	0	0	0
1640	0x50c775c	_bp.72	0xe	12	0	0	0
1641	0x50c1e78	_proc.73	0xe	7	0	0	0
1642	0x5063bf8	_lu_bootp_getbyether	0xe	1	0	0	0
1643	0x50c7760	_bp.76	0xe	12	0	0	0
1644	0x50c1e7c	_proc.77	0xe	7	0	0	0
1645	0x5063d00	_lu_bootp_getbyip	0xe	1	0	0	0
1646	0x50c7764	_bp.72	0xe	12	0	0	0
1647	0x50c1e80	_proc.73	0xe	7	0	0	0
1648	0x5063e74	_lu_bootparams_getbyname	0xe	1	0	0	0
1649	0x50c1e84	_gr_state	0xe	7	0	0	0
1650	0x50c1e88	_global_gr	0xe	7	0	0	0
1651	0x50c1e98	_gr_datalen	0xe	7	0	0	0
1652	0x50c1e9c	_gr_nentries	0xe	7	0	0	0
1653	0x50c1ea0	_gr_xdr	0xe	7	0	0	0
1654	0x50c1eb8	_yp_flags	0xe	7	0	0	0
1655	0x5063fd8	_convert_gr	0xe	1	0	0	0
1656	0x50c1ebc	_proc.74	0xe	7	0	0	0
1657	0x506409c	_lu_getgrgid	0xe	1	0	0	0
1658	0x50c1ec0	_proc.77	0xe	7	0	0	0
1659	0x50641a0	_lu_getgrnam	0xe	1	0	0	0
1660	0x50c1ec4	_proc.80	0xe	7	0	0	0
1661	0x50642e8	_lu_initgroups	0xe	1	0	0	0
1662	0x5064580	_lu_setgrent	0xe	1	0	0	0
1663	0x50c7768	_gr_data	0xe	12	0	0	0
1664	0x50645c4	_lu_endgrent	0xe	1	0	0	0
1665	0x50c1ec8	_proc.87	0xe	7	0	0	0
1666	0x5064608	_lu_getgrent	0xe	1	0	0	0
1667	0x50c1ecc	_h_state	0xe	7	0	0	0
1668	0x50c1ed0	_global_h	0xe	7	0	0	0
1669	0x50c1ee4	_global_h_copy	0xe	7	0	0	0
1670	0x50c1ef8	_global_addrlist	0xe	7	0	0	0
1671	0x5064970	_convert_h	0xe	1	0	0	0
1672	0x50c1efc	_proc.74	0xe	7	0	0	0
1673	0x5064ac8	_lu_gethostbyaddr	0xe	1	0	0	0
1674	0x50c1f00	_proc.77	0xe	7	0	0	0
1675	0x5064c24	_lu_gethostbyname	0xe	1	0	0	0
1676	0x5064d94	_lu_sethostent	0xe	1	0	0	0
1677	0x50c776c	_h_data	0xe	12	0	0	0
1678	0x50c7770	_h_datalen	0xe	12	0	0	0
1679	0x5064dd8	_lu_endhostent	0xe	1	0	0	0
1680	0x50c1f04	_proc.84	0xe	7	0	0	0
1681	0x5064e1c	_lu_gethostent	0xe	1	0	0	0
1682	0x50c7778	_h_xdr	0xe	12	0	0	0
1683	0x50c7774	_h_nentries	0xe	12	0	0	0
1684	0x50c1f08	_global_mnt	0xe	7	0	0	0
1685	0x50c1f20	_mnt_data	0xe	7	0	0	0
1686	0x50c1f24	_mnt_datalen	0xe	7	0	0	0
1687	0x50c1f28	_mnt_nentries	0xe	7	0	0	0
1688	0x50c1f2c	_mnt_xdr	0xe	7	0	0	0
1689	0x5065060	_convert_mnt	0xe	1	0	0	0
1690	0x5065114	_lu_setmntent	0xe	1	0	0	0
1691	0x5065160	_lu_endmntent	0xe	1	0	0	0
1692	0x50c1f44	_proc.78	0xe	7	0	0	0
1693	0x50651ac	_lu_getmntent	0xe	1	0	0	0
1694	0x50c1f48	_n_state	0xe	7	0	0	0
1695	0x50c1f4c	_global_n	0xe	7	0	0	0
1696	0x5065384	_convert_n	0xe	1	0	0	0
1697	0x50c1f5c	_proc.74	0xe	7	0	0	0
1698	0x506544c	_lu_getnetbyaddr	0xe	1	0	0	0
1699	0x50c1f60	_proc.77	0xe	7	0	0	0
1700	0x506555c	_lu_getnetbyname	0xe	1	0	0	0
1701	0x50656a4	_lu_setnetent	0xe	1	0	0	0
1702	0x50c7790	_n_data	0xe	12	0	0	0
1703	0x50c7794	_n_datalen	0xe	12	0	0	0
1704	0x50656e8	_lu_endnetent	0xe	1	0	0	0
1705	0x50c1f64	_proc.84	0xe	7	0	0	0
1706	0x506572c	_lu_getnetent	0xe	1	0	0	0
1707	0x50c779c	_n_xdr	0xe	12	0	0	0
1708	0x50c7798	_n_nentries	0xe	12	0	0	0
1709	0x50c1f68	___innetgr_hack	0xe	7	0	0	0
1710	0x50c1f6c	_netgroup_state	0xe	7	0	0	0
1711	0x50c1f70	_proc.74	0xe	7	0	0	0
1712	0x5065970	_lu_innetgr	0xe	1	0	0	0
1713	0x5065ac0	_lu_endnetgrent	0xe	1	0	0	0
1714	0x50c77c0	_netgroup_data	0xe	12	0	0	0
1715	0x50c77c4	_netgroup_datalen	0xe	12	0	0	0
1716	0x50c1f74	_proc.79	0xe	7	0	0	0
1717	0x5065b04	_lu_setnetgrent	0xe	1	0	0	0
1718	0x50c77cc	_netgroup_xdr	0xe	12	0	0	0
1719	0x50c77c8	_netgroup_nentries	0xe	12	0	0	0
1720	0x50c77b4	_ng.82	0xe	12	0	0	0
1721	0x50c1f78	_p_state	0xe	7	0	0	0
1722	0x50c1f7c	_global_p	0xe	7	0	0	0
1723	0x5065d94	_convert_p	0xe	1	0	0	0
1724	0x50c1f88	_proc.74	0xe	7	0	0	0
1725	0x5065e50	_lu_getprotobynumber	0xe	1	0	0	0
1726	0x50c1f8c	_proc.77	0xe	7	0	0	0
1727	0x5065f54	_lu_getprotobyname	0xe	1	0	0	0
1728	0x506609c	_lu_setprotoent	0xe	1	0	0	0
1729	0x50c77e4	_p_data	0xe	12	0	0	0
1730	0x50c77e8	_p_datalen	0xe	12	0	0	0
1731	0x50660e0	_lu_endprotoent	0xe	1	0	0	0
1732	0x50c1f90	_proc.84	0xe	7	0	0	0
1733	0x5066124	_lu_getprotoent	0xe	1	0	0	0
1734	0x50c77f0	_p_xdr	0xe	12	0	0	0
1735	0x50c77ec	_p_nentries	0xe	12	0	0	0
1736	0x50c1f94	_prdb_state	0xe	7	0	0	0
1737	0x50c1f98	_global_prdb	0xe	7	0	0	0
1738	0x50c1fa4	_prdb_data	0xe	7	0	0	0
1739	0x50c1fa8	_prdb_datalen	0xe	7	0	0	0
1740	0x50c1fac	_prdb_xdr	0xe	7	0	0	0
1741	0x5066348	_freeprop	0xe	1	0	0	0
1742	0x5066374	_freeold	0xe	1	0	0	0
1743	0x5066438	_convert_prdb	0xe	1	0	0	0
1744	0x5066494	_lu_prdb_set	0xe	1	0	0	0
1745	0x50664d8	_lu_prdb_end	0xe	1	0	0	0
1746	0x50c1fc4	_proc.82	0xe	7	0	0	0
1747	0x5066524	_lu_prdb_getbyname	0xe	1	0	0	0
1748	0x50c1fc8	_proc.85	0xe	7	0	0	0
1749	0x506666c	_lu_prdb_get	0xe	1	0	0	0
1750	0x50c7808	_prdb_nentries	0xe	12	0	0	0
1751	0x50c1fcc	_pw_state	0xe	7	0	0	0
1752	0x50c1fd0	_global_pw	0xe	7	0	0	0
1753	0x5066868	_convert_pw	0xe	1	0	0	0
1754	0x50c1ff4	_proc.74	0xe	7	0	0	0
1755	0x506693c	_lu_getpwuid	0xe	1	0	0	0
1756	0x50c1ff8	_proc.77	0xe	7	0	0	0
1757	0x5066a40	_lu_getpwnam	0xe	1	0	0	0
1758	0x5066b88	_lu_setpwent	0xe	1	0	0	0
1759	0x50c780c	_pw_data	0xe	12	0	0	0
1760	0x50c7810	_pw_datalen	0xe	12	0	0	0
1761	0x5066bcc	_lu_endpwent	0xe	1	0	0	0
1762	0x50c1ffc	_proc.84	0xe	7	0	0	0
1763	0x5066c10	_lu_getpwent	0xe	1	0	0	0
1764	0x50c7818	_pw_xdr	0xe	12	0	0	0
1765	0x50c7814	_pw_nentries	0xe	12	0	0	0
1766	0x50c2000	_r_state	0xe	7	0	0	0
1767	0x50c2004	_global_r	0xe	7	0	0	0
1768	0x5066e3c	_convert_r	0xe	1	0	0	0
1769	0x50c2010	_proc.74	0xe	7	0	0	0
1770	0x5066ef8	_lu_getrpcbynumber	0xe	1	0	0	0
1771	0x50c2014	_proc.77	0xe	7	0	0	0
1772	0x5066ffc	_lu_getrpcbyname	0xe	1	0	0	0
1773	0x5067144	_lu_setrpcent	0xe	1	0	0	0
1774	0x50c7830	_r_data	0xe	12	0	0	0
1775	0x50c7834	_r_datalen	0xe	12	0	0	0
1776	0x5067188	_lu_endrpcent	0xe	1	0	0	0
1777	0x50c2018	_proc.84	0xe	7	0	0	0
1778	0x50671cc	_lu_getrpcent	0xe	1	0	0	0
1779	0x50c783c	_r_xdr	0xe	12	0	0	0
1780	0x50c7838	_r_nentries	0xe	12	0	0	0
1781	0x50c201c	_s_state	0xe	7	0	0	0
1782	0x50c2020	_global_s	0xe	7	0	0	0
1783	0x50673f0	_convert_s	0xe	1	0	0	0
1784	0x50c2030	_proc.74	0xe	7	0	0	0
1785	0x50674b8	_lu_getservbyport	0xe	1	0	0	0
1786	0x50c2034	_proc.77	0xe	7	0	0	0
1787	0x5067624	_lu_getservbyname	0xe	1	0	0	0
1788	0x5067790	_lu_setservent	0xe	1	0	0	0
1789	0x50c7854	_s_data	0xe	12	0	0	0
1790	0x50c7858	_s_datalen	0xe	12	0	0	0
1791	0x50677d4	_lu_endservent	0xe	1	0	0	0
1792	0x50c2038	_proc.84	0xe	7	0	0	0
1793	0x5067818	_lu_getservent	0xe	1	0	0	0
1794	0x50c7860	_s_xdr	0xe	12	0	0	0
1795	0x50c785c	_s_nentries	0xe	12	0	0	0
1796	0x5067aa0	_port_valid	0xe	1	0	0	0
1797	0x50c42fc	_ni_errmsgs	0xe	11	0	0	0
1798	0x50c43cc	_NAME_NAME	0xe	11	0	0	0
1799	0x50c43d0	_NAME_SERVES	0xe	11	0	0	0
1800	0x50c43d4	_NAME_MACHINES	0xe	11	0	0	0
1801	0x50c43d8	_NAME_IP_ADDRESS	0xe	11	0	0	0
1802	0x50c43dc	_NAME_MASTER	0xe	11	0	0	0
1803	0x50c43e0	_NAME_USERS	0xe	11	0	0	0
1804	0x50c43e4	_NAME_UID	0xe	11	0	0	0
1805	0x5067b80	_getmyport	0xe	1	0	0	0
1806	0x5067be8	_nibind_up	0xe	1	0	0	0
1807	0x5067cb0	_createauth	0xe	1	0	0	0
1808	0x5067cf4	_fixtimeout	0xe	1	0	0	0
1809	0x5067d30	_ni_settimeout	0xe	1	0	0	0
1810	0x5067d68	_connectit	0xe	1	0	0	0
1811	0x5067f68	_sys_netmask	0xe	1	0	0	0
1812	0x5068090	_sys_address	0xe	1	0	0	0
1813	0x5068178	_connectlocal	0xe	1	0	0	0
1814	0x506823c	_clnt_kill	0xe	1	0	0	0
1815	0x5068290	_reinit	0xe	1	0	0	0
1816	0x50682d8	_ni_switch	0xe	1	0	0	0
1817	0x5068334	_ni_swap	0xe	1	0	0	0
1818	0x5068394	_eachresult	0xe	1	0	0	0
1819	0x50683c0	_rebind	0xe	1	0	0	0
1820	0x50686f4	_confirm_tcp	0xe	1	0	0	0
1821	0x5068770	_setmaster	0xe	1	0	0	0
1822	0x5068954	_callit	0xe	1	0	0	0
1823	0x5068bfc	_ni_clear	0xe	1	0	0	0
1824	0x5068c44	_ni_alloc	0xe	1	0	0	0
1825	0x5068da4	_match	0xe	1	0	0	0
1826	0x5068e0c	_addaddr	0xe	1	0	0	0
1827	0x5068eec	_get_daddr	0xe	1	0	0	0
1828	0x5069030	_getparent	0xe	1	0	0	0
1829	0x5069fac	_pmap_getport_to	0xe	1	0	0	0
1830	0x506a11c	_socket_open	0xe	1	0	0	0
1831	0x50bf5ff	_NAME_NAME	0xe	4	0	0	0
1832	0x50bf604	_NAME_MACHINES	0xe	4	0	0	0
1833	0x50bf60d	_NAME_IP_ADDRESS	0xe	4	0	0	0
1834	0x50bf618	_NAME_SERVES	0xe	4	0	0	0
1835	0x50bf61f	_NAME_UNKNOWN	0xe	4	0	0	0
1836	0x506a1b4	_escape_domain	0xe	1	0	0	0
1837	0x506a230	_finddomain	0xe	1	0	0	0
1838	0x506a358	_ni_domainof	0xe	1	0	0	0
1839	0x506a3c0	__ni_pwdomain	0xe	1	0	0	0
1840	0x506a4e4	_eatslash	0xe	1	0	0	0
1841	0x506a4fc	_unescape	0xe	1	0	0	0
1842	0x506a55c	_escindex	0xe	1	0	0	0
1843	0x506a5a8	_setstuff	0xe	1	0	0	0
1844	0x506a5f0	_ni_relopen	0xe	1	0	0	0
1845	0x506a6ec	_ni_rootopen	0xe	1	0	0	0
1846	0x506a754	_ni_name_dupn	0xe	1	0	0	0
1847	0x506a7a4	_ni_relsearch	0xe	1	0	0	0
1848	0x506b224	__prdb_free_ent	0xe	1	0	0	0
1849	0x50c7884	_pf	0xe	12	0	0	0
1850	0x506b30c	_pename_insert	0xe	1	0	0	0
1851	0x506b380	_peprop_insert	0xe	1	0	0	0
1852	0x50c7878	_ent.12	0xe	12	0	0	0
1853	0x506b654	_prmatch	0xe	1	0	0	0
1854	0x506b6e8	_getline	0xe	1	0	0	0
1855	0x506b7e4	_emptyfield	0xe	1	0	0	0
1856	0x50c43e8	_NAME_USERS	0xe	11	0	0	0
1857	0x50c43ec	_NAME_PASSWD	0xe	11	0	0	0
1858	0x506b810	_changeit	0xe	1	0	0	0
1859	0x50c2044	_TIMEOUT	0xe	7	0	0	0
1860	0x50c7888	_res.72	0xe	12	0	0	0
1861	0x50c788c	_res.75	0xe	12	0	0	0
1862	0x50c7894	_res.78	0xe	12	0	0	0
1863	0x50c78a0	_res.81	0xe	12	0	0	0
1864	0x50c78ac	_res.84	0xe	12	0	0	0
1865	0x50c78bc	_res.87	0xe	12	0	0	0
1866	0x50c78d0	_res.90	0xe	12	0	0	0
1867	0x50c78dc	_res.93	0xe	12	0	0	0
1868	0x50c78f0	_res.96	0xe	12	0	0	0
1869	0x50c78fc	_res.99	0xe	12	0	0	0
1870	0x50c7910	_res.102	0xe	12	0	0	0
1871	0x50c7924	_res.105	0xe	12	0	0	0
1872	0x50c7938	_res.108	0xe	12	0	0	0
1873	0x50c7944	_res.111	0xe	12	0	0	0
1874	0x50c7950	_res.114	0xe	12	0	0	0
1875	0x50c7964	_res.117	0xe	12	0	0	0
1876	0x50c7970	_res.120	0xe	12	0	0	0
1877	0x50c797c	_res.123	0xe	12	0	0	0
1878	0x50c7990	_res.126	0xe	12	0	0	0
1879	0x50c799c	_res.129	0xe	12	0	0	0
1880	0x50c79a8	_res.132	0xe	12	0	0	0
1881	0x50c79b8	_res.135	0xe	12	0	0	0
1882	0x50c79c4	_res.138	0xe	12	0	0	0
1883	0x50c79d0	_res.141	0xe	12	0	0	0
1884	0x50c79e4	_res.144	0xe	12	0	0	0
1885	0x50c79e8	_res.147	0xe	12	0	0	0
1886	0x50c79f8	_res.150	0xe	12	0	0	0
1887	0x50c79fc	_res.153	0xe	12	0	0	0
1888	0x50c7a00	_res.156	0xe	12	0	0	0
1889	0x50bf630	_nameType.10	0xe	4	0	0	0
1890	0x50bf63c	_RetCodeCheck.11	0xe	4	0	0	0
1891	0x50bf640	_procnoCheck.12	0xe	4	0	0	0
1892	0x50bf644	_procType.15	0xe	4	0	0	0
1893	0x50bf648	_indataType.16	0xe	4	0	0	0
1894	0x50bf654	_RetCodeCheck.17	0xe	4	0	0	0
1895	0x50bf658	_procType.20	0xe	4	0	0	0
1896	0x50bf65c	_indataType.21	0xe	4	0	0	0
1897	0x50bf668	_RetCodeCheck.22	0xe	4	0	0	0
1898	0x50bf66c	_procType.25	0xe	4	0	0	0
1899	0x50bf670	_indataType.26	0xe	4	0	0	0
1900	0x50bf67c	_RetCodeCheck.27	0xe	4	0	0	0
1901	0x50c2050	_ops	0xe	7	0	0	0
1902	0x506e26c	_authnone_verf	0xe	1	0	0	0
1903	0x506e234	_authnone_marshal	0xe	1	0	0	0
1904	0x506e274	_authnone_validate	0xe	1	0	0	0
1905	0x506e280	_authnone_refresh	0xe	1	0	0	0
1906	0x506e28c	_authnone_destroy	0xe	1	0	0	0
1907	0x50c2064	_authnone_private	0xe	7	0	0	0
1908	0x50c2068	_auth_unix_ops	0xe	7	0	0	0
1909	0x506e4ec	_authunix_nextverf	0xe	1	0	0	0
1910	0x506e4f4	_authunix_marshal	0xe	1	0	0	0
1911	0x506e51c	_authunix_validate	0xe	1	0	0	0
1912	0x506e5d0	_authunix_refresh	0xe	1	0	0	0
1913	0x506e6a8	_authunix_destroy	0xe	1	0	0	0
1914	0x506e700	_marshal_new_auth	0xe	1	0	0	0
1915	0x50c207c	_port.72	0xe	7	0	0	0
1916	0x50c2080	_buf	0xe	7	0	0	0
1917	0x506ea5c	__buf	0xe	1	0	0	0
1918	0x50c43f0	_rpc_errlist	0xe	11	0	0	0
1919	0x50c4480	_auth_errlist	0xe	11	0	0	0
1920	0x506eed0	_auth_errmsg	0xe	1	0	0	0
1921	0x50c2084	_client_ops	0xe	7	0	0	0
1922	0x506eff0	_clntraw_call	0xe	1	0	0	0
1923	0x506f1d4	_clntraw_abort	0xe	1	0	0	0
1924	0x506f194	_clntraw_geterr	0xe	1	0	0	0
1925	0x506f19c	_clntraw_freeres	0xe	1	0	0	0
1926	0x506f1e8	_clntraw_destroy	0xe	1	0	0	0
1927	0x506f1dc	_clntraw_control	0xe	1	0	0	0
1928	0x50c7a14	_clntraw_private	0xe	12	0	0	0
1929	0x50c7a18	_callrpc_private	0xe	12	0	0	0
1930	0x50c209c	_tcp_ops	0xe	7	0	0	0
1931	0x506f5a4	_clnttcp_call	0xe	1	0	0	0
1932	0x506f848	_clnttcp_abort	0xe	1	0	0	0
1933	0x506f7fc	_clnttcp_geterr	0xe	1	0	0	0
1934	0x506f820	_clnttcp_freeres	0xe	1	0	0	0
1935	0x506f8f8	_clnttcp_destroy	0xe	1	0	0	0
1936	0x506f850	_clnttcp_control	0xe	1	0	0	0
1937	0x506f938	_readtcp	0xe	1	0	0	0
1938	0x506fa58	_writetcp	0xe	1	0	0	0
1939	0x50c20bc	_udp_ops	0xe	7	0	0	0
1940	0x506fd70	_clntudp_call	0xe	1	0	0	0
1941	0x50702b4	_clntudp_abort	0xe	1	0	0	0
1942	0x5070268	_clntudp_geterr	0xe	1	0	0	0
1943	0x507028c	_clntudp_freeres	0xe	1	0	0	0
1944	0x5070384	_clntudp_destroy	0xe	1	0	0	0
1945	0x50702bc	_clntudp_control	0xe	1	0	0	0
1946	0x50c20d4	_size.2	0xe	7	0	0	0
1947	0x50bf680	_RPCDB	0xe	4	0	0	0
1948	0x50c20d8	_YPMAP	0xe	7	0	0	0
1949	0x507055c	__rpcdata	0xe	1	0	0	0
1950	0x50c7a1c	_rpcdata	0xe	12	0	0	0
1951	0x50708e0	_interpret	0xe	1	0	0	0
1952	0x5070a10	_yellowup	0xe	1	0	0	0
1953	0x50c20dc	_trytimeout	0xe	7	0	0	0
1954	0x50c20e4	_tottimeout	0xe	7	0	0	0
1955	0x50bf689	_MESSENGER.88	0xe	4	0	0	0
1956	0x5070c3c	_key_call	0xe	1	0	0	0
1957	0x50c7a20	_hostname.80	0xe	12	0	0	0
1958	0x5070ee8	_get_hostname	0xe	1	0	0	0
1959	0x5070f28	_encodemsg	0xe	1	0	0	0
1960	0x5070ff8	_decodemsg	0xe	1	0	0	0
1961	0x50bf69b	_OPSYS	0xe	4	0	0	0
1962	0x50bf6a0	_NETID	0xe	4	0	0	0
1963	0x50718ac	_atois	0xe	1	0	0	0
1964	0x50bf6ad	_SHELL	0xe	4	0	0	0
1965	0x5071ad0	_basename	0xe	1	0	0	0
1966	0x50c20ec	_timeout	0xe	7	0	0	0
1967	0x50c20f4	_tottimeout	0xe	7	0	0	0
1968	0x50c20fc	_timeout	0xe	7	0	0	0
1969	0x50c2104	_tottimeout	0xe	7	0	0	0
1970	0x50c210c	_timeout	0xe	7	0	0	0
1971	0x507219c	_getbroadcastnets	0xe	1	0	0	0
1972	0x50c211c	_reply_dscrm	0xe	7	0	0	0
1973	0x5072a64	_accepted	0xe	1	0	0	0
1974	0x5072aec	_rejected	0xe	1	0	0	0
1975	0x50c2234	_xports	0xe	7	0	0	0
1976	0x50c2238	_svc_head	0xe	7	0	0	0
1977	0x5073118	_svc_find	0xe	1	0	0	0
1978	0x50c223c	_svcauthsw	0xe	7	0	0	0
1979	0x50c224c	_server_ops	0xe	7	0	0	0
1980	0x5073844	_svcraw_recv	0xe	1	0	0	0
1981	0x5073838	_svcraw_stat	0xe	1	0	0	0
1982	0x50738fc	_svcraw_getargs	0xe	1	0	0	0
1983	0x5073898	_svcraw_reply	0xe	1	0	0	0
1984	0x507392c	_svcraw_freeargs	0xe	1	0	0	0
1985	0x5073968	_svcraw_destroy	0xe	1	0	0	0
1986	0x50c7b24	_svcraw_private	0xe	12	0	0	0
1987	0x50c7b2c	_transp	0xe	12	0	0	0
1988	0x50c7b30	_pl	0xe	12	0	0	0
1989	0x50c7b28	_proglst	0xe	12	0	0	0
1990	0x5073b14	_universal	0xe	1	0	0	0
1991	0x50c2268	_svctcp_op	0xe	7	0	0	0
1992	0x5074148	_svctcp_recv	0xe	1	0	0	0
1993	0x5074110	_svctcp_stat	0xe	1	0	0	0
1994	0x507418c	_svctcp_getargs	0xe	1	0	0	0
1995	0x50741c8	_svctcp_reply	0xe	1	0	0	0
1996	0x50741a8	_svctcp_freeargs	0xe	1	0	0	0
1997	0x5073f88	_svctcp_destroy	0xe	1	0	0	0
1998	0x50c2280	_svctcp_rendezvous_op	0xe	7	0	0	0
1999	0x5073f00	_rendezvous_request	0xe	1	0	0	0
2000	0x5073f7c	_rendezvous_stat	0xe	1	0	0	0
2001	0x5073e3c	_makefd_xprt	0xe	1	0	0	0
2002	0x50c2298	_wait_per_try	0xe	7	0	0	0
2003	0x5073fd8	_readtcp	0xe	1	0	0	0
2004	0x50740c0	_writetcp	0xe	1	0	0	0
2005	0x50c22a8	_svcudp_op	0xe	7	0	0	0
2006	0x507441c	_svcudp_recv	0xe	1	0	0	0
2007	0x5074410	_svcudp_stat	0xe	1	0	0	0
2008	0x5074594	_svcudp_getargs	0xe	1	0	0	0
2009	0x50744f0	_svcudp_reply	0xe	1	0	0	0
2010	0x50745b0	_svcudp_freeargs	0xe	1	0	0	0
2011	0x50745d0	_svcudp_destroy	0xe	1	0	0	0
2012	0x507470c	_cache_set	0xe	1	0	0	0
2013	0x5074874	_cache_get	0xe	1	0	0	0
2014	0x50c7b34	_authdes_cache	0xe	12	0	0	0
2015	0x5074df0	_cache_init	0xe	1	0	0	0
2016	0x50c7b38	_authdes_lru	0xe	12	0	0	0
2017	0x5074e40	_cache_victim	0xe	1	0	0	0
2018	0x5074e58	_cache_ref	0xe	1	0	0	0
2019	0x5074ea0	_cache_spot	0xe	1	0	0	0
2020	0x50c7b3c	_svcauthdes_stats	0xe	12	0	0	0
2021	0x50750bc	_invalidate	0xe	1	0	0	0
2022	0x50c22c0	_xdr_zero	0xe	7	0	0	0
2023	0x50c22c4	_crud.96	0xe	7	0	0	0
2024	0x50c22d4	_xdrmem_ops	0xe	7	0	0	0
2025	0x50758a8	_xdrmem_getlong	0xe	1	0	0	0
2026	0x50758dc	_xdrmem_putlong	0xe	1	0	0	0
2027	0x5075910	_xdrmem_getbytes	0xe	1	0	0	0
2028	0x507594c	_xdrmem_putbytes	0xe	1	0	0	0
2029	0x5075988	_xdrmem_getpos	0xe	1	0	0	0
2030	0x507599c	_xdrmem_setpos	0xe	1	0	0	0
2031	0x50759cc	_xdrmem_inline	0xe	1	0	0	0
2032	0x50758a0	_xdrmem_destroy	0xe	1	0	0	0
2033	0x50c22f4	_xdrrec_ops	0xe	7	0	0	0
2034	0x5075af8	_xdrrec_getlong	0xe	1	0	0	0
2035	0x5075b58	_xdrrec_putlong	0xe	1	0	0	0
2036	0x5075bb0	_xdrrec_getbytes	0xe	1	0	0	0
2037	0x5075c1c	_xdrrec_putbytes	0xe	1	0	0	0
2038	0x5075c8c	_xdrrec_getpos	0xe	1	0	0	0
2039	0x5075ce0	_xdrrec_setpos	0xe	1	0	0	0
2040	0x5075d58	_xdrrec_inline	0xe	1	0	0	0
2041	0x5075dac	_xdrrec_destroy	0xe	1	0	0	0
2042	0x5075ee8	_flush_out	0xe	1	0	0	0
2043	0x5075f4c	_fill_input_buf	0xe	1	0	0	0
2044	0x5075f90	_get_input_bytes	0xe	1	0	0	0
2045	0x5075ff4	_set_input_fragment	0xe	1	0	0	0
2046	0x5076040	_skip_input_bytes	0xe	1	0	0	0
2047	0x507608c	_fix_buf_size	0xe	1	0	0	0
2048	0x50c2314	_xdrstdio_ops	0xe	7	0	0	0
2049	0x50761e4	_xdrstdio_getlong	0xe	1	0	0	0
2050	0x507621c	_xdrstdio_putlong	0xe	1	0	0	0
2051	0x5076258	_xdrstdio_getbytes	0xe	1	0	0	0
2052	0x507628c	_xdrstdio_putbytes	0xe	1	0	0	0
2053	0x50762c0	_xdrstdio_getpos	0xe	1	0	0	0
2054	0x50762d4	_xdrstdio_setpos	0xe	1	0	0	0
2055	0x50762f4	_xdrstdio_inline	0xe	1	0	0	0
2056	0x50761d0	_xdrstdio_destroy	0xe	1	0	0	0
2057	0x50c2334	__sctab	0xe	7	0	0	0
2058	0x50c2434	_getcount	0xe	7	0	0	0
2059	0x50767b4	__innum	0xe	1	0	0	0
2060	0x5076d88	__instr	0xe	1	0	0	0
2061	0x5076ec8	__getccl	0xe	1	0	0	0
2062	0x50c2438	_nofile.72	0xe	7	0	0	0
2063	0x50c7b48	_iobglue	0xe	12	0	0	0
2064	0x50c7b4c	_endglue	0xe	12	0	0	0
2065	0x5079320	__p_dconv	0xe	1	0	0	0
2066	0x507934c	__efmt	0xe	1	0	0	0
2067	0x507950c	__ffmt	0xe	1	0	0	0
2068	0x5079940	_btod	0xe	1	0	0	0
2069	0x50c25cc	_environ_pointer.80	0xe	7	0	0	0
2070	0x50c25d4	_validtz.2	0xe	7	0	0	0
2071	0x50c25d8	_cached_tz.3	0xe	7	0	0	0
2072	0x5079a5c	_sigvec__	0xe	1	0	0	0
2073	0x0	__framesize	0x2	0	0	0	0
2074	0x0	__nested_function	0x2	0	0	0	0
2075	0x0	__framesize	0x2	0	0	0	0
2076	0x0	__nested_function	0x2	0	0	0	0
2077	0x0	__framesize	0x2	0	0	0	0
2078	0x0	__nested_function	0x2	0	0	0	0
2079	0x0	__framesize	0x2	0	0	0	0
2080	0x0	__nested_function	0x2	0	0	0	0
2081	0x0	__framesize	0x2	0	0	0	0
2082	0x0	__nested_function	0x2	0	0	0	0
2083	0x0	__framesize	0x2	0	0	0	0
2084	0x0	__nested_function	0x2	0	0	0	0
2085	0x0	__framesize	0x2	0	0	0	0
2086	0x0	__nested_function	0x2	0	0	0	0
2087	0x0	__framesize	0x2	0	0	0	0
2088	0x0	__nested_function	0x2	0	0	0	0
2089	0x0	__framesize	0x2	0	0	0	0
2090	0x0	__nested_function	0x2	0	0	0	0
2091	0x0	__framesize	0x2	0	0	0	0
2092	0x0	__nested_function	0x2	0	0	0	0
2093	0x0	__framesize	0x2	0	0	0	0
2094	0x0	__nested_function	0x2	0	0	0	0
2095	0x0	__framesize	0x2	0	0	0	0
2096	0x0	__nested_function	0x2	0	0	0	0
2097	0x0	__framesize	0x2	0	0	0	0
2098	0x0	__nested_function	0x2	0	0	0	0
2099	0x0	__framesize	0x2	0	0	0	0
2100	0x0	__nested_function	0x2	0	0	0	0
2101	0x0	__framesize	0x2	0	0	0	0
2102	0x0	__nested_function	0x2	0	0	0	0
2103	0x0	__framesize	0x2	0	0	0	0
2104	0x0	__nested_function	0x2	0	0	0	0
2105	0x0	__framesize	0x2	0	0	0	0
2106	0x0	__nested_function	0x2	0	0	0	0
2107	0x0	__framesize	0x2	0	0	0	0
2108	0x0	__nested_function	0x2	0	0	0	0
2109	0x0	__framesize	0x2	0	0	0	0
2110	0x0	__nested_function	0x2	0	0	0	0
2111	0x0	__framesize	0x2	0	0	0	0
2112	0x0	__nested_function	0x2	0	0	0	0
2113	0x0	__framesize	0x2	0	0	0	0
2114	0x0	__nested_function	0x2	0	0	0	0
2115	0x0	__framesize	0x2	0	0	0	0
2116	0x0	__nested_function	0x2	0	0	0	0
2117	0x0	__framesize	0x2	0	0	0	0
2118	0x0	__nested_function	0x2	0	0	0	0
2119	0x0	__framesize	0x2	0	0	0	0
2120	0x0	__nested_function	0x2	0	0	0	0
2121	0x0	__framesize	0x2	0	0	0	0
2122	0x0	__nested_function	0x2	0	0	0	0
2123	0x0	__framesize	0x2	0	0	0	0
2124	0x0	__nested_function	0x2	0	0	0	0
2125	0x0	__framesize	0x2	0	0	0	0
2126	0x0	__nested_function	0x2	0	0	0	0
2127	0x0	__framesize	0x2	0	0	0	0
2128	0x0	__nested_function	0x2	0	0	0	0
2129	0x0	__framesize	0x2	0	0	0	0
2130	0x0	__nested_function	0x2	0	0	0	0
2131	0x0	__framesize	0x2	0	0	0	0
2132	0x0	__nested_function	0x2	0	0	0	0
2133	0x0	__framesize	0x2	0	0	0	0
2134	0x0	__nested_function	0x2	0	0	0	0
2135	0x0	__framesize	0x2	0	0	0	0
2136	0x0	__nested_function	0x2	0	0	0	0
2137	0x0	__framesize	0x2	0	0	0	0
2138	0x0	__nested_function	0x2	0	0	0	0
2139	0x0	__framesize	0x2	0	0	0	0
2140	0x0	__nested_function	0x2	0	0	0	0
2141	0x0	__framesize	0x2	0	0	0	0
2142	0x0	__nested_function	0x2	0	0	0	0
2143	0x0	__framesize	0x2	0	0	0	0
2144	0x0	__nested_function	0x2	0	0	0	0
2145	0x0	__framesize	0x2	0	0	0	0
2146	0x0	__nested_function	0x2	0	0	0	0
2147	0x0	__framesize	0x2	0	0	0	0
2148	0x0	__nested_function	0x2	0	0	0	0
2149	0x0	__framesize	0x2	0	0	0	0
2150	0x0	__nested_function	0x2	0	0	0	0
2151	0x0	__framesize	0x2	0	0	0	0
2152	0x0	__nested_function	0x2	0	0	0	0
2153	0x0	__framesize	0x2	0	0	0	0
2154	0x0	__nested_function	0x2	0	0	0	0
2155	0x0	__framesize	0x2	0	0	0	0
2156	0x0	__nested_function	0x2	0	0	0	0
2157	0x0	__framesize	0x2	0	0	0	0
2158	0x0	__nested_function	0x2	0	0	0	0
2159	0x0	__framesize	0x2	0	0	0	0
2160	0x0	__nested_function	0x2	0	0	0	0
2161	0x0	__framesize	0x2	0	0	0	0
2162	0x0	__nested_function	0x2	0	0	0	0
2163	0x0	__framesize	0x2	0	0	0	0
2164	0x0	__nested_function	0x2	0	0	0	0
2165	0x0	__framesize	0x2	0	0	0	0
2166	0x0	__nested_function	0x2	0	0	0	0
2167	0x0	__framesize	0x2	0	0	0	0
2168	0x0	__nested_function	0x2	0	0	0	0
2169	0x0	__framesize	0x2	0	0	0	0
2170	0x0	__nested_function	0x2	0	0	0	0
2171	0x0	__framesize	0x2	0	0	0	0
2172	0x0	__nested_function	0x2	0	0	0	0
2173	0x0	__framesize	0x2	0	0	0	0
2174	0x0	__nested_function	0x2	0	0	0	0
2175	0x0	__framesize	0x2	0	0	0	0
2176	0x0	__nested_function	0x2	0	0	0	0
2177	0x0	__framesize	0x2	0	0	0	0
2178	0x0	__nested_function	0x2	0	0	0	0
2179	0x0	__framesize	0x2	0	0	0	0
2180	0x0	__nested_function	0x2	0	0	0	0
2181	0x0	__framesize	0x2	0	0	0	0
2182	0x0	__nested_function	0x2	0	0	0	0
2183	0x0	__framesize	0x2	0	0	0	0
2184	0x0	__nested_function	0x2	0	0	0	0
2185	0x0	__framesize	0x2	0	0	0	0
2186	0x0	__nested_function	0x2	0	0	0	0
2187	0x0	__framesize	0x2	0	0	0	0
2188	0x0	__nested_function	0x2	0	0	0	0
2189	0x0	__framesize	0x2	0	0	0	0
2190	0x0	__nested_function	0x2	0	0	0	0
2191	0x0	__framesize	0x2	0	0	0	0
2192	0x0	__nested_function	0x2	0	0	0	0
2193	0x0	__framesize	0x2	0	0	0	0
2194	0x0	__nested_function	0x2	0	0	0	0
2195	0x0	__framesize	0x2	0	0	0	0
2196	0x0	__nested_function	0x2	0	0	0	0
2197	0x0	__framesize	0x2	0	0	0	0
2198	0x0	__nested_function	0x2	0	0	0	0
2199	0x0	__framesize	0x2	0	0	0	0
2200	0x0	__nested_function	0x2	0	0	0	0
2201	0x0	__framesize	0x2	0	0	0	0
2202	0x0	__nested_function	0x2	0	0	0	0
2203	0x0	__framesize	0x2	0	0	0	0
2204	0x0	__nested_function	0x2	0	0	0	0
2205	0x0	__framesize	0x2	0	0	0	0
2206	0x0	__nested_function	0x2	0	0	0	0
2207	0x0	__framesize	0x2	0	0	0	0
2208	0x0	__nested_function	0x2	0	0	0	0
2209	0x0	__framesize	0x2	0	0	0	0
2210	0x0	__nested_function	0x2	0	0	0	0
2211	0x0	__framesize	0x2	0	0	0	0
2212	0x0	__nested_function	0x2	0	0	0	0
2213	0x0	__framesize	0x2	0	0	0	0
2214	0x0	__nested_function	0x2	0	0	0	0
2215	0x0	__framesize	0x2	0	0	0	0
2216	0x0	__nested_function	0x2	0	0	0	0
2217	0x0	__framesize	0x2	0	0	0	0
2218	0x0	__nested_function	0x2	0	0	0	0
2219	0x0	__framesize	0x2	0	0	0	0
2220	0x0	__nested_function	0x2	0	0	0	0
2221	0x0	__framesize	0x2	0	0	0	0
2222	0x0	__nested_function	0x2	0	0	0	0
2223	0x0	__framesize	0x2	0	0	0	0
2224	0x0	__nested_function	0x2	0	0	0	0
2225	0x0	__framesize	0x2	0	0	0	0
2226	0x0	__nested_function	0x2	0	0	0	0
2227	0x0	__framesize	0x2	0	0	0	0
2228	0x0	__nested_function	0x2	0	0	0	0
2229	0x0	__framesize	0x2	0	0	0	0
2230	0x0	__nested_function	0x2	0	0	0	0
2231	0x0	__framesize	0x2	0	0	0	0
2232	0x0	__nested_function	0x2	0	0	0	0
2233	0x0	__framesize	0x2	0	0	0	0
2234	0x0	__nested_function	0x2	0	0	0	0
2235	0x0	__framesize	0x2	0	0	0	0
2236	0x0	__nested_function	0x2	0	0	0	0
2237	0x0	__framesize	0x2	0	0	0	0
2238	0x0	__nested_function	0x2	0	0	0	0
2239	0x0	__framesize	0x2	0	0	0	0
2240	0x0	__nested_function	0x2	0	0	0	0
2241	0x0	__framesize	0x2	0	0	0	0
2242	0x0	__nested_function	0x2	0	0	0	0
2243	0x0	__framesize	0x2	0	0	0	0
2244	0x0	__nested_function	0x2	0	0	0	0
2245	0x0	__framesize	0x2	0	0	0	0
2246	0x0	__nested_function	0x2	0	0	0	0
2247	0x0	__framesize	0x2	0	0	0	0
2248	0x0	__nested_function	0x2	0	0	0	0
2249	0x0	__framesize	0x2	0	0	0	0
2250	0x0	__nested_function	0x2	0	0	0	0
2251	0x0	__framesize	0x2	0	0	0	0
2252	0x0	__nested_function	0x2	0	0	0	0
2253	0x0	__framesize	0x2	0	0	0	0
2254	0x0	__nested_function	0x2	0	0	0	0
2255	0x0	__framesize	0x2	0	0	0	0
2256	0x0	__nested_function	0x2	0	0	0	0
2257	0x0	__framesize	0x2	0	0	0	0
2258	0x0	__nested_function	0x2	0	0	0	0
2259	0x0	__framesize	0x2	0	0	0	0
2260	0x0	__nested_function	0x2	0	0	0	0
2261	0x0	__framesize	0x2	0	0	0	0
2262	0x0	__nested_function	0x2	0	0	0	0
2263	0x0	__framesize	0x2	0	0	0	0
2264	0x0	__nested_function	0x2	0	0	0	0
2265	0x0	__framesize	0x2	0	0	0	0
2266	0x0	__nested_function	0x2	0	0	0	0
2267	0x0	__framesize	0x2	0	0	0	0
2268	0x0	__nested_function	0x2	0	0	0	0
2269	0x0	__framesize	0x2	0	0	0	0
2270	0x0	__nested_function	0x2	0	0	0	0
2271	0x0	__framesize	0x2	0	0	0	0
2272	0x0	__nested_function	0x2	0	0	0	0
2273	0x0	__framesize	0x2	0	0	0	0
2274	0x0	__nested_function	0x2	0	0	0	0
2275	0x0	__framesize	0x2	0	0	0	0
2276	0x0	__nested_function	0x2	0	0	0	0
2277	0x0	__framesize	0x2	0	0	0	0
2278	0x0	__nested_function	0x2	0	0	0	0
2279	0x0	__framesize	0x2	0	0	0	0
2280	0x0	__nested_function	0x2	0	0	0	0
2281	0xc	RSAVE_BYTES	0x2	0	0	0	0
2282	0x0	__framesize	0x2	0	0	0	0
2283	0x0	__nested_function	0x2	0	0	0	0
2284	0x0	__framesize	0x2	0	0	0	0
2285	0x0	__nested_function	0x2	0	0	0	0
2286	0x0	__framesize	0x2	0	0	0	0
2287	0x0	__nested_function	0x2	0	0	0	0
2288	0x0	__framesize	0x2	0	0	0	0
2289	0x0	__nested_function	0x2	0	0	0	0
2290	0x0	__framesize	0x2	0	0	0	0
2291	0x0	__nested_function	0x2	0	0	0	0
2292	0x0	__framesize	0x2	0	0	0	0
2293	0x0	__nested_function	0x2	0	0	0	0
2294	0x0	__framesize	0x2	0	0	0	0
2295	0x0	__nested_function	0x2	0	0	0	0
2296	0x0	__framesize	0x2	0	0	0	0
2297	0x0	__nested_function	0x2	0	0	0	0
2298	0x0	__framesize	0x2	0	0	0	0
2299	0x0	__nested_function	0x2	0	0	0	0
2300	0x0	__framesize	0x2	0	0	0	0
2301	0x0	__nested_function	0x2	0	0	0	0
2302	0x0	__framesize	0x2	0	0	0	0
2303	0x0	__nested_function	0x2	0	0	0	0
2304	0x0	__framesize	0x2	0	0	0	0
2305	0x0	__nested_function	0x2	0	0	0	0
2306	0x0	__framesize	0x2	0	0	0	0
2307	0x0	__nested_function	0x2	0	0	0	0
2308	0x0	__framesize	0x2	0	0	0	0
2309	0x0	__nested_function	0x2	0	0	0	0
2310	0x0	__framesize	0x2	0	0	0	0
2311	0x0	__nested_function	0x2	0	0	0	0
2312	0x0	__framesize	0x2	0	0	0	0
2313	0x0	__nested_function	0x2	0	0	0	0
2314	0x0	__framesize	0x2	0	0	0	0
2315	0x0	__nested_function	0x2	0	0	0	0
2316	0x0	__framesize	0x2	0	0	0	0
2317	0x0	__nested_function	0x2	0	0	0	0
2318	0x0	__framesize	0x2	0	0	0	0
2319	0x0	__nested_function	0x2	0	0	0	0
2320	0x0	__framesize	0x2	0	0	0	0
2321	0x0	__nested_function	0x2	0	0	0	0
2322	0x0	__framesize	0x2	0	0	0	0
2323	0x0	__nested_function	0x2	0	0	0	0
2324	0x0	__framesize	0x2	0	0	0	0
2325	0x0	__nested_function	0x2	0	0	0	0
2326	0x0	__framesize	0x2	0	0	0	0
2327	0x0	__nested_function	0x2	0	0	0	0
2328	0x50c26a8	_cprocs_started	0xe	7	0	0	0
2329	0x50c26ac	_cproc_lock	0xe	7	0	0	0
2330	0x50c26b0	_cprocs	0xe	7	0	0	0
2331	0x507aed0	_cproc_alloc	0xe	1	0	0	0
2332	0x507afa0	_cproc_continue	0xe	1	0	0	0
2333	0x50c26b4	_cthreads	0xe	7	0	0	0
2334	0x50c26bc	_cthread_lock	0xe	7	0	0	0
2335	0x50c26c4	_cthread_needed	0xe	7	0	0	0
2336	0x50c26d4	_cthread_idle	0xe	7	0	0	0
2337	0x50c26e4	_n_cprocs	0xe	7	0	0	0
2338	0x50c26e8	_n_cthreads	0xe	7	0	0	0
2339	0x50c26ec	_max_cprocs	0xe	7	0	0	0
2340	0x50c26f0	_free_cthreads	0xe	7	0	0	0
2341	0x50c26f4	_cthread_free_lock	0xe	7	0	0	0
2342	0x50c26f8	_initial_cthread	0xe	7	0	0	0
2343	0x507b150	_cthread_alloc	0xe	1	0	0	0
2344	0x50c2778	__cthread_free_callout_function	0xe	7	0	0	0
2345	0x507b1dc	_cthread_free	0xe	1	0	0	0
2346	0x50c277c	_cthreads_started.8	0xe	7	0	0	0
2347	0x50c2780	_saved_self	0xe	7	0	0	0
2348	0x50c2784	_reply_port_lock	0xe	7	0	0	0
2349	0x50c278c	_cthread_stack_size	0xe	7	0	0	0
2350	0x50c2790	_next_stack_base	0xe	7	0	0	0
2351	0x50c2794	_initial_stack_deallocated	0xe	7	0	0	0
2352	0x50c2798	_initial_stack_lock	0xe	7	0	0	0
2353	0x507ba68	_setup_stack	0xe	1	0	0	0
2354	0x50c289c	_rcs_id	0xe	7	0	0	0
2355	0x0	__framesize	0x2	0	0	0	0
2356	0x0	__nested_function	0x2	0	0	0	0
2357	0x50c28d0	__yprequest_arms	0xe	7	0	0	0
2358	0x50c28f0	__ypresponse_arms	0xe	7	0	0	0
2359	0x50c2910	_ypbind_resp_arms	0xe	7	0	0	0
2360	0x50c2928	_tcp_timout	0xe	7	0	0	0
2361	0x50c2930	_bind_intertry	0xe	7	0	0	0
2362	0x50c2938	_bind_timeout	0xe	7	0	0	0
2363	0x50c2940	_ypserv_intertry	0xe	7	0	0	0
2364	0x50c2948	_bfvalid	0xe	7	0	0	0
2365	0x50c7b5c	_bfname	0xe	12	0	0	0
2366	0x50c7bbc	_bf	0xe	12	0	0	0
2367	0x50c7bc0	_binder_port	0xe	12	0	0	0
2368	0x50c7b50	_my_addr	0xe	12	0	0	0
2369	0x50c7b54	_bound_domains	0xe	12	0	0	0
2370	0x507cb68	__default_domain	0xe	1	0	0	0
2371	0x50c7b58	_default_domain	0xe	12	0	0	0
2372	0x50c294c	_mypid.82	0xe	7	0	0	0
2373	0x507cc34	_newborn	0xe	1	0	0	0
2374	0x507cc80	_check_binding	0xe	1	0	0	0
2375	0x507cd24	_check_pmap_up	0xe	1	0	0	0
2376	0x507cdc4	_check_binder_up	0xe	1	0	0	0
2377	0x507ceb4	_talk2_pmap	0xe	1	0	0	0
2378	0x507cfd8	_talk2_binder	0xe	1	0	0	0
2379	0x507d1e4	_get_binder_port	0xe	1	0	0	0
2380	0x507d234	_load_dom_binding	0xe	1	0	0	0
2381	0x507d3c0	_talk2_server	0xe	1	0	0	0
2382	0x50c2990	_ypsymbol_prefix	0xe	7	0	0	0
2383	0x50c2994	_ypsymbol_prefix_length	0xe	7	0	0	0
2384	0x507d638	_v2dofirst	0xe	1	0	0	0
2385	0x507d7bc	_v1dofirst	0xe	1	0	0	0
2386	0x507dab0	_v2donext	0xe	1	0	0	0
2387	0x507dc40	_v1donext	0xe	1	0	0	0
2388	0x507de40	_v1filter	0xe	1	0	0	0
2389	0x507dfd8	_v2domaster	0xe	1	0	0	0
2390	0x507e0cc	_v1domaster	0xe	1	0	0	0
2391	0x507e238	_detachnode	0xe	1	0	0	0
2392	0x50c7bc4	_head	0xe	12	0	0	0
2393	0x507e26c	_freenode	0xe	1	0	0	0
2394	0x507e2d4	_makenode	0xe	1	0	0	0
2395	0x507e664	_v2domatch	0xe	1	0	0	0
2396	0x507e784	_v1domatch	0xe	1	0	0	0
2397	0x507e994	_v2doorder	0xe	1	0	0	0
2398	0x507ea44	_v1doorder	0xe	1	0	0	0
2399	0x50c29c0	_bb_head	0xe	7	0	0	0
2400	0x507ec88	_num_digits	0xe	1	0	0	0
2401	0x50c29c4	___new_handler	0xe	7	0	0	0
2402	0x507fd70	_default_new_handler	0xe	1	0	0	0
2403	0x50bf798	___clz_tab	0xe	4	0	0	0
2404	0x5080cc0	_log2	0xe	1	0	0	0
2405	0x5080b40	_exp2m1	0xe	1	0	0	0
2406	0x50c29cc	_protoPrototype	0xe	7	0	0	0
2407	0x50c29dc	_prototypes	0xe	7	0	0	0
2408	0x5080aa0	_bootstrap	0xe	1	0	0	0
2409	0x5080b60	_freeBucketPairs	0xe	1	0	0	0
2410	0x50078d0	_freeBuckets	0xe	1	0	0	0
2411	0x5006b60	__NXHashRehash	0xe	1	0	0	0
2412	0x50c29e0	_uniqueStrings	0xe	7	0	0	0
2413	0x50c29e4	_accessUniqueString	0xe	7	0	0	0
2414	0x50c29e8	_zone	0xe	7	0	0	0
2415	0x50c29ec	_zoneSize	0xe	7	0	0	0
2416	0x50c29f0	_lock	0xe	7	0	0	0
2417	0x50801d0	_CopyIntoReadOnly	0xe	1	0	0	0
2418	0x50810a0	_log2	0xe	1	0	0	0
2419	0x50c29f8	_protoPrototype	0xe	7	0	0	0
2420	0x50c2a08	_prototypes	0xe	7	0	0	0
2421	0x50c2a0c	_mapSearch	0xe	7	0	0	0
2422	0x50c2a10	_mapSearchHit	0xe	7	0	0	0
2423	0x50c2a14	_mapSearchLoop	0xe	7	0	0	0
2424	0x50c2a18	_mapRehash	0xe	7	0	0	0
2425	0x50c2a1c	_mapRehashSum	0xe	7	0	0	0
2426	0x50059b0	__NXMapRehash	0xe	1	0	0	0
2427	0x50c2a20	_mapInsert	0xe	7	0	0	0
2428	0x50c2a24	_mapInsertHit	0xe	7	0	0	0
2429	0x50c2a28	_mapInsertLoop	0xe	7	0	0	0
2430	0x50c2a2c	_mapRemove	0xe	7	0	0	0
2431	0x50c2a30	__class_uncache	0xe	7	0	0	0
2432	0x50c2a34	__class_slow_grow	0xe	7	0	0	0
2433	0x50bf898	__errNoMem	0xe	4	0	0	0
2434	0x50bf8b8	__errAllocNil	0xe	4	0	0	0
2435	0x50bf8ce	__errFreedObject	0xe	4	0	0	0
2436	0x50bf8f4	__errNonExistentObject	0xe	4	0	0	0
2437	0x50bf921	__errBadSel	0xe	4	0	0	0
2438	0x50bf935	__errNotSuper	0xe	4	0	0	0
2439	0x50bf965	__errNewVars	0xe	4	0	0	0
2440	0x50c2a38	_cacheUpdateLock	0xe	7	0	0	0
2441	0x50c2a40	_cacheCollectionLock	0xe	7	0	0	0
2442	0x50c44cc	_freedObjectClass	0xe	11	0	0	0
2443	0x50c44f4	_nonexistentObjectClass	0xe	11	0	0	0
2444	0x5082500	_class_getVariable	0xe	1	0	0	0
2445	0x50829c0	_flush_caches	0xe	1	0	0	0
2446	0x50c2a50	_posed_class_hash	0xe	7	0	0	0
2447	0x50c2a54	_posed_class_to_original_class_hash	0xe	7	0	0	0
2448	0x5082200	_addClassToOriginalClass	0xe	1	0	0	0
2449	0x50820a0	__objc_addOrigClass	0xe	1	0	0	0
2450	0x5081f20	__freedHandler	0xe	1	0	0	0
2451	0x5082060	__nonexistentHandler	0xe	1	0	0	0
2452	0x5007670	_class_initialize	0xe	1	0	0	0
2453	0x5082d10	_objc_malloc	0xe	1	0	0	0
2454	0x50053b0	__cache_expand	0xe	1	0	0	0
2455	0x50c2a58	_totalCacheFills	0xe	7	0	0	0
2456	0x50c2a5c	_objcInstrumentationFD	0xe	7	0	0	0
2457	0x50c2a60	_objcInstrumentationOn	0xe	7	0	0	0
2458	0x50c2a64	_traceDuplicates	0xe	7	0	0	0
2459	0x50c2a68	_traceDuplicatesVerbose	0xe	7	0	0	0
2460	0x50c2a6c	_cacheFillDuplicates	0xe	7	0	0	0
2461	0x50033f0	__cache_fill	0xe	1	0	0	0
2462	0x5081150	__cache_flush	0xe	1	0	0	0
2463	0x50810c0	_SubTypeUntil	0xe	1	0	0	0
2464	0x5006970	_SkipFirstType	0xe	1	0	0	0
2465	0x50c2a70	__objc_zone.112	0xe	7	0	0	0
2466	0x5082000	__get_pc_for_thread	0xe	1	0	0	0
2467	0x5006e30	__collecting_in_critical	0xe	1	0	0	0
2468	0x50c2a74	_garbage_byte_size	0xe	7	0	0	0
2469	0x50c2a78	_garbage_threshold	0xe	7	0	0	0
2470	0x50c2a7c	_garbage_refs	0xe	7	0	0	0
2471	0x50c2a80	_garbage_count	0xe	7	0	0	0
2472	0x50c2a84	_garbage_max	0xe	7	0	0	0
2473	0x50c2a88	_first.119	0xe	7	0	0	0
2474	0x5081f60	__garbage_make_room	0xe	1	0	0	0
2475	0x5005ae0	__cache_collect_free	0xe	1	0	0	0
2476	0x50811c0	__cache_print	0xe	1	0	0	0
2477	0x5082b40	_log2	0xe	1	0	0	0
2478	0x50830e4	__getExecHeader	0xe	1	0	0	0
2479	0x50831f0	_send_unload_message_to_class	0xe	1	0	0	0
2480	0x5083238	_send_unload_message_to_category	0xe	1	0	0	0
2481	0x50832b0	__objc_fixup_string_objects_from_header	0xe	1	0	0	0
2482	0x5083308	_objc_registerModule	0xe	1	0	0	0
2483	0x50838d8	_objc_unregisterModule	0xe	1	0	0	0
2484	0x50c2ab8	_loadLock	0xe	7	0	0	0
2485	0x50c2acc	_header_vector	0xe	7	0	0	0
2486	0x50c2ad0	_header_count	0xe	7	0	0	0
2487	0x50c2ad4	_class_hash	0xe	7	0	0	0
2488	0x5003e10	_classHash	0xe	1	0	0	0
2489	0x5005580	_classIsEqual	0xe	1	0	0	0
2490	0x50c2ae0	_classHashPrototype	0xe	7	0	0	0
2491	0x5084340	__objc_defaultClassHandler	0xe	1	0	0	0
2492	0x50c2af0	_objc_classHandler	0xe	7	0	0	0
2493	0x50c7bcc	_module_vector	0xe	12	0	0	0
2494	0x50c7bc8	_module_count	0xe	12	0	0	0
2495	0x50840e0	__objcTweakMethodListPointerForClass	0xe	1	0	0	0
2496	0x50c2af4	_category_hash	0xe	7	0	0	0
2497	0x5084e80	__objc_resolve_categories_for_class	0xe	1	0	0	0
2498	0x5084bd0	__objc_register_category	0xe	1	0	0	0
2499	0x5084140	__objc_add_categories_from_image	0xe	1	0	0	0
2500	0x5083c90	__headerForClass	0xe	1	0	0	0
2501	0x5084f00	__resolveClassConflict	0xe	1	0	0	0
2502	0x50c2af8	_pended_map_selectors_index	0xe	7	0	0	0
2503	0x50c2afc	_map_selectors_pended	0xe	7	0	0	0
2504	0x5085790	_pend_map_selectors	0xe	1	0	0	0
2505	0x50c2b00	_pendingClassRefsMap	0xe	7	0	0	0
2506	0x5084fe0	_checkForPendingClassReferences	0xe	1	0	0	0
2507	0x50844c0	__objc_get_classes_from_image	0xe	1	0	0	0
2508	0x5084450	__objc_fixup_string_objects_for_image	0xe	1	0	0	0
2509	0x5084860	__objc_map_class_refs_for_image	0xe	1	0	0	0
2510	0x5084350	__objc_fixup_protocol_objects_for_image	0xe	1	0	0	0
2511	0x5085090	_compareHeaders	0xe	1	0	0	0
2512	0x50c2b04	_categoryMethodMap	0xe	7	0	0	0
2513	0x50c2b08	_classMethodMap	0xe	7	0	0	0
2514	0x5084b40	__objc_registerMethodListFromCategory	0xe	1	0	0	0
2515	0x5007150	__objc_registerMethodListFromClass	0xe	1	0	0	0
2516	0x50c2b0c	_rocketLaunching	0xe	7	0	0	0
2517	0x5085340	_libraryNameForMachHeader	0xe	1	0	0	0
2518	0x50857e0	_undo_preuniqing_for_image	0xe	1	0	0	0
2519	0x5004640	__objc_fixup_selector_refs	0xe	1	0	0	0
2520	0x50857b0	_sortedRefsSize	0xe	1	0	0	0
2521	0x5084fa0	_backrefsSectionComparator	0xe	1	0	0	0
2522	0x50850e0	_do_pended_map_selectors	0xe	1	0	0	0
2523	0x50c7bd0	_pended_map_selectors	0xe	12	0	0	0
2524	0x5007030	__objc_call_loads_for_image	0xe	1	0	0	0
2525	0x50848d0	__objc_map_image_callback	0xe	1	0	0	0
2526	0x5084850	__objc_link_module_callback	0xe	1	0	0	0
2527	0x5084ee0	__objc_unlink_module_callback	0xe	1	0	0	0
2528	0x50bfc28	_sentinel	0xe	4	0	0	0
2529	0x50c2b1c	_dynamicHashTable	0xe	7	0	0	0
2530	0x50c2b40	_hashTableChain	0xe	7	0	0	0
2531	0x50c2b44	_selectorLock	0xe	7	0	0	0
2532	0x5007df0	_objc_malloc	0xe	1	0	0	0
2533	0x50c2b4c	_HASH_alloc_list.82	0xe	7	0	0	0
2534	0x50c2b50	_HASH_alloc_index.83	0xe	7	0	0	0
2535	0x50c2b54	_relativeTo	0xe	7	0	0	0
2536	0x5086090	_comparator	0xe	1	0	0	0
2537	0x50860c0	_fixupEntryForSelector	0xe	1	0	0	0
2538	0x5086100	_selRefForFixupEntryInTable	0xe	1	0	0	0
2539	0x50bfc2c	__errNoMem	0xe	4	0	0	0
2540	0x50bfc4c	__errReAllocNil	0xe	4	0	0	0
2541	0x50bfc64	__errReAllocFreed	0xe	4	0	0	0
2542	0x50bfc7e	__errReAllocTooSmall	0xe	4	0	0	0
2543	0x50bfca0	__errShouldHaveImp	0xe	4	0	0	0
2544	0x50bfcc9	__errShouldNotImp	0xe	4	0	0	0
2545	0x50bfcf6	__errLeftUndone	0xe	4	0	0	0
2546	0x50bfd12	__errBadSel	0xe	4	0	0	0
2547	0x50bfd36	__errDoesntRecognize	0xe	4	0	0	0
2548	0x5086400	+[Object initialize]	0xe	1	0	0	0
2549	0x5086530	-[Object awake]	0xe	1	0	0	0
2550	0x50864c0	+[Object poseAs:]	0xe	1	0	0	0
2551	0x5086470	+[Object new]	0xe	1	0	0	0
2552	0x5086250	+[Object alloc]	0xe	1	0	0	0
2553	0x5086220	+[Object allocFromZone:]	0xe	1	0	0	0
2554	0x5086800	-[Object init]	0xe	1	0	0	0
2555	0x50869d0	-[Object name]	0xe	1	0	0	0
2556	0x5086460	+[Object name]	0xe	1	0	0	0
2557	0x50867f0	-[Object hash]	0xe	1	0	0	0
2558	0x5086810	-[Object isEqual:]	0xe	1	0	0	0
2559	0x50867d0	-[Object free]	0xe	1	0	0	0
2560	0x50863f0	+[Object free]	0xe	1	0	0	0
2561	0x5086bf0	-[Object self]	0xe	1	0	0	0
2562	0x5086540	-[Object class]	0xe	1	0	0	0
2563	0x5086280	+[Object class]	0xe	1	0	0	0
2564	0x5086cc0	-[Object zone]	0xe	1	0	0	0
2565	0x5086510	+[Object superclass]	0xe	1	0	0	0
2566	0x5086ca0	-[Object superclass]	0xe	1	0	0	0
2567	0x5086520	+[Object version]	0xe	1	0	0	0
2568	0x50864e0	+[Object setVersion:]	0xe	1	0	0	0
2569	0x5086830	-[Object isKindOf:]	0xe	1	0	0	0
2570	0x50868d0	-[Object isMemberOf:]	0xe	1	0	0	0
2571	0x5086860	-[Object isKindOfClassNamed:]	0xe	1	0	0	0
2572	0x50868f0	-[Object isMemberOfClassNamed:]	0xe	1	0	0	0
2573	0x50063b0	+[Object instancesRespondTo:]	0xe	1	0	0	0
2574	0x5086bd0	-[Object respondsTo:]	0xe	1	0	0	0
2575	0x50865b0	-[Object copy]	0xe	1	0	0	0
2576	0x5086580	-[Object copyFromZone:]	0xe	1	0	0	0
2577	0x50869b0	-[Object methodFor:]	0xe	1	0	0	0
2578	0x5086440	+[Object instanceMethodFor:]	0xe	1	0	0	0
2579	0x5086a20	-[Object perform:]	0xe	1	0	0	0
2580	0x5086a70	-[Object perform:with:]	0xe	1	0	0	0
2581	0x5086ac0	-[Object perform:with:with:]	0xe	1	0	0	0
2582	0x5086c40	-[Object subclassResponsibility:]	0xe	1	0	0	0
2583	0x50869e0	-[Object notImplemented:]	0xe	1	0	0	0
2584	0x50866f0	-[Object doesNotRecognize:]	0xe	1	0	0	0
2585	0x5086740	-[Object error:]	0xe	1	0	0	0
2586	0x5086b80	-[Object printForDebugger:]	0xe	1	0	0	0
2587	0x5086cb0	-[Object write:]	0xe	1	0	0	0
2588	0x5086bc0	-[Object read:]	0xe	1	0	0	0
2589	0x50867a0	-[Object forward::]	0xe	1	0	0	0
2590	0x5086950	-[Object methodArgSize:]	0xe	1	0	0	0
2591	0x5086b20	-[Object performv::]	0xe	1	0	0	0
2592	0x5086550	-[Object conformsTo:]	0xe	1	0	0	0
2593	0x5086290	+[Object conformsTo:]	0xe	1	0	0	0
2594	0x50865f0	-[Object descriptionForMethod:]	0xe	1	0	0	0
2595	0x5086320	+[Object descriptionForInstanceMethod:]	0xe	1	0	0	0
2596	0x50864f0	+[Object superClass]	0xe	1	0	0	0
2597	0x5086c80	-[Object superClass]	0xe	1	0	0	0
2598	0x50868a0	-[Object isKindOfGivenName:]	0xe	1	0	0	0
2599	0x5086920	-[Object isMemberOfGivenName:]	0xe	1	0	0	0
2600	0x5086980	-[Object methodDescFor:]	0xe	1	0	0	0
2601	0x5086410	+[Object instanceMethodDescFor:]	0xe	1	0	0	0
2602	0x5086780	-[Object findClass:]	0xe	1	0	0	0
2603	0x5086c00	-[Object shouldNotImplement:]	0xe	1	0	0	0
2604	0x5086f88	_fixup_classes	0xe	1	0	0	0
2605	0x5087064	+[Protocol _fixup:numElements:]	0xe	1	0	0	0
2606	0x50870f0	+[Protocol load]	0xe	1	0	0	0
2607	0x5087168	-[Protocol conformsTo:]	0xe	1	0	0	0
2608	0x508720c	-[Protocol descriptionForInstanceMethod:]	0xe	1	0	0	0
2609	0x5087244	-[Protocol descriptionForClassMethod:]	0xe	1	0	0	0
2610	0x508727c	-[Protocol name]	0xe	1	0	0	0
2611	0x508728c	-[Protocol isEqual:]	0xe	1	0	0	0
2612	0x508730c	-[Protocol hash]	0xe	1	0	0	0
2613	0x5087318	_lookup_method	0xe	1	0	0	0
2614	0x5087350	_lookup_instance_method	0xe	1	0	0	0
2615	0x50873b0	_lookup_class_method	0xe	1	0	0	0
2616	0x5087430	_call_constructors	0xe	1	0	0	0
2617	0x5087468	_call_destructors	0xe	1	0	0	0
2618	0x50874a0	_call_routines_for_section	0xe	1	0	0	0
2619	0x50c2b60	_ErrorBufferSize	0xe	7	0	0	0
2620	0x50c2b64	_BaseAltHandlers	0xe	7	0	0	0
2621	0x50c2c24	_Base	0xe	7	0	0	0
2622	0x50c2c3c	_Lock	0xe	7	0	0	0
2623	0x5087870	_addme	0xe	1	0	0	0
2624	0x5087800	__NXClearExceptionStack	0xe	1	0	0	0
2625	0x5087900	_trickyRemoveHandler	0xe	1	0	0	0
2626	0x50c2c44	_ExceptionRaiser	0xe	7	0	0	0
2627	0x50c2c48	_ErrorBuffer	0xe	7	0	0	0
2628	0x50c2c4c	_ErrorBufferOffset	0xe	7	0	0	0
2629	0x50c2c50	_mylock.26	0xe	7	0	0	0
2630	0x50c2c5c	_hasTerm.2	0xe	7	0	0	0
2631	0x5087a68	_hasTerminal	0xe	1	0	0	0
2632	0x4	self	0x2	0	0	0	0
2633	0x8	selector	0x2	0	0	0	0
2634	0x0	isa	0x2	0	0	0	0
2635	0x20	cache	0x2	0	0	0	0
2636	0x8	buckets	0x2	0	0	0	0
2637	0x0	mask	0x2	0	0	0	0
2638	0x0	method_name	0x2	0	0	0	0
2639	0x8	method_imp	0x2	0	0	0	0
2640	0x4	caller	0x2	0	0	0	0
2641	0x0	reciever	0x2	0	0	0	0
2642	0x4	class	0x2	0	0	0	0
2643	0x10	args	0x2	0	0	0	0
2644	0xc	size	0x2	0	0	0	0
2645	0x8	sel	0x2	0	0	0	0
2646	0x5087b8c	_log2	0xe	1	0	0	0
2647	0x5087bac	_exp2m1	0xe	1	0	0	0
2648	0x5087bc4	_hash	0xe	1	0	0	0
2649	0x5087c58	_isEqual	0xe	1	0	0	0
2650	0x5087cf4	_freeObject	0xe	1	0	0	0
2651	0x5087d14	_noFree	0xe	1	0	0	0
2652	0x5087d1c	+[HashTable initialize]	0xe	1	0	0	0
2653	0x5087d44	-[HashTable _initBare:::]	0xe	1	0	0	0
2654	0x5087d98	+[HashTable _newBare:::]	0xe	1	0	0	0
2655	0x5087de0	-[HashTable initKeyDesc:valueDesc:]	0xe	1	0	0	0
2656	0x5087e08	-[HashTable initKeyDesc:]	0xe	1	0	0	0
2657	0x5087e2c	-[HashTable init]	0xe	1	0	0	0
2658	0x5087e4c	-[HashTable initKeyDesc:valueDesc:capacity:]	0xe	1	0	0	0
2659	0x5087eb0	+[HashTable newKeyDesc:valueDesc:capacity:]	0xe	1	0	0	0
2660	0x5087ef8	+[HashTable newKeyDesc:valueDesc:]	0xe	1	0	0	0
2661	0x5087f20	+[HashTable newKeyDesc:]	0xe	1	0	0	0
2662	0x5087f44	+[HashTable new]	0xe	1	0	0	0
2663	0x5087f64	-[HashTable free]	0xe	1	0	0	0
2664	0x5087fbc	-[HashTable freeObjects]	0xe	1	0	0	0
2665	0x5088008	-[HashTable freeKeys:values:]	0xe	1	0	0	0
2666	0x508808c	-[HashTable empty]	0xe	1	0	0	0
2667	0x50880dc	-[HashTable copyFromZone:]	0xe	1	0	0	0
2668	0x5088198	-[HashTable count]	0xe	1	0	0	0
2669	0x50881a8	-[HashTable isKey:]	0xe	1	0	0	0
2670	0x5088220	-[HashTable valueForKey:]	0xe	1	0	0	0
2671	0x5088298	-[HashTable _insertKeyNoRehash:value:]	0xe	1	0	0	0
2672	0x50883c0	-[HashTable insertKey:value:]	0xe	1	0	0	0
2673	0x5088510	-[HashTable removeKey:]	0xe	1	0	0	0
2674	0x508868c	-[HashTable initState]	0xe	1	0	0	0
2675	0x50886a4	-[HashTable nextState:key:value:]	0xe	1	0	0	0
2676	0x508870c	-[HashTable write:]	0xe	1	0	0	0
2677	0x50887e4	-[HashTable read:]	0xe	1	0	0	0
2678	0x5088914	_DebugPrint	0xe	1	0	0	0
2679	0x5088998	-[HashTable printForDebugger:]	0xe	1	0	0	0
2680	0x5088aa0	-[HashTable _debugPrint:]	0xe	1	0	0	0
2681	0x5088ac8	+[List initialize]	0xe	1	0	0	0
2682	0x5088af0	-[List initCount:]	0xe	1	0	0	0
2683	0x5088b4c	+[List newCount:]	0xe	1	0	0	0
2684	0x5088b8c	+[List new]	0xe	1	0	0	0
2685	0x5088bac	-[List init]	0xe	1	0	0	0
2686	0x5088bcc	-[List free]	0xe	1	0	0	0
2687	0x5088c10	-[List freeObjects]	0xe	1	0	0	0
2688	0x5088c58	-[List copyFromZone:]	0xe	1	0	0	0
2689	0x5088ccc	-[List isEqual:]	0xe	1	0	0	0
2690	0x5088d30	-[List capacity]	0xe	1	0	0	0
2691	0x5088d40	-[List count]	0xe	1	0	0	0
2692	0x5088d50	-[List objectAt:]	0xe	1	0	0	0
2693	0x5088d70	-[List indexOf:]	0xe	1	0	0	0
2694	0x5088db8	-[List lastObject]	0xe	1	0	0	0
2695	0x5088ddc	-[List setAvailableCapacity:]	0xe	1	0	0	0
2696	0x5088e4c	-[List insertObject:at:]	0xe	1	0	0	0
2697	0x5088f08	-[List addObject:]	0xe	1	0	0	0
2698	0x5088f30	-[List addObjectIfAbsent:]	0xe	1	0	0	0
2699	0x5088f8c	-[List removeObjectAt:]	0xe	1	0	0	0
2700	0x5088fe4	-[List removeObject:]	0xe	1	0	0	0
2701	0x508903c	-[List removeLastObject]	0xe	1	0	0	0
2702	0x508906c	-[List empty]	0xe	1	0	0	0
2703	0x5089080	-[List replaceObject:with:]	0xe	1	0	0	0
2704	0x50890cc	-[List replaceObjectAt:with:]	0xe	1	0	0	0
2705	0x5089104	-[List write:]	0xe	1	0	0	0
2706	0x5089178	-[List read:]	0xe	1	0	0	0
2707	0x5089270	-[List makeObjectsPerform:]	0xe	1	0	0	0
2708	0x50892b4	-[List makeObjectsPerform:with:]	0xe	1	0	0	0
2709	0x50892fc	-[List appendList:]	0xe	1	0	0	0
2710	0x5089364	_warning	0xe	1	0	0	0
2711	0x50c2c80	_bundleTable	0xe	7	0	0	0
2712	0x50c2c84	_mainBundleStringTableTable	0xe	7	0	0	0
2713	0x50c2c88	_classToBundle	0xe	7	0	0	0
2714	0x50c2c8c	_mainBundle	0xe	7	0	0	0
2715	0x50c2c90	_pathToBundle	0xe	7	0	0	0
2716	0x508936c	-[NXBundle initForDirectory:]	0xe	1	0	0	0
2717	0x5089490	-[NXBundle free]	0xe	1	0	0	0
2718	0x50894f0	+[NXBundle mainBundle]	0xe	1	0	0	0
2719	0x508959c	+[NXBundle bundleForClass:]	0xe	1	0	0	0
2720	0x50895e4	-[NXBundle directory]	0xe	1	0	0	0
2721	0x50c2c94	_globalPrincipalClass	0xe	7	0	0	0
2722	0x50c2c98	_globalBundle	0xe	7	0	0	0
2723	0x50895f4	_loadCallback	0xe	1	0	0	0
2724	0x50c2c9c	_bundleErrorStream	0xe	7	0	0	0
2725	0x5089694	+[NXBundle setErrorStream:]	0xe	1	0	0	0
2726	0x50896b4	-[NXBundle ensureLoaded]	0xe	1	0	0	0
2727	0x50898fc	-[NXBundle classNamed:]	0xe	1	0	0	0
2728	0x5089934	-[NXBundle principalClass]	0xe	1	0	0	0
2729	0x5089964	-[NXBundle setVersion:]	0xe	1	0	0	0
2730	0x5089974	-[NXBundle version]	0xe	1	0	0	0
2731	0x50c2ca0	_systemHasLanguages	0xe	7	0	0	0
2732	0x50c2ca4	_systemLanguages	0xe	7	0	0	0
2733	0x5089984	_getDefaultSystemLanguages	0xe	1	0	0	0
2734	0x5089ae4	_readLprojVersion	0xe	1	0	0	0
2735	0x5089b9c	_addExtension	0xe	1	0	0	0
2736	0x5089c04	_addDirectoryEntriesTo	0xe	1	0	0	0
2737	0x50c2ca8	_lprojTable.42	0xe	7	0	0	0
2738	0x5089cb0	_isFileInValidLproj	0xe	1	0	0	0
2739	0x5089f44	_getPathToNextLibraryLanguages	0xe	1	0	0	0
2740	0x508a0d4	+[NXBundle getPath:forResource:ofType:inDirectory:withVersion:]	0xe	1	0	0	0
2741	0x508a1e4	-[NXBundle getPath:forResource:ofType:]	0xe	1	0	0	0
2742	0x508a22c	+[NXBundle setSystemLanguages:]	0xe	1	0	0	0
2743	0x50c2cac	_LocalizedStringZone.53	0xe	7	0	0	0
2744	0x508a5a0	-[NXBundle(Compatability) initForPath:]	0xe	1	0	0	0
2745	0x508a5c4	-[NXBundle(Compatability) path]	0xe	1	0	0	0
2746	0x508a5e4	+[NXBundle(Compatability) forClass:]	0xe	1	0	0	0
2747	0x508a608	+[NXBundle(Compatability) newFromPath:]	0xe	1	0	0	0
2748	0x508a63c	-[NXBundle(Compatability) initFromPath:]	0xe	1	0	0	0
2749	0x508a660	-[NXBundle(Compatability) bundlePath]	0xe	1	0	0	0
2750	0x508a680	-[NXBundle(Compatability) codeLoaded]	0xe	1	0	0	0
2751	0x508a690	-[NXBundle(Compatability) firstClass]	0xe	1	0	0	0
2752	0x508a6b0	-[NXBundle(Compatability) getResourcePath:forName:type:]	0xe	1	0	0	0
2753	0x508a6dc	-[NXBundle(Compatability) getClass:]	0xe	1	0	0	0
2754	0x508a700	-[NXBundle(Compatability) classForName:]	0xe	1	0	0	0
2755	0x508a724	_noFree	0xe	1	0	0	0
2756	0x508a72c	_freeObjects	0xe	1	0	0	0
2757	0x508a760	+[NXBundle(Private) _invalidateLprojCache]	0xe	1	0	0	0
2758	0x508a804	-[NXCharacterSet init]	0xe	1	0	0	0
2759	0x508a884	-[NXCharacterSet characterIsMember:]	0xe	1	0	0	0
2760	0x508a8c4	-[NXCharacterSet addCharacters:length:]	0xe	1	0	0	0
2761	0x508a918	-[NXCharacterSet removeCharacters:length:]	0xe	1	0	0	0
2762	0x508a96c	-[NXCharacterSet addRange::]	0xe	1	0	0	0
2763	0x508a9c4	-[NXCharacterSet removeRange::]	0xe	1	0	0	0
2764	0x508aa1c	-[NXCharacterSet invert]	0xe	1	0	0	0
2765	0x508aa38	-[NXCharacterSet unionWith:]	0xe	1	0	0	0
2766	0x508aa64	-[NXCharacterSet intersectWith:]	0xe	1	0	0	0
2767	0x508aa90	-[NXCharacterSet copyFromZone:]	0xe	1	0	0	0
2768	0x508aaf0	-[NXCharacterSet free]	0xe	1	0	0	0
2769	0x508ab34	-[NXCharacterSet write:]	0xe	1	0	0	0
2770	0x508ab8c	-[NXCharacterSet read:]	0xe	1	0	0	0
2771	0x508abe4	-[NXMutableString(NX_BS_Extras) appendCharacters:length:]	0xe	1	0	0	0
2772	0x508ac50	-[Object(NX_BS_Extras) writeToStream:]	0xe	1	0	0	0
2773	0x508ac70	_freeKeyAndValue	0xe	1	0	0	0
2774	0x508aca8	-[NXPropertyList init]	0xe	1	0	0	0
2775	0x508ad00	-[NXPropertyList free]	0xe	1	0	0	0
2776	0x508ad4c	-[NXPropertyList count]	0xe	1	0	0	0
2777	0x508ad60	-[NXPropertyList member:]	0xe	1	0	0	0
2778	0x508ad8c	-[NXPropertyList get:]	0xe	1	0	0	0
2779	0x508ada4	-[NXPropertyList insert:value:]	0xe	1	0	0	0
2780	0x508ae28	-[NXPropertyList remove:]	0xe	1	0	0	0
2781	0x508ae80	-[NXPropertyList empty]	0xe	1	0	0	0
2782	0x508ae9c	-[NXPropertyList initEnumeration]	0xe	1	0	0	0
2783	0x508aeb0	-[NXPropertyList enumerate:key:value:]	0xe	1	0	0	0
2784	0x508aedc	-[NXPropertyList(Basic_IO) initFromStream:]	0xe	1	0	0	0
2785	0x508b02c	-[NXPropertyList(Basic_IO) initFromPath:]	0xe	1	0	0	0
2786	0x508b17c	-[NXPropertyList(Basic_IO) writeToStream:]	0xe	1	0	0	0
2787	0x508b1c0	-[NXPropertyList(Basic_IO) writeToPath:safely:]	0xe	1	0	0	0
2788	0x508b2b4	-[NXPropertyList(Basic_IO) writeToPath:]	0xe	1	0	0	0
2789	0x508b2dc	_NXGetNonSpace	0xe	1	0	0	0
2790	0x508b48c	_NXGetSlashedChar	0xe	1	0	0	0
2791	0x508b788	_readValue	0xe	1	0	0	0
2792	0x508b86c	_writeSpaces	0xe	1	0	0	0
2793	0x508b8f8	-[NXCleanList free]	0xe	1	0	0	0
2794	0x508b940	-[NXPropertyList(Fancy_IO) initFromStream:context:]	0xe	1	0	0	0
2795	0x508bb0c	-[NXPropertyList(Fancy_IO) writeToStream:context:]	0xe	1	0	0	0
2796	0x508bd38	-[NXPropertyList(Fancy_IO) initFromPath:context:]	0xe	1	0	0	0
2797	0x508be54	-[NXCleanList(Fancy_IO) initFromStream:context:]	0xe	1	0	0	0
2798	0x508bf64	-[NXCleanList(Fancy_IO) writeToStream:context:]	0xe	1	0	0	0
2799	0x508c070	-[NXString(Fancy_IO) initFromStream:context:]	0xe	1	0	0	0
2800	0x508c42c	-[NXString(Fancy_IO) writeToStream:context:]	0xe	1	0	0	0
2801	0x508c6a8	_hashString	0xe	1	0	0	0
2802	0x508c6c8	_isEqualString	0xe	1	0	0	0
2803	0x508c6ec	_freeString	0xe	1	0	0	0
2804	0x508c70c	-[NXReadOnlyString(Fancy_IO) initFromStream:context:]	0xe	1	0	0	0
2805	0x508c800	-[Object(Fancy_IO) writeToStream:context:]	0xe	1	0	0	0
2806	0x508c824	-[NXConstantString initFromCharactersNoCopy:length:]	0xe	1	0	0	0
2807	0x508c848	-[NXConstantString copyFromZone:]	0xe	1	0	0	0
2808	0x508c854	-[NXConstantString free]	0xe	1	0	0	0
2809	0x508c860	-[NXConstantString _reallyFree]	0xe	1	0	0	0
2810	0x508c894	-[NXConstantString finishUnarchiving]	0xe	1	0	0	0
2811	0x508c8ec	-[NXMutableString replaceCharactersInRange:withString:]	0xe	1	0	0	0
2812	0x508c910	-[NXMutableString insertString:at:]	0xe	1	0	0	0
2813	0x508c93c	-[NXMutableString appendString:]	0xe	1	0	0	0
2814	0x508c980	-[NXMutableString deleteCharactersInRange:]	0xe	1	0	0	0
2815	0x508c9ac	-[NXMutableString mutableCopyFromZone:]	0xe	1	0	0	0
2816	0x508c9d0	-[NXMutableString immutableCopyFromZone:]	0xe	1	0	0	0
2817	0x508ca0c	-[NXMutableString replaceRange:with:]	0xe	1	0	0	0
2818	0x508ca38	-[NXMutableString replaceWith:]	0xe	1	0	0	0
2819	0x508ca80	-[NXMutableString insert:at:]	0xe	1	0	0	0
2820	0x508caa8	-[NXMutableString append:]	0xe	1	0	0	0
2821	0x508cacc	-[NXMutableString deleteRange:]	0xe	1	0	0	0
2822	0x508caf4	+[NXReadOnlyString alloc]	0xe	1	0	0	0
2823	0x508cb34	+[NXReadOnlyString allocFromZone:]	0xe	1	0	0	0
2824	0x508cb74	-[NXReadOnlyString initFromCharactersNoCopy:length:]	0xe	1	0	0	0
2825	0x508cb9c	-[NXReadOnlyString initFromCharactersNoCopy:length:freeWhenDone:]	0xe	1	0	0	0
2826	0x508cbf4	-[NXReadOnlyString allocateCharacterBuffer:]	0xe	1	0	0	0
2827	0x508cc24	-[NXReadOnlyString copyFromZone:]	0xe	1	0	0	0
2828	0x508cc3c	-[NXReadOnlyString copySubstring:fromZone:]	0xe	1	0	0	0
2829	0x508ccec	-[NXReadOnlyString mutableCopyFromZone:]	0xe	1	0	0	0
2830	0x508cd38	-[NXReadOnlyString free]	0xe	1	0	0	0
2831	0x508cd8c	-[NXReadOnlyString finishUnarchiving]	0xe	1	0	0	0
2832	0x508cddc	-[NXReadOnlyString write:]	0xe	1	0	0	0
2833	0x508ce38	-[NXReadOnlyString read:]	0xe	1	0	0	0
2834	0x508ce94	-[NXReadOnlySubstring free]	0xe	1	0	0	0
2835	0x508cee8	-[NXReadWriteString initFromCharactersNoCopy:length:]	0xe	1	0	0	0
2836	0x50c2cb0	_emptyReadOnlyString.12	0xe	7	0	0	0
2837	0x508cf10	-[NXReadWriteString initFromCharactersNoCopy:length:freeWhenDone:]	0xe	1	0	0	0
2838	0x508cffc	-[NXReadWriteString length]	0xe	1	0	0	0
2839	0x508d00c	-[NXReadWriteString characterAt:]	0xe	1	0	0	0
2840	0x508d04c	-[NXReadWriteString allocateCharacterBuffer:]	0xe	1	0	0	0
2841	0x508d07c	-[NXReadWriteString getCharacters:range:]	0xe	1	0	0	0
2842	0x508d0d0	-[NXReadWriteString getCString:maxLength:range:remainingRange:]	0xe	1	0	0	0
2843	0x508d164	-[NXReadWriteString compare:mask:table:]	0xe	1	0	0	0
2844	0x508d190	-[NXReadWriteString findString:range:mask:table:]	0xe	1	0	0	0
2845	0x508d1c8	-[NXReadWriteString findCharacter:range:mask:table:]	0xe	1	0	0	0
2846	0x508d204	-[NXReadWriteString findOneOf:range:mask:table:]	0xe	1	0	0	0
2847	0x508d23c	-[NXReadWriteString hash]	0xe	1	0	0	0
2848	0x508d25c	-[NXReadWriteString replaceCharactersInRange:withString:]	0xe	1	0	0	0
2849	0x508d3d4	-[NXReadWriteString copyFromZone:]	0xe	1	0	0	0
2850	0x508d42c	-[NXReadWriteString immutableCopyFromZone:]	0xe	1	0	0	0
2851	0x508d450	-[NXReadWriteString free]	0xe	1	0	0	0
2852	0x508d49c	-[NXReadWriteString write:]	0xe	1	0	0	0
2853	0x508d4e4	-[NXReadWriteString read:]	0xe	1	0	0	0
2854	0x508d52c	-[NXReadWriteString finishUnarchiving]	0xe	1	0	0	0
2855	0x508d57c	-[NXSimpleReadOnlyString initFromCharactersNoCopy:length:]	0xe	1	0	0	0
2856	0x508d5c8	-[NXSimpleReadOnlyString characterAt:]	0xe	1	0	0	0
2857	0x508d600	-[NXSimpleReadOnlyString length]	0xe	1	0	0	0
2858	0x508d610	-[NXSimpleReadOnlyString getCharacters:range:]	0xe	1	0	0	0
2859	0x508d65c	-[NXSimpleReadOnlyString getCString:maxLength:range:remainingRange:]	0xe	1	0	0	0
2860	0x50c2cb4	_simpleReadOnlyStringClass.20	0xe	7	0	0	0
2861	0x508d6e8	-[NXSimpleReadOnlyString compare:mask:table:]	0xe	1	0	0	0
2862	0x508d854	-[NXSimpleReadOnlyString findString:range:mask:table:]	0xe	1	0	0	0
2863	0x508d964	-[NXSimpleReadOnlyString findCharacter:range:mask:table:]	0xe	1	0	0	0
2864	0x508d9d8	-[NXSimpleReadOnlyString findOneOf:range:mask:table:]	0xe	1	0	0	0
2865	0x508da98	-[NXSimpleReadOnlyString copySubstring:fromZone:]	0xe	1	0	0	0
2866	0x508db4c	-[NXSimpleReadOnlyString hash]	0xe	1	0	0	0
2867	0x508db78	-[NXSimpleReadOnlyString copyFromZone:]	0xe	1	0	0	0
2868	0x508dbe4	-[NXSimpleReadOnlyString free]	0xe	1	0	0	0
2869	0x508dc30	-[NXSimpleReadOnlyString write:]	0xe	1	0	0	0
2870	0x508dca4	-[NXSimpleReadOnlyString read:]	0xe	1	0	0	0
2871	0x50c2cb8	_theStringZone	0xe	7	0	0	0
2872	0x508dd48	_objectPrintfProc	0xe	1	0	0	0
2873	0x508de1c	+[NXString initialize]	0xe	1	0	0	0
2874	0x508de54	-[NXString allocateCharacterBuffer:]	0xe	1	0	0	0
2875	0x508dea8	-[NXString initFromCharactersNoCopy:length:]	0xe	1	0	0	0
2876	0x508dedc	-[NXString init]	0xe	1	0	0	0
2877	0x508df00	-[NXString initFromCharacters:length:]	0xe	1	0	0	0
2878	0x508df4c	-[NXString initFromString:]	0xe	1	0	0	0
2879	0x508df90	-[NXString initFromString:range:]	0xe	1	0	0	0
2880	0x508dff0	-[NXString initFromStream:untilOneOf:maxLength:]	0xe	1	0	0	0
2881	0x508e01c	-[NXString initFromCStringStream:untilOneOf:maxLength:]	0xe	1	0	0	0
2882	0x508e300	-[NXString initFromFormat:]	0xe	1	0	0	0
2883	0x508e328	-[NXString initFromFormat:withArgList:]	0xe	1	0	0	0
2884	0x508e408	-[NXString initFromCString:]	0xe	1	0	0	0
2885	0x508e444	-[NXString initFromCString:length:]	0xe	1	0	0	0
2886	0x508e4ac	-[NXString getCString:]	0xe	1	0	0	0
2887	0x508e4f8	-[NXString getCString:maxLength:]	0xe	1	0	0	0
2888	0x508e544	-[NXString getCString:maxLength:range:remainingRange:]	0xe	1	0	0	0
2889	0x508e5a8	-[NXString length]	0xe	1	0	0	0
2890	0x508e5cc	-[NXString cStringLength]	0xe	1	0	0	0
2891	0x508e5ec	-[NXString cStringCopy]	0xe	1	0	0	0
2892	0x508e65c	-[NXString uniqueCStringCopy]	0xe	1	0	0	0
2893	0x508e6e4	-[NXString characterAt:]	0xe	1	0	0	0
2894	0x508e708	-[NXString getCharacters:range:]	0xe	1	0	0	0
2895	0x508e75c	-[NXString getCharacters:]	0xe	1	0	0	0
2896	0x50c2cbc	_stringClass.134	0xe	7	0	0	0
2897	0x508e94c	-[NXString isEqual:]	0xe	1	0	0	0
2898	0x508ea08	-[NXString compare:]	0xe	1	0	0	0
2899	0x508ea30	-[NXString compare:mask:table:]	0xe	1	0	0	0
2900	0x508eb74	-[NXString findString:]	0xe	1	0	0	0
2901	0x508ebbc	-[NXString findString:range:mask:table:]	0xe	1	0	0	0
2902	0x508edb8	-[NXString findCharacter:]	0xe	1	0	0	0
2903	0x508ee08	-[NXString findCharacter:range:mask:table:]	0xe	1	0	0	0
2904	0x508ee98	-[NXString findOneOf:]	0xe	1	0	0	0
2905	0x508eee0	-[NXString findOneOf:range:mask:table:]	0xe	1	0	0	0
2906	0x508efa4	-[NXString hash]	0xe	1	0	0	0
2907	0x508f028	-[NXString copySubstring:]	0xe	1	0	0	0
2908	0x508f06c	-[NXString copySubstring:fromZone:]	0xe	1	0	0	0
2909	0x508f158	-[NXString immutableCopy]	0xe	1	0	0	0
2910	0x508f18c	-[NXString immutableCopyFromZone:]	0xe	1	0	0	0
2911	0x508f1b0	-[NXString mutableCopy]	0xe	1	0	0	0
2912	0x508f1e4	-[NXString mutableCopyFromZone:]	0xe	1	0	0	0
2913	0x508f220	-[NXString writeToStream:]	0xe	1	0	0	0
2914	0x508f244	-[NXString writeCStringToStream:]	0xe	1	0	0	0
2915	0x508f30c	-[NXString printForDebugger:]	0xe	1	0	0	0
2916	0x508f3c8	-[NXString _print]	0xe	1	0	0	0
2917	0x508f4b0	-[NXString initFromStream:uptoLength:orUntilOneOf:]	0xe	1	0	0	0
2918	0x508f4dc	-[NXString initFromByteStream:uptoLength:orUntilOneOf:]	0xe	1	0	0	0
2919	0x508f508	-[NXString getCString:range:]	0xe	1	0	0	0
2920	0x508f538	-[NXString getCString:length:]	0xe	1	0	0	0
2921	0x508f560	-[NXString getCString:length:range:]	0xe	1	0	0	0
2922	0x508f590	-[NXString compare:mask:]	0xe	1	0	0	0
2923	0x508f5b8	-[NXString compare:mask:usingTable:]	0xe	1	0	0	0
2924	0x508f5e4	-[NXString find:]	0xe	1	0	0	0
2925	0x508f608	-[NXString find:range:]	0xe	1	0	0	0
2926	0x508f638	-[NXString find:mask:]	0xe	1	0	0	0
2927	0x508f684	-[NXString find:range:mask:usingTable:]	0xe	1	0	0	0
2928	0x508f6b8	-[NXString findOneOf:range:]	0xe	1	0	0	0
2929	0x508f6e8	-[NXString findOneOf:mask:]	0xe	1	0	0	0
2930	0x508f734	-[NXString findOneOf:range:mask:usingTable:]	0xe	1	0	0	0
2931	0x508f768	-[NXString findCharacter:range:]	0xe	1	0	0	0
2932	0x508f798	-[NXString findCharacter:mask:]	0xe	1	0	0	0
2933	0x508f7f0	-[NXString findCharacter:range:mask:usingTable:]	0xe	1	0	0	0
2934	0x508f824	-[NXString createCharacterBuffer:]	0xe	1	0	0	0
2935	0x508f848	-[NXString writeBytesToStream:]	0xe	1	0	0	0
2936	0x508f86c	+[NXStringTable new]	0xe	1	0	0	0
2937	0x508f898	-[NXStringTable init]	0xe	1	0	0	0
2938	0x508f8c4	_noFree	0xe	1	0	0	0
2939	0x508f8cc	_freeString	0xe	1	0	0	0
2940	0x508f8dc	-[NXStringTable free]	0xe	1	0	0	0
2941	0x508f934	-[NXStringTable valueForStringKey:]	0xe	1	0	0	0
2942	0x508f978	_skipSpace	0xe	1	0	0	0
2943	0x508f9d8	_parseWord	0xe	1	0	0	0
2944	0x508fecc	_writeWord	0xe	1	0	0	0
2945	0x5090448	-[NXStringTable readFromStream:]	0xe	1	0	0	0
2946	0x50906e4	-[NXStringTable readFromFile:]	0xe	1	0	0	0
2947	0x509072c	+[NXStringTable newFromStream:]	0xe	1	0	0	0
2948	0x509078c	+[NXStringTable newFromFile:]	0xe	1	0	0	0
2949	0x50907e4	-[NXStringTable writeToStream:]	0xe	1	0	0	0
2950	0x5090888	-[NXStringTable writeToFile:]	0xe	1	0	0	0
2951	0x50c2cc0	_uniquedStringHashTable	0xe	7	0	0	0
2952	0x50908e8	+[NXUniquedString initialize]	0xe	1	0	0	0
2953	0x50c7c20	_stringLock	0xe	12	0	0	0
2954	0x5090974	+[NXUniquedString newFromString:]	0xe	1	0	0	0
2955	0x5090a74	+[NXUniquedString newFromCharacters:length:]	0xe	1	0	0	0
2956	0x5090ae8	-[NXUniquedString initFromCharactersNoCopy:length:]	0xe	1	0	0	0
2957	0x5090bf4	+[NXUniquedString allocFromZone:]	0xe	1	0	0	0
2958	0x5090c34	+[NXUniquedString alloc]	0xe	1	0	0	0
2959	0x5090c74	-[NXUniquedString free]	0xe	1	0	0	0
2960	0x5090c80	-[NXUniquedString copyFromZone:]	0xe	1	0	0	0
2961	0x50c2cc4	_uniquedStringClass.18	0xe	7	0	0	0
2962	0x5090c8c	-[NXUniquedString isEqual:]	0xe	1	0	0	0
2963	0x5090d24	-[NXUniquedString finishUnarchiving]	0xe	1	0	0	0
2964	0x5090e00	+[Storage initialize]	0xe	1	0	0	0
2965	0x5090e80	+[Storage new]	0xe	1	0	0	0
2966	0x50910c0	-[Storage init]	0xe	1	0	0	0
2967	0x5091040	-[Storage initCount:elementSize:description:]	0xe	1	0	0	0
2968	0x5090e30	+[Storage newCount:elementSize:description:]	0xe	1	0	0	0
2969	0x5090ff0	-[Storage free]	0xe	1	0	0	0
2970	0x5090fd0	-[Storage empty]	0xe	1	0	0	0
2971	0x5090f10	-[Storage copyFromZone:]	0xe	1	0	0	0
2972	0x50911c0	-[Storage isEqual:]	0xe	1	0	0	0
2973	0x5006420	-[Storage setNumSlots:]	0xe	1	0	0	0
2974	0x5091460	-[Storage setAvailableCapacity:]	0xe	1	0	0	0
2975	0x5090fa0	-[Storage description]	0xe	1	0	0	0
2976	0x5090f90	-[Storage count]	0xe	1	0	0	0
2977	0x5090fb0	-[Storage elementAt:]	0xe	1	0	0	0
2978	0x5091400	-[Storage replace:at:]	0xe	1	0	0	0
2979	0x5091430	-[Storage replaceElementAt:with:]	0xe	1	0	0	0
2980	0x5090eb0	-[Storage addElement:]	0xe	1	0	0	0
2981	0x50913d0	-[Storage removeLastElement]	0xe	1	0	0	0
2982	0x50910f0	-[Storage insert:at:]	0xe	1	0	0	0
2983	0x5091120	-[Storage insertElement:at:]	0xe	1	0	0	0
2984	0x5091340	-[Storage removeAt:]	0xe	1	0	0	0
2985	0x5091370	-[Storage removeElementAt:]	0xe	1	0	0	0
2986	0x5091500	-[Storage write:]	0xe	1	0	0	0
2987	0x5091240	-[Storage read:]	0xe	1	0	0	0
2988	0x5091578	+[StreamTable newKeyDesc:]	0xe	1	0	0	0
2989	0x50915b4	+[StreamTable new]	0xe	1	0	0	0
2990	0x50915d8	-[StreamTable initKeyDesc:]	0xe	1	0	0	0
2991	0x5091600	-[StreamTable init]	0xe	1	0	0	0
2992	0x5091624	_freePickle	0xe	1	0	0	0
2993	0x5091648	_freePickleAndObject	0xe	1	0	0	0
2994	0x5091680	_getObject	0xe	1	0	0	0
2995	0x50916b4	_freeObject	0xe	1	0	0	0
2996	0x50916d4	_noFree	0xe	1	0	0	0
2997	0x50916dc	-[StreamTable free]	0xe	1	0	0	0
2998	0x5091734	-[StreamTable freeObjects]	0xe	1	0	0	0
2999	0x5091770	-[StreamTable valueForStreamKey:]	0xe	1	0	0	0
3000	0x50917b4	-[StreamTable insertStreamKey:value:]	0xe	1	0	0	0
3001	0x5091848	-[StreamTable removeStreamKey:]	0xe	1	0	0	0
3002	0x5091874	-[StreamTable initStreamState]	0xe	1	0	0	0
3003	0x5091894	-[StreamTable nextStreamState:key:value:]	0xe	1	0	0	0
3004	0x50918f0	-[StreamTable write:]	0xe	1	0	0	0
3005	0x50919b8	-[StreamTable read:]	0xe	1	0	0	0
3006	0x5091ab8	_checkRead	0xe	1	0	0	0
3007	0x5091ae0	_checkWrite	0xe	1	0	0	0
3008	0x5091b08	_checkExpected	0xe	1	0	0	0
3009	0x5091b98	_classError	0xe	1	0	0	0
3010	0x5091bd8	_typeDescriptorError	0xe	1	0	0	0
3011	0x5091c14	_writeRefError	0xe	1	0	0	0
3012	0x5091c28	_sameSexAsCube	0xe	1	0	0	0
3013	0x5091c58	_inc_ptrCounter	0xe	1	0	0	0
3014	0x5091c94	_freeStrToInt	0xe	1	0	0	0
3015	0x5091cb0	__NXOpenEncodingStream	0xe	1	0	0	0
3016	0x5091d50	__NXOpenDecodingStream	0xe	1	0	0	0
3017	0x5091dd4	__NXEndOfCodingStream	0xe	1	0	0	0
3018	0x5091e34	__NXCloseCodingStream	0xe	1	0	0	0
3019	0x5091e6c	__NXEncodeBytes	0xe	1	0	0	0
3020	0x5091e90	__NXDecodeBytes	0xe	1	0	0	0
3021	0x5091eac	__NXEncodeChar	0xe	1	0	0	0
3022	0x5091ef8	__NXDecodeChar	0xe	1	0	0	0
3023	0x5091f38	__NXEncodeShort	0xe	1	0	0	0
3024	0x5091f80	__NXDecodeShort	0xe	1	0	0	0
3025	0x5091fc4	__NXEncodeInt	0xe	1	0	0	0
3026	0x509202c	_FinishDecodeInt	0xe	1	0	0	0
3027	0x5092090	__NXDecodeInt	0xe	1	0	0	0
3028	0x50920b0	_FloorOrZero	0xe	1	0	0	0
3029	0x5092130	__NXEncodeFloat	0xe	1	0	0	0
3030	0x5092198	__NXDecodeFloat	0xe	1	0	0	0
3031	0x50921e8	__NXEncodeDouble	0xe	1	0	0	0
3032	0x5092254	__NXDecodeDouble	0xe	1	0	0	0
3033	0x50922cc	__NXEncodeChars	0xe	1	0	0	0
3034	0x5092318	__NXDecodeChars	0xe	1	0	0	0
3035	0x5092368	__NXEncodeSharedString	0xe	1	0	0	0
3036	0x50923f8	__NXDecodeSharedString	0xe	1	0	0	0
3037	0x509247c	__NXDecodeUniqueString	0xe	1	0	0	0
3038	0x5092494	__NXEncodeShared	0xe	1	0	0	0
3039	0x509251c	__NXEncodeString	0xe	1	0	0	0
3040	0x5092548	__NXDecodeString	0xe	1	0	0	0
3041	0x50928e8	_skipAggregateName	0xe	1	0	0	0
3042	0x5092924	_SizeOfType	0xe	1	0	0	0
3043	0x5092d3c	_WriteValue	0xe	1	0	0	0
3044	0x50930e4	_ReadValue	0xe	1	0	0	0
3045	0x5093860	_InternalWriteObject	0xe	1	0	0	0
3046	0x50939f0	_InternalReadObject	0xe	1	0	0	0
3047	0x5093ba8	_RealSuperClass	0xe	1	0	0	0
3048	0x5093bc8	_NXWriteClass	0xe	1	0	0	0
3049	0x5093c20	_NXReadClass	0xe	1	0	0	0
3050	0x50c2cc8	_p.4	0xe	7	0	0	0
3051	0x50c2ccc	_p.7	0xe	7	0	0	0
3052	0x50c2cd0	_p.10	0xe	7	0	0	0
3053	0x50c2cd4	_p.13	0xe	7	0	0	0
3054	0x50c2cd8	_p.16	0xe	7	0	0	0
3055	0x50c2cdc	_p.19	0xe	7	0	0	0
3056	0x50c2ce0	_p.80	0xe	7	0	0	0
3057	0x50c2ce4	_p.83	0xe	7	0	0	0
3058	0x50c2ce8	_p.86	0xe	7	0	0	0
3059	0x50c2cec	_p.89	0xe	7	0	0	0
3060	0x50c2cf0	_p.80	0xe	7	0	0	0
3061	0x50c2cf4	_p.83	0xe	7	0	0	0
3062	0x50c2cf8	_p.86	0xe	7	0	0	0
3063	0x50c2cfc	_p.89	0xe	7	0	0	0
3064	0x50c2d00	_p.80	0xe	7	0	0	0
3065	0x50c2d04	_p.83	0xe	7	0	0	0
3066	0x50947bc	_server_loop	0xe	1	0	0	0
3067	0x50949dc	_get_or_start_debug_thread	0xe	1	0	0	0
3068	0x5094b5c	_make_dyld_image_data_writable	0xe	1	0	0	0
3069	0x5094e94	_get_dyld_data	0xe	1	0	0	0
3070	0x5095098	_task_suspend_threads	0xe	1	0	0	0
3071	0x50950ec	_task_resume_threads	0xe	1	0	0	0
3072	0x5095154	_translate_port	0xe	1	0	0	0
3073	0x5095278	_thread_start	0xe	1	0	0	0
3074	0x509534c	_thread_setup	0xe	1	0	0	0
3075	0x509480c	__dyld_event_server_callback	0x1e	1	0	0	0
3076	0x50944c8	_dyld_debug_MsgError	0x1e	1	0	0	0
3077	0x50bfd58	_inconsistent_data_okType.10	0xe	4	0	0	0
3078	0x50bfd5c	_nameType.11	0xe	4	0	0	0
3079	0x50bfd68	_RetCodeCheck.12	0xe	4	0	0	0
3080	0x50bfd6c	__dyld_debug_defining_moduleCheck.13	0xe	4	0	0	0
3081	0x50bfd70	_moduleCheck.14	0xe	4	0	0	0
3082	0x50bfd74	_inconsistent_data_okType.17	0xe	4	0	0	0
3083	0x50bfd78	_moduleType.18	0xe	4	0	0	0
3084	0x50bfd7c	_RetCodeCheck.19	0xe	4	0	0	0
3085	0x50bfd80	__dyld_debug_is_module_boundCheck.20	0xe	4	0	0	0
3086	0x50bfd84	_boundCheck.21	0xe	4	0	0	0
3087	0x50bfd88	_inconsistent_data_okType.24	0xe	4	0	0	0
3088	0x50bfd8c	_moduleType.25	0xe	4	0	0	0
3089	0x50bfd90	_RetCodeCheck.26	0xe	4	0	0	0
3090	0x50bfd94	__dyld_debug_bind_moduleCheck.27	0xe	4	0	0	0
3091	0x50bfd98	_inconsistent_data_okType.30	0xe	4	0	0	0
3092	0x50bfd9c	_subscriberType.31	0xe	4	0	0	0
3093	0x50bfda0	_RetCodeCheck.32	0xe	4	0	0	0
3094	0x50bfda4	_inconsistent_data_okType.35	0xe	4	0	0	0
3095	0x50bfda8	_moduleType.36	0xe	4	0	0	0
3096	0x50bfdac	_RetCodeCheck.37	0xe	4	0	0	0
3097	0x50bfdb0	__dyld_debug_module_nameCheck.38	0xe	4	0	0	0
3098	0x50bfdb4	_RetCodeCheck.41	0xe	4	0	0	0
3099	0x50bfdb8	__dyld_debug_monoutputCheck.42	0xe	4	0	0	0
3100	0x5095724	_user_dyld_debug_add_event_subscriber	0x1e	1	0	0	0
3101	0x509561c	_user_dyld_debug_bind_module	0x1e	1	0	0	0
3102	0x50953cc	_user_dyld_debug_defining_module	0x1e	1	0	0	0
3103	0x5095500	_user_dyld_debug_is_module_bound	0x1e	1	0	0	0
3104	0x509580c	_user_dyld_debug_module_name	0x1e	1	0	0	0
3105	0x50959ac	_user_dyld_debug_monoutput	0x1e	1	0	0	0
3106	0x50bfdbc	_eventCheck.10	0xe	4	0	0	0
3107	0x5095a8c	__X_dyld_event_server_callback	0xe	1	0	0	0
3108	0x50bfdc0	_RetCodeType.13	0xe	4	0	0	0
3109	0x50c2d0c	_routines.14	0xe	7	0	0	0
3110	0x5095b08	__dyld_event_server	0xe	1	0	0	0
3111	0x50c2d10	_p.80	0xe	7	0	0	0
3112	0x50c2d14	_p.83	0xe	7	0	0	0
3113	0x50c2d18	_p.86	0xe	7	0	0	0
3114	0x50c2d1c	_p.89	0xe	7	0	0	0
3115	0x50c2d20	_p.92	0xe	7	0	0	0
3116	0x50c2d24	_p.95	0xe	7	0	0	0
3117	0x50c2d28	_p.98	0xe	7	0	0	0
3118	0x50c2d2c	_p.101	0xe	7	0	0	0
3119	0x50c2d30	_p.104	0xe	7	0	0	0
3120	0x50c2d34	_mh.107	0xe	7	0	0	0
3121	0x5095ec4	_names_match	0xe	1	0	0	0
3122	0x50c2d40	_ofi_error_printing_mutex	0xe	7	0	0	0
3123	0x50c2d44	_thread_printing_error	0xe	7	0	0	0
3124	0x50c2d48	_ofi_alloc_mutex	0xe	7	0	0	0
3125	0x50c2d4c	_ofi_lists	0xe	7	0	0	0
3126	0x50c2d50	_NXArgv_pointer.104	0xe	7	0	0	0
3127	0x50c2d54	_NXArgv_pointer.107	0xe	7	0	0	0
3128	0x5096100	_ofi_alloc	0xe	1	0	0	0
3129	0x5096220	_ofi_free	0xe	1	0	0	0
3130	0x509622c	_ofi_valid	0xe	1	0	0	0
3131	0x5096310	_error	0x1e	1	0	0	0
3132	0x50c2d3c	_errors	0x1e	7	0	0	0
3133	0x50963b8	_my_mach_error	0x1e	1	0	0	0
3134	0x50962fc	_print	0x1e	1	0	0	0
3135	0x50c2d38	_progname	0x1e	7	0	0	0
3136	0x509640c	_savestr	0x1e	1	0	0	0
3137	0x509635c	_system_error	0x1e	1	0	0	0
3138	0x5096278	_vprint	0x1e	1	0	0	0
3139	0x5096c20	_ofile_specific_arch	0xe	1	0	0	0
3140	0x5097bc4	_check_fat	0xe	1	0	0	0
3141	0x5097dd4	_check_fat_object_in_archive	0xe	1	0	0	0
3142	0x509806c	_check_archive	0xe	1	0	0	0
3143	0x50982d4	_check_Mach_O	0xe	1	0	0	0
3144	0x5099d78	_archive_error	0xe	1	0	0	0
3145	0x5099df4	_archive_member_error	0xe	1	0	0	0
3146	0x5099eac	_Mach_O_error	0xe	1	0	0	0
3147	0x50964cc	_ofile_map	0x1e	1	0	0	0
3148	0x5096b10	_ofile_unmap	0x1e	1	0	0	0
3149	0x5096b8c	_ofile_first_arch	0x1e	1	0	0	0
3150	0x5096e88	_ofile_first_member	0x1e	1	0	0	0
3151	0x5097744	_ofile_first_module	0x1e	1	0	0	0
3152	0x5096bcc	_ofile_next_arch	0x1e	1	0	0	0
3153	0x509714c	_ofile_next_member	0x1e	1	0	0	0
3154	0x5097888	_ofile_next_module	0x1e	1	0	0	0
3155	0x5097414	_ofile_specific_member	0x1e	1	0	0	0
3156	0x50979d8	_ofile_specific_module	0x1e	1	0	0	0
3157	0x5099e88	_size_ar_name	0x1e	1	0	0	0
3158	0x50c2d60	_arch_flags	0xe	7	0	0	0
3159	0x509a05c	_get_arch_from_host	0x1e	1	0	0	0
3160	0x509a45c	_get_arch_family_from_cputype	0x1e	1	0	0	0
3161	0x509a3e8	_get_arch_flags	0x1e	1	0	0	0
3162	0x5099fc0	_get_arch_from_flag	0x1e	1	0	0	0
3163	0x509a3fc	_get_arch_name_from_types	0x1e	1	0	0	0
3164	0x509a4b0	_get_byte_sex_from_flag	0x1e	1	0	0	0
3165	0x509a5d0	_get_host_byte_sex	0x1e	1	0	0	0
3166	0x509b288	_swap_dylib_command	0x1e	1	0	0	0
3167	0x50a1250	_swap_dylib_module	0x1e	1	0	0	0
3168	0x509b46c	_swap_dylinker_command	0x1e	1	0	0	0
3169	0x509ad94	_swap_dysymtab_command	0x1e	1	0	0	0
3170	0x509a644	_swap_fat_arch	0x1e	1	0	0	0
3171	0x509a5e8	_swap_fat_header	0x1e	1	0	0	0
3172	0x509b1ac	_swap_fvmlib_command	0x1e	1	0	0	0
3173	0x50a0398	_swap_hppa_fp_thread_state	0x1e	1	0	0	0
3174	0x50a0210	_swap_hppa_frame_thread_state	0x1e	1	0	0	0
3175	0x509fbc0	_swap_hppa_integer_thread_state	0x1e	1	0	0	0
3176	0x509fb90	_swap_i386_thread_cthreadstate	0x1e	1	0	0	0
3177	0x509f9ec	_swap_i386_thread_exceptstate	0x1e	1	0	0	0
3178	0x509f2cc	_swap_i386_thread_fpstate	0x1e	1	0	0	0
3179	0x509f014	_swap_i386_thread_state	0x1e	1	0	0	0
3180	0x50a0d80	_swap_ident_command	0x1e	1	0	0	0
3181	0x509a894	_swap_load_command	0x1e	1	0	0	0
3182	0x509b6dc	_swap_m68k_thread_state_68882	0x1e	1	0	0	0
3183	0x509b604	_swap_m68k_thread_state_regs	0x1e	1	0	0	0
3184	0x509b848	_swap_m68k_thread_state_user_reg	0x1e	1	0	0	0
3185	0x509e728	_swap_m88110_thread_state_impl_t	0x1e	1	0	0	0
3186	0x509c43c	_swap_m88k_thread_state_grf_t	0x1e	1	0	0	0
3187	0x509e6f8	_swap_m88k_thread_state_user_t	0x1e	1	0	0	0
3188	0x509ca18	_swap_m88k_thread_state_xrf_t	0x1e	1	0	0	0
3189	0x509b878	_swap_m98k_thread_state_grf_t	0x1e	1	0	0	0
3190	0x509a760	_swap_mach_header	0x1e	1	0	0	0
3191	0x509b390	_swap_prebound_dylib_command	0x1e	1	0	0	0
3192	0x509aaa4	_swap_section	0x1e	1	0	0	0
3193	0x509a8f0	_swap_segment_command	0x1e	1	0	0	0
3194	0x50a0abc	_swap_sparc_thread_state_fpu	0x1e	1	0	0	0
3195	0x50a060c	_swap_sparc_thread_state_regs	0x1e	1	0	0	0
3196	0x509b0f8	_swap_symseg_command	0x1e	1	0	0	0
3197	0x509ac8c	_swap_symtab_command	0x1e	1	0	0	0
3198	0x509b5a8	_swap_thread_command	0x1e	1	0	0	0
3199	0x509a4fc	_SWAP_DOUBLE	0x1e	1	0	0	0
3200	0x509a5a4	_SWAP_FLOAT	0x1e	1	0	0	0
3201	0x50a117c	_swap_dylib_reference	0x1e	1	0	0	0
3202	0x50a1490	_swap_dylib_table_of_contents	0x1e	1	0	0	0
3203	0x509b4f4	_swap_fvmfile_command	0x1e	1	0	0	0
3204	0x509ec1c	_swap_i860_thread_state_regs	0x1e	1	0	0	0
3205	0x50a112c	_swap_indirect_symbols	0x1e	1	0	0	0
3206	0x50a0ddc	_swap_nlist	0x1e	1	0	0	0
3207	0x50a0e80	_swap_ranlib	0x1e	1	0	0	0
3208	0x50a0f00	_swap_relocation_info	0x1e	1	0	0	0
3209	0x50a1510	_round	0x1e	1	0	0	0
3210	0x50a1528	_set_arch_flag_name	0x1e	1	0	0	0
3211	0x50c2e38	_p.104	0xe	7	0	0	0
3212	0x50bfdc4	_eventCheck.10	0xe	4	0	0	0
3213	0x50a1608	__X_dyld_event_server_callback	0xe	1	0	0	0
3214	0x50bfdc8	_RetCodeType.13	0xe	4	0	0	0
3215	0x50c2e3c	_routines.14	0xe	7	0	0	0
3216	0x50a170c	__dyld_event_server_callback	0x1e	1	0	0	0
3217	0x5000000	__mh_dylib_header	0x1e	1	0	0	0
3218	0x5007f10	__NSGetArgc	0xf	1	0	0	1
3219	0x5006b20	__NSGetArgv	0xf	1	0	0	1
3220	0x5007f50	__NSGetEnviron	0xf	1	0	0	1
3221	0x5016c70	_rld_address_func	0xf	1	0	0	1
3222	0x5016554	_rld_unload	0xf	1	0	0	1
3223	0x5016c1c	_moninitrld	0xf	1	0	0	1
3224	0x5016b88	_rld_forget_symbol	0xf	1	0	0	1
3225	0x5016c38	_rld_get_current_header	0xf	1	0	0	1
3226	0x501536c	_rld_load	0xf	1	0	0	1
3227	0x5015ffc	_rld_load_basefile	0xf	1	0	0	1
3228	0x5015390	_rld_load_from_memory	0xf	1	0	0	1
3229	0x50167bc	_rld_unload_all	0xf	1	0	0	1
3230	0x5016b18	_rld_lookup	0xf	1	0	0	1
3231	0x50288ec	_NXOpenFile	0xf	1	0	0	1
3232	0x50c0d20	__NXStreamsUnused1	0xf	7	0	0	1
3233	0x50c0d2c	__NXStreamsDataPad	0xf	7	0	0	1
3234	0x50c0d28	__NXUncaughtExceptionHandler	0xf	7	0	0	1
3235	0x50c0d24	__NXStreamsUnused2	0xf	7	0	0	1
3236	0x5028b5c	_NXFlush	0xf	1	0	0	1
3237	0x5028bb0	_NXFill	0xf	1	0	0	1
3238	0x5028c88	_NXChangeBuffer	0xf	1	0	0	1
3239	0x5028db8	_NXOpenPort	0xf	1	0	0	1
3240	0x5029660	_NXMapFile	0xf	1	0	0	1
3241	0x5028e70	_NXCloseMemory	0xf	1	0	0	1
3242	0x5028f80	_NXGetStreamOnSection	0xf	1	0	0	1
3243	0x5028f30	_NXGetMemoryBuffer	0xf	1	0	0	1
3244	0x50297c0	_NXOpenSmallMemory	0xf	1	0	0	1
3245	0x50292e0	_NXGetStreamOnSectionForBestArchitecture	0xf	1	0	0	1
3246	0x5029710	_NXOpenMemory	0xf	1	0	0	1
3247	0x5029850	_NXSaveToFile	0xf	1	0	0	1
3248	0x5029f10	_NXScanf	0xf	1	0	0	1
3249	0x5006810	_NXSeek	0xf	1	0	0	1
3250	0x5029ee0	_NXPrintf	0xf	1	0	0	1
3251	0x5029f40	_NXUngetc	0xf	1	0	0	1
3252	0x5029ea0	_NXClose	0xf	1	0	0	1
3253	0x5004cb0	_NXTell	0xf	1	0	0	1
3254	0x502a08c	_NXVPrintf	0xf	1	0	0	1
3255	0x5029f9c	_NXRegisterPrintfProc	0xf	1	0	0	1
3256	0x502ae90	_NXVScanf	0xf	1	0	0	1
3257	0x50065f0	_NXDefaultRead	0xf	1	0	0	1
3258	0x5004d70	__NXVerifyStream	0xf	1	0	0	1
3259	0x502b7e0	_NXStreamCreate	0xf	1	0	0	1
3260	0x5003ea0	_NXDefaultWrite	0xf	1	0	0	1
3261	0x502b8a0	_NXStreamDestroy	0xf	1	0	0	1
3262	0x502b8f0	__NXStreamChangeBuffer	0xf	1	0	0	1
3263	0x502b810	_NXStreamCreateFromZone	0xf	1	0	0	1
3264	0x502b9e0	__NXStreamFlushBuffer	0xf	1	0	0	1
3265	0x502b990	__NXStreamFillBuffer	0xf	1	0	0	1
3266	0x502ba18	_acosh	0xf	1	0	0	1
3267	0x502bbc8	_acos	0xf	1	0	0	1
3268	0x502bb04	_asin	0xf	1	0	0	1
3269	0x502bc70	_asinh	0xf	1	0	0	1
3270	0x502bd84	_atan	0xf	1	0	0	1
3271	0x502bdb8	_atanh	0xf	1	0	0	1
3272	0x502be14	_cosh	0xf	1	0	0	1
3273	0x502c068	_erfc	0xf	1	0	0	1
3274	0x502bf60	_erf	0xf	1	0	0	1
3275	0x502c138	_exp	0xf	1	0	0	1
3276	0x502c298	_expm1	0xf	1	0	0	1
3277	0x502c51c	_exp__E	0xf	1	0	0	1
3278	0x5007840	_floor	0xf	1	0	0	1
3279	0x502c620	_rint	0xf	1	0	0	1
3280	0x50074f0	_ceil	0xf	1	0	0	1
3281	0x502c634	_j0	0xf	1	0	0	1
3282	0x502c768	_y0	0xf	1	0	0	1
3283	0x502cb34	_y1	0xf	1	0	0	1
3284	0x502c9c8	_j1	0xf	1	0	0	1
3285	0x502cf28	_yn	0xf	1	0	0	1
3286	0x502cda8	_jn	0xf	1	0	0	1
3287	0x502d00c	_lgamma	0xf	1	0	0	1
3288	0x502d31c	_log	0xf	1	0	0	1
3289	0x502d338	_log10	0xf	1	0	0	1
3290	0x502d368	_log1p	0xf	1	0	0	1
3291	0x502d388	_log__L	0xf	1	0	0	1
3292	0x502d81c	_pow	0xf	1	0	0	1
3293	0x50c0f60	_signgam	0xf	7	0	0	1
3294	0x502dae8	_sinh	0xf	1	0	0	1
3295	0x502dbf8	_tanh	0xf	1	0	0	1
3296	0x502dd38	_atan2	0xf	1	0	0	1
3297	0x502dd68	_hypot	0xf	1	0	0	1
3298	0x502dd50	_cabs	0xf	1	0	0	1
3299	0x502dfc8	_cbrt	0xf	1	0	0	1
3300	0x502e144	_fmod	0xf	1	0	0	1
3301	0x502e1c0	_sqrt	0xf	1	0	0	1
3302	0x502e4f0	_copysign	0xf	1	0	0	1
3303	0x502e544	_drem	0xf	1	0	0	1
3304	0x502e510	_logb	0xf	1	0	0	1
3305	0x502e4d4	_scalb	0xf	1	0	0	1
3306	0x502e528	_finite	0xf	1	0	0	1
3307	0x502e7ac	_tan	0xf	1	0	0	1
3308	0x502e770	_cos	0xf	1	0	0	1
3309	0x502e734	_sin	0xf	1	0	0	1
3310	0x502ff28	_dbGet	0xf	1	0	0	1
3311	0x502f110	__dbCloseLeaf	0xf	1	0	0	1
3312	0x50305a4	_dbExpand	0xf	1	0	0	1
3313	0x502ff40	_dbFirst	0xf	1	0	0	1
3314	0x502fe48	_dbFind	0xf	1	0	0	1
3315	0x50300c4	_dbFlush	0xf	1	0	0	1
3316	0x502f1b0	__dbFlushTable	0xf	1	0	0	1
3317	0x502f08c	__dbFreeLeaf	0xf	1	0	0	1
3318	0x502fe74	__dbGetRecord	0xf	1	0	0	1
3319	0x502ecd0	__dbHashKey	0xf	1	0	0	1
3320	0x502f2a0	__dbLeafDescriptor	0xf	1	0	0	1
3321	0x502fc10	_dbStore	0xf	1	0	0	1
3322	0x5030a44	_dbSetCache	0xf	1	0	0	1
3323	0x502ff10	_dbSetKey	0xf	1	0	0	1
3324	0x502ead8	__dbSwapOutLeaf	0xf	1	0	0	1
3325	0x502f53c	__dbFetchLeaf	0xf	1	0	0	1
3326	0x502f4c4	__dbNewLeaf	0xf	1	0	0	1
3327	0x502f230	__dbCycleLeaf	0xf	1	0	0	1
3328	0x502eef0	__dbPackLeaf	0xf	1	0	0	1
3329	0x502f818	__dbPutRecord	0xf	1	0	0	1
3330	0x502eba4	__dbSwapInLeaf	0xf	1	0	0	1
3331	0x502ec6c	__dbFlushLeaf	0xf	1	0	0	1
3332	0x502f6b4	__dbRemoveRecord	0xf	1	0	0	1
3333	0x502ee14	__dbSearchLeaf	0xf	1	0	0	1
3334	0x5030ac8	_dbClose	0xf	1	0	0	1
3335	0x503016c	_dbCompress	0xf	1	0	0	1
3336	0x502e810	__dbDoubleDir	0xf	1	0	0	1
3337	0x502ffb4	_dbNext	0xf	1	0	0	1
3338	0x502fd54	__dbFindRecord	0xf	1	0	0	1
3339	0x502f92c	__dbSplitLeaf	0xf	1	0	0	1
3340	0x502e8c4	__dbFlushDir	0xf	1	0	0	1
3341	0x502ed80	__dbCopyData	0xf	1	0	0	1
3342	0x502fde8	_dbFetch	0xf	1	0	0	1
3343	0x502f6fc	_dbDelete	0xf	1	0	0	1
3344	0x5030c70	_dbPrintKC	0xf	1	0	0	1
3345	0x5030cdc	_dbCat	0xf	1	0	0	1
3346	0x5030d98	_StrDatum	0xf	1	0	0	1
3347	0x5030d58	_dbData	0xf	1	0	0	1
3348	0x5030dcc	_StrData	0xf	1	0	0	1
3349	0x5030e00	_dbError	0xf	1	0	0	1
3350	0x5030e54	_dbExists	0xf	1	0	0	1
3351	0x50c1030	__DB	0xf	7	0	0	1
3352	0x50c0f64	__dbLeafCount	0xf	7	0	0	1
3353	0x50c0f68	__dbstrbuf	0xf	7	0	0	1
3354	0x50c1054	_dbErrorNo	0xf	7	0	0	1
3355	0x50c1050	_dbLeafExtension	0xf	7	0	0	1
3356	0x50c1040	_dbMaxLeafBuf	0xf	7	0	0	1
3357	0x50c103c	_dbMode	0xf	7	0	0	1
3358	0x50c1034	_dbErrors	0xf	7	0	0	1
3359	0x50c1048	_dbMsgs	0xf	7	0	0	1
3360	0x50c1044	_dbLeafSize	0xf	7	0	0	1
3361	0x50c104c	_dbDirExtension	0xf	7	0	0	1
3362	0x50c1058	_dbSizeTable	0xf	7	0	0	1
3363	0x50c105c	__db_data_pad	0xf	7	0	0	1
3364	0x50c1038	_dbFlags	0xf	7	0	0	1
3365	0x50319a8	_dbOpen	0xf	1	0	0	1
3366	0x5031410	_dbInit	0xf	1	0	0	1
3367	0x50316a8	_dbCreate	0xf	1	0	0	1
3368	0x50310f8	__dbReadDir	0xf	1	0	0	1
3369	0x5031a34	_dbWaitLock	0xf	1	0	0	1
3370	0x5031a18	_dbUnlock	0xf	1	0	0	1
3371	0x50319f8	_dbLock	0xf	1	0	0	1
3372	0x5031ae4	_dbPrint	0xf	1	0	0	1
3373	0x5031b50	_dbScan	0xf	1	0	0	1
3374	0x5031ba0	_dbUnlink	0xf	1	0	0	1
3375	0x50325d4	_NXRemoveDefault	0xf	1	0	0	1
3376	0x5032384	_NXUpdateDefault	0xf	1	0	0	1
3377	0x503217c	_NXRegisterDefaults	0xf	1	0	0	1
3378	0x5032294	_NXReadDefault	0xf	1	0	0	1
3379	0x5033648	_NXGetTempFilename	0xf	1	0	0	1
3380	0x50321ac	_NXGetDefaultValue	0xf	1	0	0	1
3381	0x50333f0	_NXFilePathSearch	0xf	1	0	0	1
3382	0x503256c	_NXWriteDefaults	0xf	1	0	0	1
3383	0x5032510	_NXWriteDefault	0xf	1	0	0	1
3384	0x5032194	__NXRegisterDefaultsNoCopy	0xf	1	0	0	1
3385	0x503246c	_NXSetDefault	0xf	1	0	0	1
3386	0x50326f8	_NXSetDefaultsUser	0xf	1	0	0	1
3387	0x50322f0	_NXUpdateDefaults	0xf	1	0	0	1
3388	0x50337e4	_getSizeOfandAdvance	0xf	1	0	0	1
3389	0x5033c0c	_getSizeOf	0xf	1	0	0	1
3390	0x0	.objc_class_name_NXPortPortal	0x3	0	0	0	1
3391	0x0	.objc_class_name_NXConnection	0x3	0	0	0	1
3392	0x0	.objc_category_name_Object_Object_MakeRemote_Import	0x3	0	0	0	1
3393	0x0	.objc_category_name_Protocol_Transport	0x3	0	0	0	1
3394	0x0	.objc_category_name_Object_isRemote	0x3	0	0	0	1
3395	0x0	.objc_class_name_NXProxy	0x3	0	0	0	1
3396	0x0	.objc_category_name_Object_Object_NXMethodSignature	0x3	0	0	0	1
3397	0x0	.objc_category_name_Object_GetListOfProtocols	0x3	0	0	0	1
3398	0x0	.objc_class_name_NXMethodSignature	0x3	0	0	0	1
3399	0x0	.objc_category_name_List_Transport	0x3	0	0	0	1
3400	0x503b8d8	_log_set_options	0xf	1	0	0	1
3401	0x50c1200	_enableInfo	0xf	7	0	0	1
3402	0x503b62c	_log_error	0xf	1	0	0	1
3403	0x503b5ec	_log_info	0xf	1	0	0	1
3404	0x503b5b8	_log_warning	0xf	1	0	0	1
3405	0x0	.objc_class_name_NXData	0x3	0	0	0	1
3406	0x0	.objc_class_name_NXInvalidationNotifier	0x3	0	0	0	1
3407	0x0	.objc_class_name_NXRecursiveLock	0x3	0	0	0	1
3408	0x0	.objc_class_name_NXConditionLock	0x3	0	0	0	1
3409	0x0	.objc_class_name_NXLock	0x3	0	0	0	1
3410	0x0	.objc_class_name_NXSpinLock	0x3	0	0	0	1
3411	0x0	.objc_class_name_NXNetNameServer	0x3	0	0	0	1
3412	0x0	.objc_class_name_NXPort	0x3	0	0	0	1
3413	0x0	.objc_class_name_NXProtocolChecker	0x3	0	0	0	1
3414	0x503d050	_atexit	0xf	1	0	0	1
3415	0x503d084	__atexit	0xf	1	0	0	1
3416	0x5007480	_bsearch	0xf	1	0	0	1
3417	0x503d0d0	_clock	0xf	1	0	0	1
3418	0x503d138	_difftime	0xf	1	0	0	1
3419	0x503d148	_div	0xf	1	0	0	1
3420	0x503d16c	_feof	0xf	1	0	0	1
3421	0x503d184	_ferror	0xf	1	0	0	1
3422	0x503d19c	_fgetpos	0xf	1	0	0	1
3423	0x503d1c4	_fsetpos	0xf	1	0	0	1
3424	0x503d1dc	_getc	0xf	1	0	0	1
3425	0x503d200	_isalnum	0xf	1	0	0	1
3426	0x503d21c	_isalpha	0xf	1	0	0	1
3427	0x503d238	_iscntrl	0xf	1	0	0	1
3428	0x503d254	_isdigit	0xf	1	0	0	1
3429	0x503d270	_isgraph	0xf	1	0	0	1
3430	0x503d28c	_islower	0xf	1	0	0	1
3431	0x503d2a8	_isprint	0xf	1	0	0	1
3432	0x503d2c8	_ispunct	0xf	1	0	0	1
3433	0x503d2e4	_isspace	0xf	1	0	0	1
3434	0x503d300	_isupper	0xf	1	0	0	1
3435	0x503d31c	_isxdigit	0xf	1	0	0	1
3436	0x503d338	_ldiv	0xf	1	0	0	1
3437	0x503d394	__NXSetAppName	0xf	1	0	0	1
3438	0x503d400	__NXGetAppName	0xf	1	0	0	1
3439	0x503d4f8	_localeconv	0xf	1	0	0	1
3440	0x503d704	_mblen	0xf	1	0	0	1
3441	0x503d738	_mbstowcs	0xf	1	0	0	1
3442	0x503d76c	_mbtowc	0xf	1	0	0	1
3443	0x503d7ac	_putc	0xf	1	0	0	1
3444	0x503d814	_raise	0xf	1	0	0	1
3445	0x503d82c	_setlocale	0xf	1	0	0	1
3446	0x503d8b4	_setvbuf	0xf	1	0	0	1
3447	0x503d930	_strcoll	0xf	1	0	0	1
3448	0x503d96c	_strerror	0xf	1	0	0	1
3449	0x503d99c	_strstr	0xf	1	0	0	1
3450	0x503da00	_strtol	0xf	1	0	0	1
3451	0x503dbc4	_strtoul	0xf	1	0	0	1
3452	0x503dd68	_tmpfile	0xf	1	0	0	1
3453	0x503de48	_tmpnam	0xf	1	0	0	1
3454	0x503df0c	_tolower	0xf	1	0	0	1
3455	0x503df30	_toupper	0xf	1	0	0	1
3456	0x503df54	_va_end	0xf	1	0	0	1
3457	0x503df5c	_wcstombs	0xf	1	0	0	1
3458	0x503df8c	_wctomb	0xf	1	0	0	1
3459	0x503e110	_strftime	0xf	1	0	0	1
3460	0x503dfb0	__strftime_clear_cache	0xf	1	0	0	1
3461	0x503e654	_memchr	0xf	1	0	0	1
3462	0x5005db0	_memcmp	0xf	1	0	0	1
3463	0x5007ab0	_memcpy	0xf	1	0	0	1
3464	0x50038b0	_memmove	0xf	1	0	0	1
3465	0x50039b8	_memset	0xf	1	0	0	1
3466	0x503e680	_strtod	0xf	1	0	0	1
3467	0x503e880	_labs	0xf	1	0	0	1
3468	0x503e88c	_remove	0xf	1	0	0	1
3469	0x503e8ac	_getopt	0xf	1	0	0	1
3470	0x50c13a0	_opterr	0xf	7	0	0	1
3471	0x50c13ac	_optarg	0xf	7	0	0	1
3472	0x50c13a4	_optind	0xf	7	0	0	1
3473	0x50c13a8	_optopt	0xf	7	0	0	1
3474	0x503ea90	_memccpy	0xf	1	0	0	1
3475	0x503eac8	_strcatn	0xf	1	0	0	1
3476	0x503eb10	_strchr	0xf	1	0	0	1
3477	0x503eb38	_strcmpn	0xf	1	0	0	1
3478	0x503eb78	_strcpyn	0xf	1	0	0	1
3479	0x503ebbc	_strcspn	0xf	1	0	0	1
3480	0x503ebfc	_strpbrk	0xf	1	0	0	1
3481	0x503ec3c	_strrchr	0xf	1	0	0	1
3482	0x503ec60	_strspn	0xf	1	0	0	1
3483	0x503eca0	_strtok	0xf	1	0	0	1
3484	0x503ed60	_rstrtok	0xf	1	0	0	1
3485	0x503ee40	_lockf	0xf	1	0	0	1
3486	0x503ef18	_ftime	0xf	1	0	0	1
3487	0x503ef68	_getpw	0xf	1	0	0	1
3488	0x503f050	_gtty	0xf	1	0	0	1
3489	0x503f06c	_nice	0xf	1	0	0	1
3490	0x503f0b4	_pause	0xf	1	0	0	1
3491	0x503f0e0	_rand	0xf	1	0	0	1
3492	0x503f0c8	_srand	0xf	1	0	0	1
3493	0x503f108	_stty	0xf	1	0	0	1
3494	0x503f124	_tell	0xf	1	0	0	1
3495	0x503f138	_times	0xf	1	0	0	1
3496	0x503f1e4	_utime	0xf	1	0	0	1
3497	0x503f218	_vlimit	0xf	1	0	0	1
3498	0x503f27c	_vtimes	0xf	1	0	0	1
3499	0x503f39c	_setexit	0xf	1	0	0	1
3500	0x503f3c8	_reset	0xf	1	0	0	1
3501	0x503f480	_ecb_crypt	0xf	1	0	0	1
3502	0x503f3f0	_cbc_crypt	0xf	1	0	0	1
3503	0x503f56c	__des_crypt	0xf	1	0	0	1
3504	0x503f53c	_des_setparity	0xf	1	0	0	1
3505	0x504089c	_NXSetScreenBrightness	0xf	1	0	0	1
3506	0x504053c	_NXWaitCursorThreshold	0xf	1	0	0	1
3507	0x5040038	_NXSetKeyRepeatThreshold	0xf	1	0	0	1
3508	0x503ff9c	_NXSetKeyRepeatInterval	0xf	1	0	0	1
3509	0x50400d0	_NXSetKeyMapping	0xf	1	0	0	1
3510	0x50401d8	_NXSetClickTime	0xf	1	0	0	1
3511	0x5040270	_NXSetClickSpace	0xf	1	0	0	1
3512	0x50406c8	_NXSetAutoDimThreshold	0xf	1	0	0	1
3513	0x5040808	_NXSetAutoDimState	0xf	1	0	0	1
3514	0x504095c	_NXSetAutoDimBrightness	0xf	1	0	0	1
3515	0x50408f4	_NXScreenBrightness	0xf	1	0	0	1
3516	0x50401a8	_NXResetMouse	0xf	1	0	0	1
3517	0x503ff6c	_NXResetKeyboard	0xf	1	0	0	1
3518	0x503fe54	_NXOpenEventStatus	0xf	1	0	0	1
3519	0x50404a4	_NXMouseButtonEnabled	0xf	1	0	0	1
3520	0x503fec0	__NXPostLLEvent	0xf	1	0	0	1
3521	0x5040590	_NXSetWaitCursorSustain	0xf	1	0	0	1
3522	0x504062c	_NXSetWaitCursorFrameInterval	0xf	1	0	0	1
3523	0x50404f8	_NXSetWaitCursorThreshold	0xf	1	0	0	1
3524	0x5040670	_NXWaitCursorFrameInterval	0xf	1	0	0	1
3525	0x50403d0	_NXGetMouseScaling	0xf	1	0	0	1
3526	0x5040164	_NXGetKeyMapping	0xf	1	0	0	1
3527	0x50402e8	_NXGetClickSpace	0xf	1	0	0	1
3528	0x503ff20	_NXEventSystemInfo	0xf	1	0	0	1
3529	0x5040a1c	_NXEvSetParameterInt	0xf	1	0	0	1
3530	0x5040a70	_NXEvSetParameterChar	0xf	1	0	0	1
3531	0x5040ac4	_NXEvGetParameterInt	0xf	1	0	0	1
3532	0x5040b20	_NXEvGetParameterChar	0xf	1	0	0	1
3533	0x5040468	_NXEnableMouseButton	0xf	1	0	0	1
3534	0x503fe88	_NXCloseEventStatus	0xf	1	0	0	1
3535	0x504021c	_NXClickTime	0xf	1	0	0	1
3536	0x5040760	_NXAutoDimTime	0xf	1	0	0	1
3537	0x504070c	_NXAutoDimThreshold	0xf	1	0	0	1
3538	0x5040840	_NXAutoDimState	0xf	1	0	0	1
3539	0x50409b4	_NXAutoDimBrightness	0xf	1	0	0	1
3540	0x5040118	_NXKeyMappingLength	0xf	1	0	0	1
3541	0x504007c	_NXKeyRepeatThreshold	0xf	1	0	0	1
3542	0x50405d4	_NXWaitCursorSustain	0xf	1	0	0	1
3543	0x503ffe0	_NXKeyRepeatInterval	0xf	1	0	0	1
3544	0x5040348	_NXSetMouseScaling	0xf	1	0	0	1
3545	0x50407b4	_NXIdleTime	0xf	1	0	0	1
3546	0x5040fac	__NXEvSetSpecialKeyPort	0xf	1	0	0	1
3547	0x50412c0	__NXEvGetParameterChar	0xf	1	0	0	1
3548	0x5041080	__NXEvGetParameterInt	0xf	1	0	0	1
3549	0x504168c	__NXEvSetParameterChar	0xf	1	0	0	1
3550	0x50414dc	__NXEvSetParameterInt	0xf	1	0	0	1
3551	0x5040c40	__NXEvClose	0xf	1	0	0	1
3552	0x5040e08	__NXEvFrameBufferDevicePort	0xf	1	0	0	1
3553	0x5040d04	__NXEvMapEventShmem	0xf	1	0	0	1
3554	0x5040b7c	__NXEvOpen	0xf	1	0	0	1
3555	0x5041844	_abort	0xf	1	0	0	1
3556	0x504186c	_alarm	0xf	1	0	0	1
3557	0x50418d0	__old_alias_endent	0xf	1	0	0	1
3558	0x50418d8	__old_alias_getbyname	0xf	1	0	0	1
3559	0x50418c4	__old_alias_getent	0xf	1	0	0	1
3560	0x50418bc	__old_alias_setent	0xf	1	0	0	1
3561	0x50418e4	_atoi	0xf	1	0	0	1
3562	0x50419e4	_atol	0xf	1	0	0	1
3563	0x5041ae4	_cfree	0xf	1	0	0	1
3564	0x5041af4	_closedir	0xf	1	0	0	1
3565	0x5004e10	_encrypt	0xf	1	0	0	1
3566	0x5041d30	_setkey	0xf	1	0	0	1
3567	0x5041b30	_crypt	0xf	1	0	0	1
3568	0x5041ed4	_asctime	0xf	1	0	0	1
3569	0x504258c	_gmtime	0xf	1	0	0	1
3570	0x50425c0	_mktime	0xf	1	0	0	1
3571	0x5042428	__tzset	0xf	1	0	0	1
3572	0x504248c	_localtime	0xf	1	0	0	1
3573	0x5041ebc	_ctime	0xf	1	0	0	1
3574	0x50c141c	__tzname	0xf	7	0	0	1
3575	0x50be0a4	__ctype_	0xf	4	0	0	1
3576	0x5042948	_getdiskbyname	0xf	1	0	0	1
3577	0x5043294	_getdiskbydev	0xf	1	0	0	1
3578	0x50c3ea8	_sys_errlist	0xf	11	0	0	1
3579	0x50be1a8	_sys_nerr	0xf	4	0	0	1
3580	0x50be224	__sys_errlist_E2BIG	0xf	4	0	0	1
3581	0x50be6cc	__sys_errlist_ETIMEDOUT	0xf	4	0	0	1
3582	0x50be38a	__sys_errlist_ENOSPC	0xf	4	0	0	1
3583	0x50be4be	__sys_errlist_ENOPROTOOPT	0xf	4	0	0	1
3584	0x50be2d4	__sys_errlist_EXDEV	0xf	4	0	0	1
3585	0x50be404	__sys_errlist_EWOULDBLOCK	0xf	4	0	0	1
3586	0x50be771	__sys_errlist_EUSERS	0xf	4	0	0	1
3587	0x50be36c	__sys_errlist_ETXTBSY	0xf	4	0	0	1
3588	0x50be1ac	__sys_errlist_0	0xf	4	0	0	1
3589	0x50be6aa	__sys_errlist_ETOOMANYREFS	0xf	4	0	0	1
3590	0x50be288	__sys_errlist_EACCES	0xf	4	0	0	1
3591	0x50be580	__sys_errlist_EADDRINUSE	0xf	4	0	0	1
3592	0x50be7e0	__sys_errlist_ETIME	0xf	4	0	0	1
3593	0x50be794	__sys_errlist_ESTALE	0xf	4	0	0	1
3594	0x50be597	__sys_errlist_EADDRNOTAVAIL	0xf	4	0	0	1
3595	0x50be550	__sys_errlist_EAFNOSUPPORT	0xf	4	0	0	1
3596	0x50be264	__sys_errlist_EAGAIN	0xf	4	0	0	1
3597	0x50be1d8	__sys_errlist_ESRCH	0xf	4	0	0	1
3598	0x50be434	__sys_errlist_EALREADY	0xf	4	0	0	1
3599	0x50be8e0	__sys_errlist_EBADARCH	0xf	4	0	0	1
3600	0x50be8bd	__sys_errlist_EBADEXEC	0xf	4	0	0	1
3601	0x50be248	__sys_errlist_EBADF	0xf	4	0	0	1
3602	0x50be3a2	__sys_errlist_ESPIPE	0xf	4	0	0	1
3603	0x50be4f6	__sys_errlist_ESOCKTNOSUPPORT	0xf	4	0	0	1
3604	0x50be91b	__sys_errlist_EBADMACHO	0xf	4	0	0	1
3605	0x50be689	__sys_errlist_ESHUTDOWN	0xf	4	0	0	1
3606	0x50be821	__sys_errlist_EBADMSG	0xf	4	0	0	1
3607	0x50be2bc	__sys_errlist_EBUSY	0xf	4	0	0	1
3608	0x50be258	__sys_errlist_ECHILD	0xf	4	0	0	1
3609	0x50be601	__sys_errlist_ECONNABORTED	0xf	4	0	0	1
3610	0x50be622	__sys_errlist_ECONNRESET	0xf	4	0	0	1
3611	0x50be847	__sys_errlist_EDEADLK	0xf	4	0	0	1
3612	0x50be8fb	__sys_errlist_ESHLIBVERS	0xf	4	0	0	1
3613	0x50be3af	__sys_errlist_EROFS	0xf	4	0	0	1
3614	0x50be471	__sys_errlist_EDESTADDRREQ	0xf	4	0	0	1
3615	0x50be7aa	__sys_errlist_EREMOTE	0xf	4	0	0	1
3616	0x50be899	__sys_errlist_EDEVERR	0xf	4	0	0	1
3617	0x50be3e0	__sys_errlist_EDOM	0xf	4	0	0	1
3618	0x50be780	__sys_errlist_EDQUOT	0xf	4	0	0	1
3619	0x50be2c8	__sys_errlist_EEXIST	0xf	4	0	0	1
3620	0x50be29a	__sys_errlist_EFAULT	0xf	4	0	0	1
3621	0x50be37b	__sys_errlist_EFBIG	0xf	4	0	0	1
3622	0x50be729	__sys_errlist_EHOSTDOWN	0xf	4	0	0	1
3623	0x50be6e1	__sys_errlist_EREFUSED	0xf	4	0	0	1
3624	0x50be3f3	__sys_errlist_ERANGE	0xf	4	0	0	1
3625	0x50be885	__sys_errlist_EPWROFF	0xf	4	0	0	1
3626	0x50be736	__sys_errlist_EHOSTUNREACH	0xf	4	0	0	1
3627	0x50be49f	__sys_errlist_EPROTOTYPE	0xf	4	0	0	1
3628	0x50be834	__sys_errlist_EIDRM	0xf	4	0	0	1
3629	0x50be41a	__sys_errlist_EINPROGRESS	0xf	4	0	0	1
3630	0x50be1e8	__sys_errlist_EINTR	0xf	4	0	0	1
3631	0x50be314	__sys_errlist_EINVAL	0xf	4	0	0	1
3632	0x50be4df	__sys_errlist_EPROTONOSUPPORT	0xf	4	0	0	1
3633	0x50be75e	__sys_errlist_EPROCLIM	0xf	4	0	0	1
3634	0x50be200	__sys_errlist_EIO	0xf	4	0	0	1
3635	0x50be655	__sys_errlist_EISCONN	0xf	4	0	0	1
3636	0x50be3d4	__sys_errlist_EPIPE	0xf	4	0	0	1
3637	0x50be305	__sys_errlist_EISDIR	0xf	4	0	0	1
3638	0x50be6f4	__sys_errlist_ELOOP	0xf	4	0	0	1
3639	0x50be532	__sys_errlist_EPFNOSUPPORT	0xf	4	0	0	1
3640	0x50be1b4	__sys_errlist_EPERM	0xf	4	0	0	1
3641	0x50be510	__sys_errlist_EOPNOTSUPP	0xf	4	0	0	1
3642	0x50be20a	__sys_errlist_ENXIO	0xf	4	0	0	1
3643	0x50be34d	__sys_errlist_ENOTTY	0xf	4	0	0	1
3644	0x50be452	__sys_errlist_ENOTSOCK	0xf	4	0	0	1
3645	0x50be74a	__sys_errlist_ENOTEMPTY	0xf	4	0	0	1
3646	0x50be2f5	__sys_errlist_ENOTDIR	0xf	4	0	0	1
3647	0x50be671	__sys_errlist_ENOTCONN	0xf	4	0	0	1
3648	0x50be2a6	__sys_errlist_ENOTBLK	0xf	4	0	0	1
3649	0x50be7cc	__sys_errlist_ENOSTR	0xf	4	0	0	1
3650	0x50be7ee	__sys_errlist_ENOSR	0xf	4	0	0	1
3651	0x50be339	__sys_errlist_EMFILE	0xf	4	0	0	1
3652	0x50be3c5	__sys_errlist_EMLINK	0xf	4	0	0	1
3653	0x50be48e	__sys_errlist_EMSGSIZE	0xf	4	0	0	1
3654	0x50be806	__sys_errlist_ENOMSG	0xf	4	0	0	1
3655	0x50be276	__sys_errlist_ENOMEM	0xf	4	0	0	1
3656	0x50be716	__sys_errlist_ENAMETOOLONG	0xf	4	0	0	1
3657	0x50be86b	__sys_errlist_ENOLCK	0xf	4	0	0	1
3658	0x50be5b6	__sys_errlist_ENETDOWN	0xf	4	0	0	1
3659	0x50be8a6	__sys_errlist_ENOINIT	0xf	4	0	0	1
3660	0x50be5dd	__sys_errlist_ENETRESET	0xf	4	0	0	1
3661	0x50be5c6	__sys_errlist_ENETUNREACH	0xf	4	0	0	1
3662	0x50be236	__sys_errlist_ENOEXEC	0xf	4	0	0	1
3663	0x50be325	__sys_errlist_ENFILE	0xf	4	0	0	1
3664	0x50be63b	__sys_errlist_ENOBUFS	0xf	4	0	0	1
3665	0x50be1be	__sys_errlist_ENOENT	0xf	4	0	0	1
3666	0x50be2e6	__sys_errlist_ENODEV	0xf	4	0	0	1
3667	0x504336c	_execvp	0xf	1	0	0	1
3668	0x5043314	_execlp	0xf	1	0	0	1
3669	0x5043a08	_getexportopt	0xf	1	0	0	1
3670	0x5043718	_remexportent	0xf	1	0	0	1
3671	0x504358c	_setexportent	0xf	1	0	0	1
3672	0x504363c	_getexportent	0xf	1	0	0	1
3673	0x504362c	_endexportent	0xf	1	0	0	1
3674	0x504397c	_addexportent	0xf	1	0	0	1
3675	0x5043b60	_fgetpwent	0xf	1	0	0	1
3676	0x5043d70	_frexp	0xf	1	0	0	1
3677	0x5043ff4	_endfsent	0xf	1	0	0	1
3678	0x504402c	_getfsent	0xf	1	0	0	1
3679	0x50440d4	_getfsfile	0xf	1	0	0	1
3680	0x5044094	_getfsspec	0xf	1	0	0	1
3681	0x5044114	_getfstype	0xf	1	0	0	1
3682	0x5043fa4	_setfsent	0xf	1	0	0	1
3683	0x5044160	_getenv	0xf	1	0	0	1
3684	0x5044498	__old_endgrent	0xf	1	0	0	1
3685	0x5044574	__old_getgrent	0xf	1	0	0	1
3686	0x50444e8	__old_fgetgrent	0xf	1	0	0	1
3687	0x5044228	__old_getgrgid	0xf	1	0	0	1
3688	0x50443e0	__old_setgrent	0xf	1	0	0	1
3689	0x50447b8	__old_setgrfile	0xf	1	0	0	1
3690	0x50441f4	_setgrjunk	0xf	1	0	0	1
3691	0x5044300	__old_getgrnam	0xf	1	0	0	1
3692	0x5045010	_getlogin	0xf	1	0	0	1
3693	0x50450b0	_getpass	0xf	1	0	0	1
3694	0x5045820	__old_setpwent	0xf	1	0	0	1
3695	0x50458ec	__old_endpwent	0xf	1	0	0	1
3696	0x50459d4	__old_getpwent	0xf	1	0	0	1
3697	0x50453e0	__old_getpwnam	0xf	1	0	0	1
3698	0x5045610	__old_getpwuid	0xf	1	0	0	1
3699	0x5045978	__old_setpwfile	0xf	1	0	0	1
3700	0x5046764	_setttyent	0xf	1	0	0	1
3701	0x5046894	_getttyent	0xf	1	0	0	1
3702	0x50467a4	_endttyent	0xf	1	0	0	1
3703	0x5046a78	_getttynam	0xf	1	0	0	1
3704	0x5046aec	_endusershell	0xf	1	0	0	1
3705	0x5046b4c	_setusershell	0xf	1	0	0	1
3706	0x5046ab4	_getusershell	0xf	1	0	0	1
3707	0x5046d24	_getwd	0xf	1	0	0	1
3708	0x5047270	_monstartup	0xf	1	0	0	1
3709	0x5047648	_monreset	0xf	1	0	0	1
3710	0x50472ec	_monaddition	0xf	1	0	0	1
3711	0x5047cd8	_moncontrol	0xf	1	0	0	1
3712	0x5047d84	_moncount	0xf	1	0	0	1
3713	0x5047114	_moninit	0xf	1	0	0	1
3714	0x5047c0c	_monitor	0xf	1	0	0	1
3715	0x504770c	_monoutput	0xf	1	0	0	1
3716	0x5048068	_swap_hppa_frame_thread_state	0xf	1	0	0	1
3717	0x5047f28	_swap_hppa_integer_thread_state	0xf	1	0	0	1
3718	0x5048734	_swap_i386_thread_exceptstate	0xf	1	0	0	1
3719	0x50480b4	_swap_i386_thread_state	0xf	1	0	0	1
3720	0x504813c	_swap_i386_thread_fpstate	0xf	1	0	0	1
3721	0x504884c	_swap_i386_thread_cthreadstate	0xf	1	0	0	1
3722	0x504885c	__old_initgroups	0xf	1	0	0	1
3723	0x5048964	__isatty	0xf	1	0	0	1
3724	0x5048a40	_swap_m68k_thread_state_user_reg	0xf	1	0	0	1
3725	0x5048994	_swap_m68k_thread_state_regs	0xf	1	0	0	1
3726	0x50489e0	_swap_m68k_thread_state_68882	0xf	1	0	0	1
3727	0x504a240	__malloc_error	0xf	1	0	0	1
3728	0x50496c0	__malloc_fork_parent	0xf	1	0	0	1
3729	0x50490c0	__NXNameZone	0xf	1	0	0	1
3730	0x5048cc0	__NXCreateZone	0xf	1	0	0	1
3731	0x5002f30	_free	0xf	1	0	0	1
3732	0x504a260	__malloc_freezedry	0xf	1	0	0	1
3733	0x5007a40	_malloc	0xf	1	0	0	1
3734	0x50498a0	_calloc	0xf	1	0	0	1
3735	0x50030f0	__NXZoneFromPtr	0xf	1	0	0	1
3736	0x50491c0	__NXZoneCalloc	0xf	1	0	0	1
3737	0x5005980	__NXDefaultMallocZone	0xf	1	0	0	1
3738	0x50496a0	__malloc_fork_child	0xf	1	0	0	1
3739	0x504a310	__malloc_good_size	0xf	1	0	0	1
3740	0x504ab90	__vfree	0xf	1	0	0	1
3741	0x5048ab0	__NXAddRegion	0xf	1	0	0	1
3742	0x5048b10	__NXCreateChildZone	0xf	1	0	0	1
3743	0x5048e60	__NXMallocCheck	0xf	1	0	0	1
3744	0x5048ea0	__NXMergeZone	0xf	1	0	0	1
3745	0x5049160	__NXRemoveRegion	0xf	1	0	0	1
3746	0x5049200	__NXZonePtrInfo	0xf	1	0	0	1
3747	0x50492f0	__NXMallocDumpFrees	0xf	1	0	0	1
3748	0x5049460	__NXMallocDumpZones	0xf	1	0	0	1
3749	0x504aa50	_realloc	0xf	1	0	0	1
3750	0x504ab00	__valloc	0xf	1	0	0	1
3751	0x50496e0	__malloc_fork_prepare	0xf	1	0	0	1
3752	0x504a1c0	__malloc_debug	0xf	1	0	0	1
3753	0x504aaa0	__set_malloc_singlethreaded	0xf	1	0	0	1
3754	0x504a770	__mstats	0xf	1	0	0	1
3755	0x504a4e0	__malloc_size	0xf	1	0	0	1
3756	0x504a4d0	__malloc_singlethreaded	0xf	1	0	0	1
3757	0x504a430	__malloc_jumpstart	0xf	1	0	0	1
3758	0x504ac4c	_mkstemp	0xf	1	0	0	1
3759	0x504accc	_mktemp	0xf	1	0	0	1
3760	0x504b178	_hasmntopt	0xf	1	0	0	1
3761	0x504b084	__old_getmntent	0xf	1	0	0	1
3762	0x504b068	__old_endmntent	0xf	1	0	0	1
3763	0x504b0cc	__old_addmntent	0xf	1	0	0	1
3764	0x504ad58	__mnt	0xf	1	0	0	1
3765	0x504b008	__old_setmntent	0xf	1	0	0	1
3766	0x504b7e4	_dbm_nextkey	0xf	1	0	0	1
3767	0x504b380	_dbm_forder	0xf	1	0	0	1
3768	0x504b4e0	_dbm_store	0xf	1	0	0	1
3769	0x504b358	_dbm_close	0xf	1	0	0	1
3770	0x504b3dc	_dbm_fetch	0xf	1	0	0	1
3771	0x504b7c4	_dbm_firstkey	0xf	1	0	0	1
3772	0x504b24c	_dbm_open	0xf	1	0	0	1
3773	0x504b438	_dbm_delete	0xf	1	0	0	1
3774	0x504bd88	_nlist	0xf	1	0	0	1
3775	0x5006090	_opendir	0xf	1	0	0	1
3776	0x504c40c	_perror	0xf	1	0	0	1
3777	0x504c678	_pclose	0xf	1	0	0	1
3778	0x504c4d0	_popen	0xf	1	0	0	1
3779	0x504c6f8	_psignal	0xf	1	0	0	1
3780	0x504c790	_qsort	0xf	1	0	0	1
3781	0x504c898	_srandom	0xf	1	0	0	1
3782	0x504cae0	_setstate	0xf	1	0	0	1
3783	0x504cc04	_random	0xf	1	0	0	1
3784	0x504c940	_initstate	0xf	1	0	0	1
3785	0x50052d0	_readdir	0xf	1	0	0	1
3786	0x504d218	_realpath	0xf	1	0	0	1
3787	0x504da08	_backref	0xf	1	0	0	1
3788	0x504da48	_cclass	0xf	1	0	0	1
3789	0x504d300	_re_comp	0xf	1	0	0	1
3790	0x504d5bc	_re_compile	0xf	1	0	0	1
3791	0x504d6f4	_re_exec	0xf	1	0	0	1
3792	0x504d278	_re_fold	0xf	1	0	0	1
3793	0x504d644	_re_match	0xf	1	0	0	1
3794	0x504da8c	_recmp	0xf	1	0	0	1
3795	0x504dc70	_alphasort	0xf	1	0	0	1
3796	0x504daf4	_scandir	0xf	1	0	0	1
3797	0x504dc90	_seekdir	0xf	1	0	0	1
3798	0x504dcf0	_setegid	0xf	1	0	0	1
3799	0x5007e30	_seteuid	0xf	1	0	0	1
3800	0x504dd04	_setgid	0xf	1	0	0	1
3801	0x504dd18	_setrgid	0xf	1	0	0	1
3802	0x504dd2c	_setruid	0xf	1	0	0	1
3803	0x504dd40	_setuid	0xf	1	0	0	1
3804	0x504dd54	_siginterrupt	0xf	1	0	0	1
3805	0x50c4004	_sys_siglist	0xf	11	0	0	1
3806	0x504de5c	__signal_nobind	0xf	1	0	0	1
3807	0x504de44	_signal	0xf	1	0	0	1
3808	0x50bebb6	__sys_siglist_SIGXFSZ	0xf	4	0	0	1
3809	0x50bebfc	__sys_siglist_SIGWINCH	0xf	4	0	0	1
3810	0x50beb9f	__sys_siglist_SIGXCPU	0xf	4	0	0	1
3811	0x50bebce	__sys_siglist_SIGVTALRM	0xf	4	0	0	1
3812	0x50beb0d	__sys_siglist_SIGALRM	0xf	4	0	0	1
3813	0x50beb24	__sys_siglist_SIGURG	0xf	4	0	0	1
3814	0x50bec34	__sys_siglist_SIGUSR2	0xf	4	0	0	1
3815	0x50beb69	__sys_siglist_SIGTTIN	0xf	4	0	0	1
3816	0x50beb7d	__sys_siglist_SIGTTOU	0xf	4	0	0	1
3817	0x50bea93	__sys_siglist_SIGTRAP	0xf	4	0	0	1
3818	0x50beb19	__sys_siglist_SIGTERM	0xf	4	0	0	1
3819	0x50bead4	__sys_siglist_SIGBUS	0xf	4	0	0	1
3820	0x50beaf1	__sys_siglist_SIGSYS	0xf	4	0	0	1
3821	0x50beb39	__sys_siglist_SIGSTOP	0xf	4	0	0	1
3822	0x50beade	__sys_siglist_SIGSEGV	0xf	4	0	0	1
3823	0x50beb4a	__sys_siglist_SIGTSTP	0xf	4	0	0	1
3824	0x50beb5c	__sys_siglist_SIGCHLD	0xf	4	0	0	1
3825	0x50bebe4	__sys_siglist_SIGPROF	0xf	4	0	0	1
3826	0x50beb52	__sys_siglist_SIGCONT	0xf	4	0	0	1
3827	0x50bea7a	__sys_siglist_SIGQUIT	0xf	4	0	0	1
3828	0x50beaab	__sys_siglist_SIGEMT	0xf	4	0	0	1
3829	0x50beb01	__sys_siglist_SIGPIPE	0xf	4	0	0	1
3830	0x50bec10	__sys_siglist_SIGLOST	0xf	4	0	0	1
3831	0x50beacd	__sys_siglist_SIGKILL	0xf	4	0	0	1
3832	0x50beaa2	__sys_siglist_SIGIOT	0xf	4	0	0	1
3833	0x50beb92	__sys_siglist_SIGIO	0xf	4	0	0	1
3834	0x50bea70	__sys_siglist_SIGINT	0xf	4	0	0	1
3835	0x50bea7f	__sys_siglist_SIGILL	0xf	4	0	0	1
3836	0x50bea69	__sys_siglist_SIGHUP	0xf	4	0	0	1
3837	0x50beab4	__sys_siglist_SIGFPE	0xf	4	0	0	1
3838	0x50bea60	__sys_siglist_0	0xf	4	0	0	1
3839	0x50bec1e	__sys_siglist_SIGUSR1	0xf	4	0	0	1
3840	0x504de74	_sleep	0xf	1	0	0	1
3841	0x504dfe0	_strncasecmp	0xf	1	0	0	1
3842	0x5004db0	_strcasecmp	0xf	1	0	0	1
3843	0x504e044	_swab	0xf	1	0	0	1
3844	0x504e0ec	_syslog	0xf	1	0	0	1
3845	0x504e6f4	_closelog	0xf	1	0	0	1
3846	0x504e720	_setlogmask	0xf	1	0	0	1
3847	0x504e66c	_openlog	0xf	1	0	0	1
3848	0x504e104	_vsyslog	0xf	1	0	0	1
3849	0x504e740	_system	0xf	1	0	0	1
3850	0x504e810	_telldir	0xf	1	0	0	1
3851	0x504e828	_time	0xf	1	0	0	1
3852	0x504e8d4	__tztab	0xf	1	0	0	1
3853	0x504e85c	__timezone	0xf	1	0	0	1
3854	0x504e960	_ttyname	0xf	1	0	0	1
3855	0x504ea44	_ttyslot	0xf	1	0	0	1
3856	0x504ead8	_ualarm	0xf	1	0	0	1
3857	0x504eb3c	_usleep	0xf	1	0	0	1
3858	0x504ecb0	_atof	0xf	1	0	0	1
3859	0x504ecc4	_bcmp	0xf	1	0	0	1
3860	0x504ecec	_bcopy	0xf	1	0	0	1
3861	0x504ed04	__bzero	0xf	1	0	0	1
3862	0x504ed1c	__ecvt	0xf	1	0	0	1
3863	0x504ed3c	__fcvt	0xf	1	0	0	1
3864	0x504f028	_ffs	0xf	1	0	0	1
3865	0x504f05c	__index	0xf	1	0	0	1
3866	0x504f084	_insque	0xf	1	0	0	1
3867	0x504f0a4	__isinf	0xf	1	0	0	1
3868	0x504f0d8	__isnan	0xf	1	0	0	1
3869	0x504f114	_moninitshlibs	0xf	1	0	0	1
3870	0x504f580	_remque	0xf	1	0	0	1
3871	0x504f59c	_rindex	0xf	1	0	0	1
3872	0x504f5b0	__longjmperror	0xf	1	0	0	1
3873	0x504f5cc	_strcat	0xf	1	0	0	1
3874	0x5002650	_strcmp	0xf	1	0	0	1
3875	0x5007e70	_strcpy	0xf	1	0	0	1
3876	0x5002df0	_strlen	0xf	1	0	0	1
3877	0x504f5fc	_strncat	0xf	1	0	0	1
3878	0x5007ea0	_strncmp	0xf	1	0	0	1
3879	0x5006370	_strncpy	0xf	1	0	0	1
3880	0x504f644	__dbltopdfp	0xf	1	0	0	1
3881	0x504f64c	__pdfptodbl	0xf	1	0	0	1
3882	0x504f654	_abs	0xf	1	0	0	1
3883	0x504f660	_fabs	0xf	1	0	0	1
3884	0x504f668	_ldexp	0xf	1	0	0	1
3885	0x50bed66	_mcount_hack	0xf	4	0	0	1
3886	0x504f69b	mcount	0xf	1	0	0	1
3887	0x504f6bc	_modf	0xf	1	0	0	1
3888	0x504f6ec	_setjmp	0xf	1	0	0	1
3889	0x504f784	_longjmp	0xf	1	0	0	1
3890	0x504f7d0	__longjmp	0xf	1	0	0	1
3891	0x50036e0	__setjmp	0xf	1	0	0	1
3892	0x504f7fc	_inet_addr	0xf	1	0	0	1
3893	0x504f824	_inet_aton	0xf	1	0	0	1
3894	0x504f9e8	_inet_lnaof	0xf	1	0	0	1
3895	0x504fa20	_inet_makeaddr	0xf	1	0	0	1
3896	0x504fa74	_inet_netof	0xf	1	0	0	1
3897	0x504fab0	_inet_network	0xf	1	0	0	1
3898	0x504fbec	_inet_ntoa	0xf	1	0	0	1
3899	0x504fc28	__adddi3	0xf	1	0	0	1
3900	0x504fcc0	__anddi3	0xf	1	0	0	1
3901	0x504fcf4	__bdiv	0xf	1	0	0	1
3902	0x505008c	__iordi3	0xf	1	0	0	1
3903	0x50c18c2	__NX_CTypeTable_	0xf	7	0	0	1
3904	0x50c19c3	__NX_ULTable_	0xf	7	0	0	1
3905	0x50500c0	_NXIsAlNum	0xf	1	0	0	1
3906	0x5050100	_NXIsAlpha	0xf	1	0	0	1
3907	0x5050140	_NXIsAscii	0xf	1	0	0	1
3908	0x5050164	_NXIsCntrl	0xf	1	0	0	1
3909	0x50501a4	_NXIsDigit	0xf	1	0	0	1
3910	0x50501e4	_NXIsGraph	0xf	1	0	0	1
3911	0x5050224	_NXIsLower	0xf	1	0	0	1
3912	0x5050264	_NXIsPrint	0xf	1	0	0	1
3913	0x50502a8	_NXIsPunct	0xf	1	0	0	1
3914	0x50502e8	_NXIsSpace	0xf	1	0	0	1
3915	0x5050328	_NXIsUpper	0xf	1	0	0	1
3916	0x5050368	_NXIsXDigit	0xf	1	0	0	1
3917	0x50503a8	_NXToAscii	0xf	1	0	0	1
3918	0x505088c	_NXToLower	0xf	1	0	0	1
3919	0x50508cc	_NXToUpper	0xf	1	0	0	1
3920	0x505090c	__one_cmpldi2	0xf	1	0	0	1
3921	0x505092c	__subdi3	0xf	1	0	0	1
3922	0x50509c4	__xordi3	0xf	1	0	0	1
3923	0x50509f8	__NXToLower	0xf	1	0	0	1
3924	0x5050a40	__NXToUpper	0xf	1	0	0	1
3925	0x5050a88	_bootstrap_get_unpriv_port	0xf	1	0	0	1
3926	0x5050bfc	_mach_NeXT_exception	0xf	1	0	0	1
3927	0x5050b64	_mach_NeXT_exception_string	0xf	1	0	0	1
3928	0x5050aac	_mach_exception_string	0xf	1	0	0	1
3929	0x5050b24	_mach_exception	0xf	1	0	0	1
3930	0x5050c50	_catch_exception_raise	0xf	1	0	0	1
3931	0x50c1ac8	__task_self_	0xf	7	0	0	1
3932	0x50c1af4	__mach_data_padding	0xf	7	0	0	1
3933	0x50c1ad8	__vm_page_size	0xf	7	0	0	1
3934	0x50c1acc	__name_server_port	0xf	7	0	0	1
3935	0x50c1ae0	__old_mach_init_ports	0xf	7	0	0	1
3936	0x50c1ae4	__old_mach_init_ports_count	0xf	7	0	0	1
3937	0x50c1ad0	__xxx_environment_port	0xf	7	0	0	1
3938	0x50c1adc	__xxx_PORT_ENABLED	0xf	7	0	0	1
3939	0x50c1ae8	__mach_init_routine	0xf	7	0	0	1
3940	0x50c1ad4	__bootstrap_port	0xf	7	0	0	1
3941	0x5051140	__mach_error	0xf	1	0	0	1
3942	0x5051130	__mach_errormsg	0xf	1	0	0	1
3943	0x5050c58	__mach_error_string	0xf	1	0	0	1
3944	0x5051190	__mach_init	0xf	1	0	0	1
3945	0x5051180	__fork_mach_init	0xf	1	0	0	1
3946	0x5051238	_mach_msg	0xf	1	0	0	1
3947	0x50512f8	_mach_msg_receive	0xf	1	0	0	1
3948	0x5051318	_mach_msg_send	0xf	1	0	0	1
3949	0x5051338	_mig_allocate	0xf	1	0	0	1
3950	0x5051364	_mig_deallocate	0xf	1	0	0	1
3951	0x5051380	_mig_reply_setup	0xf	1	0	0	1
3952	0x50513cc	_mig_strncpy	0xf	1	0	0	1
3953	0x5006f80	__msg_rpc	0xf	1	0	0	1
3954	0x5051410	__msg_receive	0xf	1	0	0	1
3955	0x5051470	__msg_send	0xf	1	0	0	1
3956	0x5051540	_brk	0xf	1	0	0	1
3957	0x50514c8	_sbrk	0xf	1	0	0	1
3958	0x505154c	_slot_name	0xf	1	0	0	1
3959	0x50518f0	__thread_reply	0xf	1	0	0	1
3960	0x5051910	__thread_switch	0xf	1	0	0	1
3961	0x5051830	__mach_msg_trap	0xf	1	0	0	1
3962	0x50518e0	__task_self	0xf	1	0	0	1
3963	0x5051900	__thread_self	0xf	1	0	0	1
3964	0x5051880	__map_fd	0xf	1	0	0	1
3965	0x50518d0	__task_notify	0xf	1	0	0	1
3966	0x5051860	__mach_task_self	0xf	1	0	0	1
3967	0x50517c0	__lookupd_port	0xf	1	0	0	1
3968	0x50517b0	__event_port_by_tag	0xf	1	0	0	1
3969	0x5051840	__mach_reply_port	0xf	1	0	0	1
3970	0x5051890	__msg_receive_trap	0xf	1	0	0	1
3971	0x5004da0	__msg_rpc_trap	0xf	1	0	0	1
3972	0x5007010	__msg_send_trap	0xf	1	0	0	1
3973	0x5051870	__mach_thread_self	0xf	1	0	0	1
3974	0x5051850	__mach_swapon	0xf	1	0	0	1
3975	0x50518c0	__task_by_pid	0xf	1	0	0	1
3976	0x50518b0	__swtch_pri	0xf	1	0	0	1
3977	0x50517f0	__host_self	0xf	1	0	0	1
3978	0x5051810	__kern_timestamp	0xf	1	0	0	1
3979	0x50518a0	__swtch	0xf	1	0	0	1
3980	0x5051820	__mach_host_self	0xf	1	0	0	1
3981	0x5051800	__init_process	0xf	1	0	0	1
3982	0x50517e0	__host_priv_self	0xf	1	0	0	1
3983	0x50517d0	__device_master_self	0xf	1	0	0	1
3984	0x5051c94	__bootstrap_look_up_array	0xf	1	0	0	1
3985	0x5051a4c	__bootstrap_register	0xf	1	0	0	1
3986	0x5051920	__bootstrap_check_in	0xf	1	0	0	1
3987	0x5051ee4	__bootstrap_info	0xf	1	0	0	1
3988	0x5051db8	__bootstrap_status	0xf	1	0	0	1
3989	0x5051b68	__bootstrap_look_up	0xf	1	0	0	1
3990	0x5052014	__bootstrap_subset	0xf	1	0	0	1
3991	0x50520f8	__bootstrap_create_service	0xf	1	0	0	1
3992	0x5052224	_exception_raise	0xf	1	0	0	1
3993	0x50523b0	_exc_server	0xf	1	0	0	1
3994	0x50548d0	__unix_pid	0xf	1	0	0	1
3995	0x5053d70	__task_threads	0xf	1	0	0	1
3996	0x5053cb0	__task_terminate	0xf	1	0	0	1
3997	0x5053bf0	__task_suspend	0xf	1	0	0	1
3998	0x5053a50	__task_resume	0xf	1	0	0	1
3999	0x50538b0	__task_info	0xf	1	0	0	1
4000	0x50549b0	__vm_copy	0xf	1	0	0	1
4001	0x50536d0	__task_create	0xf	1	0	0	1
4002	0x5054aa0	__vm_deactivate	0xf	1	0	0	1
4003	0x5054b90	__vm_inherit	0xf	1	0	0	1
4004	0x5054750	__thread_suspend	0xf	1	0	0	1
4005	0x50545d0	__thread_set_state	0xf	1	0	0	1
4006	0x50544f0	__thread_set_special_port	0xf	1	0	0	1
4007	0x5007290	__vm_allocate	0xf	1	0	0	1
4008	0x50073a0	__vm_deallocate	0xf	1	0	0	1
4009	0x5053e60	__thread_abort	0xf	1	0	0	1
4010	0x5055220	__vm_statistics	0xf	1	0	0	1
4011	0x50537c0	__task_get_special_port	0xf	1	0	0	1
4012	0x5054da0	__vm_protect	0xf	1	0	0	1
4013	0x5054c80	__vm_machine_attribute	0xf	1	0	0	1
4014	0x5054ea0	__vm_read	0xf	1	0	0	1
4015	0x5054fa0	__vm_region	0xf	1	0	0	1
4016	0x5053f20	__thread_create	0xf	1	0	0	1
4017	0x5054430	__thread_resume	0xf	1	0	0	1
4018	0x5054290	__thread_info	0xf	1	0	0	1
4019	0x50535e0	__task_by_unix_pid	0xf	1	0	0	1
4020	0x50534f0	__port_type	0xf	1	0	0	1
4021	0x5055130	__vm_set_policy	0xf	1	0	0	1
4022	0x5052630	__port_allocate	0xf	1	0	0	1
4023	0x5052710	__port_deallocate	0xf	1	0	0	1
4024	0x5052f30	__port_set_backlog	0xf	1	0	0	1
4025	0x5053b10	__task_set_special_port	0xf	1	0	0	1
4026	0x50540f0	__thread_get_state	0xf	1	0	0	1
4027	0x5054810	__thread_terminate	0xf	1	0	0	1
4028	0x5054000	__thread_get_special_port	0xf	1	0	0	1
4029	0x5052440	__netipc_ignore	0xf	1	0	0	1
4030	0x5052510	__netipc_listen	0xf	1	0	0	1
4031	0x50527e0	__port_extract_receive	0xf	1	0	0	1
4032	0x50528d0	__port_extract_send	0xf	1	0	0	1
4033	0x50529c0	__port_insert_receive	0xf	1	0	0	1
4034	0x5052aa0	__port_insert_send	0xf	1	0	0	1
4035	0x5052b80	__port_names	0xf	1	0	0	1
4036	0x5052c90	__port_rename	0xf	1	0	0	1
4037	0x5052d70	__port_set_add	0xf	1	0	0	1
4038	0x5055320	__vm_synchronize	0xf	1	0	0	1
4039	0x5055400	__vm_write	0xf	1	0	0	1
4040	0x5052e50	__port_set_allocate	0xf	1	0	0	1
4041	0x5053010	__port_set_backup	0xf	1	0	0	1
4042	0x50533b0	__port_status	0xf	1	0	0	1
4043	0x50554f0	__xxx_cpu_control	0xf	1	0	0	1
4044	0x50532b0	__port_set_status	0xf	1	0	0	1
4045	0x50531e0	__port_set_remove	0xf	1	0	0	1
4046	0x5053110	__port_set_deallocate	0xf	1	0	0	1
4047	0x50555d0	__xxx_host_info	0xf	1	0	0	1
4048	0x50556d0	__xxx_slot_info	0xf	1	0	0	1
4049	0x50558c0	_host_info	0xf	1	0	0	1
4050	0x5056f6c	_processor_set_policy_disable	0xf	1	0	0	1
4051	0x5056088	_processor_set_destroy	0xf	1	0	0	1
4052	0x5056560	_thread_assign_default	0xf	1	0	0	1
4053	0x50573d0	_thread_depress_abort	0xf	1	0	0	1
4054	0x5056dd4	_thread_policy	0xf	1	0	0	1
4055	0x505754c	_host_adjust_time	0xf	1	0	0	1
4056	0x505763c	_host_get_time	0xf	1	0	0	1
4057	0x5056964	_host_kernel_version	0xf	1	0	0	1
4058	0x50572ec	_host_processor_set_priv	0xf	1	0	0	1
4059	0x5057208	_host_processor_sets	0xf	1	0	0	1
4060	0x50557dc	_host_processors	0xf	1	0	0	1
4061	0x5057484	_host_set_time	0xf	1	0	0	1
4062	0x50562ec	_processor_assign	0xf	1	0	0	1
4063	0x5055d70	_processor_control	0xf	1	0	0	1
4064	0x5055cbc	_processor_exit	0xf	1	0	0	1
4065	0x50563c0	_processor_get_assignment	0xf	1	0	0	1
4066	0x5055a58	_processor_info	0xf	1	0	0	1
4067	0x5055fa0	_processor_set_create	0xf	1	0	0	1
4068	0x5055ec4	_processor_set_default	0xf	1	0	0	1
4069	0x5056a84	_thread_priority	0xf	1	0	0	1
4070	0x505613c	_processor_set_info	0xf	1	0	0	1
4071	0x50567c4	_task_assign_default	0xf	1	0	0	1
4072	0x5056d00	_processor_set_max_priority	0xf	1	0	0	1
4073	0x5056b58	_thread_max_priority	0xf	1	0	0	1
4074	0x5056ea8	_processor_set_policy_enable	0xf	1	0	0	1
4075	0x5057040	_processor_set_tasks	0xf	1	0	0	1
4076	0x5057124	_processor_set_threads	0xf	1	0	0	1
4077	0x5055c08	_processor_start	0xf	1	0	0	1
4078	0x50566f0	_task_assign	0xf	1	0	0	1
4079	0x5056614	_thread_get_assignment	0xf	1	0	0	1
4080	0x5056888	_task_get_assignment	0xf	1	0	0	1
4081	0x5056c2c	_task_priority	0xf	1	0	0	1
4082	0x505649c	_thread_assign	0xf	1	0	0	1
4083	0x5057a7c	_netname_version	0xf	1	0	0	1
4084	0x505782c	_netname_look_up	0xf	1	0	0	1
4085	0x5057720	_netname_check_in	0xf	1	0	0	1
4086	0x5057988	_netname_check_out	0xf	1	0	0	1
4087	0x5057b88	_NXGetLocalArchInfo	0xf	1	0	0	1
4088	0x5057c64	_NXFindBestFatArch	0xf	1	0	0	1
4089	0x5057bdc	_NXGetArchInfoFromName	0xf	1	0	0	1
4090	0x5057f7c	_NXCombineCpuSubtypes	0xf	1	0	0	1
4091	0x5057b74	_NXGetAllArchInfos	0xf	1	0	0	1
4092	0x5057c24	_NXGetArchInfoFromCpuType	0xf	1	0	0	1
4093	0x5007960	_getmachheaders	0xf	1	0	0	1
4094	0x5058138	_getsectbynamefromheader	0xf	1	0	0	1
4095	0x505835c	_getsectdatafromheader	0xf	1	0	0	1
4096	0x50581d8	_getsectbynamefromheaderwithswap	0xf	1	0	0	1
4097	0x5058328	_getsectdata	0xf	1	0	0	1
4098	0x5058394	_getsectdatafromlib	0xf	1	0	0	1
4099	0x50582e0	_getsectbyname	0xf	1	0	0	1
4100	0x50584f0	_getsegbyname	0xf	1	0	0	1
4101	0x5058568	_get_end	0xf	1	0	0	1
4102	0x5058600	_get_edata	0xf	1	0	0	1
4103	0x50585cc	_get_etext	0xf	1	0	0	1
4104	0x50588ac	_swap_ident_command	0xf	1	0	0	1
4105	0x50586e4	_swap_load_command	0xf	1	0	0	1
4106	0x5058814	_swap_symseg_command	0xf	1	0	0	1
4107	0x505883c	_swap_fvmlib_command	0xf	1	0	0	1
4108	0x50588c4	_swap_nlist	0xf	1	0	0	1
4109	0x505893c	_swap_relocation_info	0xf	1	0	0	1
4110	0x50586fc	_swap_segment_command	0xf	1	0	0	1
4111	0x5058754	_swap_section	0xf	1	0	0	1
4112	0x50587dc	_swap_symtab_command	0xf	1	0	0	1
4113	0x5058894	_swap_thread_command	0xf	1	0	0	1
4114	0x505890c	_swap_ranlib	0xf	1	0	0	1
4115	0x505886c	_swap_fvmfile_command	0xf	1	0	0	1
4116	0x50586a4	_swap_mach_header	0xf	1	0	0	1
4117	0x5058634	_swap_fat_header	0xf	1	0	0	1
4118	0x505864c	_swap_fat_arch	0xf	1	0	0	1
4119	0x5058a94	_ether_line	0xf	1	0	0	1
4120	0x5058d54	_ether_ntohost	0xf	1	0	0	1
4121	0x5058b00	_ether_ntoa	0xf	1	0	0	1
4122	0x5058c00	_ether_hostton	0xf	1	0	0	1
4123	0x5058b7c	_ether_aton	0xf	1	0	0	1
4124	0x5058fec	__old_getnetbyname	0xf	1	0	0	1
4125	0x50591bc	__old_getnetent	0xf	1	0	0	1
4126	0x50590f0	__old_setnetent	0xf	1	0	0	1
4127	0x505916c	__old_endnetent	0xf	1	0	0	1
4128	0x5058f10	__old_getnetbyaddr	0xf	1	0	0	1
4129	0x50594f4	__nettoa	0xf	1	0	0	1
4130	0x50596d8	__old_getnetgrent	0xf	1	0	0	1
4131	0x50595ac	__old_setnetgrent	0xf	1	0	0	1
4132	0x505963c	__old_endnetgrent	0xf	1	0	0	1
4133	0x5059c94	__old_getprotoent	0xf	1	0	0	1
4134	0x5059bc8	__old_setprotoent	0xf	1	0	0	1
4135	0x50599ec	__old_getprotobynumber	0xf	1	0	0	1
4136	0x5059ac4	__old_getprotobyname	0xf	1	0	0	1
4137	0x5059c44	__old_endprotoent	0xf	1	0	0	1
4138	0x5059fa0	_getrpcport	0xf	1	0	0	1
4139	0x505a280	__old_endservent	0xf	1	0	0	1
4140	0x505a210	__old_setservent	0xf	1	0	0	1
4141	0x505a2d0	__old_getservent	0xf	1	0	0	1
4142	0x505a180	__old_getservbyname	0xf	1	0	0	1
4143	0x505a02c	__old_getservbyport	0xf	1	0	0	1
4144	0x505a5d0	__old_innetgr	0xf	1	0	0	1
4145	0x505b13c	_rresvport	0xf	1	0	0	1
4146	0x505b1d8	_ruserok	0xf	1	0	0	1
4147	0x505ac84	_rcmd	0xf	1	0	0	1
4148	0x505b708	__checkhost	0xf	1	0	0	1
4149	0x505b3d8	__validuser	0xf	1	0	0	1
4150	0x505b860	_rexec	0xf	1	0	0	1
4151	0x505cce4	_mkpwclear	0xf	1	0	0	1
4152	0x505cc80	_mkpwunclear	0xf	1	0	0	1
4153	0x505bb8c	_ruserpass	0xf	1	0	0	1
4154	0x505d184	___putshort	0xf	1	0	0	1
4155	0x505d13c	__getshort	0xf	1	0	0	1
4156	0x505ce7c	_dn_comp	0xf	1	0	0	1
4157	0x505cd48	_dn_expand	0xf	1	0	0	1
4158	0x505cfec	___dn_skipname	0xf	1	0	0	1
4159	0x505d1a0	___putlong	0xf	1	0	0	1
4160	0x505d158	__getlong	0xf	1	0	0	1
4161	0x505e9dc	___p_type	0xf	1	0	0	1
4162	0x505dec0	___p_cdnname	0xf	1	0	0	1
4163	0x505ef80	___p_class	0xf	1	0	0	1
4164	0x505df70	___p_fqname	0xf	1	0	0	1
4165	0x505efe0	___p_option	0xf	1	0	0	1
4166	0x505d8d8	___p_query	0xf	1	0	0	1
4167	0x505e03c	___p_rr	0xf	1	0	0	1
4168	0x505f0dc	___p_time	0xf	1	0	0	1
4169	0x50c1bf8	__res_opcodes	0xf	7	0	0	1
4170	0x50c1c38	__res_resultcodes	0xf	7	0	0	1
4171	0x505d9a0	___fp_nquery	0xf	1	0	0	1
4172	0x505df50	___p_cdname	0xf	1	0	0	1
4173	0x505d8f8	___fp_resstat	0xf	1	0	0	1
4174	0x505dea4	___fp_query	0xf	1	0	0	1
4175	0x505f260	_res_init	0xf	1	0	0	1
4176	0x5060218	__res_running	0xf	1	0	0	1
4177	0x5060234	_res_mkquery	0xf	1	0	0	1
4178	0x50606b0	_res_search	0xf	1	0	0	1
4179	0x50604a8	_res_query	0xf	1	0	0	1
4180	0x5060a1c	___hostalias	0xf	1	0	0	1
4181	0x5060928	_res_querydomain	0xf	1	0	0	1
4182	0x5060f0c	_res_send	0xf	1	0	0	1
4183	0x5060cf4	___res_isourserver	0xf	1	0	0	1
4184	0x5060d80	___res_nameinquery	0xf	1	0	0	1
4185	0x5060e40	___res_queriesmatch	0xf	1	0	0	1
4186	0x5061b54	__res_close	0xf	1	0	0	1
4187	0x5060cc4	_res_send_setqhook	0xf	1	0	0	1
4188	0x5060cdc	_res_send_setrhook	0xf	1	0	0	1
4189	0x50c1e44	__net_stayopen	0xf	7	0	0	1
4190	0x50c1c8c	__res	0xf	7	0	0	1
4191	0x5061bc4	_htons	0xf	1	0	0	1
4192	0x5061bb8	_htonl	0xf	1	0	0	1
4193	0x5061b9c	_ntohl	0xf	1	0	0	1
4194	0x5061ba8	_ntohs	0xf	1	0	0	1
4195	0x50623c8	__res_gethostbyname	0xf	1	0	0	1
4196	0x506251c	__res_gethostbyaddr	0xf	1	0	0	1
4197	0x5062a10	__res_getnetbyaddr	0xf	1	0	0	1
4198	0x5062b74	__res_getnetbyname	0xf	1	0	0	1
4199	0x5062ca0	_hstrerror	0xf	1	0	0	1
4200	0x50c1e50	_h_errlist	0xf	7	0	0	1
4201	0x50c1e64	_h_nerr	0xf	7	0	0	1
4202	0x5062bf4	_herror	0xf	1	0	0	1
4203	0x5062d04	_inet_nsap_addr	0xf	1	0	0	1
4204	0x5062e10	_inet_nsap_ntoa	0xf	1	0	0	1
4205	0x5062fec	__old_gethostbyname	0xf	1	0	0	1
4206	0x50631d8	__old_gethostbyaddr	0xf	1	0	0	1
4207	0x5063340	__old_sethostent	0xf	1	0	0	1
4208	0x5063434	__old_gethostent	0xf	1	0	0	1
4209	0x50636e8	__old_sethostfile	0xf	1	0	0	1
4210	0x50633bc	__old_endhostent	0xf	1	0	0	1
4211	0x5063b54	_alias_getent	0xf	1	0	0	1
4212	0x5063b84	_alias_setent	0xf	1	0	0	1
4213	0x5063bc4	_alias_endent	0xf	1	0	0	1
4214	0x5063b2c	_alias_getbyname	0xf	1	0	0	1
4215	0x5063e14	_bootp_getbyether	0xf	1	0	0	1
4216	0x5063e44	_bootp_getbyip	0xf	1	0	0	1
4217	0x5063fac	_bootparams_getbyname	0xf	1	0	0	1
4218	0x506492c	_endgrent	0xf	1	0	0	1
4219	0x5064960	_setgrfile	0xf	1	0	0	1
4220	0x5064758	_getgrnam	0xf	1	0	0	1
4221	0x5064780	_initgroups	0xf	1	0	0	1
4222	0x5064730	_getgrgid	0xf	1	0	0	1
4223	0x50648bc	_getgrent	0xf	1	0	0	1
4224	0x50648ec	_setgrent	0xf	1	0	0	1
4225	0x506501c	_endhostent	0xf	1	0	0	1
4226	0x5064f44	_gethostbyaddr	0xf	1	0	0	1
4227	0x5064fa4	_gethostent	0xf	1	0	0	1
4228	0x5065050	_sethostfile	0xf	1	0	0	1
4229	0x5064fd4	_sethostent	0xf	1	0	0	1
4230	0x5064f7c	_gethostbyname	0xf	1	0	0	1
4231	0x5065360	_endmntent	0xf	1	0	0	1
4232	0x50652f8	_addmntent	0xf	1	0	0	1
4233	0x506531c	_setmntent	0xf	1	0	0	1
4234	0x50652d4	_getmntent	0xf	1	0	0	1
4235	0x5065924	_endnetent	0xf	1	0	0	1
4236	0x5065854	_getnetbyaddr	0xf	1	0	0	1
4237	0x50658ac	_getnetent	0xf	1	0	0	1
4238	0x5065884	_getnetbyname	0xf	1	0	0	1
4239	0x50658dc	_setnetent	0xf	1	0	0	1
4240	0x5065c74	_innetgr	0xf	1	0	0	1
4241	0x5065cd4	_getnetgrent	0xf	1	0	0	1
4242	0x5065bfc	_lu_getnetgrent	0xf	1	0	0	1
4243	0x5065958	__set_innetgr_handler	0xf	1	0	0	1
4244	0x5065d6c	_endnetgrent	0xf	1	0	0	1
4245	0x5065d24	_setnetgrent	0xf	1	0	0	1
4246	0x5066314	_endprotoent	0xf	1	0	0	1
4247	0x5066274	_getprotobyname	0xf	1	0	0	1
4248	0x506629c	_getprotoent	0xf	1	0	0	1
4249	0x50662cc	_setprotoent	0xf	1	0	0	1
4250	0x506624c	_getprotobynumber	0xf	1	0	0	1
4251	0x50667ec	_prdb_set	0xf	1	0	0	1
4252	0x5066794	_prdb_getbyname	0xf	1	0	0	1
4253	0x50667bc	_prdb_get	0xf	1	0	0	1
4254	0x5066834	_prdb_end	0xf	1	0	0	1
4255	0x5066d60	_getpwnam	0xf	1	0	0	1
4256	0x5066df8	_endpwent	0xf	1	0	0	1
4257	0x5066d88	_getpwent	0xf	1	0	0	1
4258	0x5066e2c	_setpwfile	0xf	1	0	0	1
4259	0x5066db8	_setpwent	0xf	1	0	0	1
4260	0x5066d38	_getpwuid	0xf	1	0	0	1
4261	0x5067374	_setrpcent	0xf	1	0	0	1
4262	0x50673bc	_endrpcent	0xf	1	0	0	1
4263	0x506731c	_getrpcbyname	0xf	1	0	0	1
4264	0x50672f4	_getrpcbynumber	0xf	1	0	0	1
4265	0x5067344	_getrpcent	0xf	1	0	0	1
4266	0x50679d0	_setservent	0xf	1	0	0	1
4267	0x50679a0	_getservent	0xf	1	0	0	1
4268	0x5067940	_getservbyport	0xf	1	0	0	1
4269	0x5067970	_getservbyname	0xf	1	0	0	1
4270	0x5067a18	_endservent	0xf	1	0	0	1
4271	0x5067ae0	__lu_running	0xf	1	0	0	1
4272	0x50c203c	__lu_port	0xf	7	0	0	1
4273	0x5067a64	__lu_setport	0xf	1	0	0	1
4274	0x5067a4c	__lu_fork_child	0xf	1	0	0	1
4275	0x50c2040	_h_errno	0xf	7	0	0	1
4276	0x5067b3c	_ni_error	0xf	1	0	0	1
4277	0x5069dc0	_ni_resync	0xf	1	0	0	1
4278	0x5069520	_ni_root	0xf	1	0	0	1
4279	0x5069568	_ni_self	0xf	1	0	0	1
4280	0x5069f30	_ni_setpassword	0xf	1	0	0	1
4281	0x5067f38	_ni_setwritetimeout	0xf	1	0	0	1
4282	0x50694e0	_ni_statistics	0xf	1	0	0	1
4283	0x5069740	_ni_write	0xf	1	0	0	1
4284	0x5069ce4	_ni_writename	0xf	1	0	0	1
4285	0x5069a1c	_ni_writeprop	0xf	1	0	0	1
4286	0x5069df4	_ni_setuser	0xf	1	0	0	1
4287	0x5069354	_ni_new	0xf	1	0	0	1
4288	0x5069600	_ni_children	0xf	1	0	0	1
4289	0x5067f48	_ni_setreadtimeout	0xf	1	0	0	1
4290	0x5069bb0	_ni_renameprop	0xf	1	0	0	1
4291	0x5067f28	_ni_setabort	0xf	1	0	0	1
4292	0x506945c	_ni_free	0xf	1	0	0	1
4293	0x5068cb8	__ni_dup	0xf	1	0	0	1
4294	0x50692ec	_ni_addrtag	0xf	1	0	0	1
4295	0x50692a0	_ni_connect	0xf	1	0	0	1
4296	0x50699ac	_ni_readprop	0xf	1	0	0	1
4297	0x5069d50	_ni_readname	0xf	1	0	0	1
4298	0x50697a4	_ni_read	0xf	1	0	0	1
4299	0x50695b0	_ni_parent	0xf	1	0	0	1
4300	0x5069658	_ni_create	0xf	1	0	0	1
4301	0x5067f58	_ni_needwrite	0xf	1	0	0	1
4302	0x5069c14	_ni_createname	0xf	1	0	0	1
4303	0x5069ae0	_ni_createprop	0xf	1	0	0	1
4304	0x5069870	_ni_lookupread	0xf	1	0	0	1
4305	0x50697fc	_ni_lookup	0xf	1	0	0	1
4306	0x5069a88	_ni_listprops	0xf	1	0	0	1
4307	0x5069954	_ni_listall	0xf	1	0	0	1
4308	0x50696dc	_ni_destroy	0xf	1	0	0	1
4309	0x5069c80	_ni_destroyname	0xf	1	0	0	1
4310	0x50698e4	_ni_list	0xf	1	0	0	1
4311	0x5069b50	_ni_destroyprop	0xf	1	0	0	1
4312	0x506a498	_ni_pwdomain	0xf	1	0	0	1
4313	0x506a984	_ni_pathsearch	0xf	1	0	0	1
4314	0x506a8cc	_ni_open	0xf	1	0	0	1
4315	0x506a8e8	_ni_fancyopen	0xf	1	0	0	1
4316	0x506b164	_ni_entrylist_free	0xf	1	0	0	1
4317	0x506ae98	_ni_name_free	0xf	1	0	0	1
4318	0x506ac74	_ni_proplist_list_free	0xf	1	0	0	1
4319	0x506aafc	_ni_proplist_insert	0xf	1	0	0	1
4320	0x506ae3c	_ni_name_match	0xf	1	0	0	1
4321	0x506ac2c	_ni_proplist_free	0xf	1	0	0	1
4322	0x506aa90	_ni_idlist_free	0xf	1	0	0	1
4323	0x506ad48	_ni_proplist_match	0xf	1	0	0	1
4324	0x506af24	_ni_namelist_free	0xf	1	0	0	1
4325	0x506acbc	_ni_proplist_dup	0xf	1	0	0	1
4326	0x506b1c0	_ni_lookupprop	0xf	1	0	0	1
4327	0x506ae5c	_ni_name_dup	0xf	1	0	0	1
4328	0x506abc0	_ni_proplist_delete	0xf	1	0	0	1
4329	0x506ae1c	_ni_prop_free	0xf	1	0	0	1
4330	0x506addc	_ni_prop_dup	0xf	1	0	0	1
4331	0x506b034	_ni_namelist_match	0xf	1	0	0	1
4332	0x506af6c	_ni_namelist_insert	0xf	1	0	0	1
4333	0x506b100	_ni_entrylist_delete	0xf	1	0	0	1
4334	0x506b07c	_ni_entrylist_insert	0xf	1	0	0	1
4335	0x506aa30	_ni_idlist_delete	0xf	1	0	0	1
4336	0x506aabc	_ni_idlist_dup	0xf	1	0	0	1
4337	0x506afd8	_ni_namelist_delete	0xf	1	0	0	1
4338	0x506a9d0	_ni_idlist_insert	0xf	1	0	0	1
4339	0x506aebc	_ni_namelist_dup	0xf	1	0	0	1
4340	0x506b2a4	__old_prdb_end	0xf	1	0	0	1
4341	0x506b2d8	__old_prdb_set	0xf	1	0	0	1
4342	0x506b3c4	__old_prdb_get	0xf	1	0	0	1
4343	0x506b69c	__old_prdb_getbyname	0xf	1	0	0	1
4344	0x506b944	_putpwpasswd	0xf	1	0	0	1
4345	0x506baf0	__ni_root_2	0xf	1	0	0	1
4346	0x506c270	__ni_rparent_2	0xf	1	0	0	1
4347	0x506ba90	__ni_statistics_2	0xf	1	0	0	1
4348	0x506c030	__ni_renameprop_2	0xf	1	0	0	1
4349	0x506c210	__ni_writename_2	0xf	1	0	0	1
4350	0x506bf70	__ni_readprop_2	0xf	1	0	0	1
4351	0x506c3f0	__ni_crashed_2	0xf	1	0	0	1
4352	0x506c330	__ni_bind_2	0xf	1	0	0	1
4353	0x506bd30	__ni_write_2	0xf	1	0	0	1
4354	0x506c1b0	__ni_readname_2	0xf	1	0	0	1
4355	0x506bb50	__ni_self_2	0xf	1	0	0	1
4356	0x506ba30	__ni_ping_2	0xf	1	0	0	1
4357	0x506c390	__ni_readall_2	0xf	1	0	0	1
4358	0x506c450	__ni_resync_2	0xf	1	0	0	1
4359	0x506bfd0	__ni_writeprop_2	0xf	1	0	0	1
4360	0x506be50	__ni_list_2	0xf	1	0	0	1
4361	0x506bc10	__ni_create_2	0xf	1	0	0	1
4362	0x506bcd0	__ni_read_2	0xf	1	0	0	1
4363	0x506c0f0	__ni_createname_2	0xf	1	0	0	1
4364	0x506bbb0	__ni_parent_2	0xf	1	0	0	1
4365	0x506bdf0	__ni_lookup_2	0xf	1	0	0	1
4366	0x506c090	__ni_listprops_2	0xf	1	0	0	1
4367	0x506bd90	__ni_children_2	0xf	1	0	0	1
4368	0x506beb0	__ni_createprop_2	0xf	1	0	0	1
4369	0x506c2d0	__ni_listall_2	0xf	1	0	0	1
4370	0x506bc70	__ni_destroy_2	0xf	1	0	0	1
4371	0x506bf10	__ni_destroyprop_2	0xf	1	0	0	1
4372	0x506c150	__ni_destroyname_2	0xf	1	0	0	1
4373	0x506c4b0	__ni_lookupread_2	0xf	1	0	0	1
4374	0x506cca4	_xdr_ni_namelist_stuff	0xf	1	0	0	1
4375	0x506cb18	_xdr_ni_lookup_stuff	0xf	1	0	0	1
4376	0x506d0a0	_xdr_ni_listall_stuff	0xf	1	0	0	1
4377	0x506c578	_xdr_ni_namelist	0xf	1	0	0	1
4378	0x506d024	_xdr_ni_readall_res	0xf	1	0	0	1
4379	0x506c66c	_xdr_ni_object	0xf	1	0	0	1
4380	0x506c730	_xdr_ni_parent_stuff	0xf	1	0	0	1
4381	0x506c8b0	_xdr_ni_list_stuff	0xf	1	0	0	1
4382	0x506c62c	_xdr_ni_idlist	0xf	1	0	0	1
4383	0x506c874	_xdr_ni_entrylist	0xf	1	0	0	1
4384	0x506c828	_xdr_ni_entry	0xf	1	0	0	1
4385	0x506ca14	_xdr_ni_create_stuff	0xf	1	0	0	1
4386	0x506c7ac	_xdr_ni_children_stuff	0xf	1	0	0	1
4387	0x506cc1c	_xdr_ni_writeprop_args	0xf	1	0	0	1
4388	0x506ce14	_xdr_ni_writename_args	0xf	1	0	0	1
4389	0x506c6c8	_xdr_ni_status	0xf	1	0	0	1
4390	0x506cf68	_xdr_ni_object_list	0xf	1	0	0	1
4391	0x506cf9c	_xdr_ni_object_node	0xf	1	0	0	1
4392	0x506d064	_xdr_ni_proplist_list	0xf	1	0	0	1
4393	0x506c92c	_xdr_ni_proplist_stuff	0xf	1	0	0	1
4394	0x506c9d4	_xdr_ni_proplist_res	0xf	1	0	0	1
4395	0x506c5f0	_xdr_ni_proplist	0xf	1	0	0	1
4396	0x506cc68	_xdr_ni_prop_args	0xf	1	0	0	1
4397	0x506c76c	_xdr_ni_parent_res	0xf	1	0	0	1
4398	0x506cce0	_xdr_ni_namelist_res	0xf	1	0	0	1
4399	0x506cdc8	_xdr_ni_nameindex_args	0xf	1	0	0	1
4400	0x506cb94	_xdr_ni_name_args	0xf	1	0	0	1
4401	0x506c54c	_xdr_ni_name	0xf	1	0	0	1
4402	0x506cf28	_xdr_ni_rparent_res	0xf	1	0	0	1
4403	0x506cb54	_xdr_ni_lookup_res	0xf	1	0	0	1
4404	0x506cacc	_xdr_ni_lookup_args	0xf	1	0	0	1
4405	0x506d0dc	_xdr_ni_listall_res	0xf	1	0	0	1
4406	0x506c8ec	_xdr_ni_list_res	0xf	1	0	0	1
4407	0x506c6f0	_xdr_ni_id_res	0xf	1	0	0	1
4408	0x506c510	_xdr_ni_id	0xf	1	0	0	1
4409	0x506ca90	_xdr_ni_destroy_args	0xf	1	0	0	1
4410	0x506cbd0	_xdr_ni_createprop_args	0xf	1	0	0	1
4411	0x506cd6c	_xdr_ni_createname_args	0xf	1	0	0	1
4412	0x506ca50	_xdr_ni_create_res	0xf	1	0	0	1
4413	0x506c968	_xdr_ni_create_args	0xf	1	0	0	1
4414	0x506c7e8	_xdr_ni_children_res	0xf	1	0	0	1
4415	0x506ceec	_xdr_ni_binding	0xf	1	0	0	1
4416	0x506c5b4	_xdr_ni_property	0xf	1	0	0	1
4417	0x506ceac	_xdr_ni_readname_res	0xf	1	0	0	1
4418	0x506cfd8	_xdr_ni_readall_stuff	0xf	1	0	0	1
4419	0x506cd20	_xdr_ni_propname_args	0xf	1	0	0	1
4420	0x506ce70	_xdr_ni_readname_stuff	0xf	1	0	0	1
4421	0x506d22c	_xdr_nibind_clone_args	0xf	1	0	0	1
4422	0x506d1d4	_xdr_nibind_listreg_res	0xf	1	0	0	1
4423	0x506d158	_xdr_nibind_registration	0xf	1	0	0	1
4424	0x506d288	_xdr_nibind_bind_args	0xf	1	0	0	1
4425	0x506d11c	_xdr_nibind_addrinfo	0xf	1	0	0	1
4426	0x506d194	_xdr_nibind_getregister_res	0xf	1	0	0	1
4427	0x506d5d0	_xdr__lu_hostent_ptr	0xf	1	0	0	1
4428	0x506d4b0	_xdr__lu_group	0xf	1	0	0	1
4429	0x506d530	_xdr__lu_group_ptr	0xf	1	0	0	1
4430	0x506d690	_xdr__lu_mntent	0xf	1	0	0	1
4431	0x506d3f0	_xdr__lu_bootp_ent_ptr	0xf	1	0	0	1
4432	0x506d570	_xdr__lu_hostent	0xf	1	0	0	1
4433	0x506d470	_xdr__lu_bootparams_ent_ptr	0xf	1	0	0	1
4434	0x506d750	_xdr__lu_netent	0xf	1	0	0	1
4435	0x506d7a0	_xdr__lu_netent_ptr	0xf	1	0	0	1
4436	0x506d9f0	_xdr__lu_protoent	0xf	1	0	0	1
4437	0x5007ee0	_xdr__lu_string	0xf	1	0	0	1
4438	0x506d610	_xdr__lu_innetgr_args	0xf	1	0	0	1
4439	0x506d7e0	_xdr__lu_netgrent	0xf	1	0	0	1
4440	0x506d350	_xdr__lu_aliasent_ptr	0xf	1	0	0	1
4441	0x506d2e0	_xdr__lu_aliasent	0xf	1	0	0	1
4442	0x506d9b0	_xdr__lu_prdb_property	0xf	1	0	0	1
4443	0x506db70	_xdr__lu_servent_ptr	0xf	1	0	0	1
4444	0x506d710	_xdr__lu_mntent_ptr	0xf	1	0	0	1
4445	0x506da80	_xdr__lu_rpcent	0xf	1	0	0	1
4446	0x506da40	_xdr__lu_protoent_ptr	0xf	1	0	0	1
4447	0x506dad0	_xdr__lu_rpcent_ptr	0xf	1	0	0	1
4448	0x506d390	_xdr__lu_bootp_ent	0xf	1	0	0	1
4449	0x506d430	_xdr__lu_bootparams_ent	0xf	1	0	0	1
4450	0x506db10	_xdr__lu_servent	0xf	1	0	0	1
4451	0x506d830	_xdr__lu_passwd	0xf	1	0	0	1
4452	0x506d8c0	_xdr__lu_passwd_ptr	0xf	1	0	0	1
4453	0x506d970	_xdr__lu_prdb_ent_ptr	0xf	1	0	0	1
4454	0x506d900	_xdr__lu_prdb_ent	0xf	1	0	0	1
4455	0x506e068	__lookup_ooall	0xf	1	0	0	1
4456	0x506de6c	__lookup_one	0xf	1	0	0	1
4457	0x506dba4	__lookup_link	0xf	1	0	0	1
4458	0x506dcd0	__lookup_all	0xf	1	0	0	1
4459	0x506e180	_authnone_create	0xf	1	0	0	1
4460	0x506e44c	_authunix_create_default	0xf	1	0	0	1
4461	0x506e294	_authunix_create	0xf	1	0	0	1
4462	0x506e788	_xdr_authunix_parms	0xf	1	0	0	1
4463	0x506e810	_bindresvport	0xf	1	0	0	1
4464	0x506e8f4	_clnt_create	0xf	1	0	0	1
4465	0x506ed88	_clnt_spcreateerror	0xf	1	0	0	1
4466	0x506ea8c	_clnt_sperror	0xf	1	0	0	1
4467	0x506eca8	_clnt_perror	0xf	1	0	0	1
4468	0x506ece0	_clnt_syslog	0xf	1	0	0	1
4469	0x506ed10	_clnt_sperrno	0xf	1	0	0	1
4470	0x506ed54	_clnt_perrno	0xf	1	0	0	1
4471	0x506ee9c	_clnt_pcreateerror	0xf	1	0	0	1
4472	0x506ef0c	_clntraw_create	0xf	1	0	0	1
4473	0x506f1f0	_callrpc	0xf	1	0	0	1
4474	0x506f39c	_clnttcp_create	0xf	1	0	0	1
4475	0x506fd40	_clntudp_create	0xf	1	0	0	1
4476	0x506fac0	_clntudp_bufcreate	0xf	1	0	0	1
4477	0x50703c4	__rpc_dtablesize	0xf	1	0	0	1
4478	0x50703f0	_get_myaddress	0xf	1	0	0	1
4479	0x50706d0	__old_setrpcent	0xf	1	0	0	1
4480	0x507058c	__old_getrpcbynumber	0xf	1	0	0	1
4481	0x5070790	__old_getrpcent	0xf	1	0	0	1
4482	0x5070740	__old_endrpcent	0xf	1	0	0	1
4483	0x5070664	__old_getrpcbyname	0xf	1	0	0	1
4484	0x5070b74	_key_gendes	0xf	1	0	0	1
4485	0x5070b0c	_key_decryptsession	0xf	1	0	0	1
4486	0x5070aa4	_key_encryptsession	0xf	1	0	0	1
4487	0x5070a54	_key_setsecret	0xf	1	0	0	1
4488	0x5070e44	_xdr_unixcred	0xf	1	0	0	1
4489	0x5070dc8	_xdr_cryptkeyarg	0xf	1	0	0	1
4490	0x5070d9c	_xdr_netnamestr	0xf	1	0	0	1
4491	0x5070d74	_xdr_keybuf	0xf	1	0	0	1
4492	0x5070d4c	_xdr_keystatus	0xf	1	0	0	1
4493	0x5070e04	_xdr_cryptkeyres	0xf	1	0	0	1
4494	0x5070ea8	_xdr_getcredres	0xf	1	0	0	1
4495	0x5071074	_multi_call	0xf	1	0	0	1
4496	0x50717f4	_host2netname	0xf	1	0	0	1
4497	0x5071598	_netname2user	0xf	1	0	0	1
4498	0x5071750	_getnetname	0xf	1	0	0	1
4499	0x5071698	_netname2host	0xf	1	0	0	1
4500	0x5071780	_user2netname	0xf	1	0	0	1
4501	0x5071940	__openchild	0xf	1	0	0	1
4502	0x5071af4	_pmap_set	0xf	1	0	0	1
4503	0x5071be4	_pmap_unset	0xf	1	0	0	1
4504	0x5071ca8	_pmap_getmaps	0xf	1	0	0	1
4505	0x5071d84	_pmap_getport	0xf	1	0	0	1
4506	0x5071e98	_xdr_pmap	0xf	1	0	0	1
4507	0x5071eec	_xdr_pmaplist	0xf	1	0	0	1
4508	0x5072138	_xdr_rmtcallres	0xf	1	0	0	1
4509	0x5071f84	_pmap_rmtcall	0xf	1	0	0	1
4510	0x5072068	_xdr_rmtcall_args	0xf	1	0	0	1
4511	0x50722c4	_clnt_broadcast_exp	0xf	1	0	0	1
4512	0x5072834	_clnt_broadcast	0xf	1	0	0	1
4513	0x50728a0	_xdr_des_block	0xf	1	0	0	1
4514	0x5072930	_xdr_rejected_reply	0xf	1	0	0	1
4515	0x5072b2c	__seterr_reply	0xf	1	0	0	1
4516	0x5072990	_xdr_replymsg	0xf	1	0	0	1
4517	0x50729ec	_xdr_callhdr	0xf	1	0	0	1
4518	0x50728b8	_xdr_accepted_reply	0xf	1	0	0	1
4519	0x5072864	_xdr_opaque_auth	0xf	1	0	0	1
4520	0x50c2170	__rpc_comdata_padding	0xf	7	0	0	1
4521	0x50c2134	__null_auth	0xf	7	0	0	1
4522	0x50c2140	_svc_fdset	0xf	7	0	0	1
4523	0x50c2160	_rpc_createerr	0xf	7	0	0	1
4524	0x5072bc0	_xdr_callmsg	0xf	1	0	0	1
4525	0x5073370	_svc_getreq	0xf	1	0	0	1
4526	0x5073158	_svc_sendreply	0xf	1	0	0	1
4527	0x5073284	_svcerr_auth	0xf	1	0	0	1
4528	0x50731f4	_svcerr_decode	0xf	1	0	0	1
4529	0x50730b8	_svc_unregister	0xf	1	0	0	1
4530	0x50731ac	_svcerr_noproc	0xf	1	0	0	1
4531	0x50732d4	_svcerr_noprog	0xf	1	0	0	1
4532	0x507302c	_svc_register	0xf	1	0	0	1
4533	0x507339c	_svc_getreqset	0xf	1	0	0	1
4534	0x5072fd0	_xprt_unregister	0xf	1	0	0	1
4535	0x5072f5c	_xprt_register	0xf	1	0	0	1
4536	0x50732c0	_svcerr_weakauth	0xf	1	0	0	1
4537	0x507323c	_svcerr_systemerr	0xf	1	0	0	1
4538	0x507331c	_svcerr_progvers	0xf	1	0	0	1
4539	0x5073614	__svcauth_null	0xf	1	0	0	1
4540	0x50735b0	__authenticate	0xf	1	0	0	1
4541	0x50737ac	__svcauth_short	0xf	1	0	0	1
4542	0x5073620	__svcauth_unix	0xf	1	0	0	1
4543	0x50737b8	_svcraw_create	0xf	1	0	0	1
4544	0x5073970	_svc_run	0xf	1	0	0	1
4545	0x50739f4	_registerrpc	0xf	1	0	0	1
4546	0x5073e24	_svcfd_create	0xf	1	0	0	1
4547	0x5073c74	_svctcp_create	0xf	1	0	0	1
4548	0x50743f4	_svcudp_create	0xf	1	0	0	1
4549	0x5074614	_svcudp_enablecache	0xf	1	0	0	1
4550	0x5074204	_svcudp_bufcreate	0xf	1	0	0	1
4551	0x5074f64	_authdes_getucred	0xf	1	0	0	1
4552	0x5074950	__svcauth_des	0xf	1	0	0	1
4553	0x5075500	_xdr_union	0xf	1	0	0	1
4554	0x5075430	_xdr_bytes	0xf	1	0	0	1
4555	0x507537c	_xdr_opaque	0xf	1	0	0	1
4556	0x50750fc	_xdr_int	0xf	1	0	0	1
4557	0x50750d0	_xdr_free	0xf	1	0	0	1
4558	0x5075218	_xdr_u_short	0xf	1	0	0	1
4559	0x50752f4	_xdr_bool	0xf	1	0	0	1
4560	0x507516c	_xdr_u_long	0xf	1	0	0	1
4561	0x5075640	_xdr_wrapstring	0xf	1	0	0	1
4562	0x50752b8	_xdr_u_char	0xf	1	0	0	1
4563	0x50751b4	_xdr_short	0xf	1	0	0	1
4564	0x50754e0	_xdr_netobj	0xf	1	0	0	1
4565	0x5075124	_xdr_long	0xf	1	0	0	1
4566	0x5075568	_xdr_string	0xf	1	0	0	1
4567	0x5075368	_xdr_enum	0xf	1	0	0	1
4568	0x507527c	_xdr_char	0xf	1	0	0	1
4569	0x50750f0	_xdr_void	0xf	1	0	0	1
4570	0x5075110	_xdr_u_int	0xf	1	0	0	1
4571	0x5075668	_xdr_array	0xf	1	0	0	1
4572	0x5075754	_xdr_vector	0xf	1	0	0	1
4573	0x50757e8	_xdr_double	0xf	1	0	0	1
4574	0x5075798	_xdr_float	0xf	1	0	0	1
4575	0x507586c	_xdrmem_create	0xf	1	0	0	1
4576	0x50759ec	_xdrrec_create	0xf	1	0	0	1
4577	0x5075dcc	_xdrrec_skiprecord	0xf	1	0	0	1
4578	0x5075e84	_xdrrec_endofrecord	0xf	1	0	0	1
4579	0x5075e28	_xdrrec_eof	0xf	1	0	0	1
4580	0x50760a8	_xdr_reference	0xf	1	0	0	1
4581	0x507613c	_xdr_pointer	0xf	1	0	0	1
4582	0x507619c	_xdrstdio_create	0xf	1	0	0	1
4583	0x5076300	_bsd_sprintf	0xf	1	0	0	1
4584	0x5076364	_bsd_vsprintf	0xf	1	0	0	1
4585	0x50763c8	_clearerr	0xf	1	0	0	1
4586	0x50763d8	__doscan	0xf	1	0	0	1
4587	0x5076f9c	_exit	0xf	1	0	0	1
4588	0x5076fb4	_fdopen	0xf	1	0	0	1
4589	0x5003630	_fgetc	0xf	1	0	0	1
4590	0x50077d0	_fgets	0xf	1	0	0	1
4591	0x5077060	__filbuf	0xf	1	0	0	1
4592	0x50772c8	__f_prealloc	0xf	1	0	0	1
4593	0x50773a0	__cleanup	0xf	1	0	0	1
4594	0x507731c	__fwalk	0xf	1	0	0	1
4595	0x5077254	__f_morefiles	0xf	1	0	0	1
4596	0x50771a8	__findiop	0xf	1	0	0	1
4597	0x50773bc	__flsbuf	0xf	1	0	0	1
4598	0x507754c	_fflush	0xf	1	0	0	1
4599	0x50775ac	_fclose	0xf	1	0	0	1
4600	0x5077630	_fopen	0xf	1	0	0	1
4601	0x507772c	_fprintf	0xf	1	0	0	1
4602	0x50777a4	_fputc	0xf	1	0	0	1
4603	0x507780c	_fputs	0xf	1	0	0	1
4604	0x50778e0	_fread	0xf	1	0	0	1
4605	0x5077968	_freopen	0xf	1	0	0	1
4606	0x5077a5c	_fseek	0xf	1	0	0	1
4607	0x5077ba4	_ftell	0xf	1	0	0	1
4608	0x5077c0c	_fwrite	0xf	1	0	0	1
4609	0x5077cec	_getchar	0xf	1	0	0	1
4610	0x5077d24	_gets	0xf	1	0	0	1
4611	0x5077d88	_getw	0xf	1	0	0	1
4612	0x50c243c	__iob	0xf	7	0	0	1
4613	0x5077de4	_printf	0xf	1	0	0	1
4614	0x5077e28	_putchar	0xf	1	0	0	1
4615	0x5077ef0	_puts	0xf	1	0	0	1
4616	0x5078094	_putw	0xf	1	0	0	1
4617	0x5078114	_rewind	0xf	1	0	0	1
4618	0x5078150	_scanf	0xf	1	0	0	1
4619	0x507818c	_sscanf	0xf	1	0	0	1
4620	0x5078174	_fscanf	0xf	1	0	0	1
4621	0x50781d8	_setbuf	0xf	1	0	0	1
4622	0x507822c	_setbuffer	0xf	1	0	0	1
4623	0x5078280	_setlinebuf	0xf	1	0	0	1
4624	0x50782c0	_sprintf	0xf	1	0	0	1
4625	0x5078328	__strout	0xf	1	0	0	1
4626	0x50784b8	_ungetc	0xf	1	0	0	1
4627	0x5078570	_vfprintf	0xf	1	0	0	1
4628	0x50785e8	_vprintf	0xf	1	0	0	1
4629	0x507862c	_vsprintf	0xf	1	0	0	1
4630	0x5078694	__gcvt	0xf	1	0	0	1
4631	0x50786c4	__doprnt	0xf	1	0	0	1
4632	0x50796bc	__gfmt	0xf	1	0	0	1
4633	0x507996c	__execv	0xf	1	0	0	1
4634	0x50c25d0	_errno	0xf	7	0	0	1
4635	0x50799b4	__gettimeofday	0xf	1	0	0	1
4636	0x50c25e0	__sigcatch	0xf	7	0	0	1
4637	0x5079b30	__sigvec	0xf	1	0	0	1
4638	0x5079b4c	__sigvec_nobind	0xf	1	0	0	1
4639	0x5079b68	_accept	0xf	1	0	0	1
4640	0x5006cb0	__access	0xf	1	0	0	1
4641	0x5079b88	_acct	0xf	1	0	0	1
4642	0x5079ba8	_add_profil	0xf	1	0	0	1
4643	0x5079bc8	_adjtime	0xf	1	0	0	1
4644	0x5079be8	_async_daemon	0xf	1	0	0	1
4645	0x5079c08	_bind	0xf	1	0	0	1
4646	0x5079c25	cerror	0xf	1	0	0	1
4647	0x5079c4c	_chdir	0xf	1	0	0	1
4648	0x5079c6c	_chmod	0xf	1	0	0	1
4649	0x5079c8c	_chown	0xf	1	0	0	1
4650	0x5079cac	_chroot	0xf	1	0	0	1
4651	0x5006e10	__close	0xf	1	0	0	1
4652	0x5079ccc	_connect	0xf	1	0	0	1
4653	0x5079cec	_creat	0xf	1	0	0	1
4654	0x5079d0c	_dup	0xf	1	0	0	1
4655	0x5079d2c	_dup2	0xf	1	0	0	1
4656	0x5079d4c	__execl	0xf	1	0	0	1
4657	0x5079d68	_execle	0xf	1	0	0	1
4658	0x5079d94	__execve	0xf	1	0	0	1
4659	0x5079db4	_exportfs	0xf	1	0	0	1
4660	0x5079dd4	_fchmod	0xf	1	0	0	1
4661	0x5079df4	_fchown	0xf	1	0	0	1
4662	0x50077b0	_fcntl	0xf	1	0	0	1
4663	0x5079e14	_flock	0xf	1	0	0	1
4664	0x5079f3e	__vfork	0xf	1	0	0	1
4665	0x5079e34	__fork	0xf	1	0	0	1
4666	0x5079f44	__fstat	0xf	1	0	0	1
4667	0x5079f64	_fstatfs	0xf	1	0	0	1
4668	0x5079f84	_fsync	0xf	1	0	0	1
4669	0x5079fa4	_ftruncate	0xf	1	0	0	1
4670	0x5079fc4	_getdents	0xf	1	0	0	1
4671	0x5079fe4	_getdirentries	0xf	1	0	0	1
4672	0x507a004	_getdomainname	0xf	1	0	0	1
4673	0x507a024	__getdtablesize	0xf	1	0	0	1
4674	0x507a044	_getegid	0xf	1	0	0	1
4675	0x5007940	_geteuid	0xf	1	0	0	1
4676	0x507a064	_getfh	0xf	1	0	0	1
4677	0x507a084	_getgid	0xf	1	0	0	1
4678	0x507a0a4	_getgroups	0xf	1	0	0	1
4679	0x507a0c4	_gethostid	0xf	1	0	0	1
4680	0x507a0e4	_gethostname	0xf	1	0	0	1
4681	0x507a104	_getitimer	0xf	1	0	0	1
4682	0x507a124	_getpagesize	0xf	1	0	0	1
4683	0x507a144	_getpeername	0xf	1	0	0	1
4684	0x507a164	_getpgrp	0xf	1	0	0	1
4685	0x507a184	__getpid	0xf	1	0	0	1
4686	0x507a1a4	_getppid	0xf	1	0	0	1
4687	0x507a1c4	_getpriority	0xf	1	0	0	1
4688	0x507a1e4	__getrlimit	0xf	1	0	0	1
4689	0x507a204	__getrusage	0xf	1	0	0	1
4690	0x507a224	_getsockname	0xf	1	0	0	1
4691	0x507a244	_getsockopt	0xf	1	0	0	1
4692	0x507a264	_getuid	0xf	1	0	0	1
4693	0x507a284	__ioctl	0xf	1	0	0	1
4694	0x507a2a4	__kill	0xf	1	0	0	1
4695	0x507a2c4	_killpg	0xf	1	0	0	1
4696	0x507a2e4	_link	0xf	1	0	0	1
4697	0x507a304	_listen	0xf	1	0	0	1
4698	0x507a324	__lseek	0xf	1	0	0	1
4699	0x507a344	_lstat	0xf	1	0	0	1
4700	0x507a364	_mkdir	0xf	1	0	0	1
4701	0x507a384	_mknod	0xf	1	0	0	1
4702	0x507a3a4	_mmap	0xf	1	0	0	1
4703	0x507a3c4	_mount	0xf	1	0	0	1
4704	0x507a3e4	_nfssvc	0xf	1	0	0	1
4705	0x5005560	__open	0xf	1	0	0	1
4706	0x507a404	_pipe	0xf	1	0	0	1
4707	0x507a42c	_profil	0xf	1	0	0	1
4708	0x507a44c	_ptrace	0xf	1	0	0	1
4709	0x507a47c	_quota	0xf	1	0	0	1
4710	0x507a49c	_quotactl	0xf	1	0	0	1
4711	0x507a4bc	__read	0xf	1	0	0	1
4712	0x507a4dc	_readlink	0xf	1	0	0	1
4713	0x507a4fc	_readv	0xf	1	0	0	1
4714	0x507a51c	_reboot	0xf	1	0	0	1
4715	0x507a53c	_recv	0xf	1	0	0	1
4716	0x507a55c	_recvfrom	0xf	1	0	0	1
4717	0x507a57c	_recvmsg	0xf	1	0	0	1
4718	0x507a59c	_rename	0xf	1	0	0	1
4719	0x507a5bc	_rmdir	0xf	1	0	0	1
4720	0x507a5dc	_rpause	0xf	1	0	0	1
4721	0x507a5fc	_select	0xf	1	0	0	1
4722	0x507a61c	_send	0xf	1	0	0	1
4723	0x507a63c	_sendmsg	0xf	1	0	0	1
4724	0x507a65c	_sendto	0xf	1	0	0	1
4725	0x507a67c	_setdomainname	0xf	1	0	0	1
4726	0x507a69c	_setgroups	0xf	1	0	0	1
4727	0x507a6bc	_sethostid	0xf	1	0	0	1
4728	0x507a6dc	_sethostname	0xf	1	0	0	1
4729	0x507a6fc	_setitimer	0xf	1	0	0	1
4730	0x507a71c	_setpgrp	0xf	1	0	0	1
4731	0x507a73c	_setpriority	0xf	1	0	0	1
4732	0x507a75c	_setprivexec	0xf	1	0	0	1
4733	0x507a77c	_setquota	0xf	1	0	0	1
4734	0x507a79c	_setregid	0xf	1	0	0	1
4735	0x507a7bc	_setreuid	0xf	1	0	0	1
4736	0x507a7dc	_setrlimit	0xf	1	0	0	1
4737	0x507a7fc	_setsockopt	0xf	1	0	0	1
4738	0x507a81c	_settimeofday	0xf	1	0	0	1
4739	0x507a83c	_shutdown	0xf	1	0	0	1
4740	0x507a85c	__sigblock	0xf	1	0	0	1
4741	0x507a87c	_sigpause	0xf	1	0	0	1
4742	0x507a89c	__sigreturn	0xf	1	0	0	1
4743	0x507a8bc	__sigsetmask	0xf	1	0	0	1
4744	0x507a8dc	__sigstack	0xf	1	0	0	1
4745	0x507a8fc	__sigtramp	0xf	1	0	0	1
4746	0x5007e50	_socket	0xf	1	0	0	1
4747	0x507a94c	_socketpair	0xf	1	0	0	1
4748	0x507a96c	_stat	0xf	1	0	0	1
4749	0x507a98c	_statfs	0xf	1	0	0	1
4750	0x507a9ac	_swapon	0xf	1	0	0	1
4751	0x507a9cc	_symlink	0xf	1	0	0	1
4752	0x507a9ec	_sync	0xf	1	0	0	1
4753	0x50071e0	__syscall	0xf	1	0	0	1
4754	0x507aa0c	_table	0xf	1	0	0	1
4755	0x507aa2c	_truncate	0xf	1	0	0	1
4756	0x507aa4c	_umask	0xf	1	0	0	1
4757	0x507aa6c	_unlink	0xf	1	0	0	1
4758	0x507aa8c	_unmount	0xf	1	0	0	1
4759	0x507aaac	_ustat	0xf	1	0	0	1
4760	0x507aacc	_utimes	0xf	1	0	0	1
4761	0x507aaec	_vhangup	0xf	1	0	0	1
4762	0x507ab0c	__wait	0xf	1	0	0	1
4763	0x507ab34	_wait3	0xf	1	0	0	1
4764	0x507ab5c	_wait4	0xf	1	0	0	1
4765	0x507ab7c	__write	0xf	1	0	0	1
4766	0x507ab9c	__writev	0xf	1	0	0	1
4767	0x507abbc	__exit	0xf	1	0	0	1
4768	0x507abe0	__cproc_fork_child	0xf	1	0	0	1
4769	0x507b040	__cproc_create	0xf	1	0	0	1
4770	0x507b140	__cthread_yield	0xf	1	0	0	1
4771	0x507b110	__cthread_errno	0xf	1	0	0	1
4772	0x507b0d0	__cproc_init	0xf	1	0	0	1
4773	0x5006f10	__cthread_set_errno_self	0xf	1	0	0	1
4774	0x507ada0	__condition_wait	0xf	1	0	0	1
4775	0x507ad60	__cond_signal	0xf	1	0	0	1
4776	0x507acf0	__cond_broadcast	0xf	1	0	0	1
4777	0x507b6a4	__cthread_count	0xf	1	0	0	1
4778	0x507b1c4	__set_cthread_free_callout	0xf	1	0	0	1
4779	0x507b22c	__cthread_init	0xf	1	0	0	1
4780	0x507b554	__cthread_join	0xf	1	0	0	1
4781	0x507b2a0	__cthread_body	0xf	1	0	0	1
4782	0x507b678	__cthread_limit	0xf	1	0	0	1
4783	0x507b638	__cthread_set_name	0xf	1	0	0	1
4784	0x507b648	__cthread_name	0xf	1	0	0	1
4785	0x507b68c	__cthread_set_limit	0xf	1	0	0	1
4786	0x507b730	__cthread_fork_child	0xf	1	0	0	1
4787	0x507b704	__cthread_fork_parent	0xf	1	0	0	1
4788	0x507b6b8	__cthread_fork_prepare	0xf	1	0	0	1
4789	0x507b448	__cthread_fork	0xf	1	0	0	1
4790	0x507b508	__cthread_detach	0xf	1	0	0	1
4791	0x507b5b0	__cthread_exit	0xf	1	0	0	1
4792	0x507b860	__mutex_wait_lock	0xf	1	0	0	1
4793	0x507b988	__mig_dealloc_reply_port	0xf	1	0	0	1
4794	0x507b8e4	__mig_get_reply_port	0xf	1	0	0	1
4795	0x507b8c4	__mig_fork_child	0xf	1	0	0	1
4796	0x507b8dc	__mig_init	0xf	1	0	0	1
4797	0x507ba54	_cthread_abort	0xf	1	0	0	1
4798	0x507ba1c	_cthread_priority	0xf	1	0	0	1
4799	0x507ba38	_cthread_max_priority	0xf	1	0	0	1
4800	0x507bb84	__alloc_stack	0xf	1	0	0	1
4801	0x507bce8	__dealloc_stack	0xf	1	0	0	1
4802	0x507bad0	__stack_init	0xf	1	0	0	1
4803	0x507bd50	__stack_fork_child	0xf	1	0	0	1
4804	0x50c27cc	__threads_data_padding	0xf	7	0	0	1
4805	0x50c27b8	__condition_spin_limit	0xf	7	0	0	1
4806	0x50c27a4	__mutex_spin_limit	0xf	7	0	0	1
4807	0x50c27bc	__condition_yield_limit	0xf	7	0	0	1
4808	0x50c27c4	__cthread_stack_base	0xf	7	0	0	1
4809	0x50c27a8	__cthread_stack_mask	0xf	7	0	0	1
4810	0x50c27c0	__initial_stack_boundary	0xf	7	0	0	1
4811	0x50c27ac	__cthread_exit_routine	0xf	7	0	0	1
4812	0x50c279c	__msg_send_timeout	0xf	7	0	0	1
4813	0x50c27a0	__msg_receive_timeout	0xf	7	0	0	1
4814	0x50c27c8	__malloc_lock	0xf	7	0	0	1
4815	0x50c27b4	__cproc_default_stack_size	0xf	7	0	0	1
4816	0x50c27b0	__cthread_init_routine	0xf	7	0	0	1
4817	0x5007200	__ur_cthread_self	0xf	1	0	0	1
4818	0x507bd80	__cproc_setup	0xf	1	0	0	1
4819	0x507be30	__cthread_set_self	0xf	1	0	0	1
4820	0x507be50	__cthread_sp	0xf	1	0	0	1
4821	0x507be80	__spin_unlock	0xf	1	0	0	1
4822	0x5007020	__mutex_unlock_try	0xf	1	0	0	1
4823	0x507be60	__spin_lock	0xf	1	0	0	1
4824	0x50031e0	__mutex_try_lock	0xf	1	0	0	1
4825	0x507be8c	_yperr_string	0xf	1	0	0	1
4826	0x507c0c0	_xdr_ypresp_maplist	0xf	1	0	0	1
4827	0x507c0fc	_xdr_yppushresp_xfr	0xf	1	0	0	1
4828	0x507c138	_xdr_ypreq_xfr	0xf	1	0	0	1
4829	0x507bfcc	_xdr_ypresp_order	0xf	1	0	0	1
4830	0x507c198	_xdr_ypall	0xf	1	0	0	1
4831	0x507bf90	_xdr_ypresp_master	0xf	1	0	0	1
4832	0x507c008	_xdr_ypmaplist_wrap_string	0xf	1	0	0	1
4833	0x507c028	_xdr_ypmaplist	0xf	1	0	0	1
4834	0x507c23c	_xdr_ypbind_setdom	0xf	1	0	0	1
4835	0x507c294	_ypprot_err	0xf	1	0	0	1
4836	0x507c368	__xdr_ypresponse	0xf	1	0	0	1
4837	0x507c390	__xdr_ypbind_oldsetdom	0xf	1	0	0	1
4838	0x507c340	__xdr_yprequest	0xf	1	0	0	1
4839	0x507c470	_xdr_ypreq_nokey	0xf	1	0	0	1
4840	0x507c4ac	_xdr_ypresp_val	0xf	1	0	0	1
4841	0x507c424	_xdr_ypreq_key	0xf	1	0	0	1
4842	0x507c534	_xdr_yp_inaddr	0xf	1	0	0	1
4843	0x507c4e8	_xdr_ypresp_key_val	0xf	1	0	0	1
4844	0x507c5b4	_xdr_ypowner_wrap_string	0xf	1	0	0	1
4845	0x507c5d0	_xdr_ypmap_parms	0xf	1	0	0	1
4846	0x507c58c	_xdr_ypbind_resp	0xf	1	0	0	1
4847	0x507c54c	_xdr_yp_binding	0xf	1	0	0	1
4848	0x507c3f4	_xdr_ypdomain_wrap_string	0xf	1	0	0	1
4849	0x507c3d4	_xdr_datum	0xf	1	0	0	1
4850	0x507c40c	_xdr_ypmap_wrap_string	0xf	1	0	0	1
4851	0x507c630	_yp_all	0xf	1	0	0	1
4852	0x507cc0c	_yp_get_default_domain	0xf	1	0	0	1
4853	0x507cacc	_yp_unbind	0xf	1	0	0	1
4854	0x507c7c8	__yp_dobind	0xf	1	0	0	1
4855	0x507d480	_usingypmap	0xf	1	0	0	1
4856	0x507cab4	_yp_bind	0xf	1	0	0	1
4857	0x50c295c	__yp_data_padding	0xf	7	0	0	1
4858	0x50c2950	__ypsleeptime	0xf	7	0	0	1
4859	0x50c2954	__ypserv_timeout	0xf	7	0	0	1
4860	0x507d81c	_v1prot_dofirst	0xf	1	0	0	1
4861	0x507dca8	_v1prot_donext	0xf	1	0	0	1
4862	0x507d9a8	_yp_next	0xf	1	0	0	1
4863	0x507d548	_yp_first	0xf	1	0	0	1
4864	0x507def0	_yp_master	0xf	1	0	0	1
4865	0x507e38c	_yp_match	0xf	1	0	0	1
4866	0x507e8ac	_yp_order	0xf	1	0	0	1
4867	0x507eb5c	__gcc_bcmp	0xf	1	0	0	1
4868	0x507eb98	__adddf3	0xf	1	0	0	1
4869	0x507eba8	__addsf3	0xf	1	0	0	1
4870	0x507ebb8	__ashldi3	0xf	1	0	0	1
4871	0x507ec10	__ashlsi3	0xf	1	0	0	1
4872	0x507ec20	__ashrdi3	0xf	1	0	0	1
4873	0x507ec78	__ashrsi3	0xf	1	0	0	1
4874	0x507ecbc	___bb_exit_func	0xf	1	0	0	1
4875	0x507efd0	___bb_init_func	0xf	1	0	0	1
4876	0x507f018	___clear_cache	0xf	1	0	0	1
4877	0x507f020	__cmpdi2	0xf	1	0	0	1
4878	0x507f05c	__divdf3	0xf	1	0	0	1
4879	0x507f06c	__divdi3	0xf	1	0	0	1
4880	0x507f11c	__divsf3	0xf	1	0	0	1
4881	0x507f12c	__divsi3	0xf	1	0	0	1
4882	0x507f13c	___eprintf	0xf	1	0	0	1
4883	0x507f180	__eqdf2	0xf	1	0	0	1
4884	0x507f1a0	__eqsf2	0xf	1	0	0	1
4885	0x507f1c0	__extendsfdf2	0xf	1	0	0	1
4886	0x507f1cc	__ffsdi2	0xf	1	0	0	1
4887	0x507f20c	__fixdfdi	0xf	1	0	0	1
4888	0x507f250	__fixdfsi	0xf	1	0	0	1
4889	0x507f278	__fixsfdi	0xf	1	0	0	1
4890	0x507f2bc	__fixsfsi	0xf	1	0	0	1
4891	0x507f2e4	__fixunsdfdi	0xf	1	0	0	1
4892	0x507f410	__fixunsdfsi	0xf	1	0	0	1
4893	0x507f490	__fixunssfdi	0xf	1	0	0	1
4894	0x507f5bc	__fixunssfsi	0xf	1	0	0	1
4895	0x507f63c	__fixunsxfdi	0xf	1	0	0	1
4896	0x507f758	__fixunsxfsi	0xf	1	0	0	1
4897	0x507f7d8	__fixxfdi	0xf	1	0	0	1
4898	0x507f81c	__floatdidf	0xf	1	0	0	1
4899	0x507f888	__floatdisf	0xf	1	0	0	1
4900	0x507f8fc	__floatdixf	0xf	1	0	0	1
4901	0x507f968	__floatsidf	0xf	1	0	0	1
4902	0x507f974	__floatsisf	0xf	1	0	0	1
4903	0x507f980	__gedf2	0xf	1	0	0	1
4904	0x507f9a4	__gesf2	0xf	1	0	0	1
4905	0x507f9c4	__gtdf2	0xf	1	0	0	1
4906	0x507f9e4	__gtsf2	0xf	1	0	0	1
4907	0x507fa00	__ledf2	0xf	1	0	0	1
4908	0x507fa20	__lesf2	0xf	1	0	0	1
4909	0x507fa44	__lshldi3	0xf	1	0	0	1
4910	0x507fa9c	__lshlsi3	0xf	1	0	0	1
4911	0x507faac	__lshrdi3	0xf	1	0	0	1
4912	0x507fb04	__lshrsi3	0xf	1	0	0	1
4913	0x507fb14	__ltdf2	0xf	1	0	0	1
4914	0x507fb34	__ltsf2	0xf	1	0	0	1
4915	0x507fb58	__moddi3	0xf	1	0	0	1
4916	0x507fc14	__modsi3	0xf	1	0	0	1
4917	0x507fc24	__muldf3	0xf	1	0	0	1
4918	0x507fc34	__muldi3	0xf	1	0	0	1
4919	0x507fc80	__mulsf3	0xf	1	0	0	1
4920	0x507fc90	__mulsi3	0xf	1	0	0	1
4921	0x507fca0	__nedf2	0xf	1	0	0	1
4922	0x507fcc0	__negdf2	0xf	1	0	0	1
4923	0x507fccc	__negdi2	0xf	1	0	0	1
4924	0x507fcf8	__negsf2	0xf	1	0	0	1
4925	0x507fd04	__nesf2	0xf	1	0	0	1
4926	0x507fd38	___set_new_handler	0xf	1	0	0	1
4927	0x507fd24	___get_new_handler	0xf	1	0	0	1
4928	0x507fd60	_set_new_handler	0xf	1	0	0	1
4929	0x507fd90	___builtin_delete	0xf	1	0	0	1
4930	0x507fda4	___builtin_new	0xf	1	0	0	1
4931	0x50bf718	___shtab	0xf	4	0	0	1
4932	0x507fdd4	__subdf3	0xf	1	0	0	1
4933	0x507fde4	__subsf3	0xf	1	0	0	1
4934	0x507fdf4	___enable_execute_stack	0xf	1	0	0	1
4935	0x507fe08	__truncdfsf2	0xf	1	0	0	1
4936	0x507fe1c	__ucmpdi2	0xf	1	0	0	1
4937	0x507fe58	___udiv_w_sdiv	0xf	1	0	0	1
4938	0x507ff9c	__udivdi3	0xf	1	0	0	1
4939	0x507ffbc	__udivmoddi4	0xf	1	0	0	1
4940	0x5080174	__udivsi3	0xf	1	0	0	1
4941	0x5080184	__umoddi3	0xf	1	0	0	1
4942	0x50801b0	__umodsi3	0xf	1	0	0	1
4943	0x50801c4	___builtin_saveregs	0xf	1	0	0	1
4944	0x5080c40	_isEqualPrototype	0xf	1	0	0	1
4945	0x5080c80	_isEqualPtrStructKey	0xf	1	0	0	1
4946	0x50803f0	_NXCopyStringBuffer	0xf	1	0	0	1
4947	0x50068d0	_NXUniqueString	0xf	1	0	0	1
4948	0x5080ca0	_isEqualStrStructKey	0xf	1	0	0	1
4949	0x5080c20	_hashStrStructKey	0xf	1	0	0	1
4950	0x50809a0	_NXReallyFree	0xf	1	0	0	1
4951	0x5080c00	_hashPtrStructKey	0xf	1	0	0	1
4952	0x50809b0	_NXResetHashTable	0xf	1	0	0	1
4953	0x5080460	_NXCreateHashTable	0xf	1	0	0	1
4954	0x5006690	_NXHashInsertIfAbsent	0xf	1	0	0	1
4955	0x50805c0	_NXEmptyHashTable	0xf	1	0	0	1
4956	0x50804a0	_NXCreateHashTableFromZone	0xf	1	0	0	1
4957	0x5003d70	_NXHashGet	0xf	1	0	0	1
4958	0x5004b40	_NXHashInsert	0xf	1	0	0	1
4959	0x50806c0	_NXHashRemove	0xf	1	0	0	1
4960	0x50805e0	_NXFreeHashTable	0xf	1	0	0	1
4961	0x5080450	_NXCountHashTable	0xf	1	0	0	1
4962	0x5080bb0	_hashPrototype	0xf	1	0	0	1
4963	0x5080360	_NXCopyHashTable	0xf	1	0	0	1
4964	0x50802e0	_NXCompareHashTables	0xf	1	0	0	1
4965	0x50808c0	_NXInitHashState	0xf	1	0	0	1
4966	0x50808e0	_NXIsEqualHashTable	0xf	1	0	0	1
4967	0x5080a30	_NXUniqueStringWithLength	0xf	1	0	0	1
4968	0x50809d0	_NXUniqueStringNoCopy	0xf	1	0	0	1
4969	0x50057a0	_NXStrIsEqual	0xf	1	0	0	1
4970	0x5080610	_NXHashMember	0xf	1	0	0	1
4971	0x5080410	_NXCopyStringBufferFromZone	0xf	1	0	0	1
4972	0x5003fd0	_NXStrHash	0xf	1	0	0	1
4973	0x5005340	_NXNextHashState	0xf	1	0	0	1
4974	0x5080960	_NXNoEffectFree	0xf	1	0	0	1
4975	0x5080970	_NXPtrHash	0xf	1	0	0	1
4976	0x5080980	_NXPtrIsEqual	0xf	1	0	0	1
4977	0x5080fa0	__mapObjectFree	0xf	1	0	0	1
4978	0x5080f90	__mapNoFree	0xf	1	0	0	1
4979	0x5081030	__mapStrIsEqual	0xf	1	0	0	1
4980	0x5006f30	__mapStrHash	0xf	1	0	0	1
4981	0x5080dc0	_NXInitMapState	0xf	1	0	0	1
4982	0x5080d60	_NXCreateMapTable	0xf	1	0	0	1
4983	0x5080fc0	__mapObjectHash	0xf	1	0	0	1
4984	0x5080f30	_NXResetMapTable	0xf	1	0	0	1
4985	0x5080ee0	_NXNextMapState	0xf	1	0	0	1
4986	0x5005550	__mapPtrHash	0xf	1	0	0	1
4987	0x5080ce0	_NXCompareMapTables	0xf	1	0	0	1
4988	0x50042d0	_NXMapRemove	0xf	1	0	0	1
4989	0x5081010	__mapPtrIsEqual	0xf	1	0	0	1
4990	0x50040b0	_NXMapInsert	0xf	1	0	0	1
4991	0x5002e10	_NXMapGet	0xf	1	0	0	1
4992	0x5080d90	_NXFreeMapTable	0xf	1	0	0	1
4993	0x5080fe0	__mapObjectIsEqual	0xf	1	0	0	1
4994	0x50064b0	_NXCreateMapTableFromZone	0xf	1	0	0	1
4995	0x5080dd0	_NXMapMember	0xf	1	0	0	1
4996	0x5080d50	_NXCountMapTable	0xf	1	0	0	1
4997	0x5082d60	_object_getClassName	0xf	1	0	0	1
4998	0x5082320	_class_createInstanceFromZone	0xf	1	0	0	1
4999	0x5082d90	_object_getIndexedIvars	0xf	1	0	0	1
5000	0x50c2a48	_messageLock	0xf	7	0	0	1
5001	0x5082af0	_instrumentObjcMessageSends	0xf	1	0	0	1
5002	0x5082ad0	_getOriginalClassForPosingClass	0xf	1	0	0	1
5003	0x5082cd0	_method_getSizeOfArguments	0xf	1	0	0	1
5004	0x50c44c0	_emptyCache	0xf	11	0	0	1
5005	0x5007d60	_objc_getOrigClass	0xf	1	0	0	1
5006	0x5082c70	_method_getNumberOfArguments	0xf	1	0	0	1
5007	0x5082b60	_method_getArgumentInfo	0xf	1	0	0	1
5008	0x50829b0	_do_not_remove_this_dummy_function	0xf	1	0	0	1
5009	0x5082970	_class_removeMethods	0xf	1	0	0	1
5010	0x5081e40	__class_printMethodCaches	0xf	1	0	0	1
5011	0x5082630	_class_poseAs	0xf	1	0	0	1
5012	0x50822d0	_class_addMethods	0xf	1	0	0	1
5013	0x5006cd0	__cache_create	0xf	1	0	0	1
5014	0x50829a0	_class_setVersion	0xf	1	0	0	1
5015	0x5004980	_class_respondsToMethod	0xf	1	0	0	1
5016	0x5006d40	__class_install_relationships	0xf	1	0	0	1
5017	0x50825f0	_class_nextMethodList	0xf	1	0	0	1
5018	0x5082580	_class_lookupMethodInMethodList	0xf	1	0	0	1
5019	0x5007700	_class_lookupMethod	0xf	1	0	0	1
5020	0x5082570	_class_getVersion	0xf	1	0	0	1
5021	0x50824d0	_class_getInstanceVariable	0xf	1	0	0	1
5022	0x5082410	_class_getInstanceMethod	0xf	1	0	0	1
5023	0x5082350	_class_getClassMethod	0xf	1	0	0	1
5024	0x5082300	_class_createInstance	0xf	1	0	0	1
5025	0x5002440	__class_lookupMethodAndLoadCache	0xf	1	0	0	1
5026	0x50822b0	_class_addClassMethods	0xf	1	0	0	1
5027	0x5081ed0	__class_removeProtocols	0xf	1	0	0	1
5028	0x5081f10	__dummy	0xf	1	0	0	1
5029	0x5082030	__internal_class_createInstance	0xf	1	0	0	1
5030	0x5081230	__class_printDuplicateCacheEntries	0xf	1	0	0	1
5031	0x5081390	__class_printMethodCacheStatistics	0xf	1	0	0	1
5032	0x5082260	_checkUniqueness	0xf	1	0	0	1
5033	0x5003660	__internal_class_createInstanceFromZone	0xf	1	0	0	1
5034	0x5082150	__objc_create_zone	0xf	1	0	0	1
5035	0x50821a0	__objc_flush_caches	0xf	1	0	0	1
5036	0x50821e0	__objc_getNonexistentClass	0xf	1	0	0	1
5037	0x50821c0	__objc_getFreedObjectClass	0xf	1	0	0	1
5038	0x5082dd8	__objc_error	0xf	1	0	0	1
5039	0x5082e40	__objc_inform	0xf	1	0	0	1
5040	0x5082e20	__objc_fatal	0xf	1	0	0	1
5041	0x5082da4	___objc_error	0xf	1	0	0	1
5042	0x5082ef4	__getObjcStrings	0xf	1	0	0	1
5043	0x5082ff0	__getObjcStringObjects	0xf	1	0	0	1
5044	0x5082fa4	__getObjcProtocols	0xf	1	0	0	1
5045	0x5082e8c	__getObjcModules	0xf	1	0	0	1
5046	0x5082f40	__getObjcMessageRefs	0xf	1	0	0	1
5047	0x5082e80	__getObjcHeaders	0xf	1	0	0	1
5048	0x5083120	__getObjcHeaderName	0xf	1	0	0	1
5049	0x50831b0	__getObjcHeaderFileType	0xf	1	0	0	1
5050	0x5083078	__getObjcHeaderData	0xf	1	0	0	1
5051	0x5082ec8	__getObjcFrozenTable	0xf	1	0	0	1
5052	0x508303c	__getObjcClassRefs	0xf	1	0	0	1
5053	0x5082f7c	__getObjcBackRefs	0xf	1	0	0	1
5054	0x50c2a90	__alloc	0xf	7	0	0	1
5055	0x50c2a8c	__poseAs	0xf	7	0	0	1
5056	0x50c2aa8	__error	0xf	7	0	0	1
5057	0x50c2a94	__copy	0xf	7	0	0	1
5058	0x50c2aa0	__cvtToId	0xf	7	0	0	1
5059	0x50c2aa4	__cvtToSel	0xf	7	0	0	1
5060	0x50c2aac	__zoneAlloc	0xf	7	0	0	1
5061	0x50c2a98	__realloc	0xf	7	0	0	1
5062	0x50c2ab0	__zoneCopy	0xf	7	0	0	1
5063	0x50c2a9c	__dealloc	0xf	7	0	0	1
5064	0x50c2ab4	__zoneRealloc	0xf	7	0	0	1
5065	0x50c457c	_NXObjectMapPrototype	0xf	11	0	0	1
5066	0x50c456c	_NXStrValueMapPrototype	0xf	11	0	0	1
5067	0x50c454c	_NXStrStructKeyPrototype	0xf	11	0	0	1
5068	0x50c455c	_NXPtrValueMapPrototype	0xf	11	0	0	1
5069	0x50c451c	_NXPtrPrototype	0xf	11	0	0	1
5070	0x50c452c	_NXStrPrototype	0xf	11	0	0	1
5071	0x50c453c	_NXPtrStructKeyPrototype	0xf	11	0	0	1
5072	0x50831c8	_get_base_method_list	0xf	1	0	0	1
5073	0x5083aec	_objc_loadModules	0xf	1	0	0	1
5074	0x5083c04	_objc_unloadModules	0xf	1	0	0	1
5075	0x5003710	__objc_bindModuleContainingList	0xf	1	0	0	1
5076	0x5084790	__objc_insertMethods	0xf	1	0	0	1
5077	0x5084db0	__objc_removeMethods	0xf	1	0	0	1
5078	0x5005fe0	_objc_getClass	0xf	1	0	0	1
5079	0x5085480	_objc_getClasses	0xf	1	0	0	1
5080	0x50c2ad8	_classLock	0xf	7	0	0	1
5081	0x50c2b0d	_rocketLaunchingDebug	0xf	7	0	0	1
5082	0x50845d0	__objc_headerCount	0xf	1	0	0	1
5083	0x50845f0	__objc_headerVector	0xf	1	0	0	1
5084	0x5083d10	__nameForHeader	0xf	1	0	0	1
5085	0x5005740	_objc_lookUpClass	0xf	1	0	0	1
5086	0x50854a0	_objc_getMetaClass	0xf	1	0	0	1
5087	0x5085410	_objc_dump_class_hash	0xf	1	0	0	1
5088	0x5085740	_objc_setClassHandler	0xf	1	0	0	1
5089	0x50c2ac0	__objc_multithread_mask	0xf	7	0	0	1
5090	0x50c2ac4	__objc_msgNil	0xf	7	0	0	1
5091	0x5084ad0	__objc_map_selectors_from_image	0xf	1	0	0	1
5092	0x5084740	__objc_init_class_hash	0xf	1	0	0	1
5093	0x5083d20	__objcInit	0xf	1	0	0	1
5094	0x5085390	_objc_addClass	0xf	1	0	0	1
5095	0x50c2ac8	_callbackFunction	0xf	7	0	0	1
5096	0x5085760	_objc_setMultithreaded	0xf	1	0	0	1
5097	0x5084df0	__objc_remove_category	0xf	1	0	0	1
5098	0x5084ce0	__objc_removeHeader	0xf	1	0	0	1
5099	0x5084c90	__objc_removeClass	0xf	1	0	0	1
5100	0x5084260	__objc_add_category	0xf	1	0	0	1
5101	0x50856a0	_objc_pendClassReference	0xf	1	0	0	1
5102	0x50855f0	_objc_pendClassInstallation	0xf	1	0	0	1
5103	0x5005c70	__objc_addHeader	0xf	1	0	0	1
5104	0x50854e0	_objc_getModules	0xf	1	0	0	1
5105	0x50020c0	__sel_registerName	0xf	1	0	0	1
5106	0x50861f0	_sel_registerName	0xf	1	0	0	1
5107	0x50858c0	__sel_init	0xf	1	0	0	1
5108	0x50859e0	__sel_printHashTable	0xf	1	0	0	1
5109	0x50858a0	__objc_dynamic_hash_count	0xf	1	0	0	1
5110	0x5085ad0	__sel_printStatistics	0xf	1	0	0	1
5111	0x5086120	_sel_getName	0xf	1	0	0	1
5112	0x5006150	_sel_getUid	0xf	1	0	0	1
5113	0x5085950	__sel_initsorted	0xf	1	0	0	1
5114	0x50c2b58	_checkSel	0xf	7	0	0	1
5115	0x5085fb0	__sel_unloadSelectors	0xf	1	0	0	1
5116	0x5086130	_sel_isMapped	0xf	1	0	0	1
5117	0x5086040	__strhash	0xf	1	0	0	1
5118	0x5086d90	__internal_object_reallocFromZone	0xf	1	0	0	1
5119	0x50045d0	__internal_object_dispose	0xf	1	0	0	1
5120	0x5086d60	__internal_object_realloc	0xf	1	0	0	1
5121	0x5086ce0	__internal_object_copy	0xf	1	0	0	1
5122	0x5086e40	_object_copy	0xf	1	0	0	1
5123	0x0	.objc_class_name_Object	0x3	0	0	0	1
5124	0x5086d10	__internal_object_copyFromZone	0xf	1	0	0	1
5125	0x5086e90	_object_dispose	0xf	1	0	0	1
5126	0x5086e60	_object_copyFromZone	0xf	1	0	0	1
5127	0x5086eb0	_object_getInstanceVariable	0xf	1	0	0	1
5128	0x5086f00	_object_realloc	0xf	1	0	0	1
5129	0x5086f20	_object_reallocFromZone	0xf	1	0	0	1
5130	0x5086f50	_object_setInstanceVariable	0xf	1	0	0	1
5131	0x0	.objc_class_name_Protocol	0x3	0	0	0	1
5132	0x0	.constructors_used	0x3	0	0	0	1
5133	0x0	.destructors_used	0x3	0	0	0	1
5134	0x5087410	__cplus_init	0xf	1	0	0	1
5135	0x5087840	__NXRaiseError	0xf	1	0	0	1
5136	0x5004d20	__NXAddHandler	0xf	1	0	0	1
5137	0x5005aa0	__NXRemoveHandler	0xf	1	0	0	1
5138	0x5087710	__NXAddAltHandler	0xf	1	0	0	1
5139	0x50876f0	_NXSetExceptionRaiser	0xf	1	0	0	1
5140	0x50876d0	_NXResetErrorData	0xf	1	0	0	1
5141	0x50876b0	_NXGetExceptionRaiser	0xf	1	0	0	1
5142	0x50875a0	_NXDefaultExceptionRaiser	0xf	1	0	0	1
5143	0x5087510	_NXAllocErrorData	0xf	1	0	0	1
5144	0x5006c30	__NXRemoveAltHandler	0xf	1	0	0	1
5145	0x5087abc	__NXLogError	0xf	1	0	0	1
5146	0x5087b70	_moninitobjc	0xf	1	0	0	1
5147	0x5002040	__objc_msgForward	0xf	1	0	0	1
5148	0x5001f20	_objc_msgSend	0xf	1	0	0	1
5149	0x5001fb0	_objc_msgSendSuper	0xf	1	0	0	1
5150	0x50c2c5d	_objc_entryPoints	0xf	7	0	0	1
5151	0x50c2c6d	_objc_exitPoints	0xf	7	0	0	1
5152	0x5002090	_objc_msgSendv	0xf	1	0	0	1
5153	0x0	.objc_class_name_HashTable	0x3	0	0	0	1
5154	0x0	.objc_class_name_List	0x3	0	0	0	1
5155	0x508a250	_NXLoadLocalizedStringFromTableInBundle	0xf	1	0	0	1
5156	0x508a584	_NXLoadLocalStringFromTableInBundle	0xf	1	0	0	1
5157	0x0	.objc_category_name_NXBundle_Private	0x3	0	0	0	1
5158	0x0	.objc_class_name_NXBundle	0x3	0	0	0	1
5159	0x0	.objc_category_name_NXBundle_Compatability	0x3	0	0	0	1
5160	0x0	.objc_class_name_NXCharacterSet	0x3	0	0	0	1
5161	0x0	.objc_category_name_NXReadOnlyString_Fancy_IO	0x3	0	0	0	1
5162	0x0	.objc_category_name_NXString_Fancy_IO	0x3	0	0	0	1
5163	0x0	.objc_category_name_NXPropertyList_Fancy_IO	0x3	0	0	0	1
5164	0x0	.objc_category_name_NXPropertyList_Basic_IO	0x3	0	0	0	1
5165	0x0	.objc_category_name_Object_NX_BS_Extras	0x3	0	0	0	1
5166	0x0	.objc_class_name_NXCleanList	0x3	0	0	0	1
5167	0x0	.objc_class_name_NXPropertyList	0x3	0	0	0	1
5168	0x0	.objc_category_name_NXCleanList_Fancy_IO	0x3	0	0	0	1
5169	0x0	.objc_category_name_Object_Fancy_IO	0x3	0	0	0	1
5170	0x0	.objc_category_name_NXMutableString_NX_BS_Extras	0x3	0	0	0	1
5171	0x0	.objc_class_name_NXConstantString	0x3	0	0	0	1
5172	0x0	.objc_class_name_NXMutableString	0x3	0	0	0	1
5173	0x0	.objc_class_name_NXReadOnlyString	0x3	0	0	0	1
5174	0x0	.objc_class_name_NXReadOnlySubstring	0x3	0	0	0	1
5175	0x0	.objc_class_name_NXReadWriteString	0x3	0	0	0	1
5176	0x0	.objc_class_name_NXSimpleReadOnlyString	0x3	0	0	0	1
5177	0x508e90c	_NXHashCharacters	0xf	1	0	0	1
5178	0x508e828	_NXFindCharacters	0xf	1	0	0	1
5179	0x0	.objc_class_name_NXString	0x3	0	0	0	1
5180	0x508ddf4	__NXStringErrorRaise	0xf	1	0	0	1
5181	0x508dd34	__NXStringZone	0xf	1	0	0	1
5182	0x508e7a0	_NXCompareCharacters	0xf	1	0	0	1
5183	0x0	.objc_class_name_NXStringTable	0x3	0	0	0	1
5184	0x0	.objc_class_name_NXUniquedString	0x3	0	0	0	1
5185	0x0	.objc_class_name_Storage	0x3	0	0	0	1
5186	0x0	.objc_class_name_StreamTable	0x3	0	0	0	1
5187	0x50935c8	_NXWriteArray	0xf	1	0	0	1
5188	0x5093710	_NXReadArray	0xf	1	0	0	1
5189	0x5092c50	_getSizeOfType	0xf	1	0	0	1
5190	0x5093d70	_NXWriteRootObject	0xf	1	0	0	1
5191	0x5093e0c	_NXWriteObjectReference	0xf	1	0	0	1
5192	0x5093534	_NXWriteTypes	0xf	1	0	0	1
5193	0x5093578	_NXReadTypes	0xf	1	0	0	1
5194	0x5094028	_NXTypedStreamClassVersion	0xf	1	0	0	1
5195	0x509347c	_NXWriteType	0xf	1	0	0	1
5196	0x50934d4	_NXReadType	0xf	1	0	0	1
5197	0x509409c	_NXTypedStreamIsSwapped	0xf	1	0	0	1
5198	0x50927cc	_NXSetTypedStreamZone	0xf	1	0	0	1
5199	0x5093f60	_NXReadObjectFromBuffer	0xf	1	0	0	1
5200	0x5093e7c	_NXOpenTypedStreamForFile	0xf	1	0	0	1
5201	0x50925e4	_NXOpenTypedStream	0xf	1	0	0	1
5202	0x50927dc	_NXGetTypedStreamZone	0xf	1	0	0	1
5203	0x509280c	_NXFlushTypedStream	0xf	1	0	0	1
5204	0x5093b60	_NXReadObject	0xf	1	0	0	1
5205	0x50939ac	_NXWriteObject	0xf	1	0	0	1
5206	0x5094018	_NXSystemVersion	0xf	1	0	0	1
5207	0x5093ff4	_NXFreeObjectBuffer	0xf	1	0	0	1
5208	0x50927ec	_NXEndOfTypedStream	0xf	1	0	0	1
5209	0x5092834	_NXCloseTypedStream	0xf	1	0	0	1
5210	0x5093f04	_NXWriteRootObjectToBuffer	0xf	1	0	0	1
5211	0x5093f84	_NXReadObjectFromBufferWithZone	0xf	1	0	0	1
5212	0x50940ac	__dyld_present	0xf	1	0	0	1
5213	0x50941a0	__dyld_get_image_name	0xf	1	0	0	1
5214	0x50941dc	__dyld_moninit	0xf	1	0	0	1
5215	0x5094164	__dyld_get_image_vmaddr_slide	0xf	1	0	0	1
5216	0x50940e0	__dyld_image_count	0xf	1	0	0	1
5217	0x50942d8	__dyld_lookup_and_bind_fully	0xf	1	0	0	1
5218	0x5094128	__dyld_get_image_header	0xf	1	0	0	1
5219	0x5094218	__dyld_launched_prebound	0xf	1	0	0	1
5220	0x5094358	__dyld_register_func_for_add_image	0xf	1	0	0	1
5221	0x5094394	__dyld_register_func_for_link_module	0xf	1	0	0	1
5222	0x50943d0	__dyld_register_func_for_unlink_module	0xf	1	0	0	1
5223	0x5094250	__dyld_lookup_and_bind	0xf	1	0	0	1
5224	0x5094294	__dyld_lookup_and_bind_objc	0xf	1	0	0	1
5225	0x509431c	__dyld_bind_fully_image_containing_address	0xf	1	0	0	1
5226	0x509440c	__dyld_register_func_for_replace_module	0xf	1	0	0	1
5227	0x509448c	__dyld_bind_objc_module	0xf	1	0	0	1
5228	0x5094448	__dyld_get_objc_module_sect_for_module	0xf	1	0	0	1
5229	0x50946d4	__dyld_debug_subscribe_to_events	0xf	1	0	0	1
5230	0x50945a8	__dyld_debug_bind_module	0xf	1	0	0	1
5231	0x5094768	__dyld_debug_add_event_subscriber	0xf	1	0	0	1
5232	0x5094838	__dyld_debug_make_runnable	0xf	1	0	0	1
5233	0x50944d0	__dyld_debug_defining_module	0xf	1	0	0	1
5234	0x5094540	__dyld_debug_is_module_bound	0xf	1	0	0	1
5235	0x509460c	__dyld_debug_module_name	0xf	1	0	0	1
5236	0x5094680	__dyld_debug_monoutput	0xf	1	0	0	1
5237	0x5094934	__dyld_debug_restore_runnable	0xf	1	0	0	1
5238	0x5095c18	_NSLibraryNameForModule	0xf	1	0	0	1
5239	0x5095b90	_NSInstallLinkEditErrorHandlers	0xf	1	0	0	1
5240	0x5095d80	_NSAddLibrary	0xf	1	0	0	1
5241	0x5095d08	_NSAddressOfSymbol	0xf	1	0	0	1
5242	0x5095dbc	_NSVersionOfLinkTimeLibrary	0xf	1	0	0	1
5243	0x5095c54	_NSIsSymbolNameDefined	0xf	1	0	0	1
5244	0x5095e3c	_NSVersionOfRunTimeLibrary	0xf	1	0	0	1
5245	0x5095c90	_NSLookupAndBindSymbol	0xf	1	0	0	1
5246	0x5095d44	_NSModuleForSymbol	0xf	1	0	0	1
5247	0x5095bdc	_NSNameOfModule	0xf	1	0	0	1
5248	0x5095ccc	_NSNameOfSymbol	0xf	1	0	0	1
5249	0x5095fa0	_NSCreateObjectFileImageFromFile	0xf	1	0	0	1
5250	0x50964a8	_NSSymbolReferenceNameInObjectFileImage	0xf	1	0	0	1
5251	0x50960bc	_NSCreateObjectFileImageFromMemory	0xf	1	0	0	1
5252	0x509644c	_NSDestroyObjectFileImage	0xf	1	0	0	1
5253	0x50964c0	_NSGetSectionDataInObjectFileImage	0xf	1	0	0	1
5254	0x50964b4	_NSIsSymbolDefinedInObjectFileImage	0xf	1	0	0	1
5255	0x5096484	_NSSymbolDefinitionCountInObjectFileImage	0xf	1	0	0	1
5256	0x5096490	_NSSymbolDefinitionNameInObjectFileImage	0xf	1	0	0	1
5257	0x509649c	_NSSymbolReferenceCountInObjectFileImage	0xf	1	0	0	1
5258	0x50a15a0	_NSLinkModule	0xf	1	0	0	1
5259	0x50a15fc	_NSReplaceModule	0xf	1	0	0	1
5260	0x50a15f0	_NSUnLinkModule	0xf	1	0	0	1
5261	0x50a1684	__dyld_event_server	0xf	1	0	0	1
5262	0x7c9f	_NXAddRegion	0xb	0	0	0	1
5263	0x7cb5	_NXArgc	0xb	0	0	0	1
5264	0x7cc6	_NXArgv	0xb	0	0	0	1
5265	0x7ce2	_NXCreateChildZone	0xb	0	0	0	1
5266	0x7d04	_NXCreateZone	0xb	0	0	0	1
5267	0x7d28	_NXDefaultMallocZone	0xb	0	0	0	1
5268	0x7d4d	_NXMallocCheck	0xb	0	0	0	1
5269	0x7d6a	_NXMergeZone	0xb	0	0	0	1
5270	0x7d84	_NXNameZone	0xb	0	0	0	1
5271	0x7da1	_NXRemoveRegion	0xb	0	0	0	1
5272	0x7dc0	_NXZoneCalloc	0xb	0	0	0	1
5273	0x7dde	_NXZoneFromPtr	0xb	0	0	0	1
5274	0x7dfd	_NXZonePtrInfo	0xb	0	0	0	1
5275	0x7e15	_access	0xb	0	0	0	1
5276	0x7e2b	_alloc_stack	0xb	0	0	0	1
5277	0x7e4d	_bootstrap_check_in	0xb	0	0	0	1
5278	0x7e7c	_bootstrap_create_service	0xb	0	0	0	1
5279	0x7ea7	_bootstrap_info	0xb	0	0	0	1
5280	0x7ecb	_bootstrap_look_up	0xb	0	0	0	1
5281	0x7ef8	_bootstrap_look_up_array	0xb	0	0	0	1
5282	0x7f22	_bootstrap_port	0xb	0	0	0	1
5283	0x7f47	_bootstrap_register	0xb	0	0	0	1
5284	0x7f6e	_bootstrap_status	0xb	0	0	0	1
5285	0x7f93	_bootstrap_subset	0xb	0	0	0	1
5286	0x7fad	_bzero	0xb	0	0	0	1
5287	0x7fbc	_close	0xb	0	0	0	1
5288	0x7fd4	_cond_broadcast	0xb	0	0	0	1
5289	0x7ff2	_cond_signal	0xb	0	0	0	1
5290	0x8016	_condition_spin_limit	0xb	0	0	0	1
5291	0x803d	_condition_wait	0xb	0	0	0	1
5292	0x8065	_condition_yield_limit	0xb	0	0	0	1
5293	0x808b	_cproc_create	0xb	0	0	0	1
5294	0x80b4	_cproc_default_stack_size	0xb	0	0	0	1
5295	0x80db	_cproc_init	0xb	0	0	0	1
5296	0x80f5	_cproc_setup	0xb	0	0	0	1
5297	0x8111	_cthread_body	0xb	0	0	0	1
5298	0x812f	_cthread_count	0xb	0	0	0	1
5299	0x814f	_cthread_detach	0xb	0	0	0	1
5300	0x816f	_cthread_errno	0xb	0	0	0	1
5301	0x818d	_cthread_exit	0xb	0	0	0	1
5302	0x81aa	_cthread_fork	0xb	0	0	0	1
5303	0x81c7	_cthread_init	0xb	0	0	0	1
5304	0x81e4	_cthread_join	0xb	0	0	0	1
5305	0x8202	_cthread_limit	0xb	0	0	0	1
5306	0x8220	_cthread_name	0xb	0	0	0	1
5307	0x8247	_cthread_set_errno_self	0xb	0	0	0	1
5308	0x8273	_cthread_set_limit	0xb	0	0	0	1
5309	0x8299	_cthread_set_name	0xb	0	0	0	1
5310	0x82be	_cthread_set_self	0xb	0	0	0	1
5311	0x82dd	_cthread_sp	0xb	0	0	0	1
5312	0x82fe	_cthread_stack_base	0xb	0	0	0	1
5313	0x8327	_cthread_stack_mask	0xb	0	0	0	1
5314	0x834b	_cthread_yield	0xb	0	0	0	1
5315	0x836f	_device_master_self	0xb	0	0	0	1
5316	0x838a	_ecvt	0xb	0	0	0	1
5317	0x839a	_environ	0xb	0	0	0	1
5318	0x83ab	_execl	0xb	0	0	0	1
5319	0x83ba	_execv	0xb	0	0	0	1
5320	0x83ca	_execve	0xb	0	0	0	1
5321	0x83df	_f_prealloc	0xb	0	0	0	1
5322	0x83f2	_fcvt	0xb	0	0	0	1
5323	0x83ff	_fork	0xb	0	0	0	1
5324	0x8416	_fork_mach_init	0xb	0	0	0	1
5325	0x842e	_fstat	0xb	0	0	0	1
5326	0x843c	_gcvt	0xb	0	0	0	1
5327	0x8452	_getdtablesize	0xb	0	0	0	1
5328	0x846a	_getpid	0xb	0	0	0	1
5329	0x847e	_getrlimit	0xb	0	0	0	1
5330	0x8495	_getrusage	0xb	0	0	0	1
5331	0x84af	_gettimeofday	0xb	0	0	0	1
5332	0x84ce	_host_priv_self	0xb	0	0	0	1
5333	0x84ea	_host_self	0xb	0	0	0	1
5334	0x84fd	_index	0xb	0	0	0	1
5335	0x8513	_init_process	0xb	0	0	0	1
5336	0x853a	_initial_stack_boundary	0xb	0	0	0	1
5337	0x855a	_ioctl	0xb	0	0	0	1
5338	0x856a	_isatty	0xb	0	0	0	1
5339	0x857a	_isinf	0xb	0	0	0	1
5340	0x8589	_isnan	0xb	0	0	0	1
5341	0x85a1	_kern_timestamp	0xb	0	0	0	1
5342	0x85b8	_kill	0xb	0	0	0	1
5343	0x85cd	_longjmperror	0xb	0	0	0	1
5344	0x85e3	_lseek	0xb	0	0	0	1
5345	0x85f7	_mach_error	0xb	0	0	0	1
5346	0x8617	_mach_error_string	0xb	0	0	0	1
5347	0x863a	_mach_errormsg	0xb	0	0	0	1
5348	0x865a	_mach_host_self	0xb	0	0	0	1
5349	0x8676	_mach_init	0xb	0	0	0	1
5350	0x8695	_mach_init_routine	0xb	0	0	0	1
5351	0x86b8	_mach_msg_trap	0xb	0	0	0	1
5352	0x86d9	_mach_reply_port	0xb	0	0	0	1
5353	0x86f8	_mach_swapon	0xb	0	0	0	1
5354	0x8716	_mach_task_self	0xb	0	0	0	1
5355	0x8739	_mach_thread_self	0xb	0	0	0	1
5356	0x875a	_malloc_debug	0xb	0	0	0	1
5357	0x8777	_malloc_error	0xb	0	0	0	1
5358	0x8798	_malloc_freezedry	0xb	0	0	0	1
5359	0x87bd	_malloc_good_size	0xb	0	0	0	1
5360	0x87e2	_malloc_jumpstart	0xb	0	0	0	1
5361	0x8802	_malloc_lock	0xb	0	0	0	1
5362	0x8827	_malloc_singlethreaded	0xb	0	0	0	1
5363	0x884c	_malloc_size	0xb	0	0	0	1
5364	0x8862	_map_fd	0xb	0	0	0	1
5365	0x8883	_mig_dealloc_reply_port	0xb	0	0	0	1
5366	0x88ac	_mig_fork_child	0xb	0	0	0	1
5367	0x88d1	_mig_get_reply_port	0xb	0	0	0	1
5368	0x88f0	_mig_init	0xb	0	0	0	1
5369	0x8908	_msg_receive	0xb	0	0	0	1
5370	0x892b	_msg_receive_timeout	0xb	0	0	0	1
5371	0x8953	_msg_receive_trap	0xb	0	0	0	1
5372	0x896f	_msg_rpc	0xb	0	0	0	1
5373	0x8987	_msg_rpc_trap	0xb	0	0	0	1
5374	0x89a0	_msg_send	0xb	0	0	0	1
5375	0x89bd	_msg_send_timeout	0xb	0	0	0	1
5376	0x89df	_msg_send_trap	0xb	0	0	0	1
5377	0x89f7	_mstats	0xb	0	0	0	1
5378	0x8a12	_mutex_spin_limit	0xb	0	0	0	1
5379	0x8a35	_mutex_try_lock	0xb	0	0	0	1
5380	0x8a58	_mutex_unlock_try	0xb	0	0	0	1
5381	0x8a7c	_mutex_wait_lock	0xb	0	0	0	1
5382	0x8aa0	_name_server_port	0xb	0	0	0	1
5383	0x8ac2	_netipc_ignore	0xb	0	0	0	1
5384	0x8ae1	_netipc_listen	0xb	0	0	0	1
5385	0x8af7	_open	0xb	0	0	0	1
5386	0x8b0d	_port_allocate	0xb	0	0	0	1
5387	0x8b2e	_port_deallocate	0xb	0	0	0	1
5388	0x8b56	_port_extract_receive	0xb	0	0	0	1
5389	0x8b80	_port_extract_send	0xb	0	0	0	1
5390	0x8ba9	_port_insert_receive	0xb	0	0	0	1
5391	0x8bd1	_port_insert_send	0xb	0	0	0	1
5392	0x8bf0	_port_names	0xb	0	0	0	1
5393	0x8c0a	_port_rename	0xb	0	0	0	1
5394	0x8c26	_port_set_add	0xb	0	0	0	1
5395	0x8c48	_port_set_allocate	0xb	0	0	0	1
5396	0x8c6e	_port_set_backlog	0xb	0	0	0	1
5397	0x8c92	_port_set_backup	0xb	0	0	0	1
5398	0x8cb9	_port_set_deallocate	0xb	0	0	0	1
5399	0x8ce0	_port_set_remove	0xb	0	0	0	1
5400	0x8d03	_port_set_status	0xb	0	0	0	1
5401	0x8d22	_port_status	0xb	0	0	0	1
5402	0x8d3b	_port_type	0xb	0	0	0	1
5403	0x8d4d	_read	0xb	0	0	0	1
5404	0x8d6f	_set_malloc_singlethreaded	0xb	0	0	0	1
5405	0x8d95	_sigblock	0xb	0	0	0	1
5406	0x8daa	_sigcatch	0xb	0	0	0	1
5407	0x8dc0	_sigreturn	0xb	0	0	0	1
5408	0x8dd8	_sigsetmask	0xb	0	0	0	1
5409	0x8def	_sigstack	0xb	0	0	0	1
5410	0x8e02	_sigvec	0xb	0	0	0	1
5411	0x8e16	_spin_lock	0xb	0	0	0	1
5412	0x8e2f	_spin_unlock	0xb	0	0	0	1
5413	0x8e49	_stack_init	0xb	0	0	0	1
5414	0x8e5d	_swtch	0xb	0	0	0	1
5415	0x8e70	_swtch_pri	0xb	0	0	0	1
5416	0x8e85	_syscall	0xb	0	0	0	1
5417	0x8e9c	_task_by_pid	0xb	0	0	0	1
5418	0x8ebc	_task_by_unix_pid	0xb	0	0	0	1
5419	0x8edc	_task_create	0xb	0	0	0	1
5420	0x8f01	_task_get_special_port	0xb	0	0	0	1
5421	0x8f24	_task_info	0xb	0	0	0	1
5422	0x8f3d	_task_notify	0xb	0	0	0	1
5423	0x8f58	_task_resume	0xb	0	0	0	1
5424	0x8f71	_task_self	0xb	0	0	0	1
5425	0x8f89	_task_self_	0xb	0	0	0	1
5426	0x8fad	_task_set_special_port	0xb	0	0	0	1
5427	0x8fd3	_task_suspend	0xb	0	0	0	1
5428	0x8ff2	_task_terminate	0xb	0	0	0	1
5429	0x9011	_task_threads	0xb	0	0	0	1
5430	0x902e	_thread_abort	0xb	0	0	0	1
5431	0x904c	_thread_create	0xb	0	0	0	1
5432	0x9075	_thread_get_special_port	0xb	0	0	0	1
5433	0x90a1	_thread_get_state	0xb	0	0	0	1
5434	0x90c1	_thread_info	0xb	0	0	0	1
5435	0x90dd	_thread_reply	0xb	0	0	0	1
5436	0x90fb	_thread_resume	0xb	0	0	0	1
5437	0x9118	_thread_self	0xb	0	0	0	1
5438	0x913f	_thread_set_special_port	0xb	0	0	0	1
5439	0x916b	_thread_set_state	0xb	0	0	0	1
5440	0x918e	_thread_suspend	0xb	0	0	0	1
5441	0x91ae	_thread_switch	0xb	0	0	0	1
5442	0x91d0	_thread_terminate	0xb	0	0	0	1
5443	0x91ed	_timezone	0xb	0	0	0	1
5444	0x9200	_tzname	0xb	0	0	0	1
5445	0x9210	_tzset	0xb	0	0	0	1
5446	0x921f	_tztab	0xb	0	0	0	1
5447	0x9231	_unix_pid	0xb	0	0	0	1
5448	0x924d	_ur_cthread_self	0xb	0	0	0	1
5449	0x9267	_valloc	0xb	0	0	0	1
5450	0x9277	_vfork	0xb	0	0	0	1
5451	0x9286	_vfree	0xb	0	0	0	1
5452	0x929b	_vm_allocate	0xb	0	0	0	1
5453	0x92b2	_vm_copy	0xb	0	0	0	1
5454	0x92cb	_vm_deactivate	0xb	0	0	0	1
5455	0x92ea	_vm_deallocate	0xb	0	0	0	1
5456	0x9306	_vm_inherit	0xb	0	0	0	1
5457	0x9329	_vm_machine_attribute	0xb	0	0	0	1
5458	0x934e	_vm_page_size	0xb	0	0	0	1
5459	0x9369	_vm_protect	0xb	0	0	0	1
5460	0x937f	_vm_read	0xb	0	0	0	1
5461	0x9394	_vm_region	0xb	0	0	0	1
5462	0x93af	_vm_set_policy	0xb	0	0	0	1
5463	0x93ce	_vm_statistics	0xb	0	0	0	1
5464	0x93ee	_vm_synchronize	0xb	0	0	0	1
5465	0x9409	_vm_write	0xb	0	0	0	1
5466	0x941a	_wait	0xb	0	0	0	1
5467	0x9428	_write	0xb	0	0	0	1
5468	0x9438	_writev	0xb	0	0	0	1
5469	0x9453	_xxx_PORT_ENABLED	0xb	0	0	0	1
5470	0x9477	_xxx_cpu_control	0xb	0	0	0	1
5471	0x949f	_xxx_environment_port	0xb	0	0	0	1
5472	0x94c5	_xxx_host_info	0xb	0	0	0	1
5473	0x94e4	_xxx_slot_info	0xb	0	0	0	1
5474	0x0	__NXArgc	0x1	0	0	0	0
5475	0x0	__NXArgv	0x1	0	0	0	0
5476	0x0	__environ	0x1	0	0	0	0
