file_offset	text
0x98	__cstring
0xdc	__picsymbol_stub__TEXT
0x164	__literal8
0x1a8	__literal4
0x2ac	__la_symbol_ptr
0x2f0	__nl_symbol_ptr
0x3f4	__cat_cls_meth
0x438	__cat_inst_meth
0x47c	__string_object
0x4c0	__cstring_object__OBJC
0x504	__message_refs
0x548	__sel_fixup
0x58c	__cls_refs
0x614	__meta_class
0x658	__cls_meth
0x69c	__inst_meth
0x6e0	__protocol
0x724	__class_names
0x768	__meth_var_types__OBJC
0x7ac	__meth_var_names__OBJC
0x7f0	__category
0x834	__class_vars
0x878	__instance_vars
0x8bc	__module_info
0x900	__symbols
0x94c	__LINKEDIT
0x994	/NextLibrary/Frameworks/System.framework/Versions/A/System_profile
0x2ebb1	C(@9C,},
0x2efda	C(@9C,},
0x2f24f	N(A9N,}*
0x2f2a3	V(B9V,}*
0x2f2f6	N(A9N,}+
0x2f342	V(B9V,}+
0x2f3a2	V(B9V,}.
0x2f3e8	V(B9V,})
0x30bf5	F@@9FD} 
0x51001	C#$0< u3
0x5123a	C#$0< uM
0x5125c	C3$0< u+
0x539e6	C#$0< u+
0x8ef56	<%t><*t:
0xa9758	_environ
0xa9770	Basic block profiling finished on %s
0xa9798	File %s, %ld basic blocks 
0xa97c0	    Block #%*d: executed %*ld time(s) address= 0x%.*lx
0xa97f8	 function= %-*s
0xa9808	 line= %*ld
0xa9814	 file= %s
0xa9828	Virtual memory exceeded in `new'
0xa984c	pure virtual method called
0xa9868	%s: for architecture %s
0xa9884	%s: warning 
0xa989c	 (%s, errno = %d)
0xa98b8	can't open: %s
0xa98c8	can't stat file: %s
0xa98dc	file: %s is empty (not an object or archive)
0xa990c	can't map file: %s
0xa9920	truncated or malformed file: %s (file size too small to be any kind of object or library)
0xa9988	fat file: %s truncated or malformed (fat_arch structs would extend past the end of the file)
0xa99e8	fat file: %s does not contain an architecture that matches the specified -arch flag: %s 
0xa9a44	fat file: %s does not contain an architecture that matches the specified -arch flag: %s (file ignored)
0xa9aac	fat file: %s does not contain an architecture that matches the objects files (architecture %s) previously loaded
0xa9b20	fat file: %s does not contain an architecture that matches the objects files (architecture %s) previously loaded (file ignored)
0xa9ba0	fat file: %s (for architecture %s) is not a dynamic shared library
0xa9be4	can't determine the host architecture (specify an -arch flag or fix get_arch_from_host() )
0xa9c40	-arch flag must be specified (fat file: %s does not contain the host architecture or just one architecture)
0xa9cac	fat file: %s(%.*s) malformed (contains zero architecture types)
0xa9cec	fat file: %s malformed (contains zero architecture types)
0xa9d28	fat file: %s(%.*s) truncated or malformed (offset plus size of cputype (%d) cpusubtype (%d) extends past the end of the file)
0xa9da8	fat file: %s truncated or malformed (offset plus size of cputype (%d) cpusubtype (%d) extends past the end of the file)
0xa9e20	fat file: %s(%.*s) fat_archs %lu cputype is zero (a reserved value)
0xa9e64	fat file: %s fat_archs %lu cputype is zero (a reserved value)
0xa9ea4	fat file: %s(%.*s) align (2^%lu) too large for cputype (%d) cpusubtype (%d) (maximum 2^%d)
0xa9f00	fat file: %s align (2^%lu) too large for cputype (%d) cpusubtype (%d) (maximum 2^%d)
0xa9f58	fat file: %s(%.*s) offset: %lu for cputype (%d) cpusubtype (%d)) not aligned on it's alignment (2^%lu)
0xa9fc0	fat file: %s offset: %lu for cputype (%d) cpusubtype (%d)) not aligned on it's alignment (2^%lu)
0xaa024	fat file: %s(%.*s) contains two of the same architecture (cputype (%d) cpusubtype (%d))
0xaa07c	fat file: %s contains two of the same architecture (cputype (%d) cpusubtype (%d))
0xaa0d0	empty archive: %s (can't load from it)
0xaa0f8	truncated or malformed archive: %s (archive header of first member extends past the end of the file, can't load from  it)
0xaa174	__.SYMDEF
0xaa180	archive: %s has no table of contents, add one with ranlib(1) (can't load from it)
0xaa1d4	table of contents for archive: %s is out of date; rerun ranlib(1) (can't load from it)
0xaa22c	size of table of contents for archive: %s too small to be a valid table of contents (can't load from it)
0xaa298	truncated or malformed archive: %s (table of contents extends past the end of the file, can't load from it)
0xaa304	empty table of contents: %s (can't load from it)
0xaa338	truncated or malformed archive: %s (ranlib structures in table of contents extends past the end of the table of contents, can't load from it)
0xaa3c8	truncated or malformed archive: %s (ranlib strings in table of contents extends past the end of the table of contents, can't load from it)
0xaa454	empty table of contents for archive: %s (can't load from it)
0xaa494	malformed table of contents in: %s (ranlib struct %lu has bad string index, can't load from it)
0xaa4f4	malformed table of contents in: %s (ranlib struct %lu has bad library member offset, can't load from it)
0xaa560	malformed table of contents in: %s (ranlib struct %lu library member offset not a multiple of %lu bytes, can't load from it)
0xaa5e0	__.SYMDEF SORTED
0xaa5f4	malformed library: %s (member %s extends past the end of the file, can't load from it)
0xaa64c	loaded to resolve symbol: %s
0xaa66c	malformed table of contents in library: %s (member %s did not defined symbol %s)
0xaa6c0	table of contents of library: %s not sorted slower link editing will result (use the ranlib(1) -s option)
0xaa72c	truncated or malformed archive: %s (archive header of first member extends past the end of the file, can't load from it)
0xaa7a8	truncated or malformed archive: %s at offset %lu (archive header of next member extends past the end of the file, can't load from it)
0xaa830	truncated or malformed archive: %s at offset %lu (member extends past the end of the file, can't load from it)
0xaa8a0	%s archive's cputype (%d, architecture %s) does not match cputype (%d) for specified -arch flag: %s (can't load from it)
0xaa91c	%s archive's cputype (%d, architecture %s) does not match cputype (%d architecture %s) of objects files previously loaded (can't load from it)
0xaa9ac	can't dynamicly load fixed VM shared library
0xaa9dc	can't used dynamic libraries or dynamic linker with rld based interfaces
0xaaa28	truncated or malformed object (mach header extends past the end of the file)
0xaaa78	bad magic number (not a Mach-O file)
0xaaaa0	cputype (%d, architecture %s) does not match cputype (%d) for specified -arch flag: %s
0xaaaf8	cputype (%d, architecture %s) does not match cputype (%d) for specified -arch flag: %s (file not loaded)
0xaab64	cputype (%d, architecture %s) does not match cputype (%d architecture %s) of objects files previously loaded
0xaabd4	cputype (%d, architecture %s) does not match cputype (%d architecture %s) of objects files previously loaded (file not loaded)
0xaac54	cpusubtype (%d, architecture %s) does not combine with cpusubtype (%d) for specified -arch flag: %s and -force_cpusubtype_ALL not specified
0xaace0	cpusubtype (%d, architecture %s) does not combine with cpusubtype (%d) for specified -arch flag: %s and -force_cpusubtype_ALL not specified (file not loaded)
0xaad80	cpusubtype (%d, architecture %s) does not combine with cpusubtype (%d, architecture %s) of objects files previously loaded and -force_cpusubtype_ALL not specified
0xaae24	cpusubtype (%d, architecture %s) does not combine with cpusubtype (%d, architecture %s) of objects files previously loaded and -force_cpusubtype_ALL not specified (file not loaded)
0xaaedc	cputype (%d) unknown (file not loaded)
0xaaf04	wrong bytesex for cputype (%d) for -arch %s (bad object or this program out of sync with get_arch_family_from_cputype() and get_byte_sex_from_flag())
0xaaf9c	truncated or malformed object (load commands extend past the end of the file)
0xaafec	was the output of an incremental link, can't be link edited again
0xab030	is input for the dynamic link editor, is not relocatable by the static link editor again
0xab08c	"incompatible, file is a dynamic shared library (must specify ""-dynamic"" to be used)"
0xab0e0	file is not a dynamic shared library
0xab108	"incompatible, file is a dynamic link editor (must specify ""-dynamic"" to be used)"
0xab15c	load command %lu size not a multiple of sizeof(long)
0xab194	load command %lu size is less than or equal to zero
0xab1c8	load command %lu extends past end of all load commands
0xab200	cmdsize field of load command %lu is inconsistant for a segment command with the number of sections it has
0xab26c	SG_FVMLIB segment %.16s contains sections and shouldn't
0xab2ac	filesize
0xab2b8	__PAGEZERO
0xab2c4	__LINKEDIT
0xab2d0	segment %.16s contains no sections and can't be link-edited
0xab30c	segment name %.16s of section %lu (%.16s,%.16s) in load command %lu does not match segment name %.16s
0xab374	unknown flags (type) of section %lu (%.16s,%.16s) in load command %lu
0xab3bc	"incompatible, file contains unsupported type of section %lu (%.16s,%.16s) in load command %lu (must specify ""-dynamic"" to be used)"
0xab440	align (%lu) of section %lu (%.16s,%.16s) in load command %lu greater than maximum section alignment (%d)
0xab4bc	section %lu (%.16s,%.16s) in load command %lu has relocation entries which it shouldn't for its type (flags)
0xab52c	section %lu (%.16s,%.16s)in load command %lu has relocation entries but the cputype and cpusubtype for the object are not set
0xab5b4	nreloc * sizeof(struct relocation_info)
0xab5dc	symbol stub section %lu (%.16s,%.16s) in load command %lu, sizeof stub in reserved2 field is zero
0xab640	contains more than one LC_SYMTAB load command
0xab670	cmdsize of load command %lu incorrect for LC_SYMTAB
0xab6ac	nsyms * sizeof(struct nlist)
0xab6dc	contains more than one LC_DYSYMTAB load command
0xab70c	cmdsize of load command %lu incorrect for LC_DYSYMTAB
0xab74c	ntoc * sizeof(struct dylib_table_of_contents)
0xab77c	modtaboff
0xab788	nmodtab * sizeof(struct dylib_module)
0xab7b0	extrefsymoff
0xab7c0	nextrefsyms * sizeof(struct dylib_reference)
0xab7f0	indirectsymoff
0xab800	nindirectsyms * sizeof(long)
0xab820	extreloff
0xab82c	nextrel * sizeof(struct relocation_info)
0xab858	locreloff
0xab864	nlocrel * sizeof(struct relocation_info)
0xab890	contains obsolete LC_SYMSEG load command with non-zero size (produced with a pre-1.0 version of the compiler, please recompile)
0xab910	LC_IDFVMLIB load command in object file (should not be in an input file to the link editor for output filetypes other than MH_FVMLIB)
0xab998	MH_DYLIB
0xab9a4	MH_DYLINKER
0xab9b0	MH_FVMLIB
0xab9bc	LC_LOADFVMLIB load command in object file (should not be in an input file to the link editor for the output file type %s)
0xaba38	cmdsize of load command %lu incorrect for LC_LOADFVMLIB
0xaba70	name.offset of load command %lu extends past the end of the load command
0xababc	library name of load command %lu not null terminated
0xabaf4	LC_ID_DYLIB load command in object file (should not be in an input file to the link editor for the output file type %s)
0xabb6c	LC_ID_DYLIB load command in non-MH_DYLIB filetype
0xabba0	malformed object (more than one LC_ID_DYLIB load command in MH_DYLIB file)
0xabbec	cmdsize of load command %lu incorrect for LC_ID_DYLIB
0xabc24	LC_LOAD_DYLIB load command in object file (should not be in an input file to the link editor for the output file type %s)
0xabca0	cmdsize of load command %lu incorrect for LC_LOAD_DYLIB
0xabcd8	LC_ID_DYLINKER load command in object file (should not be in an input file to the link editor for the output file type %s)
0xabd54	LC_ID_DYLINKER load command in non-MH_DYLINKER filetype
0xabd8c	malformed object (more than one LC_ID_DYLINKER load command in MH_DYLINKER file)
0xabde0	cmdsize of load command %lu incorrect for LC_ID_DYLINKER
0xabe1c	dynamic linker name of load command %lu not null terminated
0xabe58	LC_LOAD_DYLINKER load command in object file (should not be in an input file to the link editor for the output file type %s)
0xabed8	cmdsize of load command %lu incorrect for LC_LOAD_DYLINKER
0xabf14	load command %lu unknown cmd field
0xabf38	contains LC_DYSYMTAB load command without a LC_SYMTAB load command
0xabf7c	ilocalsym in LC_DYSYMTAB load command extends past the end of the symbol table
0xabfcc	ilocalsym plus nlocalsym in LC_DYSYMTAB load command extends past the end of the symbol table
0xac02c	iextdefsym in LC_DYSYMTAB load command extends past the end of the symbol table
0xac07c	iextdefsym plus nextdefsym in LC_DYSYMTAB load command extends past the end of the symbol table
0xac0dc	iundefsym in LC_DYSYMTAB load command extends past the end of the symbol table
0xac12c	iundefsym plus nundefsym in LC_DYSYMTAB load command extends past the end of the symbol table
0xac18c	symbol_index field of table of contents entry %lu past the end of the symbol table
0xac1e0	module_index field of table of contents entry %lu past the end of the module table
0xac234	module_name field of module table entry %lu past the end of the string table
0xac284	iextdefsym field of module table entry %lu past the end of the symbol table
0xac2d0	iextdefsym field plus nextdefsym field of module table entry %lu past the end of the symbol table
0xac334	irefsym field of module table entry %lu past the end of the reference table
0xac380	irefsym field plus nrefsym field of module table entry %lu past the end of the reference table
0xac3e0	ilocalsym field of module table entry %lu past the end of the symbol table
0xac42c	ilocalsym field plus nlocalsym field of module table entry %lu past the end of the symbol table
0xac48c	isym field of reference table entry %lu past the end of the symbol table
0xac4d8	indirect symbol table entry %lu past the end of the symbol table
0xac51c	malformed object (no LC_ID_DYLIB load command in MH_DYLIB file)
0xac55c	malformed object (no LC_ID_DYLINKER load command in MH_DYLINKER file)
0xac5a4	load command %lu unknown cmd
0xac5c4	symbol table is not contained in __LINKEDIT segment
0xac5f8	string table is not contained in __LINKEDIT segment
0xac62c	%s in load command %lu not aligned on %lu byte boundary
0xac664	%s in load command %lu extends past the end of the file
0xac69c	%s plus %s in load command %lu extends past the end of the file
0xac6dc	%s of section %lu (%.16s,%.16s) in load command %lu not aligned on %lu byte boundary
0xac734	%s of section %lu (%.16s,%.16s) in load command %lu extends past the end of the file
0xac78c	%s plus %s of section %lu (%.16s,%.16s) in load command %lu extends past the end of the file
0xac7ec	internal error: remove_last_object_file() called with object file that was not the last object file
0xac850	%s(%.*s) 
0xac868	internal error: obj_member_name() call with an argument that is not in an archive
0xac8bc	%s(%.*s)
0xac8d4	internal error, fine_reloc_output_address() called with an input_offset which maps to a fine_reloc where local_symbol is TRUE but it's not in a S_SYMBOL_STUBS or a S_LAZY_SYMBOL_POINTERS section
0xac998	internal error, fine_reloc_offset_in_output_for_output_offset() called with a map->nfine_relocs == 0
0xaca00	internal error, fine_reloc_offset_in_output_for_output_offset() called with a section map for a non-indirect section
0xaca78	internal error, fine_reloc_offset_in_output_for_output_offset() called with bad output_offset
0xacad8	internal error, fine_reloc_output_sectnum() called with an input_offset which maps to a fine_reloc where local_symbol is TRUE but it's not in a S_SYMBOL_STUBS or a S_NON_LAZY_SYMBOL_POINTERS section
0xacba0	internal error, fine_reloc_for_input_offset() called with a section_map->nfine_relocs == 0
0xacbfc	can't vm_deallocate() memory for mapped file %s
0xacc2c	S_MOD_INIT_FUNC_POINTERS
0xacc48	S_SYMBOL_STUBS
0xacc58	S_LAZY_SYMBOL_POINTERS
0xacc70	S_NON_LAZY_SYMBOL_POINTERS
0xacc8c	S_LITERAL_POINTERS
0xacca0	S_8BYTE_LITERALS
0xaccb4	S_4BYTE_LITERALS
0xaccc8	S_CSTRING_LITERALS
0xaccdc	S_ZEROFILL
0xacce8	S_REGULAR
0xaccf4	literal section (%.16s,%.16s) not allowed in I860 cputype objects
0xacd38	section's (%.16s,%.16s) type %s does not match previous objects type %s
0xacd80	section's (%.16s,%.16s) sizeof stub %lu does not match previous objects sizeof stub %lu
0xacdd8	internal error: output_section() called with unknown cputype (%d) set
0xace20	literal C string section (%.16s,%.16s) does not end with a '\0'
0xace60	format error in -sectorder file: %s line %lu character possition %lu for section (%.16s,%.16s) ('\' at the end of the line)
0xacedc	format error in -sectorder file: %s line %lu for section (%.16s,%.16s) (escape sequence ending at character possition %lu out of range for character)
0xacf74	format error in -sectorder file: %s line %lu for section (%.16s,%.16s) (hex escape ending at character possition %lu out of range)
0xacff8	format error in -sectorder file: %s line %lu for section (%.16s,%.16s) (unknown escape sequence ending at character possition %lu)
0xad07c	"""link editor"""
0xad08c	bad string table index (%ld) for symbol %lu
0xad0b8	NULL name
0xad0c4	undefined symbol %lu (%s) is not also external symbol (N_EXT)
0xad104	undefined symbol %lu (%s) can't be private external symbol (N_PEXT)
0xad148	symbol %lu (%s) must have NO_SECT for its n_sect field given its type
0xad190	symbol %lu (%s) must not have NO_SECT for its n_sect field given its type (N_SECT)
0xad1e4	bad string table index (%lu) for indirect name for symbol %lu (%s)
0xad228	indirect symbol %lu (%s) is not also external symbol (N_EXT)
0xad268	indirect symbol %lu (%s) can't be private external symbol (N_PEXT)
0xad2ac	symbol %lu (%s) has unknown n_type field (0x%x)
0xad2dc	symbol %lu (%s)'s n_sect field (%d) is greater than the number of sections in this object (%lu)
0xad33c	external symbol %lu (%s) not allowed in an indirect section
0xad378	string table does not end with a '\0'
0xad3a0	section (%s,%s) is a literal section and can't be used with -sectobjectsymbols
0xad3f4	internal error, lookup_symbol() failed
0xad41c	internal error, enter_symbol() passed bad hash_pointer
0xad454	multiple definitions of symbol %s
0xad478	error in trace_symbol()
0xad490	private external 
0xad4a4	reference to undefined %s
0xad4c0	definition of common %s (size %lu)
0xad4e4	definition of %s
0xad4f8	definition of absolute %s (value 0x%x)
0xad520	definition of %s in section (%.16s,%.16s)
0xad54c	definition of %s as indirect for %s
0xad574	unknown type (0x%x) of %s
0xad590	__common
0xad5a4	section (__DATA,__common) reserved for allocating common symbols and exists in the loaded objects not as a zero fill section
0xad624	contains section (__DATA,__common)
0xad648	common symbols not allowed with MH_FVMLIB output format
0xad680	common symbols not allowed with MH_DYLIB output format
0xad6b8	specified alignment (0x%x) for section (__DATA,__common) not used (less than the required alignment in the input files (0x%x))
0xad738	indirect symbol loop:
0xad750	internal error: output_local_symbols() inconsistent local symbol count
0xad798	internal error: local_symbol_output_index() could not determine output_index
0xad7e8	internal error: get_string_block() called with symbol_name (%s) not in the string blocks
0xad844	prebinding disabled because of undefined symbols
0xad878	undefined symbols:
0xad88c	Undefined symbols:
0xad8a0	more references to undefined symbols ...
0xad8cc	internal error: assign_output_symbol_indexes() inconsistent local symbol counts
0xad91c	-seg1addr: 0x%x not a multiple of the segment alignment (0x%x)
0xad95c	address of first segment: %.16s set both by name and with the -seg1addr option
0xad9ac	internal error: layout_segments() called with unknown cputype (%d) set
0xad9f4	size of headers (0x%x) exceeds the segment alignment (0x%x) (would cause the addresses not to be fixed)
0xada5c	alignment (0x%x) of section (%.16s,%.16s) greater than the segment alignment (0x%x)
0xadab0	can't vm_allocate() memory for output of size %lu
0xadae4	can't set vm_protection on memory for output
0xadb14	entry point symbol name: %s not defined
0xadb3c	specified entry point symbol name ignored, output file type has no entry point or no non-zerofill sections
0xadba8	internal error: swap_object_headers() failed in output_headers()
0xadbec	stray relocation GENERIC_RELOC_PAIR entry (%lu) in section (%.16s,%.16s)
0xadc38	r_value (0x%x) field of relocation entry %lu in section (%.16s,%.16s) out of range
0xadc8c	r_address (0x%x) field of relocation entry %lu in section (%.16s,%.16s) out of range
0xadce4	relocation entry (%lu) in section (%.16s,%.16s) r_type is GENERIC_RELOC_SECTDIFF but relocation entry not scattered type
0xadd60	relocation entry (%lu) in section (%.16s,%.16s) following associated relocation entry not scattered type
0xaddcc	relocation entry (%lu) in section (%.16s,%.16s) missing following associated GENERIC_RELOC_PAIR entry
0xade34	r_type field of relocation entry %lu in section (%.16s,%.16s) invalid
0xade7c	r_symbolnum (%lu) field of external relocation entry %lu in section (%.16s,%.16s) out of range
0xadedc	r_symbolnum (%lu) field of external relocation entry %lu in section (%.16s,%.16s) refers to a non-external symbol
0xadf50	r_symbolnum (%lu) field of external relocation entry %lu in section (%.16s,%.16s) refers to a non-undefined symbol
0xadfc4	internal error, in generic_reloc() symbol index %lu in above file not in undefined map
0xae01c	r_symbolnum (%lu) field of local relocation entry %lu in section (%.16s,%.16s) out of range
0xae078	relocation for entry %lu in section (%.16s,%.16s) does not fit in 1 byte
0xae0c4	relocation for entry %lu in section (%.16s,%.16s) does not fit in 2 bytes
0xae110	r_length field of relocation entry %lu in section (%.16s,%.16s) invalid
0xae158	previous fatal errors occured, can no longer succeed
0xae198	__mh_execute_header
0xae1ac	can't create output file: %s
0xae1cc	can't write output file: %s
0xae1e8	can't close output file: %s
0xae204	can't vm_deallocate() buffer for output file's symbol table
0xae240	can't vm_flush_cache() output buffer
0xae26c	__constructor
0xae284	__destructor
0xae294	a base program is currently loaded
0xae2b8	object sets are currently loaded (base file must be loadedbefore object sets)
0xae308	Can't open: %s
0xae318	Can't stat file: %s
0xae32c	file: %s is empty (not an object)
0xae350	truncated or malformed file: %s (file size too small to be any kind of object)
0xae3a0	can't determine the host architecture (fix get_arch_from_host() )
0xae3e4	fat file: %s does not contain the host architecture (can't be used as a base file)
0xae438	no object sets currently loaded
0xae458	can't vm_deallocate() memory for output
0xae480	no object sets or base program currently loaded
0xae4b0	can't create NXZone
0xae4c8	virtual memory exhausted (NXZoneMalloc failed)
0xae4f8	virtual memory exhausted (NXZoneRealloc failed)
0xae528	4 byte literal section (%.16s,%.16s) size is not a multiple of 4 bytes
0xae570	8 byte literal section (%.16s,%.16s) size is not a multiple of 8 bytes
0xae5b8	format error in -sectorder file: %s line %lu for section (%.16s,%.16s) (missing second hex number)
0xae61c	format error in -sectorder file: %s line %lu for section (%.16s,%.16s) (missing hex number, no leading 0x found)
0xae690	format error in -sectorder file: %s line %lu for section (%.16s,%.16s) (too many hex digits for 32 bit value)
0xae700	literal pointer section (%.16s,%.16s) size is not a multiple of 4 bytes
0xae748	literal pointer section (%.16s,%.16s) does not have is exactly one relocation entry for each pointer
0xae7b0	r_value (0x%x) field of relocation entry %ld in section (%.16s,%.16s) out of range
0xae804	r_address (0x%x) field of relocation entry %ld in section (%.16s,%.16s) out of range
0xae85c	r_address (0x%x) field of relocation entry %ld in literal pointer section (%.16s,%.16s) is not a multiple of 4
0xae8cc	r_length (0x%x) field of relocation entry %ld in literal pointer section (%.16s,%.16s) is not 2 (long)
0xae934	r_pcrel (0x%x) field of relocation entry %ld in literal pointer section (%.16s,%.16s) is not 0 (FALSE)
0xae99c	r_symbolnum (%lu) field of external relocation entry %ld in section (%.16s,%.16s) out of range
0xae9fc	r_symbolnum (%lu) field of external relocation entry %ld in section (%.16s,%.16s) refers to a non-external symbol
0xaea70	r_symbolnum (%lu) field of external relocation entry %ld in section (%.16s,%.16s) refers to a non-undefined symbol
0xaeae4	internal error, in merge_literal_pointers() symbol index %lu in not in undefined map
0xaeb3c	r_symbolnum (%lu) field of external relocation entry %ld in section (%.16s,%.16s) refers to a common symbol (%s) and is not in a literal section
0xaebd0	r_symbolnum (%lu) field of external relocation entry %ld in section (%.16s,%.16s) refers to an absolue symbol (%s) and is not known to be in a literal section
0xaec70	illegal undefined reference for MH_DYLIB output file to symbol: %s from a literal pointer section (section (%.16s,%.16s) relocation entry: %lu)
0xaed00	illegal external reference for MH_DYLIB output file to symbol: %s (not a private extern symbol) from a literal pointer section (section (%.16s,%.16s) relocation entry: %lu)
0xaedb0	internal error, in merge_literal_pointers() merged symbol %s does not have a type of N_EXT|N_SECT
0xaee14	exteral symbol (%s) for external relocation entry %ld in section (%.16s,%.16s) refers a symbol not defined in a literal section
0xaee94	exteral symbol's (%s) address not in the section (%.16s,%.16s) it is defined in
0xaeee4	r_symbolnum (0x%x) field of relocation entry %ld in literal pointer section (%.16s,%.16s) is R_ABS (not correct for a literal pointer section)
0xaef74	literal pointer (0x%x) in section (%.16s,%.16s) at address 0x%x does not point into its (%.16s,%.16s) section as refered to by its r_symbolnum (0x%x) field in relocation entry %ld as it should
0xaf038	r_symbolnum field (0x%x) in relocation entry %ld in literal pointer section (%.16s,%.16s) refers to section (%.16s,%.16s) which is not a literal section
0xaf0d4	r_value field (0x%x) in relocation entry %ld in literal pointer section (%.16s,%.16s) refers to section (%.16s,%.16s) which is not a literal section
0xaf16c	more than one relocation entry for literal pointer at address 0x%x (r_address 0x%x) in section (%.16s,%.16s)
0xaf1dc	internal error, in indirect_section_merge() section type (%lu) is not correct for an indirect section
0xaf244	malformed object (section (%.16s,%.16s) size is not a multiple of %lu bytes)
0xaf294	malformed object (file has indirect section (%.16s,%.16s) but no dysymtab_command)
0xaf2e8	malformed object (index into indirect symbol table (reserved1 field) for indirect section (%.16s,%.16s) past the end of the table)
0xaf36c	malformed object (indirect symbol table entriesfor section (%.16s,%.16s) extends past the end of the table)
0xaf3d8	indirect symbol:%s can not be a private extern
0xaf408	interal error, indirect_section_merge() failed in looking up external symbol
0xaf458	malformed object (bad indirect symbol table entry (%ld) (symbol at index %lu is a stab)
0xaf4b0	malformed object (bad indirect symbol table entry (%ld) (symbol at index %lu is not external)
0xaf510	malformed object (lazy symbol pointer section (%.16s,%.16s) does not have is exactly one relocation entry for each pointer)
0xaf58c	malformed object (stray relocation PAIR entry (%lu) in section (%.16s,%.16s))
0xaf5dc	malformed object (r_address (0x%x) field of relocation entry %ld in section (%.16s,%.16s) out of range)
0xaf644	malformed object (relocation entry (%lu) in section (%.16s,%.16s) missing following associated PAIR entry)
0xaf6b0	malformed object, illegal reference (r_address (0x%x) field of relocation entry %lu in lazy symbol pointer section (%.16s,%.16s) is not a multiple of 4)
0xaf74c	malformed object, illegal reference (r_length (0x%x) field of relocation entry %lu in lazy symbol pointer section (%.16s,%.16s) is not 2 (long))
0xaf7e0	malformed object, illegal reference (r_pcrel (0x%x) field of relocation entry %lu in lazy symbol pointer section (%.16s,%.16s) is not 0 (FALSE))
0xaf874	malformed object, illegal reference (r_extern (0x%x) field of relocation entry %lu in lazy symbol pointer section (%.16s,%.16s) is not 0 (FALSE))
0xaf908	malformed object, illegal reference (r_type (0x%x) field of relocation entry %lu in lazy symbol pointer section (%.16s,%.16s) is not 0 (VANILLA))
0xaf99c	malformed object, illegal reference (relocation entry %lu in lazy symbol pointer section (%.16s,%.16s) is a scattered type)
0xafa18	malformed object, illegal reference (reference from a lazy symbol pointer section (%.16s,%.16s) relocation entry (%lu) which is not to a symbol stub section)
0xafab8	internal error, in indirect_section_merge() symbol index %lu in above file not in undefined map
0xafb18	illegal undefined reference for MH_DYLIB output file to symbol: %s from a symbol stub section (section (%.16s,%.16s) relocation entry: %lu)
0xafba4	illegal external reference for MH_DYLIB output file to symbol: %s (not a private extern symbol) from a symbol stub section (section (%.16s,%.16s) relocation entry: %lu)
0xafc50	malformed object, illegal reference (reference to a symbol stub not at the start of the stub from section (%.16s,%.16s) relocation entry (%lu))
0xafce0	malformed object, illegal reference (reference to symbol stub in section (%.16s,%.16s) at address 0x%x from lazy pointer section (%.16s,%.16s) relocation entry (%lu) with non-matching indirect symbols)
0xafdac	malformed object, illegal reference (reference to a lazy symbol pointer section from section (%.16s,%.16s) relocation entry (%lu) which is not a symbol stub section)
0xafe54	malformed object, illegal reference (reference to lazy symbol pointer section (%.16s,%.16s) at address 0x%x from symbol stub section (%.16s,%.16s) relocation entry (%lu) with non-matching indirect symbols)
0xaff24	can't use -s with input files containg indirect symbols (output file must contain at least global symbols, for maximum stripping use -x)
0xaffb0	internal error, indirect_symbols != nindirectsyms in output_indirect_symbols()
0xb0000	module initialization function pointer section (%.16s,%.16s) size is not a multiple of 4 bytes
0xb0060	module initialization function pointer section (%.16s,%.16s) does not have is exactly one relocation entry for each pointer
0xb00e0	r_address (0x%x) field of relocation entry %ld in module initialization function pointer section (%.16s,%.16s) is not a multiple of 4
0xb0168	r_length (0x%x) field of relocation entry %ld in module initialization function pointer section (%.16s,%.16s) is not 2 (long)
0xb01e8	r_pcrel (0x%x) field of relocation entry %ld in module initialization function pointer section (%.16s,%.16s) is not 0 (FALSE)
0xb0268	r_type (0x%x) field of relocation entry %ld in module initialization function pointer section (%.16s,%.16s) is not 0 (VANILLA)
0xb02e8	aligment greater than 2 (2^2, 4 bytes) for module initialization function pointer section (%.16s,%.16s) (will leave holes with zeroes for pointers)
0xb037c	stray relocation M98K_RELOC_PAIR entry (%lu) in section (%.16s,%.16s)
0xb03c4	relocation entry (%lu) in section (%.16s,%.16s) missing following associated M98K_RELOC_PAIR entry
0xb0428	relocation entry (%lu) in section (%.16s,%.16s) r_type is M98K_RELOC_SECTDIFF but relocation entry not scattered type
0xb04a0	internal error, in m98k_reloc() symbol index %lu in above file not in undefined map
0xb04f4	relocation error for relocation entry %lu in section (%.16s,%.16s) (relocated value not a multiple of 4 bytes)
0xb0564	relocation error for relocation entry %lu in section (%.16s,%.16s) (displacement not a multiple of 4 bytes)
0xb05d0	relocation overflow for relocation entry %lu in section (%.16s,%.16s) (displacement too large)
0xb0630	stray relocation M88K_RELOC_PAIR entry (%lu) in section (%.16s,%.16s)
0xb0678	relocation entry (%lu) in section (%.16s,%.16s) missing following associated M88K_RELOC_PAIR entry
0xb06dc	relocation entry (%lu) in section (%.16s,%.16s) r_type is M88K_RELOC_SECTDIFF but relocation entry not scattered type
0xb0754	internal error, in m88k_reloc() symbol index %lu in above file not in undefined map
0xb07a8	stray relocation HPPA_RELOC_PAIR entry (%lu) in section (%.16s,%.16s)
0xb07f0	relocation entry (%lu) in section (%.16s,%.16s) missing following associated HPPA_RELOC_PAIR entry
0xb0854	relocation entry (%lu) in section (%.16s,%.16s) r_type is HPPA_RELOC_SECTDIFF but relocation entry not scattered type
0xb08cc	internal error, in hppa_reloc() symbol index %lu in above file not in undefined map
0xb0920	relocation entry %lu in section (%.16s,%.16s) (branch offset not a multiple of 4)
0xb0974	stray relocation SPARC_RELOC_PAIR entry (%lu) in section (%.16s,%.16s)
0xb09bc	relocation entry (%lu) in section (%.16s,%.16s) missing following associated SPARC_RELOC_PAIR entry
0xb0a20	relocation entry (%lu) in section (%.16s,%.16s) r_type is SPARC_RELOC_SECTDIFF but relocation entry not scattered type
0xb0a98	internal error, in sparc_reloc() symbol index %lu in above file not in undefined map
0xb0af0	hppa7100LC
0xb0b7c	in swap_object_headers(): malformed load command %lu (cmdsize not a multiple of sizeof(long))
0xb0bdc	in swap_object_headers(): truncated or malformed load command %lu (extends past the end of the all load commands)
0xb0c50	in swap_object_headers(): malformed load command %lu (cmdsize is zero)
0xb0c98	in swap_object_headers(): malformed load command (inconsistant cmdsize in LC_SEGMENT command %lu for the number of sections)
0xb0d18	in swap_object_headers(): malformed load commands (LC_SYMTAB command %lu has incorrect cmdsize
0xb0d78	in swap_object_headers(): malformed load commands (LC_DYSYMTAB command %lu has incorrect cmdsize
0xb0ddc	in swap_object_headers(): malformed load command (LC_SYMSEG command %lu has incorrect cmdsize
0xb0e3c	LC_IDFVMLIB
0xb0e48	LC_LOADFVMLIB
0xb0e58	in swap_object_headers(): malformed load commands (%s command %lu has too small cmdsize field)
0xb0eb8	in swap_object_headers(): truncated or malformed load commands (name.offset field of %s command %lu extends past the end of all load commands)
0xb0f48	LC_ID_DYLIB
0xb0f54	LC_LOAD_DYLIB
0xb0f64	in swap_object_headers(): malformed load commands (LC_PREBOUND_DYLIB command %lu has too small cmdsize field)
0xb0fd4	in swap_object_headers(): truncated or malformed load commands (name.offset field of LC_PREBOUND_DYLIB command %lu extends past the end of all load commands)
0xb1074	in swap_object_headers(): truncated or malformed load commands (linked_modules.offset field of LC_PREBOUND_DYLIB command %lu extends past the end of all load commands)
0xb111c	LC_ID_DYLINKER
0xb112c	LC_LOAD_DYLINKER
0xb1140	LC_UNIXTHREAD
0xb1150	LC_THREAD
0xb115c	in swap_object_headers(): malformed load commands (count not M68K_THREAD_STATE_REGS_COUNT for flavor number %lu which is a M68K_THREAD_STATE_REGS flavor in %s command %lu)
0xb1208	in swap_object_headers(): malformed load commands (count not M68K_THREAD_STATE_68882_COUNT for flavor number %lu which is a M68K_THREAD_STATE_68882 flavor in %s command %lu)
0xb12b8	in swap_object_headers(): malformed load commands (count not M68K_THREAD_STATE_USER_REG_COUNT for flavor number %lu which is a M68K_THREAD_STATE_USER_REG flavor in %s command %lu)
0xb136c	in swap_object_headers(): malformed load commands (unknown flavor for flavor number %lu in %s command %lu can't byte swap it)
0xb13ec	in swap_object_headers(): malformed load commands (count not M98K_THREAD_STATE_GRF_COUNT for flavor number %lu which is a M98K_THREAD_STATE_GRF flavor in %s command %lu)
0xb1498	in swap_object_headers(): malformed load commands (count not M88K_THREAD_STATE_GRF_COUNT for flavor number %lu which is a M88K_THREAD_STATE_GRF flavor in %s command %lu)
0xb1544	in swap_object_headers(): malformed load commands (count not M88K_THREAD_STATE_XRF_COUNT for flavor number %lu which is a M88K_THREAD_STATE_XRF flavor in %s command %lu)
0xb15f0	in swap_object_headers(): malformed load commands (count not M88K_THREAD_STATE_USER_COUNT for flavor number %lu which is a M88K_THREAD_STATE_USER flavor in %s command %lu)
0xb169c	in swap_object_headers(): malformed load commands (count not M88110_THREAD_STATE_IMPL_COUNT for flavor number %lu which is a M88110_THREAD_STATE_IMPL flavor in %s command %lu)
0xb174c	in swap_object_headers(): malformed load commands (count not I860_THREAD_STATE_REGS_COUNT for flavor number %lu which is a I860_THREAD_STATE_REGS flavor in %s command %lu)
0xb17f8	in swap_object_headers(): malformed load commands (count not i386_THREAD_STATE_COUNT for flavor number %lu which is a i386_THREAD_STATE flavor in %s command %lu)
0xb189c	in swap_object_headers(): malformed load commands (count not i386_THREAD_FPSTATE_COUNT for flavor number %lu which is a i386_THREAD_FPSTATE flavor in %s command %lu)
0xb1944	in swap_object_headers(): malformed load commands (count not i386_THREAD_EXCEPTSTATE_COUNT for flavor number %lu which is a i386_THREAD_EXCEPTSTATE flavor in %s command %lu)
0xb19f4	in swap_object_headers(): malformed load commands (count not i386_THREAD_CTHREADSTATE_COUNT for flavor number %lu which is a i386_THREAD_CTHREADSTATE flavor in %s command %lu)
0xb1aa4	in swap_object_headers(): malformed load commands (count not HPPA_INTEGER_THREAD_STATE_COUNT for flavor number %lu which is a HPPA_INTEGER_THREAD_STATE flavor in %s command %lu)
0xb1b58	in swap_object_headers(): malformed load commands (count not HPPA_FRAME_THREAD_STATE_COUNT for flavor number %lu which is a HPPA_FRAME_THREAD_STATE flavor in %s command %lu)
0xb1c08	in swap_object_headers(): malformed load commands (count not HPPA_FP_THREAD_STATE_COUNT for flavor number %lu which is a HPPA_FP_THREAD_STATE flavor in %s command %lu)
0xb1cb0	in swap_object_headers(): malformed load commands (count not SPARC_THREAD_STATE_REGS_COUNT for flavor number %lu which is a SPARC_THREAD_STATE_REGS flavor in %s command %lu)
0xb1d60	in swap_object_headers(): malformed load commands (count not SPARC_THREAD_STATE_FPU_COUNT for flavor number %lu which is a SPARC_THREAD_STATE_FPU flavor in %s command %lu)
0xb1e0c	in swap_object_headers(): malformed load commands (unknown cputype (%d) and cpusubtype (%d) of object and can't byte swap %s command %lu)
0xb1e98	in swap_object_headers(): truncated or malformed load commands (cmdsize field of LC_IDENT command %lu extends past the end of the load commands)
0xb1f2c	in swap_object_headers(): malformed load commands (unknown load command %lu)
0xb1f7c	in swap_object_headers(): truncated or malformed load commands (load command %lu extends past the end of all load commands)
0xb1ff8	in swap_object_headers(): malformed load commands (inconsistant sizeofcmds field in mach header)
0xb205c	internal error: reloc_pair_r_type() called with unknown cputype (%u)
0xb20a4	internal error: reloc_has_pair() called with unknown cputype (%u)
0xb20e8	internal error: reloc_is_sectdiff() called with unknown cputype (%u)
0xb2130	Stream is neither readable nor writable in NXTell
0xb2164	Assertion failed: NXUngetc: last character read unknown
0xb21a0	(null pointer)
0xb21bc	+Infinity
0xb21c8	-Infinity
0xb21d4	directory of '%s' at maximum depth
0xb21f8	cannot reallocate directory for '%s'
0xb2220	cannot write directory for '%s'
0xb2244	cannot obtain leaf buffer for '%s'
0xb2268	cannot read leaf %ld for '%s'
0xb2288	database '%s' compressed or read only
0xb22b0	key not found in database '%s'
0xb22d0	current leaf invalid in database '%s'
0xb22f8	rehash failed in database '%s'
0xb2318	cannot flush leaves in database '%s'
0xb2340	record size %d too large for '%s'
0xb2364	%.247s.C.XXXXXX
0xb2374	cannot create compression file for '%s'
0xb23a0	leaf read failed for '%s'
0xb23bc	leaf write failed for '%s'
0xb23d8	cannot replace leaf file for '%s'
0xb23fc	database '%s' is read only
0xb2418	database '%s' is not compressed
0xb243c	%.247s.E.XXXXXX
0xb244c	cannot create expansion file for %s
0xb247c	cannot close database '%s'
0xb24a4	dbError: %d, 
0xb24b4	directory of database '%s' corrupt
0xb24d8	directory of database '%s' over sized
0xb2500	directory of database '%s' under sized
0xb2528	cannot open file '%s'
0xb2540	cannot allocate descriptor for database '%s'
0xb2570	cannot read directory header for database '%s'
0xb25a0	bad magic number on database '%s'
0xb25c4	cannot allocate directory buffer for database '%s'
0xb25f8	cannot create directory for database '%s'
0xb2624	cannot write directory header for '%s'
0xb264c	cannot create leaf file for '%s'
0xb2670	cannot allocate leaf buffer for '%s'
0xb2698	cannot write initial leaf for '%s'
0xb26bc	cannot lock database '%s'
0xb26d8	cannot remove database '%s'
0xb2710	/dev/tty
0xb272c	/.NeXTdefaults
0xb2748	NXFilePathSearch could not lookup user's home directory
0xb2780	NXFilePathSearch could not lookup home directory of %s
0xb27c0	badly formed array description
0xb27e0	can't determine size of struct: %s (not from protocol?)
0xb281c	copying a write buffer!
0xb2838	decodeBytes
0xb2848	_NXDecodeInt
0xb2858	_NXDecodeBool
0xb2868	encodeData:ofType: unencodable type (%s)
0xb2894	encodeData:ofType: can't encode struct %s
0xb28c0	encodeData:ofType: couldn't encode %s
0xb28e8	encodeData: unknown type descriptor %s
0xb2910	decodeData:ofType: can't decode struct %s
0xb293c	decodeData:ofType: couldn't decode %s
0xb2964	decodeData: unknown type descriptor %s
0xb298c	decodeMachPort
0xb299c	decodeVM
0xb29a8	encodeObject: %x (%s)
0xb29c0	encodeObjectBycopy: %x (%s)
0xb29e0	encodeObjectBycopy: object %x of class %s does not implement encodeUsing:
0xb2a2c	decodeObject: nil object received
0xb2a50	"decodeObject: class ""%s"" not loaded"
0xb2a74	decodeObject-2
0xb2a84	don't call finishEncodingAndStartDecoding without first setting msg
0xb2acc	[finishEncoding send]
0xb2ae4	finishEncoding: %d chars %d ints %d ports %d oolds
0xb2b18	msg_rpcing to %d from %d
0xb2b34	msg_sending on %d
0xb2b48	finishEncoding: send/receive error %d:%s
0xb2b74	destination invalid
0xb2b88	send timed out
0xb2b98	bad origination
0xb2ba8	receive timed out
0xb2bbc	Cannot send
0xb2bc8	tossing badly formed message
0xb2be8	startDecodingWithMsg-char
0xb2c04	startDecodingWithMsg-int
0xb2c20	startDecodingWithMsg - ood
0xb2c3c	startDecodingWithMsg-ports
0xb2c58	startDecoding: %d chars %d ints %d ports %d oolds from %d
0xb2c94	msg_receiving on %d, timeout %d
0xb2cb8	startDecoding: receive error %d:%s
0xb2cdc	could not recieve
0xb2cf0	finishDecoding
0xb2d00	finishDecoding-char
0xb2d14	finishDecoding: can't deallocate (chars)
0xb2d40	finishDecoding-int
0xb2d54	finishDecoding: can't deallocate (ints)
0xb2d7c	got aMsg on port %d
0xb2d94	received reply message from port %d via dps
0xb2dc4	exception during dispatch:%s
0xb2de4	NXPortPortal at %x contents:
0xb2e04	message type:
0xb2e28	unknown!! : %x
0xb2e38	"%d max %d current chars:""%s"""
0xb2e58	%d max %d current ints: 
0xb2e78	%d max %d current ports: 
0xb2e98	%d max %d current oolds
0xb2eb4	addr %x size %x dealloc %d
0xb2ed0	encodeMethodParams:onto: type=%s nargs %d
0xb2f00	encodeMethodParams:onto: cannot extract %d argument for type desc %s
0xb2f48	encodeMethodParams:onto: type=%s value=0x%x
0xb2f78	bad out parameter (not a pointer) %s
0xb2fa0	decodeMethodParamsFrom: incompatible method params: %s, nargs %d want %d
0xb2fec	bad size for type %s
0xb3004	bad type of parameter: %s
0xb3020	decodeMethodParamsFrom: type=%s value=0x%x
0xb304c	bad out/inout parameter type: %s
0xb3070	can't determine size of %s
0xb308c	bad out parameter: %s
0xb30a4	adding conn %x with inPortals %x (%d) outPortal %x (%d) root %x
0xb30e8	freeing Connection %x
0xb3100	NXConnection: %x death notification for port %x (%d)
0xb3138	trying to change root of connection, old %x new %x
0xb316c	setting root %x on connection %x
0xb3190	entering bad NXProxy: %x %d
0xb31b0	entering proxy with conn %x to %x
0xb31d4	isRemote
0xb31e8	new %s proxy %x for %x on conn %x
0xb320c	handleRequestOnPortal: id %x not available
0xb323c	handleRequestOnPortal: received message for %x with unknown sel: %s
0xb3284	handleRequestOnPortal: [0x%x '%s']
0xb32a8	Exception while executing remote message for [0x%x %s ...]
0xb32e4	target not reachable
0xb32fc	   handleRequestOnPortal returning, exception %d
0xb3330	out of memory
0xb3340	duplicate entry, seq # %u
0xb335c	hashgot stream %x (seq %u); might free %x
0xb3388	lost track of placeholder for seq %d
0xb33bc	seq %u %s stored in hash table
0xb33dc	[NXConnection run] - tossing received reply msg
0xb3410	uncaught exception : %d
0xb3434	remote object is not available
0xb3454	bad wire type
0xb3464	methodSignature for %s
0xb347c	entered forward:: [0x%x %s...]
0xb349c	messaging a local proxy
0xb34b8	messaging garbage!
0xb34cc	target does not implement method
0xb34f0	in forward:: - made packet [%x (name %x) %s...] conn:%x
0xb352c	in forward:: selName=%s received answer
0xb3558	exception during remote execution
0xb357c	exiting forward:: - [%x (name %x) %s...] conn:%x
0xb35b0	freeProxying %x
0xb35c4	already free
0xb35d4	Remote Object 0x%x received free, wire = %d
0xb3604	encodeUsing: broken invariant
0xb3624	encodeUsing: invalid Proxy %x
0xb3644	decodeUsing: %x isRemote->isLocal
0xb3668	decodeUsing: not given away
0xb3684	decodeUsing: bad wire type: %x!
0xb36a8	decodeUsing: protocol sent
0xb36c4	decodeUsing: %x isLocal->isRemote
0xb36e8	decodeUsing: %x isOther
0xb3704	decodeUsing: broken invariant
0xb3724	encodeRemotelyFor - converting local 0x%x (%s) into remote on conn %x
0xb377c	bad protocol version
0xb3794	Internal error
0xb37b8	asking to notify nil object
0xb37d4	port is no longer valid
0xb37ec	[NXPort free]: freeing MACH Port %d
0xb3814	not allowed
0xb3820	""""" """" """" """" 255 255 255 255 255 255 255 255"
0xb384c	NXCurrencyFormat
0xb3868	NXCurrencyGroup
0xb3878	"""."" """" 0"
0xb3884	NXNumberGroup
0xb389c	Unknown error
0xb38ac	/tmp/u.XXXXXX
0xb38bc	/tmp/t.XXXXXX
0xb38cc	%H:%M:%S %Z
0xb38d8	NSTimeFormatString
0xb38ec	%a %b %d %Y
0xb38f8	NSDateFormatString
0xb390c	%a %b %d %H:%M:%S %Z %Y
0xb3924	NSTimeDateFormatString
0xb394c	January February March April May June July August September October November December
0xb39a4	NSMonthNameArray
0xb39b8	Jan Feb Mar Apr May Jun Jul Aug Sep Oct Nov Dec
0xb39e8	NSShortMonthNameArray
0xb3a00	Sunday Monday Tuesday Wednesday Thursday Friday Saturday
0xb3a3c	NSWeekDayNameArray
0xb3a50	Sun Mon Tue Wed Thu Fri Sat
0xb3a6c	NSShortWeekDayNameArray
0xb3aa8	: illegal option -- 
0xb3ac0	: option requires an argument -- 
0xb3ae8	/etc/passwd
0xb3af4	Ev_LLPostEvent
0xb3b04	Evs_EventDeviceInfo
0xb3b18	Evs_ResetKeyboard
0xb3b2c	Evs_SetKeyRepeat
0xb3b40	Evs_CurrentKeyRepeat
0xb3b58	Evs_SetInitialKeyRepeat
0xb3b70	Evs_SetKeyMapping
0xb3b84	Evs_CurrentKeyMappingLength
0xb3ba0	Evs_CurrentKeyMapping
0xb3bb8	Evs_ResetMouse
0xb3bc8	Evs_SetClickTime
0xb3bdc	Evs_CurrentClickTime
0xb3bf4	Evs_SetClickSpace
0xb3c08	Evs_CurrentClickSpace
0xb3c20	Evs_SetMouseScaling
0xb3c34	Evs_CurrentMouseScaling
0xb3c4c	Evs_SetMouseHandedness
0xb3c64	Evs_CurrentMouseHandedness
0xb3c80	Evs_SetWaitThreshold
0xb3c98	Evs_CurrentWaitCursorInfo
0xb3cb4	Evs_SetWaitSustain
0xb3cc8	Evs_SetWaitFrameInterval
0xb3ce4	Evs_SetAutoDimTime
0xb3cf8	Evs_CurrentAutoDimTime
0xb3d10	Evs_GetDeltaAutoDimTime
0xb3d28	Evs_GetIdleTime
0xb3d38	Evs_SetAutoDimState
0xb3d4c	Evs_AutoDimmed
0xb3d5c	Evs_SetBrightness
0xb3d70	Evs_DeviceControlInfo
0xb3d88	Evs_SetAutoDimBrightness
0xb3da4	%.3s %.3s%3d %02d:%02d:%02d %d
0xb3dc4	localtime
0xb3dd0	/etc/zoneinfo
0xb3e5c	/etc/disktab
0xb3e6c	Disktab entry too long
0xb3ea0	:/bin:/usr/bin
0xb3eb4	/etc/xtab
0xb3ef8	/etc/fstab
0xb3f08	group.byname
0xb3f1c	group.bygid
0xb3f28	passwd.byname
0xb3f38	passwd.byuid
0xb3f48	/etc/ttys
0xb3f6c	/bin/csh
0xb3f80	/etc/shells
0xb3f8c	getwd: can't stat /
0xb3fa4	getwd: can't stat .
0xb3fbc	getwd: can't open ..
0xb3fd4	getwd: read error in ..
0xb3ff4	No space for monitor buffer(s)
0xb4014	mcount: gmon.out
0xb4028	gmon.out
0xb4034	mcount: tos overflow
0xb404c	initgroups: %s is in too many groups
0xb4074	setgroups
0xb4080	Malloc corrupted entering malloc
0xb40a4	Malloc corrupted leaving malloc
0xb40c8	start add 0x%x size %d free %d
0xb40e8	zone 0x%x 
0xb40f4	valloced -- start add 0x%x size %d free 0
0xb4120	ptr not in heap
0xb4134	Malloc corrupted entering realloc
0xb4158	Malloc corrupted leaving realloc
0xb417c	Malloc corrupted entering free
0xb419c	Malloc corrupted leaving free
0xb41bc	n %d size 0x%x data %x 
0xb41d8	**Bad heap: left child to big 0x%x
0xb41fc	**Bad heap: right child to big 0x%x
0xb4224	**Bad free area not marked free
0xb4248	**Bad heap: free area size is 0x%x
0xb426c	**Bad heap: back pointer to free heap is bad
0xb429c	**Bad heap: bad free area size
0xb42bc	number of regions used %d allocated %d
0xb42e4	INTERNAL
0xb42f0	EXTERNAL
0xb4304	beginadd %x endadd %x zone 0x%x type %s 
0xb4330	number of zones used %d allocated %d
0xb4358	freen %d freemaxn %d 
0xb4370	The free heap ---------------
0xb4390	bad zone piece size of zero
0xb43b0	Smashed zone. Header size invalid
0xb43d4	back pointer number to the lastfree is bad
0xb4400	back pointer to last free is bad
0xb4424	lastfree is not really free
0xb4444	end of last piece did not match end of zone
0xb4474	last piece in region bad
0xb4490	beginadd %x endadd %x zonep 0x%x type %s 
0xb44bc	add 0x%x size 0x%x free %d lastguyfree %d
0xb44e8	***bad piece at %x size of zero
0xb450c	-------- extend point --------
0xb452c	last piece in region is bad
0xb454c	bad zone
0xb4558	attempt to free or realloc space not in heap
0xb4588	internal verification of memory heap failed
0xb45b8	attempt to free or realloc space already freed
0xb45e8	vm_copy failed
0xb45f8	vm_deallocate failed
0xb4610	vm_allocate failed
0xb4624	memory allocation error: 
0xb4640	"%s ""%s"" %s %s %d %d"
0xb4668	ndbm: split not paired
0xb4688	Unknown signal
0xb4698	initstate: not enough state (%d bytes) with which to do jack; ignored.
0xb46e0	setstate: state info has been munged; not changed.
0xb4724	Regular expression too long
0xb4740	No previous regular expression
0xb4760	unmatched \(
0xb4770	missing ]
0xb477c	too many \(\) pairs
0xb4790	unmatched \)
0xb47c0	error %d
0xb47cc	SECURITY ALERT -- SYSLOG BUFFER OVERRUN -- ABORTING
0xb4864	GMT%c%d:%02d
0xb487c	longjmp botch
0xb488c	%d.%d.%d.%d
0xb4968	Memory Access
0xb4978	Illegal Instruction
0xb498c	Arithmetic
0xb4998	Emulation
0xb49a4	Software
0xb49b0	Breakpoint
0xb49bc	Unknown exception
0xb49d0	%s: %s(%d)
0xb49dc	Memory access exception on address 0x%x (%s)
0xb4a0c	Illegal instruction
0xb4a20	Arithmetic exception
0xb4a38	Emulation exception
0xb4a4c	Software exception
0xb4a60	Breakpoint exception
0xb4a78	unknown exception
0xb4a8c	%s: %s(%d %d %d)
0xb4aa0	successful
0xb4aac	invalid address
0xb4abc	protection failure
0xb4ad0	no space available
0xb4ae4	invalid argument
0xb4b00	resource shortage
0xb4b14	not receiver
0xb4b24	no access
0xb4b30	memory failure
0xb4b40	memory error
0xb4b50	port already in set
0xb4b64	port not member of set
0xb4b7c	name translation already exists
0xb4b9c	operation aborted
0xb4bb0	bootstrap operation not privileged
0xb4bd4	bootstrap operation name in use
0xb4bf4	bootstrap unknown service
0xb4c10	bootstrap service already active
0xb4c34	bootstrap bad count
0xb4c48	bootstrap no memory
0xb4c5c	invalid memory
0xb4c6c	invalid port
0xb4c7c	timed out
0xb4c88	will notify
0xb4c94	notify in progress
0xb4ca8	kernel refused message
0xb4cc0	send interrupted
0xb4cd4	send message too large
0xb4cec	send message too small
0xb4d04	message too large
0xb4d18	no space for message data
0xb4d34	only sender remaining
0xb4d4c	receive interrupted
0xb4d60	port receiver changed or port became enabled
0xb4d90	Type check failure in message interface
0xb4db8	Wrong return message ID
0xb4dd0	Server detected error
0xb4de8	Bad message ID
0xb4df8	Server found wrong arguments
0xb4e18	No reply should be sent
0xb4e30	Server raised exception
0xb4e48	User specified array not large enough for return info
0xb4e80	Netnameserver: name is not yours
0xb4ea4	Netnameserver: name not checked in
0xb4ec8	Netnameserver: no such host
0xb4ee4	Netnameserver: host not found
0xb4f04	unknown error
0xb4f14	NetMessage
0xb4f4c	MicroVax I
0xb4f58	MicroVax II
0xb4f94	Intel 386
0xb4fa0	Intel 486
0xb4fac	Intel 586
0xb4fb8	Unknown Subtype
0xb5018	Unknown CPU
0xb5024	Big Endian
0xb5030	Little Endian
0xb5040	Intel 80586SX
0xb5050	Intel 80586
0xb505c	Intel 80486SX
0xb506c	Intel 80486
0xb5078	Motorola 68040
0xb5088	Motorola 68030
0xb5098	HP-PA 7100LC
0xb50a8	Architecture Independent
0xb50d0	Power PC
0xb50dc	Motorola 88K
0xb50ec	Motorola 68K
0xb50fc	Intel 860
0xb5108	Intel 80x86
0xb512c	 %x:%x:%x:%x:%x:%x %s
0xb5144	%x:%x:%x:%x:%x:%x
0xb5158	 %x:%x:%x:%x:%x:%x
0xb516c	ethers.byname
0xb5184	ethers.byaddr
0xb5194	networks.byaddr
0xb51a4	networks.byname
0xb51bc	Cycle detected in /etc/netgroup: %s.
0xb51ec	syntax error in /etc/netgroup
0xb5214	protocols.bynumber
0xb5228	protocols.byname
0xb5240	netgroup.byuser
0xb5250	netgroup.byhost
0xb5260	innetgr: recursive overflow
0xb5280	netgroup
0xb528c	innetgr: netgroup %s called recursively
0xb52b8	innetgr: syntax error in /etc/netgroup
0xb52e4	%s: unknown host
0xb52f8	socket: All ports in use
0xb5314	rcmd: socket
0xb5324	connect to address %s: 
0xb533c	Trying %s...
0xb534c	write: setting up stderr
0xb5370	socket: protocol failure in circuit setup.
0xb539c	Protocol error, %s closed connection
0xb53c4	Protocol error, %s sent %d bytes
0xb53e8	/etc/hosts.equiv
0xb53fc	/.rhosts
0xb5408	rexec: socket
0xb5418	getsockname
0xb5424	Name (%s:%s): 
0xb5434	Password (%s:%s): 
0xb5480	password
0xb549c	%s/.netrc
0xb54a8	Error - .netrc file not correct mode.
0xb54d0	Remove password or correct mode.
0xb54f4	Unknown .netrc option %s
0xb5514	/etc/utmp
0xb5524	Can't make key
0xb553c	ZONEINIT
0xb5548	UPDATEMA
0xb555c	UPDATEDA
0xb55b0	NOCHANGE
0xb55e4	NXDOMAIN
0xb55f0	SERVFAIL
0xb5648	ftp-data
0xb56d4	hostnames
0xb56e0	iso-tsap
0xb56f4	x400-snd
0xb5700	csnet-ns
0xb572c	uucp-path
0xb576c	snmp-trap
0xb5778	print-srv
0xb57c4	;; res options:
0xb57d8	;; ->>HEADER<<- opcode: %s, status: %s, id: %d
0xb5808	; flags:
0xb582c	; Ques: %d
0xb5838	, Ans: %d
0xb5844	, Auth: %d
0xb5850	, Addit: %d
0xb585c	;; QUESTIONS:
0xb5870	, type = %s
0xb587c	, class = %s
0xb588c	;; ANSWERS:
0xb589c	;; AUTHORITY RECORDS:
0xb58b4	;; ADDITIONAL RECORDS:
0xb58cd	;; ...truncated
0xb58e1	;; ...malformed
0xb5904	; proto %d, port %d
0xb5921	;; *** Warning *** OS-type missing
0xb594f	; serial
0xb5963	; refresh (%s)
0xb597b	; retry (%s)
0xb5993	; expire (%s)
0xb59ad	; minimum (%s)
0xb59cd	%s %s ( 
0xb59e8	;; packet size error (found %d, dlen was %d)
0xb5a80	NSAP_PTR
0xb5b30	insecure1
0xb5b3c	insecure2
0xb5b5c	%d day%s
0xb5b68	%d hour%s
0xb5b74	%d min%s
0xb5b80	%d sec%s
0xb5b8c	LOCALDOMAIN
0xb5b98	/etc/resolv.conf
0xb5bb8	nameserver
0xb5bc4	sortlist
0xb5be0	RES_OPTIONS
0xb5bf0	";; res_setoptions(""%s"", ""%s"")..."
0xb5c1f	ndots=%d
0xb5c2c	";; res_setoptions(""%s"", ""%s"").."
0xb5c5c	/locations/resolver
0xb5c74	;; res_mkquery(%d, %s, %d, %d)
0xb5c94	;; res_query(%s, %d, %d)
0xb5cb0	;; res_query: mkquery failed
0xb5cd0	;; res_query: send error
0xb5cec	;; rcode = %d, ancount=%d
0xb5d10	;; res_querydomain(%s, %s, %d, %d)
0xb5d34	%.*s.%.*s
0xb5d40	HOSTALIASES
0xb5d4c	res_send: %s ([%s].%u): %s
0xb5d68	res_send: %s: %s
0xb5d7c	;; res_send()
0xb5d8c	;; Querying server (# %d) address = %s
0xb5db4	socket(vc)
0xb5dc0	connect/vc
0xb5dcc	write failed
0xb5ddc	read failed
0xb5de8	;; response truncated
0xb5e00	read(vc)
0xb5e0c	socket(dg)
0xb5e18	connect(dg)
0xb5e3c	;; timeout
0xb5e48	recvfrom
0xb5e54	;; old answer:
0xb5e64	;; not our server:
0xb5e78	;; wrong query name:
0xb5e90	server rejected query:
0xb5ea8	;; truncated answer
0xb5ec0	;; got answer:
0xb5ed0	"gethostby*.getanswer: asked for ""%s"", got CNAME for ""%s"""
0xb5f0c	"gethostby*.getanswer: asked for ""%s %s %s"", got type ""%s"""
0xb5f48	size (%d) too big
0xb5f5c	Too many addresses (%d)
0xb5f78	Impossible condition (type=%d)
0xb5f98	res_search failed (%d)
0xb5fb0	%u.%u.%u.%u.in-addr.arpa
0xb5fcc	res_query failed (%d)
0xb5fe4	0.0.0.%u.in-addr.arpa
0xb5ffc	0.0.%u.%u.in-addr.arpa
0xb6014	0.%u.%u.%u.in-addr.arpa
0xb602c	res_query failed
0xb6040	No address associated with name
0xb6060	Unknown server error
0xb6078	Host name lookup failure
0xb6094	Unknown host
0xb60a4	Resolver Error 0 (no error)
0xb60c0	Resolver internal error
0xb60d8	Unknown resolver error
0xb60f0	/etc/hosts
0xb60fc	hosts.byname
0xb610c	hosts.byaddr
0xb611c	alias_getbyname
0xb612c	alias_getent
0xb613c	bootp_getbyether
0xb6150	bootp_getbyip
0xb6160	bootparams_getbyname
0xb6178	getgrgid
0xb6184	getgrnam
0xb6190	initgroups
0xb619c	getgrent
0xb61a8	group.byusr
0xb61b4	gethostbyaddr
0xb61c4	gethostbyname
0xb61d4	gethostent
0xb61e0	getmntent
0xb61ec	getnetbyaddr
0xb61fc	getnetbyname
0xb620c	getnetent
0xb6220	getnetgrent
0xb622c	getprotobynumber
0xb6240	getprotobyname
0xb6250	getprotoent
0xb625c	prdb_getbyname
0xb626c	prdb_get
0xb6278	getpwuid
0xb6284	getpwnam
0xb6290	getpwent
0xb629c	getrpcbynumber
0xb62ac	getrpcbyname
0xb62bc	getrpcent
0xb62c8	getservbyport
0xb62d8	getservbyname
0xb62e8	getservent
0xb62f4	Communication failure
0xb630c	Invalid operation on master
0xb6328	Invalid domain
0xb6338	Master server is busy
0xb6350	No such user
0xb6360	Authentication error
0xb6378	No such tag
0xb6384	Duplicate domain tag: can't serve it
0xb63ac	Can't find address of server
0xb63cc	Operation makes no sense on clone
0xb63f0	Can't regenerate: already in use
0xb6414	Remote system error
0xb6428	No writes allowed: all objects are read-only
0xb6458	No response from remote parent
0xb6478	Hit network root domain
0xb6490	Serialization error
0xb64a4	Object is not child of parent: cannot destroy
0xb64d4	Cannot delete name object with children
0xb64fc	No such name
0xb650c	No such property
0xb6520	No such directory
0xb6534	Permission denied
0xb6548	No space available for write operation
0xb6570	Write attempted on stale version of object
0xb659c	ID is invalid
0xb65ac	Operation succeeded
0xb65c0	(unknown error)
0xb65d8	machines
0xb65e4	ip_address
0xb660c	NetInfo timeout connecting to local domain, sleeping
0xb6644	NetInfo connection to local domain waking
0xb6670	NetInfo connect call to: %s/%s (local %d)
0xb669c	NetInfo connect call to: %s/%s (network %d)
0xb66c8	NetInfo connect call to: %s/%s (world %d)
0xb66f4	NetInfo connect timeout (domain with master %s/%s), sleeping
0xb6734	NetInfo connect timeout (domain with server %s/%s), sleeping
0xb6774	NetInfo connected to %s/%s
0xb6790	NetInfo connection failed for server %s/%s
0xb67bc	NetInfo connection timeout
0xb67d8	%s on connection to %s/%s
0xb67f4	%s on initial connection to %s/%s
0xb6818	NetInfo timeout finding server for parent of %s/%s, sleeping
0xb6858	NetInfo %s/%s found parent %s/%s
0xb687c	Rogue NetInfo server detected: %s/%s
0xb68a4	/etc/printcap
0xb68c4	authunix_create: out of memory
0xb68e4	authunix_create:  xdr_authunix_parms failed
0xb6910	authunix_create_default:  gethostname failed:  %m
0xb6944	authunix_create_default:  getgroups failed:  %m
0xb6974	auth_none.c - Fatal marshalling problem
0xb699c	; errno = %s
0xb69ac	; low version = %lu, high version = %lu
0xb69d4	; why = 
0xb69e0	(unknown authentication error - %d)
0xb6a04	; s1 = %lu, s2 = %lu
0xb6a1c	RPC: Failed (unspecified error)
0xb6a3c	RPC: Program not registered
0xb6a58	RPC: Port mapper failure
0xb6a74	RPC: Unknown protocol
0xb6a8c	RPC: Unknown host
0xb6aa0	RPC: Remote system error
0xb6abc	RPC: Server can't decode arguments
0xb6ae0	RPC: Procedure unavailable
0xb6afc	RPC: Program/version mismatch
0xb6b1c	RPC: Program unavailable
0xb6b38	RPC: Authentication error
0xb6b54	RPC: Incompatible versions of RPC
0xb6b78	RPC: Timed out
0xb6b88	RPC: Unable to receive
0xb6ba0	RPC: Unable to send
0xb6bb4	RPC: Can't decode result
0xb6bd0	RPC: Can't encode arguments
0xb6bec	RPC: Success
0xb6bfc	RPC: (unknown error code)
0xb6c1c	Error %d
0xb6c28	Failed (unspecified error)
0xb6c44	Invalid server verifier
0xb6c5c	Client credential too weak
0xb6c78	Server rejected verifier
0xb6c94	Invalid client verifier
0xb6cac	Server rejected credential
0xb6cc8	Invalid client credential
0xb6ce4	Authentication OK
0xb6cf8	clntraw_create - Fatal header serialization error.
0xb6d2c	clnttcp_create: out of memory
0xb6d4c	clntudp_create: out of memory
0xb6d6c	get_myaddress: socket: %m
0xb6d88	get_myaddress: ioctl (get interface configuration): %m
0xb6dc0	get_myaddress: ioctl: %m
0xb6ddc	rpc.bynumber
0xb6dec	multi_call: socket: %m
0xb6e04	Cannot send multicall packet to %s: %m
0xb6e2c	select failure: %m
0xb6e40	%s.%d@%s
0xb6e4c	%s.%s@%s
0xb6e64	Cannot register service
0xb6e7c	pmap_getmaps rpc problem
0xb6e98	broadcast: ioctl (get interface configuration): %m
0xb6ecc	broadcast: ioctl (get interface flags): %m
0xb6ef8	Cannot create socket: %m
0xb6f14	Cannot set socket option SO_BROADCAST: %m
0xb6f40	Cannot send broadcast packet: %m
0xb6f64	Broadcast select problem: %m
0xb6f84	Cannot receive reply to broadcast: %m
0xb6fac	bad auth_len gid %d str %d auth %d
0xb6fd0	svc_run: select failed: %m
0xb6fec	can't reassign procedure number %d
0xb7010	couldn't create an rpc server
0xb7030	couldn't register prog %d vers %d
0xb7054	registerrpc: out of memory
0xb7070	svc_sendreply failed
0xb7088	trouble replying to prog %d
0xb70a4	never registered prog %d
0xb70c0	svctcp_create - tcp socket creation problem: %m
0xb70f0	svctcp_create - cannot getsockname or listen: %m
0xb7124	svctcp_create: out of memory
0xb7144	svc_tcp: makefd_xprt: out of memory
0xb7168	svcudp_create: socket creation problem: %m
0xb7194	svcudp_create - cannot getsockname: %m
0xb71bc	svcudp_create: out of memory
0xb71dc	enablecache: cache already enabled
0xb7200	enablecache: could not allocate cache
0xb7228	enablecache: could not allocate cache data
0xb7254	enablecache: could not allocate cache fifo
0xb7280	cache_set: victim not found
0xb729c	cache_set: victim alloc failed
0xb72bc	cache_set: could not allocate new rpc_buffer
0xb72ec	_svcauth_des:  key_decryptsessionkey failed
0xb7318	_svcauth_des:  bad nickname
0xb7334	_svcauth_des:  decryption failure
0xb7358	_svcauth_des:  window verifier mismatch
0xb7380	_svcauth_des:  replayed credential
0xb73a4	_svcauth_des:  invalid usecs
0xb73c4	_svcauth_des:  timestamp before last seen
0xb73f0	_svcauth_des:  timestamp expired
0xb7414	_svcauth_des:  encryption failure
0xb7438	_svcauth_des:  out of memory
0xb7458	authdes_getucred:  invalid nickname
0xb747c	authdes_getucred:  unknown netname
0xb74a0	authdes_getucred:  missed ucred cache
0xb74c8	xdr_bytes: out of memory
0xb74e4	xdr_string: out of memory
0xb7500	xdr_array: out of memory
0xb751c	xdrrec_create: out of memory
0xb753c	xdr_reference: out of memory
0xb755c	__dyld_fork_prepare
0xb7570	__dyld_fork_parent
0xb7584	__dyld_fork_child
0xb7598	__dyld_fork_child_final
0xb75b8	msg_send
0xb75d4	getrlimit
0xb75e0	yp operation succeeded
0xb75f8	args to yp function are bad
0xb7614	RPC failure on yp operation
0xb7630	can't bind to a server which serves domain
0xb765c	no such map in server's domain
0xb767c	no such key in map
0xb7690	internal yp server or client error
0xb76b4	local resource allocation failure
0xb76d8	no more records in map database
0xb76f8	can't communicate with portmapper
0xb771c	can't communicate with ypbind
0xb773c	can't communicate with ypserv
0xb775c	local domain name not set
0xb7778	yp map data base is bad
0xb7790	yp client/server version mismatch
0xb77b4	permission denied
0xb77c8	database is busy
0xb77dc	unknown yp client error code
0xb77fc	yp_all - TCP channel create failure
0xb7820	yp_all - RPC clnt_call (TCP) failure
0xb7848	/etc/yp/binding
0xb7858	0123456789
0xb7864	load_dom_binding:  malloc failure.
0xb7888	*** NXCreateHashTable: invalid style
0xb78b0	*** NXCreateHashTable: bug
0xb78cc	*** hashtable: count differs after rehashing; probably indicates a broken invariant: there are x and y such as isEqual(x, y) is TRUE but hash(x) != hash (y)
0xb796c	*** NXUniqueString: invariant broken
0xb7994	*** NXCreateMapTable: invalid creation parameters
0xb79c8	*** maptable: count differs after rehashing; probably indicates a broken invariant: there are x and y such as isEqual(x, y) is TRUE but hash(x) != hash (y)
0xb7a68	*** NXMapInsert: invalid key: -1
0xb7a8c	**** NXMapInsert: bug
0xb7aa4	**** NXMapRemove: incorrect table
0xb7ac8	**** NXMapRemove: bug
0xb7ae0	cacheUpdateLock
0xb7af0	cacheCollectionLock
0xb7b04	messageLock
0xb7b10	FREED(id)
0xb7b1c	NONEXISTENT(id)
0xb7b30	class `%s' not linked into application
0xb7b5c	please link appropriate classes in your program
0xb7b8c	unable to allocate space
0xb7ba8	%c %s %s %s
0xb7bb8	%d found %x %x: %s
0xb7bcc	/tmp/msgSends-%d
0xb7be0	Object: SubTypeUntil: end of type encountered prematurely
0xb7c24	objc: task_thread failed
0xb7c40	OBJC_REPORT_GARBAGE
0xb7c54	objc: total of %d bytes of garbage ...
0xb7c7c	below threshold
0xb7c90	collecting!
0xb7ca0	in critical region
0xb7cb4	messageLock taken
0xb7cc8	does not recognize 
0xb7ce0	no instance-method cache for class %s
0xb7d08	instance-method cache for class %s:
0xb7d30	no class-method cache for class %s
0xb7d54	class-method cache for class %s:
0xb7d80	duplicates = %d
0xb7d94	total cache fills = %d
0xb7db4	instance
0xb7dc0	%u %s-method caches (out of %u classes):
0xb7ded	%s-method cache size distribution:
0xb7e14	  %d slots: %u
0xb7e24	  %u %s-method caches with %d slots (%u%% efficiency):
0xb7e5c	  %.2f average entries (%u maximum)
0xb7e84	  %.2f average lookup chain (%u maximum)
0xb7eb0	  %.2f average miss chain (%u maximum)
0xb7ed8	cummulative method cache statistics:
0xb7f00	  %u entries in %u slots (%u%% efficiency)
0xb7f2c	  %u negative entries (%u%%)
0xb7f4c	  %lu bytes malloced data
0xb7f68	lookup chain length distribution:
0xb7f8c	  length %u: %u
0xb7fa1	miss chain length distribution:
0xb7fc4	%p != %p but !strcmp(%s, %s)
0xb7fe4	objc: %s: %s
0xb7ff4	objc: %s
0xb8000	objc: %s
0xb800c	__module_info
0xb8024	__runtime_setup
0xb8034	__meth_var_names
0xb8048	__selector_strs
0xb8058	__message_refs
0xb8068	__sel_backref
0xb8078	__protocol
0xb8084	__string_object
0xb8094	__cls_refs
0xb80a0	NXConstantString
0xb80b4	Unable to install protocols by name...
0xb80dc	Class %s must be recompiled.
0xb80fc	loadLock
0xb8108	objc_loadModules(%s) NSObjectFileImageReturnCode = %d
0xb8140	objc_unloadModules(): No modules to unload
0xb816c	class %d: %s
0xb817c	classLock
0xb8188	unable to allocate module vector
0xb81ac	unable to remove category %s...
0xb81d0	class `%s' not linked into application
0xb81f8	unable to add protocols from category %s...
0xb8228	class `%s' must be recompiled
0xb8248	unable to add category %s...
0xb8268	Both %s and %s have implementations of class %s.
0xb829c	Using implementation from %s.
0xb82bc	.objc_class_name_
0xb82d0	.objc_category_name_
0xb82e8	undoing preuniquing for %s
0xb8304	bashing 0x%x with sel (0x%x) '%s'
0xb8328	uniquing selectors for %s
0xb8344	   uniquing message_refs
0xb8360	   uniquing method lists
0xb8384	rocketLaunching == %s
0xb839c	backing off because no backref table for: %s
0xb83cc	installing backref table for: %s
0xb83f0	OBJC_DISABLE_OBJCUNIQUE
0xb8408	OBJC_UNIQUE_DEBUG
0xb841c	OBJC_INIT_TIME
0xb842c	OBJC_DUMP_CLASSES
0xb8444	_objcInit took %f seconds (selector uniqing is %s)
0xb8478	cow_faults: %d
0xb8488	dynamic hash entries = %d
0xb84a4	classes...
0xb84b0	unlinking is not supported in this version of Objective C
0xb84ec	selectorLock
0xb84fc	found %s
0xb8508	Z: (%p) %s ==> (%p) %s
0xb8520	A: (%p) %s ==> (%p) %s
0xb8538	B: (%p) %s ==> (%p) %s
0xb8550	C: (%p) %s ==> (%p) %s
0xb8568	bsearch failure...
0xb857c	D: (%p) %s ==> (%p) %s
0xb859c	freeze-dried
0xb85ac	%s selector hashtable for %s:
0xb85cc	slot[%u]: 
0xb85d8	%s selector hashtable for %s (depth = %u):
0xb8604	%u entries in %u slots (%.2f entries/slot)
0xb8630	%u empty slots (%u%%)
0xb8648	%u redundant entries (%u%%)
0xb8668	%.2f average lookup chain (%u maximum)
0xb8690	%.2f average miss chain (%u maximum)
0xb86b8	%u bytes malloced data + %u bytes shared data
0xb86e8	%u bytes malloced data
0xb8700	cummulative selector hashtable statistics:
0xb872c	%.2f average lookup depth (%u maximum)
0xb8754	%u miss depth
0xb8764	<%s: 0x%x>
0xb8770	Protocol %s must be recompiled.
0xb8794	Exception handlers were not properly removed.
0xb87c4	Attempt to remove unrecognized exception handler.
0xb87f8	Uncaught exception #%d
0xb8810	moninitobjc is obsoleted, refer to documentation for how to do profiling
0xb885c	Does not recognize selector %s
0xb887c	*** HashTable: count differs after rehashing; probably indicates a broken invariant: there are x and y such as isEqual(x, y) is TRUE but hash(x) != hash (y)
0xb8920	HashTable
0xb8930	%s[0x%x]
0xb893c	%d[0x%x]
0xb8958	Table [%s -> %s]: 
0xb896b	count: %d
0xb8975	capacity: %d
0xb8998	category of
0xb89a4	Loading %s '%s'
0xb89b8	Error loading %s
0xb89cc	Couldn't find %s in bundle for %s
0xb89f0	Language
0xb8a04	NXLanguage
0xb8a10	/version
0xb8a28	/NextLibrary/Languages/%s%s.lproj/%s
0xb8a50	/NextLibrary/Languages/%s%s.lproj
0xb8a74	/usr/lib/
0xb8a80	%s/%s.lproj
0xb8a8c	Localizable
0xb8aa0	*** NXPropertyList: Syntax error line %u
0xb8ae0	NXPropertyList: discarded input at line %u of file %s
0xb8b18	*** NXCleanList: Syntax error line %u
0xb8b50	NXSimpleReadOnlyString
0xb8b68	Out of bounds
0xb8b78	NXString error %d: %s
0xb8b90	%s, length %d: 
0xb8bac	NXStringTable: parse error before end of stream
0xb8bdc	NXStringTable: parse error before '%c'
0xb8c0c	*** -[Storage initCount:elementSize:description:]: count cannot be greater than 0xD0000000
0xb8c68	*** -[Storage setNumSlots:]: numSlots cannot be greater than 0xD0000000
0xb8cb4	*** -[Storage setAvailableCapacity:]: numSlots cannot be greater than 0xD0000000
0xb8d08	*** -[Storage addElement:]: adding element would cause numSlots to be greater than 0xD0000000
0xb8d68	*** -[Storage insertElement:at:]: index cannot be greater than 0xD0000000
0xb8dc8	expecting a reading stream
0xb8de4	expecting a writing stream
0xb8e00	file inconsistency: read '%s', expecting '%s'
0xb8e30	class error for '%s': %s
0xb8e4c	type descriptor error for '%c': %s
0xb8e70	typedstream: snail? cannot recognize byte sex.
0xb8ea0	NXOpenTypedStream: invalid mode
0xb8ec0	NXOpenTypedStream: null stream
0xb8ee0	typedstream
0xb8eec	streamtyped
0xb8ef8	file cannot be saved
0xb8f10	missing ']' in type descriptor
0xb8f30	unknown type descriptor
0xb8f48	excess characters in type descriptor
0xb8f81	Written %s object %s: %ld bytes
0xb8fa4	found null class
0xb8fb8	NXReadObject: inconsistency between written data and read:
0xb8ff4	class not loaded
0xb9008	wrong super class
0xb901c	NXWriteRootObject: already done
0xb903c	NXWriteObjectReference: NXWriteRootObject has not been previously done
0xb9084	NXOpenTypedStreamForFile: invalid mode
0xb90b4	__dyld_image_count
0xb90c8	__dyld_get_image_header
0xb90e0	__dyld_get_image_vmaddr_slide
0xb9100	__dyld_get_image_name
0xb9118	__dyld_moninit
0xb9128	__dyld_launched_prebound
0xb9144	__dyld_lookup_and_bind
0xb915c	__dyld_lookup_and_bind_objc
0xb9178	__dyld_lookup_and_bind_fully
0xb9198	__dyld_bind_fully_image_containing_address
0xb91c4	__dyld_register_func_for_add_image
0xb91e8	__dyld_register_func_for_link_module
0xb9210	__dyld_register_func_for_unlink_module
0xb9238	__dyld_register_func_for_replace_module
0xb9260	__dyld_get_objc_module_sect_for_module
0xb9288	__dyld_bind_objc_module
0xb92a0	__dyld_install_handlers
0xb92b8	__dyld_NSNameOfModule
0xb92d0	__dyld_NSLibraryNameForModule
0xb92f0	__dyld_NSIsSymbolNameDefined
0xb9310	__dyld_NSLookupAndBindSymbol
0xb9330	__dyld_NSNameOfSymbol
0xb9348	__dyld_NSAddressOfSymbol
0xb9364	__dyld_NSModuleForSymbol
0xb9380	__dyld_NSAddLibrary
0xb93a0	can't allocate memory for NSObjectFileImage
0xb93cc	can't determine the host architecture (specify an arch_flag or fix get_arch_from_host() )
0xb9428	fat file: %s architecture %s is not an archive (object_name to ofile_map() can't be specified to be other than NULL)
0xb94a0	file: %s is not an archive (object_name to ofile_map() can't be specified to be other than NULL)
0xb9504	object file: %s(%.*s) does not match specified arch_flag: %s passed to ofile_map()
0xb9558	archive file: %s objects do not match specified arch_flag: %s passed to ofile_map()
0xb95ac	Can't vm_deallocate mapped memory for file: %s
0xb95dc	ofile_first_arch() called and file type of: %s is not a fat file
0xb9620	ofile_next_arch() called and file type of: %s is not a fat file
0xb9664	internal error. ofile_specific_arch() called but file is not a fat file or an archive with a fat member 
0xb96d0	ofile_first_member() called on fat file: %s with a non-archive architecture or no architecture selected
0xb973c	ofile_first_member() called and file type of %s is OFILE_UNKNOWN
0xb9780	internal error. ofile_first_member() called but file does not have an archive magic string
0xb97dc	truncated or malformed (archive header of first member extends past the end of the file)
0xb9838	fat file truncated or malformed (fat_arch structs would extend past the end of the archive member)
0xb989c	ofile_next_member() called on fat file: %s with a non-archive architecture or no architecture selected
0xb9904	ofile_next_member() called and file type of %s is OFILE_UNKNOWN
0xb9948	internal error. ofile_next_member() called but file does not have an archive magic string
0xb99a4	internal error. ofile_next_member() called but the ofile struct does not have an archive member selected
0xb9a10	truncated or malformed (archive header of next member extends past the end of the file)
0xb9a68	ofile_specific_member() called on fat file: %s with a non-archive architecture or no architecture selected
0xb9ad4	ofile_specific_member() called and file type of %s is OFILE_UNKNOWN
0xb9b1c	internal error. ofile_specific_member() called but file does not have an archive magic string
0xb9b7c	does not contain a member named: %s
0xb9ba0	ofile_first_module() called on fat file: %s with a non-MH_DYLIB architecture or no architecture selected
0xb9c0c	ofile_first_module() called and file type of %s is non-MH_DYLIB
0xb9c50	MH_DYLIB format error (does not have a symbol table and/or a dynamic symbol table)
0xb9ca4	ofile_next_module() called on fat file: %s with a non-MH_DYLIB architecture or no architecture selected
0xb9d10	ofile_next_module() called and file type of %s is non-MH_DYLIB
0xb9d50	ofile_specific_module() called on fat file: %s with a non-MH_DYLIB architecture or no architecture selected
0xb9dc0	ofile_specific_module() called and file type of %s is non-MH_DYLIB
0xb9e04	does not contain a module named: %s
0xb9e28	internal error. check_fat() call and file type of: %s is not OFILE_FAT
0xb9e70	internal error. check_fat_object_in_archive() called and file type of: %s is not OFILE_ARCHIVE
0xb9ed0	fat file malformed (contains zero architecture types)
0xb9f08	fat file truncated or malformed (offset plus size of cputype (%d) cpusubtype (%d) extends past the end of the file)
0xb9f7c	fat file's align (2^%lu) too large for cputype (%d) cpusubtype (%d) (maximum 2^%d)
0xb9fd0	fat file's offset: %lu for cputype (%d) cpusubtype (%d) not aligned on it's alignment (2^%lu)
0xba030	fat file for cputype (%d) cpusubtype (%d) is not an object file (size too small to be an object file)
0xba098	fat file for cputype (%d) cpusubtype (%d) is not an object file (bad magic number)
0xba0ec	fat file contains two of the same architecture (cputype (%d) cpusubtype (%d))
0xba13c	internal error. check_archive() call and file type of %s is OFILE_UNKNOWN
0xba188	internal error. check_archive() call for file %s which does not have an archive magic string
0xba1e8	is a fat file (not allowed in an archive)
0xba214	cputype (%d) does not match previous archive members cputype (%d) (all members must match)
0xba270	malformed fat file (fat header architecture: %lu's cputype does not match object file's mach header)
0xba2d8	malformed object (load command %lu cmdsize not a multiple of sizeof(long))
0xba324	truncated or malformed object (load command %lu extends past the end of the file)
0xba378	malformed object (load command %lu cmdsize is zero)
0xba3ac	malformed object (inconsistant cmdsizein LC_SEGMENT command %lu for the number of sections)
0xba408	truncated or malformed object (LC_SEGMENT command %lu fileoff field extends past the end of the file)
0xba470	truncated or malformed object (LC_SEGMENT command %lu fileoff field plus filesize field extends past the end of the file)
0xba4ec	truncated or malformed object (offset field of section %lu in LC_SEGMENT command %lu extends past the end of the file)
0xba564	truncated or malformed object (offset field plus size field of section %lu in LC_SEGMENT command %lu extends past the end of the file)
0xba5ec	truncated or malformed object (reloff field of section %lu in LC_SEGMENT command %lu extends past the end of the file)
0xba664	truncated or malformed object (reloff field plus nreloc field times sizeof(struct relocation_info) of section %lu in LC_SEGMENT command %lu extends past the end of the file)
0xba714	malformed object (more than one LC_SYMTAB command)
0xba748	malformed object (LC_SYMTAB command %lu has incorrect cmdsize)
0xba788	truncated or malformed object (symoff field of LC_SYMTAB command %lu extends past the end of the file)
0xba7f0	truncated or malformed object (symoff field plus nsyms field times sizeof(struct nlist) of LC_SYMTAB command %lu extends past the end of the file)
0xba884	truncated or malformed object (stroff field of LC_SYMTAB command %lu extends past the end of the file)
0xba8ec	truncated or malformed object (stroff field plus strsize field of LC_SYMTAB command %lu extends past the end of the file)
0xba968	malformed object (more than one LC_DYSYMTAB command)
0xba9a0	malformed object (LC_DYSYMTAB command %lu has incorrect cmdsize)
0xba9e4	truncated or malformed object (tocoff field of LC_DYSYMTAB command %lu extends past the end of the file)
0xbaa50	truncated or malformed object (tocoff field plus ntoc field times sizeof(struct dylib_table_of_contents) of LC_DYSYMTAB command %lu extends past the end of the file)
0xbaaf8	truncated or malformed object (modtaboff field of LC_DYSYMTAB command %lu extends past the end of the file)
0xbab64	truncated or malformed object (modtaboff field plus nmodtab field times sizeof(struct dylib_module) of LC_DYSYMTAB command %lu extends past the end of the file)
0xbac08	truncated or malformed object (extrefsymoff field of LC_DYSYMTAB command %lu extends past the end of the file)
0xbac78	truncated or malformed object (extrefsymoff field plus nextrefsyms field times sizeof(struct dylib_reference) of LC_DYSYMTAB command %lu extends past the end of the file)
0xbad24	truncated or malformed object (indirectsymoff field of LC_DYSYMTAB command %lu extends past the end of the file)
0xbad98	truncated or malformed object (indirectsymoff field plus nindirectsyms field times sizeof(unsigned long) of LC_DYSYMTAB command %lu extends past the end of the file)
0xbae40	truncated or malformed object (extreloff field of LC_DYSYMTAB command %lu extends past the end of the file)
0xbaeac	truncated or malformed object (extreloff field plus nextrel field times sizeof(struct relocation_info) of LC_DYSYMTAB command %lu extends past the end of the file)
0xbaf50	truncated or malformed object (locreloff field of LC_DYSYMTAB command %lu extends past the end of the file)
0xbafbc	truncated or malformed object (locreloff field plus nlocrel field times sizeof(struct relocation_info) of LC_DYSYMTAB command %lu extends past the end of the file)
0xbb060	malformed object (LC_SYMSEG command %lu has incorrect cmdsize)
0xbb0a0	truncated or malformed object (offset field of LC_SYMSEG command %lu extends past the end of the file)
0xbb108	truncated or malformed object (offset field plus size field of LC_SYMTAB command %lu extends past the end of the file)
0xbb180	malformed object (%s command %lu has too small cmdsize field)
0xbb1c0	truncated or malformed object (name.offset field of %s command %lu extends past the end of the file)
0xbb228	malformed object (LC_PREBIND_DYLIB command %lu has too small cmdsize field)
0xbb274	truncated or malformed object (name.offset field of LC_PREBIND_DYLIB command %lu extends past the end of the file)
0xbb2e8	truncated or malformed object (linked_modules.offset field of LC_PREBIND_DYLIB command %lu extends past the end of the file)
0xbb368	malformed object (count not M68K_THREAD_STATE_REGS_COUNT for flavor number %lu which is a M68K_THREAD_STATE_REGS flavor in %s command %lu)
0xbb3f4	malformed object (count not M68K_THREAD_STATE_68882_COUNT for flavor number %lu which is a M68K_THREAD_STATE_68882 flavor in %s command %lu)
0xbb484	malformed object (count not M68K_THREAD_STATE_USER_REG_COUNT for flavor number %lu which is a M68K_THREAD_STATE_USER_REG flavor in %s command %lu)
0xbb518	malformed object (unknown flavor for flavor number %lu in %s command %lu can't byte swap it)
0xbb578	malformed object (count not M98K_THREAD_STATE_GRF_COUNT for flavor number %lu which is a M98K_THREAD_STATE_GRF flavor in %s command %lu)
0xbb604	malformed object (count not M88K_THREAD_STATE_GRF_COUNT for flavor number %lu which is a M88K_THREAD_STATE_GRF flavor in %s command %lu)
0xbb690	malformed object (count not M88K_THREAD_STATE_XRF_COUNT for flavor number %lu which is a M88K_THREAD_STATE_XRF flavor in %s command %lu)
0xbb71c	malformed object (count not M88K_THREAD_STATE_USER_COUNT for flavor number %lu which is a M88K_THREAD_STATE_USER flavor in %s command %lu)
0xbb7a8	malformed object (count not M88110_THREAD_STATE_IMPL_COUNT for flavor number %lu which is a M88110_THREAD_STATE_IMPL flavor in %s command %lu)
0xbb838	malformed object (count not i386_THREAD_STATE_COUNT for flavor number %lu which is a i386_THREAD_STATE flavor in %s command %lu)
0xbb8bc	malformed object (count not i386_THREAD_FPSTATE_COUNT for flavor number %lu which is a i386_THREAD_FPSTATE flavor in %s command %lu)
0xbb944	malformed object (count not i386_THREAD_EXCEPTSTATE_COUNT for flavor number %lu which is a i386_THREAD_EXCEPTSTATE flavor in %s command %lu)
0xbb9d4	malformed object (count not i386_THREAD_CTHREADSTATE_COUNT for flavor number %lu which is a i386_THREAD_CTHREADSTATE flavor in %s command %lu)
0xbba64	malformed object (count not HPPA_INTEGER_THREAD_STATE_COUNT for flavor number %lu which is a HPPA_INTEGER_THREAD_STATE flavor in %s command %lu)
0xbbaf8	malformed object (count not HPPA_FRAME_THREAD_STATE_COUNT for flavor number %lu which is a HPPA_FRAME_THREAD_STATE flavor in %s command %lu)
0xbbb88	malformed object (count not HPPA_FP_THREAD_STATE_COUNT for flavor number %lu which is a HPPA_FP_THREAD_STATE flavor in %s command %lu)
0xbbc10	malformed object (count not SPARC_THREAD_STATE_REGS_COUNT for flavor number %lu which is a SPARC_THREAD_STATE_REGS flavor in %s command %lu)
0xbbca0	malformed object (count not SPARC_THREAD_STATE_FPU_COUNT for flavor number %lu which is a SPARC_THREAD_STATE_FPU flavor in %s command %lu)
0xbbd2c	malformed object (unknown cputype and cpusubtype of object and can't byte swap and check %s command %lu)
0xbbd98	truncated or malformed object (cmdsizefield of LC_IDENT command %lu extends past the end of the load commands
0xbbe08	malformed object (unknown load command %lu)
0xbbe34	truncated or malformed object (contains LC_DYSYMTAB load command without a LC_SYMTAB load command
0xbbe98	truncated or malformed object (ilocalsym in LC_DYSYMTAB load command extends past the end of the symbol table
0xbbf08	truncated or malformed object (ilocalsym plus nlocalsym in LC_DYSYMTAB load command extends past the end of the symbol table
0xbbf88	truncated or malformed object (iextdefsym in LC_DYSYMTAB load command extends past the end of the symbol table
0xbbff8	truncated or malformed object (iextdefsym plus nextdefsym in LC_DYSYMTAB load command extends past the end of the symbol table
0xbc078	truncated or malformed object (iundefsym in LC_DYSYMTAB load command extends past the end of the symbol table
0xbc0e8	truncated or malformed object (iundefsym plus nundefsym in LC_DYSYMTAB load command extends past the end of the symbol table
0xbc168	malformed object (inconsistant sizeofcmds field in mach header)
0xbc1a8	%s: for architecture %s archive: %s 
0xbc1d0	%s: archive: %s 
0xbc1e4	%s: for architecture %s archive member: %s(%.*s) 
0xbc218	%s: archive member: %s(%.*s) 
0xbc238	%s: for architecture %s object: %s(%.*s) 
0xbc264	%s: for architecture %s object: %s 
0xbc288	%s: for object: %s(%.*s) architecture %s 
0xbc2b4	%s: object: %s(%.*s) 
0xbc2cc	%s: object: %s 
0xbc2dc	cputype (1234567890) cpusubtype (1234567890)
0xbc30c	cputype (%d) cpusubtype (%d)
0xbc32c	__dyld_link_module
0xbc340	__dyld_event_server_callback
0xc204b	?=951-)%!
0xc2124	2nV01}D9R7N
0xc5bc0	  ##%%&&))**,,//1122447788;;==>>@@CCEEFFIIJJLLOOQQRRTTWWXX[[]]^^aabbddgghhkkmmnnppssuuvvyyzz||
0xc5d44	<4,$?7/'
0xc5d93	"(3-!0,1'8""5.*2$"
0xc5ff4	SunMonTueWedThuFriSatJanFebMarAprMayJunJulAugSepOctNovDec
0xc609d	         (((((                  
0xc61ac	Not owner
0xc61b6	No such file or directory
0xc61d0	No such process
0xc61e0	Interrupted system call
0xc61f8	I/O error
0xc6202	No such device or address
0xc621c	Arg list too long
0xc622e	Exec format error
0xc6240	Bad file number
0xc6250	No children
0xc625c	No more processes
0xc626e	Not enough memory
0xc6280	Permission denied
0xc6292	Bad address
0xc629e	Block device required
0xc62b4	Device busy
0xc62c0	File exists
0xc62cc	Cross-device link
0xc62de	No such device
0xc62ed	Not a directory
0xc62fd	Is a directory
0xc630c	Invalid argument
0xc631d	File table overflow
0xc6331	Too many open files
0xc6345	Inappropriate ioctl for device
0xc6364	Text file busy
0xc6373	File too large
0xc6382	No space left on device
0xc639a	Illegal seek
0xc63a7	Read-only file system
0xc63bd	Too many links
0xc63cc	Broken pipe
0xc63d8	Argument too large
0xc63eb	Result too large
0xc63fc	Operation would block
0xc6412	Operation now in progress
0xc642c	Operation already in progress
0xc644a	Socket operation on non-socket
0xc6469	Destination address required
0xc6486	Message too long
0xc6497	Protocol wrong type for socket
0xc64b6	Option not supported by protocol
0xc64d7	Protocol not supported
0xc64ee	Socket type not supported
0xc6508	Operation not supported on socket
0xc652a	Protocol family not supported
0xc6548	Address family not supported by protocol family
0xc6578	Address already in use
0xc658f	Can't assign requested address
0xc65ae	Network is down
0xc65be	Network is unreachable
0xc65d5	Network dropped connection on reset
0xc65f9	Software caused connection abort
0xc661a	Connection reset by peer
0xc6633	No buffer space available
0xc664d	Socket is already connected
0xc6669	Socket is not connected
0xc6681	Can't send after socket shutdown
0xc66a2	Too many references: can't splice
0xc66c4	Connection timed out
0xc66d9	Connection refused
0xc66ec	Too many levels of symbolic links
0xc670e	File name too long
0xc6721	Host is down
0xc672e	Host is unreachable
0xc6742	Directory not empty
0xc6756	Too many processes
0xc6769	Too many users
0xc6778	Disc quota exceeded
0xc678c	Stale NFS file handle
0xc67a2	Too many levels of remote in path
0xc67c4	Not a stream device
0xc67d8	Timer expired
0xc67e6	Out of stream resources
0xc67fe	No message of desired type
0xc6819	Not a data message
0xc682c	Identifier removed
0xc683f	Deadlock situation detected/avoided
0xc6863	No record locks available
0xc687d	Device power is off
0xc6891	Device error
0xc689e	Device not initialized
0xc68b5	Bad executable (or shared library)
0xc68d8	Bad CPU type in executable
0xc68f3	Shared library version mismatch
0xc6913	Malformed Mach-o file
0xc6931	/tmp/xtabXXXXXX
0xc6941	/etc/group
0xc694c	/etc/utmp
0xc6a20	2nV01}D9R7N
0xc6a58	Signal 0
0xc6a68	Interrupt
0xc6a77	Illegal instruction
0xc6a8b	Trace/BPT trap
0xc6a9a	IOT trap
0xc6aa3	EMT trap
0xc6aac	Floating point exception
0xc6acc	Bus error
0xc6ad6	Segmentation fault
0xc6ae9	Bad system call
0xc6af9	Broken pipe
0xc6b05	Alarm clock
0xc6b11	Terminated
0xc6b1c	Urgent I/O condition
0xc6b31	Stopped (signal)
0xc6b4a	Continued
0xc6b54	Child exited
0xc6b61	Stopped (tty input)
0xc6b75	Stopped (tty output)
0xc6b8a	I/O possible
0xc6b97	Cputime limit exceeded
0xc6bae	Filesize limit exceeded
0xc6bc6	Virtual timer expired
0xc6bdc	Profiling timer expired
0xc6bf4	Window size changed
0xc6c08	Resource lost
0xc6c16	User defined signal 1
0xc6c2c	User defined signal 2
0xc6c62	" !""#$%&'()*+,-./0123456789:;<=>?@abcdefghijklmnopqrstuvwxyz[\]^_`abcdefghijklmnopqrstuvwxyz{|}~"
0xc6d42	/dev/log
0xc6d4b	/dev/console
0xc7220	/etc/ethers
0xc722c	/etc/networks
0xc723a	networks.byaddr
0xc724a	netgroup
0xc7253	/etc/protocols
0xc7262	/etc/services
0xc7270	services.byname
0xc7348	<4,$?7/'
0xc7397	"(3-!0,1'8""5.*2$"
0xc75c8	"gethostby*.getanswer: asked for ""%s"", got ""%s"""
0xc75fc	machines
0xc7605	ip_address
0xc7617	###UNKNOWN###
0xc7678	/etc/rpc
0xc7681	/usr/etc/keyenvoy
0xc7698	netid.byname
0xc7890	failed -- out of memory(%s, %u)
0xc78b0	allocating nil object
0xc78c6	message %s sent to freed object=0x%lx
0xc78ec	message %s sent to non-existent object=0x%lx
0xc7919	invalid selector %s
0xc792d	[%s poseAs:%s]: target not immediate superclass
0xc795d	[%s poseAs:%s]: %s defines new instance variables
0xc7c24	failed -- out of memory(%s, %u)
0xc7c44	reallocating nil object
0xc7c5c	reallocating freed object
0xc7c76	(%s, %u) requested size too small
0xc7c98	should have implemented the '%s' method.
0xc7cc1	should NOT have implemented the '%s' method.
0xc7cee	method '%s' not implemented
0xc7d0a	method %s given invalid selector %s
0xc7d2e	does not recognize selector %c%s
0xc8444	__common
0xca95d	         (((((                  
0xcaa9e	abcdefghijklmnopqrstuvwxyz
0xcaabe	ABCDEFGHIJKLMNOPQRSTUVWXYZ
0xcc910	$Header: thread.c,v 1.2 89/05/05 19:02:59 mrt Exp $
0xd2ed0	NXPortPortal
0xd2ee4	NXPortal
0xd2eed	NXDecoding
0xd2ef8	NXEncoding
0xd2f03	NXPortPortal.m
0xd2f19	NXNetNameServer
0xd2f29	NXConnection
0xd2f36	Transport
0xd2f40	Protocol
0xd2f4e	GetListOfProtocols
0xd2f61	isRemote
0xd2f6a	Object_MakeRemote_Import
0xd2f8b	NXInvalidationNotifier
0xd2fa2	Object_NXMethodSignature
0xd2fbb	NXMethodSignature
0xd2fcd	NXTransport
0xd2fd9	NXSenderIsInvalid
0xd2feb	NXReference
0xd2ff7	NXProxy.m
0xd3008	LogFunctions.m
0xd301e	NXData.m
0xd3027	NXInvalidationNotifier.m
0xd3040	NXRecursiveLock
0xd3050	NXConditionLock
0xd3060	NXSpinLock
0xd306b	NXLock.m
0xd3074	NXNetNameServer.m
0xd3086	NXPort.m
0xd308f	NXProtocolChecker
0xd30a1	NXProtocolChecker.m
0xd30b5	maptable.m
0xd30c0	objc-class.m
0xd30cd	objc-load.m
0xd30d9	objc-runtime.m
0xd30e8	Object.m
0xd30f1	Protocol.m
0xd30fc	HashTable
0xd3106	HashTable.m
0xd3121	NXBundle
0xd312a	Compatability
0xd3138	NXBundle.m
0xd3143	NXStringTable
0xd3151	NXCharacterSet
0xd3160	NXCharacterSet.m
0xd3171	Fancy_IO
0xd317a	NXReadOnlyString
0xd318b	NXString
0xd3194	NXCleanList
0xd31a0	NXPropertyList
0xd31af	Basic_IO
0xd31b8	NX_BS_Extras
0xd31c5	NXMutableString
0xd31d5	NXPropertyList.m
0xd31e6	NXReadWriteString
0xd31f8	NXConstantString
0xd3209	NXSimpleReadOnlyString
0xd3220	NXConstantString.m
0xd3233	NXMutableString.m
0xd3245	NXReadOnlyString.m
0xd3258	NXReadOnlySubstring
0xd326c	NXReadOnlySubstring.m
0xd3282	NXReadWriteString.m
0xd3296	NXSimpleReadOnlyString.m
0xd32af	NXString.m
0xd32ba	NXStringTable.m
0xd32ca	NXUniquedString
0xd32da	NXUniquedString.m
0xd32f4	Storage.m
0xd32fe	StreamTable
0xd330a	StreamTable.m
0xd3318	typedstream.m
0xd332f	"@""NXPort"""
0xd3342	v12@8:12^{?=b24b8Iiiii}16
0xd335c	@16@8:12@16r*20
0xd336c	@16@8:12r*16r*20
0xd337d	@13@8:12i16c20
0xd3394	^{?=^?^?^?^?}8@8:12
0xd33a8	@12@8:12i16
0xd33b4	@16@8:12^{?=b24b8Iiiii}16@20
0xd33d1	@9@8:12c16
0xd33dc	@16@8:12@16I20
0xd33eb	@12@8:12@16
0xd33f7	@16@8:12^^v16^i20
0xd3409	@17@8:12r^v16i20c24
0xd341d	@16@8:12r^v16i20
0xd342e	@12@8:12^i16
0xd343b	@16@8:12^v16i20
0xd344b	@16@8:12^v16r*20
0xd3464	@12@8:12^v16
0xd3479	@17@8:12@16^c20c24
0xd348c	@12@8:12O^@16
0xd349a	^{_objc_class}
0xd34ab	^{_objc_ivar_list}
0xd34be	^{_objc_method_list}
0xd34d3	^{objc_cache}
0xd34e1	^^{_objc_protocol}
0xd34f6	"@""NXConnection"""
0xd3506	"@""Protocol"""
0xd3515	{?=ii}16@8:12:16^v20
0xd352a	@16@8:12:16^{?=^?^?^?^?}20
0xd3545	c12@8:12@16
0xd3551	@16@8:12:16@20
0xd3560	@12@8:12:16
0xd356c	v12@8:12*16
0xd3578	v20@8:12*16i20i24
0xd358a	@12@8:12^{?=^?^?^?^?}16
0xd35aa	@16@8:12@16^{?=^?^?^?^?}20
0xd35c5	@20@8:12@16r*20^{?=^?^?^?^?}24
0xd35e4	@20@8:12@16@20^{?=^?^?^?^?}24
0xd3602	@16@8:12@16@20
0xd3611	@20@8:12r*16r*20^{?=^?^?^?^?}24
0xd3631	@16@8:12r*16^{?=^?^?^?^?}20
0xd364d	@12@8:12r*16
0xd365a	@20@8:12i16i20^{?=^?^?^?^?}24
0xd3678	@16@8:12I16@20
0xd3687	"{objc_method_description=""name"":""types""*}"
0xd36b1	@16@8:12^{objc_method_description=:*}16^{?=^?^?^?^?}20
0xd36e8	{?=ii}20@8:12@16^v20^v24
0xd3701	^v8@8:12
0xd3712	@20@8:12^{?=ii}16^v20@24
0xd372b	^v12@8:12@16
0xd3738	@16@8:12^v16@20
0xd3748	@17@8:12^v16I20c24
0xd375b	@12@8:12I16
0xd3767	"@""NXLock"""
0xd3779	^?8@8:12
0xd3782	@16@8:12^?16^v20
0xd3793	@12@8:12^?16
0xd37a0	^{objc_method_description=:*}12@8:12:16
0xd37c8	@16@8:12:16^v20
0xd37d8	^?12@8:12:16
0xd37e5	c12@8:12:16
0xd37f1	r*8@8:12
0xd37fa	c12@8:12r*16
0xd3807	I12@8:12:16
0xd3813	v12@8:12^{?=I**iilii^{stream_functions}^v}16
0xd3840	@20@8:12:16@20@24
0xd3852	^{objc_protocol_list}
0xd3868	^{objc_method_description_list}
0xd3888	@16@8:12^{?=#*^{objc_protocol_list}^{objc_method_description_list}^{objc_method_description_list}}16i20
0xd38f0	@20@8:12r*16r*20I24
0xd3904	@12@8:12^{?=I**iilii^{stream_functions}^v}16
0xd3931	c20@8:12^{?=ii}16r^^v20^^v24
0xd394e	{?=ii}8@8:12
0xd395b	^v12@8:12r^v16
0xd396a	^v16@8:12r^v16^v20
0xd397d	c12@8:12r^v16
0xd398b	@16@8:12^?16^?20
0xd399f	I12@8:12@16
0xd39b3	c20@8:12*16r*20r*24
0xd39c7	@12@8:12r^*16
0xd39d5	c28@8:12*16r*20r*24r*28i32
0xd39f0	^{?=I**iilii^{stream_functions}^v}12@8:12^{?=I**iilii^{stream_functions}^v}16
0xd3a41	@12@8:12r@16
0xd3a4e	@13@8:12C16C20
0xd3a5d	@16@8:12r*16I20
0xd3a6d	c9@8:12C16
0xd3a78	v16@8:12^{?=I**iilii^{stream_functions}^v}16^{?=IIc*}20
0xd3ab0	@16@8:12^{?=I**iilii^{stream_functions}^v}16^{?=I@@@@@c^{?}^{?}}20
0xd3af3	@16@8:12@16^{?=I@@@@@c^{?}^{?}}20
0xd3b15	c13@8:12@16c20
0xd3b24	c20@8:12^{?=i}16^@20^@24
0xd3b3d	{?=i}8@8:12
0xd3b49	v16@8:12r*16I20
0xd3b59	@16@8:12*16I20
0xd3b68	v16@8:12{?=II}16
0xd3b79	v12@8:12@16
0xd3b85	v16@8:12@16I20
0xd3b94	v20@8:12{?=II}16@24
0xd3ba8	"{__realStringFlags=""notCopied""b1""unused""b15""refs""b16}"
0xd3bde	@20@8:12{?=II}16^{?=^?^?^?^?}24
0xd3bfe	*12@8:12I16
0xd3c0a	@17@8:12*16I20c24
0xd3c1c	"@""NXReadOnlyString"""
0xd3c30	I28@8:12@16{?=II}20I28^v32
0xd3c4b	I28@8:12C16{?=II}20I28^v32
0xd3c66	{?=II}28@8:12@16{?=II}20I28^v32
0xd3c86	i20@8:12@16I20^v24
0xd3c99	v28@8:12*16I20{?=II}24^{?=II}32
0xd3cb9	v20@8:12*16{?=II}20
0xd3ccd	C12@8:12I16
0xd3cd9	I16@8:12C16I20
0xd3ce8	I20@8:12C16{?=II}20
0xd3cfc	I16@8:12@16I20
0xd3d0b	I20@8:12@16{?=II}20
0xd3d1f	{?=II}16@8:12@16I20
0xd3d33	{?=II}20@8:12@16{?=II}20
0xd3d4c	{?=II}12@8:12@16
0xd3d5d	i16@8:12@16I20
0xd3d6c	v24@8:12*16I20{?=II}24
0xd3d83	v16@8:12*16I20
0xd3d92	@20@8:12^{?=I**iilii^{stream_functions}^v}16I20@24
0xd3dc5	@16@8:12{?=II}16
0xd3dd6	I9@8:12C16
0xd3de1	i12@8:12@16
0xd3df5	@16@8:12@16*20
0xd3e04	@20@8:12^{?=I**iilii^{stream_functions}^v}16@20I24
0xd3e37	@20@8:12@16{?=II}20
0xd3e4b	r*12@8:12r*16
0xd3e59	@20@8:12I16I20r*24
0xd3e6c	@16@8:12^v16I20
0xd3e7c	@16@8:12I16^v20
0xd3e8c	^v12@8:12I16
0xd3e99	c20@8:12^{?=ii}16r^^v20^@24
0xd3eb5	@12@8:12r^v16
0xd3ec3	@16@8:12r^v16@20
0xd3ed8	freeMsgFlag
0xd3eec	connection
0xd3f00	machPort
0xd3f1c	maxchars
0xd3f50	maxports
0xd3f6c	maxoolds
0xd3f78	sequence
0xd3f8c	dispatchMsg:
0xd3f9c	checkInPort:withName:
0xd3fb4	lookUpPortWithName:onHost:
0xd3fd0	newFromMachPort:dealloc:
0xd4004	finishDecoding
0xd4014	startDecodingWithTimeout:
0xd4030	startDecodingWithMsg:withConnection:
0xd4058	finishEncoding
0xd4068	finishEncodingAndStartDecoding:
0xd4088	startEncodingWithConnection:andSequenceNumber:
0xd40b8	decodeObject
0xd40c8	encodeObjectBycopy:
0xd40dc	encodeObject:
0xd40ec	decodeVM:count:
0xd40fc	encodeVM:count:dealloc:
0xd4114	encodeVM:count:
0xd4124	decodeMachPort:
0xd4134	encodeMachPort:
0xd4144	decodeBytes:count:
0xd4158	encodeBytes:count:
0xd416c	decodeData:ofType:
0xd4180	encodeData:ofType:
0xd4194	sequenceNumber
0xd41ac	goodMsgSize
0xd41b8	isRequestMsg
0xd41c8	setRequestMsg:
0xd41d8	setPort:
0xd41f4	initWithPort:
0xd4204	initWithMachPort:
0xd4224	allocFromZone:
0xd4234	encodeRemotelyFor:freeAfterEncoding:isBycopy:
0xd4264	encodeUsing:
0xd4284	respondsTo:
0xd4298	decodeUsing:
0xd42b0	outTimeout
0xd42bc	inTimeout
0xd42c8	disableExternal
0xd42d8	enableExternal
0xd42e8	newForInMachPort:andOutMachPort:fromZone:
0xd4314	inPortalBuffer
0xd4324	handleRequestOnPortal:
0xd433c	getListOfProtocols:
0xd435c	super_class
0xd4378	instance_size
0xd43a0	protocol_list
0xd43c8	refcount
0xd43d4	knownSelectors
0xd43e4	initialize
0xd43f0	freeProxy
0xd43fc	invalidateProxy
0xd440c	forward::
0xd4418	methodSignature:fromZone:
0xd4434	setProtocolForProxy:
0xd444c	addReference
0xd445c	references
0xd4468	nameForProxy
0xd4478	connectionForProxy
0xd448c	conformsTo:
0xd4498	perform:with:
0xd44a8	perform:
0xd44b4	delegate
0xd44c0	inPortal
0xd44cc	inMachPort
0xd44d8	outPortal
0xd44e4	outMachPort
0xd44f0	rootObject
0xd44fc	msgcount
0xd4508	localProxies
0xd4518	remoteProxies
0xd4528	bufferClass
0xd453c	debug:showThread:verbose:
0xd4558	removeObject:
0xd4568	connections:
0xd4580	defaultZone
0xd458c	setDefaultZone:
0xd459c	defaultOutTimeout
0xd45b0	setDefaultOutTimeout:
0xd45c8	defaultInTimeout
0xd45dc	setDefaultInTimeout:
0xd45f4	defaultTimeout
0xd4604	setDefaultTimeout:
0xd4618	setDefaultBufferClass:
0xd4630	messagesReceived
0xd4644	unregisterForInvalidationNotification:
0xd466c	registerRoot:fromZone:
0xd4684	registerRoot:
0xd4694	registerRoot:withName:fromZone:
0xd46b4	registerRoot:withName:
0xd46cc	connectToPort:fromZone:
0xd46e4	connectToPort:
0xd46f4	connectToPort:withInPort:fromZone:
0xd4718	connectToPort:withInPort:
0xd4734	connectToName:onHost:fromZone:
0xd4754	connectToName:fromZone:
0xd476c	connectToName:onHost:
0xd4784	connectToName:
0xd4794	newForInPort:andOutPort:fromZone:
0xd47b8	runInNewThread
0xd47c8	runWithTimeout:
0xd47dc	finishEncodingAndGetReplyOnPortal:
0xd4800	removeLocal:
0xd4810	removeRemote:
0xd4820	localObjects
0xd4830	remoteObjects
0xd4840	findLocal:forInPort:
0xd4858	getLocal:
0xd4864	getRemote:
0xd4870	newLocal:
0xd487c	newRemote:withProtocol:
0xd4894	insertProxy:
0xd48a4	setRoot:
0xd48b0	setOutTimeout:
0xd48c0	setInTimeout:
0xd48d8	outPortalBuffer
0xd48e8	setDelegate:
0xd48f8	senderIsInvalid:
0xd490c	invalidate
0xd4918	copyWithOutPort:
0xd4940	sizeofParams
0xd4950	parmInfoP
0xd495c	fromDescription:fromZone:
0xd4978	decodeMethodRetFrom:withargs:atAddr:
0xd49a0	methodReturnArea
0xd49b4	isOneway
0xd49c0	methodReturnType
0xd49d4	encodeMethodRet:withargs:onto:
0xd49f4	decodeMethodParamsFrom:
0xd4a0c	encodeMethodParams:onto:
0xd4a38	descriptionForMethod:
0xd4a50	registerForInvalidationNotification:
0xd4a80	connection:didConnect:
0xd4a98	deallocate
0xd4aa4	makeObjectsPerform:
0xd4ab8	addObject:
0xd4ac4	isEqual:
0xd4ad0	initCount:
0xd4adc	objectAt:
0xd4ae8	descriptionForInstanceMethod:
0xd4b08	addObjectIfAbsent:
0xd4b34	copyFromZone:
0xd4b44	initWithData:size:dealloc:
0xd4b60	initWithSize:
0xd4b78	listGate
0xd4b84	funeralList
0xd4b98	makeObjectsPerform:with:
0xd4bbc	unlockWith:
0xd4bc8	lockWhen:
0xd4bd4	condition
0xd4be0	initWith:
0xd4bec	lookUpPortWithName:
0xd4c00	checkOutPortWithName:
0xd4c18	newFromMachPort:
0xd4c2c	_enableCount
0xd4c3c	_enableProc
0xd4c48	_enablePriority
0xd4c58	_expansion
0xd4c64	worryAboutPortInvalidation
0xd4c80	enableProc
0xd4c8c	setEnableProc:data:
0xd4ca0	setEnableProc:
0xd4cc0	protocol
0xd4ccc	initWithObject:forProtocol:
0xd4cf0	startUnloading
0xd4d00	_fixup:numElements:
0xd4d1c	instanceMethodDescFor:
0xd4d34	superClass
0xd4d40	instanceMethodFor:
0xd4d54	instancesRespondTo:
0xd4d68	setVersion:
0xd4d74	superclass
0xd4d88	shouldNotImplement:
0xd4d9c	findClass:
0xd4da8	methodDescFor:
0xd4db8	isMemberOfGivenName:
0xd4dd0	isKindOfGivenName:
0xd4de4	performv::
0xd4df0	methodArgSize:
0xd4e10	printForDebugger:
0xd4e24	doesNotRecognize:
0xd4e38	notImplemented:
0xd4e48	subclassResponsibility:
0xd4e60	perform:with:with:
0xd4e74	methodFor:
0xd4e80	isMemberOfClassNamed:
0xd4e98	isKindOfClassNamed:
0xd4eac	isMemberOf:
0xd4eb8	isKindOf:
0xd4ecc	descriptionForClassMethod:
0xd4ee8	protocol_name
0xd4ef8	instance_methods
0xd4f0c	class_methods
0xd4f24	valueDesc
0xd4f30	_nbBuckets
0xd4f3c	_buckets
0xd4f48	newKeyDesc:
0xd4f54	newKeyDesc:valueDesc:
0xd4f6c	newKeyDesc:valueDesc:capacity:
0xd4f8c	_newBare:::
0xd4f98	_debugPrint:
0xd4fa8	nextState:key:value:
0xd4fc0	initState
0xd4fcc	removeKey:
0xd4fd8	insertKey:value:
0xd4fec	_insertKeyNoRehash:value:
0xd5008	valueForKey:
0xd5028	freeKeys:values:
0xd503c	freeObjects
0xd5048	initKeyDesc:valueDesc:capacity:
0xd5068	initKeyDesc:
0xd5078	initKeyDesc:valueDesc:
0xd5090	_initBare:::
0xd50a0	valueForStringKey:
0xd50bc	numElements
0xd50c8	maxElements
0xd50d4	newCount:
0xd50e0	appendList:
0xd50ec	replaceObjectAt:with:
0xd5104	replaceObject:with:
0xd5118	removeLastObject
0xd512c	removeObjectAt:
0xd513c	insertObject:at:
0xd5150	setAvailableCapacity:
0xd5168	lastObject
0xd5174	indexOf:
0xd5180	capacity
0xd518c	_invalidateLprojCache
0xd51a4	newFromPath:
0xd51b4	forClass:
0xd51c0	classForName:
0xd51d0	getClass:
0xd51dc	getResourcePath:forName:type:
0xd51fc	firstClass
0xd5208	codeLoaded
0xd5214	bundlePath
0xd5220	initFromPath:
0xd5238	initForPath:
0xd5248	_directory
0xd5254	_principalClass
0xd5264	_codeLoaded
0xd5270	_reserved1
0xd527c	_reserved2
0xd5288	_reserved3
0xd5294	_bundleVersion
0xd52a4	setSystemLanguages:
0xd52b8	getPath:forResource:ofType:inDirectory:withVersion:
0xd52ec	setErrorStream:
0xd52fc	bundleForClass:
0xd530c	mainBundle
0xd5318	getPath:forResource:ofType:
0xd5334	principalClass
0xd5344	classNamed:
0xd5350	ensureLoaded
0xd5360	directory
0xd536c	initForDirectory:
0xd5380	newFromFile:
0xd5398	_reserved
0xd53a4	intersectWith:
0xd53b4	unionWith:
0xd53c8	removeRange::
0xd53d8	addRange::
0xd53e4	removeCharacters:length:
0xd5400	addCharacters:length:
0xd5418	characterIsMember:
0xd542c	writeToStream:context:
0xd5444	initFromStream:context:
0xd545c	initFromPath:context:
0xd5474	writeToPath:
0xd5484	writeToPath:safely:
0xd5498	writeToStream:
0xd54a8	initFromStream:
0xd54c0	enumerate:key:value:
0xd54d8	initEnumeration
0xd54f0	insert:value:
0xd5510	appendCharacters:length:
0xd552c	initFromCharactersNoCopy:length:freeWhenDone:
0xd5564	immutableCopy
0xd5574	getCString:
0xd5588	replaceWith:
0xd5598	initFromString:
0xd55a8	initFromCharacters:length:
0xd55c4	characterAt:
0xd55d4	finishUnarchiving
0xd55e8	_reallyFree
0xd55f4	initFromCharactersNoCopy:length:
0xd5618	deleteRange:
0xd5628	insert:at:
0xd5634	replaceRange:with:
0xd5648	immutableCopyFromZone:
0xd5660	mutableCopyFromZone:
0xd5678	deleteCharactersInRange:
0xd5694	appendString:
0xd56a4	insertString:at:
0xd56b8	replaceCharactersInRange:withString:
0xd56e8	copySubstring:fromZone:
0xd5700	allocateCharacterBuffer:
0xd571c	_referenceString
0xd5730	actualString
0xd5740	findOneOf:range:mask:table:
0xd575c	findCharacter:range:mask:table:
0xd577c	findString:range:mask:table:
0xd579c	compare:mask:table:
0xd57b0	getCString:maxLength:range:remainingRange:
0xd57dc	getCharacters:range:
0xd57f4	characters
0xd5808	getCharacters:
0xd5818	writeBytesToStream:
0xd582c	createCharacterBuffer:
0xd5844	findCharacter:range:mask:usingTable:
0xd586c	findCharacter:mask:
0xd5880	findCharacter:range:
0xd5898	findOneOf:range:mask:usingTable:
0xd58bc	findOneOf:mask:
0xd58cc	findOneOf:range:
0xd58e0	find:range:mask:usingTable:
0xd58fc	find:mask:
0xd5908	find:range:
0xd591c	compare:mask:usingTable:
0xd5938	compare:mask:
0xd5948	getCString:length:range:
0xd5964	getCString:length:
0xd5978	getCString:range:
0xd598c	initFromByteStream:uptoLength:orUntilOneOf:
0xd59b8	initFromStream:uptoLength:orUntilOneOf:
0xd59e8	writeCStringToStream:
0xd5a00	mutableCopy
0xd5a0c	copySubstring:
0xd5a1c	findOneOf:
0xd5a28	findCharacter:
0xd5a38	findString:
0xd5a44	compare:
0xd5a50	uniqueCStringCopy
0xd5a64	cStringCopy
0xd5a70	cStringLength
0xd5a80	getCString:maxLength:
0xd5a98	initFromCString:length:
0xd5ab0	initFromCString:
0xd5ac4	initFromFormat:withArgList:
0xd5ae0	initFromFormat:
0xd5af0	initFromCStringStream:untilOneOf:maxLength:
0xd5b1c	initFromStream:untilOneOf:maxLength:
0xd5b44	initFromString:range:
0xd5b5c	newFromStream:
0xd5b6c	writeToFile:
0xd5b7c	readFromFile:
0xd5b8c	readFromStream:
0xd5b9c	newFromCharacters:length:
0xd5bb8	newFromString:
0xd5bc8	description
0xd5bd4	elementSize
0xd5be0	newCount:elementSize:description:
0xd5c04	removeElementAt:
0xd5c18	removeAt:
0xd5c24	insertElement:at:
0xd5c38	removeLastElement
0xd5c4c	addElement:
0xd5c58	replaceElementAt:with:
0xd5c70	replace:at:
0xd5c7c	elementAt:
0xd5c88	setNumSlots:
0xd5c98	initCount:elementSize:description:
0xd5cbc	nextStreamState:key:value:
0xd5cd8	initStreamState
0xd5ce8	removeStreamKey:
0xd5cfc	insertStreamKey:value:
0xd5d14	valueForStreamKey:
0xd5d28	startArchiving:
0x115c40	__NSGetArgc
0x115c4c	__NSGetArgv
0x115c58	__NSGetEnviron
0x115c67	_rld_address_func
0x115c79	_rld_unload
0x115c85	_moninitrld
0x115c91	_rld_forget_symbol
0x115ca4	_rld_get_current_header
0x115cbc	_rld_load
0x115cc6	_rld_load_basefile
0x115cd9	_rld_load_from_memory
0x115cef	_rld_lookup
0x115cfb	_rld_unload_all
0x115d0b	_NXOpenFile
0x115d17	__NXStreamsUnused2
0x115d2a	__NXStreamsDataPad
0x115d3d	__NXStreamsUnused1
0x115d50	__NXUncaughtExceptionHandler
0x115d6d	_NXFlush
0x115d7e	_NXChangeBuffer
0x115d8e	_NXOpenPort
0x115d9a	_NXOpenMemory
0x115da8	_NXSaveToFile
0x115db6	_NXMapFile
0x115dc1	_NXGetStreamOnSectionForBestArchitecture
0x115dea	_NXGetStreamOnSection
0x115e00	_NXGetMemoryBuffer
0x115e13	_NXCloseMemory
0x115e22	_NXOpenSmallMemory
0x115e35	_NXScanf
0x115e46	_NXUngetc
0x115e58	_NXClose
0x115e61	_NXPrintf
0x115e6b	_NXRegisterPrintfProc
0x115e81	_NXVPrintf
0x115e8c	_NXVScanf
0x115e96	_NXStreamDestroy
0x115ea7	__NXVerifyStream
0x115eb8	_NXDefaultWrite
0x115ec8	_NXStreamCreate
0x115ed8	_NXStreamCreateFromZone
0x115ef0	_NXDefaultRead
0x115eff	__NXStreamFillBuffer
0x115f14	__NXStreamChangeBuffer
0x115f2b	__NXStreamFlushBuffer
0x115fe0	_signgam
0x116036	_copysign
0x11604f	__dbPackLeaf
0x11605c	__dbGetRecord
0x116071	_dbFlush
0x11607a	_dbFirst
0x11608b	_dbFetch
0x116094	_dbExpand
0x11609e	_dbDelete
0x1160a8	_dbCompress
0x1160b4	_dbClose
0x1160bd	__dbSwapOutLeaf
0x1160cd	__dbSwapInLeaf
0x1160dc	__dbSplitLeaf
0x1160ea	__dbSearchLeaf
0x1160f9	__dbRemoveRecord
0x11610a	__dbPutRecord
0x116120	__dbNewLeaf
0x11612c	__dbLeafDescriptor
0x11613f	__dbHashKey
0x11614b	__dbCopyData
0x116158	__dbFreeLeaf
0x116165	__dbFlushTable
0x116174	__dbFlushLeaf
0x116182	__dbFlushDir
0x11618f	__dbFindRecord
0x11619e	__dbFetchLeaf
0x1161ac	__dbDoubleDir
0x1161ba	__dbCycleLeaf
0x1161c8	_dbSetCache
0x1161d4	__dbCloseLeaf
0x1161e2	_dbSetKey
0x1161ec	_dbStore
0x1161f5	_dbPrintKC
0x11620f	_StrData
0x116218	_StrDatum
0x116222	_dbError
0x11622b	_dbExists
0x116235	_dbFlags
0x11623e	_dbDirExtension
0x116256	_dbErrors
0x116260	__dbLeafCount
0x116276	_dbMaxLeafBuf
0x116284	_dbLeafSize
0x116295	__db_data_pad
0x1162a3	_dbSizeTable
0x1162b0	__dbstrbuf
0x1162bb	_dbLeafExtension
0x1162cc	_dbErrorNo
0x1162d7	__dbReadDir
0x1162e3	_dbCreate
0x1162fd	_dbWaitLock
0x116311	_dbUnlock
0x11631b	_dbPrint
0x11632c	_dbUnlink
0x116336	_NXGetDefaultValue
0x116349	_NXGetTempFilename
0x11635c	_NXRemoveDefault
0x11636d	_NXRegisterDefaults
0x116381	_NXReadDefault
0x116390	_NXFilePathSearch
0x1163a2	_NXSetDefault
0x1163b0	_NXSetDefaultsUser
0x1163c3	_NXUpdateDefault
0x1163d4	__NXRegisterDefaultsNoCopy
0x1163ef	_NXUpdateDefaults
0x116401	_NXWriteDefault
0x116411	_NXWriteDefaults
0x116422	_getSizeOfandAdvance
0x116437	.objc_class_name_NXPortPortal
0x116455	_getSizeOf
0x116460	.objc_category_name_List_Transport
0x116483	.objc_class_name_NXConnection
0x1164a1	.objc_class_name_NXProxy
0x1164ba	.objc_class_name_NXMethodSignature
0x1164dd	.objc_category_name_Protocol_Transport
0x116504	.objc_category_name_Object_isRemote
0x116528	.objc_category_name_Object_GetListOfProtocols
0x116556	.objc_category_name_Object_Object_NXMethodSignature
0x11658a	.objc_category_name_Object_Object_MakeRemote_Import
0x1165be	_log_error
0x1165c9	_enableInfo
0x1165d5	_log_info
0x1165df	_log_warning
0x1165ec	_log_set_options
0x1165fd	.objc_class_name_NXData
0x116615	.objc_class_name_NXInvalidationNotifier
0x11663d	.objc_class_name_NXSpinLock
0x116659	.objc_class_name_NXLock
0x116671	.objc_class_name_NXConditionLock
0x116692	.objc_class_name_NXRecursiveLock
0x1166b3	.objc_class_name_NXNetNameServer
0x1166d4	.objc_class_name_NXPort
0x1166ec	.objc_class_name_NXProtocolChecker
0x116717	__atexit
0x116720	_bsearch
0x116730	_difftime
0x11674d	_fgetpos
0x116756	_fsetpos
0x116765	_isalnum
0x11676e	_isalpha
0x116777	_iscntrl
0x116780	_isdigit
0x116789	_isgraph
0x116792	_islower
0x11679b	_isprint
0x1167a4	_ispunct
0x1167ad	_isspace
0x1167b6	_isupper
0x1167bf	_isxdigit
0x1167cf	_localeconv
0x1167db	__NXSetAppName
0x1167ea	__NXGetAppName
0x116800	_mbstowcs
0x11681f	_setlocale
0x11682a	_setvbuf
0x116833	_strcoll
0x11683c	_strerror
0x116856	_strtoul
0x11685f	_tmpfile
0x116870	_tolower
0x116879	_toupper
0x11688a	_wcstombs
0x11689c	__strftime_clear_cache
0x1168b3	_strftime
0x1168d5	_memmove
0x116924	_memccpy
0x11692d	_strcatn
0x11693e	_strcmpn
0x116947	_strcpyn
0x116950	_strcspn
0x116959	_strpbrk
0x116962	_strrchr
0x11697b	_rstrtok
0x1169e3	_setexit
0x1169f3	_cbc_crypt
0x1169fe	_ecb_crypt
0x116a09	__des_crypt
0x116a15	_des_setparity
0x116a24	_NXSetMouseScaling
0x116a37	_NXGetClickSpace
0x116a48	_NXEnableMouseButton
0x116a5d	_NXSetKeyRepeatInterval
0x116a75	_NXAutoDimTime
0x116a84	_NXSetScreenBrightness
0x116a9b	_NXSetWaitCursorFrameInterval
0x116ab9	_NXSetWaitCursorSustain
0x116ad1	_NXSetWaitCursorThreshold
0x116aeb	_NXWaitCursorFrameInterval
0x116b06	_NXWaitCursorSustain
0x116b1b	_NXEvSetParameterInt
0x116b30	__NXPostLLEvent
0x116b40	_NXEventSystemInfo
0x116b53	_NXEvSetParameterChar
0x116b69	_NXSetAutoDimThreshold
0x116b80	_NXSetAutoDimState
0x116b93	_NXSetAutoDimBrightness
0x116bab	_NXScreenBrightness
0x116bbf	_NXResetMouse
0x116bcd	_NXGetKeyMapping
0x116bde	_NXEvGetParameterInt
0x116bf3	_NXGetMouseScaling
0x116c06	_NXIdleTime
0x116c12	_NXClickTime
0x116c1f	_NXAutoDimThreshold
0x116c33	_NXAutoDimState
0x116c43	_NXAutoDimBrightness
0x116c58	_NXSetClickSpace
0x116c69	_NXWaitCursorThreshold
0x116c80	_NXSetKeyRepeatThreshold
0x116c99	_NXSetClickTime
0x116ca9	_NXCloseEventStatus
0x116cbd	_NXSetKeyMapping
0x116cce	_NXEvGetParameterChar
0x116ce4	_NXKeyRepeatInterval
0x116cf9	_NXOpenEventStatus
0x116d0c	_NXResetKeyboard
0x116d1d	_NXKeyMappingLength
0x116d31	_NXMouseButtonEnabled
0x116d47	_NXKeyRepeatThreshold
0x116d5d	__NXEvSetParameterChar
0x116d74	__NXEvGetParameterInt
0x116d8a	__NXEvMapEventShmem
0x116d9e	__NXEvSetParameterInt
0x116db4	__NXEvFrameBufferDevicePort
0x116dd0	__NXEvClose
0x116ddc	__NXEvOpen
0x116de7	__NXEvSetSpecialKeyPort
0x116dff	__NXEvGetParameterChar
0x116e24	__old_alias_getbyname
0x116e3a	__old_alias_endent
0x116e4d	__old_alias_getent
0x116e60	__old_alias_setent
0x116e86	_closedir
0x116e97	_encrypt
0x116eaf	_asctime
0x116ec0	_localtime
0x116edb	__tzname
0x116ee4	__ctype_
0x116eed	_getdiskbydev
0x116efb	_getdiskbyname
0x116f0a	_sys_errlist
0x116f17	_sys_nerr
0x116f21	__sys_errlist_ETIMEDOUT
0x116f39	__sys_errlist_ENOSTR
0x116f4e	__sys_errlist_EXDEV
0x116f62	__sys_errlist_EWOULDBLOCK
0x116f7c	__sys_errlist_EUSERS
0x116f91	__sys_errlist_ETXTBSY
0x116fa7	__sys_errlist_ETOOMANYREFS
0x116fc2	__sys_errlist_0
0x116fd2	__sys_errlist_E2BIG
0x116fe6	__sys_errlist_EACCES
0x116ffb	__sys_errlist_EADDRINUSE
0x117014	__sys_errlist_EADDRNOTAVAIL
0x117030	__sys_errlist_EAFNOSUPPORT
0x11704b	__sys_errlist_EAGAIN
0x117060	__sys_errlist_EALREADY
0x117077	__sys_errlist_EBADARCH
0x11708e	__sys_errlist_EBADEXEC
0x1170a5	__sys_errlist_ETIME
0x1170b9	__sys_errlist_ESTALE
0x1170ce	__sys_errlist_ESRCH
0x1170e2	__sys_errlist_EBADF
0x1170f6	__sys_errlist_ESPIPE
0x11710b	__sys_errlist_ESOCKTNOSUPPORT
0x117129	__sys_errlist_EBADMACHO
0x117141	__sys_errlist_EBADMSG
0x117157	__sys_errlist_EBUSY
0x11716b	__sys_errlist_ECHILD
0x117180	__sys_errlist_ECONNABORTED
0x11719b	__sys_errlist_ECONNRESET
0x1171b4	__sys_errlist_ESHUTDOWN
0x1171cc	__sys_errlist_ESHLIBVERS
0x1171e5	__sys_errlist_EDEADLK
0x1171fb	__sys_errlist_EDESTADDRREQ
0x117216	__sys_errlist_EDEVERR
0x11722c	__sys_errlist_EDOM
0x11723f	__sys_errlist_EROFS
0x117253	__sys_errlist_EDQUOT
0x117268	__sys_errlist_EEXIST
0x11727d	__sys_errlist_EFAULT
0x117292	__sys_errlist_EFBIG
0x1172a6	__sys_errlist_EHOSTDOWN
0x1172be	__sys_errlist_EHOSTUNREACH
0x1172d9	__sys_errlist_EIDRM
0x1172ed	__sys_errlist_EINPROGRESS
0x117307	__sys_errlist_EINTR
0x11731b	__sys_errlist_EINVAL
0x117330	__sys_errlist_EIO
0x117342	__sys_errlist_EISCONN
0x117358	__sys_errlist_EISDIR
0x11736d	__sys_errlist_ELOOP
0x117381	__sys_errlist_EMFILE
0x117396	__sys_errlist_EREMOTE
0x1173ac	__sys_errlist_EREFUSED
0x1173c3	__sys_errlist_ERANGE
0x1173d8	__sys_errlist_EMLINK
0x1173ed	__sys_errlist_EPWROFF
0x117403	__sys_errlist_EMSGSIZE
0x11741a	__sys_errlist_EPROTOTYPE
0x117433	__sys_errlist_ENAMETOOLONG
0x11744e	__sys_errlist_ENETDOWN
0x117465	__sys_errlist_EPROTONOSUPPORT
0x117483	__sys_errlist_EPROCLIM
0x11749a	__sys_errlist_EPIPE
0x1174ae	__sys_errlist_EPFNOSUPPORT
0x1174c9	__sys_errlist_EPERM
0x1174dd	__sys_errlist_EOPNOTSUPP
0x1174f6	__sys_errlist_ENXIO
0x11750a	__sys_errlist_ENOTTY
0x11751f	__sys_errlist_ENOTSOCK
0x117536	__sys_errlist_ENOTEMPTY
0x11754e	__sys_errlist_ENOTDIR
0x117564	__sys_errlist_ENOTCONN
0x11757b	__sys_errlist_ENOTBLK
0x117591	__sys_errlist_ENETRESET
0x1175a9	__sys_errlist_ENETUNREACH
0x1175c3	__sys_errlist_ENOSR
0x1175d7	__sys_errlist_ENOSPC
0x1175ec	__sys_errlist_ENFILE
0x117601	__sys_errlist_ENOPROTOOPT
0x11761b	__sys_errlist_ENOBUFS
0x117631	__sys_errlist_ENOMSG
0x117646	__sys_errlist_ENODEV
0x11765b	__sys_errlist_ENOENT
0x117670	__sys_errlist_ENOEXEC
0x117686	__sys_errlist_ENOINIT
0x11769c	__sys_errlist_ENOLCK
0x1176b1	__sys_errlist_ENOMEM
0x1176d6	_getexportent
0x1176e4	_getexportopt
0x1176f2	_remexportent
0x117700	_endexportent
0x11770e	_setexportent
0x11771c	_addexportent
0x11772a	_fgetpwent
0x11773c	_getfsfile
0x117747	_endfsent
0x117751	_getfsent
0x11775b	_getfsspec
0x117766	_getfstype
0x117771	_setfsent
0x117783	__old_getgrnam
0x117792	__old_setgrfile
0x1177a2	__old_endgrent
0x1177b1	__old_getgrgid
0x1177c0	__old_setgrent
0x1177cf	_setgrjunk
0x1177da	__old_fgetgrent
0x1177ea	__old_getgrent
0x1177f9	_getlogin
0x117803	_getpass
0x11780c	__old_getpwnam
0x11781b	__old_getpwuid
0x11782a	__old_setpwent
0x117839	__old_endpwent
0x117848	__old_setpwfile
0x117858	__old_getpwent
0x117867	_getttyent
0x117872	_setttyent
0x11787d	_endttyent
0x117888	_getttynam
0x117893	_endusershell
0x1178a1	_getusershell
0x1178af	_setusershell
0x1178c4	_monaddition
0x1178d1	_moncount
0x1178db	_monoutput
0x1178e6	_monreset
0x1178f0	_monstartup
0x1178fc	_moninit
0x117905	_moncontrol
0x117911	_monitor
0x11791a	_swap_hppa_frame_thread_state
0x117938	_swap_hppa_integer_thread_state
0x117958	_swap_i386_thread_exceptstate
0x117976	_swap_i386_thread_cthreadstate
0x117995	_swap_i386_thread_state
0x1179ad	_swap_i386_thread_fpstate
0x1179c7	__old_initgroups
0x1179d8	__isatty
0x1179e1	_swap_m68k_thread_state_68882
0x1179ff	_swap_m68k_thread_state_user_reg
0x117a20	_swap_m68k_thread_state_regs
0x117a3d	__malloc_fork_child
0x117a51	_realloc
0x117a5a	__NXDefaultMallocZone
0x117a70	__NXZonePtrInfo
0x117a80	__NXZoneFromPtr
0x117a90	__NXZoneCalloc
0x117a9f	__NXMallocDumpZones
0x117ac3	__NXAddRegion
0x117ad1	__malloc_fork_parent
0x117ae6	__NXCreateChildZone
0x117afa	__NXMallocCheck
0x117b0a	__NXMergeZone
0x117b18	__NXRemoveRegion
0x117b29	__NXNameZone
0x117b36	__NXCreateZone
0x117b53	__NXMallocDumpFrees
0x117b67	__malloc_error
0x117b76	__malloc_freezedry
0x117b89	__malloc_good_size
0x117b9c	__valloc
0x117ba5	__set_malloc_singlethreaded
0x117bc1	__malloc_fork_prepare
0x117bd7	__malloc_debug
0x117be6	__mstats
0x117bef	__malloc_size
0x117bfd	__malloc_singlethreaded
0x117c15	__malloc_jumpstart
0x117c28	_mkstemp
0x117c39	__old_setmntent
0x117c49	__old_getmntent
0x117c59	_hasmntopt
0x117c6a	__old_addmntent
0x117c7a	__old_endmntent
0x117c8a	_dbm_fetch
0x117c95	_dbm_open
0x117c9f	_dbm_close
0x117caa	_dbm_delete
0x117cb6	_dbm_nextkey
0x117cc3	_dbm_store
0x117cce	_dbm_firstkey
0x117cdc	_dbm_forder
0x117cef	_opendir
0x117d0f	_psignal
0x117d1f	_srandom
0x117d30	_initstate
0x117d3b	_setstate
0x117d45	_readdir
0x117d4e	_realpath
0x117d58	_re_compile
0x117d64	_re_comp
0x117d6d	_re_match
0x117d77	_backref
0x117d80	_re_exec
0x117d89	_re_fold
0x117da1	_scandir
0x117daa	_alphasort
0x117db5	_seekdir
0x117dbe	_setegid
0x117dc7	_seteuid
0x117dd8	_setrgid
0x117de1	_setruid
0x117df2	_siginterrupt
0x117e00	_sys_siglist
0x117e15	__signal_nobind
0x117e25	__sys_siglist_SIGCONT
0x117e3b	__sys_siglist_SIGALRM
0x117e51	__sys_siglist_SIGBUS
0x117e66	__sys_siglist_SIGCHLD
0x117e7c	__sys_siglist_SIGEMT
0x117e91	__sys_siglist_SIGFPE
0x117ea6	__sys_siglist_0
0x117eb6	__sys_siglist_SIGHUP
0x117ecb	__sys_siglist_SIGXFSZ
0x117ee1	__sys_siglist_SIGILL
0x117ef6	__sys_siglist_SIGXCPU
0x117f0c	__sys_siglist_SIGWINCH
0x117f23	__sys_siglist_SIGVTALRM
0x117f3b	__sys_siglist_SIGUSR2
0x117f51	__sys_siglist_SIGUSR1
0x117f67	__sys_siglist_SIGURG
0x117f7c	__sys_siglist_SIGTTOU
0x117f92	__sys_siglist_SIGTTIN
0x117fa8	__sys_siglist_SIGTSTP
0x117fbe	__sys_siglist_SIGTRAP
0x117fd4	__sys_siglist_SIGTERM
0x117fea	__sys_siglist_SIGINT
0x117fff	__sys_siglist_SIGSYS
0x118014	__sys_siglist_SIGIO
0x118028	__sys_siglist_SIGQUIT
0x11803e	__sys_siglist_SIGIOT
0x118053	__sys_siglist_SIGSTOP
0x118069	__sys_siglist_SIGSEGV
0x11807f	__sys_siglist_SIGKILL
0x118095	__sys_siglist_SIGLOST
0x1180ab	__sys_siglist_SIGPROF
0x1180c1	__sys_siglist_SIGPIPE
0x1180de	_strcasecmp
0x1180ea	_strncasecmp
0x1180fd	_vsyslog
0x11810e	_openlog
0x118117	_closelog
0x118121	_setlogmask
0x118135	_telldir
0x11814c	__timezone
0x118157	_ttyname
0x118160	_ttyslot
0x1181c7	_moninitshlibs
0x1181e6	__longjmperror
0x118215	_strncat
0x11821e	_strncmp
0x118227	_strncpy
0x118230	__dbltopdfp
0x11823c	__pdfptodbl
0x11825a	_mcount_hack
0x11827c	_longjmp
0x118285	__setjmp
0x11828e	__longjmp
0x118298	_inet_aton
0x1182a3	_inet_addr
0x1182ae	_inet_lnaof
0x1182ba	_inet_makeaddr
0x1182c9	_inet_netof
0x1182d5	_inet_network
0x1182e3	_inet_ntoa
0x1182ee	__adddi3
0x1182f7	__anddi3
0x118307	__iordi3
0x118310	__NX_ULTable_
0x11831e	__NX_CTypeTable_
0x11832f	_NXIsAlNum
0x11833a	_NXIsAlpha
0x118345	_NXIsAscii
0x118350	_NXIsCntrl
0x11835b	_NXIsDigit
0x118366	_NXIsGraph
0x118371	_NXIsLower
0x11837c	_NXIsPrint
0x118387	_NXIsPunct
0x118392	_NXIsSpace
0x11839d	_NXIsUpper
0x1183a8	_NXIsXDigit
0x1183b4	_NXToAscii
0x1183bf	_NXToLower
0x1183ca	_NXToUpper
0x1183d5	__one_cmpldi2
0x1183e3	__subdi3
0x1183ec	__xordi3
0x1183f5	__NXToLower
0x118401	__NXToUpper
0x11840d	_bootstrap_get_unpriv_port
0x118428	_mach_exception
0x118438	_mach_exception_string
0x11844f	_mach_NeXT_exception_string
0x11846b	_mach_NeXT_exception
0x118480	_catch_exception_raise
0x118497	__bootstrap_port
0x1184a8	__xxx_environment_port
0x1184bf	__mach_init_routine
0x1184d3	__name_server_port
0x1184e6	__old_mach_init_ports_count
0x118502	__xxx_PORT_ENABLED
0x118515	__old_mach_init_ports
0x11852b	__vm_page_size
0x11853a	__mach_data_padding
0x11854e	__task_self_
0x11855b	__mach_error
0x118568	__mach_errormsg
0x118578	__mach_error_string
0x11858c	__fork_mach_init
0x11859d	__mach_init
0x1185a9	_mach_msg
0x1185b3	_mach_msg_receive
0x1185c5	_mach_msg_send
0x1185d4	_mig_allocate
0x1185e2	_mig_deallocate
0x1185f2	_mig_reply_setup
0x118603	_mig_strncpy
0x118610	__msg_send
0x11861b	__msg_receive
0x118629	__msg_rpc
0x11863e	_slot_name
0x118649	__lookupd_port
0x118658	__host_priv_self
0x118669	__init_process
0x118678	__msg_send_trap
0x118688	__msg_rpc_trap
0x118697	__msg_receive_trap
0x1186aa	__thread_switch
0x1186ba	__thread_self
0x1186c8	__thread_reply
0x1186d7	__mach_task_self
0x1186e8	__task_by_pid
0x1186f6	__swtch_pri
0x11870a	__mach_msg_trap
0x11871a	__mach_thread_self
0x11872d	__task_self
0x118739	__mach_swapon
0x118747	__mach_reply_port
0x118759	__mach_host_self
0x11876a	__kern_timestamp
0x11877b	__device_master_self
0x118790	__task_notify
0x11879e	__host_self
0x1187aa	__map_fd
0x1187b3	__event_port_by_tag
0x1187c7	__bootstrap_subset
0x1187da	__bootstrap_register
0x1187ef	__bootstrap_info
0x118800	__bootstrap_look_up_array
0x11881a	__bootstrap_status
0x11882d	__bootstrap_create_service
0x118848	__bootstrap_look_up
0x11885c	__bootstrap_check_in
0x118871	_exception_raise
0x118882	_exc_server
0x11888e	__port_extract_send
0x1188a2	__port_extract_receive
0x1188b9	__task_create
0x1188c7	__vm_copy
0x1188d1	__port_insert_send
0x1188e4	__port_insert_receive
0x1188fa	__task_resume
0x118908	__port_names
0x118915	__task_threads
0x118924	__port_set_add
0x118933	__port_set_allocate
0x118947	__port_set_deallocate
0x11895d	__task_suspend
0x11896c	__task_info
0x118978	__task_terminate
0x118989	__thread_get_special_port
0x1189a3	__thread_get_state
0x1189b6	__thread_info
0x1189c4	__thread_resume
0x1189d4	__vm_protect
0x1189e1	__task_by_unix_pid
0x1189f4	__thread_abort
0x118a03	__vm_deallocate
0x118a13	__vm_allocate
0x118a21	__thread_set_special_port
0x118a3b	__port_type
0x118a47	__port_set_backup
0x118a59	__netipc_listen
0x118a69	__port_set_remove
0x118a7b	__thread_create
0x118a8b	__task_set_special_port
0x118aa3	__thread_set_state
0x118ab6	__port_set_status
0x118ac8	__port_set_backlog
0x118adb	__port_deallocate
0x118aed	__netipc_ignore
0x118afd	__port_status
0x118b0b	__thread_suspend
0x118b1c	__thread_terminate
0x118b2f	__unix_pid
0x118b3a	__vm_deactivate
0x118b4a	__vm_inherit
0x118b57	__vm_machine_attribute
0x118b6e	__vm_read
0x118b78	__vm_region
0x118b84	__vm_set_policy
0x118b94	__port_allocate
0x118ba4	__vm_statistics
0x118bb4	__vm_synchronize
0x118bc5	__vm_write
0x118bd0	__xxx_cpu_control
0x118be2	__xxx_host_info
0x118bf2	__task_get_special_port
0x118c0a	__xxx_slot_info
0x118c1a	__port_rename
0x118c28	_host_info
0x118c33	_processor_set_policy_disable
0x118c51	_processor_set_destroy
0x118c68	_thread_assign_default
0x118c7f	_thread_depress_abort
0x118c95	_thread_priority
0x118ca6	_host_adjust_time
0x118cb8	_host_get_time
0x118cc7	_host_kernel_version
0x118cdc	_host_processor_set_priv
0x118cf5	_host_processor_sets
0x118d0a	_host_processors
0x118d1b	_host_set_time
0x118d2a	_processor_assign
0x118d3c	_processor_control
0x118d4f	_processor_exit
0x118d5f	_processor_get_assignment
0x118d79	_processor_info
0x118d89	_processor_set_create
0x118d9f	_processor_set_default
0x118db6	_processor_set_info
0x118dca	_thread_policy
0x118dd9	_task_assign_default
0x118dee	_processor_set_max_priority
0x118e0a	_thread_max_priority
0x118e1f	_processor_set_policy_enable
0x118e3c	_processor_set_tasks
0x118e51	_processor_set_threads
0x118e68	_processor_start
0x118e79	_task_assign
0x118e86	_thread_get_assignment
0x118e9d	_task_get_assignment
0x118eb2	_task_priority
0x118ec1	_thread_assign
0x118ed0	_netname_version
0x118ee1	_netname_look_up
0x118ef2	_netname_check_in
0x118f04	_netname_check_out
0x118f17	_NXGetLocalArchInfo
0x118f2b	_NXFindBestFatArch
0x118f3e	_NXGetArchInfoFromName
0x118f55	_NXCombineCpuSubtypes
0x118f6b	_NXGetAllArchInfos
0x118f7e	_NXGetArchInfoFromCpuType
0x118f98	_getmachheaders
0x118fa8	_getsectbynamefromheader
0x118fc1	_getsectdatafromheader
0x118fd8	_getsectbynamefromheaderwithswap
0x118ff9	_getsectdata
0x119006	_getsectdatafromlib
0x11901a	_getsectbyname
0x119029	_getsegbyname
0x119037	_get_end
0x119040	_get_edata
0x11904b	_get_etext
0x119056	_swap_ident_command
0x11906a	_swap_load_command
0x11907d	_swap_symseg_command
0x119092	_swap_fvmlib_command
0x1190a7	_swap_nlist
0x1190b3	_swap_relocation_info
0x1190c9	_swap_segment_command
0x1190df	_swap_section
0x1190ed	_swap_symtab_command
0x119102	_swap_thread_command
0x119117	_swap_ranlib
0x119124	_swap_fvmfile_command
0x11913a	_swap_mach_header
0x11914c	_swap_fat_header
0x11915d	_swap_fat_arch
0x11916c	_ether_line
0x119178	_ether_ntohost
0x119187	_ether_ntoa
0x119193	_ether_hostton
0x1191a2	_ether_aton
0x1191ae	__old_getnetbyname
0x1191c1	__old_getnetent
0x1191d1	__old_setnetent
0x1191e1	__old_endnetent
0x1191f1	__old_getnetbyaddr
0x119204	__nettoa
0x11920d	__old_getnetgrent
0x11921f	__old_setnetgrent
0x119231	__old_endnetgrent
0x119243	__old_getprotoent
0x119255	__old_setprotoent
0x119267	__old_getprotobynumber
0x11927e	__old_getprotobyname
0x119293	__old_endprotoent
0x1192a5	_getrpcport
0x1192b1	__old_endservent
0x1192c2	__old_setservent
0x1192d3	__old_getservent
0x1192e4	__old_getservbyname
0x1192f8	__old_getservbyport
0x11930c	__old_innetgr
0x11931a	_rresvport
0x119325	_ruserok
0x119334	__checkhost
0x119340	__validuser
0x119353	_mkpwclear
0x11935e	_mkpwunclear
0x11936b	_ruserpass
0x119376	___putshort
0x119382	__getshort
0x11938d	_dn_comp
0x119396	_dn_expand
0x1193a1	___dn_skipname
0x1193b0	___putlong
0x1193bb	__getlong
0x1193c5	___p_type
0x1193cf	___p_cdnname
0x1193dc	___p_class
0x1193e7	___p_fqname
0x1193f3	___p_option
0x1193ff	___p_query
0x119412	___p_time
0x11941c	__res_opcodes
0x11942a	__res_resultcodes
0x11943c	___fp_nquery
0x119449	___p_cdname
0x119455	___fp_resstat
0x119463	___fp_query
0x11946f	_res_init
0x119479	__res_running
0x119487	_res_mkquery
0x119494	_res_search
0x1194a0	_res_query
0x1194ab	___hostalias
0x1194b8	_res_querydomain
0x1194c9	_res_send
0x1194d3	___res_isourserver
0x1194e6	___res_nameinquery
0x1194f9	___res_queriesmatch
0x11950d	__res_close
0x119519	_res_send_setqhook
0x11952c	_res_send_setrhook
0x11953f	__net_stayopen
0x119570	__res_gethostbyname
0x119584	__res_gethostbyaddr
0x119598	__res_getnetbyaddr
0x1195ab	__res_getnetbyname
0x1195be	_hstrerror
0x1195c9	_h_errlist
0x1195e4	_inet_nsap_addr
0x1195f4	_inet_nsap_ntoa
0x119604	__old_gethostbyname
0x119618	__old_gethostbyaddr
0x11962c	__old_sethostent
0x11963d	__old_gethostent
0x11964e	__old_sethostfile
0x119660	__old_endhostent
0x119671	_alias_getent
0x11967f	_alias_setent
0x11968d	_alias_endent
0x11969b	_alias_getbyname
0x1196ac	_bootp_getbyether
0x1196be	_bootp_getbyip
0x1196cd	_bootparams_getbyname
0x1196e3	_endgrent
0x1196ed	_setgrfile
0x1196f8	_getgrnam
0x119702	_initgroups
0x11970e	_getgrgid
0x119718	_getgrent
0x119722	_setgrent
0x11972c	_endhostent
0x119738	_gethostbyaddr
0x119747	_gethostent
0x119753	_sethostfile
0x119760	_sethostent
0x11976c	_gethostbyname
0x11977b	_endmntent
0x119786	_addmntent
0x119791	_setmntent
0x11979c	_getmntent
0x1197a7	_endnetent
0x1197b2	_getnetbyaddr
0x1197c0	_getnetent
0x1197cb	_getnetbyname
0x1197d9	_setnetent
0x1197e4	_innetgr
0x1197ed	_getnetgrent
0x1197fa	_lu_getnetgrent
0x11980a	__set_innetgr_handler
0x119820	_endnetgrent
0x11982d	_setnetgrent
0x11983a	_endprotoent
0x119847	_getprotobyname
0x119857	_getprotoent
0x119864	_setprotoent
0x119871	_getprotobynumber
0x119883	_prdb_set
0x11988d	_prdb_getbyname
0x11989d	_prdb_get
0x1198a7	_prdb_end
0x1198b1	_getpwnam
0x1198bb	_endpwent
0x1198c5	_getpwent
0x1198cf	_setpwfile
0x1198da	_setpwent
0x1198e4	_getpwuid
0x1198ee	_setrpcent
0x1198f9	_endrpcent
0x119904	_getrpcbyname
0x119912	_getrpcbynumber
0x119922	_getrpcent
0x11992d	_setservent
0x119939	_getservent
0x119945	_getservbyport
0x119954	_getservbyname
0x119963	_endservent
0x11996f	__lu_running
0x11997c	__lu_port
0x119986	__lu_setport
0x119993	__lu_fork_child
0x1199a3	_h_errno
0x1199ac	_ni_error
0x1199b6	_ni_resync
0x1199c1	_ni_root
0x1199ca	_ni_self
0x1199d3	_ni_setpassword
0x1199e3	_ni_setwritetimeout
0x1199f7	_ni_statistics
0x119a06	_ni_write
0x119a10	_ni_writename
0x119a1e	_ni_writeprop
0x119a2c	_ni_setuser
0x119a40	_ni_children
0x119a4d	_ni_setreadtimeout
0x119a60	_ni_renameprop
0x119a6f	_ni_setabort
0x119a7c	_ni_free
0x119a85	__ni_dup
0x119a8e	_ni_addrtag
0x119a9a	_ni_connect
0x119aa6	_ni_readprop
0x119ab3	_ni_readname
0x119ac0	_ni_read
0x119ac9	_ni_parent
0x119ad4	_ni_create
0x119adf	_ni_needwrite
0x119aed	_ni_createname
0x119afc	_ni_createprop
0x119b0b	_ni_lookupread
0x119b1a	_ni_lookup
0x119b25	_ni_listprops
0x119b33	_ni_listall
0x119b3f	_ni_destroy
0x119b4b	_ni_destroyname
0x119b5b	_ni_list
0x119b64	_ni_destroyprop
0x119b74	_ni_pwdomain
0x119b81	_ni_pathsearch
0x119b90	_ni_open
0x119b99	_ni_fancyopen
0x119ba7	_ni_entrylist_free
0x119bba	_ni_name_free
0x119bc8	_ni_proplist_list_free
0x119bdf	_ni_proplist_insert
0x119bf3	_ni_name_match
0x119c02	_ni_proplist_free
0x119c14	_ni_idlist_free
0x119c24	_ni_proplist_match
0x119c37	_ni_namelist_free
0x119c49	_ni_proplist_dup
0x119c5a	_ni_lookupprop
0x119c69	_ni_name_dup
0x119c76	_ni_proplist_delete
0x119c8a	_ni_prop_free
0x119c98	_ni_prop_dup
0x119ca5	_ni_namelist_match
0x119cb8	_ni_namelist_insert
0x119ccc	_ni_entrylist_delete
0x119ce1	_ni_entrylist_insert
0x119cf6	_ni_idlist_delete
0x119d08	_ni_idlist_dup
0x119d17	_ni_namelist_delete
0x119d2b	_ni_idlist_insert
0x119d3d	_ni_namelist_dup
0x119d4e	__old_prdb_end
0x119d5d	__old_prdb_set
0x119d6c	__old_prdb_get
0x119d7b	__old_prdb_getbyname
0x119d90	_putpwpasswd
0x119d9d	__ni_root_2
0x119da9	__ni_rparent_2
0x119db8	__ni_statistics_2
0x119dca	__ni_renameprop_2
0x119ddc	__ni_writename_2
0x119ded	__ni_readprop_2
0x119dfd	__ni_crashed_2
0x119e0c	__ni_bind_2
0x119e18	__ni_write_2
0x119e25	__ni_readname_2
0x119e35	__ni_self_2
0x119e41	__ni_ping_2
0x119e4d	__ni_readall_2
0x119e5c	__ni_resync_2
0x119e6a	__ni_writeprop_2
0x119e7b	__ni_list_2
0x119e87	__ni_create_2
0x119e95	__ni_read_2
0x119ea1	__ni_createname_2
0x119eb3	__ni_parent_2
0x119ec1	__ni_lookup_2
0x119ecf	__ni_listprops_2
0x119ee0	__ni_children_2
0x119ef0	__ni_createprop_2
0x119f02	__ni_listall_2
0x119f11	__ni_destroy_2
0x119f20	__ni_destroyprop_2
0x119f33	__ni_destroyname_2
0x119f46	__ni_lookupread_2
0x119f58	_xdr_ni_namelist_stuff
0x119f6f	_xdr_ni_lookup_stuff
0x119f84	_xdr_ni_listall_stuff
0x119f9a	_xdr_ni_namelist
0x119fab	_xdr_ni_readall_res
0x119fbf	_xdr_ni_object
0x119fce	_xdr_ni_parent_stuff
0x119fe3	_xdr_ni_list_stuff
0x119ff6	_xdr_ni_idlist
0x11a005	_xdr_ni_entrylist
0x11a017	_xdr_ni_entry
0x11a025	_xdr_ni_create_stuff
0x11a03a	_xdr_ni_children_stuff
0x11a051	_xdr_ni_writeprop_args
0x11a068	_xdr_ni_writename_args
0x11a07f	_xdr_ni_status
0x11a08e	_xdr_ni_object_list
0x11a0a2	_xdr_ni_object_node
0x11a0b6	_xdr_ni_proplist_list
0x11a0cc	_xdr_ni_proplist_stuff
0x11a0e3	_xdr_ni_proplist_res
0x11a0f8	_xdr_ni_proplist
0x11a109	_xdr_ni_prop_args
0x11a11b	_xdr_ni_parent_res
0x11a12e	_xdr_ni_namelist_res
0x11a143	_xdr_ni_nameindex_args
0x11a15a	_xdr_ni_name_args
0x11a16c	_xdr_ni_name
0x11a179	_xdr_ni_rparent_res
0x11a18d	_xdr_ni_lookup_res
0x11a1a0	_xdr_ni_lookup_args
0x11a1b4	_xdr_ni_listall_res
0x11a1c8	_xdr_ni_list_res
0x11a1d9	_xdr_ni_id_res
0x11a1e8	_xdr_ni_id
0x11a1f3	_xdr_ni_destroy_args
0x11a208	_xdr_ni_createprop_args
0x11a220	_xdr_ni_createname_args
0x11a238	_xdr_ni_create_res
0x11a24b	_xdr_ni_create_args
0x11a25f	_xdr_ni_children_res
0x11a274	_xdr_ni_binding
0x11a284	_xdr_ni_property
0x11a295	_xdr_ni_readname_res
0x11a2aa	_xdr_ni_readall_stuff
0x11a2c0	_xdr_ni_propname_args
0x11a2d6	_xdr_ni_readname_stuff
0x11a2ed	_xdr_nibind_clone_args
0x11a304	_xdr_nibind_listreg_res
0x11a31c	_xdr_nibind_registration
0x11a335	_xdr_nibind_bind_args
0x11a34b	_xdr_nibind_addrinfo
0x11a360	_xdr_nibind_getregister_res
0x11a37c	_xdr__lu_hostent_ptr
0x11a391	_xdr__lu_group
0x11a3a0	_xdr__lu_group_ptr
0x11a3b3	_xdr__lu_mntent
0x11a3c3	_xdr__lu_bootp_ent_ptr
0x11a3da	_xdr__lu_hostent
0x11a3eb	_xdr__lu_bootparams_ent_ptr
0x11a407	_xdr__lu_netent
0x11a417	_xdr__lu_netent_ptr
0x11a42b	_xdr__lu_protoent
0x11a43d	_xdr__lu_string
0x11a44d	_xdr__lu_innetgr_args
0x11a463	_xdr__lu_netgrent
0x11a475	_xdr__lu_aliasent_ptr
0x11a48b	_xdr__lu_aliasent
0x11a49d	_xdr__lu_prdb_property
0x11a4b4	_xdr__lu_servent_ptr
0x11a4c9	_xdr__lu_mntent_ptr
0x11a4dd	_xdr__lu_rpcent
0x11a4ed	_xdr__lu_protoent_ptr
0x11a503	_xdr__lu_rpcent_ptr
0x11a517	_xdr__lu_bootp_ent
0x11a52a	_xdr__lu_bootparams_ent
0x11a542	_xdr__lu_servent
0x11a553	_xdr__lu_passwd
0x11a563	_xdr__lu_passwd_ptr
0x11a577	_xdr__lu_prdb_ent_ptr
0x11a58d	_xdr__lu_prdb_ent
0x11a59f	__lookup_ooall
0x11a5ae	__lookup_one
0x11a5bb	__lookup_link
0x11a5c9	__lookup_all
0x11a5d6	_authnone_create
0x11a5e7	_authunix_create_default
0x11a600	_authunix_create
0x11a611	_xdr_authunix_parms
0x11a625	_bindresvport
0x11a633	_clnt_create
0x11a640	_clnt_spcreateerror
0x11a654	_clnt_sperror
0x11a662	_clnt_perror
0x11a66f	_clnt_syslog
0x11a67c	_clnt_sperrno
0x11a68a	_clnt_perrno
0x11a697	_clnt_pcreateerror
0x11a6aa	_clntraw_create
0x11a6ba	_callrpc
0x11a6c3	_clnttcp_create
0x11a6d3	_clntudp_create
0x11a6e3	_clntudp_bufcreate
0x11a6f6	__rpc_dtablesize
0x11a707	_get_myaddress
0x11a716	__old_setrpcent
0x11a726	__old_getrpcbynumber
0x11a73b	__old_getrpcent
0x11a74b	__old_endrpcent
0x11a75b	__old_getrpcbyname
0x11a76e	_key_gendes
0x11a77a	_key_decryptsession
0x11a78e	_key_encryptsession
0x11a7a2	_key_setsecret
0x11a7b1	_xdr_unixcred
0x11a7bf	_xdr_cryptkeyarg
0x11a7d0	_xdr_netnamestr
0x11a7e0	_xdr_keybuf
0x11a7ec	_xdr_keystatus
0x11a7fb	_xdr_cryptkeyres
0x11a80c	_xdr_getcredres
0x11a81c	_multi_call
0x11a828	_host2netname
0x11a836	_netname2user
0x11a844	_getnetname
0x11a850	_netname2host
0x11a85e	_user2netname
0x11a86c	__openchild
0x11a878	_pmap_set
0x11a882	_pmap_unset
0x11a88e	_pmap_getmaps
0x11a89c	_pmap_getport
0x11a8aa	_xdr_pmap
0x11a8b4	_xdr_pmaplist
0x11a8c2	_xdr_rmtcallres
0x11a8d2	_pmap_rmtcall
0x11a8e0	_xdr_rmtcall_args
0x11a8f2	_clnt_broadcast_exp
0x11a906	_clnt_broadcast
0x11a916	_xdr_des_block
0x11a925	_xdr_rejected_reply
0x11a939	__seterr_reply
0x11a948	_xdr_replymsg
0x11a956	_xdr_callhdr
0x11a963	_xdr_accepted_reply
0x11a977	_xdr_opaque_auth
0x11a988	__rpc_comdata_padding
0x11a99e	__null_auth
0x11a9aa	_svc_fdset
0x11a9b5	_rpc_createerr
0x11a9c4	_xdr_callmsg
0x11a9d1	_svc_getreq
0x11a9dd	_svc_sendreply
0x11a9ec	_svcerr_auth
0x11a9f9	_svcerr_decode
0x11aa08	_svc_unregister
0x11aa18	_svcerr_noproc
0x11aa27	_svcerr_noprog
0x11aa36	_svc_register
0x11aa44	_svc_getreqset
0x11aa53	_xprt_unregister
0x11aa64	_xprt_register
0x11aa73	_svcerr_weakauth
0x11aa84	_svcerr_systemerr
0x11aa96	_svcerr_progvers
0x11aaa7	__svcauth_null
0x11aab6	__authenticate
0x11aac5	__svcauth_short
0x11aad5	__svcauth_unix
0x11aae4	_svcraw_create
0x11aaf3	_svc_run
0x11aafc	_registerrpc
0x11ab09	_svcfd_create
0x11ab17	_svctcp_create
0x11ab26	_svcudp_create
0x11ab35	_svcudp_enablecache
0x11ab49	_svcudp_bufcreate
0x11ab5b	_authdes_getucred
0x11ab6d	__svcauth_des
0x11ab7b	_xdr_union
0x11ab86	_xdr_bytes
0x11ab91	_xdr_opaque
0x11ab9d	_xdr_int
0x11aba6	_xdr_free
0x11abb0	_xdr_u_short
0x11abbd	_xdr_bool
0x11abc7	_xdr_u_long
0x11abd3	_xdr_wrapstring
0x11abe3	_xdr_u_char
0x11abef	_xdr_short
0x11abfa	_xdr_netobj
0x11ac06	_xdr_long
0x11ac10	_xdr_string
0x11ac1c	_xdr_enum
0x11ac26	_xdr_char
0x11ac30	_xdr_void
0x11ac3a	_xdr_u_int
0x11ac45	_xdr_array
0x11ac50	_xdr_vector
0x11ac5c	_xdr_double
0x11ac68	_xdr_float
0x11ac73	_xdrmem_create
0x11ac82	_xdrrec_create
0x11ac91	_xdrrec_skiprecord
0x11aca4	_xdrrec_endofrecord
0x11acb8	_xdrrec_eof
0x11acc4	_xdr_reference
0x11acd3	_xdr_pointer
0x11ace0	_xdrstdio_create
0x11acf1	_bsd_sprintf
0x11acfe	_bsd_vsprintf
0x11ad0c	_clearerr
0x11ad16	__doscan
0x11ad3b	__filbuf
0x11ad44	__f_prealloc
0x11ad51	__cleanup
0x11ad63	__f_morefiles
0x11ad71	__findiop
0x11ad7b	__flsbuf
0x11ad9b	_fprintf
0x11adb9	_freopen
0x11add8	_getchar
0x11adfb	_putchar
0x11ae37	_setbuffer
0x11ae42	_setlinebuf
0x11ae4e	_sprintf
0x11ae57	__strout
0x11ae68	_vfprintf
0x11ae72	_vprintf
0x11ae7b	_vsprintf
0x11ae8c	__doprnt
0x11aeab	__gettimeofday
0x11aeba	__sigcatch
0x11aec5	__sigvec
0x11aece	__sigvec_nobind
0x11aee6	__access
0x11aef5	_add_profil
0x11af01	_adjtime
0x11af0a	_async_daemon
0x11af4a	_connect
0x11af75	__execve
0x11af7e	_exportfs
0x11afbd	_fstatfs
0x11afcd	_ftruncate
0x11afd8	_getdents
0x11afe2	_getdirentries
0x11aff1	_getdomainname
0x11b000	__getdtablesize
0x11b010	_getegid
0x11b019	_geteuid
0x11b031	_getgroups
0x11b03c	_gethostid
0x11b047	_gethostname
0x11b054	_getitimer
0x11b05f	_getpagesize
0x11b06c	_getpeername
0x11b079	_getpgrp
0x11b082	__getpid
0x11b08b	_getppid
0x11b094	_getpriority
0x11b0a1	__getrlimit
0x11b0ad	__getrusage
0x11b0b9	_getsockname
0x11b0c6	_getsockopt
0x11b155	_quotactl
0x11b166	_readlink
0x11b185	_recvfrom
0x11b18f	_recvmsg
0x11b1bd	_sendmsg
0x11b1ce	_setdomainname
0x11b1dd	_setgroups
0x11b1e8	_sethostid
0x11b1f3	_sethostname
0x11b200	_setitimer
0x11b20b	_setpgrp
0x11b214	_setpriority
0x11b221	_setprivexec
0x11b22e	_setquota
0x11b238	_setregid
0x11b242	_setreuid
0x11b24c	_setrlimit
0x11b257	_setsockopt
0x11b263	_settimeofday
0x11b271	_shutdown
0x11b27b	__sigblock
0x11b286	_sigpause
0x11b290	__sigreturn
0x11b29c	__sigsetmask
0x11b2a9	__sigstack
0x11b2b4	__sigtramp
0x11b2c7	_socketpair
0x11b2e9	_symlink
0x11b2f8	__syscall
0x11b309	_truncate
0x11b322	_unmount
0x11b33a	_vhangup
0x11b360	__writev
0x11b370	__cproc_fork_child
0x11b383	__cproc_create
0x11b392	__cthread_yield
0x11b3a2	__cthread_errno
0x11b3b2	__cproc_init
0x11b3bf	__cthread_set_errno_self
0x11b3d8	__condition_wait
0x11b3e9	__cond_signal
0x11b3f7	__cond_broadcast
0x11b408	__cthread_count
0x11b418	__cthread_body
0x11b427	__cthread_init
0x11b436	__cthread_join
0x11b445	__set_cthread_free_callout
0x11b460	__cthread_limit
0x11b470	__cthread_set_name
0x11b483	__cthread_name
0x11b492	__cthread_set_limit
0x11b4a6	__cthread_fork_child
0x11b4bb	__cthread_fork_parent
0x11b4d1	__cthread_fork_prepare
0x11b4e8	__cthread_fork
0x11b4f7	__cthread_detach
0x11b508	__cthread_exit
0x11b517	__mutex_wait_lock
0x11b529	__mig_dealloc_reply_port
0x11b542	__mig_get_reply_port
0x11b557	__mig_fork_child
0x11b568	__mig_init
0x11b573	_cthread_abort
0x11b582	_cthread_priority
0x11b594	_cthread_max_priority
0x11b5aa	__alloc_stack
0x11b5b8	__dealloc_stack
0x11b5c8	__stack_init
0x11b5d5	__stack_fork_child
0x11b5e8	__threads_data_padding
0x11b5ff	__condition_spin_limit
0x11b616	__mutex_spin_limit
0x11b629	__condition_yield_limit
0x11b641	__cthread_stack_base
0x11b656	__cthread_stack_mask
0x11b66b	__initial_stack_boundary
0x11b684	__cthread_exit_routine
0x11b69b	__msg_send_timeout
0x11b6ae	__msg_receive_timeout
0x11b6c4	__malloc_lock
0x11b6d2	__cproc_default_stack_size
0x11b6ed	__cthread_init_routine
0x11b704	__ur_cthread_self
0x11b716	__cproc_setup
0x11b724	__cthread_set_self
0x11b737	__cthread_sp
0x11b744	__spin_unlock
0x11b752	__mutex_unlock_try
0x11b765	__spin_lock
0x11b771	__mutex_try_lock
0x11b782	_yperr_string
0x11b790	_xdr_ypresp_maplist
0x11b7a4	_xdr_yppushresp_xfr
0x11b7b8	_xdr_ypreq_xfr
0x11b7c7	_xdr_ypresp_order
0x11b7d9	_xdr_ypall
0x11b7e4	_xdr_ypresp_master
0x11b7f7	_xdr_ypmaplist_wrap_string
0x11b812	_xdr_ypmaplist
0x11b821	_xdr_ypbind_setdom
0x11b834	_ypprot_err
0x11b840	__xdr_ypresponse
0x11b851	__xdr_ypbind_oldsetdom
0x11b868	__xdr_yprequest
0x11b878	_xdr_ypreq_nokey
0x11b889	_xdr_ypresp_val
0x11b899	_xdr_ypreq_key
0x11b8a8	_xdr_yp_inaddr
0x11b8b7	_xdr_ypresp_key_val
0x11b8cb	_xdr_ypowner_wrap_string
0x11b8e4	_xdr_ypmap_parms
0x11b8f5	_xdr_ypbind_resp
0x11b906	_xdr_yp_binding
0x11b916	_xdr_ypdomain_wrap_string
0x11b930	_xdr_datum
0x11b93b	_xdr_ypmap_wrap_string
0x11b95a	_yp_get_default_domain
0x11b971	_yp_unbind
0x11b97c	__yp_dobind
0x11b988	_usingypmap
0x11b994	_yp_bind
0x11b99d	__yp_data_padding
0x11b9af	__ypsleeptime
0x11b9bd	__ypserv_timeout
0x11b9ce	_v1prot_dofirst
0x11b9de	_v1prot_donext
0x11b9ed	_yp_next
0x11b9f6	_yp_first
0x11ba00	_yp_master
0x11ba0b	_yp_match
0x11ba15	_yp_order
0x11ba1f	__gcc_bcmp
0x11ba2a	__adddf3
0x11ba33	__addsf3
0x11ba3c	__ashldi3
0x11ba46	__ashlsi3
0x11ba50	__ashrdi3
0x11ba5a	__ashrsi3
0x11ba64	___bb_exit_func
0x11ba74	___bb_init_func
0x11ba84	___clear_cache
0x11ba93	__cmpdi2
0x11ba9c	__divdf3
0x11baa5	__divdi3
0x11baae	__divsf3
0x11bab7	__divsi3
0x11bac0	___eprintf
0x11badb	__extendsfdf2
0x11bae9	__ffsdi2
0x11baf2	__fixdfdi
0x11bafc	__fixdfsi
0x11bb06	__fixsfdi
0x11bb10	__fixsfsi
0x11bb1a	__fixunsdfdi
0x11bb27	__fixunsdfsi
0x11bb34	__fixunssfdi
0x11bb41	__fixunssfsi
0x11bb4e	__fixunsxfdi
0x11bb5b	__fixunsxfsi
0x11bb68	__fixxfdi
0x11bb72	__floatdidf
0x11bb7e	__floatdisf
0x11bb8a	__floatdixf
0x11bb96	__floatsidf
0x11bba2	__floatsisf
0x11bbde	__lshldi3
0x11bbe8	__lshlsi3
0x11bbf2	__lshrdi3
0x11bbfc	__lshrsi3
0x11bc16	__moddi3
0x11bc1f	__modsi3
0x11bc28	__muldf3
0x11bc31	__muldi3
0x11bc3a	__mulsf3
0x11bc43	__mulsi3
0x11bc54	__negdf2
0x11bc5d	__negdi2
0x11bc66	__negsf2
0x11bc77	___set_new_handler
0x11bc8a	___get_new_handler
0x11bc9d	_set_new_handler
0x11bcae	___builtin_delete
0x11bcc0	___builtin_new
0x11bccf	___shtab
0x11bcd8	__subdf3
0x11bce1	__subsf3
0x11bcea	___enable_execute_stack
0x11bd02	__truncdfsf2
0x11bd0f	__ucmpdi2
0x11bd19	___udiv_w_sdiv
0x11bd28	__udivdi3
0x11bd32	__udivmoddi4
0x11bd3f	__udivsi3
0x11bd49	__umoddi3
0x11bd53	__umodsi3
0x11bd5d	___builtin_saveregs
0x11bd71	_isEqualPrototype
0x11bd83	_isEqualPtrStructKey
0x11bd98	_NXCopyStringBuffer
0x11bdac	_NXUniqueString
0x11bdbc	_isEqualStrStructKey
0x11bdd1	_hashStrStructKey
0x11bde3	_NXReallyFree
0x11bdf1	_hashPtrStructKey
0x11be03	_NXResetHashTable
0x11be15	_NXCreateHashTable
0x11be28	_NXHashInsertIfAbsent
0x11be3e	_NXEmptyHashTable
0x11be50	_NXCreateHashTableFromZone
0x11be6b	_NXHashGet
0x11be76	_NXHashInsert
0x11be84	_NXHashRemove
0x11be92	_NXFreeHashTable
0x11bea3	_NXCountHashTable
0x11beb5	_hashPrototype
0x11bec4	_NXCopyHashTable
0x11bed5	_NXCompareHashTables
0x11beea	_NXInitHashState
0x11befb	_NXIsEqualHashTable
0x11bf0f	_NXUniqueStringWithLength
0x11bf29	_NXUniqueStringNoCopy
0x11bf3f	_NXStrIsEqual
0x11bf4d	_NXHashMember
0x11bf5b	_NXCopyStringBufferFromZone
0x11bf77	_NXStrHash
0x11bf82	_NXNextHashState
0x11bf93	_NXNoEffectFree
0x11bfa3	_NXPtrHash
0x11bfae	_NXPtrIsEqual
0x11bfbc	__mapObjectFree
0x11bfcc	__mapNoFree
0x11bfd8	__mapStrIsEqual
0x11bfe8	__mapStrHash
0x11bff5	_NXInitMapState
0x11c005	_NXCreateMapTable
0x11c017	__mapObjectHash
0x11c027	_NXResetMapTable
0x11c038	_NXNextMapState
0x11c048	__mapPtrHash
0x11c055	_NXCompareMapTables
0x11c069	_NXMapRemove
0x11c076	__mapPtrIsEqual
0x11c086	_NXMapInsert
0x11c093	_NXMapGet
0x11c09d	_NXFreeMapTable
0x11c0ad	__mapObjectIsEqual
0x11c0c0	_NXCreateMapTableFromZone
0x11c0da	_NXMapMember
0x11c0e7	_NXCountMapTable
0x11c0f8	_object_getClassName
0x11c10d	_class_createInstanceFromZone
0x11c12b	_object_getIndexedIvars
0x11c143	_messageLock
0x11c150	_instrumentObjcMessageSends
0x11c16c	_getOriginalClassForPosingClass
0x11c18c	_method_getSizeOfArguments
0x11c1a7	_emptyCache
0x11c1b3	_objc_getOrigClass
0x11c1c6	_method_getNumberOfArguments
0x11c1e3	_method_getArgumentInfo
0x11c1fb	_do_not_remove_this_dummy_function
0x11c21e	_class_removeMethods
0x11c233	__class_printMethodCaches
0x11c24d	_class_poseAs
0x11c25b	_class_addMethods
0x11c26d	__cache_create
0x11c27c	_class_setVersion
0x11c28e	_class_respondsToMethod
0x11c2a6	__class_install_relationships
0x11c2c4	_class_nextMethodList
0x11c2da	_class_lookupMethodInMethodList
0x11c2fa	_class_lookupMethod
0x11c30e	_class_getVersion
0x11c320	_class_getInstanceVariable
0x11c33b	_class_getInstanceMethod
0x11c354	_class_getClassMethod
0x11c36a	_class_createInstance
0x11c380	__class_lookupMethodAndLoadCache
0x11c3a1	_class_addClassMethods
0x11c3b8	__class_removeProtocols
0x11c3d8	__internal_class_createInstance
0x11c3f8	__class_printDuplicateCacheEntries
0x11c41b	__class_printMethodCacheStatistics
0x11c43e	_checkUniqueness
0x11c44f	__internal_class_createInstanceFromZone
0x11c477	__objc_create_zone
0x11c48a	__objc_flush_caches
0x11c49e	__objc_getNonexistentClass
0x11c4b9	__objc_getFreedObjectClass
0x11c4d4	__objc_error
0x11c4e1	__objc_inform
0x11c4ef	__objc_fatal
0x11c4fc	___objc_error
0x11c50a	__getObjcStrings
0x11c51b	__getObjcStringObjects
0x11c532	__getObjcProtocols
0x11c545	__getObjcModules
0x11c556	__getObjcMessageRefs
0x11c56b	__getObjcHeaders
0x11c57c	__getObjcHeaderName
0x11c590	__getObjcHeaderFileType
0x11c5a8	__getObjcHeaderData
0x11c5bc	__getObjcFrozenTable
0x11c5d1	__getObjcClassRefs
0x11c5e4	__getObjcBackRefs
0x11c5fe	__poseAs
0x11c616	__cvtToId
0x11c620	__cvtToSel
0x11c62b	__zoneAlloc
0x11c637	__realloc
0x11c641	__zoneCopy
0x11c64c	__dealloc
0x11c656	__zoneRealloc
0x11c664	_NXObjectMapPrototype
0x11c67a	_NXStrValueMapPrototype
0x11c692	_NXStrStructKeyPrototype
0x11c6ab	_NXPtrValueMapPrototype
0x11c6c3	_NXPtrPrototype
0x11c6d3	_NXStrPrototype
0x11c6e3	_NXPtrStructKeyPrototype
0x11c6fc	_get_base_method_list
0x11c712	_objc_loadModules
0x11c724	_objc_unloadModules
0x11c738	__objc_bindModuleContainingList
0x11c758	__objc_insertMethods
0x11c76d	__objc_removeMethods
0x11c782	_objc_getClass
0x11c791	_objc_getClasses
0x11c7a2	_classLock
0x11c7ad	_rocketLaunchingDebug
0x11c7c3	__objc_headerCount
0x11c7d6	__objc_headerVector
0x11c7ea	__nameForHeader
0x11c7fa	_objc_lookUpClass
0x11c80c	_objc_getMetaClass
0x11c81f	_objc_dump_class_hash
0x11c835	_objc_setClassHandler
0x11c84b	__objc_multithread_mask
0x11c863	__objc_msgNil
0x11c871	__objc_map_selectors_from_image
0x11c891	__objc_init_class_hash
0x11c8a8	__objcInit
0x11c8b3	_objc_addClass
0x11c8c2	_callbackFunction
0x11c8d4	_objc_setMultithreaded
0x11c8eb	__objc_remove_category
0x11c902	__objc_removeHeader
0x11c916	__objc_removeClass
0x11c929	__objc_add_category
0x11c93d	_objc_pendClassReference
0x11c956	_objc_pendClassInstallation
0x11c972	__objc_addHeader
0x11c983	_objc_getModules
0x11c994	__sel_registerName
0x11c9a7	_sel_registerName
0x11c9b9	__sel_init
0x11c9c4	__sel_printHashTable
0x11c9d9	__objc_dynamic_hash_count
0x11c9f3	__sel_printStatistics
0x11ca09	_sel_getName
0x11ca16	_sel_getUid
0x11ca22	__sel_initsorted
0x11ca33	_checkSel
0x11ca3d	__sel_unloadSelectors
0x11ca53	_sel_isMapped
0x11ca61	__strhash
0x11ca6b	__internal_object_reallocFromZone
0x11ca8d	__internal_object_dispose
0x11caa7	__internal_object_realloc
0x11cac1	__internal_object_copy
0x11cad8	_object_copy
0x11cae5	.objc_class_name_Object
0x11cafd	__internal_object_copyFromZone
0x11cb1c	_object_dispose
0x11cb2c	_object_copyFromZone
0x11cb41	_object_getInstanceVariable
0x11cb5d	_object_realloc
0x11cb6d	_object_reallocFromZone
0x11cb85	_object_setInstanceVariable
0x11cba1	.objc_class_name_Protocol
0x11cbbb	.constructors_used
0x11cbce	.destructors_used
0x11cbe0	__cplus_init
0x11cbed	__NXRaiseError
0x11cbfc	__NXAddHandler
0x11cc0b	__NXRemoveHandler
0x11cc1d	__NXAddAltHandler
0x11cc2f	_NXSetExceptionRaiser
0x11cc45	_NXResetErrorData
0x11cc57	_NXGetExceptionRaiser
0x11cc6d	_NXDefaultExceptionRaiser
0x11cc87	_NXAllocErrorData
0x11cc99	__NXRemoveAltHandler
0x11ccae	__NXLogError
0x11ccbb	_moninitobjc
0x11ccc8	__objc_msgForward
0x11ccda	_objc_msgSend
0x11cce8	_objc_msgSendSuper
0x11ccfb	_objc_entryPoints
0x11cd0d	_objc_exitPoints
0x11cd1e	_objc_msgSendv
0x11cd2d	.objc_class_name_HashTable
0x11cd48	.objc_class_name_List
0x11cd5e	_NXLoadLocalizedStringFromTableInBundle
0x11cd86	_NXLoadLocalStringFromTableInBundle
0x11cdaa	.objc_category_name_NXBundle_Private
0x11cdcf	.objc_class_name_NXBundle
0x11cde9	.objc_category_name_NXBundle_Compatability
0x11ce14	.objc_class_name_NXCharacterSet
0x11ce34	.objc_category_name_NXReadOnlyString_Fancy_IO
0x11ce62	.objc_category_name_NXString_Fancy_IO
0x11ce88	.objc_category_name_NXPropertyList_Fancy_IO
0x11ceb4	.objc_category_name_NXPropertyList_Basic_IO
0x11cee0	.objc_category_name_Object_NX_BS_Extras
0x11cf08	.objc_class_name_NXCleanList
0x11cf25	.objc_class_name_NXPropertyList
0x11cf45	.objc_category_name_NXCleanList_Fancy_IO
0x11cf6e	.objc_category_name_Object_Fancy_IO
0x11cf92	.objc_category_name_NXMutableString_NX_BS_Extras
0x11cfc3	.objc_class_name_NXConstantString
0x11cfe5	.objc_class_name_NXMutableString
0x11d006	.objc_class_name_NXReadOnlyString
0x11d028	.objc_class_name_NXReadOnlySubstring
0x11d04d	.objc_class_name_NXReadWriteString
0x11d070	.objc_class_name_NXSimpleReadOnlyString
0x11d098	_NXHashCharacters
0x11d0aa	_NXFindCharacters
0x11d0bc	.objc_class_name_NXString
0x11d0d6	__NXStringErrorRaise
0x11d0eb	__NXStringZone
0x11d0fa	_NXCompareCharacters
0x11d10f	.objc_class_name_NXStringTable
0x11d12e	.objc_class_name_NXUniquedString
0x11d14f	.objc_class_name_Storage
0x11d168	.objc_class_name_StreamTable
0x11d185	_NXWriteArray
0x11d193	_NXReadArray
0x11d1a0	_getSizeOfType
0x11d1af	_NXWriteRootObject
0x11d1c2	_NXWriteObjectReference
0x11d1da	_NXWriteTypes
0x11d1e8	_NXReadTypes
0x11d1f5	_NXTypedStreamClassVersion
0x11d210	_NXWriteType
0x11d21d	_NXReadType
0x11d229	_NXTypedStreamIsSwapped
0x11d241	_NXSetTypedStreamZone
0x11d257	_NXReadObjectFromBuffer
0x11d26f	_NXOpenTypedStreamForFile
0x11d289	_NXOpenTypedStream
0x11d29c	_NXGetTypedStreamZone
0x11d2b2	_NXFlushTypedStream
0x11d2c6	_NXReadObject
0x11d2d4	_NXWriteObject
0x11d2e3	_NXSystemVersion
0x11d2f4	_NXFreeObjectBuffer
0x11d308	_NXEndOfTypedStream
0x11d31c	_NXCloseTypedStream
0x11d330	_NXWriteRootObjectToBuffer
0x11d34b	_NXReadObjectFromBufferWithZone
0x11d36b	__dyld_present
0x11d37a	__dyld_get_image_name
0x11d390	__dyld_moninit
0x11d39f	__dyld_get_image_vmaddr_slide
0x11d3bd	__dyld_image_count
0x11d3d0	__dyld_lookup_and_bind_fully
0x11d3ed	__dyld_get_image_header
0x11d405	__dyld_launched_prebound
0x11d41e	__dyld_register_func_for_add_image
0x11d441	__dyld_register_func_for_link_module
0x11d466	__dyld_register_func_for_unlink_module
0x11d48d	__dyld_lookup_and_bind
0x11d4a4	__dyld_lookup_and_bind_objc
0x11d4c0	__dyld_bind_fully_image_containing_address
0x11d4eb	__dyld_register_func_for_replace_module
0x11d513	__dyld_bind_objc_module
0x11d52b	__dyld_get_objc_module_sect_for_module
0x11d552	__dyld_debug_subscribe_to_events
0x11d573	__dyld_debug_bind_module
0x11d58c	__dyld_debug_add_event_subscriber
0x11d5ae	__dyld_debug_make_runnable
0x11d5c9	__dyld_debug_defining_module
0x11d5e6	__dyld_debug_is_module_bound
0x11d603	__dyld_debug_module_name
0x11d61c	__dyld_debug_monoutput
0x11d633	__dyld_debug_restore_runnable
0x11d651	_NSLibraryNameForModule
0x11d669	_NSInstallLinkEditErrorHandlers
0x11d689	_NSAddLibrary
0x11d697	_NSAddressOfSymbol
0x11d6aa	_NSVersionOfLinkTimeLibrary
0x11d6c6	_NSIsSymbolNameDefined
0x11d6dd	_NSVersionOfRunTimeLibrary
0x11d6f8	_NSLookupAndBindSymbol
0x11d70f	_NSModuleForSymbol
0x11d722	_NSNameOfModule
0x11d732	_NSNameOfSymbol
0x11d742	_NSCreateObjectFileImageFromFile
0x11d763	_NSSymbolReferenceNameInObjectFileImage
0x11d78b	_NSCreateObjectFileImageFromMemory
0x11d7ae	_NSDestroyObjectFileImage
0x11d7c8	_NSGetSectionDataInObjectFileImage
0x11d7eb	_NSIsSymbolDefinedInObjectFileImage
0x11d80f	_NSSymbolDefinitionCountInObjectFileImage
0x11d839	_NSSymbolDefinitionNameInObjectFileImage
0x11d862	_NSSymbolReferenceCountInObjectFileImage
0x11d88b	_NSLinkModule
0x11d899	_NSReplaceModule
0x11d8aa	_NSUnLinkModule
0x11d8ba	__dyld_event_server
0x11d8ce	_NXAddRegion
0x11d8db	__NXAddRegion
0x11d8f1	__NXArgc
0x11d902	__NXArgv
0x11d90b	_NXCreateChildZone
0x11d91e	__NXCreateChildZone
0x11d932	_NXCreateZone
0x11d940	__NXCreateZone
0x11d94f	_NXDefaultMallocZone
0x11d964	__NXDefaultMallocZone
0x11d97a	_NXMallocCheck
0x11d989	__NXMallocCheck
0x11d999	_NXMergeZone
0x11d9a6	__NXMergeZone
0x11d9b4	_NXNameZone
0x11d9c0	__NXNameZone
0x11d9cd	_NXRemoveRegion
0x11d9dd	__NXRemoveRegion
0x11d9ee	_NXZoneCalloc
0x11d9fc	__NXZoneCalloc
0x11da0b	_NXZoneFromPtr
0x11da1a	__NXZoneFromPtr
0x11da2a	_NXZonePtrInfo
0x11da39	__NXZonePtrInfo
0x11da51	__access
0x11da5a	_alloc_stack
0x11da67	__alloc_stack
0x11da75	_bootstrap_check_in
0x11da89	__bootstrap_check_in
0x11da9e	_bootstrap_create_service
0x11dab8	__bootstrap_create_service
0x11dad3	_bootstrap_info
0x11dae3	__bootstrap_info
0x11daf4	_bootstrap_look_up
0x11db07	__bootstrap_look_up
0x11db1b	_bootstrap_look_up_array
0x11db34	__bootstrap_look_up_array
0x11db4e	_bootstrap_port
0x11db5e	__bootstrap_port
0x11db6f	_bootstrap_register
0x11db83	__bootstrap_register
0x11db98	_bootstrap_status
0x11dbaa	__bootstrap_status
0x11dbbd	_bootstrap_subset
0x11dbcf	__bootstrap_subset
0x11dc00	_cond_broadcast
0x11dc10	__cond_broadcast
0x11dc21	_cond_signal
0x11dc2e	__cond_signal
0x11dc3c	_condition_spin_limit
0x11dc52	__condition_spin_limit
0x11dc69	_condition_wait
0x11dc79	__condition_wait
0x11dc8a	_condition_yield_limit
0x11dca1	__condition_yield_limit
0x11dcb9	_cproc_create
0x11dcc7	__cproc_create
0x11dcd6	_cproc_default_stack_size
0x11dcf0	__cproc_default_stack_size
0x11dd0b	_cproc_init
0x11dd17	__cproc_init
0x11dd24	_cproc_setup
0x11dd31	__cproc_setup
0x11dd3f	_cthread_body
0x11dd4d	__cthread_body
0x11dd5c	_cthread_count
0x11dd6b	__cthread_count
0x11dd7b	_cthread_detach
0x11dd8b	__cthread_detach
0x11dd9c	_cthread_errno
0x11ddab	__cthread_errno
0x11ddbb	_cthread_exit
0x11ddc9	__cthread_exit
0x11ddd8	_cthread_fork
0x11dde6	__cthread_fork
0x11ddf5	_cthread_init
0x11de03	__cthread_init
0x11de12	_cthread_join
0x11de20	__cthread_join
0x11de2f	_cthread_limit
0x11de3e	__cthread_limit
0x11de4e	_cthread_name
0x11de5c	__cthread_name
0x11de6b	_cthread_set_errno_self
0x11de83	__cthread_set_errno_self
0x11de9c	_cthread_set_limit
0x11deaf	__cthread_set_limit
0x11dec3	_cthread_set_name
0x11ded5	__cthread_set_name
0x11dee8	_cthread_set_self
0x11defa	__cthread_set_self
0x11df0d	_cthread_sp
0x11df19	__cthread_sp
0x11df26	_cthread_stack_base
0x11df3a	__cthread_stack_base
0x11df4f	_cthread_stack_mask
0x11df63	__cthread_stack_mask
0x11df78	_cthread_yield
0x11df87	__cthread_yield
0x11df97	_device_master_self
0x11dfab	__device_master_self
0x11dfcd	_environ
0x11dfd6	__environ
0x11e006	__execve
0x11e00f	_f_prealloc
0x11e01b	__f_prealloc
0x11e042	_fork_mach_init
0x11e052	__fork_mach_init
0x11e07f	_getdtablesize
0x11e08e	__getdtablesize
0x11e0a6	__getpid
0x11e0af	_getrlimit
0x11e0ba	__getrlimit
0x11e0c6	_getrusage
0x11e0d1	__getrusage
0x11e0dd	_gettimeofday
0x11e0eb	__gettimeofday
0x11e0fa	_host_priv_self
0x11e10a	__host_priv_self
0x11e11b	_host_self
0x11e126	__host_self
0x11e141	_init_process
0x11e14f	__init_process
0x11e15e	_initial_stack_boundary
0x11e176	__initial_stack_boundary
0x11e1a6	__isatty
0x11e1cd	_kern_timestamp
0x11e1dd	__kern_timestamp
0x11e1fb	_longjmperror
0x11e209	__longjmperror
0x11e227	_mach_error
0x11e233	__mach_error
0x11e240	_mach_error_string
0x11e253	__mach_error_string
0x11e267	_mach_errormsg
0x11e276	__mach_errormsg
0x11e286	_mach_host_self
0x11e296	__mach_host_self
0x11e2a7	_mach_init
0x11e2b2	__mach_init
0x11e2be	_mach_init_routine
0x11e2d1	__mach_init_routine
0x11e2e5	_mach_msg_trap
0x11e2f4	__mach_msg_trap
0x11e304	_mach_reply_port
0x11e315	__mach_reply_port
0x11e327	_mach_swapon
0x11e334	__mach_swapon
0x11e342	_mach_task_self
0x11e352	__mach_task_self
0x11e363	_mach_thread_self
0x11e375	__mach_thread_self
0x11e388	_malloc_debug
0x11e396	__malloc_debug
0x11e3a5	_malloc_error
0x11e3b3	__malloc_error
0x11e3c2	_malloc_freezedry
0x11e3d4	__malloc_freezedry
0x11e3e7	_malloc_good_size
0x11e3f9	__malloc_good_size
0x11e40c	_malloc_jumpstart
0x11e41e	__malloc_jumpstart
0x11e431	_malloc_lock
0x11e43e	__malloc_lock
0x11e44c	_malloc_singlethreaded
0x11e463	__malloc_singlethreaded
0x11e47b	_malloc_size
0x11e488	__malloc_size
0x11e49e	__map_fd
0x11e4a7	_mig_dealloc_reply_port
0x11e4bf	__mig_dealloc_reply_port
0x11e4d8	_mig_fork_child
0x11e4e8	__mig_fork_child
0x11e4f9	_mig_get_reply_port
0x11e50d	__mig_get_reply_port
0x11e522	_mig_init
0x11e52c	__mig_init
0x11e537	_msg_receive
0x11e544	__msg_receive
0x11e552	_msg_receive_timeout
0x11e567	__msg_receive_timeout
0x11e57d	_msg_receive_trap
0x11e58f	__msg_receive_trap
0x11e5a2	_msg_rpc
0x11e5ab	__msg_rpc
0x11e5b5	_msg_rpc_trap
0x11e5c3	__msg_rpc_trap
0x11e5d2	_msg_send
0x11e5dc	__msg_send
0x11e5e7	_msg_send_timeout
0x11e5f9	__msg_send_timeout
0x11e60c	_msg_send_trap
0x11e61b	__msg_send_trap
0x11e633	__mstats
0x11e63c	_mutex_spin_limit
0x11e64e	__mutex_spin_limit
0x11e661	_mutex_try_lock
0x11e671	__mutex_try_lock
0x11e682	_mutex_unlock_try
0x11e694	__mutex_unlock_try
0x11e6a7	_mutex_wait_lock
0x11e6b8	__mutex_wait_lock
0x11e6ca	_name_server_port
0x11e6dc	__name_server_port
0x11e6ef	_netipc_ignore
0x11e6fe	__netipc_ignore
0x11e70e	_netipc_listen
0x11e71d	__netipc_listen
0x11e73a	_port_allocate
0x11e749	__port_allocate
0x11e759	_port_deallocate
0x11e76a	__port_deallocate
0x11e77c	_port_extract_receive
0x11e792	__port_extract_receive
0x11e7a9	_port_extract_send
0x11e7bc	__port_extract_send
0x11e7d0	_port_insert_receive
0x11e7e5	__port_insert_receive
0x11e7fb	_port_insert_send
0x11e80d	__port_insert_send
0x11e820	_port_names
0x11e82c	__port_names
0x11e839	_port_rename
0x11e846	__port_rename
0x11e854	_port_set_add
0x11e862	__port_set_add
0x11e871	_port_set_allocate
0x11e884	__port_set_allocate
0x11e898	_port_set_backlog
0x11e8aa	__port_set_backlog
0x11e8bd	_port_set_backup
0x11e8ce	__port_set_backup
0x11e8e0	_port_set_deallocate
0x11e8f5	__port_set_deallocate
0x11e90b	_port_set_remove
0x11e91c	__port_set_remove
0x11e92e	_port_set_status
0x11e93f	__port_set_status
0x11e951	_port_status
0x11e95e	__port_status
0x11e96c	_port_type
0x11e977	__port_type
0x11e990	_set_malloc_singlethreaded
0x11e9ab	__set_malloc_singlethreaded
0x11e9c7	_sigblock
0x11e9d1	__sigblock
0x11e9dc	_sigcatch
0x11e9e6	__sigcatch
0x11e9f1	_sigreturn
0x11e9fc	__sigreturn
0x11ea08	_sigsetmask
0x11ea14	__sigsetmask
0x11ea21	_sigstack
0x11ea2b	__sigstack
0x11ea3e	__sigvec
0x11ea47	_spin_lock
0x11ea52	__spin_lock
0x11ea5e	_spin_unlock
0x11ea6b	__spin_unlock
0x11ea79	_stack_init
0x11ea85	__stack_init
0x11eaa1	_swtch_pri
0x11eaac	__swtch_pri
0x11eab8	_syscall
0x11eac1	__syscall
0x11eacb	_task_by_pid
0x11ead8	__task_by_pid
0x11eae6	_task_by_unix_pid
0x11eaf8	__task_by_unix_pid
0x11eb0b	_task_create
0x11eb18	__task_create
0x11eb26	_task_get_special_port
0x11eb3d	__task_get_special_port
0x11eb55	_task_info
0x11eb60	__task_info
0x11eb6c	_task_notify
0x11eb79	__task_notify
0x11eb87	_task_resume
0x11eb94	__task_resume
0x11eba2	_task_self
0x11ebad	__task_self
0x11ebb9	_task_self_
0x11ebc5	__task_self_
0x11ebd2	_task_set_special_port
0x11ebe9	__task_set_special_port
0x11ec01	_task_suspend
0x11ec0f	__task_suspend
0x11ec1e	_task_terminate
0x11ec2e	__task_terminate
0x11ec3f	_task_threads
0x11ec4d	__task_threads
0x11ec5c	_thread_abort
0x11ec6a	__thread_abort
0x11ec79	_thread_create
0x11ec88	__thread_create
0x11ec98	_thread_get_special_port
0x11ecb1	__thread_get_special_port
0x11eccb	_thread_get_state
0x11ecdd	__thread_get_state
0x11ecf0	_thread_info
0x11ecfd	__thread_info
0x11ed0b	_thread_reply
0x11ed19	__thread_reply
0x11ed28	_thread_resume
0x11ed37	__thread_resume
0x11ed47	_thread_self
0x11ed54	__thread_self
0x11ed62	_thread_set_special_port
0x11ed7b	__thread_set_special_port
0x11ed95	_thread_set_state
0x11eda7	__thread_set_state
0x11edba	_thread_suspend
0x11edca	__thread_suspend
0x11eddb	_thread_switch
0x11edea	__thread_switch
0x11edfa	_thread_terminate
0x11ee0c	__thread_terminate
0x11ee1f	_timezone
0x11ee29	__timezone
0x11ee3c	__tzname
0x11ee63	_unix_pid
0x11ee6d	__unix_pid
0x11ee78	_ur_cthread_self
0x11ee89	__ur_cthread_self
0x11eea3	__valloc
0x11eeca	_vm_allocate
0x11eed7	__vm_allocate
0x11eee5	_vm_copy
0x11eeee	__vm_copy
0x11eef8	_vm_deactivate
0x11ef07	__vm_deactivate
0x11ef17	_vm_deallocate
0x11ef26	__vm_deallocate
0x11ef36	_vm_inherit
0x11ef42	__vm_inherit
0x11ef4f	_vm_machine_attribute
0x11ef65	__vm_machine_attribute
0x11ef7c	_vm_page_size
0x11ef8a	__vm_page_size
0x11ef99	_vm_protect
0x11efa5	__vm_protect
0x11efb2	_vm_read
0x11efbb	__vm_read
0x11efc5	_vm_region
0x11efd0	__vm_region
0x11efdc	_vm_set_policy
0x11efeb	__vm_set_policy
0x11effb	_vm_statistics
0x11f00a	__vm_statistics
0x11f01a	_vm_synchronize
0x11f02a	__vm_synchronize
0x11f03b	_vm_write
0x11f045	__vm_write
0x11f074	__writev
0x11f07d	_xxx_PORT_ENABLED
0x11f08f	__xxx_PORT_ENABLED
0x11f0a2	_xxx_cpu_control
0x11f0b3	__xxx_cpu_control
0x11f0c5	_xxx_environment_port
0x11f0db	__xxx_environment_port
0x11f0f2	_xxx_host_info
0x11f101	__xxx_host_info
0x11f111	_xxx_slot_info
0x11f120	__xxx_slot_info
0x11f130	__NXArgc
0x11f139	__NXArgv
0x11f142	__environ
0x11f14c	dylib1.o
0x11f155	crt_externs.o
0x11f163	__gcc_bcmp.o
0x11f170	_ashldi3.o
0x11f17b	_ashrdi3.o
0x11f18c	_clear_cache.o
0x11f19b	_cmpdi2.o
0x11f1a5	_ctors.o
0x11f1ae	_divdi3.o
0x11f1be	_eprintf.o
0x11f1c9	_ffsdi2.o
0x11f1d3	_fixdfdi.o
0x11f1de	_fixsfdi.o
0x11f1e9	_fixtfdi.o
0x11f1f4	_fixunsdfdi.o
0x11f202	_fixunsdfsi.o
0x11f210	_fixunssfdi.o
0x11f21e	_fixunssfsi.o
0x11f22c	_fixunstfdi.o
0x11f23a	_fixunsxfdi.o
0x11f248	_fixunsxfsi.o
0x11f256	_fixxfdi.o
0x11f261	_floatdidf.o
0x11f26e	_floatdisf.o
0x11f27b	_floatditf.o
0x11f288	_floatdixf.o
0x11f295	_lshrdi3.o
0x11f2a0	_moddi3.o
0x11f2aa	_muldi3.o
0x11f2b4	_negdi2.o
0x11f2be	_new_handler.o
0x11f2cd	_op_delete.o
0x11f2da	_op_new.o
0x11f2e4	_op_vdel.o
0x11f2ef	_op_vnew.o
0x11f302	_shtab.o
0x11f30b	_trampoline.o
0x11f319	_ucmpdi2.o
0x11f324	_udiv_w_sdiv.o
0x11f333	_udivdi3.o
0x11f33e	_udivmoddi4.o
0x11f34c	_umoddi3.o
0x11f357	_varargs.o
0x11f362	librld.o
0x11f36b	file_funcs.o
0x11f378	globals.o
0x11f382	indir_ops.o
0x11f38e	ipc_funcs.o
0x11f39a	memory_funcs.o
0x11f3a9	streams.o
0x11f3b3	streams_doprnt.o
0x11f3c4	streams_doscan.o
0x11f3d5	streams_internal.o
0x11f3f0	asincos.o
0x11f42c	exp__E.o
0x11f44c	lgamma.o
0x11f46b	log__L.o
0x11f47a	signgam.o
0x11f4b6	support.o
0x11f4d4	dbData.o
0x11f4dd	dbError.o
0x11f4e7	dbExists.o
0x11f4f2	dbGlobals.o
0x11f4fe	dbInit.o
0x11f507	dbLock.o
0x11f510	dbPrint.o
0x11f51a	dbUnlink.o
0x11f525	defaults.o
0x11f530	NXPortPortal.o
0x11f53f	NXProxy.o
0x11f549	LogFunctions.o
0x11f558	NXData.o
0x11f561	NXInvalidationNotifier.o
0x11f57a	NXLock.o
0x11f583	NXNetNameServer.o
0x11f595	NXPort.o
0x11f59e	NXProtocolChecker.o
0x11f5b2	atexit.o
0x11f5bb	bsearch.o
0x11f5cd	difftime.o
0x11f5e5	ferror.o
0x11f5ee	fgetpos.o
0x11f5f8	fsetpos.o
0x11f609	isalnum.o
0x11f613	isalpha.o
0x11f61d	iscntrl.o
0x11f627	isdigit.o
0x11f631	isgraph.o
0x11f63b	islower.o
0x11f645	isprint.o
0x11f64f	ispunct.o
0x11f659	isspace.o
0x11f663	isupper.o
0x11f66d	isxdigit.o
0x11f67f	localeconv.o
0x11f694	mbstowcs.o
0x11f69f	mbtowc.o
0x11f6b7	setlocale.o
0x11f6c3	setvbuf.o
0x11f6cd	strcoll.o
0x11f6d7	strerror.o
0x11f6e2	strstr.o
0x11f6eb	strtol.o
0x11f6f4	tmpfile.o
0x11f6fe	tmpnam.o
0x11f707	tolower.o
0x11f711	toupper.o
0x11f71b	va_end.o
0x11f724	wcstombs.o
0x11f72f	wctomb.o
0x11f738	strftime.o
0x11f743	memchr.o
0x11f74c	memcmp.o
0x11f755	memcpy.o
0x11f75e	memmove.o
0x11f768	memset.o
0x11f771	strtod.o
0x11f781	remove.o
0x11f78a	getopt.o
0x11f793	getopt_data.o
0x11f7a1	memccpy.o
0x11f7ab	strcatn.o
0x11f7b5	strchr.o
0x11f7be	strcmpn.o
0x11f7c8	strcpyn.o
0x11f7d2	strcspn.o
0x11f7dc	strpbrk.o
0x11f7e6	strrchr.o
0x11f7f0	strspn.o
0x11f7f9	strtok.o
0x11f802	rstrtok.o
0x11f85f	vlimit.o
0x11f868	vtimes.o
0x11f879	des_crypt.o
0x11f885	des_soft.o
0x11f890	evs_api.o
0x11f89a	EventUser.o
0x11f8b6	aliasdb.o
0x11f8d6	closedir.o
0x11f8f1	ctime_data.o
0x11f8fe	ctype_.o
0x11f907	disktab.o
0x11f911	errlst.o
0x11f91a	errstrings.o
0x11f927	execvp.o
0x11f930	exportent.o
0x11f93c	fgetpwent.o
0x11f958	getenv.o
0x11f961	getgrent.o
0x11f96c	getlogin.o
0x11f977	getpass.o
0x11f981	getpwent.o
0x11f98c	getttyent.o
0x11f998	getttynam.o
0x11f9a4	getusershell.o
0x11f9c2	hppa_swap.o
0x11f9ce	i386_swap.o
0x11f9da	initgroups.o
0x11f9e7	isatty.o
0x11f9f0	m68k_swap.o
0x11f9fc	malloc.o
0x11fa05	mkstemp.o
0x11fa0f	mktemp.o
0x11fa18	mntent.o
0x11fa30	opendir.o
0x11fa3a	perror.o
0x11fa4b	psignal.o
0x11fa5d	random.o
0x11fa66	readdir.o
0x11fa70	realpath.o
0x11fa83	scandir.o
0x11fa8d	seekdir.o
0x11fa97	setegid.o
0x11faa1	seteuid.o
0x11faab	setgid.o
0x11fab4	setrgid.o
0x11fabe	setruid.o
0x11fac8	setuid.o
0x11fad1	siginterrupt.o
0x11fae0	siglist.o
0x11faea	signal.o
0x11faf3	sigstrings.o
0x11fb08	strcasecmp.o
0x11fb1c	syslog.o
0x11fb25	system.o
0x11fb2e	telldir.o
0x11fb3f	timezone.o
0x11fb4a	ttyname.o
0x11fb54	ttyslot.o
0x11fb5e	ualarm.o
0x11fb67	usleep.o
0x11fba3	insque.o
0x11fbbc	monshlibs.o
0x11fbc8	remque.o
0x11fbd1	rindex.o
0x11fbda	setjmperr.o
0x11fbe6	strcat.o
0x11fbef	strcmp.o
0x11fbf8	strcpy.o
0x11fc01	strlen.o
0x11fc0a	strncat.o
0x11fc14	strncmp.o
0x11fc1e	strncpy.o
0x11fc28	_dbltopdfp.o
0x11fc35	_pdfptodbl.o
0x11fc57	mcount.o
0x11fc67	setjmp.o
0x11fc70	_setjmp.o
0x11fc7a	inet_addr.o
0x11fc86	inet_lnaof.o
0x11fc93	inet_makeaddr.o
0x11fca3	inet_netof.o
0x11fcb0	inet_network.o
0x11fcbf	inet_ntoa.o
0x11fccb	adddi3.o
0x11fcd4	anddi3.o
0x11fce4	iordi3.o
0x11fced	NXCType.o
0x11fcf7	NXIsAlNum.o
0x11fd03	NXIsAlpha.o
0x11fd0f	NXIsAscii.o
0x11fd1b	NXIsCntrl.o
0x11fd27	NXIsDigit.o
0x11fd33	NXIsGraph.o
0x11fd3f	NXIsLower.o
0x11fd4b	NXIsPrint.o
0x11fd57	NXIsPunct.o
0x11fd63	NXIsSpace.o
0x11fd6f	NXIsUpper.o
0x11fd7b	NXIsXDigit.o
0x11fd88	NXToAscii.o
0x11fd94	NXToLower.o
0x11fda0	NXToUpper.o
0x11fdac	one_cmpldi2.o
0x11fdba	subdi3.o
0x11fdc3	xordi3.o
0x11fdcc	_NXToLower.o
0x11fdd9	_NXToUpper.o
0x11fde6	compat.o
0x11fdef	exception.o
0x11fdfb	exc_catcher.o
0x11fe09	mach_data.o
0x11fe15	mach_error.o
0x11fe22	mach_init.o
0x11fe2e	mach_msg.o
0x11fe39	mach_msg_receive.o
0x11fe4c	mach_msg_send.o
0x11fe5c	mig_allocate.o
0x11fe6b	mig_deallocate.o
0x11fe7c	mig_reply_setup.o
0x11fe8e	mig_strncpy.o
0x11fea9	slot_name.o
0x11feb5	ts_convert.o
0x11fec2	mach_traps.o
0x11fecf	bootstrapUser.o
0x11fedf	excUser.o
0x11fee9	excServer.o
0x11fef5	machUser.o
0x11ff00	mach_hostUser.o
0x11ff10	netnameUser.o
0x11ff25	getmachhead.o
0x11ff33	getsecbyname.o
0x11ff42	getsegbyname.o
0x11ff51	get_end.o
0x11ff62	ether_addr.o
0x11ff6f	getnetent.o
0x11ff7b	getnetgrent.o
0x11ff89	getprotoent.o
0x11ff97	getrpcport.o
0x11ffa4	getservent.o
0x11ffb1	innetgr.o
0x11ffca	ruserpass.o
0x11ffd6	res_comp.o
0x11ffe1	res_debug.o
0x11ffed	res_init.o
0x11fff8	res_mkquery.o
0x120006	res_query.o
0x120012	res_send.o
0x12001d	res_data.o
0x12002f	gethnamaddr.o
0x12003d	getnetnamadr.o
0x12004c	herror.o
0x120055	nsap_addr.o
0x120061	gethostent.o
0x12006e	getent_alias.o
0x12007d	getent_bootp.o
0x12008c	getent_bprms.o
0x12009b	getent_gr.o
0x1200a7	getent_h.o
0x1200b2	getent_mnt.o
0x1200bf	getent_n.o
0x1200ca	getent_netgr.o
0x1200d9	getent_p.o
0x1200e4	getent_prdb.o
0x1200f2	getent_pw.o
0x1200fe	getent_r.o
0x120109	getent_s.o
0x120114	lu_utils.o
0x12011f	ni_data.o
0x120129	ni_error.o
0x120134	ni_glue.o
0x12013e	ni_pwdomain.o
0x12014c	ni_useful.o
0x120158	ni_util.o
0x120162	old_printerdb.o
0x120172	putpwpasswd.o
0x120180	ni_prot_clnt.o
0x12018f	ni_prot_xdr.o
0x12019d	nibind_prot_xdr.o
0x1201af	_lu_types_xdr.o
0x1201bf	lookupUser.o
0x1201cc	auth_none.o
0x1201d8	auth_unix.o
0x1201e4	authunix_prot.o
0x1201f4	bindresvport.o
0x120203	clnt_generic.o
0x120212	clnt_perror.o
0x120220	clnt_raw.o
0x12022b	clnt_simple.o
0x120239	clnt_tcp.o
0x120244	clnt_udp.o
0x12024f	rpc_dtablesz.o
0x12025e	get_myaddress.o
0x12026e	getrpcent.o
0x12027a	key_call.o
0x120285	key_prot.o
0x120290	multi_call.o
0x12029d	netname.o
0x1202a7	openchild.o
0x1202b3	pmap_clnt.o
0x1202bf	pmap_getmaps.o
0x1202ce	pmap_getport.o
0x1202dd	pmap_prot.o
0x1202e9	pmap_prot2.o
0x1202f6	pmap_rmt.o
0x120301	rpc_prot.o
0x12030c	rpc_comdata.o
0x12031a	rpc_callmsg.o
0x12032e	svc_auth.o
0x120339	svc_auth_unix.o
0x120349	svc_raw.o
0x120353	svc_run.o
0x12035d	svc_simple.o
0x12036a	svc_tcp.o
0x120374	svc_udp.o
0x12037e	svcauth_des.o
0x120392	xdr_array.o
0x12039e	xdr_float.o
0x1203aa	xdr_mem.o
0x1203b4	xdr_rec.o
0x1203be	xdr_reference.o
0x1203ce	xdr_stdio.o
0x1203da	bsd_sprintf.o
0x1203e8	bsd_vsprintf.o
0x1203f7	clrerr.o
0x120400	doscan.o
0x120410	fdopen.o
0x120429	filbuf.o
0x120432	findiop.o
0x12043c	flsbuf.o
0x12044d	fprintf.o
0x12046f	freopen.o
0x120489	fwrite.o
0x120492	getchar.o
0x1204b0	printf.o
0x1204b9	putchar.o
0x1204df	setbuf.o
0x1204e8	setbuffer.o
0x1204f4	sprintf.o
0x1204fe	strout.o
0x120507	ungetc.o
0x120510	vfprintf.o
0x12051b	vprintf.o
0x120525	vsprintf.o
0x120530	doprnt.o
0x120549	gettimeofday.o
0x120558	sigcatch.o
0x120563	sigvec.o
0x12056c	accept.o
0x120575	access.o
0x120585	add_profil.o
0x120592	adjtime.o
0x12059c	async_daemon.o
0x1205b2	cerror.o
0x1205d3	chroot.o
0x1205e4	connect.o
0x12060b	execle.o
0x120614	execve.o
0x12061d	exportfs.o
0x120628	fchmod.o
0x120631	fchown.o
0x120659	fstatfs.o
0x12066b	ftruncate.o
0x120677	getdents.o
0x120682	getdirentries.o
0x120692	getdomainname.o
0x1206a2	getdtablesize.o
0x1206b2	getegid.o
0x1206bc	geteuid.o
0x1206ce	getgid.o
0x1206d7	getgroups.o
0x1206e3	gethostid.o
0x1206ef	gethostname.o
0x1206fd	getitimer.o
0x120709	getpagesize.o
0x120717	getpeername.o
0x120725	getpgrp.o
0x12072f	getpid.o
0x120738	getppid.o
0x120742	getpriority.o
0x120750	getrlimit.o
0x12075c	getrusage.o
0x120768	getsockname.o
0x120776	getsockopt.o
0x120783	getuid.o
0x12079b	killpg.o
0x1207ab	listen.o
0x1207e3	nfssvc.o
0x1207fa	profil.o
0x120803	ptrace.o
0x120814	quotactl.o
0x120826	readlink.o
0x120839	reboot.o
0x120849	recvfrom.o
0x120854	recvmsg.o
0x12085e	rename.o
0x12086f	rpause.o
0x120878	select.o
0x120888	sendmsg.o
0x120892	sendto.o
0x12089b	setdomainname.o
0x1208ab	setgroups.o
0x1208b7	sethostid.o
0x1208c3	sethostname.o
0x1208d1	setitimer.o
0x1208dd	setpgrp.o
0x1208e7	setpriority.o
0x1208f5	setprivexec.o
0x120903	setquota.o
0x12090e	setregid.o
0x120919	setreuid.o
0x120924	setrlimit.o
0x120930	setsockopt.o
0x12093d	settimeofday.o
0x12094c	shutdown.o
0x120957	sigblock.o
0x120962	sigpause.o
0x12096d	sigreturn.o
0x120979	sigsetmask.o
0x120986	sigstack.o
0x120991	sigtramp.o
0x12099c	socket.o
0x1209a5	socketpair.o
0x1209b9	statfs.o
0x1209c2	swapon.o
0x1209cb	symlink.o
0x1209dc	syscall.o
0x1209ee	truncate.o
0x120a01	unlink.o
0x120a0a	unmount.o
0x120a1c	utimes.o
0x120a25	vhangup.o
0x120a4e	writev.o
0x120a5f	cprocs.o
0x120a68	cthreads.o
0x120a73	cthreads_sync.o
0x120a83	mig_support.o
0x120aa1	threads_data.o
0x120ab7	thread.o
0x120ac7	yperr_string.o
0x120ad6	ypmaint_xdr.o
0x120ae4	ypprot_err.o
0x120af1	ypv1_xdr.o
0x120b04	yp_all.o
0x120b0d	yp_bind.o
0x120b17	yp_data.o
0x120b21	yp_enum.o
0x120b2b	yp_master.o
0x120b37	yp_match.o
0x120b42	yp_order.o
0x120b4d	o__gcc_bcmp.o
0x120b5b	o_adddf3.o
0x120b66	o_addsf3.o
0x120b71	o_ashldi3.o
0x120b7d	o_ashlsi3.o
0x120b89	o_ashrdi3.o
0x120b95	o_ashrsi3.o
0x120ba8	o_clear_cache.o
0x120bb8	o_cmpdi2.o
0x120bc3	o_ctors.o
0x120bcd	o_divdf3.o
0x120bd8	o_divdi3.o
0x120be3	o_divsf3.o
0x120bee	o_divsi3.o
0x120bf9	o_eprintf.o
0x120c05	o_eqdf2.o
0x120c0f	o_eqsf2.o
0x120c19	o_extendsfdf2.o
0x120c29	o_ffsdi2.o
0x120c34	o_fixdfdi.o
0x120c40	o_fixdfsi.o
0x120c4c	o_fixsfdi.o
0x120c58	o_fixsfsi.o
0x120c64	o_fixtfdi.o
0x120c70	o_fixunsdfdi.o
0x120c7f	o_fixunsdfsi.o
0x120c8e	o_fixunssfdi.o
0x120c9d	o_fixunssfsi.o
0x120cac	o_fixunstfdi.o
0x120cbb	o_fixunsxfdi.o
0x120cca	o_fixunsxfsi.o
0x120cd9	o_fixxfdi.o
0x120ce5	o_floatdidf.o
0x120cf3	o_floatdisf.o
0x120d01	o_floatditf.o
0x120d0f	o_floatdixf.o
0x120d1d	o_floatsidf.o
0x120d2b	o_floatsisf.o
0x120d39	o_gedf2.o
0x120d43	o_gesf2.o
0x120d4d	o_gtdf2.o
0x120d57	o_gtsf2.o
0x120d61	o_ledf2.o
0x120d6b	o_lesf2.o
0x120d75	o_lshldi3.o
0x120d81	o_lshlsi3.o
0x120d8d	o_lshrdi3.o
0x120d99	o_lshrsi3.o
0x120da5	o_ltdf2.o
0x120daf	o_ltsf2.o
0x120db9	o_moddi3.o
0x120dc4	o_modsi3.o
0x120dcf	o_muldf3.o
0x120dda	o_muldi3.o
0x120de5	o_mulsf3.o
0x120df0	o_mulsi3.o
0x120dfb	o_nedf2.o
0x120e05	o_negdf2.o
0x120e10	o_negdi2.o
0x120e1b	o_negsf2.o
0x120e26	o_nesf2.o
0x120e30	o_new_handler.o
0x120e40	o_op_delete.o
0x120e4e	o_op_new.o
0x120e59	o_shtab.o
0x120e63	o_subdf3.o
0x120e6e	o_subsf3.o
0x120e79	o_trampoline.o
0x120e88	o_truncdfsf2.o
0x120e97	o_ucmpdi2.o
0x120ea3	o_udiv_w_sdiv.o
0x120eb3	o_udivdi3.o
0x120ebf	o_udivmoddi4.o
0x120ece	o_udivsi3.o
0x120eda	o_umoddi3.o
0x120ee6	o_umodsi3.o
0x120ef2	o_varargs.o
0x120efe	hashtable2.o
0x120f0b	maptable.o
0x120f16	objc-class.o
0x120f23	objc-errors.o
0x120f31	objc-file.o
0x120f3d	objc-globaldata.o
0x120f4f	objc-globaltext.o
0x120f61	objc-load.o
0x120f6d	objc-runtime.o
0x120f7c	objc-sel.o
0x120f87	Object.o
0x120f90	Protocol.o
0x120f9b	cplus_init.o
0x120fa8	except.o
0x120fb1	NXLogError.o
0x120fbe	objc-kernel.o
0x120fcc	objc-moninit.o
0x120fdb	objc-msg.o
0x120fe6	HashTable.o
0x120ff9	NXBundle.o
0x121004	NXCharacterSet.o
0x121015	NXPropertyList.o
0x121026	NXConstantString.o
0x121039	NXMutableString.o
0x12104b	NXReadOnlyString.o
0x12105e	NXReadOnlySubstring.o
0x121074	NXReadWriteString.o
0x121088	NXSimpleReadOnlyString.o
0x1210a1	NXString.o
0x1210ac	NXStringTable.o
0x1210bc	NXUniquedString.o
0x1210ce	Storage.o
0x1210d8	StreamTable.o
0x1210e6	typedstream.o
0x1210fb	dyld_debug.o
0x121108	dyld_support.o
0x121117	objectfileimage.o
0x121129	runtime_loading.o
0x12113b	dyld_event_server.o
0x12114f	link editor
0x12115b	INDR00000.o
0x121167	INDR00001.o
0x121173	INDR00002.o
0x12117f	INDR00003.o
0x12118b	INDR00004.o
0x121197	INDR00005.o
0x1211a3	INDR00006.o
0x1211af	INDR00007.o
0x1211bb	INDR00008.o
0x1211c7	INDR00009.o
0x1211d3	INDR00010.o
0x1211df	INDR00011.o
0x1211eb	INDR00012.o
0x1211f7	INDR00013.o
0x121203	INDR00014.o
0x12120f	INDR00015.o
0x12121b	INDR00016.o
0x121227	INDR00017.o
0x121233	INDR00018.o
0x12123f	INDR00019.o
0x12124b	INDR00020.o
0x121257	INDR00021.o
0x121263	INDR00022.o
0x12126f	INDR00023.o
0x12127b	INDR00024.o
0x121287	INDR00025.o
0x121293	INDR00026.o
0x12129f	INDR00027.o
0x1212ab	INDR00028.o
0x1212b7	INDR00029.o
0x1212c3	INDR00030.o
0x1212cf	INDR00031.o
0x1212db	INDR00032.o
0x1212e7	INDR00033.o
0x1212f3	INDR00034.o
0x1212ff	INDR00035.o
0x12130b	INDR00036.o
0x121317	INDR00037.o
0x121323	INDR00038.o
0x12132f	INDR00039.o
0x12133b	INDR00040.o
0x121347	INDR00041.o
0x121353	INDR00042.o
0x12135f	INDR00043.o
0x12136b	INDR00044.o
0x121377	INDR00045.o
0x121383	INDR00046.o
0x12138f	INDR00047.o
0x12139b	INDR00048.o
0x1213a7	INDR00049.o
0x1213b3	INDR00050.o
0x1213bf	INDR00051.o
0x1213cb	INDR00052.o
0x1213d7	INDR00053.o
0x1213e3	INDR00054.o
0x1213ef	INDR00055.o
0x1213fb	INDR00056.o
0x121407	INDR00057.o
0x121413	INDR00058.o
0x12141f	INDR00059.o
0x12142b	INDR00060.o
0x121437	INDR00061.o
0x121443	INDR00062.o
0x12144f	INDR00063.o
0x12145b	INDR00064.o
0x121467	INDR00065.o
0x121473	INDR00066.o
0x12147f	INDR00067.o
0x12148b	INDR00068.o
0x121497	INDR00069.o
0x1214a3	INDR00070.o
0x1214af	INDR00071.o
0x1214bb	INDR00072.o
0x1214c7	INDR00073.o
0x1214d3	INDR00074.o
0x1214df	INDR00075.o
0x1214eb	INDR00076.o
0x1214f7	INDR00077.o
0x121503	INDR00078.o
0x12150f	INDR00079.o
0x12151b	INDR00080.o
0x121527	INDR00081.o
0x121533	INDR00082.o
0x12153f	INDR00083.o
0x12154b	INDR00084.o
0x121557	INDR00085.o
0x121563	INDR00086.o
0x12156f	INDR00087.o
0x12157b	INDR00088.o
0x121587	INDR00089.o
0x121593	INDR00090.o
0x12159f	INDR00091.o
0x1215ab	INDR00092.o
0x1215b7	INDR00093.o
0x1215c3	INDR00094.o
0x1215cf	INDR00095.o
0x1215db	INDR00096.o
0x1215e7	INDR00097.o
0x1215f3	INDR00098.o
0x1215ff	INDR00099.o
0x12160b	INDR00100.o
0x121617	INDR00101.o
0x121623	INDR00102.o
0x12162f	INDR00103.o
0x12163b	INDR00104.o
0x121647	INDR00105.o
0x121653	INDR00106.o
0x12165f	INDR00107.o
0x12166b	INDR00108.o
0x121677	INDR00109.o
0x121683	INDR00110.o
0x12168f	INDR00111.o
0x12169b	INDR00112.o
0x1216a7	INDR00113.o
0x1216b3	INDR00114.o
0x1216bf	INDR00115.o
0x1216cb	INDR00116.o
0x1216d7	INDR00117.o
0x1216e3	INDR00118.o
0x1216ef	INDR00119.o
0x1216fb	INDR00120.o
0x121707	INDR00121.o
0x121713	INDR00122.o
0x12171f	INDR00123.o
0x12172b	INDR00124.o
0x121737	INDR00125.o
0x121743	INDR00126.o
0x12174f	INDR00127.o
0x12175b	INDR00128.o
0x121767	INDR00129.o
0x121773	INDR00130.o
0x12177f	INDR00131.o
0x12178b	INDR00132.o
0x121797	INDR00133.o
0x1217a3	INDR00134.o
0x1217af	INDR00135.o
0x1217bb	INDR00136.o
0x1217c7	INDR00137.o
0x1217d3	INDR00138.o
0x1217df	INDR00139.o
0x1217eb	INDR00140.o
0x1217f7	INDR00141.o
0x121803	INDR00142.o
0x12180f	INDR00143.o
0x12181b	INDR00144.o
0x121827	INDR00145.o
0x121833	INDR00146.o
0x12183f	INDR00147.o
0x12184b	INDR00148.o
0x121857	INDR00149.o
0x121863	INDR00150.o
0x12186f	INDR00151.o
0x12187b	INDR00152.o
0x121887	INDR00153.o
0x121893	INDR00154.o
0x12189f	INDR00155.o
0x1218ab	INDR00156.o
0x1218b7	INDR00157.o
0x1218c3	INDR00158.o
0x1218cf	INDR00159.o
0x1218db	INDR00160.o
0x1218e7	INDR00161.o
0x1218f3	INDR00162.o
0x1218ff	INDR00163.o
0x12190b	INDR00164.o
0x121917	INDR00165.o
0x121923	INDR00166.o
0x12192f	INDR00167.o
0x12193b	INDR00168.o
0x121947	INDR00169.o
0x121953	INDR00170.o
0x12195f	INDR00171.o
0x12196b	INDR00172.o
0x121977	INDR00173.o
0x121983	INDR00174.o
0x12198f	INDR00175.o
0x12199b	INDR00176.o
0x1219a7	INDR00177.o
0x1219b3	INDR00178.o
0x1219bf	INDR00179.o
0x1219cb	INDR00180.o
0x1219d7	INDR00181.o
0x1219e3	INDR00182.o
0x1219ef	INDR00183.o
0x1219fb	INDR00184.o
0x121a07	INDR00185.o
0x121a13	INDR00186.o
0x121a1f	INDR00187.o
0x121a2b	INDR00188.o
0x121a37	INDR00189.o
0x121a43	INDR00190.o
0x121a4f	INDR00191.o
0x121a5b	INDR00192.o
0x121a67	INDR00193.o
0x121a73	INDR00194.o
0x121a7f	INDR00195.o
0x121a8b	INDR00196.o
0x121a97	INDR00197.o
0x121aa3	INDR00198.o
0x121aaf	INDR00199.o
0x121abb	INDR00200.o
0x121ac7	INDR00201.o
0x121ad3	INDR00202.o
0x121adf	INDR00203.o
0x121aeb	INDR00204.o
0x121af7	INDR00205.o
0x121b03	INDR00206.o
0x121b0f	INDR00207.o
0x121b1b	INDR00208.o
0x121b27	INDR00209.o
0x121b33	INDR00210.o
0x121b3f	INDR00211.o
0x121b4b	dyld__mh_dylib_header
0x121b61	dyld_lazy_symbol_binding_entry_point
0x121b86	dyld_func_lookup_pointer
0x121b9f	__dyld_func_lookup
0x121bb2	dyld_stub_binding_helper
0x121bcb	_NXArgv_pointer.80
0x121bde	_NXArgc_pointer.83
0x121bf1	_environ_pointer.86
0x121c05	__libgcc_private_extern__gcc_bcmp
0x121c27	__libgcc_private_extern__ashldi3
0x121c48	__libgcc_private_extern__ashrdi3
0x121c69	_num_digits
0x121c75	_bb_head
0x121c7e	__libgcc_private_extern___bb_exit_func
0x121ca5	__libgcc_private_extern___bb_init_func
0x121ccc	__libgcc_private_extern___clear_cache
0x121cf2	__libgcc_private_extern__cmpdi2
0x121d12	___clz_tab
0x121d1d	__libgcc_private_extern__divdi3
0x121d3d	_find_exception_table
0x121d53	_exception_table_list
0x121d69	_except_pc
0x121d74	_except_table_pos
0x121d86	__libgcc_private_extern___find_first_exception_table_match
0x121dc1	__libgcc_private_extern___register_exceptions
0x121def	__libgcc_private_extern___throw_type_match
0x121e1a	__libgcc_private_extern___unwind_function
0x121e44	__libgcc_private_extern___eprintf
0x121e66	__libgcc_private_extern__ffsdi2
0x121e86	__libgcc_private_extern__fixdfdi
0x121ea7	__libgcc_private_extern__fixsfdi
0x121ec8	__libgcc_private_extern__fixunsdfdi
0x121eec	__libgcc_private_extern__fixunsdfsi
0x121f10	__libgcc_private_extern__fixunssfdi
0x121f34	__libgcc_private_extern__fixunssfsi
0x121f58	__libgcc_private_extern__fixunsxfdi
0x121f7c	__libgcc_private_extern__fixunsxfsi
0x121fa0	__libgcc_private_extern__fixxfdi
0x121fc1	__libgcc_private_extern__floatdidf
0x121fe4	__libgcc_private_extern__floatdisf
0x122007	__libgcc_private_extern__floatdixf
0x12202a	__libgcc_private_extern__lshrdi3
0x12204b	___clz_tab
0x122056	__libgcc_private_extern__moddi3
0x122076	__libgcc_private_extern__muldi3
0x122096	__libgcc_private_extern__negdi2
0x1220b6	___new_handler
0x1220c5	__libgcc_private_extern___default_new_handler
0x1220f3	__libgcc_private_extern___get_new_handler
0x12211d	__libgcc_private_extern_set_new_handler
0x122145	__libgcc_private_extern___builtin_delete
0x12216e	__libgcc_private_extern___builtin_new
0x122194	__libgcc_private_extern___builtin_vec_delete
0x1221c1	__libgcc_private_extern___builtin_vec_new
0x1221eb	__libgcc_private_extern___pure_virtual
0x122212	__libgcc_private_extern___shtab
0x122232	__libgcc_private_extern___enable_execute_stack
0x122261	__libgcc_private_extern__ucmpdi2
0x122282	__libgcc_private_extern___udiv_w_sdiv
0x1222a8	___clz_tab
0x1222b3	__libgcc_private_extern__udivdi3
0x1222d4	___clz_tab
0x1222df	__libgcc_private_extern__udivmoddi4
0x122303	___clz_tab
0x12230e	__libgcc_private_extern__umoddi3
0x12232f	__libgcc_private_extern___builtin_saveregs
0x12235a	_arch_multiple
0x122369	_printed.30
0x122375	_print_architecture_banner
0x122397	_allow_multiply_defined_symbols
0x1223b7	_arch_errors_fatal
0x1223ca	_arch_flag
0x1223d5	_archive_ObjC
0x1223e3	_archive_all
0x1223f0	_bind_at_load
0x1223fe	_defaultsectalign
0x122410	_define_comldsyms
0x122422	_dylib_compatibility_version
0x12243f	_dylib_current_version
0x122456	_dylib_files
0x122463	_dylib_install_name
0x122477	_dylinker_install_name
0x12248e	_dynamic
0x122497	_entry_point_name
0x1224b0	_error_with_cur_obj
0x1224d3	_filetype
0x1224e4	_force_cpusubtype_ALL
0x1224fa	_headerpad
0x122505	_host_byte_sex
0x122514	_host_pagesize
0x122523	_keep_private_externs
0x122539	_load_map
0x122543	_mach_fatal
0x12254f	_ndylib_files
0x12255d	_no_arch_warnings
0x12256f	_nowarnings
0x12257b	_ntrace_syms
0x122588	_nundef_syms
0x122595	_output_for_dyld
0x1225a6	_outputfile
0x1225b2	_pagezero_size
0x1225c1	_prebinding
0x1225d4	_progname
0x1225de	_read_only_reloc_flag
0x1225fb	_save_reloc
0x122607	_sectorder_detail
0x122619	_seg1addr
0x122623	_seg1addr_specified
0x122637	_segalign
0x122641	_seglinkedit
0x12264e	_specific_arch_flag
0x122662	_strip_base_symbols
0x122676	_strip_level
0x122683	_system_error
0x122691	_system_fatal
0x12269f	_system_warning
0x1226af	_target_byte_sex
0x1226c7	_trace_syms
0x1226d3	_undef_syms
0x1226df	_undefined_flag
0x1226ef	_warning
0x1226f8	_warning_with_cur_obj
0x12270e	_whyload
0x122717	_stat_buf
0x122721	_strings
0x12272a	_pass1_fat
0x122735	_pass1_archive
0x122744	_check_archive_arch
0x122758	_pass1_object
0x122766	_ranlib_bsearch
0x122776	_empty_symtab.42
0x122787	_empty_dysymtab.43
0x12279a	_check_cur_obj
0x1227a9	_empty_symtab.46
0x1227ba	_base_program_symtab.47
0x1227d2	_check_size_offset
0x1227e5	_check_size_offset_sect
0x1227fd	_check_fat
0x12280f	_merge_base_program
0x12282a	_member_name.88
0x12283a	_fine_reloc_for_input_offset
0x122857	_cur_obj
0x122860	_print_obj_name
0x122870	_base_obj
0x12287a	_new_object_file
0x12288b	_obj_member_name
0x12289c	_size_ar_name
0x1228aa	_add_last_object_file
0x1228c0	_clean_objects
0x1228cf	_fine_reloc_offset_in_output
0x1228ec	_fine_reloc_offset_in_output_for_output_offset
0x12291b	_fine_reloc_output_address
0x122936	_fine_reloc_output_offset
0x122950	_fine_reloc_output_sectnum
0x12296b	_nobjects
0x122975	_objects
0x12297e	_print_whatsloaded
0x122991	_remove_last_object_file
0x1229aa	_remove_objects
0x1229ba	_section_flags
0x1229c9	_merge_sections
0x1229d9	_create_merged_section
0x1229f0	_lookup_merged_section
0x122a07	_lookup_merged_segment
0x122a1e	_merge_literal_sections
0x122a36	_merged_segments
0x122a4f	_original_merged_segments
0x122a69	_output_literal_sections
0x122a82	_output_section
0x122a92	_remove_merged_sections
0x122aaa	_reset_merged_sections
0x122ac1	_zero_merged_sections_sizes
0x122add	_cstring_free
0x122aeb	_cstring_merge
0x122afa	_cstring_order
0x122b09	_cstring_output
0x122b19	_get_cstring_from_sectorder
0x122b35	_lookup_cstring
0x122b45	_merged_symbol_list_for_enter_symbol
0x122b6a	_undefsyms_order
0x122b7b	_extdefsyms_order
0x122b8d	_free_list
0x122b98	_link_edit_common_section
0x122bb2	_link_edit_section_maps
0x122bca	_multiple_defs
0x122bd9	_nmultiple_defs
0x122be9	_nindr_symbols
0x122bf8	_commons_exist
0x122c07	_noundefs
0x122c11	_enter_symbol
0x122c1f	_enter_indr_symbol
0x122c32	_enter_string
0x122c40	_add_to_undefined_list
0x122c57	_undefined_blocks
0x122c69	_multiply_defined
0x122c7b	_trace_object_symbol
0x122c90	_trace_symbol
0x122c9e	_merged_symbol_string_index
0x122cba	_get_string_block
0x122ccc	_qsort_by_module
0x122cdd	_qsort_by_name
0x122cec	_delete_from_undefined_list
0x122d08	_lookup_symbol
0x122d17	_merge_symbols
0x122d26	_undefined_list
0x122d36	_assign_output_symbol_indexes
0x122d54	_define_common_symbols
0x122d6b	_free_multiple_defs
0x122d7f	_free_undefined_list
0x122d94	_indr_symbol_pairs
0x122da7	_is_output_local_symbol
0x122dbf	_layout_merged_symbols
0x122dd6	_link_edit_common_object
0x122def	_local_string_size
0x122e02	_local_symbol_output_index
0x122e1d	_merged_string_blocks
0x122e33	_merged_string_size
0x122e47	_merged_symbol_lists
0x122e5c	_merged_symbol_output_index
0x122e78	_nindr_symbol_pairs
0x122e8c	_nlocal_symbols
0x122e9c	_nmerged_private_symbols
0x122eb5	_nmerged_symbols
0x122ec6	_nmerged_symbols_referenced_only_from_dylibs
0x122ef3	_output_local_symbols
0x122f09	_output_merged_symbols
0x122f20	_process_undefineds
0x122f34	_reduce_indr_symbols
0x122f49	_remove_merged_symbols
0x122f60	_reset_prebound_undefines
0x122f7a	_sect_object_symbols
0x122f8f	_set_merged_string_block_indexes
0x122fb0	_trace_merged_symbol
0x122fc5	_mc680x0
0x122fce	_mc98000
0x122fd7	_mc88000
0x122fe6	_intel386
0x122ff0	_hppa_state
0x122ffc	_sparc_state
0x123009	_linkedit_segment.106
0x12301f	_pagezero_segment.107
0x123035	_object_segment.108
0x123049	_layout_segments
0x12305a	_output_dysymtab_info
0x123070	_output_mach_header
0x123084	_output_symtab_info
0x1230a0	_output_thread_info
0x1230b4	_create_output_sections_array
0x1230d2	_set_SG_NORELOC_flags
0x1230e8	_output_headers
0x1230f8	_output_addr
0x123105	_output_size
0x123112	_output_sections
0x12312a	_generic_reloc
0x123139	_undef_bsearch
0x123148	_rld_monaddition
0x123159	_error_stream
0x12316e	_rld_env
0x12317f	_rld_maintain_states
0x123194	_rld_nallocated_states
0x1231ab	_rld_nloaded_states
0x1231bf	_rld_loaded_state
0x1231d1	_NXArgv_pointer.30
0x1231e4	__mh_execute_header_pointer.31
0x123203	_internal_rld_load
0x123216	_internal_rld_unload
0x12322b	_rld_loaded_state_changed
0x123245	_rld_get_loaded_state
0x12325b	_cleanup
0x12326c	_allocate
0x123276	_reallocate
0x123282	_base_name
0x12328d	_RLD_DEBUG_OUTPUT_FILENAME_flag
0x1232ad	_address_func
0x1232c2	_new_archive_or_fat
0x1232d6	_cur_set
0x1232e5	_clean_archives_and_fats
0x1232fe	_free_sets
0x123309	_new_set
0x123312	_remove_set
0x12331e	_literal4_free
0x12332d	_literal4_merge
0x12333d	_literal4_order
0x12334d	_literal4_output
0x12335e	_lookup_literal4
0x12336f	_literal8_free
0x12337e	_literal8_merge
0x12338e	_literal8_order
0x12339e	_literal8_output
0x1233af	_get_hex_from_sectorder
0x1233c7	_lookup_literal8
0x1233d8	_count_reloc
0x1233e5	_lookup_literal_pointer
0x1233fd	_literal_pointer_free
0x123413	_literal_pointer_merge
0x12342a	_literal_pointer_order
0x123441	_literal_pointer_output
0x123459	_has_dynamic_linker_command
0x123475	_lookup_indirect_item
0x12348b	_indirect_section_free
0x1234a2	_indirect_section_merge
0x1234ba	_indirect_section_order
0x1234d2	_nindirectsyms
0x1234e1	_save_lazy_symbol_pointer_relocs
0x123502	_output_indirect_symbols
0x12351b	_legal_reference
0x12352c	_modinit_section_merge
0x123543	_modinit_section_order
0x12355a	_m98k_reloc
0x123566	_m88k_reloc
0x123572	_hppa_reloc
0x12357e	_sparc_reloc
0x12358b	_cpusubtype_combine
0x12359f	_cpusubtype_findbestarch
0x1235b8	_arch_flags
0x1235c4	_get_arch_family_from_cputype
0x1235e2	_get_arch_from_host
0x1235f6	_get_arch_name_from_types
0x123610	_get_byte_sex_from_flag
0x123628	_get_arch_flags
0x123638	_get_arch_from_flag
0x12364c	_get_toc_byte_sex
0x12365e	_swap_dylib_command
0x123672	_swap_dylib_module
0x123685	_swap_dylib_reference
0x12369b	_swap_dylib_table_of_contents
0x1236b9	_swap_dylinker_command
0x1236d0	_swap_dysymtab_command
0x1236e7	_swap_fat_arch
0x1236f6	_swap_fat_header
0x123707	_swap_fvmlib_command
0x12371c	_swap_indirect_symbols
0x123733	_swap_load_command
0x123746	_swap_mach_header
0x123758	_swap_ranlib
0x123765	_swap_section
0x123773	_swap_segment_command
0x123789	_swap_symseg_command
0x12379e	_swap_symtab_command
0x1237b3	_swap_relocation_info
0x1237c9	_swap_nlist
0x1237d5	_get_host_byte_sex
0x1237e8	_SWAP_DOUBLE
0x1237f5	_SWAP_FLOAT
0x123801	_swap_fvmfile_command
0x123817	_swap_hppa_fp_thread_state
0x123832	_swap_hppa_frame_thread_state
0x123850	_swap_hppa_integer_thread_state
0x123870	_swap_i386_thread_cthreadstate
0x12388f	_swap_i386_thread_exceptstate
0x1238ad	_swap_i386_thread_fpstate
0x1238c7	_swap_i386_thread_state
0x1238df	_swap_i860_thread_state_regs
0x1238fc	_swap_ident_command
0x123910	_swap_m68k_thread_state_68882
0x12392e	_swap_m68k_thread_state_regs
0x12394b	_swap_m68k_thread_state_user_reg
0x12396c	_swap_m88110_thread_state_impl_t
0x12398d	_swap_m88k_thread_state_grf_t
0x1239ab	_swap_m88k_thread_state_user_t
0x1239ca	_swap_m88k_thread_state_xrf_t
0x1239e8	_swap_m98k_thread_state_grf_t
0x123a06	_swap_prebound_dylib_command
0x123a23	_swap_sparc_thread_state_fpu
0x123a40	_swap_sparc_thread_state_regs
0x123a5e	_swap_thread_command
0x123a73	_swap_object_headers
0x123a88	_vm_flush_cache
0x123a98	_reloc_has_pair
0x123aa8	_reloc_pair_r_type
0x123abb	_reloc_is_sectdiff
0x123ad4	_assemble_17
0x123ae1	_assemble_21
0x123aee	_calc_hppa_HILO
0x123afe	_dis_assemble_17
0x123b0f	_dis_assemble_21
0x123b20	_low_sign_ext
0x123b2e	_low_sign_unext
0x123b3e	_sign_ext
0x123b48	_sign_unext
0x123b54	_assemble_12
0x123b61	_assemble_3
0x123b6d	_dis_assemble_12
0x123b7e	_dis_assemble_3
0x123b8e	_file_functions
0x123b9e	_file_flush
0x123baa	_file_fill
0x123bb5	_file_change
0x123bc2	_file_seek
0x123bcd	_file_close
0x123bd9	__NXStreamsTextPad
0x123bec	__NXStreamsLiteralTextPad
0x123c06	_ipc_functions
0x123c15	_ipc_flush
0x123c20	_ipc_fill
0x123c2a	_ipc_change
0x123c36	_ipc_seek
0x123c40	_ipc_close
0x123c4b	_memory_functions
0x123c5d	_memory_flush
0x123c6b	_memory_fill
0x123c78	_memory_change
0x123c87	_memory_seek
0x123c94	_memory_close
0x123ca2	_cheap_functions
0x123cb3	_cheap_flush
0x123cc0	_cheap_seek
0x123ccc	_cheap_close
0x123cd9	_verify_memory_stream
0x123cef	_memory_extend
0x123cfe	_betterCopy
0x123d0a	_cheap_extend
0x123d18	_check_wellformed_header
0x123d31	_printfProcTable
0x123d42	_sizePrintfProcTable
0x123d57	_isRegisteredPrintfChar
0x123d6f	__p_dconv
0x123d87	_stringnotzero
0x123da6	__getccl
0x123dcb	_small.2
0x123e1f	_small.5
0x123f4c	_small.6
0x123f74	__dbBaseName
0x123f8f	__db_global_text_pad
0x123fa4	__dbDirExtension
0x123fb5	__dbLeafExtension
0x123fc7	__db_literal_text_pad
0x123fdd	__dbOpenFile
0x123fea	__dbSizeTable
0x123ff8	_homeDirectory
0x124007	_userName
0x124011	_lastKnownUid
0x12401f	_getUserInfo
0x12402c	_NXHomeDirectory
0x12403d	_hasTerminal.84
0x12404d	_NXLogError
0x124061	_defaultsDB
0x12406d	_readBuf
0x124076	_defaultsUser
0x124084	_defaultsHome
0x124092	_defaultsUid
0x12409f	_defaultsGid
0x1240ac	_didSetreuid
0x1240b9	_didSetregid
0x1240c6	_firstRD
0x1240e5	_firstBlock
0x1240f1	_lastBlock
0x1240fc	_db_mtime
0x124106	_doRegisterDefaults
0x12411a	__openDefaults
0x124129	__closeDefaults
0x124139	__registerDefault
0x12414b	__resetRegisteredDefault
0x124164	__isRegistered
0x124173	__doReadDefault
0x124183	__doWriteDefault
0x124194	__writeAndRegisterDefault
0x1241ae	__lockDefaults
0x1241bd	__unlockDefaults
0x1241ce	__constructKey
0x1241dd	__destroyKey
0x1241ea	_defStrcmp
0x1241f5	_defCopyString
0x124204	_defaultAlloc
0x124212	_blockAlloc
0x12421e	_blockFree
0x124229	__NXGobbleArgs
0x124238	_NXArgv_pointer.147
0x12424c	_NXArgc_pointer.148
0x124260	_cmdLineToDefaults
0x124273	_firstArg
0x12427d	_firstLen
0x124287	_rstrtok
0x124290	_getBitfieldSizeAndAdvance
0x1242ab	_getBitfieldSize
0x1242bc	+[NXPortPortal newPort]
0x1242d4	+[NXPortPortal newFromMachPort:dealloc:]
0x1242fd	+[NXPortPortal lookUpPortWithName:onHost:]
0x124328	+[NXPortPortal checkInPort:withName:]
0x12434e	-[NXPortPortal initWithMachPort:]
0x124370	-[NXPortPortal initWithPort:]
0x12438e	-[NXPortPortal free]
0x1243a3	_copyFromZone
0x1243b1	-[NXPortPortal move]
0x1243c6	-[NXPortPortal port]
0x1243db	-[NXPortPortal setPort:]
0x1243f4	-[NXPortPortal connection]
0x12440f	-[NXPortPortal setRequestMsg:]
0x12442e	-[NXPortPortal isRequestMsg]
0x12444b	-[NXPortPortal goodMsgSize]
0x124467	-[NXPortPortal setMsg:]
0x12447f	-[NXPortPortal sequenceNumber]
0x12449e	__NXEncodeBool
0x1244ad	__NXDecodeBool
0x1244bc	__NXEncodeChars
0x1244cc	__NXDecodeChars
0x1244dc	__NXDecodeUniqueString
0x1244f3	_extract_field_elmt
0x124507	_insert_field_elmt
0x12451a	__iterate_bitfields
0x12452e	__pack_callback
0x12453e	__unpack_callback
0x124550	_iencodeData
0x12455d	_idecodeData
0x12456a	-[NXPortPortal encodeData:ofType:]
0x12458d	-[NXPortPortal decodeData:ofType:]
0x1245b0	-[NXPortPortal encodeBytes:count:]
0x1245d3	-[NXPortPortal decodeBytes:count:]
0x1245f6	-[NXPortPortal encodeMachPort:]
0x124616	-[NXPortPortal decodeMachPort:]
0x124636	-[NXPortPortal encodeVM:count:]
0x124656	-[NXPortPortal encodeVM:count:dealloc:]
0x12467e	-[NXPortPortal decodeVM:count:]
0x12469e	-[NXPortPortal encodeObject:]
0x1246bc	-[NXPortPortal encodeObjectBycopy:]
0x1246e0	-[NXPortPortal decodeObject]
0x1246fd	-[NXPortPortal startEncodingWithConnection:andSequenceNumber:]
0x12473c	-[NXPortPortal finishEncodingAndStartDecoding:]
0x12476c	-[NXPortPortal finishEncoding]
0x12478b	-[NXPortPortal startDecodingWithMsg:withConnection:]
0x1247c0	-[NXPortPortal startDecodingWithTimeout:]
0x1247ea	-[NXPortPortal finishDecoding]
0x124809	+[NXPortPortal dispatchMsg:]
0x124826	-[NXPortPortal print]
0x12483c	-[NXPortPortal zone]
0x124851	_MessagesReceivedCount
0x124868	_DefaultZone
0x124875	_sequence_gate
0x124884	_DefaultBufferClass
0x124898	_number.2
0x1248a2	_generateSequenceNumber
0x1248ba	_freeNXMethodSignature
0x1248d1	_isNXMethodSignatureEqual
0x1248eb	_hashNXMethodSignature
0x124902	_NXMethodSignatureProto
0x12491a	+[NXMethodSignature fromDescription:fromZone:]
0x124949	-[NXMethodSignature encodeMethodParams:onto:]
0x124977	-[NXMethodSignature decodeMethodParamsFrom:]
0x1249a4	-[NXMethodSignature encodeMethodRet:withargs:onto:]
0x1249d8	-[NXMethodSignature free]
0x1249f2	-[NXMethodSignature methodReturnType]
0x124a18	-[NXMethodSignature isOneway]
0x124a36	-[NXMethodSignature methodReturnArea]
0x124a5c	-[NXMethodSignature decodeMethodRetFrom:withargs:atAddr:]
0x124a96	-[Object(Object_NXMethodSignature) methodSignature:fromZone:]
0x124ad4	_DefaultInTimeout
0x124ae6	_DefaultOutTimeout
0x124af9	_roProto
0x124b02	_hashProxy
0x124b0d	_isEqualProxy
0x124b1b	_freeProxy
0x124b26	_hash_table_gate
0x124b37	_hashConnection
0x124b47	_isEqualConnection
0x124b5a	_freeConnection
0x124b6a	_connProto
0x124b75	_conn_table_gate
0x124b86	_conn_table
0x124b92	_reply_table_gate
0x124ba4	_reply_table
0x124bb1	_nxproxyclass
0x124bbf	+[NXConnection initialize]
0x124bda	+[NXConnection newForInPort:andOutPort:fromZone:]
0x124c0c	+[NXConnection newForInMachPort:andOutMachPort:fromZone:]
0x124c46	-[NXConnection free]
0x124c5b	-[NXConnection copyWithOutPort:]
0x124c7c	+[NXConnection connectToName:]
0x124c9b	+[NXConnection connectToName:onHost:]
0x124cc1	+[NXConnection connectToName:fromZone:]
0x124ce9	+[NXConnection connectToName:onHost:fromZone:]
0x124d18	+[NXConnection connectToPort:withInPort:]
0x124d42	+[NXConnection connectToPort:withInPort:fromZone:]
0x124d75	+[NXConnection connectToPort:]
0x124d94	+[NXConnection connectToPort:fromZone:]
0x124dbc	+[NXConnection registerRoot:withName:]
0x124de3	+[NXConnection registerRoot:withName:fromZone:]
0x124e13	+[NXConnection registerRoot:]
0x124e31	+[NXConnection registerRoot:fromZone:]
0x124e58	+[NXConnection unregisterForInvalidationNotification:]
0x124e8f	-[NXConnection invalidate]
0x124eaa	-[NXConnection senderIsInvalid:]
0x124ecb	+[NXConnection messagesReceived]
0x124eec	+[NXConnection setDefaultBufferClass:]
0x124f13	+[NXConnection setDefaultTimeout:]
0x124f36	+[NXConnection defaultTimeout]
0x124f55	+[NXConnection setDefaultInTimeout:]
0x124f7a	+[NXConnection defaultInTimeout]
0x124f9b	+[NXConnection setDefaultOutTimeout:]
0x124fc1	+[NXConnection defaultOutTimeout]
0x124fe3	+[NXConnection setDefaultZone:]
0x125003	+[NXConnection defaultZone]
0x12501f	+[NXConnection count]
0x125035	+[NXConnection connections:]
0x125052	-[NXConnection setDelegate:]
0x12506f	-[NXConnection delegate]
0x125088	-[NXConnection outPortalBuffer]
0x1250a8	-[NXConnection inPortalBuffer]
0x1250c7	-[NXConnection inPortal]
0x1250e0	-[NXConnection inPort]
0x1250f7	-[NXConnection outPort]
0x12510f	-[NXConnection bufferClass]
0x12512b	-[NXConnection setInTimeout:]
0x125149	-[NXConnection setOutTimeout:]
0x125168	-[NXConnection inTimeout]
0x125182	-[NXConnection outTimeout]
0x12519d	-[NXConnection rootObject]
0x1251b8	-[NXConnection setRoot:]
0x1251d1	-[NXConnection insertProxy:]
0x1251ee	-[NXConnection newRemote:withProtocol:]
0x125216	-[NXConnection newLocal:]
0x125230	-[NXConnection getRemote:]
0x12524b	-[NXConnection getLocal:]
0x125265	-[NXConnection findLocal:forInPort:]
0x12528a	-[NXConnection remoteObjects]
0x1252a8	-[NXConnection localObjects]
0x1252c5	-[NXConnection localProxies]
0x1252e2	-[NXConnection removeRemote:]
0x125300	-[NXConnection removeLocal:]
0x12531d	+[NXConnection removeObject:]
0x12533b	+[NXConnection handleRequestOnPortal:]
0x125362	-[NXConnection finishEncodingAndGetReplyOnPortal:]
0x125395	-[NXConnection run]
0x1253a9	-[NXConnection runWithTimeout:]
0x1253d0	-[NXConnection runInNewThread]
0x1253ef	+[NXConnection debug:showThread:verbose:]
0x125419	+[NXConnection debug:]
0x125430	_structure_addr
0x125440	_methodSignature_of_descriptionForMethod
0x125469	_refgate
0x125472	+[NXProxy initialize]
0x125488	+[NXProxy class]
0x125499	+[NXProxy self]
0x1254a9	-[NXProxy perform:]
0x1254bd	-[NXProxy perform:with:]
0x1254d6	-[NXProxy conformsTo:]
0x1254ed	-[NXProxy connectionForProxy]
0x12550b	-[NXProxy nameForProxy]
0x125523	-[NXProxy references]
0x125539	-[NXProxy addReference]
0x125551	-[NXProxy setProtocolForProxy:]
0x125571	-[NXProxy methodSignature:fromZone:]
0x125596	-[NXProxy forward::]
0x1255ab	-[NXProxy invalidateProxy]
0x1255c6	-[NXProxy freeProxy]
0x1255db	-[NXProxy free]
0x1255eb	-[NXProxy encodeRemotelyFor:freeAfterEncoding:isBycopy:]
0x125624	-[NXProxy encodeUsing:]
0x12563c	-[NXProxy decodeUsing:]
0x125654	-[NXProxy isProxy]
0x125667	-[Object(Object_MakeRemote_Import) encodeRemotelyFor:freeAfterEncoding:isBycopy:]
0x1256b9	-[Object(Object_MakeRemote_Import) encodeUsing:]
0x1256ea	-[Object(Object_MakeRemote_Import) decodeUsing:]
0x12571b	-[Object(isRemote) isProxy]
0x125737	-[Object(GetListOfProtocols) getListOfProtocols:]
0x125769	-[List(Transport) encodeRemotelyFor:freeAfterEncoding:isBycopy:]
0x1257aa	-[List(Transport) encodeUsing:]
0x1257ca	-[List(Transport) decodeUsing:]
0x1257ea	-[Protocol(Transport) encodeRemotelyFor:freeAfterEncoding:isBycopy:]
0x12582f	-[Protocol(Transport) encodeUsing:]
0x125853	-[Protocol(Transport) decodeUsing:]
0x125877	_log_impl
0x125881	_mygate.8
0x12588b	_printf_log
0x125897	_log_header
0x1258a3	_log_show_pid
0x1258b1	_log_show_thread
0x1258c2	_mygate.11
0x1258cd	_sys_log
0x1258d6	-[NXData initWithSize:]
0x1258ee	-[NXData initWithData:size:dealloc:]
0x125913	-[NXData free]
0x125922	-[NXData data]
0x125931	-[NXData size]
0x125940	-[NXData copyFromZone:]
0x125958	-[NXData encodeRemotelyFor:freeAfterEncoding:isBycopy:]
0x125990	-[NXData encodeUsing:]
0x1259a7	-[NXData decodeUsing:]
0x1259be	+[NXInvalidationNotifier initialize]
0x1259e3	_ref_gate
0x1259ed	-[NXInvalidationNotifier init]
0x125a0c	-[NXInvalidationNotifier copy]
0x125a2b	-[NXInvalidationNotifier references]
0x125a50	-[NXInvalidationNotifier addReference]
0x125a77	-[NXInvalidationNotifier invalidate]
0x125a9c	-[NXInvalidationNotifier isValid]
0x125abe	-[NXInvalidationNotifier registerForInvalidationNotification:]
0x125afd	-[NXInvalidationNotifier unregisterForInvalidationNotification:]
0x125b3e	-[NXInvalidationNotifier free]
0x125b5d	-[NXInvalidationNotifier deallocate]
0x125b82	-[NXSpinLock init]
0x125b95	-[NXSpinLock free]
0x125ba8	-[NXSpinLock lock]
0x125bbb	-[NXSpinLock unlock]
0x125bd0	-[NXConditionLock init]
0x125be8	-[NXConditionLock initWith:]
0x125c05	-[NXConditionLock condition]
0x125c22	-[NXConditionLock free]
0x125c3a	-[NXConditionLock lock]
0x125c52	-[NXConditionLock unlock]
0x125c6c	-[NXConditionLock lockWhen:]
0x125c89	-[NXConditionLock unlockWith:]
0x125ca8	-[NXLock init]
0x125cb7	-[NXLock free]
0x125cc6	-[NXLock lock]
0x125cd5	-[NXLock unlock]
0x125ce6	-[NXRecursiveLock init]
0x125cfe	-[NXRecursiveLock free]
0x125d16	-[NXRecursiveLock lock]
0x125d2e	-[NXRecursiveLock unlock]
0x125d48	_signaturePort
0x125d57	+[NXNetNameServer initialize]
0x125d75	+[NXNetNameServer checkInPort:withName:]
0x125d9e	+[NXNetNameServer checkOutPortWithName:]
0x125dc7	+[NXNetNameServer lookUpPortWithName:]
0x125dee	+[NXNetNameServer lookUpPortWithName:onHost:]
0x125e1c	_all_ports_gate
0x125e2c	_all_ports
0x125e37	_hash_port
0x125e42	_isEqual_port
0x125e50	_Proto_port
0x125e5c	+[NXPort initialize]
0x125e71	+[NXPort new]
0x125e7f	+[NXPort newFromMachPort:]
0x125e9a	+[NXPort newFromMachPort:dealloc:]
0x125ebd	-[NXPort machPort]
0x125ed0	-[NXPort free]
0x125edf	-[NXPort hash]
0x125eee	_serverNotifyPort
0x125f00	_send_death
0x125f0c	+[NXPort worryAboutPortInvalidation]
0x125f31	-[NXPort encodeRemotelyFor:freeAfterEncoding:isBycopy:]
0x125f69	-[NXPort encodeUsing:]
0x125f80	-[NXPort decodeUsing:]
0x125f97	-[NXPort setEnableProc:]
0x125fb0	-[NXPort setEnableProc:data:]
0x125fce	-[NXPort enableProc]
0x125fe3	-[NXPort enableExternal]
0x125ffc	-[NXPort disableExternal]
0x126016	-[NXProtocolChecker initWithObject:forProtocol:]
0x126047	-[NXProtocolChecker forward::]
0x126066	-[NXProtocolChecker descriptionForMethod:]
0x126091	-[NXProtocolChecker conformsTo:]
0x1260b2	-[NXProtocolChecker free]
0x1260cc	_atexit_list
0x1260dc	_CurrencyDefaults
0x1260ee	__NXGetLocalizedDefault
0x126106	_C_lconv
0x12610f	_appName
0x126118	_parseToken
0x126124	_parseNumber
0x126131	_parseGrouping
0x126148	_currentLocale
0x126157	_letter.2
0x126161	_tmpfilename.3
0x126170	_DateTimeDefaults
0x126182	__ShortDays
0x12618e	__LongDays
0x126199	__ShortMonths
0x1261a7	__LongMonths
0x1261bb	__DateAndTime
0x1261d7	_LookupString
0x1261e5	_twoemax
0x1261f4	__framesize
0x126200	__nested_function
0x126212	__framesize
0x12621e	__nested_function
0x126230	_place.2
0x126239	_scanpoint
0x126244	_lasts.2
0x12624d	_origS.3
0x126264	_scale60
0x12626d	_getvtimes
0x126278	_scale60
0x126281	__framesize
0x12628d	__nested_function
0x1262a6	_g_desfd
0x1262af	_common_crypt
0x1262ef	_longtab
0x1262f8	_R_to_ER_tab
0x12631b	_des_setkey
0x126327	_des_encrypt
0x126342	_secs_to_packed_nsecs
0x126358	_packed_nsecs_to_secs
0x12636e	__NXGetEventPort
0x12637f	_event_portType.84
0x126392	_RetCodeCheck.85
0x1263a3	_event_portType.88
0x1263b6	_RetCodeCheck.89
0x1263c7	_event_portType.92
0x1263da	_taskType.93
0x1263e7	_sizeType.94
0x1263f4	_RetCodeCheck.95
0x126405	_addrCheck.96
0x126413	_event_portType.99
0x126426	_nameType.100
0x126434	_classType.101
0x126443	_RetCodeCheck.102
0x126455	_nameDevicePortCheck.103
0x12646e	_special_keyType.106
0x126483	_key_portType.107
0x126495	_RetCodeCheck.108
0x1264a7	_unitType.111
0x1264b5	_parameterNameType.112
0x1264cc	_maxCountType.113
0x1264de	_RetCodeCheck.114
0x1264f0	_unitType.117
0x1264fe	_parameterNameType.118
0x126515	_maxCountType.119
0x126527	_RetCodeCheck.120
0x126539	_unitType.123
0x126547	_parameterNameType.124
0x12655e	_parameterArrayType.125
0x126576	_RetCodeCheck.126
0x126588	_unitType.129
0x126596	_parameterNameType.130
0x1265ad	_parameterArrayType.131
0x1265c5	_RetCodeCheck.132
0x126603	_cryptglobalsp.2
0x126614	_getcryptglobalsp
0x12662f	_iobuf.9
0x126638	_wday_name.82
0x126646	_mon_name.83
0x126653	_result.84
0x12665e	_ctimeglobalsp.87
0x126670	_getctimeglobalsp
0x126682	_detzcode
0x126694	_tzsetkernel
0x1266a1	_tzsetgmt
0x1266ab	_mon_lengths
0x1266b8	_year_lengths
0x1266ce	_offtime
0x1266dc	__ctype_padding
0x1266ec	_stuff.80
0x1266f6	_dev_name
0x126700	_dgetent
0x12670f	_dnamatch
0x126720	_dgetnum
0x126729	_dgetflag
0x126733	_dgetstr
0x12673c	_ddecode
0x126745	_label.97
0x12675e	_TMPFILE
0x126777	_tokenbuf.14
0x126784	_skipwhite
0x12678f	_skipnonwhite
0x1267a4	_striphash_fgets
0x1267cc	_interpret
0x1267d7	_fstabscan
0x1267e2	_fs_file
0x1267f0	_environ_pointer.80
0x126804	_nvmatch
0x126814	_firsttime
0x12681f	_striphash_fgets
0x126830	__grjunk
0x126839	_usingyellow
0x12684e	_savegp.18
0x126859	_interpret
0x126864	_freeminuslist
0x126873	_interpretwithsave
0x126886	_onminuslist
0x126893	_getnextfromyellow
0x1268a6	_getfirstfromyellow
0x1268ba	_getnamefromyellow
0x1268cd	_addtominuslist
0x1268ea	_matchname
0x1268f5	_matchgid
0x126906	_getgidfromyellow
0x126933	_striphash_fgets
0x126944	__pwjunk
0x12694d	___pwjunk
0x126957	_passwd.6
0x126961	_fetchpw
0x126972	__pw_stayopen
0x126988	_savepw.21
0x126993	_matchname
0x12699e	_matchuid
0x1269af	_getnextfromyellow
0x1269c2	_getfirstfromyellow
0x1269d6	_getnamefromyellow
0x1269e9	_getuidfromyellow
0x1269fb	_interpretwithsave
0x126a0e	_interpret
0x126a19	_freeminuslist
0x126a28	_addtominuslist
0x126a45	_onminuslist
0x126a52	___ttyjunk
0x126a5d	__ttyjunk
0x126a74	_okshells
0x126a7e	_strings
0x126a87	_curshell
0x126a99	_initshells
0x126aa5	_pathsize
0x126aaf	_cachedName.80
0x126abe	_real_getwd
0x126aca	_prepend
0x126ad3	_rld_get_loaded_state
0x126ae9	_profiling
0x126b0c	_monsetup
0x126b16	_malloc_static
0x126b25	_MallocErrorFunc
0x126b36	_DefaultMallocError
0x126b4a	_malloc_check
0x126b58	_errmessage
0x126b64	_stdmessage
0x126b70	_heapadd
0x126b79	_heapremove
0x126b8d	_downheap
0x126b97	_malloc_init
0x126ba4	_nxdestroyzone
0x126bb3	_joinzonesnolock
0x126bc4	_newzonedatanolock
0x126bd7	_keepzonenolock
0x126be7	_dolockordebug
0x126bf6	__valloczonenolock
0x126c09	_break_region
0x126c17	_newregionnolock
0x126c28	_checkregionsallocation
0x126c40	_delregionnolock
0x126c51	_delzonenolock
0x126c60	_addregionnolock
0x126c71	_findregionnolock
0x126c83	_nxzonemalloc
0x126c91	_mallocnofree
0x126c9f	_nxzonemallocnolock
0x126cb3	_mallocnofreenolock
0x126cc7	_morememnolock
0x126cd6	_internal_zone_extend
0x126cec	_nxzonerealloc
0x126cfb	_nxzonereallocnolock
0x126d10	_NXZoneRealloc_canyou
0x126d26	_nxzonefree
0x126d32	_nxzonefreenolock
0x126d44	_checkfreearrayallocation
0x126d5e	_dumpheap
0x126d68	_checkheap
0x126d73	_malloc_checkfreeheaps
0x126d8a	_malloc_checkzones
0x126d9d	_vallocnolock
0x126dab	_isMallocData
0x126db9	_vfreenolock
0x126dc6	_MallocErrorMessages.126
0x126ded	_mntdigit
0x126dff	_mnttabscan
0x126e13	_mntprtent
0x126e1e	_dbm_access
0x126e3a	_makdatum
0x126e44	_finddatum
0x126e5d	_hashinc
0x126e66	_dcalchash
0x126e71	_delitem
0x126e7a	_additem
0x126e83	_popen_pid
0x126e9b	_degrees
0x126eaa	_randtbl
0x126ec6	_rand_type
0x126ed1	_rand_deg
0x126edb	_rand_sep
0x126ee5	_end_ptr
0x126eee	_resolvelinks
0x126efc	_resolvedots
0x126f09	_re_alloc
0x126f13	_retoolong.6
0x126f23	_advance
0x126f2c	_prev.21
0x126f3d	_flags.3
0x126f46	_signal__
0x126f58	_charmap
0x126f61	_logname
0x126f70	_LogFile
0x126f79	_LogStat
0x126f8a	_LogMask
0x126f93	_LogFacility
0x126fa0	_SyslogAddr
0x126fac	__do_syslog
0x126fbf	_zonetab
0x126fcd	_rbuf.80
0x126fd6	_ringring
0x126ff4	_ecvt_rint
0x126fff	_monfunc_addrs
0x12700e	__framesize
0x12701a	__nested_function
0x12702c	__framesize
0x127038	__nested_function
0x12704a	__framesize
0x127056	__nested_function
0x127068	__framesize
0x127074	__nested_function
0x127086	__framesize
0x127092	__nested_function
0x1270a4	__framesize
0x1270b0	__nested_function
0x1270d6	_woops.2
0x1270e5	_old_next_minbrk
0x1270f6	old_next_minbrk
0x127106	_old_next_curbrk
0x127117	old_next_curbrk
0x127127	_mach_init_doit
0x127137	_RetCodeType
0x127144	_sbrk_needs_init
0x127155	_sbrk_region_size
0x127167	_sbrk_curbrk
0x127174	__framesize
0x127180	__nested_function
0x127192	_service_nameType.10
0x1271a7	_RetCodeCheck.11
0x1271b8	_service_portCheck.12
0x1271ce	_service_nameType.15
0x1271e3	_service_portType.16
0x1271f8	_RetCodeCheck.17
0x127209	_service_nameType.20
0x12721e	_RetCodeCheck.21
0x12722f	_service_portCheck.22
0x127245	_service_namesType.25
0x12725b	_RetCodeCheck.26
0x12726c	_all_services_knownCheck.27
0x127288	_service_nameType.30
0x12729d	_RetCodeCheck.31
0x1272ae	_service_activeCheck.32
0x1272c6	_RetCodeCheck.35
0x1272d7	_requestor_portType.38
0x1272ee	_RetCodeCheck.39
0x1272ff	_subset_portCheck.40
0x127314	_service_nameType.43
0x127329	_RetCodeCheck.44
0x12733a	_service_portCheck.45
0x127350	_threadType.10
0x12735f	_taskType.11
0x12736c	_exceptionType.12
0x12737e	_codeType.13
0x12738b	_subcodeType.14
0x12739b	_RetCodeCheck.15
0x1273ac	_threadCheck.10
0x1273bc	_taskCheck.11
0x1273ca	_exceptionCheck.12
0x1273dd	_codeCheck.13
0x1273eb	_subcodeCheck.14
0x1273fc	__Xexception_raise
0x12740f	_RetCodeType.17
0x12741f	_routines.18
0x12742c	_inherit_memoryType.10
0x127443	_RetCodeCheck.11
0x127454	_child_taskCheck.12
0x127468	_RetCodeCheck.15
0x127479	_RetCodeCheck.18
0x12748a	_RetCodeCheck.21
0x12749b	_addressType.24
0x1274ab	_sizeType.25
0x1274b8	_anywhereType.26
0x1274c9	_RetCodeCheck.27
0x1274da	_addressCheck.28
0x1274eb	_addressType.31
0x1274fb	_sizeType.32
0x127508	_RetCodeCheck.33
0x127519	_addressType.36
0x127529	_sizeType.37
0x127536	_set_maximumType.38
0x12754a	_new_protectionType.39
0x127561	_RetCodeCheck.40
0x127572	_addressType.43
0x127582	_sizeType.44
0x12758f	_new_inheritanceType.45
0x1275a7	_RetCodeCheck.46
0x1275b8	_addressType.49
0x1275c8	_sizeType.50
0x1275d5	_RetCodeCheck.51
0x1275e6	_addressType.54
0x1275f6	_dataType.55
0x127603	_RetCodeCheck.56
0x127614	_source_addressType.59
0x12762b	_sizeType.60
0x127638	_dest_addressType.61
0x12764d	_RetCodeCheck.62
0x12765e	_addressType.65
0x12766e	_RetCodeCheck.66
0x12767f	_addressCheck.67
0x127690	_sizeCheck.68
0x12769e	_protectionCheck.69
0x1276b2	_max_protectionCheck.70
0x1276ca	_inheritanceCheck.71
0x1276df	_is_sharedCheck.72
0x1276f2	_object_nameCheck.73
0x127707	_offsetCheck.74
0x127717	_RetCodeCheck.77
0x127728	_vm_statsCheck.78
0x12773a	_process_idType.81
0x12774d	_RetCodeCheck.82
0x12775e	_result_taskCheck.83
0x127773	_RetCodeCheck.86
0x127784	_process_idCheck.87
0x127798	_src_addrType.90
0x1277a9	_dst_addrType.91
0x1277ba	_src_portType.92
0x1277cb	_dst_portType.93
0x1277dc	_protocolType.94
0x1277ed	_ipc_portType.95
0x1277fe	_RetCodeCheck.96
0x12780f	_ipc_portType.99
0x127820	_RetCodeCheck.100
0x127832	_RetCodeCheck.103
0x127844	_infoCheck.104
0x127853	_slotType.107
0x127861	_RetCodeCheck.108
0x127873	_infoCheck.109
0x127882	_cpuType.112
0x12788f	_runningType.113
0x1278a0	_RetCodeCheck.114
0x1278b2	_RetCodeCheck.117
0x1278c4	_RetCodeCheck.120
0x1278d6	_which_portType.123
0x1278ea	_RetCodeCheck.124
0x1278fc	_special_portCheck.125
0x127913	_which_portType.128
0x127927	_special_portType.129
0x12793d	_RetCodeCheck.130
0x12794f	_flavorType.133
0x12795f	_RetCodeCheck.134
0x127971	_RetCodeCheck.137
0x127983	_child_threadCheck.138
0x12799a	_RetCodeCheck.141
0x1279ac	_RetCodeCheck.144
0x1279be	_RetCodeCheck.147
0x1279d0	_flavorType.150
0x1279e0	_RetCodeCheck.151
0x1279f2	_flavorType.154
0x127a02	_new_stateType.155
0x127a15	_RetCodeCheck.156
0x127a27	_which_portType.159
0x127a3b	_RetCodeCheck.160
0x127a4d	_special_portCheck.161
0x127a64	_which_portType.164
0x127a78	_special_portType.165
0x127a8e	_RetCodeCheck.166
0x127aa0	_flavorType.169
0x127ab0	_RetCodeCheck.170
0x127ac2	_RetCodeCheck.173
0x127ad4	_port_nameType.176
0x127ae7	_RetCodeCheck.177
0x127af9	_port_type_pCheck.178
0x127b0f	_old_nameType.181
0x127b21	_new_nameType.182
0x127b33	_RetCodeCheck.183
0x127b45	_RetCodeCheck.186
0x127b57	_port_nameCheck.187
0x127b6b	_port_nameType.190
0x127b7e	_RetCodeCheck.191
0x127b90	_port_nameType.194
0x127ba3	_backlogType.195
0x127bb4	_RetCodeCheck.196
0x127bc6	_port_nameType.199
0x127bd9	_RetCodeCheck.200
0x127beb	_enabledCheck.201
0x127bfd	_num_msgsCheck.202
0x127c10	_backlogCheck.203
0x127c22	_ownershipCheck.204
0x127c36	_receive_rightsCheck.205
0x127c4f	_RetCodeCheck.208
0x127c61	_set_nameCheck.209
0x127c74	_set_nameType.212
0x127c86	_RetCodeCheck.213
0x127c98	_set_nameType.216
0x127caa	_port_nameType.217
0x127cbd	_RetCodeCheck.218
0x127ccf	_port_nameType.221
0x127ce2	_RetCodeCheck.222
0x127cf4	_set_nameType.225
0x127d06	_RetCodeCheck.226
0x127d18	_my_portType.229
0x127d29	_his_nameType.230
0x127d3b	_RetCodeCheck.231
0x127d4d	_his_nameType.234
0x127d5f	_RetCodeCheck.235
0x127d71	_his_portCheck.236
0x127d84	_my_portType.239
0x127d95	_his_nameType.240
0x127da7	_RetCodeCheck.241
0x127db9	_his_nameType.244
0x127dcb	_RetCodeCheck.245
0x127ddd	_his_portCheck.246
0x127df0	_port_nameType.249
0x127e03	_backupType.250
0x127e13	_RetCodeCheck.251
0x127e25	_previousCheck.252
0x127e38	_addressType.255
0x127e49	_sizeType.256
0x127e57	_attributeType.257
0x127e6a	_valueType.258
0x127e79	_RetCodeCheck.259
0x127e8b	_valueCheck.260
0x127e9b	_addressType.263
0x127eac	_sizeType.264
0x127eba	_RetCodeCheck.265
0x127ecc	_addressType.268
0x127edd	_sizeType.269
0x127eeb	_policyType.270
0x127efb	_RetCodeCheck.271
0x127f0d	_addressType.274
0x127f1e	_sizeType.275
0x127f2c	_whenType.276
0x127f3a	_RetCodeCheck.277
0x127f4c	_RetCodeCheck.10
0x127f5d	_flavorType.13
0x127f6c	_RetCodeCheck.14
0x127f7d	_flavorType.17
0x127f8c	_RetCodeCheck.18
0x127f9d	_hostCheck.19
0x127fab	_RetCodeCheck.22
0x127fbc	_RetCodeCheck.25
0x127fcd	_processor_cmdType.28
0x127fe3	_RetCodeCheck.29
0x127ff4	_RetCodeCheck.32
0x128005	_default_setCheck.33
0x12801a	_RetCodeCheck.36
0x12802b	_new_setCheck.37
0x12803c	_new_nameCheck.38
0x12804e	_RetCodeCheck.41
0x12805f	_flavorType.44
0x12806e	_RetCodeCheck.45
0x12807f	_hostCheck.46
0x12808d	_new_setType.49
0x12809d	_waitType.50
0x1280aa	_RetCodeCheck.51
0x1280bb	_RetCodeCheck.54
0x1280cc	_assigned_setCheck.55
0x1280e2	_new_setType.58
0x1280f2	_RetCodeCheck.59
0x128103	_RetCodeCheck.62
0x128114	_RetCodeCheck.65
0x128125	_assigned_setCheck.66
0x12813b	_new_setType.69
0x12814b	_assign_threadsType.70
0x128162	_RetCodeCheck.71
0x128173	_assign_threadsType.74
0x12818a	_RetCodeCheck.75
0x12819b	_RetCodeCheck.78
0x1281ac	_assigned_setCheck.79
0x1281c2	_RetCodeCheck.82
0x1281d3	_priorityType.85
0x1281e4	_set_maxType.86
0x1281f4	_RetCodeCheck.87
0x128205	_processor_setType.90
0x12821b	_max_priorityType.91
0x128230	_RetCodeCheck.92
0x128241	_priorityType.95
0x128252	_change_threadsType.96
0x128269	_RetCodeCheck.97
0x12827a	_max_priorityType.100
0x128290	_change_threadsType.101
0x1282a8	_RetCodeCheck.102
0x1282ba	_policyType.105
0x1282ca	_dataType.106
0x1282d8	_RetCodeCheck.107
0x1282ea	_policyType.110
0x1282fa	_RetCodeCheck.111
0x12830c	_policyType.114
0x12831c	_change_threadsType.115
0x128334	_RetCodeCheck.116
0x128346	_RetCodeCheck.119
0x128358	_RetCodeCheck.122
0x12836a	_RetCodeCheck.125
0x12837c	_set_nameType.128
0x12838e	_RetCodeCheck.129
0x1283a0	_setCheck.130
0x1283ae	_RetCodeCheck.133
0x1283c0	_new_timeType.136
0x1283d2	_RetCodeCheck.137
0x1283e4	_new_adjustmentType.140
0x1283fc	_RetCodeCheck.141
0x12840e	_old_adjustmentCheck.142
0x128427	_RetCodeCheck.145
0x128439	_current_timeCheck.146
0x128450	_port_nameType.10
0x128462	_signatureType.11
0x128474	_port_idType.12
0x128484	_RetCodeCheck.13
0x128495	_host_nameType.16
0x1284a7	_port_nameType.17
0x1284b9	_RetCodeCheck.18
0x1284ca	_port_idCheck.19
0x1284db	_port_nameType.22
0x1284ed	_signatureType.23
0x1284ff	_RetCodeCheck.24
0x128510	_RetCodeCheck.27
0x128521	_ArchInfoTable
0x128530	__mh_execute_header_pointer.80
0x12854f	__mh_execute_header_pointer.84
0x12856e	__mh_execute_header_pointer.91
0x12858d	__mh_execute_header_pointer.80
0x1285ac	__mh_execute_header_pointer.80
0x1285e8	_yellowup
0x1285f2	_usingyellow
0x1285ff	_NETWORKS
0x128609	__netdata
0x128613	_netdata
0x128624	_line1.90
0x12862e	_interpret
0x12863e	_yellowup
0x128648	_NETGROUP
0x12865a	_grouplist
0x128688	_PROTODB
0x128691	__protodata
0x12869d	_protodata
0x1286a8	_interpret
0x1286b3	_yellowup
0x1286c2	_servdata
0x1286db	__servdata
0x1286e6	_interpret
0x1286f1	_yellowup
0x12871b	_makekey
0x12872a	_machine
0x128743	_ldomain.88
0x12874f	_domainp.89
0x12875b	_nodomain.90
0x12876e	_environ_pointer.76
0x128782	_renvlook
0x12878c	_ruserpassglobalsp.79
0x1287a2	_getruserpassglobalsp
0x1287e1	_oldbuf.87
0x1287ec	_nbsencrypt
0x1287f8	_nbsdecrypt
0x128804	_keyblk.92
0x128817	_nbs8encrypt
0x128824	_keyblk.96
0x128837	_nbs8decrypt
0x128844	_enblkclr
0x12884e	_iobuf.102
0x128859	_deblkclr
0x128863	_enblknot
0x12886d	_iobuf.107
0x128878	_deblknot
0x1288ae	_nbssetkey
0x1288bf	_blkencrypt
0x1288cb	_utmpstr.114
0x1288d8	_getutmp
0x1288e1	_sreverse
0x1288eb	_skey.119
0x1288f5	_mkenvkey
0x1288ff	_mklower
0x128908	_dn_find
0x128920	_deproto
0x128929	_do_rrset
0x128939	_res_setoptions
0x128949	_net_mask
0x128953	_netinfo_res_init
0x128965	_abuf.86
0x128971	_connected
0x12899e	_AskedForGot
0x1289b2	_stayopen
0x1289bc	_dprintf
0x1289c5	_getanswer
0x1289d6	_hostbuf
0x1289df	_host_aliases
0x1289ed	_h_addr_ptrs
0x1289fa	_host_addr
0x128a05	_addrsort
0x128a0f	_net_entry.80
0x128a1d	_net_aliases.81
0x128a2d	_netbuf.82
0x128a38	_getnetanswer
0x128a4c	_tmpbuf.84
0x128a5f	__hostdata
0x128a6a	_hostdata
0x128a74	_fetchhost
0x128a7f	_interpret
0x128a8f	_yellowup
0x128a99	_alias_state
0x128aa6	_freeold
0x128aaf	_global_aliasent
0x128ac0	_convert_aliasent
0x128ad2	_proc.76
0x128adb	_lu_alias_getbyname
0x128aef	_lu_alias_setent
0x128b00	_alias_data
0x128b0c	_alias_datalen
0x128b1b	_lu_alias_endent
0x128b2c	_proc.83
0x128b35	_lu_alias_getent
0x128b46	_alias_xdr
0x128b51	_alias_nentries
0x128b68	_proc.73
0x128b71	_lu_bootp_getbyether
0x128b8d	_proc.77
0x128b96	_lu_bootp_getbyip
0x128baf	_proc.73
0x128bb8	_lu_bootparams_getbyname
0x128bd1	_gr_state
0x128bdb	_global_gr
0x128be6	_gr_datalen
0x128bf2	_gr_nentries
0x128c07	_yp_flags
0x128c11	_convert_gr
0x128c1d	_proc.74
0x128c26	_lu_getgrgid
0x128c33	_proc.77
0x128c3c	_lu_getgrnam
0x128c49	_proc.80
0x128c52	_lu_initgroups
0x128c61	_lu_setgrent
0x128c6e	_gr_data
0x128c77	_lu_endgrent
0x128c84	_proc.87
0x128c8d	_lu_getgrent
0x128c9a	_h_state
0x128ca3	_global_h
0x128cad	_global_h_copy
0x128cbc	_global_addrlist
0x128ccd	_convert_h
0x128cd8	_proc.74
0x128ce1	_lu_gethostbyaddr
0x128cf3	_proc.77
0x128cfc	_lu_gethostbyname
0x128d0e	_lu_sethostent
0x128d25	_h_datalen
0x128d30	_lu_endhostent
0x128d3f	_proc.84
0x128d48	_lu_gethostent
0x128d5e	_h_nentries
0x128d6a	_global_mnt
0x128d76	_mnt_data
0x128d80	_mnt_datalen
0x128d8d	_mnt_nentries
0x128d9b	_mnt_xdr
0x128da4	_convert_mnt
0x128db1	_lu_setmntent
0x128dbf	_lu_endmntent
0x128dcd	_proc.78
0x128dd6	_lu_getmntent
0x128de4	_n_state
0x128ded	_global_n
0x128df7	_convert_n
0x128e02	_proc.74
0x128e0b	_lu_getnetbyaddr
0x128e1c	_proc.77
0x128e25	_lu_getnetbyname
0x128e36	_lu_setnetent
0x128e4c	_n_datalen
0x128e57	_lu_endnetent
0x128e65	_proc.84
0x128e6e	_lu_getnetent
0x128e83	_n_nentries
0x128e8f	___innetgr_hack
0x128e9f	_netgroup_state
0x128eaf	_proc.74
0x128eb8	_lu_innetgr
0x128ec4	_lu_endnetgrent
0x128ed4	_netgroup_data
0x128ee3	_netgroup_datalen
0x128ef5	_proc.79
0x128efe	_lu_setnetgrent
0x128f0e	_netgroup_xdr
0x128f1c	_netgroup_nentries
0x128f36	_p_state
0x128f3f	_global_p
0x128f49	_convert_p
0x128f54	_proc.74
0x128f5d	_lu_getprotobynumber
0x128f72	_proc.77
0x128f7b	_lu_getprotobyname
0x128f8e	_lu_setprotoent
0x128fa6	_p_datalen
0x128fb1	_lu_endprotoent
0x128fc1	_proc.84
0x128fca	_lu_getprotoent
0x128fe1	_p_nentries
0x128fed	_prdb_state
0x128ff9	_global_prdb
0x129006	_prdb_data
0x129011	_prdb_datalen
0x12901f	_prdb_xdr
0x129029	_freeprop
0x129033	_freeold
0x12903c	_convert_prdb
0x12904a	_lu_prdb_set
0x129057	_lu_prdb_end
0x129064	_proc.82
0x12906d	_lu_prdb_getbyname
0x129080	_proc.85
0x129089	_lu_prdb_get
0x129096	_prdb_nentries
0x1290a5	_pw_state
0x1290af	_global_pw
0x1290ba	_convert_pw
0x1290c6	_proc.74
0x1290cf	_lu_getpwuid
0x1290dc	_proc.77
0x1290e5	_lu_getpwnam
0x1290f2	_lu_setpwent
0x1290ff	_pw_data
0x129108	_pw_datalen
0x129114	_lu_endpwent
0x129121	_proc.84
0x12912a	_lu_getpwent
0x12913f	_pw_nentries
0x12914c	_r_state
0x129155	_global_r
0x12915f	_convert_r
0x12916a	_proc.74
0x129173	_lu_getrpcbynumber
0x129186	_proc.77
0x12918f	_lu_getrpcbyname
0x1291a0	_lu_setrpcent
0x1291b6	_r_datalen
0x1291c1	_lu_endrpcent
0x1291cf	_proc.84
0x1291d8	_lu_getrpcent
0x1291ed	_r_nentries
0x1291f9	_s_state
0x129202	_global_s
0x12920c	_convert_s
0x129217	_proc.74
0x129220	_lu_getservbyport
0x129232	_proc.77
0x12923b	_lu_getservbyname
0x12924d	_lu_setservent
0x129264	_s_datalen
0x12926f	_lu_endservent
0x12927e	_proc.84
0x129287	_lu_getservent
0x12929d	_s_nentries
0x1292a9	_port_valid
0x1292b5	_ni_errmsgs
0x1292c1	_NAME_NAME
0x1292cc	_NAME_SERVES
0x1292d9	_NAME_MACHINES
0x1292e8	_NAME_IP_ADDRESS
0x1292f9	_NAME_MASTER
0x129306	_NAME_USERS
0x129312	_NAME_UID
0x12931c	_getmyport
0x129327	_nibind_up
0x129332	_createauth
0x12933e	_fixtimeout
0x12934a	_ni_settimeout
0x129359	_connectit
0x129364	_sys_netmask
0x129371	_sys_address
0x12937e	_connectlocal
0x12938c	_clnt_kill
0x12939f	_ni_switch
0x1293aa	_ni_swap
0x1293b3	_eachresult
0x1293c7	_confirm_tcp
0x1293d4	_setmaster
0x1293e7	_ni_clear
0x1293f1	_ni_alloc
0x129402	_addaddr
0x12940b	_get_daddr
0x129416	_getparent
0x129421	_pmap_getport_to
0x129432	_socket_open
0x12943f	_NAME_NAME
0x12944a	_NAME_MACHINES
0x129459	_NAME_IP_ADDRESS
0x12946a	_NAME_SERVES
0x129477	_NAME_UNKNOWN
0x129485	_escape_domain
0x129494	_finddomain
0x1294a0	_ni_domainof
0x1294ad	__ni_pwdomain
0x1294bb	_eatslash
0x1294c5	_unescape
0x1294cf	_escindex
0x1294d9	_setstuff
0x1294e3	_ni_relopen
0x1294ef	_ni_rootopen
0x1294fc	_ni_name_dupn
0x12950a	_ni_relsearch
0x129518	__prdb_free_ent
0x12952c	_pename_insert
0x12953b	_peprop_insert
0x129552	_prmatch
0x12955b	_getline
0x129564	_emptyfield
0x129570	_NAME_USERS
0x12957c	_NAME_PASSWD
0x129589	_changeit
0x129593	_TIMEOUT
0x1295ec	_res.102
0x1295f5	_res.105
0x1295fe	_res.108
0x129607	_res.111
0x129610	_res.114
0x129619	_res.117
0x129622	_res.120
0x12962b	_res.123
0x129634	_res.126
0x12963d	_res.129
0x129646	_res.132
0x12964f	_res.135
0x129658	_res.138
0x129661	_res.141
0x12966a	_res.144
0x129673	_res.147
0x12967c	_res.150
0x129685	_res.153
0x12968e	_res.156
0x129697	_nameType.10
0x1296a4	_RetCodeCheck.11
0x1296b5	_procnoCheck.12
0x1296c5	_procType.15
0x1296d2	_indataType.16
0x1296e1	_RetCodeCheck.17
0x1296f2	_procType.20
0x1296ff	_indataType.21
0x12970e	_RetCodeCheck.22
0x12971f	_procType.25
0x12972c	_indataType.26
0x12973b	_RetCodeCheck.27
0x129751	_authnone_verf
0x129760	_authnone_marshal
0x129772	_authnone_validate
0x129785	_authnone_refresh
0x129797	_authnone_destroy
0x1297a9	_authnone_private
0x1297bb	_auth_unix_ops
0x1297ca	_authunix_nextverf
0x1297dd	_authunix_marshal
0x1297ef	_authunix_validate
0x129802	_authunix_refresh
0x129814	_authunix_destroy
0x129826	_marshal_new_auth
0x129838	_port.72
0x12984c	_rpc_errlist
0x129859	_auth_errlist
0x129867	_auth_errmsg
0x129874	_client_ops
0x129880	_clntraw_call
0x12988e	_clntraw_abort
0x12989d	_clntraw_geterr
0x1298ad	_clntraw_freeres
0x1298be	_clntraw_destroy
0x1298cf	_clntraw_control
0x1298e0	_clntraw_private
0x1298f1	_callrpc_private
0x129902	_tcp_ops
0x12990b	_clnttcp_call
0x129919	_clnttcp_abort
0x129928	_clnttcp_geterr
0x129938	_clnttcp_freeres
0x129949	_clnttcp_destroy
0x12995a	_clnttcp_control
0x12996b	_readtcp
0x129974	_writetcp
0x12997e	_udp_ops
0x129987	_clntudp_call
0x129995	_clntudp_abort
0x1299a4	_clntudp_geterr
0x1299b4	_clntudp_freeres
0x1299c5	_clntudp_destroy
0x1299d6	_clntudp_control
0x1299fd	__rpcdata
0x129a07	_rpcdata
0x129a10	_interpret
0x129a1b	_yellowup
0x129a25	_trytimeout
0x129a31	_tottimeout
0x129a3d	_MESSENGER.88
0x129a4b	_key_call
0x129a55	_hostname.80
0x129a62	_get_hostname
0x129a70	_encodemsg
0x129a7b	_decodemsg
0x129aa2	_basename
0x129aac	_timeout
0x129ab5	_tottimeout
0x129ac1	_timeout
0x129aca	_tottimeout
0x129ad6	_timeout
0x129adf	_getbroadcastnets
0x129af1	_reply_dscrm
0x129afe	_accepted
0x129b08	_rejected
0x129b1a	_svc_head
0x129b24	_svc_find
0x129b2e	_svcauthsw
0x129b39	_server_ops
0x129b45	_svcraw_recv
0x129b52	_svcraw_stat
0x129b5f	_svcraw_getargs
0x129b6f	_svcraw_reply
0x129b7d	_svcraw_freeargs
0x129b8e	_svcraw_destroy
0x129b9e	_svcraw_private
0x129bba	_proglst
0x129bc3	_universal
0x129bce	_svctcp_op
0x129bd9	_svctcp_recv
0x129be6	_svctcp_stat
0x129bf3	_svctcp_getargs
0x129c03	_svctcp_reply
0x129c11	_svctcp_freeargs
0x129c22	_svctcp_destroy
0x129c32	_svctcp_rendezvous_op
0x129c48	_rendezvous_request
0x129c5c	_rendezvous_stat
0x129c6d	_makefd_xprt
0x129c7a	_wait_per_try
0x129c88	_readtcp
0x129c91	_writetcp
0x129c9b	_svcudp_op
0x129ca6	_svcudp_recv
0x129cb3	_svcudp_stat
0x129cc0	_svcudp_getargs
0x129cd0	_svcudp_reply
0x129cde	_svcudp_freeargs
0x129cef	_svcudp_destroy
0x129cff	_cache_set
0x129d0a	_cache_get
0x129d15	_authdes_cache
0x129d24	_cache_init
0x129d30	_authdes_lru
0x129d3d	_cache_victim
0x129d4b	_cache_ref
0x129d56	_cache_spot
0x129d62	_svcauthdes_stats
0x129d74	_invalidate
0x129d80	_xdr_zero
0x129d8a	_crud.96
0x129d93	_xdrmem_ops
0x129d9f	_xdrmem_getlong
0x129daf	_xdrmem_putlong
0x129dbf	_xdrmem_getbytes
0x129dd0	_xdrmem_putbytes
0x129de1	_xdrmem_getpos
0x129df0	_xdrmem_setpos
0x129dff	_xdrmem_inline
0x129e0e	_xdrmem_destroy
0x129e1e	_xdrrec_ops
0x129e2a	_xdrrec_getlong
0x129e3a	_xdrrec_putlong
0x129e4a	_xdrrec_getbytes
0x129e5b	_xdrrec_putbytes
0x129e6c	_xdrrec_getpos
0x129e7b	_xdrrec_setpos
0x129e8a	_xdrrec_inline
0x129e99	_xdrrec_destroy
0x129ea9	_flush_out
0x129eb4	_fill_input_buf
0x129ec4	_get_input_bytes
0x129ed5	_set_input_fragment
0x129ee9	_skip_input_bytes
0x129efb	_fix_buf_size
0x129f09	_xdrstdio_ops
0x129f17	_xdrstdio_getlong
0x129f29	_xdrstdio_putlong
0x129f3b	_xdrstdio_getbytes
0x129f4e	_xdrstdio_putbytes
0x129f61	_xdrstdio_getpos
0x129f72	_xdrstdio_setpos
0x129f83	_xdrstdio_inline
0x129f94	_xdrstdio_destroy
0x129fae	_getcount
0x129fc8	__getccl
0x129fd1	_nofile.72
0x129fdc	_iobglue
0x129fe5	_endglue
0x129fee	__p_dconv
0x12a00c	_environ_pointer.80
0x12a020	_validtz.2
0x12a02b	_cached_tz.3
0x12a038	_sigvec__
0x12a042	__framesize
0x12a04e	__nested_function
0x12a060	__framesize
0x12a06c	__nested_function
0x12a07e	__framesize
0x12a08a	__nested_function
0x12a09c	__framesize
0x12a0a8	__nested_function
0x12a0ba	__framesize
0x12a0c6	__nested_function
0x12a0d8	__framesize
0x12a0e4	__nested_function
0x12a0f6	__framesize
0x12a102	__nested_function
0x12a114	__framesize
0x12a120	__nested_function
0x12a132	__framesize
0x12a13e	__nested_function
0x12a150	__framesize
0x12a15c	__nested_function
0x12a16e	__framesize
0x12a17a	__nested_function
0x12a18c	__framesize
0x12a198	__nested_function
0x12a1aa	__framesize
0x12a1b6	__nested_function
0x12a1c8	__framesize
0x12a1d4	__nested_function
0x12a1e6	__framesize
0x12a1f2	__nested_function
0x12a204	__framesize
0x12a210	__nested_function
0x12a222	__framesize
0x12a22e	__nested_function
0x12a240	__framesize
0x12a24c	__nested_function
0x12a25e	__framesize
0x12a26a	__nested_function
0x12a27c	__framesize
0x12a288	__nested_function
0x12a29a	__framesize
0x12a2a6	__nested_function
0x12a2b8	__framesize
0x12a2c4	__nested_function
0x12a2d6	__framesize
0x12a2e2	__nested_function
0x12a2f4	__framesize
0x12a300	__nested_function
0x12a312	__framesize
0x12a31e	__nested_function
0x12a330	__framesize
0x12a33c	__nested_function
0x12a34e	__framesize
0x12a35a	__nested_function
0x12a36c	__framesize
0x12a378	__nested_function
0x12a38a	__framesize
0x12a396	__nested_function
0x12a3a8	__framesize
0x12a3b4	__nested_function
0x12a3c6	__framesize
0x12a3d2	__nested_function
0x12a3e4	__framesize
0x12a3f0	__nested_function
0x12a402	__framesize
0x12a40e	__nested_function
0x12a420	__framesize
0x12a42c	__nested_function
0x12a43e	__framesize
0x12a44a	__nested_function
0x12a45c	__framesize
0x12a468	__nested_function
0x12a47a	__framesize
0x12a486	__nested_function
0x12a498	__framesize
0x12a4a4	__nested_function
0x12a4b6	__framesize
0x12a4c2	__nested_function
0x12a4d4	__framesize
0x12a4e0	__nested_function
0x12a4f2	__framesize
0x12a4fe	__nested_function
0x12a510	__framesize
0x12a51c	__nested_function
0x12a52e	__framesize
0x12a53a	__nested_function
0x12a54c	__framesize
0x12a558	__nested_function
0x12a56a	__framesize
0x12a576	__nested_function
0x12a588	__framesize
0x12a594	__nested_function
0x12a5a6	__framesize
0x12a5b2	__nested_function
0x12a5c4	__framesize
0x12a5d0	__nested_function
0x12a5e2	__framesize
0x12a5ee	__nested_function
0x12a600	__framesize
0x12a60c	__nested_function
0x12a61e	__framesize
0x12a62a	__nested_function
0x12a63c	__framesize
0x12a648	__nested_function
0x12a65a	__framesize
0x12a666	__nested_function
0x12a678	__framesize
0x12a684	__nested_function
0x12a696	__framesize
0x12a6a2	__nested_function
0x12a6b4	__framesize
0x12a6c0	__nested_function
0x12a6d2	__framesize
0x12a6de	__nested_function
0x12a6f0	__framesize
0x12a6fc	__nested_function
0x12a70e	__framesize
0x12a71a	__nested_function
0x12a72c	__framesize
0x12a738	__nested_function
0x12a74a	__framesize
0x12a756	__nested_function
0x12a768	__framesize
0x12a774	__nested_function
0x12a786	__framesize
0x12a792	__nested_function
0x12a7a4	__framesize
0x12a7b0	__nested_function
0x12a7c2	__framesize
0x12a7ce	__nested_function
0x12a7e0	__framesize
0x12a7ec	__nested_function
0x12a7fe	__framesize
0x12a80a	__nested_function
0x12a81c	__framesize
0x12a828	__nested_function
0x12a83a	__framesize
0x12a846	__nested_function
0x12a858	__framesize
0x12a864	__nested_function
0x12a876	__framesize
0x12a882	__nested_function
0x12a894	__framesize
0x12a8a0	__nested_function
0x12a8b2	__framesize
0x12a8be	__nested_function
0x12a8d0	__framesize
0x12a8dc	__nested_function
0x12a8ee	__framesize
0x12a8fa	__nested_function
0x12a90c	__framesize
0x12a918	__nested_function
0x12a92a	__framesize
0x12a936	__nested_function
0x12a948	__framesize
0x12a954	__nested_function
0x12a966	__framesize
0x12a972	__nested_function
0x12a984	__framesize
0x12a990	__nested_function
0x12a9a2	__framesize
0x12a9ae	__nested_function
0x12a9c0	__framesize
0x12a9cc	__nested_function
0x12a9de	__framesize
0x12a9ea	__nested_function
0x12a9fc	__framesize
0x12aa08	__nested_function
0x12aa1a	__framesize
0x12aa26	__nested_function
0x12aa38	__framesize
0x12aa44	__nested_function
0x12aa56	__framesize
0x12aa62	__nested_function
0x12aa74	__framesize
0x12aa80	__nested_function
0x12aa92	__framesize
0x12aa9e	__nested_function
0x12aab0	__framesize
0x12aabc	__nested_function
0x12aace	__framesize
0x12aada	__nested_function
0x12aaec	__framesize
0x12aaf8	__nested_function
0x12ab0a	__framesize
0x12ab16	__nested_function
0x12ab28	__framesize
0x12ab34	__nested_function
0x12ab46	__framesize
0x12ab52	__nested_function
0x12ab64	__framesize
0x12ab70	__nested_function
0x12ab82	__framesize
0x12ab8e	__nested_function
0x12aba0	__framesize
0x12abac	__nested_function
0x12abbe	__framesize
0x12abca	__nested_function
0x12abdc	__framesize
0x12abe8	__nested_function
0x12abfa	__framesize
0x12ac06	__nested_function
0x12ac18	__framesize
0x12ac24	__nested_function
0x12ac36	__framesize
0x12ac42	__nested_function
0x12ac54	__framesize
0x12ac60	__nested_function
0x12ac72	RSAVE_BYTES
0x12ac7e	__framesize
0x12ac8a	__nested_function
0x12ac9c	__framesize
0x12aca8	__nested_function
0x12acba	__framesize
0x12acc6	__nested_function
0x12acd8	__framesize
0x12ace4	__nested_function
0x12acf6	__framesize
0x12ad02	__nested_function
0x12ad14	__framesize
0x12ad20	__nested_function
0x12ad32	__framesize
0x12ad3e	__nested_function
0x12ad50	__framesize
0x12ad5c	__nested_function
0x12ad6e	__framesize
0x12ad7a	__nested_function
0x12ad8c	__framesize
0x12ad98	__nested_function
0x12adaa	__framesize
0x12adb6	__nested_function
0x12adc8	__framesize
0x12add4	__nested_function
0x12ade6	__framesize
0x12adf2	__nested_function
0x12ae04	__framesize
0x12ae10	__nested_function
0x12ae22	__framesize
0x12ae2e	__nested_function
0x12ae40	__framesize
0x12ae4c	__nested_function
0x12ae5e	__framesize
0x12ae6a	__nested_function
0x12ae7c	__framesize
0x12ae88	__nested_function
0x12ae9a	__framesize
0x12aea6	__nested_function
0x12aeb8	__framesize
0x12aec4	__nested_function
0x12aed6	__framesize
0x12aee2	__nested_function
0x12aef4	__framesize
0x12af00	__nested_function
0x12af12	__framesize
0x12af1e	__nested_function
0x12af30	_cprocs_started
0x12af40	_cproc_lock
0x12af54	_cproc_alloc
0x12af61	_cproc_continue
0x12af71	_cthreads
0x12af7b	_cthread_lock
0x12af89	_cthread_needed
0x12af99	_cthread_idle
0x12afa7	_n_cprocs
0x12afb1	_n_cthreads
0x12afbd	_max_cprocs
0x12afc9	_free_cthreads
0x12afd8	_cthread_free_lock
0x12afeb	_initial_cthread
0x12affc	_cthread_alloc
0x12b00b	__cthread_free_callout_function
0x12b02b	_cthread_free
0x12b039	_cthreads_started.8
0x12b04d	_saved_self
0x12b059	_reply_port_lock
0x12b06a	_cthread_stack_size
0x12b07e	_next_stack_base
0x12b08f	_initial_stack_deallocated
0x12b0aa	_initial_stack_lock
0x12b0be	_setup_stack
0x12b0d3	__framesize
0x12b0df	__nested_function
0x12b0f1	__yprequest_arms
0x12b102	__ypresponse_arms
0x12b114	_ypbind_resp_arms
0x12b126	_tcp_timout
0x12b132	_bind_intertry
0x12b141	_bind_timeout
0x12b14f	_ypserv_intertry
0x12b160	_bfvalid
0x12b175	_binder_port
0x12b182	_my_addr
0x12b18b	_bound_domains
0x12b19a	__default_domain
0x12b1ab	_default_domain
0x12b1bb	_mypid.82
0x12b1c5	_newborn
0x12b1ce	_check_binding
0x12b1dd	_check_pmap_up
0x12b1ec	_check_binder_up
0x12b1fd	_talk2_pmap
0x12b209	_talk2_binder
0x12b217	_get_binder_port
0x12b228	_load_dom_binding
0x12b23a	_talk2_server
0x12b248	_ypsymbol_prefix
0x12b259	_ypsymbol_prefix_length
0x12b271	_v2dofirst
0x12b27c	_v1dofirst
0x12b287	_v2donext
0x12b291	_v1donext
0x12b29b	_v1filter
0x12b2a5	_v2domaster
0x12b2b1	_v1domaster
0x12b2bd	_detachnode
0x12b2cf	_freenode
0x12b2d9	_makenode
0x12b2e3	_v2domatch
0x12b2ee	_v1domatch
0x12b2f9	_v2doorder
0x12b304	_v1doorder
0x12b30f	_bb_head
0x12b318	_num_digits
0x12b324	___new_handler
0x12b333	_default_new_handler
0x12b348	___clz_tab
0x12b361	_protoPrototype
0x12b371	_prototypes
0x12b37d	_bootstrap
0x12b388	_freeBucketPairs
0x12b399	_freeBuckets
0x12b3a6	__NXHashRehash
0x12b3b5	_uniqueStrings
0x12b3c4	_accessUniqueString
0x12b3de	_zoneSize
0x12b3ee	_CopyIntoReadOnly
0x12b406	_protoPrototype
0x12b416	_prototypes
0x12b422	_mapSearch
0x12b42d	_mapSearchHit
0x12b43b	_mapSearchLoop
0x12b44a	_mapRehash
0x12b455	_mapRehashSum
0x12b463	__NXMapRehash
0x12b471	_mapInsert
0x12b47c	_mapInsertHit
0x12b48a	_mapInsertLoop
0x12b499	_mapRemove
0x12b4a4	__class_uncache
0x12b4b4	__class_slow_grow
0x12b4c6	__errNoMem
0x12b4d1	__errAllocNil
0x12b4df	__errFreedObject
0x12b4f0	__errNonExistentObject
0x12b507	__errBadSel
0x12b513	__errNotSuper
0x12b521	__errNewVars
0x12b52e	_cacheUpdateLock
0x12b53f	_cacheCollectionLock
0x12b554	_freedObjectClass
0x12b566	_nonexistentObjectClass
0x12b57e	_class_getVariable
0x12b591	_flush_caches
0x12b59f	_posed_class_hash
0x12b5b1	_posed_class_to_original_class_hash
0x12b5d5	_addClassToOriginalClass
0x12b5ee	__objc_addOrigClass
0x12b602	__freedHandler
0x12b611	__nonexistentHandler
0x12b626	_class_initialize
0x12b638	_objc_malloc
0x12b645	__cache_expand
0x12b654	_totalCacheFills
0x12b665	_objcInstrumentationFD
0x12b67c	_objcInstrumentationOn
0x12b693	_traceDuplicates
0x12b6a4	_traceDuplicatesVerbose
0x12b6bc	_cacheFillDuplicates
0x12b6d1	__cache_fill
0x12b6de	__cache_flush
0x12b6ec	_SubTypeUntil
0x12b6fa	_SkipFirstType
0x12b709	__objc_zone.112
0x12b719	__get_pc_for_thread
0x12b72d	__collecting_in_critical
0x12b746	_garbage_byte_size
0x12b759	_garbage_threshold
0x12b76c	_garbage_refs
0x12b77a	_garbage_count
0x12b789	_garbage_max
0x12b796	_first.119
0x12b7a1	__garbage_make_room
0x12b7b5	__cache_collect_free
0x12b7ca	__cache_print
0x12b7de	__getExecHeader
0x12b7ee	_send_unload_message_to_class
0x12b80c	_send_unload_message_to_category
0x12b82d	__objc_fixup_string_objects_from_header
0x12b855	_objc_registerModule
0x12b86a	_objc_unregisterModule
0x12b881	_loadLock
0x12b88b	_header_vector
0x12b89a	_header_count
0x12b8a8	_class_hash
0x12b8b4	_classHash
0x12b8bf	_classIsEqual
0x12b8cd	_classHashPrototype
0x12b8e1	__objc_defaultClassHandler
0x12b8fc	_objc_classHandler
0x12b90f	_module_vector
0x12b91e	_module_count
0x12b92c	__objcTweakMethodListPointerForClass
0x12b951	_category_hash
0x12b960	__objc_resolve_categories_for_class
0x12b984	__objc_register_category
0x12b99d	__objc_add_categories_from_image
0x12b9be	__headerForClass
0x12b9cf	__resolveClassConflict
0x12b9e6	_pended_map_selectors_index
0x12ba02	_map_selectors_pended
0x12ba18	_pend_map_selectors
0x12ba2c	_pendingClassRefsMap
0x12ba41	_checkForPendingClassReferences
0x12ba61	__objc_get_classes_from_image
0x12ba7f	__objc_fixup_string_objects_for_image
0x12baa5	__objc_map_class_refs_for_image
0x12bac5	__objc_fixup_protocol_objects_for_image
0x12baed	_compareHeaders
0x12bafd	_categoryMethodMap
0x12bb10	_classMethodMap
0x12bb20	__objc_registerMethodListFromCategory
0x12bb46	__objc_registerMethodListFromClass
0x12bb69	_rocketLaunching
0x12bb7a	_libraryNameForMachHeader
0x12bb94	_undo_preuniqing_for_image
0x12bbaf	__objc_fixup_selector_refs
0x12bbca	_sortedRefsSize
0x12bbda	_backrefsSectionComparator
0x12bbf5	_do_pended_map_selectors
0x12bc0e	_pended_map_selectors
0x12bc24	__objc_call_loads_for_image
0x12bc40	__objc_map_image_callback
0x12bc5a	__objc_link_module_callback
0x12bc76	__objc_unlink_module_callback
0x12bc94	_sentinel
0x12bc9e	_dynamicHashTable
0x12bcb0	_hashTableChain
0x12bcc0	_selectorLock
0x12bcce	_objc_malloc
0x12bcdb	_HASH_alloc_list.82
0x12bcef	_HASH_alloc_index.83
0x12bd04	_relativeTo
0x12bd10	_comparator
0x12bd1c	_fixupEntryForSelector
0x12bd33	_selRefForFixupEntryInTable
0x12bd4f	__errNoMem
0x12bd5a	__errReAllocNil
0x12bd6a	__errReAllocFreed
0x12bd7c	__errReAllocTooSmall
0x12bd91	__errShouldHaveImp
0x12bda4	__errShouldNotImp
0x12bdb6	__errLeftUndone
0x12bdc6	__errBadSel
0x12bdd2	__errDoesntRecognize
0x12bde7	+[Object initialize]
0x12bdfc	-[Object awake]
0x12be0c	+[Object poseAs:]
0x12be1e	+[Object new]
0x12be2c	+[Object alloc]
0x12be3c	+[Object allocFromZone:]
0x12be55	-[Object init]
0x12be64	-[Object name]
0x12be73	+[Object name]
0x12be82	-[Object hash]
0x12be91	-[Object isEqual:]
0x12bea4	-[Object free]
0x12beb3	+[Object free]
0x12bec2	-[Object self]
0x12bed1	-[Object class]
0x12bee1	+[Object class]
0x12bef1	-[Object zone]
0x12bf00	+[Object superclass]
0x12bf15	-[Object superclass]
0x12bf2a	+[Object version]
0x12bf3c	+[Object setVersion:]
0x12bf52	-[Object isKindOf:]
0x12bf66	-[Object isMemberOf:]
0x12bf7c	-[Object isKindOfClassNamed:]
0x12bf9a	-[Object isMemberOfClassNamed:]
0x12bfba	+[Object instancesRespondTo:]
0x12bfd8	-[Object respondsTo:]
0x12bfee	-[Object copy]
0x12bffd	-[Object copyFromZone:]
0x12c015	-[Object methodFor:]
0x12c02a	+[Object instanceMethodFor:]
0x12c047	-[Object perform:]
0x12c05a	-[Object perform:with:]
0x12c072	-[Object perform:with:with:]
0x12c08f	-[Object subclassResponsibility:]
0x12c0b1	-[Object notImplemented:]
0x12c0cb	-[Object doesNotRecognize:]
0x12c0e7	-[Object error:]
0x12c0f8	-[Object printForDebugger:]
0x12c114	-[Object write:]
0x12c125	-[Object read:]
0x12c135	-[Object forward::]
0x12c149	-[Object methodArgSize:]
0x12c162	-[Object performv::]
0x12c177	-[Object conformsTo:]
0x12c18d	+[Object conformsTo:]
0x12c1a3	-[Object descriptionForMethod:]
0x12c1c3	+[Object descriptionForInstanceMethod:]
0x12c1eb	+[Object superClass]
0x12c200	-[Object superClass]
0x12c215	-[Object isKindOfGivenName:]
0x12c232	-[Object isMemberOfGivenName:]
0x12c251	-[Object methodDescFor:]
0x12c26a	+[Object instanceMethodDescFor:]
0x12c28b	-[Object findClass:]
0x12c2a0	-[Object shouldNotImplement:]
0x12c2be	_fixup_classes
0x12c2cd	+[Protocol _fixup:numElements:]
0x12c2ed	+[Protocol load]
0x12c2fe	-[Protocol conformsTo:]
0x12c316	-[Protocol descriptionForInstanceMethod:]
0x12c340	-[Protocol descriptionForClassMethod:]
0x12c367	-[Protocol name]
0x12c378	-[Protocol isEqual:]
0x12c38d	-[Protocol hash]
0x12c39e	_lookup_method
0x12c3ad	_lookup_instance_method
0x12c3c5	_lookup_class_method
0x12c3da	_call_constructors
0x12c3ed	_call_destructors
0x12c3ff	_call_routines_for_section
0x12c41a	_ErrorBufferSize
0x12c42b	_BaseAltHandlers
0x12c44f	__NXClearExceptionStack
0x12c467	_trickyRemoveHandler
0x12c47c	_ExceptionRaiser
0x12c48d	_ErrorBuffer
0x12c49a	_ErrorBufferOffset
0x12c4ad	_mylock.26
0x12c4b8	_hasTerm.2
0x12c4c3	_hasTerminal
0x12c4d5	selector
0x12c4f5	method_name
0x12c501	method_imp
0x12c513	reciever
0x12c544	_isEqual
0x12c54d	_freeObject
0x12c561	+[HashTable initialize]
0x12c579	-[HashTable _initBare:::]
0x12c593	+[HashTable _newBare:::]
0x12c5ac	-[HashTable initKeyDesc:valueDesc:]
0x12c5d0	-[HashTable initKeyDesc:]
0x12c5ea	-[HashTable init]
0x12c5fc	-[HashTable initKeyDesc:valueDesc:capacity:]
0x12c629	+[HashTable newKeyDesc:valueDesc:capacity:]
0x12c655	+[HashTable newKeyDesc:valueDesc:]
0x12c678	+[HashTable newKeyDesc:]
0x12c691	+[HashTable new]
0x12c6a2	-[HashTable free]
0x12c6b4	-[HashTable freeObjects]
0x12c6cd	-[HashTable freeKeys:values:]
0x12c6eb	-[HashTable empty]
0x12c6fe	-[HashTable copyFromZone:]
0x12c719	-[HashTable count]
0x12c72c	-[HashTable isKey:]
0x12c740	-[HashTable valueForKey:]
0x12c75a	-[HashTable _insertKeyNoRehash:value:]
0x12c781	-[HashTable insertKey:value:]
0x12c79f	-[HashTable removeKey:]
0x12c7b7	-[HashTable initState]
0x12c7ce	-[HashTable nextState:key:value:]
0x12c7f0	-[HashTable write:]
0x12c804	-[HashTable read:]
0x12c817	_DebugPrint
0x12c823	-[HashTable printForDebugger:]
0x12c842	-[HashTable _debugPrint:]
0x12c85c	+[List initialize]
0x12c86f	-[List initCount:]
0x12c882	+[List newCount:]
0x12c894	+[List new]
0x12c8a0	-[List init]
0x12c8ad	-[List free]
0x12c8ba	-[List freeObjects]
0x12c8ce	-[List copyFromZone:]
0x12c8e4	-[List isEqual:]
0x12c8f5	-[List capacity]
0x12c906	-[List count]
0x12c914	-[List objectAt:]
0x12c926	-[List indexOf:]
0x12c937	-[List lastObject]
0x12c94a	-[List setAvailableCapacity:]
0x12c968	-[List insertObject:at:]
0x12c981	-[List addObject:]
0x12c994	-[List addObjectIfAbsent:]
0x12c9af	-[List removeObjectAt:]
0x12c9c7	-[List removeObject:]
0x12c9dd	-[List removeLastObject]
0x12c9f6	-[List empty]
0x12ca04	-[List replaceObject:with:]
0x12ca20	-[List replaceObjectAt:with:]
0x12ca3e	-[List write:]
0x12ca4d	-[List read:]
0x12ca5b	-[List makeObjectsPerform:]
0x12ca77	-[List makeObjectsPerform:with:]
0x12ca98	-[List appendList:]
0x12caac	_warning
0x12cab5	_bundleTable
0x12cac2	_mainBundleStringTableTable
0x12cade	_classToBundle
0x12caed	_mainBundle
0x12caf9	_pathToBundle
0x12cb07	-[NXBundle initForDirectory:]
0x12cb25	-[NXBundle free]
0x12cb36	+[NXBundle mainBundle]
0x12cb4d	+[NXBundle bundleForClass:]
0x12cb69	-[NXBundle directory]
0x12cb7f	_globalPrincipalClass
0x12cb95	_globalBundle
0x12cba3	_loadCallback
0x12cbb1	_bundleErrorStream
0x12cbc4	+[NXBundle setErrorStream:]
0x12cbe0	-[NXBundle ensureLoaded]
0x12cbf9	-[NXBundle classNamed:]
0x12cc11	-[NXBundle principalClass]
0x12cc2c	-[NXBundle setVersion:]
0x12cc44	-[NXBundle version]
0x12cc58	_systemHasLanguages
0x12cc6c	_systemLanguages
0x12cc7d	_getDefaultSystemLanguages
0x12cc98	_readLprojVersion
0x12ccaa	_addExtension
0x12ccb8	_addDirectoryEntriesTo
0x12cccf	_lprojTable.42
0x12ccde	_isFileInValidLproj
0x12ccf2	_getPathToNextLibraryLanguages
0x12cd11	+[NXBundle getPath:forResource:ofType:inDirectory:withVersion:]
0x12cd51	-[NXBundle getPath:forResource:ofType:]
0x12cd79	+[NXBundle setSystemLanguages:]
0x12cd99	_LocalizedStringZone.53
0x12cdb1	-[NXBundle(Compatability) initForPath:]
0x12cdd9	-[NXBundle(Compatability) path]
0x12cdf9	+[NXBundle(Compatability) forClass:]
0x12ce1e	+[NXBundle(Compatability) newFromPath:]
0x12ce46	-[NXBundle(Compatability) initFromPath:]
0x12ce6f	-[NXBundle(Compatability) bundlePath]
0x12ce95	-[NXBundle(Compatability) codeLoaded]
0x12cebb	-[NXBundle(Compatability) firstClass]
0x12cee1	-[NXBundle(Compatability) getResourcePath:forName:type:]
0x12cf1a	-[NXBundle(Compatability) getClass:]
0x12cf3f	-[NXBundle(Compatability) classForName:]
0x12cf70	_freeObjects
0x12cf7d	+[NXBundle(Private) _invalidateLprojCache]
0x12cfa8	-[NXCharacterSet init]
0x12cfbf	-[NXCharacterSet characterIsMember:]
0x12cfe4	-[NXCharacterSet addCharacters:length:]
0x12d00c	-[NXCharacterSet removeCharacters:length:]
0x12d037	-[NXCharacterSet addRange::]
0x12d054	-[NXCharacterSet removeRange::]
0x12d074	-[NXCharacterSet invert]
0x12d08d	-[NXCharacterSet unionWith:]
0x12d0aa	-[NXCharacterSet intersectWith:]
0x12d0cb	-[NXCharacterSet copyFromZone:]
0x12d0eb	-[NXCharacterSet free]
0x12d102	-[NXCharacterSet write:]
0x12d11b	-[NXCharacterSet read:]
0x12d133	-[NXMutableString(NX_BS_Extras) appendCharacters:length:]
0x12d16d	-[Object(NX_BS_Extras) writeToStream:]
0x12d194	_freeKeyAndValue
0x12d1a5	-[NXPropertyList init]
0x12d1bc	-[NXPropertyList free]
0x12d1d3	-[NXPropertyList count]
0x12d1eb	-[NXPropertyList member:]
0x12d205	-[NXPropertyList get:]
0x12d21c	-[NXPropertyList insert:value:]
0x12d23c	-[NXPropertyList remove:]
0x12d256	-[NXPropertyList empty]
0x12d26e	-[NXPropertyList initEnumeration]
0x12d290	-[NXPropertyList enumerate:key:value:]
0x12d2b7	-[NXPropertyList(Basic_IO) initFromStream:]
0x12d2e3	-[NXPropertyList(Basic_IO) initFromPath:]
0x12d30d	-[NXPropertyList(Basic_IO) writeToStream:]
0x12d338	-[NXPropertyList(Basic_IO) writeToPath:safely:]
0x12d368	-[NXPropertyList(Basic_IO) writeToPath:]
0x12d391	_NXGetNonSpace
0x12d3a0	_NXGetSlashedChar
0x12d3b2	_readValue
0x12d3bd	_writeSpaces
0x12d3ca	-[NXCleanList free]
0x12d3de	-[NXPropertyList(Fancy_IO) initFromStream:context:]
0x12d412	-[NXPropertyList(Fancy_IO) writeToStream:context:]
0x12d445	-[NXPropertyList(Fancy_IO) initFromPath:context:]
0x12d477	-[NXCleanList(Fancy_IO) initFromStream:context:]
0x12d4a8	-[NXCleanList(Fancy_IO) writeToStream:context:]
0x12d4d8	-[NXString(Fancy_IO) initFromStream:context:]
0x12d506	-[NXString(Fancy_IO) writeToStream:context:]
0x12d533	_hashString
0x12d53f	_isEqualString
0x12d54e	_freeString
0x12d55a	-[NXReadOnlyString(Fancy_IO) initFromStream:context:]
0x12d590	-[Object(Fancy_IO) writeToStream:context:]
0x12d5bb	-[NXConstantString initFromCharactersNoCopy:length:]
0x12d5f0	-[NXConstantString copyFromZone:]
0x12d612	-[NXConstantString free]
0x12d62b	-[NXConstantString _reallyFree]
0x12d64b	-[NXConstantString finishUnarchiving]
0x12d671	-[NXMutableString replaceCharactersInRange:withString:]
0x12d6a9	-[NXMutableString insertString:at:]
0x12d6cd	-[NXMutableString appendString:]
0x12d6ee	-[NXMutableString deleteCharactersInRange:]
0x12d71a	-[NXMutableString mutableCopyFromZone:]
0x12d742	-[NXMutableString immutableCopyFromZone:]
0x12d76c	-[NXMutableString replaceRange:with:]
0x12d792	-[NXMutableString replaceWith:]
0x12d7b2	-[NXMutableString insert:at:]
0x12d7d0	-[NXMutableString append:]
0x12d7eb	-[NXMutableString deleteRange:]
0x12d80b	+[NXReadOnlyString alloc]
0x12d825	+[NXReadOnlyString allocFromZone:]
0x12d848	-[NXReadOnlyString initFromCharactersNoCopy:length:]
0x12d87d	-[NXReadOnlyString initFromCharactersNoCopy:length:freeWhenDone:]
0x12d8bf	-[NXReadOnlyString allocateCharacterBuffer:]
0x12d8ec	-[NXReadOnlyString copyFromZone:]
0x12d90e	-[NXReadOnlyString copySubstring:fromZone:]
0x12d93a	-[NXReadOnlyString mutableCopyFromZone:]
0x12d963	-[NXReadOnlyString free]
0x12d97c	-[NXReadOnlyString finishUnarchiving]
0x12d9a2	-[NXReadOnlyString write:]
0x12d9bd	-[NXReadOnlyString read:]
0x12d9d7	-[NXReadOnlySubstring free]
0x12d9f3	-[NXReadWriteString initFromCharactersNoCopy:length:]
0x12da29	_emptyReadOnlyString.12
0x12da41	-[NXReadWriteString initFromCharactersNoCopy:length:freeWhenDone:]
0x12da84	-[NXReadWriteString length]
0x12daa0	-[NXReadWriteString characterAt:]
0x12dac2	-[NXReadWriteString allocateCharacterBuffer:]
0x12daf0	-[NXReadWriteString getCharacters:range:]
0x12db1a	-[NXReadWriteString getCString:maxLength:range:remainingRange:]
0x12db5a	-[NXReadWriteString compare:mask:table:]
0x12db83	-[NXReadWriteString findString:range:mask:table:]
0x12dbb5	-[NXReadWriteString findCharacter:range:mask:table:]
0x12dbea	-[NXReadWriteString findOneOf:range:mask:table:]
0x12dc1b	-[NXReadWriteString hash]
0x12dc35	-[NXReadWriteString replaceCharactersInRange:withString:]
0x12dc6f	-[NXReadWriteString copyFromZone:]
0x12dc92	-[NXReadWriteString immutableCopyFromZone:]
0x12dcbe	-[NXReadWriteString free]
0x12dcd8	-[NXReadWriteString write:]
0x12dcf4	-[NXReadWriteString read:]
0x12dd0f	-[NXReadWriteString finishUnarchiving]
0x12dd36	-[NXSimpleReadOnlyString initFromCharactersNoCopy:length:]
0x12dd71	-[NXSimpleReadOnlyString characterAt:]
0x12dd98	-[NXSimpleReadOnlyString length]
0x12ddb9	-[NXSimpleReadOnlyString getCharacters:range:]
0x12dde8	-[NXSimpleReadOnlyString getCString:maxLength:range:remainingRange:]
0x12de2d	_simpleReadOnlyStringClass.20
0x12de4b	-[NXSimpleReadOnlyString compare:mask:table:]
0x12de79	-[NXSimpleReadOnlyString findString:range:mask:table:]
0x12deb0	-[NXSimpleReadOnlyString findCharacter:range:mask:table:]
0x12deea	-[NXSimpleReadOnlyString findOneOf:range:mask:table:]
0x12df20	-[NXSimpleReadOnlyString copySubstring:fromZone:]
0x12df52	-[NXSimpleReadOnlyString hash]
0x12df71	-[NXSimpleReadOnlyString copyFromZone:]
0x12df99	-[NXSimpleReadOnlyString free]
0x12dfb8	-[NXSimpleReadOnlyString write:]
0x12dfd9	-[NXSimpleReadOnlyString read:]
0x12dff9	_theStringZone
0x12e008	_objectPrintfProc
0x12e01a	+[NXString initialize]
0x12e031	-[NXString allocateCharacterBuffer:]
0x12e056	-[NXString initFromCharactersNoCopy:length:]
0x12e083	-[NXString init]
0x12e094	-[NXString initFromCharacters:length:]
0x12e0bb	-[NXString initFromString:]
0x12e0d7	-[NXString initFromString:range:]
0x12e0f9	-[NXString initFromStream:untilOneOf:maxLength:]
0x12e12a	-[NXString initFromCStringStream:untilOneOf:maxLength:]
0x12e162	-[NXString initFromFormat:]
0x12e17e	-[NXString initFromFormat:withArgList:]
0x12e1a6	-[NXString initFromCString:]
0x12e1c3	-[NXString initFromCString:length:]
0x12e1e7	-[NXString getCString:]
0x12e1ff	-[NXString getCString:maxLength:]
0x12e221	-[NXString getCString:maxLength:range:remainingRange:]
0x12e258	-[NXString length]
0x12e26b	-[NXString cStringLength]
0x12e285	-[NXString cStringCopy]
0x12e29d	-[NXString uniqueCStringCopy]
0x12e2bb	-[NXString characterAt:]
0x12e2d4	-[NXString getCharacters:range:]
0x12e2f5	-[NXString getCharacters:]
0x12e310	_stringClass.134
0x12e321	-[NXString isEqual:]
0x12e336	-[NXString compare:]
0x12e34b	-[NXString compare:mask:table:]
0x12e36b	-[NXString findString:]
0x12e383	-[NXString findString:range:mask:table:]
0x12e3ac	-[NXString findCharacter:]
0x12e3c7	-[NXString findCharacter:range:mask:table:]
0x12e3f3	-[NXString findOneOf:]
0x12e40a	-[NXString findOneOf:range:mask:table:]
0x12e432	-[NXString hash]
0x12e443	-[NXString copySubstring:]
0x12e45e	-[NXString copySubstring:fromZone:]
0x12e482	-[NXString immutableCopy]
0x12e49c	-[NXString immutableCopyFromZone:]
0x12e4bf	-[NXString mutableCopy]
0x12e4d7	-[NXString mutableCopyFromZone:]
0x12e4f8	-[NXString writeToStream:]
0x12e513	-[NXString writeCStringToStream:]
0x12e535	-[NXString printForDebugger:]
0x12e553	-[NXString _print]
0x12e566	-[NXString initFromStream:uptoLength:orUntilOneOf:]
0x12e59a	-[NXString initFromByteStream:uptoLength:orUntilOneOf:]
0x12e5d2	-[NXString getCString:range:]
0x12e5f0	-[NXString getCString:length:]
0x12e60f	-[NXString getCString:length:range:]
0x12e634	-[NXString compare:mask:]
0x12e64e	-[NXString compare:mask:usingTable:]
0x12e673	-[NXString find:]
0x12e685	-[NXString find:range:]
0x12e69d	-[NXString find:mask:]
0x12e6b4	-[NXString find:range:mask:usingTable:]
0x12e6dc	-[NXString findOneOf:range:]
0x12e6f9	-[NXString findOneOf:mask:]
0x12e715	-[NXString findOneOf:range:mask:usingTable:]
0x12e742	-[NXString findCharacter:range:]
0x12e763	-[NXString findCharacter:mask:]
0x12e783	-[NXString findCharacter:range:mask:usingTable:]
0x12e7b4	-[NXString createCharacterBuffer:]
0x12e7d7	-[NXString writeBytesToStream:]
0x12e7f7	+[NXStringTable new]
0x12e80c	-[NXStringTable init]
0x12e82a	_freeString
0x12e836	-[NXStringTable free]
0x12e84c	-[NXStringTable valueForStringKey:]
0x12e870	_skipSpace
0x12e87b	_parseWord
0x12e886	_writeWord
0x12e891	-[NXStringTable readFromStream:]
0x12e8b2	-[NXStringTable readFromFile:]
0x12e8d1	+[NXStringTable newFromStream:]
0x12e8f1	+[NXStringTable newFromFile:]
0x12e90f	-[NXStringTable writeToStream:]
0x12e92f	-[NXStringTable writeToFile:]
0x12e94d	_uniquedStringHashTable
0x12e965	+[NXUniquedString initialize]
0x12e983	_stringLock
0x12e98f	+[NXUniquedString newFromString:]
0x12e9b1	+[NXUniquedString newFromCharacters:length:]
0x12e9de	-[NXUniquedString initFromCharactersNoCopy:length:]
0x12ea12	+[NXUniquedString allocFromZone:]
0x12ea34	+[NXUniquedString alloc]
0x12ea4d	-[NXUniquedString free]
0x12ea65	-[NXUniquedString copyFromZone:]
0x12ea86	_uniquedStringClass.18
0x12ea9d	-[NXUniquedString isEqual:]
0x12eab9	-[NXUniquedString finishUnarchiving]
0x12eade	+[Storage initialize]
0x12eaf4	+[Storage new]
0x12eb03	-[Storage init]
0x12eb13	-[Storage initCount:elementSize:description:]
0x12eb41	+[Storage newCount:elementSize:description:]
0x12eb6e	-[Storage free]
0x12eb7e	-[Storage empty]
0x12eb8f	-[Storage copyFromZone:]
0x12eba8	-[Storage isEqual:]
0x12ebbc	-[Storage setNumSlots:]
0x12ebd4	-[Storage setAvailableCapacity:]
0x12ebf5	-[Storage description]
0x12ec0c	-[Storage count]
0x12ec1d	-[Storage elementAt:]
0x12ec33	-[Storage replace:at:]
0x12ec4a	-[Storage replaceElementAt:with:]
0x12ec6c	-[Storage addElement:]
0x12ec83	-[Storage removeLastElement]
0x12eca0	-[Storage insert:at:]
0x12ecb6	-[Storage insertElement:at:]
0x12ecd3	-[Storage removeAt:]
0x12ece8	-[Storage removeElementAt:]
0x12ed04	-[Storage write:]
0x12ed16	-[Storage read:]
0x12ed27	+[StreamTable newKeyDesc:]
0x12ed42	+[StreamTable new]
0x12ed55	-[StreamTable initKeyDesc:]
0x12ed71	-[StreamTable init]
0x12ed85	_freePickle
0x12ed91	_freePickleAndObject
0x12eda6	_getObject
0x12edb1	_freeObject
0x12edc5	-[StreamTable free]
0x12edd9	-[StreamTable freeObjects]
0x12edf4	-[StreamTable valueForStreamKey:]
0x12ee16	-[StreamTable insertStreamKey:value:]
0x12ee3c	-[StreamTable removeStreamKey:]
0x12ee5c	-[StreamTable initStreamState]
0x12ee7b	-[StreamTable nextStreamState:key:value:]
0x12eea5	-[StreamTable write:]
0x12eebb	-[StreamTable read:]
0x12eed0	_checkRead
0x12eedb	_checkWrite
0x12eee7	_checkExpected
0x12eef6	_classError
0x12ef02	_typeDescriptorError
0x12ef17	_writeRefError
0x12ef26	_sameSexAsCube
0x12ef35	_inc_ptrCounter
0x12ef45	_freeStrToInt
0x12ef53	__NXOpenEncodingStream
0x12ef6a	__NXOpenDecodingStream
0x12ef81	__NXEndOfCodingStream
0x12ef97	__NXCloseCodingStream
0x12efad	__NXEncodeBytes
0x12efbd	__NXDecodeBytes
0x12efcd	__NXEncodeChar
0x12efdc	__NXDecodeChar
0x12efeb	__NXEncodeShort
0x12effb	__NXDecodeShort
0x12f00b	__NXEncodeInt
0x12f019	_FinishDecodeInt
0x12f02a	__NXDecodeInt
0x12f038	_FloorOrZero
0x12f045	__NXEncodeFloat
0x12f055	__NXDecodeFloat
0x12f065	__NXEncodeDouble
0x12f076	__NXDecodeDouble
0x12f087	__NXEncodeChars
0x12f097	__NXDecodeChars
0x12f0a7	__NXEncodeSharedString
0x12f0be	__NXDecodeSharedString
0x12f0d5	__NXDecodeUniqueString
0x12f0ec	__NXEncodeShared
0x12f0fd	__NXEncodeString
0x12f10e	__NXDecodeString
0x12f11f	_skipAggregateName
0x12f132	_SizeOfType
0x12f13e	_WriteValue
0x12f14a	_ReadValue
0x12f155	_InternalWriteObject
0x12f16a	_InternalReadObject
0x12f17e	_RealSuperClass
0x12f18e	_NXWriteClass
0x12f19c	_NXReadClass
0x12f207	_server_loop
0x12f214	_get_or_start_debug_thread
0x12f22f	_make_dyld_image_data_writable
0x12f24e	_get_dyld_data
0x12f25d	_task_suspend_threads
0x12f273	_task_resume_threads
0x12f288	_translate_port
0x12f298	_thread_start
0x12f2a6	_thread_setup
0x12f2b4	__dyld_event_server_callback
0x12f2d1	_dyld_debug_MsgError
0x12f2e6	_inconsistent_data_okType.10
0x12f303	_nameType.11
0x12f310	_RetCodeCheck.12
0x12f321	__dyld_debug_defining_moduleCheck.13
0x12f346	_moduleCheck.14
0x12f356	_inconsistent_data_okType.17
0x12f373	_moduleType.18
0x12f382	_RetCodeCheck.19
0x12f393	__dyld_debug_is_module_boundCheck.20
0x12f3b8	_boundCheck.21
0x12f3c7	_inconsistent_data_okType.24
0x12f3e4	_moduleType.25
0x12f3f3	_RetCodeCheck.26
0x12f404	__dyld_debug_bind_moduleCheck.27
0x12f425	_inconsistent_data_okType.30
0x12f442	_subscriberType.31
0x12f455	_RetCodeCheck.32
0x12f466	_inconsistent_data_okType.35
0x12f483	_moduleType.36
0x12f492	_RetCodeCheck.37
0x12f4a3	__dyld_debug_module_nameCheck.38
0x12f4c4	_RetCodeCheck.41
0x12f4d5	__dyld_debug_monoutputCheck.42
0x12f4f4	_user_dyld_debug_add_event_subscriber
0x12f51a	_user_dyld_debug_bind_module
0x12f537	_user_dyld_debug_defining_module
0x12f558	_user_dyld_debug_is_module_bound
0x12f579	_user_dyld_debug_module_name
0x12f596	_user_dyld_debug_monoutput
0x12f5b1	_eventCheck.10
0x12f5c0	__X_dyld_event_server_callback
0x12f5df	_RetCodeType.13
0x12f5ef	_routines.14
0x12f5fc	__dyld_event_server
0x12f650	_names_match
0x12f65d	_ofi_error_printing_mutex
0x12f677	_thread_printing_error
0x12f68e	_ofi_alloc_mutex
0x12f69f	_ofi_lists
0x12f6aa	_NXArgv_pointer.104
0x12f6be	_NXArgv_pointer.107
0x12f6d2	_ofi_alloc
0x12f6dd	_ofi_free
0x12f6e7	_ofi_valid
0x12f701	_my_mach_error
0x12f717	_progname
0x12f721	_savestr
0x12f72a	_system_error
0x12f740	_ofile_specific_arch
0x12f755	_check_fat
0x12f760	_check_fat_object_in_archive
0x12f77d	_check_archive
0x12f78c	_check_Mach_O
0x12f79a	_archive_error
0x12f7a9	_archive_member_error
0x12f7bf	_Mach_O_error
0x12f7cd	_ofile_map
0x12f7d8	_ofile_unmap
0x12f7e5	_ofile_first_arch
0x12f7f7	_ofile_first_member
0x12f80b	_ofile_first_module
0x12f81f	_ofile_next_arch
0x12f830	_ofile_next_member
0x12f843	_ofile_next_module
0x12f856	_ofile_specific_member
0x12f86d	_ofile_specific_module
0x12f884	_size_ar_name
0x12f892	_arch_flags
0x12f89e	_get_arch_from_host
0x12f8b2	_get_arch_family_from_cputype
0x12f8d0	_get_arch_flags
0x12f8e0	_get_arch_from_flag
0x12f8f4	_get_arch_name_from_types
0x12f90e	_get_byte_sex_from_flag
0x12f926	_get_host_byte_sex
0x12f939	_swap_dylib_command
0x12f94d	_swap_dylib_module
0x12f960	_swap_dylinker_command
0x12f977	_swap_dysymtab_command
0x12f98e	_swap_fat_arch
0x12f99d	_swap_fat_header
0x12f9ae	_swap_fvmlib_command
0x12f9c3	_swap_hppa_fp_thread_state
0x12f9de	_swap_hppa_frame_thread_state
0x12f9fc	_swap_hppa_integer_thread_state
0x12fa1c	_swap_i386_thread_cthreadstate
0x12fa3b	_swap_i386_thread_exceptstate
0x12fa59	_swap_i386_thread_fpstate
0x12fa73	_swap_i386_thread_state
0x12fa8b	_swap_ident_command
0x12fa9f	_swap_load_command
0x12fab2	_swap_m68k_thread_state_68882
0x12fad0	_swap_m68k_thread_state_regs
0x12faed	_swap_m68k_thread_state_user_reg
0x12fb0e	_swap_m88110_thread_state_impl_t
0x12fb2f	_swap_m88k_thread_state_grf_t
0x12fb4d	_swap_m88k_thread_state_user_t
0x12fb6c	_swap_m88k_thread_state_xrf_t
0x12fb8a	_swap_m98k_thread_state_grf_t
0x12fba8	_swap_mach_header
0x12fbba	_swap_prebound_dylib_command
0x12fbd7	_swap_section
0x12fbe5	_swap_segment_command
0x12fbfb	_swap_sparc_thread_state_fpu
0x12fc18	_swap_sparc_thread_state_regs
0x12fc36	_swap_symseg_command
0x12fc4b	_swap_symtab_command
0x12fc60	_swap_thread_command
0x12fc75	_SWAP_DOUBLE
0x12fc82	_SWAP_FLOAT
0x12fc8e	_swap_dylib_reference
0x12fca4	_swap_dylib_table_of_contents
0x12fcc2	_swap_fvmfile_command
0x12fcd8	_swap_i860_thread_state_regs
0x12fcf5	_swap_indirect_symbols
0x12fd0c	_swap_nlist
0x12fd18	_swap_ranlib
0x12fd25	_swap_relocation_info
0x12fd42	_set_arch_flag_name
0x12fd5d	_eventCheck.10
0x12fd6c	__X_dyld_event_server_callback
0x12fd8b	_RetCodeType.13
0x12fd9b	_routines.14
0x12fda8	__dyld_event_server_callback
0x12fdc5	__mh_dylib_header
