index	value	name	type	section	description	debug	defined_external
0	0x50c8000	dyld__mh_dylib_header	0xe	7	0	0	0
1	0x50cdd94	dyld_lazy_symbol_binding_entry_point	0xe	8	0	0	0
2	0x50cdd98	dyld_func_lookup_pointer	0xe	8	0	0	0
3	0x5001270	__dyld_func_lookup	0x1e	1	0	0	0
4	0x5001250	dyld_stub_binding_helper	0x1e	1	0	0	0
5	0x50c8004	_NXArgv_pointer.80	0xe	7	0	0	0
6	0x50c800c	_NXArgc_pointer.83	0xe	7	0	0	0
7	0x50c8014	_environ_pointer.86	0xe	7	0	0	0
8	0x5001340	__libgcc_private_extern__gcc_bcmp	0x1e	1	0	0	0
9	0x500137c	__libgcc_private_extern__ashldi3	0x1e	1	0	0	0
10	0x50013d4	__libgcc_private_extern__ashrdi3	0x1e	1	0	0	0
11	0x500142c	_num_digits	0xe	1	0	0	0
12	0x50cf4e0	_bb_head	0xe	12	0	0	0
13	0x5001460	__libgcc_private_extern___bb_exit_func	0x1e	1	0	0	0
14	0x5001774	__libgcc_private_extern___bb_init_func	0x1e	1	0	0	0
15	0x50017bc	__libgcc_private_extern___clear_cache	0x1e	1	0	0	0
16	0x50017c4	__libgcc_private_extern__cmpdi2	0x1e	1	0	0	0
17	0x50c1300	___clz_tab	0xe	4	0	0	0
18	0x5001800	__libgcc_private_extern__divdi3	0x1e	1	0	0	0
19	0x5001998	_find_exception_table	0xe	1	0	0	0
20	0x50cf4ec	_exception_table_list	0xe	12	0	0	0
21	0x50cf4e8	_except_pc	0xe	12	0	0	0
22	0x50cf4e4	_except_table_pos	0xe	12	0	0	0
23	0x50019d0	__libgcc_private_extern___find_first_exception_table_match	0x1e	1	0	0	0
24	0x5001a90	__libgcc_private_extern___register_exceptions	0x1e	1	0	0	0
25	0x5001a6c	__libgcc_private_extern___throw_type_match	0x1e	1	0	0	0
26	0x5001afc	__libgcc_private_extern___unwind_function	0x1e	1	0	0	0
27	0x5001b04	__libgcc_private_extern___eprintf	0x1e	1	0	0	0
28	0x5001b48	__libgcc_private_extern__ffsdi2	0x1e	1	0	0	0
29	0x5001b88	__libgcc_private_extern__fixdfdi	0x1e	1	0	0	0
30	0x5001bcc	__libgcc_private_extern__fixsfdi	0x1e	1	0	0	0
31	0x5001c10	__libgcc_private_extern__fixunsdfdi	0x1e	1	0	0	0
32	0x5001d3c	__libgcc_private_extern__fixunsdfsi	0x1e	1	0	0	0
33	0x5001dbc	__libgcc_private_extern__fixunssfdi	0x1e	1	0	0	0
34	0x5001ee8	__libgcc_private_extern__fixunssfsi	0x1e	1	0	0	0
35	0x5001f68	__libgcc_private_extern__fixunsxfdi	0x1e	1	0	0	0
36	0x5002084	__libgcc_private_extern__fixunsxfsi	0x1e	1	0	0	0
37	0x5002104	__libgcc_private_extern__fixxfdi	0x1e	1	0	0	0
38	0x5002148	__libgcc_private_extern__floatdidf	0x1e	1	0	0	0
39	0x50021b4	__libgcc_private_extern__floatdisf	0x1e	1	0	0	0
40	0x5002240	__libgcc_private_extern__floatdixf	0x1e	1	0	0	0
41	0x50022ac	__libgcc_private_extern__lshrdi3	0x1e	1	0	0	0
42	0x50c1460	___clz_tab	0xe	4	0	0	0
43	0x5002304	__libgcc_private_extern__moddi3	0x1e	1	0	0	0
44	0x5002520	__libgcc_private_extern__muldi3	0x1e	1	0	0	0
45	0x500256c	__libgcc_private_extern__negdi2	0x1e	1	0	0	0
46	0x50c801c	___new_handler	0xe	7	0	0	0
47	0x50025d4	__libgcc_private_extern___default_new_handler	0x1e	1	0	0	0
48	0x5002598	__libgcc_private_extern___get_new_handler	0x1e	1	0	0	0
49	0x50025ac	__libgcc_private_extern_set_new_handler	0x1e	1	0	0	0
50	0x50025f4	__libgcc_private_extern___builtin_delete	0x1e	1	0	0	0
51	0x5002608	__libgcc_private_extern___builtin_new	0x1e	1	0	0	0
52	0x500263c	__libgcc_private_extern___builtin_vec_delete	0x1e	1	0	0	0
53	0x500264c	__libgcc_private_extern___builtin_vec_new	0x1e	1	0	0	0
54	0x500265c	__libgcc_private_extern___pure_virtual	0x1e	1	0	0	0
55	0x50c8024	__libgcc_private_extern___shtab	0x1e	7	0	0	0
56	0x500267c	__libgcc_private_extern___enable_execute_stack	0x1e	1	0	0	0
57	0x5002690	__libgcc_private_extern__ucmpdi2	0x1e	1	0	0	0
58	0x50026cc	__libgcc_private_extern___udiv_w_sdiv	0x1e	1	0	0	0
59	0x50c1560	___clz_tab	0xe	4	0	0	0
60	0x50026d4	__libgcc_private_extern__udivdi3	0x1e	1	0	0	0
61	0x50c1660	___clz_tab	0xe	4	0	0	0
62	0x50027dc	__libgcc_private_extern__udivmoddi4	0x1e	1	0	0	0
63	0x50c1760	___clz_tab	0xe	4	0	0	0
64	0x5002994	__libgcc_private_extern__umoddi3	0x1e	1	0	0	0
65	0x5002af0	__libgcc_private_extern___builtin_saveregs	0x1e	1	0	0	0
66	0x50c80d4	_arch_multiple	0xe	7	0	0	0
67	0x50c8184	_printed.30	0xe	7	0	0	0
68	0x5002b48	_print_architecture_banner	0xe	1	0	0	0
69	0x50c812c	_Yflag	0x1e	7	0	0	0
70	0x50c814c	_allow_multiply_defined_symbols	0x1e	7	0	0	0
71	0x50c8108	_arch_errors_fatal	0x1e	7	0	0	0
72	0x50c80bc	_arch_flag	0x1e	7	0	0	0
73	0x50c810c	_archive_ObjC	0x1e	7	0	0	0
74	0x50c8110	_archive_all	0x1e	7	0	0	0
75	0x50c80e4	_bind_at_load	0x1e	7	0	0	0
76	0x50c8158	_defaultsectalign	0x1e	7	0	0	0
77	0x50c80ec	_define_comldsyms	0x1e	7	0	0	0
78	0x50c8174	_dylib_compatibility_version	0x1e	7	0	0	0
79	0x50c8170	_dylib_current_version	0x1e	7	0	0	0
80	0x50c8138	_dylib_files	0x1e	7	0	0	0
81	0x50c816c	_dylib_install_name	0x1e	7	0	0	0
82	0x50c8178	_dylinker_install_name	0x1e	7	0	0	0
83	0x50c8118	_dynamic	0x1e	7	0	0	0
84	0x50c8168	_entry_point_name	0x1e	7	0	0	0
85	0x5002c0c	_error	0x1e	1	0	0	0
86	0x5002d44	_error_with_cur_obj	0x1e	1	0	0	0
87	0x50c80a8	_errors	0x1e	7	0	0	0
88	0x5002c70	_fatal	0x1e	1	0	0	0
89	0x50c80b8	_filetype	0x1e	7	0	0	0
90	0x50c80f8	_flush	0x1e	7	0	0	0
91	0x50c80cc	_force_cpusubtype_ALL	0x1e	7	0	0	0
92	0x50c8164	_headerpad	0x1e	7	0	0	0
93	0x50c80b0	_host_byte_sex	0x1e	7	0	0	0
94	0x50c80ac	_host_pagesize	0x1e	7	0	0	0
95	0x50c8114	_keep_private_externs	0x1e	7	0	0	0
96	0x50c80e8	_load_map	0x1e	7	0	0	0
97	0x5002f18	_mach_fatal	0x1e	1	0	0	0
98	0x50c813c	_ndylib_files	0x1e	7	0	0	0
99	0x50c8104	_no_arch_warnings	0x1e	7	0	0	0
100	0x50c8100	_nowarnings	0x1e	7	0	0	0
101	0x50c8128	_ntrace_syms	0x1e	7	0	0	0
102	0x50c8134	_nundef_syms	0x1e	7	0	0	0
103	0x50c80e0	_output_for_dyld	0x1e	7	0	0	0
104	0x50c80b4	_outputfile	0x1e	7	0	0	0
105	0x50c8154	_pagezero_size	0x1e	7	0	0	0
106	0x50c8148	_prebinding	0x1e	7	0	0	0
107	0x5002b20	_print	0x1e	1	0	0	0
108	0x50c80a4	_progname	0x1e	7	0	0	0
109	0x50c8144	_read_only_reloc_flag	0x1e	7	0	0	0
110	0x5002af8	_round	0x1e	1	0	0	0
111	0x50c80dc	_save_reloc	0x1e	7	0	0	0
112	0x50c80fc	_sectorder_detail	0x1e	7	0	0	0
113	0x50c815c	_seg1addr	0x1e	7	0	0	0
114	0x50c8160	_seg1addr_specified	0x1e	7	0	0	0
115	0x50c8150	_segalign	0x1e	7	0	0	0
116	0x50c80f0	_seglinkedit	0x1e	7	0	0	0
117	0x50c80c8	_specific_arch_flag	0x1e	7	0	0	0
118	0x50c8120	_strip_base_symbols	0x1e	7	0	0	0
119	0x50c811c	_strip_level	0x1e	7	0	0	0
120	0x5002e28	_system_error	0x1e	1	0	0	0
121	0x5002ea4	_system_fatal	0x1e	1	0	0	0
122	0x5002db8	_system_warning	0x1e	1	0	0	0
123	0x50c80d0	_target_byte_sex	0x1e	7	0	0	0
124	0x50c80d8	_trace	0x1e	7	0	0	0
125	0x50c8124	_trace_syms	0x1e	7	0	0	0
126	0x50c8130	_undef_syms	0x1e	7	0	0	0
127	0x50c8140	_undefined_flag	0x1e	7	0	0	0
128	0x5002ba8	_warning	0x1e	1	0	0	0
129	0x5002cd0	_warning_with_cur_obj	0x1e	1	0	0	0
130	0x50c80f4	_whyload	0x1e	7	0	0	0
131	0x50c81b4	_stat_buf	0xe	7	0	0	0
132	0x50c81f4	_strings	0xe	7	0	0	0
133	0x50030f4	_pass1_fat	0xe	1	0	0	0
134	0x50038bc	_pass1_archive	0xe	1	0	0	0
135	0x5003fb4	_check_archive_arch	0xe	1	0	0	0
136	0x5004228	_pass1_object	0xe	1	0	0	0
137	0x5004298	_ranlib_bsearch	0xe	1	0	0	0
138	0x50c1860	_empty_symtab.42	0xe	4	0	0	0
139	0x50c1878	_empty_dysymtab.43	0xe	4	0	0	0
140	0x50043a0	_check_cur_obj	0xe	1	0	0	0
141	0x50c18c8	_empty_symtab.46	0xe	4	0	0	0
142	0x50c821c	_base_program_symtab.47	0xe	7	0	0	0
143	0x500625c	_check_size_offset	0xe	1	0	0	0
144	0x50062f4	_check_size_offset_sect	0xe	1	0	0	0
145	0x500350c	_check_fat	0x1e	1	0	0	0
146	0x50042c8	_merge	0x1e	1	0	0	0
147	0x5005d6c	_merge_base_program	0x1e	1	0	0	0
148	0x5002f84	_pass1	0x1e	1	0	0	0
149	0x50c82a4	_member_name.88	0xe	7	0	0	0
150	0x5006b24	_fine_reloc_for_input_offset	0xe	1	0	0	0
151	0x50c828c	_cur_obj	0x1e	7	0	0	0
152	0x5006518	_print_obj_name	0x1e	1	0	0	0
153	0x50c8290	_base_obj	0x1e	7	0	0	0
154	0x50063b4	_new_object_file	0x1e	1	0	0	0
155	0x50065ac	_obj_member_name	0x1e	1	0	0	0
156	0x5006634	_size_ar_name	0x1e	1	0	0	0
157	0x5006468	_add_last_object_file	0x1e	1	0	0	0
158	0x5006bd4	_clean_objects	0x1e	1	0	0	0
159	0x5006914	_fine_reloc_offset_in_output	0x1e	1	0	0	0
160	0x5006944	_fine_reloc_offset_in_output_for_output_offset	0x1e	1	0	0	0
161	0x50067d0	_fine_reloc_output_address	0x1e	1	0	0	0
162	0x5006770	_fine_reloc_output_offset	0x1e	1	0	0	0
163	0x5006a24	_fine_reloc_output_sectnum	0x1e	1	0	0	0
164	0x50c8288	_nobjects	0x1e	7	0	0	0
165	0x50c8284	_objects	0x1e	7	0	0	0
166	0x5006668	_print_whatsloaded	0x1e	1	0	0	0
167	0x500649c	_remove_last_object_file	0x1e	1	0	0	0
168	0x5006d04	_remove_objects	0x1e	1	0	0	0
169	0x50c82f8	_section_flags	0xe	7	0	0	0
170	0x5006e50	_merge_sections	0x1e	1	0	0	0
171	0x5007028	_create_merged_section	0x1e	1	0	0	0
172	0x50077a8	_lookup_merged_section	0x1e	1	0	0	0
173	0x5007750	_lookup_merged_segment	0x1e	1	0	0	0
174	0x500786c	_merge_literal_sections	0x1e	1	0	0	0
175	0x50c82ec	_merged_segments	0x1e	7	0	0	0
176	0x50c82f4	_nreloc	0x1e	7	0	0	0
177	0x50c82f0	_original_merged_segments	0x1e	7	0	0	0
178	0x5007ad0	_output_literal_sections	0x1e	1	0	0	0
179	0x5007b44	_output_section	0x1e	1	0	0	0
180	0x5007fe0	_remove_merged_sections	0x1e	1	0	0	0
181	0x5007dd4	_reset_merged_sections	0x1e	1	0	0	0
182	0x5007f48	_zero_merged_sections_sizes	0x1e	1	0	0	0
183	0x5008ab8	_cstring_free	0x1e	1	0	0	0
184	0x50081d8	_cstring_merge	0x1e	1	0	0	0
185	0x500830c	_cstring_order	0x1e	1	0	0	0
186	0x5008a4c	_cstring_output	0x1e	1	0	0	0
187	0x5008324	_get_cstring_from_sectorder	0x1e	1	0	0	0
188	0x5008828	_lookup_cstring	0x1e	1	0	0	0
189	0x50c8400	_merged_symbol_list_for_enter_symbol	0xe	7	0	0	0
190	0x50c840c	_undefsyms_order	0xe	7	0	0	0
191	0x50c8410	_extdefsyms_order	0xe	7	0	0	0
192	0x50c8438	_free_list	0xe	7	0	0	0
193	0x50c8444	_link_edit_common_section	0xe	7	0	0	0
194	0x50c8488	_link_edit_section_maps	0xe	7	0	0	0
195	0x50c84b0	_multiple_defs	0xe	7	0	0	0
196	0x50c84b4	_nmultiple_defs	0xe	7	0	0	0
197	0x50c84b8	_nindr_symbols	0xe	7	0	0	0
198	0x50c84c4	_commons_exist	0xe	7	0	0	0
199	0x50c84c8	_noundefs	0xe	7	0	0	0
200	0x50098e4	_enter_symbol	0xe	1	0	0	0
201	0x50099f4	_enter_indr_symbol	0xe	1	0	0	0
202	0x5009b00	_enter_string	0xe	1	0	0	0
203	0x5009cc8	_add_to_undefined_list	0xe	1	0	0	0
204	0x50cf4f0	_undefined_blocks	0xe	12	0	0	0
205	0x5009e18	_multiply_defined	0xe	1	0	0	0
206	0x5009f74	_trace_object_symbol	0xe	1	0	0	0
207	0x5009ffc	_trace_symbol	0xe	1	0	0	0
208	0x500b988	_merged_symbol_string_index	0xe	1	0	0	0
209	0x500b9b8	_get_string_block	0xe	1	0	0	0
210	0x500c360	_qsort_by_module	0xe	1	0	0	0
211	0x500c390	_qsort_by_name	0xe	1	0	0	0
212	0x5009dc4	_delete_from_undefined_list	0x1e	1	0	0	0
213	0x500976c	_lookup_symbol	0x1e	1	0	0	0
214	0x5008b4c	_merge_symbols	0x1e	1	0	0	0
215	0x50c842c	_undefined_list	0x1e	7	0	0	0
216	0x500be78	_assign_output_symbol_indexes	0x1e	1	0	0	0
217	0x500a190	_define_common_symbols	0x1e	1	0	0	0
218	0x500c3e0	_free_multiple_defs	0x1e	1	0	0	0
219	0x500a130	_free_undefined_list	0x1e	1	0	0	0
220	0x50c84bc	_indr_symbol_pairs	0x1e	7	0	0	0
221	0x50096f0	_is_output_local_symbol	0x1e	1	0	0	0
222	0x500aa38	_layout_merged_symbols	0x1e	1	0	0	0
223	0x50cece4	_link_edit_common_object	0x1e	11	0	0	0
224	0x50c8418	_local_string_size	0x1e	7	0	0	0
225	0x500b1c8	_local_symbol_output_index	0x1e	1	0	0	0
226	0x50c8404	_merged_string_blocks	0x1e	7	0	0	0
227	0x50c8408	_merged_string_size	0x1e	7	0	0	0
228	0x50c83f0	_merged_symbol_lists	0x1e	7	0	0	0
229	0x500c3c0	_merged_symbol_output_index	0x1e	1	0	0	0
230	0x50c84c0	_nindr_symbol_pairs	0x1e	7	0	0	0
231	0x50c8414	_nlocal_symbols	0x1e	7	0	0	0
232	0x50c83f8	_nmerged_private_symbols	0x1e	7	0	0	0
233	0x50c83f4	_nmerged_symbols	0x1e	7	0	0	0
234	0x50c83fc	_nmerged_symbols_referenced_only_from_dylibs	0x1e	7	0	0	0
235	0x500ab64	_output_local_symbols	0x1e	1	0	0	0
236	0x500b3bc	_output_merged_symbols	0x1e	1	0	0	0
237	0x500ba18	_process_undefineds	0x1e	1	0	0	0
238	0x500a794	_reduce_indr_symbols	0x1e	1	0	0	0
239	0x500c428	_remove_merged_symbols	0x1e	1	0	0	0
240	0x500bdc0	_reset_prebound_undefines	0x1e	1	0	0	0
241	0x50c841c	_sect_object_symbols	0x1e	7	0	0	0
242	0x500b354	_set_merged_string_block_indexes	0x1e	1	0	0	0
243	0x5009fc0	_trace_merged_symbol	0x1e	1	0	0	0
244	0x50c8674	_mc680x0	0xe	7	0	0	0
245	0x50c86bc	_mc98000	0xe	7	0	0	0
246	0x50c8754	_mc88000	0xe	7	0	0	0
247	0x50c87dc	_i860	0xe	7	0	0	0
248	0x50c8960	_intel386	0xe	7	0	0	0
249	0x50c89a0	_hppa_state	0xe	7	0	0	0
250	0x50c89cc	_sparc_state	0xe	7	0	0	0
251	0x50c8a1c	_linkedit_segment.106	0xe	7	0	0	0
252	0x50c8a70	_pagezero_segment.107	0xe	7	0	0	0
253	0x50c8ac4	_object_segment.108	0xe	7	0	0	0
254	0x500c6e8	_layout_segments	0xe	1	0	0	0
255	0x50c8608	_output_dysymtab_info	0x1e	7	0	0	0
256	0x50c85c8	_output_mach_header	0x1e	7	0	0	0
257	0x50c85e4	_output_symtab_info	0x1e	7	0	0	0
258	0x500c5bc	_layout	0x1e	1	0	0	0
259	0x50c8658	_output_thread_info	0x1e	7	0	0	0
260	0x500db0c	_create_output_sections_array	0xe	1	0	0	0
261	0x500dbc4	_set_SG_NORELOC_flags	0xe	1	0	0	0
262	0x500dc7c	_output_headers	0xe	1	0	0	0
263	0x50c8b9c	_output_addr	0x1e	7	0	0	0
264	0x50c8b98	_output_size	0x1e	7	0	0	0
265	0x50c8ba0	_output_sections	0x1e	7	0	0	0
266	0x500d894	_pass2	0x1e	1	0	0	0
267	0x500dec0	_generic_reloc	0x1e	1	0	0	0
268	0x500eb00	_undef_bsearch	0x1e	1	0	0	0
269	0x50c8c0c	_rld_monaddition	0xe	7	0	0	0
270	0x50c8c14	_error_stream	0xe	7	0	0	0
271	0x50c8c18	_zonep	0xe	7	0	0	0
272	0x50c8c1c	_rld_env	0xe	7	0	0	0
273	0x50c8c64	_fatals	0xe	7	0	0	0
274	0x50c8c6c	_rld_maintain_states	0xe	7	0	0	0
275	0x50c8c70	_rld_nallocated_states	0xe	7	0	0	0
276	0x50c8c74	_rld_nloaded_states	0xe	7	0	0	0
277	0x50c8c78	_rld_loaded_state	0xe	7	0	0	0
278	0x50c8c84	_NXArgv_pointer.30	0xe	7	0	0	0
279	0x50c8c88	__mh_execute_header_pointer.31	0xe	7	0	0	0
280	0x500eb98	_internal_rld_load	0xe	1	0	0	0
281	0x500fd74	_internal_rld_unload	0xe	1	0	0	0
282	0x501041c	_rld_loaded_state_changed	0xe	1	0	0	0
283	0x5010430	_rld_get_loaded_state	0xe	1	0	0	0
284	0x50104ec	_cleanup	0x1e	1	0	0	0
285	0x5010518	_vprint	0x1e	1	0	0	0
286	0x501054c	_allocate	0x1e	1	0	0	0
287	0x50105ec	_reallocate	0x1e	1	0	0	0
288	0x50c8c68	_base_name	0x1e	7	0	0	0
289	0x50c8c10	_RLD_DEBUG_OUTPUT_FILENAME_flag	0x1e	7	0	0	0
290	0x50c8c08	_address_func	0x1e	7	0	0	0
291	0x50c8d24	_nsets	0xe	7	0	0	0
292	0x501081c	_new_archive_or_fat	0x1e	1	0	0	0
293	0x50c8d28	_cur_set	0x1e	7	0	0	0
294	0x50c8d20	_sets	0x1e	7	0	0	0
295	0x5010958	_clean_archives_and_fats	0x1e	1	0	0	0
296	0x5010b84	_free_sets	0x1e	1	0	0	0
297	0x5010694	_new_set	0x1e	1	0	0	0
298	0x5010ab4	_remove_set	0x1e	1	0	0	0
299	0x5010f68	_literal4_free	0x1e	1	0	0	0
300	0x5010c54	_literal4_merge	0x1e	1	0	0	0
301	0x5010d38	_literal4_order	0x1e	1	0	0	0
302	0x5010ec0	_literal4_output	0x1e	1	0	0	0
303	0x5010dd8	_lookup_literal4	0x1e	1	0	0	0
304	0x5011498	_literal8_free	0x1e	1	0	0	0
305	0x5010fb0	_literal8_merge	0x1e	1	0	0	0
306	0x501109c	_literal8_order	0x1e	1	0	0	0
307	0x50113d8	_literal8_output	0x1e	1	0	0	0
308	0x5011184	_get_hex_from_sectorder	0x1e	1	0	0	0
309	0x50112bc	_lookup_literal8	0x1e	1	0	0	0
310	0x5011de0	_count_reloc	0xe	1	0	0	0
311	0x5011e90	_lookup_literal_pointer	0xe	1	0	0	0
312	0x501214c	_literal_pointer_free	0x1e	1	0	0	0
313	0x50114e0	_literal_pointer_merge	0x1e	1	0	0	0
314	0x5011e78	_literal_pointer_order	0x1e	1	0	0	0
315	0x501205c	_literal_pointer_output	0x1e	1	0	0	0
316	0x50c8dbc	_has_dynamic_linker_command	0x1e	7	0	0	0
317	0x5012e08	_lookup_indirect_item	0xe	1	0	0	0
318	0x5012fa0	_indirect_section_free	0x1e	1	0	0	0
319	0x50121dc	_indirect_section_merge	0x1e	1	0	0	0
320	0x5012f88	_indirect_section_order	0x1e	1	0	0	0
321	0x50c8dc0	_nindirectsyms	0x1e	7	0	0	0
322	0x50c8dc4	_save_lazy_symbol_pointer_relocs	0x1e	7	0	0	0
323	0x5013228	_output_indirect_symbols	0x1e	1	0	0	0
324	0x5013030	_legal_reference	0x1e	1	0	0	0
325	0x50133a4	_modinit_section_merge	0x1e	1	0	0	0
326	0x50135b8	_modinit_section_order	0x1e	1	0	0	0
327	0x50135d0	_m98k_reloc	0x1e	1	0	0	0
328	0x5014af0	_m88k_reloc	0x1e	1	0	0	0
329	0x5015d7c	_hppa_reloc	0x1e	1	0	0	0
330	0x5017a18	_sparc_reloc	0x1e	1	0	0	0
331	0x5019010	_cpusubtype_combine	0x1e	1	0	0	0
332	0x5018cdc	_cpusubtype_findbestarch	0x1e	1	0	0	0
333	0x50c8ea0	_arch_flags	0xe	7	0	0	0
334	0x5019694	_get_arch_family_from_cputype	0x1e	1	0	0	0
335	0x5019278	_get_arch_from_host	0x1e	1	0	0	0
336	0x5019628	_get_arch_name_from_types	0x1e	1	0	0	0
337	0x50196f4	_get_byte_sex_from_flag	0x1e	1	0	0	0
338	0x501960c	_get_arch_flags	0x1e	1	0	0	0
339	0x50191d0	_get_arch_from_flag	0x1e	1	0	0	0
340	0x5019750	_get_toc_byte_sex	0x1e	1	0	0	0
341	0x501a688	_swap_dylib_command	0x1e	1	0	0	0
342	0x502086c	_swap_dylib_module	0x1e	1	0	0	0
343	0x5020788	_swap_dylib_reference	0x1e	1	0	0	0
344	0x5020ac0	_swap_dylib_table_of_contents	0x1e	1	0	0	0
345	0x501a894	_swap_dylinker_command	0x1e	1	0	0	0
346	0x501a158	_swap_dysymtab_command	0x1e	1	0	0	0
347	0x5019990	_swap_fat_arch	0x1e	1	0	0	0
348	0x5019920	_swap_fat_header	0x1e	1	0	0	0
349	0x501a598	_swap_fvmlib_command	0x1e	1	0	0	0
350	0x5020728	_swap_indirect_symbols	0x1e	1	0	0	0
351	0x5019c08	_swap_load_command	0x1e	1	0	0	0
352	0x5019ac0	_swap_mach_header	0x1e	1	0	0	0
353	0x5020458	_swap_ranlib	0x1e	1	0	0	0
354	0x5019e40	_swap_section	0x1e	1	0	0	0
355	0x5019c78	_swap_segment_command	0x1e	1	0	0	0
356	0x501a4d0	_swap_symseg_command	0x1e	1	0	0	0
357	0x501a03c	_swap_symtab_command	0x1e	1	0	0	0
358	0x50204e8	_swap_relocation_info	0x1e	1	0	0	0
359	0x50203a0	_swap_nlist	0x1e	1	0	0	0
360	0x50198f8	_get_host_byte_sex	0x1e	1	0	0	0
361	0x5019804	_SWAP_DOUBLE	0x1e	1	0	0	0
362	0x50198bc	_SWAP_FLOAT	0x1e	1	0	0	0
363	0x501a930	_swap_fvmfile_command	0x1e	1	0	0	0
364	0x501f914	_swap_hppa_fp_thread_state	0x1e	1	0	0	0
365	0x501f778	_swap_hppa_frame_thread_state	0x1e	1	0	0	0
366	0x501f114	_swap_hppa_integer_thread_state	0x1e	1	0	0	0
367	0x501f0d0	_swap_i386_thread_cthreadstate	0x1e	1	0	0	0
368	0x501ef14	_swap_i386_thread_exceptstate	0x1e	1	0	0	0
369	0x501e7e4	_swap_i386_thread_fpstate	0x1e	1	0	0	0
370	0x501e518	_swap_i386_thread_state	0x1e	1	0	0	0
371	0x501e110	_swap_i860_thread_state_regs	0x1e	1	0	0	0
372	0x5020330	_swap_ident_command	0x1e	1	0	0	0
373	0x501ab50	_swap_m68k_thread_state_68882	0x1e	1	0	0	0
374	0x501aa68	_swap_m68k_thread_state_regs	0x1e	1	0	0	0
375	0x501acd0	_swap_m68k_thread_state_user_reg	0x1e	1	0	0	0
376	0x501dc0c	_swap_m88110_thread_state_impl_t	0x1e	1	0	0	0
377	0x501b8e8	_swap_m88k_thread_state_grf_t	0x1e	1	0	0	0
378	0x501dbc8	_swap_m88k_thread_state_user_t	0x1e	1	0	0	0
379	0x501bed8	_swap_m88k_thread_state_xrf_t	0x1e	1	0	0	0
380	0x501ad14	_swap_m98k_thread_state_grf_t	0x1e	1	0	0	0
381	0x501a7a4	_swap_prebound_dylib_command	0x1e	1	0	0	0
382	0x5020058	_swap_sparc_thread_state_fpu	0x1e	1	0	0	0
383	0x501fb98	_swap_sparc_thread_state_regs	0x1e	1	0	0	0
384	0x501a9f8	_swap_thread_command	0x1e	1	0	0	0
385	0x5020b50	_swap_object_headers	0x1e	1	0	0	0
386	0x5021fa4	_vm_flush_cache	0x1e	1	0	0	0
387	0x5022040	_reloc_has_pair	0x1e	1	0	0	0
388	0x5021fc0	_reloc_pair_r_type	0x1e	1	0	0	0
389	0x502214c	_reloc_is_sectdiff	0x1e	1	0	0	0
390	0x50223d4	_ones	0xe	1	0	0	0
391	0x5022258	_assemble_17	0x1e	1	0	0	0
392	0x50222b0	_assemble_21	0x1e	1	0	0	0
393	0x5022208	_calc_hppa_HILO	0x1e	1	0	0	0
394	0x5022500	_dis_assemble_17	0x1e	1	0	0	0
395	0x502244c	_dis_assemble_21	0x1e	1	0	0	0
396	0x5022404	_low_sign_ext	0x1e	1	0	0	0
397	0x50224a4	_low_sign_unext	0x1e	1	0	0	0
398	0x5022380	_sign_ext	0x1e	1	0	0	0
399	0x5022558	_sign_unext	0x1e	1	0	0	0
400	0x502230c	_assemble_12	0x1e	1	0	0	0
401	0x5022350	_assemble_3	0x1e	1	0	0	0
402	0x50225b4	_dis_assemble_12	0x1e	1	0	0	0
403	0x5022584	_dis_assemble_3	0x1e	1	0	0	0
404	0x50ced64	_file_functions	0xe	11	0	0	0
405	0x5022600	_file_flush	0xe	1	0	0	0
406	0x5022640	_file_fill	0xe	1	0	0	0
407	0x5022674	_file_change	0xe	1	0	0	0
408	0x50226fc	_file_seek	0xe	1	0	0	0
409	0x5022834	_file_close	0xe	1	0	0	0
410	0x50228cc	__NXStreamsTextPad	0xe	1	0	0	0
411	0x50229c8	__NXStreamsLiteralTextPad	0xe	1	0	0	0
412	0x50ced80	_ipc_functions	0xe	11	0	0	0
413	0x5022c9c	_ipc_flush	0xe	1	0	0	0
414	0x5022d00	_ipc_fill	0xe	1	0	0	0
415	0x5022d48	_ipc_change	0xe	1	0	0	0
416	0x5022d60	_ipc_seek	0xe	1	0	0	0
417	0x5022d78	_ipc_close	0xe	1	0	0	0
418	0x50c92cc	_memory_functions	0xe	7	0	0	0
419	0x5022fd4	_memory_flush	0xe	1	0	0	0
420	0x502302c	_memory_fill	0xe	1	0	0	0
421	0x5023048	_memory_change	0xe	1	0	0	0
422	0x5023098	_memory_seek	0xe	1	0	0	0
423	0x5023124	_memory_close	0xe	1	0	0	0
424	0x50c92e8	_cheap_functions	0xe	7	0	0	0
425	0x50233ac	_cheap_flush	0xe	1	0	0	0
426	0x5023408	_cheap_seek	0xe	1	0	0	0
427	0x5023494	_cheap_close	0xe	1	0	0	0
428	0x5022e70	_verify_memory_stream	0xe	1	0	0	0
429	0x5022eb0	_memory_extend	0xe	1	0	0	0
430	0x50231c8	_betterCopy	0xe	1	0	0	0
431	0x5023270	_cheap_extend	0xe	1	0	0	0
432	0x50238e4	_check_wellformed_header	0xe	1	0	0	0
433	0x50c9370	_printfProcTable	0xe	7	0	0	0
434	0x50c9374	_sizePrintfProcTable	0xe	7	0	0	0
435	0x5024334	_isRegisteredPrintfChar	0xe	1	0	0	0
436	0x5024e80	__p_dconv	0xe	1	0	0	0
437	0x5024ec0	__efmt	0xe	1	0	0	0
438	0x5025040	__ffmt	0xe	1	0	0	0
439	0x50251c4	_stringnotzero	0xe	1	0	0	0
440	0x502555c	__innum	0xe	1	0	0	0
441	0x5025960	__instr	0xe	1	0	0	0
442	0x5025aac	__getccl	0xe	1	0	0	0
443	0x50c18e0	_ln2hi	0xe	4	0	0	0
444	0x50c18e8	_ln2lo	0xe	4	0	0	0
445	0x50c18f0	_ln2hi	0xe	4	0	0	0
446	0x50c18f8	_ln2lo	0xe	4	0	0	0
447	0x50c1900	_small.2	0xe	4	0	0	0
448	0x50c1908	_big.3	0xe	4	0	0	0
449	0x50c1910	_one.4	0xe	4	0	0	0
450	0x50c1918	_torp	0xe	4	0	0	0
451	0x50c1920	_p1	0xe	4	0	0	0
452	0x50c1958	_q1	0xe	4	0	0	0
453	0x50c1990	_p2	0xe	4	0	0	0
454	0x50c19d8	_q2	0xe	4	0	0	0
455	0x50c1a20	_p1	0xe	4	0	0	0
456	0x50c1a28	_p2	0xe	4	0	0	0
457	0x50c1a30	_q1	0xe	4	0	0	0
458	0x50c1a38	_q2	0xe	4	0	0	0
459	0x50c1a40	_zero.2	0xe	4	0	0	0
460	0x50c1a48	_one.3	0xe	4	0	0	0
461	0x50c1a50	_half.4	0xe	4	0	0	0
462	0x50c1a58	_small.5	0xe	4	0	0	0
463	0x50c1a60	_zero	0xe	4	0	0	0
464	0x50c1a68	_tpi	0xe	4	0	0	0
465	0x50c1a70	_pio4	0xe	4	0	0	0
466	0x50c1a78	_p1	0xe	4	0	0	0
467	0x50c1ac0	_q1	0xe	4	0	0	0
468	0x50c1b08	_p2	0xe	4	0	0	0
469	0x50c1b40	_q2	0xe	4	0	0	0
470	0x50c1b78	_p3	0xe	4	0	0	0
471	0x50c1bb0	_q3	0xe	4	0	0	0
472	0x50c1be8	_p4	0xe	4	0	0	0
473	0x50c1c30	_q4	0xe	4	0	0	0
474	0x50270a4	_asympt	0xe	1	0	0	0
475	0x50c1c78	_zero	0xe	4	0	0	0
476	0x50c1c80	_tpi	0xe	4	0	0	0
477	0x50c1c88	_pio4	0xe	4	0	0	0
478	0x50c1c90	_p1	0xe	4	0	0	0
479	0x50c1cd8	_q1	0xe	4	0	0	0
480	0x50c1d20	_p2	0xe	4	0	0	0
481	0x50c1d58	_q2	0xe	4	0	0	0
482	0x50c1d90	_p3	0xe	4	0	0	0
483	0x50c1dc8	_q3	0xe	4	0	0	0
484	0x50c1e00	_p4	0xe	4	0	0	0
485	0x50c1e50	_q4	0xe	4	0	0	0
486	0x50274a4	_asympt	0xe	1	0	0	0
487	0x50c1ea0	_zero	0xe	4	0	0	0
488	0x50c1ea8	_goobie	0xe	4	0	0	0
489	0x50c1eb0	_pi	0xe	4	0	0	0
490	0x50c1eb8	_p1	0xe	4	0	0	0
491	0x50c1ee8	_p2	0xe	4	0	0	0
492	0x50c1f28	_q2	0xe	4	0	0	0
493	0x50278a4	_asym	0xe	1	0	0	0
494	0x5027930	_neg	0xe	1	0	0	0
495	0x5027a60	_pos	0xe	1	0	0	0
496	0x50c1f68	_L1	0xe	4	0	0	0
497	0x50c1f70	_L2	0xe	4	0	0	0
498	0x50c1f78	_L3	0xe	4	0	0	0
499	0x50c1f80	_L4	0xe	4	0	0	0
500	0x50c1f88	_L5	0xe	4	0	0	0
501	0x50c1f90	_L6	0xe	4	0	0	0
502	0x50c1f98	_L7	0xe	4	0	0	0
503	0x50c1fa0	_ln2hi	0xe	4	0	0	0
504	0x50c1fa8	_ln2lo	0xe	4	0	0	0
505	0x50c1fb0	_invln2	0xe	4	0	0	0
506	0x50c1fb8	_sqrt2	0xe	4	0	0	0
507	0x50c1fc0	_zero	0xe	4	0	0	0
508	0x50c1fc8	_half	0xe	4	0	0	0
509	0x50c1fd0	_one	0xe	4	0	0	0
510	0x50c1fd8	_two	0xe	4	0	0	0
511	0x50c1fe0	_negone	0xe	4	0	0	0
512	0x5027c70	_pow_p	0xe	1	0	0	0
513	0x50c1fe8	_r2p1hi	0xe	4	0	0	0
514	0x50c1ff0	_r2p1lo	0xe	4	0	0	0
515	0x50c1ff8	_sqrt2	0xe	4	0	0	0
516	0x50c2000	_zero.4	0xe	4	0	0	0
517	0x50c2008	_one.5	0xe	4	0	0	0
518	0x50c2010	_small.6	0xe	4	0	0	0
519	0x50c2018	_ibig.7	0xe	4	0	0	0
520	0x50c201c	_B1	0xe	4	0	0	0
521	0x50c2020	_B2	0xe	4	0	0	0
522	0x50c2024	_C	0xe	4	0	0	0
523	0x50c202c	_D	0xe	4	0	0	0
524	0x50c2034	_E	0xe	4	0	0	0
525	0x50c203c	_F	0xe	4	0	0	0
526	0x50c2044	_G	0xe	4	0	0	0
527	0x5029140	__dbBaseName	0xe	1	0	0	0
528	0x50c204c	_hstab	0xe	4	0	0	0
529	0x50c205c	_hltab	0xe	4	0	0	0
530	0x502b84a	__db_global_text_pad	0xe	1	0	0	0
531	0x502b94a	__dbDirExtension	0xe	1	0	0	0
532	0x502b94d	__dbLeafExtension	0xe	1	0	0	0
533	0x502b950	__db_literal_text_pad	0xe	1	0	0	0
534	0x502bca8	__dbOpenFile	0xe	1	0	0	0
535	0x50c215c	__dbSizeTable	0xe	4	0	0	0
536	0x50c9690	_homeDirectory	0xe	7	0	0	0
537	0x50c9694	_userName	0xe	7	0	0	0
538	0x50c9698	_lastKnownUid	0xe	7	0	0	0
539	0x502c5b0	_getUserInfo	0xe	1	0	0	0
540	0x502c748	_NXHomeDirectory	0xe	1	0	0	0
541	0x50c969c	_hasTerminal.84	0xe	7	0	0	0
542	0x502c764	_NXLogError	0xe	1	0	0	0
543	0x50c96a0	_GLOBAL	0xe	7	0	0	0
544	0x50c96a4	_defaultsDB	0xe	7	0	0	0
545	0x50c96a8	_readBuf	0xe	7	0	0	0
546	0x50c96ac	_defaultsUser	0xe	7	0	0	0
547	0x50c96b0	_defaultsHome	0xe	7	0	0	0
548	0x50c96b4	_defaultsUid	0xe	7	0	0	0
549	0x50c96b8	_defaultsGid	0xe	7	0	0	0
550	0x50c96bc	_didSetreuid	0xe	7	0	0	0
551	0x50c96c0	_didSetregid	0xe	7	0	0	0
552	0x50c96c4	_firstRD	0xe	7	0	0	0
553	0x50c96c8	_lastRD	0xe	7	0	0	0
554	0x50c96cc	_dBlock	0xe	7	0	0	0
555	0x50c96d0	_dPos	0xe	7	0	0	0
556	0x50c96d4	_firstBlock	0xe	7	0	0	0
557	0x50c96d8	_lastBlock	0xe	7	0	0	0
558	0x50c96dc	_db_mtime	0xe	7	0	0	0
559	0x502c854	_doRegisterDefaults	0xe	1	0	0	0
560	0x502d110	__openDefaults	0xe	1	0	0	0
561	0x502d558	__closeDefaults	0xe	1	0	0	0
562	0x502d5f4	__registerDefault	0xe	1	0	0	0
563	0x502d67c	__resetRegisteredDefault	0xe	1	0	0	0
564	0x502d6c8	__isRegistered	0xe	1	0	0	0
565	0x502d734	__doReadDefault	0xe	1	0	0	0
566	0x502d79c	__doWriteDefault	0xe	1	0	0	0
567	0x502d820	__writeAndRegisterDefault	0xe	1	0	0	0
568	0x502d8c0	__lockDefaults	0xe	1	0	0	0
569	0x502d8e0	__unlockDefaults	0xe	1	0	0	0
570	0x502d8fc	__constructKey	0xe	1	0	0	0
571	0x502d984	__destroyKey	0xe	1	0	0	0
572	0x502d99c	_defStrcmp	0xe	1	0	0	0
573	0x502d9d4	_defCopyString	0xe	1	0	0	0
574	0x502da14	_defaultAlloc	0xe	1	0	0	0
575	0x502da98	_blockAlloc	0xe	1	0	0	0
576	0x502dae8	_blockFree	0xe	1	0	0	0
577	0x502db40	__NXGobbleArgs	0xe	1	0	0	0
578	0x50c96e0	_NXArgv_pointer.147	0xe	7	0	0	0
579	0x50c96e4	_NXArgc_pointer.148	0xe	7	0	0	0
580	0x502db78	_cmdLineToDefaults	0xe	1	0	0	0
581	0x50c96e8	_firstArg	0xe	7	0	0	0
582	0x50c96ec	_firstLen	0xe	7	0	0	0
583	0x502dcac	_rstrtok	0xe	1	0	0	0
584	0x502e038	_getBitfieldSizeAndAdvance	0xe	1	0	0	0
585	0x502e128	_getBitfieldSize	0xe	1	0	0	0
586	0x502e5c8	+[NXPortPortal newPort]	0xe	1	0	0	0
587	0x502e5f4	+[NXPortPortal newFromMachPort:dealloc:]	0xe	1	0	0	0
588	0x502e62c	+[NXPortPortal lookUpPortWithName:onHost:]	0xe	1	0	0	0
589	0x502e660	+[NXPortPortal checkInPort:withName:]	0xe	1	0	0	0
590	0x502e694	-[NXPortPortal initWithMachPort:]	0xe	1	0	0	0
591	0x502e6f4	-[NXPortPortal initWithPort:]	0xe	1	0	0	0
592	0x502e77c	-[NXPortPortal free]	0xe	1	0	0	0
593	0x502e7d0	_copyFromZone	0xe	1	0	0	0
594	0x502e824	-[NXPortPortal move]	0xe	1	0	0	0
595	0x502e948	-[NXPortPortal port]	0xe	1	0	0	0
596	0x502e968	-[NXPortPortal setPort:]	0xe	1	0	0	0
597	0x502e998	-[NXPortPortal connection]	0xe	1	0	0	0
598	0x502e9b8	-[NXPortPortal setRequestMsg:]	0xe	1	0	0	0
599	0x502e9ec	-[NXPortPortal isRequestMsg]	0xe	1	0	0	0
600	0x502ea18	-[NXPortPortal goodMsgSize]	0xe	1	0	0	0
601	0x502ea34	-[NXPortPortal setMsg:]	0xe	1	0	0	0
602	0x502ea70	-[NXPortPortal sequenceNumber]	0xe	1	0	0	0
603	0x502ea90	__NXEncodeBool	0xe	1	0	0	0
604	0x502eb00	__NXDecodeBool	0xe	1	0	0	0
605	0x502eb64	__NXEncodeChars	0xe	1	0	0	0
606	0x502ec10	__NXDecodeChars	0xe	1	0	0	0
607	0x502ecc4	__NXDecodeUniqueString	0xe	1	0	0	0
608	0x502ed00	_extract_field_elmt	0xe	1	0	0	0
609	0x502ed9c	_insert_field_elmt	0xe	1	0	0	0
610	0x502eeac	__iterate_bitfields	0xe	1	0	0	0
611	0x502efa8	__pack_callback	0xe	1	0	0	0
612	0x502f024	__unpack_callback	0xe	1	0	0	0
613	0x502f07c	_iencodeData	0xe	1	0	0	0
614	0x502f6ec	_idecodeData	0xe	1	0	0	0
615	0x502fcb8	-[NXPortPortal encodeData:ofType:]	0xe	1	0	0	0
616	0x502fcfc	-[NXPortPortal decodeData:ofType:]	0xe	1	0	0	0
617	0x502fd40	-[NXPortPortal encodeBytes:count:]	0xe	1	0	0	0
618	0x502fdcc	-[NXPortPortal decodeBytes:count:]	0xe	1	0	0	0
619	0x502fe38	-[NXPortPortal encodeMachPort:]	0xe	1	0	0	0
620	0x502fe90	-[NXPortPortal decodeMachPort:]	0xe	1	0	0	0
621	0x502fed8	-[NXPortPortal encodeVM:count:]	0xe	1	0	0	0
622	0x502ff54	-[NXPortPortal encodeVM:count:dealloc:]	0xe	1	0	0	0
623	0x502ffe0	-[NXPortPortal decodeVM:count:]	0xe	1	0	0	0
624	0x5030040	-[NXPortPortal encodeObject:]	0xe	1	0	0	0
625	0x5030104	-[NXPortPortal encodeObjectBycopy:]	0xe	1	0	0	0
626	0x5030224	-[NXPortPortal decodeObject]	0xe	1	0	0	0
627	0x503033c	-[NXPortPortal startEncodingWithConnection:andSequenceNumber:]	0xe	1	0	0	0
628	0x50303bc	-[NXPortPortal finishEncodingAndStartDecoding:]	0xe	1	0	0	0
629	0x5030a30	-[NXPortPortal finishEncoding]	0xe	1	0	0	0
630	0x5030a5c	-[NXPortPortal startDecodingWithMsg:withConnection:]	0xe	1	0	0	0
631	0x5030cd0	-[NXPortPortal startDecodingWithTimeout:]	0xe	1	0	0	0
632	0x5030ea8	-[NXPortPortal finishDecoding]	0xe	1	0	0	0
633	0x5031020	+[NXPortPortal dispatchMsg:]	0xe	1	0	0	0
634	0x5031198	-[NXPortPortal print]	0xe	1	0	0	0
635	0x503135c	-[NXPortPortal zone]	0xe	1	0	0	0
636	0x50c97c8	_MessagesReceivedCount	0xe	7	0	0	0
637	0x50c97cc	_DefaultZone	0xe	7	0	0	0
638	0x50c97d0	_sequence_gate	0xe	7	0	0	0
639	0x50c97d4	_DefaultBufferClass	0xe	7	0	0	0
640	0x50c97d8	_number.2	0xe	7	0	0	0
641	0x5031398	_generateSequenceNumber	0xe	1	0	0	0
642	0x50313f0	_freeNXMethodSignature	0xe	1	0	0	0
643	0x5031418	_isNXMethodSignatureEqual	0xe	1	0	0	0
644	0x5031440	_hashNXMethodSignature	0xe	1	0	0	0
645	0x50ced9c	_NXMethodSignatureProto	0xe	11	0	0	0
646	0x503145c	+[NXMethodSignature fromDescription:fromZone:]	0xe	1	0	0	0
647	0x503155c	-[NXMethodSignature encodeMethodParams:onto:]	0xe	1	0	0	0
648	0x5031790	-[NXMethodSignature decodeMethodParamsFrom:]	0xe	1	0	0	0
649	0x5031a14	-[NXMethodSignature encodeMethodRet:withargs:onto:]	0xe	1	0	0	0
650	0x5031d54	-[NXMethodSignature free]	0xe	1	0	0	0
651	0x5031da0	-[NXMethodSignature methodReturnType]	0xe	1	0	0	0
652	0x5031dc0	-[NXMethodSignature isOneway]	0xe	1	0	0	0
653	0x5031de8	-[NXMethodSignature methodReturnArea]	0xe	1	0	0	0
654	0x5031e3c	-[NXMethodSignature decodeMethodRetFrom:withargs:atAddr:]	0xe	1	0	0	0
655	0x50322ec	-[Object(Object_NXMethodSignature) methodSignature:fromZone:]	0xe	1	0	0	0
656	0x50c9814	_DefaultInTimeout	0xe	7	0	0	0
657	0x50c9818	_DefaultOutTimeout	0xe	7	0	0	0
658	0x50cedac	_roProto	0xe	11	0	0	0
659	0x5035ee4	_hashProxy	0xe	1	0	0	0
660	0x5035f00	_isEqualProxy	0xe	1	0	0	0
661	0x5035f28	_freeProxy	0xe	1	0	0	0
662	0x50c981c	_hash_table_gate	0xe	7	0	0	0
663	0x503233c	_hashConnection	0xe	1	0	0	0
664	0x5032360	_isEqualConnection	0xe	1	0	0	0
665	0x503239c	_freeConnection	0xe	1	0	0	0
666	0x50cedbc	_connProto	0xe	11	0	0	0
667	0x50c982c	_conn_table_gate	0xe	7	0	0	0
668	0x50c9830	_conn_table	0xe	7	0	0	0
669	0x50c9834	_reply_table_gate	0xe	7	0	0	0
670	0x50c9838	_reply_table	0xe	7	0	0	0
671	0x50c983c	_nxproxyclass	0xe	7	0	0	0
672	0x50323c4	+[NXConnection initialize]	0xe	1	0	0	0
673	0x50324d8	+[NXConnection newForInPort:andOutPort:fromZone:]	0xe	1	0	0	0
674	0x5032524	+[NXConnection newForInMachPort:andOutMachPort:fromZone:]	0xe	1	0	0	0
675	0x5032850	-[NXConnection free]	0xe	1	0	0	0
676	0x50329dc	-[NXConnection copyWithOutPort:]	0xe	1	0	0	0
677	0x5032a3c	+[NXConnection connectToName:]	0xe	1	0	0	0
678	0x5032a74	+[NXConnection connectToName:onHost:]	0xe	1	0	0	0
679	0x5032ad8	+[NXConnection connectToName:fromZone:]	0xe	1	0	0	0
680	0x5032b0c	+[NXConnection connectToName:onHost:fromZone:]	0xe	1	0	0	0
681	0x5032b68	+[NXConnection connectToPort:withInPort:]	0xe	1	0	0	0
682	0x5032ba0	+[NXConnection connectToPort:withInPort:fromZone:]	0xe	1	0	0	0
683	0x5032c10	+[NXConnection connectToPort:]	0xe	1	0	0	0
684	0x5032c44	+[NXConnection connectToPort:fromZone:]	0xe	1	0	0	0
685	0x5032cdc	+[NXConnection registerRoot:withName:]	0xe	1	0	0	0
686	0x5032d14	+[NXConnection registerRoot:withName:fromZone:]	0xe	1	0	0	0
687	0x5032dc4	+[NXConnection registerRoot:]	0xe	1	0	0	0
688	0x5032df8	+[NXConnection registerRoot:fromZone:]	0xe	1	0	0	0
689	0x5032e74	+[NXConnection unregisterForInvalidationNotification:]	0xe	1	0	0	0
690	0x5032f14	-[NXConnection invalidate]	0xe	1	0	0	0
691	0x5032ffc	-[NXConnection senderIsInvalid:]	0xe	1	0	0	0
692	0x5033068	+[NXConnection messagesReceived]	0xe	1	0	0	0
693	0x5033088	+[NXConnection setDefaultBufferClass:]	0xe	1	0	0	0
694	0x50330ac	+[NXConnection setDefaultTimeout:]	0xe	1	0	0	0
695	0x50330d8	+[NXConnection defaultTimeout]	0xe	1	0	0	0
696	0x50330f8	+[NXConnection setDefaultInTimeout:]	0xe	1	0	0	0
697	0x503311c	+[NXConnection defaultInTimeout]	0xe	1	0	0	0
698	0x503313c	+[NXConnection setDefaultOutTimeout:]	0xe	1	0	0	0
699	0x5033160	+[NXConnection defaultOutTimeout]	0xe	1	0	0	0
700	0x5033180	+[NXConnection setDefaultZone:]	0xe	1	0	0	0
701	0x50331a4	+[NXConnection defaultZone]	0xe	1	0	0	0
702	0x50331c4	+[NXConnection count]	0xe	1	0	0	0
703	0x5033220	+[NXConnection connections:]	0xe	1	0	0	0
704	0x50332d4	-[NXConnection setDelegate:]	0xe	1	0	0	0
705	0x50332f4	-[NXConnection delegate]	0xe	1	0	0	0
706	0x5033314	-[NXConnection outPortalBuffer]	0xe	1	0	0	0
707	0x5033358	-[NXConnection inPortalBuffer]	0xe	1	0	0	0
708	0x503339c	-[NXConnection inPortal]	0xe	1	0	0	0
709	0x50333bc	-[NXConnection inPort]	0xe	1	0	0	0
710	0x50333dc	-[NXConnection outPort]	0xe	1	0	0	0
711	0x50333fc	-[NXConnection bufferClass]	0xe	1	0	0	0
712	0x503341c	-[NXConnection setInTimeout:]	0xe	1	0	0	0
713	0x503343c	-[NXConnection setOutTimeout:]	0xe	1	0	0	0
714	0x503345c	-[NXConnection inTimeout]	0xe	1	0	0	0
715	0x503347c	-[NXConnection outTimeout]	0xe	1	0	0	0
716	0x503349c	-[NXConnection rootObject]	0xe	1	0	0	0
717	0x50334bc	-[NXConnection setRoot:]	0xe	1	0	0	0
718	0x5033530	-[NXConnection insertProxy:]	0xe	1	0	0	0
719	0x5033674	-[NXConnection newRemote:withProtocol:]	0xe	1	0	0	0
720	0x503373c	-[NXConnection newLocal:]	0xe	1	0	0	0
721	0x503381c	-[NXConnection getRemote:]	0xe	1	0	0	0
722	0x503388c	-[NXConnection getLocal:]	0xe	1	0	0	0
723	0x5033908	-[NXConnection findLocal:forInPort:]	0xe	1	0	0	0
724	0x5033a00	-[NXConnection remoteObjects]	0xe	1	0	0	0
725	0x5033aec	-[NXConnection localObjects]	0xe	1	0	0	0
726	0x5033bdc	-[NXConnection localProxies]	0xe	1	0	0	0
727	0x5033cc8	-[NXConnection removeRemote:]	0xe	1	0	0	0
728	0x5033d78	-[NXConnection removeLocal:]	0xe	1	0	0	0
729	0x5033e30	+[NXConnection removeObject:]	0xe	1	0	0	0
730	0x5033f24	+[NXConnection handleRequestOnPortal:]	0xe	1	0	0	0
731	0x5034738	-[NXConnection finishEncodingAndGetReplyOnPortal:]	0xe	1	0	0	0
732	0x5034d1c	-[NXConnection run]	0xe	1	0	0	0
733	0x5034d48	-[NXConnection runWithTimeout:]	0xe	1	0	0	0
734	0x5034ee4	_runit	0xe	1	0	0	0
735	0x5034f18	-[NXConnection runInNewThread]	0xe	1	0	0	0
736	0x5034f4c	+[NXConnection debug:showThread:verbose:]	0xe	1	0	0	0
737	0x5034f7c	+[NXConnection debug:]	0xe	1	0	0	0
738	0x5034fa8	_structure_addr	0xe	1	0	0	0
739	0x50c994c	_methodSignature_of_descriptionForMethod	0xe	7	0	0	0
740	0x50c9950	_refgate	0xe	7	0	0	0
741	0x5034fc4	+[NXProxy initialize]	0xe	1	0	0	0
742	0x50350cc	+[NXProxy class]	0xe	1	0	0	0
743	0x50350ec	+[NXProxy self]	0xe	1	0	0	0
744	0x5035108	-[NXProxy perform:]	0xe	1	0	0	0
745	0x5035130	-[NXProxy perform:with:]	0xe	1	0	0	0
746	0x503515c	-[NXProxy conformsTo:]	0xe	1	0	0	0
747	0x503524c	-[NXProxy connectionForProxy]	0xe	1	0	0	0
748	0x503526c	-[NXProxy nameForProxy]	0xe	1	0	0	0
749	0x503528c	-[NXProxy references]	0xe	1	0	0	0
750	0x50352ac	-[NXProxy addReference]	0xe	1	0	0	0
751	0x5035338	-[NXProxy setProtocolForProxy:]	0xe	1	0	0	0
752	0x5035358	-[NXProxy methodSignature:fromZone:]	0xe	1	0	0	0
753	0x5035484	-[NXProxy forward::]	0xe	1	0	0	0
754	0x50357f4	-[NXProxy invalidateProxy]	0xe	1	0	0	0
755	0x5035854	-[NXProxy freeProxy]	0xe	1	0	0	0
756	0x50358e0	-[NXProxy free]	0xe	1	0	0	0
757	0x50359ec	-[NXProxy encodeRemotelyFor:freeAfterEncoding:isBycopy:]	0xe	1	0	0	0
758	0x5035a08	-[NXProxy encodeUsing:]	0xe	1	0	0	0
759	0x5035c20	-[NXProxy decodeUsing:]	0xe	1	0	0	0
760	0x5035f50	-[NXProxy isProxy]	0xe	1	0	0	0
761	0x5035f6c	-[Object(Object_MakeRemote_Import) encodeRemotelyFor:freeAfterEncoding:isBycopy:]	0xe	1	0	0	0
762	0x5035fc8	-[Object(Object_MakeRemote_Import) encodeUsing:]	0xe	1	0	0	0
763	0x5035fe4	-[Object(Object_MakeRemote_Import) decodeUsing:]	0xe	1	0	0	0
764	0x5036000	-[Object(isRemote) isProxy]	0xe	1	0	0	0
765	0x503601c	-[Object(GetListOfProtocols) getListOfProtocols:]	0xe	1	0	0	0
766	0x503608c	-[List(Transport) encodeRemotelyFor:freeAfterEncoding:isBycopy:]	0xe	1	0	0	0
767	0x50360e8	-[List(Transport) encodeUsing:]	0xe	1	0	0	0
768	0x5036188	-[List(Transport) decodeUsing:]	0xe	1	0	0	0
769	0x5036228	-[Protocol(Transport) encodeRemotelyFor:freeAfterEncoding:isBycopy:]	0xe	1	0	0	0
770	0x5036244	-[Protocol(Transport) encodeUsing:]	0xe	1	0	0	0
771	0x5036494	-[Protocol(Transport) decodeUsing:]	0xe	1	0	0	0
772	0x50cf508	_log_impl	0xe	12	0	0	0
773	0x50cf4f4	_mygate.8	0xe	12	0	0	0
774	0x5036850	_printf_log	0xe	1	0	0	0
775	0x50cf4fc	_log_header	0xe	12	0	0	0
776	0x50cf500	_log_show_pid	0xe	12	0	0	0
777	0x50cf504	_log_show_thread	0xe	12	0	0	0
778	0x50cf4f8	_mygate.11	0xe	12	0	0	0
779	0x50369c0	_sys_log	0xe	1	0	0	0
780	0x5036b04	-[NXData initWithSize:]	0xe	1	0	0	0
781	0x5036bac	-[NXData initWithData:size:dealloc:]	0xe	1	0	0	0
782	0x5036be0	-[NXData free]	0xe	1	0	0	0
783	0x5036c60	-[NXData data]	0xe	1	0	0	0
784	0x5036c80	-[NXData size]	0xe	1	0	0	0
785	0x5036ca0	-[NXData copyFromZone:]	0xe	1	0	0	0
786	0x5036d7c	-[NXData encodeRemotelyFor:freeAfterEncoding:isBycopy:]	0xe	1	0	0	0
787	0x5036d98	-[NXData encodeUsing:]	0xe	1	0	0	0
788	0x5036e7c	-[NXData decodeUsing:]	0xe	1	0	0	0
789	0x5036f44	+[NXInvalidationNotifier initialize]	0xe	1	0	0	0
790	0x50cf50c	_ref_gate	0xe	12	0	0	0
791	0x5036f88	-[NXInvalidationNotifier init]	0xe	1	0	0	0
792	0x5036fbc	-[NXInvalidationNotifier copy]	0xe	1	0	0	0
793	0x503700c	-[NXInvalidationNotifier references]	0xe	1	0	0	0
794	0x503702c	-[NXInvalidationNotifier addReference]	0xe	1	0	0	0
795	0x5037080	-[NXInvalidationNotifier invalidate]	0xe	1	0	0	0
796	0x5037120	-[NXInvalidationNotifier isValid]	0xe	1	0	0	0
797	0x5037140	-[NXInvalidationNotifier registerForInvalidationNotification:]	0xe	1	0	0	0
798	0x5037274	-[NXInvalidationNotifier unregisterForInvalidationNotification:]	0xe	1	0	0	0
799	0x50372e0	-[NXInvalidationNotifier free]	0xe	1	0	0	0
800	0x5037380	-[NXInvalidationNotifier deallocate]	0xe	1	0	0	0
801	0x50373e0	-[NXSpinLock init]	0xe	1	0	0	0
802	0x5037438	-[NXSpinLock free]	0xe	1	0	0	0
803	0x5037484	-[NXSpinLock lock]	0xe	1	0	0	0
804	0x50374c0	-[NXSpinLock unlock]	0xe	1	0	0	0
805	0x50374e8	-[NXConditionLock init]	0xe	1	0	0	0
806	0x503755c	-[NXConditionLock initWith:]	0xe	1	0	0	0
807	0x5037598	-[NXConditionLock condition]	0xe	1	0	0	0
808	0x50375b8	-[NXConditionLock free]	0xe	1	0	0	0
809	0x5037624	-[NXConditionLock lock]	0xe	1	0	0	0
810	0x503768c	-[NXConditionLock unlock]	0xe	1	0	0	0
811	0x50376e8	-[NXConditionLock lockWhen:]	0xe	1	0	0	0
812	0x5037754	-[NXConditionLock unlockWith:]	0xe	1	0	0	0
813	0x50377b4	-[NXLock init]	0xe	1	0	0	0
814	0x5037820	-[NXLock free]	0xe	1	0	0	0
815	0x503788c	-[NXLock lock]	0xe	1	0	0	0
816	0x50378f0	-[NXLock unlock]	0xe	1	0	0	0
817	0x5037948	-[NXRecursiveLock init]	0xe	1	0	0	0
818	0x50379bc	-[NXRecursiveLock free]	0xe	1	0	0	0
819	0x5037a28	-[NXRecursiveLock lock]	0xe	1	0	0	0
820	0x5037aa0	-[NXRecursiveLock unlock]	0xe	1	0	0	0
821	0x50c9a9c	_signaturePort	0xe	7	0	0	0
822	0x5037b00	+[NXNetNameServer initialize]	0xe	1	0	0	0
823	0x5037b3c	+[NXNetNameServer checkInPort:withName:]	0xe	1	0	0	0
824	0x5037ba8	+[NXNetNameServer checkOutPortWithName:]	0xe	1	0	0	0
825	0x5037bfc	+[NXNetNameServer lookUpPortWithName:]	0xe	1	0	0	0
826	0x5037c30	+[NXNetNameServer lookUpPortWithName:onHost:]	0xe	1	0	0	0
827	0x50c9ab4	_all_ports_gate	0xe	7	0	0	0
828	0x50c9ab8	_all_ports	0xe	7	0	0	0
829	0x5037c9c	_hash_port	0xe	1	0	0	0
830	0x5037cbc	_isEqual_port	0xe	1	0	0	0
831	0x50c9ac4	_Proto_port	0xe	7	0	0	0
832	0x5037ce8	+[NXPort initialize]	0xe	1	0	0	0
833	0x5037d58	+[NXPort new]	0xe	1	0	0	0
834	0x5037e18	+[NXPort newFromMachPort:]	0xe	1	0	0	0
835	0x5037e48	+[NXPort newFromMachPort:dealloc:]	0xe	1	0	0	0
836	0x5037f20	-[NXPort machPort]	0xe	1	0	0	0
837	0x5037f58	-[NXPort free]	0xe	1	0	0	0
838	0x5038048	-[NXPort hash]	0xe	1	0	0	0
839	0x50c9af0	_serverNotifyPort	0xe	7	0	0	0
840	0x5038068	_send_death	0xe	1	0	0	0
841	0x5038104	+[NXPort worryAboutPortInvalidation]	0xe	1	0	0	0
842	0x503817c	-[NXPort encodeRemotelyFor:freeAfterEncoding:isBycopy:]	0xe	1	0	0	0
843	0x5038198	-[NXPort encodeUsing:]	0xe	1	0	0	0
844	0x50381cc	-[NXPort decodeUsing:]	0xe	1	0	0	0
845	0x503822c	-[NXPort setEnableProc:]	0xe	1	0	0	0
846	0x5038278	-[NXPort setEnableProc:data:]	0xe	1	0	0	0
847	0x50382c4	-[NXPort enableProc]	0xe	1	0	0	0
848	0x50382e4	-[NXPort enableExternal]	0xe	1	0	0	0
849	0x5038328	-[NXPort disableExternal]	0xe	1	0	0	0
850	0x5038368	-[NXProtocolChecker initWithObject:forProtocol:]	0xe	1	0	0	0
851	0x50383c4	-[NXProtocolChecker forward::]	0xe	1	0	0	0
852	0x5038450	-[NXProtocolChecker descriptionForMethod:]	0xe	1	0	0	0
853	0x50384b0	-[NXProtocolChecker conformsTo:]	0xe	1	0	0	0
854	0x50384e4	-[NXProtocolChecker free]	0xe	1	0	0	0
855	0x50c9b30	_atexit_list	0xe	7	0	0	0
856	0x503866c	_s	0xe	1	0	0	0
857	0x50c9b94	_CurrencyDefaults	0xe	7	0	0	0
858	0x5038a40	__NXGetLocalizedDefault	0xe	1	0	0	0
859	0x50cedcc	_C_lconv	0xe	11	0	0	0
860	0x50c9bb8	_appName	0xe	7	0	0	0
861	0x5038b18	_parseToken	0xe	1	0	0	0
862	0x5038b94	_parseNumber	0xe	1	0	0	0
863	0x5038bd8	_parseGrouping	0xe	1	0	0	0
864	0x50cf510	__lconv	0xe	12	0	0	0
865	0x50c9be8	_currentLocale	0xe	7	0	0	0
866	0x50c9c0c	_letter.2	0xe	7	0	0	0
867	0x50cf540	_tmpfilename.3	0xe	12	0	0	0
868	0x50c9c28	_DateTimeDefaults	0xe	7	0	0	0
869	0x50c9c70	__ShortDays	0xe	7	0	0	0
870	0x50c9c8c	__LongDays	0xe	7	0	0	0
871	0x50c9ca8	__ShortMonths	0xe	7	0	0	0
872	0x50c9cd8	__LongMonths	0xe	7	0	0	0
873	0x50c9d08	__AmPm	0xe	7	0	0	0
874	0x50c9d10	__DateAndTime	0xe	7	0	0	0
875	0x50c9d14	__Date	0xe	7	0	0	0
876	0x50c9d18	__Time	0xe	7	0	0	0
877	0x5039898	_LookupString	0xe	1	0	0	0
878	0x50c9d3c	_twoemax	0xe	7	0	0	0
879	0x50c9d44	_exp5	0xe	7	0	0	0
880	0x0	__framesize	0x2	0	0	0	0
881	0x0	__nested_function	0x2	0	0	0	0
882	0x0	__framesize	0x2	0	0	0	0
883	0x0	__nested_function	0x2	0	0	0	0
884	0x50c9d90	_place.2	0xe	7	0	0	0
885	0x50c9dcc	_scanpoint	0xe	7	0	0	0
886	0x50cf550	_lasts.2	0xe	12	0	0	0
887	0x50cf554	_origS.3	0xe	12	0	0	0
888	0x50cf558	_pwf.2	0xe	12	0	0	0
889	0x50c9df0	_randx	0xe	7	0	0	0
890	0x503b1f0	_scale60	0xe	1	0	0	0
891	0x503b378	_getvtimes	0xe	1	0	0	0
892	0x503b404	_scale60	0xe	1	0	0	0
893	0x0	__framesize	0x2	0	0	0	0
894	0x0	__nested_function	0x2	0	0	0	0
895	0x50cf55c	setsav	0xe	12	0	0	0
896	0x50c9e20	_g_desfd	0xe	7	0	0	0
897	0x503b590	_common_crypt	0xe	1	0	0	0
898	0x50c2170	_PC1_C	0xe	4	0	0	0
899	0x50c21a8	_PC1_D	0xe	4	0	0	0
900	0x50c21e0	_shifts	0xe	4	0	0	0
901	0x50c21f0	_PC2_C	0xe	4	0	0	0
902	0x50c2208	_PC2_D	0xe	4	0	0	0
903	0x50c2220	_IPtab	0xe	4	0	0	0
904	0x50c22a0	_FPtab	0xe	4	0	0	0
905	0x50c2320	_longtab	0xe	4	0	0	0
906	0x50c23a0	_R_to_ER_tab	0xe	4	0	0	0
907	0x50c43a0	_S_tab	0xe	4	0	0	0
908	0x50c4ba0	_P_tab	0xe	4	0	0	0
909	0x50c5ba0	_partab	0xe	4	0	0	0
910	0x503b7b4	_des_setkey	0xe	1	0	0	0
911	0x503b990	_des_encrypt	0xe	1	0	0	0
912	0x503be78	_do_F	0xe	1	0	0	0
913	0x503be8c	_cipher	0xe	1	0	0	0
914	0x503bebc	_secs_to_packed_nsecs	0xe	1	0	0	0
915	0x503bf44	_packed_nsecs_to_secs	0xe	1	0	0	0
916	0x503bf88	__NXGetEventPort	0xe	1	0	0	0
917	0x50c5c20	_event_portType.84	0xe	4	0	0	0
918	0x50c5c24	_RetCodeCheck.85	0xe	4	0	0	0
919	0x50c5c28	_event_portType.88	0xe	4	0	0	0
920	0x50c5c2c	_RetCodeCheck.89	0xe	4	0	0	0
921	0x50c5c30	_event_portType.92	0xe	4	0	0	0
922	0x50c5c34	_taskType.93	0xe	4	0	0	0
923	0x50c5c38	_sizeType.94	0xe	4	0	0	0
924	0x50c5c3c	_RetCodeCheck.95	0xe	4	0	0	0
925	0x50c5c40	_addrCheck.96	0xe	4	0	0	0
926	0x50c5c44	_event_portType.99	0xe	4	0	0	0
927	0x50c5c48	_nameType.100	0xe	4	0	0	0
928	0x50c5c4c	_classType.101	0xe	4	0	0	0
929	0x50c5c50	_RetCodeCheck.102	0xe	4	0	0	0
930	0x50c5c54	_nameDevicePortCheck.103	0xe	4	0	0	0
931	0x50c5c58	_special_keyType.106	0xe	4	0	0	0
932	0x50c5c5c	_key_portType.107	0xe	4	0	0	0
933	0x50c5c60	_RetCodeCheck.108	0xe	4	0	0	0
934	0x50c5c64	_unitType.111	0xe	4	0	0	0
935	0x50c5c68	_parameterNameType.112	0xe	4	0	0	0
936	0x50c5c6c	_maxCountType.113	0xe	4	0	0	0
937	0x50c5c70	_RetCodeCheck.114	0xe	4	0	0	0
938	0x50c5c74	_unitType.117	0xe	4	0	0	0
939	0x50c5c78	_parameterNameType.118	0xe	4	0	0	0
940	0x50c5c7c	_maxCountType.119	0xe	4	0	0	0
941	0x50c5c80	_RetCodeCheck.120	0xe	4	0	0	0
942	0x50c5c84	_unitType.123	0xe	4	0	0	0
943	0x50c5c88	_parameterNameType.124	0xe	4	0	0	0
944	0x50c5c8c	_parameterArrayType.125	0xe	4	0	0	0
945	0x50c5c90	_RetCodeCheck.126	0xe	4	0	0	0
946	0x50c5c94	_unitType.129	0xe	4	0	0	0
947	0x50c5c98	_parameterNameType.130	0xe	4	0	0	0
948	0x50c5c9c	_parameterArrayType.131	0xe	4	0	0	0
949	0x50c5ca8	_RetCodeCheck.132	0xe	4	0	0	0
950	0x50c5cac	_IP	0xe	4	0	0	0
951	0x50c5cec	_FP	0xe	4	0	0	0
952	0x50c5d2c	_PC1_C	0xe	4	0	0	0
953	0x50c5d48	_PC1_D	0xe	4	0	0	0
954	0x50c5d64	_shifts	0xe	4	0	0	0
955	0x50c5d74	_PC2_C	0xe	4	0	0	0
956	0x50c5d8c	_PC2_D	0xe	4	0	0	0
957	0x50c9f44	_cryptglobalsp.2	0xe	7	0	0	0
958	0x503df74	_getcryptglobalsp	0xe	1	0	0	0
959	0x50c5da4	_e	0xe	4	0	0	0
960	0x50c5dd4	_S	0xe	4	0	0	0
961	0x50c5fd4	_P	0xe	4	0	0	0
962	0x50c9f54	_iobuf.9	0xe	7	0	0	0
963	0x50c5ff4	_wday_name.82	0xe	4	0	0	0
964	0x50c6009	_mon_name.83	0xe	4	0	0	0
965	0x50c9f6c	_result.84	0xe	7	0	0	0
966	0x50c9f8c	_ctimeglobalsp.87	0xe	7	0	0	0
967	0x503e70c	_getctimeglobalsp	0xe	1	0	0	0
968	0x503e748	_detzcode	0xe	1	0	0	0
969	0x503e780	_tzload	0xe	1	0	0	0
970	0x503eb28	_tzsetkernel	0xe	1	0	0	0
971	0x503ebcc	_tzsetgmt	0xe	1	0	0	0
972	0x50c6030	_mon_lengths	0xe	4	0	0	0
973	0x50c6090	_year_lengths	0xe	4	0	0	0
974	0x50c9fb4	_tm.106	0xe	7	0	0	0
975	0x503eff0	_offtime	0xe	1	0	0	0
976	0x50c6098	_GMT	0xe	4	0	0	0
977	0x50c619d	__ctype_padding	0xe	4	0	0	0
978	0x50cf57c	_stuff.80	0xe	12	0	0	0
979	0x50cf584	_dev_name	0xe	12	0	0	0
980	0x503f67c	_dgetent	0xe	1	0	0	0
981	0x50cf59c	_tbuf	0xe	12	0	0	0
982	0x503f7b8	_dnamatch	0xe	1	0	0	0
983	0x503f884	_dskip	0xe	1	0	0	0
984	0x503f8b8	_dgetnum	0xe	1	0	0	0
985	0x503f974	_dgetflag	0xe	1	0	0	0
986	0x503f9dc	_dgetstr	0xe	1	0	0	0
987	0x503fa44	_ddecode	0xe	1	0	0	0
988	0x50cf580	_label.97	0xe	12	0	0	0
989	0x50c6929	_shell	0xe	4	0	0	0
990	0x503fdf0	_execat	0xe	1	0	0	0
991	0x50c6931	_TMPFILE	0xe	4	0	0	0
992	0x50ca024	_line.6	0xe	7	0	0	0
993	0x50cf5a0	_xent.7	0xe	12	0	0	0
994	0x50ca034	_tokenbuf.14	0xe	7	0	0	0
995	0x5040400	_skipwhite	0xe	1	0	0	0
996	0x5040430	_skipnonwhite	0xe	1	0	0	0
997	0x50ca044	_EMPTY	0xe	7	0	0	0
998	0x504045c	_striphash_fgets	0xe	1	0	0	0
999	0x5040508	_pwskip	0xe	1	0	0	0
1000	0x50cf5a8	_pwp.8	0xe	12	0	0	0
1001	0x50cf5ac	_line.9	0xe	12	0	0	0
1002	0x504054c	_interpret	0xe	1	0	0	0
1003	0x50407b0	_fstabscan	0xe	1	0	0	0
1004	0x50cf5b4	_fs_file	0xe	12	0	0	0
1005	0x50cf5b0	_pfs	0xe	12	0	0	0
1006	0x50ca078	_environ_pointer.80	0xe	7	0	0	0
1007	0x5040b9c	_nvmatch	0xe	1	0	0	0
1008	0x50c6941	_GROUP	0xe	4	0	0	0
1009	0x50ca084	_firsttime	0xe	7	0	0	0
1010	0x5040be4	_striphash_fgets	0xe	1	0	0	0
1011	0x50cf5c0	__grjunk	0xe	12	0	0	0
1012	0x50cf5c4	_usingyellow	0xe	12	0	0	0
1013	0x5040fc0	_grskip	0xe	1	0	0	0
1014	0x50cf5b8	_savegp.18	0xe	12	0	0	0
1015	0x5041288	_interpret	0xe	1	0	0	0
1016	0x5041398	_freeminuslist	0xe	1	0	0	0
1017	0x50413f0	_interpretwithsave	0xe	1	0	0	0
1018	0x5041454	_onminuslist	0xe	1	0	0	0
1019	0x50414b0	_getnextfromyellow	0xe	1	0	0	0
1020	0x5041530	_getfirstfromyellow	0xe	1	0	0	0
1021	0x50415a8	_getnamefromyellow	0xe	1	0	0	0
1022	0x5041654	_addtominuslist	0xe	1	0	0	0
1023	0x50cf5bc	_sv.39	0xe	12	0	0	0
1024	0x50416bc	_save	0xe	1	0	0	0
1025	0x504188c	_matchname	0xe	1	0	0	0
1026	0x5041974	_matchgid	0xe	1	0	0	0
1027	0x5041a40	_gidof	0xe	1	0	0	0
1028	0x5041a88	_getgidfromyellow	0xe	1	0	0	0
1029	0x50c694c	_UTMP	0xe	4	0	0	0
1030	0x50cf5c8	_ubuf	0xe	12	0	0	0
1031	0x50cf5ec	_pbuf.2	0xe	12	0	0	0
1032	0x50ca0ec	_EMPTY	0xe	7	0	0	0
1033	0x5041d8c	_striphash_fgets	0xe	1	0	0	0
1034	0x5041dd4	__pwjunk	0xe	1	0	0	0
1035	0x50cf624	___pwjunk	0xe	12	0	0	0
1036	0x50cf5f8	_passwd.6	0xe	12	0	0	0
1037	0x5041e28	_fetchpw	0xe	1	0	0	0
1038	0x50cf628	__pw_db	0xe	12	0	0	0
1039	0x50cf62c	__pw_stayopen	0xe	12	0	0	0
1040	0x504254c	_pwskip	0xe	1	0	0	0
1041	0x50cf61c	_savepw.21	0xe	12	0	0	0
1042	0x504295c	_matchname	0xe	1	0	0	0
1043	0x5042aa8	_matchuid	0xe	1	0	0	0
1044	0x5042c68	_uidof	0xe	1	0	0	0
1045	0x5042cb0	_getnextfromyellow	0xe	1	0	0	0
1046	0x5042d38	_getfirstfromyellow	0xe	1	0	0	0
1047	0x5042db8	_getnamefromyellow	0xe	1	0	0	0
1048	0x5042e8c	_getuidfromyellow	0xe	1	0	0	0
1049	0x5042f78	_interpretwithsave	0xe	1	0	0	0
1050	0x5042ff8	_interpret	0xe	1	0	0	0
1051	0x504310c	_freeminuslist	0xe	1	0	0	0
1052	0x5043160	_addtominuslist	0xe	1	0	0	0
1053	0x50cf620	_sv.46	0xe	12	0	0	0
1054	0x50431c8	_save	0xe	1	0	0	0
1055	0x5043334	_onminuslist	0xe	1	0	0	0
1056	0x50ca14c	___ttyjunk	0xe	7	0	0	0
1057	0x5043390	__ttyjunk	0xe	1	0	0	0
1058	0x5043468	_skip	0xe	1	0	0	0
1059	0x5043528	_value	0xe	1	0	0	0
1060	0x50ca16c	_okshells	0xe	7	0	0	0
1061	0x50ca178	_strings	0xe	7	0	0	0
1062	0x50cf634	_curshell	0xe	12	0	0	0
1063	0x50cf630	_shells	0xe	12	0	0	0
1064	0x504386c	_initshells	0xe	1	0	0	0
1065	0x50ca18c	_pathsize	0xe	7	0	0	0
1066	0x50ca190	_cachedName.80	0xe	7	0	0	0
1067	0x5043b10	_real_getwd	0xe	1	0	0	0
1068	0x5043de4	_prepend	0xe	1	0	0	0
1069	0x50ca1a0	_rld_get_loaded_state	0xe	7	0	0	0
1070	0x50ca1a4	_profiling	0xe	7	0	0	0
1071	0x50ca1a5	_init	0xe	7	0	0	0
1072	0x50ca1a8	_order	0xe	7	0	0	0
1073	0x50ca1ac	_mon	0xe	7	0	0	0
1074	0x50ca1b0	_nmon	0xe	7	0	0	0
1075	0x50440dc	_monsetup	0xe	1	0	0	0
1076	0x50ca1e4	_malloc_static	0xe	7	0	0	0
1077	0x50ca210	_MallocErrorFunc	0xe	7	0	0	0
1078	0x5048c70	_DefaultMallocError	0xe	1	0	0	0
1079	0x5045834	_malloc_check	0xe	1	0	0	0
1080	0x5045868	_errmessage	0xe	1	0	0	0
1081	0x50458a4	_stdmessage	0xe	1	0	0	0
1082	0x5045914	_heapadd	0xe	1	0	0	0
1083	0x5045958	_heapremove	0xe	1	0	0	0
1084	0x50459ec	_upheap	0xe	1	0	0	0
1085	0x5045a80	_downheap	0xe	1	0	0	0
1086	0x5045b24	_malloc_init	0xe	1	0	0	0
1087	0x5045c38	_nxdestroyzone	0xe	1	0	0	0
1088	0x504606c	_joinzonesnolock	0xe	1	0	0	0
1089	0x5046288	_newzonedatanolock	0xe	1	0	0	0
1090	0x50464a4	_keepzonenolock	0xe	1	0	0	0
1091	0x50466cc	_dolockordebug	0xe	1	0	0	0
1092	0x50467cc	__valloczonenolock	0xe	1	0	0	0
1093	0x5046840	_break_region	0xe	1	0	0	0
1094	0x50468c4	_newregionnolock	0xe	1	0	0	0
1095	0x50468fc	_checkregionsallocation	0xe	1	0	0	0
1096	0x504697c	_delregionnolock	0xe	1	0	0	0
1097	0x50469ec	_delzonenolock	0xe	1	0	0	0
1098	0x5046a88	_addregionnolock	0xe	1	0	0	0
1099	0x5046b84	_findregionnolock	0xe	1	0	0	0
1100	0x5046d08	_nxzonemalloc	0xe	1	0	0	0
1101	0x5046d98	_mallocnofree	0xe	1	0	0	0
1102	0x5046df8	_nxzonemallocnolock	0xe	1	0	0	0
1103	0x5046fa8	_mallocnofreenolock	0xe	1	0	0	0
1104	0x5047048	_morememnolock	0xe	1	0	0	0
1105	0x50471a4	_internal_zone_extend	0xe	1	0	0	0
1106	0x5047450	_nxzonerealloc	0xe	1	0	0	0
1107	0x50474e4	_nxzonereallocnolock	0xe	1	0	0	0
1108	0x504766c	_NXZoneRealloc_canyou	0xe	1	0	0	0
1109	0x50477dc	_nxzonefree	0xe	1	0	0	0
1110	0x5047898	_nxzonefreenolock	0xe	1	0	0	0
1111	0x5047db4	_checkfreearrayallocation	0xe	1	0	0	0
1112	0x5047e30	_dumpheap	0xe	1	0	0	0
1113	0x5047f2c	_checkheap	0xe	1	0	0	0
1114	0x5047fe8	_malloc_checkfreeheaps	0xe	1	0	0	0
1115	0x50481c8	_malloc_checkzones	0xe	1	0	0	0
1116	0x50487cc	_vallocnolock	0xe	1	0	0	0
1117	0x5048a9c	_isMallocData	0xe	1	0	0	0
1118	0x5048b58	_vfreenolock	0xe	1	0	0	0
1119	0x50ca30c	_MallocErrorMessages.126	0xe	7	0	0	0
1120	0x50ca378	_mntp	0xe	7	0	0	0
1121	0x5049130	_mntstr	0xe	1	0	0	0
1122	0x50491d8	_mntdigit	0xe	1	0	0	0
1123	0x50ca388	_line.8	0xe	7	0	0	0
1124	0x50492a0	_mnttabscan	0xe	1	0	0	0
1125	0x5049520	_mntopt	0xe	1	0	0	0
1126	0x504962c	_mntprtent	0xe	1	0	0	0
1127	0x5049d6c	_dbm_access	0xe	1	0	0	0
1128	0x5049e0c	_getbit	0xe	1	0	0	0
1129	0x5049ee4	_setbit	0xe	1	0	0	0
1130	0x5049ff4	_makdatum	0xe	1	0	0	0
1131	0x504a054	_finddatum	0xe	1	0	0	0
1132	0x50ca3e0	_hitab	0xe	7	0	0	0
1133	0x50c6958	_hltab	0xe	4	0	0	0
1134	0x504a0cc	_hashinc	0xe	1	0	0	0
1135	0x504a110	_dcalchash	0xe	1	0	0	0
1136	0x504a194	_delitem	0xe	1	0	0	0
1137	0x504a23c	_additem	0xe	1	0	0	0
1138	0x50ca43c	_popen_pid	0xe	7	0	0	0
1139	0x50ca440	_nfiles	0xe	7	0	0	0
1140	0x504aed8	_qst	0xe	1	0	0	0
1141	0x50ca458	_degrees	0xe	7	0	0	0
1142	0x50ca46c	_seps	0xe	7	0	0	0
1143	0x50ca480	_randtbl	0xe	7	0	0	0
1144	0x50ca500	_fptr	0xe	7	0	0	0
1145	0x50ca504	_rptr	0xe	7	0	0	0
1146	0x50ca508	_state	0xe	7	0	0	0
1147	0x50ca50c	_rand_type	0xe	7	0	0	0
1148	0x50ca510	_rand_deg	0xe	7	0	0	0
1149	0x50ca514	_rand_sep	0xe	7	0	0	0
1150	0x50ca518	_end_ptr	0xe	7	0	0	0
1151	0x504b540	_resolvelinks	0xe	1	0	0	0
1152	0x504b7a8	_resolvedots	0xe	1	0	0	0
1153	0x504bb20	_re_alloc	0xe	1	0	0	0
1154	0x50ca544	_retoolong.6	0xe	7	0	0	0
1155	0x50cf738	_R	0xe	12	0	0	0
1156	0x504c01c	_advance	0xe	1	0	0	0
1157	0x50cf638	_prev.21	0xe	12	0	0	0
1158	0x50ca590	_mask.2	0xe	7	0	0	0
1159	0x50ca610	_flags.3	0xe	7	0	0	0
1160	0x504c7bc	_signal__	0xe	1	0	0	0
1161	0x504c920	_msleep	0xe	1	0	0	0
1162	0x50c6c42	_charmap	0xe	4	0	0	0
1163	0x50c6d42	_logname	0xe	4	0	0	0
1164	0x50c6d4b	_ctty	0xe	4	0	0	0
1165	0x50ca6b0	_LogFile	0xe	7	0	0	0
1166	0x50ca6b4	_LogStat	0xe	7	0	0	0
1167	0x50ca6b8	_LogTag	0xe	7	0	0	0
1168	0x50ca6bc	_LogMask	0xe	7	0	0	0
1169	0x50ca6c0	_LogFacility	0xe	7	0	0	0
1170	0x50ca6c4	_SyslogAddr	0xe	7	0	0	0
1171	0x504cc24	__do_syslog	0xe	1	0	0	0
1172	0x50cf98c	_czone	0xe	12	0	0	0
1173	0x50cefd8	_zonetab	0xe	11	0	0	0
1174	0x50c6d58	_dev	0xe	4	0	0	0
1175	0x50cf9be	_rbuf.80	0xe	12	0	0	0
1176	0x50cf9e0	_ringring	0xe	12	0	0	0
1177	0x504d848	_sleepx	0xe	1	0	0	0
1178	0x50ca730	_buf.6	0xe	7	0	0	0
1179	0x504d98c	_cvt	0xe	1	0	0	0
1180	0x504dc58	_ecvt_rint	0xe	1	0	0	0
1181	0x50ca8ac	_monfunc_addrs	0xe	7	0	0	0
1182	0x0	__framesize	0x2	0	0	0	0
1183	0x0	__nested_function	0x2	0	0	0	0
1184	0x0	__framesize	0x2	0	0	0	0
1185	0x0	__nested_function	0x2	0	0	0	0
1186	0x0	__framesize	0x2	0	0	0	0
1187	0x0	__nested_function	0x2	0	0	0	0
1188	0x8	__framesize	0x2	0	0	0	0
1189	0x0	__nested_function	0x2	0	0	0	0
1190	0x0	__framesize	0x2	0	0	0	0
1191	0x0	__nested_function	0x2	0	0	0	0
1192	0x0	__framesize	0x2	0	0	0	0
1193	0x0	__nested_function	0x2	0	0	0	0
1194	0x50ca92c	_b.72	0xe	7	0	0	0
1195	0x504eb8c	_badd	0xe	1	0	0	0
1196	0x504ef6c	_bshift	0xe	1	0	0	0
1197	0x50cab90	_woops.2	0xe	7	0	0	0
1198	0x504f9a4	_bsub	0xe	1	0	0	0
1199	0x50cabf4	_old_next_minbrk	0xe	7	0	0	0
1200	0x50cabf4	old_next_minbrk	0xe	7	0	0	0
1201	0x50cabf8	_old_next_curbrk	0xe	7	0	0	0
1202	0x50cabf8	old_next_curbrk	0xe	7	0	0	0
1203	0x5050284	_mach_init_doit	0xe	1	0	0	0
1204	0x50cacfc	_RetCodeType	0xe	7	0	0	0
1205	0x50cad14	_sbrk_needs_init	0xe	7	0	0	0
1206	0x50cad18	_sbrk_region_size	0xe	7	0	0	0
1207	0x50cf9e4	_sbrk_curbrk	0xe	12	0	0	0
1208	0x0	__framesize	0x2	0	0	0	0
1209	0x0	__nested_function	0x2	0	0	0	0
1210	0x50c6d64	_service_nameType.10	0xe	4	0	0	0
1211	0x50c6d70	_RetCodeCheck.11	0xe	4	0	0	0
1212	0x50c6d74	_service_portCheck.12	0xe	4	0	0	0
1213	0x50c6d78	_service_nameType.15	0xe	4	0	0	0
1214	0x50c6d84	_service_portType.16	0xe	4	0	0	0
1215	0x50c6d88	_RetCodeCheck.17	0xe	4	0	0	0
1216	0x50c6d8c	_service_nameType.20	0xe	4	0	0	0
1217	0x50c6d98	_RetCodeCheck.21	0xe	4	0	0	0
1218	0x50c6d9c	_service_portCheck.22	0xe	4	0	0	0
1219	0x50c6da0	_service_namesType.25	0xe	4	0	0	0
1220	0x50c6dac	_RetCodeCheck.26	0xe	4	0	0	0
1221	0x50c6db0	_all_services_knownCheck.27	0xe	4	0	0	0
1222	0x50c6db4	_service_nameType.30	0xe	4	0	0	0
1223	0x50c6dc0	_RetCodeCheck.31	0xe	4	0	0	0
1224	0x50c6dc4	_service_activeCheck.32	0xe	4	0	0	0
1225	0x50c6dc8	_RetCodeCheck.35	0xe	4	0	0	0
1226	0x50c6dcc	_requestor_portType.38	0xe	4	0	0	0
1227	0x50c6dd0	_RetCodeCheck.39	0xe	4	0	0	0
1228	0x50c6dd4	_subset_portCheck.40	0xe	4	0	0	0
1229	0x50c6dd8	_service_nameType.43	0xe	4	0	0	0
1230	0x50c6de4	_RetCodeCheck.44	0xe	4	0	0	0
1231	0x50c6de8	_service_portCheck.45	0xe	4	0	0	0
1232	0x50c6dec	_threadType.10	0xe	4	0	0	0
1233	0x50c6df0	_taskType.11	0xe	4	0	0	0
1234	0x50c6df4	_exceptionType.12	0xe	4	0	0	0
1235	0x50c6df8	_codeType.13	0xe	4	0	0	0
1236	0x50c6dfc	_subcodeType.14	0xe	4	0	0	0
1237	0x50c6e00	_RetCodeCheck.15	0xe	4	0	0	0
1238	0x50c6e04	_threadCheck.10	0xe	4	0	0	0
1239	0x50c6e08	_taskCheck.11	0xe	4	0	0	0
1240	0x50c6e0c	_exceptionCheck.12	0xe	4	0	0	0
1241	0x50c6e10	_codeCheck.13	0xe	4	0	0	0
1242	0x50c6e14	_subcodeCheck.14	0xe	4	0	0	0
1243	0x50515cc	__Xexception_raise	0xe	1	0	0	0
1244	0x50c6e18	_RetCodeType.17	0xe	4	0	0	0
1245	0x50cf068	_routines.18	0xe	11	0	0	0
1246	0x50c6e1c	_inherit_memoryType.10	0xe	4	0	0	0
1247	0x50c6e20	_RetCodeCheck.11	0xe	4	0	0	0
1248	0x50c6e24	_child_taskCheck.12	0xe	4	0	0	0
1249	0x50c6e28	_RetCodeCheck.15	0xe	4	0	0	0
1250	0x50c6e2c	_RetCodeCheck.18	0xe	4	0	0	0
1251	0x50c6e30	_RetCodeCheck.21	0xe	4	0	0	0
1252	0x50c6e34	_addressType.24	0xe	4	0	0	0
1253	0x50c6e38	_sizeType.25	0xe	4	0	0	0
1254	0x50c6e3c	_anywhereType.26	0xe	4	0	0	0
1255	0x50c6e40	_RetCodeCheck.27	0xe	4	0	0	0
1256	0x50c6e44	_addressCheck.28	0xe	4	0	0	0
1257	0x50c6e48	_addressType.31	0xe	4	0	0	0
1258	0x50c6e4c	_sizeType.32	0xe	4	0	0	0
1259	0x50c6e50	_RetCodeCheck.33	0xe	4	0	0	0
1260	0x50c6e54	_addressType.36	0xe	4	0	0	0
1261	0x50c6e58	_sizeType.37	0xe	4	0	0	0
1262	0x50c6e5c	_set_maximumType.38	0xe	4	0	0	0
1263	0x50c6e60	_new_protectionType.39	0xe	4	0	0	0
1264	0x50c6e64	_RetCodeCheck.40	0xe	4	0	0	0
1265	0x50c6e68	_addressType.43	0xe	4	0	0	0
1266	0x50c6e6c	_sizeType.44	0xe	4	0	0	0
1267	0x50c6e70	_new_inheritanceType.45	0xe	4	0	0	0
1268	0x50c6e74	_RetCodeCheck.46	0xe	4	0	0	0
1269	0x50c6e78	_addressType.49	0xe	4	0	0	0
1270	0x50c6e7c	_sizeType.50	0xe	4	0	0	0
1271	0x50c6e80	_RetCodeCheck.51	0xe	4	0	0	0
1272	0x50c6e84	_addressType.54	0xe	4	0	0	0
1273	0x50c6e88	_dataType.55	0xe	4	0	0	0
1274	0x50c6e94	_RetCodeCheck.56	0xe	4	0	0	0
1275	0x50c6e98	_source_addressType.59	0xe	4	0	0	0
1276	0x50c6e9c	_sizeType.60	0xe	4	0	0	0
1277	0x50c6ea0	_dest_addressType.61	0xe	4	0	0	0
1278	0x50c6ea4	_RetCodeCheck.62	0xe	4	0	0	0
1279	0x50c6ea8	_addressType.65	0xe	4	0	0	0
1280	0x50c6eac	_RetCodeCheck.66	0xe	4	0	0	0
1281	0x50c6eb0	_addressCheck.67	0xe	4	0	0	0
1282	0x50c6eb4	_sizeCheck.68	0xe	4	0	0	0
1283	0x50c6eb8	_protectionCheck.69	0xe	4	0	0	0
1284	0x50c6ebc	_max_protectionCheck.70	0xe	4	0	0	0
1285	0x50c6ec0	_inheritanceCheck.71	0xe	4	0	0	0
1286	0x50c6ec4	_is_sharedCheck.72	0xe	4	0	0	0
1287	0x50c6ec8	_object_nameCheck.73	0xe	4	0	0	0
1288	0x50c6ecc	_offsetCheck.74	0xe	4	0	0	0
1289	0x50c6ed0	_RetCodeCheck.77	0xe	4	0	0	0
1290	0x50c6ed4	_vm_statsCheck.78	0xe	4	0	0	0
1291	0x50c6ed8	_process_idType.81	0xe	4	0	0	0
1292	0x50c6edc	_RetCodeCheck.82	0xe	4	0	0	0
1293	0x50c6ee0	_result_taskCheck.83	0xe	4	0	0	0
1294	0x50c6ee4	_RetCodeCheck.86	0xe	4	0	0	0
1295	0x50c6ee8	_process_idCheck.87	0xe	4	0	0	0
1296	0x50c6eec	_src_addrType.90	0xe	4	0	0	0
1297	0x50c6ef0	_dst_addrType.91	0xe	4	0	0	0
1298	0x50c6ef4	_src_portType.92	0xe	4	0	0	0
1299	0x50c6ef8	_dst_portType.93	0xe	4	0	0	0
1300	0x50c6efc	_protocolType.94	0xe	4	0	0	0
1301	0x50c6f00	_ipc_portType.95	0xe	4	0	0	0
1302	0x50c6f04	_RetCodeCheck.96	0xe	4	0	0	0
1303	0x50c6f08	_ipc_portType.99	0xe	4	0	0	0
1304	0x50c6f0c	_RetCodeCheck.100	0xe	4	0	0	0
1305	0x50c6f10	_RetCodeCheck.103	0xe	4	0	0	0
1306	0x50c6f14	_infoCheck.104	0xe	4	0	0	0
1307	0x50c6f18	_slotType.107	0xe	4	0	0	0
1308	0x50c6f1c	_RetCodeCheck.108	0xe	4	0	0	0
1309	0x50c6f20	_infoCheck.109	0xe	4	0	0	0
1310	0x50c6f24	_cpuType.112	0xe	4	0	0	0
1311	0x50c6f28	_runningType.113	0xe	4	0	0	0
1312	0x50c6f2c	_RetCodeCheck.114	0xe	4	0	0	0
1313	0x50c6f30	_RetCodeCheck.117	0xe	4	0	0	0
1314	0x50c6f34	_RetCodeCheck.120	0xe	4	0	0	0
1315	0x50c6f38	_which_portType.123	0xe	4	0	0	0
1316	0x50c6f3c	_RetCodeCheck.124	0xe	4	0	0	0
1317	0x50c6f40	_special_portCheck.125	0xe	4	0	0	0
1318	0x50c6f44	_which_portType.128	0xe	4	0	0	0
1319	0x50c6f48	_special_portType.129	0xe	4	0	0	0
1320	0x50c6f4c	_RetCodeCheck.130	0xe	4	0	0	0
1321	0x50c6f50	_flavorType.133	0xe	4	0	0	0
1322	0x50c6f54	_RetCodeCheck.134	0xe	4	0	0	0
1323	0x50c6f58	_RetCodeCheck.137	0xe	4	0	0	0
1324	0x50c6f5c	_child_threadCheck.138	0xe	4	0	0	0
1325	0x50c6f60	_RetCodeCheck.141	0xe	4	0	0	0
1326	0x50c6f64	_RetCodeCheck.144	0xe	4	0	0	0
1327	0x50c6f68	_RetCodeCheck.147	0xe	4	0	0	0
1328	0x50c6f6c	_flavorType.150	0xe	4	0	0	0
1329	0x50c6f70	_RetCodeCheck.151	0xe	4	0	0	0
1330	0x50c6f74	_flavorType.154	0xe	4	0	0	0
1331	0x50c6f78	_new_stateType.155	0xe	4	0	0	0
1332	0x50c6f84	_RetCodeCheck.156	0xe	4	0	0	0
1333	0x50c6f88	_which_portType.159	0xe	4	0	0	0
1334	0x50c6f8c	_RetCodeCheck.160	0xe	4	0	0	0
1335	0x50c6f90	_special_portCheck.161	0xe	4	0	0	0
1336	0x50c6f94	_which_portType.164	0xe	4	0	0	0
1337	0x50c6f98	_special_portType.165	0xe	4	0	0	0
1338	0x50c6f9c	_RetCodeCheck.166	0xe	4	0	0	0
1339	0x50c6fa0	_flavorType.169	0xe	4	0	0	0
1340	0x50c6fa4	_RetCodeCheck.170	0xe	4	0	0	0
1341	0x50c6fa8	_RetCodeCheck.173	0xe	4	0	0	0
1342	0x50c6fac	_port_nameType.176	0xe	4	0	0	0
1343	0x50c6fb0	_RetCodeCheck.177	0xe	4	0	0	0
1344	0x50c6fb4	_port_type_pCheck.178	0xe	4	0	0	0
1345	0x50c6fb8	_old_nameType.181	0xe	4	0	0	0
1346	0x50c6fbc	_new_nameType.182	0xe	4	0	0	0
1347	0x50c6fc0	_RetCodeCheck.183	0xe	4	0	0	0
1348	0x50c6fc4	_RetCodeCheck.186	0xe	4	0	0	0
1349	0x50c6fc8	_port_nameCheck.187	0xe	4	0	0	0
1350	0x50c6fcc	_port_nameType.190	0xe	4	0	0	0
1351	0x50c6fd0	_RetCodeCheck.191	0xe	4	0	0	0
1352	0x50c6fd4	_port_nameType.194	0xe	4	0	0	0
1353	0x50c6fd8	_backlogType.195	0xe	4	0	0	0
1354	0x50c6fdc	_RetCodeCheck.196	0xe	4	0	0	0
1355	0x50c6fe0	_port_nameType.199	0xe	4	0	0	0
1356	0x50c6fe4	_RetCodeCheck.200	0xe	4	0	0	0
1357	0x50c6fe8	_enabledCheck.201	0xe	4	0	0	0
1358	0x50c6fec	_num_msgsCheck.202	0xe	4	0	0	0
1359	0x50c6ff0	_backlogCheck.203	0xe	4	0	0	0
1360	0x50c6ff4	_ownershipCheck.204	0xe	4	0	0	0
1361	0x50c6ff8	_receive_rightsCheck.205	0xe	4	0	0	0
1362	0x50c6ffc	_RetCodeCheck.208	0xe	4	0	0	0
1363	0x50c7000	_set_nameCheck.209	0xe	4	0	0	0
1364	0x50c7004	_set_nameType.212	0xe	4	0	0	0
1365	0x50c7008	_RetCodeCheck.213	0xe	4	0	0	0
1366	0x50c700c	_set_nameType.216	0xe	4	0	0	0
1367	0x50c7010	_port_nameType.217	0xe	4	0	0	0
1368	0x50c7014	_RetCodeCheck.218	0xe	4	0	0	0
1369	0x50c7018	_port_nameType.221	0xe	4	0	0	0
1370	0x50c701c	_RetCodeCheck.222	0xe	4	0	0	0
1371	0x50c7020	_set_nameType.225	0xe	4	0	0	0
1372	0x50c7024	_RetCodeCheck.226	0xe	4	0	0	0
1373	0x50c7028	_my_portType.229	0xe	4	0	0	0
1374	0x50c702c	_his_nameType.230	0xe	4	0	0	0
1375	0x50c7030	_RetCodeCheck.231	0xe	4	0	0	0
1376	0x50c7034	_his_nameType.234	0xe	4	0	0	0
1377	0x50c7038	_RetCodeCheck.235	0xe	4	0	0	0
1378	0x50c703c	_his_portCheck.236	0xe	4	0	0	0
1379	0x50c7040	_my_portType.239	0xe	4	0	0	0
1380	0x50c7044	_his_nameType.240	0xe	4	0	0	0
1381	0x50c7048	_RetCodeCheck.241	0xe	4	0	0	0
1382	0x50c704c	_his_nameType.244	0xe	4	0	0	0
1383	0x50c7050	_RetCodeCheck.245	0xe	4	0	0	0
1384	0x50c7054	_his_portCheck.246	0xe	4	0	0	0
1385	0x50c7058	_port_nameType.249	0xe	4	0	0	0
1386	0x50c705c	_backupType.250	0xe	4	0	0	0
1387	0x50c7060	_RetCodeCheck.251	0xe	4	0	0	0
1388	0x50c7064	_previousCheck.252	0xe	4	0	0	0
1389	0x50c7068	_addressType.255	0xe	4	0	0	0
1390	0x50c706c	_sizeType.256	0xe	4	0	0	0
1391	0x50c7070	_attributeType.257	0xe	4	0	0	0
1392	0x50c7074	_valueType.258	0xe	4	0	0	0
1393	0x50c7078	_RetCodeCheck.259	0xe	4	0	0	0
1394	0x50c707c	_valueCheck.260	0xe	4	0	0	0
1395	0x50c7080	_addressType.263	0xe	4	0	0	0
1396	0x50c7084	_sizeType.264	0xe	4	0	0	0
1397	0x50c7088	_RetCodeCheck.265	0xe	4	0	0	0
1398	0x50c708c	_addressType.268	0xe	4	0	0	0
1399	0x50c7090	_sizeType.269	0xe	4	0	0	0
1400	0x50c7094	_policyType.270	0xe	4	0	0	0
1401	0x50c7098	_RetCodeCheck.271	0xe	4	0	0	0
1402	0x50c709c	_addressType.274	0xe	4	0	0	0
1403	0x50c70a0	_sizeType.275	0xe	4	0	0	0
1404	0x50c70a4	_whenType.276	0xe	4	0	0	0
1405	0x50c70a8	_RetCodeCheck.277	0xe	4	0	0	0
1406	0x50c70ac	_RetCodeCheck.10	0xe	4	0	0	0
1407	0x50c70b0	_flavorType.13	0xe	4	0	0	0
1408	0x50c70b4	_RetCodeCheck.14	0xe	4	0	0	0
1409	0x50c70b8	_flavorType.17	0xe	4	0	0	0
1410	0x50c70bc	_RetCodeCheck.18	0xe	4	0	0	0
1411	0x50c70c0	_hostCheck.19	0xe	4	0	0	0
1412	0x50c70c4	_RetCodeCheck.22	0xe	4	0	0	0
1413	0x50c70c8	_RetCodeCheck.25	0xe	4	0	0	0
1414	0x50c70cc	_processor_cmdType.28	0xe	4	0	0	0
1415	0x50c70d8	_RetCodeCheck.29	0xe	4	0	0	0
1416	0x50c70dc	_RetCodeCheck.32	0xe	4	0	0	0
1417	0x50c70e0	_default_setCheck.33	0xe	4	0	0	0
1418	0x50c70e4	_RetCodeCheck.36	0xe	4	0	0	0
1419	0x50c70e8	_new_setCheck.37	0xe	4	0	0	0
1420	0x50c70ec	_new_nameCheck.38	0xe	4	0	0	0
1421	0x50c70f0	_RetCodeCheck.41	0xe	4	0	0	0
1422	0x50c70f4	_flavorType.44	0xe	4	0	0	0
1423	0x50c70f8	_RetCodeCheck.45	0xe	4	0	0	0
1424	0x50c70fc	_hostCheck.46	0xe	4	0	0	0
1425	0x50c7100	_new_setType.49	0xe	4	0	0	0
1426	0x50c7104	_waitType.50	0xe	4	0	0	0
1427	0x50c7108	_RetCodeCheck.51	0xe	4	0	0	0
1428	0x50c710c	_RetCodeCheck.54	0xe	4	0	0	0
1429	0x50c7110	_assigned_setCheck.55	0xe	4	0	0	0
1430	0x50c7114	_new_setType.58	0xe	4	0	0	0
1431	0x50c7118	_RetCodeCheck.59	0xe	4	0	0	0
1432	0x50c711c	_RetCodeCheck.62	0xe	4	0	0	0
1433	0x50c7120	_RetCodeCheck.65	0xe	4	0	0	0
1434	0x50c7124	_assigned_setCheck.66	0xe	4	0	0	0
1435	0x50c7128	_new_setType.69	0xe	4	0	0	0
1436	0x50c712c	_assign_threadsType.70	0xe	4	0	0	0
1437	0x50c7130	_RetCodeCheck.71	0xe	4	0	0	0
1438	0x50c7134	_assign_threadsType.74	0xe	4	0	0	0
1439	0x50c7138	_RetCodeCheck.75	0xe	4	0	0	0
1440	0x50c713c	_RetCodeCheck.78	0xe	4	0	0	0
1441	0x50c7140	_assigned_setCheck.79	0xe	4	0	0	0
1442	0x50c7144	_RetCodeCheck.82	0xe	4	0	0	0
1443	0x50c7148	_priorityType.85	0xe	4	0	0	0
1444	0x50c714c	_set_maxType.86	0xe	4	0	0	0
1445	0x50c7150	_RetCodeCheck.87	0xe	4	0	0	0
1446	0x50c7154	_processor_setType.90	0xe	4	0	0	0
1447	0x50c7158	_max_priorityType.91	0xe	4	0	0	0
1448	0x50c715c	_RetCodeCheck.92	0xe	4	0	0	0
1449	0x50c7160	_priorityType.95	0xe	4	0	0	0
1450	0x50c7164	_change_threadsType.96	0xe	4	0	0	0
1451	0x50c7168	_RetCodeCheck.97	0xe	4	0	0	0
1452	0x50c716c	_max_priorityType.100	0xe	4	0	0	0
1453	0x50c7170	_change_threadsType.101	0xe	4	0	0	0
1454	0x50c7174	_RetCodeCheck.102	0xe	4	0	0	0
1455	0x50c7178	_policyType.105	0xe	4	0	0	0
1456	0x50c717c	_dataType.106	0xe	4	0	0	0
1457	0x50c7180	_RetCodeCheck.107	0xe	4	0	0	0
1458	0x50c7184	_policyType.110	0xe	4	0	0	0
1459	0x50c7188	_RetCodeCheck.111	0xe	4	0	0	0
1460	0x50c718c	_policyType.114	0xe	4	0	0	0
1461	0x50c7190	_change_threadsType.115	0xe	4	0	0	0
1462	0x50c7194	_RetCodeCheck.116	0xe	4	0	0	0
1463	0x50c7198	_RetCodeCheck.119	0xe	4	0	0	0
1464	0x50c719c	_RetCodeCheck.122	0xe	4	0	0	0
1465	0x50c71a0	_RetCodeCheck.125	0xe	4	0	0	0
1466	0x50c71a4	_set_nameType.128	0xe	4	0	0	0
1467	0x50c71a8	_RetCodeCheck.129	0xe	4	0	0	0
1468	0x50c71ac	_setCheck.130	0xe	4	0	0	0
1469	0x50c71b0	_RetCodeCheck.133	0xe	4	0	0	0
1470	0x50c71b4	_new_timeType.136	0xe	4	0	0	0
1471	0x50c71b8	_RetCodeCheck.137	0xe	4	0	0	0
1472	0x50c71bc	_new_adjustmentType.140	0xe	4	0	0	0
1473	0x50c71c0	_RetCodeCheck.141	0xe	4	0	0	0
1474	0x50c71c4	_old_adjustmentCheck.142	0xe	4	0	0	0
1475	0x50c71c8	_RetCodeCheck.145	0xe	4	0	0	0
1476	0x50c71cc	_current_timeCheck.146	0xe	4	0	0	0
1477	0x50c71d0	_port_nameType.10	0xe	4	0	0	0
1478	0x50c71dc	_signatureType.11	0xe	4	0	0	0
1479	0x50c71e0	_port_idType.12	0xe	4	0	0	0
1480	0x50c71e4	_RetCodeCheck.13	0xe	4	0	0	0
1481	0x50c71e8	_host_nameType.16	0xe	4	0	0	0
1482	0x50c71f4	_port_nameType.17	0xe	4	0	0	0
1483	0x50c7200	_RetCodeCheck.18	0xe	4	0	0	0
1484	0x50c7204	_port_idCheck.19	0xe	4	0	0	0
1485	0x50c7208	_port_nameType.22	0xe	4	0	0	0
1486	0x50c7214	_signatureType.23	0xe	4	0	0	0
1487	0x50c7218	_RetCodeCheck.24	0xe	4	0	0	0
1488	0x50c721c	_RetCodeCheck.27	0xe	4	0	0	0
1489	0x50cf06c	_ArchInfoTable	0xe	11	0	0	0
1490	0x50caee0	__mh_execute_header_pointer.80	0xe	7	0	0	0
1491	0x50caef0	__mh_execute_header_pointer.84	0xe	7	0	0	0
1492	0x50caf00	__mh_execute_header_pointer.91	0xe	7	0	0	0
1493	0x50caf08	__mh_execute_header_pointer.80	0xe	7	0	0	0
1494	0x50caf10	__mh_execute_header_pointer.80	0xe	7	0	0	0
1495	0x50c7220	_ethers	0xe	4	0	0	0
1496	0x50cf9e8	_s.74	0xe	12	0	0	0
1497	0x50cf9ec	_ep.77	0xe	12	0	0	0
1498	0x50cf9f0	_domain	0xe	12	0	0	0
1499	0x50587f4	_yellowup	0xe	1	0	0	0
1500	0x50cf9f4	_usingyellow	0xe	12	0	0	0
1501	0x50c722c	_NETWORKS	0xe	4	0	0	0
1502	0x5058834	__netdata	0xe	1	0	0	0
1503	0x50cf9f8	_netdata	0xe	12	0	0	0
1504	0x50c723a	_BYADDR	0xe	4	0	0	0
1505	0x50caf88	_line1.90	0xe	7	0	0	0
1506	0x5058cd0	_interpret	0xe	1	0	0	0
1507	0x5058e30	_any	0xe	1	0	0	0
1508	0x5058e74	_yellowup	0xe	1	0	0	0
1509	0x50c724a	_NETGROUP	0xe	4	0	0	0
1510	0x50cfa08	_oldgrp	0xe	12	0	0	0
1511	0x50cf9fc	_grouplist	0xe	12	0	0	0
1512	0x50cfa00	_grlist	0xe	12	0	0	0
1513	0x5059134	_doit	0xe	1	0	0	0
1514	0x50592c0	_fill	0xe	1	0	0	0
1515	0x5059364	_match	0xe	1	0	0	0
1516	0x50cfa04	_domain	0xe	12	0	0	0
1517	0x50c7253	_PROTODB	0xe	4	0	0	0
1518	0x50593e0	__protodata	0xe	1	0	0	0
1519	0x50cfa0c	_protodata	0xe	12	0	0	0
1520	0x5059858	_interpret	0xe	1	0	0	0
1521	0x50599ac	_yellowup	0xe	1	0	0	0
1522	0x50599f8	_any	0xe	1	0	0	0
1523	0x50cafe0	_servdata	0xe	7	0	0	0
1524	0x50c7262	_SERVDB	0xe	4	0	0	0
1525	0x50c7270	_YPMAP	0xe	4	0	0	0
1526	0x5059aa8	__servdata	0xe	1	0	0	0
1527	0x5059f14	_interpret	0xe	1	0	0	0
1528	0x505a060	_yellowup	0xe	1	0	0	0
1529	0x505a0a8	_any	0xe	1	0	0	0
1530	0x505a1e4	_doit	0xe	1	0	0	0
1531	0x505a5ac	_any	0xe	1	0	0	0
1532	0x505a5f0	_inlist	0xe	1	0	0	0
1533	0x505a668	_lookup	0xe	1	0	0	0
1534	0x505a7b0	_makekey	0xe	1	0	0	0
1535	0x50cfa10	_name	0xe	12	0	0	0
1536	0x50cfa14	_machine	0xe	12	0	0	0
1537	0x50cfa18	_domain	0xe	12	0	0	0
1538	0x50cfa24	_domain	0xe	12	0	0	0
1539	0x50cfa1c	_ldomain.88	0xe	12	0	0	0
1540	0x50cfa20	_domainp.89	0xe	12	0	0	0
1541	0x50cb030	_nodomain.90	0xe	7	0	0	0
1542	0x505b84c	_renv	0xe	1	0	0	0
1543	0x50cb044	_environ_pointer.76	0xe	7	0	0	0
1544	0x505b924	_renvlook	0xe	1	0	0	0
1545	0x50cfa28	_ruserpassglobalsp.79	0xe	12	0	0	0
1546	0x505b9c8	_getruserpassglobalsp	0xe	1	0	0	0
1547	0x50cf1e8	_toktab	0xe	11	0	0	0
1548	0x505ba04	_rnetrc	0xe	1	0	0	0
1549	0x50cfc6c	_cfile	0xe	12	0	0	0
1550	0x505bcac	_token	0xe	1	0	0	0
1551	0x50c7280	_e	0xe	4	0	0	0
1552	0x50cfa2c	_buf.86	0xe	12	0	0	0
1553	0x50cfa40	_oldbuf.87	0xe	12	0	0	0
1554	0x505be94	_nbsencrypt	0xe	1	0	0	0
1555	0x505bf44	_nbsdecrypt	0xe	1	0	0	0
1556	0x50cfa54	_keyblk.92	0xe	12	0	0	0
1557	0x50cfab8	_blk.93	0xe	12	0	0	0
1558	0x505bfdc	_nbs8encrypt	0xe	1	0	0	0
1559	0x50cfb1c	_keyblk.96	0xe	12	0	0	0
1560	0x50cfb80	_blk.97	0xe	12	0	0	0
1561	0x505c050	_nbs8decrypt	0xe	1	0	0	0
1562	0x505c0c4	_enblkclr	0xe	1	0	0	0
1563	0x50cfbe4	_iobuf.102	0xe	12	0	0	0
1564	0x505c138	_deblkclr	0xe	1	0	0	0
1565	0x505c1a4	_enblknot	0xe	1	0	0	0
1566	0x50cfc02	_iobuf.107	0xe	12	0	0	0
1567	0x505c220	_deblknot	0xe	1	0	0	0
1568	0x50c72b0	_IP	0xe	4	0	0	0
1569	0x50c72f0	_FP	0xe	4	0	0	0
1570	0x50c7330	_PC1_C	0xe	4	0	0	0
1571	0x50c734c	_PC1_D	0xe	4	0	0	0
1572	0x50c7368	_shifts	0xe	4	0	0	0
1573	0x50c7378	_PC2_C	0xe	4	0	0	0
1574	0x50c7390	_PC2_D	0xe	4	0	0	0
1575	0x505c29c	_nbssetkey	0xe	1	0	0	0
1576	0x50c73a8	_S	0xe	4	0	0	0
1577	0x50c75a8	_P	0xe	4	0	0	0
1578	0x505c448	_blkencrypt	0xe	1	0	0	0
1579	0x50cfc20	_utmpstr.114	0xe	12	0	0	0
1580	0x505c748	_getutmp	0xe	1	0	0	0
1581	0x505c7dc	_sreverse	0xe	1	0	0	0
1582	0x50cfc44	_skey.119	0xe	12	0	0	0
1583	0x505c820	_mkenvkey	0xe	1	0	0	0
1584	0x505cd04	_mklower	0xe	1	0	0	0
1585	0x505cd38	_dn_find	0xe	1	0	0	0
1586	0x505cef8	_dewks	0xe	1	0	0	0
1587	0x50cfc70	_retbuf	0xe	12	0	0	0
1588	0x505d3c8	_deproto	0xe	1	0	0	0
1589	0x505d4bc	_do_rrset	0xe	1	0	0	0
1590	0x50cfc80	_nbuf	0xe	12	0	0	0
1591	0x505f9e0	_res_setoptions	0xe	1	0	0	0
1592	0x505fb44	_net_mask	0xe	1	0	0	0
1593	0x505fb90	_netinfo_res_init	0xe	1	0	0	0
1594	0x50cfca8	_abuf.86	0xe	12	0	0	0
1595	0x50cb19c	_s	0xe	7	0	0	0
1596	0x50cb1a0	_connected	0xe	7	0	0	0
1597	0x50cb1a4	_vc	0xe	7	0	0	0
1598	0x5060a54	_Aerror	0xe	1	0	0	0
1599	0x5060acc	_Perror	0xe	1	0	0	0
1600	0x50cb1b0	_Qhook	0xe	7	0	0	0
1601	0x50cb1b4	_Rhook	0xe	7	0	0	0
1602	0x50c75c8	_AskedForGot	0xe	4	0	0	0
1603	0x50cb3a0	_hostf	0xe	7	0	0	0
1604	0x50cb3a4	_stayopen	0xe	7	0	0	0
1605	0x5061ac8	_dprintf	0xe	1	0	0	0
1606	0x5061b10	_getanswer	0xe	1	0	0	0
1607	0x50cfe38	_host	0xe	12	0	0	0
1608	0x50cfed8	_hostbuf	0xe	12	0	0	0
1609	0x50cfe4c	_host_aliases	0xe	12	0	0	0
1610	0x50cfda8	_h_addr_ptrs	0xe	12	0	0	0
1611	0x50d1ed8	_host_addr	0xe	12	0	0	0
1612	0x5062534	_addrsort	0xe	1	0	0	0
1613	0x50d1edc	_net_entry.80	0xe	12	0	0	0
1614	0x50d1eec	_net_aliases.81	0xe	12	0	0	0
1615	0x50d1f78	_netbuf.82	0xe	12	0	0	0
1616	0x5062634	_getnetanswer	0xe	1	0	0	0
1617	0x5062c3c	_xtob	0xe	1	0	0	0
1618	0x50d2379	_tmpbuf.84	0xe	12	0	0	0
1619	0x50cb3f4	_HOSTDB	0xe	7	0	0	0
1620	0x5062e28	__hostdata	0xe	1	0	0	0
1621	0x50d2678	_hostdata	0xe	12	0	0	0
1622	0x5062e78	_fetchhost	0xe	1	0	0	0
1623	0x506356c	_interpret	0xe	1	0	0	0
1624	0x50636f0	_any	0xe	1	0	0	0
1625	0x5063734	_yellowup	0xe	1	0	0	0
1626	0x50cb424	_alias_state	0xe	7	0	0	0
1627	0x506377c	_freeold	0xe	1	0	0	0
1628	0x50d267c	_global_aliasent	0xe	12	0	0	0
1629	0x5063808	_convert_aliasent	0xe	1	0	0	0
1630	0x50cb430	_proc.76	0xe	7	0	0	0
1631	0x5063858	_lu_alias_getbyname	0xe	1	0	0	0
1632	0x50639ac	_lu_alias_setent	0xe	1	0	0	0
1633	0x50d268c	_alias_data	0xe	12	0	0	0
1634	0x50d2690	_alias_datalen	0xe	12	0	0	0
1635	0x5063a00	_lu_alias_endent	0xe	1	0	0	0
1636	0x50cb440	_proc.83	0xe	7	0	0	0
1637	0x5063a50	_lu_alias_getent	0xe	1	0	0	0
1638	0x50d2698	_alias_xdr	0xe	12	0	0	0
1639	0x50d2694	_alias_nentries	0xe	12	0	0	0
1640	0x50d26b0	_bp.72	0xe	12	0	0	0
1641	0x50cb458	_proc.73	0xe	7	0	0	0
1642	0x5063c7c	_lu_bootp_getbyether	0xe	1	0	0	0
1643	0x50d26b4	_bp.76	0xe	12	0	0	0
1644	0x50cb460	_proc.77	0xe	7	0	0	0
1645	0x5063d90	_lu_bootp_getbyip	0xe	1	0	0	0
1646	0x50d26b8	_bp.72	0xe	12	0	0	0
1647	0x50cb470	_proc.73	0xe	7	0	0	0
1648	0x5063f2c	_lu_bootparams_getbyname	0xe	1	0	0	0
1649	0x50cb47c	_gr_state	0xe	7	0	0	0
1650	0x50cb480	_global_gr	0xe	7	0	0	0
1651	0x50cb490	_gr_datalen	0xe	7	0	0	0
1652	0x50cb494	_gr_nentries	0xe	7	0	0	0
1653	0x50cb498	_gr_xdr	0xe	7	0	0	0
1654	0x50cb4b0	_yp_flags	0xe	7	0	0	0
1655	0x50640a8	_convert_gr	0xe	1	0	0	0
1656	0x50cb4b8	_proc.74	0xe	7	0	0	0
1657	0x5064174	_lu_getgrgid	0xe	1	0	0	0
1658	0x50cb4c0	_proc.77	0xe	7	0	0	0
1659	0x5064284	_lu_getgrnam	0xe	1	0	0	0
1660	0x50cb4c8	_proc.80	0xe	7	0	0	0
1661	0x50643d8	_lu_initgroups	0xe	1	0	0	0
1662	0x506467c	_lu_setgrent	0xe	1	0	0	0
1663	0x50d26bc	_gr_data	0xe	12	0	0	0
1664	0x50646cc	_lu_endgrent	0xe	1	0	0	0
1665	0x50cb4d8	_proc.87	0xe	7	0	0	0
1666	0x506471c	_lu_getgrent	0xe	1	0	0	0
1667	0x50cb4fc	_h_state	0xe	7	0	0	0
1668	0x50cb500	_global_h	0xe	7	0	0	0
1669	0x50cb514	_global_h_copy	0xe	7	0	0	0
1670	0x50cb528	_global_addrlist	0xe	7	0	0	0
1671	0x5064af0	_convert_h	0xe	1	0	0	0
1672	0x50cb530	_proc.74	0xe	7	0	0	0
1673	0x5064c54	_lu_gethostbyaddr	0xe	1	0	0	0
1674	0x50cb538	_proc.77	0xe	7	0	0	0
1675	0x5064db8	_lu_gethostbyname	0xe	1	0	0	0
1676	0x5064f30	_lu_sethostent	0xe	1	0	0	0
1677	0x50d26c0	_h_data	0xe	12	0	0	0
1678	0x50d26c4	_h_datalen	0xe	12	0	0	0
1679	0x5064f80	_lu_endhostent	0xe	1	0	0	0
1680	0x50cb548	_proc.84	0xe	7	0	0	0
1681	0x5064fd0	_lu_gethostent	0xe	1	0	0	0
1682	0x50d26cc	_h_xdr	0xe	12	0	0	0
1683	0x50d26c8	_h_nentries	0xe	12	0	0	0
1684	0x50cb568	_global_mnt	0xe	7	0	0	0
1685	0x50cb580	_mnt_data	0xe	7	0	0	0
1686	0x50cb584	_mnt_datalen	0xe	7	0	0	0
1687	0x50cb588	_mnt_nentries	0xe	7	0	0	0
1688	0x50cb58c	_mnt_xdr	0xe	7	0	0	0
1689	0x5065274	_convert_mnt	0xe	1	0	0	0
1690	0x5065334	_lu_setmntent	0xe	1	0	0	0
1691	0x5065388	_lu_endmntent	0xe	1	0	0	0
1692	0x50cb5b0	_proc.78	0xe	7	0	0	0
1693	0x50653dc	_lu_getmntent	0xe	1	0	0	0
1694	0x50cb5c8	_n_state	0xe	7	0	0	0
1695	0x50cb5cc	_global_n	0xe	7	0	0	0
1696	0x50655ec	_convert_n	0xe	1	0	0	0
1697	0x50cb5e0	_proc.74	0xe	7	0	0	0
1698	0x50656c0	_lu_getnetbyaddr	0xe	1	0	0	0
1699	0x50cb5e8	_proc.77	0xe	7	0	0	0
1700	0x50657d8	_lu_getnetbyname	0xe	1	0	0	0
1701	0x506592c	_lu_setnetent	0xe	1	0	0	0
1702	0x50d26e4	_n_data	0xe	12	0	0	0
1703	0x50d26e8	_n_datalen	0xe	12	0	0	0
1704	0x506597c	_lu_endnetent	0xe	1	0	0	0
1705	0x50cb5f8	_proc.84	0xe	7	0	0	0
1706	0x50659cc	_lu_getnetent	0xe	1	0	0	0
1707	0x50d26f0	_n_xdr	0xe	12	0	0	0
1708	0x50d26ec	_n_nentries	0xe	12	0	0	0
1709	0x50cb614	___innetgr_hack	0xe	7	0	0	0
1710	0x50cb618	_netgroup_state	0xe	7	0	0	0
1711	0x50cb620	_proc.74	0xe	7	0	0	0
1712	0x5065c64	_lu_innetgr	0xe	1	0	0	0
1713	0x5065dbc	_lu_endnetgrent	0xe	1	0	0	0
1714	0x50d2714	_netgroup_data	0xe	12	0	0	0
1715	0x50d2718	_netgroup_datalen	0xe	12	0	0	0
1716	0x50cb62c	_proc.79	0xe	7	0	0	0
1717	0x5065e0c	_lu_setnetgrent	0xe	1	0	0	0
1718	0x50d2720	_netgroup_xdr	0xe	12	0	0	0
1719	0x50d271c	_netgroup_nentries	0xe	12	0	0	0
1720	0x50d2708	_ng.82	0xe	12	0	0	0
1721	0x50cb648	_p_state	0xe	7	0	0	0
1722	0x50cb64c	_global_p	0xe	7	0	0	0
1723	0x50660d4	_convert_p	0xe	1	0	0	0
1724	0x50cb65c	_proc.74	0xe	7	0	0	0
1725	0x506619c	_lu_getprotobynumber	0xe	1	0	0	0
1726	0x50cb664	_proc.77	0xe	7	0	0	0
1727	0x50662ac	_lu_getprotobyname	0xe	1	0	0	0
1728	0x5066400	_lu_setprotoent	0xe	1	0	0	0
1729	0x50d2738	_p_data	0xe	12	0	0	0
1730	0x50d273c	_p_datalen	0xe	12	0	0	0
1731	0x5066450	_lu_endprotoent	0xe	1	0	0	0
1732	0x50cb674	_proc.84	0xe	7	0	0	0
1733	0x50664a0	_lu_getprotoent	0xe	1	0	0	0
1734	0x50d2744	_p_xdr	0xe	12	0	0	0
1735	0x50d2740	_p_nentries	0xe	12	0	0	0
1736	0x50cb690	_prdb_state	0xe	7	0	0	0
1737	0x50cb694	_global_prdb	0xe	7	0	0	0
1738	0x50cb6a0	_prdb_data	0xe	7	0	0	0
1739	0x50cb6a4	_prdb_datalen	0xe	7	0	0	0
1740	0x50cb6a8	_prdb_xdr	0xe	7	0	0	0
1741	0x5066710	_freeprop	0xe	1	0	0	0
1742	0x5066750	_freeold	0xe	1	0	0	0
1743	0x5066820	_convert_prdb	0xe	1	0	0	0
1744	0x5066884	_lu_prdb_set	0xe	1	0	0	0
1745	0x50668d4	_lu_prdb_end	0xe	1	0	0	0
1746	0x50cb6d4	_proc.82	0xe	7	0	0	0
1747	0x5066928	_lu_prdb_getbyname	0xe	1	0	0	0
1748	0x50cb6dc	_proc.85	0xe	7	0	0	0
1749	0x5066a7c	_lu_prdb_get	0xe	1	0	0	0
1750	0x50d275c	_prdb_nentries	0xe	12	0	0	0
1751	0x50cb6f4	_pw_state	0xe	7	0	0	0
1752	0x50cb6f8	_global_pw	0xe	7	0	0	0
1753	0x5066cb0	_convert_pw	0xe	1	0	0	0
1754	0x50cb720	_proc.74	0xe	7	0	0	0
1755	0x5066d90	_lu_getpwuid	0xe	1	0	0	0
1756	0x50cb728	_proc.77	0xe	7	0	0	0
1757	0x5066ea0	_lu_getpwnam	0xe	1	0	0	0
1758	0x5066ff4	_lu_setpwent	0xe	1	0	0	0
1759	0x50d2760	_pw_data	0xe	12	0	0	0
1760	0x50d2764	_pw_datalen	0xe	12	0	0	0
1761	0x5067044	_lu_endpwent	0xe	1	0	0	0
1762	0x50cb738	_proc.84	0xe	7	0	0	0
1763	0x5067094	_lu_getpwent	0xe	1	0	0	0
1764	0x50d276c	_pw_xdr	0xe	12	0	0	0
1765	0x50d2768	_pw_nentries	0xe	12	0	0	0
1766	0x50cb758	_r_state	0xe	7	0	0	0
1767	0x50cb75c	_global_r	0xe	7	0	0	0
1768	0x5067320	_convert_r	0xe	1	0	0	0
1769	0x50cb76c	_proc.74	0xe	7	0	0	0
1770	0x50673e8	_lu_getrpcbynumber	0xe	1	0	0	0
1771	0x50cb774	_proc.77	0xe	7	0	0	0
1772	0x50674f8	_lu_getrpcbyname	0xe	1	0	0	0
1773	0x506764c	_lu_setrpcent	0xe	1	0	0	0
1774	0x50d2784	_r_data	0xe	12	0	0	0
1775	0x50d2788	_r_datalen	0xe	12	0	0	0
1776	0x506769c	_lu_endrpcent	0xe	1	0	0	0
1777	0x50cb784	_proc.84	0xe	7	0	0	0
1778	0x50676ec	_lu_getrpcent	0xe	1	0	0	0
1779	0x50d2790	_r_xdr	0xe	12	0	0	0
1780	0x50d278c	_r_nentries	0xe	12	0	0	0
1781	0x50cb7a0	_s_state	0xe	7	0	0	0
1782	0x50cb7a4	_global_s	0xe	7	0	0	0
1783	0x506795c	_convert_s	0xe	1	0	0	0
1784	0x50cb7b8	_proc.74	0xe	7	0	0	0
1785	0x5067a30	_lu_getservbyport	0xe	1	0	0	0
1786	0x50cb7c0	_proc.77	0xe	7	0	0	0
1787	0x5067ba4	_lu_getservbyname	0xe	1	0	0	0
1788	0x5067d1c	_lu_setservent	0xe	1	0	0	0
1789	0x50d27a8	_s_data	0xe	12	0	0	0
1790	0x50d27ac	_s_datalen	0xe	12	0	0	0
1791	0x5067d6c	_lu_endservent	0xe	1	0	0	0
1792	0x50cb7d0	_proc.84	0xe	7	0	0	0
1793	0x5067dbc	_lu_getservent	0xe	1	0	0	0
1794	0x50d27b4	_s_xdr	0xe	12	0	0	0
1795	0x50d27b0	_s_nentries	0xe	12	0	0	0
1796	0x50680a4	_port_valid	0xe	1	0	0	0
1797	0x50cf250	_ni_errmsgs	0xe	11	0	0	0
1798	0x50cf320	_NAME_NAME	0xe	11	0	0	0
1799	0x50cf324	_NAME_SERVES	0xe	11	0	0	0
1800	0x50cf328	_NAME_MACHINES	0xe	11	0	0	0
1801	0x50cf32c	_NAME_IP_ADDRESS	0xe	11	0	0	0
1802	0x50cf330	_NAME_MASTER	0xe	11	0	0	0
1803	0x50cf334	_NAME_USERS	0xe	11	0	0	0
1804	0x50cf338	_NAME_UID	0xe	11	0	0	0
1805	0x50681a4	_getmyport	0xe	1	0	0	0
1806	0x506821c	_nibind_up	0xe	1	0	0	0
1807	0x50682f4	_createauth	0xe	1	0	0	0
1808	0x506834c	_fixtimeout	0xe	1	0	0	0
1809	0x5068398	_ni_settimeout	0xe	1	0	0	0
1810	0x50683e4	_connectit	0xe	1	0	0	0
1811	0x506862c	_sys_netmask	0xe	1	0	0	0
1812	0x5068768	_sys_address	0xe	1	0	0	0
1813	0x5068864	_connectlocal	0xe	1	0	0	0
1814	0x5068930	_clnt_kill	0xe	1	0	0	0
1815	0x506899c	_reinit	0xe	1	0	0	0
1816	0x50689f4	_ni_switch	0xe	1	0	0	0
1817	0x5068a6c	_ni_swap	0xe	1	0	0	0
1818	0x5068adc	_eachresult	0xe	1	0	0	0
1819	0x5068b18	_rebind	0xe	1	0	0	0
1820	0x5068e54	_confirm_tcp	0xe	1	0	0	0
1821	0x5068ee0	_setmaster	0xe	1	0	0	0
1822	0x50690cc	_callit	0xe	1	0	0	0
1823	0x5069380	_ni_clear	0xe	1	0	0	0
1824	0x50693d8	_ni_alloc	0xe	1	0	0	0
1825	0x5069560	_match	0xe	1	0	0	0
1826	0x50695dc	_addaddr	0xe	1	0	0	0
1827	0x50696c4	_get_daddr	0xe	1	0	0	0
1828	0x5069814	_getparent	0xe	1	0	0	0
1829	0x506a8fc	_pmap_getport_to	0xe	1	0	0	0
1830	0x506aa78	_socket_open	0xe	1	0	0	0
1831	0x50c75f7	_NAME_NAME	0xe	4	0	0	0
1832	0x50c75fc	_NAME_MACHINES	0xe	4	0	0	0
1833	0x50c7605	_NAME_IP_ADDRESS	0xe	4	0	0	0
1834	0x50c7610	_NAME_SERVES	0xe	4	0	0	0
1835	0x50c7617	_NAME_UNKNOWN	0xe	4	0	0	0
1836	0x506ab24	_escape_domain	0xe	1	0	0	0
1837	0x506abb0	_finddomain	0xe	1	0	0	0
1838	0x506ace4	_ni_domainof	0xe	1	0	0	0
1839	0x506ad54	__ni_pwdomain	0xe	1	0	0	0
1840	0x506ae98	_eatslash	0xe	1	0	0	0
1841	0x506aec0	_unescape	0xe	1	0	0	0
1842	0x506af34	_escindex	0xe	1	0	0	0
1843	0x506af90	_setstuff	0xe	1	0	0	0
1844	0x506afe8	_ni_relopen	0xe	1	0	0	0
1845	0x506b0f8	_ni_rootopen	0xe	1	0	0	0
1846	0x506b16c	_ni_name_dupn	0xe	1	0	0	0
1847	0x506b1d0	_ni_relsearch	0xe	1	0	0	0
1848	0x506be68	__prdb_free_ent	0xe	1	0	0	0
1849	0x50d27d8	_pf	0xe	12	0	0	0
1850	0x506bf74	_pename_insert	0xe	1	0	0	0
1851	0x506bffc	_peprop_insert	0xe	1	0	0	0
1852	0x50d27cc	_ent.12	0xe	12	0	0	0
1853	0x506c2ec	_prmatch	0xe	1	0	0	0
1854	0x506c3a0	_getline	0xe	1	0	0	0
1855	0x506c4b0	_emptyfield	0xe	1	0	0	0
1856	0x50cf33c	_NAME_USERS	0xe	11	0	0	0
1857	0x50cf340	_NAME_PASSWD	0xe	11	0	0	0
1858	0x506c4ec	_changeit	0xe	1	0	0	0
1859	0x50cb9cc	_TIMEOUT	0xe	7	0	0	0
1860	0x50d27dc	_res.72	0xe	12	0	0	0
1861	0x50d27e0	_res.75	0xe	12	0	0	0
1862	0x50d27e8	_res.78	0xe	12	0	0	0
1863	0x50d27f4	_res.81	0xe	12	0	0	0
1864	0x50d2800	_res.84	0xe	12	0	0	0
1865	0x50d2810	_res.87	0xe	12	0	0	0
1866	0x50d2824	_res.90	0xe	12	0	0	0
1867	0x50d2830	_res.93	0xe	12	0	0	0
1868	0x50d2844	_res.96	0xe	12	0	0	0
1869	0x50d2850	_res.99	0xe	12	0	0	0
1870	0x50d2864	_res.102	0xe	12	0	0	0
1871	0x50d2878	_res.105	0xe	12	0	0	0
1872	0x50d288c	_res.108	0xe	12	0	0	0
1873	0x50d2898	_res.111	0xe	12	0	0	0
1874	0x50d28a4	_res.114	0xe	12	0	0	0
1875	0x50d28b8	_res.117	0xe	12	0	0	0
1876	0x50d28c4	_res.120	0xe	12	0	0	0
1877	0x50d28d0	_res.123	0xe	12	0	0	0
1878	0x50d28e4	_res.126	0xe	12	0	0	0
1879	0x50d28f0	_res.129	0xe	12	0	0	0
1880	0x50d28fc	_res.132	0xe	12	0	0	0
1881	0x50d290c	_res.135	0xe	12	0	0	0
1882	0x50d2918	_res.138	0xe	12	0	0	0
1883	0x50d2924	_res.141	0xe	12	0	0	0
1884	0x50d2938	_res.144	0xe	12	0	0	0
1885	0x50d293c	_res.147	0xe	12	0	0	0
1886	0x50d294c	_res.150	0xe	12	0	0	0
1887	0x50d2950	_res.153	0xe	12	0	0	0
1888	0x50d2954	_res.156	0xe	12	0	0	0
1889	0x50c7628	_nameType.10	0xe	4	0	0	0
1890	0x50c7634	_RetCodeCheck.11	0xe	4	0	0	0
1891	0x50c7638	_procnoCheck.12	0xe	4	0	0	0
1892	0x50c763c	_procType.15	0xe	4	0	0	0
1893	0x50c7640	_indataType.16	0xe	4	0	0	0
1894	0x50c764c	_RetCodeCheck.17	0xe	4	0	0	0
1895	0x50c7650	_procType.20	0xe	4	0	0	0
1896	0x50c7654	_indataType.21	0xe	4	0	0	0
1897	0x50c7660	_RetCodeCheck.22	0xe	4	0	0	0
1898	0x50c7664	_procType.25	0xe	4	0	0	0
1899	0x50c7668	_indataType.26	0xe	4	0	0	0
1900	0x50c7674	_RetCodeCheck.27	0xe	4	0	0	0
1901	0x50cbba0	_ops	0xe	7	0	0	0
1902	0x506f4ac	_authnone_verf	0xe	1	0	0	0
1903	0x506f46c	_authnone_marshal	0xe	1	0	0	0
1904	0x506f4c0	_authnone_validate	0xe	1	0	0	0
1905	0x506f4dc	_authnone_refresh	0xe	1	0	0	0
1906	0x506f4f8	_authnone_destroy	0xe	1	0	0	0
1907	0x50cbbb4	_authnone_private	0xe	7	0	0	0
1908	0x50cbbd0	_auth_unix_ops	0xe	7	0	0	0
1909	0x506f774	_authunix_nextverf	0xe	1	0	0	0
1910	0x506f78c	_authunix_marshal	0xe	1	0	0	0
1911	0x506f7c8	_authunix_validate	0xe	1	0	0	0
1912	0x506f88c	_authunix_refresh	0xe	1	0	0	0
1913	0x506f974	_authunix_destroy	0xe	1	0	0	0
1914	0x506f9dc	_marshal_new_auth	0xe	1	0	0	0
1915	0x50cbc08	_port.72	0xe	7	0	0	0
1916	0x50cbc14	_buf	0xe	7	0	0	0
1917	0x506fd64	__buf	0xe	1	0	0	0
1918	0x50cf344	_rpc_errlist	0xe	11	0	0	0
1919	0x50cf3d4	_auth_errlist	0xe	11	0	0	0
1920	0x5070228	_auth_errmsg	0xe	1	0	0	0
1921	0x50cbc3c	_client_ops	0xe	7	0	0	0
1922	0x5070358	_clntraw_call	0xe	1	0	0	0
1923	0x507055c	_clntraw_abort	0xe	1	0	0	0
1924	0x5070508	_clntraw_geterr	0xe	1	0	0	0
1925	0x507051c	_clntraw_freeres	0xe	1	0	0	0
1926	0x507058c	_clntraw_destroy	0xe	1	0	0	0
1927	0x5070570	_clntraw_control	0xe	1	0	0	0
1928	0x50d2968	_clntraw_private	0xe	12	0	0	0
1929	0x50d296c	_callrpc_private	0xe	12	0	0	0
1930	0x50cbc74	_tcp_ops	0xe	7	0	0	0
1931	0x5070968	_clnttcp_call	0xe	1	0	0	0
1932	0x5070c3c	_clnttcp_abort	0xe	1	0	0	0
1933	0x5070bcc	_clnttcp_geterr	0xe	1	0	0	0
1934	0x5070c04	_clnttcp_freeres	0xe	1	0	0	0
1935	0x5070d00	_clnttcp_destroy	0xe	1	0	0	0
1936	0x5070c50	_clnttcp_control	0xe	1	0	0	0
1937	0x5070d50	_readtcp	0xe	1	0	0	0
1938	0x5070e7c	_writetcp	0xe	1	0	0	0
1939	0x50cbcb8	_udp_ops	0xe	7	0	0	0
1940	0x50711bc	_clntudp_call	0xe	1	0	0	0
1941	0x5071730	_clntudp_abort	0xe	1	0	0	0
1942	0x50716c0	_clntudp_geterr	0xe	1	0	0	0
1943	0x50716f8	_clntudp_freeres	0xe	1	0	0	0
1944	0x5071814	_clntudp_destroy	0xe	1	0	0	0
1945	0x5071744	_clntudp_control	0xe	1	0	0	0
1946	0x50cbcf0	_size.2	0xe	7	0	0	0
1947	0x50c7678	_RPCDB	0xe	4	0	0	0
1948	0x50cbcfc	_YPMAP	0xe	7	0	0	0
1949	0x5071a10	__rpcdata	0xe	1	0	0	0
1950	0x50d2970	_rpcdata	0xe	12	0	0	0
1951	0x5071ddc	_interpret	0xe	1	0	0	0
1952	0x5071f18	_yellowup	0xe	1	0	0	0
1953	0x50cbd20	_trytimeout	0xe	7	0	0	0
1954	0x50cbd28	_tottimeout	0xe	7	0	0	0
1955	0x50c7681	_MESSENGER.88	0xe	4	0	0	0
1956	0x5072174	_key_call	0xe	1	0	0	0
1957	0x50d2974	_hostname.80	0xe	12	0	0	0
1958	0x50724a4	_get_hostname	0xe	1	0	0	0
1959	0x50724f0	_encodemsg	0xe	1	0	0	0
1960	0x50725d4	_decodemsg	0xe	1	0	0	0
1961	0x50c7693	_OPSYS	0xe	4	0	0	0
1962	0x50c7698	_NETID	0xe	4	0	0	0
1963	0x5072ecc	_atois	0xe	1	0	0	0
1964	0x50c76a5	_SHELL	0xe	4	0	0	0
1965	0x5073104	_basename	0xe	1	0	0	0
1966	0x50cbd90	_timeout	0xe	7	0	0	0
1967	0x50cbd98	_tottimeout	0xe	7	0	0	0
1968	0x50cbdac	_timeout	0xe	7	0	0	0
1969	0x50cbdb4	_tottimeout	0xe	7	0	0	0
1970	0x50cbdc8	_timeout	0xe	7	0	0	0
1971	0x5073848	_getbroadcastnets	0xe	1	0	0	0
1972	0x50cbe00	_reply_dscrm	0xe	7	0	0	0
1973	0x50741a0	_accepted	0xe	1	0	0	0
1974	0x5074230	_rejected	0xe	1	0	0	0
1975	0x50cbf30	_xports	0xe	7	0	0	0
1976	0x50cbf34	_svc_head	0xe	7	0	0	0
1977	0x50748b4	_svc_find	0xe	1	0	0	0
1978	0x50cbf74	_svcauthsw	0xe	7	0	0	0
1979	0x50cbf94	_server_ops	0xe	7	0	0	0
1980	0x50750d8	_svcraw_recv	0xe	1	0	0	0
1981	0x50750bc	_svcraw_stat	0xe	1	0	0	0
1982	0x50751a8	_svcraw_getargs	0xe	1	0	0	0
1983	0x5075138	_svcraw_reply	0xe	1	0	0	0
1984	0x50751e0	_svcraw_freeargs	0xe	1	0	0	0
1985	0x5075228	_svcraw_destroy	0xe	1	0	0	0
1986	0x50d2a78	_svcraw_private	0xe	12	0	0	0
1987	0x50d2a80	_transp	0xe	12	0	0	0
1988	0x50d2a84	_pl	0xe	12	0	0	0
1989	0x50d2a7c	_proglst	0xe	12	0	0	0
1990	0x50753f4	_universal	0xe	1	0	0	0
1991	0x50cbfd8	_svctcp_op	0xe	7	0	0	0
1992	0x5075aa8	_svctcp_recv	0xe	1	0	0	0
1993	0x5075a64	_svctcp_stat	0xe	1	0	0	0
1994	0x5075b00	_svctcp_getargs	0xe	1	0	0	0
1995	0x5075b64	_svctcp_reply	0xe	1	0	0	0
1996	0x5075b30	_svctcp_freeargs	0xe	1	0	0	0
1997	0x50758ac	_svctcp_destroy	0xe	1	0	0	0
1998	0x50cbff0	_svctcp_rendezvous_op	0xe	7	0	0	0
1999	0x507580c	_rendezvous_request	0xe	1	0	0	0
2000	0x5075890	_rendezvous_stat	0xe	1	0	0	0
2001	0x507573c	_makefd_xprt	0xe	1	0	0	0
2002	0x50cc020	_wait_per_try	0xe	7	0	0	0
2003	0x5075910	_readtcp	0xe	1	0	0	0
2004	0x5075a00	_writetcp	0xe	1	0	0	0
2005	0x50cc04c	_svcudp_op	0xe	7	0	0	0
2006	0x5075df4	_svcudp_recv	0xe	1	0	0	0
2007	0x5075dd8	_svcudp_stat	0xe	1	0	0	0
2008	0x5075f88	_svcudp_getargs	0xe	1	0	0	0
2009	0x5075ed4	_svcudp_reply	0xe	1	0	0	0
2010	0x5075fb8	_svcudp_freeargs	0xe	1	0	0	0
2011	0x5075fec	_svcudp_destroy	0xe	1	0	0	0
2012	0x5076148	_cache_set	0xe	1	0	0	0
2013	0x50762b8	_cache_get	0xe	1	0	0	0
2014	0x50d2a88	_authdes_cache	0xe	12	0	0	0
2015	0x5076850	_cache_init	0xe	1	0	0	0
2016	0x50d2a8c	_authdes_lru	0xe	12	0	0	0
2017	0x50768ac	_cache_victim	0xe	1	0	0	0
2018	0x50768d0	_cache_ref	0xe	1	0	0	0
2019	0x5076920	_cache_spot	0xe	1	0	0	0
2020	0x50d2a90	_svcauthdes_stats	0xe	12	0	0	0
2021	0x5076b50	_invalidate	0xe	1	0	0	0
2022	0x50cc0ac	_xdr_zero	0xe	7	0	0	0
2023	0x50cc0e0	_crud.96	0xe	7	0	0	0
2024	0x50cc118	_xdrmem_ops	0xe	7	0	0	0
2025	0x50774c0	_xdrmem_getlong	0xe	1	0	0	0
2026	0x5077508	_xdrmem_putlong	0xe	1	0	0	0
2027	0x5077550	_xdrmem_getbytes	0xe	1	0	0	0
2028	0x507759c	_xdrmem_putbytes	0xe	1	0	0	0
2029	0x50775e8	_xdrmem_getpos	0xe	1	0	0	0
2030	0x507760c	_xdrmem_setpos	0xe	1	0	0	0
2031	0x5077650	_xdrmem_inline	0xe	1	0	0	0
2032	0x50774ac	_xdrmem_destroy	0xe	1	0	0	0
2033	0x50cc15c	_xdrrec_ops	0xe	7	0	0	0
2034	0x507779c	_xdrrec_getlong	0xe	1	0	0	0
2035	0x5077810	_xdrrec_putlong	0xe	1	0	0	0
2036	0x5077878	_xdrrec_getbytes	0xe	1	0	0	0
2037	0x50778f8	_xdrrec_putbytes	0xe	1	0	0	0
2038	0x5077980	_xdrrec_getpos	0xe	1	0	0	0
2039	0x50779e8	_xdrrec_setpos	0xe	1	0	0	0
2040	0x5077a74	_xdrrec_inline	0xe	1	0	0	0
2041	0x5077adc	_xdrrec_destroy	0xe	1	0	0	0
2042	0x5077c6c	_flush_out	0xe	1	0	0	0
2043	0x5077ce0	_fill_input_buf	0xe	1	0	0	0
2044	0x5077d38	_get_input_bytes	0xe	1	0	0	0
2045	0x5077db0	_set_input_fragment	0xe	1	0	0	0
2046	0x5077e0c	_skip_input_bytes	0xe	1	0	0	0
2047	0x5077e6c	_fix_buf_size	0xe	1	0	0	0
2048	0x50cc1cc	_xdrstdio_ops	0xe	7	0	0	0
2049	0x5078010	_xdrstdio_getlong	0xe	1	0	0	0
2050	0x5078058	_xdrstdio_putlong	0xe	1	0	0	0
2051	0x50780a8	_xdrstdio_getbytes	0xe	1	0	0	0
2052	0x50780ec	_xdrstdio_putbytes	0xe	1	0	0	0
2053	0x5078130	_xdrstdio_getpos	0xe	1	0	0	0
2054	0x5078158	_xdrstdio_setpos	0xe	1	0	0	0
2055	0x507818c	_xdrstdio_inline	0xe	1	0	0	0
2056	0x5077fe8	_xdrstdio_destroy	0xe	1	0	0	0
2057	0x50cc21c	__sctab	0xe	7	0	0	0
2058	0x50cc31c	_getcount	0xe	7	0	0	0
2059	0x50786a0	__innum	0xe	1	0	0	0
2060	0x5078c80	__instr	0xe	1	0	0	0
2061	0x5078dcc	__getccl	0xe	1	0	0	0
2062	0x50cc334	_nofile.72	0xe	7	0	0	0
2063	0x50d2a9c	_iobglue	0xe	12	0	0	0
2064	0x50d2aa0	_endglue	0xe	12	0	0	0
2065	0x507b57c	__p_dconv	0xe	1	0	0	0
2066	0x507b5bc	__efmt	0xe	1	0	0	0
2067	0x507b788	__ffmt	0xe	1	0	0	0
2068	0x507bbd4	_btod	0xe	1	0	0	0
2069	0x50cc588	_environ_pointer.80	0xe	7	0	0	0
2070	0x50cc594	_validtz.2	0xe	7	0	0	0
2071	0x50cc598	_cached_tz.3	0xe	7	0	0	0
2072	0x507bd1c	_sigvec__	0xe	1	0	0	0
2073	0x0	__framesize	0x2	0	0	0	0
2074	0x0	__nested_function	0x2	0	0	0	0
2075	0x0	__framesize	0x2	0	0	0	0
2076	0x0	__nested_function	0x2	0	0	0	0
2077	0x0	__framesize	0x2	0	0	0	0
2078	0x0	__nested_function	0x2	0	0	0	0
2079	0x0	__framesize	0x2	0	0	0	0
2080	0x0	__nested_function	0x2	0	0	0	0
2081	0x0	__framesize	0x2	0	0	0	0
2082	0x0	__nested_function	0x2	0	0	0	0
2083	0x0	__framesize	0x2	0	0	0	0
2084	0x0	__nested_function	0x2	0	0	0	0
2085	0x0	__framesize	0x2	0	0	0	0
2086	0x0	__nested_function	0x2	0	0	0	0
2087	0x0	__framesize	0x2	0	0	0	0
2088	0x0	__nested_function	0x2	0	0	0	0
2089	0x0	__framesize	0x2	0	0	0	0
2090	0x0	__nested_function	0x2	0	0	0	0
2091	0x0	__framesize	0x2	0	0	0	0
2092	0x0	__nested_function	0x2	0	0	0	0
2093	0x0	__framesize	0x2	0	0	0	0
2094	0x0	__nested_function	0x2	0	0	0	0
2095	0x0	__framesize	0x2	0	0	0	0
2096	0x0	__nested_function	0x2	0	0	0	0
2097	0x0	__framesize	0x2	0	0	0	0
2098	0x0	__nested_function	0x2	0	0	0	0
2099	0x0	__framesize	0x2	0	0	0	0
2100	0x0	__nested_function	0x2	0	0	0	0
2101	0x0	__framesize	0x2	0	0	0	0
2102	0x0	__nested_function	0x2	0	0	0	0
2103	0x0	__framesize	0x2	0	0	0	0
2104	0x0	__nested_function	0x2	0	0	0	0
2105	0x0	__framesize	0x2	0	0	0	0
2106	0x0	__nested_function	0x2	0	0	0	0
2107	0x0	__framesize	0x2	0	0	0	0
2108	0x0	__nested_function	0x2	0	0	0	0
2109	0x0	__framesize	0x2	0	0	0	0
2110	0x0	__nested_function	0x2	0	0	0	0
2111	0x0	__framesize	0x2	0	0	0	0
2112	0x0	__nested_function	0x2	0	0	0	0
2113	0x0	__framesize	0x2	0	0	0	0
2114	0x0	__nested_function	0x2	0	0	0	0
2115	0x0	__framesize	0x2	0	0	0	0
2116	0x0	__nested_function	0x2	0	0	0	0
2117	0x0	__framesize	0x2	0	0	0	0
2118	0x0	__nested_function	0x2	0	0	0	0
2119	0x0	__framesize	0x2	0	0	0	0
2120	0x0	__nested_function	0x2	0	0	0	0
2121	0x0	__framesize	0x2	0	0	0	0
2122	0x0	__nested_function	0x2	0	0	0	0
2123	0x0	__framesize	0x2	0	0	0	0
2124	0x0	__nested_function	0x2	0	0	0	0
2125	0x0	__framesize	0x2	0	0	0	0
2126	0x0	__nested_function	0x2	0	0	0	0
2127	0x0	__framesize	0x2	0	0	0	0
2128	0x0	__nested_function	0x2	0	0	0	0
2129	0x0	__framesize	0x2	0	0	0	0
2130	0x0	__nested_function	0x2	0	0	0	0
2131	0x0	__framesize	0x2	0	0	0	0
2132	0x0	__nested_function	0x2	0	0	0	0
2133	0x0	__framesize	0x2	0	0	0	0
2134	0x0	__nested_function	0x2	0	0	0	0
2135	0x0	__framesize	0x2	0	0	0	0
2136	0x0	__nested_function	0x2	0	0	0	0
2137	0x0	__framesize	0x2	0	0	0	0
2138	0x0	__nested_function	0x2	0	0	0	0
2139	0x0	__framesize	0x2	0	0	0	0
2140	0x0	__nested_function	0x2	0	0	0	0
2141	0x0	__framesize	0x2	0	0	0	0
2142	0x0	__nested_function	0x2	0	0	0	0
2143	0x0	__framesize	0x2	0	0	0	0
2144	0x0	__nested_function	0x2	0	0	0	0
2145	0x0	__framesize	0x2	0	0	0	0
2146	0x0	__nested_function	0x2	0	0	0	0
2147	0x0	__framesize	0x2	0	0	0	0
2148	0x0	__nested_function	0x2	0	0	0	0
2149	0x0	__framesize	0x2	0	0	0	0
2150	0x0	__nested_function	0x2	0	0	0	0
2151	0x0	__framesize	0x2	0	0	0	0
2152	0x0	__nested_function	0x2	0	0	0	0
2153	0x0	__framesize	0x2	0	0	0	0
2154	0x0	__nested_function	0x2	0	0	0	0
2155	0x0	__framesize	0x2	0	0	0	0
2156	0x0	__nested_function	0x2	0	0	0	0
2157	0x0	__framesize	0x2	0	0	0	0
2158	0x0	__nested_function	0x2	0	0	0	0
2159	0x0	__framesize	0x2	0	0	0	0
2160	0x0	__nested_function	0x2	0	0	0	0
2161	0x0	__framesize	0x2	0	0	0	0
2162	0x0	__nested_function	0x2	0	0	0	0
2163	0x0	__framesize	0x2	0	0	0	0
2164	0x0	__nested_function	0x2	0	0	0	0
2165	0x0	__framesize	0x2	0	0	0	0
2166	0x0	__nested_function	0x2	0	0	0	0
2167	0x0	__framesize	0x2	0	0	0	0
2168	0x0	__nested_function	0x2	0	0	0	0
2169	0x0	__framesize	0x2	0	0	0	0
2170	0x0	__nested_function	0x2	0	0	0	0
2171	0x0	__framesize	0x2	0	0	0	0
2172	0x0	__nested_function	0x2	0	0	0	0
2173	0x0	__framesize	0x2	0	0	0	0
2174	0x0	__nested_function	0x2	0	0	0	0
2175	0x0	__framesize	0x2	0	0	0	0
2176	0x0	__nested_function	0x2	0	0	0	0
2177	0x0	__framesize	0x2	0	0	0	0
2178	0x0	__nested_function	0x2	0	0	0	0
2179	0x0	__framesize	0x2	0	0	0	0
2180	0x0	__nested_function	0x2	0	0	0	0
2181	0x0	__framesize	0x2	0	0	0	0
2182	0x0	__nested_function	0x2	0	0	0	0
2183	0x0	__framesize	0x2	0	0	0	0
2184	0x0	__nested_function	0x2	0	0	0	0
2185	0x0	__framesize	0x2	0	0	0	0
2186	0x0	__nested_function	0x2	0	0	0	0
2187	0x0	__framesize	0x2	0	0	0	0
2188	0x0	__nested_function	0x2	0	0	0	0
2189	0x0	__framesize	0x2	0	0	0	0
2190	0x0	__nested_function	0x2	0	0	0	0
2191	0x0	__framesize	0x2	0	0	0	0
2192	0x0	__nested_function	0x2	0	0	0	0
2193	0x0	__framesize	0x2	0	0	0	0
2194	0x0	__nested_function	0x2	0	0	0	0
2195	0x0	__framesize	0x2	0	0	0	0
2196	0x0	__nested_function	0x2	0	0	0	0
2197	0x0	__framesize	0x2	0	0	0	0
2198	0x0	__nested_function	0x2	0	0	0	0
2199	0x0	__framesize	0x2	0	0	0	0
2200	0x0	__nested_function	0x2	0	0	0	0
2201	0x0	__framesize	0x2	0	0	0	0
2202	0x0	__nested_function	0x2	0	0	0	0
2203	0x0	__framesize	0x2	0	0	0	0
2204	0x0	__nested_function	0x2	0	0	0	0
2205	0x0	__framesize	0x2	0	0	0	0
2206	0x0	__nested_function	0x2	0	0	0	0
2207	0x0	__framesize	0x2	0	0	0	0
2208	0x0	__nested_function	0x2	0	0	0	0
2209	0x0	__framesize	0x2	0	0	0	0
2210	0x0	__nested_function	0x2	0	0	0	0
2211	0x0	__framesize	0x2	0	0	0	0
2212	0x0	__nested_function	0x2	0	0	0	0
2213	0x0	__framesize	0x2	0	0	0	0
2214	0x0	__nested_function	0x2	0	0	0	0
2215	0x0	__framesize	0x2	0	0	0	0
2216	0x0	__nested_function	0x2	0	0	0	0
2217	0x0	__framesize	0x2	0	0	0	0
2218	0x0	__nested_function	0x2	0	0	0	0
2219	0x0	__framesize	0x2	0	0	0	0
2220	0x0	__nested_function	0x2	0	0	0	0
2221	0x0	__framesize	0x2	0	0	0	0
2222	0x0	__nested_function	0x2	0	0	0	0
2223	0x0	__framesize	0x2	0	0	0	0
2224	0x0	__nested_function	0x2	0	0	0	0
2225	0x0	__framesize	0x2	0	0	0	0
2226	0x0	__nested_function	0x2	0	0	0	0
2227	0x0	__framesize	0x2	0	0	0	0
2228	0x0	__nested_function	0x2	0	0	0	0
2229	0x0	__framesize	0x2	0	0	0	0
2230	0x0	__nested_function	0x2	0	0	0	0
2231	0x0	__framesize	0x2	0	0	0	0
2232	0x0	__nested_function	0x2	0	0	0	0
2233	0x0	__framesize	0x2	0	0	0	0
2234	0x0	__nested_function	0x2	0	0	0	0
2235	0x0	__framesize	0x2	0	0	0	0
2236	0x0	__nested_function	0x2	0	0	0	0
2237	0x0	__framesize	0x2	0	0	0	0
2238	0x0	__nested_function	0x2	0	0	0	0
2239	0x0	__framesize	0x2	0	0	0	0
2240	0x0	__nested_function	0x2	0	0	0	0
2241	0x0	__framesize	0x2	0	0	0	0
2242	0x0	__nested_function	0x2	0	0	0	0
2243	0x0	__framesize	0x2	0	0	0	0
2244	0x0	__nested_function	0x2	0	0	0	0
2245	0x0	__framesize	0x2	0	0	0	0
2246	0x0	__nested_function	0x2	0	0	0	0
2247	0x0	__framesize	0x2	0	0	0	0
2248	0x0	__nested_function	0x2	0	0	0	0
2249	0x0	__framesize	0x2	0	0	0	0
2250	0x0	__nested_function	0x2	0	0	0	0
2251	0x0	__framesize	0x2	0	0	0	0
2252	0x0	__nested_function	0x2	0	0	0	0
2253	0x0	__framesize	0x2	0	0	0	0
2254	0x0	__nested_function	0x2	0	0	0	0
2255	0x0	__framesize	0x2	0	0	0	0
2256	0x0	__nested_function	0x2	0	0	0	0
2257	0x0	__framesize	0x2	0	0	0	0
2258	0x0	__nested_function	0x2	0	0	0	0
2259	0x0	__framesize	0x2	0	0	0	0
2260	0x0	__nested_function	0x2	0	0	0	0
2261	0x0	__framesize	0x2	0	0	0	0
2262	0x0	__nested_function	0x2	0	0	0	0
2263	0x0	__framesize	0x2	0	0	0	0
2264	0x0	__nested_function	0x2	0	0	0	0
2265	0x0	__framesize	0x2	0	0	0	0
2266	0x0	__nested_function	0x2	0	0	0	0
2267	0x0	__framesize	0x2	0	0	0	0
2268	0x0	__nested_function	0x2	0	0	0	0
2269	0x0	__framesize	0x2	0	0	0	0
2270	0x0	__nested_function	0x2	0	0	0	0
2271	0x0	__framesize	0x2	0	0	0	0
2272	0x0	__nested_function	0x2	0	0	0	0
2273	0x0	__framesize	0x2	0	0	0	0
2274	0x0	__nested_function	0x2	0	0	0	0
2275	0x0	__framesize	0x2	0	0	0	0
2276	0x0	__nested_function	0x2	0	0	0	0
2277	0x0	__framesize	0x2	0	0	0	0
2278	0x0	__nested_function	0x2	0	0	0	0
2279	0x0	__framesize	0x2	0	0	0	0
2280	0x0	__nested_function	0x2	0	0	0	0
2281	0xc	RSAVE_BYTES	0x2	0	0	0	0
2282	0x0	__framesize	0x2	0	0	0	0
2283	0x0	__nested_function	0x2	0	0	0	0
2284	0x0	__framesize	0x2	0	0	0	0
2285	0x0	__nested_function	0x2	0	0	0	0
2286	0x0	__framesize	0x2	0	0	0	0
2287	0x0	__nested_function	0x2	0	0	0	0
2288	0x0	__framesize	0x2	0	0	0	0
2289	0x0	__nested_function	0x2	0	0	0	0
2290	0x0	__framesize	0x2	0	0	0	0
2291	0x0	__nested_function	0x2	0	0	0	0
2292	0x0	__framesize	0x2	0	0	0	0
2293	0x0	__nested_function	0x2	0	0	0	0
2294	0x0	__framesize	0x2	0	0	0	0
2295	0x0	__nested_function	0x2	0	0	0	0
2296	0x0	__framesize	0x2	0	0	0	0
2297	0x0	__nested_function	0x2	0	0	0	0
2298	0x0	__framesize	0x2	0	0	0	0
2299	0x0	__nested_function	0x2	0	0	0	0
2300	0x0	__framesize	0x2	0	0	0	0
2301	0x0	__nested_function	0x2	0	0	0	0
2302	0x0	__framesize	0x2	0	0	0	0
2303	0x0	__nested_function	0x2	0	0	0	0
2304	0x0	__framesize	0x2	0	0	0	0
2305	0x0	__nested_function	0x2	0	0	0	0
2306	0x0	__framesize	0x2	0	0	0	0
2307	0x0	__nested_function	0x2	0	0	0	0
2308	0x0	__framesize	0x2	0	0	0	0
2309	0x0	__nested_function	0x2	0	0	0	0
2310	0x0	__framesize	0x2	0	0	0	0
2311	0x0	__nested_function	0x2	0	0	0	0
2312	0x0	__framesize	0x2	0	0	0	0
2313	0x0	__nested_function	0x2	0	0	0	0
2314	0x0	__framesize	0x2	0	0	0	0
2315	0x0	__nested_function	0x2	0	0	0	0
2316	0x0	__framesize	0x2	0	0	0	0
2317	0x0	__nested_function	0x2	0	0	0	0
2318	0x0	__framesize	0x2	0	0	0	0
2319	0x0	__nested_function	0x2	0	0	0	0
2320	0x0	__framesize	0x2	0	0	0	0
2321	0x0	__nested_function	0x2	0	0	0	0
2322	0x0	__framesize	0x2	0	0	0	0
2323	0x0	__nested_function	0x2	0	0	0	0
2324	0x0	__framesize	0x2	0	0	0	0
2325	0x0	__nested_function	0x2	0	0	0	0
2326	0x0	__framesize	0x2	0	0	0	0
2327	0x0	__nested_function	0x2	0	0	0	0
2328	0x50cc678	_cprocs_started	0xe	7	0	0	0
2329	0x50cc67c	_cproc_lock	0xe	7	0	0	0
2330	0x50cc680	_cprocs	0xe	7	0	0	0
2331	0x507cfac	_cproc_alloc	0xe	1	0	0	0
2332	0x507d280	_cproc_continue	0xe	1	0	0	0
2333	0x50cc6b0	_cthreads	0xe	7	0	0	0
2334	0x50cc6b8	_cthread_lock	0xe	7	0	0	0
2335	0x50cc6c0	_cthread_needed	0xe	7	0	0	0
2336	0x50cc6d0	_cthread_idle	0xe	7	0	0	0
2337	0x50cc6e0	_n_cprocs	0xe	7	0	0	0
2338	0x50cc6e4	_n_cthreads	0xe	7	0	0	0
2339	0x50cc6e8	_max_cprocs	0xe	7	0	0	0
2340	0x50cc6ec	_free_cthreads	0xe	7	0	0	0
2341	0x50cc6f0	_cthread_free_lock	0xe	7	0	0	0
2342	0x50cc6f4	_initial_cthread	0xe	7	0	0	0
2343	0x507d57c	_cthread_alloc	0xe	1	0	0	0
2344	0x50cc778	__cthread_free_callout_function	0xe	7	0	0	0
2345	0x507d61c	_cthread_free	0xe	1	0	0	0
2346	0x50cc784	_cthreads_started.8	0xe	7	0	0	0
2347	0x50cc7b4	_saved_self	0xe	7	0	0	0
2348	0x50cc7c8	_reply_port_lock	0xe	7	0	0	0
2349	0x50cc7ec	_cthread_stack_size	0xe	7	0	0	0
2350	0x50cc7f0	_next_stack_base	0xe	7	0	0	0
2351	0x50cc7f4	_initial_stack_deallocated	0xe	7	0	0	0
2352	0x50cc7f8	_initial_stack_lock	0xe	7	0	0	0
2353	0x507dfcc	_setup_stack	0xe	1	0	0	0
2354	0x50cc910	_rcs_id	0xe	7	0	0	0
2355	0x0	__framesize	0x2	0	0	0	0
2356	0x0	__nested_function	0x2	0	0	0	0
2357	0x50cc980	__yprequest_arms	0xe	7	0	0	0
2358	0x50cc9a4	__ypresponse_arms	0xe	7	0	0	0
2359	0x50cc9f0	_ypbind_resp_arms	0xe	7	0	0	0
2360	0x50cca14	_tcp_timout	0xe	7	0	0	0
2361	0x50cca20	_bind_intertry	0xe	7	0	0	0
2362	0x50cca28	_bind_timeout	0xe	7	0	0	0
2363	0x50cca30	_ypserv_intertry	0xe	7	0	0	0
2364	0x50cca38	_bfvalid	0xe	7	0	0	0
2365	0x50d2ab0	_bfname	0xe	12	0	0	0
2366	0x50d2b10	_bf	0xe	12	0	0	0
2367	0x50d2b14	_binder_port	0xe	12	0	0	0
2368	0x50d2aa4	_my_addr	0xe	12	0	0	0
2369	0x50d2aa8	_bound_domains	0xe	12	0	0	0
2370	0x507f364	__default_domain	0xe	1	0	0	0
2371	0x50d2aac	_default_domain	0xe	12	0	0	0
2372	0x50cca50	_mypid.82	0xe	7	0	0	0
2373	0x507f44c	_newborn	0xe	1	0	0	0
2374	0x507f4a0	_check_binding	0xe	1	0	0	0
2375	0x507f54c	_check_pmap_up	0xe	1	0	0	0
2376	0x507f5f8	_check_binder_up	0xe	1	0	0	0
2377	0x507f6f0	_talk2_pmap	0xe	1	0	0	0
2378	0x507f820	_talk2_binder	0xe	1	0	0	0
2379	0x507fa38	_get_binder_port	0xe	1	0	0	0
2380	0x507fa90	_load_dom_binding	0xe	1	0	0	0
2381	0x507fc24	_talk2_server	0xe	1	0	0	0
2382	0x50ccabc	_ypsymbol_prefix	0xe	7	0	0	0
2383	0x50ccac0	_ypsymbol_prefix_length	0xe	7	0	0	0
2384	0x507febc	_v2dofirst	0xe	1	0	0	0
2385	0x5080048	_v1dofirst	0xe	1	0	0	0
2386	0x5080364	_v2donext	0xe	1	0	0	0
2387	0x50804fc	_v1donext	0xe	1	0	0	0
2388	0x508071c	_v1filter	0xe	1	0	0	0
2389	0x50808c4	_v2domaster	0xe	1	0	0	0
2390	0x50809c0	_v1domaster	0xe	1	0	0	0
2391	0x5080b38	_detachnode	0xe	1	0	0	0
2392	0x50d2b18	_head	0xe	12	0	0	0
2393	0x5080b74	_freenode	0xe	1	0	0	0
2394	0x5080bf0	_makenode	0xe	1	0	0	0
2395	0x5080f9c	_v2domatch	0xe	1	0	0	0
2396	0x50810c8	_v1domatch	0xe	1	0	0	0
2397	0x50812ec	_v2doorder	0xe	1	0	0	0
2398	0x50813a4	_v1doorder	0xe	1	0	0	0
2399	0x50ccb40	_bb_head	0xe	7	0	0	0
2400	0x50815f0	_num_digits	0xe	1	0	0	0
2401	0x50ccb44	___new_handler	0xe	7	0	0	0
2402	0x50826d8	_default_new_handler	0xe	1	0	0	0
2403	0x50c7790	___clz_tab	0xe	4	0	0	0
2404	0x5082b34	_log2	0xe	1	0	0	0
2405	0x5082b68	_exp2m1	0xe	1	0	0	0
2406	0x50ccb60	_protoPrototype	0xe	7	0	0	0
2407	0x50ccb70	_prototypes	0xe	7	0	0	0
2408	0x5082c54	_bootstrap	0xe	1	0	0	0
2409	0x5082e98	_freeBucketPairs	0xe	1	0	0	0
2410	0x5082efc	_freeBuckets	0xe	1	0	0	0
2411	0x5083348	__NXHashRehash	0xe	1	0	0	0
2412	0x50ccbe8	_uniqueStrings	0xe	7	0	0	0
2413	0x50ccbec	_accessUniqueString	0xe	7	0	0	0
2414	0x50ccbf0	_zone	0xe	7	0	0	0
2415	0x50ccbf4	_zoneSize	0xe	7	0	0	0
2416	0x50ccbf8	_lock	0xe	7	0	0	0
2417	0x5083ba8	_CopyIntoReadOnly	0xe	1	0	0	0
2418	0x5083ec8	_log2	0xe	1	0	0	0
2419	0x50ccc1c	_protoPrototype	0xe	7	0	0	0
2420	0x50ccc2c	_prototypes	0xe	7	0	0	0
2421	0x50ccc48	_mapSearch	0xe	7	0	0	0
2422	0x50ccc4c	_mapSearchHit	0xe	7	0	0	0
2423	0x50ccc50	_mapSearchLoop	0xe	7	0	0	0
2424	0x50ccc5c	_mapRehash	0xe	7	0	0	0
2425	0x50ccc60	_mapRehashSum	0xe	7	0	0	0
2426	0x50843fc	__NXMapRehash	0xe	1	0	0	0
2427	0x50ccc68	_mapInsert	0xe	7	0	0	0
2428	0x50ccc6c	_mapInsertHit	0xe	7	0	0	0
2429	0x50ccc70	_mapInsertLoop	0xe	7	0	0	0
2430	0x50ccc78	_mapRemove	0xe	7	0	0	0
2431	0x50ccca8	__class_uncache	0xe	7	0	0	0
2432	0x50cccac	__class_slow_grow	0xe	7	0	0	0
2433	0x50c7890	__errNoMem	0xe	4	0	0	0
2434	0x50c78b0	__errAllocNil	0xe	4	0	0	0
2435	0x50c78c6	__errFreedObject	0xe	4	0	0	0
2436	0x50c78ec	__errNonExistentObject	0xe	4	0	0	0
2437	0x50c7919	__errBadSel	0xe	4	0	0	0
2438	0x50c792d	__errNotSuper	0xe	4	0	0	0
2439	0x50c795d	__errNewVars	0xe	4	0	0	0
2440	0x50cccb0	_cacheUpdateLock	0xe	7	0	0	0
2441	0x50cccb8	_cacheCollectionLock	0xe	7	0	0	0
2442	0x50cf420	_freedObjectClass	0xe	11	0	0	0
2443	0x50cf448	_nonexistentObjectClass	0xe	11	0	0	0
2444	0x5084f88	_class_getVariable	0xe	1	0	0	0
2445	0x5085038	_flush_caches	0xe	1	0	0	0
2446	0x50ccd1c	_posed_class_hash	0xe	7	0	0	0
2447	0x50ccd20	_posed_class_to_original_class_hash	0xe	7	0	0	0
2448	0x50852fc	_addClassToOriginalClass	0xe	1	0	0	0
2449	0x508541c	__objc_addOrigClass	0xe	1	0	0	0
2450	0x508580c	__freedHandler	0xe	1	0	0	0
2451	0x5085848	__nonexistentHandler	0xe	1	0	0	0
2452	0x5085884	_class_initialize	0xe	1	0	0	0
2453	0x50859e0	_objc_malloc	0xe	1	0	0	0
2454	0x5085d8c	__cache_expand	0xe	1	0	0	0
2455	0x50ccd60	_totalCacheFills	0xe	7	0	0	0
2456	0x50ccd64	_objcInstrumentationFD	0xe	7	0	0	0
2457	0x50ccd68	_objcInstrumentationOn	0xe	7	0	0	0
2458	0x50ccd6c	_traceDuplicates	0xe	7	0	0	0
2459	0x50ccd70	_traceDuplicatesVerbose	0xe	7	0	0	0
2460	0x50ccd74	_cacheFillDuplicates	0xe	7	0	0	0
2461	0x5085f80	__cache_fill	0xe	1	0	0	0
2462	0x50861c4	__cache_flush	0xe	1	0	0	0
2463	0x5086484	_SubTypeUntil	0xe	1	0	0	0
2464	0x5086510	_SkipFirstType	0xe	1	0	0	0
2465	0x50ccda4	__objc_zone.112	0xe	7	0	0	0
2466	0x50868e4	__get_pc_for_thread	0xe	1	0	0	0
2467	0x5086920	__collecting_in_critical	0xe	1	0	0	0
2468	0x50ccdb4	_garbage_byte_size	0xe	7	0	0	0
2469	0x50ccdb8	_garbage_threshold	0xe	7	0	0	0
2470	0x50ccdbc	_garbage_refs	0xe	7	0	0	0
2471	0x50ccdc0	_garbage_count	0xe	7	0	0	0
2472	0x50ccdc4	_garbage_max	0xe	7	0	0	0
2473	0x50ccdc8	_first.119	0xe	7	0	0	0
2474	0x5086a08	__garbage_make_room	0xe	1	0	0	0
2475	0x5086aac	__cache_collect_free	0xe	1	0	0	0
2476	0x5086c44	__cache_print	0xe	1	0	0	0
2477	0x5086d58	_log2	0xe	1	0	0	0
2478	0x5087db0	__getExecHeader	0xe	1	0	0	0
2479	0x5087f00	_send_unload_message_to_class	0xe	1	0	0	0
2480	0x5087f50	_send_unload_message_to_category	0xe	1	0	0	0
2481	0x5087fd0	__objc_fixup_string_objects_from_header	0xe	1	0	0	0
2482	0x5088034	_objc_registerModule	0xe	1	0	0	0
2483	0x5088610	_objc_unregisterModule	0xe	1	0	0	0
2484	0x50cce74	_loadLock	0xe	7	0	0	0
2485	0x50cce90	_header_vector	0xe	7	0	0	0
2486	0x50cce94	_header_count	0xe	7	0	0	0
2487	0x50cce98	_class_hash	0xe	7	0	0	0
2488	0x5088a50	_classHash	0xe	1	0	0	0
2489	0x5088ab8	_classIsEqual	0xe	1	0	0	0
2490	0x50cceb0	_classHashPrototype	0xe	7	0	0	0
2491	0x5088b74	__objc_defaultClassHandler	0xe	1	0	0	0
2492	0x50ccecc	_objc_classHandler	0xe	7	0	0	0
2493	0x50d2b20	_module_vector	0xe	12	0	0	0
2494	0x50d2b1c	_module_count	0xe	12	0	0	0
2495	0x5088f8c	__objcTweakMethodListPointerForClass	0xe	1	0	0	0
2496	0x50ccf00	_category_hash	0xe	7	0	0	0
2497	0x50891f4	__objc_resolve_categories_for_class	0xe	1	0	0	0
2498	0x5089258	__objc_register_category	0xe	1	0	0	0
2499	0x5089320	__objc_add_categories_from_image	0xe	1	0	0	0
2500	0x5089448	__headerForClass	0xe	1	0	0	0
2501	0x50894f0	__resolveClassConflict	0xe	1	0	0	0
2502	0x50ccf1c	_pended_map_selectors_index	0xe	7	0	0	0
2503	0x50ccf20	_map_selectors_pended	0xe	7	0	0	0
2504	0x508958c	_pend_map_selectors	0xe	1	0	0	0
2505	0x50ccf28	_pendingClassRefsMap	0xe	7	0	0	0
2506	0x50895b0	_checkForPendingClassReferences	0xe	1	0	0	0
2507	0x50897b4	__objc_get_classes_from_image	0xe	1	0	0	0
2508	0x50898d0	__objc_fixup_string_objects_for_image	0xe	1	0	0	0
2509	0x5089948	__objc_map_class_refs_for_image	0xe	1	0	0	0
2510	0x50899c4	__objc_fixup_protocol_objects_for_image	0xe	1	0	0	0
2511	0x5089ac8	_compareHeaders	0xe	1	0	0	0
2512	0x50ccf50	_categoryMethodMap	0xe	7	0	0	0
2513	0x50ccf54	_classMethodMap	0xe	7	0	0	0
2514	0x5089c70	__objc_registerMethodListFromCategory	0xe	1	0	0	0
2515	0x5089cfc	__objc_registerMethodListFromClass	0xe	1	0	0	0
2516	0x50ccf70	_rocketLaunching	0xe	7	0	0	0
2517	0x508a160	_libraryNameForMachHeader	0xe	1	0	0	0
2518	0x508a1b8	_undo_preuniqing_for_image	0xe	1	0	0	0
2519	0x508a284	__objc_fixup_selector_refs	0xe	1	0	0	0
2520	0x508a5c8	_sortedRefsSize	0xe	1	0	0	0
2521	0x508a604	_backrefsSectionComparator	0xe	1	0	0	0
2522	0x508a654	_do_pended_map_selectors	0xe	1	0	0	0
2523	0x50d2b24	_pended_map_selectors	0xe	12	0	0	0
2524	0x508a928	__objc_call_loads_for_image	0xe	1	0	0	0
2525	0x508ae3c	__objc_map_image_callback	0xe	1	0	0	0
2526	0x508b03c	__objc_link_module_callback	0xe	1	0	0	0
2527	0x508b054	__objc_unlink_module_callback	0xe	1	0	0	0
2528	0x50c7c20	_sentinel	0xe	4	0	0	0
2529	0x50ccfb4	_dynamicHashTable	0xe	7	0	0	0
2530	0x50ccfdc	_hashTableChain	0xe	7	0	0	0
2531	0x50ccfe0	_selectorLock	0xe	7	0	0	0
2532	0x508b098	_objc_malloc	0xe	1	0	0	0
2533	0x50ccff0	_HASH_alloc_list.82	0xe	7	0	0	0
2534	0x50ccff4	_HASH_alloc_index.83	0xe	7	0	0	0
2535	0x50cd000	_relativeTo	0xe	7	0	0	0
2536	0x508b228	_comparator	0xe	1	0	0	0
2537	0x508b258	_fixupEntryForSelector	0xe	1	0	0	0
2538	0x508b294	_selRefForFixupEntryInTable	0xe	1	0	0	0
2539	0x50c7c24	__errNoMem	0xe	4	0	0	0
2540	0x50c7c44	__errReAllocNil	0xe	4	0	0	0
2541	0x50c7c5c	__errReAllocFreed	0xe	4	0	0	0
2542	0x50c7c76	__errReAllocTooSmall	0xe	4	0	0	0
2543	0x50c7c98	__errShouldHaveImp	0xe	4	0	0	0
2544	0x50c7cc1	__errShouldNotImp	0xe	4	0	0	0
2545	0x50c7cee	__errLeftUndone	0xe	4	0	0	0
2546	0x50c7d0a	__errBadSel	0xe	4	0	0	0
2547	0x50c7d2e	__errDoesntRecognize	0xe	4	0	0	0
2548	0x508c04c	+[Object initialize]	0xe	1	0	0	0
2549	0x508c068	-[Object awake]	0xe	1	0	0	0
2550	0x508c084	+[Object poseAs:]	0xe	1	0	0	0
2551	0x508c0b0	+[Object new]	0xe	1	0	0	0
2552	0x508c100	+[Object alloc]	0xe	1	0	0	0
2553	0x508c134	+[Object allocFromZone:]	0xe	1	0	0	0
2554	0x508c160	-[Object init]	0xe	1	0	0	0
2555	0x508c17c	-[Object name]	0xe	1	0	0	0
2556	0x508c19c	+[Object name]	0xe	1	0	0	0
2557	0x508c1bc	-[Object hash]	0xe	1	0	0	0
2558	0x508c1dc	-[Object isEqual:]	0xe	1	0	0	0
2559	0x508c204	-[Object free]	0xe	1	0	0	0
2560	0x508c22c	+[Object free]	0xe	1	0	0	0
2561	0x508c248	-[Object self]	0xe	1	0	0	0
2562	0x508c264	-[Object class]	0xe	1	0	0	0
2563	0x508c280	+[Object class]	0xe	1	0	0	0
2564	0x508c29c	-[Object zone]	0xe	1	0	0	0
2565	0x508c2cc	+[Object superclass]	0xe	1	0	0	0
2566	0x508c2ec	-[Object superclass]	0xe	1	0	0	0
2567	0x508c30c	+[Object version]	0xe	1	0	0	0
2568	0x508c32c	+[Object setVersion:]	0xe	1	0	0	0
2569	0x508c34c	-[Object isKindOf:]	0xe	1	0	0	0
2570	0x508c38c	-[Object isMemberOf:]	0xe	1	0	0	0
2571	0x508c3b4	-[Object isKindOfClassNamed:]	0xe	1	0	0	0
2572	0x508c404	-[Object isMemberOfClassNamed:]	0xe	1	0	0	0
2573	0x508c43c	+[Object instancesRespondTo:]	0xe	1	0	0	0
2574	0x508c468	-[Object respondsTo:]	0xe	1	0	0	0
2575	0x508c498	-[Object copy]	0xe	1	0	0	0
2576	0x508c4d8	-[Object copyFromZone:]	0xe	1	0	0	0
2577	0x508c504	-[Object methodFor:]	0xe	1	0	0	0
2578	0x508c530	+[Object instanceMethodFor:]	0xe	1	0	0	0
2579	0x508c558	-[Object perform:]	0xe	1	0	0	0
2580	0x508c5ac	-[Object perform:with:]	0xe	1	0	0	0
2581	0x508c604	-[Object perform:with:with:]	0xe	1	0	0	0
2582	0x508c660	-[Object subclassResponsibility:]	0xe	1	0	0	0
2583	0x508c6a0	-[Object notImplemented:]	0xe	1	0	0	0
2584	0x508c6e0	-[Object doesNotRecognize:]	0xe	1	0	0	0
2585	0x508c734	-[Object error:]	0xe	1	0	0	0
2586	0x508c774	-[Object printForDebugger:]	0xe	1	0	0	0
2587	0x508c7b8	-[Object write:]	0xe	1	0	0	0
2588	0x508c7d4	-[Object read:]	0xe	1	0	0	0
2589	0x508c7f0	-[Object forward::]	0xe	1	0	0	0
2590	0x508c81c	-[Object methodArgSize:]	0xe	1	0	0	0
2591	0x508c85c	-[Object performv::]	0xe	1	0	0	0
2592	0x508c8c0	-[Object conformsTo:]	0xe	1	0	0	0
2593	0x508c8f0	+[Object conformsTo:]	0xe	1	0	0	0
2594	0x508c980	-[Object descriptionForMethod:]	0xe	1	0	0	0
2595	0x508ca7c	+[Object descriptionForInstanceMethod:]	0xe	1	0	0	0
2596	0x508cb58	+[Object superClass]	0xe	1	0	0	0
2597	0x508cb80	-[Object superClass]	0xe	1	0	0	0
2598	0x508cba8	-[Object isKindOfGivenName:]	0xe	1	0	0	0
2599	0x508cbd8	-[Object isMemberOfGivenName:]	0xe	1	0	0	0
2600	0x508cc08	-[Object methodDescFor:]	0xe	1	0	0	0
2601	0x508cc34	+[Object instanceMethodDescFor:]	0xe	1	0	0	0
2602	0x508cc60	-[Object findClass:]	0xe	1	0	0	0
2603	0x508cc88	-[Object shouldNotImplement:]	0xe	1	0	0	0
2604	0x508d00c	_fixup_classes	0xe	1	0	0	0
2605	0x508d0f0	+[Protocol _fixup:numElements:]	0xe	1	0	0	0
2606	0x508d188	+[Protocol load]	0xe	1	0	0	0
2607	0x508d208	-[Protocol conformsTo:]	0xe	1	0	0	0
2608	0x508d2b4	-[Protocol descriptionForInstanceMethod:]	0xe	1	0	0	0
2609	0x508d2fc	-[Protocol descriptionForClassMethod:]	0xe	1	0	0	0
2610	0x508d344	-[Protocol name]	0xe	1	0	0	0
2611	0x508d364	-[Protocol isEqual:]	0xe	1	0	0	0
2612	0x508d3f0	-[Protocol hash]	0xe	1	0	0	0
2613	0x508d40c	_lookup_method	0xe	1	0	0	0
2614	0x508d458	_lookup_instance_method	0xe	1	0	0	0
2615	0x508d4cc	_lookup_class_method	0xe	1	0	0	0
2616	0x508d568	_call_constructors	0xe	1	0	0	0
2617	0x508d5a8	_call_destructors	0xe	1	0	0	0
2618	0x508d5e8	_call_routines_for_section	0xe	1	0	0	0
2619	0x50cd188	_ErrorBufferSize	0xe	7	0	0	0
2620	0x50cd18c	_BaseAltHandlers	0xe	7	0	0	0
2621	0x50cd24c	_Base	0xe	7	0	0	0
2622	0x50cd264	_Lock	0xe	7	0	0	0
2623	0x508d668	_addme	0xe	1	0	0	0
2624	0x508d6f4	__NXClearExceptionStack	0xe	1	0	0	0
2625	0x508d740	_trickyRemoveHandler	0xe	1	0	0	0
2626	0x50cd28c	_ExceptionRaiser	0xe	7	0	0	0
2627	0x50cd29c	_ErrorBuffer	0xe	7	0	0	0
2628	0x50cd2a0	_ErrorBufferOffset	0xe	7	0	0	0
2629	0x50cd2a4	_mylock.26	0xe	7	0	0	0
2630	0x50cd2b8	_hasTerm.2	0xe	7	0	0	0
2631	0x508dcf4	_hasTerminal	0xe	1	0	0	0
2632	0x4	self	0x2	0	0	0	0
2633	0x8	selector	0x2	0	0	0	0
2634	0x0	isa	0x2	0	0	0	0
2635	0x20	cache	0x2	0	0	0	0
2636	0x8	buckets	0x2	0	0	0	0
2637	0x0	mask	0x2	0	0	0	0
2638	0x0	method_name	0x2	0	0	0	0
2639	0x8	method_imp	0x2	0	0	0	0
2640	0x4	caller	0x2	0	0	0	0
2641	0x0	reciever	0x2	0	0	0	0
2642	0x4	class	0x2	0	0	0	0
2643	0x10	args	0x2	0	0	0	0
2644	0xc	size	0x2	0	0	0	0
2645	0x8	sel	0x2	0	0	0	0
2646	0x508e000	_log2	0xe	1	0	0	0
2647	0x508e034	_exp2m1	0xe	1	0	0	0
2648	0x508e060	_hash	0xe	1	0	0	0
2649	0x508e0fc	_isEqual	0xe	1	0	0	0
2650	0x508e1a0	_freeObject	0xe	1	0	0	0
2651	0x508e1c8	_noFree	0xe	1	0	0	0
2652	0x508e1e0	+[HashTable initialize]	0xe	1	0	0	0
2653	0x508e210	-[HashTable _initBare:::]	0xe	1	0	0	0
2654	0x508e270	+[HashTable _newBare:::]	0xe	1	0	0	0
2655	0x508e2c4	-[HashTable initKeyDesc:valueDesc:]	0xe	1	0	0	0
2656	0x508e2f8	-[HashTable initKeyDesc:]	0xe	1	0	0	0
2657	0x508e328	-[HashTable init]	0xe	1	0	0	0
2658	0x508e354	-[HashTable initKeyDesc:valueDesc:capacity:]	0xe	1	0	0	0
2659	0x508e3c0	+[HashTable newKeyDesc:valueDesc:capacity:]	0xe	1	0	0	0
2660	0x508e414	+[HashTable newKeyDesc:valueDesc:]	0xe	1	0	0	0
2661	0x508e448	+[HashTable newKeyDesc:]	0xe	1	0	0	0
2662	0x508e478	+[HashTable new]	0xe	1	0	0	0
2663	0x508e4a4	-[HashTable free]	0xe	1	0	0	0
2664	0x508e508	-[HashTable freeObjects]	0xe	1	0	0	0
2665	0x508e560	-[HashTable freeKeys:values:]	0xe	1	0	0	0
2666	0x508e5f8	-[HashTable empty]	0xe	1	0	0	0
2667	0x508e65c	-[HashTable copyFromZone:]	0xe	1	0	0	0
2668	0x508e724	-[HashTable count]	0xe	1	0	0	0
2669	0x508e744	-[HashTable isKey:]	0xe	1	0	0	0
2670	0x508e7cc	-[HashTable valueForKey:]	0xe	1	0	0	0
2671	0x508e854	-[HashTable _insertKeyNoRehash:value:]	0xe	1	0	0	0
2672	0x508e984	-[HashTable insertKey:value:]	0xe	1	0	0	0
2673	0x508eae0	-[HashTable removeKey:]	0xe	1	0	0	0
2674	0x508ec68	-[HashTable initState]	0xe	1	0	0	0
2675	0x508ec94	-[HashTable nextState:key:value:]	0xe	1	0	0	0
2676	0x508ed10	-[HashTable write:]	0xe	1	0	0	0
2677	0x508edf4	-[HashTable read:]	0xe	1	0	0	0
2678	0x508ef30	_DebugPrint	0xe	1	0	0	0
2679	0x508efbc	-[HashTable printForDebugger:]	0xe	1	0	0	0
2680	0x508f0d0	-[HashTable _debugPrint:]	0xe	1	0	0	0
2681	0x508f104	+[List initialize]	0xe	1	0	0	0
2682	0x508f134	-[List initCount:]	0xe	1	0	0	0
2683	0x508f198	+[List newCount:]	0xe	1	0	0	0
2684	0x508f1e4	+[List new]	0xe	1	0	0	0
2685	0x508f210	-[List init]	0xe	1	0	0	0
2686	0x508f23c	-[List free]	0xe	1	0	0	0
2687	0x508f288	-[List freeObjects]	0xe	1	0	0	0
2688	0x508f2d8	-[List copyFromZone:]	0xe	1	0	0	0
2689	0x508f354	-[List isEqual:]	0xe	1	0	0	0
2690	0x508f3c4	-[List capacity]	0xe	1	0	0	0
2691	0x508f3e4	-[List count]	0xe	1	0	0	0
2692	0x508f404	-[List objectAt:]	0xe	1	0	0	0
2693	0x508f434	-[List indexOf:]	0xe	1	0	0	0
2694	0x508f48c	-[List lastObject]	0xe	1	0	0	0
2695	0x508f4c0	-[List setAvailableCapacity:]	0xe	1	0	0	0
2696	0x508f538	-[List insertObject:at:]	0xe	1	0	0	0
2697	0x508f600	-[List addObject:]	0xe	1	0	0	0
2698	0x508f630	-[List addObjectIfAbsent:]	0xe	1	0	0	0
2699	0x508f694	-[List removeObjectAt:]	0xe	1	0	0	0
2700	0x508f700	-[List removeObject:]	0xe	1	0	0	0
2701	0x508f760	-[List removeLastObject]	0xe	1	0	0	0
2702	0x508f79c	-[List empty]	0xe	1	0	0	0
2703	0x508f7c0	-[List replaceObject:with:]	0xe	1	0	0	0
2704	0x508f820	-[List replaceObjectAt:with:]	0xe	1	0	0	0
2705	0x508f860	-[List write:]	0xe	1	0	0	0
2706	0x508f8dc	-[List read:]	0xe	1	0	0	0
2707	0x508f9dc	-[List makeObjectsPerform:]	0xe	1	0	0	0
2708	0x508fa2c	-[List makeObjectsPerform:with:]	0xe	1	0	0	0
2709	0x508fa80	-[List appendList:]	0xe	1	0	0	0
2710	0x508faf0	_warning	0xe	1	0	0	0
2711	0x50cd3f4	_bundleTable	0xe	7	0	0	0
2712	0x50cd3f8	_mainBundleStringTableTable	0xe	7	0	0	0
2713	0x50cd3fc	_classToBundle	0xe	7	0	0	0
2714	0x50cd400	_mainBundle	0xe	7	0	0	0
2715	0x50cd404	_pathToBundle	0xe	7	0	0	0
2716	0x508fb08	-[NXBundle initForDirectory:]	0xe	1	0	0	0
2717	0x508fc34	-[NXBundle free]	0xe	1	0	0	0
2718	0x508fc9c	+[NXBundle mainBundle]	0xe	1	0	0	0
2719	0x508fd54	+[NXBundle bundleForClass:]	0xe	1	0	0	0
2720	0x508fda4	-[NXBundle directory]	0xe	1	0	0	0
2721	0x50cd41c	_globalPrincipalClass	0xe	7	0	0	0
2722	0x50cd420	_globalBundle	0xe	7	0	0	0
2723	0x508fdc4	_loadCallback	0xe	1	0	0	0
2724	0x50cd428	_bundleErrorStream	0xe	7	0	0	0
2725	0x508fe6c	+[NXBundle setErrorStream:]	0xe	1	0	0	0
2726	0x508fe94	-[NXBundle ensureLoaded]	0xe	1	0	0	0
2727	0x50900e8	-[NXBundle classNamed:]	0xe	1	0	0	0
2728	0x5090128	-[NXBundle principalClass]	0xe	1	0	0	0
2729	0x5090164	-[NXBundle setVersion:]	0xe	1	0	0	0
2730	0x5090184	-[NXBundle version]	0xe	1	0	0	0
2731	0x50cd444	_systemHasLanguages	0xe	7	0	0	0
2732	0x50cd448	_systemLanguages	0xe	7	0	0	0
2733	0x50901a4	_getDefaultSystemLanguages	0xe	1	0	0	0
2734	0x5090310	_readLprojVersion	0xe	1	0	0	0
2735	0x50903d0	_addExtension	0xe	1	0	0	0
2736	0x5090444	_addDirectoryEntriesTo	0xe	1	0	0	0
2737	0x50cd45c	_lprojTable.42	0xe	7	0	0	0
2738	0x5090504	_isFileInValidLproj	0xe	1	0	0	0
2739	0x50907a4	_getPathToNextLibraryLanguages	0xe	1	0	0	0
2740	0x509093c	+[NXBundle getPath:forResource:ofType:inDirectory:withVersion:]	0xe	1	0	0	0
2741	0x5090a54	-[NXBundle getPath:forResource:ofType:]	0xe	1	0	0	0
2742	0x5090aa4	+[NXBundle setSystemLanguages:]	0xe	1	0	0	0
2743	0x50cd474	_LocalizedStringZone.53	0xe	7	0	0	0
2744	0x5090e40	-[NXBundle(Compatability) initForPath:]	0xe	1	0	0	0
2745	0x5090e6c	-[NXBundle(Compatability) path]	0xe	1	0	0	0
2746	0x5090e94	+[NXBundle(Compatability) forClass:]	0xe	1	0	0	0
2747	0x5090ec0	+[NXBundle(Compatability) newFromPath:]	0xe	1	0	0	0
2748	0x5090f00	-[NXBundle(Compatability) initFromPath:]	0xe	1	0	0	0
2749	0x5090f2c	-[NXBundle(Compatability) bundlePath]	0xe	1	0	0	0
2750	0x5090f54	-[NXBundle(Compatability) codeLoaded]	0xe	1	0	0	0
2751	0x5090f74	-[NXBundle(Compatability) firstClass]	0xe	1	0	0	0
2752	0x5090f9c	-[NXBundle(Compatability) getResourcePath:forName:type:]	0xe	1	0	0	0
2753	0x5090fd4	-[NXBundle(Compatability) getClass:]	0xe	1	0	0	0
2754	0x5091000	-[NXBundle(Compatability) classForName:]	0xe	1	0	0	0
2755	0x509102c	_noFree	0xe	1	0	0	0
2756	0x5091044	_freeObjects	0xe	1	0	0	0
2757	0x5091084	+[NXBundle(Private) _invalidateLprojCache]	0xe	1	0	0	0
2758	0x5091134	-[NXCharacterSet init]	0xe	1	0	0	0
2759	0x50911c0	-[NXCharacterSet characterIsMember:]	0xe	1	0	0	0
2760	0x5091210	-[NXCharacterSet addCharacters:length:]	0xe	1	0	0	0
2761	0x5091278	-[NXCharacterSet removeCharacters:length:]	0xe	1	0	0	0
2762	0x50912dc	-[NXCharacterSet addRange::]	0xe	1	0	0	0
2763	0x5091344	-[NXCharacterSet removeRange::]	0xe	1	0	0	0
2764	0x50913a8	-[NXCharacterSet invert]	0xe	1	0	0	0
2765	0x50913d8	-[NXCharacterSet unionWith:]	0xe	1	0	0	0
2766	0x5091414	-[NXCharacterSet intersectWith:]	0xe	1	0	0	0
2767	0x5091450	-[NXCharacterSet copyFromZone:]	0xe	1	0	0	0
2768	0x50914bc	-[NXCharacterSet free]	0xe	1	0	0	0
2769	0x5091508	-[NXCharacterSet write:]	0xe	1	0	0	0
2770	0x5091568	-[NXCharacterSet read:]	0xe	1	0	0	0
2771	0x50915c8	-[NXMutableString(NX_BS_Extras) appendCharacters:length:]	0xe	1	0	0	0
2772	0x5091640	-[Object(NX_BS_Extras) writeToStream:]	0xe	1	0	0	0
2773	0x509166c	_freeKeyAndValue	0xe	1	0	0	0
2774	0x50916ac	-[NXPropertyList init]	0xe	1	0	0	0
2775	0x509170c	-[NXPropertyList free]	0xe	1	0	0	0
2776	0x5091760	-[NXPropertyList count]	0xe	1	0	0	0
2777	0x5091788	-[NXPropertyList member:]	0xe	1	0	0	0
2778	0x50917c8	-[NXPropertyList get:]	0xe	1	0	0	0
2779	0x50917f4	-[NXPropertyList insert:value:]	0xe	1	0	0	0
2780	0x5091880	-[NXPropertyList remove:]	0xe	1	0	0	0
2781	0x50918e0	-[NXPropertyList empty]	0xe	1	0	0	0
2782	0x509190c	-[NXPropertyList initEnumeration]	0xe	1	0	0	0
2783	0x5091934	-[NXPropertyList enumerate:key:value:]	0xe	1	0	0	0
2784	0x5091974	-[NXPropertyList(Basic_IO) initFromStream:]	0xe	1	0	0	0
2785	0x5091acc	-[NXPropertyList(Basic_IO) initFromPath:]	0xe	1	0	0	0
2786	0x5091c24	-[NXPropertyList(Basic_IO) writeToStream:]	0xe	1	0	0	0
2787	0x5091c74	-[NXPropertyList(Basic_IO) writeToPath:safely:]	0xe	1	0	0	0
2788	0x5091d70	-[NXPropertyList(Basic_IO) writeToPath:]	0xe	1	0	0	0
2789	0x5091da0	_NXGetNonSpace	0xe	1	0	0	0
2790	0x5091f58	_NXGetSlashedChar	0xe	1	0	0	0
2791	0x509225c	_readValue	0xe	1	0	0	0
2792	0x509234c	_writeSpaces	0xe	1	0	0	0
2793	0x50923ec	-[NXCleanList free]	0xe	1	0	0	0
2794	0x5092440	-[NXPropertyList(Fancy_IO) initFromStream:context:]	0xe	1	0	0	0
2795	0x5092618	-[NXPropertyList(Fancy_IO) writeToStream:context:]	0xe	1	0	0	0
2796	0x509284c	-[NXPropertyList(Fancy_IO) initFromPath:context:]	0xe	1	0	0	0
2797	0x5092970	-[NXCleanList(Fancy_IO) initFromStream:context:]	0xe	1	0	0	0
2798	0x5092a88	-[NXCleanList(Fancy_IO) writeToStream:context:]	0xe	1	0	0	0
2799	0x5092ba0	-[NXString(Fancy_IO) initFromStream:context:]	0xe	1	0	0	0
2800	0x5092f68	-[NXString(Fancy_IO) writeToStream:context:]	0xe	1	0	0	0
2801	0x50931ec	_hashString	0xe	1	0	0	0
2802	0x5093214	_isEqualString	0xe	1	0	0	0
2803	0x5093244	_freeString	0xe	1	0	0	0
2804	0x509326c	-[NXReadOnlyString(Fancy_IO) initFromStream:context:]	0xe	1	0	0	0
2805	0x5093368	-[Object(Fancy_IO) writeToStream:context:]	0xe	1	0	0	0
2806	0x5093394	-[NXConstantString initFromCharactersNoCopy:length:]	0xe	1	0	0	0
2807	0x50933c0	-[NXConstantString copyFromZone:]	0xe	1	0	0	0
2808	0x50933dc	-[NXConstantString free]	0xe	1	0	0	0
2809	0x50933f8	-[NXConstantString _reallyFree]	0xe	1	0	0	0
2810	0x5093434	-[NXConstantString finishUnarchiving]	0xe	1	0	0	0
2811	0x5093498	-[NXMutableString replaceCharactersInRange:withString:]	0xe	1	0	0	0
2812	0x50934c4	-[NXMutableString insertString:at:]	0xe	1	0	0	0
2813	0x50934fc	-[NXMutableString appendString:]	0xe	1	0	0	0
2814	0x5093548	-[NXMutableString deleteCharactersInRange:]	0xe	1	0	0	0
2815	0x5093580	-[NXMutableString mutableCopyFromZone:]	0xe	1	0	0	0
2816	0x50935ac	-[NXMutableString immutableCopyFromZone:]	0xe	1	0	0	0
2817	0x50935f4	-[NXMutableString replaceRange:with:]	0xe	1	0	0	0
2818	0x5093628	-[NXMutableString replaceWith:]	0xe	1	0	0	0
2819	0x5093678	-[NXMutableString insert:at:]	0xe	1	0	0	0
2820	0x50936a8	-[NXMutableString append:]	0xe	1	0	0	0
2821	0x50936d4	-[NXMutableString deleteRange:]	0xe	1	0	0	0
2822	0x5093704	+[NXReadOnlyString alloc]	0xe	1	0	0	0
2823	0x509374c	+[NXReadOnlyString allocFromZone:]	0xe	1	0	0	0
2824	0x5093794	-[NXReadOnlyString initFromCharactersNoCopy:length:]	0xe	1	0	0	0
2825	0x50937c8	-[NXReadOnlyString initFromCharactersNoCopy:length:freeWhenDone:]	0xe	1	0	0	0
2826	0x509382c	-[NXReadOnlyString allocateCharacterBuffer:]	0xe	1	0	0	0
2827	0x509386c	-[NXReadOnlyString copyFromZone:]	0xe	1	0	0	0
2828	0x5093894	-[NXReadOnlyString copySubstring:fromZone:]	0xe	1	0	0	0
2829	0x5093950	-[NXReadOnlyString mutableCopyFromZone:]	0xe	1	0	0	0
2830	0x50939a4	-[NXReadOnlyString free]	0xe	1	0	0	0
2831	0x5093a04	-[NXReadOnlyString finishUnarchiving]	0xe	1	0	0	0
2832	0x5093a5c	-[NXReadOnlyString write:]	0xe	1	0	0	0
2833	0x5093ac0	-[NXReadOnlyString read:]	0xe	1	0	0	0
2834	0x5093b28	-[NXReadOnlySubstring free]	0xe	1	0	0	0
2835	0x5093b88	-[NXReadWriteString initFromCharactersNoCopy:length:]	0xe	1	0	0	0
2836	0x50cd5f0	_emptyReadOnlyString.12	0xe	7	0	0	0
2837	0x5093bbc	-[NXReadWriteString initFromCharactersNoCopy:length:freeWhenDone:]	0xe	1	0	0	0
2838	0x5093cb0	-[NXReadWriteString length]	0xe	1	0	0	0
2839	0x5093cd0	-[NXReadWriteString characterAt:]	0xe	1	0	0	0
2840	0x5093d18	-[NXReadWriteString allocateCharacterBuffer:]	0xe	1	0	0	0
2841	0x5093d58	-[NXReadWriteString getCharacters:range:]	0xe	1	0	0	0
2842	0x5093db4	-[NXReadWriteString getCString:maxLength:range:remainingRange:]	0xe	1	0	0	0
2843	0x5093e54	-[NXReadWriteString compare:mask:table:]	0xe	1	0	0	0
2844	0x5093e8c	-[NXReadWriteString findString:range:mask:table:]	0xe	1	0	0	0
2845	0x5093ed0	-[NXReadWriteString findCharacter:range:mask:table:]	0xe	1	0	0	0
2846	0x5093f14	-[NXReadWriteString findOneOf:range:mask:table:]	0xe	1	0	0	0
2847	0x5093f58	-[NXReadWriteString hash]	0xe	1	0	0	0
2848	0x5093f84	-[NXReadWriteString replaceCharactersInRange:withString:]	0xe	1	0	0	0
2849	0x5094108	-[NXReadWriteString copyFromZone:]	0xe	1	0	0	0
2850	0x509416c	-[NXReadWriteString immutableCopyFromZone:]	0xe	1	0	0	0
2851	0x509419c	-[NXReadWriteString free]	0xe	1	0	0	0
2852	0x50941f0	-[NXReadWriteString write:]	0xe	1	0	0	0
2853	0x5094244	-[NXReadWriteString read:]	0xe	1	0	0	0
2854	0x5094298	-[NXReadWriteString finishUnarchiving]	0xe	1	0	0	0
2855	0x50942f0	-[NXSimpleReadOnlyString initFromCharactersNoCopy:length:]	0xe	1	0	0	0
2856	0x5094344	-[NXSimpleReadOnlyString characterAt:]	0xe	1	0	0	0
2857	0x5094384	-[NXSimpleReadOnlyString length]	0xe	1	0	0	0
2858	0x50943a4	-[NXSimpleReadOnlyString getCharacters:range:]	0xe	1	0	0	0
2859	0x50943fc	-[NXSimpleReadOnlyString getCString:maxLength:range:remainingRange:]	0xe	1	0	0	0
2860	0x50cd650	_simpleReadOnlyStringClass.20	0xe	7	0	0	0
2861	0x5094490	-[NXSimpleReadOnlyString compare:mask:table:]	0xe	1	0	0	0
2862	0x5094608	-[NXSimpleReadOnlyString findString:range:mask:table:]	0xe	1	0	0	0
2863	0x5094724	-[NXSimpleReadOnlyString findCharacter:range:mask:table:]	0xe	1	0	0	0
2864	0x50947a4	-[NXSimpleReadOnlyString findOneOf:range:mask:table:]	0xe	1	0	0	0
2865	0x5094870	-[NXSimpleReadOnlyString copySubstring:fromZone:]	0xe	1	0	0	0
2866	0x509492c	-[NXSimpleReadOnlyString hash]	0xe	1	0	0	0
2867	0x5094964	-[NXSimpleReadOnlyString copyFromZone:]	0xe	1	0	0	0
2868	0x50949dc	-[NXSimpleReadOnlyString free]	0xe	1	0	0	0
2869	0x5094a30	-[NXSimpleReadOnlyString write:]	0xe	1	0	0	0
2870	0x5094aac	-[NXSimpleReadOnlyString read:]	0xe	1	0	0	0
2871	0x50cd67c	_theStringZone	0xe	7	0	0	0
2872	0x5094b64	_objectPrintfProc	0xe	1	0	0	0
2873	0x5094c4c	+[NXString initialize]	0xe	1	0	0	0
2874	0x5094c90	-[NXString allocateCharacterBuffer:]	0xe	1	0	0	0
2875	0x5094cec	-[NXString initFromCharactersNoCopy:length:]	0xe	1	0	0	0
2876	0x5094d28	-[NXString init]	0xe	1	0	0	0
2877	0x5094d54	-[NXString initFromCharacters:length:]	0xe	1	0	0	0
2878	0x5094dac	-[NXString initFromString:]	0xe	1	0	0	0
2879	0x5094df8	-[NXString initFromString:range:]	0xe	1	0	0	0
2880	0x5094e60	-[NXString initFromStream:untilOneOf:maxLength:]	0xe	1	0	0	0
2881	0x5094e94	-[NXString initFromCStringStream:untilOneOf:maxLength:]	0xe	1	0	0	0
2882	0x5095180	-[NXString initFromFormat:]	0xe	1	0	0	0
2883	0x50951b0	-[NXString initFromFormat:withArgList:]	0xe	1	0	0	0
2884	0x5095298	-[NXString initFromCString:]	0xe	1	0	0	0
2885	0x50952e0	-[NXString initFromCString:length:]	0xe	1	0	0	0
2886	0x5095350	-[NXString getCString:]	0xe	1	0	0	0
2887	0x50953a8	-[NXString getCString:maxLength:]	0xe	1	0	0	0
2888	0x5095400	-[NXString getCString:maxLength:range:remainingRange:]	0xe	1	0	0	0
2889	0x5095470	-[NXString length]	0xe	1	0	0	0
2890	0x50954a0	-[NXString cStringLength]	0xe	1	0	0	0
2891	0x50954c8	-[NXString cStringCopy]	0xe	1	0	0	0
2892	0x5095544	-[NXString uniqueCStringCopy]	0xe	1	0	0	0
2893	0x50955d4	-[NXString characterAt:]	0xe	1	0	0	0
2894	0x5095604	-[NXString getCharacters:range:]	0xe	1	0	0	0
2895	0x5095660	-[NXString getCharacters:]	0xe	1	0	0	0
2896	0x50cd6f4	_stringClass.134	0xe	7	0	0	0
2897	0x5095890	-[NXString isEqual:]	0xe	1	0	0	0
2898	0x5095954	-[NXString compare:]	0xe	1	0	0	0
2899	0x5095984	-[NXString compare:mask:table:]	0xe	1	0	0	0
2900	0x5095ad0	-[NXString findString:]	0xe	1	0	0	0
2901	0x5095b20	-[NXString findString:range:mask:table:]	0xe	1	0	0	0
2902	0x5095d28	-[NXString findCharacter:]	0xe	1	0	0	0
2903	0x5095d84	-[NXString findCharacter:range:mask:table:]	0xe	1	0	0	0
2904	0x5095e20	-[NXString findOneOf:]	0xe	1	0	0	0
2905	0x5095e70	-[NXString findOneOf:range:mask:table:]	0xe	1	0	0	0
2906	0x5095f3c	-[NXString hash]	0xe	1	0	0	0
2907	0x5095fc8	-[NXString copySubstring:]	0xe	1	0	0	0
2908	0x5096014	-[NXString copySubstring:fromZone:]	0xe	1	0	0	0
2909	0x5096108	-[NXString immutableCopy]	0xe	1	0	0	0
2910	0x5096148	-[NXString immutableCopyFromZone:]	0xe	1	0	0	0
2911	0x5096174	-[NXString mutableCopy]	0xe	1	0	0	0
2912	0x50961b4	-[NXString mutableCopyFromZone:]	0xe	1	0	0	0
2913	0x50961fc	-[NXString writeToStream:]	0xe	1	0	0	0
2914	0x5096228	-[NXString writeCStringToStream:]	0xe	1	0	0	0
2915	0x50962f8	-[NXString printForDebugger:]	0xe	1	0	0	0
2916	0x50963bc	-[NXString _print]	0xe	1	0	0	0
2917	0x50964b0	-[NXString initFromStream:uptoLength:orUntilOneOf:]	0xe	1	0	0	0
2918	0x50964e4	-[NXString initFromByteStream:uptoLength:orUntilOneOf:]	0xe	1	0	0	0
2919	0x5096518	-[NXString getCString:range:]	0xe	1	0	0	0
2920	0x5096554	-[NXString getCString:length:]	0xe	1	0	0	0
2921	0x5096584	-[NXString getCString:length:range:]	0xe	1	0	0	0
2922	0x50965c0	-[NXString compare:mask:]	0xe	1	0	0	0
2923	0x50965f4	-[NXString compare:mask:usingTable:]	0xe	1	0	0	0
2924	0x5096628	-[NXString find:]	0xe	1	0	0	0
2925	0x5096654	-[NXString find:range:]	0xe	1	0	0	0
2926	0x509668c	-[NXString find:mask:]	0xe	1	0	0	0
2927	0x50966e4	-[NXString find:range:mask:usingTable:]	0xe	1	0	0	0
2928	0x5096720	-[NXString findOneOf:range:]	0xe	1	0	0	0
2929	0x5096758	-[NXString findOneOf:mask:]	0xe	1	0	0	0
2930	0x50967b0	-[NXString findOneOf:range:mask:usingTable:]	0xe	1	0	0	0
2931	0x50967ec	-[NXString findCharacter:range:]	0xe	1	0	0	0
2932	0x5096824	-[NXString findCharacter:mask:]	0xe	1	0	0	0
2933	0x5096884	-[NXString findCharacter:range:mask:usingTable:]	0xe	1	0	0	0
2934	0x50968c0	-[NXString createCharacterBuffer:]	0xe	1	0	0	0
2935	0x50968ec	-[NXString writeBytesToStream:]	0xe	1	0	0	0
2936	0x5096918	+[NXStringTable new]	0xe	1	0	0	0
2937	0x5096950	-[NXStringTable init]	0xe	1	0	0	0
2938	0x5096988	_noFree	0xe	1	0	0	0
2939	0x50969a0	_freeString	0xe	1	0	0	0
2940	0x50969c4	-[NXStringTable free]	0xe	1	0	0	0
2941	0x5096a24	-[NXStringTable valueForStringKey:]	0xe	1	0	0	0
2942	0x5096a70	_skipSpace	0xe	1	0	0	0
2943	0x5096ae0	_parseWord	0xe	1	0	0	0
2944	0x5096fe0	_writeWord	0xe	1	0	0	0
2945	0x5097568	-[NXStringTable readFromStream:]	0xe	1	0	0	0
2946	0x509780c	-[NXStringTable readFromFile:]	0xe	1	0	0	0
2947	0x5097860	+[NXStringTable newFromStream:]	0xe	1	0	0	0
2948	0x50978cc	+[NXStringTable newFromFile:]	0xe	1	0	0	0
2949	0x509792c	-[NXStringTable writeToStream:]	0xe	1	0	0	0
2950	0x50979d8	-[NXStringTable writeToFile:]	0xe	1	0	0	0
2951	0x50cd7d0	_uniquedStringHashTable	0xe	7	0	0	0
2952	0x5097a40	+[NXUniquedString initialize]	0xe	1	0	0	0
2953	0x50d2b74	_stringLock	0xe	12	0	0	0
2954	0x5097ad4	+[NXUniquedString newFromString:]	0xe	1	0	0	0
2955	0x5097bdc	+[NXUniquedString newFromCharacters:length:]	0xe	1	0	0	0
2956	0x5097c58	-[NXUniquedString initFromCharactersNoCopy:length:]	0xe	1	0	0	0
2957	0x5097d70	+[NXUniquedString allocFromZone:]	0xe	1	0	0	0
2958	0x5097db8	+[NXUniquedString alloc]	0xe	1	0	0	0
2959	0x5097e00	-[NXUniquedString free]	0xe	1	0	0	0
2960	0x5097e1c	-[NXUniquedString copyFromZone:]	0xe	1	0	0	0
2961	0x50cd7f4	_uniquedStringClass.18	0xe	7	0	0	0
2962	0x5097e38	-[NXUniquedString isEqual:]	0xe	1	0	0	0
2963	0x5097ed8	-[NXUniquedString finishUnarchiving]	0xe	1	0	0	0
2964	0x5097fb4	+[Storage initialize]	0xe	1	0	0	0
2965	0x5097fe4	+[Storage new]	0xe	1	0	0	0
2966	0x5098018	-[Storage init]	0xe	1	0	0	0
2967	0x509804c	-[Storage initCount:elementSize:description:]	0xe	1	0	0	0
2968	0x50980cc	+[Storage newCount:elementSize:description:]	0xe	1	0	0	0
2969	0x5098120	-[Storage free]	0xe	1	0	0	0
2970	0x509816c	-[Storage empty]	0xe	1	0	0	0
2971	0x5098190	-[Storage copyFromZone:]	0xe	1	0	0	0
2972	0x509820c	-[Storage isEqual:]	0xe	1	0	0	0
2973	0x5098288	-[Storage setNumSlots:]	0xe	1	0	0	0
2974	0x5098318	-[Storage setAvailableCapacity:]	0xe	1	0	0	0
2975	0x50983c4	-[Storage description]	0xe	1	0	0	0
2976	0x50983e4	-[Storage count]	0xe	1	0	0	0
2977	0x5098404	-[Storage elementAt:]	0xe	1	0	0	0
2978	0x5098434	-[Storage replace:at:]	0xe	1	0	0	0
2979	0x5098464	-[Storage replaceElementAt:with:]	0xe	1	0	0	0
2980	0x50984a4	-[Storage addElement:]	0xe	1	0	0	0
2981	0x509850c	-[Storage removeLastElement]	0xe	1	0	0	0
2982	0x5098544	-[Storage insert:at:]	0xe	1	0	0	0
2983	0x5098574	-[Storage insertElement:at:]	0xe	1	0	0	0
2984	0x509861c	-[Storage removeAt:]	0xe	1	0	0	0
2985	0x5098648	-[Storage removeElementAt:]	0xe	1	0	0	0
2986	0x50986a8	-[Storage write:]	0xe	1	0	0	0
2987	0x5098728	-[Storage read:]	0xe	1	0	0	0
2988	0x5098830	+[StreamTable newKeyDesc:]	0xe	1	0	0	0
2989	0x5098878	+[StreamTable new]	0xe	1	0	0	0
2990	0x50988a8	-[StreamTable initKeyDesc:]	0xe	1	0	0	0
2991	0x50988dc	-[StreamTable init]	0xe	1	0	0	0
2992	0x509890c	_freePickle	0xe	1	0	0	0
2993	0x5098940	_freePickleAndObject	0xe	1	0	0	0
2994	0x5098980	_getObject	0xe	1	0	0	0
2995	0x50989c8	_freeObject	0xe	1	0	0	0
2996	0x50989f0	_noFree	0xe	1	0	0	0
2997	0x5098a08	-[StreamTable free]	0xe	1	0	0	0
2998	0x5098a68	-[StreamTable freeObjects]	0xe	1	0	0	0
2999	0x5098ab0	-[StreamTable valueForStreamKey:]	0xe	1	0	0	0
3000	0x5098afc	-[StreamTable insertStreamKey:value:]	0xe	1	0	0	0
3001	0x5098b9c	-[StreamTable removeStreamKey:]	0xe	1	0	0	0
3002	0x5098bd0	-[StreamTable initStreamState]	0xe	1	0	0	0
3003	0x5098bf8	-[StreamTable nextStreamState:key:value:]	0xe	1	0	0	0
3004	0x5098c60	-[StreamTable write:]	0xe	1	0	0	0
3005	0x5098d34	-[StreamTable read:]	0xe	1	0	0	0
3006	0x5098e3c	_checkRead	0xe	1	0	0	0
3007	0x5098e70	_checkWrite	0xe	1	0	0	0
3008	0x5098ea4	_checkExpected	0xe	1	0	0	0
3009	0x5098f40	_classError	0xe	1	0	0	0
3010	0x5098f88	_typeDescriptorError	0xe	1	0	0	0
3011	0x5098fcc	_writeRefError	0xe	1	0	0	0
3012	0x5098fec	_sameSexAsCube	0xe	1	0	0	0
3013	0x5099028	_inc_ptrCounter	0xe	1	0	0	0
3014	0x5099078	_freeStrToInt	0xe	1	0	0	0
3015	0x50990a8	__NXOpenEncodingStream	0xe	1	0	0	0
3016	0x5099154	__NXOpenDecodingStream	0xe	1	0	0	0
3017	0x50991e4	__NXEndOfCodingStream	0xe	1	0	0	0
3018	0x5099254	__NXCloseCodingStream	0xe	1	0	0	0
3019	0x50992a0	__NXEncodeBytes	0xe	1	0	0	0
3020	0x50992d8	__NXDecodeBytes	0xe	1	0	0	0
3021	0x5099308	__NXEncodeChar	0xe	1	0	0	0
3022	0x5099364	__NXDecodeChar	0xe	1	0	0	0
3023	0x50993bc	__NXEncodeShort	0xe	1	0	0	0
3024	0x5099418	__NXDecodeShort	0xe	1	0	0	0
3025	0x5099470	__NXEncodeInt	0xe	1	0	0	0
3026	0x50994f0	_FinishDecodeInt	0xe	1	0	0	0
3027	0x5099564	__NXDecodeInt	0xe	1	0	0	0
3028	0x5099598	_FloorOrZero	0xe	1	0	0	0
3029	0x5099620	__NXEncodeFloat	0xe	1	0	0	0
3030	0x509969c	__NXDecodeFloat	0xe	1	0	0	0
3031	0x5099700	__NXEncodeDouble	0xe	1	0	0	0
3032	0x509977c	__NXDecodeDouble	0xe	1	0	0	0
3033	0x5099808	__NXEncodeChars	0xe	1	0	0	0
3034	0x5099868	__NXDecodeChars	0xe	1	0	0	0
3035	0x50998cc	__NXEncodeSharedString	0xe	1	0	0	0
3036	0x509996c	__NXDecodeSharedString	0xe	1	0	0	0
3037	0x5099a04	__NXDecodeUniqueString	0xe	1	0	0	0
3038	0x5099a30	__NXEncodeShared	0xe	1	0	0	0
3039	0x5099ac8	__NXEncodeString	0xe	1	0	0	0
3040	0x5099b04	__NXDecodeString	0xe	1	0	0	0
3041	0x5099f14	_skipAggregateName	0xe	1	0	0	0
3042	0x5099f60	_SizeOfType	0xe	1	0	0	0
3043	0x509a38c	_WriteValue	0xe	1	0	0	0
3044	0x509a73c	_ReadValue	0xe	1	0	0	0
3045	0x509af1c	_InternalWriteObject	0xe	1	0	0	0
3046	0x509b0c0	_InternalReadObject	0xe	1	0	0	0
3047	0x509b28c	_RealSuperClass	0xe	1	0	0	0
3048	0x509b2bc	_NXWriteClass	0xe	1	0	0	0
3049	0x509b328	_NXReadClass	0xe	1	0	0	0
3050	0x50cd9c0	_p.4	0xe	7	0	0	0
3051	0x50cd9c8	_p.7	0xe	7	0	0	0
3052	0x50cd9d0	_p.10	0xe	7	0	0	0
3053	0x50cd9d8	_p.13	0xe	7	0	0	0
3054	0x50cd9e0	_p.16	0xe	7	0	0	0
3055	0x50cd9e8	_p.19	0xe	7	0	0	0
3056	0x50cd9f0	_p.80	0xe	7	0	0	0
3057	0x50cd9f8	_p.83	0xe	7	0	0	0
3058	0x50cda00	_p.86	0xe	7	0	0	0
3059	0x50cda08	_p.89	0xe	7	0	0	0
3060	0x50cda10	_p.80	0xe	7	0	0	0
3061	0x50cda18	_p.83	0xe	7	0	0	0
3062	0x50cda20	_p.86	0xe	7	0	0	0
3063	0x50cda28	_p.89	0xe	7	0	0	0
3064	0x50cda30	_p.80	0xe	7	0	0	0
3065	0x50cda38	_p.83	0xe	7	0	0	0
3066	0x509c0a0	_server_loop	0xe	1	0	0	0
3067	0x509c2f8	_get_or_start_debug_thread	0xe	1	0	0	0
3068	0x509c484	_make_dyld_image_data_writable	0xe	1	0	0	0
3069	0x509c7c4	_get_dyld_data	0xe	1	0	0	0
3070	0x509c9d4	_task_suspend_threads	0xe	1	0	0	0
3071	0x509ca3c	_task_resume_threads	0xe	1	0	0	0
3072	0x509caac	_translate_port	0xe	1	0	0	0
3073	0x509cbd8	_thread_start	0xe	1	0	0	0
3074	0x509ccb4	_thread_setup	0xe	1	0	0	0
3075	0x509c0f8	__dyld_event_server_callback	0x1e	1	0	0	0
3076	0x509bd24	_dyld_debug_MsgError	0x1e	1	0	0	0
3077	0x50c7d50	_inconsistent_data_okType.10	0xe	4	0	0	0
3078	0x50c7d54	_nameType.11	0xe	4	0	0	0
3079	0x50c7d60	_RetCodeCheck.12	0xe	4	0	0	0
3080	0x50c7d64	__dyld_debug_defining_moduleCheck.13	0xe	4	0	0	0
3081	0x50c7d68	_moduleCheck.14	0xe	4	0	0	0
3082	0x50c7d6c	_inconsistent_data_okType.17	0xe	4	0	0	0
3083	0x50c7d70	_moduleType.18	0xe	4	0	0	0
3084	0x50c7d74	_RetCodeCheck.19	0xe	4	0	0	0
3085	0x50c7d78	__dyld_debug_is_module_boundCheck.20	0xe	4	0	0	0
3086	0x50c7d7c	_boundCheck.21	0xe	4	0	0	0
3087	0x50c7d80	_inconsistent_data_okType.24	0xe	4	0	0	0
3088	0x50c7d84	_moduleType.25	0xe	4	0	0	0
3089	0x50c7d88	_RetCodeCheck.26	0xe	4	0	0	0
3090	0x50c7d8c	__dyld_debug_bind_moduleCheck.27	0xe	4	0	0	0
3091	0x50c7d90	_inconsistent_data_okType.30	0xe	4	0	0	0
3092	0x50c7d94	_subscriberType.31	0xe	4	0	0	0
3093	0x50c7d98	_RetCodeCheck.32	0xe	4	0	0	0
3094	0x50c7d9c	_inconsistent_data_okType.35	0xe	4	0	0	0
3095	0x50c7da0	_moduleType.36	0xe	4	0	0	0
3096	0x50c7da4	_RetCodeCheck.37	0xe	4	0	0	0
3097	0x50c7da8	__dyld_debug_module_nameCheck.38	0xe	4	0	0	0
3098	0x50c7dac	_RetCodeCheck.41	0xe	4	0	0	0
3099	0x50c7db0	__dyld_debug_monoutputCheck.42	0xe	4	0	0	0
3100	0x509d0c0	_user_dyld_debug_add_event_subscriber	0x1e	1	0	0	0
3101	0x509cfac	_user_dyld_debug_bind_module	0x1e	1	0	0	0
3102	0x509cd44	_user_dyld_debug_defining_module	0x1e	1	0	0	0
3103	0x509ce84	_user_dyld_debug_is_module_bound	0x1e	1	0	0	0
3104	0x509d1b4	_user_dyld_debug_module_name	0x1e	1	0	0	0
3105	0x509d360	_user_dyld_debug_monoutput	0x1e	1	0	0	0
3106	0x50c7db4	_eventCheck.10	0xe	4	0	0	0
3107	0x509d44c	__X_dyld_event_server_callback	0xe	1	0	0	0
3108	0x50c7db8	_RetCodeType.13	0xe	4	0	0	0
3109	0x50cdab0	_routines.14	0xe	7	0	0	0
3110	0x509d4d0	__dyld_event_server	0xe	1	0	0	0
3111	0x50cdab8	_p.80	0xe	7	0	0	0
3112	0x50cdac0	_p.83	0xe	7	0	0	0
3113	0x50cdac8	_p.86	0xe	7	0	0	0
3114	0x50cdad0	_p.89	0xe	7	0	0	0
3115	0x50cdad8	_p.92	0xe	7	0	0	0
3116	0x50cdae0	_p.95	0xe	7	0	0	0
3117	0x50cdae8	_p.98	0xe	7	0	0	0
3118	0x50cdaf0	_p.101	0xe	7	0	0	0
3119	0x50cdaf8	_p.104	0xe	7	0	0	0
3120	0x50cdb00	_mh.107	0xe	7	0	0	0
3121	0x509d91c	_names_match	0xe	1	0	0	0
3122	0x50cdb18	_ofi_error_printing_mutex	0xe	7	0	0	0
3123	0x50cdb1c	_thread_printing_error	0xe	7	0	0	0
3124	0x50cdb20	_ofi_alloc_mutex	0xe	7	0	0	0
3125	0x50cdb24	_ofi_lists	0xe	7	0	0	0
3126	0x50cdb28	_NXArgv_pointer.104	0xe	7	0	0	0
3127	0x50cdb30	_NXArgv_pointer.107	0xe	7	0	0	0
3128	0x509db78	_ofi_alloc	0xe	1	0	0	0
3129	0x509dca0	_ofi_free	0xe	1	0	0	0
3130	0x509dcbc	_ofi_valid	0xe	1	0	0	0
3131	0x509ddcc	_error	0x1e	1	0	0	0
3132	0x50cdb14	_errors	0x1e	7	0	0	0
3133	0x509de84	_my_mach_error	0x1e	1	0	0	0
3134	0x509dda4	_print	0x1e	1	0	0	0
3135	0x50cdb10	_progname	0x1e	7	0	0	0
3136	0x509dee4	_savestr	0x1e	1	0	0	0
3137	0x509de20	_system_error	0x1e	1	0	0	0
3138	0x509dd14	_vprint	0x1e	1	0	0	0
3139	0x509e7a0	_ofile_specific_arch	0xe	1	0	0	0
3140	0x509f788	_check_fat	0xe	1	0	0	0
3141	0x509f9a4	_check_fat_object_in_archive	0xe	1	0	0	0
3142	0x509fc44	_check_archive	0xe	1	0	0	0
3143	0x509feb4	_check_Mach_O	0xe	1	0	0	0
3144	0x50a1964	_archive_error	0xe	1	0	0	0
3145	0x50a19ec	_archive_member_error	0xe	1	0	0	0
3146	0x50a1abc	_Mach_O_error	0xe	1	0	0	0
3147	0x509e028	_ofile_map	0x1e	1	0	0	0
3148	0x509e674	_ofile_unmap	0x1e	1	0	0	0
3149	0x509e6fc	_ofile_first_arch	0x1e	1	0	0	0
3150	0x509ea10	_ofile_first_member	0x1e	1	0	0	0
3151	0x509f2ec	_ofile_first_module	0x1e	1	0	0	0
3152	0x509e744	_ofile_next_arch	0x1e	1	0	0	0
3153	0x509ece0	_ofile_next_member	0x1e	1	0	0	0
3154	0x509f438	_ofile_next_module	0x1e	1	0	0	0
3155	0x509efb0	_ofile_specific_member	0x1e	1	0	0	0
3156	0x509f590	_ofile_specific_module	0x1e	1	0	0	0
3157	0x50a1a88	_size_ar_name	0x1e	1	0	0	0
3158	0x50cdbcc	_arch_flags	0xe	7	0	0	0
3159	0x50a1c84	_get_arch_from_host	0x1e	1	0	0	0
3160	0x50a20a0	_get_arch_family_from_cputype	0x1e	1	0	0	0
3161	0x50a2018	_get_arch_flags	0x1e	1	0	0	0
3162	0x50a1bdc	_get_arch_from_flag	0x1e	1	0	0	0
3163	0x50a2034	_get_arch_name_from_types	0x1e	1	0	0	0
3164	0x50a2100	_get_byte_sex_from_flag	0x1e	1	0	0	0
3165	0x50a2250	_get_host_byte_sex	0x1e	1	0	0	0
3166	0x50a2fe0	_swap_dylib_command	0x1e	1	0	0	0
3167	0x50a91c4	_swap_dylib_module	0x1e	1	0	0	0
3168	0x50a31ec	_swap_dylinker_command	0x1e	1	0	0	0
3169	0x50a2ab0	_swap_dysymtab_command	0x1e	1	0	0	0
3170	0x50a22e8	_swap_fat_arch	0x1e	1	0	0	0
3171	0x50a2278	_swap_fat_header	0x1e	1	0	0	0
3172	0x50a2ef0	_swap_fvmlib_command	0x1e	1	0	0	0
3173	0x50a826c	_swap_hppa_fp_thread_state	0x1e	1	0	0	0
3174	0x50a80d0	_swap_hppa_frame_thread_state	0x1e	1	0	0	0
3175	0x50a7a6c	_swap_hppa_integer_thread_state	0x1e	1	0	0	0
3176	0x50a7a28	_swap_i386_thread_cthreadstate	0x1e	1	0	0	0
3177	0x50a786c	_swap_i386_thread_exceptstate	0x1e	1	0	0	0
3178	0x50a713c	_swap_i386_thread_fpstate	0x1e	1	0	0	0
3179	0x50a6e70	_swap_i386_thread_state	0x1e	1	0	0	0
3180	0x50a8c88	_swap_ident_command	0x1e	1	0	0	0
3181	0x50a2560	_swap_load_command	0x1e	1	0	0	0
3182	0x50a34a8	_swap_m68k_thread_state_68882	0x1e	1	0	0	0
3183	0x50a33c0	_swap_m68k_thread_state_regs	0x1e	1	0	0	0
3184	0x50a3628	_swap_m68k_thread_state_user_reg	0x1e	1	0	0	0
3185	0x50a6564	_swap_m88110_thread_state_impl_t	0x1e	1	0	0	0
3186	0x50a4240	_swap_m88k_thread_state_grf_t	0x1e	1	0	0	0
3187	0x50a6520	_swap_m88k_thread_state_user_t	0x1e	1	0	0	0
3188	0x50a4830	_swap_m88k_thread_state_xrf_t	0x1e	1	0	0	0
3189	0x50a366c	_swap_m98k_thread_state_grf_t	0x1e	1	0	0	0
3190	0x50a2418	_swap_mach_header	0x1e	1	0	0	0
3191	0x50a30fc	_swap_prebound_dylib_command	0x1e	1	0	0	0
3192	0x50a2798	_swap_section	0x1e	1	0	0	0
3193	0x50a25d0	_swap_segment_command	0x1e	1	0	0	0
3194	0x50a89b0	_swap_sparc_thread_state_fpu	0x1e	1	0	0	0
3195	0x50a84f0	_swap_sparc_thread_state_regs	0x1e	1	0	0	0
3196	0x50a2e28	_swap_symseg_command	0x1e	1	0	0	0
3197	0x50a2994	_swap_symtab_command	0x1e	1	0	0	0
3198	0x50a3350	_swap_thread_command	0x1e	1	0	0	0
3199	0x50a215c	_SWAP_DOUBLE	0x1e	1	0	0	0
3200	0x50a2214	_SWAP_FLOAT	0x1e	1	0	0	0
3201	0x50a90e0	_swap_dylib_reference	0x1e	1	0	0	0
3202	0x50a9418	_swap_dylib_table_of_contents	0x1e	1	0	0	0
3203	0x50a3288	_swap_fvmfile_command	0x1e	1	0	0	0
3204	0x50a6a68	_swap_i860_thread_state_regs	0x1e	1	0	0	0
3205	0x50a9080	_swap_indirect_symbols	0x1e	1	0	0	0
3206	0x50a8cf8	_swap_nlist	0x1e	1	0	0	0
3207	0x50a8db0	_swap_ranlib	0x1e	1	0	0	0
3208	0x50a8e40	_swap_relocation_info	0x1e	1	0	0	0
3209	0x50a94a8	_round	0x1e	1	0	0	0
3210	0x50a94d0	_set_arch_flag_name	0x1e	1	0	0	0
3211	0x50cdd74	_p.104	0xe	7	0	0	0
3212	0x50c7dbc	_eventCheck.10	0xe	4	0	0	0
3213	0x50a95e0	__X_dyld_event_server_callback	0xe	1	0	0	0
3214	0x50c7dc0	_RetCodeType.13	0xe	4	0	0	0
3215	0x50cdd88	_routines.14	0xe	7	0	0	0
3216	0x50a96f8	__dyld_event_server_callback	0x1e	1	0	0	0
3217	0x5000000	__mh_dylib_header	0x1e	1	0	0	0
3218	0x50012c0	__NSGetArgc	0xf	1	0	0	1
3219	0x5001280	__NSGetArgv	0xf	1	0	0	1
3220	0x5001300	__NSGetEnviron	0xf	1	0	0	1
3221	0x50104cc	_rld_address_func	0xf	1	0	0	1
3222	0x500fd4c	_rld_unload	0xf	1	0	0	1
3223	0x5010464	_moninitrld	0xf	1	0	0	1
3224	0x50103b0	_rld_forget_symbol	0xf	1	0	0	1
3225	0x501048c	_rld_get_current_header	0xf	1	0	0	1
3226	0x500eb24	_rld_load	0xf	1	0	0	1
3227	0x500f7e8	_rld_load_basefile	0xf	1	0	0	1
3228	0x500eb5c	_rld_load_from_memory	0xf	1	0	0	1
3229	0x5010334	_rld_lookup	0xf	1	0	0	1
3230	0x500ffd0	_rld_unload_all	0xf	1	0	0	1
3231	0x502284c	_NXOpenFile	0xf	1	0	0	1
3232	0x50c90ac	__NXStreamsUnused2	0xf	7	0	0	1
3233	0x50c90b4	__NXStreamsDataPad	0xf	7	0	0	1
3234	0x50c90a8	__NXStreamsUnused1	0xf	7	0	0	1
3235	0x50c90b0	__NXUncaughtExceptionHandler	0xf	7	0	0	1
3236	0x5022ac8	_NXFlush	0xf	1	0	0	1
3237	0x5022b2c	_NXFill	0xf	1	0	0	1
3238	0x5022c18	_NXChangeBuffer	0xf	1	0	0	1
3239	0x5022db4	_NXOpenPort	0xf	1	0	0	1
3240	0x5023508	_NXOpenMemory	0xf	1	0	0	1
3241	0x5023710	_NXSaveToFile	0xf	1	0	0	1
3242	0x502364c	_NXMapFile	0xf	1	0	0	1
3243	0x5023ccc	_NXGetStreamOnSectionForBestArchitecture	0xf	1	0	0	1
3244	0x5023960	_NXGetStreamOnSection	0xf	1	0	0	1
3245	0x5023880	_NXGetMemoryBuffer	0xf	1	0	0	1
3246	0x50237bc	_NXCloseMemory	0xf	1	0	0	1
3247	0x50235b8	_NXOpenSmallMemory	0xf	1	0	0	1
3248	0x5024084	_NXScanf	0xf	1	0	0	1
3249	0x5024104	_NXTell	0xf	1	0	0	1
3250	0x5024244	_NXUngetc	0xf	1	0	0	1
3251	0x5024174	_NXSeek	0xf	1	0	0	1
3252	0x50240bc	_NXClose	0xf	1	0	0	1
3253	0x502404c	_NXPrintf	0xf	1	0	0	1
3254	0x50242ac	_NXRegisterPrintfProc	0xf	1	0	0	1
3255	0x50243b0	_NXVPrintf	0xf	1	0	0	1
3256	0x50251f8	_NXVScanf	0xf	1	0	0	1
3257	0x5025f98	_NXStreamDestroy	0xf	1	0	0	1
3258	0x5025ff4	__NXVerifyStream	0xf	1	0	0	1
3259	0x5025cd4	_NXDefaultWrite	0xf	1	0	0	1
3260	0x5025ec0	_NXStreamCreate	0xf	1	0	0	1
3261	0x5025ef4	_NXStreamCreateFromZone	0xf	1	0	0	1
3262	0x5025e10	_NXDefaultRead	0xf	1	0	0	1
3263	0x5025bc4	__NXStreamFillBuffer	0xf	1	0	0	1
3264	0x5025c24	__NXStreamChangeBuffer	0xf	1	0	0	1
3265	0x5025b78	__NXStreamFlushBuffer	0xf	1	0	0	1
3266	0x5026028	_acosh	0xf	1	0	0	1
3267	0x50261ec	_acos	0xf	1	0	0	1
3268	0x502611c	_asin	0xf	1	0	0	1
3269	0x502629c	_asinh	0xf	1	0	0	1
3270	0x50263b8	_atan	0xf	1	0	0	1
3271	0x50263f8	_atanh	0xf	1	0	0	1
3272	0x5026460	_cosh	0xf	1	0	0	1
3273	0x50266c8	_erfc	0xf	1	0	0	1
3274	0x50265b8	_erf	0xf	1	0	0	1
3275	0x50267a4	_exp	0xf	1	0	0	1
3276	0x502690c	_expm1	0xf	1	0	0	1
3277	0x5026b98	_exp__E	0xf	1	0	0	1
3278	0x5026ca4	_floor	0xf	1	0	0	1
3279	0x5026dcc	_rint	0xf	1	0	0	1
3280	0x5026d38	_ceil	0xf	1	0	0	1
3281	0x5026df0	_j0	0xf	1	0	0	1
3282	0x5026f30	_y0	0xf	1	0	0	1
3283	0x50271a0	_j1	0xf	1	0	0	1
3284	0x5027318	_y1	0xf	1	0	0	1
3285	0x502772c	_yn	0xf	1	0	0	1
3286	0x50275a0	_jn	0xf	1	0	0	1
3287	0x5027818	_lgamma	0xf	1	0	0	1
3288	0x5027b54	_log	0xf	1	0	0	1
3289	0x5027b80	_log10	0xf	1	0	0	1
3290	0x5027bb8	_log1p	0xf	1	0	0	1
3291	0x5027be8	_log__L	0xf	1	0	0	1
3292	0x502808c	_pow	0xf	1	0	0	1
3293	0x50c944c	_signgam	0xf	7	0	0	1
3294	0x5028364	_sinh	0xf	1	0	0	1
3295	0x502847c	_tanh	0xf	1	0	0	1
3296	0x50285c8	_atan2	0xf	1	0	0	1
3297	0x502861c	_hypot	0xf	1	0	0	1
3298	0x50285f0	_cabs	0xf	1	0	0	1
3299	0x5028888	_cbrt	0xf	1	0	0	1
3300	0x5028a0c	_fmod	0xf	1	0	0	1
3301	0x5028a94	_sqrt	0xf	1	0	0	1
3302	0x5028e60	_drem	0xf	1	0	0	1
3303	0x5028e34	_finite	0xf	1	0	0	1
3304	0x5028db0	_scalb	0xf	1	0	0	1
3305	0x5028e0c	_logb	0xf	1	0	0	1
3306	0x5028ddc	_copysign	0xf	1	0	0	1
3307	0x50290f0	_tan	0xf	1	0	0	1
3308	0x50290a4	_cos	0xf	1	0	0	1
3309	0x5029058	_sin	0xf	1	0	0	1
3310	0x5029844	__dbPackLeaf	0xf	1	0	0	1
3311	0x502a7c8	__dbGetRecord	0xf	1	0	0	1
3312	0x502a87c	_dbGet	0xf	1	0	0	1
3313	0x502aa18	_dbFlush	0xf	1	0	0	1
3314	0x502a894	_dbFirst	0xf	1	0	0	1
3315	0x502a79c	_dbFind	0xf	1	0	0	1
3316	0x502a73c	_dbFetch	0xf	1	0	0	1
3317	0x502aef8	_dbExpand	0xf	1	0	0	1
3318	0x502a050	_dbDelete	0xf	1	0	0	1
3319	0x502aac0	_dbCompress	0xf	1	0	0	1
3320	0x502b41c	_dbClose	0xf	1	0	0	1
3321	0x502942c	__dbSwapOutLeaf	0xf	1	0	0	1
3322	0x50294f8	__dbSwapInLeaf	0xf	1	0	0	1
3323	0x502a280	__dbSplitLeaf	0xf	1	0	0	1
3324	0x5029768	__dbSearchLeaf	0xf	1	0	0	1
3325	0x502a008	__dbRemoveRecord	0xf	1	0	0	1
3326	0x502a16c	__dbPutRecord	0xf	1	0	0	1
3327	0x502a908	_dbNext	0xf	1	0	0	1
3328	0x5029e18	__dbNewLeaf	0xf	1	0	0	1
3329	0x5029bf4	__dbLeafDescriptor	0xf	1	0	0	1
3330	0x5029624	__dbHashKey	0xf	1	0	0	1
3331	0x50296d4	__dbCopyData	0xf	1	0	0	1
3332	0x50299e0	__dbFreeLeaf	0xf	1	0	0	1
3333	0x5029b04	__dbFlushTable	0xf	1	0	0	1
3334	0x50295c0	__dbFlushLeaf	0xf	1	0	0	1
3335	0x5029218	__dbFlushDir	0xf	1	0	0	1
3336	0x502a6a8	__dbFindRecord	0xf	1	0	0	1
3337	0x5029e90	__dbFetchLeaf	0xf	1	0	0	1
3338	0x5029164	__dbDoubleDir	0xf	1	0	0	1
3339	0x5029b84	__dbCycleLeaf	0xf	1	0	0	1
3340	0x502b398	_dbSetCache	0xf	1	0	0	1
3341	0x5029a64	__dbCloseLeaf	0xf	1	0	0	1
3342	0x502a864	_dbSetKey	0xf	1	0	0	1
3343	0x502a564	_dbStore	0xf	1	0	0	1
3344	0x502b5c4	_dbPrintKC	0xf	1	0	0	1
3345	0x502b630	_dbCat	0xf	1	0	0	1
3346	0x502b6ac	_dbData	0xf	1	0	0	1
3347	0x502b720	_StrData	0xf	1	0	0	1
3348	0x502b6ec	_StrDatum	0xf	1	0	0	1
3349	0x502b754	_dbError	0xf	1	0	0	1
3350	0x502b7a8	_dbExists	0xf	1	0	0	1
3351	0x50c9564	_dbFlags	0xf	7	0	0	1
3352	0x50c9578	_dbDirExtension	0xf	7	0	0	1
3353	0x50c9574	_dbMsgs	0xf	7	0	0	1
3354	0x50c9560	_dbErrors	0xf	7	0	0	1
3355	0x50c9490	__dbLeafCount	0xf	7	0	0	1
3356	0x50c9568	_dbMode	0xf	7	0	0	1
3357	0x50c956c	_dbMaxLeafBuf	0xf	7	0	0	1
3358	0x50c9570	_dbLeafSize	0xf	7	0	0	1
3359	0x50c955c	__DB	0xf	7	0	0	1
3360	0x50c9588	__db_data_pad	0xf	7	0	0	1
3361	0x50c9584	_dbSizeTable	0xf	7	0	0	1
3362	0x50c9494	__dbstrbuf	0xf	7	0	0	1
3363	0x50c957c	_dbLeafExtension	0xf	7	0	0	1
3364	0x50c9580	_dbErrorNo	0xf	7	0	0	1
3365	0x502ba4c	__dbReadDir	0xf	1	0	0	1
3366	0x502bffc	_dbCreate	0xf	1	0	0	1
3367	0x502bd64	_dbInit	0xf	1	0	0	1
3368	0x502c2fc	_dbOpen	0xf	1	0	0	1
3369	0x502c388	_dbWaitLock	0xf	1	0	0	1
3370	0x502c34c	_dbLock	0xf	1	0	0	1
3371	0x502c36c	_dbUnlock	0xf	1	0	0	1
3372	0x502c438	_dbPrint	0xf	1	0	0	1
3373	0x502c4a4	_dbScan	0xf	1	0	0	1
3374	0x502c4f4	_dbUnlink	0xf	1	0	0	1
3375	0x502cb00	_NXGetDefaultValue	0xf	1	0	0	1
3376	0x502df9c	_NXGetTempFilename	0xf	1	0	0	1
3377	0x502cf28	_NXRemoveDefault	0xf	1	0	0	1
3378	0x502cad0	_NXRegisterDefaults	0xf	1	0	0	1
3379	0x502cbe8	_NXReadDefault	0xf	1	0	0	1
3380	0x502dd44	_NXFilePathSearch	0xf	1	0	0	1
3381	0x502cdc0	_NXSetDefault	0xf	1	0	0	1
3382	0x502d04c	_NXSetDefaultsUser	0xf	1	0	0	1
3383	0x502ccd8	_NXUpdateDefault	0xf	1	0	0	1
3384	0x502cae8	__NXRegisterDefaultsNoCopy	0xf	1	0	0	1
3385	0x502cc44	_NXUpdateDefaults	0xf	1	0	0	1
3386	0x502ce64	_NXWriteDefault	0xf	1	0	0	1
3387	0x502cec0	_NXWriteDefaults	0xf	1	0	0	1
3388	0x502e160	_getSizeOfandAdvance	0xf	1	0	0	1
3389	0x0	.objc_class_name_NXPortPortal	0x3	0	0	0	1
3390	0x502e594	_getSizeOf	0xf	1	0	0	1
3391	0x0	.objc_category_name_List_Transport	0x3	0	0	0	1
3392	0x0	.objc_class_name_NXConnection	0x3	0	0	0	1
3393	0x0	.objc_class_name_NXProxy	0x3	0	0	0	1
3394	0x0	.objc_class_name_NXMethodSignature	0x3	0	0	0	1
3395	0x0	.objc_category_name_Protocol_Transport	0x3	0	0	0	1
3396	0x0	.objc_category_name_Object_isRemote	0x3	0	0	0	1
3397	0x0	.objc_category_name_Object_GetListOfProtocols	0x3	0	0	0	1
3398	0x0	.objc_category_name_Object_Object_NXMethodSignature	0x3	0	0	0	1
3399	0x0	.objc_category_name_Object_Object_MakeRemote_Import	0x3	0	0	0	1
3400	0x5036800	_log_error	0xf	1	0	0	1
3401	0x50c99dc	_enableInfo	0xf	7	0	0	1
3402	0x50367b8	_log_info	0xf	1	0	0	1
3403	0x5036778	_log_warning	0xf	1	0	0	1
3404	0x5036ac8	_log_set_options	0xf	1	0	0	1
3405	0x0	.objc_class_name_NXData	0x3	0	0	0	1
3406	0x0	.objc_class_name_NXInvalidationNotifier	0x3	0	0	0	1
3407	0x0	.objc_class_name_NXSpinLock	0x3	0	0	0	1
3408	0x0	.objc_class_name_NXLock	0x3	0	0	0	1
3409	0x0	.objc_class_name_NXConditionLock	0x3	0	0	0	1
3410	0x0	.objc_class_name_NXRecursiveLock	0x3	0	0	0	1
3411	0x0	.objc_class_name_NXNetNameServer	0x3	0	0	0	1
3412	0x0	.objc_class_name_NXPort	0x3	0	0	0	1
3413	0x0	.objc_class_name_NXProtocolChecker	0x3	0	0	0	1
3414	0x5038580	_atexit	0xf	1	0	0	1
3415	0x50385bc	__atexit	0xf	1	0	0	1
3416	0x50385f0	_bsearch	0xf	1	0	0	1
3417	0x50386a4	_clock	0xf	1	0	0	1
3418	0x503871c	_difftime	0xf	1	0	0	1
3419	0x503873c	_div	0xf	1	0	0	1
3420	0x503876c	_feof	0xf	1	0	0	1
3421	0x5038794	_ferror	0xf	1	0	0	1
3422	0x50387bc	_fgetpos	0xf	1	0	0	1
3423	0x50387f8	_fsetpos	0xf	1	0	0	1
3424	0x5038824	_getc	0xf	1	0	0	1
3425	0x5038858	_isalnum	0xf	1	0	0	1
3426	0x5038880	_isalpha	0xf	1	0	0	1
3427	0x50388a8	_iscntrl	0xf	1	0	0	1
3428	0x50388d0	_isdigit	0xf	1	0	0	1
3429	0x50388f8	_isgraph	0xf	1	0	0	1
3430	0x5038920	_islower	0xf	1	0	0	1
3431	0x5038948	_isprint	0xf	1	0	0	1
3432	0x5038970	_ispunct	0xf	1	0	0	1
3433	0x5038998	_isspace	0xf	1	0	0	1
3434	0x50389c0	_isupper	0xf	1	0	0	1
3435	0x50389e8	_isxdigit	0xf	1	0	0	1
3436	0x5038a10	_ldiv	0xf	1	0	0	1
3437	0x5038c30	_localeconv	0xf	1	0	0	1
3438	0x5038a80	__NXSetAppName	0xf	1	0	0	1
3439	0x5038af8	__NXGetAppName	0xf	1	0	0	1
3440	0x5038e48	_mblen	0xf	1	0	0	1
3441	0x5038e8c	_mbstowcs	0xf	1	0	0	1
3442	0x5038ed8	_mbtowc	0xf	1	0	0	1
3443	0x5038f2c	_putc	0xf	1	0	0	1
3444	0x5038fa4	_raise	0xf	1	0	0	1
3445	0x5038fd0	_setlocale	0xf	1	0	0	1
3446	0x5039060	_setvbuf	0xf	1	0	0	1
3447	0x50390f0	_strcoll	0xf	1	0	0	1
3448	0x503913c	_strerror	0xf	1	0	0	1
3449	0x5039178	_strstr	0xf	1	0	0	1
3450	0x50391ec	_strtol	0xf	1	0	0	1
3451	0x50393bc	_strtoul	0xf	1	0	0	1
3452	0x503956c	_tmpfile	0xf	1	0	0	1
3453	0x5039654	_tmpnam	0xf	1	0	0	1
3454	0x5039720	_tolower	0xf	1	0	0	1
3455	0x503974c	_toupper	0xf	1	0	0	1
3456	0x5039778	_va_end	0xf	1	0	0	1
3457	0x5039790	_wcstombs	0xf	1	0	0	1
3458	0x50397d8	_wctomb	0xf	1	0	0	1
3459	0x503980c	__strftime_clear_cache	0xf	1	0	0	1
3460	0x5039980	_strftime	0xf	1	0	0	1
3461	0x5039ed0	_memchr	0xf	1	0	0	1
3462	0x5039f10	_memcmp	0xf	1	0	0	1
3463	0x5039fd0	_memcpy	0xf	1	0	0	1
3464	0x503a07c	_memmove	0xf	1	0	0	1
3465	0x503a198	_memset	0xf	1	0	0	1
3466	0x503a558	_strtod	0xf	1	0	0	1
3467	0x503a760	_labs	0xf	1	0	0	1
3468	0x503a76c	_remove	0xf	1	0	0	1
3469	0x503a78c	_getopt	0xf	1	0	0	1
3470	0x50c9da4	_optarg	0xf	7	0	0	1
3471	0x50c9d9c	_optind	0xf	7	0	0	1
3472	0x50c9d98	_opterr	0xf	7	0	0	1
3473	0x50c9da0	_optopt	0xf	7	0	0	1
3474	0x503a978	_memccpy	0xf	1	0	0	1
3475	0x503a9c4	_strcatn	0xf	1	0	0	1
3476	0x503aa1c	_strchr	0xf	1	0	0	1
3477	0x503aa54	_strcmpn	0xf	1	0	0	1
3478	0x503aaac	_strcpyn	0xf	1	0	0	1
3479	0x503ab04	_strcspn	0xf	1	0	0	1
3480	0x503ab58	_strpbrk	0xf	1	0	0	1
3481	0x503aba8	_strrchr	0xf	1	0	0	1
3482	0x503abe0	_strspn	0xf	1	0	0	1
3483	0x503ac34	_strtok	0xf	1	0	0	1
3484	0x503acfc	_rstrtok	0xf	1	0	0	1
3485	0x503ade8	_lockf	0xf	1	0	0	1
3486	0x503aec8	_ftime	0xf	1	0	0	1
3487	0x503af2c	_getpw	0xf	1	0	0	1
3488	0x503b01c	_gtty	0xf	1	0	0	1
3489	0x503b04c	_nice	0xf	1	0	0	1
3490	0x503b0a0	_pause	0xf	1	0	0	1
3491	0x503b0e8	_rand	0xf	1	0	0	1
3492	0x503b0c8	_srand	0xf	1	0	0	1
3493	0x503b11c	_stty	0xf	1	0	0	1
3494	0x503b14c	_tell	0xf	1	0	0	1
3495	0x503b174	_times	0xf	1	0	0	1
3496	0x503b244	_utime	0xf	1	0	0	1
3497	0x503b28c	_vlimit	0xf	1	0	0	1
3498	0x503b300	_vtimes	0xf	1	0	0	1
3499	0x503b458	_setexit	0xf	1	0	0	1
3500	0x503b484	_reset	0xf	1	0	0	1
3501	0x503b4ac	_cbc_crypt	0xf	1	0	0	1
3502	0x503b550	_ecb_crypt	0xf	1	0	0	1
3503	0x503b66c	__des_crypt	0xf	1	0	0	1
3504	0x503b634	_des_setparity	0xf	1	0	0	1
3505	0x503c578	_NXSetMouseScaling	0xf	1	0	0	1
3506	0x503c50c	_NXGetClickSpace	0xf	1	0	0	1
3507	0x503c6b0	_NXEnableMouseButton	0xf	1	0	0	1
3508	0x503c148	_NXSetKeyRepeatInterval	0xf	1	0	0	1
3509	0x503ca10	_NXAutoDimTime	0xf	1	0	0	1
3510	0x503cb78	_NXSetScreenBrightness	0xf	1	0	0	1
3511	0x503c8b0	_NXSetWaitCursorFrameInterval	0xf	1	0	0	1
3512	0x503c800	_NXSetWaitCursorSustain	0xf	1	0	0	1
3513	0x503c750	_NXSetWaitCursorThreshold	0xf	1	0	0	1
3514	0x503c900	_NXWaitCursorFrameInterval	0xf	1	0	0	1
3515	0x503c850	_NXWaitCursorSustain	0xf	1	0	0	1
3516	0x503cd28	_NXEvSetParameterInt	0xf	1	0	0	1
3517	0x503c04c	__NXPostLLEvent	0xf	1	0	0	1
3518	0x503c0b4	_NXEventSystemInfo	0xf	1	0	0	1
3519	0x503cd90	_NXEvSetParameterChar	0xf	1	0	0	1
3520	0x503c960	_NXSetAutoDimThreshold	0xf	1	0	0	1
3521	0x503cad0	_NXSetAutoDimState	0xf	1	0	0	1
3522	0x503cc50	_NXSetAutoDimBrightness	0xf	1	0	0	1
3523	0x503cbdc	_NXScreenBrightness	0xf	1	0	0	1
3524	0x503c39c	_NXResetMouse	0xf	1	0	0	1
3525	0x503c350	_NXGetKeyMapping	0xf	1	0	0	1
3526	0x503cdf8	_NXEvGetParameterInt	0xf	1	0	0	1
3527	0x503c60c	_NXGetMouseScaling	0xf	1	0	0	1
3528	0x503ca70	_NXIdleTime	0xf	1	0	0	1
3529	0x503c428	_NXClickTime	0xf	1	0	0	1
3530	0x503c9b0	_NXAutoDimThreshold	0xf	1	0	0	1
3531	0x503cb14	_NXAutoDimState	0xf	1	0	0	1
3532	0x503ccb4	_NXAutoDimBrightness	0xf	1	0	0	1
3533	0x503c488	_NXSetClickSpace	0xf	1	0	0	1
3534	0x503c7a0	_NXWaitCursorThreshold	0xf	1	0	0	1
3535	0x503c1f8	_NXSetKeyRepeatThreshold	0xf	1	0	0	1
3536	0x503c3d8	_NXSetClickTime	0xf	1	0	0	1
3537	0x503c008	_NXCloseEventStatus	0xf	1	0	0	1
3538	0x503c2a8	_NXSetKeyMapping	0xf	1	0	0	1
3539	0x503ce68	_NXEvGetParameterChar	0xf	1	0	0	1
3540	0x503c198	_NXKeyRepeatInterval	0xf	1	0	0	1
3541	0x503bfc0	_NXOpenEventStatus	0xf	1	0	0	1
3542	0x503c10c	_NXResetKeyboard	0xf	1	0	0	1
3543	0x503c2fc	_NXKeyMappingLength	0xf	1	0	0	1
3544	0x503c6f4	_NXMouseButtonEnabled	0xf	1	0	0	1
3545	0x503c248	_NXKeyRepeatThreshold	0xf	1	0	0	1
3546	0x503da34	__NXEvSetParameterChar	0xf	1	0	0	1
3547	0x503d40c	__NXEvGetParameterInt	0xf	1	0	0	1
3548	0x503d070	__NXEvMapEventShmem	0xf	1	0	0	1
3549	0x503d878	__NXEvSetParameterInt	0xf	1	0	0	1
3550	0x503d180	__NXEvFrameBufferDevicePort	0xf	1	0	0	1
3551	0x503cfa4	__NXEvClose	0xf	1	0	0	1
3552	0x503ced8	__NXEvOpen	0xf	1	0	0	1
3553	0x503d32c	__NXEvSetSpecialKeyPort	0xf	1	0	0	1
3554	0x503d654	__NXEvGetParameterChar	0xf	1	0	0	1
3555	0x503dbf4	_abort	0xf	1	0	0	1
3556	0x503dc30	_alarm	0xf	1	0	0	1
3557	0x503dcd4	__old_alias_getbyname	0xf	1	0	0	1
3558	0x503dcc0	__old_alias_endent	0xf	1	0	0	1
3559	0x503dca4	__old_alias_getent	0xf	1	0	0	1
3560	0x503dc90	__old_alias_setent	0xf	1	0	0	1
3561	0x503dcf0	_atoi	0xf	1	0	0	1
3562	0x503ddfc	_atol	0xf	1	0	0	1
3563	0x503df08	_cfree	0xf	1	0	0	1
3564	0x503df2c	_closedir	0xf	1	0	0	1
3565	0x503e46c	_crypt	0xf	1	0	0	1
3566	0x503e148	_encrypt	0xf	1	0	0	1
3567	0x503dfb0	_setkey	0xf	1	0	0	1
3568	0x503e674	_ctime	0xf	1	0	0	1
3569	0x503e6a0	_asctime	0xf	1	0	0	1
3570	0x503edb0	_gmtime	0xf	1	0	0	1
3571	0x503eca4	_localtime	0xf	1	0	0	1
3572	0x503edf0	_mktime	0xf	1	0	0	1
3573	0x503ec38	__tzset	0xf	1	0	0	1
3574	0x50c9fe4	__tzname	0xf	7	0	0	1
3575	0x50c609c	__ctype_	0xf	4	0	0	1
3576	0x503fb2c	_getdiskbydev	0xf	1	0	0	1
3577	0x503f188	_getdiskbyname	0xf	1	0	0	1
3578	0x50cedfc	_sys_errlist	0xf	11	0	0	1
3579	0x50c61a0	_sys_nerr	0xf	4	0	0	1
3580	0x50c66c4	__sys_errlist_ETIMEDOUT	0xf	4	0	0	1
3581	0x50c67c4	__sys_errlist_ENOSTR	0xf	4	0	0	1
3582	0x50c62cc	__sys_errlist_EXDEV	0xf	4	0	0	1
3583	0x50c63fc	__sys_errlist_EWOULDBLOCK	0xf	4	0	0	1
3584	0x50c6769	__sys_errlist_EUSERS	0xf	4	0	0	1
3585	0x50c6364	__sys_errlist_ETXTBSY	0xf	4	0	0	1
3586	0x50c66a2	__sys_errlist_ETOOMANYREFS	0xf	4	0	0	1
3587	0x50c61a4	__sys_errlist_0	0xf	4	0	0	1
3588	0x50c621c	__sys_errlist_E2BIG	0xf	4	0	0	1
3589	0x50c6280	__sys_errlist_EACCES	0xf	4	0	0	1
3590	0x50c6578	__sys_errlist_EADDRINUSE	0xf	4	0	0	1
3591	0x50c658f	__sys_errlist_EADDRNOTAVAIL	0xf	4	0	0	1
3592	0x50c6548	__sys_errlist_EAFNOSUPPORT	0xf	4	0	0	1
3593	0x50c625c	__sys_errlist_EAGAIN	0xf	4	0	0	1
3594	0x50c642c	__sys_errlist_EALREADY	0xf	4	0	0	1
3595	0x50c68d8	__sys_errlist_EBADARCH	0xf	4	0	0	1
3596	0x50c68b5	__sys_errlist_EBADEXEC	0xf	4	0	0	1
3597	0x50c67d8	__sys_errlist_ETIME	0xf	4	0	0	1
3598	0x50c678c	__sys_errlist_ESTALE	0xf	4	0	0	1
3599	0x50c61d0	__sys_errlist_ESRCH	0xf	4	0	0	1
3600	0x50c6240	__sys_errlist_EBADF	0xf	4	0	0	1
3601	0x50c639a	__sys_errlist_ESPIPE	0xf	4	0	0	1
3602	0x50c64ee	__sys_errlist_ESOCKTNOSUPPORT	0xf	4	0	0	1
3603	0x50c6913	__sys_errlist_EBADMACHO	0xf	4	0	0	1
3604	0x50c6819	__sys_errlist_EBADMSG	0xf	4	0	0	1
3605	0x50c62b4	__sys_errlist_EBUSY	0xf	4	0	0	1
3606	0x50c6250	__sys_errlist_ECHILD	0xf	4	0	0	1
3607	0x50c65f9	__sys_errlist_ECONNABORTED	0xf	4	0	0	1
3608	0x50c661a	__sys_errlist_ECONNRESET	0xf	4	0	0	1
3609	0x50c6681	__sys_errlist_ESHUTDOWN	0xf	4	0	0	1
3610	0x50c68f3	__sys_errlist_ESHLIBVERS	0xf	4	0	0	1
3611	0x50c683f	__sys_errlist_EDEADLK	0xf	4	0	0	1
3612	0x50c6469	__sys_errlist_EDESTADDRREQ	0xf	4	0	0	1
3613	0x50c6891	__sys_errlist_EDEVERR	0xf	4	0	0	1
3614	0x50c63d8	__sys_errlist_EDOM	0xf	4	0	0	1
3615	0x50c63a7	__sys_errlist_EROFS	0xf	4	0	0	1
3616	0x50c6778	__sys_errlist_EDQUOT	0xf	4	0	0	1
3617	0x50c62c0	__sys_errlist_EEXIST	0xf	4	0	0	1
3618	0x50c6292	__sys_errlist_EFAULT	0xf	4	0	0	1
3619	0x50c6373	__sys_errlist_EFBIG	0xf	4	0	0	1
3620	0x50c6721	__sys_errlist_EHOSTDOWN	0xf	4	0	0	1
3621	0x50c672e	__sys_errlist_EHOSTUNREACH	0xf	4	0	0	1
3622	0x50c682c	__sys_errlist_EIDRM	0xf	4	0	0	1
3623	0x50c6412	__sys_errlist_EINPROGRESS	0xf	4	0	0	1
3624	0x50c61e0	__sys_errlist_EINTR	0xf	4	0	0	1
3625	0x50c630c	__sys_errlist_EINVAL	0xf	4	0	0	1
3626	0x50c61f8	__sys_errlist_EIO	0xf	4	0	0	1
3627	0x50c664d	__sys_errlist_EISCONN	0xf	4	0	0	1
3628	0x50c62fd	__sys_errlist_EISDIR	0xf	4	0	0	1
3629	0x50c66ec	__sys_errlist_ELOOP	0xf	4	0	0	1
3630	0x50c6331	__sys_errlist_EMFILE	0xf	4	0	0	1
3631	0x50c67a2	__sys_errlist_EREMOTE	0xf	4	0	0	1
3632	0x50c66d9	__sys_errlist_EREFUSED	0xf	4	0	0	1
3633	0x50c63eb	__sys_errlist_ERANGE	0xf	4	0	0	1
3634	0x50c63bd	__sys_errlist_EMLINK	0xf	4	0	0	1
3635	0x50c687d	__sys_errlist_EPWROFF	0xf	4	0	0	1
3636	0x50c6486	__sys_errlist_EMSGSIZE	0xf	4	0	0	1
3637	0x50c6497	__sys_errlist_EPROTOTYPE	0xf	4	0	0	1
3638	0x50c670e	__sys_errlist_ENAMETOOLONG	0xf	4	0	0	1
3639	0x50c65ae	__sys_errlist_ENETDOWN	0xf	4	0	0	1
3640	0x50c64d7	__sys_errlist_EPROTONOSUPPORT	0xf	4	0	0	1
3641	0x50c6756	__sys_errlist_EPROCLIM	0xf	4	0	0	1
3642	0x50c63cc	__sys_errlist_EPIPE	0xf	4	0	0	1
3643	0x50c652a	__sys_errlist_EPFNOSUPPORT	0xf	4	0	0	1
3644	0x50c61ac	__sys_errlist_EPERM	0xf	4	0	0	1
3645	0x50c6508	__sys_errlist_EOPNOTSUPP	0xf	4	0	0	1
3646	0x50c6202	__sys_errlist_ENXIO	0xf	4	0	0	1
3647	0x50c6345	__sys_errlist_ENOTTY	0xf	4	0	0	1
3648	0x50c644a	__sys_errlist_ENOTSOCK	0xf	4	0	0	1
3649	0x50c6742	__sys_errlist_ENOTEMPTY	0xf	4	0	0	1
3650	0x50c62ed	__sys_errlist_ENOTDIR	0xf	4	0	0	1
3651	0x50c6669	__sys_errlist_ENOTCONN	0xf	4	0	0	1
3652	0x50c629e	__sys_errlist_ENOTBLK	0xf	4	0	0	1
3653	0x50c65d5	__sys_errlist_ENETRESET	0xf	4	0	0	1
3654	0x50c65be	__sys_errlist_ENETUNREACH	0xf	4	0	0	1
3655	0x50c67e6	__sys_errlist_ENOSR	0xf	4	0	0	1
3656	0x50c6382	__sys_errlist_ENOSPC	0xf	4	0	0	1
3657	0x50c631d	__sys_errlist_ENFILE	0xf	4	0	0	1
3658	0x50c64b6	__sys_errlist_ENOPROTOOPT	0xf	4	0	0	1
3659	0x50c6633	__sys_errlist_ENOBUFS	0xf	4	0	0	1
3660	0x50c67fe	__sys_errlist_ENOMSG	0xf	4	0	0	1
3661	0x50c62de	__sys_errlist_ENODEV	0xf	4	0	0	1
3662	0x50c61b6	__sys_errlist_ENOENT	0xf	4	0	0	1
3663	0x50c622e	__sys_errlist_ENOEXEC	0xf	4	0	0	1
3664	0x50c689e	__sys_errlist_ENOINIT	0xf	4	0	0	1
3665	0x50c6863	__sys_errlist_ENOLCK	0xf	4	0	0	1
3666	0x50c626e	__sys_errlist_ENOMEM	0xf	4	0	0	1
3667	0x503fbb8	_execlp	0xf	1	0	0	1
3668	0x503fc20	_execvp	0xf	1	0	0	1
3669	0x503ff28	_getexportent	0xf	1	0	0	1
3670	0x5040310	_getexportopt	0xf	1	0	0	1
3671	0x504000c	_remexportent	0xf	1	0	0	1
3672	0x503ff04	_endexportent	0xf	1	0	0	1
3673	0x503fe58	_setexportent	0xf	1	0	0	1
3674	0x504027c	_addexportent	0xf	1	0	0	1
3675	0x50404a4	_fgetpwent	0xf	1	0	0	1
3676	0x50406e0	_frexp	0xf	1	0	0	1
3677	0x5040a88	_getfsfile	0xf	1	0	0	1
3678	0x5040984	_endfsent	0xf	1	0	0	1
3679	0x50409c8	_getfsent	0xf	1	0	0	1
3680	0x5040a38	_getfsspec	0xf	1	0	0	1
3681	0x5040adc	_getfstype	0xf	1	0	0	1
3682	0x5040928	_setfsent	0xf	1	0	0	1
3683	0x5040b30	_getenv	0xf	1	0	0	1
3684	0x5040d4c	__old_getgrnam	0xf	1	0	0	1
3685	0x5041258	__old_setgrfile	0xf	1	0	0	1
3686	0x5040efc	__old_endgrent	0xf	1	0	0	1
3687	0x5040c68	__old_getgrgid	0xf	1	0	0	1
3688	0x5040e38	__old_setgrent	0xf	1	0	0	1
3689	0x5040c2c	_setgrjunk	0xf	1	0	0	1
3690	0x5040f5c	__old_fgetgrent	0xf	1	0	0	1
3691	0x504100c	__old_getgrent	0xf	1	0	0	1
3692	0x5041b4c	_getlogin	0xf	1	0	0	1
3693	0x5041bf4	_getpass	0xf	1	0	0	1
3694	0x5041f58	__old_getpwnam	0xf	1	0	0	1
3695	0x5042190	__old_getpwuid	0xf	1	0	0	1
3696	0x50423a8	__old_setpwent	0xf	1	0	0	1
3697	0x504247c	__old_endpwent	0xf	1	0	0	1
3698	0x5042510	__old_setpwfile	0xf	1	0	0	1
3699	0x5042590	__old_getpwent	0xf	1	0	0	1
3700	0x504355c	_getttyent	0xf	1	0	0	1
3701	0x50433e0	_setttyent	0xf	1	0	0	1
3702	0x504342c	_endttyent	0xf	1	0	0	1
3703	0x5043748	_getttynam	0xf	1	0	0	1
3704	0x50437d8	_endusershell	0xf	1	0	0	1
3705	0x5043794	_getusershell	0xf	1	0	0	1
3706	0x5043844	_setusershell	0xf	1	0	0	1
3707	0x5043a34	_getwd	0xf	1	0	0	1
3708	0x504401c	_monaddition	0xf	1	0	0	1
3709	0x5044ab4	_moncount	0xf	1	0	0	1
3710	0x504443c	_monoutput	0xf	1	0	0	1
3711	0x5044378	_monreset	0xf	1	0	0	1
3712	0x5043fa0	_monstartup	0xf	1	0	0	1
3713	0x5043e44	_moninit	0xf	1	0	0	1
3714	0x5044a08	_moncontrol	0xf	1	0	0	1
3715	0x504493c	_monitor	0xf	1	0	0	1
3716	0x5044da8	_swap_hppa_frame_thread_state	0xf	1	0	0	1
3717	0x5044c58	_swap_hppa_integer_thread_state	0xf	1	0	0	1
3718	0x50454a4	_swap_i386_thread_exceptstate	0xf	1	0	0	1
3719	0x50455d0	_swap_i386_thread_cthreadstate	0xf	1	0	0	1
3720	0x5044e04	_swap_i386_thread_state	0xf	1	0	0	1
3721	0x5044e9c	_swap_i386_thread_fpstate	0xf	1	0	0	1
3722	0x50455f0	__old_initgroups	0xf	1	0	0	1
3723	0x5045700	__isatty	0xf	1	0	0	1
3724	0x50457a4	_swap_m68k_thread_state_68882	0xf	1	0	0	1
3725	0x5045814	_swap_m68k_thread_state_user_reg	0xf	1	0	0	1
3726	0x5045740	_swap_m68k_thread_state_regs	0xf	1	0	0	1
3727	0x5048d88	__malloc_fork_child	0xf	1	0	0	1
3728	0x5048814	_realloc	0xf	1	0	0	1
3729	0x50458e0	__NXDefaultMallocZone	0xf	1	0	0	1
3730	0x5047310	__NXZonePtrInfo	0xf	1	0	0	1
3731	0x50472ac	__NXZoneFromPtr	0xf	1	0	0	1
3732	0x5047408	__NXZoneCalloc	0xf	1	0	0	1
3733	0x50483dc	__NXMallocDumpZones	0xf	1	0	0	1
3734	0x5048b00	__vfree	0xf	1	0	0	1
3735	0x5048860	_malloc	0xf	1	0	0	1
3736	0x5048dac	__NXAddRegion	0xf	1	0	0	1
3737	0x5048d64	__malloc_fork_parent	0xf	1	0	0	1
3738	0x5046518	__NXCreateChildZone	0xf	1	0	0	1
3739	0x5047fb0	__NXMallocCheck	0xf	1	0	0	1
3740	0x5045e4c	__NXMergeZone	0xf	1	0	0	1
3741	0x5048e10	__NXRemoveRegion	0xf	1	0	0	1
3742	0x5048bd0	__NXNameZone	0xf	1	0	0	1
3743	0x50460e8	__NXCreateZone	0xf	1	0	0	1
3744	0x50488d0	_free	0xf	1	0	0	1
3745	0x5048744	_calloc	0xf	1	0	0	1
3746	0x504804c	__NXMallocDumpFrees	0xf	1	0	0	1
3747	0x5048698	__malloc_error	0xf	1	0	0	1
3748	0x5048e6c	__malloc_freezedry	0xf	1	0	0	1
3749	0x504870c	__malloc_good_size	0xf	1	0	0	1
3750	0x5048770	__valloc	0xf	1	0	0	1
3751	0x5048cd4	__set_malloc_singlethreaded	0xf	1	0	0	1
3752	0x5048d28	__malloc_fork_prepare	0xf	1	0	0	1
3753	0x504861c	__malloc_debug	0xf	1	0	0	1
3754	0x5048728	__mstats	0xf	1	0	0	1
3755	0x50486c0	__malloc_size	0xf	1	0	0	1
3756	0x5048d04	__malloc_singlethreaded	0xf	1	0	0	1
3757	0x5048f28	__malloc_jumpstart	0xf	1	0	0	1
3758	0x5048fc8	_mkstemp	0xf	1	0	0	1
3759	0x504905c	_mktemp	0xf	1	0	0	1
3760	0x50493c8	__old_setmntent	0xf	1	0	0	1
3761	0x5049468	__old_getmntent	0xf	1	0	0	1
3762	0x5049580	_hasmntopt	0xf	1	0	0	1
3763	0x50490f4	__mnt	0xf	1	0	0	1
3764	0x50494bc	__old_addmntent	0xf	1	0	0	1
3765	0x5049438	__old_endmntent	0xf	1	0	0	1
3766	0x504982c	_dbm_fetch	0xf	1	0	0	1
3767	0x5049670	_dbm_open	0xf	1	0	0	1
3768	0x5049784	_dbm_close	0xf	1	0	0	1
3769	0x504989c	_dbm_delete	0xf	1	0	0	1
3770	0x5049c74	_dbm_nextkey	0xf	1	0	0	1
3771	0x5049950	_dbm_store	0xf	1	0	0	1
3772	0x5049c40	_dbm_firstkey	0xf	1	0	0	1
3773	0x50497bc	_dbm_forder	0xf	1	0	0	1
3774	0x504a2d0	_nlist	0xf	1	0	0	1
3775	0x504a95c	_opendir	0xf	1	0	0	1
3776	0x504aa24	_perror	0xf	1	0	0	1
3777	0x504aaf0	_popen	0xf	1	0	0	1
3778	0x504aca0	_pclose	0xf	1	0	0	1
3779	0x504ad2c	_psignal	0xf	1	0	0	1
3780	0x504adc0	_qsort	0xf	1	0	0	1
3781	0x504b08c	_srandom	0xf	1	0	0	1
3782	0x504b410	_random	0xf	1	0	0	1
3783	0x504b13c	_initstate	0xf	1	0	0	1
3784	0x504b2e4	_setstate	0xf	1	0	0	1
3785	0x504b4c0	_readdir	0xf	1	0	0	1
3786	0x504bac4	_realpath	0xf	1	0	0	1
3787	0x504bea0	_re_compile	0xf	1	0	0	1
3788	0x504bbd8	_re_comp	0xf	1	0	0	1
3789	0x504bf30	_re_match	0xf	1	0	0	1
3790	0x504c320	_backref	0xf	1	0	0	1
3791	0x504bff4	_re_exec	0xf	1	0	0	1
3792	0x504bb48	_re_fold	0xf	1	0	0	1
3793	0x504c3cc	_recmp	0xf	1	0	0	1
3794	0x504c378	_cclass	0xf	1	0	0	1
3795	0x504c440	_scandir	0xf	1	0	0	1
3796	0x504c5d0	_alphasort	0xf	1	0	0	1
3797	0x504c604	_seekdir	0xf	1	0	0	1
3798	0x504c674	_setegid	0xf	1	0	0	1
3799	0x504c69c	_seteuid	0xf	1	0	0	1
3800	0x504c6c4	_setgid	0xf	1	0	0	1
3801	0x504c6ec	_setrgid	0xf	1	0	0	1
3802	0x504c714	_setruid	0xf	1	0	0	1
3803	0x504c73c	_setuid	0xf	1	0	0	1
3804	0x504c764	_siginterrupt	0xf	1	0	0	1
3805	0x50cef58	_sys_siglist	0xf	11	0	0	1
3806	0x504c870	_signal	0xf	1	0	0	1
3807	0x504c89c	__signal_nobind	0xf	1	0	0	1
3808	0x50c6b4a	__sys_siglist_SIGCONT	0xf	4	0	0	1
3809	0x50c6b05	__sys_siglist_SIGALRM	0xf	4	0	0	1
3810	0x50c6acc	__sys_siglist_SIGBUS	0xf	4	0	0	1
3811	0x50c6b54	__sys_siglist_SIGCHLD	0xf	4	0	0	1
3812	0x50c6aa3	__sys_siglist_SIGEMT	0xf	4	0	0	1
3813	0x50c6aac	__sys_siglist_SIGFPE	0xf	4	0	0	1
3814	0x50c6a58	__sys_siglist_0	0xf	4	0	0	1
3815	0x50c6a61	__sys_siglist_SIGHUP	0xf	4	0	0	1
3816	0x50c6bae	__sys_siglist_SIGXFSZ	0xf	4	0	0	1
3817	0x50c6a77	__sys_siglist_SIGILL	0xf	4	0	0	1
3818	0x50c6b97	__sys_siglist_SIGXCPU	0xf	4	0	0	1
3819	0x50c6bf4	__sys_siglist_SIGWINCH	0xf	4	0	0	1
3820	0x50c6bc6	__sys_siglist_SIGVTALRM	0xf	4	0	0	1
3821	0x50c6c2c	__sys_siglist_SIGUSR2	0xf	4	0	0	1
3822	0x50c6c16	__sys_siglist_SIGUSR1	0xf	4	0	0	1
3823	0x50c6b1c	__sys_siglist_SIGURG	0xf	4	0	0	1
3824	0x50c6b75	__sys_siglist_SIGTTOU	0xf	4	0	0	1
3825	0x50c6b61	__sys_siglist_SIGTTIN	0xf	4	0	0	1
3826	0x50c6b42	__sys_siglist_SIGTSTP	0xf	4	0	0	1
3827	0x50c6a8b	__sys_siglist_SIGTRAP	0xf	4	0	0	1
3828	0x50c6b11	__sys_siglist_SIGTERM	0xf	4	0	0	1
3829	0x50c6a68	__sys_siglist_SIGINT	0xf	4	0	0	1
3830	0x50c6ae9	__sys_siglist_SIGSYS	0xf	4	0	0	1
3831	0x50c6b8a	__sys_siglist_SIGIO	0xf	4	0	0	1
3832	0x50c6a72	__sys_siglist_SIGQUIT	0xf	4	0	0	1
3833	0x50c6a9a	__sys_siglist_SIGIOT	0xf	4	0	0	1
3834	0x50c6b31	__sys_siglist_SIGSTOP	0xf	4	0	0	1
3835	0x50c6ad6	__sys_siglist_SIGSEGV	0xf	4	0	0	1
3836	0x50c6ac5	__sys_siglist_SIGKILL	0xf	4	0	0	1
3837	0x50c6c08	__sys_siglist_SIGLOST	0xf	4	0	0	1
3838	0x50c6bdc	__sys_siglist_SIGPROF	0xf	4	0	0	1
3839	0x50c6af9	__sys_siglist_SIGPIPE	0xf	4	0	0	1
3840	0x504c8c8	_sleep	0xf	1	0	0	1
3841	0x504ca44	_strcasecmp	0xf	1	0	0	1
3842	0x504caa0	_strncasecmp	0xf	1	0	0	1
3843	0x504cb0c	_swab	0xf	1	0	0	1
3844	0x504cbf8	_vsyslog	0xf	1	0	0	1
3845	0x504cbcc	_syslog	0xf	1	0	0	1
3846	0x504d17c	_openlog	0xf	1	0	0	1
3847	0x504d210	_closelog	0xf	1	0	0	1
3848	0x504d244	_setlogmask	0xf	1	0	0	1
3849	0x504d270	_system	0xf	1	0	0	1
3850	0x504d348	_telldir	0xf	1	0	0	1
3851	0x504d370	_time	0xf	1	0	0	1
3852	0x504d43c	__tztab	0xf	1	0	0	1
3853	0x504d3bc	__timezone	0xf	1	0	0	1
3854	0x504d4d4	_ttyname	0xf	1	0	0	1
3855	0x504d5c4	_ttyslot	0xf	1	0	0	1
3856	0x504d668	_ualarm	0xf	1	0	0	1
3857	0x504d6e0	_usleep	0xf	1	0	0	1
3858	0x504d86c	_atof	0xf	1	0	0	1
3859	0x504d894	_bcmp	0xf	1	0	0	1
3860	0x504d8cc	_bcopy	0xf	1	0	0	1
3861	0x504d8f8	__bzero	0xf	1	0	0	1
3862	0x504d924	__ecvt	0xf	1	0	0	1
3863	0x504d958	__fcvt	0xf	1	0	0	1
3864	0x504dc74	_ffs	0xf	1	0	0	1
3865	0x504dcb8	__index	0xf	1	0	0	1
3866	0x504dcf4	_insque	0xf	1	0	0	1
3867	0x504dd28	__isinf	0xf	1	0	0	1
3868	0x504dd6c	__isnan	0xf	1	0	0	1
3869	0x504ddb8	_moninitshlibs	0xf	1	0	0	1
3870	0x504e230	_remque	0xf	1	0	0	1
3871	0x504e260	_rindex	0xf	1	0	0	1
3872	0x504e288	__longjmperror	0xf	1	0	0	1
3873	0x504e2b0	_strcat	0xf	1	0	0	1
3874	0x504e2f4	_strcmp	0xf	1	0	0	1
3875	0x504e334	_strcpy	0xf	1	0	0	1
3876	0x504e374	_strlen	0xf	1	0	0	1
3877	0x504e3a4	_strncat	0xf	1	0	0	1
3878	0x504e3fc	_strncmp	0xf	1	0	0	1
3879	0x504e44c	_strncpy	0xf	1	0	0	1
3880	0x504e4a0	__dbltopdfp	0xf	1	0	0	1
3881	0x504e4b4	__pdfptodbl	0xf	1	0	0	1
3882	0x504e4c8	_abs	0xf	1	0	0	1
3883	0x504e4d4	_fabs	0xf	1	0	0	1
3884	0x504e4dc	_ldexp	0xf	1	0	0	1
3885	0x50c6d5e	_mcount_hack	0xf	4	0	0	1
3886	0x504e50f	mcount	0xf	1	0	0	1
3887	0x504e530	_modf	0xf	1	0	0	1
3888	0x504e560	_setjmp	0xf	1	0	0	1
3889	0x504e5f8	_longjmp	0xf	1	0	0	1
3890	0x504e640	__setjmp	0xf	1	0	0	1
3891	0x504e668	__longjmp	0xf	1	0	0	1
3892	0x504e6d0	_inet_aton	0xf	1	0	0	1
3893	0x504e694	_inet_addr	0xf	1	0	0	1
3894	0x504e8a0	_inet_lnaof	0xf	1	0	0	1
3895	0x504e8e8	_inet_makeaddr	0xf	1	0	0	1
3896	0x504e94c	_inet_netof	0xf	1	0	0	1
3897	0x504e998	_inet_network	0xf	1	0	0	1
3898	0x504eae0	_inet_ntoa	0xf	1	0	0	1
3899	0x504eb24	__adddi3	0xf	1	0	0	1
3900	0x504ebe4	__anddi3	0xf	1	0	0	1
3901	0x504ec28	__bdiv	0xf	1	0	0	1
3902	0x504efe8	__iordi3	0xf	1	0	0	1
3903	0x50caa5d	__NX_ULTable_	0xf	7	0	0	1
3904	0x50ca95c	__NX_CTypeTable_	0xf	7	0	0	1
3905	0x504f02c	_NXIsAlNum	0xf	1	0	0	1
3906	0x504f074	_NXIsAlpha	0xf	1	0	0	1
3907	0x504f0bc	_NXIsAscii	0xf	1	0	0	1
3908	0x504f0f0	_NXIsCntrl	0xf	1	0	0	1
3909	0x504f138	_NXIsDigit	0xf	1	0	0	1
3910	0x504f180	_NXIsGraph	0xf	1	0	0	1
3911	0x504f1cc	_NXIsLower	0xf	1	0	0	1
3912	0x504f214	_NXIsPrint	0xf	1	0	0	1
3913	0x504f264	_NXIsPunct	0xf	1	0	0	1
3914	0x504f2ac	_NXIsSpace	0xf	1	0	0	1
3915	0x504f2f4	_NXIsUpper	0xf	1	0	0	1
3916	0x504f33c	_NXIsXDigit	0xf	1	0	0	1
3917	0x504f384	_NXToAscii	0xf	1	0	0	1
3918	0x504f870	_NXToLower	0xf	1	0	0	1
3919	0x504f8bc	_NXToUpper	0xf	1	0	0	1
3920	0x504f908	__one_cmpldi2	0xf	1	0	0	1
3921	0x504f93c	__subdi3	0xf	1	0	0	1
3922	0x504f9fc	__xordi3	0xf	1	0	0	1
3923	0x504fa40	__NXToLower	0xf	1	0	0	1
3924	0x504fa94	__NXToUpper	0xf	1	0	0	1
3925	0x504fae8	_bootstrap_get_unpriv_port	0xf	1	0	0	1
3926	0x504fb98	_mach_exception	0xf	1	0	0	1
3927	0x504fb18	_mach_exception_string	0xf	1	0	0	1
3928	0x504fbe0	_mach_NeXT_exception_string	0xf	1	0	0	1
3929	0x504fc80	_mach_NeXT_exception	0xf	1	0	0	1
3930	0x504fcdc	_catch_exception_raise	0xf	1	0	0	1
3931	0x50cabdc	__bootstrap_port	0xf	7	0	0	1
3932	0x50cabd8	__xxx_environment_port	0xf	7	0	0	1
3933	0x50cabf0	__mach_init_routine	0xf	7	0	0	1
3934	0x50cabd4	__name_server_port	0xf	7	0	0	1
3935	0x50cabec	__old_mach_init_ports_count	0xf	7	0	0	1
3936	0x50cabe4	__xxx_PORT_ENABLED	0xf	7	0	0	1
3937	0x50cabe8	__old_mach_init_ports	0xf	7	0	0	1
3938	0x50cabe0	__vm_page_size	0xf	7	0	0	1
3939	0x50cabfc	__mach_data_padding	0xf	7	0	0	1
3940	0x50cabd0	__task_self_	0xf	7	0	0	1
3941	0x50501f4	__mach_error	0xf	1	0	0	1
3942	0x50501d0	__mach_errormsg	0xf	1	0	0	1
3943	0x504fcf0	__mach_error_string	0xf	1	0	0	1
3944	0x505023c	__fork_mach_init	0xf	1	0	0	1
3945	0x5050260	__mach_init	0xf	1	0	0	1
3946	0x5050324	_mach_msg	0xf	1	0	0	1
3947	0x50503f8	_mach_msg_receive	0xf	1	0	0	1
3948	0x505042c	_mach_msg_send	0xf	1	0	0	1
3949	0x5050460	_mig_allocate	0xf	1	0	0	1
3950	0x50504a0	_mig_deallocate	0xf	1	0	0	1
3951	0x50504d0	_mig_reply_setup	0xf	1	0	0	1
3952	0x5050524	_mig_strncpy	0xf	1	0	0	1
3953	0x5050578	__msg_send	0xf	1	0	0	1
3954	0x50505e4	__msg_receive	0xf	1	0	0	1
3955	0x5050658	__msg_rpc	0xf	1	0	0	1
3956	0x50506fc	_sbrk	0xf	1	0	0	1
3957	0x505077c	_brk	0xf	1	0	0	1
3958	0x5050798	_slot_name	0xf	1	0	0	1
3959	0x5050ad4	__lookupd_port	0xf	1	0	0	1
3960	0x5050b34	__host_priv_self	0xf	1	0	0	1
3961	0x5050ae4	__init_process	0xf	1	0	0	1
3962	0x5050a44	__msg_send_trap	0xf	1	0	0	1
3963	0x5050a64	__msg_rpc_trap	0xf	1	0	0	1
3964	0x5050a54	__msg_receive_trap	0xf	1	0	0	1
3965	0x5050b64	__thread_switch	0xf	1	0	0	1
3966	0x5050a34	__thread_self	0xf	1	0	0	1
3967	0x5050a14	__thread_reply	0xf	1	0	0	1
3968	0x5050aa4	__mach_task_self	0xf	1	0	0	1
3969	0x5050ac4	__task_by_pid	0xf	1	0	0	1
3970	0x5050b44	__swtch_pri	0xf	1	0	0	1
3971	0x5050b54	__swtch	0xf	1	0	0	1
3972	0x5050a74	__mach_msg_trap	0xf	1	0	0	1
3973	0x5050a94	__mach_thread_self	0xf	1	0	0	1
3974	0x5050a04	__task_self	0xf	1	0	0	1
3975	0x5050b04	__mach_swapon	0xf	1	0	0	1
3976	0x5050a84	__mach_reply_port	0xf	1	0	0	1
3977	0x5050ab4	__mach_host_self	0xf	1	0	0	1
3978	0x5050b14	__kern_timestamp	0xf	1	0	0	1
3979	0x5050b84	__device_master_self	0xf	1	0	0	1
3980	0x5050a24	__task_notify	0xf	1	0	0	1
3981	0x5050b24	__host_self	0xf	1	0	0	1
3982	0x5050af4	__map_fd	0xf	1	0	0	1
3983	0x5050b74	__event_port_by_tag	0xf	1	0	0	1
3984	0x50512b8	__bootstrap_subset	0xf	1	0	0	1
3985	0x5050cc8	__bootstrap_register	0xf	1	0	0	1
3986	0x5051180	__bootstrap_info	0xf	1	0	0	1
3987	0x5050f20	__bootstrap_look_up_array	0xf	1	0	0	1
3988	0x505104c	__bootstrap_status	0xf	1	0	0	1
3989	0x50513a4	__bootstrap_create_service	0xf	1	0	0	1
3990	0x5050dec	__bootstrap_look_up	0xf	1	0	0	1
3991	0x5050b94	__bootstrap_check_in	0xf	1	0	0	1
3992	0x50514d8	_exception_raise	0xf	1	0	0	1
3993	0x505167c	_exc_server	0xf	1	0	0	1
3994	0x505452c	__port_extract_send	0xf	1	0	0	1
3995	0x50546f8	__port_extract_receive	0xf	1	0	0	1
3996	0x5051710	__task_create	0xf	1	0	0	1
3997	0x5052048	__vm_copy	0xf	1	0	0	1
3998	0x505444c	__port_insert_send	0xf	1	0	0	1
3999	0x5054618	__port_insert_receive	0xf	1	0	0	1
4000	0x5052b54	__task_resume	0xf	1	0	0	1
4001	0x5053930	__port_names	0xf	1	0	0	1
4002	0x50518b8	__task_threads	0xf	1	0	0	1
4003	0x505419c	__port_set_add	0xf	1	0	0	1
4004	0x5053fe8	__port_set_allocate	0xf	1	0	0	1
4005	0x50540d0	__port_set_deallocate	0xf	1	0	0	1
4006	0x5052a98	__task_suspend	0xf	1	0	0	1
4007	0x5052ddc	__task_info	0xf	1	0	0	1
4008	0x50517fc	__task_terminate	0xf	1	0	0	1
4009	0x50535c0	__thread_get_special_port	0xf	1	0	0	1
4010	0x505329c	__thread_get_state	0xf	1	0	0	1
4011	0x505378c	__thread_info	0xf	1	0	0	1
4012	0x5053124	__thread_resume	0xf	1	0	0	1
4013	0x5051c54	__vm_protect	0xf	1	0	0	1
4014	0x50523d8	__task_by_unix_pid	0xf	1	0	0	1
4015	0x50531e0	__thread_abort	0xf	1	0	0	1
4016	0x5051b74	__vm_deallocate	0xf	1	0	0	1
4017	0x5051a64	__vm_allocate	0xf	1	0	0	1
4018	0x50536ac	__thread_set_special_port	0xf	1	0	0	1
4019	0x5053a40	__port_type	0xf	1	0	0	1
4020	0x50547e4	__port_set_backup	0xf	1	0	0	1
4021	0x50525ac	__netipc_listen	0xf	1	0	0	1
4022	0x505427c	__port_set_remove	0xf	1	0	0	1
4023	0x5052f80	__thread_create	0xf	1	0	0	1
4024	0x5052cfc	__task_set_special_port	0xf	1	0	0	1
4025	0x5053440	__thread_set_state	0xf	1	0	0	1
4026	0x5054348	__port_set_status	0xf	1	0	0	1
4027	0x5053dc0	__port_set_backlog	0xf	1	0	0	1
4028	0x5053cf4	__port_deallocate	0xf	1	0	0	1
4029	0x50526d0	__netipc_ignore	0xf	1	0	0	1
4030	0x5053ea0	__port_status	0xf	1	0	0	1
4031	0x5053068	__thread_suspend	0xf	1	0	0	1
4032	0x50519a8	__thread_terminate	0xf	1	0	0	1
4033	0x50524c4	__unix_pid	0xf	1	0	0	1
4034	0x5054bd8	__vm_deactivate	0xf	1	0	0	1
4035	0x5051d54	__vm_inherit	0xf	1	0	0	1
4036	0x50548e4	__vm_machine_attribute	0xf	1	0	0	1
4037	0x5051e44	__vm_read	0xf	1	0	0	1
4038	0x5052138	__vm_region	0xf	1	0	0	1
4039	0x5054ae8	__vm_set_policy	0xf	1	0	0	1
4040	0x5053c0c	__port_allocate	0xf	1	0	0	1
4041	0x50522d4	__vm_statistics	0xf	1	0	0	1
4042	0x5054a08	__vm_synchronize	0xf	1	0	0	1
4043	0x5051f50	__vm_write	0xf	1	0	0	1
4044	0x50529b8	__xxx_cpu_control	0xf	1	0	0	1
4045	0x505279c	__xxx_host_info	0xf	1	0	0	1
4046	0x5052c10	__task_get_special_port	0xf	1	0	0	1
4047	0x50528a0	__xxx_slot_info	0xf	1	0	0	1
4048	0x5053b2c	__port_rename	0xf	1	0	0	1
4049	0x5054db8	_host_info	0xf	1	0	0	1
4050	0x5056560	_processor_set_policy_disable	0xf	1	0	0	1
4051	0x50555c4	_processor_set_destroy	0xf	1	0	0	1
4052	0x5055ad0	_thread_assign_default	0xf	1	0	0	1
4053	0x50569fc	_thread_depress_abort	0xf	1	0	0	1
4054	0x5056034	_thread_priority	0xf	1	0	0	1
4055	0x5056b8c	_host_adjust_time	0xf	1	0	0	1
4056	0x5056c88	_host_get_time	0xf	1	0	0	1
4057	0x5055f08	_host_kernel_version	0xf	1	0	0	1
4058	0x5056910	_host_processor_set_priv	0xf	1	0	0	1
4059	0x5056820	_host_processor_sets	0xf	1	0	0	1
4060	0x5054cc8	_host_processors	0xf	1	0	0	1
4061	0x5056ab8	_host_set_time	0xf	1	0	0	1
4062	0x505583c	_processor_assign	0xf	1	0	0	1
4063	0x5055290	_processor_control	0xf	1	0	0	1
4064	0x50551d4	_processor_exit	0xf	1	0	0	1
4065	0x505591c	_processor_get_assignment	0xf	1	0	0	1
4066	0x5054f5c	_processor_info	0xf	1	0	0	1
4067	0x50554d4	_processor_set_create	0xf	1	0	0	1
4068	0x50553ec	_processor_set_default	0xf	1	0	0	1
4069	0x5055680	_processor_set_info	0xf	1	0	0	1
4070	0x50563b4	_thread_policy	0xf	1	0	0	1
4071	0x5055d54	_task_assign_default	0xf	1	0	0	1
4072	0x50562d4	_processor_set_max_priority	0xf	1	0	0	1
4073	0x5056114	_thread_max_priority	0xf	1	0	0	1
4074	0x5056494	_processor_set_policy_enable	0xf	1	0	0	1
4075	0x5056640	_processor_set_tasks	0xf	1	0	0	1
4076	0x5056730	_processor_set_threads	0xf	1	0	0	1
4077	0x5055118	_processor_start	0xf	1	0	0	1
4078	0x5055c74	_task_assign	0xf	1	0	0	1
4079	0x5055b8c	_thread_get_assignment	0xf	1	0	0	1
4080	0x5055e20	_task_get_assignment	0xf	1	0	0	1
4081	0x50561f4	_task_priority	0xf	1	0	0	1
4082	0x5055a04	_thread_assign	0xf	1	0	0	1
4083	0x50570f0	_netname_version	0xf	1	0	0	1
4084	0x5056e90	_netname_look_up	0xf	1	0	0	1
4085	0x5056d78	_netname_check_in	0xf	1	0	0	1
4086	0x5056ff4	_netname_check_out	0xf	1	0	0	1
4087	0x5057210	_NXGetLocalArchInfo	0xf	1	0	0	1
4088	0x5057314	_NXFindBestFatArch	0xf	1	0	0	1
4089	0x5057278	_NXGetArchInfoFromName	0xf	1	0	0	1
4090	0x5057634	_NXCombineCpuSubtypes	0xf	1	0	0	1
4091	0x50571f4	_NXGetAllArchInfos	0xf	1	0	0	1
4092	0x50572c8	_NXGetArchInfoFromCpuType	0xf	1	0	0	1
4093	0x50577f8	_getmachheaders	0xf	1	0	0	1
4094	0x50578d4	_getsectbynamefromheader	0xf	1	0	0	1
4095	0x5057b38	_getsectdatafromheader	0xf	1	0	0	1
4096	0x5057988	_getsectbynamefromheaderwithswap	0xf	1	0	0	1
4097	0x5057af0	_getsectdata	0xf	1	0	0	1
4098	0x5057b84	_getsectdatafromlib	0xf	1	0	0	1
4099	0x5057aa0	_getsectbyname	0xf	1	0	0	1
4100	0x5057ce8	_getsegbyname	0xf	1	0	0	1
4101	0x5057d68	_get_end	0xf	1	0	0	1
4102	0x5057e14	_get_edata	0xf	1	0	0	1
4103	0x5057dd8	_get_etext	0xf	1	0	0	1
4104	0x505817c	_swap_ident_command	0xf	1	0	0	1
4105	0x5057f34	_swap_load_command	0xf	1	0	0	1
4106	0x50580a4	_swap_symseg_command	0xf	1	0	0	1
4107	0x50580dc	_swap_fvmlib_command	0xf	1	0	0	1
4108	0x50581a4	_swap_nlist	0xf	1	0	0	1
4109	0x5058244	_swap_relocation_info	0xf	1	0	0	1
4110	0x5057f5c	_swap_segment_command	0xf	1	0	0	1
4111	0x5057fc4	_swap_section	0xf	1	0	0	1
4112	0x505805c	_swap_symtab_command	0xf	1	0	0	1
4113	0x5058154	_swap_thread_command	0xf	1	0	0	1
4114	0x5058200	_swap_ranlib	0xf	1	0	0	1
4115	0x505811c	_swap_fvmfile_command	0xf	1	0	0	1
4116	0x5057ee4	_swap_mach_header	0xf	1	0	0	1
4117	0x5057e50	_swap_fat_header	0xf	1	0	0	1
4118	0x5057e78	_swap_fat_arch	0xf	1	0	0	1
4119	0x50583b0	_ether_line	0xf	1	0	0	1
4120	0x5058698	_ether_ntohost	0xf	1	0	0	1
4121	0x5058424	_ether_ntoa	0xf	1	0	0	1
4122	0x505853c	_ether_hostton	0xf	1	0	0	1
4123	0x50584ac	_ether_aton	0xf	1	0	0	1
4124	0x5058954	__old_getnetbyname	0xf	1	0	0	1
4125	0x5058b4c	__old_getnetent	0xf	1	0	0	1
4126	0x5058a64	__old_setnetent	0xf	1	0	0	1
4127	0x5058ae8	__old_endnetent	0xf	1	0	0	1
4128	0x505886c	__old_getnetbyaddr	0xf	1	0	0	1
4129	0x5058ec0	__nettoa	0xf	1	0	0	1
4130	0x50590c8	__old_getnetgrent	0xf	1	0	0	1
4131	0x5058f8c	__old_setnetgrent	0xf	1	0	0	1
4132	0x5059024	__old_endnetgrent	0xf	1	0	0	1
4133	0x50596f4	__old_getprotoent	0xf	1	0	0	1
4134	0x505960c	__old_setprotoent	0xf	1	0	0	1
4135	0x5059418	__old_getprotobynumber	0xf	1	0	0	1
4136	0x50594fc	__old_getprotobyname	0xf	1	0	0	1
4137	0x5059690	__old_endprotoent	0xf	1	0	0	1
4138	0x5059a3c	_getrpcport	0xf	1	0	0	1
4139	0x5059d58	__old_endservent	0xf	1	0	0	1
4140	0x5059ce0	__old_setservent	0xf	1	0	0	1
4141	0x5059dbc	__old_getservent	0xf	1	0	0	1
4142	0x5059c3c	__old_getservbyname	0xf	1	0	0	1
4143	0x5059ae0	__old_getservbyport	0xf	1	0	0	1
4144	0x505a0ec	__old_innetgr	0xf	1	0	0	1
4145	0x505acb8	_rresvport	0xf	1	0	0	1
4146	0x505ad5c	_ruserok	0xf	1	0	0	1
4147	0x505a7f4	_rcmd	0xf	1	0	0	1
4148	0x505b2a0	__checkhost	0xf	1	0	0	1
4149	0x505af68	__validuser	0xf	1	0	0	1
4150	0x505b3fc	_rexec	0xf	1	0	0	1
4151	0x505c970	_mkpwclear	0xf	1	0	0	1
4152	0x505c900	_mkpwunclear	0xf	1	0	0	1
4153	0x505b730	_ruserpass	0xf	1	0	0	1
4154	0x505ce8c	___putshort	0xf	1	0	0	1
4155	0x505ce1c	__getshort	0xf	1	0	0	1
4156	0x505cb20	_dn_comp	0xf	1	0	0	1
4157	0x505c9e0	_dn_expand	0xf	1	0	0	1
4158	0x505cca0	___dn_skipname	0xf	1	0	0	1
4159	0x505cebc	___putlong	0xf	1	0	0	1
4160	0x505ce4c	__getlong	0xf	1	0	0	1
4161	0x505e7a8	___p_type	0xf	1	0	0	1
4162	0x505dc48	___p_cdnname	0xf	1	0	0	1
4163	0x505ed58	___p_class	0xf	1	0	0	1
4164	0x505dd1c	___p_fqname	0xf	1	0	0	1
4165	0x505edc4	___p_option	0xf	1	0	0	1
4166	0x505d628	___p_query	0xf	1	0	0	1
4167	0x505ddfc	___p_rr	0xf	1	0	0	1
4168	0x505eec8	___p_time	0xf	1	0	0	1
4169	0x50cb0b8	__res_opcodes	0xf	7	0	0	1
4170	0x50cb0f8	__res_resultcodes	0xf	7	0	0	1
4171	0x505d708	___fp_nquery	0xf	1	0	0	1
4172	0x505dce8	___p_cdname	0xf	1	0	0	1
4173	0x505d654	___fp_resstat	0xf	1	0	0	1
4174	0x505dc18	___fp_query	0xf	1	0	0	1
4175	0x505f054	_res_init	0xf	1	0	0	1
4176	0x5060034	__res_running	0xf	1	0	0	1
4177	0x506005c	_res_mkquery	0xf	1	0	0	1
4178	0x50604e8	_res_search	0xf	1	0	0	1
4179	0x50602d8	_res_query	0xf	1	0	0	1
4180	0x5060864	___hostalias	0xf	1	0	0	1
4181	0x5060768	_res_querydomain	0xf	1	0	0	1
4182	0x5060db0	_res_send	0xf	1	0	0	1
4183	0x5060b68	___res_isourserver	0xf	1	0	0	1
4184	0x5060bfc	___res_nameinquery	0xf	1	0	0	1
4185	0x5060cd0	___res_queriesmatch	0xf	1	0	0	1
4186	0x5061a00	__res_close	0xf	1	0	0	1
4187	0x5060b28	_res_send_setqhook	0xf	1	0	0	1
4188	0x5060b48	_res_send_setrhook	0xf	1	0	0	1
4189	0x50cb38c	__net_stayopen	0xf	7	0	0	1
4190	0x50cb1d4	__res	0xf	7	0	0	1
4191	0x5061aa8	_htons	0xf	1	0	0	1
4192	0x5061a8c	_htonl	0xf	1	0	0	1
4193	0x5061a50	_ntohl	0xf	1	0	0	1
4194	0x5061a6c	_ntohs	0xf	1	0	0	1
4195	0x50622d4	__res_gethostbyname	0xf	1	0	0	1
4196	0x5062434	__res_gethostbyaddr	0xf	1	0	0	1
4197	0x5062948	__res_getnetbyaddr	0xf	1	0	0	1
4198	0x5062ab4	__res_getnetbyname	0xf	1	0	0	1
4199	0x5062bf8	_hstrerror	0xf	1	0	0	1
4200	0x50cb3c8	_h_errlist	0xf	7	0	0	1
4201	0x50cb3dc	_h_nerr	0xf	7	0	0	1
4202	0x5062b40	_herror	0xf	1	0	0	1
4203	0x5062c74	_inet_nsap_addr	0xf	1	0	0	1
4204	0x5062d88	_inet_nsap_ntoa	0xf	1	0	0	1
4205	0x5062f90	__old_gethostbyname	0xf	1	0	0	1
4206	0x5063188	__old_gethostbyaddr	0xf	1	0	0	1
4207	0x50632f8	__old_sethostent	0xf	1	0	0	1
4208	0x5063408	__old_gethostent	0xf	1	0	0	1
4209	0x50636d0	__old_sethostfile	0xf	1	0	0	1
4210	0x506337c	__old_endhostent	0xf	1	0	0	1
4211	0x5063bbc	_alias_getent	0xf	1	0	0	1
4212	0x5063bf8	_alias_setent	0xf	1	0	0	1
4213	0x5063c40	_alias_endent	0xf	1	0	0	1
4214	0x5063b80	_alias_getbyname	0xf	1	0	0	1
4215	0x5063eac	_bootp_getbyether	0xf	1	0	0	1
4216	0x5063eec	_bootp_getbyip	0xf	1	0	0	1
4217	0x5064070	_bootparams_getbyname	0xf	1	0	0	1
4218	0x5064a90	_endgrent	0xf	1	0	0	1
4219	0x5064acc	_setgrfile	0xf	1	0	0	1
4220	0x5064888	_getgrnam	0xf	1	0	0	1
4221	0x50648c4	_initgroups	0xf	1	0	0	1
4222	0x506484c	_getgrgid	0xf	1	0	0	1
4223	0x5064a0c	_getgrent	0xf	1	0	0	1
4224	0x5064a48	_setgrent	0xf	1	0	0	1
4225	0x5065214	_endhostent	0xf	1	0	0	1
4226	0x5065100	_gethostbyaddr	0xf	1	0	0	1
4227	0x5065188	_gethostent	0xf	1	0	0	1
4228	0x5065250	_sethostfile	0xf	1	0	0	1
4229	0x50651c4	_sethostent	0xf	1	0	0	1
4230	0x506514c	_gethostbyname	0xf	1	0	0	1
4231	0x50655bc	_endmntent	0xf	1	0	0	1
4232	0x506553c	_addmntent	0xf	1	0	0	1
4233	0x5065570	_setmntent	0xf	1	0	0	1
4234	0x506550c	_getmntent	0xf	1	0	0	1
4235	0x5065c08	_endnetent	0xf	1	0	0	1
4236	0x5065afc	_getnetbyaddr	0xf	1	0	0	1
4237	0x5065b7c	_getnetent	0xf	1	0	0	1
4238	0x5065b40	_getnetbyname	0xf	1	0	0	1
4239	0x5065bb8	_setnetent	0xf	1	0	0	1
4240	0x5065f90	_innetgr	0xf	1	0	0	1
4241	0x5065ffc	_getnetgrent	0xf	1	0	0	1
4242	0x5065f0c	_lu_getnetgrent	0xf	1	0	0	1
4243	0x5065c44	__set_innetgr_handler	0xf	1	0	0	1
4244	0x50660a4	_endnetgrent	0xf	1	0	0	1
4245	0x5066054	_setnetgrent	0xf	1	0	0	1
4246	0x50666d4	_endprotoent	0xf	1	0	0	1
4247	0x506660c	_getprotobyname	0xf	1	0	0	1
4248	0x5066648	_getprotoent	0xf	1	0	0	1
4249	0x5066684	_setprotoent	0xf	1	0	0	1
4250	0x50665d0	_getprotobynumber	0xf	1	0	0	1
4251	0x5066c24	_prdb_set	0xf	1	0	0	1
4252	0x5066bac	_prdb_getbyname	0xf	1	0	0	1
4253	0x5066be8	_prdb_get	0xf	1	0	0	1
4254	0x5066c74	_prdb_end	0xf	1	0	0	1
4255	0x5067200	_getpwnam	0xf	1	0	0	1
4256	0x50672c0	_endpwent	0xf	1	0	0	1
4257	0x506723c	_getpwent	0xf	1	0	0	1
4258	0x50672fc	_setpwfile	0xf	1	0	0	1
4259	0x5067278	_setpwent	0xf	1	0	0	1
4260	0x50671c4	_getpwuid	0xf	1	0	0	1
4261	0x50678d0	_setrpcent	0xf	1	0	0	1
4262	0x5067920	_endrpcent	0xf	1	0	0	1
4263	0x5067858	_getrpcbyname	0xf	1	0	0	1
4264	0x506781c	_getrpcbynumber	0xf	1	0	0	1
4265	0x5067894	_getrpcent	0xf	1	0	0	1
4266	0x5067fb0	_setservent	0xf	1	0	0	1
4267	0x5067f74	_getservent	0xf	1	0	0	1
4268	0x5067eec	_getservbyport	0xf	1	0	0	1
4269	0x5067f30	_getservbyname	0xf	1	0	0	1
4270	0x5068000	_endservent	0xf	1	0	0	1
4271	0x50680f0	__lu_running	0xf	1	0	0	1
4272	0x50cb7ec	__lu_port	0xf	7	0	0	1
4273	0x5068060	__lu_setport	0xf	1	0	0	1
4274	0x506803c	__lu_fork_child	0xf	1	0	0	1
4275	0x50cb800	_h_errno	0xf	7	0	0	1
4276	0x5068158	_ni_error	0xf	1	0	0	1
4277	0x506a6ec	_ni_resync	0xf	1	0	0	1
4278	0x5069d60	_ni_root	0xf	1	0	0	1
4279	0x5069db4	_ni_self	0xf	1	0	0	1
4280	0x506a870	_ni_setpassword	0xf	1	0	0	1
4281	0x50685cc	_ni_setwritetimeout	0xf	1	0	0	1
4282	0x5069d14	_ni_statistics	0xf	1	0	0	1
4283	0x5069fc4	_ni_write	0xf	1	0	0	1
4284	0x506a5fc	_ni_writename	0xf	1	0	0	1
4285	0x506a2ec	_ni_writeprop	0xf	1	0	0	1
4286	0x506a72c	_ni_setuser	0xf	1	0	0	1
4287	0x5069b6c	_ni_new	0xf	1	0	0	1
4288	0x5069e64	_ni_children	0xf	1	0	0	1
4289	0x50685ec	_ni_setreadtimeout	0xf	1	0	0	1
4290	0x506a4a8	_ni_renameprop	0xf	1	0	0	1
4291	0x50685ac	_ni_setabort	0xf	1	0	0	1
4292	0x5069c80	_ni_free	0xf	1	0	0	1
4293	0x5069460	__ni_dup	0xf	1	0	0	1
4294	0x5069aec	_ni_addrtag	0xf	1	0	0	1
4295	0x5069a8c	_ni_connect	0xf	1	0	0	1
4296	0x506a274	_ni_readprop	0xf	1	0	0	1
4297	0x506a670	_ni_readname	0xf	1	0	0	1
4298	0x506a034	_ni_read	0xf	1	0	0	1
4299	0x5069e08	_ni_parent	0xf	1	0	0	1
4300	0x5069ec8	_ni_create	0xf	1	0	0	1
4301	0x506860c	_ni_needwrite	0xf	1	0	0	1
4302	0x506a518	_ni_createname	0xf	1	0	0	1
4303	0x506a3c4	_ni_createprop	0xf	1	0	0	1
4304	0x506a118	_ni_lookupread	0xf	1	0	0	1
4305	0x506a098	_ni_lookup	0xf	1	0	0	1
4306	0x506a360	_ni_listprops	0xf	1	0	0	1
4307	0x506a210	_ni_listall	0xf	1	0	0	1
4308	0x5069f54	_ni_destroy	0xf	1	0	0	1
4309	0x506a58c	_ni_destroyname	0xf	1	0	0	1
4310	0x506a198	_ni_list	0xf	1	0	0	1
4311	0x506a440	_ni_destroyprop	0xf	1	0	0	1
4312	0x506ae38	_ni_pwdomain	0xf	1	0	0	1
4313	0x506b3e4	_ni_pathsearch	0xf	1	0	0	1
4314	0x506b304	_ni_open	0xf	1	0	0	1
4315	0x506b334	_ni_fancyopen	0xf	1	0	0	1
4316	0x506bd80	_ni_entrylist_free	0xf	1	0	0	1
4317	0x506ba18	_ni_name_free	0xf	1	0	0	1
4318	0x506b770	_ni_proplist_list_free	0xf	1	0	0	1
4319	0x506b5bc	_ni_proplist_insert	0xf	1	0	0	1
4320	0x506b998	_ni_name_match	0xf	1	0	0	1
4321	0x506b714	_ni_proplist_free	0xf	1	0	0	1
4322	0x506b528	_ni_idlist_free	0xf	1	0	0	1
4323	0x506b86c	_ni_proplist_match	0xf	1	0	0	1
4324	0x506bac8	_ni_namelist_free	0xf	1	0	0	1
4325	0x506b7d0	_ni_proplist_dup	0xf	1	0	0	1
4326	0x506bdf0	_ni_lookupprop	0xf	1	0	0	1
4327	0x506b9cc	_ni_name_dup	0xf	1	0	0	1
4328	0x506b694	_ni_proplist_delete	0xf	1	0	0	1
4329	0x506b968	_ni_prop_free	0xf	1	0	0	1
4330	0x506b910	_ni_prop_dup	0xf	1	0	0	1
4331	0x506bc14	_ni_namelist_match	0xf	1	0	0	1
4332	0x506bb28	_ni_namelist_insert	0xf	1	0	0	1
4333	0x506bd08	_ni_entrylist_delete	0xf	1	0	0	1
4334	0x506bc70	_ni_entrylist_insert	0xf	1	0	0	1
4335	0x506b4b4	_ni_idlist_delete	0xf	1	0	0	1
4336	0x506b568	_ni_idlist_dup	0xf	1	0	0	1
4337	0x506bba8	_ni_namelist_delete	0xf	1	0	0	1
4338	0x506b444	_ni_idlist_insert	0xf	1	0	0	1
4339	0x506ba4c	_ni_namelist_dup	0xf	1	0	0	1
4340	0x506bef8	__old_prdb_end	0xf	1	0	0	1
4341	0x506bf34	__old_prdb_set	0xf	1	0	0	1
4342	0x506c054	__old_prdb_get	0xf	1	0	0	1
4343	0x506c348	__old_prdb_getbyname	0xf	1	0	0	1
4344	0x506c62c	_putpwpasswd	0xf	1	0	0	1
4345	0x506c7f8	__ni_root_2	0xf	1	0	0	1
4346	0x506d018	__ni_rparent_2	0xf	1	0	0	1
4347	0x506c790	__ni_statistics_2	0xf	1	0	0	1
4348	0x506cda8	__ni_renameprop_2	0xf	1	0	0	1
4349	0x506cfb0	__ni_writename_2	0xf	1	0	0	1
4350	0x506ccd8	__ni_readprop_2	0xf	1	0	0	1
4351	0x506d1b8	__ni_crashed_2	0xf	1	0	0	1
4352	0x506d0e8	__ni_bind_2	0xf	1	0	0	1
4353	0x506ca68	__ni_write_2	0xf	1	0	0	1
4354	0x506cf48	__ni_readname_2	0xf	1	0	0	1
4355	0x506c860	__ni_self_2	0xf	1	0	0	1
4356	0x506c724	__ni_ping_2	0xf	1	0	0	1
4357	0x506d150	__ni_readall_2	0xf	1	0	0	1
4358	0x506d220	__ni_resync_2	0xf	1	0	0	1
4359	0x506cd40	__ni_writeprop_2	0xf	1	0	0	1
4360	0x506cba0	__ni_list_2	0xf	1	0	0	1
4361	0x506c930	__ni_create_2	0xf	1	0	0	1
4362	0x506ca00	__ni_read_2	0xf	1	0	0	1
4363	0x506ce78	__ni_createname_2	0xf	1	0	0	1
4364	0x506c8c8	__ni_parent_2	0xf	1	0	0	1
4365	0x506cb38	__ni_lookup_2	0xf	1	0	0	1
4366	0x506ce10	__ni_listprops_2	0xf	1	0	0	1
4367	0x506cad0	__ni_children_2	0xf	1	0	0	1
4368	0x506cc08	__ni_createprop_2	0xf	1	0	0	1
4369	0x506d080	__ni_listall_2	0xf	1	0	0	1
4370	0x506c998	__ni_destroy_2	0xf	1	0	0	1
4371	0x506cc70	__ni_destroyprop_2	0xf	1	0	0	1
4372	0x506cee0	__ni_destroyname_2	0xf	1	0	0	1
4373	0x506d288	__ni_lookupread_2	0xf	1	0	0	1
4374	0x506dc68	_xdr_ni_namelist_stuff	0xf	1	0	0	1
4375	0x506da78	_xdr_ni_lookup_stuff	0xf	1	0	0	1
4376	0x506e164	_xdr_ni_listall_stuff	0xf	1	0	0	1
4377	0x506d37c	_xdr_ni_namelist	0xf	1	0	0	1
4378	0x506e0c8	_xdr_ni_readall_res	0xf	1	0	0	1
4379	0x506d4a0	_xdr_ni_object	0xf	1	0	0	1
4380	0x506d59c	_xdr_ni_parent_stuff	0xf	1	0	0	1
4381	0x506d778	_xdr_ni_list_stuff	0xf	1	0	0	1
4382	0x506d458	_xdr_ni_idlist	0xf	1	0	0	1
4383	0x506d730	_xdr_ni_entrylist	0xf	1	0	0	1
4384	0x506d6dc	_xdr_ni_entry	0xf	1	0	0	1
4385	0x506d930	_xdr_ni_create_stuff	0xf	1	0	0	1
4386	0x506d63c	_xdr_ni_children_stuff	0xf	1	0	0	1
4387	0x506dbc0	_xdr_ni_writeprop_args	0xf	1	0	0	1
4388	0x506de30	_xdr_ni_writename_args	0xf	1	0	0	1
4389	0x506d510	_xdr_ni_status	0xf	1	0	0	1
4390	0x506dfe0	_xdr_ni_object_list	0xf	1	0	0	1
4391	0x506e020	_xdr_ni_object_node	0xf	1	0	0	1
4392	0x506e11c	_xdr_ni_proplist_list	0xf	1	0	0	1
4393	0x506d818	_xdr_ni_proplist_stuff	0xf	1	0	0	1
4394	0x506d8dc	_xdr_ni_proplist_res	0xf	1	0	0	1
4395	0x506d410	_xdr_ni_proplist	0xf	1	0	0	1
4396	0x506dc1c	_xdr_ni_prop_args	0xf	1	0	0	1
4397	0x506d5e8	_xdr_ni_parent_res	0xf	1	0	0	1
4398	0x506dcb4	_xdr_ni_namelist_res	0xf	1	0	0	1
4399	0x506ddd4	_xdr_ni_nameindex_args	0xf	1	0	0	1
4400	0x506db18	_xdr_ni_name_args	0xf	1	0	0	1
4401	0x506d33c	_xdr_ni_name	0xf	1	0	0	1
4402	0x506df8c	_xdr_ni_rparent_res	0xf	1	0	0	1
4403	0x506dac4	_xdr_ni_lookup_res	0xf	1	0	0	1
4404	0x506da1c	_xdr_ni_lookup_args	0xf	1	0	0	1
4405	0x506e1b0	_xdr_ni_listall_res	0xf	1	0	0	1
4406	0x506d7c4	_xdr_ni_list_res	0xf	1	0	0	1
4407	0x506d548	_xdr_ni_id_res	0xf	1	0	0	1
4408	0x506d2f0	_xdr_ni_id	0xf	1	0	0	1
4409	0x506d9d0	_xdr_ni_destroy_args	0xf	1	0	0	1
4410	0x506db64	_xdr_ni_createprop_args	0xf	1	0	0	1
4411	0x506dd64	_xdr_ni_createname_args	0xf	1	0	0	1
4412	0x506d97c	_xdr_ni_create_res	0xf	1	0	0	1
4413	0x506d864	_xdr_ni_create_args	0xf	1	0	0	1
4414	0x506d688	_xdr_ni_children_res	0xf	1	0	0	1
4415	0x506df40	_xdr_ni_binding	0xf	1	0	0	1
4416	0x506d3c4	_xdr_ni_property	0xf	1	0	0	1
4417	0x506deec	_xdr_ni_readname_res	0xf	1	0	0	1
4418	0x506e06c	_xdr_ni_readall_stuff	0xf	1	0	0	1
4419	0x506dd08	_xdr_ni_propname_args	0xf	1	0	0	1
4420	0x506dea0	_xdr_ni_readname_stuff	0xf	1	0	0	1
4421	0x506e350	_xdr_nibind_clone_args	0xf	1	0	0	1
4422	0x506e2f0	_xdr_nibind_listreg_res	0xf	1	0	0	1
4423	0x506e250	_xdr_nibind_registration	0xf	1	0	0	1
4424	0x506e3c0	_xdr_nibind_bind_args	0xf	1	0	0	1
4425	0x506e204	_xdr_nibind_addrinfo	0xf	1	0	0	1
4426	0x506e29c	_xdr_nibind_getregister_res	0xf	1	0	0	1
4427	0x506e668	_xdr__lu_hostent_ptr	0xf	1	0	0	1
4428	0x506e53c	_xdr__lu_group	0xf	1	0	0	1
4429	0x506e5bc	_xdr__lu_group_ptr	0xf	1	0	0	1
4430	0x506e91c	_xdr__lu_mntent	0xf	1	0	0	1
4431	0x506eb54	_xdr__lu_bootp_ent_ptr	0xf	1	0	0	1
4432	0x506e5fc	_xdr__lu_hostent	0xf	1	0	0	1
4433	0x506ebd8	_xdr__lu_bootparams_ent_ptr	0xf	1	0	0	1
4434	0x506e6a8	_xdr__lu_netent	0xf	1	0	0	1
4435	0x506e700	_xdr__lu_netent_ptr	0xf	1	0	0	1
4436	0x506e7ec	_xdr__lu_protoent	0xf	1	0	0	1
4437	0x506e41c	_xdr__lu_string	0xf	1	0	0	1
4438	0x506ecc8	_xdr__lu_innetgr_args	0xf	1	0	0	1
4439	0x506ed50	_xdr__lu_netgrent	0xf	1	0	0	1
4440	0x506ec88	_xdr__lu_aliasent_ptr	0xf	1	0	0	1
4441	0x506ec18	_xdr__lu_aliasent	0xf	1	0	0	1
4442	0x506e9ec	_xdr__lu_prdb_property	0xf	1	0	0	1
4443	0x506e7ac	_xdr__lu_servent_ptr	0xf	1	0	0	1
4444	0x506e9ac	_xdr__lu_mntent_ptr	0xf	1	0	0	1
4445	0x506e884	_xdr__lu_rpcent	0xf	1	0	0	1
4446	0x506e844	_xdr__lu_protoent_ptr	0xf	1	0	0	1
4447	0x506e8dc	_xdr__lu_rpcent_ptr	0xf	1	0	0	1
4448	0x506eae4	_xdr__lu_bootp_ent	0xf	1	0	0	1
4449	0x506eb94	_xdr__lu_bootparams_ent	0xf	1	0	0	1
4450	0x506e740	_xdr__lu_servent	0xf	1	0	0	1
4451	0x506e45c	_xdr__lu_passwd	0xf	1	0	0	1
4452	0x506e4fc	_xdr__lu_passwd_ptr	0xf	1	0	0	1
4453	0x506eaa4	_xdr__lu_prdb_ent_ptr	0xf	1	0	0	1
4454	0x506ea38	_xdr__lu_prdb_ent	0xf	1	0	0	1
4455	0x506f28c	__lookup_ooall	0xf	1	0	0	1
4456	0x506f088	__lookup_one	0xf	1	0	0	1
4457	0x506edac	__lookup_link	0xf	1	0	0	1
4458	0x506eee4	__lookup_all	0xf	1	0	0	1
4459	0x506f3b0	_authnone_create	0xf	1	0	0	1
4460	0x506f6cc	_authunix_create_default	0xf	1	0	0	1
4461	0x506f50c	_authunix_create	0xf	1	0	0	1
4462	0x506fa70	_xdr_authunix_parms	0xf	1	0	0	1
4463	0x506fb04	_bindresvport	0xf	1	0	0	1
4464	0x506fbf0	_clnt_create	0xf	1	0	0	1
4465	0x50700cc	_clnt_spcreateerror	0xf	1	0	0	1
4466	0x506fda0	_clnt_sperror	0xf	1	0	0	1
4467	0x506ffc4	_clnt_perror	0xf	1	0	0	1
4468	0x5070008	_clnt_syslog	0xf	1	0	0	1
4469	0x5070040	_clnt_sperrno	0xf	1	0	0	1
4470	0x507008c	_clnt_perrno	0xf	1	0	0	1
4471	0x50701e8	_clnt_pcreateerror	0xf	1	0	0	1
4472	0x507026c	_clntraw_create	0xf	1	0	0	1
4473	0x50705a0	_callrpc	0xf	1	0	0	1
4474	0x5070754	_clnttcp_create	0xf	1	0	0	1
4475	0x5071178	_clntudp_create	0xf	1	0	0	1
4476	0x5070eec	_clntudp_bufcreate	0xf	1	0	0	1
4477	0x5071864	__rpc_dtablesize	0xf	1	0	0	1
4478	0x507189c	_get_myaddress	0xf	1	0	0	1
4479	0x5071ba8	__old_setrpcent	0xf	1	0	0	1
4480	0x5071a48	__old_getrpcbynumber	0xf	1	0	0	1
4481	0x5071c84	__old_getrpcent	0xf	1	0	0	1
4482	0x5071c20	__old_endrpcent	0xf	1	0	0	1
4483	0x5071b28	__old_getrpcbyname	0xf	1	0	0	1
4484	0x50720a0	_key_gendes	0xf	1	0	0	1
4485	0x5072030	_key_decryptsession	0xf	1	0	0	1
4486	0x5071fc0	_key_encryptsession	0xf	1	0	0	1
4487	0x5071f64	_key_setsecret	0xf	1	0	0	1
4488	0x50723e4	_xdr_unixcred	0xf	1	0	0	1
4489	0x5072344	_xdr_cryptkeyarg	0xf	1	0	0	1
4490	0x5072304	_xdr_netnamestr	0xf	1	0	0	1
4491	0x50722c8	_xdr_keybuf	0xf	1	0	0	1
4492	0x5072290	_xdr_keystatus	0xf	1	0	0	1
4493	0x5072390	_xdr_cryptkeyres	0xf	1	0	0	1
4494	0x5072450	_xdr_getcredres	0xf	1	0	0	1
4495	0x5072660	_multi_call	0xf	1	0	0	1
4496	0x5072e0c	_host2netname	0xf	1	0	0	1
4497	0x5072b8c	_netname2user	0xf	1	0	0	1
4498	0x5072d50	_getnetname	0xf	1	0	0	1
4499	0x5072c94	_netname2host	0xf	1	0	0	1
4500	0x5072d90	_user2netname	0xf	1	0	0	1
4501	0x5072f68	__openchild	0xf	1	0	0	1
4502	0x5073138	_pmap_set	0xf	1	0	0	1
4503	0x5073230	_pmap_unset	0xf	1	0	0	1
4504	0x50732fc	_pmap_getmaps	0xf	1	0	0	1
4505	0x50733e4	_pmap_getport	0xf	1	0	0	1
4506	0x5073504	_xdr_pmap	0xf	1	0	0	1
4507	0x5073568	_xdr_pmaplist	0xf	1	0	0	1
4508	0x50737dc	_xdr_rmtcallres	0xf	1	0	0	1
4509	0x507360c	_pmap_rmtcall	0xf	1	0	0	1
4510	0x50736f8	_xdr_rmtcall_args	0xf	1	0	0	1
4511	0x5073978	_clnt_broadcast_exp	0xf	1	0	0	1
4512	0x5073ef4	_clnt_broadcast	0xf	1	0	0	1
4513	0x5073f88	_xdr_des_block	0xf	1	0	0	1
4514	0x5074040	_xdr_rejected_reply	0xf	1	0	0	1
4515	0x5074280	__seterr_reply	0xf	1	0	0	1
4516	0x50740b0	_xdr_replymsg	0xf	1	0	0	1
4517	0x5074118	_xdr_callhdr	0xf	1	0	0	1
4518	0x5073fb4	_xdr_accepted_reply	0xf	1	0	0	1
4519	0x5073f38	_xdr_opaque_auth	0xf	1	0	0	1
4520	0x50cbe68	__rpc_comdata_padding	0xf	7	0	0	1
4521	0x50cbe2c	__null_auth	0xf	7	0	0	1
4522	0x50cbe38	_svc_fdset	0xf	7	0	0	1
4523	0x50cbe58	_rpc_createerr	0xf	7	0	0	1
4524	0x5074324	_xdr_callmsg	0xf	1	0	0	1
4525	0x5074b9c	_svc_getreq	0xf	1	0	0	1
4526	0x5074900	_svc_sendreply	0xf	1	0	0	1
4527	0x5074a6c	_svcerr_auth	0xf	1	0	0	1
4528	0x50749bc	_svcerr_decode	0xf	1	0	0	1
4529	0x507484c	_svc_unregister	0xf	1	0	0	1
4530	0x5074964	_svcerr_noproc	0xf	1	0	0	1
4531	0x5074ae0	_svcerr_noprog	0xf	1	0	0	1
4532	0x50747b4	_svc_register	0xf	1	0	0	1
4533	0x5074bd8	_svc_getreqset	0xf	1	0	0	1
4534	0x5074750	_xprt_unregister	0xf	1	0	0	1
4535	0x50746d0	_xprt_register	0xf	1	0	0	1
4536	0x5074ab8	_svcerr_weakauth	0xf	1	0	0	1
4537	0x5074a14	_svcerr_systemerr	0xf	1	0	0	1
4538	0x5074b38	_svcerr_progvers	0xf	1	0	0	1
4539	0x5074e64	__svcauth_null	0xf	1	0	0	1
4540	0x5074df4	__authenticate	0xf	1	0	0	1
4541	0x5075018	__svcauth_short	0xf	1	0	0	1
4542	0x5074e80	__svcauth_unix	0xf	1	0	0	1
4543	0x5075034	_svcraw_create	0xf	1	0	0	1
4544	0x507523c	_svc_run	0xf	1	0	0	1
4545	0x50752cc	_registerrpc	0xf	1	0	0	1
4546	0x5075710	_svcfd_create	0xf	1	0	0	1
4547	0x507555c	_svctcp_create	0xf	1	0	0	1
4548	0x5075da8	_svcudp_create	0xf	1	0	0	1
4549	0x5076044	_svcudp_enablecache	0xf	1	0	0	1
4550	0x5075bb0	_svcudp_bufcreate	0xf	1	0	0	1
4551	0x50769ec	_authdes_getucred	0xf	1	0	0	1
4552	0x50763a4	__svcauth_des	0xf	1	0	0	1
4553	0x5077098	_xdr_union	0xf	1	0	0	1
4554	0x5076fac	_xdr_bytes	0xf	1	0	0	1
4555	0x5076eec	_xdr_opaque	0xf	1	0	0	1
4556	0x5076bc4	_xdr_int	0xf	1	0	0	1
4557	0x5076b74	_xdr_free	0xf	1	0	0	1
4558	0x5076d34	_xdr_u_short	0xf	1	0	0	1
4559	0x5076e40	_xdr_bool	0xf	1	0	0	1
4560	0x5076c68	_xdr_u_long	0xf	1	0	0	1
4561	0x50771f4	_xdr_wrapstring	0xf	1	0	0	1
4562	0x5076df4	_xdr_u_char	0xf	1	0	0	1
4563	0x5076cc0	_xdr_short	0xf	1	0	0	1
4564	0x5077064	_xdr_netobj	0xf	1	0	0	1
4565	0x5076c14	_xdr_long	0xf	1	0	0	1
4566	0x5077114	_xdr_string	0xf	1	0	0	1
4567	0x5076ec4	_xdr_enum	0xf	1	0	0	1
4568	0x5076da8	_xdr_char	0xf	1	0	0	1
4569	0x5076ba8	_xdr_void	0xf	1	0	0	1
4570	0x5076bec	_xdr_u_int	0xf	1	0	0	1
4571	0x507722c	_xdr_array	0xf	1	0	0	1
4572	0x5077324	_xdr_vector	0xf	1	0	0	1
4573	0x50773d4	_xdr_double	0xf	1	0	0	1
4574	0x507737c	_xdr_float	0xf	1	0	0	1
4575	0x5077470	_xdrmem_create	0xf	1	0	0	1
4576	0x5077684	_xdrrec_create	0xf	1	0	0	1
4577	0x5077b10	_xdrrec_skiprecord	0xf	1	0	0	1
4578	0x5077bf8	_xdrrec_endofrecord	0xf	1	0	0	1
4579	0x5077b84	_xdrrec_eof	0xf	1	0	0	1
4580	0x5077e98	_xdr_reference	0xf	1	0	0	1
4581	0x5077f38	_xdr_pointer	0xf	1	0	0	1
4582	0x5077fac	_xdrstdio_create	0xf	1	0	0	1
4583	0x50781a8	_bsd_sprintf	0xf	1	0	0	1
4584	0x5078220	_bsd_vsprintf	0xf	1	0	0	1
4585	0x5078298	_clearerr	0xf	1	0	0	1
4586	0x50782b8	__doscan	0xf	1	0	0	1
4587	0x5078eac	_exit	0xf	1	0	0	1
4588	0x5078ed0	_fdopen	0xf	1	0	0	1
4589	0x5078f84	_fgetc	0xf	1	0	0	1
4590	0x5078fb8	_fgets	0xf	1	0	0	1
4591	0x5079030	__filbuf	0xf	1	0	0	1
4592	0x50792bc	__f_prealloc	0xf	1	0	0	1
4593	0x50793ac	__cleanup	0xf	1	0	0	1
4594	0x507931c	__fwalk	0xf	1	0	0	1
4595	0x507923c	__f_morefiles	0xf	1	0	0	1
4596	0x5079184	__findiop	0xf	1	0	0	1
4597	0x50793d0	__flsbuf	0xf	1	0	0	1
4598	0x507956c	_fflush	0xf	1	0	0	1
4599	0x50795dc	_fclose	0xf	1	0	0	1
4600	0x5079674	_fopen	0xf	1	0	0	1
4601	0x5079784	_fprintf	0xf	1	0	0	1
4602	0x5079814	_fputc	0xf	1	0	0	1
4603	0x507988c	_fputs	0xf	1	0	0	1
4604	0x5079974	_fread	0xf	1	0	0	1
4605	0x5079a10	_freopen	0xf	1	0	0	1
4606	0x5079b18	_fseek	0xf	1	0	0	1
4607	0x5079c74	_ftell	0xf	1	0	0	1
4608	0x5079cec	_fwrite	0xf	1	0	0	1
4609	0x5079de0	_getchar	0xf	1	0	0	1
4610	0x5079e20	_gets	0xf	1	0	0	1
4611	0x5079e90	_getw	0xf	1	0	0	1
4612	0x50cc398	__iob	0xf	7	0	0	1
4613	0x5079f00	_printf	0xf	1	0	0	1
4614	0x5079f50	_putchar	0xf	1	0	0	1
4615	0x507a024	_puts	0xf	1	0	0	1
4616	0x507a1d4	_putw	0xf	1	0	0	1
4617	0x507a268	_rewind	0xf	1	0	0	1
4618	0x507a2b8	_scanf	0xf	1	0	0	1
4619	0x507a310	_sscanf	0xf	1	0	0	1
4620	0x507a2e4	_fscanf	0xf	1	0	0	1
4621	0x507a36c	_setbuf	0xf	1	0	0	1
4622	0x507a3d8	_setbuffer	0xf	1	0	0	1
4623	0x507a440	_setlinebuf	0xf	1	0	0	1
4624	0x507a494	_sprintf	0xf	1	0	0	1
4625	0x507a510	__strout	0xf	1	0	0	1
4626	0x507a6b4	_ungetc	0xf	1	0	0	1
4627	0x507a77c	_vfprintf	0xf	1	0	0	1
4628	0x507a80c	_vprintf	0xf	1	0	0	1
4629	0x507a85c	_vsprintf	0xf	1	0	0	1
4630	0x507a8d8	__gcvt	0xf	1	0	0	1
4631	0x507a918	__doprnt	0xf	1	0	0	1
4632	0x507b944	__gfmt	0xf	1	0	0	1
4633	0x507bc14	__execv	0xf	1	0	0	1
4634	0x50cc590	_errno	0xf	7	0	0	1
4635	0x507bc68	__gettimeofday	0xf	1	0	0	1
4636	0x50cc5a4	__sigcatch	0xf	7	0	0	1
4637	0x507bdf8	__sigvec	0xf	1	0	0	1
4638	0x507be28	__sigvec_nobind	0xf	1	0	0	1
4639	0x507be58	_accept	0xf	1	0	0	1
4640	0x507be78	__access	0xf	1	0	0	1
4641	0x507be98	_acct	0xf	1	0	0	1
4642	0x507beb8	_add_profil	0xf	1	0	0	1
4643	0x507bed8	_adjtime	0xf	1	0	0	1
4644	0x507bef8	_async_daemon	0xf	1	0	0	1
4645	0x507bf18	_bind	0xf	1	0	0	1
4646	0x507bf35	cerror	0xf	1	0	0	1
4647	0x507bf5c	_chdir	0xf	1	0	0	1
4648	0x507bf7c	_chmod	0xf	1	0	0	1
4649	0x507bf9c	_chown	0xf	1	0	0	1
4650	0x507bfbc	_chroot	0xf	1	0	0	1
4651	0x507bfdc	__close	0xf	1	0	0	1
4652	0x507bffc	_connect	0xf	1	0	0	1
4653	0x507c01c	_creat	0xf	1	0	0	1
4654	0x507c03c	_dup	0xf	1	0	0	1
4655	0x507c05c	_dup2	0xf	1	0	0	1
4656	0x507c07c	__execl	0xf	1	0	0	1
4657	0x507c098	_execle	0xf	1	0	0	1
4658	0x507c0c4	__execve	0xf	1	0	0	1
4659	0x507c0e4	_exportfs	0xf	1	0	0	1
4660	0x507c104	_fchmod	0xf	1	0	0	1
4661	0x507c124	_fchown	0xf	1	0	0	1
4662	0x507c144	_fcntl	0xf	1	0	0	1
4663	0x507c164	_flock	0xf	1	0	0	1
4664	0x507c28e	__vfork	0xf	1	0	0	1
4665	0x507c184	__fork	0xf	1	0	0	1
4666	0x507c294	__fstat	0xf	1	0	0	1
4667	0x507c2b4	_fstatfs	0xf	1	0	0	1
4668	0x507c2d4	_fsync	0xf	1	0	0	1
4669	0x507c2f4	_ftruncate	0xf	1	0	0	1
4670	0x507c314	_getdents	0xf	1	0	0	1
4671	0x507c334	_getdirentries	0xf	1	0	0	1
4672	0x507c354	_getdomainname	0xf	1	0	0	1
4673	0x507c374	__getdtablesize	0xf	1	0	0	1
4674	0x507c394	_getegid	0xf	1	0	0	1
4675	0x507c3b4	_geteuid	0xf	1	0	0	1
4676	0x507c3d4	_getfh	0xf	1	0	0	1
4677	0x507c3f4	_getgid	0xf	1	0	0	1
4678	0x507c414	_getgroups	0xf	1	0	0	1
4679	0x507c434	_gethostid	0xf	1	0	0	1
4680	0x507c454	_gethostname	0xf	1	0	0	1
4681	0x507c474	_getitimer	0xf	1	0	0	1
4682	0x507c494	_getpagesize	0xf	1	0	0	1
4683	0x507c4b4	_getpeername	0xf	1	0	0	1
4684	0x507c4d4	_getpgrp	0xf	1	0	0	1
4685	0x507c4f4	__getpid	0xf	1	0	0	1
4686	0x507c514	_getppid	0xf	1	0	0	1
4687	0x507c534	_getpriority	0xf	1	0	0	1
4688	0x507c554	__getrlimit	0xf	1	0	0	1
4689	0x507c574	__getrusage	0xf	1	0	0	1
4690	0x507c594	_getsockname	0xf	1	0	0	1
4691	0x507c5b4	_getsockopt	0xf	1	0	0	1
4692	0x507c5d4	_getuid	0xf	1	0	0	1
4693	0x507c5f4	__ioctl	0xf	1	0	0	1
4694	0x507c614	__kill	0xf	1	0	0	1
4695	0x507c634	_killpg	0xf	1	0	0	1
4696	0x507c654	_link	0xf	1	0	0	1
4697	0x507c674	_listen	0xf	1	0	0	1
4698	0x507c694	__lseek	0xf	1	0	0	1
4699	0x507c6b4	_lstat	0xf	1	0	0	1
4700	0x507c6d4	_mkdir	0xf	1	0	0	1
4701	0x507c6f4	_mknod	0xf	1	0	0	1
4702	0x507c714	_mmap	0xf	1	0	0	1
4703	0x507c734	_mount	0xf	1	0	0	1
4704	0x507c754	_nfssvc	0xf	1	0	0	1
4705	0x507c774	__open	0xf	1	0	0	1
4706	0x507c794	_pipe	0xf	1	0	0	1
4707	0x507c7bc	_profil	0xf	1	0	0	1
4708	0x507c7dc	_ptrace	0xf	1	0	0	1
4709	0x507c80c	_quota	0xf	1	0	0	1
4710	0x507c82c	_quotactl	0xf	1	0	0	1
4711	0x507c84c	__read	0xf	1	0	0	1
4712	0x507c86c	_readlink	0xf	1	0	0	1
4713	0x507c88c	_readv	0xf	1	0	0	1
4714	0x507c8ac	_reboot	0xf	1	0	0	1
4715	0x507c8cc	_recv	0xf	1	0	0	1
4716	0x507c8ec	_recvfrom	0xf	1	0	0	1
4717	0x507c90c	_recvmsg	0xf	1	0	0	1
4718	0x507c92c	_rename	0xf	1	0	0	1
4719	0x507c94c	_rmdir	0xf	1	0	0	1
4720	0x507c96c	_rpause	0xf	1	0	0	1
4721	0x507c98c	_select	0xf	1	0	0	1
4722	0x507c9ac	_send	0xf	1	0	0	1
4723	0x507c9cc	_sendmsg	0xf	1	0	0	1
4724	0x507c9ec	_sendto	0xf	1	0	0	1
4725	0x507ca0c	_setdomainname	0xf	1	0	0	1
4726	0x507ca2c	_setgroups	0xf	1	0	0	1
4727	0x507ca4c	_sethostid	0xf	1	0	0	1
4728	0x507ca6c	_sethostname	0xf	1	0	0	1
4729	0x507ca8c	_setitimer	0xf	1	0	0	1
4730	0x507caac	_setpgrp	0xf	1	0	0	1
4731	0x507cacc	_setpriority	0xf	1	0	0	1
4732	0x507caec	_setprivexec	0xf	1	0	0	1
4733	0x507cb0c	_setquota	0xf	1	0	0	1
4734	0x507cb2c	_setregid	0xf	1	0	0	1
4735	0x507cb4c	_setreuid	0xf	1	0	0	1
4736	0x507cb6c	_setrlimit	0xf	1	0	0	1
4737	0x507cb8c	_setsockopt	0xf	1	0	0	1
4738	0x507cbac	_settimeofday	0xf	1	0	0	1
4739	0x507cbcc	_shutdown	0xf	1	0	0	1
4740	0x507cbec	__sigblock	0xf	1	0	0	1
4741	0x507cc0c	_sigpause	0xf	1	0	0	1
4742	0x507cc2c	__sigreturn	0xf	1	0	0	1
4743	0x507cc4c	__sigsetmask	0xf	1	0	0	1
4744	0x507cc6c	__sigstack	0xf	1	0	0	1
4745	0x507cc8c	__sigtramp	0xf	1	0	0	1
4746	0x507ccdc	_socket	0xf	1	0	0	1
4747	0x507ccfc	_socketpair	0xf	1	0	0	1
4748	0x507cd1c	_stat	0xf	1	0	0	1
4749	0x507cd3c	_statfs	0xf	1	0	0	1
4750	0x507cd5c	_swapon	0xf	1	0	0	1
4751	0x507cd7c	_symlink	0xf	1	0	0	1
4752	0x507cd9c	_sync	0xf	1	0	0	1
4753	0x507cdbc	__syscall	0xf	1	0	0	1
4754	0x507cddc	_table	0xf	1	0	0	1
4755	0x507cdfc	_truncate	0xf	1	0	0	1
4756	0x507ce1c	_umask	0xf	1	0	0	1
4757	0x507ce3c	_unlink	0xf	1	0	0	1
4758	0x507ce5c	_unmount	0xf	1	0	0	1
4759	0x507ce7c	_ustat	0xf	1	0	0	1
4760	0x507ce9c	_utimes	0xf	1	0	0	1
4761	0x507cebc	_vhangup	0xf	1	0	0	1
4762	0x507cedc	__wait	0xf	1	0	0	1
4763	0x507cf04	_wait3	0xf	1	0	0	1
4764	0x507cf2c	_wait4	0xf	1	0	0	1
4765	0x507cf4c	__write	0xf	1	0	0	1
4766	0x507cf6c	__writev	0xf	1	0	0	1
4767	0x507cf8c	__exit	0xf	1	0	0	1
4768	0x507d40c	__cproc_fork_child	0xf	1	0	0	1
4769	0x507d0bc	__cproc_create	0xf	1	0	0	1
4770	0x507d3e8	__cthread_yield	0xf	1	0	0	1
4771	0x507d548	__cthread_errno	0xf	1	0	0	1
4772	0x507d078	__cproc_init	0xf	1	0	0	1
4773	0x507d51c	__cthread_set_errno_self	0xf	1	0	0	1
4774	0x507d14c	__condition_wait	0xf	1	0	0	1
4775	0x507d31c	__cond_signal	0xf	1	0	0	1
4776	0x507d370	__cond_broadcast	0xf	1	0	0	1
4777	0x507db6c	__cthread_count	0xf	1	0	0	1
4778	0x507d6f4	__cthread_body	0xf	1	0	0	1
4779	0x507d674	__cthread_init	0xf	1	0	0	1
4780	0x507d9d4	__cthread_join	0xf	1	0	0	1
4781	0x507d5fc	__set_cthread_free_callout	0xf	1	0	0	1
4782	0x507db2c	__cthread_limit	0xf	1	0	0	1
4783	0x507dad4	__cthread_set_name	0xf	1	0	0	1
4784	0x507daf4	__cthread_name	0xf	1	0	0	1
4785	0x507db4c	__cthread_set_limit	0xf	1	0	0	1
4786	0x507dc18	__cthread_fork_child	0xf	1	0	0	1
4787	0x507dbe4	__cthread_fork_parent	0xf	1	0	0	1
4788	0x507db8c	__cthread_fork_prepare	0xf	1	0	0	1
4789	0x507d8a8	__cthread_fork	0xf	1	0	0	1
4790	0x507d974	__cthread_detach	0xf	1	0	0	1
4791	0x507da44	__cthread_exit	0xf	1	0	0	1
4792	0x507dd50	__mutex_wait_lock	0xf	1	0	0	1
4793	0x507dea4	__mig_dealloc_reply_port	0xf	1	0	0	1
4794	0x507ddf8	__mig_get_reply_port	0xf	1	0	0	1
4795	0x507ddbc	__mig_fork_child	0xf	1	0	0	1
4796	0x507dde0	__mig_init	0xf	1	0	0	1
4797	0x507dfa4	_cthread_abort	0xf	1	0	0	1
4798	0x507df44	_cthread_priority	0xf	1	0	0	1
4799	0x507df74	_cthread_max_priority	0xf	1	0	0	1
4800	0x507e100	__alloc_stack	0xf	1	0	0	1
4801	0x507e270	__dealloc_stack	0xf	1	0	0	1
4802	0x507e040	__stack_init	0xf	1	0	0	1
4803	0x507e2e0	__stack_fork_child	0xf	1	0	0	1
4804	0x50cc840	__threads_data_padding	0xf	7	0	0	1
4805	0x50cc82c	__condition_spin_limit	0xf	7	0	0	1
4806	0x50cc818	__mutex_spin_limit	0xf	7	0	0	1
4807	0x50cc830	__condition_yield_limit	0xf	7	0	0	1
4808	0x50cc838	__cthread_stack_base	0xf	7	0	0	1
4809	0x50cc81c	__cthread_stack_mask	0xf	7	0	0	1
4810	0x50cc834	__initial_stack_boundary	0xf	7	0	0	1
4811	0x50cc820	__cthread_exit_routine	0xf	7	0	0	1
4812	0x50cc810	__msg_send_timeout	0xf	7	0	0	1
4813	0x50cc814	__msg_receive_timeout	0xf	7	0	0	1
4814	0x50cc83c	__malloc_lock	0xf	7	0	0	1
4815	0x50cc828	__cproc_default_stack_size	0xf	7	0	0	1
4816	0x50cc824	__cthread_init_routine	0xf	7	0	0	1
4817	0x507e3f4	__ur_cthread_self	0xf	1	0	0	1
4818	0x507e314	__cproc_setup	0xf	1	0	0	1
4819	0x507e3cc	__cthread_set_self	0xf	1	0	0	1
4820	0x507e418	__cthread_sp	0xf	1	0	0	1
4821	0x507e44c	__spin_unlock	0xf	1	0	0	1
4822	0x507e468	__mutex_unlock_try	0xf	1	0	0	1
4823	0x507e434	__spin_lock	0xf	1	0	0	1
4824	0x507e458	__mutex_try_lock	0xf	1	0	0	1
4825	0x507e474	_yperr_string	0xf	1	0	0	1
4826	0x507e6f8	_xdr_ypresp_maplist	0xf	1	0	0	1
4827	0x507e748	_xdr_yppushresp_xfr	0xf	1	0	0	1
4828	0x507e798	_xdr_ypreq_xfr	0xf	1	0	0	1
4829	0x507e5d0	_xdr_ypresp_order	0xf	1	0	0	1
4830	0x507e80c	_xdr_ypall	0xf	1	0	0	1
4831	0x507e580	_xdr_ypresp_master	0xf	1	0	0	1
4832	0x507e620	_xdr_ypmaplist_wrap_string	0xf	1	0	0	1
4833	0x507e654	_xdr_ypmaplist	0xf	1	0	0	1
4834	0x507e8c4	_xdr_ypbind_setdom	0xf	1	0	0	1
4835	0x507e92c	_ypprot_err	0xf	1	0	0	1
4836	0x507ea1c	__xdr_ypresponse	0xf	1	0	0	1
4837	0x507ea50	__xdr_ypbind_oldsetdom	0xf	1	0	0	1
4838	0x507e9e8	__xdr_yprequest	0xf	1	0	0	1
4839	0x507eb98	_xdr_ypreq_nokey	0xf	1	0	0	1
4840	0x507ebe8	_xdr_ypresp_val	0xf	1	0	0	1
4841	0x507eb34	_xdr_ypreq_key	0xf	1	0	0	1
4842	0x507ec9c	_xdr_yp_inaddr	0xf	1	0	0	1
4843	0x507ec38	_xdr_ypresp_key_val	0xf	1	0	0	1
4844	0x507ed50	_xdr_ypowner_wrap_string	0xf	1	0	0	1
4845	0x507ed80	_xdr_ypmap_parms	0xf	1	0	0	1
4846	0x507ed1c	_xdr_ypbind_resp	0xf	1	0	0	1
4847	0x507ecc8	_xdr_yp_binding	0xf	1	0	0	1
4848	0x507eadc	_xdr_ypdomain_wrap_string	0xf	1	0	0	1
4849	0x507eaa8	_xdr_datum	0xf	1	0	0	1
4850	0x507eb08	_xdr_ypmap_wrap_string	0xf	1	0	0	1
4851	0x507edf4	_yp_all	0xf	1	0	0	1
4852	0x507f414	_yp_get_default_domain	0xf	1	0	0	1
4853	0x507f2bc	_yp_unbind	0xf	1	0	0	1
4854	0x507ef98	__yp_dobind	0xf	1	0	0	1
4855	0x507fcf0	_usingypmap	0xf	1	0	0	1
4856	0x507f290	_yp_bind	0xf	1	0	0	1
4857	0x50cca88	__yp_data_padding	0xf	7	0	0	1
4858	0x50cca7c	__ypsleeptime	0xf	7	0	0	1
4859	0x50cca80	__ypserv_timeout	0xf	7	0	0	1
4860	0x50800c0	_v1prot_dofirst	0xf	1	0	0	1
4861	0x508057c	_v1prot_donext	0xf	1	0	0	1
4862	0x5080254	_yp_next	0xf	1	0	0	1
4863	0x507fdc0	_yp_first	0xf	1	0	0	1
4864	0x50807d4	_yp_master	0xf	1	0	0	1
4865	0x5080cb8	_yp_match	0xf	1	0	0	1
4866	0x50811fc	_yp_order	0xf	1	0	0	1
4867	0x50814c4	__gcc_bcmp	0xf	1	0	0	1
4868	0x5081500	__adddf3	0xf	1	0	0	1
4869	0x5081510	__addsf3	0xf	1	0	0	1
4870	0x5081520	__ashldi3	0xf	1	0	0	1
4871	0x5081578	__ashlsi3	0xf	1	0	0	1
4872	0x5081588	__ashrdi3	0xf	1	0	0	1
4873	0x50815e0	__ashrsi3	0xf	1	0	0	1
4874	0x5081624	___bb_exit_func	0xf	1	0	0	1
4875	0x5081938	___bb_init_func	0xf	1	0	0	1
4876	0x5081980	___clear_cache	0xf	1	0	0	1
4877	0x5081988	__cmpdi2	0xf	1	0	0	1
4878	0x50819c4	__divdf3	0xf	1	0	0	1
4879	0x50819d4	__divdi3	0xf	1	0	0	1
4880	0x5081a84	__divsf3	0xf	1	0	0	1
4881	0x5081a94	__divsi3	0xf	1	0	0	1
4882	0x5081aa4	___eprintf	0xf	1	0	0	1
4883	0x5081ae8	__eqdf2	0xf	1	0	0	1
4884	0x5081b08	__eqsf2	0xf	1	0	0	1
4885	0x5081b28	__extendsfdf2	0xf	1	0	0	1
4886	0x5081b34	__ffsdi2	0xf	1	0	0	1
4887	0x5081b74	__fixdfdi	0xf	1	0	0	1
4888	0x5081bb8	__fixdfsi	0xf	1	0	0	1
4889	0x5081be0	__fixsfdi	0xf	1	0	0	1
4890	0x5081c24	__fixsfsi	0xf	1	0	0	1
4891	0x5081c4c	__fixunsdfdi	0xf	1	0	0	1
4892	0x5081d78	__fixunsdfsi	0xf	1	0	0	1
4893	0x5081df8	__fixunssfdi	0xf	1	0	0	1
4894	0x5081f24	__fixunssfsi	0xf	1	0	0	1
4895	0x5081fa4	__fixunsxfdi	0xf	1	0	0	1
4896	0x50820c0	__fixunsxfsi	0xf	1	0	0	1
4897	0x5082140	__fixxfdi	0xf	1	0	0	1
4898	0x5082184	__floatdidf	0xf	1	0	0	1
4899	0x50821f0	__floatdisf	0xf	1	0	0	1
4900	0x5082264	__floatdixf	0xf	1	0	0	1
4901	0x50822d0	__floatsidf	0xf	1	0	0	1
4902	0x50822dc	__floatsisf	0xf	1	0	0	1
4903	0x50822e8	__gedf2	0xf	1	0	0	1
4904	0x508230c	__gesf2	0xf	1	0	0	1
4905	0x508232c	__gtdf2	0xf	1	0	0	1
4906	0x508234c	__gtsf2	0xf	1	0	0	1
4907	0x5082368	__ledf2	0xf	1	0	0	1
4908	0x5082388	__lesf2	0xf	1	0	0	1
4909	0x50823ac	__lshldi3	0xf	1	0	0	1
4910	0x5082404	__lshlsi3	0xf	1	0	0	1
4911	0x5082414	__lshrdi3	0xf	1	0	0	1
4912	0x508246c	__lshrsi3	0xf	1	0	0	1
4913	0x508247c	__ltdf2	0xf	1	0	0	1
4914	0x508249c	__ltsf2	0xf	1	0	0	1
4915	0x50824c0	__moddi3	0xf	1	0	0	1
4916	0x508257c	__modsi3	0xf	1	0	0	1
4917	0x508258c	__muldf3	0xf	1	0	0	1
4918	0x508259c	__muldi3	0xf	1	0	0	1
4919	0x50825e8	__mulsf3	0xf	1	0	0	1
4920	0x50825f8	__mulsi3	0xf	1	0	0	1
4921	0x5082608	__nedf2	0xf	1	0	0	1
4922	0x5082628	__negdf2	0xf	1	0	0	1
4923	0x5082634	__negdi2	0xf	1	0	0	1
4924	0x5082660	__negsf2	0xf	1	0	0	1
4925	0x508266c	__nesf2	0xf	1	0	0	1
4926	0x50826a0	___set_new_handler	0xf	1	0	0	1
4927	0x508268c	___get_new_handler	0xf	1	0	0	1
4928	0x50826c8	_set_new_handler	0xf	1	0	0	1
4929	0x50826f8	___builtin_delete	0xf	1	0	0	1
4930	0x508270c	___builtin_new	0xf	1	0	0	1
4931	0x50c7710	___shtab	0xf	4	0	0	1
4932	0x508273c	__subdf3	0xf	1	0	0	1
4933	0x508274c	__subsf3	0xf	1	0	0	1
4934	0x508275c	___enable_execute_stack	0xf	1	0	0	1
4935	0x5082770	__truncdfsf2	0xf	1	0	0	1
4936	0x5082784	__ucmpdi2	0xf	1	0	0	1
4937	0x50827c0	___udiv_w_sdiv	0xf	1	0	0	1
4938	0x5082904	__udivdi3	0xf	1	0	0	1
4939	0x5082924	__udivmoddi4	0xf	1	0	0	1
4940	0x5082adc	__udivsi3	0xf	1	0	0	1
4941	0x5082aec	__umoddi3	0xf	1	0	0	1
4942	0x5082b18	__umodsi3	0xf	1	0	0	1
4943	0x5082b2c	___builtin_saveregs	0xf	1	0	0	1
4944	0x5082b94	_isEqualPrototype	0xf	1	0	0	1
4945	0x5083b1c	_isEqualPtrStructKey	0xf	1	0	0	1
4946	0x5083e98	_NXCopyStringBuffer	0xf	1	0	0	1
4947	0x5083cbc	_NXUniqueString	0xf	1	0	0	1
4948	0x5083b78	_isEqualStrStructKey	0xf	1	0	0	1
4949	0x5083b4c	_hashStrStructKey	0xf	1	0	0	1
4950	0x5083acc	_NXReallyFree	0xf	1	0	0	1
4951	0x5083af0	_hashPtrStructKey	0xf	1	0	0	1
4952	0x5082fe0	_NXResetHashTable	0xf	1	0	0	1
4953	0x5082d28	_NXCreateHashTable	0xf	1	0	0	1
4954	0x50835a4	_NXHashInsertIfAbsent	0xf	1	0	0	1
4955	0x5082fb0	_NXEmptyHashTable	0xf	1	0	0	1
4956	0x5082d6c	_NXCreateHashTableFromZone	0xf	1	0	0	1
4957	0x5083294	_NXHashGet	0xf	1	0	0	1
4958	0x5083424	_NXHashInsert	0xf	1	0	0	1
4959	0x5083728	_NXHashRemove	0xf	1	0	0	1
4960	0x5082f78	_NXFreeHashTable	0xf	1	0	0	1
4961	0x50831b8	_NXCountHashTable	0xf	1	0	0	1
4962	0x5082bdc	_hashPrototype	0xf	1	0	0	1
4963	0x5083120	_NXCopyHashTable	0xf	1	0	0	1
4964	0x5083098	_NXCompareHashTables	0xf	1	0	0	1
4965	0x508392c	_NXInitHashState	0xf	1	0	0	1
4966	0x5083010	_NXIsEqualHashTable	0xf	1	0	0	1
4967	0x5083dc8	_NXUniqueStringWithLength	0xf	1	0	0	1
4968	0x5083d64	_NXUniqueStringNoCopy	0xf	1	0	0	1
4969	0x5083a50	_NXStrIsEqual	0xf	1	0	0	1
4970	0x50831d8	_NXHashMember	0xf	1	0	0	1
4971	0x5083e44	_NXCopyStringBufferFromZone	0xf	1	0	0	1
4972	0x50839ec	_NXStrHash	0xf	1	0	0	1
4973	0x5083958	_NXNextHashState	0xf	1	0	0	1
4974	0x5082c3c	_NXNoEffectFree	0xf	1	0	0	1
4975	0x50839cc	_NXPtrHash	0xf	1	0	0	1
4976	0x5082d00	_NXPtrIsEqual	0xf	1	0	0	1
4977	0x5084c34	__mapObjectFree	0xf	1	0	0	1
4978	0x5084c1c	__mapNoFree	0xf	1	0	0	1
4979	0x5084b70	__mapStrIsEqual	0xf	1	0	0	1
4980	0x5084abc	__mapStrHash	0xf	1	0	0	1
4981	0x5084a1c	_NXInitMapState	0xf	1	0	0	1
4982	0x5084044	_NXCreateMapTable	0xf	1	0	0	1
4983	0x5084b20	__mapObjectHash	0xf	1	0	0	1
4984	0x50840bc	_NXResetMapTable	0xf	1	0	0	1
4985	0x5084a3c	_NXNextMapState	0xf	1	0	0	1
4986	0x5084a9c	__mapPtrHash	0xf	1	0	0	1
4987	0x5084128	_NXCompareMapTables	0xf	1	0	0	1
4988	0x508471c	_NXMapRemove	0xf	1	0	0	1
4989	0x5084b48	__mapPtrIsEqual	0xf	1	0	0	1
4990	0x50844f0	_NXMapInsert	0xf	1	0	0	1
4991	0x50842dc	_NXMapGet	0xf	1	0	0	1
4992	0x5084084	_NXFreeMapTable	0xf	1	0	0	1
4993	0x5084bec	__mapObjectIsEqual	0xf	1	0	0	1
4994	0x5083efc	_NXCreateMapTableFromZone	0xf	1	0	0	1
4995	0x50841c4	_NXMapMember	0xf	1	0	0	1
4996	0x50841a4	_NXCountMapTable	0xf	1	0	0	1
4997	0x5084c5c	_object_getClassName	0xf	1	0	0	1
4998	0x5084d34	_class_createInstanceFromZone	0xf	1	0	0	1
4999	0x5084c8c	_object_getIndexedIvars	0xf	1	0	0	1
5000	0x50cccc0	_messageLock	0xf	7	0	0	1
5001	0x5085f2c	_instrumentObjcMessageSends	0xf	1	0	0	1
5002	0x5085360	_getOriginalClassForPosingClass	0xf	1	0	0	1
5003	0x508672c	_method_getSizeOfArguments	0xf	1	0	0	1
5004	0x50cf414	_emptyCache	0xf	11	0	0	1
5005	0x5085388	_objc_getOrigClass	0xf	1	0	0	1
5006	0x50866c4	_method_getNumberOfArguments	0xf	1	0	0	1
5007	0x5086778	_method_getArgumentInfo	0xf	1	0	0	1
5008	0x5085178	_do_not_remove_this_dummy_function	0xf	1	0	0	1
5009	0x5085274	_class_removeMethods	0xf	1	0	0	1
5010	0x5086cc0	__class_printMethodCaches	0xf	1	0	0	1
5011	0x50854c8	_class_poseAs	0xf	1	0	0	1
5012	0x5085210	_class_addMethods	0xf	1	0	0	1
5013	0x5085d18	__cache_create	0xf	1	0	0	1
5014	0x5084dc4	_class_setVersion	0xf	1	0	0	1
5015	0x5085a34	_class_respondsToMethod	0xf	1	0	0	1
5016	0x5085910	__class_install_relationships	0xf	1	0	0	1
5017	0x508519c	_class_nextMethodList	0xf	1	0	0	1
5018	0x5085ca4	_class_lookupMethodInMethodList	0xf	1	0	0	1
5019	0x5085bf4	_class_lookupMethod	0xf	1	0	0	1
5020	0x5084de4	_class_getVersion	0xf	1	0	0	1
5021	0x5085000	_class_getInstanceVariable	0xf	1	0	0	1
5022	0x5084e04	_class_getInstanceMethod	0xf	1	0	0	1
5023	0x5084ec0	_class_getClassMethod	0xf	1	0	0	1
5024	0x5084d98	_class_createInstance	0xf	1	0	0	1
5025	0x5086270	__class_lookupMethodAndLoadCache	0xf	1	0	0	1
5026	0x5085248	_class_addClassMethods	0xf	1	0	0	1
5027	0x50852ac	__class_removeProtocols	0xf	1	0	0	1
5028	0x50851ec	__dummy	0xf	1	0	0	1
5029	0x5084d64	__internal_class_createInstance	0xf	1	0	0	1
5030	0x5086d80	__class_printDuplicateCacheEntries	0xf	1	0	0	1
5031	0x5086ee0	__class_printMethodCacheStatistics	0xf	1	0	0	1
5032	0x5087994	_checkUniqueness	0xf	1	0	0	1
5033	0x5084cb0	__internal_class_createInstanceFromZone	0xf	1	0	0	1
5034	0x5086894	__objc_create_zone	0xf	1	0	0	1
5035	0x5085150	__objc_flush_caches	0xf	1	0	0	1
5036	0x5086254	__objc_getNonexistentClass	0xf	1	0	0	1
5037	0x5086238	__objc_getFreedObjectClass	0xf	1	0	0	1
5038	0x5087a24	__objc_error	0xf	1	0	0	1
5039	0x5087aa0	__objc_inform	0xf	1	0	0	1
5040	0x5087a74	__objc_fatal	0xf	1	0	0	1
5041	0x50879e4	___objc_error	0xf	1	0	0	1
5042	0x5087b84	__getObjcStrings	0xf	1	0	0	1
5043	0x5087ca4	__getObjcStringObjects	0xf	1	0	0	1
5044	0x5087c50	__getObjcProtocols	0xf	1	0	0	1
5045	0x5087b08	__getObjcModules	0xf	1	0	0	1
5046	0x5087bd8	__getObjcMessageRefs	0xf	1	0	0	1
5047	0x5087ae8	__getObjcHeaders	0xf	1	0	0	1
5048	0x5087dfc	__getObjcHeaderName	0xf	1	0	0	1
5049	0x5087ea0	__getObjcHeaderFileType	0xf	1	0	0	1
5050	0x5087d3c	__getObjcHeaderData	0xf	1	0	0	1
5051	0x5087b4c	__getObjcFrozenTable	0xf	1	0	0	1
5052	0x5087cf8	__getObjcClassRefs	0xf	1	0	0	1
5053	0x5087c1c	__getObjcBackRefs	0xf	1	0	0	1
5054	0x50cce34	__alloc	0xf	7	0	0	1
5055	0x50cce30	__poseAs	0xf	7	0	0	1
5056	0x50cce4c	__error	0xf	7	0	0	1
5057	0x50cce38	__copy	0xf	7	0	0	1
5058	0x50cce44	__cvtToId	0xf	7	0	0	1
5059	0x50cce48	__cvtToSel	0xf	7	0	0	1
5060	0x50cce50	__zoneAlloc	0xf	7	0	0	1
5061	0x50cce3c	__realloc	0xf	7	0	0	1
5062	0x50cce54	__zoneCopy	0xf	7	0	0	1
5063	0x50cce40	__dealloc	0xf	7	0	0	1
5064	0x50cce58	__zoneRealloc	0xf	7	0	0	1
5065	0x50cf4d0	_NXObjectMapPrototype	0xf	11	0	0	1
5066	0x50cf4c0	_NXStrValueMapPrototype	0xf	11	0	0	1
5067	0x50cf4a0	_NXStrStructKeyPrototype	0xf	11	0	0	1
5068	0x50cf4b0	_NXPtrValueMapPrototype	0xf	11	0	0	1
5069	0x50cf470	_NXPtrPrototype	0xf	11	0	0	1
5070	0x50cf480	_NXStrPrototype	0xf	11	0	0	1
5071	0x50cf490	_NXPtrStructKeyPrototype	0xf	11	0	0	1
5072	0x5087ec8	_get_base_method_list	0xf	1	0	0	1
5073	0x508882c	_objc_loadModules	0xf	1	0	0	1
5074	0x508894c	_objc_unloadModules	0xf	1	0	0	1
5075	0x5089d8c	__objc_bindModuleContainingList	0xf	1	0	0	1
5076	0x5089000	__objc_insertMethods	0xf	1	0	0	1
5077	0x50890c8	__objc_removeMethods	0xf	1	0	0	1
5078	0x5088bb0	_objc_getClass	0xf	1	0	0	1
5079	0x5088b54	_objc_getClasses	0xf	1	0	0	1
5080	0x50ccea0	_classLock	0xf	7	0	0	1
5081	0x50ccf71	_rocketLaunchingDebug	0xf	7	0	0	1
5082	0x5089f30	__objc_headerCount	0xf	1	0	0	1
5083	0x5089b1c	__objc_headerVector	0xf	1	0	0	1
5084	0x50894cc	__nameForHeader	0xf	1	0	0	1
5085	0x5088c68	_objc_lookUpClass	0xf	1	0	0	1
5086	0x5088cc4	_objc_getMetaClass	0xf	1	0	0	1
5087	0x50889dc	_objc_dump_class_hash	0xf	1	0	0	1
5088	0x5088b90	_objc_setClassHandler	0xf	1	0	0	1
5089	0x50cce84	__objc_multithread_mask	0xf	7	0	0	1
5090	0x50cce88	__objc_msgNil	0xf	7	0	0	1
5091	0x508a8b4	__objc_map_selectors_from_image	0xf	1	0	0	1
5092	0x5088afc	__objc_init_class_hash	0xf	1	0	0	1
5093	0x508aa80	__objcInit	0xf	1	0	0	1
5094	0x5088d08	_objc_addClass	0xf	1	0	0	1
5095	0x50cce8c	_callbackFunction	0xf	7	0	0	1
5096	0x508aa48	_objc_setMultithreaded	0xf	1	0	0	1
5097	0x5088ef4	__objc_remove_category	0xf	1	0	0	1
5098	0x508a094	__objc_removeHeader	0xf	1	0	0	1
5099	0x5088d94	__objc_removeClass	0xf	1	0	0	1
5100	0x5089114	__objc_add_category	0xf	1	0	0	1
5101	0x508965c	_objc_pendClassReference	0xf	1	0	0	1
5102	0x50896fc	_objc_pendClassInstallation	0xf	1	0	0	1
5103	0x5089f50	__objc_addHeader	0xf	1	0	0	1
5104	0x5088de8	_objc_getModules	0xf	1	0	0	1
5105	0x508b2b8	__sel_registerName	0xf	1	0	0	1
5106	0x508b640	_sel_registerName	0xf	1	0	0	1
5107	0x508b9d0	__sel_init	0xf	1	0	0	1
5108	0x508ba6c	__sel_printHashTable	0xf	1	0	0	1
5109	0x508b078	__objc_dynamic_hash_count	0xf	1	0	0	1
5110	0x508bb64	__sel_printStatistics	0xf	1	0	0	1
5111	0x508b20c	_sel_getName	0xf	1	0	0	1
5112	0x508b710	_sel_getUid	0xf	1	0	0	1
5113	0x508b938	__sel_initsorted	0xf	1	0	0	1
5114	0x50cd010	_checkSel	0xf	7	0	0	1
5115	0x508b67c	__sel_unloadSelectors	0xf	1	0	0	1
5116	0x508b144	_sel_isMapped	0xf	1	0	0	1
5117	0x508b0e4	__strhash	0xf	1	0	0	1
5118	0x508cd90	__internal_object_reallocFromZone	0xf	1	0	0	1
5119	0x508cd5c	__internal_object_dispose	0xf	1	0	0	1
5120	0x508ce48	__internal_object_realloc	0xf	1	0	0	1
5121	0x508cd1c	__internal_object_copy	0xf	1	0	0	1
5122	0x508ce88	_object_copy	0xf	1	0	0	1
5123	0x0	.objc_class_name_Object	0x3	0	0	0	1
5124	0x508ccc8	__internal_object_copyFromZone	0xf	1	0	0	1
5125	0x508cee4	_object_dispose	0xf	1	0	0	1
5126	0x508ceb4	_object_copyFromZone	0xf	1	0	0	1
5127	0x508cfb4	_object_getInstanceVariable	0xf	1	0	0	1
5128	0x508cf0c	_object_realloc	0xf	1	0	0	1
5129	0x508cf38	_object_reallocFromZone	0xf	1	0	0	1
5130	0x508cf68	_object_setInstanceVariable	0xf	1	0	0	1
5131	0x0	.objc_class_name_Protocol	0x3	0	0	0	1
5132	0x0	.constructors_used	0x3	0	0	0	1
5133	0x0	.destructors_used	0x3	0	0	0	1
5134	0x508d540	__cplus_init	0xf	1	0	0	1
5135	0x508dc10	__NXRaiseError	0xf	1	0	0	1
5136	0x508da1c	__NXAddHandler	0xf	1	0	0	1
5137	0x508da74	__NXRemoveHandler	0xf	1	0	0	1
5138	0x508d8b0	__NXAddAltHandler	0xf	1	0	0	1
5139	0x508dbd0	_NXSetExceptionRaiser	0xf	1	0	0	1
5140	0x508dcd0	_NXResetErrorData	0xf	1	0	0	1
5141	0x508dbf0	_NXGetExceptionRaiser	0xf	1	0	0	1
5142	0x508dab8	_NXDefaultExceptionRaiser	0xf	1	0	0	1
5143	0x508dc3c	_NXAllocErrorData	0xf	1	0	0	1
5144	0x508d99c	__NXRemoveAltHandler	0xf	1	0	0	1
5145	0x508dd50	__NXLogError	0xf	1	0	0	1
5146	0x508de10	_moninitobjc	0xf	1	0	0	1
5147	0x508df80	__objc_msgForward	0xf	1	0	0	1
5148	0x508de40	_objc_msgSend	0xf	1	0	0	1
5149	0x508dee0	_objc_msgSendSuper	0xf	1	0	0	1
5150	0x50cd2c8	_objc_entryPoints	0xf	7	0	0	1
5151	0x50cd2d8	_objc_exitPoints	0xf	7	0	0	1
5152	0x508dfd0	_objc_msgSendv	0xf	1	0	0	1
5153	0x0	.objc_class_name_HashTable	0x3	0	0	0	1
5154	0x0	.objc_class_name_List	0x3	0	0	0	1
5155	0x5090ad4	_NXLoadLocalizedStringFromTableInBundle	0xf	1	0	0	1
5156	0x5090e10	_NXLoadLocalStringFromTableInBundle	0xf	1	0	0	1
5157	0x0	.objc_category_name_NXBundle_Private	0x3	0	0	0	1
5158	0x0	.objc_class_name_NXBundle	0x3	0	0	0	1
5159	0x0	.objc_category_name_NXBundle_Compatability	0x3	0	0	0	1
5160	0x0	.objc_class_name_NXCharacterSet	0x3	0	0	0	1
5161	0x0	.objc_category_name_NXReadOnlyString_Fancy_IO	0x3	0	0	0	1
5162	0x0	.objc_category_name_NXString_Fancy_IO	0x3	0	0	0	1
5163	0x0	.objc_category_name_NXPropertyList_Fancy_IO	0x3	0	0	0	1
5164	0x0	.objc_category_name_NXPropertyList_Basic_IO	0x3	0	0	0	1
5165	0x0	.objc_category_name_Object_NX_BS_Extras	0x3	0	0	0	1
5166	0x0	.objc_class_name_NXCleanList	0x3	0	0	0	1
5167	0x0	.objc_class_name_NXPropertyList	0x3	0	0	0	1
5168	0x0	.objc_category_name_NXCleanList_Fancy_IO	0x3	0	0	0	1
5169	0x0	.objc_category_name_Object_Fancy_IO	0x3	0	0	0	1
5170	0x0	.objc_category_name_NXMutableString_NX_BS_Extras	0x3	0	0	0	1
5171	0x0	.objc_class_name_NXConstantString	0x3	0	0	0	1
5172	0x0	.objc_class_name_NXMutableString	0x3	0	0	0	1
5173	0x0	.objc_class_name_NXReadOnlyString	0x3	0	0	0	1
5174	0x0	.objc_class_name_NXReadOnlySubstring	0x3	0	0	0	1
5175	0x0	.objc_class_name_NXReadWriteString	0x3	0	0	0	1
5176	0x0	.objc_class_name_NXSimpleReadOnlyString	0x3	0	0	0	1
5177	0x509583c	_NXHashCharacters	0xf	1	0	0	1
5178	0x5095748	_NXFindCharacters	0xf	1	0	0	1
5179	0x0	.objc_class_name_NXString	0x3	0	0	0	1
5180	0x5094c18	__NXStringErrorRaise	0xf	1	0	0	1
5181	0x5094b44	__NXStringZone	0xf	1	0	0	1
5182	0x50956ac	_NXCompareCharacters	0xf	1	0	0	1
5183	0x0	.objc_class_name_NXStringTable	0x3	0	0	0	1
5184	0x0	.objc_class_name_NXUniquedString	0x3	0	0	0	1
5185	0x0	.objc_class_name_Storage	0x3	0	0	0	1
5186	0x0	.objc_class_name_StreamTable	0x3	0	0	0	1
5187	0x509ac70	_NXWriteArray	0xf	1	0	0	1
5188	0x509adc4	_NXReadArray	0xf	1	0	0	1
5189	0x509a294	_getSizeOfType	0xf	1	0	0	1
5190	0x509b480	_NXWriteRootObject	0xf	1	0	0	1
5191	0x509b524	_NXWriteObjectReference	0xf	1	0	0	1
5192	0x509abac	_NXWriteTypes	0xf	1	0	0	1
5193	0x509ac08	_NXReadTypes	0xf	1	0	0	1
5194	0x509b79c	_NXTypedStreamClassVersion	0xf	1	0	0	1
5195	0x509aae0	_NXWriteType	0xf	1	0	0	1
5196	0x509ab44	_NXReadType	0xf	1	0	0	1
5197	0x509b820	_NXTypedStreamIsSwapped	0xf	1	0	0	1
5198	0x5099da8	_NXSetTypedStreamZone	0xf	1	0	0	1
5199	0x509b6a0	_NXReadObjectFromBuffer	0xf	1	0	0	1
5200	0x509b5a0	_NXOpenTypedStreamForFile	0xf	1	0	0	1
5201	0x5099bb4	_NXOpenTypedStream	0xf	1	0	0	1
5202	0x5099dc8	_NXGetTypedStreamZone	0xf	1	0	0	1
5203	0x5099e1c	_NXFlushTypedStream	0xf	1	0	0	1
5204	0x509b23c	_NXReadObject	0xf	1	0	0	1
5205	0x509b074	_NXWriteObject	0xf	1	0	0	1
5206	0x509b77c	_NXSystemVersion	0xf	1	0	0	1
5207	0x509b74c	_NXFreeObjectBuffer	0xf	1	0	0	1
5208	0x5099de8	_NXEndOfTypedStream	0xf	1	0	0	1
5209	0x5099e58	_NXCloseTypedStream	0xf	1	0	0	1
5210	0x509b634	_NXWriteRootObjectToBuffer	0xf	1	0	0	1
5211	0x509b6d4	_NXReadObjectFromBufferWithZone	0xf	1	0	0	1
5212	0x509b840	__dyld_present	0xf	1	0	0	1
5213	0x509b960	__dyld_get_image_name	0xf	1	0	0	1
5214	0x509b9a8	__dyld_moninit	0xf	1	0	0	1
5215	0x509b918	__dyld_get_image_vmaddr_slide	0xf	1	0	0	1
5216	0x509b87c	__dyld_image_count	0xf	1	0	0	1
5217	0x509bad4	__dyld_lookup_and_bind_fully	0xf	1	0	0	1
5218	0x509b8d0	__dyld_get_image_header	0xf	1	0	0	1
5219	0x509b9f0	__dyld_launched_prebound	0xf	1	0	0	1
5220	0x509bb6c	__dyld_register_func_for_add_image	0xf	1	0	0	1
5221	0x509bbb4	__dyld_register_func_for_link_module	0xf	1	0	0	1
5222	0x509bbfc	__dyld_register_func_for_unlink_module	0xf	1	0	0	1
5223	0x509ba34	__dyld_lookup_and_bind	0xf	1	0	0	1
5224	0x509ba84	__dyld_lookup_and_bind_objc	0xf	1	0	0	1
5225	0x509bb24	__dyld_bind_fully_image_containing_address	0xf	1	0	0	1
5226	0x509bc44	__dyld_register_func_for_replace_module	0xf	1	0	0	1
5227	0x509bcdc	__dyld_bind_objc_module	0xf	1	0	0	1
5228	0x509bc8c	__dyld_get_objc_module_sect_for_module	0xf	1	0	0	1
5229	0x509bf9c	__dyld_debug_subscribe_to_events	0xf	1	0	0	1
5230	0x509be3c	__dyld_debug_bind_module	0xf	1	0	0	1
5231	0x509c038	__dyld_debug_add_event_subscriber	0xf	1	0	0	1
5232	0x509c138	__dyld_debug_make_runnable	0xf	1	0	0	1
5233	0x509bd3c	__dyld_debug_defining_module	0xf	1	0	0	1
5234	0x509bdc0	__dyld_debug_is_module_bound	0xf	1	0	0	1
5235	0x509beb0	__dyld_debug_module_name	0xf	1	0	0	1
5236	0x509bf38	__dyld_debug_monoutput	0xf	1	0	0	1
5237	0x509c244	__dyld_debug_restore_runnable	0xf	1	0	0	1
5238	0x509d600	_NSLibraryNameForModule	0xf	1	0	0	1
5239	0x509d564	_NSInstallLinkEditErrorHandlers	0xf	1	0	0	1
5240	0x509d7b0	_NSAddLibrary	0xf	1	0	0	1
5241	0x509d720	_NSAddressOfSymbol	0xf	1	0	0	1
5242	0x509d7f8	_NSVersionOfLinkTimeLibrary	0xf	1	0	0	1
5243	0x509d648	_NSIsSymbolNameDefined	0xf	1	0	0	1
5244	0x509d884	_NSVersionOfRunTimeLibrary	0xf	1	0	0	1
5245	0x509d690	_NSLookupAndBindSymbol	0xf	1	0	0	1
5246	0x509d768	_NSModuleForSymbol	0xf	1	0	0	1
5247	0x509d5b8	_NSNameOfModule	0xf	1	0	0	1
5248	0x509d6d8	_NSNameOfSymbol	0xf	1	0	0	1
5249	0x509da00	_NSCreateObjectFileImageFromFile	0xf	1	0	0	1
5250	0x509dfd4	_NSSymbolReferenceNameInObjectFileImage	0xf	1	0	0	1
5251	0x509db28	_NSCreateObjectFileImageFromMemory	0xf	1	0	0	1
5252	0x509df38	_NSDestroyObjectFileImage	0xf	1	0	0	1
5253	0x509e00c	_NSGetSectionDataInObjectFileImage	0xf	1	0	0	1
5254	0x509dff0	_NSIsSymbolDefinedInObjectFileImage	0xf	1	0	0	1
5255	0x509df80	_NSSymbolDefinitionCountInObjectFileImage	0xf	1	0	0	1
5256	0x509df9c	_NSSymbolDefinitionNameInObjectFileImage	0xf	1	0	0	1
5257	0x509dfb8	_NSSymbolReferenceCountInObjectFileImage	0xf	1	0	0	1
5258	0x50a9550	_NSLinkModule	0xf	1	0	0	1
5259	0x50a95c4	_NSReplaceModule	0xf	1	0	0	1
5260	0x50a95a8	_NSUnLinkModule	0xf	1	0	0	1
5261	0x50a9664	__dyld_event_server	0xf	1	0	0	1
5262	0x7c9f	_NXAddRegion	0xb	0	0	0	1
5263	0x7cb5	_NXArgc	0xb	0	0	0	1
5264	0x7cc6	_NXArgv	0xb	0	0	0	1
5265	0x7ce2	_NXCreateChildZone	0xb	0	0	0	1
5266	0x7d04	_NXCreateZone	0xb	0	0	0	1
5267	0x7d28	_NXDefaultMallocZone	0xb	0	0	0	1
5268	0x7d4d	_NXMallocCheck	0xb	0	0	0	1
5269	0x7d6a	_NXMergeZone	0xb	0	0	0	1
5270	0x7d84	_NXNameZone	0xb	0	0	0	1
5271	0x7da1	_NXRemoveRegion	0xb	0	0	0	1
5272	0x7dc0	_NXZoneCalloc	0xb	0	0	0	1
5273	0x7dde	_NXZoneFromPtr	0xb	0	0	0	1
5274	0x7dfd	_NXZonePtrInfo	0xb	0	0	0	1
5275	0x7e15	_access	0xb	0	0	0	1
5276	0x7e2b	_alloc_stack	0xb	0	0	0	1
5277	0x7e4d	_bootstrap_check_in	0xb	0	0	0	1
5278	0x7e7c	_bootstrap_create_service	0xb	0	0	0	1
5279	0x7ea7	_bootstrap_info	0xb	0	0	0	1
5280	0x7ecb	_bootstrap_look_up	0xb	0	0	0	1
5281	0x7ef8	_bootstrap_look_up_array	0xb	0	0	0	1
5282	0x7f22	_bootstrap_port	0xb	0	0	0	1
5283	0x7f47	_bootstrap_register	0xb	0	0	0	1
5284	0x7f6e	_bootstrap_status	0xb	0	0	0	1
5285	0x7f93	_bootstrap_subset	0xb	0	0	0	1
5286	0x7fad	_bzero	0xb	0	0	0	1
5287	0x7fbc	_close	0xb	0	0	0	1
5288	0x7fd4	_cond_broadcast	0xb	0	0	0	1
5289	0x7ff2	_cond_signal	0xb	0	0	0	1
5290	0x8016	_condition_spin_limit	0xb	0	0	0	1
5291	0x803d	_condition_wait	0xb	0	0	0	1
5292	0x8065	_condition_yield_limit	0xb	0	0	0	1
5293	0x808b	_cproc_create	0xb	0	0	0	1
5294	0x80b4	_cproc_default_stack_size	0xb	0	0	0	1
5295	0x80db	_cproc_init	0xb	0	0	0	1
5296	0x80f5	_cproc_setup	0xb	0	0	0	1
5297	0x8111	_cthread_body	0xb	0	0	0	1
5298	0x812f	_cthread_count	0xb	0	0	0	1
5299	0x814f	_cthread_detach	0xb	0	0	0	1
5300	0x816f	_cthread_errno	0xb	0	0	0	1
5301	0x818d	_cthread_exit	0xb	0	0	0	1
5302	0x81aa	_cthread_fork	0xb	0	0	0	1
5303	0x81c7	_cthread_init	0xb	0	0	0	1
5304	0x81e4	_cthread_join	0xb	0	0	0	1
5305	0x8202	_cthread_limit	0xb	0	0	0	1
5306	0x8220	_cthread_name	0xb	0	0	0	1
5307	0x8247	_cthread_set_errno_self	0xb	0	0	0	1
5308	0x8273	_cthread_set_limit	0xb	0	0	0	1
5309	0x8299	_cthread_set_name	0xb	0	0	0	1
5310	0x82be	_cthread_set_self	0xb	0	0	0	1
5311	0x82dd	_cthread_sp	0xb	0	0	0	1
5312	0x82fe	_cthread_stack_base	0xb	0	0	0	1
5313	0x8327	_cthread_stack_mask	0xb	0	0	0	1
5314	0x834b	_cthread_yield	0xb	0	0	0	1
5315	0x836f	_device_master_self	0xb	0	0	0	1
5316	0x838a	_ecvt	0xb	0	0	0	1
5317	0x839a	_environ	0xb	0	0	0	1
5318	0x83ab	_execl	0xb	0	0	0	1
5319	0x83ba	_execv	0xb	0	0	0	1
5320	0x83ca	_execve	0xb	0	0	0	1
5321	0x83df	_f_prealloc	0xb	0	0	0	1
5322	0x83f2	_fcvt	0xb	0	0	0	1
5323	0x83ff	_fork	0xb	0	0	0	1
5324	0x8416	_fork_mach_init	0xb	0	0	0	1
5325	0x842e	_fstat	0xb	0	0	0	1
5326	0x843c	_gcvt	0xb	0	0	0	1
5327	0x8452	_getdtablesize	0xb	0	0	0	1
5328	0x846a	_getpid	0xb	0	0	0	1
5329	0x847e	_getrlimit	0xb	0	0	0	1
5330	0x8495	_getrusage	0xb	0	0	0	1
5331	0x84af	_gettimeofday	0xb	0	0	0	1
5332	0x84ce	_host_priv_self	0xb	0	0	0	1
5333	0x84ea	_host_self	0xb	0	0	0	1
5334	0x84fd	_index	0xb	0	0	0	1
5335	0x8513	_init_process	0xb	0	0	0	1
5336	0x853a	_initial_stack_boundary	0xb	0	0	0	1
5337	0x855a	_ioctl	0xb	0	0	0	1
5338	0x856a	_isatty	0xb	0	0	0	1
5339	0x857a	_isinf	0xb	0	0	0	1
5340	0x8589	_isnan	0xb	0	0	0	1
5341	0x85a1	_kern_timestamp	0xb	0	0	0	1
5342	0x85b8	_kill	0xb	0	0	0	1
5343	0x85cd	_longjmperror	0xb	0	0	0	1
5344	0x85e3	_lseek	0xb	0	0	0	1
5345	0x85f7	_mach_error	0xb	0	0	0	1
5346	0x8617	_mach_error_string	0xb	0	0	0	1
5347	0x863a	_mach_errormsg	0xb	0	0	0	1
5348	0x865a	_mach_host_self	0xb	0	0	0	1
5349	0x8676	_mach_init	0xb	0	0	0	1
5350	0x8695	_mach_init_routine	0xb	0	0	0	1
5351	0x86b8	_mach_msg_trap	0xb	0	0	0	1
5352	0x86d9	_mach_reply_port	0xb	0	0	0	1
5353	0x86f8	_mach_swapon	0xb	0	0	0	1
5354	0x8716	_mach_task_self	0xb	0	0	0	1
5355	0x8739	_mach_thread_self	0xb	0	0	0	1
5356	0x875a	_malloc_debug	0xb	0	0	0	1
5357	0x8777	_malloc_error	0xb	0	0	0	1
5358	0x8798	_malloc_freezedry	0xb	0	0	0	1
5359	0x87bd	_malloc_good_size	0xb	0	0	0	1
5360	0x87e2	_malloc_jumpstart	0xb	0	0	0	1
5361	0x8802	_malloc_lock	0xb	0	0	0	1
5362	0x8827	_malloc_singlethreaded	0xb	0	0	0	1
5363	0x884c	_malloc_size	0xb	0	0	0	1
5364	0x8862	_map_fd	0xb	0	0	0	1
5365	0x8883	_mig_dealloc_reply_port	0xb	0	0	0	1
5366	0x88ac	_mig_fork_child	0xb	0	0	0	1
5367	0x88d1	_mig_get_reply_port	0xb	0	0	0	1
5368	0x88f0	_mig_init	0xb	0	0	0	1
5369	0x8908	_msg_receive	0xb	0	0	0	1
5370	0x892b	_msg_receive_timeout	0xb	0	0	0	1
5371	0x8953	_msg_receive_trap	0xb	0	0	0	1
5372	0x896f	_msg_rpc	0xb	0	0	0	1
5373	0x8987	_msg_rpc_trap	0xb	0	0	0	1
5374	0x89a0	_msg_send	0xb	0	0	0	1
5375	0x89bd	_msg_send_timeout	0xb	0	0	0	1
5376	0x89df	_msg_send_trap	0xb	0	0	0	1
5377	0x89f7	_mstats	0xb	0	0	0	1
5378	0x8a12	_mutex_spin_limit	0xb	0	0	0	1
5379	0x8a35	_mutex_try_lock	0xb	0	0	0	1
5380	0x8a58	_mutex_unlock_try	0xb	0	0	0	1
5381	0x8a7c	_mutex_wait_lock	0xb	0	0	0	1
5382	0x8aa0	_name_server_port	0xb	0	0	0	1
5383	0x8ac2	_netipc_ignore	0xb	0	0	0	1
5384	0x8ae1	_netipc_listen	0xb	0	0	0	1
5385	0x8af7	_open	0xb	0	0	0	1
5386	0x8b0d	_port_allocate	0xb	0	0	0	1
5387	0x8b2e	_port_deallocate	0xb	0	0	0	1
5388	0x8b56	_port_extract_receive	0xb	0	0	0	1
5389	0x8b80	_port_extract_send	0xb	0	0	0	1
5390	0x8ba9	_port_insert_receive	0xb	0	0	0	1
5391	0x8bd1	_port_insert_send	0xb	0	0	0	1
5392	0x8bf0	_port_names	0xb	0	0	0	1
5393	0x8c0a	_port_rename	0xb	0	0	0	1
5394	0x8c26	_port_set_add	0xb	0	0	0	1
5395	0x8c48	_port_set_allocate	0xb	0	0	0	1
5396	0x8c6e	_port_set_backlog	0xb	0	0	0	1
5397	0x8c92	_port_set_backup	0xb	0	0	0	1
5398	0x8cb9	_port_set_deallocate	0xb	0	0	0	1
5399	0x8ce0	_port_set_remove	0xb	0	0	0	1
5400	0x8d03	_port_set_status	0xb	0	0	0	1
5401	0x8d22	_port_status	0xb	0	0	0	1
5402	0x8d3b	_port_type	0xb	0	0	0	1
5403	0x8d4d	_read	0xb	0	0	0	1
5404	0x8d6f	_set_malloc_singlethreaded	0xb	0	0	0	1
5405	0x8d95	_sigblock	0xb	0	0	0	1
5406	0x8daa	_sigcatch	0xb	0	0	0	1
5407	0x8dc0	_sigreturn	0xb	0	0	0	1
5408	0x8dd8	_sigsetmask	0xb	0	0	0	1
5409	0x8def	_sigstack	0xb	0	0	0	1
5410	0x8e02	_sigvec	0xb	0	0	0	1
5411	0x8e16	_spin_lock	0xb	0	0	0	1
5412	0x8e2f	_spin_unlock	0xb	0	0	0	1
5413	0x8e49	_stack_init	0xb	0	0	0	1
5414	0x8e5d	_swtch	0xb	0	0	0	1
5415	0x8e70	_swtch_pri	0xb	0	0	0	1
5416	0x8e85	_syscall	0xb	0	0	0	1
5417	0x8e9c	_task_by_pid	0xb	0	0	0	1
5418	0x8ebc	_task_by_unix_pid	0xb	0	0	0	1
5419	0x8edc	_task_create	0xb	0	0	0	1
5420	0x8f01	_task_get_special_port	0xb	0	0	0	1
5421	0x8f24	_task_info	0xb	0	0	0	1
5422	0x8f3d	_task_notify	0xb	0	0	0	1
5423	0x8f58	_task_resume	0xb	0	0	0	1
5424	0x8f71	_task_self	0xb	0	0	0	1
5425	0x8f89	_task_self_	0xb	0	0	0	1
5426	0x8fad	_task_set_special_port	0xb	0	0	0	1
5427	0x8fd3	_task_suspend	0xb	0	0	0	1
5428	0x8ff2	_task_terminate	0xb	0	0	0	1
5429	0x9011	_task_threads	0xb	0	0	0	1
5430	0x902e	_thread_abort	0xb	0	0	0	1
5431	0x904c	_thread_create	0xb	0	0	0	1
5432	0x9075	_thread_get_special_port	0xb	0	0	0	1
5433	0x90a1	_thread_get_state	0xb	0	0	0	1
5434	0x90c1	_thread_info	0xb	0	0	0	1
5435	0x90dd	_thread_reply	0xb	0	0	0	1
5436	0x90fb	_thread_resume	0xb	0	0	0	1
5437	0x9118	_thread_self	0xb	0	0	0	1
5438	0x913f	_thread_set_special_port	0xb	0	0	0	1
5439	0x916b	_thread_set_state	0xb	0	0	0	1
5440	0x918e	_thread_suspend	0xb	0	0	0	1
5441	0x91ae	_thread_switch	0xb	0	0	0	1
5442	0x91d0	_thread_terminate	0xb	0	0	0	1
5443	0x91ed	_timezone	0xb	0	0	0	1
5444	0x9200	_tzname	0xb	0	0	0	1
5445	0x9210	_tzset	0xb	0	0	0	1
5446	0x921f	_tztab	0xb	0	0	0	1
5447	0x9231	_unix_pid	0xb	0	0	0	1
5448	0x924d	_ur_cthread_self	0xb	0	0	0	1
5449	0x9267	_valloc	0xb	0	0	0	1
5450	0x9277	_vfork	0xb	0	0	0	1
5451	0x9286	_vfree	0xb	0	0	0	1
5452	0x929b	_vm_allocate	0xb	0	0	0	1
5453	0x92b2	_vm_copy	0xb	0	0	0	1
5454	0x92cb	_vm_deactivate	0xb	0	0	0	1
5455	0x92ea	_vm_deallocate	0xb	0	0	0	1
5456	0x9306	_vm_inherit	0xb	0	0	0	1
5457	0x9329	_vm_machine_attribute	0xb	0	0	0	1
5458	0x934e	_vm_page_size	0xb	0	0	0	1
5459	0x9369	_vm_protect	0xb	0	0	0	1
5460	0x937f	_vm_read	0xb	0	0	0	1
5461	0x9394	_vm_region	0xb	0	0	0	1
5462	0x93af	_vm_set_policy	0xb	0	0	0	1
5463	0x93ce	_vm_statistics	0xb	0	0	0	1
5464	0x93ee	_vm_synchronize	0xb	0	0	0	1
5465	0x9409	_vm_write	0xb	0	0	0	1
5466	0x941a	_wait	0xb	0	0	0	1
5467	0x9428	_write	0xb	0	0	0	1
5468	0x9438	_writev	0xb	0	0	0	1
5469	0x9453	_xxx_PORT_ENABLED	0xb	0	0	0	1
5470	0x9477	_xxx_cpu_control	0xb	0	0	0	1
5471	0x949f	_xxx_environment_port	0xb	0	0	0	1
5472	0x94c5	_xxx_host_info	0xb	0	0	0	1
5473	0x94e4	_xxx_slot_info	0xb	0	0	0	1
5474	0x0	__NXArgc	0x1	0	0	0	0
5475	0x0	__NXArgv	0x1	0	0	0	0
5476	0x0	__environ	0x1	0	0	0	0
