id	arch	binary_sha256	va	symbol	subsystem	source_id	source_revision	source_path	candidate_symbol	implementation_path	status	confidence	evidence	validation
x86-0x1012fc	x86	33469393c0843fc741942c3ae9d91d838467d72abd647dcf2e5bf499a3f14890	0x1012fc	_bcmp	libc	darwin01	kernel-1.tar.gz sha256 0c19349be454d7162f497b55a7735b443f5506694215e2f3f5f026b597a54a01	darwin01/kernel/machdep/i386/libc/memcmp.c:106	bcmp	07_kernel/src/machdep/i386/libc/memcmp.c	compared	high	06_reconstruction/evidence/x86-memcmp.md	L1 MATCH, object OBJECT_MATCH (09_validation/reconstruction/s5p1-l1-O4-20261001.json)
x86-0x101324	x86	33469393c0843fc741942c3ae9d91d838467d72abd647dcf2e5bf499a3f14890	0x101324	_memcmp	libc	darwin01	kernel-1.tar.gz sha256 0c19349be454d7162f497b55a7735b443f5506694215e2f3f5f026b597a54a01	darwin01/kernel/machdep/i386/libc/memcmp.c:112	memcmp	07_kernel/src/machdep/i386/libc/memcmp.c	compared	high	06_reconstruction/evidence/x86-memcmp.md	L1 MATCH, object OBJECT_MATCH (09_validation/reconstruction/s5p1-l1-O4-20261001.json)
x86-0x18cac8	x86	33469393c0843fc741942c3ae9d91d838467d72abd647dcf2e5bf499a3f14890	0x18cac8	_check_cpu_subtype	machdep	darwin01	kernel-1.tar.gz sha256 0c19349be454d7162f497b55a7735b443f5506694215e2f3f5f026b597a54a01 + restoration edit (07_kernel/MODIFICATIONS.md)	darwin01/kernel/machdep/i386/kern_machdep.c:45 (original line; edited file :47)	check_cpu_subtype	07_kernel/src/machdep/i386/kern_machdep.c	compared	high	06_reconstruction/evidence/x86-kern_machdep.md	L1 MATCH, object OBJECT_MATCH after restoration edit (09_validation/reconstruction/s5p3-l1-O2-20261001.json)
x86-0x18cb24	x86	33469393c0843fc741942c3ae9d91d838467d72abd647dcf2e5bf499a3f14890	0x18cb24	_grade_cpu_subtype	machdep	darwin01	kernel-1.tar.gz sha256 0c19349be454d7162f497b55a7735b443f5506694215e2f3f5f026b597a54a01 + restoration edit (07_kernel/MODIFICATIONS.md)	darwin01/kernel/machdep/i386/kern_machdep.c:96 (original line; edited file :88)	grade_cpu_subtype	07_kernel/src/machdep/i386/kern_machdep.c	compared	high	06_reconstruction/evidence/x86-kern_machdep.md	L1 MATCH, object OBJECT_MATCH after restoration edit (09_validation/reconstruction/s5p3-l1-O2-20261001.json)
x86-0x1019c0	x86	33469393c0843fc741942c3ae9d91d838467d72abd647dcf2e5bf499a3f14890	0x1019c0	_page_set	libc	darwin01	kernel-1.tar.gz sha256 0c19349be454d7162f497b55a7735b443f5506694215e2f3f5f026b597a54a01	darwin01/kernel/machdep/i386/libc/pagesize.c:97	page_set	07_kernel/src/machdep/i386/libc/pagesize.c	compared	high	06_reconstruction/evidence/x86-pagesize.md	L1 MATCH, object OBJECT_MATCH (09_validation/reconstruction/s5p4-l1-O4-20261001.json)
x86-0x1019f0	x86	33469393c0843fc741942c3ae9d91d838467d72abd647dcf2e5bf499a3f14890	0x1019f0	_page_copy	libc	darwin01	kernel-1.tar.gz sha256 0c19349be454d7162f497b55a7735b443f5506694215e2f3f5f026b597a54a01	darwin01/kernel/machdep/i386/libc/pagesize.c:105	page_copy	07_kernel/src/machdep/i386/libc/pagesize.c	compared	high	06_reconstruction/evidence/x86-pagesize.md	L1 MATCH, object OBJECT_MATCH (09_validation/reconstruction/s5p4-l1-O4-20261001.json)
x86-0x17a240	x86	33469393c0843fc741942c3ae9d91d838467d72abd647dcf2e5bf499a3f14890	0x17a240	_vm_pager_init	vm	nextmach	git f6bdb9c3268f0eadc545d41bcc0564453b17001e + restoration edit (07_kernel/MODIFICATIONS.md)	nextmach/mk-108.1/vm/vm_pager.c:84 (original line; edited file :63)	vm_pager_init	07_kernel/src/vm/vm_pager.c	compared	high	06_reconstruction/evidence/x86-vm_pager.md	L1 MATCH, object OBJECT_MATCH with -O3/-O4 (09_validation/reconstruction/s5p5-l1-O3-20261001.json); -O2 DIFF
x86-0x17a248	x86	33469393c0843fc741942c3ae9d91d838467d72abd647dcf2e5bf499a3f14890	0x17a248	_vm_pager_get	vm	darwin01	kernel-1.tar.gz sha256 0c19349be454d7162f497b55a7735b443f5506694215e2f3f5f026b597a54a01 + restoration edit (07_kernel/MODIFICATIONS.md)	darwin01/kernel/vm/vm_pager.c:61 (original line; edited file :67)	vm_pager_get	07_kernel/src/vm/vm_pager.c	compared	high	06_reconstruction/evidence/x86-vm_pager.md	L1 MATCH, object OBJECT_MATCH with -O3/-O4 (09_validation/reconstruction/s5p5-l1-O3-20261001.json); -O2 DIFF
x86-0x17a284	x86	33469393c0843fc741942c3ae9d91d838467d72abd647dcf2e5bf499a3f14890	0x17a284	_vm_pager_put	vm	darwin01	kernel-1.tar.gz sha256 0c19349be454d7162f497b55a7735b443f5506694215e2f3f5f026b597a54a01 + restoration edit (07_kernel/MODIFICATIONS.md)	darwin01/kernel/vm/vm_pager.c:75 (original line; edited file :81)	vm_pager_put	07_kernel/src/vm/vm_pager.c	compared	high	06_reconstruction/evidence/x86-vm_pager.md	L1 MATCH, object OBJECT_MATCH with -O3/-O4 (09_validation/reconstruction/s5p5-l1-O3-20261001.json); -O2 DIFF
x86-0x17a2c0	x86	33469393c0843fc741942c3ae9d91d838467d72abd647dcf2e5bf499a3f14890	0x17a2c0	_vm_pager_deallocate	vm	darwin01	kernel-1.tar.gz sha256 0c19349be454d7162f497b55a7735b443f5506694215e2f3f5f026b597a54a01 + restoration edit (07_kernel/MODIFICATIONS.md)	darwin01/kernel/vm/vm_pager.c:86 (original line; edited file :92)	vm_pager_deallocate	07_kernel/src/vm/vm_pager.c	compared	high	06_reconstruction/evidence/x86-vm_pager.md	L1 MATCH, object OBJECT_MATCH with -O3/-O4 (09_validation/reconstruction/s5p5-l1-O3-20261001.json); -O2 DIFF
x86-0x17a2f8	x86	33469393c0843fc741942c3ae9d91d838467d72abd647dcf2e5bf499a3f14890	0x17a2f8	_vm_pager_allocate	vm	darwin01	kernel-1.tar.gz sha256 0c19349be454d7162f497b55a7735b443f5506694215e2f3f5f026b597a54a01	darwin01/kernel/vm/vm_pager.c:96 (original line; edited file :103)	vm_pager_allocate	07_kernel/src/vm/vm_pager.c	compared	high	06_reconstruction/evidence/x86-vm_pager.md	L1 MATCH, object OBJECT_MATCH with -O3/-O4 (09_validation/reconstruction/s5p5-l1-O3-20261001.json); -O2 DIFF
x86-0x17a308	x86	33469393c0843fc741942c3ae9d91d838467d72abd647dcf2e5bf499a3f14890	0x17a308	_vm_pager_has_page	vm	darwin01	kernel-1.tar.gz sha256 0c19349be454d7162f497b55a7735b443f5506694215e2f3f5f026b597a54a01	darwin01/kernel/vm/vm_pager.c:102 (original line; edited file :109)	vm_pager_has_page	07_kernel/src/vm/vm_pager.c	compared	high	06_reconstruction/evidence/x86-vm_pager.md	L1 MATCH, object OBJECT_MATCH with -O3/-O4 (09_validation/reconstruction/s5p5-l1-O3-20261001.json); -O2 DIFF
x86-0x151be8	x86	33469393c0843fc741942c3ae9d91d838467d72abd647dcf2e5bf499a3f14890	0x151be8	_ipc_thread_enqueue	ipc	darwin01	kernel-1.tar.gz sha256 0c19349be454d7162f497b55a7735b443f5506694215e2f3f5f026b597a54a01	darwin01/kernel/ipc/ipc_thread.c:90	ipc_thread_enqueue	07_kernel/src/ipc/ipc_thread.c	compared	high	06_reconstruction/evidence/x86-ipc_thread.md	L1 MATCH, object OBJECT_MATCH (09_validation/reconstruction/s5p6-l1-O3-20261001.json)
x86-0x151c24	x86	33469393c0843fc741942c3ae9d91d838467d72abd647dcf2e5bf499a3f14890	0x151c24	_ipc_thread_dequeue	ipc	darwin01	kernel-1.tar.gz sha256 0c19349be454d7162f497b55a7735b443f5506694215e2f3f5f026b597a54a01	darwin01/kernel/ipc/ipc_thread.c:104	ipc_thread_dequeue	07_kernel/src/ipc/ipc_thread.c	compared	high	06_reconstruction/evidence/x86-ipc_thread.md	L1 MATCH, object OBJECT_MATCH (09_validation/reconstruction/s5p6-l1-O3-20261001.json)
x86-0x151c70	x86	33469393c0843fc741942c3ae9d91d838467d72abd647dcf2e5bf499a3f14890	0x151c70	_ipc_thread_rmqueue	ipc	darwin01	kernel-1.tar.gz sha256 0c19349be454d7162f497b55a7735b443f5506694215e2f3f5f026b597a54a01	darwin01/kernel/ipc/ipc_thread.c:124	ipc_thread_rmqueue	07_kernel/src/ipc/ipc_thread.c	compared	high	06_reconstruction/evidence/x86-ipc_thread.md	L1 MATCH, object OBJECT_MATCH (09_validation/reconstruction/s5p6-l1-O3-20261001.json)
x86-0x1013cc	x86	33469393c0843fc741942c3ae9d91d838467d72abd647dcf2e5bf499a3f14890	0x1013cc	_bcopy	libc	darwin01	kernel-1.tar.gz sha256 0c19349be454d7162f497b55a7735b443f5506694215e2f3f5f026b597a54a01 + restoration edit (07_kernel/MODIFICATIONS.md)	darwin01/kernel/machdep/i386/libc/memmove.c:115 (moved to memcpy.c; edited file :103)	bcopy	07_kernel/src/machdep/i386/libc/memcpy.c	compared	high	06_reconstruction/evidence/x86-memcpy_memmove.md	L1 MATCH, object OBJECT_MATCH (09_validation/reconstruction/s5p7-l1-memcpy-O4-20261001.json)
x86-0x1013e4	x86	33469393c0843fc741942c3ae9d91d838467d72abd647dcf2e5bf499a3f14890	0x1013e4	_memcpy	libc	darwin01	kernel-1.tar.gz sha256 0c19349be454d7162f497b55a7735b443f5506694215e2f3f5f026b597a54a01 + restoration edit (07_kernel/MODIFICATIONS.md)	darwin01/kernel/machdep/i386/libc/memcpy.c:101 (original line; edited file :108)	memcpy	07_kernel/src/machdep/i386/libc/memcpy.c	compared	high	06_reconstruction/evidence/x86-memcpy_memmove.md	L1 MATCH, object OBJECT_MATCH (09_validation/reconstruction/s5p7-l1-memcpy-O4-20261001.json)
x86-0x101488	x86	33469393c0843fc741942c3ae9d91d838467d72abd647dcf2e5bf499a3f14890	0x101488	_bcopy16	libc	darwin01	kernel-1.tar.gz sha256 0c19349be454d7162f497b55a7735b443f5506694215e2f3f5f026b597a54a01 + restoration edit (07_kernel/MODIFICATIONS.md)	darwin01/kernel/machdep/i386/libc/memcpy.c:141 (original line; edited file :148)	bcopy16	07_kernel/src/machdep/i386/libc/memcpy.c	compared	high	06_reconstruction/evidence/x86-memcpy_memmove.md	L1 MATCH, object OBJECT_MATCH (09_validation/reconstruction/s5p7-l1-memcpy-O4-20261001.json)
x86-0x1014ec	x86	33469393c0843fc741942c3ae9d91d838467d72abd647dcf2e5bf499a3f14890	0x1014ec	_ovbcopy	libc	darwin01	kernel-1.tar.gz sha256 0c19349be454d7162f497b55a7735b443f5506694215e2f3f5f026b597a54a01 + restoration edit (07_kernel/MODIFICATIONS.md)	darwin01/kernel/machdep/i386/libc/memmove.c:120 (original line; edited file :117)	ovbcopy	07_kernel/src/machdep/i386/libc/memmove.c	compared	high	06_reconstruction/evidence/x86-memcpy_memmove.md	L1 MATCH, object OBJECT_MATCH (09_validation/reconstruction/s5p7-l1-memmove-O4-20261001.json)
x86-0x101504	x86	33469393c0843fc741942c3ae9d91d838467d72abd647dcf2e5bf499a3f14890	0x101504	_memmove	libc	darwin01	kernel-1.tar.gz sha256 0c19349be454d7162f497b55a7735b443f5506694215e2f3f5f026b597a54a01 + restoration edit (07_kernel/MODIFICATIONS.md)	darwin01/kernel/machdep/i386/libc/memmove.c:126 (original line; edited file :123)	memmove	07_kernel/src/machdep/i386/libc/memmove.c	compared	high	06_reconstruction/evidence/x86-memcpy_memmove.md	L1 MATCH, object OBJECT_MATCH (09_validation/reconstruction/s5p7-l1-memmove-O4-20261001.json)
x86-0x1012d0	x86	33469393c0843fc741942c3ae9d91d838467d72abd647dcf2e5bf499a3f14890	0x1012d0	_memchr	libc	darwin01	kernel-1.tar.gz sha256 0c19349be454d7162f497b55a7735b443f5506694215e2f3f5f026b597a54a01	darwin01/kernel/machdep/i386/libc/memchr.c:38	memchr	07_kernel/src/machdep/i386/libc/memchr.c	compared	high	06_reconstruction/evidence/x86-memchr_memset.md	L1 MATCH, object OBJECT_MATCH (09_validation/reconstruction/s5p8-l1-memchr-O4-20261001.json)
x86-0x101600	x86	33469393c0843fc741942c3ae9d91d838467d72abd647dcf2e5bf499a3f14890	0x101600	_bzero	libc	darwin01	kernel-1.tar.gz sha256 0c19349be454d7162f497b55a7735b443f5506694215e2f3f5f026b597a54a01 + restoration edit (07_kernel/MODIFICATIONS.md)	darwin01/kernel/machdep/i386/libc/memset.c:186 (original line; edited file :188)	bzero	07_kernel/src/machdep/i386/libc/memset.c	compared	high	06_reconstruction/evidence/x86-memchr_memset.md	L1 MATCH, object OBJECT_MATCH (09_validation/reconstruction/s5p8-l1-memset-O4-20261001.json)
x86-0x101618	x86	33469393c0843fc741942c3ae9d91d838467d72abd647dcf2e5bf499a3f14890	0x101618	_blkclr	libc	darwin01	kernel-1.tar.gz sha256 0c19349be454d7162f497b55a7735b443f5506694215e2f3f5f026b597a54a01 + restoration edit (07_kernel/MODIFICATIONS.md)	darwin01/kernel/machdep/i386/libc/memset.c:191 (original line; edited file :193)	blkclr	07_kernel/src/machdep/i386/libc/memset.c	compared	high	06_reconstruction/evidence/x86-memchr_memset.md	L1 MATCH, object OBJECT_MATCH (09_validation/reconstruction/s5p8-l1-memset-O4-20261001.json)
x86-0x101630	x86	33469393c0843fc741942c3ae9d91d838467d72abd647dcf2e5bf499a3f14890	0x101630	_memset	libc	darwin01	kernel-1.tar.gz sha256 0c19349be454d7162f497b55a7735b443f5506694215e2f3f5f026b597a54a01 + restoration edit (07_kernel/MODIFICATIONS.md)	darwin01/kernel/machdep/i386/libc/memset.c:198 (original line; edited file :200)	memset	07_kernel/src/machdep/i386/libc/memset.c	compared	high	06_reconstruction/evidence/x86-memchr_memset.md	L1 MATCH, object OBJECT_MATCH (09_validation/reconstruction/s5p8-l1-memset-O4-20261001.json)
x86-0x101a10	x86	33469393c0843fc741942c3ae9d91d838467d72abd647dcf2e5bf499a3f14890	0x101a10	_strchr	libc	darwin01	kernel-1.tar.gz sha256 0c19349be454d7162f497b55a7735b443f5506694215e2f3f5f026b597a54a01	darwin01/kernel/machdep/i386/libc/strchr.c:39	strchr	07_kernel/src/machdep/i386/libc/strchr.c	compared	high	06_reconstruction/evidence/x86-libc-unroll.md	L1 MATCH, object OBJECT_MATCH with -O4 -funroll-all-loops (09_validation/reconstruction/s5p9-l1-strchr-U-20261001.json)
x86-0x101a3c	x86	33469393c0843fc741942c3ae9d91d838467d72abd647dcf2e5bf499a3f14890	0x101a3c	_strrchr	libc	darwin01	kernel-1.tar.gz sha256 0c19349be454d7162f497b55a7735b443f5506694215e2f3f5f026b597a54a01	darwin01/kernel/machdep/i386/libc/strrchr.c:40	strrchr	07_kernel/src/machdep/i386/libc/strrchr.c	compared	high	06_reconstruction/evidence/x86-libc-unroll.md	L1 MATCH, object OBJECT_MATCH with -O4 -funroll-all-loops (09_validation/reconstruction/s5p9-l1-strrchr-U-20261001.json)
x86-0x101af8	x86	33469393c0843fc741942c3ae9d91d838467d72abd647dcf2e5bf499a3f14890	0x101af8	_strlen	libc	darwin01	kernel-1.tar.gz sha256 0c19349be454d7162f497b55a7735b443f5506694215e2f3f5f026b597a54a01	darwin01/kernel/machdep/i386/libc/strlen.c:39	strlen	07_kernel/src/machdep/i386/libc/strlen.c	compared	high	06_reconstruction/evidence/x86-libc-unroll.md	L1 MATCH, object OBJECT_MATCH with -O4 -funroll-all-loops (09_validation/reconstruction/s5p9-l1-strlen-U-20261001.json)
x86-0x101b48	x86	33469393c0843fc741942c3ae9d91d838467d72abd647dcf2e5bf499a3f14890	0x101b48	_strcpy	libc	darwin01	kernel-1.tar.gz sha256 0c19349be454d7162f497b55a7735b443f5506694215e2f3f5f026b597a54a01	darwin01/kernel/machdep/i386/libc/strcpy.c:40	strcpy	07_kernel/src/machdep/i386/libc/strcpy.c	compared	high	06_reconstruction/evidence/x86-libc-unroll.md	L1 MATCH, object OBJECT_MATCH with -O4 -funroll-all-loops (09_validation/reconstruction/s5p9-l1-strcpy-U-20261001.json)
x86-0x101bc0	x86	33469393c0843fc741942c3ae9d91d838467d72abd647dcf2e5bf499a3f14890	0x101bc0	_strncpy	libc	darwin01	kernel-1.tar.gz sha256 0c19349be454d7162f497b55a7735b443f5506694215e2f3f5f026b597a54a01	darwin01/kernel/machdep/i386/libc/strncpy.c:39	strncpy	07_kernel/src/machdep/i386/libc/strncpy.c	compared	high	06_reconstruction/evidence/x86-libc-unroll.md	L1 MATCH, object OBJECT_MATCH with -O4 -funroll-all-loops (09_validation/reconstruction/s5p9-l1-strncpy-U-20261001.json)
x86-0x101cb8	x86	33469393c0843fc741942c3ae9d91d838467d72abd647dcf2e5bf499a3f14890	0x101cb8	_strcat	libc	darwin01	kernel-1.tar.gz sha256 0c19349be454d7162f497b55a7735b443f5506694215e2f3f5f026b597a54a01	darwin01/kernel/machdep/i386/libc/strcat.c:39	strcat	07_kernel/src/machdep/i386/libc/strcat.c	compared	high	06_reconstruction/evidence/x86-libc-unroll.md	L1 MATCH, object OBJECT_MATCH with -O4 -funroll-all-loops (09_validation/reconstruction/s5p9-l1-strcat-U-20261001.json)
x86-0x101d70	x86	33469393c0843fc741942c3ae9d91d838467d72abd647dcf2e5bf499a3f14890	0x101d70	_strncat	libc	darwin01	kernel-1.tar.gz sha256 0c19349be454d7162f497b55a7735b443f5506694215e2f3f5f026b597a54a01	darwin01/kernel/machdep/i386/libc/strncat.c:40	strncat	07_kernel/src/machdep/i386/libc/strncat.c	compared	high	06_reconstruction/evidence/x86-libc-unroll.md	L1 MATCH, object OBJECT_MATCH with -O4 -funroll-all-loops (09_validation/reconstruction/s5p9-l1-strncat-U-20261001.json)
x86-0x101e7c	x86	33469393c0843fc741942c3ae9d91d838467d72abd647dcf2e5bf499a3f14890	0x101e7c	_strcmp	libc	darwin01	kernel-1.tar.gz sha256 0c19349be454d7162f497b55a7735b443f5506694215e2f3f5f026b597a54a01	darwin01/kernel/machdep/i386/libc/strcmp.c:40	strcmp	07_kernel/src/machdep/i386/libc/strcmp.c	compared	high	06_reconstruction/evidence/x86-libc-unroll.md	L1 MATCH, object OBJECT_MATCH with -O4 -funroll-all-loops (09_validation/reconstruction/s5p9-l1-strcmp-U-20261001.json)
x86-0x101efc	x86	33469393c0843fc741942c3ae9d91d838467d72abd647dcf2e5bf499a3f14890	0x101efc	_strncmp	libc	darwin01	kernel-1.tar.gz sha256 0c19349be454d7162f497b55a7735b443f5506694215e2f3f5f026b597a54a01	darwin01/kernel/machdep/i386/libc/strncmp.c:40	strncmp	07_kernel/src/machdep/i386/libc/strncmp.c	compared	high	06_reconstruction/evidence/x86-libc-unroll.md	L1 MATCH, object OBJECT_MATCH with -O4 -funroll-all-loops (09_validation/reconstruction/s5p9-l1-strncmp-U-20261001.json)
x86-0x101fc4	x86	33469393c0843fc741942c3ae9d91d838467d72abd647dcf2e5bf499a3f14890	0x101fc4	_index	libc	darwin01	kernel-1.tar.gz sha256 0c19349be454d7162f497b55a7735b443f5506694215e2f3f5f026b597a54a01	darwin01/kernel/machdep/i386/libc/index.c:39	index	07_kernel/src/machdep/i386/libc/index.c	compared	high	06_reconstruction/evidence/x86-libc-unroll.md	L1 MATCH, object OBJECT_MATCH with -O4 -funroll-all-loops (09_validation/reconstruction/s5p9-l1-index-U-20261001.json)
x86-0x101ff0	x86	33469393c0843fc741942c3ae9d91d838467d72abd647dcf2e5bf499a3f14890	0x101ff0	_ffs	libc	darwin01	kernel-1.tar.gz sha256 0c19349be454d7162f497b55a7735b443f5506694215e2f3f5f026b597a54a01	darwin01/kernel/machdep/i386/libc/ffs.c:39	ffs	07_kernel/src/machdep/i386/libc/ffs.c	compared	high	06_reconstruction/evidence/x86-libc-unroll.md	L1 MATCH, object OBJECT_MATCH with -O4 -funroll-all-loops (09_validation/reconstruction/s5p9-l1-ffs-U-20261001.json)
x86-0x15c100	x86	33469393c0843fc741942c3ae9d91d838467d72abd647dcf2e5bf499a3f14890	0x15c100	_compute_mach_factor	kern	darwin01	kernel-1.tar.gz sha256 0c19349be454d7162f497b55a7735b443f5506694215e2f3f5f026b597a54a01	darwin01/kernel/kern/mach_factor.c:78	compute_mach_factor	07_kernel/src/kern/mach_factor.c	compared	high	06_reconstruction/evidence/x86-mach_factor.md	L1 MATCH, object OBJECT_MATCH incl. __data (09_validation/reconstruction/s5p11-l1-O3-20261001.json)
x86-0x151934	x86	33469393c0843fc741942c3ae9d91d838467d72abd647dcf2e5bf499a3f14890	0x151934	_ipc_table_fill	ipc	darwin01	kernel-1.tar.gz sha256 0c19349be454d7162f497b55a7735b443f5506694215e2f3f5f026b597a54a01 + restoration edit (07_kernel/MODIFICATIONS.md)	darwin01/kernel/ipc/ipc_table.c:112 (original line; edited file :114)	ipc_table_fill	07_kernel/src/ipc/ipc_table.c	compared	high	06_reconstruction/evidence/x86-ipc_table.md	L1 MATCH; -fno-common object: bytes 0 diff, __common refs verified through the common-symbol variant (09_validation/reconstruction/s5p12-l1-O3common-20261001.json, plan 36.1)
x86-0x1519c8	x86	33469393c0843fc741942c3ae9d91d838467d72abd647dcf2e5bf499a3f14890	0x1519c8	_ipc_table_init	ipc	darwin01	kernel-1.tar.gz sha256 0c19349be454d7162f497b55a7735b443f5506694215e2f3f5f026b597a54a01 + restoration edit (07_kernel/MODIFICATIONS.md)	darwin01/kernel/ipc/ipc_table.c:153 (original line; edited file :154)	ipc_table_init	07_kernel/src/ipc/ipc_table.c	compared	high	06_reconstruction/evidence/x86-ipc_table.md	L1 MATCH; -fno-common object: bytes 0 diff, __common refs verified through the common-symbol variant (09_validation/reconstruction/s5p12-l1-O3common-20261001.json, plan 36.1)
x86-0x151b44	x86	33469393c0843fc741942c3ae9d91d838467d72abd647dcf2e5bf499a3f14890	0x151b44	_ipc_table_alloc	ipc	darwin01	kernel-1.tar.gz sha256 0c19349be454d7162f497b55a7735b443f5506694215e2f3f5f026b597a54a01	darwin01/kernel/ipc/ipc_table.c:191 (original line; edited file :192)	ipc_table_alloc	07_kernel/src/ipc/ipc_table.c	compared	high	06_reconstruction/evidence/x86-ipc_table.md	L1 MATCH; -fno-common object: bytes 0 diff, __common refs verified through the common-symbol variant (09_validation/reconstruction/s5p12-l1-O3common-20261001.json, plan 36.1)
x86-0x151b84	x86	33469393c0843fc741942c3ae9d91d838467d72abd647dcf2e5bf499a3f14890	0x151b84	_ipc_table_realloc	ipc	darwin01	kernel-1.tar.gz sha256 0c19349be454d7162f497b55a7735b443f5506694215e2f3f5f026b597a54a01	darwin01/kernel/ipc/ipc_table.c:218 (original line; edited file :219)	ipc_table_realloc	07_kernel/src/ipc/ipc_table.c	compared	high	06_reconstruction/evidence/x86-ipc_table.md	L1 MATCH; -fno-common object: bytes 0 diff, __common refs verified through the common-symbol variant (09_validation/reconstruction/s5p12-l1-O3common-20261001.json, plan 36.1)
x86-0x151bb8	x86	33469393c0843fc741942c3ae9d91d838467d72abd647dcf2e5bf499a3f14890	0x151bb8	_ipc_table_free	ipc	darwin01	kernel-1.tar.gz sha256 0c19349be454d7162f497b55a7735b443f5506694215e2f3f5f026b597a54a01	darwin01/kernel/ipc/ipc_table.c:242 (original line; edited file :243)	ipc_table_free	07_kernel/src/ipc/ipc_table.c	compared	high	06_reconstruction/evidence/x86-ipc_table.md	L1 MATCH; -fno-common object: bytes 0 diff, __common refs verified through the common-symbol variant (09_validation/reconstruction/s5p12-l1-O3common-20261001.json, plan 36.1)
x86-0x157958	x86	33469393c0843fc741942c3ae9d91d838467d72abd647dcf2e5bf499a3f14890	0x157958	_host_processors	kern	darwin01	kernel-1.tar.gz sha256 0c19349be454d7162f497b55a7735b443f5506694215e2f3f5f026b597a54a01	darwin01/kernel/kern/host.c:75	host_processors	07_kernel/src/kern/host.c	compared	high	06_reconstruction/evidence/x86-host.md	L1 MATCH (-O3/-O4; -O2 differs); common-symbol variant also OBJECT_MATCH
x86-0x157a28	x86	33469393c0843fc741942c3ae9d91d838467d72abd647dcf2e5bf499a3f14890	0x157a28	_host_info	kern	darwin01	kernel-1.tar.gz sha256 0c19349be454d7162f497b55a7735b443f5506694215e2f3f5f026b597a54a01	darwin01/kernel/kern/host.c:123	host_info	07_kernel/src/kern/host.c	compared	high	06_reconstruction/evidence/x86-host.md	L1 MATCH (-O3/-O4; -O2 differs); common-symbol variant also OBJECT_MATCH
x86-0x157b7c	x86	33469393c0843fc741942c3ae9d91d838467d72abd647dcf2e5bf499a3f14890	0x157b7c	_host_kernel_version	kern	darwin01	kernel-1.tar.gz sha256 0c19349be454d7162f497b55a7735b443f5506694215e2f3f5f026b597a54a01	darwin01/kernel/kern/host.c:226	host_kernel_version	07_kernel/src/kern/host.c	compared	high	06_reconstruction/evidence/x86-host.md	L1 MATCH (-O3/-O4; -O2 differs); common-symbol variant also OBJECT_MATCH
x86-0x157bac	x86	33469393c0843fc741942c3ae9d91d838467d72abd647dcf2e5bf499a3f14890	0x157bac	_host_processor_sets	kern	darwin01	kernel-1.tar.gz sha256 0c19349be454d7162f497b55a7735b443f5506694215e2f3f5f026b597a54a01	darwin01/kernel/kern/host.c:346	host_processor_sets	07_kernel/src/kern/host.c	compared	high	06_reconstruction/evidence/x86-host.md	L1 MATCH (-O3/-O4; -O2 differs); common-symbol variant also OBJECT_MATCH
x86-0x157c0c	x86	33469393c0843fc741942c3ae9d91d838467d72abd647dcf2e5bf499a3f14890	0x157c0c	_host_processor_set_priv	kern	darwin01	kernel-1.tar.gz sha256 0c19349be454d7162f497b55a7735b443f5506694215e2f3f5f026b597a54a01	darwin01/kernel/kern/host.c:383	host_processor_set_priv	07_kernel/src/kern/host.c	compared	high	06_reconstruction/evidence/x86-host.md	L1 MATCH (-O3/-O4; -O2 differs); common-symbol variant also OBJECT_MATCH
x86-0x160e84	x86	33469393c0843fc741942c3ae9d91d838467d72abd647dcf2e5bf499a3f14890	0x160e84	_thread_quantum_update	kern	darwin01	kernel-1.tar.gz sha256 0c19349be454d7162f497b55a7735b443f5506694215e2f3f5f026b597a54a01 + restoration edit (07_kernel/MODIFICATIONS.md)	darwin01/kernel/kern/priority.c:96 (original line; edited file :98)	thread_quantum_update	07_kernel/src/kern/priority.c	compared	high	06_reconstruction/evidence/x86-priority.md	L1 MATCH (-O2 = -O3 = -O4)
x86-0x173a68	x86	33469393c0843fc741942c3ae9d91d838467d72abd647dcf2e5bf499a3f14890	0x173a68	_vm_mem_init	vm	darwin01	kernel-1.tar.gz sha256 0c19349be454d7162f497b55a7735b443f5506694215e2f3f5f026b597a54a01 + restoration edit (07_kernel/MODIFICATIONS.md; added line from NeXTMach f6bdb9c mk-108.1/vm/vm_init.c:91)	darwin01/kernel/vm/vm_init.c:57 (original line; edited file :59)	vm_mem_init	07_kernel/src/vm/vm_init.c	compared	high	06_reconstruction/evidence/x86-vm_init.md	L1 MATCH (-O2 = -O3 = -O4)
x86-0x1871d4	x86	33469393c0843fc741942c3ae9d91d838467d72abd647dcf2e5bf499a3f14890	0x1871d4	_bios32	machdep	darwin01	kernel-1.tar.gz sha256 0c19349be454d7162f497b55a7735b443f5506694215e2f3f5f026b597a54a01	darwin01/kernel/machdep/i386/bios.c:54	bios32	07_kernel/src/machdep/i386/bios.c	compared	high	06_reconstruction/evidence/x86-machdep_small.md	L1 MATCH (-O2 = -O3 = -O4); object grade P (objects_partial.tsv): 16 B __bss of unused function statics unreferenced (plan 46.2)
x86-0x1877f8	x86	33469393c0843fc741942c3ae9d91d838467d72abd647dcf2e5bf499a3f14890	0x1877f8	_checksum_16	machdep	darwin01	kernel-1.tar.gz sha256 0c19349be454d7162f497b55a7735b443f5506694215e2f3f5f026b597a54a01	darwin01/kernel/machdep/i386/checksum_16.c:31	checksum_16	07_kernel/src/machdep/i386/checksum_16.c	compared	high	06_reconstruction/evidence/x86-machdep_small.md	L1 MATCH (-O2 = -O3 = -O4)
x86-0x18cbcc	x86	33469393c0843fc741942c3ae9d91d838467d72abd647dcf2e5bf499a3f14890	0x18cbcc	_ldt_init	machdep	darwin01	kernel-1.tar.gz sha256 0c19349be454d7162f497b55a7735b443f5506694215e2f3f5f026b597a54a01	darwin01/kernel/machdep/i386/ldt.c:44	ldt_init	07_kernel/src/machdep/i386/ldt.c	compared	high	06_reconstruction/evidence/x86-machdep_small.md	L1 MATCH (-O2 = -O3 = -O4)
x86-0x18a904	x86	33469393c0843fc741942c3ae9d91d838467d72abd647dcf2e5bf499a3f14890	0x18a904	_locate_gdt	machdep	darwin01	kernel-1.tar.gz sha256 0c19349be454d7162f497b55a7735b443f5506694215e2f3f5f026b597a54a01	darwin01/kernel/machdep/i386/gdt.c:43	locate_gdt	07_kernel/src/machdep/i386/gdt.c	compared	high	06_reconstruction/evidence/x86-gdt_idt.md	L1 MATCH (-O3 = -O4; -O2 differs)
x86-0x18a924	x86	33469393c0843fc741942c3ae9d91d838467d72abd647dcf2e5bf499a3f14890	0x18a924	_gdt_init	machdep	darwin01	kernel-1.tar.gz sha256 0c19349be454d7162f497b55a7735b443f5506694215e2f3f5f026b597a54a01	darwin01/kernel/machdep/i386/gdt.c:61	gdt_init	07_kernel/src/machdep/i386/gdt.c	compared	high	06_reconstruction/evidence/x86-gdt_idt.md	L1 MATCH (-O3 = -O4; -O2 differs)
x86-0x18b184	x86	33469393c0843fc741942c3ae9d91d838467d72abd647dcf2e5bf499a3f14890	0x18b184	_locate_idt	machdep	darwin01	kernel-1.tar.gz sha256 0c19349be454d7162f497b55a7735b443f5506694215e2f3f5f026b597a54a01 + restoration edit (07_kernel/MODIFICATIONS.md)	darwin01/kernel/machdep/i386/idt.c:110 (original line; edited file :112)	locate_idt	07_kernel/src/machdep/i386/idt.c	compared	high	06_reconstruction/evidence/x86-gdt_idt.md	L1 MATCH (-O3 = -O4; -O2 differs); file edit removes idt_copy, these functions are unchanged
x86-0x18b1a4	x86	33469393c0843fc741942c3ae9d91d838467d72abd647dcf2e5bf499a3f14890	0x18b1a4	_idt_init	machdep	darwin01	kernel-1.tar.gz sha256 0c19349be454d7162f497b55a7735b443f5506694215e2f3f5f026b597a54a01 + restoration edit (07_kernel/MODIFICATIONS.md)	darwin01/kernel/machdep/i386/idt.c:139 (original line; edited file :141)	idt_init	07_kernel/src/machdep/i386/idt.c	compared	high	06_reconstruction/evidence/x86-gdt_idt.md	L1 MATCH (-O3 = -O4; -O2 differs); file edit removes idt_copy, these functions are unchanged
x86-0x189748	x86	33469393c0843fc741942c3ae9d91d838467d72abd647dcf2e5bf499a3f14890	0x189748	_dma_buf_initialize	machdep	darwin01	kernel-1.tar.gz sha256 0c19349be454d7162f497b55a7735b443f5506694215e2f3f5f026b597a54a01	darwin01/kernel/machdep/i386/dma_buf.c:48	dma_buf_initialize	07_kernel/src/machdep/i386/dma_buf.c	compared	high	06_reconstruction/evidence/x86-dma_buf_dbl_fault.md	L1 MATCH (-O2 = -O3 = -O4; -fno-common build 0 byte diff, common-symbol variant OBJECT_MATCH, plan 36.1)
x86-0x18980c	x86	33469393c0843fc741942c3ae9d91d838467d72abd647dcf2e5bf499a3f14890	0x18980c	_dma_buf_alloc	machdep	darwin01	kernel-1.tar.gz sha256 0c19349be454d7162f497b55a7735b443f5506694215e2f3f5f026b597a54a01	darwin01/kernel/machdep/i386/dma_buf.c:81	dma_buf_alloc	07_kernel/src/machdep/i386/dma_buf.c	compared	high	06_reconstruction/evidence/x86-dma_buf_dbl_fault.md	L1 MATCH (-O2 = -O3 = -O4; -fno-common build 0 byte diff, common-symbol variant OBJECT_MATCH, plan 36.1)
x86-0x18987c	x86	33469393c0843fc741942c3ae9d91d838467d72abd647dcf2e5bf499a3f14890	0x18987c	_dma_buf_free	machdep	darwin01	kernel-1.tar.gz sha256 0c19349be454d7162f497b55a7735b443f5506694215e2f3f5f026b597a54a01	darwin01/kernel/machdep/i386/dma_buf.c:121	dma_buf_free	07_kernel/src/machdep/i386/dma_buf.c	compared	high	06_reconstruction/evidence/x86-dma_buf_dbl_fault.md	L1 MATCH (-O2 = -O3 = -O4; -fno-common build 0 byte diff, common-symbol variant OBJECT_MATCH, plan 36.1)
x86-0x1898bc	x86	33469393c0843fc741942c3ae9d91d838467d72abd647dcf2e5bf499a3f14890	0x1898bc	(static dma_buf_sm_create; Ghidra FUN_001898bc)	machdep	darwin01	kernel-1.tar.gz sha256 0c19349be454d7162f497b55a7735b443f5506694215e2f3f5f026b597a54a01	darwin01/kernel/machdep/i386/dma_buf.c:148	dma_buf_sm_create	07_kernel/src/machdep/i386/dma_buf.c	compared	high	06_reconstruction/evidence/x86-dma_buf_dbl_fault.md	L1 MATCH (-O2 = -O3 = -O4; -fno-common build 0 byte diff, common-symbol variant OBJECT_MATCH, plan 36.1)
x86-0x1898ec	x86	33469393c0843fc741942c3ae9d91d838467d72abd647dcf2e5bf499a3f14890	0x1898ec	(static dma_buf_lg_create; Ghidra FUN_001898ec)	machdep	darwin01	kernel-1.tar.gz sha256 0c19349be454d7162f497b55a7735b443f5506694215e2f3f5f026b597a54a01	darwin01/kernel/machdep/i386/dma_buf.c:165	dma_buf_lg_create	07_kernel/src/machdep/i386/dma_buf.c	compared	high	06_reconstruction/evidence/x86-dma_buf_dbl_fault.md	L1 MATCH (-O2 = -O3 = -O4; -fno-common build 0 byte diff, common-symbol variant OBJECT_MATCH, plan 36.1)
x86-0x18991c	x86	33469393c0843fc741942c3ae9d91d838467d72abd647dcf2e5bf499a3f14890	0x18991c	_dbf_init	machdep	darwin01	kernel-1.tar.gz sha256 0c19349be454d7162f497b55a7735b443f5506694215e2f3f5f026b597a54a01	darwin01/kernel/machdep/i386/dbl_fault.c:53	dbf_init	07_kernel/src/machdep/i386/dbl_fault.c	compared	high	06_reconstruction/evidence/x86-dma_buf_dbl_fault.md	L1 MATCH (-O2 = -O3 = -O4; -fno-common build 0 byte diff, common-symbol variant OBJECT_MATCH, plan 36.1)
x86-0x1899d0	x86	33469393c0843fc741942c3ae9d91d838467d72abd647dcf2e5bf499a3f14890	0x1899d0	_dbf_handler	machdep	darwin01	kernel-1.tar.gz sha256 0c19349be454d7162f497b55a7735b443f5506694215e2f3f5f026b597a54a01	darwin01/kernel/machdep/i386/dbl_fault.c:79	dbf_handler	07_kernel/src/machdep/i386/dbl_fault.c	compared	high	06_reconstruction/evidence/x86-dma_buf_dbl_fault.md	L1 MATCH (-O2 = -O3 = -O4; -fno-common build 0 byte diff, common-symbol variant OBJECT_MATCH, plan 36.1)
x86-0x1787c4	x86	33469393c0843fc741942c3ae9d91d838467d72abd647dcf2e5bf499a3f14890	0x1787c4	_vm_mem_ppi	vm	darwin01	kernel-1.tar.gz sha256 0c19349be454d7162f497b55a7735b443f5506694215e2f3f5f026b597a54a01	darwin01/kernel/vm/vm_mem_region.c:45	vm_mem_ppi	07_kernel/src/vm/vm_mem_region.c	compared	high	06_reconstruction/evidence/x86-vm_mem_region.md	L1 MATCH (-O3 = -O4; -O2 differs)
x86-0x178844	x86	33469393c0843fc741942c3ae9d91d838467d72abd647dcf2e5bf499a3f14890	0x178844	_vm_valid_page	vm	darwin01	kernel-1.tar.gz sha256 0c19349be454d7162f497b55a7735b443f5506694215e2f3f5f026b597a54a01	darwin01/kernel/vm/vm_mem_region.c:66	vm_valid_page	07_kernel/src/vm/vm_mem_region.c	compared	high	06_reconstruction/evidence/x86-vm_mem_region.md	L1 MATCH (-O3 = -O4; -O2 differs)
x86-0x178894	x86	33469393c0843fc741942c3ae9d91d838467d72abd647dcf2e5bf499a3f14890	0x178894	_vm_phys_to_vm_page	vm	darwin01	kernel-1.tar.gz sha256 0c19349be454d7162f497b55a7735b443f5506694215e2f3f5f026b597a54a01	darwin01/kernel/vm/vm_mem_region.c:86	vm_phys_to_vm_page	07_kernel/src/vm/vm_mem_region.c	compared	high	06_reconstruction/evidence/x86-vm_mem_region.md	L1 MATCH (-O3 = -O4; -O2 differs)
x86-0x1788fc	x86	33469393c0843fc741942c3ae9d91d838467d72abd647dcf2e5bf499a3f14890	0x1788fc	_vm_region_to_vm_page	vm	darwin01	kernel-1.tar.gz sha256 0c19349be454d7162f497b55a7735b443f5506694215e2f3f5f026b597a54a01	darwin01/kernel/vm/vm_mem_region.c:104	vm_region_to_vm_page	07_kernel/src/vm/vm_mem_region.c	compared	high	06_reconstruction/evidence/x86-vm_mem_region.md	L1 MATCH (-O3 = -O4; -O2 differs)
x86-0x178964	x86	33469393c0843fc741942c3ae9d91d838467d72abd647dcf2e5bf499a3f14890	0x178964	_vm_alloc_from_regions	vm	darwin01	kernel-1.tar.gz sha256 0c19349be454d7162f497b55a7735b443f5506694215e2f3f5f026b597a54a01	darwin01/kernel/vm/vm_mem_region.c:110	vm_alloc_from_regions	07_kernel/src/vm/vm_mem_region.c	compared	high	06_reconstruction/evidence/x86-vm_mem_region.md	L1 MATCH (-O3 = -O4; -O2 differs)
x86-0x168ed4	x86	33469393c0843fc741942c3ae9d91d838467d72abd647dcf2e5bf499a3f14890	0x168ed4	_swapper_init	kern	darwin01	kernel-1.tar.gz sha256 0c19349be454d7162f497b55a7735b443f5506694215e2f3f5f026b597a54a01 + restoration edit (07_kernel/MODIFICATIONS.md)	darwin01/kernel/kern/thread_swap.c:96 (original line; edited file :98)	swapper_init	07_kernel/src/kern/thread_swap.c	compared	high	06_reconstruction/evidence/x86-thread_swap.md	L1 MATCH (-O3 = -O4; -O2 differs); -fno-common and common-symbol variant both OBJECT_MATCH
x86-0x168efc	x86	33469393c0843fc741942c3ae9d91d838467d72abd647dcf2e5bf499a3f14890	0x168efc	_thread_swapin	kern	darwin01	kernel-1.tar.gz sha256 0c19349be454d7162f497b55a7735b443f5506694215e2f3f5f026b597a54a01 + restoration edit (07_kernel/MODIFICATIONS.md)	darwin01/kernel/kern/thread_swap.c:112 (original line; edited file :114)	thread_swapin	07_kernel/src/kern/thread_swap.c	compared	high	06_reconstruction/evidence/x86-thread_swap.md	L1 MATCH (-O3 = -O4; -O2 differs); -fno-common and common-symbol variant both OBJECT_MATCH
x86-0x168f90	x86	33469393c0843fc741942c3ae9d91d838467d72abd647dcf2e5bf499a3f14890	0x168f90	_thread_doswapin	kern	darwin01	kernel-1.tar.gz sha256 0c19349be454d7162f497b55a7735b443f5506694215e2f3f5f026b597a54a01 + restoration edit (07_kernel/MODIFICATIONS.md)	darwin01/kernel/kern/thread_swap.c:150 (original line; edited file :152)	thread_doswapin	07_kernel/src/kern/thread_swap.c	compared	high	06_reconstruction/evidence/x86-thread_swap.md	L1 MATCH (-O3 = -O4; -O2 differs); -fno-common and common-symbol variant both OBJECT_MATCH
x86-0x168ff4	x86	33469393c0843fc741942c3ae9d91d838467d72abd647dcf2e5bf499a3f14890	0x168ff4	_swapin_thread_continue	kern	darwin01	kernel-1.tar.gz sha256 0c19349be454d7162f497b55a7735b443f5506694215e2f3f5f026b597a54a01 + restoration edit (07_kernel/MODIFICATIONS.md)	darwin01/kernel/kern/thread_swap.c:180 (original line; edited file :182)	swapin_thread_continue	07_kernel/src/kern/thread_swap.c	compared	high	06_reconstruction/evidence/x86-thread_swap.md	L1 MATCH (-O3 = -O4; -O2 differs); -fno-common and common-symbol variant both OBJECT_MATCH
x86-0x16910c	x86	33469393c0843fc741942c3ae9d91d838467d72abd647dcf2e5bf499a3f14890	0x16910c	_swapin_thread	kern	darwin01	kernel-1.tar.gz sha256 0c19349be454d7162f497b55a7735b443f5506694215e2f3f5f026b597a54a01 + restoration edit (07_kernel/MODIFICATIONS.md)	darwin01/kernel/kern/thread_swap.c:208 (original line; edited file :210)	swapin_thread	07_kernel/src/kern/thread_swap.c	compared	high	06_reconstruction/evidence/x86-thread_swap.md	L1 MATCH (-O3 = -O4; -O2 differs); -fno-common and common-symbol variant both OBJECT_MATCH; edited function
x86-0x18b514	x86	33469393c0843fc741942c3ae9d91d838467d72abd647dcf2e5bf499a3f14890	0x18b514	_intr_disbl	machdep	darwin01	kernel-1.tar.gz sha256 0c19349be454d7162f497b55a7735b443f5506694215e2f3f5f026b597a54a01	darwin01/kernel/machdep/i386/intr.c:194	intr_disbl	07_kernel/src/machdep/i386/intr.c	compared	high	06_reconstruction/evidence/x86-intr.md	L1 MATCH (-O3 = -O4; -O2 differs); object grade P
x86-0x18b524	x86	33469393c0843fc741942c3ae9d91d838467d72abd647dcf2e5bf499a3f14890	0x18b524	_intr_enbl	machdep	darwin01	kernel-1.tar.gz sha256 0c19349be454d7162f497b55a7735b443f5506694215e2f3f5f026b597a54a01	darwin01/kernel/machdep/i386/intr.c:213	intr_enbl	07_kernel/src/machdep/i386/intr.c	compared	high	06_reconstruction/evidence/x86-intr.md	L1 MATCH (-O3 = -O4; -O2 differs); object grade P
x86-0x18b544	x86	33469393c0843fc741942c3ae9d91d838467d72abd647dcf2e5bf499a3f14890	0x18b544	_splx	machdep	darwin01	kernel-1.tar.gz sha256 0c19349be454d7162f497b55a7735b443f5506694215e2f3f5f026b597a54a01	darwin01/kernel/machdep/i386/intr.c:267	splx	07_kernel/src/machdep/i386/intr.c	compared	medium	06_reconstruction/evidence/x86-intr.md	L1 MATCH_UNVERIFIED: bytes and references equal; only unverified dependency is __bss, reference-inferred (s5p21-zerofill-check-20261001.json); object grade P
x86-0x18b60c	x86	33469393c0843fc741942c3ae9d91d838467d72abd647dcf2e5bf499a3f14890	0x18b60c	_spl0	machdep	darwin01	kernel-1.tar.gz sha256 0c19349be454d7162f497b55a7735b443f5506694215e2f3f5f026b597a54a01	darwin01/kernel/machdep/i386/intr.c:300 (DEFINE_SPL macro expansion)	spl0	07_kernel/src/machdep/i386/intr.c	compared	medium	06_reconstruction/evidence/x86-intr.md	L1 MATCH_UNVERIFIED: bytes and references equal; only unverified dependency is __bss, reference-inferred (s5p21-zerofill-check-20261001.json); object grade P
x86-0x18b6dc	x86	33469393c0843fc741942c3ae9d91d838467d72abd647dcf2e5bf499a3f14890	0x18b6dc	_spl1	machdep	darwin01	kernel-1.tar.gz sha256 0c19349be454d7162f497b55a7735b443f5506694215e2f3f5f026b597a54a01	darwin01/kernel/machdep/i386/intr.c:302 (DEFINE_SPL macro expansion)	spl1	07_kernel/src/machdep/i386/intr.c	compared	medium	06_reconstruction/evidence/x86-intr.md	L1 MATCH_UNVERIFIED: bytes and references equal; only unverified dependency is __bss, reference-inferred (s5p21-zerofill-check-20261001.json); object grade P
x86-0x18b7ac	x86	33469393c0843fc741942c3ae9d91d838467d72abd647dcf2e5bf499a3f14890	0x18b7ac	_spltty	machdep	darwin01	kernel-1.tar.gz sha256 0c19349be454d7162f497b55a7735b443f5506694215e2f3f5f026b597a54a01	darwin01/kernel/machdep/i386/intr.c:303 (DEFINE_SPL macro expansion)	spltty	07_kernel/src/machdep/i386/intr.c	compared	medium	06_reconstruction/evidence/x86-intr.md	L1 MATCH_UNVERIFIED: bytes and references equal; only unverified dependency is __bss, reference-inferred (s5p21-zerofill-check-20261001.json); object grade P
x86-0x18b7b8	x86	33469393c0843fc741942c3ae9d91d838467d72abd647dcf2e5bf499a3f14890	0x18b7b8	_spl2	machdep	darwin01	kernel-1.tar.gz sha256 0c19349be454d7162f497b55a7735b443f5506694215e2f3f5f026b597a54a01	darwin01/kernel/machdep/i386/intr.c:305 (DEFINE_SPL macro expansion)	spl2	07_kernel/src/machdep/i386/intr.c	compared	medium	06_reconstruction/evidence/x86-intr.md	L1 MATCH_UNVERIFIED: bytes and references equal; only unverified dependency is __bss, reference-inferred (s5p21-zerofill-check-20261001.json); object grade P
x86-0x18b888	x86	33469393c0843fc741942c3ae9d91d838467d72abd647dcf2e5bf499a3f14890	0x18b888	_spl3	machdep	darwin01	kernel-1.tar.gz sha256 0c19349be454d7162f497b55a7735b443f5506694215e2f3f5f026b597a54a01	darwin01/kernel/machdep/i386/intr.c:307 (DEFINE_SPL macro expansion)	spl3	07_kernel/src/machdep/i386/intr.c	compared	medium	06_reconstruction/evidence/x86-intr.md	L1 MATCH_UNVERIFIED: bytes and references equal; only unverified dependency is __bss, reference-inferred (s5p21-zerofill-check-20261001.json); object grade P
x86-0x18b958	x86	33469393c0843fc741942c3ae9d91d838467d72abd647dcf2e5bf499a3f14890	0x18b958	_splnet	machdep	darwin01	kernel-1.tar.gz sha256 0c19349be454d7162f497b55a7735b443f5506694215e2f3f5f026b597a54a01	darwin01/kernel/machdep/i386/intr.c:308 (DEFINE_SPL macro expansion)	splnet	07_kernel/src/machdep/i386/intr.c	compared	medium	06_reconstruction/evidence/x86-intr.md	L1 MATCH_UNVERIFIED: bytes and references equal; only unverified dependency is __bss, reference-inferred (s5p21-zerofill-check-20261001.json); object grade P
x86-0x18b964	x86	33469393c0843fc741942c3ae9d91d838467d72abd647dcf2e5bf499a3f14890	0x18b964	_splvm	machdep	darwin01	kernel-1.tar.gz sha256 0c19349be454d7162f497b55a7735b443f5506694215e2f3f5f026b597a54a01	darwin01/kernel/machdep/i386/intr.c:309 (DEFINE_SPL macro expansion)	splvm	07_kernel/src/machdep/i386/intr.c	compared	medium	06_reconstruction/evidence/x86-intr.md	L1 MATCH_UNVERIFIED: bytes and references equal; only unverified dependency is __bss, reference-inferred (s5p21-zerofill-check-20261001.json); object grade P
x86-0x18b970	x86	33469393c0843fc741942c3ae9d91d838467d72abd647dcf2e5bf499a3f14890	0x18b970	_splimp	machdep	darwin01	kernel-1.tar.gz sha256 0c19349be454d7162f497b55a7735b443f5506694215e2f3f5f026b597a54a01	darwin01/kernel/machdep/i386/intr.c:310 (DEFINE_SPL macro expansion)	splimp	07_kernel/src/machdep/i386/intr.c	compared	medium	06_reconstruction/evidence/x86-intr.md	L1 MATCH_UNVERIFIED: bytes and references equal; only unverified dependency is __bss, reference-inferred (s5p21-zerofill-check-20261001.json); object grade P
x86-0x18b97c	x86	33469393c0843fc741942c3ae9d91d838467d72abd647dcf2e5bf499a3f14890	0x18b97c	_splbio	machdep	darwin01	kernel-1.tar.gz sha256 0c19349be454d7162f497b55a7735b443f5506694215e2f3f5f026b597a54a01	darwin01/kernel/machdep/i386/intr.c:311 (DEFINE_SPL macro expansion)	splbio	07_kernel/src/machdep/i386/intr.c	compared	medium	06_reconstruction/evidence/x86-intr.md	L1 MATCH_UNVERIFIED: bytes and references equal; only unverified dependency is __bss, reference-inferred (s5p21-zerofill-check-20261001.json); object grade P
x86-0x18b988	x86	33469393c0843fc741942c3ae9d91d838467d72abd647dcf2e5bf499a3f14890	0x18b988	_spldevice	machdep	darwin01	kernel-1.tar.gz sha256 0c19349be454d7162f497b55a7735b443f5506694215e2f3f5f026b597a54a01	darwin01/kernel/machdep/i386/intr.c:312 (DEFINE_SPL macro expansion)	spldevice	07_kernel/src/machdep/i386/intr.c	compared	medium	06_reconstruction/evidence/x86-intr.md	L1 MATCH_UNVERIFIED: bytes and references equal; only unverified dependency is __bss, reference-inferred (s5p21-zerofill-check-20261001.json); object grade P
x86-0x18ba58	x86	33469393c0843fc741942c3ae9d91d838467d72abd647dcf2e5bf499a3f14890	0x18ba58	_spl4	machdep	darwin01	kernel-1.tar.gz sha256 0c19349be454d7162f497b55a7735b443f5506694215e2f3f5f026b597a54a01	darwin01/kernel/machdep/i386/intr.c:314 (DEFINE_SPL macro expansion)	spl4	07_kernel/src/machdep/i386/intr.c	compared	medium	06_reconstruction/evidence/x86-intr.md	L1 MATCH_UNVERIFIED: bytes and references equal; only unverified dependency is __bss, reference-inferred (s5p21-zerofill-check-20261001.json); object grade P
x86-0x18bb28	x86	33469393c0843fc741942c3ae9d91d838467d72abd647dcf2e5bf499a3f14890	0x18bb28	_spl5	machdep	darwin01	kernel-1.tar.gz sha256 0c19349be454d7162f497b55a7735b443f5506694215e2f3f5f026b597a54a01	darwin01/kernel/machdep/i386/intr.c:316 (DEFINE_SPL macro expansion)	spl5	07_kernel/src/machdep/i386/intr.c	compared	medium	06_reconstruction/evidence/x86-intr.md	L1 MATCH_UNVERIFIED: bytes and references equal; only unverified dependency is __bss, reference-inferred (s5p21-zerofill-check-20261001.json); object grade P
x86-0x18bbf8	x86	33469393c0843fc741942c3ae9d91d838467d72abd647dcf2e5bf499a3f14890	0x18bbf8	_spl6	machdep	darwin01	kernel-1.tar.gz sha256 0c19349be454d7162f497b55a7735b443f5506694215e2f3f5f026b597a54a01	darwin01/kernel/machdep/i386/intr.c:318 (DEFINE_SPL macro expansion)	spl6	07_kernel/src/machdep/i386/intr.c	compared	medium	06_reconstruction/evidence/x86-intr.md	L1 MATCH_UNVERIFIED: bytes and references equal; only unverified dependency is __bss, reference-inferred (s5p21-zerofill-check-20261001.json); object grade P
x86-0x18bcc8	x86	33469393c0843fc741942c3ae9d91d838467d72abd647dcf2e5bf499a3f14890	0x18bcc8	_spldma	machdep	darwin01	kernel-1.tar.gz sha256 0c19349be454d7162f497b55a7735b443f5506694215e2f3f5f026b597a54a01	darwin01/kernel/machdep/i386/intr.c:319 (DEFINE_SPL macro expansion)	spldma	07_kernel/src/machdep/i386/intr.c	compared	medium	06_reconstruction/evidence/x86-intr.md	L1 MATCH_UNVERIFIED: bytes and references equal; only unverified dependency is __bss, reference-inferred (s5p21-zerofill-check-20261001.json); object grade P
x86-0x18bd98	x86	33469393c0843fc741942c3ae9d91d838467d72abd647dcf2e5bf499a3f14890	0x18bd98	_splusclock	machdep	darwin01	kernel-1.tar.gz sha256 0c19349be454d7162f497b55a7735b443f5506694215e2f3f5f026b597a54a01	darwin01/kernel/machdep/i386/intr.c:320 (DEFINE_SPL macro expansion)	splusclock	07_kernel/src/machdep/i386/intr.c	compared	medium	06_reconstruction/evidence/x86-intr.md	L1 MATCH_UNVERIFIED: bytes and references equal; only unverified dependency is __bss, reference-inferred (s5p21-zerofill-check-20261001.json); object grade P
x86-0x18be68	x86	33469393c0843fc741942c3ae9d91d838467d72abd647dcf2e5bf499a3f14890	0x18be68	_splsched	machdep	darwin01	kernel-1.tar.gz sha256 0c19349be454d7162f497b55a7735b443f5506694215e2f3f5f026b597a54a01	darwin01/kernel/machdep/i386/intr.c:321 (DEFINE_SPL macro expansion)	splsched	07_kernel/src/machdep/i386/intr.c	compared	medium	06_reconstruction/evidence/x86-intr.md	L1 MATCH_UNVERIFIED: bytes and references equal; only unverified dependency is __bss, reference-inferred (s5p21-zerofill-check-20261001.json); object grade P
x86-0x18bf38	x86	33469393c0843fc741942c3ae9d91d838467d72abd647dcf2e5bf499a3f14890	0x18bf38	_splclock	machdep	darwin01	kernel-1.tar.gz sha256 0c19349be454d7162f497b55a7735b443f5506694215e2f3f5f026b597a54a01	darwin01/kernel/machdep/i386/intr.c:322 (DEFINE_SPL macro expansion)	splclock	07_kernel/src/machdep/i386/intr.c	compared	medium	06_reconstruction/evidence/x86-intr.md	L1 MATCH_UNVERIFIED: bytes and references equal; only unverified dependency is __bss, reference-inferred (s5p21-zerofill-check-20261001.json); object grade P
x86-0x18c008	x86	33469393c0843fc741942c3ae9d91d838467d72abd647dcf2e5bf499a3f14890	0x18c008	_spl7	machdep	darwin01	kernel-1.tar.gz sha256 0c19349be454d7162f497b55a7735b443f5506694215e2f3f5f026b597a54a01	darwin01/kernel/machdep/i386/intr.c:324 (DEFINE_SPL macro expansion)	spl7	07_kernel/src/machdep/i386/intr.c	compared	medium	06_reconstruction/evidence/x86-intr.md	L1 MATCH_UNVERIFIED: bytes and references equal; only unverified dependency is __bss, reference-inferred (s5p21-zerofill-check-20261001.json); object grade P
x86-0x18c0d8	x86	33469393c0843fc741942c3ae9d91d838467d72abd647dcf2e5bf499a3f14890	0x18c0d8	_splhigh	machdep	darwin01	kernel-1.tar.gz sha256 0c19349be454d7162f497b55a7735b443f5506694215e2f3f5f026b597a54a01	darwin01/kernel/machdep/i386/intr.c:325 (DEFINE_SPL macro expansion)	splhigh	07_kernel/src/machdep/i386/intr.c	compared	medium	06_reconstruction/evidence/x86-intr.md	L1 MATCH_UNVERIFIED: bytes and references equal; only unverified dependency is __bss, reference-inferred (s5p21-zerofill-check-20261001.json); object grade P
x86-0x18c1a8	x86	33469393c0843fc741942c3ae9d91d838467d72abd647dcf2e5bf499a3f14890	0x18c1a8	_spln	machdep	darwin01	kernel-1.tar.gz sha256 0c19349be454d7162f497b55a7735b443f5506694215e2f3f5f026b597a54a01	darwin01/kernel/machdep/i386/intr.c:328	spln	07_kernel/src/machdep/i386/intr.c	compared	medium	06_reconstruction/evidence/x86-intr.md	L1 MATCH_UNVERIFIED: bytes and references equal; only unverified dependency is __bss, reference-inferred (s5p21-zerofill-check-20261001.json); object grade P
x86-0x18c270	x86	33469393c0843fc741942c3ae9d91d838467d72abd647dcf2e5bf499a3f14890	0x18c270	_ipltospl	machdep	darwin01	kernel-1.tar.gz sha256 0c19349be454d7162f497b55a7735b443f5506694215e2f3f5f026b597a54a01	darwin01/kernel/machdep/i386/intr.c:336	ipltospl	07_kernel/src/machdep/i386/intr.c	compared	high	06_reconstruction/evidence/x86-intr.md	L1 MATCH (-O3 = -O4; -O2 differs); object grade P
x86-0x18c27c	x86	33469393c0843fc741942c3ae9d91d838467d72abd647dcf2e5bf499a3f14890	0x18c27c	_curipl	machdep	darwin01	kernel-1.tar.gz sha256 0c19349be454d7162f497b55a7735b443f5506694215e2f3f5f026b597a54a01	darwin01/kernel/machdep/i386/intr.c:347	curipl	07_kernel/src/machdep/i386/intr.c	compared	medium	06_reconstruction/evidence/x86-intr.md	L1 MATCH_UNVERIFIED: bytes and references equal; only unverified dependency is __bss, reference-inferred (s5p21-zerofill-check-20261001.json); object grade P
x86-0x18c288	x86	33469393c0843fc741942c3ae9d91d838467d72abd647dcf2e5bf499a3f14890	0x18c288	_intr_initialize	machdep	darwin01	kernel-1.tar.gz sha256 0c19349be454d7162f497b55a7735b443f5506694215e2f3f5f026b597a54a01	darwin01/kernel/machdep/i386/intr.c:405	intr_initialize	07_kernel/src/machdep/i386/intr.c	compared	medium	06_reconstruction/evidence/x86-intr.md	L1 MATCH_UNVERIFIED: bytes and references equal; only unverified dependency is __bss, reference-inferred (s5p21-zerofill-check-20261001.json); object grade P
x86-0x18c39c	x86	33469393c0843fc741942c3ae9d91d838467d72abd647dcf2e5bf499a3f14890	0x18c39c	_intr_register_irq	machdep	darwin01	kernel-1.tar.gz sha256 0c19349be454d7162f497b55a7735b443f5506694215e2f3f5f026b597a54a01	darwin01/kernel/machdep/i386/intr.c:444	intr_register_irq	07_kernel/src/machdep/i386/intr.c	compared	medium	06_reconstruction/evidence/x86-intr.md	L1 MATCH_UNVERIFIED: bytes and references equal; only unverified dependency is __bss, reference-inferred (s5p21-zerofill-check-20261001.json); object grade P
x86-0x18c4b4	x86	33469393c0843fc741942c3ae9d91d838467d72abd647dcf2e5bf499a3f14890	0x18c4b4	_intr_unregister_irq	machdep	darwin01	kernel-1.tar.gz sha256 0c19349be454d7162f497b55a7735b443f5506694215e2f3f5f026b597a54a01	darwin01/kernel/machdep/i386/intr.c:488	intr_unregister_irq	07_kernel/src/machdep/i386/intr.c	compared	medium	06_reconstruction/evidence/x86-intr.md	L1 MATCH_UNVERIFIED: bytes and references equal; only unverified dependency is __bss, reference-inferred (s5p21-zerofill-check-20261001.json); object grade P
x86-0x18c5a0	x86	33469393c0843fc741942c3ae9d91d838467d72abd647dcf2e5bf499a3f14890	0x18c5a0	_intr_enable_irq	machdep	darwin01	kernel-1.tar.gz sha256 0c19349be454d7162f497b55a7735b443f5506694215e2f3f5f026b597a54a01	darwin01/kernel/machdep/i386/intr.c:523	intr_enable_irq	07_kernel/src/machdep/i386/intr.c	compared	medium	06_reconstruction/evidence/x86-intr.md	L1 MATCH_UNVERIFIED: bytes and references equal; only unverified dependency is __bss, reference-inferred (s5p21-zerofill-check-20261001.json); object grade P
x86-0x18c638	x86	33469393c0843fc741942c3ae9d91d838467d72abd647dcf2e5bf499a3f14890	0x18c638	_intr_disable_irq	machdep	darwin01	kernel-1.tar.gz sha256 0c19349be454d7162f497b55a7735b443f5506694215e2f3f5f026b597a54a01	darwin01/kernel/machdep/i386/intr.c:543	intr_disable_irq	07_kernel/src/machdep/i386/intr.c	compared	medium	06_reconstruction/evidence/x86-intr.md	L1 MATCH_UNVERIFIED: bytes and references equal; only unverified dependency is __bss, reference-inferred (s5p21-zerofill-check-20261001.json); object grade P
x86-0x18c6cc	x86	33469393c0843fc741942c3ae9d91d838467d72abd647dcf2e5bf499a3f14890	0x18c6cc	_intr_change_ipl	machdep	darwin01	kernel-1.tar.gz sha256 0c19349be454d7162f497b55a7735b443f5506694215e2f3f5f026b597a54a01	darwin01/kernel/machdep/i386/intr.c:563	intr_change_ipl	07_kernel/src/machdep/i386/intr.c	compared	medium	06_reconstruction/evidence/x86-intr.md	L1 MATCH_UNVERIFIED: bytes and references equal; only unverified dependency is __bss, reference-inferred (s5p21-zerofill-check-20261001.json); object grade P
x86-0x18c7b0	x86	33469393c0843fc741942c3ae9d91d838467d72abd647dcf2e5bf499a3f14890	0x18c7b0	_intr_change_mode	machdep	darwin01	kernel-1.tar.gz sha256 0c19349be454d7162f497b55a7735b443f5506694215e2f3f5f026b597a54a01	darwin01/kernel/machdep/i386/intr.c:601	intr_change_mode	07_kernel/src/machdep/i386/intr.c	compared	medium	06_reconstruction/evidence/x86-intr.md	L1 MATCH_UNVERIFIED: bytes and references equal; only unverified dependency is __bss, reference-inferred (s5p21-zerofill-check-20261001.json); object grade P
x86-0x18c85c	x86	33469393c0843fc741942c3ae9d91d838467d72abd647dcf2e5bf499a3f14890	0x18c85c	_intr_handler	machdep	darwin01	kernel-1.tar.gz sha256 0c19349be454d7162f497b55a7735b443f5506694215e2f3f5f026b597a54a01	darwin01/kernel/machdep/i386/intr.c:649	intr_handler	07_kernel/src/machdep/i386/intr.c	compared	medium	06_reconstruction/evidence/x86-intr.md	L1 MATCH_UNVERIFIED: bytes and references equal; only unverified dependency is __bss, reference-inferred (s5p21-zerofill-check-20261001.json); object grade P
x86-0x1506b0	x86	33469393c0843fc741942c3ae9d91d838467d72abd647dcf2e5bf499a3f14890	0x1506b0	_ipc_space_reference	ipc	darwin01	kernel-1.tar.gz sha256 0c19349be454d7162f497b55a7735b443f5506694215e2f3f5f026b597a54a01	darwin01/kernel/ipc/ipc_space.c:115	ipc_space_reference	07_kernel/src/ipc/ipc_space.c	compared	high	06_reconstruction/evidence/x86-ipc_s5p22.md	L1 MATCH (-O3 = -O4; -O2 differs); common-symbol variant OBJECT_MATCH (plan 36.1)
x86-0x1506d8	x86	33469393c0843fc741942c3ae9d91d838467d72abd647dcf2e5bf499a3f14890	0x1506d8	_ipc_space_release	ipc	darwin01	kernel-1.tar.gz sha256 0c19349be454d7162f497b55a7735b443f5506694215e2f3f5f026b597a54a01	darwin01/kernel/ipc/ipc_space.c:122	ipc_space_release	07_kernel/src/ipc/ipc_space.c	compared	high	06_reconstruction/evidence/x86-ipc_s5p22.md	L1 MATCH (-O3 = -O4; -O2 differs); common-symbol variant OBJECT_MATCH (plan 36.1)
x86-0x15071c	x86	33469393c0843fc741942c3ae9d91d838467d72abd647dcf2e5bf499a3f14890	0x15071c	_ipc_space_create	ipc	darwin01	kernel-1.tar.gz sha256 0c19349be454d7162f497b55a7735b443f5506694215e2f3f5f026b597a54a01	darwin01/kernel/ipc/ipc_space.c:143	ipc_space_create	07_kernel/src/ipc/ipc_space.c	compared	high	06_reconstruction/evidence/x86-ipc_s5p22.md	L1 MATCH (-O3 = -O4; -O2 differs); common-symbol variant OBJECT_MATCH (plan 36.1)
x86-0x15081c	x86	33469393c0843fc741942c3ae9d91d838467d72abd647dcf2e5bf499a3f14890	0x15081c	_ipc_space_create_special	ipc	darwin01	kernel-1.tar.gz sha256 0c19349be454d7162f497b55a7735b443f5506694215e2f3f5f026b597a54a01	darwin01/kernel/ipc/ipc_space.c:244	ipc_space_create_special	07_kernel/src/ipc/ipc_space.c	compared	high	06_reconstruction/evidence/x86-ipc_s5p22.md	L1 MATCH (-O3 = -O4; -O2 differs); common-symbol variant OBJECT_MATCH (plan 36.1)
x86-0x150860	x86	33469393c0843fc741942c3ae9d91d838467d72abd647dcf2e5bf499a3f14890	0x150860	_ipc_space_destroy	ipc	darwin01	kernel-1.tar.gz sha256 0c19349be454d7162f497b55a7735b443f5506694215e2f3f5f026b597a54a01	darwin01/kernel/ipc/ipc_space.c:273	ipc_space_destroy	07_kernel/src/ipc/ipc_space.c	compared	high	06_reconstruction/evidence/x86-ipc_s5p22.md	L1 MATCH (-O3 = -O4; -O2 differs); common-symbol variant OBJECT_MATCH (plan 36.1)
x86-0x146908	x86	33469393c0843fc741942c3ae9d91d838467d72abd647dcf2e5bf499a3f14890	0x146908	_ipc_hash_lookup	ipc	darwin01+mach4	kernel-1.tar.gz sha256 0c19349be454d7162f497b55a7735b443f5506694215e2f3f5f026b597a54a01 + restoration edit (07_kernel/MODIFICATIONS.md)	darwin01/kernel/ipc/ipc_hash.c:127 (original line; edited file :129)	ipc_hash_lookup	07_kernel/src/ipc/ipc_hash.c	compared	high	06_reconstruction/evidence/x86-ipc_s5p22.md	L1 MATCH (-O3 = -O4; -O2 differs); common-symbol variant OBJECT_MATCH (plan 36.1); body from Mach4 https://github.com/openmach/mach4.git 69fa77870f20d854c875135e116ebc80b118e7ff kernel/ipc/ipc_hash.c:73-76
x86-0x146958	x86	33469393c0843fc741942c3ae9d91d838467d72abd647dcf2e5bf499a3f14890	0x146958	_ipc_hash_insert	ipc	darwin01	kernel-1.tar.gz sha256 0c19349be454d7162f497b55a7735b443f5506694215e2f3f5f026b597a54a01 + restoration edit (07_kernel/MODIFICATIONS.md)	darwin01/kernel/ipc/ipc_hash.c:154 (original line; edited file :151)	ipc_hash_insert	07_kernel/src/ipc/ipc_hash.c	compared	high	06_reconstruction/evidence/x86-ipc_s5p22.md	L1 MATCH (-O3 = -O4; -O2 differs); common-symbol variant OBJECT_MATCH (plan 36.1)
x86-0x1469a0	x86	33469393c0843fc741942c3ae9d91d838467d72abd647dcf2e5bf499a3f14890	0x1469a0	_ipc_hash_delete	ipc	darwin01	kernel-1.tar.gz sha256 0c19349be454d7162f497b55a7735b443f5506694215e2f3f5f026b597a54a01 + restoration edit (07_kernel/MODIFICATIONS.md)	darwin01/kernel/ipc/ipc_hash.c:181 (original line; edited file :178)	ipc_hash_delete	07_kernel/src/ipc/ipc_hash.c	compared	high	06_reconstruction/evidence/x86-ipc_s5p22.md	L1 MATCH (-O3 = -O4; -O2 differs); common-symbol variant OBJECT_MATCH (plan 36.1)
x86-0x1469e8	x86	33469393c0843fc741942c3ae9d91d838467d72abd647dcf2e5bf499a3f14890	0x1469e8	_ipc_hash_global_lookup	ipc	darwin01	kernel-1.tar.gz sha256 0c19349be454d7162f497b55a7735b443f5506694215e2f3f5f026b597a54a01 + restoration edit (07_kernel/MODIFICATIONS.md)	darwin01/kernel/ipc/ipc_hash.c:240 (original line; edited file :237)	ipc_hash_global_lookup	07_kernel/src/ipc/ipc_hash.c	compared	high	06_reconstruction/evidence/x86-ipc_s5p22.md	L1 MATCH (-O3 = -O4; -O2 differs); common-symbol variant OBJECT_MATCH (plan 36.1)
x86-0x146a98	x86	33469393c0843fc741942c3ae9d91d838467d72abd647dcf2e5bf499a3f14890	0x146a98	_ipc_hash_global_insert	ipc	darwin01	kernel-1.tar.gz sha256 0c19349be454d7162f497b55a7735b443f5506694215e2f3f5f026b597a54a01 + restoration edit (07_kernel/MODIFICATIONS.md)	darwin01/kernel/ipc/ipc_hash.c:293 (original line; edited file :290)	ipc_hash_global_insert	07_kernel/src/ipc/ipc_hash.c	compared	high	06_reconstruction/evidence/x86-ipc_s5p22.md	L1 MATCH (-O3 = -O4; -O2 differs); common-symbol variant OBJECT_MATCH (plan 36.1)
x86-0x146ae8	x86	33469393c0843fc741942c3ae9d91d838467d72abd647dcf2e5bf499a3f14890	0x146ae8	_ipc_hash_global_delete	ipc	darwin01	kernel-1.tar.gz sha256 0c19349be454d7162f497b55a7735b443f5506694215e2f3f5f026b597a54a01 + restoration edit (07_kernel/MODIFICATIONS.md)	darwin01/kernel/ipc/ipc_hash.c:330 (original line; edited file :327)	ipc_hash_global_delete	07_kernel/src/ipc/ipc_hash.c	compared	high	06_reconstruction/evidence/x86-ipc_s5p22.md	L1 MATCH (-O3 = -O4; -O2 differs); common-symbol variant OBJECT_MATCH (plan 36.1)
x86-0x146b54	x86	33469393c0843fc741942c3ae9d91d838467d72abd647dcf2e5bf499a3f14890	0x146b54	_ipc_hash_local_lookup	ipc	darwin01	kernel-1.tar.gz sha256 0c19349be454d7162f497b55a7735b443f5506694215e2f3f5f026b597a54a01 + restoration edit (07_kernel/MODIFICATIONS.md)	darwin01/kernel/ipc/ipc_hash.c:410 (original line; edited file :407)	ipc_hash_local_lookup	07_kernel/src/ipc/ipc_hash.c	compared	high	06_reconstruction/evidence/x86-ipc_s5p22.md	L1 MATCH (-O3 = -O4; -O2 differs); common-symbol variant OBJECT_MATCH (plan 36.1)
x86-0x146bc8	x86	33469393c0843fc741942c3ae9d91d838467d72abd647dcf2e5bf499a3f14890	0x146bc8	_ipc_hash_local_insert	ipc	darwin01	kernel-1.tar.gz sha256 0c19349be454d7162f497b55a7735b443f5506694215e2f3f5f026b597a54a01 + restoration edit (07_kernel/MODIFICATIONS.md)	darwin01/kernel/ipc/ipc_hash.c:459 (original line; edited file :456)	ipc_hash_local_insert	07_kernel/src/ipc/ipc_hash.c	compared	high	06_reconstruction/evidence/x86-ipc_s5p22.md	L1 MATCH (-O3 = -O4; -O2 differs); common-symbol variant OBJECT_MATCH (plan 36.1)
x86-0x146c0c	x86	33469393c0843fc741942c3ae9d91d838467d72abd647dcf2e5bf499a3f14890	0x146c0c	_ipc_hash_local_delete	ipc	darwin01	kernel-1.tar.gz sha256 0c19349be454d7162f497b55a7735b443f5506694215e2f3f5f026b597a54a01 + restoration edit (07_kernel/MODIFICATIONS.md)	darwin01/kernel/ipc/ipc_hash.c:503 (original line; edited file :500)	ipc_hash_local_delete	07_kernel/src/ipc/ipc_hash.c	compared	high	06_reconstruction/evidence/x86-ipc_s5p22.md	L1 MATCH (-O3 = -O4; -O2 differs); common-symbol variant OBJECT_MATCH (plan 36.1)
x86-0x146cb0	x86	33469393c0843fc741942c3ae9d91d838467d72abd647dcf2e5bf499a3f14890	0x146cb0	_ipc_hash_init	ipc	darwin01	kernel-1.tar.gz sha256 0c19349be454d7162f497b55a7735b443f5506694215e2f3f5f026b597a54a01 + restoration edit (07_kernel/MODIFICATIONS.md)	darwin01/kernel/ipc/ipc_hash.c:592 (original line; edited file :589)	ipc_hash_init	07_kernel/src/ipc/ipc_hash.c	compared	high	06_reconstruction/evidence/x86-ipc_s5p22.md	L1 MATCH (-O3 = -O4; -O2 differs); common-symbol variant OBJECT_MATCH (plan 36.1)
x86-0x146d54	x86	33469393c0843fc741942c3ae9d91d838467d72abd647dcf2e5bf499a3f14890	0x146d54	_ipc_hash_info	ipc	darwin01	kernel-1.tar.gz sha256 0c19349be454d7162f497b55a7735b443f5506694215e2f3f5f026b597a54a01 + restoration edit (07_kernel/MODIFICATIONS.md)	darwin01/kernel/ipc/ipc_hash.c:660 (original line; edited file :657)	ipc_hash_info	07_kernel/src/ipc/ipc_hash.c	compared	high	06_reconstruction/evidence/x86-ipc_s5p22.md	L1 MATCH (-O3 = -O4; -O2 differs); common-symbol variant OBJECT_MATCH (plan 36.1)
x86-0x14d61c	x86	33469393c0843fc741942c3ae9d91d838467d72abd647dcf2e5bf499a3f14890	0x14d61c	_ipc_pset_alloc	ipc	darwin01	kernel-1.tar.gz sha256 0c19349be454d7162f497b55a7735b443f5506694215e2f3f5f026b597a54a01 + header restoration edit ipc/ipc_object.h	darwin01/kernel/ipc/ipc_pset.c:112	ipc_pset_alloc	07_kernel/src/ipc/ipc_pset.c	compared	high	06_reconstruction/evidence/x86-ipc_s5p22.md	L1 MATCH (-O3 = -O4; -O2 differs); -fno-common and variant OBJECT_MATCH
x86-0x14d674	x86	33469393c0843fc741942c3ae9d91d838467d72abd647dcf2e5bf499a3f14890	0x14d674	_ipc_pset_alloc_name	ipc	darwin01	kernel-1.tar.gz sha256 0c19349be454d7162f497b55a7735b443f5506694215e2f3f5f026b597a54a01 + header restoration edit ipc/ipc_object.h	darwin01/kernel/ipc/ipc_pset.c:151	ipc_pset_alloc_name	07_kernel/src/ipc/ipc_pset.c	compared	high	06_reconstruction/evidence/x86-ipc_s5p22.md	L1 MATCH (-O3 = -O4; -O2 differs); -fno-common and variant OBJECT_MATCH
x86-0x14d6c0	x86	33469393c0843fc741942c3ae9d91d838467d72abd647dcf2e5bf499a3f14890	0x14d6c0	_ipc_pset_add	ipc	darwin01	kernel-1.tar.gz sha256 0c19349be454d7162f497b55a7735b443f5506694215e2f3f5f026b597a54a01 + header restoration edit ipc/ipc_object.h	darwin01/kernel/ipc/ipc_pset.c:185	ipc_pset_add	07_kernel/src/ipc/ipc_pset.c	compared	high	06_reconstruction/evidence/x86-ipc_s5p22.md	L1 MATCH (-O3 = -O4; -O2 differs); -fno-common and variant OBJECT_MATCH
x86-0x14d734	x86	33469393c0843fc741942c3ae9d91d838467d72abd647dcf2e5bf499a3f14890	0x14d734	_ipc_pset_remove	ipc	darwin01	kernel-1.tar.gz sha256 0c19349be454d7162f497b55a7735b443f5506694215e2f3f5f026b597a54a01 + header restoration edit ipc/ipc_object.h	darwin01/kernel/ipc/ipc_pset.c:223	ipc_pset_remove	07_kernel/src/ipc/ipc_pset.c	compared	high	06_reconstruction/evidence/x86-ipc_s5p22.md	L1 MATCH (-O3 = -O4; -O2 differs); -fno-common and variant OBJECT_MATCH
x86-0x14d79c	x86	33469393c0843fc741942c3ae9d91d838467d72abd647dcf2e5bf499a3f14890	0x14d79c	_ipc_pset_move	ipc	darwin01	kernel-1.tar.gz sha256 0c19349be454d7162f497b55a7735b443f5506694215e2f3f5f026b597a54a01 + header restoration edit ipc/ipc_object.h	darwin01/kernel/ipc/ipc_pset.c:259	ipc_pset_move	07_kernel/src/ipc/ipc_pset.c	compared	high	06_reconstruction/evidence/x86-ipc_s5p22.md	L1 MATCH (-O3 = -O4; -O2 differs); -fno-common and variant OBJECT_MATCH
x86-0x14da98	x86	33469393c0843fc741942c3ae9d91d838467d72abd647dcf2e5bf499a3f14890	0x14da98	_ipc_pset_destroy	ipc	darwin01	kernel-1.tar.gz sha256 0c19349be454d7162f497b55a7735b443f5506694215e2f3f5f026b597a54a01 + header restoration edit ipc/ipc_object.h	darwin01/kernel/ipc/ipc_pset.c:348	ipc_pset_destroy	07_kernel/src/ipc/ipc_pset.c	compared	high	06_reconstruction/evidence/x86-ipc_s5p22.md	L1 MATCH (-O3 = -O4; -O2 differs); -fno-common and variant OBJECT_MATCH
x86-0x16a158	x86	33469393c0843fc741942c3ae9d91d838467d72abd647dcf2e5bf499a3f14890	0x16a158	_kern_timestamp	kern	darwin01+authored	kernel-1.tar.gz sha256 0c19349be454d7162f497b55a7735b443f5506694215e2f3f5f026b597a54a01 + authored lines (D016, 07_kernel/MODIFICATIONS.md)	darwin01/kernel/kern/time_stamp.c:57 (original line; edited file :63)	kern_timestamp	07_kernel/src/kern/time_stamp.c	compared	high	06_reconstruction/evidence/x86-time_stamp.md	L1 MATCH (-O2 = -O3 = -O4); authored: prototypes of clock_value/ns_time_to_tsval and the #else m68k body (diff x86-time_stamp.diff), variant 2 of 2 (plan 48.2); original 0x16a163-0x16a175
x86-0x159000	x86	33469393c0843fc741942c3ae9d91d838467d72abd647dcf2e5bf499a3f14890	0x159000	_thread_go	kern	darwin01	kernel-1.tar.gz sha256 0c19349be454d7162f497b55a7735b443f5506694215e2f3f5f026b597a54a01 (file has authored lines elsewhere)	darwin01/kernel/kern/ipc_sched.c:83 (original line; edited file :85)	thread_go	07_kernel/src/kern/ipc_sched.c	compared	high	06_reconstruction/evidence/x86-ipc_sched.md	L1 MATCH (-O2 = -O3 = -O4)
x86-0x1590d8	x86	33469393c0843fc741942c3ae9d91d838467d72abd647dcf2e5bf499a3f14890	0x1590d8	_thread_go_and_switch	kern	darwin01	kernel-1.tar.gz sha256 0c19349be454d7162f497b55a7735b443f5506694215e2f3f5f026b597a54a01 (file has authored lines elsewhere)	darwin01/kernel/kern/ipc_sched.c:141 (original line; edited file :143)	thread_go_and_switch	07_kernel/src/kern/ipc_sched.c	compared	high	06_reconstruction/evidence/x86-ipc_sched.md	L1 MATCH (-O2 = -O3 = -O4)
x86-0x1591f4	x86	33469393c0843fc741942c3ae9d91d838467d72abd647dcf2e5bf499a3f14890	0x1591f4	_thread_will_wait	kern	darwin01	kernel-1.tar.gz sha256 0c19349be454d7162f497b55a7735b443f5506694215e2f3f5f026b597a54a01 (file has authored lines elsewhere)	darwin01/kernel/kern/ipc_sched.c:220 (original line; edited file :222)	thread_will_wait	07_kernel/src/kern/ipc_sched.c	compared	high	06_reconstruction/evidence/x86-ipc_sched.md	L1 MATCH (-O2 = -O3 = -O4)
x86-0x159234	x86	33469393c0843fc741942c3ae9d91d838467d72abd647dcf2e5bf499a3f14890	0x159234	_thread_will_wait_with_timeout	kern	darwin01	kernel-1.tar.gz sha256 0c19349be454d7162f497b55a7735b443f5506694215e2f3f5f026b597a54a01 (file has authored lines elsewhere)	darwin01/kernel/kern/ipc_sched.c:243 (original line; edited file :245)	thread_will_wait_with_timeout	07_kernel/src/kern/ipc_sched.c	compared	high	06_reconstruction/evidence/x86-ipc_sched.md	L1 MATCH (-O2 = -O3 = -O4)
x86-0x1592ac	x86	33469393c0843fc741942c3ae9d91d838467d72abd647dcf2e5bf499a3f14890	0x1592ac	_thread_handoff	kern	darwin01+authored	kernel-1.tar.gz sha256 0c19349be454d7162f497b55a7735b443f5506694215e2f3f5f026b597a54a01 + authored lines (D016, 07_kernel/MODIFICATIONS.md)	darwin01/kernel/kern/ipc_sched.c:293 (original line; edited file :295)	thread_handoff	07_kernel/src/kern/ipc_sched.c	compared	high	06_reconstruction/evidence/x86-ipc_sched.md	L1 MATCH (-O2 = -O3 = -O4); authored: switch_unix_context(new) before stack_handoff (diff x86-ipc_sched.diff); original 0x159342-0x159348
x86-0x15b504	x86	33469393c0843fc741942c3ae9d91d838467d72abd647dcf2e5bf499a3f14890	0x15b504	_simple_lock_alloc	kern	darwin01	kernel-1.tar.gz sha256 0c19349be454d7162f497b55a7735b443f5506694215e2f3f5f026b597a54a01	darwin01/kernel/kern/lock.c:143	simple_lock_alloc	07_kernel/src/kern/lock.c	compared	high	06_reconstruction/evidence/x86-lock_ipc_splay.md	L1 MATCH (-O2 = -O3 = -O4 identical object)
x86-0x15b514	x86	33469393c0843fc741942c3ae9d91d838467d72abd647dcf2e5bf499a3f14890	0x15b514	_simple_lock_free	kern	darwin01	kernel-1.tar.gz sha256 0c19349be454d7162f497b55a7735b443f5506694215e2f3f5f026b597a54a01	darwin01/kernel/kern/lock.c:152	simple_lock_free	07_kernel/src/kern/lock.c	compared	high	06_reconstruction/evidence/x86-lock_ipc_splay.md	L1 MATCH (-O2 = -O3 = -O4 identical object)
x86-0x15b528	x86	33469393c0843fc741942c3ae9d91d838467d72abd647dcf2e5bf499a3f14890	0x15b528	_lock_alloc	kern	darwin01	kernel-1.tar.gz sha256 0c19349be454d7162f497b55a7735b443f5506694215e2f3f5f026b597a54a01	darwin01/kernel/kern/lock.c:166	lock_alloc	07_kernel/src/kern/lock.c	compared	high	06_reconstruction/evidence/x86-lock_ipc_splay.md	L1 MATCH (-O2 = -O3 = -O4 identical object)
x86-0x15b538	x86	33469393c0843fc741942c3ae9d91d838467d72abd647dcf2e5bf499a3f14890	0x15b538	_lock_free	kern	darwin01	kernel-1.tar.gz sha256 0c19349be454d7162f497b55a7735b443f5506694215e2f3f5f026b597a54a01	darwin01/kernel/kern/lock.c:176	lock_free	07_kernel/src/kern/lock.c	compared	high	06_reconstruction/evidence/x86-lock_ipc_splay.md	L1 MATCH (-O2 = -O3 = -O4 identical object)
x86-0x15b54c	x86	33469393c0843fc741942c3ae9d91d838467d72abd647dcf2e5bf499a3f14890	0x15b54c	_lock_init	kern	darwin01	kernel-1.tar.gz sha256 0c19349be454d7162f497b55a7735b443f5506694215e2f3f5f026b597a54a01	darwin01/kernel/kern/lock.c:190	lock_init	07_kernel/src/kern/lock.c	compared	high	06_reconstruction/evidence/x86-lock_ipc_splay.md	L1 MATCH (-O2 = -O3 = -O4 identical object)
x86-0x15b594	x86	33469393c0843fc741942c3ae9d91d838467d72abd647dcf2e5bf499a3f14890	0x15b594	_lock_sleepable	kern	darwin01	kernel-1.tar.gz sha256 0c19349be454d7162f497b55a7735b443f5506694215e2f3f5f026b597a54a01	darwin01/kernel/kern/lock.c:204	lock_sleepable	07_kernel/src/kern/lock.c	compared	high	06_reconstruction/evidence/x86-lock_ipc_splay.md	L1 MATCH (-O2 = -O3 = -O4 identical object)
x86-0x15b5d0	x86	33469393c0843fc741942c3ae9d91d838467d72abd647dcf2e5bf499a3f14890	0x15b5d0	_lock_write	kern	darwin01	kernel-1.tar.gz sha256 0c19349be454d7162f497b55a7735b443f5506694215e2f3f5f026b597a54a01	darwin01/kernel/kern/lock.c:220	lock_write	07_kernel/src/kern/lock.c	compared	high	06_reconstruction/evidence/x86-lock_ipc_splay.md	L1 MATCH (-O2 = -O3 = -O4 identical object)
x86-0x15b73c	x86	33469393c0843fc741942c3ae9d91d838467d72abd647dcf2e5bf499a3f14890	0x15b73c	_lock_done	kern	darwin01	kernel-1.tar.gz sha256 0c19349be454d7162f497b55a7735b443f5506694215e2f3f5f026b597a54a01	darwin01/kernel/kern/lock.c:277	lock_done	07_kernel/src/kern/lock.c	compared	high	06_reconstruction/evidence/x86-lock_ipc_splay.md	L1 MATCH (-O2 = -O3 = -O4 identical object)
x86-0x15b7d0	x86	33469393c0843fc741942c3ae9d91d838467d72abd647dcf2e5bf499a3f14890	0x15b7d0	_lock_read	kern	darwin01	kernel-1.tar.gz sha256 0c19349be454d7162f497b55a7735b443f5506694215e2f3f5f026b597a54a01	darwin01/kernel/kern/lock.c:309	lock_read	07_kernel/src/kern/lock.c	compared	high	06_reconstruction/evidence/x86-lock_ipc_splay.md	L1 MATCH (-O2 = -O3 = -O4 identical object)
x86-0x15b890	x86	33469393c0843fc741942c3ae9d91d838467d72abd647dcf2e5bf499a3f14890	0x15b890	_lock_read_to_write	kern	darwin01	kernel-1.tar.gz sha256 0c19349be454d7162f497b55a7735b443f5506694215e2f3f5f026b597a54a01	darwin01/kernel/kern/lock.c:355	lock_read_to_write	07_kernel/src/kern/lock.c	compared	high	06_reconstruction/evidence/x86-lock_ipc_splay.md	L1 MATCH (-O2 = -O3 = -O4 identical object)
x86-0x15b9b0	x86	33469393c0843fc741942c3ae9d91d838467d72abd647dcf2e5bf499a3f14890	0x15b9b0	_lock_write_to_read	kern	darwin01	kernel-1.tar.gz sha256 0c19349be454d7162f497b55a7735b443f5506694215e2f3f5f026b597a54a01	darwin01/kernel/kern/lock.c:410	lock_write_to_read	07_kernel/src/kern/lock.c	compared	high	06_reconstruction/evidence/x86-lock_ipc_splay.md	L1 MATCH (-O2 = -O3 = -O4 identical object)
x86-0x15ba2c	x86	33469393c0843fc741942c3ae9d91d838467d72abd647dcf2e5bf499a3f14890	0x15ba2c	_lock_try_write	kern	darwin01	kernel-1.tar.gz sha256 0c19349be454d7162f497b55a7735b443f5506694215e2f3f5f026b597a54a01	darwin01/kernel/kern/lock.c:441	lock_try_write	07_kernel/src/kern/lock.c	compared	high	06_reconstruction/evidence/x86-lock_ipc_splay.md	L1 MATCH (-O2 = -O3 = -O4 identical object)
x86-0x15ba98	x86	33469393c0843fc741942c3ae9d91d838467d72abd647dcf2e5bf499a3f14890	0x15ba98	_lock_try_read	kern	darwin01	kernel-1.tar.gz sha256 0c19349be454d7162f497b55a7735b443f5506694215e2f3f5f026b597a54a01	darwin01/kernel/kern/lock.c:480	lock_try_read	07_kernel/src/kern/lock.c	compared	high	06_reconstruction/evidence/x86-lock_ipc_splay.md	L1 MATCH (-O2 = -O3 = -O4 identical object)
x86-0x15bae8	x86	33469393c0843fc741942c3ae9d91d838467d72abd647dcf2e5bf499a3f14890	0x15bae8	_lock_try_read_to_write	kern	darwin01	kernel-1.tar.gz sha256 0c19349be454d7162f497b55a7735b443f5506694215e2f3f5f026b597a54a01	darwin01/kernel/kern/lock.c:514	lock_try_read_to_write	07_kernel/src/kern/lock.c	compared	high	06_reconstruction/evidence/x86-lock_ipc_splay.md	L1 MATCH (-O2 = -O3 = -O4 identical object)
x86-0x15bb9c	x86	33469393c0843fc741942c3ae9d91d838467d72abd647dcf2e5bf499a3f14890	0x15bb9c	_lock_set_recursive	kern	darwin01	kernel-1.tar.gz sha256 0c19349be454d7162f497b55a7735b443f5506694215e2f3f5f026b597a54a01	darwin01/kernel/kern/lock.c:551	lock_set_recursive	07_kernel/src/kern/lock.c	compared	high	06_reconstruction/evidence/x86-lock_ipc_splay.md	L1 MATCH (-O2 = -O3 = -O4 identical object)
x86-0x15bbe0	x86	33469393c0843fc741942c3ae9d91d838467d72abd647dcf2e5bf499a3f14890	0x15bbe0	_lock_clear_recursive	kern	darwin01	kernel-1.tar.gz sha256 0c19349be454d7162f497b55a7735b443f5506694215e2f3f5f026b597a54a01	darwin01/kernel/kern/lock.c:565	lock_clear_recursive	07_kernel/src/kern/lock.c	compared	high	06_reconstruction/evidence/x86-lock_ipc_splay.md	L1 MATCH (-O2 = -O3 = -O4 identical object)
x86-0x150a08	x86	33469393c0843fc741942c3ae9d91d838467d72abd647dcf2e5bf499a3f14890	0x150a08	_ipc_splay_tree_init	ipc	darwin01	kernel-1.tar.gz sha256 0c19349be454d7162f497b55a7735b443f5506694215e2f3f5f026b597a54a01	darwin01/kernel/ipc/ipc_splay.c:306	ipc_splay_tree_init	07_kernel/src/ipc/ipc_splay.c	compared	high	06_reconstruction/evidence/x86-lock_ipc_splay.md	L1 MATCH (-O3; -O2 differs)
x86-0x150a1c	x86	33469393c0843fc741942c3ae9d91d838467d72abd647dcf2e5bf499a3f14890	0x150a1c	_ipc_splay_tree_pick	ipc	darwin01	kernel-1.tar.gz sha256 0c19349be454d7162f497b55a7735b443f5506694215e2f3f5f026b597a54a01	darwin01/kernel/ipc/ipc_splay.c:320	ipc_splay_tree_pick	07_kernel/src/ipc/ipc_splay.c	compared	high	06_reconstruction/evidence/x86-lock_ipc_splay.md	L1 MATCH (-O3; -O2 differs)
x86-0x150a48	x86	33469393c0843fc741942c3ae9d91d838467d72abd647dcf2e5bf499a3f14890	0x150a48	_ipc_splay_tree_lookup	ipc	darwin01	kernel-1.tar.gz sha256 0c19349be454d7162f497b55a7735b443f5506694215e2f3f5f026b597a54a01	darwin01/kernel/ipc/ipc_splay.c:348	ipc_splay_tree_lookup	07_kernel/src/ipc/ipc_splay.c	compared	high	06_reconstruction/evidence/x86-lock_ipc_splay.md	L1 MATCH (-O3; -O2 differs)
x86-0x150bac	x86	33469393c0843fc741942c3ae9d91d838467d72abd647dcf2e5bf499a3f14890	0x150bac	_ipc_splay_tree_insert	ipc	darwin01	kernel-1.tar.gz sha256 0c19349be454d7162f497b55a7735b443f5506694215e2f3f5f026b597a54a01	darwin01/kernel/ipc/ipc_splay.c:387	ipc_splay_tree_insert	07_kernel/src/ipc/ipc_splay.c	compared	high	06_reconstruction/evidence/x86-lock_ipc_splay.md	L1 MATCH (-O3; -O2 differs)
x86-0x150d74	x86	33469393c0843fc741942c3ae9d91d838467d72abd647dcf2e5bf499a3f14890	0x150d74	_ipc_splay_tree_delete	ipc	darwin01	kernel-1.tar.gz sha256 0c19349be454d7162f497b55a7735b443f5506694215e2f3f5f026b597a54a01	darwin01/kernel/ipc/ipc_splay.c:451	ipc_splay_tree_delete	07_kernel/src/ipc/ipc_splay.c	compared	high	06_reconstruction/evidence/x86-lock_ipc_splay.md	L1 MATCH (-O3; -O2 differs)
x86-0x151060	x86	33469393c0843fc741942c3ae9d91d838467d72abd647dcf2e5bf499a3f14890	0x151060	_ipc_splay_tree_split	ipc	darwin01	kernel-1.tar.gz sha256 0c19349be454d7162f497b55a7735b443f5506694215e2f3f5f026b597a54a01	darwin01/kernel/ipc/ipc_splay.c:522	ipc_splay_tree_split	07_kernel/src/ipc/ipc_splay.c	compared	high	06_reconstruction/evidence/x86-lock_ipc_splay.md	L1 MATCH (-O3; -O2 differs)
x86-0x15126c	x86	33469393c0843fc741942c3ae9d91d838467d72abd647dcf2e5bf499a3f14890	0x15126c	_ipc_splay_tree_join	ipc	darwin01	kernel-1.tar.gz sha256 0c19349be454d7162f497b55a7735b443f5506694215e2f3f5f026b597a54a01	darwin01/kernel/ipc/ipc_splay.c:602	ipc_splay_tree_join	07_kernel/src/ipc/ipc_splay.c	compared	high	06_reconstruction/evidence/x86-lock_ipc_splay.md	L1 MATCH (-O3; -O2 differs)
x86-0x15144c	x86	33469393c0843fc741942c3ae9d91d838467d72abd647dcf2e5bf499a3f14890	0x15144c	_ipc_splay_tree_bounds	ipc	darwin01	kernel-1.tar.gz sha256 0c19349be454d7162f497b55a7735b443f5506694215e2f3f5f026b597a54a01	darwin01/kernel/ipc/ipc_splay.c:688	ipc_splay_tree_bounds	07_kernel/src/ipc/ipc_splay.c	compared	high	06_reconstruction/evidence/x86-lock_ipc_splay.md	L1 MATCH (-O3; -O2 differs)
x86-0x151618	x86	33469393c0843fc741942c3ae9d91d838467d72abd647dcf2e5bf499a3f14890	0x151618	_ipc_splay_traverse_start	ipc	darwin01	kernel-1.tar.gz sha256 0c19349be454d7162f497b55a7735b443f5506694215e2f3f5f026b597a54a01	darwin01/kernel/ipc/ipc_splay.c:777	ipc_splay_traverse_start	07_kernel/src/ipc/ipc_splay.c	compared	high	06_reconstruction/evidence/x86-lock_ipc_splay.md	L1 MATCH (-O3; -O2 differs)
x86-0x151670	x86	33469393c0843fc741942c3ae9d91d838467d72abd647dcf2e5bf499a3f14890	0x151670	_ipc_splay_traverse_next	ipc	darwin01	kernel-1.tar.gz sha256 0c19349be454d7162f497b55a7735b443f5506694215e2f3f5f026b597a54a01	darwin01/kernel/ipc/ipc_splay.c:809	ipc_splay_traverse_next	07_kernel/src/ipc/ipc_splay.c	compared	high	06_reconstruction/evidence/x86-lock_ipc_splay.md	L1 MATCH (-O3; -O2 differs)
x86-0x151910	x86	33469393c0843fc741942c3ae9d91d838467d72abd647dcf2e5bf499a3f14890	0x151910	_ipc_splay_traverse_finish	ipc	darwin01	kernel-1.tar.gz sha256 0c19349be454d7162f497b55a7735b443f5506694215e2f3f5f026b597a54a01	darwin01/kernel/ipc/ipc_splay.c:951	ipc_splay_traverse_finish	07_kernel/src/ipc/ipc_splay.c	compared	high	06_reconstruction/evidence/x86-lock_ipc_splay.md	L1 MATCH (-O3; -O2 differs)
x86-0x157c40	x86	33469393c0843fc741942c3ae9d91d838467d72abd647dcf2e5bf499a3f14890	0x157c40	_ipc_host_init	kern	darwin01	kernel-1.tar.gz sha256 0c19349be454d7162f497b55a7735b443f5506694215e2f3f5f026b597a54a01 (with restored kern/task.h, mach/mach_param.h)	darwin01/kernel/kern/ipc_host.c:77	ipc_host_init	07_kernel/src/kern/ipc_host.c	compared	high	06_reconstruction/evidence/x86-task_layout_ipc_host.md	L1 MATCH (-O2 = -O3)
x86-0x157cd8	x86	33469393c0843fc741942c3ae9d91d838467d72abd647dcf2e5bf499a3f14890	0x157cd8	_mach_host_self	kern	darwin01	kernel-1.tar.gz sha256 0c19349be454d7162f497b55a7735b443f5506694215e2f3f5f026b597a54a01 (with restored kern/task.h, mach/mach_param.h)	darwin01/kernel/kern/ipc_host.c:121	mach_host_self	07_kernel/src/kern/ipc_host.c	compared	high	06_reconstruction/evidence/x86-task_layout_ipc_host.md	L1 MATCH (-O2 = -O3)
x86-0x157d04	x86	33469393c0843fc741942c3ae9d91d838467d72abd647dcf2e5bf499a3f14890	0x157d04	_host_self	kern	darwin01	kernel-1.tar.gz sha256 0c19349be454d7162f497b55a7735b443f5506694215e2f3f5f026b597a54a01 (with restored kern/task.h, mach/mach_param.h)	darwin01/kernel/kern/ipc_host.c:144	host_self	07_kernel/src/kern/ipc_host.c	compared	high	06_reconstruction/evidence/x86-task_layout_ipc_host.md	L1 MATCH (-O2 = -O3)
x86-0x157d30	x86	33469393c0843fc741942c3ae9d91d838467d72abd647dcf2e5bf499a3f14890	0x157d30	_ipc_processor_init	kern	darwin01	kernel-1.tar.gz sha256 0c19349be454d7162f497b55a7735b443f5506694215e2f3f5f026b597a54a01 (with restored kern/task.h, mach/mach_param.h)	darwin01/kernel/kern/ipc_host.c:163	ipc_processor_init	07_kernel/src/kern/ipc_host.c	compared	high	06_reconstruction/evidence/x86-task_layout_ipc_host.md	L1 MATCH (-O2 = -O3)
x86-0x157d74	x86	33469393c0843fc741942c3ae9d91d838467d72abd647dcf2e5bf499a3f14890	0x157d74	_ipc_pset_init	kern	darwin01	kernel-1.tar.gz sha256 0c19349be454d7162f497b55a7735b443f5506694215e2f3f5f026b597a54a01 (with restored kern/task.h, mach/mach_param.h)	darwin01/kernel/kern/ipc_host.c:183	ipc_pset_init	07_kernel/src/kern/ipc_host.c	compared	high	06_reconstruction/evidence/x86-task_layout_ipc_host.md	L1 MATCH (-O2 = -O3)
x86-0x157dd4	x86	33469393c0843fc741942c3ae9d91d838467d72abd647dcf2e5bf499a3f14890	0x157dd4	_ipc_pset_enable	kern	darwin01	kernel-1.tar.gz sha256 0c19349be454d7162f497b55a7735b443f5506694215e2f3f5f026b597a54a01 (with restored kern/task.h, mach/mach_param.h)	darwin01/kernel/kern/ipc_host.c:205	ipc_pset_enable	07_kernel/src/kern/ipc_host.c	compared	high	06_reconstruction/evidence/x86-task_layout_ipc_host.md	L1 MATCH (-O2 = -O3)
x86-0x157e5c	x86	33469393c0843fc741942c3ae9d91d838467d72abd647dcf2e5bf499a3f14890	0x157e5c	_ipc_pset_disable	kern	darwin01	kernel-1.tar.gz sha256 0c19349be454d7162f497b55a7735b443f5506694215e2f3f5f026b597a54a01 (with restored kern/task.h, mach/mach_param.h)	darwin01/kernel/kern/ipc_host.c:229	ipc_pset_disable	07_kernel/src/kern/ipc_host.c	compared	high	06_reconstruction/evidence/x86-task_layout_ipc_host.md	L1 MATCH (-O2 = -O3)
x86-0x157eb8	x86	33469393c0843fc741942c3ae9d91d838467d72abd647dcf2e5bf499a3f14890	0x157eb8	_ipc_pset_terminate	kern	darwin01	kernel-1.tar.gz sha256 0c19349be454d7162f497b55a7735b443f5506694215e2f3f5f026b597a54a01 (with restored kern/task.h, mach/mach_param.h)	darwin01/kernel/kern/ipc_host.c:246	ipc_pset_terminate	07_kernel/src/kern/ipc_host.c	compared	high	06_reconstruction/evidence/x86-task_layout_ipc_host.md	L1 MATCH (-O2 = -O3)
x86-0x157eec	x86	33469393c0843fc741942c3ae9d91d838467d72abd647dcf2e5bf499a3f14890	0x157eec	_processor_set_default	kern	darwin01	kernel-1.tar.gz sha256 0c19349be454d7162f497b55a7735b443f5506694215e2f3f5f026b597a54a01 (with restored kern/task.h, mach/mach_param.h)	darwin01/kernel/kern/ipc_host.c:260	processor_set_default	07_kernel/src/kern/ipc_host.c	compared	high	06_reconstruction/evidence/x86-task_layout_ipc_host.md	L1 MATCH (-O2 = -O3)
x86-0x157f1c	x86	33469393c0843fc741942c3ae9d91d838467d72abd647dcf2e5bf499a3f14890	0x157f1c	_xxx_processor_set_default_priv	kern	darwin01	kernel-1.tar.gz sha256 0c19349be454d7162f497b55a7735b443f5506694215e2f3f5f026b597a54a01 (with restored kern/task.h, mach/mach_param.h)	darwin01/kernel/kern/ipc_host.c:273	xxx_processor_set_default_priv	07_kernel/src/kern/ipc_host.c	compared	high	06_reconstruction/evidence/x86-task_layout_ipc_host.md	L1 MATCH (-O2 = -O3)
x86-0x157f4c	x86	33469393c0843fc741942c3ae9d91d838467d72abd647dcf2e5bf499a3f14890	0x157f4c	_convert_port_to_host	kern	darwin01	kernel-1.tar.gz sha256 0c19349be454d7162f497b55a7735b443f5506694215e2f3f5f026b597a54a01 (with restored kern/task.h, mach/mach_param.h)	darwin01/kernel/kern/ipc_host.c:295	convert_port_to_host	07_kernel/src/kern/ipc_host.c	compared	high	06_reconstruction/evidence/x86-task_layout_ipc_host.md	L1 MATCH (-O2 = -O3)
x86-0x157f98	x86	33469393c0843fc741942c3ae9d91d838467d72abd647dcf2e5bf499a3f14890	0x157f98	_convert_port_to_host_priv	kern	darwin01	kernel-1.tar.gz sha256 0c19349be454d7162f497b55a7735b443f5506694215e2f3f5f026b597a54a01 (with restored kern/task.h, mach/mach_param.h)	darwin01/kernel/kern/ipc_host.c:321	convert_port_to_host_priv	07_kernel/src/kern/ipc_host.c	compared	high	06_reconstruction/evidence/x86-task_layout_ipc_host.md	L1 MATCH (-O2 = -O3)
x86-0x157fdc	x86	33469393c0843fc741942c3ae9d91d838467d72abd647dcf2e5bf499a3f14890	0x157fdc	_convert_port_to_processor	kern	darwin01	kernel-1.tar.gz sha256 0c19349be454d7162f497b55a7735b443f5506694215e2f3f5f026b597a54a01 (with restored kern/task.h, mach/mach_param.h)	darwin01/kernel/kern/ipc_host.c:347	convert_port_to_processor	07_kernel/src/kern/ipc_host.c	compared	high	06_reconstruction/evidence/x86-task_layout_ipc_host.md	L1 MATCH (-O2 = -O3)
x86-0x158020	x86	33469393c0843fc741942c3ae9d91d838467d72abd647dcf2e5bf499a3f14890	0x158020	_convert_port_to_pset	kern	darwin01	kernel-1.tar.gz sha256 0c19349be454d7162f497b55a7735b443f5506694215e2f3f5f026b597a54a01 (with restored kern/task.h, mach/mach_param.h)	darwin01/kernel/kern/ipc_host.c:373	convert_port_to_pset	07_kernel/src/kern/ipc_host.c	compared	high	06_reconstruction/evidence/x86-task_layout_ipc_host.md	L1 MATCH (-O2 = -O3)
x86-0x158070	x86	33469393c0843fc741942c3ae9d91d838467d72abd647dcf2e5bf499a3f14890	0x158070	_convert_port_to_pset_name	kern	darwin01	kernel-1.tar.gz sha256 0c19349be454d7162f497b55a7735b443f5506694215e2f3f5f026b597a54a01 (with restored kern/task.h, mach/mach_param.h)	darwin01/kernel/kern/ipc_host.c:401	convert_port_to_pset_name	07_kernel/src/kern/ipc_host.c	compared	high	06_reconstruction/evidence/x86-task_layout_ipc_host.md	L1 MATCH (-O2 = -O3)
x86-0x1580c4	x86	33469393c0843fc741942c3ae9d91d838467d72abd647dcf2e5bf499a3f14890	0x1580c4	_convert_host_to_port	kern	darwin01	kernel-1.tar.gz sha256 0c19349be454d7162f497b55a7735b443f5506694215e2f3f5f026b597a54a01 (with restored kern/task.h, mach/mach_param.h)	darwin01/kernel/kern/ipc_host.c:429	convert_host_to_port	07_kernel/src/kern/ipc_host.c	compared	high	06_reconstruction/evidence/x86-task_layout_ipc_host.md	L1 MATCH (-O2 = -O3)
x86-0x1580d8	x86	33469393c0843fc741942c3ae9d91d838467d72abd647dcf2e5bf499a3f14890	0x1580d8	_convert_processor_to_port	kern	darwin01	kernel-1.tar.gz sha256 0c19349be454d7162f497b55a7735b443f5506694215e2f3f5f026b597a54a01 (with restored kern/task.h, mach/mach_param.h)	darwin01/kernel/kern/ipc_host.c:448	convert_processor_to_port	07_kernel/src/kern/ipc_host.c	compared	high	06_reconstruction/evidence/x86-task_layout_ipc_host.md	L1 MATCH (-O2 = -O3)
x86-0x1580f0	x86	33469393c0843fc741942c3ae9d91d838467d72abd647dcf2e5bf499a3f14890	0x1580f0	_convert_pset_to_port	kern	darwin01	kernel-1.tar.gz sha256 0c19349be454d7162f497b55a7735b443f5506694215e2f3f5f026b597a54a01 (with restored kern/task.h, mach/mach_param.h)	darwin01/kernel/kern/ipc_host.c:468	convert_pset_to_port	07_kernel/src/kern/ipc_host.c	compared	high	06_reconstruction/evidence/x86-task_layout_ipc_host.md	L1 MATCH (-O2 = -O3)
x86-0x15814c	x86	33469393c0843fc741942c3ae9d91d838467d72abd647dcf2e5bf499a3f14890	0x15814c	_convert_pset_name_to_port	kern	darwin01	kernel-1.tar.gz sha256 0c19349be454d7162f497b55a7735b443f5506694215e2f3f5f026b597a54a01 (with restored kern/task.h, mach/mach_param.h)	darwin01/kernel/kern/ipc_host.c:494	convert_pset_name_to_port	07_kernel/src/kern/ipc_host.c	compared	high	06_reconstruction/evidence/x86-task_layout_ipc_host.md	L1 MATCH (-O2 = -O3)
x86-0x16d20c	x86	33469393c0843fc741942c3ae9d91d838467d72abd647dcf2e5bf499a3f14890	0x16d20c	_notify_server_loop	kernserv	darwin01	kernel-1.tar.gz sha256 0c19349be454d7162f497b55a7735b443f5506694215e2f3f5f026b597a54a01 (with restored kern/task.h)	darwin01/kernel/kernserv/kern_notify.c:137	notify_server_loop	07_kernel/src/kernserv/kern_notify.c	compared	medium	06_reconstruction/evidence/x86-kern_notify.md	L1 MATCH_UNVERIFIED: only unverified dependency is __bss, reference-inferred (s5p25-zerofill-check-kern_notify-20261001.json); object grade P
x86-0x16d3c8	x86	33469393c0843fc741942c3ae9d91d838467d72abd647dcf2e5bf499a3f14890	0x16d3c8	(static pn_panic; Ghidra FUN_0016d3c8)	kernserv	darwin01	kernel-1.tar.gz sha256 0c19349be454d7162f497b55a7735b443f5506694215e2f3f5f026b597a54a01 (with restored kern/task.h)	darwin01/kernel/kernserv/kern_notify.c:204	pn_panic	07_kernel/src/kernserv/kern_notify.c	compared	high	06_reconstruction/evidence/x86-kern_notify.md	L1 MATCH (-O3; -O2 differs); object grade P
x86-0x16d3ec	x86	33469393c0843fc741942c3ae9d91d838467d72abd647dcf2e5bf499a3f14890	0x16d3ec	(static pn_register; Ghidra FUN_0016d3ec)	kernserv	darwin01	kernel-1.tar.gz sha256 0c19349be454d7162f497b55a7735b443f5506694215e2f3f5f026b597a54a01 (with restored kern/task.h)	darwin01/kernel/kernserv/kern_notify.c:214	pn_register	07_kernel/src/kernserv/kern_notify.c	compared	medium	06_reconstruction/evidence/x86-kern_notify.md	L1 MATCH_UNVERIFIED: only unverified dependency is __bss, reference-inferred (s5p25-zerofill-check-kern_notify-20261001.json); object grade P
x86-0x16d454	x86	33469393c0843fc741942c3ae9d91d838467d72abd647dcf2e5bf499a3f14890	0x16d454	(static pn_notify; Ghidra FUN_0016d454)	kernserv	darwin01	kernel-1.tar.gz sha256 0c19349be454d7162f497b55a7735b443f5506694215e2f3f5f026b597a54a01 (with restored kern/task.h)	darwin01/kernel/kernserv/kern_notify.c:249	pn_notify	07_kernel/src/kernserv/kern_notify.c	compared	medium	06_reconstruction/evidence/x86-kern_notify.md	L1 MATCH_UNVERIFIED: only unverified dependency is __bss, reference-inferred (s5p25-zerofill-check-kern_notify-20261001.json); object grade P
x86-0x16d554	x86	33469393c0843fc741942c3ae9d91d838467d72abd647dcf2e5bf499a3f14890	0x16d554	_port_request_notification	kernserv	darwin01	kernel-1.tar.gz sha256 0c19349be454d7162f497b55a7735b443f5506694215e2f3f5f026b597a54a01 (with restored kern/task.h)	darwin01/kernel/kernserv/kern_notify.c:313	port_request_notification	07_kernel/src/kernserv/kern_notify.c	compared	high	06_reconstruction/evidence/x86-kern_notify.md	L1 MATCH (-O3; -O2 differs); object grade P
x86-0x16d5b4	x86	33469393c0843fc741942c3ae9d91d838467d72abd647dcf2e5bf499a3f14890	0x16d5b4	_pnotify_start	kernserv	darwin01	kernel-1.tar.gz sha256 0c19349be454d7162f497b55a7735b443f5506694215e2f3f5f026b597a54a01 (with restored kern/task.h)	darwin01/kernel/kernserv/kern_notify.c:337	pnotify_start	07_kernel/src/kernserv/kern_notify.c	compared	high	06_reconstruction/evidence/x86-kern_notify.md	L1 MATCH (-O3; -O2 differs); object grade P
x86-0x16d60c	x86	33469393c0843fc741942c3ae9d91d838467d72abd647dcf2e5bf499a3f14890	0x16d60c	_get_kern_port	kernserv	darwin01	kernel-1.tar.gz sha256 0c19349be454d7162f497b55a7735b443f5506694215e2f3f5f026b597a54a01 (with restored kern/task.h)	darwin01/kernel/kernserv/kern_notify.c:358	get_kern_port	07_kernel/src/kernserv/kern_notify.c	compared	high	06_reconstruction/evidence/x86-kern_notify.md	L1 MATCH (-O3; -O2 differs); object grade P
x86-0x14a0d8	x86	33469393c0843fc741942c3ae9d91d838467d72abd647dcf2e5bf499a3f14890	0x14a0d8	_ipc_marequest_init	ipc	darwin01	kernel-1.tar.gz sha256 0c19349be454d7162f497b55a7735b443f5506694215e2f3f5f026b597a54a01 + restoration edit (07_kernel/MODIFICATIONS.md)	darwin01/kernel/ipc/ipc_marequest.c:122 (original line; edited file :124)	ipc_marequest_init	07_kernel/src/ipc/ipc_marequest.c	compared	high	06_reconstruction/evidence/x86-ipc_marequest.md	L1 MATCH (-O3; -O2 differs); common-symbol variant OBJECT_MATCH, -fno-common 0 byte diff (plan 36.1)
x86-0x14a1ac	x86	33469393c0843fc741942c3ae9d91d838467d72abd647dcf2e5bf499a3f14890	0x14a1ac	_ipc_marequest_create	ipc	darwin01	kernel-1.tar.gz sha256 0c19349be454d7162f497b55a7735b443f5506694215e2f3f5f026b597a54a01 + restoration edit (07_kernel/MODIFICATIONS.md)	darwin01/kernel/ipc/ipc_marequest.c:200 (original line; edited file :202)	ipc_marequest_create	07_kernel/src/ipc/ipc_marequest.c	compared	high	06_reconstruction/evidence/x86-ipc_marequest.md	L1 MATCH (-O3; -O2 differs); common-symbol variant OBJECT_MATCH, -fno-common 0 byte diff (plan 36.1)
x86-0x14a360	x86	33469393c0843fc741942c3ae9d91d838467d72abd647dcf2e5bf499a3f14890	0x14a360	_ipc_marequest_cancel	ipc	darwin01	kernel-1.tar.gz sha256 0c19349be454d7162f497b55a7735b443f5506694215e2f3f5f026b597a54a01 + restoration edit (07_kernel/MODIFICATIONS.md)	darwin01/kernel/ipc/ipc_marequest.c:310 (original line; edited file :312)	ipc_marequest_cancel	07_kernel/src/ipc/ipc_marequest.c	compared	high	06_reconstruction/evidence/x86-ipc_marequest.md	L1 MATCH (-O3; -O2 differs); common-symbol variant OBJECT_MATCH, -fno-common 0 byte diff (plan 36.1)
x86-0x14a3dc	x86	33469393c0843fc741942c3ae9d91d838467d72abd647dcf2e5bf499a3f14890	0x14a3dc	_ipc_marequest_rename	ipc	darwin01	kernel-1.tar.gz sha256 0c19349be454d7162f497b55a7735b443f5506694215e2f3f5f026b597a54a01 + restoration edit (07_kernel/MODIFICATIONS.md)	darwin01/kernel/ipc/ipc_marequest.c:346 (original line; edited file :348)	ipc_marequest_rename	07_kernel/src/ipc/ipc_marequest.c	compared	high	06_reconstruction/evidence/x86-ipc_marequest.md	L1 MATCH (-O3; -O2 differs); common-symbol variant OBJECT_MATCH, -fno-common 0 byte diff (plan 36.1)
x86-0x14a49c	x86	33469393c0843fc741942c3ae9d91d838467d72abd647dcf2e5bf499a3f14890	0x14a49c	_ipc_marequest_destroy	ipc	darwin01+mach4	kernel-1.tar.gz sha256 0c19349be454d7162f497b55a7735b443f5506694215e2f3f5f026b597a54a01 + restoration edit (07_kernel/MODIFICATIONS.md)	darwin01/kernel/ipc/ipc_marequest.c:390 (original line; edited file :392)	ipc_marequest_destroy	07_kernel/src/ipc/ipc_marequest.c	compared	high	06_reconstruction/evidence/x86-ipc_marequest.md	L1 MATCH (-O3; -O2 differs); common-symbol variant OBJECT_MATCH, -fno-common 0 byte diff (plan 36.1); last statement from Mach4 kernel/ipc/ipc_marequest.c:437
x86-0x14a5bc	x86	33469393c0843fc741942c3ae9d91d838467d72abd647dcf2e5bf499a3f14890	0x14a5bc	_ipc_marequest_info	ipc	darwin01	kernel-1.tar.gz sha256 0c19349be454d7162f497b55a7735b443f5506694215e2f3f5f026b597a54a01 + restoration edit (07_kernel/MODIFICATIONS.md)	darwin01/kernel/ipc/ipc_marequest.c:477 (original line; edited file :479)	ipc_marequest_info	07_kernel/src/ipc/ipc_marequest.c	compared	high	06_reconstruction/evidence/x86-ipc_marequest.md	L1 MATCH (-O3; -O2 differs); common-symbol variant OBJECT_MATCH, -fno-common 0 byte diff (plan 36.1)
x86-0x14b844	x86	33469393c0843fc741942c3ae9d91d838467d72abd647dcf2e5bf499a3f14890	0x14b844	_ipc_object_reference	ipc	darwin01	kernel-1.tar.gz sha256 0c19349be454d7162f497b55a7735b443f5506694215e2f3f5f026b597a54a01 + restoration edit (07_kernel/MODIFICATIONS.md)	darwin01/kernel/ipc/ipc_object.c:104 (original line; edited file :106)	ipc_object_reference	07_kernel/src/ipc/ipc_object.c	compared	high	06_reconstruction/evidence/x86-ipc_object.md	L1 MATCH (-O2 = -O3; common-symbol variant OBJECT_MATCH)
x86-0x14b86c	x86	33469393c0843fc741942c3ae9d91d838467d72abd647dcf2e5bf499a3f14890	0x14b86c	_ipc_object_release	ipc	darwin01	kernel-1.tar.gz sha256 0c19349be454d7162f497b55a7735b443f5506694215e2f3f5f026b597a54a01 + restoration edit (07_kernel/MODIFICATIONS.md)	darwin01/kernel/ipc/ipc_object.c:120 (original line; edited file :122)	ipc_object_release	07_kernel/src/ipc/ipc_object.c	compared	high	06_reconstruction/evidence/x86-ipc_object.md	L1 MATCH (-O2 = -O3; common-symbol variant OBJECT_MATCH)
x86-0x14b8b8	x86	33469393c0843fc741942c3ae9d91d838467d72abd647dcf2e5bf499a3f14890	0x14b8b8	_ipc_object_translate	ipc	darwin01	kernel-1.tar.gz sha256 0c19349be454d7162f497b55a7735b443f5506694215e2f3f5f026b597a54a01 + restoration edit (07_kernel/MODIFICATIONS.md)	darwin01/kernel/ipc/ipc_object.c:144 (original line; edited file :146)	ipc_object_translate	07_kernel/src/ipc/ipc_object.c	compared	high	06_reconstruction/evidence/x86-ipc_object.md	L1 MATCH (-O2 = -O3; common-symbol variant OBJECT_MATCH)
x86-0x14b928	x86	33469393c0843fc741942c3ae9d91d838467d72abd647dcf2e5bf499a3f14890	0x14b928	_ipc_object_alloc_dead	ipc	darwin01	kernel-1.tar.gz sha256 0c19349be454d7162f497b55a7735b443f5506694215e2f3f5f026b597a54a01 + restoration edit (07_kernel/MODIFICATIONS.md)	darwin01/kernel/ipc/ipc_object.c:188 (original line; edited file :190)	ipc_object_alloc_dead	07_kernel/src/ipc/ipc_object.c	compared	high	06_reconstruction/evidence/x86-ipc_object.md	L1 MATCH (-O2 = -O3; common-symbol variant OBJECT_MATCH)
x86-0x14b95c	x86	33469393c0843fc741942c3ae9d91d838467d72abd647dcf2e5bf499a3f14890	0x14b95c	_ipc_object_alloc_dead_name	ipc	darwin01	kernel-1.tar.gz sha256 0c19349be454d7162f497b55a7735b443f5506694215e2f3f5f026b597a54a01 + restoration edit (07_kernel/MODIFICATIONS.md)	darwin01/kernel/ipc/ipc_object.c:223 (original line; edited file :225)	ipc_object_alloc_dead_name	07_kernel/src/ipc/ipc_object.c	compared	high	06_reconstruction/evidence/x86-ipc_object.md	L1 MATCH (-O2 = -O3; common-symbol variant OBJECT_MATCH)
x86-0x14b9b0	x86	33469393c0843fc741942c3ae9d91d838467d72abd647dcf2e5bf499a3f14890	0x14b9b0	_ipc_object_alloc	ipc	darwin01	kernel-1.tar.gz sha256 0c19349be454d7162f497b55a7735b443f5506694215e2f3f5f026b597a54a01 + restoration edit (07_kernel/MODIFICATIONS.md)	darwin01/kernel/ipc/ipc_object.c:262 (original line; edited file :264)	ipc_object_alloc	07_kernel/src/ipc/ipc_object.c	compared	high	06_reconstruction/evidence/x86-ipc_object.md	L1 MATCH (-O2 = -O3; common-symbol variant OBJECT_MATCH)
x86-0x14ba60	x86	33469393c0843fc741942c3ae9d91d838467d72abd647dcf2e5bf499a3f14890	0x14ba60	_ipc_object_alloc_name	ipc	darwin01	kernel-1.tar.gz sha256 0c19349be454d7162f497b55a7735b443f5506694215e2f3f5f026b597a54a01 + restoration edit (07_kernel/MODIFICATIONS.md)	darwin01/kernel/ipc/ipc_object.c:319 (original line; edited file :321)	ipc_object_alloc_name	07_kernel/src/ipc/ipc_object.c	compared	high	06_reconstruction/evidence/x86-ipc_object.md	L1 MATCH (-O2 = -O3; common-symbol variant OBJECT_MATCH)
x86-0x14bb40	x86	33469393c0843fc741942c3ae9d91d838467d72abd647dcf2e5bf499a3f14890	0x14bb40	_ipc_object_copyin_type	ipc	darwin01+mach4	kernel-1.tar.gz sha256 0c19349be454d7162f497b55a7735b443f5506694215e2f3f5f026b597a54a01 + restoration edit (07_kernel/MODIFICATIONS.md)	darwin01/kernel/ipc/ipc_object.c:372 (original line; edited file :374)	ipc_object_copyin_type	07_kernel/src/ipc/ipc_object.c	compared	high	06_reconstruction/evidence/x86-ipc_object.md	L1 MATCH (-O2 = -O3; common-symbol variant OBJECT_MATCH); edited: return 0 after panic from Mach4 :384
x86-0x14bbec	x86	33469393c0843fc741942c3ae9d91d838467d72abd647dcf2e5bf499a3f14890	0x14bbec	_ipc_object_copyin	ipc	darwin01	kernel-1.tar.gz sha256 0c19349be454d7162f497b55a7735b443f5506694215e2f3f5f026b597a54a01 + restoration edit (07_kernel/MODIFICATIONS.md)	darwin01/kernel/ipc/ipc_object.c:420 (original line; edited file :423)	ipc_object_copyin	07_kernel/src/ipc/ipc_object.c	compared	high	06_reconstruction/evidence/x86-ipc_object.md	L1 MATCH (-O2 = -O3; common-symbol variant OBJECT_MATCH)
x86-0x14bc64	x86	33469393c0843fc741942c3ae9d91d838467d72abd647dcf2e5bf499a3f14890	0x14bc64	_ipc_object_copyin_from_kernel	ipc	darwin01	kernel-1.tar.gz sha256 0c19349be454d7162f497b55a7735b443f5506694215e2f3f5f026b597a54a01 + restoration edit (07_kernel/MODIFICATIONS.md)	darwin01/kernel/ipc/ipc_object.c:481 (original line; edited file :484)	ipc_object_copyin_from_kernel	07_kernel/src/ipc/ipc_object.c	compared	high	06_reconstruction/evidence/x86-ipc_object.md	L1 MATCH (-O2 = -O3; common-symbol variant OBJECT_MATCH)
x86-0x14bd68	x86	33469393c0843fc741942c3ae9d91d838467d72abd647dcf2e5bf499a3f14890	0x14bd68	_ipc_object_destroy	ipc	darwin01	kernel-1.tar.gz sha256 0c19349be454d7162f497b55a7735b443f5506694215e2f3f5f026b597a54a01 + restoration edit (07_kernel/MODIFICATIONS.md)	darwin01/kernel/ipc/ipc_object.c:578 (original line; edited file :581)	ipc_object_destroy	07_kernel/src/ipc/ipc_object.c	compared	high	06_reconstruction/evidence/x86-ipc_object.md	L1 MATCH (-O2 = -O3; common-symbol variant OBJECT_MATCH); edited: default: panic removed
x86-0x14bdb4	x86	33469393c0843fc741942c3ae9d91d838467d72abd647dcf2e5bf499a3f14890	0x14bdb4	_ipc_object_copyout	ipc	darwin01	kernel-1.tar.gz sha256 0c19349be454d7162f497b55a7735b443f5506694215e2f3f5f026b597a54a01 + restoration edit (07_kernel/MODIFICATIONS.md)	darwin01/kernel/ipc/ipc_object.c:623 (original line; edited file :626)	ipc_object_copyout	07_kernel/src/ipc/ipc_object.c	compared	high	06_reconstruction/evidence/x86-ipc_object.md	L1 MATCH (-O2 = -O3; common-symbol variant OBJECT_MATCH); edited: grow_table one argument
x86-0x14beb4	x86	33469393c0843fc741942c3ae9d91d838467d72abd647dcf2e5bf499a3f14890	0x14beb4	_ipc_object_copyout_name	ipc	darwin01	kernel-1.tar.gz sha256 0c19349be454d7162f497b55a7735b443f5506694215e2f3f5f026b597a54a01 + restoration edit (07_kernel/MODIFICATIONS.md)	darwin01/kernel/ipc/ipc_object.c:711 (original line; edited file :714)	ipc_object_copyout_name	07_kernel/src/ipc/ipc_object.c	compared	high	06_reconstruction/evidence/x86-ipc_object.md	L1 MATCH (-O2 = -O3; common-symbol variant OBJECT_MATCH)
x86-0x14bfa4	x86	33469393c0843fc741942c3ae9d91d838467d72abd647dcf2e5bf499a3f14890	0x14bfa4	_ipc_object_copyout_dest	ipc	darwin01+mach4	kernel-1.tar.gz sha256 0c19349be454d7162f497b55a7735b443f5506694215e2f3f5f026b597a54a01 + restoration edit (07_kernel/MODIFICATIONS.md)	darwin01/kernel/ipc/ipc_object.c:789 (original line; edited file :792)	ipc_object_copyout_dest	07_kernel/src/ipc/ipc_object.c	compared	high	06_reconstruction/evidence/x86-ipc_object.md	L1 MATCH (-O2 = -O3; common-symbol variant OBJECT_MATCH); edited: mscount = 0 from Mach4 :854; name = MACH_PORT_NULL (minimal edit, 0x14bfb3)
x86-0x14c060	x86	33469393c0843fc741942c3ae9d91d838467d72abd647dcf2e5bf499a3f14890	0x14c060	_ipc_object_rename	ipc	darwin01	kernel-1.tar.gz sha256 0c19349be454d7162f497b55a7735b443f5506694215e2f3f5f026b597a54a01 + restoration edit (07_kernel/MODIFICATIONS.md)	darwin01/kernel/ipc/ipc_object.c:890 (original line; edited file :893)	ipc_object_rename	07_kernel/src/ipc/ipc_object.c	compared	high	06_reconstruction/evidence/x86-ipc_object.md	L1 MATCH (-O2 = -O3; common-symbol variant OBJECT_MATCH)
x86-0x14c0e4	x86	33469393c0843fc741942c3ae9d91d838467d72abd647dcf2e5bf499a3f14890	0x14c0e4	_ipc_object_copyout_type_compat	ipc	darwin01	kernel-1.tar.gz sha256 0c19349be454d7162f497b55a7735b443f5506694215e2f3f5f026b597a54a01 + restoration edit (07_kernel/MODIFICATIONS.md)	darwin01/kernel/ipc/ipc_object.c:931 (original line; edited file :934)	ipc_object_copyout_type_compat	07_kernel/src/ipc/ipc_object.c	compared	high	06_reconstruction/evidence/x86-ipc_object.md	L1 MATCH (-O2 = -O3; common-symbol variant OBJECT_MATCH)
x86-0x14c11c	x86	33469393c0843fc741942c3ae9d91d838467d72abd647dcf2e5bf499a3f14890	0x14c11c	_ipc_object_copyin_compat	ipc	darwin01	kernel-1.tar.gz sha256 0c19349be454d7162f497b55a7735b443f5506694215e2f3f5f026b597a54a01 + restoration edit (07_kernel/MODIFICATIONS.md)	darwin01/kernel/ipc/ipc_object.c:963 (original line; edited file :966)	ipc_object_copyin_compat	07_kernel/src/ipc/ipc_object.c	compared	high	06_reconstruction/evidence/x86-ipc_object.md	L1 MATCH (-O2 = -O3; common-symbol variant OBJECT_MATCH)
x86-0x14c15c	x86	33469393c0843fc741942c3ae9d91d838467d72abd647dcf2e5bf499a3f14890	0x14c15c	_ipc_object_copyin_header	ipc	darwin01	kernel-1.tar.gz sha256 0c19349be454d7162f497b55a7735b443f5506694215e2f3f5f026b597a54a01 + restoration edit (07_kernel/MODIFICATIONS.md)	darwin01/kernel/ipc/ipc_object.c:1001 (original line; edited file :1004)	ipc_object_copyin_header	07_kernel/src/ipc/ipc_object.c	compared	high	06_reconstruction/evidence/x86-ipc_object.md	L1 MATCH (-O2 = -O3; common-symbol variant OBJECT_MATCH)
x86-0x14c198	x86	33469393c0843fc741942c3ae9d91d838467d72abd647dcf2e5bf499a3f14890	0x14c198	_ipc_object_copyout_compat	ipc	darwin01	kernel-1.tar.gz sha256 0c19349be454d7162f497b55a7735b443f5506694215e2f3f5f026b597a54a01 + restoration edit (07_kernel/MODIFICATIONS.md)	darwin01/kernel/ipc/ipc_object.c:1039 (original line; edited file :1042)	ipc_object_copyout_compat	07_kernel/src/ipc/ipc_object.c	compared	high	06_reconstruction/evidence/x86-ipc_object.md	L1 MATCH (-O2 = -O3; common-symbol variant OBJECT_MATCH); edited: grow_table/dngrow one argument
x86-0x14c318	x86	33469393c0843fc741942c3ae9d91d838467d72abd647dcf2e5bf499a3f14890	0x14c318	_ipc_object_copyout_name_compat	ipc	darwin01	kernel-1.tar.gz sha256 0c19349be454d7162f497b55a7735b443f5506694215e2f3f5f026b597a54a01 + restoration edit (07_kernel/MODIFICATIONS.md)	darwin01/kernel/ipc/ipc_object.c:1151 (original line; edited file :1154)	ipc_object_copyout_name_compat	07_kernel/src/ipc/ipc_object.c	compared	high	06_reconstruction/evidence/x86-ipc_object.md	L1 MATCH (-O2 = -O3; common-symbol variant OBJECT_MATCH); edited: dngrow one argument
x86-0x145e44	x86	33469393c0843fc741942c3ae9d91d838467d72abd647dcf2e5bf499a3f14890	0x145e44	_ipc_entry_tree_collision	ipc	darwin01	kernel-1.tar.gz sha256 0c19349be454d7162f497b55a7735b443f5506694215e2f3f5f026b597a54a01	darwin01/kernel/ipc/ipc_entry.c:116 (original line; edited file :118)	ipc_entry_tree_collision	07_kernel/src/ipc/ipc_entry.c	compared	high	06_reconstruction/evidence/x86-ipc_entry.md	L1 MATCH (-O3; -O2 differs); common-symbol variant OBJECT_MATCH
x86-0x145e98	x86	33469393c0843fc741942c3ae9d91d838467d72abd647dcf2e5bf499a3f14890	0x145e98	_ipc_entry_lookup	ipc	darwin01	kernel-1.tar.gz sha256 0c19349be454d7162f497b55a7735b443f5506694215e2f3f5f026b597a54a01	darwin01/kernel/ipc/ipc_entry.c:147 (original line; edited file :149)	ipc_entry_lookup	07_kernel/src/ipc/ipc_entry.c	compared	high	06_reconstruction/evidence/x86-ipc_entry.md	L1 MATCH (-O3; -O2 differs); common-symbol variant OBJECT_MATCH
x86-0x145f04	x86	33469393c0843fc741942c3ae9d91d838467d72abd647dcf2e5bf499a3f14890	0x145f04	_ipc_entry_get	ipc	darwin01	kernel-1.tar.gz sha256 0c19349be454d7162f497b55a7735b443f5506694215e2f3f5f026b597a54a01	darwin01/kernel/ipc/ipc_entry.c:191 (original line; edited file :193)	ipc_entry_get	07_kernel/src/ipc/ipc_entry.c	compared	high	06_reconstruction/evidence/x86-ipc_entry.md	L1 MATCH (-O3; -O2 differs); common-symbol variant OBJECT_MATCH
x86-0x145f5c	x86	33469393c0843fc741942c3ae9d91d838467d72abd647dcf2e5bf499a3f14890	0x145f5c	_ipc_entry_alloc	ipc	darwin01	kernel-1.tar.gz sha256 0c19349be454d7162f497b55a7735b443f5506694215e2f3f5f026b597a54a01 + restoration edit (07_kernel/MODIFICATIONS.md)	darwin01/kernel/ipc/ipc_entry.c:258 (original line; edited file :260)	ipc_entry_alloc	07_kernel/src/ipc/ipc_entry.c	compared	high	06_reconstruction/evidence/x86-ipc_entry.md	L1 MATCH (-O3; -O2 differs); common-symbol variant OBJECT_MATCH; edited: grow_table call with one argument
x86-0x145fe8	x86	33469393c0843fc741942c3ae9d91d838467d72abd647dcf2e5bf499a3f14890	0x145fe8	_ipc_entry_alloc_name	ipc	darwin01	kernel-1.tar.gz sha256 0c19349be454d7162f497b55a7735b443f5506694215e2f3f5f026b597a54a01 + restoration edit (07_kernel/MODIFICATIONS.md)	darwin01/kernel/ipc/ipc_entry.c:299 (original line; edited file :301)	ipc_entry_alloc_name	07_kernel/src/ipc/ipc_entry.c	compared	high	06_reconstruction/evidence/x86-ipc_entry.md	L1 MATCH (-O3; -O2 differs); common-symbol variant OBJECT_MATCH; edited: grow_table call with one argument
x86-0x146284	x86	33469393c0843fc741942c3ae9d91d838467d72abd647dcf2e5bf499a3f14890	0x146284	_ipc_entry_dealloc	ipc	darwin01	kernel-1.tar.gz sha256 0c19349be454d7162f497b55a7735b443f5506694215e2f3f5f026b597a54a01	darwin01/kernel/ipc/ipc_entry.c:475 (original line; edited file :477)	ipc_entry_dealloc	07_kernel/src/ipc/ipc_entry.c	compared	high	06_reconstruction/evidence/x86-ipc_entry.md	L1 MATCH (-O3; -O2 differs); common-symbol variant OBJECT_MATCH
x86-0x1464ac	x86	33469393c0843fc741942c3ae9d91d838467d72abd647dcf2e5bf499a3f14890	0x1464ac	_ipc_entry_grow_table	ipc	darwin01	kernel-1.tar.gz sha256 0c19349be454d7162f497b55a7735b443f5506694215e2f3f5f026b597a54a01 + restoration edit (07_kernel/MODIFICATIONS.md)	darwin01/kernel/ipc/ipc_entry.c:593 (original line; edited file :595)	ipc_entry_grow_table	07_kernel/src/ipc/ipc_entry.c	compared	high	06_reconstruction/evidence/x86-ipc_entry.md	L1 MATCH (-O3; -O2 differs); common-symbol variant OBJECT_MATCH; edited: one argument; target_size path removed
x86-0x14c454	x86	33469393c0843fc741942c3ae9d91d838467d72abd647dcf2e5bf499a3f14890	0x14c454	_ipc_port_timestamp	ipc	darwin01	kernel-1.tar.gz sha256 0c19349be454d7162f497b55a7735b443f5506694215e2f3f5f026b597a54a01 + restoration edit (07_kernel/MODIFICATIONS.md)	darwin01/kernel/ipc/ipc_port.c:109 (original line; edited file :111)	ipc_port_timestamp	07_kernel/src/ipc/ipc_port.c	compared	high	06_reconstruction/evidence/x86-ipc_port.md	L1 MATCH (common-symbol variant OBJECT_MATCH; -fno-common 0 diff, plan 36.1)
x86-0x14c490	x86	33469393c0843fc741942c3ae9d91d838467d72abd647dcf2e5bf499a3f14890	0x14c490	_ipc_port_dnrequest	ipc	darwin01	kernel-1.tar.gz sha256 0c19349be454d7162f497b55a7735b443f5506694215e2f3f5f026b597a54a01 + restoration edit (07_kernel/MODIFICATIONS.md)	darwin01/kernel/ipc/ipc_port.c:134 (original line; edited file :136)	ipc_port_dnrequest	07_kernel/src/ipc/ipc_port.c	compared	high	06_reconstruction/evidence/x86-ipc_port.md	L1 MATCH (common-symbol variant OBJECT_MATCH; -fno-common 0 diff, plan 36.1)
x86-0x14c4d0	x86	33469393c0843fc741942c3ae9d91d838467d72abd647dcf2e5bf499a3f14890	0x14c4d0	_ipc_port_dngrow	ipc	darwin01+mach4	kernel-1.tar.gz sha256 0c19349be454d7162f497b55a7735b443f5506694215e2f3f5f026b597a54a01 + restoration edit (07_kernel/MODIFICATIONS.md)	darwin01/kernel/ipc/ipc_port.c:183 (original line; edited file :185)	ipc_port_dngrow	07_kernel/src/ipc/ipc_port.c	compared	high	06_reconstruction/evidence/x86-ipc_port.md	L1 MATCH (common-symbol variant OBJECT_MATCH; -fno-common 0 diff, plan 36.1); one argument, target_size block removed, oits = 0 (Mach4 :179)
x86-0x14c650	x86	33469393c0843fc741942c3ae9d91d838467d72abd647dcf2e5bf499a3f14890	0x14c650	_ipc_port_dncancel	ipc	darwin01	kernel-1.tar.gz sha256 0c19349be454d7162f497b55a7735b443f5506694215e2f3f5f026b597a54a01 + restoration edit (07_kernel/MODIFICATIONS.md)	darwin01/kernel/ipc/ipc_port.c:290 (original line; edited file :276)	ipc_port_dncancel	07_kernel/src/ipc/ipc_port.c	compared	high	06_reconstruction/evidence/x86-ipc_port.md	L1 MATCH (common-symbol variant OBJECT_MATCH; -fno-common 0 diff, plan 36.1)
x86-0x14c67c	x86	33469393c0843fc741942c3ae9d91d838467d72abd647dcf2e5bf499a3f14890	0x14c67c	_ipc_port_pdrequest	ipc	darwin01	kernel-1.tar.gz sha256 0c19349be454d7162f497b55a7735b443f5506694215e2f3f5f026b597a54a01 + restoration edit (07_kernel/MODIFICATIONS.md)	darwin01/kernel/ipc/ipc_port.c:331 (original line; edited file :317)	ipc_port_pdrequest	07_kernel/src/ipc/ipc_port.c	compared	high	06_reconstruction/evidence/x86-ipc_port.md	L1 MATCH (common-symbol variant OBJECT_MATCH; -fno-common 0 diff, plan 36.1)
x86-0x14c6a0	x86	33469393c0843fc741942c3ae9d91d838467d72abd647dcf2e5bf499a3f14890	0x14c6a0	_ipc_port_nsrequest	ipc	darwin01	kernel-1.tar.gz sha256 0c19349be454d7162f497b55a7735b443f5506694215e2f3f5f026b597a54a01 + restoration edit (07_kernel/MODIFICATIONS.md)	darwin01/kernel/ipc/ipc_port.c:360 (original line; edited file :346)	ipc_port_nsrequest	07_kernel/src/ipc/ipc_port.c	compared	high	06_reconstruction/evidence/x86-ipc_port.md	L1 MATCH (common-symbol variant OBJECT_MATCH; -fno-common 0 diff, plan 36.1)
x86-0x14c6ec	x86	33469393c0843fc741942c3ae9d91d838467d72abd647dcf2e5bf499a3f14890	0x14c6ec	_ipc_port_set_qlimit	ipc	darwin01	kernel-1.tar.gz sha256 0c19349be454d7162f497b55a7735b443f5506694215e2f3f5f026b597a54a01 + restoration edit (07_kernel/MODIFICATIONS.md)	darwin01/kernel/ipc/ipc_port.c:398 (original line; edited file :384)	ipc_port_set_qlimit	07_kernel/src/ipc/ipc_port.c	compared	high	06_reconstruction/evidence/x86-ipc_port.md	L1 MATCH (common-symbol variant OBJECT_MATCH; -fno-common 0 diff, plan 36.1)
x86-0x14c748	x86	33469393c0843fc741942c3ae9d91d838467d72abd647dcf2e5bf499a3f14890	0x14c748	_ipc_port_lock_mqueue	ipc	mach4	https://github.com/openmach/mach4.git 69fa77870f20d854c875135e116ebc80b118e7ff	mach4/kernel/ipc/ipc_port.c:383 (block :372-423; edited file :426)	ipc_port_lock_mqueue	07_kernel/src/ipc/ipc_port.c	compared	high	06_reconstruction/evidence/x86-ipc_port.md	L1 MATCH (common-symbol variant OBJECT_MATCH; -fno-common 0 diff, plan 36.1)
x86-0x14c7ec	x86	33469393c0843fc741942c3ae9d91d838467d72abd647dcf2e5bf499a3f14890	0x14c7ec	_ipc_port_set_seqno	ipc	mach4	https://github.com/openmach/mach4.git 69fa77870f20d854c875135e116ebc80b118e7ff	mach4/kernel/ipc/ipc_port.c:414 (block :372-423; edited file :457); Darwin version at darwin01 :438 not used	ipc_port_set_seqno	07_kernel/src/ipc/ipc_port.c	compared	high	06_reconstruction/evidence/x86-ipc_port.md	L1 MATCH (common-symbol variant OBJECT_MATCH; -fno-common 0 diff, plan 36.1)
x86-0x14c89c	x86	33469393c0843fc741942c3ae9d91d838467d72abd647dcf2e5bf499a3f14890	0x14c89c	_ipc_port_clear_receiver	ipc	darwin01	kernel-1.tar.gz sha256 0c19349be454d7162f497b55a7735b443f5506694215e2f3f5f026b597a54a01 + restoration edit (07_kernel/MODIFICATIONS.md)	darwin01/kernel/ipc/ipc_port.c:472 (original line; edited file :477)	ipc_port_clear_receiver	07_kernel/src/ipc/ipc_port.c	compared	high	06_reconstruction/evidence/x86-ipc_port.md	L1 MATCH (common-symbol variant OBJECT_MATCH; -fno-common 0 diff, plan 36.1)
x86-0x14c954	x86	33469393c0843fc741942c3ae9d91d838467d72abd647dcf2e5bf499a3f14890	0x14c954	_ipc_port_init	ipc	darwin01	kernel-1.tar.gz sha256 0c19349be454d7162f497b55a7735b443f5506694215e2f3f5f026b597a54a01 + restoration edit (07_kernel/MODIFICATIONS.md)	darwin01/kernel/ipc/ipc_port.c:508 (original line; edited file :513)	ipc_port_init	07_kernel/src/ipc/ipc_port.c	compared	high	06_reconstruction/evidence/x86-ipc_port.md	L1 MATCH (common-symbol variant OBJECT_MATCH; -fno-common 0 diff, plan 36.1)
x86-0x14c9c4	x86	33469393c0843fc741942c3ae9d91d838467d72abd647dcf2e5bf499a3f14890	0x14c9c4	_ipc_port_alloc	ipc	darwin01	kernel-1.tar.gz sha256 0c19349be454d7162f497b55a7735b443f5506694215e2f3f5f026b597a54a01 + restoration edit (07_kernel/MODIFICATIONS.md)	darwin01/kernel/ipc/ipc_port.c:550 (original line; edited file :555)	ipc_port_alloc	07_kernel/src/ipc/ipc_port.c	compared	high	06_reconstruction/evidence/x86-ipc_port.md	L1 MATCH (common-symbol variant OBJECT_MATCH; -fno-common 0 diff, plan 36.1)
x86-0x14ca6c	x86	33469393c0843fc741942c3ae9d91d838467d72abd647dcf2e5bf499a3f14890	0x14ca6c	_ipc_port_alloc_name	ipc	darwin01	kernel-1.tar.gz sha256 0c19349be454d7162f497b55a7735b443f5506694215e2f3f5f026b597a54a01 + restoration edit (07_kernel/MODIFICATIONS.md)	darwin01/kernel/ipc/ipc_port.c:588 (original line; edited file :593)	ipc_port_alloc_name	07_kernel/src/ipc/ipc_port.c	compared	high	06_reconstruction/evidence/x86-ipc_port.md	L1 MATCH (common-symbol variant OBJECT_MATCH; -fno-common 0 diff, plan 36.1)
x86-0x14cb0c	x86	33469393c0843fc741942c3ae9d91d838467d72abd647dcf2e5bf499a3f14890	0x14cb0c	_ipc_port_delete_compat	ipc	darwin01	kernel-1.tar.gz sha256 0c19349be454d7162f497b55a7735b443f5506694215e2f3f5f026b597a54a01 + restoration edit (07_kernel/MODIFICATIONS.md)	darwin01/kernel/ipc/ipc_port.c:621 (original line; edited file :626)	ipc_port_delete_compat	07_kernel/src/ipc/ipc_port.c	compared	high	06_reconstruction/evidence/x86-ipc_port.md	L1 MATCH (common-symbol variant OBJECT_MATCH; -fno-common 0 diff, plan 36.1)
x86-0x14cb80	x86	33469393c0843fc741942c3ae9d91d838467d72abd647dcf2e5bf499a3f14890	0x14cb80	_ipc_port_destroy	ipc	darwin01	kernel-1.tar.gz sha256 0c19349be454d7162f497b55a7735b443f5506694215e2f3f5f026b597a54a01 + restoration edit (07_kernel/MODIFICATIONS.md)	darwin01/kernel/ipc/ipc_port.c:672 (original line; edited file :677)	ipc_port_destroy	07_kernel/src/ipc/ipc_port.c	compared	high	06_reconstruction/evidence/x86-ipc_port.md	L1 MATCH (common-symbol variant OBJECT_MATCH; -fno-common 0 diff, plan 36.1); ipc_kmsg layout without ikm_sender
x86-0x14ce18	x86	33469393c0843fc741942c3ae9d91d838467d72abd647dcf2e5bf499a3f14890	0x14ce18	_ipc_port_check_circularity	ipc	darwin01	kernel-1.tar.gz sha256 0c19349be454d7162f497b55a7735b443f5506694215e2f3f5f026b597a54a01 + restoration edit (07_kernel/MODIFICATIONS.md)	darwin01/kernel/ipc/ipc_port.c:847 (original line; edited file :852)	ipc_port_check_circularity	07_kernel/src/ipc/ipc_port.c	compared	high	06_reconstruction/evidence/x86-ipc_port.md	L1 MATCH (common-symbol variant OBJECT_MATCH; -fno-common 0 diff, plan 36.1)
x86-0x14cf28	x86	33469393c0843fc741942c3ae9d91d838467d72abd647dcf2e5bf499a3f14890	0x14cf28	_ipc_port_lookup_notify	ipc	darwin01	kernel-1.tar.gz sha256 0c19349be454d7162f497b55a7735b443f5506694215e2f3f5f026b597a54a01 + restoration edit (07_kernel/MODIFICATIONS.md)	darwin01/kernel/ipc/ipc_port.c:981 (original line; edited file :986)	ipc_port_lookup_notify	07_kernel/src/ipc/ipc_port.c	compared	high	06_reconstruction/evidence/x86-ipc_port.md	L1 MATCH (common-symbol variant OBJECT_MATCH; -fno-common 0 diff, plan 36.1)
x86-0x14cf74	x86	33469393c0843fc741942c3ae9d91d838467d72abd647dcf2e5bf499a3f14890	0x14cf74	_ipc_port_make_send	ipc	darwin01	kernel-1.tar.gz sha256 0c19349be454d7162f497b55a7735b443f5506694215e2f3f5f026b597a54a01 + restoration edit (07_kernel/MODIFICATIONS.md)	darwin01/kernel/ipc/ipc_port.c:1021 (original line; edited file :1026)	ipc_port_make_send	07_kernel/src/ipc/ipc_port.c	compared	high	06_reconstruction/evidence/x86-ipc_port.md	L1 MATCH (common-symbol variant OBJECT_MATCH; -fno-common 0 diff, plan 36.1)
x86-0x14cfa4	x86	33469393c0843fc741942c3ae9d91d838467d72abd647dcf2e5bf499a3f14890	0x14cfa4	_ipc_port_copy_send	ipc	darwin01	kernel-1.tar.gz sha256 0c19349be454d7162f497b55a7735b443f5506694215e2f3f5f026b597a54a01 + restoration edit (07_kernel/MODIFICATIONS.md)	darwin01/kernel/ipc/ipc_port.c:1049 (original line; edited file :1054)	ipc_port_copy_send	07_kernel/src/ipc/ipc_port.c	compared	high	06_reconstruction/evidence/x86-ipc_port.md	L1 MATCH (common-symbol variant OBJECT_MATCH; -fno-common 0 diff, plan 36.1)
x86-0x14cff0	x86	33469393c0843fc741942c3ae9d91d838467d72abd647dcf2e5bf499a3f14890	0x14cff0	_ipc_port_copyout_send	ipc	darwin01	kernel-1.tar.gz sha256 0c19349be454d7162f497b55a7735b443f5506694215e2f3f5f026b597a54a01 + restoration edit (07_kernel/MODIFICATIONS.md)	darwin01/kernel/ipc/ipc_port.c:1081 (original line; edited file :1086)	ipc_port_copyout_send	07_kernel/src/ipc/ipc_port.c	compared	high	06_reconstruction/evidence/x86-ipc_port.md	L1 MATCH (common-symbol variant OBJECT_MATCH; -fno-common 0 diff, plan 36.1)
x86-0x14d050	x86	33469393c0843fc741942c3ae9d91d838467d72abd647dcf2e5bf499a3f14890	0x14d050	_ipc_port_release_send	ipc	darwin01	kernel-1.tar.gz sha256 0c19349be454d7162f497b55a7735b443f5506694215e2f3f5f026b597a54a01 + restoration edit (07_kernel/MODIFICATIONS.md)	darwin01/kernel/ipc/ipc_port.c:1116 (original line; edited file :1121)	ipc_port_release_send	07_kernel/src/ipc/ipc_port.c	compared	high	06_reconstruction/evidence/x86-ipc_port.md	L1 MATCH (common-symbol variant OBJECT_MATCH; -fno-common 0 diff, plan 36.1); mscount = 0 (minimal edit, original 0x14d05a)
x86-0x14d0dc	x86	33469393c0843fc741942c3ae9d91d838467d72abd647dcf2e5bf499a3f14890	0x14d0dc	_ipc_port_make_sonce	ipc	darwin01	kernel-1.tar.gz sha256 0c19349be454d7162f497b55a7735b443f5506694215e2f3f5f026b597a54a01 + restoration edit (07_kernel/MODIFICATIONS.md)	darwin01/kernel/ipc/ipc_port.c:1157 (original line; edited file :1162)	ipc_port_make_sonce	07_kernel/src/ipc/ipc_port.c	compared	high	06_reconstruction/evidence/x86-ipc_port.md	L1 MATCH (common-symbol variant OBJECT_MATCH; -fno-common 0 diff, plan 36.1)
x86-0x14d108	x86	33469393c0843fc741942c3ae9d91d838467d72abd647dcf2e5bf499a3f14890	0x14d108	_ipc_port_release_sonce	ipc	darwin01	kernel-1.tar.gz sha256 0c19349be454d7162f497b55a7735b443f5506694215e2f3f5f026b597a54a01 + restoration edit (07_kernel/MODIFICATIONS.md)	darwin01/kernel/ipc/ipc_port.c:1186 (original line; edited file :1191)	ipc_port_release_sonce	07_kernel/src/ipc/ipc_port.c	compared	high	06_reconstruction/evidence/x86-ipc_port.md	L1 MATCH (common-symbol variant OBJECT_MATCH; -fno-common 0 diff, plan 36.1)
x86-0x14d168	x86	33469393c0843fc741942c3ae9d91d838467d72abd647dcf2e5bf499a3f14890	0x14d168	_ipc_port_release_receive	ipc	darwin01	kernel-1.tar.gz sha256 0c19349be454d7162f497b55a7735b443f5506694215e2f3f5f026b597a54a01 + restoration edit (07_kernel/MODIFICATIONS.md)	darwin01/kernel/ipc/ipc_port.c:1215 (original line; edited file :1220)	ipc_port_release_receive	07_kernel/src/ipc/ipc_port.c	compared	high	06_reconstruction/evidence/x86-ipc_port.md	L1 MATCH (common-symbol variant OBJECT_MATCH; -fno-common 0 diff, plan 36.1)
x86-0x14d1a4	x86	33469393c0843fc741942c3ae9d91d838467d72abd647dcf2e5bf499a3f14890	0x14d1a4	_ipc_port_alloc_special	ipc	darwin01	kernel-1.tar.gz sha256 0c19349be454d7162f497b55a7735b443f5506694215e2f3f5f026b597a54a01 + restoration edit (07_kernel/MODIFICATIONS.md)	darwin01/kernel/ipc/ipc_port.c:1244 (original line; edited file :1249)	ipc_port_alloc_special	07_kernel/src/ipc/ipc_port.c	compared	high	06_reconstruction/evidence/x86-ipc_port.md	L1 MATCH (common-symbol variant OBJECT_MATCH; -fno-common 0 diff, plan 36.1)
x86-0x14d244	x86	33469393c0843fc741942c3ae9d91d838467d72abd647dcf2e5bf499a3f14890	0x14d244	_ipc_port_dealloc_special	ipc	darwin01	kernel-1.tar.gz sha256 0c19349be454d7162f497b55a7735b443f5506694215e2f3f5f026b597a54a01 + restoration edit (07_kernel/MODIFICATIONS.md)	darwin01/kernel/ipc/ipc_port.c:1277 (original line; edited file :1282)	ipc_port_dealloc_special	07_kernel/src/ipc/ipc_port.c	compared	high	06_reconstruction/evidence/x86-ipc_port.md	L1 MATCH (common-symbol variant OBJECT_MATCH; -fno-common 0 diff, plan 36.1)
x86-0x14d328	x86	33469393c0843fc741942c3ae9d91d838467d72abd647dcf2e5bf499a3f14890	0x14d328	_ipc_port_alloc_compat	ipc	darwin01	kernel-1.tar.gz sha256 0c19349be454d7162f497b55a7735b443f5506694215e2f3f5f026b597a54a01 + restoration edit (07_kernel/MODIFICATIONS.md)	darwin01/kernel/ipc/ipc_port.c:1324 (original line; edited file :1329)	ipc_port_alloc_compat	07_kernel/src/ipc/ipc_port.c	compared	high	06_reconstruction/evidence/x86-ipc_port.md	L1 MATCH (common-symbol variant OBJECT_MATCH; -fno-common 0 diff, plan 36.1)
x86-0x14d4e4	x86	33469393c0843fc741942c3ae9d91d838467d72abd647dcf2e5bf499a3f14890	0x14d4e4	_ipc_port_copyout_send_compat	ipc	darwin01	kernel-1.tar.gz sha256 0c19349be454d7162f497b55a7735b443f5506694215e2f3f5f026b597a54a01 + restoration edit (07_kernel/MODIFICATIONS.md)	darwin01/kernel/ipc/ipc_port.c:1407 (original line; edited file :1412)	ipc_port_copyout_send_compat	07_kernel/src/ipc/ipc_port.c	compared	high	06_reconstruction/evidence/x86-ipc_port.md	L1 MATCH (common-symbol variant OBJECT_MATCH; -fno-common 0 diff, plan 36.1); inlines release_send
x86-0x14d5b0	x86	33469393c0843fc741942c3ae9d91d838467d72abd647dcf2e5bf499a3f14890	0x14d5b0	_ipc_port_copyout_receiver	ipc	darwin01	kernel-1.tar.gz sha256 0c19349be454d7162f497b55a7735b443f5506694215e2f3f5f026b597a54a01 + restoration edit (07_kernel/MODIFICATIONS.md)	darwin01/kernel/ipc/ipc_port.c:1439 (original line; edited file :1444)	ipc_port_copyout_receiver	07_kernel/src/ipc/ipc_port.c	compared	high	06_reconstruction/evidence/x86-ipc_port.md	L1 MATCH (common-symbol variant OBJECT_MATCH; -fno-common 0 diff, plan 36.1)
x86-0x14af44	x86	33469393c0843fc741942c3ae9d91d838467d72abd647dcf2e5bf499a3f14890	0x14af44	_ipc_notify_init_port_deleted	ipc	mach4	https://github.com/openmach/mach4.git 69fa77870f20d854c875135e116ebc80b118e7ff (with 07_kernel mach/notify.h, ipc_kmsg.h restorations)	mach4/kernel/ipc/ipc_notify.c:75	ipc_notify_init_port_deleted	07_kernel/src/ipc/ipc_notify.c	compared	high	06_reconstruction/evidence/x86-ipc_notify.md	L1 MATCH (common-symbol variant OBJECT_MATCH; -fno-common 0 diff, plan 36.1)
x86-0x14afa4	x86	33469393c0843fc741942c3ae9d91d838467d72abd647dcf2e5bf499a3f14890	0x14afa4	_ipc_notify_init_msg_accepted	ipc	mach4	https://github.com/openmach/mach4.git 69fa77870f20d854c875135e116ebc80b118e7ff (with 07_kernel mach/notify.h, ipc_kmsg.h restorations)	mach4/kernel/ipc/ipc_notify.c:106	ipc_notify_init_msg_accepted	07_kernel/src/ipc/ipc_notify.c	compared	high	06_reconstruction/evidence/x86-ipc_notify.md	L1 MATCH (common-symbol variant OBJECT_MATCH; -fno-common 0 diff, plan 36.1)
x86-0x14b004	x86	33469393c0843fc741942c3ae9d91d838467d72abd647dcf2e5bf499a3f14890	0x14b004	_ipc_notify_init_port_destroyed	ipc	mach4	https://github.com/openmach/mach4.git 69fa77870f20d854c875135e116ebc80b118e7ff (with 07_kernel mach/notify.h, ipc_kmsg.h restorations)	mach4/kernel/ipc/ipc_notify.c:137	ipc_notify_init_port_destroyed	07_kernel/src/ipc/ipc_notify.c	compared	high	06_reconstruction/evidence/x86-ipc_notify.md	L1 MATCH (common-symbol variant OBJECT_MATCH; -fno-common 0 diff, plan 36.1)
x86-0x14b064	x86	33469393c0843fc741942c3ae9d91d838467d72abd647dcf2e5bf499a3f14890	0x14b064	_ipc_notify_init_no_senders	ipc	mach4	https://github.com/openmach/mach4.git 69fa77870f20d854c875135e116ebc80b118e7ff (with 07_kernel mach/notify.h, ipc_kmsg.h restorations)	mach4/kernel/ipc/ipc_notify.c:169	ipc_notify_init_no_senders	07_kernel/src/ipc/ipc_notify.c	compared	high	06_reconstruction/evidence/x86-ipc_notify.md	L1 MATCH (common-symbol variant OBJECT_MATCH; -fno-common 0 diff, plan 36.1)
x86-0x14b0c4	x86	33469393c0843fc741942c3ae9d91d838467d72abd647dcf2e5bf499a3f14890	0x14b0c4	_ipc_notify_init_send_once	ipc	mach4	https://github.com/openmach/mach4.git 69fa77870f20d854c875135e116ebc80b118e7ff (with 07_kernel mach/notify.h, ipc_kmsg.h restorations)	mach4/kernel/ipc/ipc_notify.c:200	ipc_notify_init_send_once	07_kernel/src/ipc/ipc_notify.c	compared	high	06_reconstruction/evidence/x86-ipc_notify.md	L1 MATCH (common-symbol variant OBJECT_MATCH; -fno-common 0 diff, plan 36.1)
x86-0x14b0f8	x86	33469393c0843fc741942c3ae9d91d838467d72abd647dcf2e5bf499a3f14890	0x14b0f8	_ipc_notify_init_dead_name	ipc	mach4	https://github.com/openmach/mach4.git 69fa77870f20d854c875135e116ebc80b118e7ff (with 07_kernel mach/notify.h, ipc_kmsg.h restorations)	mach4/kernel/ipc/ipc_notify.c:220	ipc_notify_init_dead_name	07_kernel/src/ipc/ipc_notify.c	compared	high	06_reconstruction/evidence/x86-ipc_notify.md	L1 MATCH (common-symbol variant OBJECT_MATCH; -fno-common 0 diff, plan 36.1)
x86-0x14b158	x86	33469393c0843fc741942c3ae9d91d838467d72abd647dcf2e5bf499a3f14890	0x14b158	_ipc_notify_init	ipc	mach4	https://github.com/openmach/mach4.git 69fa77870f20d854c875135e116ebc80b118e7ff (with 07_kernel mach/notify.h, ipc_kmsg.h restorations)	mach4/kernel/ipc/ipc_notify.c:251	ipc_notify_init	07_kernel/src/ipc/ipc_notify.c	compared	high	06_reconstruction/evidence/x86-ipc_notify.md	L1 MATCH (common-symbol variant OBJECT_MATCH; -fno-common 0 diff, plan 36.1)
x86-0x14b3ec	x86	33469393c0843fc741942c3ae9d91d838467d72abd647dcf2e5bf499a3f14890	0x14b3ec	_ipc_notify_port_deleted	ipc	mach4	https://github.com/openmach/mach4.git 69fa77870f20d854c875135e116ebc80b118e7ff (with 07_kernel mach/notify.h, ipc_kmsg.h restorations)	mach4/kernel/ipc/ipc_notify.c:271	ipc_notify_port_deleted	07_kernel/src/ipc/ipc_notify.c	compared	high	06_reconstruction/evidence/x86-ipc_notify.md	L1 MATCH (common-symbol variant OBJECT_MATCH; -fno-common 0 diff, plan 36.1)
x86-0x14b464	x86	33469393c0843fc741942c3ae9d91d838467d72abd647dcf2e5bf499a3f14890	0x14b464	_ipc_notify_msg_accepted	ipc	mach4	https://github.com/openmach/mach4.git 69fa77870f20d854c875135e116ebc80b118e7ff (with 07_kernel mach/notify.h, ipc_kmsg.h restorations)	mach4/kernel/ipc/ipc_notify.c:305	ipc_notify_msg_accepted	07_kernel/src/ipc/ipc_notify.c	compared	high	06_reconstruction/evidence/x86-ipc_notify.md	L1 MATCH (common-symbol variant OBJECT_MATCH; -fno-common 0 diff, plan 36.1)
x86-0x14b4dc	x86	33469393c0843fc741942c3ae9d91d838467d72abd647dcf2e5bf499a3f14890	0x14b4dc	_ipc_notify_port_destroyed	ipc	mach4	https://github.com/openmach/mach4.git 69fa77870f20d854c875135e116ebc80b118e7ff (with 07_kernel mach/notify.h, ipc_kmsg.h restorations)	mach4/kernel/ipc/ipc_notify.c:342	ipc_notify_port_destroyed	07_kernel/src/ipc/ipc_notify.c	compared	high	06_reconstruction/evidence/x86-ipc_notify.md	L1 MATCH (common-symbol variant OBJECT_MATCH; -fno-common 0 diff, plan 36.1)
x86-0x14b55c	x86	33469393c0843fc741942c3ae9d91d838467d72abd647dcf2e5bf499a3f14890	0x14b55c	_ipc_notify_no_senders	ipc	mach4	https://github.com/openmach/mach4.git 69fa77870f20d854c875135e116ebc80b118e7ff (with 07_kernel mach/notify.h, ipc_kmsg.h restorations)	mach4/kernel/ipc/ipc_notify.c:378	ipc_notify_no_senders	07_kernel/src/ipc/ipc_notify.c	compared	high	06_reconstruction/evidence/x86-ipc_notify.md	L1 MATCH (common-symbol variant OBJECT_MATCH; -fno-common 0 diff, plan 36.1)
x86-0x14b5d4	x86	33469393c0843fc741942c3ae9d91d838467d72abd647dcf2e5bf499a3f14890	0x14b5d4	_ipc_notify_send_once	ipc	mach4	https://github.com/openmach/mach4.git 69fa77870f20d854c875135e116ebc80b118e7ff (with 07_kernel mach/notify.h, ipc_kmsg.h restorations)	mach4/kernel/ipc/ipc_notify.c:419	ipc_notify_send_once	07_kernel/src/ipc/ipc_notify.c	compared	high	06_reconstruction/evidence/x86-ipc_notify.md	L1 MATCH (common-symbol variant OBJECT_MATCH; -fno-common 0 diff, plan 36.1)
x86-0x14b644	x86	33469393c0843fc741942c3ae9d91d838467d72abd647dcf2e5bf499a3f14890	0x14b644	_ipc_notify_dead_name	ipc	mach4	https://github.com/openmach/mach4.git 69fa77870f20d854c875135e116ebc80b118e7ff (with 07_kernel mach/notify.h, ipc_kmsg.h restorations)	mach4/kernel/ipc/ipc_notify.c:451	ipc_notify_dead_name	07_kernel/src/ipc/ipc_notify.c	compared	high	06_reconstruction/evidence/x86-ipc_notify.md	L1 MATCH (common-symbol variant OBJECT_MATCH; -fno-common 0 diff, plan 36.1)
x86-0x14b6bc	x86	33469393c0843fc741942c3ae9d91d838467d72abd647dcf2e5bf499a3f14890	0x14b6bc	_ipc_notify_port_deleted_compat	ipc	mach4	https://github.com/openmach/mach4.git 69fa77870f20d854c875135e116ebc80b118e7ff (with 07_kernel mach/notify.h, ipc_kmsg.h restorations)	mach4/kernel/ipc/ipc_notify.c:488	ipc_notify_port_deleted_compat	07_kernel/src/ipc/ipc_notify.c	compared	high	06_reconstruction/evidence/x86-ipc_notify.md	L1 MATCH (common-symbol variant OBJECT_MATCH; -fno-common 0 diff, plan 36.1)
x86-0x14b73c	x86	33469393c0843fc741942c3ae9d91d838467d72abd647dcf2e5bf499a3f14890	0x14b73c	_ipc_notify_msg_accepted_compat	ipc	mach4	https://github.com/openmach/mach4.git 69fa77870f20d854c875135e116ebc80b118e7ff (with 07_kernel mach/notify.h, ipc_kmsg.h restorations)	mach4/kernel/ipc/ipc_notify.c:525	ipc_notify_msg_accepted_compat	07_kernel/src/ipc/ipc_notify.c	compared	high	06_reconstruction/evidence/x86-ipc_notify.md	L1 MATCH (common-symbol variant OBJECT_MATCH; -fno-common 0 diff, plan 36.1)
x86-0x14b7bc	x86	33469393c0843fc741942c3ae9d91d838467d72abd647dcf2e5bf499a3f14890	0x14b7bc	_ipc_notify_port_destroyed_compat	ipc	mach4	https://github.com/openmach/mach4.git 69fa77870f20d854c875135e116ebc80b118e7ff (with 07_kernel mach/notify.h, ipc_kmsg.h restorations)	mach4/kernel/ipc/ipc_notify.c:565	ipc_notify_port_destroyed_compat	07_kernel/src/ipc/ipc_notify.c	compared	high	06_reconstruction/evidence/x86-ipc_notify.md	L1 MATCH (common-symbol variant OBJECT_MATCH; -fno-common 0 diff, plan 36.1)
x86-0x14db08	x86	33469393c0843fc741942c3ae9d91d838467d72abd647dcf2e5bf499a3f14890	0x14db08	_ipc_right_lookup_write	ipc	mach4	https://github.com/openmach/mach4.git 69fa77870f20d854c875135e116ebc80b118e7ff	mach4/kernel/ipc/ipc_right.c:69 (edited file :96)	ipc_right_lookup_write	07_kernel/src/ipc/ipc_right.c	compared	high	06_reconstruction/evidence/x86-ipc_right.md	L1 MATCH (-O3 = common-symbol variant; -O2 differs)
x86-0x14db68	x86	33469393c0843fc741942c3ae9d91d838467d72abd647dcf2e5bf499a3f14890	0x14db68	_ipc_right_reverse	ipc	mach4	https://github.com/openmach/mach4.git 69fa77870f20d854c875135e116ebc80b118e7ff	mach4/kernel/ipc/ipc_right.c:107 (edited file :134)	ipc_right_reverse	07_kernel/src/ipc/ipc_right.c	compared	high	06_reconstruction/evidence/x86-ipc_right.md	L1 MATCH (-O3 = common-symbol variant; -O2 differs)
x86-0x14dbd4	x86	33469393c0843fc741942c3ae9d91d838467d72abd647dcf2e5bf499a3f14890	0x14dbd4	_ipc_right_dnrequest	ipc	mach4	https://github.com/openmach/mach4.git 69fa77870f20d854c875135e116ebc80b118e7ff	mach4/kernel/ipc/ipc_right.c:187 (edited file :214)	ipc_right_dnrequest	07_kernel/src/ipc/ipc_right.c	compared	high	06_reconstruction/evidence/x86-ipc_right.md	L1 MATCH (-O3 = common-symbol variant; -O2 differs)
x86-0x14ddbc	x86	33469393c0843fc741942c3ae9d91d838467d72abd647dcf2e5bf499a3f14890	0x14ddbc	_ipc_right_dncancel	ipc	mach4	https://github.com/openmach/mach4.git 69fa77870f20d854c875135e116ebc80b118e7ff	mach4/kernel/ipc/ipc_right.c:324 (edited file :351)	ipc_right_dncancel	07_kernel/src/ipc/ipc_right.c	compared	high	06_reconstruction/evidence/x86-ipc_right.md	L1 MATCH (-O3 = common-symbol variant; -O2 differs)
x86-0x14ddf8	x86	33469393c0843fc741942c3ae9d91d838467d72abd647dcf2e5bf499a3f14890	0x14ddf8	_ipc_right_inuse	ipc	mach4	https://github.com/openmach/mach4.git 69fa77870f20d854c875135e116ebc80b118e7ff	mach4/kernel/ipc/ipc_right.c:365 (edited file :392)	ipc_right_inuse	07_kernel/src/ipc/ipc_right.c	compared	high	06_reconstruction/evidence/x86-ipc_right.md	L1 MATCH (-O3 = common-symbol variant; -O2 differs)
x86-0x14dec0	x86	33469393c0843fc741942c3ae9d91d838467d72abd647dcf2e5bf499a3f14890	0x14dec0	_ipc_right_check	ipc	mach4	https://github.com/openmach/mach4.git 69fa77870f20d854c875135e116ebc80b118e7ff	mach4/kernel/ipc/ipc_right.c:449 (edited file :476)	ipc_right_check	07_kernel/src/ipc/ipc_right.c	compared	high	06_reconstruction/evidence/x86-ipc_right.md	L1 MATCH (-O3 = common-symbol variant; -O2 differs)
x86-0x14df98	x86	33469393c0843fc741942c3ae9d91d838467d72abd647dcf2e5bf499a3f14890	0x14df98	_ipc_right_clean	ipc	mach4	https://github.com/openmach/mach4.git 69fa77870f20d854c875135e116ebc80b118e7ff	mach4/kernel/ipc/ipc_right.c:531 (edited file :558)	ipc_right_clean	07_kernel/src/ipc/ipc_right.c	compared	high	06_reconstruction/evidence/x86-ipc_right.md	L1 MATCH (-O3 = common-symbol variant; -O2 differs)
x86-0x14e154	x86	33469393c0843fc741942c3ae9d91d838467d72abd647dcf2e5bf499a3f14890	0x14e154	_ipc_right_destroy	ipc	mach4	https://github.com/openmach/mach4.git 69fa77870f20d854c875135e116ebc80b118e7ff	mach4/kernel/ipc/ipc_right.c:656 (edited file :683)	ipc_right_destroy	07_kernel/src/ipc/ipc_right.c	compared	high	06_reconstruction/evidence/x86-ipc_right.md	L1 MATCH (-O3 = common-symbol variant; -O2 differs)
x86-0x14e3f4	x86	33469393c0843fc741942c3ae9d91d838467d72abd647dcf2e5bf499a3f14890	0x14e3f4	_ipc_right_dealloc	ipc	mach4	https://github.com/openmach/mach4.git 69fa77870f20d854c875135e116ebc80b118e7ff	mach4/kernel/ipc/ipc_right.c:805 (edited file :832)	ipc_right_dealloc	07_kernel/src/ipc/ipc_right.c	compared	high	06_reconstruction/evidence/x86-ipc_right.md	L1 MATCH (-O3 = common-symbol variant; -O2 differs)
x86-0x14e844	x86	33469393c0843fc741942c3ae9d91d838467d72abd647dcf2e5bf499a3f14890	0x14e844	_ipc_right_delta	ipc	mach4	https://github.com/openmach/mach4.git 69fa77870f20d854c875135e116ebc80b118e7ff	mach4/kernel/ipc/ipc_right.c:1000 (edited file :1027)	ipc_right_delta	07_kernel/src/ipc/ipc_right.c	compared	high	06_reconstruction/evidence/x86-ipc_right.md	L1 MATCH (-O3 = common-symbol variant; -O2 differs)
x86-0x14efa0	x86	33469393c0843fc741942c3ae9d91d838467d72abd647dcf2e5bf499a3f14890	0x14efa0	_ipc_right_info	ipc	mach4	https://github.com/openmach/mach4.git 69fa77870f20d854c875135e116ebc80b118e7ff	mach4/kernel/ipc/ipc_right.c:1355 (edited file :1382)	ipc_right_info	07_kernel/src/ipc/ipc_right.c	compared	high	06_reconstruction/evidence/x86-ipc_right.md	L1 MATCH (-O3 = common-symbol variant; -O2 differs)
x86-0x14f100	x86	33469393c0843fc741942c3ae9d91d838467d72abd647dcf2e5bf499a3f14890	0x14f100	_ipc_right_copyin_check	ipc	mach4	https://github.com/openmach/mach4.git 69fa77870f20d854c875135e116ebc80b118e7ff	mach4/kernel/ipc/ipc_right.c:1410 (edited file :1437)	ipc_right_copyin_check	07_kernel/src/ipc/ipc_right.c	compared	high	06_reconstruction/evidence/x86-ipc_right.md	L1 MATCH (-O3 = common-symbol variant; -O2 differs)
x86-0x14f1b8	x86	33469393c0843fc741942c3ae9d91d838467d72abd647dcf2e5bf499a3f14890	0x14f1b8	_ipc_right_copyin	ipc	mach4	https://github.com/openmach/mach4.git 69fa77870f20d854c875135e116ebc80b118e7ff	mach4/kernel/ipc/ipc_right.c:1503 (edited file :1530)	ipc_right_copyin	07_kernel/src/ipc/ipc_right.c	compared	high	06_reconstruction/evidence/x86-ipc_right.md	L1 MATCH (-O3 = common-symbol variant; -O2 differs)
x86-0x14f804	x86	33469393c0843fc741942c3ae9d91d838467d72abd647dcf2e5bf499a3f14890	0x14f804	_ipc_right_copyin_undo	ipc	mach4	https://github.com/openmach/mach4.git 69fa77870f20d854c875135e116ebc80b118e7ff	mach4/kernel/ipc/ipc_right.c:1851 (edited file :1878)	ipc_right_copyin_undo	07_kernel/src/ipc/ipc_right.c	compared	high	06_reconstruction/evidence/x86-ipc_right.md	L1 MATCH (-O3 = common-symbol variant; -O2 differs)
x86-0x14f938	x86	33469393c0843fc741942c3ae9d91d838467d72abd647dcf2e5bf499a3f14890	0x14f938	_ipc_right_copyin_two	ipc	mach4	https://github.com/openmach/mach4.git 69fa77870f20d854c875135e116ebc80b118e7ff	mach4/kernel/ipc/ipc_right.c:1938 (edited file :1965)	ipc_right_copyin_two	07_kernel/src/ipc/ipc_right.c	compared	high	06_reconstruction/evidence/x86-ipc_right.md	L1 MATCH (-O3 = common-symbol variant; -O2 differs)
x86-0x14fb2c	x86	33469393c0843fc741942c3ae9d91d838467d72abd647dcf2e5bf499a3f14890	0x14fb2c	_ipc_right_copyout	ipc	mach4	https://github.com/openmach/mach4.git 69fa77870f20d854c875135e116ebc80b118e7ff	mach4/kernel/ipc/ipc_right.c:2048 (edited file :2075)	ipc_right_copyout	07_kernel/src/ipc/ipc_right.c	compared	high	06_reconstruction/evidence/x86-ipc_right.md	L1 MATCH (-O3 = common-symbol variant; -O2 differs)
x86-0x14fc44	x86	33469393c0843fc741942c3ae9d91d838467d72abd647dcf2e5bf499a3f14890	0x14fc44	_ipc_right_rename	ipc	mach4	https://github.com/openmach/mach4.git 69fa77870f20d854c875135e116ebc80b118e7ff	mach4/kernel/ipc/ipc_right.c:2226 (edited file :2253)	ipc_right_rename	07_kernel/src/ipc/ipc_right.c	compared	high	06_reconstruction/evidence/x86-ipc_right.md	L1 MATCH (-O3 = common-symbol variant; -O2 differs)
x86-0x14fecc	x86	33469393c0843fc741942c3ae9d91d838467d72abd647dcf2e5bf499a3f14890	0x14fecc	_ipc_right_copyin_compat	ipc	mach4+darwin01	https://github.com/openmach/mach4.git 69fa77870f20d854c875135e116ebc80b118e7ff + darwin01 ipc_right.c:2422-2425	mach4/kernel/ipc/ipc_right.c:2374 (edited file :2401)	ipc_right_copyin_compat	07_kernel/src/ipc/ipc_right.c	compared	high	06_reconstruction/evidence/x86-ipc_right.md	L1 MATCH (-O3 = common-symbol variant; -O2 differs); Darwin ipc_hash_delete call inserted
x86-0x150364	x86	33469393c0843fc741942c3ae9d91d838467d72abd647dcf2e5bf499a3f14890	0x150364	_ipc_right_copyin_header	ipc	mach4	https://github.com/openmach/mach4.git 69fa77870f20d854c875135e116ebc80b118e7ff	mach4/kernel/ipc/ipc_right.c:2620 (edited file :2651)	ipc_right_copyin_header	07_kernel/src/ipc/ipc_right.c	compared	high	06_reconstruction/evidence/x86-ipc_right.md	L1 MATCH (-O3 = common-symbol variant; -O2 differs)
x86-0x154b28	x86	33469393c0843fc741942c3ae9d91d838467d72abd647dcf2e5bf499a3f14890	0x154b28	_mach_port_names_helper	ipc	darwin01	kernel-1.tar.gz sha256 0c19349be454d7162f497b55a7735b443f5506694215e2f3f5f026b597a54a01 + restoration edit	darwin01/kernel/ipc/mach_port.c:125 (edited file :158)	mach_port_names_helper	07_kernel/src/ipc/mach_port.c	compared	high	06_reconstruction/evidence/x86-mach_port.md	L1 MATCH (-O3 = common-symbol variant; -O2 differs)
x86-0x154bec	x86	33469393c0843fc741942c3ae9d91d838467d72abd647dcf2e5bf499a3f14890	0x154bec	_mach_port_names	ipc	darwin01	kernel-1.tar.gz sha256 0c19349be454d7162f497b55a7735b443f5506694215e2f3f5f026b597a54a01 + restoration edit	darwin01/kernel/ipc/mach_port.c:208 (edited file :241)	mach_port_names	07_kernel/src/ipc/mach_port.c	compared	high	06_reconstruction/evidence/x86-mach_port.md	L1 MATCH (-O3 = common-symbol variant; -O2 differs)
x86-0x1550a4	x86	33469393c0843fc741942c3ae9d91d838467d72abd647dcf2e5bf499a3f14890	0x1550a4	_mach_port_type	ipc	darwin01	kernel-1.tar.gz sha256 0c19349be454d7162f497b55a7735b443f5506694215e2f3f5f026b597a54a01 + restoration edit	darwin01/kernel/ipc/mach_port.c:453 (edited file :486)	mach_port_type	07_kernel/src/ipc/mach_port.c	compared	high	06_reconstruction/evidence/x86-mach_port.md	L1 MATCH (-O3 = common-symbol variant; -O2 differs)
x86-0x155100	x86	33469393c0843fc741942c3ae9d91d838467d72abd647dcf2e5bf499a3f14890	0x155100	_mach_port_rename	ipc	darwin01	kernel-1.tar.gz sha256 0c19349be454d7162f497b55a7735b443f5506694215e2f3f5f026b597a54a01 + restoration edit	darwin01/kernel/ipc/mach_port.c:495 (edited file :528)	mach_port_rename	07_kernel/src/ipc/mach_port.c	compared	high	06_reconstruction/evidence/x86-mach_port.md	L1 MATCH (-O3 = common-symbol variant; -O2 differs)
x86-0x15513c	x86	33469393c0843fc741942c3ae9d91d838467d72abd647dcf2e5bf499a3f14890	0x15513c	_mach_port_allocate_name	ipc	darwin01	kernel-1.tar.gz sha256 0c19349be454d7162f497b55a7735b443f5506694215e2f3f5f026b597a54a01 + restoration edit	darwin01/kernel/ipc/mach_port.c:541 (edited file :574)	mach_port_allocate_name	07_kernel/src/ipc/mach_port.c	compared	high	06_reconstruction/evidence/x86-mach_port.md	L1 MATCH (-O3 = common-symbol variant; -O2 differs)
x86-0x1551d0	x86	33469393c0843fc741942c3ae9d91d838467d72abd647dcf2e5bf499a3f14890	0x1551d0	_mach_port_allocate	ipc	darwin01	kernel-1.tar.gz sha256 0c19349be454d7162f497b55a7735b443f5506694215e2f3f5f026b597a54a01 + restoration edit	darwin01/kernel/ipc/mach_port.c:604 (edited file :637)	mach_port_allocate	07_kernel/src/ipc/mach_port.c	compared	high	06_reconstruction/evidence/x86-mach_port.md	L1 MATCH (-O3 = common-symbol variant; -O2 differs)
x86-0x155250	x86	33469393c0843fc741942c3ae9d91d838467d72abd647dcf2e5bf499a3f14890	0x155250	_mach_port_destroy	ipc	darwin01	kernel-1.tar.gz sha256 0c19349be454d7162f497b55a7735b443f5506694215e2f3f5f026b597a54a01 + restoration edit	darwin01/kernel/ipc/mach_port.c:663 (edited file :696)	mach_port_destroy	07_kernel/src/ipc/mach_port.c	compared	high	06_reconstruction/evidence/x86-mach_port.md	L1 MATCH (-O3 = common-symbol variant; -O2 differs)
x86-0x155294	x86	33469393c0843fc741942c3ae9d91d838467d72abd647dcf2e5bf499a3f14890	0x155294	_mach_port_deallocate	ipc	darwin01	kernel-1.tar.gz sha256 0c19349be454d7162f497b55a7735b443f5506694215e2f3f5f026b597a54a01 + restoration edit	darwin01/kernel/ipc/mach_port.c:701 (edited file :734)	mach_port_deallocate	07_kernel/src/ipc/mach_port.c	compared	high	06_reconstruction/evidence/x86-mach_port.md	L1 MATCH (-O3 = common-symbol variant; -O2 differs)
x86-0x1552d8	x86	33469393c0843fc741942c3ae9d91d838467d72abd647dcf2e5bf499a3f14890	0x1552d8	_mach_port_get_refs	ipc	darwin01	kernel-1.tar.gz sha256 0c19349be454d7162f497b55a7735b443f5506694215e2f3f5f026b597a54a01 + restoration edit	darwin01/kernel/ipc/mach_port.c:738 (edited file :771)	mach_port_get_refs	07_kernel/src/ipc/mach_port.c	compared	high	06_reconstruction/evidence/x86-mach_port.md	L1 MATCH (-O3 = common-symbol variant; -O2 differs)
x86-0x1553a4	x86	33469393c0843fc741942c3ae9d91d838467d72abd647dcf2e5bf499a3f14890	0x1553a4	_mach_port_mod_refs	ipc	darwin01	kernel-1.tar.gz sha256 0c19349be454d7162f497b55a7735b443f5506694215e2f3f5f026b597a54a01 + restoration edit	darwin01/kernel/ipc/mach_port.c:812 (edited file :845)	mach_port_mod_refs	07_kernel/src/ipc/mach_port.c	compared	high	06_reconstruction/evidence/x86-mach_port.md	L1 MATCH (-O3 = common-symbol variant; -O2 differs)
x86-0x1553fc	x86	33469393c0843fc741942c3ae9d91d838467d72abd647dcf2e5bf499a3f14890	0x1553fc	_old_mach_port_get_receive_status	ipc	mach4	https://github.com/openmach/mach4.git 69fa77870f20d854c875135e116ebc80b118e7ff	mach4/kernel/ipc/mach_port.c:754 (edited file :885)	old_mach_port_get_receive_status	07_kernel/src/ipc/mach_port.c	compared	high	06_reconstruction/evidence/x86-mach_port.md	L1 MATCH (-O3 = common-symbol variant; -O2 differs)
x86-0x155454	x86	33469393c0843fc741942c3ae9d91d838467d72abd647dcf2e5bf499a3f14890	0x155454	_mach_port_set_qlimit	ipc	darwin01	kernel-1.tar.gz sha256 0c19349be454d7162f497b55a7735b443f5506694215e2f3f5f026b597a54a01 + restoration edit	darwin01/kernel/ipc/mach_port.c:854 (edited file :927)	mach_port_set_qlimit	07_kernel/src/ipc/mach_port.c	compared	high	06_reconstruction/evidence/x86-mach_port.md	L1 MATCH (-O3 = common-symbol variant; -O2 differs)
x86-0x1554ac	x86	33469393c0843fc741942c3ae9d91d838467d72abd647dcf2e5bf499a3f14890	0x1554ac	_mach_port_set_mscount	ipc	darwin01	kernel-1.tar.gz sha256 0c19349be454d7162f497b55a7735b443f5506694215e2f3f5f026b597a54a01 + restoration edit	darwin01/kernel/ipc/mach_port.c:894 (edited file :967)	mach_port_set_mscount	07_kernel/src/ipc/mach_port.c	compared	high	06_reconstruction/evidence/x86-mach_port.md	L1 MATCH (-O3 = common-symbol variant; -O2 differs)
x86-0x1554f0	x86	33469393c0843fc741942c3ae9d91d838467d72abd647dcf2e5bf499a3f14890	0x1554f0	_mach_port_set_seqno	ipc	darwin01	kernel-1.tar.gz sha256 0c19349be454d7162f497b55a7735b443f5506694215e2f3f5f026b597a54a01 + restoration edit	darwin01/kernel/ipc/mach_port.c:931 (edited file :1004)	mach_port_set_seqno	07_kernel/src/ipc/mach_port.c	compared	high	06_reconstruction/evidence/x86-mach_port.md	L1 MATCH (-O3 = common-symbol variant; -O2 differs)
x86-0x155540	x86	33469393c0843fc741942c3ae9d91d838467d72abd647dcf2e5bf499a3f14890	0x155540	_mach_port_gst_helper	ipc	darwin01	kernel-1.tar.gz sha256 0c19349be454d7162f497b55a7735b443f5506694215e2f3f5f026b597a54a01 + restoration edit	darwin01/kernel/ipc/mach_port.c:960 (edited file :1033)	mach_port_gst_helper	07_kernel/src/ipc/mach_port.c	compared	high	06_reconstruction/evidence/x86-mach_port.md	L1 MATCH (-O3 = common-symbol variant; -O2 differs)
x86-0x15558c	x86	33469393c0843fc741942c3ae9d91d838467d72abd647dcf2e5bf499a3f14890	0x15558c	_mach_port_get_set_status	ipc	darwin01	kernel-1.tar.gz sha256 0c19349be454d7162f497b55a7735b443f5506694215e2f3f5f026b597a54a01 + restoration edit	darwin01/kernel/ipc/mach_port.c:1008 (edited file :1081)	mach_port_get_set_status	07_kernel/src/ipc/mach_port.c	compared	high	06_reconstruction/evidence/x86-mach_port.md	L1 MATCH (-O3 = common-symbol variant; -O2 differs)
x86-0x155858	x86	33469393c0843fc741942c3ae9d91d838467d72abd647dcf2e5bf499a3f14890	0x155858	_mach_port_move_member	ipc	darwin01	kernel-1.tar.gz sha256 0c19349be454d7162f497b55a7735b443f5506694215e2f3f5f026b597a54a01 + restoration edit	darwin01/kernel/ipc/mach_port.c:1196 (edited file :1269)	mach_port_move_member	07_kernel/src/ipc/mach_port.c	compared	high	06_reconstruction/evidence/x86-mach_port.md	L1 MATCH (-O3 = common-symbol variant; -O2 differs)
x86-0x1558ec	x86	33469393c0843fc741942c3ae9d91d838467d72abd647dcf2e5bf499a3f14890	0x1558ec	_mach_port_request_notification	ipc	darwin01	kernel-1.tar.gz sha256 0c19349be454d7162f497b55a7735b443f5506694215e2f3f5f026b597a54a01 + restoration edit	darwin01/kernel/ipc/mach_port.c:1290 (edited file :1363)	mach_port_request_notification	07_kernel/src/ipc/mach_port.c	compared	high	06_reconstruction/evidence/x86-mach_port.md	L1 MATCH (-O3 = common-symbol variant; -O2 differs)
x86-0x1559ec	x86	33469393c0843fc741942c3ae9d91d838467d72abd647dcf2e5bf499a3f14890	0x1559ec	_mach_port_insert_right	ipc	darwin01	kernel-1.tar.gz sha256 0c19349be454d7162f497b55a7735b443f5506694215e2f3f5f026b597a54a01 + restoration edit	darwin01/kernel/ipc/mach_port.c:1387 (edited file :1460)	mach_port_insert_right	07_kernel/src/ipc/mach_port.c	compared	high	06_reconstruction/evidence/x86-mach_port.md	L1 MATCH (-O3 = common-symbol variant; -O2 differs)
x86-0x155a44	x86	33469393c0843fc741942c3ae9d91d838467d72abd647dcf2e5bf499a3f14890	0x155a44	_mach_port_extract_right	ipc	darwin01	kernel-1.tar.gz sha256 0c19349be454d7162f497b55a7735b443f5506694215e2f3f5f026b597a54a01 + restoration edit	darwin01/kernel/ipc/mach_port.c:1424 (edited file :1497)	mach_port_extract_right	07_kernel/src/ipc/mach_port.c	compared	high	06_reconstruction/evidence/x86-mach_port.md	L1 MATCH (-O3 = common-symbol variant; -O2 differs)
x86-0x155a9c	x86	33469393c0843fc741942c3ae9d91d838467d72abd647dcf2e5bf499a3f14890	0x155a9c	_mach_port_get_receive_status	ipc	darwin01	kernel-1.tar.gz sha256 0c19349be454d7162f497b55a7735b443f5506694215e2f3f5f026b597a54a01 + restoration edit	darwin01/kernel/ipc/mach_port.c:1461 (edited file :1534)	mach_port_get_receive_status	07_kernel/src/ipc/mach_port.c	compared	high	06_reconstruction/evidence/x86-mach_port.md	L1 MATCH (-O3 = common-symbol variant; -O2 differs)
x86-0x155be4	x86	33469393c0843fc741942c3ae9d91d838467d72abd647dcf2e5bf499a3f14890	0x155be4	_port_translate_compat	ipc	darwin01	kernel-1.tar.gz sha256 0c19349be454d7162f497b55a7735b443f5506694215e2f3f5f026b597a54a01 + restoration edit	darwin01/kernel/ipc/mach_port.c:1532 (edited file :1605)	port_translate_compat	07_kernel/src/ipc/mach_port.c	compared	high	06_reconstruction/evidence/x86-mach_port.md	L1 MATCH (-O3 = common-symbol variant; -O2 differs)
x86-0x155c78	x86	33469393c0843fc741942c3ae9d91d838467d72abd647dcf2e5bf499a3f14890	0x155c78	_convert_port_type	ipc	darwin01	kernel-1.tar.gz sha256 0c19349be454d7162f497b55a7735b443f5506694215e2f3f5f026b597a54a01 + restoration edit	darwin01/kernel/ipc/mach_port.c:1581 (edited file :1654)	convert_port_type	07_kernel/src/ipc/mach_port.c	compared	high	06_reconstruction/evidence/x86-mach_port.md	L1 MATCH (-O3 = common-symbol variant; -O2 differs)
x86-0x155ce8	x86	33469393c0843fc741942c3ae9d91d838467d72abd647dcf2e5bf499a3f14890	0x155ce8	_port_names	ipc	darwin01	kernel-1.tar.gz sha256 0c19349be454d7162f497b55a7735b443f5506694215e2f3f5f026b597a54a01 + restoration edit	darwin01/kernel/ipc/mach_port.c:1623 (edited file :1696)	port_names	07_kernel/src/ipc/mach_port.c	compared	high	06_reconstruction/evidence/x86-mach_port.md	L1 MATCH (-O3 = common-symbol variant; -O2 differs)
x86-0x155e9c	x86	33469393c0843fc741942c3ae9d91d838467d72abd647dcf2e5bf499a3f14890	0x155e9c	_port_type	ipc	darwin01	kernel-1.tar.gz sha256 0c19349be454d7162f497b55a7735b443f5506694215e2f3f5f026b597a54a01 + restoration edit	darwin01/kernel/ipc/mach_port.c:1721 (edited file :1794)	port_type	07_kernel/src/ipc/mach_port.c	compared	high	06_reconstruction/evidence/x86-mach_port.md	L1 MATCH (-O3 = common-symbol variant; -O2 differs)
x86-0x155f68	x86	33469393c0843fc741942c3ae9d91d838467d72abd647dcf2e5bf499a3f14890	0x155f68	_port_rename	ipc	darwin01	kernel-1.tar.gz sha256 0c19349be454d7162f497b55a7735b443f5506694215e2f3f5f026b597a54a01 + restoration edit	darwin01/kernel/ipc/mach_port.c:1754 (edited file :1827)	port_rename	07_kernel/src/ipc/mach_port.c	compared	high	06_reconstruction/evidence/x86-mach_port.md	L1 MATCH (-O3 = common-symbol variant; -O2 differs)
x86-0x155fac	x86	33469393c0843fc741942c3ae9d91d838467d72abd647dcf2e5bf499a3f14890	0x155fac	_port_allocate	ipc	darwin01	kernel-1.tar.gz sha256 0c19349be454d7162f497b55a7735b443f5506694215e2f3f5f026b597a54a01 + restoration edit	darwin01/kernel/ipc/mach_port.c:1785 (edited file :1858)	port_allocate	07_kernel/src/ipc/mach_port.c	compared	high	06_reconstruction/evidence/x86-mach_port.md	L1 MATCH (-O3 = common-symbol variant; -O2 differs)
x86-0x155ff8	x86	33469393c0843fc741942c3ae9d91d838467d72abd647dcf2e5bf499a3f14890	0x155ff8	_port_deallocate	ipc	darwin01	kernel-1.tar.gz sha256 0c19349be454d7162f497b55a7735b443f5506694215e2f3f5f026b597a54a01 + restoration edit	darwin01/kernel/ipc/mach_port.c:1821 (edited file :1894)	port_deallocate	07_kernel/src/ipc/mach_port.c	compared	high	06_reconstruction/evidence/x86-mach_port.md	L1 MATCH (-O3 = common-symbol variant; -O2 differs)
x86-0x15606c	x86	33469393c0843fc741942c3ae9d91d838467d72abd647dcf2e5bf499a3f14890	0x15606c	_port_set_backlog	ipc	darwin01	kernel-1.tar.gz sha256 0c19349be454d7162f497b55a7735b443f5506694215e2f3f5f026b597a54a01 + restoration edit	darwin01/kernel/ipc/mach_port.c:1882 (edited file :1955)	port_set_backlog	07_kernel/src/ipc/mach_port.c	compared	high	06_reconstruction/evidence/x86-mach_port.md	L1 MATCH (-O3 = common-symbol variant; -O2 differs)
x86-0x15612c	x86	33469393c0843fc741942c3ae9d91d838467d72abd647dcf2e5bf499a3f14890	0x15612c	_port_set_backup	ipc	darwin01	kernel-1.tar.gz sha256 0c19349be454d7162f497b55a7735b443f5506694215e2f3f5f026b597a54a01 + restoration edit	darwin01/kernel/ipc/mach_port.c:1926 (edited file :1999)	port_set_backup	07_kernel/src/ipc/mach_port.c	compared	high	06_reconstruction/evidence/x86-mach_port.md	L1 MATCH (-O3 = common-symbol variant; -O2 differs)
x86-0x15622c	x86	33469393c0843fc741942c3ae9d91d838467d72abd647dcf2e5bf499a3f14890	0x15622c	_port_status	ipc	darwin01	kernel-1.tar.gz sha256 0c19349be454d7162f497b55a7735b443f5506694215e2f3f5f026b597a54a01 + restoration edit	darwin01/kernel/ipc/mach_port.c:1989 (edited file :2062)	port_status	07_kernel/src/ipc/mach_port.c	compared	high	06_reconstruction/evidence/x86-mach_port.md	L1 MATCH (-O3 = common-symbol variant; -O2 differs)
x86-0x15637c	x86	33469393c0843fc741942c3ae9d91d838467d72abd647dcf2e5bf499a3f14890	0x15637c	_port_set_allocate	ipc	darwin01	kernel-1.tar.gz sha256 0c19349be454d7162f497b55a7735b443f5506694215e2f3f5f026b597a54a01 + restoration edit	darwin01/kernel/ipc/mach_port.c:2087 (edited file :2160)	port_set_allocate	07_kernel/src/ipc/mach_port.c	compared	high	06_reconstruction/evidence/x86-mach_port.md	L1 MATCH (-O3 = common-symbol variant; -O2 differs)
x86-0x1563c8	x86	33469393c0843fc741942c3ae9d91d838467d72abd647dcf2e5bf499a3f14890	0x1563c8	_port_set_deallocate	ipc	darwin01	kernel-1.tar.gz sha256 0c19349be454d7162f497b55a7735b443f5506694215e2f3f5f026b597a54a01 + restoration edit	darwin01/kernel/ipc/mach_port.c:2121 (edited file :2194)	port_set_deallocate	07_kernel/src/ipc/mach_port.c	compared	high	06_reconstruction/evidence/x86-mach_port.md	L1 MATCH (-O3 = common-symbol variant; -O2 differs)
x86-0x156420	x86	33469393c0843fc741942c3ae9d91d838467d72abd647dcf2e5bf499a3f14890	0x156420	_port_set_add	ipc	darwin01	kernel-1.tar.gz sha256 0c19349be454d7162f497b55a7735b443f5506694215e2f3f5f026b597a54a01 + restoration edit	darwin01/kernel/ipc/mach_port.c:2166 (edited file :2239)	port_set_add	07_kernel/src/ipc/mach_port.c	compared	high	06_reconstruction/evidence/x86-mach_port.md	L1 MATCH (-O3 = common-symbol variant; -O2 differs)
x86-0x1564c0	x86	33469393c0843fc741942c3ae9d91d838467d72abd647dcf2e5bf499a3f14890	0x1564c0	_port_set_remove	ipc	darwin01	kernel-1.tar.gz sha256 0c19349be454d7162f497b55a7735b443f5506694215e2f3f5f026b597a54a01 + restoration edit	darwin01/kernel/ipc/mach_port.c:2239 (edited file :2312)	port_set_remove	07_kernel/src/ipc/mach_port.c	compared	high	06_reconstruction/evidence/x86-mach_port.md	L1 MATCH (-O3 = common-symbol variant; -O2 differs)
x86-0x156540	x86	33469393c0843fc741942c3ae9d91d838467d72abd647dcf2e5bf499a3f14890	0x156540	_port_set_status	ipc	darwin01	kernel-1.tar.gz sha256 0c19349be454d7162f497b55a7735b443f5506694215e2f3f5f026b597a54a01 + restoration edit	darwin01/kernel/ipc/mach_port.c:2296 (edited file :2369)	port_set_status	07_kernel/src/ipc/mach_port.c	compared	high	06_reconstruction/evidence/x86-mach_port.md	L1 MATCH (-O3 = common-symbol variant; -O2 differs)
x86-0x15656c	x86	33469393c0843fc741942c3ae9d91d838467d72abd647dcf2e5bf499a3f14890	0x15656c	_port_insert_send	ipc	darwin01	kernel-1.tar.gz sha256 0c19349be454d7162f497b55a7735b443f5506694215e2f3f5f026b597a54a01 + restoration edit	darwin01/kernel/ipc/mach_port.c:2331 (edited file :2404)	port_insert_send	07_kernel/src/ipc/mach_port.c	compared	high	06_reconstruction/evidence/x86-mach_port.md	L1 MATCH (-O3 = common-symbol variant; -O2 differs)
x86-0x1565cc	x86	33469393c0843fc741942c3ae9d91d838467d72abd647dcf2e5bf499a3f14890	0x1565cc	_port_extract_send	ipc	darwin01	kernel-1.tar.gz sha256 0c19349be454d7162f497b55a7735b443f5506694215e2f3f5f026b597a54a01 + restoration edit	darwin01/kernel/ipc/mach_port.c:2378 (edited file :2451)	port_extract_send	07_kernel/src/ipc/mach_port.c	compared	high	06_reconstruction/evidence/x86-mach_port.md	L1 MATCH (-O3 = common-symbol variant; -O2 differs)
x86-0x156600	x86	33469393c0843fc741942c3ae9d91d838467d72abd647dcf2e5bf499a3f14890	0x156600	_port_insert_receive	ipc	darwin01	kernel-1.tar.gz sha256 0c19349be454d7162f497b55a7735b443f5506694215e2f3f5f026b597a54a01 + restoration edit	darwin01/kernel/ipc/mach_port.c:2417 (edited file :2490)	port_insert_receive	07_kernel/src/ipc/mach_port.c	compared	high	06_reconstruction/evidence/x86-mach_port.md	L1 MATCH (-O3 = common-symbol variant; -O2 differs)
x86-0x156660	x86	33469393c0843fc741942c3ae9d91d838467d72abd647dcf2e5bf499a3f14890	0x156660	_port_extract_receive	ipc	darwin01	kernel-1.tar.gz sha256 0c19349be454d7162f497b55a7735b443f5506694215e2f3f5f026b597a54a01 + restoration edit	darwin01/kernel/ipc/mach_port.c:2466 (edited file :2539)	port_extract_receive	07_kernel/src/ipc/mach_port.c	compared	high	06_reconstruction/evidence/x86-mach_port.md	L1 MATCH (-O3 = common-symbol variant; -O2 differs)
x86-0x151cbc	x86	33469393c0843fc741942c3ae9d91d838467d72abd647dcf2e5bf499a3f14890	0x151cbc	_mach_port_get_srights	ipc	darwin01	kernel-1.tar.gz sha256 0c19349be454d7162f497b55a7735b443f5506694215e2f3f5f026b597a54a01	darwin01/kernel/ipc/mach_debug.c:115 (edited file :117)	mach_port_get_srights	07_kernel/src/ipc/mach_debug.c	compared	high	06_reconstruction/evidence/x86-mach_debug.md	L1 MATCH (-O3 = common-symbol variant = -O2)
x86-0x151d04	x86	33469393c0843fc741942c3ae9d91d838467d72abd647dcf2e5bf499a3f14890	0x151d04	_host_ipc_hash_info	ipc	darwin01+authored	kernel-1.tar.gz sha256 0c19349be454d7162f497b55a7735b443f5506694215e2f3f5f026b597a54a01 + authored line	darwin01/kernel/ipc/mach_debug.c:152 (edited file :154)	host_ipc_hash_info	07_kernel/src/ipc/mach_debug.c	compared	high	06_reconstruction/evidence/x86-mach_debug.md	L1 MATCH (-O3 = common-symbol variant = -O2); authored: size = 0 (edited file :160-161, evidence 0x151d0d xor edi,edi)
x86-0x151e30	x86	33469393c0843fc741942c3ae9d91d838467d72abd647dcf2e5bf499a3f14890	0x151e30	_host_ipc_marequest_info	ipc	darwin01	kernel-1.tar.gz sha256 0c19349be454d7162f497b55a7735b443f5506694215e2f3f5f026b597a54a01 + restoration edit	darwin01/kernel/ipc/mach_debug.c:243 (edited file :246)	host_ipc_marequest_info	07_kernel/src/ipc/mach_debug.c	compared	high	06_reconstruction/evidence/x86-mach_debug.md	L1 MATCH (-O3 = common-symbol variant = -O2); restoration edit: Mach4 mach_debug.c:195 size = 0 line (evidence 0x151e39)
x86-0x151f60	x86	33469393c0843fc741942c3ae9d91d838467d72abd647dcf2e5bf499a3f14890	0x151f60	_mach_port_space_info	ipc	darwin01+authored	kernel-1.tar.gz sha256 0c19349be454d7162f497b55a7735b443f5506694215e2f3f5f026b597a54a01 + authored lines	darwin01/kernel/ipc/mach_debug.c:336 (edited file :339)	mach_port_space_info	07_kernel/src/ipc/mach_debug.c	compared	high	06_reconstruction/evidence/x86-mach_debug.md	L1 MATCH (-O3 = common-symbol variant = -O2); authored: table_size = 0, tree_size = 0 (edited file :350-351, :355-356, evidence 0x151f69, 0x151f70)
x86-0x1524a8	x86	33469393c0843fc741942c3ae9d91d838467d72abd647dcf2e5bf499a3f14890	0x1524a8	_mach_port_dnrequest_info	ipc	darwin01	kernel-1.tar.gz sha256 0c19349be454d7162f497b55a7735b443f5506694215e2f3f5f026b597a54a01	darwin01/kernel/ipc/mach_debug.c:621 (edited file :626)	mach_port_dnrequest_info	07_kernel/src/ipc/mach_debug.c	compared	high	06_reconstruction/evidence/x86-mach_debug.md	L1 MATCH (-O3 = common-symbol variant = -O2)
x86-0x152528	x86	33469393c0843fc741942c3ae9d91d838467d72abd647dcf2e5bf499a3f14890	0x152528	_mach_port_kernel_object	ipc	darwin01	kernel-1.tar.gz sha256 0c19349be454d7162f497b55a7735b443f5506694215e2f3f5f026b597a54a01	darwin01/kernel/ipc/mach_debug.c:680 (edited file :685)	mach_port_kernel_object	07_kernel/src/ipc/mach_debug.c	compared	high	06_reconstruction/evidence/x86-mach_debug.md	L1 MATCH (-O3 = common-symbol variant = -O2)
x86-0x1593e4	x86	33469393c0843fc741942c3ae9d91d838467d72abd647dcf2e5bf499a3f14890	0x1593e4	_ipc_task_init	kern	darwin01	kernel-1.tar.gz sha256 0c19349be454d7162f497b55a7735b443f5506694215e2f3f5f026b597a54a01 + restoration edit	darwin01/kernel/kern/ipc_tt.c:90 (edited file :92)	ipc_task_init	07_kernel/src/kern/ipc_tt.c	compared	high	06_reconstruction/evidence/x86-ipc_tt.md	L1 MATCH (-O3 = common-symbol variant; -O2 differs)
x86-0x1594dc	x86	33469393c0843fc741942c3ae9d91d838467d72abd647dcf2e5bf499a3f14890	0x1594dc	_ipc_task_enable	kern	darwin01	kernel-1.tar.gz sha256 0c19349be454d7162f497b55a7735b443f5506694215e2f3f5f026b597a54a01 + restoration edit	darwin01/kernel/kern/ipc_tt.c:147 (edited file :149)	ipc_task_enable	07_kernel/src/kern/ipc_tt.c	compared	high	06_reconstruction/evidence/x86-ipc_tt.md	L1 MATCH (-O3 = common-symbol variant; -O2 differs)
x86-0x159518	x86	33469393c0843fc741942c3ae9d91d838467d72abd647dcf2e5bf499a3f14890	0x159518	_ipc_task_disable	kern	darwin01	kernel-1.tar.gz sha256 0c19349be454d7162f497b55a7735b443f5506694215e2f3f5f026b597a54a01 + restoration edit	darwin01/kernel/kern/ipc_tt.c:168 (edited file :170)	ipc_task_disable	07_kernel/src/kern/ipc_tt.c	compared	high	06_reconstruction/evidence/x86-ipc_tt.md	L1 MATCH (-O3 = common-symbol variant; -O2 differs)
x86-0x159558	x86	33469393c0843fc741942c3ae9d91d838467d72abd647dcf2e5bf499a3f14890	0x159558	_ipc_task_terminate	kern	darwin01	kernel-1.tar.gz sha256 0c19349be454d7162f497b55a7735b443f5506694215e2f3f5f026b597a54a01 + restoration edit	darwin01/kernel/kern/ipc_tt.c:190 (edited file :192)	ipc_task_terminate	07_kernel/src/kern/ipc_tt.c	compared	high	06_reconstruction/evidence/x86-ipc_tt.md	L1 MATCH (-O3 = common-symbol variant; -O2 differs)
x86-0x15961c	x86	33469393c0843fc741942c3ae9d91d838467d72abd647dcf2e5bf499a3f14890	0x15961c	_ipc_thread_init	kern	darwin01	kernel-1.tar.gz sha256 0c19349be454d7162f497b55a7735b443f5506694215e2f3f5f026b597a54a01 + restoration edit	darwin01/kernel/kern/ipc_tt.c:239 (edited file :241)	ipc_thread_init	07_kernel/src/kern/ipc_tt.c	compared	high	06_reconstruction/evidence/x86-ipc_tt.md	L1 MATCH (-O3 = common-symbol variant; -O2 differs)
x86-0x1596e0	x86	33469393c0843fc741942c3ae9d91d838467d72abd647dcf2e5bf499a3f14890	0x1596e0	_ipc_thread_enable	kern	darwin01	kernel-1.tar.gz sha256 0c19349be454d7162f497b55a7735b443f5506694215e2f3f5f026b597a54a01 + restoration edit	darwin01/kernel/kern/ipc_tt.c:302 (edited file :304)	ipc_thread_enable	07_kernel/src/kern/ipc_tt.c	compared	high	06_reconstruction/evidence/x86-ipc_tt.md	L1 MATCH (-O3 = common-symbol variant; -O2 differs)
x86-0x159728	x86	33469393c0843fc741942c3ae9d91d838467d72abd647dcf2e5bf499a3f14890	0x159728	_ipc_thread_disable	kern	darwin01	kernel-1.tar.gz sha256 0c19349be454d7162f497b55a7735b443f5506694215e2f3f5f026b597a54a01 + restoration edit	darwin01/kernel/kern/ipc_tt.c:323 (edited file :325)	ipc_thread_disable	07_kernel/src/kern/ipc_tt.c	compared	high	06_reconstruction/evidence/x86-ipc_tt.md	L1 MATCH (-O3 = common-symbol variant; -O2 differs)
x86-0x159770	x86	33469393c0843fc741942c3ae9d91d838467d72abd647dcf2e5bf499a3f14890	0x159770	_ipc_thread_terminate	kern	darwin01	kernel-1.tar.gz sha256 0c19349be454d7162f497b55a7735b443f5506694215e2f3f5f026b597a54a01 + restoration edit	darwin01/kernel/kern/ipc_tt.c:345 (edited file :347)	ipc_thread_terminate	07_kernel/src/kern/ipc_tt.c	compared	high	06_reconstruction/evidence/x86-ipc_tt.md	L1 MATCH (-O3 = common-symbol variant; -O2 differs)
x86-0x1598a0	x86	33469393c0843fc741942c3ae9d91d838467d72abd647dcf2e5bf499a3f14890	0x1598a0	_retrieve_task_self_fast	kern	darwin01	kernel-1.tar.gz sha256 0c19349be454d7162f497b55a7735b443f5506694215e2f3f5f026b597a54a01 + restoration edit	darwin01/kernel/kern/ipc_tt.c:485 (edited file :433)	retrieve_task_self_fast	07_kernel/src/kern/ipc_tt.c	compared	high	06_reconstruction/evidence/x86-ipc_tt.md	L1 MATCH (-O3 = common-symbol variant; -O2 differs)
x86-0x159900	x86	33469393c0843fc741942c3ae9d91d838467d72abd647dcf2e5bf499a3f14890	0x159900	_retrieve_thread_self_fast	kern	darwin01	kernel-1.tar.gz sha256 0c19349be454d7162f497b55a7735b443f5506694215e2f3f5f026b597a54a01 + restoration edit	darwin01/kernel/kern/ipc_tt.c:523 (edited file :471)	retrieve_thread_self_fast	07_kernel/src/kern/ipc_tt.c	compared	high	06_reconstruction/evidence/x86-ipc_tt.md	L1 MATCH (-O3 = common-symbol variant; -O2 differs)
x86-0x159970	x86	33469393c0843fc741942c3ae9d91d838467d72abd647dcf2e5bf499a3f14890	0x159970	_mach_task_self	kern	darwin01	kernel-1.tar.gz sha256 0c19349be454d7162f497b55a7735b443f5506694215e2f3f5f026b597a54a01 + restoration edit	darwin01/kernel/kern/ipc_tt.c:616 (edited file :564)	mach_task_self	07_kernel/src/kern/ipc_tt.c	compared	high	06_reconstruction/evidence/x86-ipc_tt.md	L1 MATCH (-O3 = common-symbol variant; -O2 differs)
x86-0x1599e0	x86	33469393c0843fc741942c3ae9d91d838467d72abd647dcf2e5bf499a3f14890	0x1599e0	_mach_thread_self	kern	darwin01	kernel-1.tar.gz sha256 0c19349be454d7162f497b55a7735b443f5506694215e2f3f5f026b597a54a01 + restoration edit	darwin01/kernel/kern/ipc_tt.c:637 (edited file :585)	mach_thread_self	07_kernel/src/kern/ipc_tt.c	compared	high	06_reconstruction/evidence/x86-ipc_tt.md	L1 MATCH (-O3 = common-symbol variant; -O2 differs)
x86-0x159a64	x86	33469393c0843fc741942c3ae9d91d838467d72abd647dcf2e5bf499a3f14890	0x159a64	_mach_reply_port	kern	darwin01	kernel-1.tar.gz sha256 0c19349be454d7162f497b55a7735b443f5506694215e2f3f5f026b597a54a01 + restoration edit	darwin01/kernel/kern/ipc_tt.c:659 (edited file :607)	mach_reply_port	07_kernel/src/kern/ipc_tt.c	compared	high	06_reconstruction/evidence/x86-ipc_tt.md	L1 MATCH (-O3 = common-symbol variant; -O2 differs)
x86-0x159aa4	x86	33469393c0843fc741942c3ae9d91d838467d72abd647dcf2e5bf499a3f14890	0x159aa4	_retrieve_task_notify	kern	darwin01	kernel-1.tar.gz sha256 0c19349be454d7162f497b55a7735b443f5506694215e2f3f5f026b597a54a01 + restoration edit	darwin01/kernel/kern/ipc_tt.c:686 (edited file :634)	retrieve_task_notify	07_kernel/src/kern/ipc_tt.c	compared	high	06_reconstruction/evidence/x86-ipc_tt.md	L1 MATCH (-O3 = common-symbol variant; -O2 differs)
x86-0x159afc	x86	33469393c0843fc741942c3ae9d91d838467d72abd647dcf2e5bf499a3f14890	0x159afc	_retrieve_thread_reply	kern	darwin01	kernel-1.tar.gz sha256 0c19349be454d7162f497b55a7735b443f5506694215e2f3f5f026b597a54a01 + restoration edit	darwin01/kernel/kern/ipc_tt.c:714 (edited file :662)	retrieve_thread_reply	07_kernel/src/kern/ipc_tt.c	compared	high	06_reconstruction/evidence/x86-ipc_tt.md	L1 MATCH (-O3 = common-symbol variant; -O2 differs)
x86-0x159b58	x86	33469393c0843fc741942c3ae9d91d838467d72abd647dcf2e5bf499a3f14890	0x159b58	_task_self	kern	darwin01	kernel-1.tar.gz sha256 0c19349be454d7162f497b55a7735b443f5506694215e2f3f5f026b597a54a01 + restoration edit	darwin01/kernel/kern/ipc_tt.c:744 (edited file :692)	task_self	07_kernel/src/kern/ipc_tt.c	compared	high	06_reconstruction/evidence/x86-ipc_tt.md	L1 MATCH (-O3 = common-symbol variant; -O2 differs)
x86-0x159bc8	x86	33469393c0843fc741942c3ae9d91d838467d72abd647dcf2e5bf499a3f14890	0x159bc8	_task_notify	kern	darwin01	kernel-1.tar.gz sha256 0c19349be454d7162f497b55a7735b443f5506694215e2f3f5f026b597a54a01 + restoration edit	darwin01/kernel/kern/ipc_tt.c:768 (edited file :716)	task_notify	07_kernel/src/kern/ipc_tt.c	compared	high	06_reconstruction/evidence/x86-ipc_tt.md	L1 MATCH (-O3 = common-symbol variant; -O2 differs)
x86-0x159c34	x86	33469393c0843fc741942c3ae9d91d838467d72abd647dcf2e5bf499a3f14890	0x159c34	_thread_self	kern	darwin01	kernel-1.tar.gz sha256 0c19349be454d7162f497b55a7735b443f5506694215e2f3f5f026b597a54a01 + restoration edit	darwin01/kernel/kern/ipc_tt.c:792 (edited file :740)	thread_self	07_kernel/src/kern/ipc_tt.c	compared	high	06_reconstruction/evidence/x86-ipc_tt.md	L1 MATCH (-O3 = common-symbol variant; -O2 differs)
x86-0x159cb8	x86	33469393c0843fc741942c3ae9d91d838467d72abd647dcf2e5bf499a3f14890	0x159cb8	_thread_reply	kern	darwin01	kernel-1.tar.gz sha256 0c19349be454d7162f497b55a7735b443f5506694215e2f3f5f026b597a54a01 + restoration edit	darwin01/kernel/kern/ipc_tt.c:817 (edited file :765)	thread_reply	07_kernel/src/kern/ipc_tt.c	compared	high	06_reconstruction/evidence/x86-ipc_tt.md	L1 MATCH (-O3 = common-symbol variant; -O2 differs)
x86-0x159d2c	x86	33469393c0843fc741942c3ae9d91d838467d72abd647dcf2e5bf499a3f14890	0x159d2c	_task_get_special_port	kern	darwin01	kernel-1.tar.gz sha256 0c19349be454d7162f497b55a7735b443f5506694215e2f3f5f026b597a54a01 + restoration edit	darwin01/kernel/kern/ipc_tt.c:846 (edited file :794)	task_get_special_port	07_kernel/src/kern/ipc_tt.c	compared	high	06_reconstruction/evidence/x86-ipc_tt.md	L1 MATCH (-O3 = common-symbol variant; -O2 differs)
x86-0x159e08	x86	33469393c0843fc741942c3ae9d91d838467d72abd647dcf2e5bf499a3f14890	0x159e08	_task_set_special_port	kern	darwin01	kernel-1.tar.gz sha256 0c19349be454d7162f497b55a7735b443f5506694215e2f3f5f026b597a54a01 + restoration edit	darwin01/kernel/kern/ipc_tt.c:921 (edited file :869)	task_set_special_port	07_kernel/src/kern/ipc_tt.c	compared	high	06_reconstruction/evidence/x86-ipc_tt.md	L1 MATCH (-O3 = common-symbol variant; -O2 differs)
x86-0x159ee8	x86	33469393c0843fc741942c3ae9d91d838467d72abd647dcf2e5bf499a3f14890	0x159ee8	_thread_get_special_port	kern	darwin01	kernel-1.tar.gz sha256 0c19349be454d7162f497b55a7735b443f5506694215e2f3f5f026b597a54a01 + restoration edit	darwin01/kernel/kern/ipc_tt.c:999 (edited file :947)	thread_get_special_port	07_kernel/src/kern/ipc_tt.c	compared	high	06_reconstruction/evidence/x86-ipc_tt.md	L1 MATCH (-O3 = common-symbol variant; -O2 differs)
x86-0x159f88	x86	33469393c0843fc741942c3ae9d91d838467d72abd647dcf2e5bf499a3f14890	0x159f88	_thread_set_special_port	kern	darwin01	kernel-1.tar.gz sha256 0c19349be454d7162f497b55a7735b443f5506694215e2f3f5f026b597a54a01 + restoration edit	darwin01/kernel/kern/ipc_tt.c:1058 (edited file :1006)	thread_set_special_port	07_kernel/src/kern/ipc_tt.c	compared	high	06_reconstruction/evidence/x86-ipc_tt.md	L1 MATCH (-O3 = common-symbol variant; -O2 differs)
x86-0x15a030	x86	33469393c0843fc741942c3ae9d91d838467d72abd647dcf2e5bf499a3f14890	0x15a030	_mach_ports_register	kern	darwin01	kernel-1.tar.gz sha256 0c19349be454d7162f497b55a7735b443f5506694215e2f3f5f026b597a54a01 + restoration edit	darwin01/kernel/kern/ipc_tt.c:1123 (edited file :1071)	mach_ports_register	07_kernel/src/kern/ipc_tt.c	compared	high	06_reconstruction/evidence/x86-ipc_tt.md	L1 MATCH (-O3 = common-symbol variant; -O2 differs)
x86-0x15a104	x86	33469393c0843fc741942c3ae9d91d838467d72abd647dcf2e5bf499a3f14890	0x15a104	_mach_ports_lookup	kern	darwin01	kernel-1.tar.gz sha256 0c19349be454d7162f497b55a7735b443f5506694215e2f3f5f026b597a54a01 + restoration edit	darwin01/kernel/kern/ipc_tt.c:1196 (edited file :1144)	mach_ports_lookup	07_kernel/src/kern/ipc_tt.c	compared	high	06_reconstruction/evidence/x86-ipc_tt.md	L1 MATCH (-O3 = common-symbol variant; -O2 differs)
x86-0x15a1a0	x86	33469393c0843fc741942c3ae9d91d838467d72abd647dcf2e5bf499a3f14890	0x15a1a0	_convert_port_to_task	kern	darwin01	kernel-1.tar.gz sha256 0c19349be454d7162f497b55a7735b443f5506694215e2f3f5f026b597a54a01 + restoration edit	darwin01/kernel/kern/ipc_tt.c:1251 (edited file :1199)	convert_port_to_task	07_kernel/src/kern/ipc_tt.c	compared	high	06_reconstruction/evidence/x86-ipc_tt.md	L1 MATCH (-O3 = common-symbol variant; -O2 differs)
x86-0x15a1f0	x86	33469393c0843fc741942c3ae9d91d838467d72abd647dcf2e5bf499a3f14890	0x15a1f0	_convert_port_to_space	kern	darwin01	kernel-1.tar.gz sha256 0c19349be454d7162f497b55a7735b443f5506694215e2f3f5f026b597a54a01 + restoration edit	darwin01/kernel/kern/ipc_tt.c:1280 (edited file :1228)	convert_port_to_space	07_kernel/src/kern/ipc_tt.c	compared	high	06_reconstruction/evidence/x86-ipc_tt.md	L1 MATCH (-O3 = common-symbol variant; -O2 differs)
x86-0x15a244	x86	33469393c0843fc741942c3ae9d91d838467d72abd647dcf2e5bf499a3f14890	0x15a244	_convert_port_to_map	kern	darwin01	kernel-1.tar.gz sha256 0c19349be454d7162f497b55a7735b443f5506694215e2f3f5f026b597a54a01 + restoration edit	darwin01/kernel/kern/ipc_tt.c:1309 (edited file :1257)	convert_port_to_map	07_kernel/src/kern/ipc_tt.c	compared	high	06_reconstruction/evidence/x86-ipc_tt.md	L1 MATCH (-O3 = common-symbol variant; -O2 differs)
x86-0x15a294	x86	33469393c0843fc741942c3ae9d91d838467d72abd647dcf2e5bf499a3f14890	0x15a294	_convert_port_to_thread	kern	darwin01	kernel-1.tar.gz sha256 0c19349be454d7162f497b55a7735b443f5506694215e2f3f5f026b597a54a01 + restoration edit	darwin01/kernel/kern/ipc_tt.c:1338 (edited file :1286)	convert_port_to_thread	07_kernel/src/kern/ipc_tt.c	compared	high	06_reconstruction/evidence/x86-ipc_tt.md	L1 MATCH (-O3 = common-symbol variant; -O2 differs)
x86-0x15a2e4	x86	33469393c0843fc741942c3ae9d91d838467d72abd647dcf2e5bf499a3f14890	0x15a2e4	_convert_task_to_port	kern	darwin01	kernel-1.tar.gz sha256 0c19349be454d7162f497b55a7735b443f5506694215e2f3f5f026b597a54a01 + restoration edit	darwin01/kernel/kern/ipc_tt.c:1367 (edited file :1315)	convert_task_to_port	07_kernel/src/kern/ipc_tt.c	compared	high	06_reconstruction/evidence/x86-ipc_tt.md	L1 MATCH (-O3 = common-symbol variant; -O2 differs)
x86-0x15a330	x86	33469393c0843fc741942c3ae9d91d838467d72abd647dcf2e5bf499a3f14890	0x15a330	_convert_thread_to_port	kern	darwin01	kernel-1.tar.gz sha256 0c19349be454d7162f497b55a7735b443f5506694215e2f3f5f026b597a54a01 + restoration edit	darwin01/kernel/kern/ipc_tt.c:1394 (edited file :1342)	convert_thread_to_port	07_kernel/src/kern/ipc_tt.c	compared	high	06_reconstruction/evidence/x86-ipc_tt.md	L1 MATCH (-O3 = common-symbol variant; -O2 differs)
x86-0x15a388	x86	33469393c0843fc741942c3ae9d91d838467d72abd647dcf2e5bf499a3f14890	0x15a388	_space_deallocate	kern	darwin01	kernel-1.tar.gz sha256 0c19349be454d7162f497b55a7735b443f5506694215e2f3f5f026b597a54a01 + restoration edit	darwin01/kernel/kern/ipc_tt.c:1419 (edited file :1367)	space_deallocate	07_kernel/src/kern/ipc_tt.c	compared	high	06_reconstruction/evidence/x86-ipc_tt.md	L1 MATCH (-O3 = common-symbol variant; -O2 differs)
x86-0x15a39c	x86	33469393c0843fc741942c3ae9d91d838467d72abd647dcf2e5bf499a3f14890	0x15a39c	_host_priv_self	kern	darwin01	kernel-1.tar.gz sha256 0c19349be454d7162f497b55a7735b443f5506694215e2f3f5f026b597a54a01 + restoration edit	darwin01/kernel/kern/ipc_xxx.c:70 (edited file :67)	host_priv_self	07_kernel/src/kern/ipc_xxx.c	compared	high	06_reconstruction/evidence/x86-ipc_xxx.md	L1 MATCH (-O3 = -O2; common-symbol variant also OBJECT_MATCH)
x86-0x15a3f8	x86	33469393c0843fc741942c3ae9d91d838467d72abd647dcf2e5bf499a3f14890	0x15a3f8	_device_master_self	kern	darwin01	kernel-1.tar.gz sha256 0c19349be454d7162f497b55a7735b443f5506694215e2f3f5f026b597a54a01 + restoration edit	darwin01/kernel/kern/ipc_xxx.c:88 (edited file :85)	device_master_self	07_kernel/src/kern/ipc_xxx.c	compared	high	06_reconstruction/evidence/x86-ipc_xxx.md	L1 MATCH (-O3 = -O2; common-symbol variant also OBJECT_MATCH)
x86-0x15a458	x86	33469393c0843fc741942c3ae9d91d838467d72abd647dcf2e5bf499a3f14890	0x15a458	__lookupd_port	kern	darwin01	kernel-1.tar.gz sha256 0c19349be454d7162f497b55a7735b443f5506694215e2f3f5f026b597a54a01 + restoration edit	darwin01/kernel/kern/ipc_xxx.c:128 (edited file :111)	_lookupd_port	07_kernel/src/kern/ipc_xxx.c	compared	high	06_reconstruction/evidence/x86-ipc_xxx.md	L1 MATCH (-O3 = -O2; common-symbol variant also OBJECT_MATCH)
x86-0x15a4fc	x86	33469393c0843fc741942c3ae9d91d838467d72abd647dcf2e5bf499a3f14890	0x15a4fc	__event_port_by_tag	kern	darwin01	kernel-1.tar.gz sha256 0c19349be454d7162f497b55a7735b443f5506694215e2f3f5f026b597a54a01 + restoration edit	darwin01/kernel/kern/ipc_xxx.c:192 (edited file :147)	_event_port_by_tag	07_kernel/src/kern/ipc_xxx.c	compared	high	06_reconstruction/evidence/x86-ipc_xxx.md	L1 MATCH (-O3 = -O2; common-symbol variant also OBJECT_MATCH)
x86-0x15a56c	x86	33469393c0843fc741942c3ae9d91d838467d72abd647dcf2e5bf499a3f14890	0x15a56c	_object_copyin	kern	darwin01	kernel-1.tar.gz sha256 0c19349be454d7162f497b55a7735b443f5506694215e2f3f5f026b597a54a01 + restoration edit	darwin01/kernel/kern/ipc_xxx.c:211 (edited file :166)	object_copyin	07_kernel/src/kern/ipc_xxx.c	compared	high	06_reconstruction/evidence/x86-ipc_xxx.md	L1 MATCH (-O3 = -O2; common-symbol variant also OBJECT_MATCH)
x86-0x15a5a4	x86	33469393c0843fc741942c3ae9d91d838467d72abd647dcf2e5bf499a3f14890	0x15a5a4	_object_copyout	kern	darwin01	kernel-1.tar.gz sha256 0c19349be454d7162f497b55a7735b443f5506694215e2f3f5f026b597a54a01 + restoration edit	darwin01/kernel/kern/ipc_xxx.c:229 (edited file :184)	object_copyout	07_kernel/src/kern/ipc_xxx.c	compared	high	06_reconstruction/evidence/x86-ipc_xxx.md	L1 MATCH (-O3 = -O2; common-symbol variant also OBJECT_MATCH)
x86-0x15a600	x86	33469393c0843fc741942c3ae9d91d838467d72abd647dcf2e5bf499a3f14890	0x15a600	_port_reference	kern	darwin01	kernel-1.tar.gz sha256 0c19349be454d7162f497b55a7735b443f5506694215e2f3f5f026b597a54a01 + restoration edit	darwin01/kernel/kern/ipc_xxx.c:253 (edited file :208)	port_reference	07_kernel/src/kern/ipc_xxx.c	compared	high	06_reconstruction/evidence/x86-ipc_xxx.md	L1 MATCH (-O3 = -O2; common-symbol variant also OBJECT_MATCH)
x86-0x15a614	x86	33469393c0843fc741942c3ae9d91d838467d72abd647dcf2e5bf499a3f14890	0x15a614	_port_release	kern	darwin01	kernel-1.tar.gz sha256 0c19349be454d7162f497b55a7735b443f5506694215e2f3f5f026b597a54a01 + restoration edit	darwin01/kernel/kern/ipc_xxx.c:262 (edited file :217)	port_release	07_kernel/src/kern/ipc_xxx.c	compared	high	06_reconstruction/evidence/x86-ipc_xxx.md	L1 MATCH (-O3 = -O2; common-symbol variant also OBJECT_MATCH)
x86-0x17c4e0	x86	33469393c0843fc741942c3ae9d91d838467d72abd647dcf2e5bf499a3f14890	0x17c4e0	_vm_user_init	vm	darwin01	kernel-1.tar.gz sha256 0c19349be454d7162f497b55a7735b443f5506694215e2f3f5f026b597a54a01 + restoration edit	darwin01/kernel/vm/vm_user.c:70 (edited file :72)	vm_user_init	07_kernel/src/vm/vm_user.c	compared	high	06_reconstruction/evidence/x86-vm_user.md	L1 MATCH (common-symbol variant OBJECT_MATCH; -fno-common 0 diff, plan 36.1; -O2 differs)
x86-0x17c4f4	x86	33469393c0843fc741942c3ae9d91d838467d72abd647dcf2e5bf499a3f14890	0x17c4f4	_vm_allocate_with_pager	vm	darwin01	kernel-1.tar.gz sha256 0c19349be454d7162f497b55a7735b443f5506694215e2f3f5f026b597a54a01 + restoration edit	darwin01/kernel/vm/vm_user.c:81 (edited file :83)	vm_allocate_with_pager	07_kernel/src/vm/vm_user.c	compared	high	06_reconstruction/evidence/x86-vm_user.md	L1 MATCH (common-symbol variant OBJECT_MATCH; -fno-common 0 diff, plan 36.1; -O2 differs)
x86-0x17c5b8	x86	33469393c0843fc741942c3ae9d91d838467d72abd647dcf2e5bf499a3f14890	0x17c5b8	_vm_allocate	vm	darwin01	kernel-1.tar.gz sha256 0c19349be454d7162f497b55a7735b443f5506694215e2f3f5f026b597a54a01 + restoration edit	darwin01/kernel/vm/vm_user.c:144 (edited file :146)	vm_allocate	07_kernel/src/vm/vm_user.c	compared	high	06_reconstruction/evidence/x86-vm_user.md	L1 MATCH (common-symbol variant OBJECT_MATCH; -fno-common 0 diff, plan 36.1; -O2 differs)
x86-0x17c620	x86	33469393c0843fc741942c3ae9d91d838467d72abd647dcf2e5bf499a3f14890	0x17c620	_vm_deallocate	vm	darwin01	kernel-1.tar.gz sha256 0c19349be454d7162f497b55a7735b443f5506694215e2f3f5f026b597a54a01 + restoration edit	darwin01/kernel/vm/vm_user.c:175 (edited file :177)	vm_deallocate	07_kernel/src/vm/vm_user.c	compared	high	06_reconstruction/evidence/x86-vm_user.md	L1 MATCH (common-symbol variant OBJECT_MATCH; -fno-common 0 diff, plan 36.1; -O2 differs)
x86-0x17c664	x86	33469393c0843fc741942c3ae9d91d838467d72abd647dcf2e5bf499a3f14890	0x17c664	_vm_inherit	vm	darwin01	kernel-1.tar.gz sha256 0c19349be454d7162f497b55a7735b443f5506694215e2f3f5f026b597a54a01 + restoration edit	darwin01/kernel/vm/vm_user.c:208 (edited file :195)	vm_inherit	07_kernel/src/vm/vm_user.c	compared	high	06_reconstruction/evidence/x86-vm_user.md	L1 MATCH (common-symbol variant OBJECT_MATCH; -fno-common 0 diff, plan 36.1; -O2 differs)
x86-0x17c6a4	x86	33469393c0843fc741942c3ae9d91d838467d72abd647dcf2e5bf499a3f14890	0x17c6a4	_vm_protect	vm	darwin01	kernel-1.tar.gz sha256 0c19349be454d7162f497b55a7735b443f5506694215e2f3f5f026b597a54a01 + restoration edit	darwin01/kernel/vm/vm_user.c:225 (edited file :212)	vm_protect	07_kernel/src/vm/vm_user.c	compared	high	06_reconstruction/evidence/x86-vm_user.md	L1 MATCH (common-symbol variant OBJECT_MATCH; -fno-common 0 diff, plan 36.1; -O2 differs)
x86-0x17c6e8	x86	33469393c0843fc741942c3ae9d91d838467d72abd647dcf2e5bf499a3f14890	0x17c6e8	_vm_statistics	vm	darwin01	kernel-1.tar.gz sha256 0c19349be454d7162f497b55a7735b443f5506694215e2f3f5f026b597a54a01 + restoration edit	darwin01/kernel/vm/vm_user.c:238 (edited file :225)	vm_statistics	07_kernel/src/vm/vm_user.c	compared	high	06_reconstruction/evidence/x86-vm_user.md	L1 MATCH (common-symbol variant OBJECT_MATCH; -fno-common 0 diff, plan 36.1; -O2 differs)
x86-0x17c754	x86	33469393c0843fc741942c3ae9d91d838467d72abd647dcf2e5bf499a3f14890	0x17c754	_vm_machine_attribute	vm	darwin01	kernel-1.tar.gz sha256 0c19349be454d7162f497b55a7735b443f5506694215e2f3f5f026b597a54a01 + restoration edit	darwin01/kernel/vm/vm_user.c:260 (edited file :247)	vm_machine_attribute	07_kernel/src/vm/vm_user.c	compared	high	06_reconstruction/evidence/x86-vm_user.md	L1 MATCH (common-symbol variant OBJECT_MATCH; -fno-common 0 diff, plan 36.1; -O2 differs)
x86-0x17c784	x86	33469393c0843fc741942c3ae9d91d838467d72abd647dcf2e5bf499a3f14890	0x17c784	_vm_read	vm	darwin01	kernel-1.tar.gz sha256 0c19349be454d7162f497b55a7735b443f5506694215e2f3f5f026b597a54a01 + restoration edit	darwin01/kernel/vm/vm_user.c:275 (edited file :262)	vm_read	07_kernel/src/vm/vm_user.c	compared	high	06_reconstruction/evidence/x86-vm_user.md	L1 MATCH (common-symbol variant OBJECT_MATCH; -fno-common 0 diff, plan 36.1; -O2 differs)
x86-0x17c888	x86	33469393c0843fc741942c3ae9d91d838467d72abd647dcf2e5bf499a3f14890	0x17c888	_vm_write	vm	darwin01	kernel-1.tar.gz sha256 0c19349be454d7162f497b55a7735b443f5506694215e2f3f5f026b597a54a01 + restoration edit	darwin01/kernel/vm/vm_user.c:302 (edited file :289)	vm_write	07_kernel/src/vm/vm_user.c	compared	high	06_reconstruction/evidence/x86-vm_user.md	L1 MATCH (common-symbol variant OBJECT_MATCH; -fno-common 0 diff, plan 36.1; -O2 differs)
x86-0x17c8e0	x86	33469393c0843fc741942c3ae9d91d838467d72abd647dcf2e5bf499a3f14890	0x17c8e0	_vm_copy	vm	darwin01	kernel-1.tar.gz sha256 0c19349be454d7162f497b55a7735b443f5506694215e2f3f5f026b597a54a01 + restoration edit	darwin01/kernel/vm/vm_user.c:314 (edited file :301)	vm_copy	07_kernel/src/vm/vm_user.c	compared	high	06_reconstruction/evidence/x86-vm_user.md	L1 MATCH (common-symbol variant OBJECT_MATCH; -fno-common 0 diff, plan 36.1; -O2 differs)
x86-0x1a0e48	x86	33469393c0843fc741942c3ae9d91d838467d72abd647dcf2e5bf499a3f14890	0x1a0e48	_PCcreate	machdep	darwin01	kernel-1.tar.gz sha256 0c19349be454d7162f497b55a7735b443f5506694215e2f3f5f026b597a54a01	darwin01/kernel/machdep/i386/pc_support/PCinit.c:45	PCcreate	07_kernel/src/machdep/i386/pc_support/PCinit.c	compared	high	06_reconstruction/evidence/x86-pc_support_fault_copy.md	L1 MATCH (verbatim; -fno-common = common variant; -O2 differs)
x86-0x1a1040	x86	33469393c0843fc741942c3ae9d91d838467d72abd647dcf2e5bf499a3f14890	0x1a1040	_PCdestroy	machdep	darwin01	kernel-1.tar.gz sha256 0c19349be454d7162f497b55a7735b443f5506694215e2f3f5f026b597a54a01	darwin01/kernel/machdep/i386/pc_support/PCinit.c:152	PCdestroy	07_kernel/src/machdep/i386/pc_support/PCinit.c	compared	high	06_reconstruction/evidence/x86-pc_support_fault_copy.md	L1 MATCH (verbatim; -fno-common = common variant; -O2 differs)
x86-0x1a10d8	x86	33469393c0843fc741942c3ae9d91d838467d72abd647dcf2e5bf499a3f14890	0x1a10d8	_PCldt	machdep	darwin01	kernel-1.tar.gz sha256 0c19349be454d7162f497b55a7735b443f5506694215e2f3f5f026b597a54a01	darwin01/kernel/machdep/i386/pc_support/PCinit.c:181	PCldt	07_kernel/src/machdep/i386/pc_support/PCinit.c	compared	high	06_reconstruction/evidence/x86-pc_support_fault_copy.md	L1 MATCH (verbatim; -fno-common = common variant; -O2 differs)
x86-0x1a11c4	x86	33469393c0843fc741942c3ae9d91d838467d72abd647dcf2e5bf499a3f14890	0x1a11c4	_PCcopyBIOSData	machdep	darwin01	kernel-1.tar.gz sha256 0c19349be454d7162f497b55a7735b443f5506694215e2f3f5f026b597a54a01	darwin01/kernel/machdep/i386/pc_support/PCinit.c:230	PCcopyBIOSData	07_kernel/src/machdep/i386/pc_support/PCinit.c	compared	high	06_reconstruction/evidence/x86-pc_support_fault_copy.md	L1 MATCH (verbatim; -fno-common = common variant; -O2 differs)
x86-0x1a11fc	x86	33469393c0843fc741942c3ae9d91d838467d72abd647dcf2e5bf499a3f14890	0x1a11fc	_PCsizeBIOSExtData	machdep	darwin01	kernel-1.tar.gz sha256 0c19349be454d7162f497b55a7735b443f5506694215e2f3f5f026b597a54a01	darwin01/kernel/machdep/i386/pc_support/PCinit.c:244	PCsizeBIOSExtData	07_kernel/src/machdep/i386/pc_support/PCinit.c	compared	high	06_reconstruction/evidence/x86-pc_support_fault_copy.md	L1 MATCH (verbatim; -fno-common = common variant; -O2 differs)
x86-0x1a1214	x86	33469393c0843fc741942c3ae9d91d838467d72abd647dcf2e5bf499a3f14890	0x1a1214	_PCcopyBIOSExtData	machdep	darwin01	kernel-1.tar.gz sha256 0c19349be454d7162f497b55a7735b443f5506694215e2f3f5f026b597a54a01	darwin01/kernel/machdep/i386/pc_support/PCinit.c:250	PCcopyBIOSExtData	07_kernel/src/machdep/i386/pc_support/PCinit.c	compared	high	06_reconstruction/evidence/x86-pc_support_fault_copy.md	L1 MATCH (verbatim; -fno-common = common variant; -O2 differs)
x86-0x1a124c	x86	33469393c0843fc741942c3ae9d91d838467d72abd647dcf2e5bf499a3f14890	0x1a124c	_PCmapBIOSRom	machdep	darwin01	kernel-1.tar.gz sha256 0c19349be454d7162f497b55a7735b443f5506694215e2f3f5f026b597a54a01	darwin01/kernel/machdep/i386/pc_support/PCinit.c:266	PCmapBIOSRom	07_kernel/src/machdep/i386/pc_support/PCinit.c	compared	high	06_reconstruction/evidence/x86-pc_support_fault_copy.md	L1 MATCH (verbatim; -fno-common = common variant; -O2 differs)
x86-0x189a5c	x86	33469393c0843fc741942c3ae9d91d838467d72abd647dcf2e5bf499a3f14890	0x189a5c	_copyin	machdep	darwin01	kernel-1.tar.gz sha256 0c19349be454d7162f497b55a7735b443f5506694215e2f3f5f026b597a54a01	darwin01/kernel/machdep/i386/fault_copy.c:283	copyin	07_kernel/src/machdep/i386/fault_copy.c	compared	high	06_reconstruction/evidence/x86-pc_support_fault_copy.md	L1 MATCH (verbatim; -fno-common = common variant; -O2 differs)
x86-0x189b34	x86	33469393c0843fc741942c3ae9d91d838467d72abd647dcf2e5bf499a3f14890	0x189b34	_copyinmsg	machdep	darwin01	kernel-1.tar.gz sha256 0c19349be454d7162f497b55a7735b443f5506694215e2f3f5f026b597a54a01	darwin01/kernel/machdep/i386/fault_copy.c:324	copyinmsg	07_kernel/src/machdep/i386/fault_copy.c	compared	high	06_reconstruction/evidence/x86-pc_support_fault_copy.md	L1 MATCH (verbatim; -fno-common = common variant; -O2 differs)
x86-0x189c1c	x86	33469393c0843fc741942c3ae9d91d838467d72abd647dcf2e5bf499a3f14890	0x189c1c	_copywithin	machdep	darwin01	kernel-1.tar.gz sha256 0c19349be454d7162f497b55a7735b443f5506694215e2f3f5f026b597a54a01	darwin01/kernel/machdep/i386/fault_copy.c:332	copywithin	07_kernel/src/machdep/i386/fault_copy.c	compared	high	06_reconstruction/evidence/x86-pc_support_fault_copy.md	L1 MATCH (verbatim; -fno-common = common variant; -O2 differs)
x86-0x189cec	x86	33469393c0843fc741942c3ae9d91d838467d72abd647dcf2e5bf499a3f14890	0x189cec	_copyout	machdep	darwin01	kernel-1.tar.gz sha256 0c19349be454d7162f497b55a7735b443f5506694215e2f3f5f026b597a54a01	darwin01/kernel/machdep/i386/fault_copy.c:378	copyout	07_kernel/src/machdep/i386/fault_copy.c	compared	high	06_reconstruction/evidence/x86-pc_support_fault_copy.md	L1 MATCH (verbatim; -fno-common = common variant; -O2 differs)
x86-0x189e8c	x86	33469393c0843fc741942c3ae9d91d838467d72abd647dcf2e5bf499a3f14890	0x189e8c	_copyoutmsg	machdep	darwin01	kernel-1.tar.gz sha256 0c19349be454d7162f497b55a7735b443f5506694215e2f3f5f026b597a54a01	darwin01/kernel/machdep/i386/fault_copy.c:419	copyoutmsg	07_kernel/src/machdep/i386/fault_copy.c	compared	high	06_reconstruction/evidence/x86-pc_support_fault_copy.md	L1 MATCH (verbatim; -fno-common = common variant; -O2 differs)
x86-0x18a034	x86	33469393c0843fc741942c3ae9d91d838467d72abd647dcf2e5bf499a3f14890	0x18a034	_copystr	machdep	darwin01	kernel-1.tar.gz sha256 0c19349be454d7162f497b55a7735b443f5506694215e2f3f5f026b597a54a01	darwin01/kernel/machdep/i386/fault_copy.c:428	copystr	07_kernel/src/machdep/i386/fault_copy.c	compared	high	06_reconstruction/evidence/x86-pc_support_fault_copy.md	L1 MATCH (verbatim; -fno-common = common variant; -O2 differs)
x86-0x18a0a4	x86	33469393c0843fc741942c3ae9d91d838467d72abd647dcf2e5bf499a3f14890	0x18a0a4	_copyinstr	machdep	darwin01	kernel-1.tar.gz sha256 0c19349be454d7162f497b55a7735b443f5506694215e2f3f5f026b597a54a01	darwin01/kernel/machdep/i386/fault_copy.c:452	copyinstr	07_kernel/src/machdep/i386/fault_copy.c	compared	high	06_reconstruction/evidence/x86-pc_support_fault_copy.md	L1 MATCH (verbatim; -fno-common = common variant; -O2 differs)
x86-0x18a114	x86	33469393c0843fc741942c3ae9d91d838467d72abd647dcf2e5bf499a3f14890	0x18a114	_copyoutstr	machdep	darwin01	kernel-1.tar.gz sha256 0c19349be454d7162f497b55a7735b443f5506694215e2f3f5f026b597a54a01	darwin01/kernel/machdep/i386/fault_copy.c:480	copyoutstr	07_kernel/src/machdep/i386/fault_copy.c	compared	high	06_reconstruction/evidence/x86-pc_support_fault_copy.md	L1 MATCH (verbatim; -fno-common = common variant; -O2 differs)
x86-0x18a184	x86	33469393c0843fc741942c3ae9d91d838467d72abd647dcf2e5bf499a3f14890	0x18a184	_fuword	machdep	darwin01	kernel-1.tar.gz sha256 0c19349be454d7162f497b55a7735b443f5506694215e2f3f5f026b597a54a01	darwin01/kernel/machdep/i386/fault_copy.c:508	fuword	07_kernel/src/machdep/i386/fault_copy.c	compared	high	06_reconstruction/evidence/x86-pc_support_fault_copy.md	L1 MATCH (verbatim; -fno-common = common variant; -O2 differs)
x86-0x18a1c4	x86	33469393c0843fc741942c3ae9d91d838467d72abd647dcf2e5bf499a3f14890	0x18a1c4	_fubyte	machdep	darwin01	kernel-1.tar.gz sha256 0c19349be454d7162f497b55a7735b443f5506694215e2f3f5f026b597a54a01	darwin01/kernel/machdep/i386/fault_copy.c:522	fubyte	07_kernel/src/machdep/i386/fault_copy.c	compared	high	06_reconstruction/evidence/x86-pc_support_fault_copy.md	L1 MATCH (verbatim; -fno-common = common variant; -O2 differs)
x86-0x18a204	x86	33469393c0843fc741942c3ae9d91d838467d72abd647dcf2e5bf499a3f14890	0x18a204	_fuibyte	machdep	darwin01	kernel-1.tar.gz sha256 0c19349be454d7162f497b55a7735b443f5506694215e2f3f5f026b597a54a01	darwin01/kernel/machdep/i386/fault_copy.c:537	fuibyte	07_kernel/src/machdep/i386/fault_copy.c	compared	high	06_reconstruction/evidence/x86-pc_support_fault_copy.md	L1 MATCH (verbatim; -fno-common = common variant; -O2 differs)
x86-0x18a244	x86	33469393c0843fc741942c3ae9d91d838467d72abd647dcf2e5bf499a3f14890	0x18a244	_suword	machdep	darwin01	kernel-1.tar.gz sha256 0c19349be454d7162f497b55a7735b443f5506694215e2f3f5f026b597a54a01	darwin01/kernel/machdep/i386/fault_copy.c:553	suword	07_kernel/src/machdep/i386/fault_copy.c	compared	high	06_reconstruction/evidence/x86-pc_support_fault_copy.md	L1 MATCH (verbatim; -fno-common = common variant; -O2 differs)
x86-0x18a288	x86	33469393c0843fc741942c3ae9d91d838467d72abd647dcf2e5bf499a3f14890	0x18a288	_subyte	machdep	darwin01	kernel-1.tar.gz sha256 0c19349be454d7162f497b55a7735b443f5506694215e2f3f5f026b597a54a01	darwin01/kernel/machdep/i386/fault_copy.c:566	subyte	07_kernel/src/machdep/i386/fault_copy.c	compared	high	06_reconstruction/evidence/x86-pc_support_fault_copy.md	L1 MATCH (verbatim; -fno-common = common variant; -O2 differs)
x86-0x18a2cc	x86	33469393c0843fc741942c3ae9d91d838467d72abd647dcf2e5bf499a3f14890	0x18a2cc	_suibyte	machdep	darwin01	kernel-1.tar.gz sha256 0c19349be454d7162f497b55a7735b443f5506694215e2f3f5f026b597a54a01	darwin01/kernel/machdep/i386/fault_copy.c:580	suibyte	07_kernel/src/machdep/i386/fault_copy.c	compared	high	06_reconstruction/evidence/x86-pc_support_fault_copy.md	L1 MATCH (verbatim; -fno-common = common variant; -O2 differs)
x86-0x161134	x86	33469393c0843fc741942c3ae9d91d838467d72abd647dcf2e5bf499a3f14890	0x161134	_pset_sys_bootstrap	kern	darwin01	kernel-1.tar.gz sha256 0c19349be454d7162f497b55a7735b443f5506694215e2f3f5f026b597a54a01	darwin01/kernel/kern/processor.c:102	pset_sys_bootstrap	07_kernel/src/kern/processor.c	compared	high	06_reconstruction/evidence/x86-processor.md	L1 MATCH (common-symbol variant OBJECT_MATCH; -fno-common 0 diff, plan 36.1; -O2 differs)
x86-0x1611fc	x86	33469393c0843fc741942c3ae9d91d838467d72abd647dcf2e5bf499a3f14890	0x1611fc	_pset_init	kern	darwin01	kernel-1.tar.gz sha256 0c19349be454d7162f497b55a7735b443f5506694215e2f3f5f026b597a54a01	darwin01/kernel/kern/processor.c:164	pset_init	07_kernel/src/kern/processor.c	compared	high	06_reconstruction/evidence/x86-processor.md	L1 MATCH (common-symbol variant OBJECT_MATCH; -fno-common 0 diff, plan 36.1; -O2 differs)
x86-0x161350	x86	33469393c0843fc741942c3ae9d91d838467d72abd647dcf2e5bf499a3f14890	0x161350	_processor_init	kern	darwin01	kernel-1.tar.gz sha256 0c19349be454d7162f497b55a7735b443f5506694215e2f3f5f026b597a54a01	darwin01/kernel/kern/processor.c:215	processor_init	07_kernel/src/kern/processor.c	compared	high	06_reconstruction/evidence/x86-processor.md	L1 MATCH (common-symbol variant OBJECT_MATCH; -fno-common 0 diff, plan 36.1; -O2 differs)
x86-0x161424	x86	33469393c0843fc741942c3ae9d91d838467d72abd647dcf2e5bf499a3f14890	0x161424	_pset_remove_processor	kern	darwin01	kernel-1.tar.gz sha256 0c19349be454d7162f497b55a7735b443f5506694215e2f3f5f026b597a54a01	darwin01/kernel/kern/processor.c:248	pset_remove_processor	07_kernel/src/kern/processor.c	compared	high	06_reconstruction/evidence/x86-processor.md	L1 MATCH (common-symbol variant OBJECT_MATCH; -fno-common 0 diff, plan 36.1; -O2 differs)
x86-0x1614a4	x86	33469393c0843fc741942c3ae9d91d838467d72abd647dcf2e5bf499a3f14890	0x1614a4	_pset_add_processor	kern	darwin01	kernel-1.tar.gz sha256 0c19349be454d7162f497b55a7735b443f5506694215e2f3f5f026b597a54a01	darwin01/kernel/kern/processor.c:268	pset_add_processor	07_kernel/src/kern/processor.c	compared	high	06_reconstruction/evidence/x86-processor.md	L1 MATCH (common-symbol variant OBJECT_MATCH; -fno-common 0 diff, plan 36.1; -O2 differs)
x86-0x161504	x86	33469393c0843fc741942c3ae9d91d838467d72abd647dcf2e5bf499a3f14890	0x161504	_pset_remove_task	kern	darwin01	kernel-1.tar.gz sha256 0c19349be454d7162f497b55a7735b443f5506694215e2f3f5f026b597a54a01	darwin01/kernel/kern/processor.c:284	pset_remove_task	07_kernel/src/kern/processor.c	compared	high	06_reconstruction/evidence/x86-processor.md	L1 MATCH (common-symbol variant OBJECT_MATCH; -fno-common 0 diff, plan 36.1; -O2 differs)
x86-0x161560	x86	33469393c0843fc741942c3ae9d91d838467d72abd647dcf2e5bf499a3f14890	0x161560	_pset_add_task	kern	darwin01	kernel-1.tar.gz sha256 0c19349be454d7162f497b55a7735b443f5506694215e2f3f5f026b597a54a01	darwin01/kernel/kern/processor.c:302	pset_add_task	07_kernel/src/kern/processor.c	compared	high	06_reconstruction/evidence/x86-processor.md	L1 MATCH (common-symbol variant OBJECT_MATCH; -fno-common 0 diff, plan 36.1; -O2 differs)
x86-0x1615ac	x86	33469393c0843fc741942c3ae9d91d838467d72abd647dcf2e5bf499a3f14890	0x1615ac	_pset_remove_thread	kern	darwin01	kernel-1.tar.gz sha256 0c19349be454d7162f497b55a7735b443f5506694215e2f3f5f026b597a54a01	darwin01/kernel/kern/processor.c:317	pset_remove_thread	07_kernel/src/kern/processor.c	compared	high	06_reconstruction/evidence/x86-processor.md	L1 MATCH (common-symbol variant OBJECT_MATCH; -fno-common 0 diff, plan 36.1; -O2 differs)
x86-0x161604	x86	33469393c0843fc741942c3ae9d91d838467d72abd647dcf2e5bf499a3f14890	0x161604	_pset_add_thread	kern	darwin01	kernel-1.tar.gz sha256 0c19349be454d7162f497b55a7735b443f5506694215e2f3f5f026b597a54a01	darwin01/kernel/kern/processor.c:332	pset_add_thread	07_kernel/src/kern/processor.c	compared	high	06_reconstruction/evidence/x86-processor.md	L1 MATCH (common-symbol variant OBJECT_MATCH; -fno-common 0 diff, plan 36.1; -O2 differs)
x86-0x161654	x86	33469393c0843fc741942c3ae9d91d838467d72abd647dcf2e5bf499a3f14890	0x161654	_thread_change_psets	kern	darwin01	kernel-1.tar.gz sha256 0c19349be454d7162f497b55a7735b443f5506694215e2f3f5f026b597a54a01	darwin01/kernel/kern/processor.c:347	thread_change_psets	07_kernel/src/kern/processor.c	compared	high	06_reconstruction/evidence/x86-processor.md	L1 MATCH (common-symbol variant OBJECT_MATCH; -fno-common 0 diff, plan 36.1; -O2 differs)
x86-0x1616f0	x86	33469393c0843fc741942c3ae9d91d838467d72abd647dcf2e5bf499a3f14890	0x1616f0	_pset_deallocate	kern	darwin01	kernel-1.tar.gz sha256 0c19349be454d7162f497b55a7735b443f5506694215e2f3f5f026b597a54a01	darwin01/kernel/kern/processor.c:365	pset_deallocate	07_kernel/src/kern/processor.c	compared	high	06_reconstruction/evidence/x86-processor.md	L1 MATCH (common-symbol variant OBJECT_MATCH; -fno-common 0 diff, plan 36.1; -O2 differs)
x86-0x16174c	x86	33469393c0843fc741942c3ae9d91d838467d72abd647dcf2e5bf499a3f14890	0x16174c	_pset_reference	kern	darwin01	kernel-1.tar.gz sha256 0c19349be454d7162f497b55a7735b443f5506694215e2f3f5f026b597a54a01	darwin01/kernel/kern/processor.c:431	pset_reference	07_kernel/src/kern/processor.c	compared	high	06_reconstruction/evidence/x86-processor.md	L1 MATCH (common-symbol variant OBJECT_MATCH; -fno-common 0 diff, plan 36.1; -O2 differs)
x86-0x161780	x86	33469393c0843fc741942c3ae9d91d838467d72abd647dcf2e5bf499a3f14890	0x161780	_processor_info	kern	darwin01	kernel-1.tar.gz sha256 0c19349be454d7162f497b55a7735b443f5506694215e2f3f5f026b597a54a01	darwin01/kernel/kern/processor.c:440	processor_info	07_kernel/src/kern/processor.c	compared	high	06_reconstruction/evidence/x86-processor.md	L1 MATCH (common-symbol variant OBJECT_MATCH; -fno-common 0 diff, plan 36.1; -O2 differs)
x86-0x161834	x86	33469393c0843fc741942c3ae9d91d838467d72abd647dcf2e5bf499a3f14890	0x161834	_processor_start	kern	darwin01	kernel-1.tar.gz sha256 0c19349be454d7162f497b55a7735b443f5506694215e2f3f5f026b597a54a01	darwin01/kernel/kern/processor.c:478	processor_start	07_kernel/src/kern/processor.c	compared	high	06_reconstruction/evidence/x86-processor.md	L1 MATCH (common-symbol variant OBJECT_MATCH; -fno-common 0 diff, plan 36.1; -O2 differs)
x86-0x161854	x86	33469393c0843fc741942c3ae9d91d838467d72abd647dcf2e5bf499a3f14890	0x161854	_processor_exit	kern	darwin01	kernel-1.tar.gz sha256 0c19349be454d7162f497b55a7735b443f5506694215e2f3f5f026b597a54a01	darwin01/kernel/kern/processor.c:490	processor_exit	07_kernel/src/kern/processor.c	compared	high	06_reconstruction/evidence/x86-processor.md	L1 MATCH (common-symbol variant OBJECT_MATCH; -fno-common 0 diff, plan 36.1; -O2 differs)
x86-0x161874	x86	33469393c0843fc741942c3ae9d91d838467d72abd647dcf2e5bf499a3f14890	0x161874	_processor_control	kern	darwin01	kernel-1.tar.gz sha256 0c19349be454d7162f497b55a7735b443f5506694215e2f3f5f026b597a54a01	darwin01/kernel/kern/processor.c:504	processor_control	07_kernel/src/kern/processor.c	compared	high	06_reconstruction/evidence/x86-processor.md	L1 MATCH (common-symbol variant OBJECT_MATCH; -fno-common 0 diff, plan 36.1; -O2 differs)
x86-0x161894	x86	33469393c0843fc741942c3ae9d91d838467d72abd647dcf2e5bf499a3f14890	0x161894	_quantum_set	kern	darwin01	kernel-1.tar.gz sha256 0c19349be454d7162f497b55a7735b443f5506694215e2f3f5f026b597a54a01	darwin01/kernel/kern/processor.c:526	quantum_set	07_kernel/src/kern/processor.c	compared	high	06_reconstruction/evidence/x86-processor.md	L1 MATCH (common-symbol variant OBJECT_MATCH; -fno-common 0 diff, plan 36.1; -O2 differs)
x86-0x1618a8	x86	33469393c0843fc741942c3ae9d91d838467d72abd647dcf2e5bf499a3f14890	0x1618a8	_processor_set_create	kern	darwin01	kernel-1.tar.gz sha256 0c19349be454d7162f497b55a7735b443f5506694215e2f3f5f026b597a54a01	darwin01/kernel/kern/processor.c:669 (#else MACH_HOST branch)	processor_set_create	07_kernel/src/kern/processor.c	compared	high	06_reconstruction/evidence/x86-processor.md	L1 MATCH (common-symbol variant OBJECT_MATCH; -fno-common 0 diff, plan 36.1; -O2 differs)
x86-0x1618b4	x86	33469393c0843fc741942c3ae9d91d838467d72abd647dcf2e5bf499a3f14890	0x1618b4	_processor_set_destroy	kern	darwin01	kernel-1.tar.gz sha256 0c19349be454d7162f497b55a7735b443f5506694215e2f3f5f026b597a54a01	darwin01/kernel/kern/processor.c:680 (#else MACH_HOST branch)	processor_set_destroy	07_kernel/src/kern/processor.c	compared	high	06_reconstruction/evidence/x86-processor.md	L1 MATCH (common-symbol variant OBJECT_MATCH; -fno-common 0 diff, plan 36.1; -O2 differs)
x86-0x1618c0	x86	33469393c0843fc741942c3ae9d91d838467d72abd647dcf2e5bf499a3f14890	0x1618c0	_processor_get_assignment	kern	darwin01	kernel-1.tar.gz sha256 0c19349be454d7162f497b55a7735b443f5506694215e2f3f5f026b597a54a01	darwin01/kernel/kern/processor.c:692	processor_get_assignment	07_kernel/src/kern/processor.c	compared	high	06_reconstruction/evidence/x86-processor.md	L1 MATCH (common-symbol variant OBJECT_MATCH; -fno-common 0 diff, plan 36.1; -O2 differs)
x86-0x16191c	x86	33469393c0843fc741942c3ae9d91d838467d72abd647dcf2e5bf499a3f14890	0x16191c	_processor_set_info	kern	darwin01	kernel-1.tar.gz sha256 0c19349be454d7162f497b55a7735b443f5506694215e2f3f5f026b597a54a01	darwin01/kernel/kern/processor.c:708	processor_set_info	07_kernel/src/kern/processor.c	compared	high	06_reconstruction/evidence/x86-processor.md	L1 MATCH (common-symbol variant OBJECT_MATCH; -fno-common 0 diff, plan 36.1; -O2 differs)
x86-0x161a0c	x86	33469393c0843fc741942c3ae9d91d838467d72abd647dcf2e5bf499a3f14890	0x161a0c	_processor_set_max_priority	kern	darwin01	kernel-1.tar.gz sha256 0c19349be454d7162f497b55a7735b443f5506694215e2f3f5f026b597a54a01	darwin01/kernel/kern/processor.c:772	processor_set_max_priority	07_kernel/src/kern/processor.c	compared	high	06_reconstruction/evidence/x86-processor.md	L1 MATCH (common-symbol variant OBJECT_MATCH; -fno-common 0 diff, plan 36.1; -O2 differs)
x86-0x161a98	x86	33469393c0843fc741942c3ae9d91d838467d72abd647dcf2e5bf499a3f14890	0x161a98	_processor_set_policy_enable	kern	darwin01	kernel-1.tar.gz sha256 0c19349be454d7162f497b55a7735b443f5506694215e2f3f5f026b597a54a01	darwin01/kernel/kern/processor.c:806	processor_set_policy_enable	07_kernel/src/kern/processor.c	compared	high	06_reconstruction/evidence/x86-processor.md	L1 MATCH (common-symbol variant OBJECT_MATCH; -fno-common 0 diff, plan 36.1; -O2 differs)
x86-0x161aec	x86	33469393c0843fc741942c3ae9d91d838467d72abd647dcf2e5bf499a3f14890	0x161aec	_processor_set_policy_disable	kern	darwin01	kernel-1.tar.gz sha256 0c19349be454d7162f497b55a7735b443f5506694215e2f3f5f026b597a54a01	darwin01/kernel/kern/processor.c:835	processor_set_policy_disable	07_kernel/src/kern/processor.c	compared	high	06_reconstruction/evidence/x86-processor.md	L1 MATCH (common-symbol variant OBJECT_MATCH; -fno-common 0 diff, plan 36.1; -O2 differs)
x86-0x161b90	x86	33469393c0843fc741942c3ae9d91d838467d72abd647dcf2e5bf499a3f14890	0x161b90	_processor_set_things	kern	darwin01	kernel-1.tar.gz sha256 0c19349be454d7162f497b55a7735b443f5506694215e2f3f5f026b597a54a01	darwin01/kernel/kern/processor.c:880	processor_set_things	07_kernel/src/kern/processor.c	compared	high	06_reconstruction/evidence/x86-processor.md	L1 MATCH (common-symbol variant OBJECT_MATCH; -fno-common 0 diff, plan 36.1; -O2 differs)
x86-0x161e24	x86	33469393c0843fc741942c3ae9d91d838467d72abd647dcf2e5bf499a3f14890	0x161e24	_processor_set_tasks	kern	darwin01	kernel-1.tar.gz sha256 0c19349be454d7162f497b55a7735b443f5506694215e2f3f5f026b597a54a01	darwin01/kernel/kern/processor.c:1044	processor_set_tasks	07_kernel/src/kern/processor.c	compared	high	06_reconstruction/evidence/x86-processor.md	L1 MATCH (common-symbol variant OBJECT_MATCH; -fno-common 0 diff, plan 36.1; -O2 differs)
x86-0x161e40	x86	33469393c0843fc741942c3ae9d91d838467d72abd647dcf2e5bf499a3f14890	0x161e40	_processor_set_threads	kern	darwin01	kernel-1.tar.gz sha256 0c19349be454d7162f497b55a7735b443f5506694215e2f3f5f026b597a54a01	darwin01/kernel/kern/processor.c:1058	processor_set_threads	07_kernel/src/kern/processor.c	compared	high	06_reconstruction/evidence/x86-processor.md	L1 MATCH (common-symbol variant OBJECT_MATCH; -fno-common 0 diff, plan 36.1; -O2 differs)
x86-0x1a15c4	x86	33469393c0843fc741942c3ae9d91d838467d72abd647dcf2e5bf499a3f14890	0x1a15c4	_PCresume	machdep	darwin01	kernel-1.tar.gz sha256 0c19349be454d7162f497b55a7735b443f5506694215e2f3f5f026b597a54a01	darwin01/kernel/machdep/i386/pc_support/PCresume.c:44	PCresume	07_kernel/src/machdep/i386/pc_support/PCresume.c	compared	high	06_reconstruction/evidence/x86-PCresume.md	L1 MATCH (object grade P: __TEXT,__const 4 B unreferenced; -O3 = -O2 = variant)
x86-0x1a1750	x86	33469393c0843fc741942c3ae9d91d838467d72abd647dcf2e5bf499a3f14890	0x1a1750	_PCcallMonitor	machdep	darwin01	kernel-1.tar.gz sha256 0c19349be454d7162f497b55a7735b443f5506694215e2f3f5f026b597a54a01	darwin01/kernel/machdep/i386/pc_support/PCresume.c:111	PCcallMonitor	07_kernel/src/machdep/i386/pc_support/PCresume.c	compared	high	06_reconstruction/evidence/x86-PCresume.md	L1 MATCH (object grade P: __TEXT,__const 4 B unreferenced; -O3 = -O2 = variant)
x86-0x1a18c8	x86	33469393c0843fc741942c3ae9d91d838467d72abd647dcf2e5bf499a3f14890	0x1a18c8	_PCbopFA	machdep	darwin01	kernel-1.tar.gz sha256 0c19349be454d7162f497b55a7735b443f5506694215e2f3f5f026b597a54a01	darwin01/kernel/machdep/i386/pc_support/PCresume.c:189	PCbopFA	07_kernel/src/machdep/i386/pc_support/PCresume.c	compared	high	06_reconstruction/evidence/x86-PCresume.md	L1 MATCH (object grade P: __TEXT,__const 4 B unreferenced; -O3 = -O2 = variant)
x86-0x1a1918	x86	33469393c0843fc741942c3ae9d91d838467d72abd647dcf2e5bf499a3f14890	0x1a1918	_PCbopFC	machdep	darwin01	kernel-1.tar.gz sha256 0c19349be454d7162f497b55a7735b443f5506694215e2f3f5f026b597a54a01	darwin01/kernel/machdep/i386/pc_support/PCresume.c:211	PCbopFC	07_kernel/src/machdep/i386/pc_support/PCresume.c	compared	high	06_reconstruction/evidence/x86-PCresume.md	L1 MATCH (object grade P: __TEXT,__const 4 B unreferenced; -O3 = -O2 = variant)
x86-0x1a1968	x86	33469393c0843fc741942c3ae9d91d838467d72abd647dcf2e5bf499a3f14890	0x1a1968	_PCbopFD	machdep	darwin01	kernel-1.tar.gz sha256 0c19349be454d7162f497b55a7735b443f5506694215e2f3f5f026b597a54a01	darwin01/kernel/machdep/i386/pc_support/PCresume.c:233	PCbopFD	07_kernel/src/machdep/i386/pc_support/PCresume.c	compared	high	06_reconstruction/evidence/x86-PCresume.md	L1 MATCH (object grade P: __TEXT,__const 4 B unreferenced; -O3 = -O2 = variant)
x86-0x15de68	x86	33469393c0843fc741942c3ae9d91d838467d72abd647dcf2e5bf499a3f14890	0x15de68	_xxx_host_info	kern	darwin01	kernel-1.tar.gz sha256 0c19349be454d7162f497b55a7735b443f5506694215e2f3f5f026b597a54a01	darwin01/kernel/kern/machine.c:97	xxx_host_info	07_kernel/src/kern/machine.c	compared	high	06_reconstruction/evidence/x86-machine.md	L1 MATCH (common-symbol variant OBJECT_MATCH; -fno-common 0 diff, plan 36.1; -O2 = -O3)
x86-0x15de88	x86	33469393c0843fc741942c3ae9d91d838467d72abd647dcf2e5bf499a3f14890	0x15de88	_xxx_slot_info	kern	darwin01	kernel-1.tar.gz sha256 0c19349be454d7162f497b55a7735b443f5506694215e2f3f5f026b597a54a01	darwin01/kernel/kern/machine.c:114	xxx_slot_info	07_kernel/src/kern/machine.c	compared	high	06_reconstruction/evidence/x86-machine.md	L1 MATCH (common-symbol variant OBJECT_MATCH; -fno-common 0 diff, plan 36.1; -O2 = -O3)
x86-0x15dec0	x86	33469393c0843fc741942c3ae9d91d838467d72abd647dcf2e5bf499a3f14890	0x15dec0	_xxx_cpu_control	kern	darwin01	kernel-1.tar.gz sha256 0c19349be454d7162f497b55a7735b443f5506694215e2f3f5f026b597a54a01	darwin01/kernel/kern/machine.c:134	xxx_cpu_control	07_kernel/src/kern/machine.c	compared	high	06_reconstruction/evidence/x86-machine.md	L1 MATCH (common-symbol variant OBJECT_MATCH; -fno-common 0 diff, plan 36.1; -O2 = -O3)
x86-0x15decc	x86	33469393c0843fc741942c3ae9d91d838467d72abd647dcf2e5bf499a3f14890	0x15decc	_cpu_up	kern	darwin01	kernel-1.tar.gz sha256 0c19349be454d7162f497b55a7735b443f5506694215e2f3f5f026b597a54a01	darwin01/kernel/kern/machine.c:151	cpu_up	07_kernel/src/kern/machine.c	compared	high	06_reconstruction/evidence/x86-machine.md	L1 MATCH (common-symbol variant OBJECT_MATCH; -fno-common 0 diff, plan 36.1; -O2 = -O3)
x86-0x15df68	x86	33469393c0843fc741942c3ae9d91d838467d72abd647dcf2e5bf499a3f14890	0x15df68	_cpu_down	kern	darwin01	kernel-1.tar.gz sha256 0c19349be454d7162f497b55a7735b443f5506694215e2f3f5f026b597a54a01	darwin01/kernel/kern/machine.c:181	cpu_down	07_kernel/src/kern/machine.c	compared	high	06_reconstruction/evidence/x86-machine.md	L1 MATCH (common-symbol variant OBJECT_MATCH; -fno-common 0 diff, plan 36.1; -O2 = -O3)
x86-0x15dfd8	x86	33469393c0843fc741942c3ae9d91d838467d72abd647dcf2e5bf499a3f14890	0x15dfd8	_processor_assign	kern	darwin01	kernel-1.tar.gz sha256 0c19349be454d7162f497b55a7735b443f5506694215e2f3f5f026b597a54a01	darwin01/kernel/kern/machine.c:723 (#else NCPUS > 1 branch)	processor_assign	07_kernel/src/kern/machine.c	compared	high	06_reconstruction/evidence/x86-machine.md	L1 MATCH (common-symbol variant OBJECT_MATCH; -fno-common 0 diff, plan 36.1; -O2 = -O3)
x86-0x185e04	x86	33469393c0843fc741942c3ae9d91d838467d72abd647dcf2e5bf499a3f14890	0x185e04	_miniMonDump	machdep	darwin01	kernel-1.tar.gz sha256 0c19349be454d7162f497b55a7735b443f5506694215e2f3f5f026b597a54a01	darwin01/kernel/machdep/i386/miniMonMachdep.c:100 (static; no symbol in the original)	miniMonDump	07_kernel/src/machdep/i386/miniMonMachdep.c	compared	medium	06_reconstruction/evidence/x86-miniMonMachdep.md	L1 MATCH_UNVERIFIED: only __DATA,__bss (static ptr) reference-inferred (09_validation/reconstruction/s5p43-zerofill-check-miniMonMachdep-20261002.json)
x86-0x185fb0	x86	33469393c0843fc741942c3ae9d91d838467d72abd647dcf2e5bf499a3f14890	0x185fb0	_miniMonReboot	machdep	darwin01	kernel-1.tar.gz sha256 0c19349be454d7162f497b55a7735b443f5506694215e2f3f5f026b597a54a01	darwin01/kernel/machdep/i386/miniMonMachdep.c:152	miniMonReboot	07_kernel/src/machdep/i386/miniMonMachdep.c	compared	high	06_reconstruction/evidence/x86-miniMonMachdep.md	L1 MATCH (object grade P; -O3 = common variant; -O2 differs)
x86-0x185fc0	x86	33469393c0843fc741942c3ae9d91d838467d72abd647dcf2e5bf499a3f14890	0x185fc0	_miniMonHalt	machdep	darwin01	kernel-1.tar.gz sha256 0c19349be454d7162f497b55a7735b443f5506694215e2f3f5f026b597a54a01	darwin01/kernel/machdep/i386/miniMonMachdep.c:162	miniMonHalt	07_kernel/src/machdep/i386/miniMonMachdep.c	compared	high	06_reconstruction/evidence/x86-miniMonMachdep.md	L1 MATCH (object grade P; -O3 = common variant; -O2 differs)
x86-0x185fd0	x86	33469393c0843fc741942c3ae9d91d838467d72abd647dcf2e5bf499a3f14890	0x185fd0	_miniMonGdb	machdep	darwin01	kernel-1.tar.gz sha256 0c19349be454d7162f497b55a7735b443f5506694215e2f3f5f026b597a54a01	darwin01/kernel/machdep/i386/miniMonMachdep.c:169	miniMonGdb	07_kernel/src/machdep/i386/miniMonMachdep.c	compared	high	06_reconstruction/evidence/x86-miniMonMachdep.md	L1 MATCH (object grade P; -O3 = common variant; -O2 differs)
x86-0x185fdc	x86	33469393c0843fc741942c3ae9d91d838467d72abd647dcf2e5bf499a3f14890	0x185fdc	_miniMonTryGetchar	machdep	darwin01	kernel-1.tar.gz sha256 0c19349be454d7162f497b55a7735b443f5506694215e2f3f5f026b597a54a01	darwin01/kernel/machdep/i386/miniMonMachdep.c:176	miniMonTryGetchar	07_kernel/src/machdep/i386/miniMonMachdep.c	compared	high	06_reconstruction/evidence/x86-miniMonMachdep.md	L1 MATCH (object grade P; -O3 = common variant; -O2 differs)
x86-0x185fe8	x86	33469393c0843fc741942c3ae9d91d838467d72abd647dcf2e5bf499a3f14890	0x185fe8	_miniMonGetchar	machdep	darwin01	kernel-1.tar.gz sha256 0c19349be454d7162f497b55a7735b443f5506694215e2f3f5f026b597a54a01	darwin01/kernel/machdep/i386/miniMonMachdep.c:182	miniMonGetchar	07_kernel/src/machdep/i386/miniMonMachdep.c	compared	high	06_reconstruction/evidence/x86-miniMonMachdep.md	L1 MATCH (object grade P; -O3 = common variant; -O2 differs)
x86-0x186038	x86	33469393c0843fc741942c3ae9d91d838467d72abd647dcf2e5bf499a3f14890	0x186038	_miniMonPutchar	machdep	darwin01	kernel-1.tar.gz sha256 0c19349be454d7162f497b55a7735b443f5506694215e2f3f5f026b597a54a01	darwin01/kernel/machdep/i386/miniMonMachdep.c:207	miniMonPutchar	07_kernel/src/machdep/i386/miniMonMachdep.c	compared	high	06_reconstruction/evidence/x86-miniMonMachdep.md	L1 MATCH (object grade P; -O3 = common variant; -O2 differs)
x86-0x18604c	x86	33469393c0843fc741942c3ae9d91d838467d72abd647dcf2e5bf499a3f14890	0x18604c	_miniMonBacktrace	machdep	darwin01	kernel-1.tar.gz sha256 0c19349be454d7162f497b55a7735b443f5506694215e2f3f5f026b597a54a01	darwin01/kernel/machdep/i386/miniMonMachdep.c:43 (static; no symbol in the original)	miniMonBacktrace	07_kernel/src/machdep/i386/miniMonMachdep.c	compared	high	06_reconstruction/evidence/x86-miniMonMachdep.md	L1 MATCH (object grade P; -O3 = common variant; -O2 differs)
x86-0x1a1b60	x86	33469393c0843fc741942c3ae9d91d838467d72abd647dcf2e5bf499a3f14890	0x1a1b60	_handle_bop	machdep	darwin01	kernel-1.tar.gz sha256 0c19349be454d7162f497b55a7735b443f5506694215e2f3f5f026b597a54a01	darwin01/kernel/machdep/i386/pc_support/PCemulateREAL.c:193 (static; no symbol in the original)	handle_bop	07_kernel/src/machdep/i386/pc_support/PCemulateREAL.c	compared	high	06_reconstruction/evidence/x86-PCemulate.md	L1 MATCH (verbatim; -O3 = variant; -O2 differs)
x86-0x1a1d9c	x86	33469393c0843fc741942c3ae9d91d838467d72abd647dcf2e5bf499a3f14890	0x1a1d9c	_emulate_PUSHFD	machdep	darwin01	kernel-1.tar.gz sha256 0c19349be454d7162f497b55a7735b443f5506694215e2f3f5f026b597a54a01	darwin01/kernel/machdep/i386/pc_support/PCemulateREAL.c:396 (static; no symbol in the original)	emulate_PUSHFD	07_kernel/src/machdep/i386/pc_support/PCemulateREAL.c	compared	high	06_reconstruction/evidence/x86-PCemulate.md	L1 MATCH (verbatim; -O3 = variant; -O2 differs)
x86-0x1a1e70	x86	33469393c0843fc741942c3ae9d91d838467d72abd647dcf2e5bf499a3f14890	0x1a1e70	_emulate_POPFD	machdep	darwin01	kernel-1.tar.gz sha256 0c19349be454d7162f497b55a7735b443f5506694215e2f3f5f026b597a54a01	darwin01/kernel/machdep/i386/pc_support/PCemulateREAL.c:487 (static; no symbol in the original)	emulate_POPFD	07_kernel/src/machdep/i386/pc_support/PCemulateREAL.c	compared	high	06_reconstruction/evidence/x86-PCemulate.md	L1 MATCH (verbatim; -O3 = variant; -O2 differs)
x86-0x1a1f8c	x86	33469393c0843fc741942c3ae9d91d838467d72abd647dcf2e5bf499a3f14890	0x1a1f8c	_emulate_IRETD	machdep	darwin01	kernel-1.tar.gz sha256 0c19349be454d7162f497b55a7735b443f5506694215e2f3f5f026b597a54a01	darwin01/kernel/machdep/i386/pc_support/PCemulateREAL.c:590 (static; no symbol in the original)	emulate_IRETD	07_kernel/src/machdep/i386/pc_support/PCemulateREAL.c	compared	high	06_reconstruction/evidence/x86-PCemulate.md	L1 MATCH (verbatim; -O3 = variant; -O2 differs)
x86-0x1a20d4	x86	33469393c0843fc741942c3ae9d91d838467d72abd647dcf2e5bf499a3f14890	0x1a20d4	_emulate_INTn	machdep	darwin01	kernel-1.tar.gz sha256 0c19349be454d7162f497b55a7735b443f5506694215e2f3f5f026b597a54a01	darwin01/kernel/machdep/i386/pc_support/PCemulateREAL.c:693 (static; no symbol in the original)	emulate_INTn	07_kernel/src/machdep/i386/pc_support/PCemulateREAL.c	compared	high	06_reconstruction/evidence/x86-PCemulate.md	L1 MATCH (verbatim; -O3 = variant; -O2 differs)
x86-0x1a2384	x86	33469393c0843fc741942c3ae9d91d838467d72abd647dcf2e5bf499a3f14890	0x1a2384	_handle_exception	machdep	darwin01	kernel-1.tar.gz sha256 0c19349be454d7162f497b55a7735b443f5506694215e2f3f5f026b597a54a01	darwin01/kernel/machdep/i386/pc_support/PCemulateREAL.c:737 (static; no symbol in the original)	handle_exception	07_kernel/src/machdep/i386/pc_support/PCemulateREAL.c	compared	high	06_reconstruction/evidence/x86-PCemulate.md	L1 MATCH (verbatim; -O3 = variant; -O2 differs)
x86-0x1a25a4	x86	33469393c0843fc741942c3ae9d91d838467d72abd647dcf2e5bf499a3f14890	0x1a25a4	_PCemulateREAL	machdep	darwin01	kernel-1.tar.gz sha256 0c19349be454d7162f497b55a7735b443f5506694215e2f3f5f026b597a54a01	darwin01/kernel/machdep/i386/pc_support/PCemulateREAL.c:823	PCemulateREAL	07_kernel/src/machdep/i386/pc_support/PCemulateREAL.c	compared	high	06_reconstruction/evidence/x86-PCemulate.md	L1 MATCH (verbatim; -O3 = variant; -O2 differs)
x86-0x1a26c8	x86	33469393c0843fc741942c3ae9d91d838467d72abd647dcf2e5bf499a3f14890	0x1a26c8	_emulate_CLI	machdep	darwin01	kernel-1.tar.gz sha256 0c19349be454d7162f497b55a7735b443f5506694215e2f3f5f026b597a54a01	darwin01/kernel/machdep/i386/pc_support/PCemulateREAL.c:310 (static; no symbol in the original)	emulate_CLI	07_kernel/src/machdep/i386/pc_support/PCemulateREAL.c	compared	high	06_reconstruction/evidence/x86-PCemulate.md	L1 MATCH (verbatim; -O3 = variant; -O2 differs)
x86-0x1a2734	x86	33469393c0843fc741942c3ae9d91d838467d72abd647dcf2e5bf499a3f14890	0x1a2734	_emulate_STI	machdep	darwin01	kernel-1.tar.gz sha256 0c19349be454d7162f497b55a7735b443f5506694215e2f3f5f026b597a54a01	darwin01/kernel/machdep/i386/pc_support/PCemulateREAL.c:328 (static; no symbol in the original)	emulate_STI	07_kernel/src/machdep/i386/pc_support/PCemulateREAL.c	compared	high	06_reconstruction/evidence/x86-PCemulate.md	L1 MATCH (verbatim; -O3 = variant; -O2 differs)
x86-0x1a27b0	x86	33469393c0843fc741942c3ae9d91d838467d72abd647dcf2e5bf499a3f14890	0x1a27b0	_emulate_PUSHF	machdep	darwin01	kernel-1.tar.gz sha256 0c19349be454d7162f497b55a7735b443f5506694215e2f3f5f026b597a54a01	darwin01/kernel/machdep/i386/pc_support/PCemulateREAL.c:356 (static; no symbol in the original)	emulate_PUSHF	07_kernel/src/machdep/i386/pc_support/PCemulateREAL.c	compared	high	06_reconstruction/evidence/x86-PCemulate.md	L1 MATCH (verbatim; -O3 = variant; -O2 differs)
x86-0x1a28a0	x86	33469393c0843fc741942c3ae9d91d838467d72abd647dcf2e5bf499a3f14890	0x1a28a0	_emulate_POPF	machdep	darwin01	kernel-1.tar.gz sha256 0c19349be454d7162f497b55a7735b443f5506694215e2f3f5f026b597a54a01	darwin01/kernel/machdep/i386/pc_support/PCemulateREAL.c:439 (static; no symbol in the original)	emulate_POPF	07_kernel/src/machdep/i386/pc_support/PCemulateREAL.c	compared	high	06_reconstruction/evidence/x86-PCemulate.md	L1 MATCH (verbatim; -O3 = variant; -O2 differs)
x86-0x1a29dc	x86	33469393c0843fc741942c3ae9d91d838467d72abd647dcf2e5bf499a3f14890	0x1a29dc	_emulate_IRET	machdep	darwin01	kernel-1.tar.gz sha256 0c19349be454d7162f497b55a7735b443f5506694215e2f3f5f026b597a54a01	darwin01/kernel/machdep/i386/pc_support/PCemulateREAL.c:538 (static; no symbol in the original)	emulate_IRET	07_kernel/src/machdep/i386/pc_support/PCemulateREAL.c	compared	high	06_reconstruction/evidence/x86-PCemulate.md	L1 MATCH (verbatim; -O3 = variant; -O2 differs)
x86-0x1a2b40	x86	33469393c0843fc741942c3ae9d91d838467d72abd647dcf2e5bf499a3f14890	0x1a2b40	_handle_bop	machdep	darwin01	kernel-1.tar.gz sha256 0c19349be454d7162f497b55a7735b443f5506694215e2f3f5f026b597a54a01	darwin01/kernel/machdep/i386/pc_support/PCemulatePROT.c:218 (static; no symbol in the original)	handle_bop	07_kernel/src/machdep/i386/pc_support/PCemulatePROT.c	compared	high	06_reconstruction/evidence/x86-PCemulate.md	L1 MATCH (verbatim; -O3 = variant; -O2 differs)
x86-0x1a2fc8	x86	33469393c0843fc741942c3ae9d91d838467d72abd647dcf2e5bf499a3f14890	0x1a2fc8	_push_frame16_err_code	machdep	darwin01	kernel-1.tar.gz sha256 0c19349be454d7162f497b55a7735b443f5506694215e2f3f5f026b597a54a01	darwin01/kernel/machdep/i386/pc_support/PCemulatePROT.c:350 (static; no symbol in the original)	push_frame16_err_code	07_kernel/src/machdep/i386/pc_support/PCemulatePROT.c	compared	high	06_reconstruction/evidence/x86-PCemulate.md	L1 MATCH (verbatim; -O3 = variant; -O2 differs)
x86-0x1a3160	x86	33469393c0843fc741942c3ae9d91d838467d72abd647dcf2e5bf499a3f14890	0x1a3160	_emulate_exception	machdep	darwin01	kernel-1.tar.gz sha256 0c19349be454d7162f497b55a7735b443f5506694215e2f3f5f026b597a54a01	darwin01/kernel/machdep/i386/pc_support/PCemulatePROT.c:548 (static; no symbol in the original)	emulate_exception	07_kernel/src/machdep/i386/pc_support/PCemulatePROT.c	compared	high	06_reconstruction/evidence/x86-PCemulate.md	L1 MATCH (verbatim; -O3 = variant; -O2 differs)
x86-0x1a37c0	x86	33469393c0843fc741942c3ae9d91d838467d72abd647dcf2e5bf499a3f14890	0x1a37c0	_emulate_instruction	machdep	darwin01	kernel-1.tar.gz sha256 0c19349be454d7162f497b55a7735b443f5506694215e2f3f5f026b597a54a01	darwin01/kernel/machdep/i386/pc_support/PCemulatePROT.c:716 (static; no symbol in the original)	emulate_instruction	07_kernel/src/machdep/i386/pc_support/PCemulatePROT.c	compared	high	06_reconstruction/evidence/x86-PCemulate.md	L1 MATCH (verbatim; -O3 = variant; -O2 differs)
x86-0x1a3ac4	x86	33469393c0843fc741942c3ae9d91d838467d72abd647dcf2e5bf499a3f14890	0x1a3ac4	_PCemulatePROT	machdep	darwin01	kernel-1.tar.gz sha256 0c19349be454d7162f497b55a7735b443f5506694215e2f3f5f026b597a54a01	darwin01/kernel/machdep/i386/pc_support/PCemulatePROT.c:749	PCemulatePROT	07_kernel/src/machdep/i386/pc_support/PCemulatePROT.c	compared	high	06_reconstruction/evidence/x86-PCemulate.md	L1 MATCH (verbatim; -O3 = variant; -O2 differs)
x86-0x188044	x86	33469393c0843fc741942c3ae9d91d838467d72abd647dcf2e5bf499a3f14890	0x188044	_dma_initialize	machdep	darwin01	kernel-1.tar.gz sha256 0c19349be454d7162f497b55a7735b443f5506694215e2f3f5f026b597a54a01	darwin01/kernel/machdep/i386/dma.c:106	dma_initialize	07_kernel/src/machdep/i386/dma.c	compared	medium	06_reconstruction/evidence/x86-dma.md	L1 MATCH_UNVERIFIED: only __DATA,__bss reference-inferred (09_validation/reconstruction/s5p45-zerofill-check-dma-20261002.json)
x86-0x188124	x86	33469393c0843fc741942c3ae9d91d838467d72abd647dcf2e5bf499a3f14890	0x188124	_dma_init_extend_mode	machdep	darwin01	kernel-1.tar.gz sha256 0c19349be454d7162f497b55a7735b443f5506694215e2f3f5f026b597a54a01	darwin01/kernel/machdep/i386/dma.c:147 (static; no symbol in the original)	dma_init_extend_mode	07_kernel/src/machdep/i386/dma.c	compared	medium	06_reconstruction/evidence/x86-dma.md	L1 MATCH_UNVERIFIED: only __DATA,__bss reference-inferred (09_validation/reconstruction/s5p45-zerofill-check-dma-20261002.json)
x86-0x188234	x86	33469393c0843fc741942c3ae9d91d838467d72abd647dcf2e5bf499a3f14890	0x188234	_dma_assign_chan	machdep	darwin01	kernel-1.tar.gz sha256 0c19349be454d7162f497b55a7735b443f5506694215e2f3f5f026b597a54a01	darwin01/kernel/machdep/i386/dma.c:174	dma_assign_chan	07_kernel/src/machdep/i386/dma.c	compared	high	06_reconstruction/evidence/x86-dma.md	L1 MATCH (common-symbol variant; object grade P; -O2 differs)
x86-0x188268	x86	33469393c0843fc741942c3ae9d91d838467d72abd647dcf2e5bf499a3f14890	0x188268	_dma_deassign_chan	machdep	darwin01	kernel-1.tar.gz sha256 0c19349be454d7162f497b55a7735b443f5506694215e2f3f5f026b597a54a01	darwin01/kernel/machdep/i386/dma.c:187	dma_deassign_chan	07_kernel/src/machdep/i386/dma.c	compared	high	06_reconstruction/evidence/x86-dma.md	L1 MATCH (common-symbol variant; object grade P; -O2 differs)
x86-0x18828c	x86	33469393c0843fc741942c3ae9d91d838467d72abd647dcf2e5bf499a3f14890	0x18828c	_dma_mask_chan	machdep	darwin01	kernel-1.tar.gz sha256 0c19349be454d7162f497b55a7735b443f5506694215e2f3f5f026b597a54a01	darwin01/kernel/machdep/i386/dma.c:197	dma_mask_chan	07_kernel/src/machdep/i386/dma.c	compared	medium	06_reconstruction/evidence/x86-dma.md	L1 MATCH_UNVERIFIED: only __DATA,__bss reference-inferred (09_validation/reconstruction/s5p45-zerofill-check-dma-20261002.json)
x86-0x18836c	x86	33469393c0843fc741942c3ae9d91d838467d72abd647dcf2e5bf499a3f14890	0x18836c	_dma_unmask_chan	machdep	darwin01	kernel-1.tar.gz sha256 0c19349be454d7162f497b55a7735b443f5506694215e2f3f5f026b597a54a01	darwin01/kernel/machdep/i386/dma.c:213	dma_unmask_chan	07_kernel/src/machdep/i386/dma.c	compared	medium	06_reconstruction/evidence/x86-dma.md	L1 MATCH_UNVERIFIED: only __DATA,__bss reference-inferred (09_validation/reconstruction/s5p45-zerofill-check-dma-20261002.json)
x86-0x188448	x86	33469393c0843fc741942c3ae9d91d838467d72abd647dcf2e5bf499a3f14890	0x188448	_dma_chan_xfer_mode	machdep	darwin01	kernel-1.tar.gz sha256 0c19349be454d7162f497b55a7735b443f5506694215e2f3f5f026b597a54a01	darwin01/kernel/machdep/i386/dma.c:229	dma_chan_xfer_mode	07_kernel/src/machdep/i386/dma.c	compared	medium	06_reconstruction/evidence/x86-dma.md	L1 MATCH_UNVERIFIED: only __DATA,__bss reference-inferred (09_validation/reconstruction/s5p45-zerofill-check-dma-20261002.json)
x86-0x188544	x86	33469393c0843fc741942c3ae9d91d838467d72abd647dcf2e5bf499a3f14890	0x188544	_dma_chan_autoinit	machdep	darwin01	kernel-1.tar.gz sha256 0c19349be454d7162f497b55a7735b443f5506694215e2f3f5f026b597a54a01	darwin01/kernel/machdep/i386/dma.c:248	dma_chan_autoinit	07_kernel/src/machdep/i386/dma.c	compared	medium	06_reconstruction/evidence/x86-dma.md	L1 MATCH_UNVERIFIED: only __DATA,__bss reference-inferred (09_validation/reconstruction/s5p45-zerofill-check-dma-20261002.json)
x86-0x188640	x86	33469393c0843fc741942c3ae9d91d838467d72abd647dcf2e5bf499a3f14890	0x188640	_dma_chan_adrs_dir	machdep	darwin01	kernel-1.tar.gz sha256 0c19349be454d7162f497b55a7735b443f5506694215e2f3f5f026b597a54a01	darwin01/kernel/machdep/i386/dma.c:264	dma_chan_adrs_dir	07_kernel/src/machdep/i386/dma.c	compared	medium	06_reconstruction/evidence/x86-dma.md	L1 MATCH_UNVERIFIED: only __DATA,__bss reference-inferred (09_validation/reconstruction/s5p45-zerofill-check-dma-20261002.json)
x86-0x188740	x86	33469393c0843fc741942c3ae9d91d838467d72abd647dcf2e5bf499a3f14890	0x188740	_dma_chan_xfer_dir	machdep	darwin01	kernel-1.tar.gz sha256 0c19349be454d7162f497b55a7735b443f5506694215e2f3f5f026b597a54a01	darwin01/kernel/machdep/i386/dma.c:280	dma_chan_xfer_dir	07_kernel/src/machdep/i386/dma.c	compared	medium	06_reconstruction/evidence/x86-dma.md	L1 MATCH_UNVERIFIED: only __DATA,__bss reference-inferred (09_validation/reconstruction/s5p45-zerofill-check-dma-20261002.json)
x86-0x18883c	x86	33469393c0843fc741942c3ae9d91d838467d72abd647dcf2e5bf499a3f14890	0x18883c	_dma_xfer_chan	machdep	darwin01	kernel-1.tar.gz sha256 0c19349be454d7162f497b55a7735b443f5506694215e2f3f5f026b597a54a01	darwin01/kernel/machdep/i386/dma.c:299	dma_xfer_chan	07_kernel/src/machdep/i386/dma.c	compared	medium	06_reconstruction/evidence/x86-dma.md	L1 MATCH_UNVERIFIED: only __DATA,__bss reference-inferred (09_validation/reconstruction/s5p45-zerofill-check-dma-20261002.json)
x86-0x188edc	x86	33469393c0843fc741942c3ae9d91d838467d72abd647dcf2e5bf499a3f14890	0x188edc	_dma_xfer	machdep	darwin01	kernel-1.tar.gz sha256 0c19349be454d7162f497b55a7735b443f5506694215e2f3f5f026b597a54a01	darwin01/kernel/machdep/i386/dma.c:360	dma_xfer	07_kernel/src/machdep/i386/dma.c	compared	high	06_reconstruction/evidence/x86-dma.md	L1 MATCH (common-symbol variant; object grade P; -O2 differs)
x86-0x188f4c	x86	33469393c0843fc741942c3ae9d91d838467d72abd647dcf2e5bf499a3f14890	0x188f4c	_dma_xfer_done	machdep	darwin01	kernel-1.tar.gz sha256 0c19349be454d7162f497b55a7735b443f5506694215e2f3f5f026b597a54a01	darwin01/kernel/machdep/i386/dma.c:398	dma_xfer_done	07_kernel/src/machdep/i386/dma.c	compared	high	06_reconstruction/evidence/x86-dma.md	L1 MATCH (common-symbol variant; object grade P; -O2 differs)
x86-0x188f8c	x86	33469393c0843fc741942c3ae9d91d838467d72abd647dcf2e5bf499a3f14890	0x188f8c	_dma_xfer_abort	machdep	darwin01	kernel-1.tar.gz sha256 0c19349be454d7162f497b55a7735b443f5506694215e2f3f5f026b597a54a01	darwin01/kernel/machdep/i386/dma.c:423	dma_xfer_abort	07_kernel/src/machdep/i386/dma.c	compared	high	06_reconstruction/evidence/x86-dma.md	L1 MATCH (common-symbol variant; object grade P; -O2 differs)
x86-0x188fb4	x86	33469393c0843fc741942c3ae9d91d838467d72abd647dcf2e5bf499a3f14890	0x188fb4	_dma_xfer_width	machdep	darwin01	kernel-1.tar.gz sha256 0c19349be454d7162f497b55a7735b443f5506694215e2f3f5f026b597a54a01	darwin01/kernel/machdep/i386/dma.c:439	dma_xfer_width	07_kernel/src/machdep/i386/dma.c	compared	medium	06_reconstruction/evidence/x86-dma.md	L1 MATCH_UNVERIFIED: only __DATA,__bss reference-inferred (09_validation/reconstruction/s5p45-zerofill-check-dma-20261002.json)
x86-0x1890b4	x86	33469393c0843fc741942c3ae9d91d838467d72abd647dcf2e5bf499a3f14890	0x1890b4	_get_dma_xfer_width	machdep	darwin01	kernel-1.tar.gz sha256 0c19349be454d7162f497b55a7735b443f5506694215e2f3f5f026b597a54a01	darwin01/kernel/machdep/i386/dma.c:459	get_dma_xfer_width	07_kernel/src/machdep/i386/dma.c	compared	high	06_reconstruction/evidence/x86-dma.md	L1 MATCH (common-symbol variant; object grade P; -O2 differs)
x86-0x1890e4	x86	33469393c0843fc741942c3ae9d91d838467d72abd647dcf2e5bf499a3f14890	0x1890e4	_dma_timing	machdep	darwin01	kernel-1.tar.gz sha256 0c19349be454d7162f497b55a7735b443f5506694215e2f3f5f026b597a54a01	darwin01/kernel/machdep/i386/dma.c:470	dma_timing	07_kernel/src/machdep/i386/dma.c	compared	medium	06_reconstruction/evidence/x86-dma.md	L1 MATCH_UNVERIFIED: only __DATA,__bss reference-inferred (09_validation/reconstruction/s5p45-zerofill-check-dma-20261002.json)
x86-0x1891e4	x86	33469393c0843fc741942c3ae9d91d838467d72abd647dcf2e5bf499a3f14890	0x1891e4	_dma_eop_in	machdep	darwin01	kernel-1.tar.gz sha256 0c19349be454d7162f497b55a7735b443f5506694215e2f3f5f026b597a54a01	darwin01/kernel/machdep/i386/dma.c:487	dma_eop_in	07_kernel/src/machdep/i386/dma.c	compared	medium	06_reconstruction/evidence/x86-dma.md	L1 MATCH_UNVERIFIED: only __DATA,__bss reference-inferred (09_validation/reconstruction/s5p45-zerofill-check-dma-20261002.json)
x86-0x1892e4	x86	33469393c0843fc741942c3ae9d91d838467d72abd647dcf2e5bf499a3f14890	0x1892e4	_dma_stop_enable	machdep	darwin01	kernel-1.tar.gz sha256 0c19349be454d7162f497b55a7735b443f5506694215e2f3f5f026b597a54a01	darwin01/kernel/machdep/i386/dma.c:504	dma_stop_enable	07_kernel/src/machdep/i386/dma.c	compared	medium	06_reconstruction/evidence/x86-dma.md	L1 MATCH_UNVERIFIED: only __DATA,__bss reference-inferred (09_validation/reconstruction/s5p45-zerofill-check-dma-20261002.json)
x86-0x1893e0	x86	33469393c0843fc741942c3ae9d91d838467d72abd647dcf2e5bf499a3f14890	0x1893e0	_is_dma_done	machdep	darwin01	kernel-1.tar.gz sha256 0c19349be454d7162f497b55a7735b443f5506694215e2f3f5f026b597a54a01	darwin01/kernel/machdep/i386/dma.c:521	is_dma_done	07_kernel/src/machdep/i386/dma.c	compared	high	06_reconstruction/evidence/x86-dma.md	L1 MATCH (common-symbol variant; object grade P; -O2 differs)
x86-0x18943c	x86	33469393c0843fc741942c3ae9d91d838467d72abd647dcf2e5bf499a3f14890	0x18943c	_get_dma_addr	machdep	darwin01	kernel-1.tar.gz sha256 0c19349be454d7162f497b55a7735b443f5506694215e2f3f5f026b597a54a01	darwin01/kernel/machdep/i386/dma.c:543	get_dma_addr	07_kernel/src/machdep/i386/dma.c	compared	medium	06_reconstruction/evidence/x86-dma.md	L1 MATCH_UNVERIFIED: only __DATA,__bss reference-inferred (09_validation/reconstruction/s5p45-zerofill-check-dma-20261002.json)
x86-0x1895b8	x86	33469393c0843fc741942c3ae9d91d838467d72abd647dcf2e5bf499a3f14890	0x1895b8	_get_dma_count	machdep	darwin01	kernel-1.tar.gz sha256 0c19349be454d7162f497b55a7735b443f5506694215e2f3f5f026b597a54a01	darwin01/kernel/machdep/i386/dma.c:590	get_dma_count	07_kernel/src/machdep/i386/dma.c	compared	medium	06_reconstruction/evidence/x86-dma.md	L1 MATCH_UNVERIFIED: only __DATA,__bss reference-inferred (09_validation/reconstruction/s5p45-zerofill-check-dma-20261002.json)
x86-0x17b9e0	x86	33469393c0843fc741942c3ae9d91d838467d72abd647dcf2e5bf499a3f14890	0x17b9e0	_vm_synchronize	vm	darwin01	kernel-1.tar.gz sha256 0c19349be454d7162f497b55a7735b443f5506694215e2f3f5f026b597a54a01	darwin01/kernel/vm/vm_synchronize.c:64	vm_synchronize	07_kernel/src/vm/vm_synchronize.c	compared	high	06_reconstruction/evidence/x86-vm_synchronize.md	L1 MATCH (verbatim with --nextdev headers, D018; -O3 = -O2 = variant; static boundaries checked with object-symbol ranges)
x86-0x17ba1c	x86	33469393c0843fc741942c3ae9d91d838467d72abd647dcf2e5bf499a3f14890	0x17ba1c	_map_push_range	vm	darwin01	kernel-1.tar.gz sha256 0c19349be454d7162f497b55a7735b443f5506694215e2f3f5f026b597a54a01	darwin01/kernel/vm/vm_synchronize.c:90 (static; no symbol in the original)	map_push_range	07_kernel/src/vm/vm_synchronize.c	compared	high	06_reconstruction/evidence/x86-vm_synchronize.md	L1 MATCH (verbatim with --nextdev headers, D018; -O3 = -O2 = variant; static boundaries checked with object-symbol ranges)
x86-0x17bacc	x86	33469393c0843fc741942c3ae9d91d838467d72abd647dcf2e5bf499a3f14890	0x17bacc	_vm_pageout_page	vm	darwin01	kernel-1.tar.gz sha256 0c19349be454d7162f497b55a7735b443f5506694215e2f3f5f026b597a54a01	darwin01/kernel/vm/vm_synchronize.c:145 (static; no symbol in the original)	vm_pageout_page	07_kernel/src/vm/vm_synchronize.c	compared	high	06_reconstruction/evidence/x86-vm_synchronize.md	L1 MATCH (verbatim with --nextdev headers, D018; -O3 = -O2 = variant; static boundaries checked with object-symbol ranges)
x86-0x17bc50	x86	33469393c0843fc741942c3ae9d91d838467d72abd647dcf2e5bf499a3f14890	0x17bc50	_object_push	vm	darwin01	kernel-1.tar.gz sha256 0c19349be454d7162f497b55a7735b443f5506694215e2f3f5f026b597a54a01	darwin01/kernel/vm/vm_synchronize.c:214 (static; no symbol in the original)	object_push	07_kernel/src/vm/vm_synchronize.c	compared	high	06_reconstruction/evidence/x86-vm_synchronize.md	L1 MATCH (verbatim with --nextdev headers, D018; -O3 = -O2 = variant; static boundaries checked with object-symbol ranges)
x86-0x16a198	x86	33469393c0843fc741942c3ae9d91d838467d72abd647dcf2e5bf499a3f14890	0x16a198	_init_timers	kern	darwin01	kernel-1.tar.gz sha256 0c19349be454d7162f497b55a7735b443f5506694215e2f3f5f026b597a54a01	darwin01/kernel/kern/timer.c:57	init_timers	07_kernel/src/kern/timer.c	compared	high	06_reconstruction/evidence/x86-timer.md	L1 MATCH (verbatim, --nextdev; common-symbol variant OBJECT_MATCH, plan 36.1; -O2 = -O3)
x86-0x16a1cc	x86	33469393c0843fc741942c3ae9d91d838467d72abd647dcf2e5bf499a3f14890	0x16a1cc	_timer_init	kern	darwin01	kernel-1.tar.gz sha256 0c19349be454d7162f497b55a7735b443f5506694215e2f3f5f026b597a54a01	darwin01/kernel/kern/timer.c:78	timer_init	07_kernel/src/kern/timer.c	compared	high	06_reconstruction/evidence/x86-timer.md	L1 MATCH (verbatim, --nextdev; common-symbol variant OBJECT_MATCH, plan 36.1; -O2 = -O3)
x86-0x16a1f4	x86	33469393c0843fc741942c3ae9d91d838467d72abd647dcf2e5bf499a3f14890	0x16a1f4	_timer_normalize	kern	darwin01	kernel-1.tar.gz sha256 0c19349be454d7162f497b55a7735b443f5506694215e2f3f5f026b597a54a01	darwin01/kernel/kern/timer.c:330	timer_normalize	07_kernel/src/kern/timer.c	compared	high	06_reconstruction/evidence/x86-timer.md	L1 MATCH (verbatim, --nextdev; common-symbol variant OBJECT_MATCH, plan 36.1; -O2 = -O3)
x86-0x16a22c	x86	33469393c0843fc741942c3ae9d91d838467d72abd647dcf2e5bf499a3f14890	0x16a22c	_timer_read	kern	darwin01	kernel-1.tar.gz sha256 0c19349be454d7162f497b55a7735b443f5506694215e2f3f5f026b597a54a01	darwin01/kernel/kern/timer.c:380	timer_read	07_kernel/src/kern/timer.c	compared	high	06_reconstruction/evidence/x86-timer.md	L1 MATCH (verbatim, --nextdev; common-symbol variant OBJECT_MATCH, plan 36.1; -O2 = -O3)
x86-0x16a280	x86	33469393c0843fc741942c3ae9d91d838467d72abd647dcf2e5bf499a3f14890	0x16a280	_thread_read_times	kern	darwin01	kernel-1.tar.gz sha256 0c19349be454d7162f497b55a7735b443f5506694215e2f3f5f026b597a54a01	darwin01/kernel/kern/timer.c:405	thread_read_times	07_kernel/src/kern/timer.c	compared	high	06_reconstruction/evidence/x86-timer.md	L1 MATCH (verbatim, --nextdev; common-symbol variant OBJECT_MATCH, plan 36.1; -O2 = -O3)
x86-0x16a30c	x86	33469393c0843fc741942c3ae9d91d838467d72abd647dcf2e5bf499a3f14890	0x16a30c	_timer_delta	kern	darwin01	kernel-1.tar.gz sha256 0c19349be454d7162f497b55a7735b443f5506694215e2f3f5f026b597a54a01	darwin01/kernel/kern/timer.c:440	timer_delta	07_kernel/src/kern/timer.c	compared	high	06_reconstruction/evidence/x86-timer.md	L1 MATCH (verbatim, --nextdev; common-symbol variant OBJECT_MATCH, plan 36.1; -O2 = -O3)
x86-0x193e58	x86	33469393c0843fc741942c3ae9d91d838467d72abd647dcf2e5bf499a3f14890	0x193e58	_pagemove	machdep	darwin01	kernel-1.tar.gz sha256 0c19349be454d7162f497b55a7735b443f5506694215e2f3f5f026b597a54a01	darwin01/kernel/machdep/i386/vm_machdep.c:51	pagemove	07_kernel/src/machdep/i386/vm_machdep.c	compared	high	06_reconstruction/evidence/x86-vm_machdep.md	L1 MATCH (object grade P: __TEXT,__const 4 B unreferenced; -O3 = -O2 = variant)
x86-0x193ed0	x86	33469393c0843fc741942c3ae9d91d838467d72abd647dcf2e5bf499a3f14890	0x193ed0	_kernacc	machdep	darwin01	kernel-1.tar.gz sha256 0c19349be454d7162f497b55a7735b443f5506694215e2f3f5f026b597a54a01	darwin01/kernel/machdep/i386/vm_machdep.c:78	kernacc	07_kernel/src/machdep/i386/vm_machdep.c	compared	high	06_reconstruction/evidence/x86-vm_machdep.md	L1 MATCH (object grade P: __TEXT,__const 4 B unreferenced; -O3 = -O2 = variant)
x86-0x186fdc	x86	33469393c0843fc741942c3ae9d91d838467d72abd647dcf2e5bf499a3f14890	0x186fdc	_catch_interrupt	machdep	darwin01	kernel-1.tar.gz sha256 0c19349be454d7162f497b55a7735b443f5506694215e2f3f5f026b597a54a01	darwin01/kernel/machdep/i386/catch.c:45	catch_interrupt	07_kernel/src/machdep/i386/catch.c	compared	high	06_reconstruction/evidence/x86-catch.md	L1 MATCH (verbatim, PC_SUPPORT=1; -O3 = -O2 = variant)
x86-0x187068	x86	33469393c0843fc741942c3ae9d91d838467d72abd647dcf2e5bf499a3f14890	0x187068	_catch_trap	machdep	darwin01	kernel-1.tar.gz sha256 0c19349be454d7162f497b55a7735b443f5506694215e2f3f5f026b597a54a01	darwin01/kernel/machdep/i386/catch.c:60	catch_trap	07_kernel/src/machdep/i386/catch.c	compared	high	06_reconstruction/evidence/x86-catch.md	L1 MATCH (verbatim, PC_SUPPORT=1; -O3 = -O2 = variant)
x86-0x18a310	x86	33469393c0843fc741942c3ae9d91d838467d72abd647dcf2e5bf499a3f14890	0x18a310	_fp_configure	machdep	darwin01	kernel-1.tar.gz sha256 0c19349be454d7162f497b55a7735b443f5506694215e2f3f5f026b597a54a01	darwin01/kernel/machdep/i386/fp_support.c:78	fp_configure	07_kernel/src/machdep/i386/fp_support.c	compared	high	06_reconstruction/evidence/x86-fp_support.md	L1 MATCH (object grade P; -O3 = -O2 = variant; FP_EMUL=0, PC_SUPPORT=1)
x86-0x18a368	x86	33469393c0843fc741942c3ae9d91d838467d72abd647dcf2e5bf499a3f14890	0x18a368	_fp_noextension	machdep	darwin01	kernel-1.tar.gz sha256 0c19349be454d7162f497b55a7735b443f5506694215e2f3f5f026b597a54a01	darwin01/kernel/machdep/i386/fp_support.c:138	fp_noextension	07_kernel/src/machdep/i386/fp_support.c	compared	high	06_reconstruction/evidence/x86-fp_support.md	L1 MATCH (object grade P; -O3 = -O2 = variant; FP_EMUL=0, PC_SUPPORT=1)
x86-0x18a38c	x86	33469393c0843fc741942c3ae9d91d838467d72abd647dcf2e5bf499a3f14890	0x18a38c	_fp_extension_fault	machdep	darwin01	kernel-1.tar.gz sha256 0c19349be454d7162f497b55a7735b443f5506694215e2f3f5f026b597a54a01	darwin01/kernel/machdep/i386/fp_support.c:176	fp_extension_fault	07_kernel/src/machdep/i386/fp_support.c	compared	medium	06_reconstruction/evidence/x86-fp_support.md	L1 MATCH_UNVERIFIED: only __DATA,__bss reference-inferred (09_validation/reconstruction/s5p50-zerofill-check-fp_support-20261002.json)
x86-0x18a3c4	x86	33469393c0843fc741942c3ae9d91d838467d72abd647dcf2e5bf499a3f14890	0x18a3c4	_fp_kernel_extension_fault	machdep	darwin01	kernel-1.tar.gz sha256 0c19349be454d7162f497b55a7735b443f5506694215e2f3f5f026b597a54a01	darwin01/kernel/machdep/i386/fp_support.c:202	fp_kernel_extension_fault	07_kernel/src/machdep/i386/fp_support.c	compared	medium	06_reconstruction/evidence/x86-fp_support.md	L1 MATCH_UNVERIFIED: only __DATA,__bss reference-inferred (09_validation/reconstruction/s5p50-zerofill-check-fp_support-20261002.json)
x86-0x18a408	x86	33469393c0843fc741942c3ae9d91d838467d72abd647dcf2e5bf499a3f14890	0x18a408	_fp_ast	machdep	darwin01	kernel-1.tar.gz sha256 0c19349be454d7162f497b55a7735b443f5506694215e2f3f5f026b597a54a01	darwin01/kernel/machdep/i386/fp_support.c:219	fp_ast	07_kernel/src/machdep/i386/fp_support.c	compared	high	06_reconstruction/evidence/x86-fp_support.md	L1 MATCH (object grade P; -O3 = -O2 = variant; FP_EMUL=0, PC_SUPPORT=1)
x86-0x18a428	x86	33469393c0843fc741942c3ae9d91d838467d72abd647dcf2e5bf499a3f14890	0x18a428	_fp_save	machdep	darwin01	kernel-1.tar.gz sha256 0c19349be454d7162f497b55a7735b443f5506694215e2f3f5f026b597a54a01	darwin01/kernel/machdep/i386/fp_support.c:294 (static; no symbol in the original)	fp_save	07_kernel/src/machdep/i386/fp_support.c	compared	medium	06_reconstruction/evidence/x86-fp_support.md	L1 MATCH_UNVERIFIED: only __DATA,__bss reference-inferred (09_validation/reconstruction/s5p50-zerofill-check-fp_support-20261002.json)
x86-0x18a4a8	x86	33469393c0843fc741942c3ae9d91d838467d72abd647dcf2e5bf499a3f14890	0x18a4a8	_fp_switch	machdep	darwin01	kernel-1.tar.gz sha256 0c19349be454d7162f497b55a7735b443f5506694215e2f3f5f026b597a54a01	darwin01/kernel/machdep/i386/fp_support.c:407 (static; no symbol in the original)	fp_switch	07_kernel/src/machdep/i386/fp_support.c	compared	medium	06_reconstruction/evidence/x86-fp_support.md	L1 MATCH_UNVERIFIED: only __DATA,__bss reference-inferred (09_validation/reconstruction/s5p50-zerofill-check-fp_support-20261002.json)
x86-0x18a7e4	x86	33469393c0843fc741942c3ae9d91d838467d72abd647dcf2e5bf499a3f14890	0x18a7e4	_fp_unowned	machdep	darwin01	kernel-1.tar.gz sha256 0c19349be454d7162f497b55a7735b443f5506694215e2f3f5f026b597a54a01	darwin01/kernel/machdep/i386/fp_support.c:500 (static; no symbol in the original)	fp_unowned	07_kernel/src/machdep/i386/fp_support.c	compared	medium	06_reconstruction/evidence/x86-fp_support.md	L1 MATCH_UNVERIFIED: only __DATA,__bss reference-inferred (09_validation/reconstruction/s5p50-zerofill-check-fp_support-20261002.json)
x86-0x18a800	x86	33469393c0843fc741942c3ae9d91d838467d72abd647dcf2e5bf499a3f14890	0x18a800	_fp_terminate	machdep	darwin01	kernel-1.tar.gz sha256 0c19349be454d7162f497b55a7735b443f5506694215e2f3f5f026b597a54a01	darwin01/kernel/machdep/i386/fp_support.c:513	fp_terminate	07_kernel/src/machdep/i386/fp_support.c	compared	medium	06_reconstruction/evidence/x86-fp_support.md	L1 MATCH_UNVERIFIED: only __DATA,__bss reference-inferred (09_validation/reconstruction/s5p50-zerofill-check-fp_support-20261002.json)
x86-0x18a824	x86	33469393c0843fc741942c3ae9d91d838467d72abd647dcf2e5bf499a3f14890	0x18a824	_fp_synch	machdep	darwin01	kernel-1.tar.gz sha256 0c19349be454d7162f497b55a7735b443f5506694215e2f3f5f026b597a54a01	darwin01/kernel/machdep/i386/fp_support.c:530	fp_synch	07_kernel/src/machdep/i386/fp_support.c	compared	medium	06_reconstruction/evidence/x86-fp_support.md	L1 MATCH_UNVERIFIED: only __DATA,__bss reference-inferred (09_validation/reconstruction/s5p50-zerofill-check-fp_support-20261002.json)
x86-0x1beb58	x86	33469393c0843fc741942c3ae9d91d838467d72abd647dcf2e5bf499a3f14890	0x1beb58	_strtol	bsd	darwin01	kernel-1.tar.gz sha256 0c19349be454d7162f497b55a7735b443f5506694215e2f3f5f026b597a54a01	darwin01/kernel/bsd/libkern/strtol.c:109	strtol	07_kernel/src/bsd/libkern/strtol.c	compared	high	06_reconstruction/evidence/x86-strtol.md	L1 MATCH (verbatim, --nextdev; -O3 = -O2 = variant)
x86-0x1bed00	x86	33469393c0843fc741942c3ae9d91d838467d72abd647dcf2e5bf499a3f14890	0x1bed00	_strtoul	bsd	darwin01	kernel-1.tar.gz sha256 0c19349be454d7162f497b55a7735b443f5506694215e2f3f5f026b597a54a01	darwin01/kernel/bsd/libkern/strtol.c:201	strtoul	07_kernel/src/bsd/libkern/strtol.c	compared	high	06_reconstruction/evidence/x86-strtol.md	L1 MATCH (verbatim, --nextdev; -O3 = -O2 = variant)
x86-0x185a8c	x86	33469393c0843fc741942c3ae9d91d838467d72abd647dcf2e5bf499a3f14890	0x185a8c	_kdp_getstate	machdep	darwin01	kernel-1.tar.gz sha256 0c19349be454d7162f497b55a7735b443f5506694215e2f3f5f026b597a54a01	darwin01/kernel/machdep/i386/kdp_machdep.c:69 (edited file :71)	kdp_getstate	07_kernel/src/machdep/i386/kdp_machdep.c	compared	high	06_reconstruction/evidence/x86-kdp_machdep.md	L1 MATCH (-O3 = variant; -O2 differs)
x86-0x185b1c	x86	33469393c0843fc741942c3ae9d91d838467d72abd647dcf2e5bf499a3f14890	0x185b1c	_kdp_setstate	machdep	darwin01	kernel-1.tar.gz sha256 0c19349be454d7162f497b55a7735b443f5506694215e2f3f5f026b597a54a01	darwin01/kernel/machdep/i386/kdp_machdep.c:98 (edited file :100)	kdp_setstate	07_kernel/src/machdep/i386/kdp_machdep.c	compared	high	06_reconstruction/evidence/x86-kdp_machdep.md	L1 MATCH (-O3 = variant; -O2 differs)
x86-0x185b70	x86	33469393c0843fc741942c3ae9d91d838467d72abd647dcf2e5bf499a3f14890	0x185b70	_kdp_exception	machdep	darwin01	kernel-1.tar.gz sha256 0c19349be454d7162f497b55a7735b443f5506694215e2f3f5f026b597a54a01	darwin01/kernel/machdep/i386/kdp_machdep.c:125 (edited file :127)	kdp_exception	07_kernel/src/machdep/i386/kdp_machdep.c	compared	high	06_reconstruction/evidence/x86-kdp_machdep.md	L1 MATCH (-O3 = variant; -O2 differs)
x86-0x185be8	x86	33469393c0843fc741942c3ae9d91d838467d72abd647dcf2e5bf499a3f14890	0x185be8	_kdp_exception_ack	machdep	darwin01	kernel-1.tar.gz sha256 0c19349be454d7162f497b55a7735b443f5506694215e2f3f5f026b597a54a01	darwin01/kernel/machdep/i386/kdp_machdep.c:157 (edited file :159)	kdp_exception_ack	07_kernel/src/machdep/i386/kdp_machdep.c	compared	high	06_reconstruction/evidence/x86-kdp_machdep.md	L1 MATCH (-O3 = variant; -O2 differs)
x86-0x185c1c	x86	33469393c0843fc741942c3ae9d91d838467d72abd647dcf2e5bf499a3f14890	0x185c1c	_kdp_machine_read_regs	machdep	darwin01	kernel-1.tar.gz sha256 0c19349be454d7162f497b55a7735b443f5506694215e2f3f5f026b597a54a01	darwin01/kernel/machdep/i386/kdp_machdep.c:179 (edited file :181)	kdp_machine_read_regs	07_kernel/src/machdep/i386/kdp_machdep.c	compared	high	06_reconstruction/evidence/x86-kdp_machdep.md	L1 MATCH (-O3 = variant; -O2 differs)
x86-0x185cf0	x86	33469393c0843fc741942c3ae9d91d838467d72abd647dcf2e5bf499a3f14890	0x185cf0	_kdp_machine_write_regs	machdep	darwin01	kernel-1.tar.gz sha256 0c19349be454d7162f497b55a7735b443f5506694215e2f3f5f026b597a54a01	darwin01/kernel/machdep/i386/kdp_machdep.c:208 (edited file :210)	kdp_machine_write_regs	07_kernel/src/machdep/i386/kdp_machdep.c	compared	high	06_reconstruction/evidence/x86-kdp_machdep.md	L1 MATCH (-O3 = variant; -O2 differs)
x86-0x185d60	x86	33469393c0843fc741942c3ae9d91d838467d72abd647dcf2e5bf499a3f14890	0x185d60	_kdp_machine_hostinfo	machdep	darwin01	kernel-1.tar.gz sha256 0c19349be454d7162f497b55a7735b443f5506694215e2f3f5f026b597a54a01	darwin01/kernel/machdep/i386/kdp_machdep.c:233 (edited file :235)	kdp_machine_hostinfo	07_kernel/src/machdep/i386/kdp_machdep.c	compared	high	06_reconstruction/evidence/x86-kdp_machdep.md	L1 MATCH (-O3 = variant; -O2 differs)
x86-0x185d80	x86	33469393c0843fc741942c3ae9d91d838467d72abd647dcf2e5bf499a3f14890	0x185d80	_kdp_panic	machdep	darwin01	kernel-1.tar.gz sha256 0c19349be454d7162f497b55a7735b443f5506694215e2f3f5f026b597a54a01	darwin01/kernel/machdep/i386/kdp_machdep.c:243 (edited file :245)	kdp_panic	07_kernel/src/machdep/i386/kdp_machdep.c	compared	high	06_reconstruction/evidence/x86-kdp_machdep.md	L1 MATCH (-O3 = variant; -O2 differs)
x86-0x185d98	x86	33469393c0843fc741942c3ae9d91d838467d72abd647dcf2e5bf499a3f14890	0x185d98	_kdp_reboot	machdep	darwin01	kernel-1.tar.gz sha256 0c19349be454d7162f497b55a7735b443f5506694215e2f3f5f026b597a54a01	darwin01/kernel/machdep/i386/kdp_machdep.c:254 (edited file :256)	kdp_reboot	07_kernel/src/machdep/i386/kdp_machdep.c	compared	high	06_reconstruction/evidence/x86-kdp_machdep.md	L1 MATCH (-O3 = variant; -O2 differs)
x86-0x185da4	x86	33469393c0843fc741942c3ae9d91d838467d72abd647dcf2e5bf499a3f14890	0x185da4	_kdp_intr_disbl	machdep	darwin01	kernel-1.tar.gz sha256 0c19349be454d7162f497b55a7735b443f5506694215e2f3f5f026b597a54a01	darwin01/kernel/machdep/i386/kdp_machdep.c:260 (edited file :262)	kdp_intr_disbl	07_kernel/src/machdep/i386/kdp_machdep.c	compared	high	06_reconstruction/evidence/x86-kdp_machdep.md	L1 MATCH (-O3 = variant; -O2 differs)
x86-0x185db0	x86	33469393c0843fc741942c3ae9d91d838467d72abd647dcf2e5bf499a3f14890	0x185db0	_kdp_intr_enbl	machdep	darwin01	kernel-1.tar.gz sha256 0c19349be454d7162f497b55a7735b443f5506694215e2f3f5f026b597a54a01	darwin01/kernel/machdep/i386/kdp_machdep.c:266 (edited file :268)	kdp_intr_enbl	07_kernel/src/machdep/i386/kdp_machdep.c	compared	high	06_reconstruction/evidence/x86-kdp_machdep.md	L1 MATCH (-O3 = variant; -O2 differs)
x86-0x185dc0	x86	33469393c0843fc741942c3ae9d91d838467d72abd647dcf2e5bf499a3f14890	0x185dc0	_kdp_en_send_pkt	machdep	darwin01+authored	kernel-1.tar.gz sha256 0c19349be454d7162f497b55a7735b443f5506694215e2f3f5f026b597a54a01 + authored lines	07_kernel/src/machdep/i386/kdp_machdep.c:275 (authored, D016; no reference source)	kdp_en_send_pkt	07_kernel/src/machdep/i386/kdp_machdep.c	compared	high	06_reconstruction/evidence/x86-kdp_machdep.md	L1 MATCH (authored wrapper; evidence 0x185dc0)
x86-0x185dd4	x86	33469393c0843fc741942c3ae9d91d838467d72abd647dcf2e5bf499a3f14890	0x185dd4	_kdp_en_recv_pkt	machdep	darwin01+authored	kernel-1.tar.gz sha256 0c19349be454d7162f497b55a7735b443f5506694215e2f3f5f026b597a54a01 + authored lines	07_kernel/src/machdep/i386/kdp_machdep.c:282 (authored, D016; no reference source)	kdp_en_recv_pkt	07_kernel/src/machdep/i386/kdp_machdep.c	compared	high	06_reconstruction/evidence/x86-kdp_machdep.md	L1 MATCH (authored wrapper; evidence 0x185dd4)
x86-0x185dec	x86	33469393c0843fc741942c3ae9d91d838467d72abd647dcf2e5bf499a3f14890	0x185dec	_kdp_us_spin	machdep	darwin01	kernel-1.tar.gz sha256 0c19349be454d7162f497b55a7735b443f5506694215e2f3f5f026b597a54a01	darwin01/kernel/machdep/i386/kdp_machdep.c:272 (edited file :288)	kdp_us_spin	07_kernel/src/machdep/i386/kdp_machdep.c	compared	high	06_reconstruction/evidence/x86-kdp_machdep.md	L1 MATCH (-O3 = variant; -O2 differs)
x86-0x185dfc	x86	33469393c0843fc741942c3ae9d91d838467d72abd647dcf2e5bf499a3f14890	0x185dfc	_kdp_flush_cache	machdep	darwin01	kernel-1.tar.gz sha256 0c19349be454d7162f497b55a7735b443f5506694215e2f3f5f026b597a54a01	darwin01/kernel/machdep/i386/kdp_machdep.c:278 (edited file :294)	kdp_flush_cache	07_kernel/src/machdep/i386/kdp_machdep.c	compared	high	06_reconstruction/evidence/x86-kdp_machdep.md	L1 MATCH (-O3 = variant; -O2 differs)
x86-0x18494c	x86	33469393c0843fc741942c3ae9d91d838467d72abd647dcf2e5bf499a3f14890	0x18494c	_IOInitDDM	driverkit	darwin01	kernel-1.tar.gz sha256 0c19349be454d7162f497b55a7735b443f5506694215e2f3f5f026b597a54a01	darwin01/kernel/driverkit/ddm.c:100	IOInitDDM	07_kernel/src/driverkit/ddm.c	compared	medium	06_reconstruction/evidence/x86-ddm.md	L1 MATCH_UNVERIFIED: only __DATA,__bss reference-inferred (09_validation/reconstruction/s5p55-zerofill-check-ddm-20261002.json)
x86-0x1849a0	x86	33469393c0843fc741942c3ae9d91d838467d72abd647dcf2e5bf499a3f14890	0x1849a0	_IOAddDDMEntry	driverkit	darwin01	kernel-1.tar.gz sha256 0c19349be454d7162f497b55a7735b443f5506694215e2f3f5f026b597a54a01	darwin01/kernel/driverkit/ddm.c:141	IOAddDDMEntry	07_kernel/src/driverkit/ddm.c	compared	medium	06_reconstruction/evidence/x86-ddm.md	L1 MATCH_UNVERIFIED: only __DATA,__bss reference-inferred (09_validation/reconstruction/s5p55-zerofill-check-ddm-20261002.json)
x86-0x184a58	x86	33469393c0843fc741942c3ae9d91d838467d72abd647dcf2e5bf499a3f14890	0x184a58	_IOClearDDM	driverkit	darwin01	kernel-1.tar.gz sha256 0c19349be454d7162f497b55a7735b443f5506694215e2f3f5f026b597a54a01	darwin01/kernel/driverkit/ddm.c:195	IOClearDDM	07_kernel/src/driverkit/ddm.c	compared	medium	06_reconstruction/evidence/x86-ddm.md	L1 MATCH_UNVERIFIED: only __DATA,__bss reference-inferred (09_validation/reconstruction/s5p55-zerofill-check-ddm-20261002.json)
x86-0x184a74	x86	33469393c0843fc741942c3ae9d91d838467d72abd647dcf2e5bf499a3f14890	0x184a74	_IOSetDDMMask	driverkit	darwin01	kernel-1.tar.gz sha256 0c19349be454d7162f497b55a7735b443f5506694215e2f3f5f026b597a54a01	darwin01/kernel/driverkit/ddm.c:205	IOSetDDMMask	07_kernel/src/driverkit/ddm.c	compared	high	06_reconstruction/evidence/x86-ddm.md	L1 MATCH (object grade P; -O3 = variant; -O2 differs; UXPR 1, XPR_DEBUG 0)
x86-0x184aa0	x86	33469393c0843fc741942c3ae9d91d838467d72abd647dcf2e5bf499a3f14890	0x184aa0	_IOGetDDMMask	driverkit	darwin01	kernel-1.tar.gz sha256 0c19349be454d7162f497b55a7735b443f5506694215e2f3f5f026b597a54a01	darwin01/kernel/driverkit/ddm.c:214	IOGetDDMMask	07_kernel/src/driverkit/ddm.c	compared	high	06_reconstruction/evidence/x86-ddm.md	L1 MATCH (object grade P; -O3 = variant; -O2 differs; UXPR 1, XPR_DEBUG 0)
x86-0x184ac8	x86	33469393c0843fc741942c3ae9d91d838467d72abd647dcf2e5bf499a3f14890	0x184ac8	_IOGetDDMEntry	driverkit	darwin01	kernel-1.tar.gz sha256 0c19349be454d7162f497b55a7735b443f5506694215e2f3f5f026b597a54a01	darwin01/kernel/driverkit/ddm.c:228	IOGetDDMEntry	07_kernel/src/driverkit/ddm.c	compared	high	06_reconstruction/evidence/x86-ddm.md	L1 MATCH (object grade P; -O3 = variant; -O2 differs; UXPR 1, XPR_DEBUG 0)
x86-0x184b84	x86	33469393c0843fc741942c3ae9d91d838467d72abd647dcf2e5bf499a3f14890	0x184b84	_IOCopyString	driverkit	darwin01	kernel-1.tar.gz sha256 0c19349be454d7162f497b55a7735b443f5506694215e2f3f5f026b597a54a01	darwin01/kernel/driverkit/ddm.c:266	IOCopyString	07_kernel/src/driverkit/ddm.c	compared	high	06_reconstruction/evidence/x86-ddm.md	L1 MATCH (object grade P; -O3 = variant; -O2 differs; UXPR 1, XPR_DEBUG 0)
x86-0x15a67c	x86	33469393c0843fc741942c3ae9d91d838467d72abd647dcf2e5bf499a3f14890	0x15a67c	_kalloc_init	kern	darwin01	kernel-1.tar.gz sha256 0c19349be454d7162f497b55a7735b443f5506694215e2f3f5f026b597a54a01 (file has authored lines elsewhere)	darwin01/kernel/kern/kalloc.c:109 (edited file :111)	kalloc_init	07_kernel/src/kern/kalloc.c	compared	medium	06_reconstruction/evidence/x86-kalloc.md	L1 MATCH_UNVERIFIED: only __DATA,__bss reference-inferred-single (D019, one reference; 09_validation/reconstruction/s5p58-zerofill-check-kalloc-20261002.json)
x86-0x15a6ec	x86	33469393c0843fc741942c3ae9d91d838467d72abd647dcf2e5bf499a3f14890	0x15a6ec	_kalloc_noblock	kern	darwin01	kernel-1.tar.gz sha256 0c19349be454d7162f497b55a7735b443f5506694215e2f3f5f026b597a54a01 (file has authored lines elsewhere)	darwin01/kernel/kern/kalloc.c:130 (edited file :132)	kalloc_noblock	07_kernel/src/kern/kalloc.c	compared	high	06_reconstruction/evidence/x86-kalloc.md	L1 MATCH (O3c; the -fno-common -O3 object is byte-equal outside relocations, plan 36.1 correspondence), object grade P (09_validation/reconstruction/s5p58-build-l1-kalloc-O3c-20261002.json)
x86-0x15a75c	x86	33469393c0843fc741942c3ae9d91d838467d72abd647dcf2e5bf499a3f14890	0x15a75c	_kalloc	kern	darwin01	kernel-1.tar.gz sha256 0c19349be454d7162f497b55a7735b443f5506694215e2f3f5f026b597a54a01 (file has authored lines elsewhere)	darwin01/kernel/kern/kalloc.c:169 (edited file :171)	kalloc	07_kernel/src/kern/kalloc.c	compared	high	06_reconstruction/evidence/x86-kalloc.md	L1 MATCH (O3c; the -fno-common -O3 object is byte-equal outside relocations, plan 36.1 correspondence), object grade P (09_validation/reconstruction/s5p58-build-l1-kalloc-O3c-20261002.json)
x86-0x15a7cc	x86	33469393c0843fc741942c3ae9d91d838467d72abd647dcf2e5bf499a3f14890	0x15a7cc	_kget	kern	darwin01	kernel-1.tar.gz sha256 0c19349be454d7162f497b55a7735b443f5506694215e2f3f5f026b597a54a01 (file has authored lines elsewhere)	darwin01/kernel/kern/kalloc.c:206 (edited file :208)	kget	07_kernel/src/kern/kalloc.c	compared	high	06_reconstruction/evidence/x86-kalloc.md	L1 MATCH (O3c; the -fno-common -O3 object is byte-equal outside relocations, plan 36.1 correspondence), object grade P (09_validation/reconstruction/s5p58-build-l1-kalloc-O3c-20261002.json)
x86-0x15a824	x86	33469393c0843fc741942c3ae9d91d838467d72abd647dcf2e5bf499a3f14890	0x15a824	_kfree	kern	darwin01	kernel-1.tar.gz sha256 0c19349be454d7162f497b55a7735b443f5506694215e2f3f5f026b597a54a01 (file has authored lines elsewhere)	darwin01/kernel/kern/kalloc.c:237 (edited file :239)	kfree	07_kernel/src/kern/kalloc.c	compared	high	06_reconstruction/evidence/x86-kalloc.md	L1 MATCH (O3c; the -fno-common -O3 object is byte-equal outside relocations, plan 36.1 correspondence), object grade P (09_validation/reconstruction/s5p58-build-l1-kalloc-O3c-20261002.json)
x86-0x15a880	x86	33469393c0843fc741942c3ae9d91d838467d72abd647dcf2e5bf499a3f14890	0x15a880	_malloc	kern	nextmach	https://github.com/johnsonjh/NeXTMach.git f6bdb9c3268f0eadc545d41bcc0564453b17001e (restoration edit into the Darwin file, D013/D014)	nextmach/mk-108.1/kern/kalloc.c:338 (edited file :282)	malloc	07_kernel/src/kern/kalloc.c	compared	high	06_reconstruction/evidence/x86-kalloc.md	L1 MATCH (O3c; the -fno-common -O3 object is byte-equal outside relocations, plan 36.1 correspondence), object grade P (09_validation/reconstruction/s5p58-build-l1-kalloc-O3c-20261002.json)
x86-0x15a910	x86	33469393c0843fc741942c3ae9d91d838467d72abd647dcf2e5bf499a3f14890	0x15a910	_calloc	kern	nextmach	https://github.com/johnsonjh/NeXTMach.git f6bdb9c3268f0eadc545d41bcc0564453b17001e (restoration edit into the Darwin file, D013/D014)	nextmach/mk-108.1/kern/kalloc.c:351 (edited file :295)	calloc	07_kernel/src/kern/kalloc.c	compared	high	06_reconstruction/evidence/x86-kalloc.md	L1 MATCH (O3c; the -fno-common -O3 object is byte-equal outside relocations, plan 36.1 correspondence), object grade P (09_validation/reconstruction/s5p58-build-l1-kalloc-O3c-20261002.json)
x86-0x15a9a8	x86	33469393c0843fc741942c3ae9d91d838467d72abd647dcf2e5bf499a3f14890	0x15a9a8	_realloc	kern	nextmach+authored	https://github.com/johnsonjh/NeXTMach.git f6bdb9c3268f0eadc545d41bcc0564453b17001e + authored lines (D016, 07_kernel/MODIFICATIONS.md)	nextmach/mk-108.1/kern/kalloc.c:356 (edited file :300)	realloc	07_kernel/src/kern/kalloc.c	compared	high	06_reconstruction/evidence/x86-kalloc.md	L1 MATCH (O3c; the -fno-common -O3 object is byte-equal outside relocations, plan 36.1 correspondence), object grade P (09_validation/reconstruction/s5p58-build-l1-kalloc-O3c-20261002.json); authored: NULL test -> malloc(size) (0x15a9b7) and copy length size or *sizep in two bcopy calls (0x15aab8-0x15aad1), variant 2 of 2 (plan 61)
x86-0x15ab30	x86	33469393c0843fc741942c3ae9d91d838467d72abd647dcf2e5bf499a3f14890	0x15ab30	_free	kern	nextmach+authored	https://github.com/johnsonjh/NeXTMach.git f6bdb9c3268f0eadc545d41bcc0564453b17001e + authored lines (D016, 07_kernel/MODIFICATIONS.md)	nextmach/mk-108.1/kern/kalloc.c:370 (edited file :321)	free	07_kernel/src/kern/kalloc.c	compared	high	06_reconstruction/evidence/x86-kalloc.md	L1 MATCH (O3c; the -fno-common -O3 object is byte-equal outside relocations, plan 36.1 correspondence), object grade P (09_validation/reconstruction/s5p58-build-l1-kalloc-O3c-20261002.json); authored: NULL test before computing sizep (0x15ab38-0x15ab3c), variant 2 of 2 (plan 61)
x86-0x15ab94	x86	33469393c0843fc741942c3ae9d91d838467d72abd647dcf2e5bf499a3f14890	0x15ab94	_malloc_good_size	kern	nextmach	https://github.com/johnsonjh/NeXTMach.git f6bdb9c3268f0eadc545d41bcc0564453b17001e (restoration edit into the Darwin file, D013/D014)	nextmach/mk-108.1/kern/kalloc.c:376 (edited file :334)	malloc_good_size	07_kernel/src/kern/kalloc.c	compared	high	06_reconstruction/evidence/x86-kalloc.md	L1 MATCH (O3c; the -fno-common -O3 object is byte-equal outside relocations, plan 36.1 correspondence), object grade P (09_validation/reconstruction/s5p58-build-l1-kalloc-O3c-20261002.json)
x86-0x1789d0	x86	33469393c0843fc741942c3ae9d91d838467d72abd647dcf2e5bf499a3f14890	0x1789d0	_vm_object_init	vm	darwin01	kernel-1.tar.gz sha256 0c19349be454d7162f497b55a7735b443f5506694215e2f3f5f026b597a54a01 + restoration edit (07_kernel/MODIFICATIONS.md)	darwin01/kernel/vm/vm_object.c:160 (edited file :163)	vm_object_init	07_kernel/src/vm/vm_object.c	compared	high	06_reconstruction/evidence/x86-vm_object.md	L1 MATCH, object OBJECT_MATCH (O3c; -O3 by plan 36.1 correspondence) (09_validation/reconstruction/s5p64-build-l1-vm_object-O3c-20261002.json); -O2 differs; uses VM_OBJECT_HASH_COUNT 128 (authored value, from the original: table 1024 B, and 0x7f) and the NeXTMach vm_object_hash form
x86-0x178b80	x86	33469393c0843fc741942c3ae9d91d838467d72abd647dcf2e5bf499a3f14890	0x178b80	_vm_object_allocate	vm	darwin01	kernel-1.tar.gz sha256 0c19349be454d7162f497b55a7735b443f5506694215e2f3f5f026b597a54a01 + restoration edit (07_kernel/MODIFICATIONS.md)	darwin01/kernel/vm/vm_object.c:239 (edited file :242)	vm_object_allocate	07_kernel/src/vm/vm_object.c	compared	high	06_reconstruction/evidence/x86-vm_object.md	L1 MATCH, object OBJECT_MATCH (O3c; -O3 by plan 36.1 correspondence) (09_validation/reconstruction/s5p64-build-l1-vm_object-O3c-20261002.json); -O2 differs
x86-0x178ba8	x86	33469393c0843fc741942c3ae9d91d838467d72abd647dcf2e5bf499a3f14890	0x178ba8	__vm_object_allocate	vm	darwin01	kernel-1.tar.gz sha256 0c19349be454d7162f497b55a7735b443f5506694215e2f3f5f026b597a54a01 + restoration edit (07_kernel/MODIFICATIONS.md)	darwin01/kernel/vm/vm_object.c:251 (edited file :254)	_vm_object_allocate	07_kernel/src/vm/vm_object.c	compared	high	06_reconstruction/evidence/x86-vm_object.md	L1 MATCH, object OBJECT_MATCH (O3c; -O3 by plan 36.1 correspondence) (09_validation/reconstruction/s5p64-build-l1-vm_object-O3c-20261002.json); -O2 differs
x86-0x178c30	x86	33469393c0843fc741942c3ae9d91d838467d72abd647dcf2e5bf499a3f14890	0x178c30	_vm_object_reference	vm	darwin01	kernel-1.tar.gz sha256 0c19349be454d7162f497b55a7735b443f5506694215e2f3f5f026b597a54a01 + restoration edit (07_kernel/MODIFICATIONS.md)	darwin01/kernel/vm/vm_object.c:270 (edited file :273)	vm_object_reference	07_kernel/src/vm/vm_object.c	compared	high	06_reconstruction/evidence/x86-vm_object.md	L1 MATCH, object OBJECT_MATCH (O3c; -O3 by plan 36.1 correspondence) (09_validation/reconstruction/s5p64-build-l1-vm_object-O3c-20261002.json); -O2 differs
x86-0x178c64	x86	33469393c0843fc741942c3ae9d91d838467d72abd647dcf2e5bf499a3f14890	0x178c64	_vm_object_deallocate	vm	darwin01	kernel-1.tar.gz sha256 0c19349be454d7162f497b55a7735b443f5506694215e2f3f5f026b597a54a01 + restoration edit (07_kernel/MODIFICATIONS.md)	darwin01/kernel/vm/vm_object.c:292 (edited file :295)	vm_object_deallocate	07_kernel/src/vm/vm_object.c	compared	high	06_reconstruction/evidence/x86-vm_object.md	L1 MATCH, object OBJECT_MATCH (O3c; -O3 by plan 36.1 correspondence) (09_validation/reconstruction/s5p64-build-l1-vm_object-O3c-20261002.json); -O2 differs
x86-0x178d60	x86	33469393c0843fc741942c3ae9d91d838467d72abd647dcf2e5bf499a3f14890	0x178d60	_vm_object_terminate	vm	darwin01	kernel-1.tar.gz sha256 0c19349be454d7162f497b55a7735b443f5506694215e2f3f5f026b597a54a01 + restoration edit (07_kernel/MODIFICATIONS.md)	darwin01/kernel/vm/vm_object.c:382 (edited file :385)	vm_object_terminate	07_kernel/src/vm/vm_object.c	compared	high	06_reconstruction/evidence/x86-vm_object.md	L1 MATCH, object OBJECT_MATCH (O3c; -O3 by plan 36.1 correspondence) (09_validation/reconstruction/s5p64-build-l1-vm_object-O3c-20261002.json); -O2 differs
x86-0x178f7c	x86	33469393c0843fc741942c3ae9d91d838467d72abd647dcf2e5bf499a3f14890	0x178f7c	_vm_object_destroy	vm	darwin01	kernel-1.tar.gz sha256 0c19349be454d7162f497b55a7735b443f5506694215e2f3f5f026b597a54a01 + restoration edit (07_kernel/MODIFICATIONS.md)	darwin01/kernel/vm/vm_object.c:494 (edited file :497)	vm_object_destroy	07_kernel/src/vm/vm_object.c	compared	high	06_reconstruction/evidence/x86-vm_object.md	L1 MATCH, object OBJECT_MATCH (O3c; -O3 by plan 36.1 correspondence) (09_validation/reconstruction/s5p64-build-l1-vm_object-O3c-20261002.json); -O2 differs
x86-0x179084	x86	33469393c0843fc741942c3ae9d91d838467d72abd647dcf2e5bf499a3f14890	0x179084	_vm_object_deactivate_pages	vm	darwin01	kernel-1.tar.gz sha256 0c19349be454d7162f497b55a7735b443f5506694215e2f3f5f026b597a54a01 + restoration edit: body from NeXTMach https://github.com/johnsonjh/NeXTMach.git f6bdb9c3268f0eadc545d41bcc0564453b17001e mk-108.1/vm/vm_object.c:537-548 (D013/D014)	darwin01/kernel/vm/vm_object.c:543 (edited file :517)	vm_object_deactivate_pages	07_kernel/src/vm/vm_object.c	compared	high	06_reconstruction/evidence/x86-vm_object.md	L1 MATCH, object OBJECT_MATCH (O3c; -O3 by plan 36.1 correspondence) (09_validation/reconstruction/s5p64-build-l1-vm_object-O3c-20261002.json); -O2 differs
x86-0x1790dc	x86	33469393c0843fc741942c3ae9d91d838467d72abd647dcf2e5bf499a3f14890	0x1790dc	_vm_object_cache_trim	vm	darwin01	kernel-1.tar.gz sha256 0c19349be454d7162f497b55a7735b443f5506694215e2f3f5f026b597a54a01 + restoration edit (07_kernel/MODIFICATIONS.md)	darwin01/kernel/vm/vm_object.c:566 (edited file :537)	vm_object_cache_trim	07_kernel/src/vm/vm_object.c	compared	high	06_reconstruction/evidence/x86-vm_object.md	L1 MATCH, object OBJECT_MATCH (O3c; -O3 by plan 36.1 correspondence) (09_validation/reconstruction/s5p64-build-l1-vm_object-O3c-20261002.json); -O2 differs; panic string from NeXTMach vm_object.c:564
x86-0x179170	x86	33469393c0843fc741942c3ae9d91d838467d72abd647dcf2e5bf499a3f14890	0x179170	_vm_object_cache_object	vm	darwin01	kernel-1.tar.gz sha256 0c19349be454d7162f497b55a7735b443f5506694215e2f3f5f026b597a54a01 + restoration edit (07_kernel/MODIFICATIONS.md)	darwin01/kernel/vm/vm_object.c:595 (edited file :555)	vm_object_cache_object	07_kernel/src/vm/vm_object.c	compared	high	06_reconstruction/evidence/x86-vm_object.md	L1 MATCH, object OBJECT_MATCH (O3c; -O3 by plan 36.1 correspondence) (09_validation/reconstruction/s5p64-build-l1-vm_object-O3c-20261002.json); -O2 differs
x86-0x1792dc	x86	33469393c0843fc741942c3ae9d91d838467d72abd647dcf2e5bf499a3f14890	0x1792dc	_vm_object_shutdown	vm	darwin01	kernel-1.tar.gz sha256 0c19349be454d7162f497b55a7735b443f5506694215e2f3f5f026b597a54a01 + restoration edit (07_kernel/MODIFICATIONS.md)	darwin01/kernel/vm/vm_object.c:626 (edited file :586)	vm_object_shutdown	07_kernel/src/vm/vm_object.c	compared	high	06_reconstruction/evidence/x86-vm_object.md	L1 MATCH, object OBJECT_MATCH (O3c; -O3 by plan 36.1 correspondence) (09_validation/reconstruction/s5p64-build-l1-vm_object-O3c-20261002.json); -O2 differs
x86-0x1792e8	x86	33469393c0843fc741942c3ae9d91d838467d72abd647dcf2e5bf499a3f14890	0x1792e8	_vm_object_pmap_copy	vm	darwin01	kernel-1.tar.gz sha256 0c19349be454d7162f497b55a7735b443f5506694215e2f3f5f026b597a54a01 + restoration edit (07_kernel/MODIFICATIONS.md)	darwin01/kernel/vm/vm_object.c:645 (edited file :605)	vm_object_pmap_copy	07_kernel/src/vm/vm_object.c	compared	high	06_reconstruction/evidence/x86-vm_object.md	L1 MATCH, object OBJECT_MATCH (O3c; -O3 by plan 36.1 correspondence) (09_validation/reconstruction/s5p64-build-l1-vm_object-O3c-20261002.json); -O2 differs
x86-0x179350	x86	33469393c0843fc741942c3ae9d91d838467d72abd647dcf2e5bf499a3f14890	0x179350	_vm_object_pmap_remove	vm	darwin01	kernel-1.tar.gz sha256 0c19349be454d7162f497b55a7735b443f5506694215e2f3f5f026b597a54a01 + restoration edit (07_kernel/MODIFICATIONS.md)	darwin01/kernel/vm/vm_object.c:677 (edited file :637)	vm_object_pmap_remove	07_kernel/src/vm/vm_object.c	compared	high	06_reconstruction/evidence/x86-vm_object.md	L1 MATCH, object OBJECT_MATCH (O3c; -O3 by plan 36.1 correspondence) (09_validation/reconstruction/s5p64-build-l1-vm_object-O3c-20261002.json); -O2 differs
x86-0x1793b0	x86	33469393c0843fc741942c3ae9d91d838467d72abd647dcf2e5bf499a3f14890	0x1793b0	_vm_object_copy	vm	darwin01	kernel-1.tar.gz sha256 0c19349be454d7162f497b55a7735b443f5506694215e2f3f5f026b597a54a01 + restoration edit (07_kernel/MODIFICATIONS.md)	darwin01/kernel/vm/vm_object.c:709 (edited file :669)	vm_object_copy	07_kernel/src/vm/vm_object.c	compared	high	06_reconstruction/evidence/x86-vm_object.md	L1 MATCH, object OBJECT_MATCH (O3c; -O3 by plan 36.1 correspondence) (09_validation/reconstruction/s5p64-build-l1-vm_object-O3c-20261002.json); -O2 differs
x86-0x1795a0	x86	33469393c0843fc741942c3ae9d91d838467d72abd647dcf2e5bf499a3f14890	0x1795a0	_vm_object_shadow	vm	darwin01	kernel-1.tar.gz sha256 0c19349be454d7162f497b55a7735b443f5506694215e2f3f5f026b597a54a01 + restoration edit (07_kernel/MODIFICATIONS.md)	darwin01/kernel/vm/vm_object.c:910 (edited file :870)	vm_object_shadow	07_kernel/src/vm/vm_object.c	compared	high	06_reconstruction/evidence/x86-vm_object.md	L1 MATCH, object OBJECT_MATCH (O3c; -O3 by plan 36.1 correspondence) (09_validation/reconstruction/s5p64-build-l1-vm_object-O3c-20261002.json); -O2 differs
x86-0x1795f8	x86	33469393c0843fc741942c3ae9d91d838467d72abd647dcf2e5bf499a3f14890	0x1795f8	_vm_object_setpager	vm	darwin01	kernel-1.tar.gz sha256 0c19349be454d7162f497b55a7735b443f5506694215e2f3f5f026b597a54a01 + restoration edit (07_kernel/MODIFICATIONS.md)	darwin01/kernel/vm/vm_object.c:955 (edited file :915)	vm_object_setpager	07_kernel/src/vm/vm_object.c	compared	high	06_reconstruction/evidence/x86-vm_object.md	L1 MATCH, object OBJECT_MATCH (O3c; -O3 by plan 36.1 correspondence) (09_validation/reconstruction/s5p64-build-l1-vm_object-O3c-20261002.json); -O2 differs
x86-0x179630	x86	33469393c0843fc741942c3ae9d91d838467d72abd647dcf2e5bf499a3f14890	0x179630	_vm_object_lookup	vm	darwin01	kernel-1.tar.gz sha256 0c19349be454d7162f497b55a7735b443f5506694215e2f3f5f026b597a54a01 + restoration edit (07_kernel/MODIFICATIONS.md)	darwin01/kernel/vm/vm_object.c:985 (edited file :944)	vm_object_lookup	07_kernel/src/vm/vm_object.c	compared	high	06_reconstruction/evidence/x86-vm_object.md	L1 MATCH, object OBJECT_MATCH (O3c; -O3 by plan 36.1 correspondence) (09_validation/reconstruction/s5p64-build-l1-vm_object-O3c-20261002.json); -O2 differs; uses VM_OBJECT_HASH_COUNT 128 (authored value, from the original: table 1024 B, and 0x7f) and the NeXTMach vm_object_hash form
x86-0x1796ec	x86	33469393c0843fc741942c3ae9d91d838467d72abd647dcf2e5bf499a3f14890	0x1796ec	_vm_object_enter	vm	darwin01	kernel-1.tar.gz sha256 0c19349be454d7162f497b55a7735b443f5506694215e2f3f5f026b597a54a01 + restoration edit (07_kernel/MODIFICATIONS.md)	darwin01/kernel/vm/vm_object.c:1023 (edited file :982)	vm_object_enter	07_kernel/src/vm/vm_object.c	compared	high	06_reconstruction/evidence/x86-vm_object.md	L1 MATCH, object OBJECT_MATCH (O3c; -O3 by plan 36.1 correspondence) (09_validation/reconstruction/s5p64-build-l1-vm_object-O3c-20261002.json); -O2 differs; uses VM_OBJECT_HASH_COUNT 128 (authored value, from the original: table 1024 B, and 0x7f) and the NeXTMach vm_object_hash form
x86-0x179764	x86	33469393c0843fc741942c3ae9d91d838467d72abd647dcf2e5bf499a3f14890	0x179764	_vm_object_remove	vm	darwin01	kernel-1.tar.gz sha256 0c19349be454d7162f497b55a7735b443f5506694215e2f3f5f026b597a54a01 + restoration edit (07_kernel/MODIFICATIONS.md)	darwin01/kernel/vm/vm_object.c:1058 (edited file :1017)	vm_object_remove	07_kernel/src/vm/vm_object.c	compared	high	06_reconstruction/evidence/x86-vm_object.md	L1 MATCH, object OBJECT_MATCH (O3c; -O3 by plan 36.1 correspondence) (09_validation/reconstruction/s5p64-build-l1-vm_object-O3c-20261002.json); -O2 differs; uses VM_OBJECT_HASH_COUNT 128 (authored value, from the original: table 1024 B, and 0x7f) and the NeXTMach vm_object_hash form
x86-0x1797c8	x86	33469393c0843fc741942c3ae9d91d838467d72abd647dcf2e5bf499a3f14890	0x1797c8	_vm_object_cache_clear	vm	darwin01	kernel-1.tar.gz sha256 0c19349be454d7162f497b55a7735b443f5506694215e2f3f5f026b597a54a01 + restoration edit (07_kernel/MODIFICATIONS.md)	darwin01/kernel/vm/vm_object.c:1085 (edited file :1044)	vm_object_cache_clear	07_kernel/src/vm/vm_object.c	compared	high	06_reconstruction/evidence/x86-vm_object.md	L1 MATCH, object OBJECT_MATCH (O3c; -O3 by plan 36.1 correspondence) (09_validation/reconstruction/s5p64-build-l1-vm_object-O3c-20261002.json); -O2 differs
x86-0x179914	x86	33469393c0843fc741942c3ae9d91d838467d72abd647dcf2e5bf499a3f14890	0x179914	_vm_object_collapse	vm	darwin01	kernel-1.tar.gz sha256 0c19349be454d7162f497b55a7735b443f5506694215e2f3f5f026b597a54a01 + restoration edit (07_kernel/MODIFICATIONS.md)	darwin01/kernel/vm/vm_object.c:1152 (edited file :1084)	vm_object_collapse	07_kernel/src/vm/vm_object.c	compared	high	06_reconstruction/evidence/x86-vm_object.md	L1 MATCH, object OBJECT_MATCH (O3c; -O3 by plan 36.1 correspondence) (09_validation/reconstruction/s5p64-build-l1-vm_object-O3c-20261002.json); -O2 differs
x86-0x179bbc	x86	33469393c0843fc741942c3ae9d91d838467d72abd647dcf2e5bf499a3f14890	0x179bbc	_vm_object_page_remove	vm	darwin01	kernel-1.tar.gz sha256 0c19349be454d7162f497b55a7735b443f5506694215e2f3f5f026b597a54a01 + restoration edit (07_kernel/MODIFICATIONS.md)	darwin01/kernel/vm/vm_object.c:1410 (edited file :1342)	vm_object_page_remove	07_kernel/src/vm/vm_object.c	compared	high	06_reconstruction/evidence/x86-vm_object.md	L1 MATCH, object OBJECT_MATCH (O3c; -O3 by plan 36.1 correspondence) (09_validation/reconstruction/s5p64-build-l1-vm_object-O3c-20261002.json); -O2 differs
x86-0x179c28	x86	33469393c0843fc741942c3ae9d91d838467d72abd647dcf2e5bf499a3f14890	0x179c28	_vm_object_coalesce	vm	darwin01	kernel-1.tar.gz sha256 0c19349be454d7162f497b55a7735b443f5506694215e2f3f5f026b597a54a01 + restoration edit (07_kernel/MODIFICATIONS.md)	darwin01/kernel/vm/vm_object.c:1455 (edited file :1387)	vm_object_coalesce	07_kernel/src/vm/vm_object.c	compared	high	06_reconstruction/evidence/x86-vm_object.md	L1 MATCH, object OBJECT_MATCH (O3c; -O3 by plan 36.1 correspondence) (09_validation/reconstruction/s5p64-build-l1-vm_object-O3c-20261002.json); -O2 differs
x86-0x179d24	x86	33469393c0843fc741942c3ae9d91d838467d72abd647dcf2e5bf499a3f14890	0x179d24	_vm_object_request_object	vm	darwin01	kernel-1.tar.gz sha256 0c19349be454d7162f497b55a7735b443f5506694215e2f3f5f026b597a54a01 + restoration edit (07_kernel/MODIFICATIONS.md)	darwin01/kernel/vm/vm_object.c:1523 (edited file :1455)	vm_object_request_object	07_kernel/src/vm/vm_object.c	compared	high	06_reconstruction/evidence/x86-vm_object.md	L1 MATCH, object OBJECT_MATCH (O3c; -O3 by plan 36.1 correspondence) (09_validation/reconstruction/s5p64-build-l1-vm_object-O3c-20261002.json); -O2 differs
x86-0x179d38	x86	33469393c0843fc741942c3ae9d91d838467d72abd647dcf2e5bf499a3f14890	0x179d38	_vm_object_name	vm	darwin01+authored	kernel-1.tar.gz sha256 0c19349be454d7162f497b55a7735b443f5506694215e2f3f5f026b597a54a01 + authored lines (D016, 07_kernel/MODIFICATIONS.md)	darwin01/kernel/vm/vm_object.c:1539 (edited file :1471)	vm_object_name	07_kernel/src/vm/vm_object.c	compared	high	06_reconstruction/evidence/x86-vm_object.md	L1 MATCH, object OBJECT_MATCH (O3c; -O3 by plan 36.1 correspondence) (09_validation/reconstruction/s5p64-build-l1-vm_object-O3c-20261002.json); -O2 differs; authored: body return (PORT_NULL); (original 0x179d38 xor eax,eax), variant 1 (plan 89)
x86-0x17a338	x86	33469393c0843fc741942c3ae9d91d838467d72abd647dcf2e5bf499a3f14890	0x17a338	_vm_policy_apply	vm	darwin01	kernel-1.tar.gz sha256 0c19349be454d7162f497b55a7735b443f5506694215e2f3f5f026b597a54a01	darwin01/kernel/vm/vm_policy.c:96	vm_policy_apply	07_kernel/src/vm/vm_policy.c	compared	high	06_reconstruction/evidence/x86-vm_policy.md	L1 MATCH, object OBJECT_MATCH (-O3 = common variant, no common/data; 09_validation/reconstruction/s5p66-build-l1-vm_policy-O3-20261002.json); -O2 differs
x86-0x17a4f0	x86	33469393c0843fc741942c3ae9d91d838467d72abd647dcf2e5bf499a3f14890	0x17a4f0	(static deactivate_object; Ghidra FUN_0017a4f0)	vm	darwin01	kernel-1.tar.gz sha256 0c19349be454d7162f497b55a7735b443f5506694215e2f3f5f026b597a54a01	darwin01/kernel/vm/vm_policy.c:163	deactivate_object	07_kernel/src/vm/vm_policy.c	compared	high	06_reconstruction/evidence/x86-vm_policy.md	L1 MATCH, object OBJECT_MATCH (-O3 = common variant, no common/data; 09_validation/reconstruction/s5p66-build-l1-vm_policy-O3-20261002.json); -O2 differs
x86-0x17a594	x86	33469393c0843fc741942c3ae9d91d838467d72abd647dcf2e5bf499a3f14890	0x17a594	(static deactivate_range; Ghidra FUN_0017a594)	vm	darwin01	kernel-1.tar.gz sha256 0c19349be454d7162f497b55a7735b443f5506694215e2f3f5f026b597a54a01	darwin01/kernel/vm/vm_policy.c:209	deactivate_range	07_kernel/src/vm/vm_policy.c	compared	high	06_reconstruction/evidence/x86-vm_policy.md	L1 MATCH, object OBJECT_MATCH (-O3 = common variant, no common/data; 09_validation/reconstruction/s5p66-build-l1-vm_policy-O3-20261002.json); -O2 differs
x86-0x17a6f4	x86	33469393c0843fc741942c3ae9d91d838467d72abd647dcf2e5bf499a3f14890	0x17a6f4	(static set_policy; Ghidra FUN_0017a6f4)	vm	darwin01	kernel-1.tar.gz sha256 0c19349be454d7162f497b55a7735b443f5506694215e2f3f5f026b597a54a01	darwin01/kernel/vm/vm_policy.c:260	set_policy	07_kernel/src/vm/vm_policy.c	compared	high	06_reconstruction/evidence/x86-vm_policy.md	L1 MATCH, object OBJECT_MATCH (-O3 = common variant, no common/data; 09_validation/reconstruction/s5p66-build-l1-vm_policy-O3-20261002.json); -O2 differs
x86-0x17a770	x86	33469393c0843fc741942c3ae9d91d838467d72abd647dcf2e5bf499a3f14890	0x17a770	_vm_set_policy	vm	darwin01	kernel-1.tar.gz sha256 0c19349be454d7162f497b55a7735b443f5506694215e2f3f5f026b597a54a01	darwin01/kernel/vm/vm_policy.c:306	vm_set_policy	07_kernel/src/vm/vm_policy.c	compared	high	06_reconstruction/evidence/x86-vm_policy.md	L1 MATCH, object OBJECT_MATCH (-O3 = common variant, no common/data; 09_validation/reconstruction/s5p66-build-l1-vm_policy-O3-20261002.json); -O2 differs
x86-0x17a814	x86	33469393c0843fc741942c3ae9d91d838467d72abd647dcf2e5bf499a3f14890	0x17a814	_vm_fault_range	vm	darwin01	kernel-1.tar.gz sha256 0c19349be454d7162f497b55a7735b443f5506694215e2f3f5f026b597a54a01	darwin01/kernel/vm/vm_policy.c:327	vm_fault_range	07_kernel/src/vm/vm_policy.c	compared	high	06_reconstruction/evidence/x86-vm_policy.md	L1 MATCH, object OBJECT_MATCH (-O3 = common variant, no common/data; 09_validation/reconstruction/s5p66-build-l1-vm_policy-O3-20261002.json); -O2 differs
x86-0x17a820	x86	33469393c0843fc741942c3ae9d91d838467d72abd647dcf2e5bf499a3f14890	0x17a820	_vm_deactivate	vm	darwin01	kernel-1.tar.gz sha256 0c19349be454d7162f497b55a7735b443f5506694215e2f3f5f026b597a54a01	darwin01/kernel/vm/vm_policy.c:337	vm_deactivate	07_kernel/src/vm/vm_policy.c	compared	high	06_reconstruction/evidence/x86-vm_policy.md	L1 MATCH, object OBJECT_MATCH (-O3 = common variant, no common/data; 09_validation/reconstruction/s5p66-build-l1-vm_policy-O3-20261002.json); -O2 differs
x86-0x172038	x86	33469393c0843fc741942c3ae9d91d838467d72abd647dcf2e5bf499a3f14890	0x172038	_vm_fault	vm	darwin01	kernel-1.tar.gz sha256 0c19349be454d7162f497b55a7735b443f5506694215e2f3f5f026b597a54a01 (file has a restoration edit elsewhere)	darwin01/kernel/vm/vm_fault.c:83 (edited file :85)	vm_fault	07_kernel/src/vm/vm_fault.c	compared	high	06_reconstruction/evidence/x86-vm_fault.md	L1 MATCH, object OBJECT_MATCH (-O3 = common variant; __data inferred and verified by L1d; 09_validation/reconstruction/s5p68-build-l1-vm_fault-O3-20261002.json); -O2 differs
x86-0x17358c	x86	33469393c0843fc741942c3ae9d91d838467d72abd647dcf2e5bf499a3f14890	0x17358c	_vm_fault_wire	vm	darwin01	kernel-1.tar.gz sha256 0c19349be454d7162f497b55a7735b443f5506694215e2f3f5f026b597a54a01 (file has a restoration edit elsewhere)	darwin01/kernel/vm/vm_fault.c:1178 (edited file :1180)	vm_fault_wire	07_kernel/src/vm/vm_fault.c	compared	high	06_reconstruction/evidence/x86-vm_fault.md	L1 MATCH, object OBJECT_MATCH (-O3 = common variant; __data inferred and verified by L1d; 09_validation/reconstruction/s5p68-build-l1-vm_fault-O3-20261002.json); -O2 differs
x86-0x1735f4	x86	33469393c0843fc741942c3ae9d91d838467d72abd647dcf2e5bf499a3f14890	0x1735f4	_vm_fault_unwire	vm	darwin01	kernel-1.tar.gz sha256 0c19349be454d7162f497b55a7735b443f5506694215e2f3f5f026b597a54a01 + restoration edit (07_kernel/MODIFICATIONS.md)	darwin01/kernel/vm/vm_fault.c:1214 (edited file :1216)	vm_fault_unwire	07_kernel/src/vm/vm_fault.c	compared	high	06_reconstruction/evidence/x86-vm_fault.md	L1 MATCH, object OBJECT_MATCH (-O3 = common variant; __data inferred and verified by L1d; 09_validation/reconstruction/s5p68-build-l1-vm_fault-O3-20261002.json); -O2 differs; restoration edit: panic("unwire: page not in pmap") from NeXTMach vm_fault.c:1252 (original string 0x1e09c1)
x86-0x17369c	x86	33469393c0843fc741942c3ae9d91d838467d72abd647dcf2e5bf499a3f14890	0x17369c	_vm_fault_copy_entry	vm	darwin01	kernel-1.tar.gz sha256 0c19349be454d7162f497b55a7735b443f5506694215e2f3f5f026b597a54a01 (file has a restoration edit elsewhere)	darwin01/kernel/vm/vm_fault.c:1264 (edited file :1266)	vm_fault_copy_entry	07_kernel/src/vm/vm_fault.c	compared	high	06_reconstruction/evidence/x86-vm_fault.md	L1 MATCH, object OBJECT_MATCH (-O3 = common variant; __data inferred and verified by L1d; 09_validation/reconstruction/s5p68-build-l1-vm_fault-O3-20261002.json); -O2 differs
x86-0x173898	x86	33469393c0843fc741942c3ae9d91d838467d72abd647dcf2e5bf499a3f14890	0x173898	_vm_fault_wire_fast	vm	darwin01	kernel-1.tar.gz sha256 0c19349be454d7162f497b55a7735b443f5506694215e2f3f5f026b597a54a01 (file has a restoration edit elsewhere)	darwin01/kernel/vm/vm_fault.c:1378 (edited file :1380)	vm_fault_wire_fast	07_kernel/src/vm/vm_fault.c	compared	high	06_reconstruction/evidence/x86-vm_fault.md	L1 MATCH, object OBJECT_MATCH (-O3 = common variant; __data inferred and verified by L1d; 09_validation/reconstruction/s5p68-build-l1-vm_fault-O3-20261002.json); -O2 differs
x86-0x17a9b4	x86	33469393c0843fc741942c3ae9d91d838467d72abd647dcf2e5bf499a3f14890	0x17a9b4	_vm_set_page_size	vm	darwin01	kernel-1.tar.gz sha256 0c19349be454d7162f497b55a7735b443f5506694215e2f3f5f026b597a54a01 (file has restoration edits elsewhere)	darwin01/kernel/vm/vm_resident.c:172 (edited file :174)	vm_set_page_size	07_kernel/src/vm/vm_resident.c	compared	high	06_reconstruction/evidence/x86-vm_resident.md	L1 MATCH, object OBJECT_MATCH (O3c; -O3 by plan 36.1 correspondence) (09_validation/reconstruction/s5p71-build-l1-vm_resident-O3c-20261002.json); -O2 differs
x86-0x17aa08	x86	33469393c0843fc741942c3ae9d91d838467d72abd647dcf2e5bf499a3f14890	0x17aa08	_vm_page_startup	vm	darwin01+authored	kernel-1.tar.gz sha256 0c19349be454d7162f497b55a7735b443f5506694215e2f3f5f026b597a54a01 + restoration edit + authored lines (D014/D016, 07_kernel/MODIFICATIONS.md)	darwin01/kernel/vm/vm_resident.c:264 (edited file :265)	vm_page_startup	07_kernel/src/vm/vm_resident.c	compared	high	06_reconstruction/evidence/x86-vm_resident.md	L1 MATCH, object OBJECT_MATCH (O3c; -O3 by plan 36.1 correspondence) (09_validation/reconstruction/s5p71-build-l1-vm_resident-O3c-20261002.json); -O2 differs; restoration edit: round_page removed from PALLOC_PAGES (original 0x17abe9 has no rounding); authored: return(vavail); (original mov eax,[ebp+0x10]), variant 1
x86-0x17ae0c	x86	33469393c0843fc741942c3ae9d91d838467d72abd647dcf2e5bf499a3f14890	0x17ae0c	_vm_page_insert	vm	darwin01	kernel-1.tar.gz sha256 0c19349be454d7162f497b55a7735b443f5506694215e2f3f5f026b597a54a01 (file has restoration edits elsewhere)	darwin01/kernel/vm/vm_resident.c:447 (edited file :449)	vm_page_insert	07_kernel/src/vm/vm_resident.c	compared	high	06_reconstruction/evidence/x86-vm_resident.md	L1 MATCH, object OBJECT_MATCH (O3c; -O3 by plan 36.1 correspondence) (09_validation/reconstruction/s5p71-build-l1-vm_resident-O3c-20261002.json); -O2 differs
x86-0x17aeac	x86	33469393c0843fc741942c3ae9d91d838467d72abd647dcf2e5bf499a3f14890	0x17aeac	_vm_page_remove	vm	darwin01	kernel-1.tar.gz sha256 0c19349be454d7162f497b55a7735b443f5506694215e2f3f5f026b597a54a01 (file has restoration edits elsewhere)	darwin01/kernel/vm/vm_resident.c:504 (edited file :506)	vm_page_remove	07_kernel/src/vm/vm_resident.c	compared	high	06_reconstruction/evidence/x86-vm_resident.md	L1 MATCH, object OBJECT_MATCH (O3c; -O3 by plan 36.1 correspondence) (09_validation/reconstruction/s5p71-build-l1-vm_resident-O3c-20261002.json); -O2 differs
x86-0x17af58	x86	33469393c0843fc741942c3ae9d91d838467d72abd647dcf2e5bf499a3f14890	0x17af58	_vm_page_lookup	vm	darwin01	kernel-1.tar.gz sha256 0c19349be454d7162f497b55a7735b443f5506694215e2f3f5f026b597a54a01 (file has restoration edits elsewhere)	darwin01/kernel/vm/vm_resident.c:567 (edited file :569)	vm_page_lookup	07_kernel/src/vm/vm_resident.c	compared	high	06_reconstruction/evidence/x86-vm_resident.md	L1 MATCH, object OBJECT_MATCH (O3c; -O3 by plan 36.1 correspondence) (09_validation/reconstruction/s5p71-build-l1-vm_resident-O3c-20261002.json); -O2 differs
x86-0x17afd8	x86	33469393c0843fc741942c3ae9d91d838467d72abd647dcf2e5bf499a3f14890	0x17afd8	_vm_page_rename	vm	darwin01	kernel-1.tar.gz sha256 0c19349be454d7162f497b55a7735b443f5506694215e2f3f5f026b597a54a01 (file has restoration edits elsewhere)	darwin01/kernel/vm/vm_resident.c:603 (edited file :605)	vm_page_rename	07_kernel/src/vm/vm_resident.c	compared	high	06_reconstruction/evidence/x86-vm_resident.md	L1 MATCH, object OBJECT_MATCH (O3c; -O3 by plan 36.1 correspondence) (09_validation/reconstruction/s5p71-build-l1-vm_resident-O3c-20261002.json); -O2 differs
x86-0x17b134	x86	33469393c0843fc741942c3ae9d91d838467d72abd647dcf2e5bf499a3f14890	0x17b134	_vm_page_init	vm	darwin01	kernel-1.tar.gz sha256 0c19349be454d7162f497b55a7735b443f5506694215e2f3f5f026b597a54a01 (file has restoration edits elsewhere)	darwin01/kernel/vm/vm_resident.c:629 (edited file :631)	vm_page_init	07_kernel/src/vm/vm_resident.c	compared	high	06_reconstruction/evidence/x86-vm_resident.md	L1 MATCH, object OBJECT_MATCH (O3c; -O3 by plan 36.1 correspondence) (09_validation/reconstruction/s5p71-build-l1-vm_resident-O3c-20261002.json); -O2 differs
x86-0x17b200	x86	33469393c0843fc741942c3ae9d91d838467d72abd647dcf2e5bf499a3f14890	0x17b200	_vm_page_alloc_sequential	vm	darwin01	kernel-1.tar.gz sha256 0c19349be454d7162f497b55a7735b443f5506694215e2f3f5f026b597a54a01 (file has restoration edits elsewhere)	darwin01/kernel/vm/vm_resident.c:658 (edited file :660)	vm_page_alloc_sequential	07_kernel/src/vm/vm_resident.c	compared	high	06_reconstruction/evidence/x86-vm_resident.md	L1 MATCH, object OBJECT_MATCH (O3c; -O3 by plan 36.1 correspondence) (09_validation/reconstruction/s5p71-build-l1-vm_resident-O3c-20261002.json); -O2 differs
x86-0x17b540	x86	33469393c0843fc741942c3ae9d91d838467d72abd647dcf2e5bf499a3f14890	0x17b540	_vm_page_free	vm	darwin01	kernel-1.tar.gz sha256 0c19349be454d7162f497b55a7735b443f5506694215e2f3f5f026b597a54a01 (file has restoration edits elsewhere)	darwin01/kernel/vm/vm_resident.c:748 (edited file :750)	vm_page_free	07_kernel/src/vm/vm_resident.c	compared	high	06_reconstruction/evidence/x86-vm_resident.md	L1 MATCH, object OBJECT_MATCH (O3c; -O3 by plan 36.1 correspondence) (09_validation/reconstruction/s5p71-build-l1-vm_resident-O3c-20261002.json); -O2 differs
x86-0x17b5f8	x86	33469393c0843fc741942c3ae9d91d838467d72abd647dcf2e5bf499a3f14890	0x17b5f8	_vm_page_addfree	vm	darwin01	kernel-1.tar.gz sha256 0c19349be454d7162f497b55a7735b443f5506694215e2f3f5f026b597a54a01 (file has restoration edits elsewhere)	darwin01/kernel/vm/vm_resident.c:757 (edited file :759)	vm_page_addfree	07_kernel/src/vm/vm_resident.c	compared	high	06_reconstruction/evidence/x86-vm_resident.md	L1 MATCH, object OBJECT_MATCH (O3c; -O3 by plan 36.1 correspondence) (09_validation/reconstruction/s5p71-build-l1-vm_resident-O3c-20261002.json); -O2 differs
x86-0x17b6e8	x86	33469393c0843fc741942c3ae9d91d838467d72abd647dcf2e5bf499a3f14890	0x17b6e8	_vm_page_wire	vm	darwin01	kernel-1.tar.gz sha256 0c19349be454d7162f497b55a7735b443f5506694215e2f3f5f026b597a54a01 (file has restoration edits elsewhere)	darwin01/kernel/vm/vm_resident.c:794 (edited file :796)	vm_page_wire	07_kernel/src/vm/vm_resident.c	compared	high	06_reconstruction/evidence/x86-vm_resident.md	L1 MATCH, object OBJECT_MATCH (O3c; -O3 by plan 36.1 correspondence) (09_validation/reconstruction/s5p71-build-l1-vm_resident-O3c-20261002.json); -O2 differs
x86-0x17b7bc	x86	33469393c0843fc741942c3ae9d91d838467d72abd647dcf2e5bf499a3f14890	0x17b7bc	_vm_page_unwire	vm	darwin01	kernel-1.tar.gz sha256 0c19349be454d7162f497b55a7735b443f5506694215e2f3f5f026b597a54a01 (file has restoration edits elsewhere)	darwin01/kernel/vm/vm_resident.c:831 (edited file :833)	vm_page_unwire	07_kernel/src/vm/vm_resident.c	compared	high	06_reconstruction/evidence/x86-vm_resident.md	L1 MATCH, object OBJECT_MATCH (O3c; -O3 by plan 36.1 correspondence) (09_validation/reconstruction/s5p71-build-l1-vm_resident-O3c-20261002.json); -O2 differs
x86-0x17b810	x86	33469393c0843fc741942c3ae9d91d838467d72abd647dcf2e5bf499a3f14890	0x17b810	_vm_page_deactivate	vm	darwin01	kernel-1.tar.gz sha256 0c19349be454d7162f497b55a7735b443f5506694215e2f3f5f026b597a54a01 + restoration edit: body from NeXTMach https://github.com/johnsonjh/NeXTMach.git f6bdb9c3268f0eadc545d41bcc0564453b17001e mk-108.1/vm/vm_resident.c:1017-1038 (D013/D014)	darwin01/kernel/vm/vm_resident.c:891 (edited file :855)	vm_page_deactivate	07_kernel/src/vm/vm_resident.c	compared	high	06_reconstruction/evidence/x86-vm_resident.md	L1 MATCH, object OBJECT_MATCH (O3c; -O3 by plan 36.1 correspondence) (09_validation/reconstruction/s5p71-build-l1-vm_resident-O3c-20261002.json); -O2 differs
x86-0x17b8cc	x86	33469393c0843fc741942c3ae9d91d838467d72abd647dcf2e5bf499a3f14890	0x17b8cc	_vm_page_activate	vm	darwin01	kernel-1.tar.gz sha256 0c19349be454d7162f497b55a7735b443f5506694215e2f3f5f026b597a54a01 (file has restoration edits elsewhere)	darwin01/kernel/vm/vm_resident.c:920 (edited file :890)	vm_page_activate	07_kernel/src/vm/vm_resident.c	compared	high	06_reconstruction/evidence/x86-vm_resident.md	L1 MATCH, object OBJECT_MATCH (O3c; -O3 by plan 36.1 correspondence) (09_validation/reconstruction/s5p71-build-l1-vm_resident-O3c-20261002.json); -O2 differs
x86-0x17b99c	x86	33469393c0843fc741942c3ae9d91d838467d72abd647dcf2e5bf499a3f14890	0x17b99c	_vm_page_zero_fill	vm	darwin01	kernel-1.tar.gz sha256 0c19349be454d7162f497b55a7735b443f5506694215e2f3f5f026b597a54a01 (file has restoration edits elsewhere)	darwin01/kernel/vm/vm_resident.c:956 (edited file :926)	vm_page_zero_fill	07_kernel/src/vm/vm_resident.c	compared	high	06_reconstruction/evidence/x86-vm_resident.md	L1 MATCH, object OBJECT_MATCH (O3c; -O3 by plan 36.1 correspondence) (09_validation/reconstruction/s5p71-build-l1-vm_resident-O3c-20261002.json); -O2 differs
x86-0x17b9b4	x86	33469393c0843fc741942c3ae9d91d838467d72abd647dcf2e5bf499a3f14890	0x17b9b4	_vm_page_copy	vm	darwin01	kernel-1.tar.gz sha256 0c19349be454d7162f497b55a7735b443f5506694215e2f3f5f026b597a54a01 (file has restoration edits elsewhere)	darwin01/kernel/vm/vm_resident.c:971 (edited file :941)	vm_page_copy	07_kernel/src/vm/vm_resident.c	compared	high	06_reconstruction/evidence/x86-vm_resident.md	L1 MATCH, object OBJECT_MATCH (O3c; -O3 by plan 36.1 correspondence) (09_validation/reconstruction/s5p71-build-l1-vm_resident-O3c-20261002.json); -O2 differs
x86-0x17b9d0	x86	33469393c0843fc741942c3ae9d91d838467d72abd647dcf2e5bf499a3f14890	0x17b9d0	_vm_page_to_phys	vm	darwin01	kernel-1.tar.gz sha256 0c19349be454d7162f497b55a7735b443f5506694215e2f3f5f026b597a54a01 (file has restoration edits elsewhere)	darwin01/kernel/vm/vm_resident.c:991 (edited file :961)	vm_page_to_phys	07_kernel/src/vm/vm_resident.c	compared	high	06_reconstruction/evidence/x86-vm_resident.md	L1 MATCH, object OBJECT_MATCH (O3c; -O3 by plan 36.1 correspondence) (09_validation/reconstruction/s5p71-build-l1-vm_resident-O3c-20261002.json); -O2 differs
x86-0x179d44	x86	33469393c0843fc741942c3ae9d91d838467d72abd647dcf2e5bf499a3f14890	0x179d44	_vm_pageout_scan	vm	darwin01	kernel-1.tar.gz sha256 0c19349be454d7162f497b55a7735b443f5506694215e2f3f5f026b597a54a01 + restoration edit (07_kernel/MODIFICATIONS.md)	darwin01/kernel/vm/vm_pageout.c:65 (edited file :67)	vm_pageout_scan	07_kernel/src/vm/vm_pageout.c	compared	high	06_reconstruction/evidence/x86-vm_pageout.md	L1 MATCH, object OBJECT_MATCH (-O3 and common variant; 09_validation/reconstruction/s5p75-build-l1-vm_pageout-O3-20261002.json); restoration edit: yield block and pages_cleaned removed; free-target test from NeXTMach vm_pageout.c:488
x86-0x17a0a4	x86	33469393c0843fc741942c3ae9d91d838467d72abd647dcf2e5bf499a3f14890	0x17a0a4	_vm_pageout	vm	darwin01	kernel-1.tar.gz sha256 0c19349be454d7162f497b55a7735b443f5506694215e2f3f5f026b597a54a01 + restoration edit (07_kernel/MODIFICATIONS.md)	darwin01/kernel/vm/vm_pageout.c:374 (edited file :361)	vm_pageout	07_kernel/src/vm/vm_pageout.c	compared	high	06_reconstruction/evidence/x86-vm_pageout.md	L1 MATCH, object OBJECT_MATCH (-O3 and common variant; 09_validation/reconstruction/s5p75-build-l1-vm_pageout-O3-20261002.json); restoration edit: stack_privilege and sched stores removed, /4 reserved calculation removed, current_thread()->vm_privilege from NeXTMach vm_pageout.c:706
x86-0x16594c	x86	33469393c0843fc741942c3ae9d91d838467d72abd647dcf2e5bf499a3f14890	0x16594c	_null_port	kern	darwin01	kernel-1.tar.gz sha256 0c19349be454d7162f497b55a7735b443f5506694215e2f3f5f026b597a54a01 (file has restoration edits in the trap table)	darwin01/kernel/kern/syscall_sw.c:84 (edited file :86)	null_port	07_kernel/src/kern/syscall_sw.c	compared	high	06_reconstruction/evidence/x86-syscall_sw.md	L1 MATCH, object OBJECT_MATCH incl. __data mach_trap_table (-O2 = -O3 = common variant; 09_validation/reconstruction/s5p78-build-l1-syscall_sw-O3-20261002.json)
x86-0x165958	x86	33469393c0843fc741942c3ae9d91d838467d72abd647dcf2e5bf499a3f14890	0x165958	_kern_invalid	kern	darwin01	kernel-1.tar.gz sha256 0c19349be454d7162f497b55a7735b443f5506694215e2f3f5f026b597a54a01 (file has restoration edits in the trap table)	darwin01/kernel/kern/syscall_sw.c:89 (edited file :91)	kern_invalid	07_kernel/src/kern/syscall_sw.c	compared	high	06_reconstruction/evidence/x86-syscall_sw.md	L1 MATCH, object OBJECT_MATCH incl. __data mach_trap_table (-O2 = -O3 = common variant; 09_validation/reconstruction/s5p78-build-l1-syscall_sw-O3-20261002.json)
x86-0x165964	x86	33469393c0843fc741942c3ae9d91d838467d72abd647dcf2e5bf499a3f14890	0x165964	_task_init	kern	darwin01	kernel-1.tar.gz sha256 0c19349be454d7162f497b55a7735b443f5506694215e2f3f5f026b597a54a01 (file has restoration edits elsewhere)	darwin01/kernel/kern/task.c:85 (edited file :87)	task_init	07_kernel/src/kern/task.c	compared	high	06_reconstruction/evidence/x86-task.md	L1 MATCH, object OBJECT_MATCH (-O3 and common variant; 09_validation/reconstruction/s5p80-build-l1-task-O3-20261002.json); -O2 differs
x86-0x1659ac	x86	33469393c0843fc741942c3ae9d91d838467d72abd647dcf2e5bf499a3f14890	0x1659ac	_kernel_task_create	kern	darwin01	kernel-1.tar.gz sha256 0c19349be454d7162f497b55a7735b443f5506694215e2f3f5f026b597a54a01 (file has restoration edits elsewhere)	darwin01/kernel/kern/task.c:109 (edited file :111)	kernel_task_create	07_kernel/src/kern/task.c	compared	high	06_reconstruction/evidence/x86-task.md	L1 MATCH, object OBJECT_MATCH (-O3 and common variant; 09_validation/reconstruction/s5p80-build-l1-task-O3-20261002.json); -O2 differs
x86-0x165a20	x86	33469393c0843fc741942c3ae9d91d838467d72abd647dcf2e5bf499a3f14890	0x165a20	_task_create	kern	darwin01	kernel-1.tar.gz sha256 0c19349be454d7162f497b55a7735b443f5506694215e2f3f5f026b597a54a01 + restoration edit (07_kernel/MODIFICATIONS.md)	darwin01/kernel/kern/task.c:139 (edited file :141)	task_create	07_kernel/src/kern/task.c	compared	high	06_reconstruction/evidence/x86-task.md	L1 MATCH, object OBJECT_MATCH (-O3 and common variant; 09_validation/reconstruction/s5p80-build-l1-task-O3-20261002.json); -O2 differs; restoration edit: u_address = zalloc(u_task_zone) and utask_zero (NeXTMach task.c:204,:206), new_task->proc = 0 removed
x86-0x165bec	x86	33469393c0843fc741942c3ae9d91d838467d72abd647dcf2e5bf499a3f14890	0x165bec	_task_deallocate	kern	darwin01	kernel-1.tar.gz sha256 0c19349be454d7162f497b55a7735b443f5506694215e2f3f5f026b597a54a01 + restoration edit (07_kernel/MODIFICATIONS.md)	darwin01/kernel/kern/task.c:228 (edited file :230)	task_deallocate	07_kernel/src/kern/task.c	compared	high	06_reconstruction/evidence/x86-task.md	L1 MATCH, object OBJECT_MATCH (-O3 and common variant; 09_validation/reconstruction/s5p80-build-l1-task-O3-20261002.json); -O2 differs; restoration edit: utask_free(task->u_address) (NeXTMach task.c:301)
x86-0x165c94	x86	33469393c0843fc741942c3ae9d91d838467d72abd647dcf2e5bf499a3f14890	0x165c94	_task_reference	kern	darwin01	kernel-1.tar.gz sha256 0c19349be454d7162f497b55a7735b443f5506694215e2f3f5f026b597a54a01 (file has restoration edits elsewhere)	darwin01/kernel/kern/task.c:262 (edited file :265)	task_reference	07_kernel/src/kern/task.c	compared	high	06_reconstruction/evidence/x86-task.md	L1 MATCH, object OBJECT_MATCH (-O3 and common variant; 09_validation/reconstruction/s5p80-build-l1-task-O3-20261002.json); -O2 differs
x86-0x165cc0	x86	33469393c0843fc741942c3ae9d91d838467d72abd647dcf2e5bf499a3f14890	0x165cc0	_task_terminate	kern	darwin01	kernel-1.tar.gz sha256 0c19349be454d7162f497b55a7735b443f5506694215e2f3f5f026b597a54a01 + restoration edit (07_kernel/MODIFICATIONS.md)	darwin01/kernel/kern/task.c:279 (edited file :282)	task_terminate	07_kernel/src/kern/task.c	compared	high	06_reconstruction/evidence/x86-task.md	L1 MATCH, object OBJECT_MATCH (-O3 and common variant; 09_validation/reconstruction/s5p80-build-l1-task-O3-20261002.json); -O2 differs; restoration edit: task->proc check removed; inlined task_deallocate has utask_free
x86-0x166094	x86	33469393c0843fc741942c3ae9d91d838467d72abd647dcf2e5bf499a3f14890	0x166094	_task_hold	kern	darwin01	kernel-1.tar.gz sha256 0c19349be454d7162f497b55a7735b443f5506694215e2f3f5f026b597a54a01 (file has restoration edits elsewhere)	darwin01/kernel/kern/task.c:463 (edited file :462)	task_hold	07_kernel/src/kern/task.c	compared	high	06_reconstruction/evidence/x86-task.md	L1 MATCH, object OBJECT_MATCH (-O3 and common variant; 09_validation/reconstruction/s5p80-build-l1-task-O3-20261002.json); -O2 differs
x86-0x16610c	x86	33469393c0843fc741942c3ae9d91d838467d72abd647dcf2e5bf499a3f14890	0x16610c	_task_dowait	kern	darwin01	kernel-1.tar.gz sha256 0c19349be454d7162f497b55a7735b443f5506694215e2f3f5f026b597a54a01 (file has restoration edits elsewhere)	darwin01/kernel/kern/task.c:502 (edited file :501)	task_dowait	07_kernel/src/kern/task.c	compared	high	06_reconstruction/evidence/x86-task.md	L1 MATCH, object OBJECT_MATCH (-O3 and common variant; 09_validation/reconstruction/s5p80-build-l1-task-O3-20261002.json); -O2 differs
x86-0x1661cc	x86	33469393c0843fc741942c3ae9d91d838467d72abd647dcf2e5bf499a3f14890	0x1661cc	_task_release	kern	darwin01	kernel-1.tar.gz sha256 0c19349be454d7162f497b55a7735b443f5506694215e2f3f5f026b597a54a01 (file has restoration edits elsewhere)	darwin01/kernel/kern/task.c:554 (edited file :553)	task_release	07_kernel/src/kern/task.c	compared	high	06_reconstruction/evidence/x86-task.md	L1 MATCH, object OBJECT_MATCH (-O3 and common variant; 09_validation/reconstruction/s5p80-build-l1-task-O3-20261002.json); -O2 differs
x86-0x166234	x86	33469393c0843fc741942c3ae9d91d838467d72abd647dcf2e5bf499a3f14890	0x166234	_task_halt	kern	darwin01	kernel-1.tar.gz sha256 0c19349be454d7162f497b55a7735b443f5506694215e2f3f5f026b597a54a01 (file has restoration edits elsewhere)	darwin01/kernel/kern/task.c:590 (edited file :589)	task_halt	07_kernel/src/kern/task.c	compared	high	06_reconstruction/evidence/x86-task.md	L1 MATCH, object OBJECT_MATCH (-O3 and common variant; 09_validation/reconstruction/s5p80-build-l1-task-O3-20261002.json); -O2 differs
x86-0x1662d8	x86	33469393c0843fc741942c3ae9d91d838467d72abd647dcf2e5bf499a3f14890	0x1662d8	_task_threads	kern	darwin01	kernel-1.tar.gz sha256 0c19349be454d7162f497b55a7735b443f5506694215e2f3f5f026b597a54a01 (file has restoration edits elsewhere)	darwin01/kernel/kern/task.c:637 (edited file :636)	task_threads	07_kernel/src/kern/task.c	compared	high	06_reconstruction/evidence/x86-task.md	L1 MATCH, object OBJECT_MATCH (-O3 and common variant; 09_validation/reconstruction/s5p80-build-l1-task-O3-20261002.json); -O2 differs
x86-0x16649c	x86	33469393c0843fc741942c3ae9d91d838467d72abd647dcf2e5bf499a3f14890	0x16649c	_task_suspend	kern	darwin01	kernel-1.tar.gz sha256 0c19349be454d7162f497b55a7735b443f5506694215e2f3f5f026b597a54a01 (file has restoration edits elsewhere)	darwin01/kernel/kern/task.c:740 (edited file :739)	task_suspend	07_kernel/src/kern/task.c	compared	high	06_reconstruction/evidence/x86-task.md	L1 MATCH, object OBJECT_MATCH (-O3 and common variant; 09_validation/reconstruction/s5p80-build-l1-task-O3-20261002.json); -O2 differs
x86-0x16663c	x86	33469393c0843fc741942c3ae9d91d838467d72abd647dcf2e5bf499a3f14890	0x16663c	_task_resume	kern	darwin01	kernel-1.tar.gz sha256 0c19349be454d7162f497b55a7735b443f5506694215e2f3f5f026b597a54a01 (file has restoration edits elsewhere)	darwin01/kernel/kern/task.c:791 (edited file :790)	task_resume	07_kernel/src/kern/task.c	compared	high	06_reconstruction/evidence/x86-task.md	L1 MATCH, object OBJECT_MATCH (-O3 and common variant; 09_validation/reconstruction/s5p80-build-l1-task-O3-20261002.json); -O2 differs
x86-0x1666e4	x86	33469393c0843fc741942c3ae9d91d838467d72abd647dcf2e5bf499a3f14890	0x1666e4	_task_info	kern	darwin01	kernel-1.tar.gz sha256 0c19349be454d7162f497b55a7735b443f5506694215e2f3f5f026b597a54a01 (file has restoration edits elsewhere)	darwin01/kernel/kern/task.c:820 (edited file :819)	task_info	07_kernel/src/kern/task.c	compared	high	06_reconstruction/evidence/x86-task.md	L1 MATCH, object OBJECT_MATCH (-O3 and common variant; 09_validation/reconstruction/s5p80-build-l1-task-O3-20261002.json); -O2 differs
x86-0x1668a4	x86	33469393c0843fc741942c3ae9d91d838467d72abd647dcf2e5bf499a3f14890	0x1668a4	_task_suspend_nowait	kern	darwin01	kernel-1.tar.gz sha256 0c19349be454d7162f497b55a7735b443f5506694215e2f3f5f026b597a54a01 (file has restoration edits elsewhere)	darwin01/kernel/kern/task.c:916 (edited file :915)	task_suspend_nowait	07_kernel/src/kern/task.c	compared	high	06_reconstruction/evidence/x86-task.md	L1 MATCH, object OBJECT_MATCH (-O3 and common variant; 09_validation/reconstruction/s5p80-build-l1-task-O3-20261002.json); -O2 differs
x86-0x16696c	x86	33469393c0843fc741942c3ae9d91d838467d72abd647dcf2e5bf499a3f14890	0x16696c	_task_assign	kern	darwin01	kernel-1.tar.gz sha256 0c19349be454d7162f497b55a7735b443f5506694215e2f3f5f026b597a54a01 (file has restoration edits elsewhere)	darwin01/kernel/kern/task.c:962 (edited file :961)	task_assign	07_kernel/src/kern/task.c	compared	high	06_reconstruction/evidence/x86-task.md	L1 MATCH, object OBJECT_MATCH (-O3 and common variant; 09_validation/reconstruction/s5p80-build-l1-task-O3-20261002.json); -O2 differs
x86-0x166978	x86	33469393c0843fc741942c3ae9d91d838467d72abd647dcf2e5bf499a3f14890	0x166978	_task_assign_default	kern	darwin01	kernel-1.tar.gz sha256 0c19349be454d7162f497b55a7735b443f5506694215e2f3f5f026b597a54a01 (file has restoration edits elsewhere)	darwin01/kernel/kern/task.c:1141 (edited file :1140)	task_assign_default	07_kernel/src/kern/task.c	compared	high	06_reconstruction/evidence/x86-task.md	L1 MATCH, object OBJECT_MATCH (-O3 and common variant; 09_validation/reconstruction/s5p80-build-l1-task-O3-20261002.json); -O2 differs
x86-0x166984	x86	33469393c0843fc741942c3ae9d91d838467d72abd647dcf2e5bf499a3f14890	0x166984	_task_get_assignment	kern	darwin01	kernel-1.tar.gz sha256 0c19349be454d7162f497b55a7735b443f5506694215e2f3f5f026b597a54a01 (file has restoration edits elsewhere)	darwin01/kernel/kern/task.c:1153 (edited file :1152)	task_get_assignment	07_kernel/src/kern/task.c	compared	high	06_reconstruction/evidence/x86-task.md	L1 MATCH, object OBJECT_MATCH (-O3 and common variant; 09_validation/reconstruction/s5p80-build-l1-task-O3-20261002.json); -O2 differs
x86-0x1669b0	x86	33469393c0843fc741942c3ae9d91d838467d72abd647dcf2e5bf499a3f14890	0x1669b0	_task_priority	kern	darwin01	kernel-1.tar.gz sha256 0c19349be454d7162f497b55a7735b443f5506694215e2f3f5f026b597a54a01 (file has restoration edits elsewhere)	darwin01/kernel/kern/task.c:1172 (edited file :1171)	task_priority	07_kernel/src/kern/task.c	compared	high	06_reconstruction/evidence/x86-task.md	L1 MATCH, object OBJECT_MATCH (-O3 and common variant; 09_validation/reconstruction/s5p80-build-l1-task-O3-20261002.json); -O2 differs
x86-0x166a38	x86	33469393c0843fc741942c3ae9d91d838467d72abd647dcf2e5bf499a3f14890	0x166a38	_current_task_EXTERNAL	kern	darwin01	kernel-1.tar.gz sha256 0c19349be454d7162f497b55a7735b443f5506694215e2f3f5f026b597a54a01 (file has restoration edits elsewhere)	darwin01/kernel/kern/task.c:1201 (edited file :1200)	current_task_EXTERNAL	07_kernel/src/kern/task.c	compared	high	06_reconstruction/evidence/x86-task.md	L1 MATCH, object OBJECT_MATCH (-O3 and common variant; 09_validation/reconstruction/s5p80-build-l1-task-O3-20261002.json); -O2 differs
x86-0x166a48	x86	33469393c0843fc741942c3ae9d91d838467d72abd647dcf2e5bf499a3f14890	0x166a48	_current_map_EXTERNAL	kern	darwin01	kernel-1.tar.gz sha256 0c19349be454d7162f497b55a7735b443f5506694215e2f3f5f026b597a54a01 (file has restoration edits elsewhere)	darwin01/kernel/kern/task.c:1209 (edited file :1208)	current_map_EXTERNAL	07_kernel/src/kern/task.c	compared	high	06_reconstruction/evidence/x86-task.md	L1 MATCH, object OBJECT_MATCH (-O3 and common variant; 09_validation/reconstruction/s5p80-build-l1-task-O3-20261002.json); -O2 differs
x86-0x15c2fc	x86	33469393c0843fc741942c3ae9d91d838467d72abd647dcf2e5bf499a3f14890	0x15c2fc	_getlastaddr	kern	darwin01	kernel-1.tar.gz sha256 0c19349be454d7162f497b55a7735b443f5506694215e2f3f5f026b597a54a01 (file has a restoration edit elsewhere)	darwin01/kernel/kern/mach_header.c:55 (edited file :57)	getlastaddr	07_kernel/src/kern/mach_header.c	compared	high	06_reconstruction/evidence/x86-mach_header.md	L1 MATCH, object OBJECT_MATCH (-O3 and common variant; 09_validation/reconstruction/s5p83-build-l1-mach_header-O3-20261002.json); references to __mh_execute_header resolved through the original ABS symbol (0x100000, plan 108.3)
x86-0x15c338	x86	33469393c0843fc741942c3ae9d91d838467d72abd647dcf2e5bf499a3f14890	0x15c338	_getmachheaders	kern	darwin01	kernel-1.tar.gz sha256 0c19349be454d7162f497b55a7735b443f5506694215e2f3f5f026b597a54a01 (file has a restoration edit elsewhere)	darwin01/kernel/kern/mach_header.c:75 (edited file :77)	getmachheaders	07_kernel/src/kern/mach_header.c	compared	high	06_reconstruction/evidence/x86-mach_header.md	L1 MATCH, object OBJECT_MATCH (-O3 and common variant; 09_validation/reconstruction/s5p83-build-l1-mach_header-O3-20261002.json); references to __mh_execute_header resolved through the original ABS symbol (0x100000, plan 108.3)
x86-0x15c354	x86	33469393c0843fc741942c3ae9d91d838467d72abd647dcf2e5bf499a3f14890	0x15c354	_getsectdatafromheader	kern	darwin01	kernel-1.tar.gz sha256 0c19349be454d7162f497b55a7735b443f5506694215e2f3f5f026b597a54a01 (file has a restoration edit elsewhere)	darwin01/kernel/kern/mach_header.c:93 (edited file :95)	getsectdatafromheader	07_kernel/src/kern/mach_header.c	compared	high	06_reconstruction/evidence/x86-mach_header.md	L1 MATCH, object OBJECT_MATCH (-O3 and common variant; 09_validation/reconstruction/s5p83-build-l1-mach_header-O3-20261002.json)
x86-0x15c38c	x86	33469393c0843fc741942c3ae9d91d838467d72abd647dcf2e5bf499a3f14890	0x15c38c	_getsectbynamefromheader	kern	darwin01	kernel-1.tar.gz sha256 0c19349be454d7162f497b55a7735b443f5506694215e2f3f5f026b597a54a01 (file has a restoration edit elsewhere)	darwin01/kernel/kern/mach_header.c:143 (edited file :120)	getsectbynamefromheader	07_kernel/src/kern/mach_header.c	compared	high	06_reconstruction/evidence/x86-mach_header.md	L1 MATCH, object OBJECT_MATCH (-O3 and common variant; 09_validation/reconstruction/s5p83-build-l1-mach_header-O3-20261002.json)
x86-0x15c42c	x86	33469393c0843fc741942c3ae9d91d838467d72abd647dcf2e5bf499a3f14890	0x15c42c	_getsegbynamefromheader	kern	darwin01	kernel-1.tar.gz sha256 0c19349be454d7162f497b55a7735b443f5506694215e2f3f5f026b597a54a01 (file has a restoration edit elsewhere)	darwin01/kernel/kern/mach_header.c:175 (edited file :152)	getsegbynamefromheader	07_kernel/src/kern/mach_header.c	compared	high	06_reconstruction/evidence/x86-mach_header.md	L1 MATCH, object OBJECT_MATCH (-O3 and common variant; 09_validation/reconstruction/s5p83-build-l1-mach_header-O3-20261002.json)
x86-0x15c478	x86	33469393c0843fc741942c3ae9d91d838467d72abd647dcf2e5bf499a3f14890	0x15c478	_firstseg	kern	darwin01	kernel-1.tar.gz sha256 0c19349be454d7162f497b55a7735b443f5506694215e2f3f5f026b597a54a01 (file has a restoration edit elsewhere)	darwin01/kernel/kern/mach_header.c:238 (edited file :215)	firstseg	07_kernel/src/kern/mach_header.c	compared	high	06_reconstruction/evidence/x86-mach_header.md	L1 MATCH, object OBJECT_MATCH (-O3 and common variant; 09_validation/reconstruction/s5p83-build-l1-mach_header-O3-20261002.json); references to __mh_execute_header resolved through the original ABS symbol (0x100000, plan 108.3)
x86-0x15c48c	x86	33469393c0843fc741942c3ae9d91d838467d72abd647dcf2e5bf499a3f14890	0x15c48c	_firstsegfromheader	kern	darwin01	kernel-1.tar.gz sha256 0c19349be454d7162f497b55a7735b443f5506694215e2f3f5f026b597a54a01 (file has a restoration edit elsewhere)	darwin01/kernel/kern/mach_header.c:243 (edited file :220)	firstsegfromheader	07_kernel/src/kern/mach_header.c	compared	high	06_reconstruction/evidence/x86-mach_header.md	L1 MATCH, object OBJECT_MATCH (-O3 and common variant; 09_validation/reconstruction/s5p83-build-l1-mach_header-O3-20261002.json)
x86-0x15c4bc	x86	33469393c0843fc741942c3ae9d91d838467d72abd647dcf2e5bf499a3f14890	0x15c4bc	_nextseg	kern	darwin01	kernel-1.tar.gz sha256 0c19349be454d7162f497b55a7735b443f5506694215e2f3f5f026b597a54a01 (file has a restoration edit elsewhere)	darwin01/kernel/kern/mach_header.c:258 (edited file :235)	nextseg	07_kernel/src/kern/mach_header.c	compared	high	06_reconstruction/evidence/x86-mach_header.md	L1 MATCH, object OBJECT_MATCH (-O3 and common variant; 09_validation/reconstruction/s5p83-build-l1-mach_header-O3-20261002.json); references to __mh_execute_header resolved through the original ABS symbol (0x100000, plan 108.3)
x86-0x15c4e8	x86	33469393c0843fc741942c3ae9d91d838467d72abd647dcf2e5bf499a3f14890	0x15c4e8	_nextsegfromheader	kern	darwin01	kernel-1.tar.gz sha256 0c19349be454d7162f497b55a7735b443f5506694215e2f3f5f026b597a54a01 (file has a restoration edit elsewhere)	darwin01/kernel/kern/mach_header.c:274 (edited file :251)	nextsegfromheader	07_kernel/src/kern/mach_header.c	compared	high	06_reconstruction/evidence/x86-mach_header.md	L1 MATCH, object OBJECT_MATCH (-O3 and common variant; 09_validation/reconstruction/s5p83-build-l1-mach_header-O3-20261002.json)
x86-0x15c534	x86	33469393c0843fc741942c3ae9d91d838467d72abd647dcf2e5bf499a3f14890	0x15c534	_getsegbyname	kern	darwin01	kernel-1.tar.gz sha256 0c19349be454d7162f497b55a7735b443f5506694215e2f3f5f026b597a54a01 (file has a restoration edit elsewhere)	darwin01/kernel/kern/mach_header.c:306 (edited file :283)	getsegbyname	07_kernel/src/kern/mach_header.c	compared	high	06_reconstruction/evidence/x86-mach_header.md	L1 MATCH, object OBJECT_MATCH (-O3 and common variant; 09_validation/reconstruction/s5p83-build-l1-mach_header-O3-20261002.json); references to __mh_execute_header resolved through the original ABS symbol (0x100000, plan 108.3)
x86-0x15c59c	x86	33469393c0843fc741942c3ae9d91d838467d72abd647dcf2e5bf499a3f14890	0x15c59c	_getsectbyname	kern	darwin01	kernel-1.tar.gz sha256 0c19349be454d7162f497b55a7735b443f5506694215e2f3f5f026b597a54a01 (file has a restoration edit elsewhere)	darwin01/kernel/kern/mach_header.c:328 (edited file :305)	getsectbyname	07_kernel/src/kern/mach_header.c	compared	high	06_reconstruction/evidence/x86-mach_header.md	L1 MATCH, object OBJECT_MATCH (-O3 and common variant; 09_validation/reconstruction/s5p83-build-l1-mach_header-O3-20261002.json); references to __mh_execute_header resolved through the original ABS symbol (0x100000, plan 108.3)
x86-0x15c63c	x86	33469393c0843fc741942c3ae9d91d838467d72abd647dcf2e5bf499a3f14890	0x15c63c	_firstsect	kern	darwin01	kernel-1.tar.gz sha256 0c19349be454d7162f497b55a7735b443f5506694215e2f3f5f026b597a54a01 (file has a restoration edit elsewhere)	darwin01/kernel/kern/mach_header.c:336 (edited file :313)	firstsect	07_kernel/src/kern/mach_header.c	compared	high	06_reconstruction/evidence/x86-mach_header.md	L1 MATCH, object OBJECT_MATCH (-O3 and common variant; 09_validation/reconstruction/s5p83-build-l1-mach_header-O3-20261002.json)
x86-0x15c65c	x86	33469393c0843fc741942c3ae9d91d838467d72abd647dcf2e5bf499a3f14890	0x15c65c	_nextsect	kern	darwin01	kernel-1.tar.gz sha256 0c19349be454d7162f497b55a7735b443f5506694215e2f3f5f026b597a54a01 (file has a restoration edit elsewhere)	darwin01/kernel/kern/mach_header.c:346 (edited file :323)	nextsect	07_kernel/src/kern/mach_header.c	compared	high	06_reconstruction/evidence/x86-mach_header.md	L1 MATCH, object OBJECT_MATCH (-O3 and common variant; 09_validation/reconstruction/s5p83-build-l1-mach_header-O3-20261002.json)
x86-0x15c6b4	x86	33469393c0843fc741942c3ae9d91d838467d72abd647dcf2e5bf499a3f14890	0x15c6b4	_getfakefvmseg	kern	darwin01	kernel-1.tar.gz sha256 0c19349be454d7162f497b55a7735b443f5506694215e2f3f5f026b597a54a01 (file has a restoration edit elsewhere)	darwin01/kernel/kern/mach_header.c:374 (edited file :351)	getfakefvmseg	07_kernel/src/kern/mach_header.c	compared	high	06_reconstruction/evidence/x86-mach_header.md	L1 MATCH, object OBJECT_MATCH (-O3 and common variant; 09_validation/reconstruction/s5p83-build-l1-mach_header-O3-20261002.json); references to __mh_execute_header resolved through the original ABS symbol (0x100000, plan 108.3)
x86-0x15c7a4	x86	33469393c0843fc741942c3ae9d91d838467d72abd647dcf2e5bf499a3f14890	0x15c7a4	(static getsizeofmacho; Ghidra FUN_0015c7a4)	kern	darwin01	kernel-1.tar.gz sha256 0c19349be454d7162f497b55a7735b443f5506694215e2f3f5f026b597a54a01 (file has a restoration edit elsewhere)	darwin01/kernel/kern/mach_header.c:407 (edited file :384)	getsizeofmacho	07_kernel/src/kern/mach_header.c	compared	high	06_reconstruction/evidence/x86-mach_header.md	L1 MATCH, object OBJECT_MATCH (-O3 and common variant; 09_validation/reconstruction/s5p83-build-l1-mach_header-O3-20261002.json)
x86-0x15c828	x86	33469393c0843fc741942c3ae9d91d838467d72abd647dcf2e5bf499a3f14890	0x15c828	_setup_main	kern	darwin01+authored	kernel-1.tar.gz sha256 0c19349be454d7162f497b55a7735b443f5506694215e2f3f5f026b597a54a01 + restoration edit + authored lines (D014/D016, 07_kernel/MODIFICATIONS.md)	darwin01/kernel/kern/mach_init.c:64 (edited file :66)	setup_main	07_kernel/src/kern/mach_init.c	compared	high	06_reconstruction/evidence/x86-mach_init.md	L1 MATCH, object OBJECT_MATCH (-O3 = -O2 and common variant; 09_validation/reconstruction/s5p85-build-l1-mach_init-O3-20261002.json); MACH_NET 1, version constants 4/0 from the real-machine SDK bsd/sys/version.h; authored: clock_timer_init() and mach_clock_bootstrap() calls (original symbols 0x187a40, 0x15c024); restoration edits: rqinit() (NeXTMach mach_init.c:64), printf removed
x86-0x15ab9c	x86	33469393c0843fc741942c3ae9d91d838467d72abd647dcf2e5bf499a3f14890	0x15ab9c	_initKernelStacks	kern	darwin01	kernel-1.tar.gz sha256 0c19349be454d7162f497b55a7735b443f5506694215e2f3f5f026b597a54a01	darwin01/kernel/kern/kernel_stack.c:117	initKernelStacks	07_kernel/src/kern/kernel_stack.c	compared	medium	06_reconstruction/evidence/x86-kernel_stack.md	L1 MATCH_UNVERIFIED: only __DATA,__bss reference-inferred (09_validation/reconstruction/s5p88-zerofill-check-kernel_stack-20261002.json); MACH_DEBUG 1, KERNSTACK_SIZE one page
x86-0x15abe0	x86	33469393c0843fc741942c3ae9d91d838467d72abd647dcf2e5bf499a3f14890	0x15abe0	_freeStack	kern	darwin01	kernel-1.tar.gz sha256 0c19349be454d7162f497b55a7735b443f5506694215e2f3f5f026b597a54a01	darwin01/kernel/kern/kernel_stack.c:206	freeStack	07_kernel/src/kern/kernel_stack.c	compared	medium	06_reconstruction/evidence/x86-kernel_stack.md	L1 MATCH_UNVERIFIED: only __DATA,__bss reference-inferred (09_validation/reconstruction/s5p88-zerofill-check-kernel_stack-20261002.json); MACH_DEBUG 1, KERNSTACK_SIZE one page
x86-0x15ad60	x86	33469393c0843fc741942c3ae9d91d838467d72abd647dcf2e5bf499a3f14890	0x15ad60	_newStack	kern	darwin01	kernel-1.tar.gz sha256 0c19349be454d7162f497b55a7735b443f5506694215e2f3f5f026b597a54a01	darwin01/kernel/kern/kernel_stack.c:241	newStack	07_kernel/src/kern/kernel_stack.c	compared	medium	06_reconstruction/evidence/x86-kernel_stack.md	L1 MATCH_UNVERIFIED: only __DATA,__bss reference-inferred (09_validation/reconstruction/s5p88-zerofill-check-kernel_stack-20261002.json); MACH_DEBUG 1, KERNSTACK_SIZE one page
x86-0x15ae5c	x86	33469393c0843fc741942c3ae9d91d838467d72abd647dcf2e5bf499a3f14890	0x15ae5c	_allocStack	kern	darwin01	kernel-1.tar.gz sha256 0c19349be454d7162f497b55a7735b443f5506694215e2f3f5f026b597a54a01	darwin01/kernel/kern/kernel_stack.c:364	allocStack	07_kernel/src/kern/kernel_stack.c	compared	medium	06_reconstruction/evidence/x86-kernel_stack.md	L1 MATCH_UNVERIFIED: only __DATA,__bss reference-inferred (09_validation/reconstruction/s5p88-zerofill-check-kernel_stack-20261002.json); MACH_DEBUG 1, KERNSTACK_SIZE one page
x86-0x15b098	x86	33469393c0843fc741942c3ae9d91d838467d72abd647dcf2e5bf499a3f14890	0x15b098	_canSwap	kern	darwin01	kernel-1.tar.gz sha256 0c19349be454d7162f497b55a7735b443f5506694215e2f3f5f026b597a54a01	darwin01/kernel/kern/kernel_stack.c:376	canSwap	07_kernel/src/kern/kernel_stack.c	compared	medium	06_reconstruction/evidence/x86-kernel_stack.md	L1 MATCH_UNVERIFIED: only __DATA,__bss reference-inferred (09_validation/reconstruction/s5p88-zerofill-check-kernel_stack-20261002.json); MACH_DEBUG 1, KERNSTACK_SIZE one page
x86-0x15b0dc	x86	33469393c0843fc741942c3ae9d91d838467d72abd647dcf2e5bf499a3f14890	0x15b0dc	_doSwapout	kern	darwin01	kernel-1.tar.gz sha256 0c19349be454d7162f497b55a7735b443f5506694215e2f3f5f026b597a54a01	darwin01/kernel/kern/kernel_stack.c:403	doSwapout	07_kernel/src/kern/kernel_stack.c	compared	medium	06_reconstruction/evidence/x86-kernel_stack.md	L1 MATCH_UNVERIFIED: only __DATA,__bss reference-inferred (09_validation/reconstruction/s5p88-zerofill-check-kernel_stack-20261002.json); MACH_DEBUG 1, KERNSTACK_SIZE one page
x86-0x15b19c	x86	33469393c0843fc741942c3ae9d91d838467d72abd647dcf2e5bf499a3f14890	0x15b19c	_swapoutStack	kern	darwin01	kernel-1.tar.gz sha256 0c19349be454d7162f497b55a7735b443f5506694215e2f3f5f026b597a54a01	darwin01/kernel/kern/kernel_stack.c:448	swapoutStack	07_kernel/src/kern/kernel_stack.c	compared	medium	06_reconstruction/evidence/x86-kernel_stack.md	L1 MATCH_UNVERIFIED: only __DATA,__bss reference-inferred (09_validation/reconstruction/s5p88-zerofill-check-kernel_stack-20261002.json); MACH_DEBUG 1, KERNSTACK_SIZE one page
x86-0x15b2b4	x86	33469393c0843fc741942c3ae9d91d838467d72abd647dcf2e5bf499a3f14890	0x15b2b4	_swapinStack	kern	darwin01	kernel-1.tar.gz sha256 0c19349be454d7162f497b55a7735b443f5506694215e2f3f5f026b597a54a01	darwin01/kernel/kern/kernel_stack.c:484	swapinStack	07_kernel/src/kern/kernel_stack.c	compared	medium	06_reconstruction/evidence/x86-kernel_stack.md	L1 MATCH_UNVERIFIED: only __DATA,__bss reference-inferred (09_validation/reconstruction/s5p88-zerofill-check-kernel_stack-20261002.json); MACH_DEBUG 1, KERNSTACK_SIZE one page
x86-0x15b398	x86	33469393c0843fc741942c3ae9d91d838467d72abd647dcf2e5bf499a3f14890	0x15b398	_stack_alloc_try	kern	darwin01	kernel-1.tar.gz sha256 0c19349be454d7162f497b55a7735b443f5506694215e2f3f5f026b597a54a01	darwin01/kernel/kern/kernel_stack.c:530	stack_alloc_try	07_kernel/src/kern/kernel_stack.c	compared	medium	06_reconstruction/evidence/x86-kernel_stack.md	L1 MATCH_UNVERIFIED: only __DATA,__bss reference-inferred (09_validation/reconstruction/s5p88-zerofill-check-kernel_stack-20261002.json); MACH_DEBUG 1, KERNSTACK_SIZE one page
x86-0x15b43c	x86	33469393c0843fc741942c3ae9d91d838467d72abd647dcf2e5bf499a3f14890	0x15b43c	_stack_alloc	kern	darwin01	kernel-1.tar.gz sha256 0c19349be454d7162f497b55a7735b443f5506694215e2f3f5f026b597a54a01	darwin01/kernel/kern/kernel_stack.c:546	stack_alloc	07_kernel/src/kern/kernel_stack.c	compared	high	06_reconstruction/evidence/x86-kernel_stack.md	L1 MATCH (common variant; -O3 by plan 36.1 correspondence), object grade P (09_validation/reconstruction/s5p88-build-l1-kernel_stack-O3c-20261002.json); MACH_DEBUG 1, KERNSTACK_SIZE one page
x86-0x15b470	x86	33469393c0843fc741942c3ae9d91d838467d72abd647dcf2e5bf499a3f14890	0x15b470	_stack_free	kern	darwin01	kernel-1.tar.gz sha256 0c19349be454d7162f497b55a7735b443f5506694215e2f3f5f026b597a54a01	darwin01/kernel/kern/kernel_stack.c:559	stack_free	07_kernel/src/kern/kernel_stack.c	compared	high	06_reconstruction/evidence/x86-kernel_stack.md	L1 MATCH (common variant; -O3 by plan 36.1 correspondence), object grade P (09_validation/reconstruction/s5p88-build-l1-kernel_stack-O3c-20261002.json); MACH_DEBUG 1, KERNSTACK_SIZE one page
x86-0x15b494	x86	33469393c0843fc741942c3ae9d91d838467d72abd647dcf2e5bf499a3f14890	0x15b494	_stack_collect	kern	darwin01	kernel-1.tar.gz sha256 0c19349be454d7162f497b55a7735b443f5506694215e2f3f5f026b597a54a01	darwin01/kernel/kern/kernel_stack.c:570	stack_collect	07_kernel/src/kern/kernel_stack.c	compared	high	06_reconstruction/evidence/x86-kernel_stack.md	L1 MATCH (common variant; -O3 by plan 36.1 correspondence), object grade P (09_validation/reconstruction/s5p88-build-l1-kernel_stack-O3c-20261002.json); MACH_DEBUG 1, KERNSTACK_SIZE one page
x86-0x15b49c	x86	33469393c0843fc741942c3ae9d91d838467d72abd647dcf2e5bf499a3f14890	0x15b49c	_stack_statistics	kern	darwin01	kernel-1.tar.gz sha256 0c19349be454d7162f497b55a7735b443f5506694215e2f3f5f026b597a54a01	darwin01/kernel/kern/kernel_stack.c:576	stack_statistics	07_kernel/src/kern/kernel_stack.c	compared	medium	06_reconstruction/evidence/x86-kernel_stack.md	L1 MATCH_UNVERIFIED: only __DATA,__bss reference-inferred (09_validation/reconstruction/s5p88-zerofill-check-kernel_stack-20261002.json); MACH_DEBUG 1, KERNSTACK_SIZE one page
x86-0x166a5c	x86	33469393c0843fc741942c3ae9d91d838467d72abd647dcf2e5bf499a3f14890	0x166a5c	_stack_privilege	kern	darwin01	kernel-1.tar.gz sha256 0c19349be454d7162f497b55a7735b443f5506694215e2f3f5f026b597a54a01 (file has restoration edits elsewhere)	darwin01/kernel/kern/thread.c:327 (edited file :329)	stack_privilege	07_kernel/src/kern/thread.c	compared	high	06_reconstruction/evidence/x86-thread.md	L1 MATCH, object OBJECT_MATCH (common variant; -O3 by plan 36.1 correspondence) (09_validation/reconstruction/s5p93-build-l1-thread-O3c-20261002.json)
x86-0x166a8c	x86	33469393c0843fc741942c3ae9d91d838467d72abd647dcf2e5bf499a3f14890	0x166a8c	_thread_init	kern	darwin01	kernel-1.tar.gz sha256 0c19349be454d7162f497b55a7735b443f5506694215e2f3f5f026b597a54a01 + restoration edit (07_kernel/MODIFICATIONS.md)	darwin01/kernel/kern/thread.c:341 (edited file :343)	thread_init	07_kernel/src/kern/thread.c	compared	high	06_reconstruction/evidence/x86-thread.md	L1 MATCH, object OBJECT_MATCH (common variant; -O3 by plan 36.1 correspondence) (09_validation/reconstruction/s5p93-build-l1-thread-O3c-20261002.json); restoration edit: tmp_address/tmp_object template initialisation from NeXTMach thread.c:590-591; sleep_time template line removed
x86-0x166c48	x86	33469393c0843fc741942c3ae9d91d838467d72abd647dcf2e5bf499a3f14890	0x166c48	_thread_create	kern	darwin01	kernel-1.tar.gz sha256 0c19349be454d7162f497b55a7735b443f5506694215e2f3f5f026b597a54a01 + restoration edit (07_kernel/MODIFICATIONS.md)	darwin01/kernel/kern/thread.c:453 (edited file :456)	thread_create	07_kernel/src/kern/thread.c	compared	high	06_reconstruction/evidence/x86-thread.md	L1 MATCH, object OBJECT_MATCH (common variant; -O3 by plan 36.1 correspondence) (09_validation/reconstruction/s5p93-build-l1-thread-O3c-20261002.json); restoration edit: uarea_zero/uarea_init calls (Darwin :496-497 un-commented)
x86-0x166ea0	x86	33469393c0843fc741942c3ae9d91d838467d72abd647dcf2e5bf499a3f14890	0x166ea0	_thread_deallocate	kern	darwin01	kernel-1.tar.gz sha256 0c19349be454d7162f497b55a7735b443f5506694215e2f3f5f026b597a54a01 + restoration edit (07_kernel/MODIFICATIONS.md)	darwin01/kernel/kern/thread.c:636 (edited file :639)	thread_deallocate	07_kernel/src/kern/thread.c	compared	high	06_reconstruction/evidence/x86-thread.md	L1 MATCH, object OBJECT_MATCH (common variant; -O3 by plan 36.1 correspondence) (09_validation/reconstruction/s5p93-build-l1-thread-O3c-20261002.json); restoration edit: tmp_address/tmp_object cleanup from NeXTMach thread.c:923-926
x86-0x167184	x86	33469393c0843fc741942c3ae9d91d838467d72abd647dcf2e5bf499a3f14890	0x167184	_thread_deallocate_interrupt	kern	darwin01	kernel-1.tar.gz sha256 0c19349be454d7162f497b55a7735b443f5506694215e2f3f5f026b597a54a01 (file has restoration edits elsewhere)	darwin01/kernel/kern/thread.c:795 (edited file :803)	thread_deallocate_interrupt	07_kernel/src/kern/thread.c	compared	high	06_reconstruction/evidence/x86-thread.md	L1 MATCH, object OBJECT_MATCH (common variant; -O3 by plan 36.1 correspondence) (09_validation/reconstruction/s5p93-build-l1-thread-O3c-20261002.json)
x86-0x167238	x86	33469393c0843fc741942c3ae9d91d838467d72abd647dcf2e5bf499a3f14890	0x167238	_thread_reference	kern	darwin01	kernel-1.tar.gz sha256 0c19349be454d7162f497b55a7735b443f5506694215e2f3f5f026b597a54a01 (file has restoration edits elsewhere)	darwin01/kernel/kern/thread.c:842 (edited file :850)	thread_reference	07_kernel/src/kern/thread.c	compared	high	06_reconstruction/evidence/x86-thread.md	L1 MATCH, object OBJECT_MATCH (common variant; -O3 by plan 36.1 correspondence) (09_validation/reconstruction/s5p93-build-l1-thread-O3c-20261002.json)
x86-0x16727c	x86	33469393c0843fc741942c3ae9d91d838467d72abd647dcf2e5bf499a3f14890	0x16727c	_thread_terminate	kern	darwin01	kernel-1.tar.gz sha256 0c19349be454d7162f497b55a7735b443f5506694215e2f3f5f026b597a54a01 (file has restoration edits elsewhere)	darwin01/kernel/kern/thread.c:876 (edited file :884)	thread_terminate	07_kernel/src/kern/thread.c	compared	high	06_reconstruction/evidence/x86-thread.md	L1 MATCH, object OBJECT_MATCH (common variant; -O3 by plan 36.1 correspondence) (09_validation/reconstruction/s5p93-build-l1-thread-O3c-20261002.json)
x86-0x167424	x86	33469393c0843fc741942c3ae9d91d838467d72abd647dcf2e5bf499a3f14890	0x167424	_thread_force_terminate	kern	darwin01	kernel-1.tar.gz sha256 0c19349be454d7162f497b55a7735b443f5506694215e2f3f5f026b597a54a01 (file has restoration edits elsewhere)	darwin01/kernel/kern/thread.c:991 (edited file :999)	thread_force_terminate	07_kernel/src/kern/thread.c	compared	high	06_reconstruction/evidence/x86-thread.md	L1 MATCH, object OBJECT_MATCH (common variant; -O3 by plan 36.1 correspondence) (09_validation/reconstruction/s5p93-build-l1-thread-O3c-20261002.json)
x86-0x167494	x86	33469393c0843fc741942c3ae9d91d838467d72abd647dcf2e5bf499a3f14890	0x167494	_thread_halt	kern	darwin01	kernel-1.tar.gz sha256 0c19349be454d7162f497b55a7735b443f5506694215e2f3f5f026b597a54a01 + restoration edit (07_kernel/MODIFICATIONS.md)	darwin01/kernel/kern/thread.c:1033 (edited file :1041)	thread_halt	07_kernel/src/kern/thread.c	compared	high	06_reconstruction/evidence/x86-thread.md	L1 MATCH, object OBJECT_MATCH (common variant; -O3 by plan 36.1 correspondence) (09_validation/reconstruction/s5p93-build-l1-thread-O3c-20261002.json); restoration edit: continuation cleanup block from Mach4 thread.c:1071-1089
x86-0x1677b0	x86	33469393c0843fc741942c3ae9d91d838467d72abd647dcf2e5bf499a3f14890	0x1677b0	_walking_zombie	kern	darwin01	kernel-1.tar.gz sha256 0c19349be454d7162f497b55a7735b443f5506694215e2f3f5f026b597a54a01 (file has restoration edits elsewhere)	darwin01/kernel/kern/thread.c:1218 (edited file :1245)	walking_zombie	07_kernel/src/kern/thread.c	compared	high	06_reconstruction/evidence/x86-thread.md	L1 MATCH, object OBJECT_MATCH (common variant; -O3 by plan 36.1 correspondence) (09_validation/reconstruction/s5p93-build-l1-thread-O3c-20261002.json)
x86-0x1677c4	x86	33469393c0843fc741942c3ae9d91d838467d72abd647dcf2e5bf499a3f14890	0x1677c4	_thread_halt_self_with_continuation	kern	darwin01	kernel-1.tar.gz sha256 0c19349be454d7162f497b55a7735b443f5506694215e2f3f5f026b597a54a01 (file has restoration edits elsewhere)	darwin01/kernel/kern/thread.c:1228 (edited file :1255)	thread_halt_self_with_continuation	07_kernel/src/kern/thread.c	compared	high	06_reconstruction/evidence/x86-thread.md	L1 MATCH, object OBJECT_MATCH (common variant; -O3 by plan 36.1 correspondence) (09_validation/reconstruction/s5p93-build-l1-thread-O3c-20261002.json)
x86-0x1678b4	x86	33469393c0843fc741942c3ae9d91d838467d72abd647dcf2e5bf499a3f14890	0x1678b4	_thread_halt_self	kern	darwin01	kernel-1.tar.gz sha256 0c19349be454d7162f497b55a7735b443f5506694215e2f3f5f026b597a54a01 (file has restoration edits elsewhere)	darwin01/kernel/kern/thread.c:1278 (edited file :1305)	thread_halt_self	07_kernel/src/kern/thread.c	compared	high	06_reconstruction/evidence/x86-thread.md	L1 MATCH, object OBJECT_MATCH (common variant; -O3 by plan 36.1 correspondence) (09_validation/reconstruction/s5p93-build-l1-thread-O3c-20261002.json)
x86-0x1679a8	x86	33469393c0843fc741942c3ae9d91d838467d72abd647dcf2e5bf499a3f14890	0x1679a8	_thread_hold	kern	darwin01	kernel-1.tar.gz sha256 0c19349be454d7162f497b55a7735b443f5506694215e2f3f5f026b597a54a01 (file has restoration edits elsewhere)	darwin01/kernel/kern/thread.c:1291 (edited file :1318)	thread_hold	07_kernel/src/kern/thread.c	compared	high	06_reconstruction/evidence/x86-thread.md	L1 MATCH, object OBJECT_MATCH (common variant; -O3 by plan 36.1 correspondence) (09_validation/reconstruction/s5p93-build-l1-thread-O3c-20261002.json)
x86-0x1679ec	x86	33469393c0843fc741942c3ae9d91d838467d72abd647dcf2e5bf499a3f14890	0x1679ec	_thread_dowait	kern	darwin01	kernel-1.tar.gz sha256 0c19349be454d7162f497b55a7735b443f5506694215e2f3f5f026b597a54a01 (file has restoration edits elsewhere)	darwin01/kernel/kern/thread.c:1313 (edited file :1340)	thread_dowait	07_kernel/src/kern/thread.c	compared	high	06_reconstruction/evidence/x86-thread.md	L1 MATCH, object OBJECT_MATCH (common variant; -O3 by plan 36.1 correspondence) (09_validation/reconstruction/s5p93-build-l1-thread-O3c-20261002.json)
x86-0x167b2c	x86	33469393c0843fc741942c3ae9d91d838467d72abd647dcf2e5bf499a3f14890	0x167b2c	_thread_release	kern	darwin01	kernel-1.tar.gz sha256 0c19349be454d7162f497b55a7735b443f5506694215e2f3f5f026b597a54a01 (file has restoration edits elsewhere)	darwin01/kernel/kern/thread.c:1417 (edited file :1444)	thread_release	07_kernel/src/kern/thread.c	compared	high	06_reconstruction/evidence/x86-thread.md	L1 MATCH, object OBJECT_MATCH (common variant; -O3 by plan 36.1 correspondence) (09_validation/reconstruction/s5p93-build-l1-thread-O3c-20261002.json)
x86-0x167b98	x86	33469393c0843fc741942c3ae9d91d838467d72abd647dcf2e5bf499a3f14890	0x167b98	_thread_suspend	kern	darwin01	kernel-1.tar.gz sha256 0c19349be454d7162f497b55a7735b443f5506694215e2f3f5f026b597a54a01 (file has restoration edits elsewhere)	darwin01/kernel/kern/thread.c:1436 (edited file :1463)	thread_suspend	07_kernel/src/kern/thread.c	compared	high	06_reconstruction/evidence/x86-thread.md	L1 MATCH, object OBJECT_MATCH (common variant; -O3 by plan 36.1 correspondence) (09_validation/reconstruction/s5p93-build-l1-thread-O3c-20261002.json)
x86-0x167d48	x86	33469393c0843fc741942c3ae9d91d838467d72abd647dcf2e5bf499a3f14890	0x167d48	_thread_resume	kern	darwin01	kernel-1.tar.gz sha256 0c19349be454d7162f497b55a7735b443f5506694215e2f3f5f026b597a54a01 (file has restoration edits elsewhere)	darwin01/kernel/kern/thread.c:1475 (edited file :1502)	thread_resume	07_kernel/src/kern/thread.c	compared	high	06_reconstruction/evidence/x86-thread.md	L1 MATCH, object OBJECT_MATCH (common variant; -O3 by plan 36.1 correspondence) (09_validation/reconstruction/s5p93-build-l1-thread-O3c-20261002.json)
x86-0x167de0	x86	33469393c0843fc741942c3ae9d91d838467d72abd647dcf2e5bf499a3f14890	0x167de0	_thread_get_state	kern	darwin01	kernel-1.tar.gz sha256 0c19349be454d7162f497b55a7735b443f5506694215e2f3f5f026b597a54a01 (file has restoration edits elsewhere)	darwin01/kernel/kern/thread.c:1513 (edited file :1540)	thread_get_state	07_kernel/src/kern/thread.c	compared	high	06_reconstruction/evidence/x86-thread.md	L1 MATCH, object OBJECT_MATCH (common variant; -O3 by plan 36.1 correspondence) (09_validation/reconstruction/s5p93-build-l1-thread-O3c-20261002.json)
x86-0x167fd0	x86	33469393c0843fc741942c3ae9d91d838467d72abd647dcf2e5bf499a3f14890	0x167fd0	_thread_set_state	kern	darwin01	kernel-1.tar.gz sha256 0c19349be454d7162f497b55a7735b443f5506694215e2f3f5f026b597a54a01 (file has restoration edits elsewhere)	darwin01/kernel/kern/thread.c:1537 (edited file :1564)	thread_set_state	07_kernel/src/kern/thread.c	compared	high	06_reconstruction/evidence/x86-thread.md	L1 MATCH, object OBJECT_MATCH (common variant; -O3 by plan 36.1 correspondence) (09_validation/reconstruction/s5p93-build-l1-thread-O3c-20261002.json)
x86-0x1681c0	x86	33469393c0843fc741942c3ae9d91d838467d72abd647dcf2e5bf499a3f14890	0x1681c0	_thread_info	kern	darwin01	kernel-1.tar.gz sha256 0c19349be454d7162f497b55a7735b443f5506694215e2f3f5f026b597a54a01 + restoration edit (07_kernel/MODIFICATIONS.md)	darwin01/kernel/kern/thread.c:1558 (edited file :1585)	thread_info	07_kernel/src/kern/thread.c	compared	high	06_reconstruction/evidence/x86-thread.md	L1 MATCH, object OBJECT_MATCH (common variant; -O3 by plan 36.1 correspondence) (09_validation/reconstruction/s5p93-build-l1-thread-O3c-20261002.json); restoration edit: sleep_time from sched_stamp (Mach4 thread.c:1546 / NeXTMach :1825); POLICY_INTERACTIVE test from NeXTMach :1847-1851; SIMPLE_CLOCK 0
x86-0x1683c8	x86	33469393c0843fc741942c3ae9d91d838467d72abd647dcf2e5bf499a3f14890	0x1683c8	_thread_abort	kern	darwin01	kernel-1.tar.gz sha256 0c19349be454d7162f497b55a7735b443f5506694215e2f3f5f026b597a54a01 (file has restoration edits elsewhere)	darwin01/kernel/kern/thread.c:1693 (edited file :1724)	thread_abort	07_kernel/src/kern/thread.c	compared	high	06_reconstruction/evidence/x86-thread.md	L1 MATCH, object OBJECT_MATCH (common variant; -O3 by plan 36.1 correspondence) (09_validation/reconstruction/s5p93-build-l1-thread-O3c-20261002.json)
x86-0x16847c	x86	33469393c0843fc741942c3ae9d91d838467d72abd647dcf2e5bf499a3f14890	0x16847c	_thread_start	kern	darwin01	kernel-1.tar.gz sha256 0c19349be454d7162f497b55a7735b443f5506694215e2f3f5f026b597a54a01 (file has restoration edits elsewhere)	darwin01/kernel/kern/thread.c:1735 (edited file :1766)	thread_start	07_kernel/src/kern/thread.c	compared	high	06_reconstruction/evidence/x86-thread.md	L1 MATCH, object OBJECT_MATCH (common variant; -O3 by plan 36.1 correspondence) (09_validation/reconstruction/s5p93-build-l1-thread-O3c-20261002.json)
x86-0x16848c	x86	33469393c0843fc741942c3ae9d91d838467d72abd647dcf2e5bf499a3f14890	0x16848c	_kernel_thread	kern	darwin01	kernel-1.tar.gz sha256 0c19349be454d7162f497b55a7735b443f5506694215e2f3f5f026b597a54a01 (file has restoration edits elsewhere)	darwin01/kernel/kern/thread.c:1748 (edited file :1779)	kernel_thread	07_kernel/src/kern/thread.c	compared	high	06_reconstruction/evidence/x86-thread.md	L1 MATCH, object OBJECT_MATCH (common variant; -O3 by plan 36.1 correspondence) (09_validation/reconstruction/s5p93-build-l1-thread-O3c-20261002.json)
x86-0x168564	x86	33469393c0843fc741942c3ae9d91d838467d72abd647dcf2e5bf499a3f14890	0x168564	_reaper_thread_continue	kern	darwin01	kernel-1.tar.gz sha256 0c19349be454d7162f497b55a7735b443f5506694215e2f3f5f026b597a54a01 (file has restoration edits elsewhere)	darwin01/kernel/kern/thread.c:1779 (edited file :1810)	reaper_thread_continue	07_kernel/src/kern/thread.c	compared	high	06_reconstruction/evidence/x86-thread.md	L1 MATCH, object OBJECT_MATCH (common variant; -O3 by plan 36.1 correspondence) (09_validation/reconstruction/s5p93-build-l1-thread-O3c-20261002.json)
x86-0x168740	x86	33469393c0843fc741942c3ae9d91d838467d72abd647dcf2e5bf499a3f14890	0x168740	_reaper_thread	kern	darwin01	kernel-1.tar.gz sha256 0c19349be454d7162f497b55a7735b443f5506694215e2f3f5f026b597a54a01 + restoration edit (07_kernel/MODIFICATIONS.md)	darwin01/kernel/kern/thread.c:1808 (edited file :1839)	reaper_thread	07_kernel/src/kern/thread.c	compared	high	06_reconstruction/evidence/x86-thread.md	L1 MATCH, object OBJECT_MATCH (common variant; -O3 by plan 36.1 correspondence) (09_validation/reconstruction/s5p93-build-l1-thread-O3c-20261002.json); restoration edit: current_thread()->vm_privilege = TRUE removed
x86-0x16874c	x86	33469393c0843fc741942c3ae9d91d838467d72abd647dcf2e5bf499a3f14890	0x16874c	_thread_assign	kern	darwin01	kernel-1.tar.gz sha256 0c19349be454d7162f497b55a7735b443f5506694215e2f3f5f026b597a54a01 (file has restoration edits elsewhere)	darwin01/kernel/kern/thread.c:1826 (edited file :1856)	thread_assign	07_kernel/src/kern/thread.c	compared	high	06_reconstruction/evidence/x86-thread.md	L1 MATCH, object OBJECT_MATCH (common variant; -O3 by plan 36.1 correspondence) (09_validation/reconstruction/s5p93-build-l1-thread-O3c-20261002.json)
x86-0x168758	x86	33469393c0843fc741942c3ae9d91d838467d72abd647dcf2e5bf499a3f14890	0x168758	_thread_assign_default	kern	darwin01	kernel-1.tar.gz sha256 0c19349be454d7162f497b55a7735b443f5506694215e2f3f5f026b597a54a01 (file has restoration edits elsewhere)	darwin01/kernel/kern/thread.c:2046 (edited file :2076)	thread_assign_default	07_kernel/src/kern/thread.c	compared	high	06_reconstruction/evidence/x86-thread.md	L1 MATCH, object OBJECT_MATCH (common variant; -O3 by plan 36.1 correspondence) (09_validation/reconstruction/s5p93-build-l1-thread-O3c-20261002.json)
x86-0x168764	x86	33469393c0843fc741942c3ae9d91d838467d72abd647dcf2e5bf499a3f14890	0x168764	_thread_get_assignment	kern	darwin01	kernel-1.tar.gz sha256 0c19349be454d7162f497b55a7735b443f5506694215e2f3f5f026b597a54a01 (file has restoration edits elsewhere)	darwin01/kernel/kern/thread.c:2057 (edited file :2087)	thread_get_assignment	07_kernel/src/kern/thread.c	compared	high	06_reconstruction/evidence/x86-thread.md	L1 MATCH, object OBJECT_MATCH (common variant; -O3 by plan 36.1 correspondence) (09_validation/reconstruction/s5p93-build-l1-thread-O3c-20261002.json)
x86-0x168784	x86	33469393c0843fc741942c3ae9d91d838467d72abd647dcf2e5bf499a3f14890	0x168784	_thread_priority	kern	darwin01	kernel-1.tar.gz sha256 0c19349be454d7162f497b55a7735b443f5506694215e2f3f5f026b597a54a01 (file has restoration edits elsewhere)	darwin01/kernel/kern/thread.c:2072 (edited file :2102)	thread_priority	07_kernel/src/kern/thread.c	compared	high	06_reconstruction/evidence/x86-thread.md	L1 MATCH, object OBJECT_MATCH (common variant; -O3 by plan 36.1 correspondence) (09_validation/reconstruction/s5p93-build-l1-thread-O3c-20261002.json)
x86-0x168814	x86	33469393c0843fc741942c3ae9d91d838467d72abd647dcf2e5bf499a3f14890	0x168814	_thread_set_own_priority	kern	darwin01	kernel-1.tar.gz sha256 0c19349be454d7162f497b55a7735b443f5506694215e2f3f5f026b597a54a01 (file has restoration edits elsewhere)	darwin01/kernel/kern/thread.c:2121 (edited file :2151)	thread_set_own_priority	07_kernel/src/kern/thread.c	compared	high	06_reconstruction/evidence/x86-thread.md	L1 MATCH, object OBJECT_MATCH (common variant; -O3 by plan 36.1 correspondence) (09_validation/reconstruction/s5p93-build-l1-thread-O3c-20261002.json)
x86-0x168870	x86	33469393c0843fc741942c3ae9d91d838467d72abd647dcf2e5bf499a3f14890	0x168870	_thread_max_priority	kern	darwin01	kernel-1.tar.gz sha256 0c19349be454d7162f497b55a7735b443f5506694215e2f3f5f026b597a54a01 (file has restoration edits elsewhere)	darwin01/kernel/kern/thread.c:2145 (edited file :2175)	thread_max_priority	07_kernel/src/kern/thread.c	compared	high	06_reconstruction/evidence/x86-thread.md	L1 MATCH, object OBJECT_MATCH (common variant; -O3 by plan 36.1 correspondence) (09_validation/reconstruction/s5p93-build-l1-thread-O3c-20261002.json)
x86-0x1688f4	x86	33469393c0843fc741942c3ae9d91d838467d72abd647dcf2e5bf499a3f14890	0x1688f4	_thread_policy	kern	darwin01	kernel-1.tar.gz sha256 0c19349be454d7162f497b55a7735b443f5506694215e2f3f5f026b597a54a01 (file has restoration edits elsewhere)	darwin01/kernel/kern/thread.c:2200 (edited file :2230)	thread_policy	07_kernel/src/kern/thread.c	compared	high	06_reconstruction/evidence/x86-thread.md	L1 MATCH, object OBJECT_MATCH (common variant; -O3 by plan 36.1 correspondence) (09_validation/reconstruction/s5p93-build-l1-thread-O3c-20261002.json)
x86-0x168a18	x86	33469393c0843fc741942c3ae9d91d838467d72abd647dcf2e5bf499a3f14890	0x168a18	_thread_wire	kern	darwin01	kernel-1.tar.gz sha256 0c19349be454d7162f497b55a7735b443f5506694215e2f3f5f026b597a54a01 (file has restoration edits elsewhere)	darwin01/kernel/kern/thread.c:2275 (edited file :2305)	thread_wire	07_kernel/src/kern/thread.c	compared	high	06_reconstruction/evidence/x86-thread.md	L1 MATCH, object OBJECT_MATCH (common variant; -O3 by plan 36.1 correspondence) (09_validation/reconstruction/s5p93-build-l1-thread-O3c-20261002.json)
x86-0x168ab4	x86	33469393c0843fc741942c3ae9d91d838467d72abd647dcf2e5bf499a3f14890	0x168ab4	_thread_collect_scan	kern	darwin01	kernel-1.tar.gz sha256 0c19349be454d7162f497b55a7735b443f5506694215e2f3f5f026b597a54a01 (file has restoration edits elsewhere)	darwin01/kernel/kern/thread.c:2321 (edited file :2351)	thread_collect_scan	07_kernel/src/kern/thread.c	compared	high	06_reconstruction/evidence/x86-thread.md	L1 MATCH, object OBJECT_MATCH (common variant; -O3 by plan 36.1 correspondence) (09_validation/reconstruction/s5p93-build-l1-thread-O3c-20261002.json)
x86-0x168abc	x86	33469393c0843fc741942c3ae9d91d838467d72abd647dcf2e5bf499a3f14890	0x168abc	_consider_thread_collect	kern	darwin01	kernel-1.tar.gz sha256 0c19349be454d7162f497b55a7735b443f5506694215e2f3f5f026b597a54a01 (file has restoration edits elsewhere)	darwin01/kernel/kern/thread.c:2389 (edited file :2419)	consider_thread_collect	07_kernel/src/kern/thread.c	compared	high	06_reconstruction/evidence/x86-thread.md	L1 MATCH, object OBJECT_MATCH (common variant; -O3 by plan 36.1 correspondence) (09_validation/reconstruction/s5p93-build-l1-thread-O3c-20261002.json)
x86-0x168afc	x86	33469393c0843fc741942c3ae9d91d838467d72abd647dcf2e5bf499a3f14890	0x168afc	_stack_usage	kern	darwin01	kernel-1.tar.gz sha256 0c19349be454d7162f497b55a7735b443f5506694215e2f3f5f026b597a54a01 (file has restoration edits elsewhere)	darwin01/kernel/kern/thread.c:2409 (edited file :2439)	stack_usage	07_kernel/src/kern/thread.c	compared	high	06_reconstruction/evidence/x86-thread.md	L1 MATCH, object OBJECT_MATCH (common variant; -O3 by plan 36.1 correspondence) (09_validation/reconstruction/s5p93-build-l1-thread-O3c-20261002.json)
x86-0x168b28	x86	33469393c0843fc741942c3ae9d91d838467d72abd647dcf2e5bf499a3f14890	0x168b28	_stack_init	kern	darwin01	kernel-1.tar.gz sha256 0c19349be454d7162f497b55a7735b443f5506694215e2f3f5f026b597a54a01 (file has restoration edits elsewhere)	darwin01/kernel/kern/thread.c:2426 (edited file :2456)	stack_init	07_kernel/src/kern/thread.c	compared	high	06_reconstruction/evidence/x86-thread.md	L1 MATCH, object OBJECT_MATCH (common variant; -O3 by plan 36.1 correspondence) (09_validation/reconstruction/s5p93-build-l1-thread-O3c-20261002.json)
x86-0x168b50	x86	33469393c0843fc741942c3ae9d91d838467d72abd647dcf2e5bf499a3f14890	0x168b50	_stack_finalize	kern	darwin01	kernel-1.tar.gz sha256 0c19349be454d7162f497b55a7735b443f5506694215e2f3f5f026b597a54a01 (file has restoration edits elsewhere)	darwin01/kernel/kern/thread.c:2442 (edited file :2472)	stack_finalize	07_kernel/src/kern/thread.c	compared	high	06_reconstruction/evidence/x86-thread.md	L1 MATCH, object OBJECT_MATCH (common variant; -O3 by plan 36.1 correspondence) (09_validation/reconstruction/s5p93-build-l1-thread-O3c-20261002.json)
x86-0x168bb8	x86	33469393c0843fc741942c3ae9d91d838467d72abd647dcf2e5bf499a3f14890	0x168bb8	_host_stack_usage	kern	darwin01	kernel-1.tar.gz sha256 0c19349be454d7162f497b55a7735b443f5506694215e2f3f5f026b597a54a01 (file has restoration edits elsewhere)	darwin01/kernel/kern/thread.c:2495 (edited file :2525)	host_stack_usage	07_kernel/src/kern/thread.c	compared	high	06_reconstruction/evidence/x86-thread.md	L1 MATCH, object OBJECT_MATCH (common variant; -O3 by plan 36.1 correspondence) (09_validation/reconstruction/s5p93-build-l1-thread-O3c-20261002.json)
x86-0x168c5c	x86	33469393c0843fc741942c3ae9d91d838467d72abd647dcf2e5bf499a3f14890	0x168c5c	_processor_set_stack_usage	kern	darwin01	kernel-1.tar.gz sha256 0c19349be454d7162f497b55a7735b443f5506694215e2f3f5f026b597a54a01 (file has restoration edits elsewhere)	darwin01/kernel/kern/thread.c:2528 (edited file :2558)	processor_set_stack_usage	07_kernel/src/kern/thread.c	compared	high	06_reconstruction/evidence/x86-thread.md	L1 MATCH, object OBJECT_MATCH (common variant; -O3 by plan 36.1 correspondence) (09_validation/reconstruction/s5p93-build-l1-thread-O3c-20261002.json)
x86-0x168e80	x86	33469393c0843fc741942c3ae9d91d838467d72abd647dcf2e5bf499a3f14890	0x168e80	_thread_stats	kern	darwin01	kernel-1.tar.gz sha256 0c19349be454d7162f497b55a7735b443f5506694215e2f3f5f026b597a54a01 (file has restoration edits elsewhere)	darwin01/kernel/kern/thread.c:2661 (edited file :2691)	thread_stats	07_kernel/src/kern/thread.c	compared	high	06_reconstruction/evidence/x86-thread.md	L1 MATCH, object OBJECT_MATCH (common variant; -O3 by plan 36.1 correspondence) (09_validation/reconstruction/s5p93-build-l1-thread-O3c-20261002.json)
x86-0x168ec8	x86	33469393c0843fc741942c3ae9d91d838467d72abd647dcf2e5bf499a3f14890	0x168ec8	_current_thread_EXTERNAL	kern	darwin01	kernel-1.tar.gz sha256 0c19349be454d7162f497b55a7735b443f5506694215e2f3f5f026b597a54a01 (file has restoration edits elsewhere)	darwin01/kernel/kern/thread.c:2681 (edited file :2711)	current_thread_EXTERNAL	07_kernel/src/kern/thread.c	compared	high	06_reconstruction/evidence/x86-thread.md	L1 MATCH, object OBJECT_MATCH (common variant; -O3 by plan 36.1 correspondence) (09_validation/reconstruction/s5p93-build-l1-thread-O3c-20261002.json)
x86-0x162d80	x86	33469393c0843fc741942c3ae9d91d838467d72abd647dcf2e5bf499a3f14890	0x162d80	_wait_queue_init	kern	darwin01	kernel-1.tar.gz sha256 0c19349be454d7162f497b55a7735b443f5506694215e2f3f5f026b597a54a01 (file has restoration edits elsewhere)	darwin01/kernel/kern/sched_prim.c:193 (edited file :205)	wait_queue_init	07_kernel/src/kern/sched_prim.c	compared	high	06_reconstruction/evidence/x86-sched_prim.md	L1 MATCH, object OBJECT_MATCH (common variant, -g; -O3 by plan 36.1 correspondence) (09_validation/reconstruction/s5p99-build-l1-sched_prim-O3c-20261002.json)
x86-0x162dc0	x86	33469393c0843fc741942c3ae9d91d838467d72abd647dcf2e5bf499a3f14890	0x162dc0	_sched_init	kern	darwin01+authored	kernel-1.tar.gz sha256 0c19349be454d7162f497b55a7735b443f5506694215e2f3f5f026b597a54a01 + restoration edit + authored lines (D016) (07_kernel/MODIFICATIONS.md)	darwin01/kernel/kern/sched_prim.c:203 (edited file :215)	sched_init	07_kernel/src/kern/sched_prim.c	compared	high	06_reconstruction/evidence/x86-sched_prim.md	L1 MATCH, object OBJECT_MATCH (common variant, -g; -O3 by plan 36.1 correspondence) (09_validation/reconstruction/s5p99-build-l1-sched_prim-O3c-20261002.json); Mach4 recompute_priorities_timer setup and min_quantum = hz/10 (Mach4 sched_prim.c:171-174), authored init_timeout_element call
x86-0x162e68	x86	33469393c0843fc741942c3ae9d91d838467d72abd647dcf2e5bf499a3f14890	0x162e68	_thread_timeout	kern	darwin01	kernel-1.tar.gz sha256 0c19349be454d7162f497b55a7735b443f5506694215e2f3f5f026b597a54a01 (file has restoration edits elsewhere)	darwin01/kernel/kern/sched_prim.c:236 (edited file :239)	thread_timeout	07_kernel/src/kern/sched_prim.c	compared	high	06_reconstruction/evidence/x86-sched_prim.md	L1 MATCH, object OBJECT_MATCH (common variant, -g; -O3 by plan 36.1 correspondence) (09_validation/reconstruction/s5p99-build-l1-sched_prim-O3c-20261002.json)
x86-0x162e7c	x86	33469393c0843fc741942c3ae9d91d838467d72abd647dcf2e5bf499a3f14890	0x162e7c	_thread_set_timeout	kern	darwin01	kernel-1.tar.gz sha256 0c19349be454d7162f497b55a7735b443f5506694215e2f3f5f026b597a54a01 (file has restoration edits elsewhere)	darwin01/kernel/kern/sched_prim.c:252 (edited file :255)	thread_set_timeout	07_kernel/src/kern/sched_prim.c	compared	high	06_reconstruction/evidence/x86-sched_prim.md	L1 MATCH, object OBJECT_MATCH (common variant, -g; -O3 by plan 36.1 correspondence) (09_validation/reconstruction/s5p99-build-l1-sched_prim-O3c-20261002.json)
x86-0x162ed8	x86	33469393c0843fc741942c3ae9d91d838467d72abd647dcf2e5bf499a3f14890	0x162ed8	_thread_timeout_setup	kern	darwin01+authored	kernel-1.tar.gz sha256 0c19349be454d7162f497b55a7735b443f5506694215e2f3f5f026b597a54a01 + restoration edit + authored lines (D016) (07_kernel/MODIFICATIONS.md)	darwin01/kernel/kern/sched_prim.c:270 (edited file :273)	thread_timeout_setup	07_kernel/src/kern/sched_prim.c	compared	high	06_reconstruction/evidence/x86-sched_prim.md	L1 MATCH, object OBJECT_MATCH (common variant, -g; -O3 by plan 36.1 correspondence) (09_validation/reconstruction/s5p99-build-l1-sched_prim-O3c-20261002.json); authored init_timeout_element calls (original 0x162ef6, 0x162f12)
x86-0x162f20	x86	33469393c0843fc741942c3ae9d91d838467d72abd647dcf2e5bf499a3f14890	0x162f20	_assert_wait	kern	darwin01	kernel-1.tar.gz sha256 0c19349be454d7162f497b55a7735b443f5506694215e2f3f5f026b597a54a01 (file has restoration edits elsewhere)	darwin01/kernel/kern/sched_prim.c:285 (edited file :292)	assert_wait	07_kernel/src/kern/sched_prim.c	compared	high	06_reconstruction/evidence/x86-sched_prim.md	L1 MATCH, object OBJECT_MATCH (common variant, -g; -O3 by plan 36.1 correspondence) (09_validation/reconstruction/s5p99-build-l1-sched_prim-O3c-20261002.json)
x86-0x16303c	x86	33469393c0843fc741942c3ae9d91d838467d72abd647dcf2e5bf499a3f14890	0x16303c	_clear_wait	kern	darwin01	kernel-1.tar.gz sha256 0c19349be454d7162f497b55a7735b443f5506694215e2f3f5f026b597a54a01 (file has restoration edits elsewhere)	darwin01/kernel/kern/sched_prim.c:344 (edited file :351)	clear_wait	07_kernel/src/kern/sched_prim.c	compared	high	06_reconstruction/evidence/x86-sched_prim.md	L1 MATCH, object OBJECT_MATCH (common variant, -g; -O3 by plan 36.1 correspondence) (09_validation/reconstruction/s5p99-build-l1-sched_prim-O3c-20261002.json)
x86-0x1631a0	x86	33469393c0843fc741942c3ae9d91d838467d72abd647dcf2e5bf499a3f14890	0x1631a0	_thread_wakeup_prim	kern	darwin01	kernel-1.tar.gz sha256 0c19349be454d7162f497b55a7735b443f5506694215e2f3f5f026b597a54a01 (file has restoration edits elsewhere)	darwin01/kernel/kern/sched_prim.c:439 (edited file :446)	thread_wakeup_prim	07_kernel/src/kern/sched_prim.c	compared	high	06_reconstruction/evidence/x86-sched_prim.md	L1 MATCH, object OBJECT_MATCH (common variant, -g; -O3 by plan 36.1 correspondence) (09_validation/reconstruction/s5p99-build-l1-sched_prim-O3c-20261002.json)
x86-0x163320	x86	33469393c0843fc741942c3ae9d91d838467d72abd647dcf2e5bf499a3f14890	0x163320	_thread_sleep	kern	darwin01	kernel-1.tar.gz sha256 0c19349be454d7162f497b55a7735b443f5506694215e2f3f5f026b597a54a01 (file has restoration edits elsewhere)	darwin01/kernel/kern/sched_prim.c:519 (edited file :526)	thread_sleep	07_kernel/src/kern/sched_prim.c	compared	high	06_reconstruction/evidence/x86-sched_prim.md	L1 MATCH, object OBJECT_MATCH (common variant, -g; -O3 by plan 36.1 correspondence) (09_validation/reconstruction/s5p99-build-l1-sched_prim-O3c-20261002.json)
x86-0x163450	x86	33469393c0843fc741942c3ae9d91d838467d72abd647dcf2e5bf499a3f14890	0x163450	_thread_bind	kern	darwin01	kernel-1.tar.gz sha256 0c19349be454d7162f497b55a7735b443f5506694215e2f3f5f026b597a54a01 (file has restoration edits elsewhere)	darwin01/kernel/kern/sched_prim.c:539 (edited file :546)	thread_bind	07_kernel/src/kern/sched_prim.c	compared	high	06_reconstruction/evidence/x86-sched_prim.md	L1 MATCH, object OBJECT_MATCH (common variant, -g; -O3 by plan 36.1 correspondence) (09_validation/reconstruction/s5p99-build-l1-sched_prim-O3c-20261002.json)
x86-0x163498	x86	33469393c0843fc741942c3ae9d91d838467d72abd647dcf2e5bf499a3f14890	0x163498	_thread_select	kern	darwin01	kernel-1.tar.gz sha256 0c19349be454d7162f497b55a7735b443f5506694215e2f3f5f026b597a54a01 + restoration edit (07_kernel/MODIFICATIONS.md)	darwin01/kernel/kern/sched_prim.c:558 (edited file :565)	thread_select	07_kernel/src/kern/sched_prim.c	compared	high	06_reconstruction/evidence/x86-sched_prim.md	L1 MATCH, object OBJECT_MATCH (common variant, -g; -O3 by plan 36.1 correspondence) (09_validation/reconstruction/s5p99-build-l1-sched_prim-O3c-20261002.json); runq.count == 0 test and thread = current_thread() placement as Mach4 sched_prim.c:511-533
x86-0x1635e8	x86	33469393c0843fc741942c3ae9d91d838467d72abd647dcf2e5bf499a3f14890	0x1635e8	_thread_invoke	kern	darwin01+authored	kernel-1.tar.gz sha256 0c19349be454d7162f497b55a7735b443f5506694215e2f3f5f026b597a54a01 + restoration edit + authored lines (D016) (07_kernel/MODIFICATIONS.md)	darwin01/kernel/kern/sched_prim.c:671 (edited file :678)	thread_invoke	07_kernel/src/kern/sched_prim.c	compared	high	06_reconstruction/evidence/x86-sched_prim.md	L1 MATCH, object OBJECT_MATCH (common variant, -g; -O3 by plan 36.1 correspondence) (09_validation/reconstruction/s5p99-build-l1-sched_prim-O3c-20261002.json); authored switch_unix_context calls (original 0x1636cc, 0x1639bf); swap_func after thread_lock and no printf (Mach4 :684-685, :735-736)
x86-0x1639ec	x86	33469393c0843fc741942c3ae9d91d838467d72abd647dcf2e5bf499a3f14890	0x1639ec	_thread_continue	kern	darwin01	kernel-1.tar.gz sha256 0c19349be454d7162f497b55a7735b443f5506694215e2f3f5f026b597a54a01 (file has restoration edits elsewhere)	darwin01/kernel/kern/sched_prim.c:877 (edited file :886)	thread_continue	07_kernel/src/kern/sched_prim.c	compared	high	06_reconstruction/evidence/x86-sched_prim.md	L1 MATCH, object OBJECT_MATCH (common variant, -g; -O3 by plan 36.1 correspondence) (09_validation/reconstruction/s5p99-build-l1-sched_prim-O3c-20261002.json)
x86-0x163a18	x86	33469393c0843fc741942c3ae9d91d838467d72abd647dcf2e5bf499a3f14890	0x163a18	_thread_block_with_continuation	kern	darwin01	kernel-1.tar.gz sha256 0c19349be454d7162f497b55a7735b443f5506694215e2f3f5f026b597a54a01 (file has restoration edits elsewhere)	darwin01/kernel/kern/sched_prim.c:911 (edited file :920)	thread_block_with_continuation	07_kernel/src/kern/sched_prim.c	compared	high	06_reconstruction/evidence/x86-sched_prim.md	L1 MATCH, object OBJECT_MATCH (common variant, -g; -O3 by plan 36.1 correspondence) (09_validation/reconstruction/s5p99-build-l1-sched_prim-O3c-20261002.json)
x86-0x163a70	x86	33469393c0843fc741942c3ae9d91d838467d72abd647dcf2e5bf499a3f14890	0x163a70	_thread_run	kern	darwin01	kernel-1.tar.gz sha256 0c19349be454d7162f497b55a7735b443f5506694215e2f3f5f026b597a54a01 (file has restoration edits elsewhere)	darwin01/kernel/kern/sched_prim.c:951 (edited file :960)	thread_run	07_kernel/src/kern/sched_prim.c	compared	high	06_reconstruction/evidence/x86-sched_prim.md	L1 MATCH, object OBJECT_MATCH (common variant, -g; -O3 by plan 36.1 correspondence) (09_validation/reconstruction/s5p99-build-l1-sched_prim-O3c-20261002.json)
x86-0x163ac4	x86	33469393c0843fc741942c3ae9d91d838467d72abd647dcf2e5bf499a3f14890	0x163ac4	_thread_dispatch	kern	darwin01	kernel-1.tar.gz sha256 0c19349be454d7162f497b55a7735b443f5506694215e2f3f5f026b597a54a01 (file has restoration edits elsewhere)	darwin01/kernel/kern/sched_prim.c:972 (edited file :981)	thread_dispatch	07_kernel/src/kern/sched_prim.c	compared	high	06_reconstruction/evidence/x86-sched_prim.md	L1 MATCH, object OBJECT_MATCH (common variant, -g; -O3 by plan 36.1 correspondence) (09_validation/reconstruction/s5p99-build-l1-sched_prim-O3c-20261002.json)
x86-0x163d28	x86	33469393c0843fc741942c3ae9d91d838467d72abd647dcf2e5bf499a3f14890	0x163d28	_compute_priority	kern	darwin01	kernel-1.tar.gz sha256 0c19349be454d7162f497b55a7735b443f5506694215e2f3f5f026b597a54a01 (file has restoration edits elsewhere)	darwin01/kernel/kern/sched_prim.c:1097 (edited file :1106)	compute_priority	07_kernel/src/kern/sched_prim.c	compared	high	06_reconstruction/evidence/x86-sched_prim.md	L1 MATCH, object OBJECT_MATCH (common variant, -g; -O3 by plan 36.1 correspondence) (09_validation/reconstruction/s5p99-build-l1-sched_prim-O3c-20261002.json)
x86-0x163d74	x86	33469393c0843fc741942c3ae9d91d838467d72abd647dcf2e5bf499a3f14890	0x163d74	_compute_my_priority	kern	darwin01	kernel-1.tar.gz sha256 0c19349be454d7162f497b55a7735b443f5506694215e2f3f5f026b597a54a01 (file has restoration edits elsewhere)	darwin01/kernel/kern/sched_prim.c:1129 (edited file :1138)	compute_my_priority	07_kernel/src/kern/sched_prim.c	compared	high	06_reconstruction/evidence/x86-sched_prim.md	L1 MATCH, object OBJECT_MATCH (common variant, -g; -O3 by plan 36.1 correspondence) (09_validation/reconstruction/s5p99-build-l1-sched_prim-O3c-20261002.json)
x86-0x163d94	x86	33469393c0843fc741942c3ae9d91d838467d72abd647dcf2e5bf499a3f14890	0x163d94	_recompute_priorities	kern	darwin01	kernel-1.tar.gz sha256 0c19349be454d7162f497b55a7735b443f5506694215e2f3f5f026b597a54a01 + restoration edit (07_kernel/MODIFICATIONS.md)	darwin01/kernel/kern/sched_prim.c:1143 (edited file :1152)	recompute_priorities	07_kernel/src/kern/sched_prim.c	compared	high	06_reconstruction/evidence/x86-sched_prim.md	L1 MATCH, object OBJECT_MATCH (common variant, -g; -O3 by plan 36.1 correspondence) (09_validation/reconstruction/s5p99-build-l1-sched_prim-O3c-20261002.json); Mach4 form (sched_prim.c:1098-1120): set_timeout, no tick counter; SIMPLE_CLOCK 0; non-inlined clear_wait needs -g
x86-0x163dc8	x86	33469393c0843fc741942c3ae9d91d838467d72abd647dcf2e5bf499a3f14890	0x163dc8	_update_priority	kern	darwin01	kernel-1.tar.gz sha256 0c19349be454d7162f497b55a7735b443f5506694215e2f3f5f026b597a54a01 + restoration edit (07_kernel/MODIFICATIONS.md)	darwin01/kernel/kern/sched_prim.c:1181 (edited file :1185)	update_priority	07_kernel/src/kern/sched_prim.c	compared	high	06_reconstruction/evidence/x86-sched_prim.md	L1 MATCH, object OBJECT_MATCH (common variant, -g; -O3 by plan 36.1 correspondence) (09_validation/reconstruction/s5p99-build-l1-sched_prim-O3c-20261002.json); sleep_time block removed (Mach4 form)
x86-0x163f84	x86	33469393c0843fc741942c3ae9d91d838467d72abd647dcf2e5bf499a3f14890	0x163f84	_run_queue_enqueue	kern	darwin01	kernel-1.tar.gz sha256 0c19349be454d7162f497b55a7735b443f5506694215e2f3f5f026b597a54a01 (file has restoration edits elsewhere)	darwin01/kernel/kern/sched_prim.c:1248 (edited file :1247)	run_queue_enqueue	07_kernel/src/kern/sched_prim.c	compared	high	06_reconstruction/evidence/x86-sched_prim.md	L1 MATCH, object OBJECT_MATCH (common variant, -g; -O3 by plan 36.1 correspondence) (09_validation/reconstruction/s5p99-build-l1-sched_prim-O3c-20261002.json)
x86-0x16400c	x86	33469393c0843fc741942c3ae9d91d838467d72abd647dcf2e5bf499a3f14890	0x16400c	_thread_setrun	kern	darwin01	kernel-1.tar.gz sha256 0c19349be454d7162f497b55a7735b443f5506694215e2f3f5f026b597a54a01 (file has restoration edits elsewhere)	darwin01/kernel/kern/sched_prim.c:1285 (edited file :1284)	thread_setrun	07_kernel/src/kern/sched_prim.c	compared	high	06_reconstruction/evidence/x86-sched_prim.md	L1 MATCH, object OBJECT_MATCH (common variant, -g; -O3 by plan 36.1 correspondence) (09_validation/reconstruction/s5p99-build-l1-sched_prim-O3c-20261002.json)
x86-0x164164	x86	33469393c0843fc741942c3ae9d91d838467d72abd647dcf2e5bf499a3f14890	0x164164	_set_pri	kern	darwin01	kernel-1.tar.gz sha256 0c19349be454d7162f497b55a7735b443f5506694215e2f3f5f026b597a54a01 (file has restoration edits elsewhere)	darwin01/kernel/kern/sched_prim.c:1455 (edited file :1454)	set_pri	07_kernel/src/kern/sched_prim.c	compared	high	06_reconstruction/evidence/x86-sched_prim.md	L1 MATCH, object OBJECT_MATCH (common variant, -g; -O3 by plan 36.1 correspondence) (09_validation/reconstruction/s5p99-build-l1-sched_prim-O3c-20261002.json)
x86-0x164350	x86	33469393c0843fc741942c3ae9d91d838467d72abd647dcf2e5bf499a3f14890	0x164350	_rem_runq	kern	darwin01	kernel-1.tar.gz sha256 0c19349be454d7162f497b55a7735b443f5506694215e2f3f5f026b597a54a01 (file has restoration edits elsewhere)	darwin01/kernel/kern/sched_prim.c:1482 (edited file :1481)	rem_runq	07_kernel/src/kern/sched_prim.c	compared	high	06_reconstruction/evidence/x86-sched_prim.md	L1 MATCH, object OBJECT_MATCH (common variant, -g; -O3 by plan 36.1 correspondence) (09_validation/reconstruction/s5p99-build-l1-sched_prim-O3c-20261002.json)
x86-0x1643c0	x86	33469393c0843fc741942c3ae9d91d838467d72abd647dcf2e5bf499a3f14890	0x1643c0	_choose_thread	kern	darwin01	kernel-1.tar.gz sha256 0c19349be454d7162f497b55a7735b443f5506694215e2f3f5f026b597a54a01 (file has restoration edits elsewhere)	darwin01/kernel/kern/sched_prim.c:1547 (edited file :1546)	choose_thread	07_kernel/src/kern/sched_prim.c	compared	high	06_reconstruction/evidence/x86-sched_prim.md	L1 MATCH, object OBJECT_MATCH (common variant, -g; -O3 by plan 36.1 correspondence) (09_validation/reconstruction/s5p99-build-l1-sched_prim-O3c-20261002.json)
x86-0x16448c	x86	33469393c0843fc741942c3ae9d91d838467d72abd647dcf2e5bf499a3f14890	0x16448c	_choose_pset_thread	kern	darwin01	kernel-1.tar.gz sha256 0c19349be454d7162f497b55a7735b443f5506694215e2f3f5f026b597a54a01 (file has restoration edits elsewhere)	darwin01/kernel/kern/sched_prim.c:1594 (edited file :1593)	choose_pset_thread	07_kernel/src/kern/sched_prim.c	compared	high	06_reconstruction/evidence/x86-sched_prim.md	L1 MATCH, object OBJECT_MATCH (common variant, -g; -O3 by plan 36.1 correspondence) (09_validation/reconstruction/s5p99-build-l1-sched_prim-O3c-20261002.json)
x86-0x164624	x86	33469393c0843fc741942c3ae9d91d838467d72abd647dcf2e5bf499a3f14890	0x164624	_idle_thread_continue	kern	darwin01	kernel-1.tar.gz sha256 0c19349be454d7162f497b55a7735b443f5506694215e2f3f5f026b597a54a01 (file has restoration edits elsewhere)	darwin01/kernel/kern/sched_prim.c:1677 (edited file :1676)	idle_thread_continue	07_kernel/src/kern/sched_prim.c	compared	high	06_reconstruction/evidence/x86-sched_prim.md	L1 MATCH, object OBJECT_MATCH (common variant, -g; -O3 by plan 36.1 correspondence) (09_validation/reconstruction/s5p99-build-l1-sched_prim-O3c-20261002.json)
x86-0x164a0c	x86	33469393c0843fc741942c3ae9d91d838467d72abd647dcf2e5bf499a3f14890	0x164a0c	_idle_thread	kern	darwin01	kernel-1.tar.gz sha256 0c19349be454d7162f497b55a7735b443f5506694215e2f3f5f026b597a54a01 (file has restoration edits elsewhere)	darwin01/kernel/kern/sched_prim.c:1828 (edited file :1827)	idle_thread	07_kernel/src/kern/sched_prim.c	compared	high	06_reconstruction/evidence/x86-sched_prim.md	L1 MATCH, object OBJECT_MATCH (common variant, -g; -O3 by plan 36.1 correspondence) (09_validation/reconstruction/s5p99-build-l1-sched_prim-O3c-20261002.json)
x86-0x164ac8	x86	33469393c0843fc741942c3ae9d91d838467d72abd647dcf2e5bf499a3f14890	0x164ac8	_sched_thread_continue	kern	darwin01	kernel-1.tar.gz sha256 0c19349be454d7162f497b55a7735b443f5506694215e2f3f5f026b597a54a01 + restoration edit (07_kernel/MODIFICATIONS.md)	darwin01/kernel/kern/sched_prim.c:1864 (edited file :1863)	sched_thread_continue	07_kernel/src/kern/sched_prim.c	compared	high	06_reconstruction/evidence/x86-sched_prim.md	L1 MATCH, object OBJECT_MATCH (common variant, -g; -O3 by plan 36.1 correspondence) (09_validation/reconstruction/s5p99-build-l1-sched_prim-O3c-20261002.json); while (TRUE) loop and sched_tick & 1 test (Mach4)
x86-0x164b8c	x86	33469393c0843fc741942c3ae9d91d838467d72abd647dcf2e5bf499a3f14890	0x164b8c	_sched_thread	kern	darwin01	kernel-1.tar.gz sha256 0c19349be454d7162f497b55a7735b443f5506694215e2f3f5f026b597a54a01 (file has restoration edits elsewhere)	darwin01/kernel/kern/sched_prim.c:1883 (edited file :1884)	sched_thread	07_kernel/src/kern/sched_prim.c	compared	high	06_reconstruction/evidence/x86-sched_prim.md	L1 MATCH, object OBJECT_MATCH (common variant, -g; -O3 by plan 36.1 correspondence) (09_validation/reconstruction/s5p99-build-l1-sched_prim-O3c-20261002.json)
x86-0x164c50	x86	33469393c0843fc741942c3ae9d91d838467d72abd647dcf2e5bf499a3f14890	0x164c50	_do_runq_scan	kern	darwin01	kernel-1.tar.gz sha256 0c19349be454d7162f497b55a7735b443f5506694215e2f3f5f026b597a54a01 + restoration edit (07_kernel/MODIFICATIONS.md)	darwin01/kernel/kern/sched_prim.c:1930 (edited file :1931)	do_runq_scan	07_kernel/src/kern/sched_prim.c	compared	high	06_reconstruction/evidence/x86-sched_prim.md	L1 MATCH, object OBJECT_MATCH (common variant, -g; -O3 by plan 36.1 correspondence) (09_validation/reconstruction/s5p99-build-l1-sched_prim-O3c-20261002.json); sched_tick - sched_stamp > 1 test (Mach4)
x86-0x164d80	x86	33469393c0843fc741942c3ae9d91d838467d72abd647dcf2e5bf499a3f14890	0x164d80	_do_thread_scan	kern	darwin01	kernel-1.tar.gz sha256 0c19349be454d7162f497b55a7735b443f5506694215e2f3f5f026b597a54a01 (file has restoration edits elsewhere)	darwin01/kernel/kern/sched_prim.c:1995 (edited file :1996)	do_thread_scan	07_kernel/src/kern/sched_prim.c	compared	high	06_reconstruction/evidence/x86-sched_prim.md	L1 MATCH, object OBJECT_MATCH (common variant, -g; -O3 by plan 36.1 correspondence) (09_validation/reconstruction/s5p99-build-l1-sched_prim-O3c-20261002.json)
x86-0x1651a0	x86	33469393c0843fc741942c3ae9d91d838467d72abd647dcf2e5bf499a3f14890	0x1651a0	_thread_wakeup	kern	darwin01	kernel-1.tar.gz sha256 0c19349be454d7162f497b55a7735b443f5506694215e2f3f5f026b597a54a01 (file has restoration edits elsewhere)	darwin01/kernel/kern/sched_prim.c:2046 (edited file :2047)	thread_wakeup	07_kernel/src/kern/sched_prim.c	compared	high	06_reconstruction/evidence/x86-sched_prim.md	L1 MATCH, object OBJECT_MATCH (common variant, -g; -O3 by plan 36.1 correspondence) (09_validation/reconstruction/s5p99-build-l1-sched_prim-O3c-20261002.json)
x86-0x165318	x86	33469393c0843fc741942c3ae9d91d838467d72abd647dcf2e5bf499a3f14890	0x165318	_thread_wait_result	kern	darwin01	kernel-1.tar.gz sha256 0c19349be454d7162f497b55a7735b443f5506694215e2f3f5f026b597a54a01 (file has restoration edits elsewhere)	darwin01/kernel/kern/sched_prim.c:2109 (edited file :2110)	thread_wait_result	07_kernel/src/kern/sched_prim.c	compared	high	06_reconstruction/evidence/x86-sched_prim.md	L1 MATCH, object OBJECT_MATCH (common variant, -g; -O3 by plan 36.1 correspondence) (09_validation/reconstruction/s5p99-build-l1-sched_prim-O3c-20261002.json)
x86-0x165328	x86	33469393c0843fc741942c3ae9d91d838467d72abd647dcf2e5bf499a3f14890	0x165328	_thread_block	kern	darwin01	kernel-1.tar.gz sha256 0c19349be454d7162f497b55a7735b443f5506694215e2f3f5f026b597a54a01 (file has restoration edits elsewhere)	darwin01/kernel/kern/sched_prim.c:2114 (edited file :2115)	thread_block	07_kernel/src/kern/sched_prim.c	compared	high	06_reconstruction/evidence/x86-sched_prim.md	L1 MATCH, object OBJECT_MATCH (common variant, -g; -O3 by plan 36.1 correspondence) (09_validation/reconstruction/s5p99-build-l1-sched_prim-O3c-20261002.json)
x86-0x174600	x86	33469393c0843fc741942c3ae9d91d838467d72abd647dcf2e5bf499a3f14890	0x174600	_vm_map_init	vm	darwin01	kernel-1.tar.gz sha256 0c19349be454d7162f497b55a7735b443f5506694215e2f3f5f026b597a54a01 (file has restoration edits elsewhere)	darwin01/kernel/vm/vm_map.c:165 (edited file :181)	vm_map_init	07_kernel/src/vm/vm_map.c	compared	high	06_reconstruction/evidence/x86-vm_map.md	L1 MATCH, object OBJECT_MATCH (common variant, -g; -O3 by plan 36.1) (09_validation/reconstruction/s5p103-build-l1-vm_map-O3c-20261002.json)
x86-0x1746a0	x86	33469393c0843fc741942c3ae9d91d838467d72abd647dcf2e5bf499a3f14890	0x1746a0	_vm_map_create	vm	darwin01	kernel-1.tar.gz sha256 0c19349be454d7162f497b55a7735b443f5506694215e2f3f5f026b597a54a01 (file has restoration edits elsewhere)	darwin01/kernel/vm/vm_map.c:194 (edited file :210)	vm_map_create	07_kernel/src/vm/vm_map.c	compared	high	06_reconstruction/evidence/x86-vm_map.md	L1 MATCH, object OBJECT_MATCH (common variant, -g; -O3 by plan 36.1) (09_validation/reconstruction/s5p103-build-l1-vm_map-O3c-20261002.json)
x86-0x174744	x86	33469393c0843fc741942c3ae9d91d838467d72abd647dcf2e5bf499a3f14890	0x174744	__vm_map_entry_create	vm	darwin01	kernel-1.tar.gz sha256 0c19349be454d7162f497b55a7735b443f5506694215e2f3f5f026b597a54a01 (file has restoration edits elsewhere)	darwin01/kernel/vm/vm_map.c:244 (edited file :260)	_vm_map_entry_create	07_kernel/src/vm/vm_map.c	compared	high	06_reconstruction/evidence/x86-vm_map.md	L1 MATCH, object OBJECT_MATCH (common variant, -g; -O3 by plan 36.1) (09_validation/reconstruction/s5p103-build-l1-vm_map-O3c-20261002.json)
x86-0x174780	x86	33469393c0843fc741942c3ae9d91d838467d72abd647dcf2e5bf499a3f14890	0x174780	__vm_map_entry_dispose	vm	darwin01	kernel-1.tar.gz sha256 0c19349be454d7162f497b55a7735b443f5506694215e2f3f5f026b597a54a01 (file has restoration edits elsewhere)	darwin01/kernel/vm/vm_map.c:273 (edited file :289)	_vm_map_entry_dispose	07_kernel/src/vm/vm_map.c	compared	high	06_reconstruction/evidence/x86-vm_map.md	L1 MATCH, object OBJECT_MATCH (common variant, -g; -O3 by plan 36.1) (09_validation/reconstruction/s5p103-build-l1-vm_map-O3c-20261002.json)
x86-0x1747a8	x86	33469393c0843fc741942c3ae9d91d838467d72abd647dcf2e5bf499a3f14890	0x1747a8	_vm_map_reference	vm	darwin01	kernel-1.tar.gz sha256 0c19349be454d7162f497b55a7735b443f5506694215e2f3f5f026b597a54a01 (file has restoration edits elsewhere)	darwin01/kernel/vm/vm_map.c:326 (edited file :342)	vm_map_reference	07_kernel/src/vm/vm_map.c	compared	high	06_reconstruction/evidence/x86-vm_map.md	L1 MATCH, object OBJECT_MATCH (common variant, -g; -O3 by plan 36.1) (09_validation/reconstruction/s5p103-build-l1-vm_map-O3c-20261002.json)
x86-0x1747d8	x86	33469393c0843fc741942c3ae9d91d838467d72abd647dcf2e5bf499a3f14890	0x1747d8	_vm_map_deallocate	vm	darwin01	kernel-1.tar.gz sha256 0c19349be454d7162f497b55a7735b443f5506694215e2f3f5f026b597a54a01 (file has restoration edits elsewhere)	darwin01/kernel/vm/vm_map.c:344 (edited file :360)	vm_map_deallocate	07_kernel/src/vm/vm_map.c	compared	high	06_reconstruction/evidence/x86-vm_map.md	L1 MATCH, object OBJECT_MATCH (common variant, -g; -O3 by plan 36.1) (09_validation/reconstruction/s5p103-build-l1-vm_map-O3c-20261002.json)
x86-0x174848	x86	33469393c0843fc741942c3ae9d91d838467d72abd647dcf2e5bf499a3f14890	0x174848	_vm_map_insert	vm	darwin01	kernel-1.tar.gz sha256 0c19349be454d7162f497b55a7735b443f5506694215e2f3f5f026b597a54a01 + restoration edit (07_kernel/MODIFICATIONS.md)	darwin01/kernel/vm/vm_map.c:383 (edited file :399)	vm_map_insert	07_kernel/src/vm/vm_map.c	compared	high	06_reconstruction/evidence/x86-vm_map.md	L1 MATCH, object OBJECT_MATCH (common variant, -g; -O3 by plan 36.1) (09_validation/reconstruction/s5p103-build-l1-vm_map-O3c-20261002.json); register prev_entry with temp_entry lookup (NeXTMach vm_map.c:328-330, :347-350); inlined into vm_map_find and vm_map_copy as in the original
x86-0x1749c4	x86	33469393c0843fc741942c3ae9d91d838467d72abd647dcf2e5bf499a3f14890	0x1749c4	_vm_map_lookup_entry	vm	darwin01	kernel-1.tar.gz sha256 0c19349be454d7162f497b55a7735b443f5506694215e2f3f5f026b597a54a01 (file has restoration edits elsewhere)	darwin01/kernel/vm/vm_map.c:516 (edited file :535)	vm_map_lookup_entry	07_kernel/src/vm/vm_map.c	compared	high	06_reconstruction/evidence/x86-vm_map.md	L1 MATCH, object OBJECT_MATCH (common variant, -g; -O3 by plan 36.1) (09_validation/reconstruction/s5p103-build-l1-vm_map-O3c-20261002.json)
x86-0x174a90	x86	33469393c0843fc741942c3ae9d91d838467d72abd647dcf2e5bf499a3f14890	0x174a90	_vm_map_find	vm	darwin01	kernel-1.tar.gz sha256 0c19349be454d7162f497b55a7735b443f5506694215e2f3f5f026b597a54a01 (file has restoration edits elsewhere)	darwin01/kernel/vm/vm_map.c:753 (edited file :613)	vm_map_find	07_kernel/src/vm/vm_map.c	compared	high	06_reconstruction/evidence/x86-vm_map.md	L1 MATCH, object OBJECT_MATCH (common variant, -g; -O3 by plan 36.1) (09_validation/reconstruction/s5p103-build-l1-vm_map-O3c-20261002.json)
x86-0x174e00	x86	33469393c0843fc741942c3ae9d91d838467d72abd647dcf2e5bf499a3f14890	0x174e00	__vm_map_clip_start	vm	darwin01	kernel-1.tar.gz sha256 0c19349be454d7162f497b55a7735b443f5506694215e2f3f5f026b597a54a01 (file has restoration edits elsewhere)	darwin01/kernel/vm/vm_map.c:879 (edited file :739)	_vm_map_clip_start	07_kernel/src/vm/vm_map.c	compared	high	06_reconstruction/evidence/x86-vm_map.md	L1 MATCH, object OBJECT_MATCH (common variant, -g; -O3 by plan 36.1) (09_validation/reconstruction/s5p103-build-l1-vm_map-O3c-20261002.json)
x86-0x174ed0	x86	33469393c0843fc741942c3ae9d91d838467d72abd647dcf2e5bf499a3f14890	0x174ed0	__vm_map_clip_end	vm	darwin01	kernel-1.tar.gz sha256 0c19349be454d7162f497b55a7735b443f5506694215e2f3f5f026b597a54a01 (file has restoration edits elsewhere)	darwin01/kernel/vm/vm_map.c:934 (edited file :794)	_vm_map_clip_end	07_kernel/src/vm/vm_map.c	compared	high	06_reconstruction/evidence/x86-vm_map.md	L1 MATCH, object OBJECT_MATCH (common variant, -g; -O3 by plan 36.1) (09_validation/reconstruction/s5p103-build-l1-vm_map-O3c-20261002.json)
x86-0x174f9c	x86	33469393c0843fc741942c3ae9d91d838467d72abd647dcf2e5bf499a3f14890	0x174f9c	_vm_map_submap	vm	darwin01	kernel-1.tar.gz sha256 0c19349be454d7162f497b55a7735b443f5506694215e2f3f5f026b597a54a01 (file has restoration edits elsewhere)	darwin01/kernel/vm/vm_map.c:994 (edited file :854)	vm_map_submap	07_kernel/src/vm/vm_map.c	compared	high	06_reconstruction/evidence/x86-vm_map.md	L1 MATCH, object OBJECT_MATCH (common variant, -g; -O3 by plan 36.1) (09_validation/reconstruction/s5p103-build-l1-vm_map-O3c-20261002.json)
x86-0x1752f8	x86	33469393c0843fc741942c3ae9d91d838467d72abd647dcf2e5bf499a3f14890	0x1752f8	_vm_map_protect	vm	darwin01	kernel-1.tar.gz sha256 0c19349be454d7162f497b55a7735b443f5506694215e2f3f5f026b597a54a01 (file has restoration edits elsewhere)	darwin01/kernel/vm/vm_map.c:1039 (edited file :899)	vm_map_protect	07_kernel/src/vm/vm_map.c	compared	high	06_reconstruction/evidence/x86-vm_map.md	L1 MATCH, object OBJECT_MATCH (common variant, -g; -O3 by plan 36.1) (09_validation/reconstruction/s5p103-build-l1-vm_map-O3c-20261002.json)
x86-0x175814	x86	33469393c0843fc741942c3ae9d91d838467d72abd647dcf2e5bf499a3f14890	0x175814	_vm_map_inherit	vm	darwin01	kernel-1.tar.gz sha256 0c19349be454d7162f497b55a7735b443f5506694215e2f3f5f026b597a54a01 (file has restoration edits elsewhere)	darwin01/kernel/vm/vm_map.c:1166 (edited file :1026)	vm_map_inherit	07_kernel/src/vm/vm_map.c	compared	high	06_reconstruction/evidence/x86-vm_map.md	L1 MATCH, object OBJECT_MATCH (common variant, -g; -O3 by plan 36.1) (09_validation/reconstruction/s5p103-build-l1-vm_map-O3c-20261002.json)
x86-0x175b2c	x86	33469393c0843fc741942c3ae9d91d838467d72abd647dcf2e5bf499a3f14890	0x175b2c	_vm_map_pageable	vm	darwin01	kernel-1.tar.gz sha256 0c19349be454d7162f497b55a7735b443f5506694215e2f3f5f026b597a54a01 (file has restoration edits elsewhere)	darwin01/kernel/vm/vm_map.c:1222 (edited file :1082)	vm_map_pageable	07_kernel/src/vm/vm_map.c	compared	high	06_reconstruction/evidence/x86-vm_map.md	L1 MATCH, object OBJECT_MATCH (common variant, -g; -O3 by plan 36.1) (09_validation/reconstruction/s5p103-build-l1-vm_map-O3c-20261002.json)
x86-0x176064	x86	33469393c0843fc741942c3ae9d91d838467d72abd647dcf2e5bf499a3f14890	0x176064	_vm_map_entry_unwire	vm	darwin01	kernel-1.tar.gz sha256 0c19349be454d7162f497b55a7735b443f5506694215e2f3f5f026b597a54a01 (file has restoration edits elsewhere)	darwin01/kernel/vm/vm_map.c:1411 (edited file :1271)	vm_map_entry_unwire	07_kernel/src/vm/vm_map.c	compared	high	06_reconstruction/evidence/x86-vm_map.md	L1 MATCH, object OBJECT_MATCH (common variant, -g; -O3 by plan 36.1) (09_validation/reconstruction/s5p103-build-l1-vm_map-O3c-20261002.json)
x86-0x176084	x86	33469393c0843fc741942c3ae9d91d838467d72abd647dcf2e5bf499a3f14890	0x176084	_vm_map_entry_delete	vm	darwin01	kernel-1.tar.gz sha256 0c19349be454d7162f497b55a7735b443f5506694215e2f3f5f026b597a54a01 (file has restoration edits elsewhere)	darwin01/kernel/vm/vm_map.c:1424 (edited file :1284)	vm_map_entry_delete	07_kernel/src/vm/vm_map.c	compared	high	06_reconstruction/evidence/x86-vm_map.md	L1 MATCH, object OBJECT_MATCH (common variant, -g; -O3 by plan 36.1) (09_validation/reconstruction/s5p103-build-l1-vm_map-O3c-20261002.json)
x86-0x176164	x86	33469393c0843fc741942c3ae9d91d838467d72abd647dcf2e5bf499a3f14890	0x176164	_vm_map_delete	vm	darwin01	kernel-1.tar.gz sha256 0c19349be454d7162f497b55a7735b443f5506694215e2f3f5f026b597a54a01 (file has restoration edits elsewhere)	darwin01/kernel/vm/vm_map.c:1451 (edited file :1311)	vm_map_delete	07_kernel/src/vm/vm_map.c	compared	high	06_reconstruction/evidence/x86-vm_map.md	L1 MATCH, object OBJECT_MATCH (common variant, -g; -O3 by plan 36.1) (09_validation/reconstruction/s5p103-build-l1-vm_map-O3c-20261002.json)
x86-0x1765ac	x86	33469393c0843fc741942c3ae9d91d838467d72abd647dcf2e5bf499a3f14890	0x1765ac	_vm_map_remove	vm	darwin01	kernel-1.tar.gz sha256 0c19349be454d7162f497b55a7735b443f5506694215e2f3f5f026b597a54a01 (file has restoration edits elsewhere)	darwin01/kernel/vm/vm_map.c:1549 (edited file :1409)	vm_map_remove	07_kernel/src/vm/vm_map.c	compared	high	06_reconstruction/evidence/x86-vm_map.md	L1 MATCH, object OBJECT_MATCH (common variant, -g; -O3 by plan 36.1) (09_validation/reconstruction/s5p103-build-l1-vm_map-O3c-20261002.json)
x86-0x1765fc	x86	33469393c0843fc741942c3ae9d91d838467d72abd647dcf2e5bf499a3f14890	0x1765fc	_vm_map_check_protection	vm	darwin01	kernel-1.tar.gz sha256 0c19349be454d7162f497b55a7735b443f5506694215e2f3f5f026b597a54a01 (file has restoration edits elsewhere)	darwin01/kernel/vm/vm_map.c:1680 (edited file :1431)	vm_map_check_protection	07_kernel/src/vm/vm_map.c	compared	high	06_reconstruction/evidence/x86-vm_map.md	L1 MATCH, object OBJECT_MATCH (common variant, -g; -O3 by plan 36.1) (09_validation/reconstruction/s5p103-build-l1-vm_map-O3c-20261002.json)
x86-0x1766f4	x86	33469393c0843fc741942c3ae9d91d838467d72abd647dcf2e5bf499a3f14890	0x1766f4	_vm_map_copy_entry	vm	darwin01	kernel-1.tar.gz sha256 0c19349be454d7162f497b55a7735b443f5506694215e2f3f5f026b597a54a01 (file has restoration edits elsewhere)	darwin01/kernel/vm/vm_map.c:1730 (edited file :1481)	vm_map_copy_entry	07_kernel/src/vm/vm_map.c	compared	high	06_reconstruction/evidence/x86-vm_map.md	L1 MATCH, object OBJECT_MATCH (common variant, -g; -O3 by plan 36.1) (09_validation/reconstruction/s5p103-build-l1-vm_map-O3c-20261002.json)
x86-0x176888	x86	33469393c0843fc741942c3ae9d91d838467d72abd647dcf2e5bf499a3f14890	0x176888	_vm_map_copy	vm	darwin01	kernel-1.tar.gz sha256 0c19349be454d7162f497b55a7735b443f5506694215e2f3f5f026b597a54a01 (file has restoration edits elsewhere)	darwin01/kernel/vm/vm_map.c:1867 (edited file :1618)	vm_map_copy	07_kernel/src/vm/vm_map.c	compared	high	06_reconstruction/evidence/x86-vm_map.md	L1 MATCH, object OBJECT_MATCH (common variant, -g; -O3 by plan 36.1) (09_validation/reconstruction/s5p103-build-l1-vm_map-O3c-20261002.json)
x86-0x177a74	x86	33469393c0843fc741942c3ae9d91d838467d72abd647dcf2e5bf499a3f14890	0x177a74	_vm_map_fork	vm	darwin01	kernel-1.tar.gz sha256 0c19349be454d7162f497b55a7735b443f5506694215e2f3f5f026b597a54a01 + restoration edit (07_kernel/MODIFICATIONS.md)	darwin01/kernel/vm/vm_map.c:2162 (edited file :1913)	vm_map_fork	07_kernel/src/vm/vm_map.c	compared	high	06_reconstruction/evidence/x86-vm_map.md	L1 MATCH, object OBJECT_MATCH (common variant, -g; -O3 by plan 36.1) (09_validation/reconstruction/s5p103-build-l1-vm_map-O3c-20261002.json); printf instead of kprintf (NeXTMach vm_map.c:1983)
x86-0x17802c	x86	33469393c0843fc741942c3ae9d91d838467d72abd647dcf2e5bf499a3f14890	0x17802c	_vm_map_lookup	vm	darwin01	kernel-1.tar.gz sha256 0c19349be454d7162f497b55a7735b443f5506694215e2f3f5f026b597a54a01 (file has restoration edits elsewhere)	darwin01/kernel/vm/vm_map.c:2344 (edited file :2095)	vm_map_lookup	07_kernel/src/vm/vm_map.c	compared	high	06_reconstruction/evidence/x86-vm_map.md	L1 MATCH, object OBJECT_MATCH (common variant, -g; -O3 by plan 36.1) (09_validation/reconstruction/s5p103-build-l1-vm_map-O3c-20261002.json)
x86-0x1783d8	x86	33469393c0843fc741942c3ae9d91d838467d72abd647dcf2e5bf499a3f14890	0x1783d8	_vm_map_lookup_done	vm	darwin01	kernel-1.tar.gz sha256 0c19349be454d7162f497b55a7735b443f5506694215e2f3f5f026b597a54a01 (file has restoration edits elsewhere)	darwin01/kernel/vm/vm_map.c:2646 (edited file :2397)	vm_map_lookup_done	07_kernel/src/vm/vm_map.c	compared	high	06_reconstruction/evidence/x86-vm_map.md	L1 MATCH, object OBJECT_MATCH (common variant, -g; -O3 by plan 36.1) (09_validation/reconstruction/s5p103-build-l1-vm_map-O3c-20261002.json)
x86-0x178400	x86	33469393c0843fc741942c3ae9d91d838467d72abd647dcf2e5bf499a3f14890	0x178400	_vm_map_machine_attribute	vm	darwin01	kernel-1.tar.gz sha256 0c19349be454d7162f497b55a7735b443f5506694215e2f3f5f026b597a54a01 (file has restoration edits elsewhere)	darwin01/kernel/vm/vm_map.c:2679 (edited file :2430)	vm_map_machine_attribute	07_kernel/src/vm/vm_map.c	compared	high	06_reconstruction/evidence/x86-vm_map.md	L1 MATCH, object OBJECT_MATCH (common variant, -g; -O3 by plan 36.1) (09_validation/reconstruction/s5p103-build-l1-vm_map-O3c-20261002.json)
x86-0x178458	x86	33469393c0843fc741942c3ae9d91d838467d72abd647dcf2e5bf499a3f14890	0x178458	_vm_region	vm	darwin01	kernel-1.tar.gz sha256 0c19349be454d7162f497b55a7735b443f5506694215e2f3f5f026b597a54a01 + restoration edit (07_kernel/MODIFICATIONS.md)	darwin01/kernel/vm/vm_map.c:2773 (edited file :2524)	vm_region	07_kernel/src/vm/vm_map.c	compared	high	06_reconstruction/evidence/x86-vm_map.md	L1 MATCH, object OBJECT_MATCH (common variant, -g; -O3 by plan 36.1) (09_validation/reconstruction/s5p103-build-l1-vm_map-O3c-20261002.json); NeXTMach form (vm_map.c:2419-): no submap recursion, vm_object_name directly, submap entries return PORT_NULL
x86-0x178708	x86	33469393c0843fc741942c3ae9d91d838467d72abd647dcf2e5bf499a3f14890	0x178708	_vm_move	vm	darwin01	kernel-1.tar.gz sha256 0c19349be454d7162f497b55a7735b443f5506694215e2f3f5f026b597a54a01 (file has restoration edits elsewhere)	darwin01/kernel/vm/vm_map.c:2933 (edited file :2621)	vm_move	07_kernel/src/vm/vm_map.c	compared	high	06_reconstruction/evidence/x86-vm_map.md	L1 MATCH, object OBJECT_MATCH (common variant, -g; -O3 by plan 36.1) (09_validation/reconstruction/s5p103-build-l1-vm_map-O3c-20261002.json)
x86-0x1787b4	x86	33469393c0843fc741942c3ae9d91d838467d72abd647dcf2e5bf499a3f14890	0x1787b4	_vm_map_pmap_EXTERNAL	vm	darwin01	kernel-1.tar.gz sha256 0c19349be454d7162f497b55a7735b443f5506694215e2f3f5f026b597a54a01 (file has restoration edits elsewhere)	darwin01/kernel/vm/vm_map.c:2987 (edited file :2675)	vm_map_pmap_EXTERNAL	07_kernel/src/vm/vm_map.c	compared	high	06_reconstruction/evidence/x86-vm_map.md	L1 MATCH, object OBJECT_MATCH (common variant, -g; -O3 by plan 36.1) (09_validation/reconstruction/s5p103-build-l1-vm_map-O3c-20261002.json)
x86-0x161e5c	x86	33469393c0843fc741942c3ae9d91d838467d72abd647dcf2e5bf499a3f14890	0x161e5c	_enqueue_head	kern	darwin01	kernel-1.tar.gz sha256 0c19349be454d7162f497b55a7735b443f5506694215e2f3f5f026b597a54a01	darwin01/kernel/kern/queue.h:120 (instantiated by kern/queue.c with _KERN_QUEUE_FUNCTION_SCOPE_)	enqueue_head	07_kernel/src/kern/queue.c	compared	high	06_reconstruction/evidence/x86-queue.md	L1 MATCH, object OBJECT_MATCH (final flags and -fno-common variant; 09_validation/reconstruction/s5p112-l1-queue-F-20261002.json)
x86-0x161e7c	x86	33469393c0843fc741942c3ae9d91d838467d72abd647dcf2e5bf499a3f14890	0x161e7c	_enqueue_tail	kern	darwin01	kernel-1.tar.gz sha256 0c19349be454d7162f497b55a7735b443f5506694215e2f3f5f026b597a54a01	darwin01/kernel/kern/queue.h:134 (instantiated by kern/queue.c with _KERN_QUEUE_FUNCTION_SCOPE_)	enqueue_tail	07_kernel/src/kern/queue.c	compared	high	06_reconstruction/evidence/x86-queue.md	L1 MATCH, object OBJECT_MATCH (final flags and -fno-common variant; 09_validation/reconstruction/s5p112-l1-queue-F-20261002.json)
x86-0x161ea0	x86	33469393c0843fc741942c3ae9d91d838467d72abd647dcf2e5bf499a3f14890	0x161ea0	_dequeue_head	kern	darwin01	kernel-1.tar.gz sha256 0c19349be454d7162f497b55a7735b443f5506694215e2f3f5f026b597a54a01	darwin01/kernel/kern/queue.h:148 (instantiated by kern/queue.c with _KERN_QUEUE_FUNCTION_SCOPE_)	dequeue_head	07_kernel/src/kern/queue.c	compared	high	06_reconstruction/evidence/x86-queue.md	L1 MATCH, object OBJECT_MATCH (final flags and -fno-common variant; 09_validation/reconstruction/s5p112-l1-queue-F-20261002.json)
x86-0x161ec8	x86	33469393c0843fc741942c3ae9d91d838467d72abd647dcf2e5bf499a3f14890	0x161ec8	_dequeue_tail	kern	darwin01	kernel-1.tar.gz sha256 0c19349be454d7162f497b55a7735b443f5506694215e2f3f5f026b597a54a01	darwin01/kernel/kern/queue.h:166 (instantiated by kern/queue.c with _KERN_QUEUE_FUNCTION_SCOPE_)	dequeue_tail	07_kernel/src/kern/queue.c	compared	high	06_reconstruction/evidence/x86-queue.md	L1 MATCH, object OBJECT_MATCH (final flags and -fno-common variant; 09_validation/reconstruction/s5p112-l1-queue-F-20261002.json)
x86-0x161ef4	x86	33469393c0843fc741942c3ae9d91d838467d72abd647dcf2e5bf499a3f14890	0x161ef4	_remqueue	kern	darwin01	kernel-1.tar.gz sha256 0c19349be454d7162f497b55a7735b443f5506694215e2f3f5f026b597a54a01	darwin01/kernel/kern/queue.h:188 (instantiated by kern/queue.c with _KERN_QUEUE_FUNCTION_SCOPE_)	remqueue	07_kernel/src/kern/queue.c	compared	high	06_reconstruction/evidence/x86-queue.md	L1 MATCH, object OBJECT_MATCH (final flags and -fno-common variant; 09_validation/reconstruction/s5p112-l1-queue-F-20261002.json)
x86-0x161f10	x86	33469393c0843fc741942c3ae9d91d838467d72abd647dcf2e5bf499a3f14890	0x161f10	_insque	kern	darwin01	kernel-1.tar.gz sha256 0c19349be454d7162f497b55a7735b443f5506694215e2f3f5f026b597a54a01	darwin01/kernel/kern/queue.h:201 (instantiated by kern/queue.c with _KERN_QUEUE_FUNCTION_SCOPE_)	insque	07_kernel/src/kern/queue.c	compared	high	06_reconstruction/evidence/x86-queue.md	L1 MATCH, object OBJECT_MATCH (final flags and -fno-common variant; 09_validation/reconstruction/s5p112-l1-queue-F-20261002.json)
x86-0x161f30	x86	33469393c0843fc741942c3ae9d91d838467d72abd647dcf2e5bf499a3f14890	0x161f30	_remque	kern	darwin01	kernel-1.tar.gz sha256 0c19349be454d7162f497b55a7735b443f5506694215e2f3f5f026b597a54a01	darwin01/kernel/kern/queue.h:213 (instantiated by kern/queue.c with _KERN_QUEUE_FUNCTION_SCOPE_)	remque	07_kernel/src/kern/queue.c	compared	high	06_reconstruction/evidence/x86-queue.md	L1 MATCH, object OBJECT_MATCH (final flags and -fno-common variant; 09_validation/reconstruction/s5p112-l1-queue-F-20261002.json)
x86-0x165380	x86	33469393c0843fc741942c3ae9d91d838467d72abd647dcf2e5bf499a3f14890	0x165380	_swtch_continue	kern	darwin01	kernel-1.tar.gz sha256 0c19349be454d7162f497b55a7735b443f5506694215e2f3f5f026b597a54a01 (file has an appended NeXTMach block)	darwin01/kernel/kern/syscall_subr.c:92 (edited file :94)	swtch_continue	07_kernel/src/kern/syscall_subr.c	compared	high	06_reconstruction/evidence/x86-syscall_subr.md	L1 MATCH, object OBJECT_MATCH with the final flags (09_validation/reconstruction/s5p112-l1-syscall_subr-F-20261002.json)
x86-0x1653b4	x86	33469393c0843fc741942c3ae9d91d838467d72abd647dcf2e5bf499a3f14890	0x1653b4	_swtch	kern	darwin01	kernel-1.tar.gz sha256 0c19349be454d7162f497b55a7735b443f5506694215e2f3f5f026b597a54a01 (file has an appended NeXTMach block)	darwin01/kernel/kern/syscall_subr.c:102 (edited file :104)	swtch	07_kernel/src/kern/syscall_subr.c	compared	high	06_reconstruction/evidence/x86-syscall_subr.md	L1 MATCH, object OBJECT_MATCH with the final flags (09_validation/reconstruction/s5p112-l1-syscall_subr-F-20261002.json)
x86-0x1653ec	x86	33469393c0843fc741942c3ae9d91d838467d72abd647dcf2e5bf499a3f14890	0x1653ec	_swtch_pri_continue	kern	darwin01	kernel-1.tar.gz sha256 0c19349be454d7162f497b55a7735b443f5506694215e2f3f5f026b597a54a01 (file has an appended NeXTMach block)	darwin01/kernel/kern/syscall_subr.c:120 (edited file :122)	swtch_pri_continue	07_kernel/src/kern/syscall_subr.c	compared	high	06_reconstruction/evidence/x86-syscall_subr.md	L1 MATCH, object OBJECT_MATCH with the final flags (09_validation/reconstruction/s5p112-l1-syscall_subr-F-20261002.json)
x86-0x165434	x86	33469393c0843fc741942c3ae9d91d838467d72abd647dcf2e5bf499a3f14890	0x165434	_swtch_pri	kern	darwin01	kernel-1.tar.gz sha256 0c19349be454d7162f497b55a7735b443f5506694215e2f3f5f026b597a54a01 (file has an appended NeXTMach block)	darwin01/kernel/kern/syscall_subr.c:133 (edited file :135)	swtch_pri	07_kernel/src/kern/syscall_subr.c	compared	high	06_reconstruction/evidence/x86-syscall_subr.md	L1 MATCH, object OBJECT_MATCH with the final flags (09_validation/reconstruction/s5p112-l1-syscall_subr-F-20261002.json)
x86-0x165494	x86	33469393c0843fc741942c3ae9d91d838467d72abd647dcf2e5bf499a3f14890	0x165494	_thread_switch_continue	kern	darwin01	kernel-1.tar.gz sha256 0c19349be454d7162f497b55a7735b443f5506694215e2f3f5f026b597a54a01 (file has an appended NeXTMach block)	darwin01/kernel/kern/syscall_subr.c:168 (edited file :170)	thread_switch_continue	07_kernel/src/kern/syscall_subr.c	compared	high	06_reconstruction/evidence/x86-syscall_subr.md	L1 MATCH, object OBJECT_MATCH with the final flags (09_validation/reconstruction/s5p112-l1-syscall_subr-F-20261002.json)
x86-0x1654b8	x86	33469393c0843fc741942c3ae9d91d838467d72abd647dcf2e5bf499a3f14890	0x1654b8	_thread_switch	kern	darwin01	kernel-1.tar.gz sha256 0c19349be454d7162f497b55a7735b443f5506694215e2f3f5f026b597a54a01 (file has an appended NeXTMach block)	darwin01/kernel/kern/syscall_subr.c:189 (edited file :191)	thread_switch	07_kernel/src/kern/syscall_subr.c	compared	high	06_reconstruction/evidence/x86-syscall_subr.md	L1 MATCH, object OBJECT_MATCH with the final flags (09_validation/reconstruction/s5p112-l1-syscall_subr-F-20261002.json)
x86-0x165610	x86	33469393c0843fc741942c3ae9d91d838467d72abd647dcf2e5bf499a3f14890	0x165610	_thread_depress_priority	kern	darwin01	kernel-1.tar.gz sha256 0c19349be454d7162f497b55a7735b443f5506694215e2f3f5f026b597a54a01 (file has an appended NeXTMach block)	darwin01/kernel/kern/syscall_subr.c:315 (edited file :317)	thread_depress_priority	07_kernel/src/kern/syscall_subr.c	compared	high	06_reconstruction/evidence/x86-syscall_subr.md	L1 MATCH, object OBJECT_MATCH with the final flags (09_validation/reconstruction/s5p112-l1-syscall_subr-F-20261002.json)
x86-0x1656ac	x86	33469393c0843fc741942c3ae9d91d838467d72abd647dcf2e5bf499a3f14890	0x1656ac	_thread_depress_timeout	kern	darwin01	kernel-1.tar.gz sha256 0c19349be454d7162f497b55a7735b443f5506694215e2f3f5f026b597a54a01 (file has an appended NeXTMach block)	darwin01/kernel/kern/syscall_subr.c:353 (edited file :355)	thread_depress_timeout	07_kernel/src/kern/syscall_subr.c	compared	high	06_reconstruction/evidence/x86-syscall_subr.md	L1 MATCH, object OBJECT_MATCH with the final flags (09_validation/reconstruction/s5p112-l1-syscall_subr-F-20261002.json)
x86-0x165704	x86	33469393c0843fc741942c3ae9d91d838467d72abd647dcf2e5bf499a3f14890	0x165704	_thread_depress_abort	kern	darwin01	kernel-1.tar.gz sha256 0c19349be454d7162f497b55a7735b443f5506694215e2f3f5f026b597a54a01 (file has an appended NeXTMach block)	darwin01/kernel/kern/syscall_subr.c:382 (edited file :384)	thread_depress_abort	07_kernel/src/kern/syscall_subr.c	compared	high	06_reconstruction/evidence/x86-syscall_subr.md	L1 MATCH, object OBJECT_MATCH with the final flags (09_validation/reconstruction/s5p112-l1-syscall_subr-F-20261002.json)
x86-0x165784	x86	33469393c0843fc741942c3ae9d91d838467d72abd647dcf2e5bf499a3f14890	0x165784	_map_fd	kern	nextmach	https://github.com/johnsonjh/NeXTMach.git f6bdb9c3268f0eadc545d41bcc0564453b17001e	nextmach/mk-108.1/kern/syscall_subr.c:637 (edited file :442)	map_fd	07_kernel/src/kern/syscall_subr.c	compared	high	06_reconstruction/evidence/x86-syscall_subr.md	L1 MATCH, object OBJECT_MATCH with the final flags (09_validation/reconstruction/s5p112-l1-syscall_subr-F-20261002.json)
x86-0x15dfe4	x86	33469393c0843fc741942c3ae9d91d838467d72abd647dcf2e5bf499a3f14890	0x15dfe4	_mfs_init	kern	nextmach	https://github.com/johnsonjh/NeXTMach.git f6bdb9c3268f0eadc545d41bcc0564453b17001e	nextmach/mk-108.1/kern/mfs_prim.c:113 (edited file :120)	mfs_init	07_kernel/src/kern/mfs_prim.c	compared	high	06_reconstruction/evidence/x86-mfs_prim.md	L1 MATCH, object OBJECT_MATCH with the final flags (09_validation/reconstruction/s5p113-it6-l1-mfs_prim-F-20261002.json)
x86-0x15e0b4	x86	33469393c0843fc741942c3ae9d91d838467d72abd647dcf2e5bf499a3f14890	0x15e0b4	_vm_info_init	kern	nextmach	https://github.com/johnsonjh/NeXTMach.git f6bdb9c3268f0eadc545d41bcc0564453b17001e	nextmach/mk-108.1/kern/mfs_prim.c:142 (edited file :157)	vm_info_init	07_kernel/src/kern/mfs_prim.c	compared	high	06_reconstruction/evidence/x86-mfs_prim.md	L1 MATCH, object OBJECT_MATCH with the final flags (09_validation/reconstruction/s5p113-it6-l1-mfs_prim-F-20261002.json)
x86-0x15e138	x86	33469393c0843fc741942c3ae9d91d838467d72abd647dcf2e5bf499a3f14890	0x15e138	_vm_info_enqueue	kern	nextmach	https://github.com/johnsonjh/NeXTMach.git f6bdb9c3268f0eadc545d41bcc0564453b17001e	nextmach/mk-108.1/kern/mfs_prim.c:169 (edited file :184)	vm_info_enqueue	07_kernel/src/kern/mfs_prim.c	compared	high	06_reconstruction/evidence/x86-mfs_prim.md	L1 MATCH, object OBJECT_MATCH with the final flags (09_validation/reconstruction/s5p113-it6-l1-mfs_prim-F-20261002.json)
x86-0x15e17c	x86	33469393c0843fc741942c3ae9d91d838467d72abd647dcf2e5bf499a3f14890	0x15e17c	_vm_info_dequeue	kern	nextmach	https://github.com/johnsonjh/NeXTMach.git f6bdb9c3268f0eadc545d41bcc0564453b17001e	nextmach/mk-108.1/kern/mfs_prim.c:180 (edited file :195)	vm_info_dequeue	07_kernel/src/kern/mfs_prim.c	compared	high	06_reconstruction/evidence/x86-mfs_prim.md	L1 MATCH, object OBJECT_MATCH with the final flags (09_validation/reconstruction/s5p113-it6-l1-mfs_prim-F-20261002.json)
x86-0x15e1c4	x86	33469393c0843fc741942c3ae9d91d838467d72abd647dcf2e5bf499a3f14890	0x15e1c4	_map_vnode	kern	nextmach	https://github.com/johnsonjh/NeXTMach.git f6bdb9c3268f0eadc545d41bcc0564453b17001e	nextmach/mk-108.1/kern/mfs_prim.c:196 (edited file :211)	map_vnode	07_kernel/src/kern/mfs_prim.c	compared	high	06_reconstruction/evidence/x86-mfs_prim.md	L1 MATCH, object OBJECT_MATCH with the final flags (09_validation/reconstruction/s5p113-it6-l1-mfs_prim-F-20261002.json)
x86-0x15e2ac	x86	33469393c0843fc741942c3ae9d91d838467d72abd647dcf2e5bf499a3f14890	0x15e2ac	_unmap_vnode	kern	nextmach	https://github.com/johnsonjh/NeXTMach.git f6bdb9c3268f0eadc545d41bcc0564453b17001e	nextmach/mk-108.1/kern/mfs_prim.c:265 (edited file :280)	unmap_vnode	07_kernel/src/kern/mfs_prim.c	compared	high	06_reconstruction/evidence/x86-mfs_prim.md	L1 MATCH, object OBJECT_MATCH with the final flags (09_validation/reconstruction/s5p113-it6-l1-mfs_prim-F-20261002.json)
x86-0x15e380	x86	33469393c0843fc741942c3ae9d91d838467d72abd647dcf2e5bf499a3f14890	0x15e380	_remap_vnode	kern	nextmach	https://github.com/johnsonjh/NeXTMach.git f6bdb9c3268f0eadc545d41bcc0564453b17001e	nextmach/mk-108.1/kern/mfs_prim.c:329 (edited file :344)	remap_vnode	07_kernel/src/kern/mfs_prim.c	compared	high	06_reconstruction/evidence/x86-mfs_prim.md	L1 MATCH, object OBJECT_MATCH with the final flags (09_validation/reconstruction/s5p113-it6-l1-mfs_prim-F-20261002.json)
x86-0x15e534	x86	33469393c0843fc741942c3ae9d91d838467d72abd647dcf2e5bf499a3f14890	0x15e534	_mfs_trunc	kern	nextmach	https://github.com/johnsonjh/NeXTMach.git f6bdb9c3268f0eadc545d41bcc0564453b17001e	nextmach/mk-108.1/kern/mfs_prim.c:410 (edited file :425)	mfs_trunc	07_kernel/src/kern/mfs_prim.c	compared	high	06_reconstruction/evidence/x86-mfs_prim.md	L1 MATCH, object OBJECT_MATCH with the final flags (09_validation/reconstruction/s5p113-it6-l1-mfs_prim-F-20261002.json)
x86-0x15e7d0	x86	33469393c0843fc741942c3ae9d91d838467d72abd647dcf2e5bf499a3f14890	0x15e7d0	_mfs_get	kern	nextmach	https://github.com/johnsonjh/NeXTMach.git f6bdb9c3268f0eadc545d41bcc0564453b17001e	nextmach/mk-108.1/kern/mfs_prim.c:513 (edited file :528)	mfs_get	07_kernel/src/kern/mfs_prim.c	compared	high	06_reconstruction/evidence/x86-mfs_prim.md	L1 MATCH, object OBJECT_MATCH with the final flags (09_validation/reconstruction/s5p113-it6-l1-mfs_prim-F-20261002.json)
x86-0x15e9a4	x86	33469393c0843fc741942c3ae9d91d838467d72abd647dcf2e5bf499a3f14890	0x15e9a4	_mfs_put	kern	nextmach	https://github.com/johnsonjh/NeXTMach.git f6bdb9c3268f0eadc545d41bcc0564453b17001e	nextmach/mk-108.1/kern/mfs_prim.c:544 (edited file :559)	mfs_put	07_kernel/src/kern/mfs_prim.c	compared	high	06_reconstruction/evidence/x86-mfs_prim.md	L1 MATCH, object OBJECT_MATCH with the final flags (09_validation/reconstruction/s5p113-it6-l1-mfs_prim-F-20261002.json)
x86-0x15e9b8	x86	33469393c0843fc741942c3ae9d91d838467d72abd647dcf2e5bf499a3f14890	0x15e9b8	_vmp_get	kern	nextmach	https://github.com/johnsonjh/NeXTMach.git f6bdb9c3268f0eadc545d41bcc0564453b17001e	nextmach/mk-108.1/kern/mfs_prim.c:555 (edited file :570)	vmp_get	07_kernel/src/kern/mfs_prim.c	compared	high	06_reconstruction/evidence/x86-mfs_prim.md	L1 MATCH, object OBJECT_MATCH with the final flags (09_validation/reconstruction/s5p113-it6-l1-mfs_prim-F-20261002.json)
x86-0x15ea38	x86	33469393c0843fc741942c3ae9d91d838467d72abd647dcf2e5bf499a3f14890	0x15ea38	_vmp_put	kern	nextmach	https://github.com/johnsonjh/NeXTMach.git f6bdb9c3268f0eadc545d41bcc0564453b17001e	nextmach/mk-108.1/kern/mfs_prim.c:579 (edited file :594)	vmp_put	07_kernel/src/kern/mfs_prim.c	compared	high	06_reconstruction/evidence/x86-mfs_prim.md	L1 MATCH, object OBJECT_MATCH with the final flags (09_validation/reconstruction/s5p113-it6-l1-mfs_prim-F-20261002.json)
x86-0x15eae8	x86	33469393c0843fc741942c3ae9d91d838467d72abd647dcf2e5bf499a3f14890	0x15eae8	_mfs_uncache	kern	nextmach	https://github.com/johnsonjh/NeXTMach.git f6bdb9c3268f0eadc545d41bcc0564453b17001e	nextmach/mk-108.1/kern/mfs_prim.c:608 (edited file :623)	mfs_uncache	07_kernel/src/kern/mfs_prim.c	compared	high	06_reconstruction/evidence/x86-mfs_prim.md	L1 MATCH, object OBJECT_MATCH with the final flags (09_validation/reconstruction/s5p113-it6-l1-mfs_prim-F-20261002.json)
x86-0x15eb0c	x86	33469393c0843fc741942c3ae9d91d838467d72abd647dcf2e5bf499a3f14890	0x15eb0c	_mfs_memfree	kern	nextmach	https://github.com/johnsonjh/NeXTMach.git f6bdb9c3268f0eadc545d41bcc0564453b17001e	nextmach/mk-108.1/kern/mfs_prim.c:623 (edited file :638)	mfs_memfree	07_kernel/src/kern/mfs_prim.c	compared	high	06_reconstruction/evidence/x86-mfs_prim.md	L1 MATCH, object OBJECT_MATCH with the final flags (09_validation/reconstruction/s5p113-it6-l1-mfs_prim-F-20261002.json)
x86-0x15ec00	x86	33469393c0843fc741942c3ae9d91d838467d72abd647dcf2e5bf499a3f14890	0x15ec00	_mfs_cache_trim	kern	nextmach	https://github.com/johnsonjh/NeXTMach.git f6bdb9c3268f0eadc545d41bcc0564453b17001e	nextmach/mk-108.1/kern/mfs_prim.c:668 (edited file :683)	mfs_cache_trim	07_kernel/src/kern/mfs_prim.c	compared	high	06_reconstruction/evidence/x86-mfs_prim.md	L1 MATCH, object OBJECT_MATCH with the final flags (09_validation/reconstruction/s5p113-it6-l1-mfs_prim-F-20261002.json)
x86-0x15ed8c	x86	33469393c0843fc741942c3ae9d91d838467d72abd647dcf2e5bf499a3f14890	0x15ed8c	_mfs_cache_clear	kern	nextmach	https://github.com/johnsonjh/NeXTMach.git f6bdb9c3268f0eadc545d41bcc0564453b17001e	nextmach/mk-108.1/kern/mfs_prim.c:697 (edited file :712)	mfs_cache_clear	07_kernel/src/kern/mfs_prim.c	compared	high	06_reconstruction/evidence/x86-mfs_prim.md	L1 MATCH, object OBJECT_MATCH with the final flags (09_validation/reconstruction/s5p113-it6-l1-mfs_prim-F-20261002.json)
x86-0x15ef18	x86	33469393c0843fc741942c3ae9d91d838467d72abd647dcf2e5bf499a3f14890	0x15ef18	_mfs_map_remove	kern	nextmach	https://github.com/johnsonjh/NeXTMach.git f6bdb9c3268f0eadc545d41bcc0564453b17001e	nextmach/mk-108.1/kern/mfs_prim.c:738 (edited file :753)	mfs_map_remove	07_kernel/src/kern/mfs_prim.c	compared	high	06_reconstruction/evidence/x86-mfs_prim.md	L1 MATCH, object OBJECT_MATCH with the final flags (09_validation/reconstruction/s5p113-it6-l1-mfs_prim-F-20261002.json)
x86-0x15efb4	x86	33469393c0843fc741942c3ae9d91d838467d72abd647dcf2e5bf499a3f14890	0x15efb4	_vnode_size	kern	nextmach	https://github.com/johnsonjh/NeXTMach.git f6bdb9c3268f0eadc545d41bcc0564453b17001e	nextmach/mk-108.1/kern/mfs_prim.c:777 (edited file :792)	vnode_size	07_kernel/src/kern/mfs_prim.c	compared	high	06_reconstruction/evidence/x86-mfs_prim.md	L1 MATCH, object OBJECT_MATCH with the final flags (09_validation/reconstruction/s5p113-it6-l1-mfs_prim-F-20261002.json)
x86-0x15efdc	x86	33469393c0843fc741942c3ae9d91d838467d72abd647dcf2e5bf499a3f14890	0x15efdc	_mfs_io	kern	nextmach	https://github.com/johnsonjh/NeXTMach.git f6bdb9c3268f0eadc545d41bcc0564453b17001e	nextmach/mk-108.1/kern/mfs_prim.c:789 (edited file :806)	mfs_io	07_kernel/src/kern/mfs_prim.c	compared	high	06_reconstruction/evidence/x86-mfs_prim.md	L1 MATCH, object OBJECT_MATCH with the final flags (09_validation/reconstruction/s5p113-it6-l1-mfs_prim-F-20261002.json)
x86-0x15f468	x86	33469393c0843fc741942c3ae9d91d838467d72abd647dcf2e5bf499a3f14890	0x15f468	_mfs_sync	kern	nextmach	https://github.com/johnsonjh/NeXTMach.git f6bdb9c3268f0eadc545d41bcc0564453b17001e	nextmach/mk-108.1/kern/mfs_prim.c:915 (edited file :959)	mfs_sync	07_kernel/src/kern/mfs_prim.c	compared	high	06_reconstruction/evidence/x86-mfs_prim.md	L1 MATCH, object OBJECT_MATCH with the final flags (09_validation/reconstruction/s5p113-it6-l1-mfs_prim-F-20261002.json)
x86-0x15f638	x86	33469393c0843fc741942c3ae9d91d838467d72abd647dcf2e5bf499a3f14890	0x15f638	_mfs_fsync	kern	nextmach	https://github.com/johnsonjh/NeXTMach.git f6bdb9c3268f0eadc545d41bcc0564453b17001e	nextmach/mk-108.1/kern/mfs_prim.c:960 (edited file :1004)	mfs_fsync	07_kernel/src/kern/mfs_prim.c	compared	high	06_reconstruction/evidence/x86-mfs_prim.md	L1 MATCH, object OBJECT_MATCH with the final flags (09_validation/reconstruction/s5p113-it6-l1-mfs_prim-F-20261002.json)
x86-0x15f78c	x86	33469393c0843fc741942c3ae9d91d838467d72abd647dcf2e5bf499a3f14890	0x15f78c	_mfs_fsync_invalidate	kern	darwin01	kernel-1.tar.gz sha256 0c19349be454d7162f497b55a7735b443f5506694215e2f3f5f026b597a54a01 (function inside #if 0 there)	darwin01/kernel/kern/mapfs.c:1532 (edited file :1031)	mfs_fsync_invalidate	07_kernel/src/kern/mfs_prim.c	compared	high	06_reconstruction/evidence/x86-mfs_prim.md	L1 MATCH, object OBJECT_MATCH with the final flags (09_validation/reconstruction/s5p113-it6-l1-mfs_prim-F-20261002.json)
x86-0x15f8c0	x86	33469393c0843fc741942c3ae9d91d838467d72abd647dcf2e5bf499a3f14890	0x15f8c0	_mfs_invalidate	kern	nextmach	https://github.com/johnsonjh/NeXTMach.git f6bdb9c3268f0eadc545d41bcc0564453b17001e	nextmach/mk-108.1/kern/mfs_prim.c:978 (edited file :1079)	mfs_invalidate	07_kernel/src/kern/mfs_prim.c	compared	high	06_reconstruction/evidence/x86-mfs_prim.md	L1 MATCH, object OBJECT_MATCH with the final flags (09_validation/reconstruction/s5p113-it6-l1-mfs_prim-F-20261002.json)
x86-0x15fa1c	x86	33469393c0843fc741942c3ae9d91d838467d72abd647dcf2e5bf499a3f14890	0x15fa1c	_vno_flush	kern	nextmach	https://github.com/johnsonjh/NeXTMach.git f6bdb9c3268f0eadc545d41bcc0564453b17001e	nextmach/mk-108.1/kern/mfs_prim.c:1004 (edited file :1105)	vno_flush	07_kernel/src/kern/mfs_prim.c	compared	high	06_reconstruction/evidence/x86-mfs_prim.md	L1 MATCH, object OBJECT_MATCH with the final flags (09_validation/reconstruction/s5p113-it6-l1-mfs_prim-F-20261002.json)
x86-0x15fb28	x86	33469393c0843fc741942c3ae9d91d838467d72abd647dcf2e5bf499a3f14890	0x15fb28	_vmp_invalidate	kern	nextmach	https://github.com/johnsonjh/NeXTMach.git f6bdb9c3268f0eadc545d41bcc0564453b17001e	nextmach/mk-108.1/kern/mfs_prim.c:1046 (edited file :1147)	vmp_invalidate	07_kernel/src/kern/mfs_prim.c	compared	high	06_reconstruction/evidence/x86-mfs_prim.md	L1 MATCH, object OBJECT_MATCH with the final flags (09_validation/reconstruction/s5p113-it6-l1-mfs_prim-F-20261002.json)
x86-0x15fc58	x86	33469393c0843fc741942c3ae9d91d838467d72abd647dcf2e5bf499a3f14890	0x15fc58	_vmp_push	kern	nextmach	https://github.com/johnsonjh/NeXTMach.git f6bdb9c3268f0eadc545d41bcc0564453b17001e	nextmach/mk-108.1/kern/mfs_prim.c:1084 (edited file :1200)	vmp_push	07_kernel/src/kern/mfs_prim.c	compared	high	06_reconstruction/evidence/x86-mfs_prim.md	L1 MATCH, object OBJECT_MATCH with the final flags (09_validation/reconstruction/s5p113-it6-l1-mfs_prim-F-20261002.json)
x86-0x15fe70	x86	33469393c0843fc741942c3ae9d91d838467d72abd647dcf2e5bf499a3f14890	0x15fe70	_vmp_push_all	kern	darwin01	kernel-1.tar.gz sha256 0c19349be454d7162f497b55a7735b443f5506694215e2f3f5f026b597a54a01 (function inside #if 0 there)	darwin01/kernel/kern/mapfs.c:1930 (edited file :111)	vmp_push_all	07_kernel/src/kern/mfs_prim.c	compared	high	06_reconstruction/evidence/x86-mfs_prim.md	L1 MATCH, object OBJECT_MATCH with the final flags (09_validation/reconstruction/s5p113-it6-l1-mfs_prim-F-20261002.json)
x86-0x16003c	x86	33469393c0843fc741942c3ae9d91d838467d72abd647dcf2e5bf499a3f14890	0x16003c	_vm_info_free	kern	nextmach	https://github.com/johnsonjh/NeXTMach.git f6bdb9c3268f0eadc545d41bcc0564453b17001e	nextmach/mk-108.1/kern/mfs_prim.c:1174 (edited file :1393)	vm_info_free	07_kernel/src/kern/mfs_prim.c	compared	high	06_reconstruction/evidence/x86-mfs_prim.md	L1 MATCH, object OBJECT_MATCH with the final flags (09_validation/reconstruction/s5p113-it6-l1-mfs_prim-F-20261002.json)
x86-0x160074	x86	33469393c0843fc741942c3ae9d91d838467d72abd647dcf2e5bf499a3f14890	0x160074	_vm_get_vnode_size	kern	nextmach	https://github.com/johnsonjh/NeXTMach.git f6bdb9c3268f0eadc545d41bcc0564453b17001e	nextmach/mk-108.1/kern/mfs_prim.c:1180 (edited file :1399)	vm_get_vnode_size	07_kernel/src/kern/mfs_prim.c	compared	high	06_reconstruction/evidence/x86-mfs_prim.md	L1 MATCH, object OBJECT_MATCH with the final flags (09_validation/reconstruction/s5p113-it6-l1-mfs_prim-F-20261002.json)
x86-0x160084	x86	33469393c0843fc741942c3ae9d91d838467d72abd647dcf2e5bf499a3f14890	0x160084	_vm_set_vnode_size	kern	nextmach	https://github.com/johnsonjh/NeXTMach.git f6bdb9c3268f0eadc545d41bcc0564453b17001e	nextmach/mk-108.1/kern/mfs_prim.c:1185 (edited file :1404)	vm_set_vnode_size	07_kernel/src/kern/mfs_prim.c	compared	high	06_reconstruction/evidence/x86-mfs_prim.md	L1 MATCH, object OBJECT_MATCH with the final flags (09_validation/reconstruction/s5p113-it6-l1-mfs_prim-F-20261002.json)
x86-0x160098	x86	33469393c0843fc741942c3ae9d91d838467d72abd647dcf2e5bf499a3f14890	0x160098	_vm_set_close_flush	kern	nextmach	https://github.com/johnsonjh/NeXTMach.git f6bdb9c3268f0eadc545d41bcc0564453b17001e	nextmach/mk-108.1/kern/mfs_prim.c:1190 (edited file :1409)	vm_set_close_flush	07_kernel/src/kern/mfs_prim.c	compared	high	06_reconstruction/evidence/x86-mfs_prim.md	L1 MATCH, object OBJECT_MATCH with the final flags (09_validation/reconstruction/s5p113-it6-l1-mfs_prim-F-20261002.json)
x86-0x1600b8	x86	33469393c0843fc741942c3ae9d91d838467d72abd647dcf2e5bf499a3f14890	0x1600b8	_vm_set_error	kern	nextmach	https://github.com/johnsonjh/NeXTMach.git f6bdb9c3268f0eadc545d41bcc0564453b17001e	nextmach/mk-108.1/kern/mfs_prim.c:1195 (edited file :1414)	vm_set_error	07_kernel/src/kern/mfs_prim.c	compared	high	06_reconstruction/evidence/x86-mfs_prim.md	L1 MATCH, object OBJECT_MATCH with the final flags (09_validation/reconstruction/s5p113-it6-l1-mfs_prim-F-20261002.json)
x86-0x103088	x86	33469393c0843fc741942c3ae9d91d838467d72abd647dcf2e5bf499a3f14890	0x103088	_sysacct	bsd	nextmach	https://github.com/johnsonjh/NeXTMach.git f6bdb9c3268f0eadc545d41bcc0564453b17001e	nextmach/mk-108.1/bsd/kern_acct.c:46	sysacct	07_kernel/src/bsd/kern/kern_acct.c	compared	high	06_reconstruction/evidence/x86-nextmach-batch1.md	L1 MATCH, object OBJECT_MATCH with the final flags (09_validation/reconstruction/s5p114-adopt-l1-kern_acct_14-F-20261002.json)
x86-0x103188	x86	33469393c0843fc741942c3ae9d91d838467d72abd647dcf2e5bf499a3f14890	0x103188	_acct	bsd	nextmach	https://github.com/johnsonjh/NeXTMach.git f6bdb9c3268f0eadc545d41bcc0564453b17001e	nextmach/mk-108.1/bsd/kern_acct.c:112	acct	07_kernel/src/bsd/kern/kern_acct.c	compared	high	06_reconstruction/evidence/x86-nextmach-batch1.md	L1 MATCH, object OBJECT_MATCH with the final flags (09_validation/reconstruction/s5p114-adopt-l1-kern_acct_14-F-20261002.json)
x86-0x103428	x86	33469393c0843fc741942c3ae9d91d838467d72abd647dcf2e5bf499a3f14890	0x103428	_compress	bsd	nextmach	https://github.com/johnsonjh/NeXTMach.git f6bdb9c3268f0eadc545d41bcc0564453b17001e	nextmach/mk-108.1/bsd/kern_acct.c:188	compress	07_kernel/src/bsd/kern/kern_acct.c	compared	high	06_reconstruction/evidence/x86-nextmach-batch1.md	L1 MATCH, object OBJECT_MATCH with the final flags (09_validation/reconstruction/s5p114-adopt-l1-kern_acct_14-F-20261002.json)
x86-0x114b8c	x86	33469393c0843fc741942c3ae9d91d838467d72abd647dcf2e5bf499a3f14890	0x114b8c	_piconnect	bsd	nextmach	https://github.com/johnsonjh/NeXTMach.git f6bdb9c3268f0eadc545d41bcc0564453b17001e	nextmach/mk-108.1/bsd/uipc_pipe.c:22	piconnect	07_kernel/src/bsd/kern/uipc_pipe.c	compared	high	06_reconstruction/evidence/x86-nextmach-batch1.md	L1 MATCH, object OBJECT_MATCH with the final flags (09_validation/reconstruction/s5p114-adopt-l1-uipc_pipe_48-F-20261002.json)
x86-0x135dbc	x86	33469393c0843fc741942c3ae9d91d838467d72abd647dcf2e5bf499a3f14890	0x135dbc	_clnt_sperrno	bsd	nextmach	https://github.com/johnsonjh/NeXTMach.git f6bdb9c3268f0eadc545d41bcc0564453b17001e	nextmach/mk-108.1/rpc/clnt_perror.c:183	clnt_sperrno	07_kernel/src/bsd/rpc/clnt_perror.c	compared	high	06_reconstruction/evidence/x86-nextmach-batch1.md	L1 MATCH, object OBJECT_MATCH with the final flags (09_validation/reconstruction/s5p114-adopt-l1-clnt_perror_104-F-20261002.json)
x86-0x136c00	x86	33469393c0843fc741942c3ae9d91d838467d72abd647dcf2e5bf499a3f14890	0x136c00	_ku_recvfrom	bsd	nextmach	https://github.com/johnsonjh/NeXTMach.git f6bdb9c3268f0eadc545d41bcc0564453b17001e	nextmach/mk-108.1/rpc/subr_kudp.c:48	ku_recvfrom	07_kernel/src/bsd/rpc/subr_kudp.c	compared	high	06_reconstruction/evidence/x86-nextmach-batch1.md	L1 MATCH, object OBJECT_MATCH with the final flags (09_validation/reconstruction/s5p114-adopt-l1-subr_kudp_110-F-20261002.json)
x86-0x136cf8	x86	33469393c0843fc741942c3ae9d91d838467d72abd647dcf2e5bf499a3f14890	0x136cf8	_ku_sendto_mbuf	bsd	nextmach	https://github.com/johnsonjh/NeXTMach.git f6bdb9c3268f0eadc545d41bcc0564453b17001e	nextmach/mk-108.1/rpc/subr_kudp.c:114	ku_sendto_mbuf	07_kernel/src/bsd/rpc/subr_kudp.c	compared	high	06_reconstruction/evidence/x86-nextmach-batch1.md	L1 MATCH, object OBJECT_MATCH with the final flags (09_validation/reconstruction/s5p114-adopt-l1-subr_kudp_110-F-20261002.json)
x86-0x137340	x86	33469393c0843fc741942c3ae9d91d838467d72abd647dcf2e5bf499a3f14890	0x137340	__authenticate	bsd	nextmach	https://github.com/johnsonjh/NeXTMach.git f6bdb9c3268f0eadc545d41bcc0564453b17001e	nextmach/mk-108.1/rpc/svc_auth.c:84	_authenticate	07_kernel/src/bsd/rpc/svc_auth.c	compared	high	06_reconstruction/evidence/x86-nextmach-batch1.md	L1 MATCH, object OBJECT_MATCH with the final flags (09_validation/reconstruction/s5p114-adopt-l1-svc_auth_112-F-20261002.json)
x86-0x137394	x86	33469393c0843fc741942c3ae9d91d838467d72abd647dcf2e5bf499a3f14890	0x137394	__svcauth_null	bsd	nextmach	https://github.com/johnsonjh/NeXTMach.git f6bdb9c3268f0eadc545d41bcc0564453b17001e	nextmach/mk-108.1/rpc/svc_auth.c:42	_svcauth_null	07_kernel/src/bsd/rpc/svc_auth.c	compared	high	06_reconstruction/evidence/x86-nextmach-batch1.md	L1 MATCH, object OBJECT_MATCH with the final flags (09_validation/reconstruction/s5p114-adopt-l1-svc_auth_112-F-20261002.json)
x86-0x1373a0	x86	33469393c0843fc741942c3ae9d91d838467d72abd647dcf2e5bf499a3f14890	0x1373a0	__svcauth_unix	bsd	nextmach	https://github.com/johnsonjh/NeXTMach.git f6bdb9c3268f0eadc545d41bcc0564453b17001e	nextmach/mk-108.1/rpc/svc_auth_unix.c:45	_svcauth_unix	07_kernel/src/bsd/rpc/svc_auth_unix.c	compared	high	06_reconstruction/evidence/x86-nextmach-batch1.md	L1 MATCH, object OBJECT_MATCH with the final flags (09_validation/reconstruction/s5p114-adopt-l1-svc_auth_unix_113-F-20261002.json)
x86-0x13751c	x86	33469393c0843fc741942c3ae9d91d838467d72abd647dcf2e5bf499a3f14890	0x13751c	__svcauth_short	bsd	nextmach	https://github.com/johnsonjh/NeXTMach.git f6bdb9c3268f0eadc545d41bcc0564453b17001e	nextmach/mk-108.1/rpc/svc_auth_unix.c:127	_svcauth_short	07_kernel/src/bsd/rpc/svc_auth_unix.c	compared	high	06_reconstruction/evidence/x86-nextmach-batch1.md	L1 MATCH, object OBJECT_MATCH with the final flags (09_validation/reconstruction/s5p114-adopt-l1-svc_auth_unix_113-F-20261002.json)
x86-0x138230	x86	33469393c0843fc741942c3ae9d91d838467d72abd647dcf2e5bf499a3f14890	0x138230	_xdrmbuf_init	bsd	nextmach	https://github.com/johnsonjh/NeXTMach.git f6bdb9c3268f0eadc545d41bcc0564453b17001e	nextmach/mk-108.1/rpc/xdr_mbuf.c:51	xdrmbuf_init	07_kernel/src/bsd/rpc/xdr_mbuf.c	compared	high	06_reconstruction/evidence/x86-nextmach-batch1.md	L1 MATCH, object OBJECT_MATCH with the final flags (09_validation/reconstruction/s5p114-adopt-l1-xdr_mbuf_117-F-20261002.json)
x86-0x138264	x86	33469393c0843fc741942c3ae9d91d838467d72abd647dcf2e5bf499a3f14890	0x138264	_xdrmbuf_destroy	bsd	nextmach	https://github.com/johnsonjh/NeXTMach.git f6bdb9c3268f0eadc545d41bcc0564453b17001e	nextmach/mk-108.1/rpc/xdr_mbuf.c:67	xdrmbuf_destroy	07_kernel/src/bsd/rpc/xdr_mbuf.c	compared	high	06_reconstruction/evidence/x86-nextmach-batch1.md	L1 MATCH, object OBJECT_MATCH with the final flags (09_validation/reconstruction/s5p114-adopt-l1-xdr_mbuf_117-F-20261002.json)
x86-0x13826c	x86	33469393c0843fc741942c3ae9d91d838467d72abd647dcf2e5bf499a3f14890	0x13826c	_xdrmbuf_getlong	bsd	nextmach	https://github.com/johnsonjh/NeXTMach.git f6bdb9c3268f0eadc545d41bcc0564453b17001e	nextmach/mk-108.1/rpc/xdr_mbuf.c:74	xdrmbuf_getlong	07_kernel/src/bsd/rpc/xdr_mbuf.c	compared	high	06_reconstruction/evidence/x86-nextmach-batch1.md	L1 MATCH, object OBJECT_MATCH with the final flags (09_validation/reconstruction/s5p114-adopt-l1-xdr_mbuf_117-F-20261002.json)
x86-0x1382d8	x86	33469393c0843fc741942c3ae9d91d838467d72abd647dcf2e5bf499a3f14890	0x1382d8	_xdrmbuf_putlong	bsd	nextmach	https://github.com/johnsonjh/NeXTMach.git f6bdb9c3268f0eadc545d41bcc0564453b17001e	nextmach/mk-108.1/rpc/xdr_mbuf.c:101	xdrmbuf_putlong	07_kernel/src/bsd/rpc/xdr_mbuf.c	compared	high	06_reconstruction/evidence/x86-nextmach-batch1.md	L1 MATCH, object OBJECT_MATCH with the final flags (09_validation/reconstruction/s5p114-adopt-l1-xdr_mbuf_117-F-20261002.json)
x86-0x138344	x86	33469393c0843fc741942c3ae9d91d838467d72abd647dcf2e5bf499a3f14890	0x138344	_xdrmbuf_getbytes	bsd	nextmach	https://github.com/johnsonjh/NeXTMach.git f6bdb9c3268f0eadc545d41bcc0564453b17001e	nextmach/mk-108.1/rpc/xdr_mbuf.c:128	xdrmbuf_getbytes	07_kernel/src/bsd/rpc/xdr_mbuf.c	compared	high	06_reconstruction/evidence/x86-nextmach-batch1.md	L1 MATCH, object OBJECT_MATCH with the final flags (09_validation/reconstruction/s5p114-adopt-l1-xdr_mbuf_117-F-20261002.json)
x86-0x1383c8	x86	33469393c0843fc741942c3ae9d91d838467d72abd647dcf2e5bf499a3f14890	0x1383c8	_xdrmbuf_getmbuf	bsd	nextmach	https://github.com/johnsonjh/NeXTMach.git f6bdb9c3268f0eadc545d41bcc0564453b17001e	nextmach/mk-108.1/rpc/xdr_mbuf.c:164	xdrmbuf_getmbuf	07_kernel/src/bsd/rpc/xdr_mbuf.c	compared	high	06_reconstruction/evidence/x86-nextmach-batch1.md	L1 MATCH, object OBJECT_MATCH with the final flags (09_validation/reconstruction/s5p114-adopt-l1-xdr_mbuf_117-F-20261002.json)
x86-0x138438	x86	33469393c0843fc741942c3ae9d91d838467d72abd647dcf2e5bf499a3f14890	0x138438	_xdrmbuf_putbytes	bsd	nextmach	https://github.com/johnsonjh/NeXTMach.git f6bdb9c3268f0eadc545d41bcc0564453b17001e	nextmach/mk-108.1/rpc/xdr_mbuf.c:198	xdrmbuf_putbytes	07_kernel/src/bsd/rpc/xdr_mbuf.c	compared	high	06_reconstruction/evidence/x86-nextmach-batch1.md	L1 MATCH, object OBJECT_MATCH with the final flags (09_validation/reconstruction/s5p114-adopt-l1-xdr_mbuf_117-F-20261002.json)
x86-0x1384bc	x86	33469393c0843fc741942c3ae9d91d838467d72abd647dcf2e5bf499a3f14890	0x1384bc	_xdrmbuf_putbuf	bsd	nextmach	https://github.com/johnsonjh/NeXTMach.git f6bdb9c3268f0eadc545d41bcc0564453b17001e	nextmach/mk-108.1/rpc/xdr_mbuf.c:234	xdrmbuf_putbuf	07_kernel/src/bsd/rpc/xdr_mbuf.c	compared	high	06_reconstruction/evidence/x86-nextmach-batch1.md	L1 MATCH, object OBJECT_MATCH with the final flags (09_validation/reconstruction/s5p114-adopt-l1-xdr_mbuf_117-F-20261002.json)
x86-0x138580	x86	33469393c0843fc741942c3ae9d91d838467d72abd647dcf2e5bf499a3f14890	0x138580	_xdrmbuf_getpos	bsd	nextmach	https://github.com/johnsonjh/NeXTMach.git f6bdb9c3268f0eadc545d41bcc0564453b17001e	nextmach/mk-108.1/rpc/xdr_mbuf.c:263	xdrmbuf_getpos	07_kernel/src/bsd/rpc/xdr_mbuf.c	compared	high	06_reconstruction/evidence/x86-nextmach-batch1.md	L1 MATCH, object OBJECT_MATCH with the final flags (09_validation/reconstruction/s5p114-adopt-l1-xdr_mbuf_117-F-20261002.json)
x86-0x138598	x86	33469393c0843fc741942c3ae9d91d838467d72abd647dcf2e5bf499a3f14890	0x138598	_xdrmbuf_setpos	bsd	nextmach	https://github.com/johnsonjh/NeXTMach.git f6bdb9c3268f0eadc545d41bcc0564453b17001e	nextmach/mk-108.1/rpc/xdr_mbuf.c:272	xdrmbuf_setpos	07_kernel/src/bsd/rpc/xdr_mbuf.c	compared	high	06_reconstruction/evidence/x86-nextmach-batch1.md	L1 MATCH, object OBJECT_MATCH with the final flags (09_validation/reconstruction/s5p114-adopt-l1-xdr_mbuf_117-F-20261002.json)
x86-0x1385cc	x86	33469393c0843fc741942c3ae9d91d838467d72abd647dcf2e5bf499a3f14890	0x1385cc	_xdrmbuf_inline	bsd	nextmach	https://github.com/johnsonjh/NeXTMach.git f6bdb9c3268f0eadc545d41bcc0564453b17001e	nextmach/mk-108.1/rpc/xdr_mbuf.c:289	xdrmbuf_inline	07_kernel/src/bsd/rpc/xdr_mbuf.c	compared	high	06_reconstruction/evidence/x86-nextmach-batch1.md	L1 MATCH, object OBJECT_MATCH with the final flags (09_validation/reconstruction/s5p114-adopt-l1-xdr_mbuf_117-F-20261002.json)
x86-0x1385f4	x86	33469393c0843fc741942c3ae9d91d838467d72abd647dcf2e5bf499a3f14890	0x1385f4	_xdrmem_create	bsd	nextmach	https://github.com/johnsonjh/NeXTMach.git f6bdb9c3268f0eadc545d41bcc0564453b17001e	nextmach/mk-108.1/rpc/xdr_mem.c:53	xdrmem_create	07_kernel/src/bsd/rpc/xdr_mem.c	compared	high	06_reconstruction/evidence/x86-nextmach-batch1.md	L1 MATCH, object OBJECT_MATCH with the final flags (09_validation/reconstruction/s5p114-adopt-l1-xdr_mem_118-F-20261002.json)
x86-0x138620	x86	33469393c0843fc741942c3ae9d91d838467d72abd647dcf2e5bf499a3f14890	0x138620	(static xdrmem_destroy)	bsd	nextmach	https://github.com/johnsonjh/NeXTMach.git f6bdb9c3268f0eadc545d41bcc0564453b17001e	nextmach/mk-108.1/rpc/xdr_mem.c:67	xdrmem_destroy	07_kernel/src/bsd/rpc/xdr_mem.c	compared	high	06_reconstruction/evidence/x86-nextmach-batch1.md	L1 MATCH, object OBJECT_MATCH with the final flags (09_validation/reconstruction/s5p114-adopt-l1-xdr_mem_118-F-20261002.json)
x86-0x138628	x86	33469393c0843fc741942c3ae9d91d838467d72abd647dcf2e5bf499a3f14890	0x138628	(static xdrmem_getlong)	bsd	nextmach	https://github.com/johnsonjh/NeXTMach.git f6bdb9c3268f0eadc545d41bcc0564453b17001e	nextmach/mk-108.1/rpc/xdr_mem.c:73	xdrmem_getlong	07_kernel/src/bsd/rpc/xdr_mem.c	compared	high	06_reconstruction/evidence/x86-nextmach-batch1.md	L1 MATCH, object OBJECT_MATCH with the final flags (09_validation/reconstruction/s5p114-adopt-l1-xdr_mem_118-F-20261002.json)
x86-0x13865c	x86	33469393c0843fc741942c3ae9d91d838467d72abd647dcf2e5bf499a3f14890	0x13865c	(static xdrmem_putlong)	bsd	nextmach	https://github.com/johnsonjh/NeXTMach.git f6bdb9c3268f0eadc545d41bcc0564453b17001e	nextmach/mk-108.1/rpc/xdr_mem.c:86	xdrmem_putlong	07_kernel/src/bsd/rpc/xdr_mem.c	compared	high	06_reconstruction/evidence/x86-nextmach-batch1.md	L1 MATCH, object OBJECT_MATCH with the final flags (09_validation/reconstruction/s5p114-adopt-l1-xdr_mem_118-F-20261002.json)
x86-0x138690	x86	33469393c0843fc741942c3ae9d91d838467d72abd647dcf2e5bf499a3f14890	0x138690	(static xdrmem_getbytes)	bsd	nextmach	https://github.com/johnsonjh/NeXTMach.git f6bdb9c3268f0eadc545d41bcc0564453b17001e	nextmach/mk-108.1/rpc/xdr_mem.c:99	xdrmem_getbytes	07_kernel/src/bsd/rpc/xdr_mem.c	compared	high	06_reconstruction/evidence/x86-nextmach-batch1.md	L1 MATCH, object OBJECT_MATCH with the final flags (09_validation/reconstruction/s5p114-adopt-l1-xdr_mem_118-F-20261002.json)
x86-0x1386cc	x86	33469393c0843fc741942c3ae9d91d838467d72abd647dcf2e5bf499a3f14890	0x1386cc	(static xdrmem_putbytes)	bsd	nextmach	https://github.com/johnsonjh/NeXTMach.git f6bdb9c3268f0eadc545d41bcc0564453b17001e	nextmach/mk-108.1/rpc/xdr_mem.c:113	xdrmem_putbytes	07_kernel/src/bsd/rpc/xdr_mem.c	compared	high	06_reconstruction/evidence/x86-nextmach-batch1.md	L1 MATCH, object OBJECT_MATCH with the final flags (09_validation/reconstruction/s5p114-adopt-l1-xdr_mem_118-F-20261002.json)
x86-0x138708	x86	33469393c0843fc741942c3ae9d91d838467d72abd647dcf2e5bf499a3f14890	0x138708	(static xdrmem_getpos)	bsd	nextmach	https://github.com/johnsonjh/NeXTMach.git f6bdb9c3268f0eadc545d41bcc0564453b17001e	nextmach/mk-108.1/rpc/xdr_mem.c:127	xdrmem_getpos	07_kernel/src/bsd/rpc/xdr_mem.c	compared	high	06_reconstruction/evidence/x86-nextmach-batch1.md	L1 MATCH, object OBJECT_MATCH with the final flags (09_validation/reconstruction/s5p114-adopt-l1-xdr_mem_118-F-20261002.json)
x86-0x13871c	x86	33469393c0843fc741942c3ae9d91d838467d72abd647dcf2e5bf499a3f14890	0x13871c	(static xdrmem_setpos)	bsd	nextmach	https://github.com/johnsonjh/NeXTMach.git f6bdb9c3268f0eadc545d41bcc0564453b17001e	nextmach/mk-108.1/rpc/xdr_mem.c:135	xdrmem_setpos	07_kernel/src/bsd/rpc/xdr_mem.c	compared	high	06_reconstruction/evidence/x86-nextmach-batch1.md	L1 MATCH, object OBJECT_MATCH with the final flags (09_validation/reconstruction/s5p114-adopt-l1-xdr_mem_118-F-20261002.json)
x86-0x13874c	x86	33469393c0843fc741942c3ae9d91d838467d72abd647dcf2e5bf499a3f14890	0x13874c	(static xdrmem_inline)	bsd	nextmach	https://github.com/johnsonjh/NeXTMach.git f6bdb9c3268f0eadc545d41bcc0564453b17001e	nextmach/mk-108.1/rpc/xdr_mem.c:150	xdrmem_inline	07_kernel/src/bsd/rpc/xdr_mem.c	compared	high	06_reconstruction/evidence/x86-nextmach-batch1.md	L1 MATCH, object OBJECT_MATCH with the final flags (09_validation/reconstruction/s5p114-adopt-l1-xdr_mem_118-F-20261002.json)
x86-0x11ed58	x86	33469393c0843fc741942c3ae9d91d838467d72abd647dcf2e5bf499a3f14890	0x11ed58	_null_init	bsd	nextmach	https://github.com/johnsonjh/NeXTMach.git f6bdb9c3268f0eadc545d41bcc0564453b17001e	nextmach/mk-108.1/net/af.c:55	null_init	07_kernel/src/bsd/net/af.c	compared	high	06_reconstruction/evidence/x86-nextmach-batch2.md	L1 MATCH, object OBJECT_MATCH with the final flags incl. -DINET (09_validation/reconstruction/s5p115-build-1-l1-af-F-20261002.json)
x86-0x11ed88	x86	33469393c0843fc741942c3ae9d91d838467d72abd647dcf2e5bf499a3f14890	0x11ed88	_null_hash	bsd	nextmach	https://github.com/johnsonjh/NeXTMach.git f6bdb9c3268f0eadc545d41bcc0564453b17001e	nextmach/mk-108.1/net/af.c:67	null_hash	07_kernel/src/bsd/net/af.c	compared	high	06_reconstruction/evidence/x86-nextmach-batch2.md	L1 MATCH, object OBJECT_MATCH with the final flags incl. -DINET (09_validation/reconstruction/s5p115-build-1-l1-af-F-20261002.json)
x86-0x11eda0	x86	33469393c0843fc741942c3ae9d91d838467d72abd647dcf2e5bf499a3f14890	0x11eda0	_null_netmatch	bsd	nextmach	https://github.com/johnsonjh/NeXTMach.git f6bdb9c3268f0eadc545d41bcc0564453b17001e	nextmach/mk-108.1/net/af.c:76	null_netmatch	07_kernel/src/bsd/net/af.c	compared	high	06_reconstruction/evidence/x86-nextmach-batch2.md	L1 MATCH, object OBJECT_MATCH with the final flags incl. -DINET (09_validation/reconstruction/s5p115-build-1-l1-af-F-20261002.json)
x86-0x1209ec	x86	33469393c0843fc741942c3ae9d91d838467d72abd647dcf2e5bf499a3f14890	0x1209ec	_nb_alloc	bsd	nextmach	https://github.com/johnsonjh/NeXTMach.git f6bdb9c3268f0eadc545d41bcc0564453b17001e (file has a restoration edit)	nextmach/mk-108.1/net/netbuf.c:34 (edited file :34)	nb_alloc	07_kernel/src/bsd/net/netbuf.c	compared	high	06_reconstruction/evidence/x86-nextmach-batch2.md	L1 MATCH, object OBJECT_MATCH with the final flags incl. -DINET (09_validation/reconstruction/s5p115-build-1-l1-netbuf-F-20261002.json)
x86-0x120a38	x86	33469393c0843fc741942c3ae9d91d838467d72abd647dcf2e5bf499a3f14890	0x120a38	_nb_alloc_wrapper	bsd	nextmach	https://github.com/johnsonjh/NeXTMach.git f6bdb9c3268f0eadc545d41bcc0564453b17001e (file has a restoration edit)	nextmach/mk-108.1/net/netbuf.c:61 (edited file :61)	nb_alloc_wrapper	07_kernel/src/bsd/net/netbuf.c	compared	high	06_reconstruction/evidence/x86-nextmach-batch2.md	L1 MATCH, object OBJECT_MATCH with the final flags incl. -DINET (09_validation/reconstruction/s5p115-build-1-l1-netbuf-F-20261002.json)
x86-0x120a5c	x86	33469393c0843fc741942c3ae9d91d838467d72abd647dcf2e5bf499a3f14890	0x120a5c	_nb_map	bsd	nextmach	https://github.com/johnsonjh/NeXTMach.git f6bdb9c3268f0eadc545d41bcc0564453b17001e (file has a restoration edit)	nextmach/mk-108.1/net/netbuf.c:78 (edited file :78)	nb_map	07_kernel/src/bsd/net/netbuf.c	compared	high	06_reconstruction/evidence/x86-nextmach-batch2.md	L1 MATCH, object OBJECT_MATCH with the final flags incl. -DINET (09_validation/reconstruction/s5p115-build-1-l1-netbuf-F-20261002.json)
x86-0x120a6c	x86	33469393c0843fc741942c3ae9d91d838467d72abd647dcf2e5bf499a3f14890	0x120a6c	_nb_free	bsd	nextmach	https://github.com/johnsonjh/NeXTMach.git f6bdb9c3268f0eadc545d41bcc0564453b17001e (file has a restoration edit)	nextmach/mk-108.1/net/netbuf.c:84 (edited file :84)	nb_free	07_kernel/src/bsd/net/netbuf.c	compared	high	06_reconstruction/evidence/x86-nextmach-batch2.md	L1 MATCH, object OBJECT_MATCH with the final flags incl. -DINET (09_validation/reconstruction/s5p115-build-1-l1-netbuf-F-20261002.json)
x86-0x120a7c	x86	33469393c0843fc741942c3ae9d91d838467d72abd647dcf2e5bf499a3f14890	0x120a7c	_nb_free_wrapper	bsd	nextmach	https://github.com/johnsonjh/NeXTMach.git f6bdb9c3268f0eadc545d41bcc0564453b17001e (file has a restoration edit)	nextmach/mk-108.1/net/netbuf.c:93 (edited file :93)	nb_free_wrapper	07_kernel/src/bsd/net/netbuf.c	compared	high	06_reconstruction/evidence/x86-nextmach-batch2.md	L1 MATCH, object OBJECT_MATCH with the final flags incl. -DINET (09_validation/reconstruction/s5p115-build-1-l1-netbuf-F-20261002.json)
x86-0x120a9c	x86	33469393c0843fc741942c3ae9d91d838467d72abd647dcf2e5bf499a3f14890	0x120a9c	_nb_size	bsd	nextmach	https://github.com/johnsonjh/NeXTMach.git f6bdb9c3268f0eadc545d41bcc0564453b17001e (file has a restoration edit)	nextmach/mk-108.1/net/netbuf.c:104 (edited file :104)	nb_size	07_kernel/src/bsd/net/netbuf.c	compared	high	06_reconstruction/evidence/x86-nextmach-batch2.md	L1 MATCH, object OBJECT_MATCH with the final flags incl. -DINET (09_validation/reconstruction/s5p115-build-1-l1-netbuf-F-20261002.json)
x86-0x120aac	x86	33469393c0843fc741942c3ae9d91d838467d72abd647dcf2e5bf499a3f14890	0x120aac	_nb_read	bsd	nextmach	https://github.com/johnsonjh/NeXTMach.git f6bdb9c3268f0eadc545d41bcc0564453b17001e (file has a restoration edit)	nextmach/mk-108.1/net/netbuf.c:110 (edited file :110)	nb_read	07_kernel/src/bsd/net/netbuf.c	compared	high	06_reconstruction/evidence/x86-nextmach-batch2.md	L1 MATCH, object OBJECT_MATCH with the final flags incl. -DINET (09_validation/reconstruction/s5p115-build-1-l1-netbuf-F-20261002.json)
x86-0x120aec	x86	33469393c0843fc741942c3ae9d91d838467d72abd647dcf2e5bf499a3f14890	0x120aec	_nb_write	bsd	nextmach	https://github.com/johnsonjh/NeXTMach.git f6bdb9c3268f0eadc545d41bcc0564453b17001e (file has a restoration edit)	nextmach/mk-108.1/net/netbuf.c:124 (edited file :124)	nb_write	07_kernel/src/bsd/net/netbuf.c	compared	high	06_reconstruction/evidence/x86-nextmach-batch2.md	L1 MATCH, object OBJECT_MATCH with the final flags incl. -DINET (09_validation/reconstruction/s5p115-build-1-l1-netbuf-F-20261002.json)
x86-0x120b2c	x86	33469393c0843fc741942c3ae9d91d838467d72abd647dcf2e5bf499a3f14890	0x120b2c	_nb_shrink_top	bsd	nextmach	https://github.com/johnsonjh/NeXTMach.git f6bdb9c3268f0eadc545d41bcc0564453b17001e (file has a restoration edit)	nextmach/mk-108.1/net/netbuf.c:138 (edited file :138)	nb_shrink_top	07_kernel/src/bsd/net/netbuf.c	compared	high	06_reconstruction/evidence/x86-nextmach-batch2.md	L1 MATCH, object OBJECT_MATCH with the final flags incl. -DINET (09_validation/reconstruction/s5p115-build-1-l1-netbuf-F-20261002.json)
x86-0x120b44	x86	33469393c0843fc741942c3ae9d91d838467d72abd647dcf2e5bf499a3f14890	0x120b44	_nb_grow_top	bsd	nextmach	https://github.com/johnsonjh/NeXTMach.git f6bdb9c3268f0eadc545d41bcc0564453b17001e (file has a restoration edit)	nextmach/mk-108.1/net/netbuf.c:148 (edited file :148)	nb_grow_top	07_kernel/src/bsd/net/netbuf.c	compared	high	06_reconstruction/evidence/x86-nextmach-batch2.md	L1 MATCH, object OBJECT_MATCH with the final flags incl. -DINET (09_validation/reconstruction/s5p115-build-1-l1-netbuf-F-20261002.json)
x86-0x120b5c	x86	33469393c0843fc741942c3ae9d91d838467d72abd647dcf2e5bf499a3f14890	0x120b5c	_nb_shrink_bot	bsd	nextmach	https://github.com/johnsonjh/NeXTMach.git f6bdb9c3268f0eadc545d41bcc0564453b17001e (file has a restoration edit)	nextmach/mk-108.1/net/netbuf.c:158 (edited file :158)	nb_shrink_bot	07_kernel/src/bsd/net/netbuf.c	compared	high	06_reconstruction/evidence/x86-nextmach-batch2.md	L1 MATCH, object OBJECT_MATCH with the final flags incl. -DINET (09_validation/reconstruction/s5p115-build-1-l1-netbuf-F-20261002.json)
x86-0x120b70	x86	33469393c0843fc741942c3ae9d91d838467d72abd647dcf2e5bf499a3f14890	0x120b70	_nb_grow_bot	bsd	nextmach	https://github.com/johnsonjh/NeXTMach.git f6bdb9c3268f0eadc545d41bcc0564453b17001e (file has a restoration edit)	nextmach/mk-108.1/net/netbuf.c:168 (edited file :168)	nb_grow_bot	07_kernel/src/bsd/net/netbuf.c	compared	high	06_reconstruction/evidence/x86-nextmach-batch2.md	L1 MATCH, object OBJECT_MATCH with the final flags incl. -DINET (09_validation/reconstruction/s5p115-build-1-l1-netbuf-F-20261002.json)
x86-0x120b84	x86	33469393c0843fc741942c3ae9d91d838467d72abd647dcf2e5bf499a3f14890	0x120b84	(static nb_alloc_free)	bsd	nextmach	https://github.com/johnsonjh/NeXTMach.git f6bdb9c3268f0eadc545d41bcc0564453b17001e (file has a restoration edit)	nextmach/mk-108.1/net/netbuf.c:24 (edited file :24)	nb_alloc_free	07_kernel/src/bsd/net/netbuf.c	compared	high	06_reconstruction/evidence/x86-nextmach-batch2.md	L1 MATCH, object OBJECT_MATCH with the final flags incl. -DINET (09_validation/reconstruction/s5p115-build-1-l1-netbuf-F-20261002.json)
x86-0x1365cc	x86	33469393c0843fc741942c3ae9d91d838467d72abd647dcf2e5bf499a3f14890	0x1365cc	_xdr_opaque_auth	bsd	nextmach	https://github.com/johnsonjh/NeXTMach.git f6bdb9c3268f0eadc545d41bcc0564453b17001e	nextmach/mk-108.1/rpc/rpc_prot.c:40	xdr_opaque_auth	07_kernel/src/bsd/rpc/rpc_prot.c	compared	high	06_reconstruction/evidence/x86-nextmach-batch2.md	L1 MATCH, object OBJECT_MATCH with the final flags incl. -DINET (09_validation/reconstruction/s5p115-build-1-l1-rpc_prot-F-20261002.json)
x86-0x136608	x86	33469393c0843fc741942c3ae9d91d838467d72abd647dcf2e5bf499a3f14890	0x136608	_xdr_des_block	bsd	nextmach	https://github.com/johnsonjh/NeXTMach.git f6bdb9c3268f0eadc545d41bcc0564453b17001e	nextmach/mk-108.1/rpc/rpc_prot.c:55	xdr_des_block	07_kernel/src/bsd/rpc/rpc_prot.c	compared	high	06_reconstruction/evidence/x86-nextmach-batch2.md	L1 MATCH, object OBJECT_MATCH with the final flags incl. -DINET (09_validation/reconstruction/s5p115-build-1-l1-rpc_prot-F-20261002.json)
x86-0x136620	x86	33469393c0843fc741942c3ae9d91d838467d72abd647dcf2e5bf499a3f14890	0x136620	_xdr_accepted_reply	bsd	nextmach	https://github.com/johnsonjh/NeXTMach.git f6bdb9c3268f0eadc545d41bcc0564453b17001e	nextmach/mk-108.1/rpc/rpc_prot.c:68	xdr_accepted_reply	07_kernel/src/bsd/rpc/rpc_prot.c	compared	high	06_reconstruction/evidence/x86-nextmach-batch2.md	L1 MATCH, object OBJECT_MATCH with the final flags incl. -DINET (09_validation/reconstruction/s5p115-build-1-l1-rpc_prot-F-20261002.json)
x86-0x1366bc	x86	33469393c0843fc741942c3ae9d91d838467d72abd647dcf2e5bf499a3f14890	0x1366bc	_xdr_rejected_reply	bsd	nextmach	https://github.com/johnsonjh/NeXTMach.git f6bdb9c3268f0eadc545d41bcc0564453b17001e	nextmach/mk-108.1/rpc/rpc_prot.c:95	xdr_rejected_reply	07_kernel/src/bsd/rpc/rpc_prot.c	compared	high	06_reconstruction/evidence/x86-nextmach-batch2.md	L1 MATCH, object OBJECT_MATCH with the final flags incl. -DINET (09_validation/reconstruction/s5p115-build-1-l1-rpc_prot-F-20261002.json)
x86-0x136720	x86	33469393c0843fc741942c3ae9d91d838467d72abd647dcf2e5bf499a3f14890	0x136720	_xdr_replymsg	bsd	nextmach	https://github.com/johnsonjh/NeXTMach.git f6bdb9c3268f0eadc545d41bcc0564453b17001e	nextmach/mk-108.1/rpc/rpc_prot.c:125	xdr_replymsg	07_kernel/src/bsd/rpc/rpc_prot.c	compared	high	06_reconstruction/evidence/x86-nextmach-batch2.md	L1 MATCH, object OBJECT_MATCH with the final flags incl. -DINET (09_validation/reconstruction/s5p115-build-1-l1-rpc_prot-F-20261002.json)
x86-0x136a6c	x86	33469393c0843fc741942c3ae9d91d838467d72abd647dcf2e5bf499a3f14890	0x136a6c	_xdr_callhdr	bsd	nextmach	https://github.com/johnsonjh/NeXTMach.git f6bdb9c3268f0eadc545d41bcc0564453b17001e	nextmach/mk-108.1/rpc/rpc_prot.c:255	xdr_callhdr	07_kernel/src/bsd/rpc/rpc_prot.c	compared	high	06_reconstruction/evidence/x86-nextmach-batch2.md	L1 MATCH, object OBJECT_MATCH with the final flags incl. -DINET (09_validation/reconstruction/s5p115-build-1-l1-rpc_prot-F-20261002.json)
x86-0x136ae4	x86	33469393c0843fc741942c3ae9d91d838467d72abd647dcf2e5bf499a3f14890	0x136ae4	__seterr_reply	bsd	nextmach	https://github.com/johnsonjh/NeXTMach.git f6bdb9c3268f0eadc545d41bcc0564453b17001e	nextmach/mk-108.1/rpc/rpc_prot.c:338	_seterr_reply	07_kernel/src/bsd/rpc/rpc_prot.c	compared	high	06_reconstruction/evidence/x86-nextmach-batch2.md	L1 MATCH, object OBJECT_MATCH with the final flags incl. -DINET (09_validation/reconstruction/s5p115-build-1-l1-rpc_prot-F-20261002.json)
x86-0x136250	x86	33469393c0843fc741942c3ae9d91d838467d72abd647dcf2e5bf499a3f14890	0x136250	_xdr_callmsg	bsd	nextmach	https://github.com/johnsonjh/NeXTMach.git f6bdb9c3268f0eadc545d41bcc0564453b17001e	nextmach/mk-108.1/rpc/rpc_callmsg.c:28	xdr_callmsg	07_kernel/src/bsd/rpc/rpc_callmsg.c	compared	high	06_reconstruction/evidence/x86-nextmach-batch2.md	L1 MATCH, object OBJECT_MATCH with the final flags incl. -DINET (09_validation/reconstruction/s5p115-build-1-l1-rpc_callmsg-F-20261002.json)
x86-0x12c8ec	x86	33469393c0843fc741942c3ae9d91d838467d72abd647dcf2e5bf499a3f14890	0x12c8ec	_exportfs	bsd	nextmach	https://github.com/johnsonjh/NeXTMach.git f6bdb9c3268f0eadc545d41bcc0564453b17001e	nextmach/mk-108.1/nfs/nfs_export.c:84	exportfs	07_kernel/src/bsd/nfs/nfs_export.c	compared	high	06_reconstruction/evidence/x86-nextmach-batch3.md	L1 MATCH, object OBJECT_MATCH with the final flags (09_validation/reconstruction/s5p116-adopt-1-l1-nfs_export-F-20261002.json)
x86-0x12cb18	x86	33469393c0843fc741942c3ae9d91d838467d72abd647dcf2e5bf499a3f14890	0x12cb18	_unexport	bsd	nextmach	https://github.com/johnsonjh/NeXTMach.git f6bdb9c3268f0eadc545d41bcc0564453b17001e	nextmach/mk-108.1/nfs/nfs_export.c:189	unexport	07_kernel/src/bsd/nfs/nfs_export.c	compared	high	06_reconstruction/evidence/x86-nextmach-batch3.md	L1 MATCH, object OBJECT_MATCH with the final flags (09_validation/reconstruction/s5p116-adopt-1-l1-nfs_export-F-20261002.json)
x86-0x12cba0	x86	33469393c0843fc741942c3ae9d91d838467d72abd647dcf2e5bf499a3f14890	0x12cba0	_nfs_getfh	bsd	nextmach	https://github.com/johnsonjh/NeXTMach.git f6bdb9c3268f0eadc545d41bcc0564453b17001e	nextmach/mk-108.1/nfs/nfs_export.c:220	nfs_getfh	07_kernel/src/bsd/nfs/nfs_export.c	compared	high	06_reconstruction/evidence/x86-nextmach-batch3.md	L1 MATCH, object OBJECT_MATCH with the final flags (09_validation/reconstruction/s5p116-adopt-1-l1-nfs_export-F-20261002.json)
x86-0x12cd18	x86	33469393c0843fc741942c3ae9d91d838467d72abd647dcf2e5bf499a3f14890	0x12cd18	_findexivp	bsd	nextmach	https://github.com/johnsonjh/NeXTMach.git f6bdb9c3268f0eadc545d41bcc0564453b17001e	nextmach/mk-108.1/nfs/nfs_export.c:309	findexivp	07_kernel/src/bsd/nfs/nfs_export.c	compared	high	06_reconstruction/evidence/x86-nextmach-batch3.md	L1 MATCH, object OBJECT_MATCH with the final flags (09_validation/reconstruction/s5p116-adopt-1-l1-nfs_export-F-20261002.json)
x86-0x12cdf8	x86	33469393c0843fc741942c3ae9d91d838467d72abd647dcf2e5bf499a3f14890	0x12cdf8	_makefh	bsd	nextmach	https://github.com/johnsonjh/NeXTMach.git f6bdb9c3268f0eadc545d41bcc0564453b17001e	nextmach/mk-108.1/nfs/nfs_export.c:371	makefh	07_kernel/src/bsd/nfs/nfs_export.c	compared	high	06_reconstruction/evidence/x86-nextmach-batch3.md	L1 MATCH, object OBJECT_MATCH with the final flags (09_validation/reconstruction/s5p116-adopt-1-l1-nfs_export-F-20261002.json)
x86-0x12cecc	x86	33469393c0843fc741942c3ae9d91d838467d72abd647dcf2e5bf499a3f14890	0x12cecc	_findexport	bsd	nextmach	https://github.com/johnsonjh/NeXTMach.git f6bdb9c3268f0eadc545d41bcc0564453b17001e	nextmach/mk-108.1/nfs/nfs_export.c:412	findexport	07_kernel/src/bsd/nfs/nfs_export.c	compared	high	06_reconstruction/evidence/x86-nextmach-batch3.md	L1 MATCH, object OBJECT_MATCH with the final flags (09_validation/reconstruction/s5p116-adopt-1-l1-nfs_export-F-20261002.json)
x86-0x12cf34	x86	33469393c0843fc741942c3ae9d91d838467d72abd647dcf2e5bf499a3f14890	0x12cf34	_loadaddrs	bsd	nextmach	https://github.com/johnsonjh/NeXTMach.git f6bdb9c3268f0eadc545d41bcc0564453b17001e	nextmach/mk-108.1/nfs/nfs_export.c:429	loadaddrs	07_kernel/src/bsd/nfs/nfs_export.c	compared	high	06_reconstruction/evidence/x86-nextmach-batch3.md	L1 MATCH, object OBJECT_MATCH with the final flags (09_validation/reconstruction/s5p116-adopt-1-l1-nfs_export-F-20261002.json)
x86-0x12cf98	x86	33469393c0843fc741942c3ae9d91d838467d72abd647dcf2e5bf499a3f14890	0x12cf98	_exportfree	bsd	nextmach	https://github.com/johnsonjh/NeXTMach.git f6bdb9c3268f0eadc545d41bcc0564453b17001e	nextmach/mk-108.1/nfs/nfs_export.c:533	exportfree	07_kernel/src/bsd/nfs/nfs_export.c	compared	high	06_reconstruction/evidence/x86-nextmach-batch3.md	L1 MATCH, object OBJECT_MATCH with the final flags (09_validation/reconstruction/s5p116-adopt-1-l1-nfs_export-F-20261002.json)
x86-0x138134	x86	33469393c0843fc741942c3ae9d91d838467d72abd647dcf2e5bf499a3f14890	0x138134	_xdr_array	bsd	nextmach	https://github.com/johnsonjh/NeXTMach.git f6bdb9c3268f0eadc545d41bcc0564453b17001e	nextmach/mk-108.1/rpc/xdr_array.c:43	xdr_array	07_kernel/src/bsd/rpc/xdr_array.c	compared	high	06_reconstruction/evidence/x86-nextmach-batch3.md	L1 MATCH, object OBJECT_MATCH with the final flags (09_validation/reconstruction/s5p116-adopt-1-l1-xdr_array-F-20261002.json)
x86-0x138774	x86	33469393c0843fc741942c3ae9d91d838467d72abd647dcf2e5bf499a3f14890	0x138774	_xdr_reference	bsd	nextmach	https://github.com/johnsonjh/NeXTMach.git f6bdb9c3268f0eadc545d41bcc0564453b17001e	nextmach/mk-108.1/rpc/xdr_reference.c:43	xdr_reference	07_kernel/src/bsd/rpc/xdr_reference.c	compared	high	06_reconstruction/evidence/x86-nextmach-batch3.md	L1 MATCH, object OBJECT_MATCH with the final flags (09_validation/reconstruction/s5p116-adopt-1-l1-xdr_reference-F-20261002.json)
x86-0x137528	x86	33469393c0843fc741942c3ae9d91d838467d72abd647dcf2e5bf499a3f14890	0x137528	_svckudp_create	bsd	nextmach	https://github.com/johnsonjh/NeXTMach.git f6bdb9c3268f0eadc545d41bcc0564453b17001e	nextmach/mk-108.1/rpc/svc_kudp.c:107	svckudp_create	07_kernel/src/bsd/rpc/svc_kudp.c	compared	high	06_reconstruction/evidence/x86-nextmach-batch4.md	L1 MATCH, object OBJECT_MATCH with the final flags (09_validation/reconstruction/s5p117-adopt-1-l1-svc_kudp-F-20261002.json); verbatim since plan 149 (-DMACH; s5p123-regress-1 identical)
x86-0x137594	x86	33469393c0843fc741942c3ae9d91d838467d72abd647dcf2e5bf499a3f14890	0x137594	_svckudp_destroy	bsd	nextmach	https://github.com/johnsonjh/NeXTMach.git f6bdb9c3268f0eadc545d41bcc0564453b17001e	nextmach/mk-108.1/rpc/svc_kudp.c:142	svckudp_destroy	07_kernel/src/bsd/rpc/svc_kudp.c	compared	high	06_reconstruction/evidence/x86-nextmach-batch4.md	L1 MATCH, object OBJECT_MATCH with the final flags (09_validation/reconstruction/s5p117-adopt-1-l1-svc_kudp-F-20261002.json); verbatim since plan 149 (-DMACH; s5p123-regress-1 identical)
x86-0x1375dc	x86	33469393c0843fc741942c3ae9d91d838467d72abd647dcf2e5bf499a3f14890	0x1375dc	_svckudp_recv	bsd	nextmach	https://github.com/johnsonjh/NeXTMach.git f6bdb9c3268f0eadc545d41bcc0564453b17001e	nextmach/mk-108.1/rpc/svc_kudp.c:170	svckudp_recv	07_kernel/src/bsd/rpc/svc_kudp.c	compared	high	06_reconstruction/evidence/x86-nextmach-batch4.md	L1 MATCH, object OBJECT_MATCH with the final flags (09_validation/reconstruction/s5p117-adopt-1-l1-svc_kudp-F-20261002.json); verbatim since plan 149 (-DMACH; s5p123-regress-1 identical)
x86-0x137690	x86	33469393c0843fc741942c3ae9d91d838467d72abd647dcf2e5bf499a3f14890	0x137690	_svckudp_send	bsd	nextmach	https://github.com/johnsonjh/NeXTMach.git f6bdb9c3268f0eadc545d41bcc0564453b17001e	nextmach/mk-108.1/rpc/svc_kudp.c:233	svckudp_send	07_kernel/src/bsd/rpc/svc_kudp.c	compared	high	06_reconstruction/evidence/x86-nextmach-batch4.md	L1 MATCH, object OBJECT_MATCH with the final flags (09_validation/reconstruction/s5p117-adopt-1-l1-svc_kudp-F-20261002.json); verbatim since plan 149 (-DMACH; s5p123-regress-1 identical)
x86-0x13779c	x86	33469393c0843fc741942c3ae9d91d838467d72abd647dcf2e5bf499a3f14890	0x13779c	_svckudp_stat	bsd	nextmach	https://github.com/johnsonjh/NeXTMach.git f6bdb9c3268f0eadc545d41bcc0564453b17001e	nextmach/mk-108.1/rpc/svc_kudp.c:293	svckudp_stat	07_kernel/src/bsd/rpc/svc_kudp.c	compared	high	06_reconstruction/evidence/x86-nextmach-batch4.md	L1 MATCH, object OBJECT_MATCH with the final flags (09_validation/reconstruction/s5p117-adopt-1-l1-svc_kudp-F-20261002.json); verbatim since plan 149 (-DMACH; s5p123-regress-1 identical)
x86-0x1377a8	x86	33469393c0843fc741942c3ae9d91d838467d72abd647dcf2e5bf499a3f14890	0x1377a8	_svckudp_getargs	bsd	nextmach	https://github.com/johnsonjh/NeXTMach.git f6bdb9c3268f0eadc545d41bcc0564453b17001e	nextmach/mk-108.1/rpc/svc_kudp.c:304	svckudp_getargs	07_kernel/src/bsd/rpc/svc_kudp.c	compared	high	06_reconstruction/evidence/x86-nextmach-batch4.md	L1 MATCH, object OBJECT_MATCH with the final flags (09_validation/reconstruction/s5p117-adopt-1-l1-svc_kudp-F-20261002.json); verbatim since plan 149 (-DMACH; s5p123-regress-1 identical)
x86-0x1377c4	x86	33469393c0843fc741942c3ae9d91d838467d72abd647dcf2e5bf499a3f14890	0x1377c4	_svckudp_freeargs	bsd	nextmach	https://github.com/johnsonjh/NeXTMach.git f6bdb9c3268f0eadc545d41bcc0564453b17001e	nextmach/mk-108.1/rpc/svc_kudp.c:314	svckudp_freeargs	07_kernel/src/bsd/rpc/svc_kudp.c	compared	high	06_reconstruction/evidence/x86-nextmach-batch4.md	L1 MATCH, object OBJECT_MATCH with the final flags (09_validation/reconstruction/s5p117-adopt-1-l1-svc_kudp-F-20261002.json); verbatim since plan 149 (-DMACH; s5p123-regress-1 identical)
x86-0x137814	x86	33469393c0843fc741942c3ae9d91d838467d72abd647dcf2e5bf499a3f14890	0x137814	_svckudp_dupsave	bsd	nextmach	https://github.com/johnsonjh/NeXTMach.git f6bdb9c3268f0eadc545d41bcc0564453b17001e	nextmach/mk-108.1/rpc/svc_kudp.c:375	svckudp_dupsave	07_kernel/src/bsd/rpc/svc_kudp.c	compared	high	06_reconstruction/evidence/x86-nextmach-batch4.md	L1 MATCH, object OBJECT_MATCH with the final flags (09_validation/reconstruction/s5p117-adopt-1-l1-svc_kudp-F-20261002.json); verbatim since plan 149 (-DMACH; s5p123-regress-1 identical)
x86-0x1378c4	x86	33469393c0843fc741942c3ae9d91d838467d72abd647dcf2e5bf499a3f14890	0x1378c4	_svckudp_dup	bsd	nextmach	https://github.com/johnsonjh/NeXTMach.git f6bdb9c3268f0eadc545d41bcc0564453b17001e	nextmach/mk-108.1/rpc/svc_kudp.c:415	svckudp_dup	07_kernel/src/bsd/rpc/svc_kudp.c	compared	high	06_reconstruction/evidence/x86-nextmach-batch4.md	L1 MATCH, object OBJECT_MATCH with the final flags (09_validation/reconstruction/s5p117-adopt-1-l1-svc_kudp-F-20261002.json); verbatim since plan 149 (-DMACH; s5p123-regress-1 identical)
x86-0x137944	x86	33469393c0843fc741942c3ae9d91d838467d72abd647dcf2e5bf499a3f14890	0x137944	(static unhash)	bsd	nextmach	https://github.com/johnsonjh/NeXTMach.git f6bdb9c3268f0eadc545d41bcc0564453b17001e	nextmach/mk-108.1/rpc/svc_kudp.c:443	unhash	07_kernel/src/bsd/rpc/svc_kudp.c	compared	high	06_reconstruction/evidence/x86-nextmach-batch4.md	L1 MATCH, object OBJECT_MATCH with the final flags (09_validation/reconstruction/s5p117-adopt-1-l1-svc_kudp-F-20261002.json); verbatim since plan 149 (-DMACH; s5p123-regress-1 identical)
x86-0x137994	x86	33469393c0843fc741942c3ae9d91d838467d72abd647dcf2e5bf499a3f14890	0x137994	(static buffree)	bsd	nextmach	https://github.com/johnsonjh/NeXTMach.git f6bdb9c3268f0eadc545d41bcc0564453b17001e	nextmach/mk-108.1/rpc/svc_kudp.c:216	buffree	07_kernel/src/bsd/rpc/svc_kudp.c	compared	high	06_reconstruction/evidence/x86-nextmach-batch4.md	L1 MATCH, object OBJECT_MATCH with the final flags (09_validation/reconstruction/s5p117-adopt-1-l1-svc_kudp-F-20261002.json); verbatim since plan 149 (-DMACH; s5p123-regress-1 identical)
x86-0x113914	x86	33469393c0843fc741942c3ae9d91d838467d72abd647dcf2e5bf499a3f14890	0x113914	_domaininit	bsd	nextmach	https://github.com/johnsonjh/NeXTMach.git f6bdb9c3268f0eadc545d41bcc0564453b17001e (file has a restoration edit)	nextmach/mk-108.1/bsd/uipc_domain.c:33 (edited file :33)	domaininit	07_kernel/src/bsd/kern/uipc_domain.c	compared	high	06_reconstruction/evidence/x86-nextmach-batch4.md	L1 MATCH, object OBJECT_MATCH with the final flags (09_validation/reconstruction/s5p117-adopt-1-l1-uipc_domain-F-20261002.json)
x86-0x113990	x86	33469393c0843fc741942c3ae9d91d838467d72abd647dcf2e5bf499a3f14890	0x113990	_pffindtype	bsd	nextmach	https://github.com/johnsonjh/NeXTMach.git f6bdb9c3268f0eadc545d41bcc0564453b17001e (file has a restoration edit)	nextmach/mk-108.1/bsd/uipc_domain.c:65 (edited file :65)	pffindtype	07_kernel/src/bsd/kern/uipc_domain.c	compared	high	06_reconstruction/evidence/x86-nextmach-batch4.md	L1 MATCH, object OBJECT_MATCH with the final flags (09_validation/reconstruction/s5p117-adopt-1-l1-uipc_domain-F-20261002.json)
x86-0x1139e4	x86	33469393c0843fc741942c3ae9d91d838467d72abd647dcf2e5bf499a3f14890	0x1139e4	_pffindproto	bsd	nextmach	https://github.com/johnsonjh/NeXTMach.git f6bdb9c3268f0eadc545d41bcc0564453b17001e (file has a restoration edit)	nextmach/mk-108.1/bsd/uipc_domain.c:83 (edited file :83)	pffindproto	07_kernel/src/bsd/kern/uipc_domain.c	compared	high	06_reconstruction/evidence/x86-nextmach-batch4.md	L1 MATCH, object OBJECT_MATCH with the final flags (09_validation/reconstruction/s5p117-adopt-1-l1-uipc_domain-F-20261002.json)
x86-0x113a68	x86	33469393c0843fc741942c3ae9d91d838467d72abd647dcf2e5bf499a3f14890	0x113a68	_pfctlinput	bsd	nextmach	https://github.com/johnsonjh/NeXTMach.git f6bdb9c3268f0eadc545d41bcc0564453b17001e (file has a restoration edit)	nextmach/mk-108.1/bsd/uipc_domain.c:108 (edited file :108)	pfctlinput	07_kernel/src/bsd/kern/uipc_domain.c	compared	high	06_reconstruction/evidence/x86-nextmach-batch4.md	L1 MATCH, object OBJECT_MATCH with the final flags (09_validation/reconstruction/s5p117-adopt-1-l1-uipc_domain-F-20261002.json)
x86-0x113ab0	x86	33469393c0843fc741942c3ae9d91d838467d72abd647dcf2e5bf499a3f14890	0x113ab0	_pfslowtimo	bsd	nextmach	https://github.com/johnsonjh/NeXTMach.git f6bdb9c3268f0eadc545d41bcc0564453b17001e (file has a restoration edit)	nextmach/mk-108.1/bsd/uipc_domain.c:121 (edited file :121)	pfslowtimo	07_kernel/src/bsd/kern/uipc_domain.c	compared	high	06_reconstruction/evidence/x86-nextmach-batch4.md	L1 MATCH, object OBJECT_MATCH with the final flags (09_validation/reconstruction/s5p117-adopt-1-l1-uipc_domain-F-20261002.json)
x86-0x113b08	x86	33469393c0843fc741942c3ae9d91d838467d72abd647dcf2e5bf499a3f14890	0x113b08	_pffasttimo	bsd	nextmach	https://github.com/johnsonjh/NeXTMach.git f6bdb9c3268f0eadc545d41bcc0564453b17001e (file has a restoration edit)	nextmach/mk-108.1/bsd/uipc_domain.c:133 (edited file :133)	pffasttimo	07_kernel/src/bsd/kern/uipc_domain.c	compared	high	06_reconstruction/evidence/x86-nextmach-batch4.md	L1 MATCH, object OBJECT_MATCH with the final flags (09_validation/reconstruction/s5p117-adopt-1-l1-uipc_domain-F-20261002.json)
x86-0x121a3c	x86	33469393c0843fc741942c3ae9d91d838467d72abd647dcf2e5bf499a3f14890	0x121a3c	_rtalloc	bsd	nextmach	https://github.com/johnsonjh/NeXTMach.git f6bdb9c3268f0eadc545d41bcc0564453b17001e (file has a restoration edit)	nextmach/mk-108.1/net/route.c:45 (edited file :45)	rtalloc	07_kernel/src/bsd/net/route.c	compared	high	06_reconstruction/evidence/x86-nextmach-batch4.md	L1 MATCH, object OBJECT_MATCH with the final flags (09_validation/reconstruction/s5p117-adopt-1-l1-route-F-20261002.json)
x86-0x121ba0	x86	33469393c0843fc741942c3ae9d91d838467d72abd647dcf2e5bf499a3f14890	0x121ba0	_rtfree	bsd	nextmach	https://github.com/johnsonjh/NeXTMach.git f6bdb9c3268f0eadc545d41bcc0564453b17001e (file has a restoration edit)	nextmach/mk-108.1/net/route.c:105 (edited file :105)	rtfree	07_kernel/src/bsd/net/route.c	compared	high	06_reconstruction/evidence/x86-nextmach-batch4.md	L1 MATCH, object OBJECT_MATCH with the final flags (09_validation/reconstruction/s5p117-adopt-1-l1-route-F-20261002.json)
x86-0x121bdc	x86	33469393c0843fc741942c3ae9d91d838467d72abd647dcf2e5bf499a3f14890	0x121bdc	_rtredirect	bsd	nextmach	https://github.com/johnsonjh/NeXTMach.git f6bdb9c3268f0eadc545d41bcc0564453b17001e (file has a restoration edit)	nextmach/mk-108.1/net/route.c:127 (edited file :127)	rtredirect	07_kernel/src/bsd/net/route.c	compared	high	06_reconstruction/evidence/x86-nextmach-batch4.md	L1 MATCH, object OBJECT_MATCH with the final flags (09_validation/reconstruction/s5p117-adopt-1-l1-route-F-20261002.json)
x86-0x121d6c	x86	33469393c0843fc741942c3ae9d91d838467d72abd647dcf2e5bf499a3f14890	0x121d6c	_rtioctl	bsd	nextmach	https://github.com/johnsonjh/NeXTMach.git f6bdb9c3268f0eadc545d41bcc0564453b17001e (file has a restoration edit)	nextmach/mk-108.1/net/route.c:204 (edited file :204)	rtioctl	07_kernel/src/bsd/net/route.c	compared	high	06_reconstruction/evidence/x86-nextmach-batch4.md	L1 MATCH, object OBJECT_MATCH with the final flags (09_validation/reconstruction/s5p117-adopt-1-l1-route-F-20261002.json)
x86-0x121db0	x86	33469393c0843fc741942c3ae9d91d838467d72abd647dcf2e5bf499a3f14890	0x121db0	_rtrequest	bsd	nextmach	https://github.com/johnsonjh/NeXTMach.git f6bdb9c3268f0eadc545d41bcc0564453b17001e (file has a restoration edit)	nextmach/mk-108.1/net/route.c:221 (edited file :221)	rtrequest	07_kernel/src/bsd/net/route.c	compared	high	06_reconstruction/evidence/x86-nextmach-batch4.md	L1 MATCH, object OBJECT_MATCH with the final flags (09_validation/reconstruction/s5p117-adopt-1-l1-route-F-20261002.json)
x86-0x122050	x86	33469393c0843fc741942c3ae9d91d838467d72abd647dcf2e5bf499a3f14890	0x122050	_rtinit	bsd	nextmach	https://github.com/johnsonjh/NeXTMach.git f6bdb9c3268f0eadc545d41bcc0564453b17001e (file has a restoration edit)	nextmach/mk-108.1/net/route.c:341 (edited file :341)	rtinit	07_kernel/src/bsd/net/route.c	compared	high	06_reconstruction/evidence/x86-nextmach-batch4.md	L1 MATCH, object OBJECT_MATCH with the final flags (09_validation/reconstruction/s5p117-adopt-1-l1-route-F-20261002.json)
x86-0x1351d4	x86	33469393c0843fc741942c3ae9d91d838467d72abd647dcf2e5bf499a3f14890	0x1351d4	_xdr_authunix_parms	bsd	nextmach	https://github.com/johnsonjh/NeXTMach.git f6bdb9c3268f0eadc545d41bcc0564453b17001e (file has a restoration edit)	nextmach/mk-108.1/rpc/authunix_prot.c:29 (edited file :29)	xdr_authunix_parms	07_kernel/src/bsd/rpc/authunix_prot.c	compared	high	06_reconstruction/evidence/x86-nextmach-batch4.md	L1 MATCH, object OBJECT_MATCH with the final flags (09_validation/reconstruction/s5p117-adopt-2-l1-authunix_prot-F-20261002.json)
x86-0x135254	x86	33469393c0843fc741942c3ae9d91d838467d72abd647dcf2e5bf499a3f14890	0x135254	_xdr_authkern	bsd	nextmach	https://github.com/johnsonjh/NeXTMach.git f6bdb9c3268f0eadc545d41bcc0564453b17001e (file has a restoration edit)	nextmach/mk-108.1/rpc/authunix_prot.c:50 (edited file :50)	xdr_authkern	07_kernel/src/bsd/rpc/authunix_prot.c	compared	high	06_reconstruction/evidence/x86-nextmach-batch4.md	L1 MATCH, object OBJECT_MATCH with the final flags (09_validation/reconstruction/s5p117-adopt-2-l1-authunix_prot-F-20261002.json)
x86-0x10abb0	x86	33469393c0843fc741942c3ae9d91d838467d72abd647dcf2e5bf499a3f14890	0x10abb0	_gettimeofday	bsd	nextmach	https://github.com/johnsonjh/NeXTMach.git f6bdb9c3268f0eadc545d41bcc0564453b17001e (file has restoration edits)	nextmach/mk-108.1/bsd/kern_time.c:59 (edited file :63)	gettimeofday	07_kernel/src/bsd/kern/kern_time.c	compared	high	06_reconstruction/evidence/x86-kern_time.md	L1 MATCH, object OBJECT_MATCH with the final flags (09_validation/reconstruction/s5p119-it3-l1-kern_time-F-20261002.json)
x86-0x10abec	x86	33469393c0843fc741942c3ae9d91d838467d72abd647dcf2e5bf499a3f14890	0x10abec	_settimeofday	bsd	nextmach	https://github.com/johnsonjh/NeXTMach.git f6bdb9c3268f0eadc545d41bcc0564453b17001e (file has restoration edits)	nextmach/mk-108.1/bsd/kern_time.c:83 (edited file :87)	settimeofday	07_kernel/src/bsd/kern/kern_time.c	compared	high	06_reconstruction/evidence/x86-kern_time.md	L1 MATCH, object OBJECT_MATCH with the final flags (09_validation/reconstruction/s5p119-it3-l1-kern_time-F-20261002.json)
x86-0x10ac34	x86	33469393c0843fc741942c3ae9d91d838467d72abd647dcf2e5bf499a3f14890	0x10ac34	_setthetime	bsd	nextmach	https://github.com/johnsonjh/NeXTMach.git f6bdb9c3268f0eadc545d41bcc0564453b17001e (file has restoration edits)	nextmach/mk-108.1/bsd/kern_time.c:111 (edited file :115)	setthetime	07_kernel/src/bsd/kern/kern_time.c	compared	high	06_reconstruction/evidence/x86-kern_time.md	L1 MATCH, object OBJECT_MATCH with the final flags (09_validation/reconstruction/s5p119-it3-l1-kern_time-F-20261002.json)
x86-0x10ac84	x86	33469393c0843fc741942c3ae9d91d838467d72abd647dcf2e5bf499a3f14890	0x10ac84	_getthetime	bsd	authored	D024	authored from the original _getthetime 0x10ac84 (read loop as the SDK mach/time_value.h comment; volatile mtime, run s5p119-v2) (edited file :135)	getthetime	07_kernel/src/bsd/kern/kern_time.c	compared	high	06_reconstruction/evidence/x86-kern_time.md	L1 MATCH, object OBJECT_MATCH with the final flags (09_validation/reconstruction/s5p119-it3-l1-kern_time-F-20261002.json)
x86-0x10acb4	x86	33469393c0843fc741942c3ae9d91d838467d72abd647dcf2e5bf499a3f14890	0x10acb4	_adjtime	bsd	nextmach	https://github.com/johnsonjh/NeXTMach.git f6bdb9c3268f0eadc545d41bcc0564453b17001e (file has restoration edits)	nextmach/mk-108.1/bsd/kern_time.c:128 (edited file :151)	adjtime	07_kernel/src/bsd/kern/kern_time.c	compared	high	06_reconstruction/evidence/x86-kern_time.md	L1 MATCH, object OBJECT_MATCH with the final flags (09_validation/reconstruction/s5p119-it3-l1-kern_time-F-20261002.json)
x86-0x10ad3c	x86	33469393c0843fc741942c3ae9d91d838467d72abd647dcf2e5bf499a3f14890	0x10ad3c	_inittodr	bsd	darwin01	kernel-1.tar.gz sha256 0c19349be454d7162f497b55a7735b443f5506694215e2f3f5f026b597a54a01 (structure and messages; authored body, D024)	darwin01/kernel/bsd/kern/kern_time.c:227 (edited file :185)	inittodr	07_kernel/src/bsd/kern/kern_time.c	compared	high	06_reconstruction/evidence/x86-kern_time.md	L1 MATCH, object OBJECT_MATCH with the final flags (09_validation/reconstruction/s5p119-it3-l1-kern_time-F-20261002.json)
x86-0x10aeac	x86	33469393c0843fc741942c3ae9d91d838467d72abd647dcf2e5bf499a3f14890	0x10aeac	_getitimer	bsd	nextmach	https://github.com/johnsonjh/NeXTMach.git f6bdb9c3268f0eadc545d41bcc0564453b17001e (file has restoration edits)	nextmach/mk-108.1/bsd/kern_time.c:187 (edited file :245)	getitimer	07_kernel/src/bsd/kern/kern_time.c	compared	high	06_reconstruction/evidence/x86-kern_time.md	L1 MATCH, object OBJECT_MATCH with the final flags (09_validation/reconstruction/s5p119-it3-l1-kern_time-F-20261002.json)
x86-0x10afc4	x86	33469393c0843fc741942c3ae9d91d838467d72abd647dcf2e5bf499a3f14890	0x10afc4	_setitimer	bsd	nextmach	https://github.com/johnsonjh/NeXTMach.git f6bdb9c3268f0eadc545d41bcc0564453b17001e (file has restoration edits)	nextmach/mk-108.1/bsd/kern_time.c:221 (edited file :281)	setitimer	07_kernel/src/bsd/kern/kern_time.c	compared	high	06_reconstruction/evidence/x86-kern_time.md	L1 MATCH, object OBJECT_MATCH with the final flags (09_validation/reconstruction/s5p119-it3-l1-kern_time-F-20261002.json)
x86-0x10b250	x86	33469393c0843fc741942c3ae9d91d838467d72abd647dcf2e5bf499a3f14890	0x10b250	_realitexpire	bsd	nextmach	https://github.com/johnsonjh/NeXTMach.git f6bdb9c3268f0eadc545d41bcc0564453b17001e (file has restoration edits)	nextmach/mk-108.1/bsd/kern_time.c:271 (edited file :333)	realitexpire	07_kernel/src/bsd/kern/kern_time.c	compared	high	06_reconstruction/evidence/x86-kern_time.md	L1 MATCH, object OBJECT_MATCH with the final flags (09_validation/reconstruction/s5p119-it3-l1-kern_time-F-20261002.json)
x86-0x10b334	x86	33469393c0843fc741942c3ae9d91d838467d72abd647dcf2e5bf499a3f14890	0x10b334	_itimerfix	bsd	nextmach	https://github.com/johnsonjh/NeXTMach.git f6bdb9c3268f0eadc545d41bcc0564453b17001e (file has restoration edits)	nextmach/mk-108.1/bsd/kern_time.c:317 (edited file :381)	itimerfix	07_kernel/src/bsd/kern/kern_time.c	compared	high	06_reconstruction/evidence/x86-kern_time.md	L1 MATCH, object OBJECT_MATCH with the final flags (09_validation/reconstruction/s5p119-it3-l1-kern_time-F-20261002.json)
x86-0x10b374	x86	33469393c0843fc741942c3ae9d91d838467d72abd647dcf2e5bf499a3f14890	0x10b374	_itimerdecr	bsd	nextmach	https://github.com/johnsonjh/NeXTMach.git f6bdb9c3268f0eadc545d41bcc0564453b17001e (file has restoration edits)	nextmach/mk-108.1/bsd/kern_time.c:339 (edited file :403)	itimerdecr	07_kernel/src/bsd/kern/kern_time.c	compared	high	06_reconstruction/evidence/x86-kern_time.md	L1 MATCH, object OBJECT_MATCH with the final flags (09_validation/reconstruction/s5p119-it3-l1-kern_time-F-20261002.json)
x86-0x10b3f8	x86	33469393c0843fc741942c3ae9d91d838467d72abd647dcf2e5bf499a3f14890	0x10b3f8	_timevaladd	bsd	nextmach	https://github.com/johnsonjh/NeXTMach.git f6bdb9c3268f0eadc545d41bcc0564453b17001e (file has restoration edits)	nextmach/mk-108.1/bsd/kern_time.c:378 (edited file :442)	timevaladd	07_kernel/src/bsd/kern/kern_time.c	compared	high	06_reconstruction/evidence/x86-kern_time.md	L1 MATCH, object OBJECT_MATCH with the final flags (09_validation/reconstruction/s5p119-it3-l1-kern_time-F-20261002.json)
x86-0x10b418	x86	33469393c0843fc741942c3ae9d91d838467d72abd647dcf2e5bf499a3f14890	0x10b418	_timevalsub	bsd	nextmach	https://github.com/johnsonjh/NeXTMach.git f6bdb9c3268f0eadc545d41bcc0564453b17001e (file has restoration edits)	nextmach/mk-108.1/bsd/kern_time.c:387 (edited file :451)	timevalsub	07_kernel/src/bsd/kern/kern_time.c	compared	high	06_reconstruction/evidence/x86-kern_time.md	L1 MATCH, object OBJECT_MATCH with the final flags (09_validation/reconstruction/s5p119-it3-l1-kern_time-F-20261002.json)
x86-0x10b438	x86	33469393c0843fc741942c3ae9d91d838467d72abd647dcf2e5bf499a3f14890	0x10b438	_timevalfix	bsd	nextmach	https://github.com/johnsonjh/NeXTMach.git f6bdb9c3268f0eadc545d41bcc0564453b17001e (file has restoration edits)	nextmach/mk-108.1/bsd/kern_time.c:396 (edited file :460)	timevalfix	07_kernel/src/bsd/kern/kern_time.c	compared	high	06_reconstruction/evidence/x86-kern_time.md	L1 MATCH, object OBJECT_MATCH with the final flags (09_validation/reconstruction/s5p119-it3-l1-kern_time-F-20261002.json)
x86-0x10a384	x86	33469393c0843fc741942c3ae9d91d838467d72abd647dcf2e5bf499a3f14890	0x10a384	_uiomove	bsd	nextmach	https://github.com/johnsonjh/NeXTMach.git f6bdb9c3268f0eadc545d41bcc0564453b17001e (file has a restoration edit)	nextmach/mk-108.1/bsd/kern_subr.c:25 (edited file :25)	uiomove	07_kernel/src/bsd/kern/kern_subr.c	compared	high	06_reconstruction/evidence/x86-kern_subr.md	L1 MATCH, object OBJECT_MATCH with the final flags (09_validation/reconstruction/s5p120-adopt-1-l1-kern_subr-F-20261002.json)
x86-0x10a448	x86	33469393c0843fc741942c3ae9d91d838467d72abd647dcf2e5bf499a3f14890	0x10a448	_ureadc	bsd	nextmach	https://github.com/johnsonjh/NeXTMach.git f6bdb9c3268f0eadc545d41bcc0564453b17001e (file has a restoration edit)	nextmach/mk-108.1/bsd/kern_subr.c:79 (edited file :79)	ureadc	07_kernel/src/bsd/kern/kern_subr.c	compared	high	06_reconstruction/evidence/x86-kern_subr.md	L1 MATCH, object OBJECT_MATCH with the final flags (09_validation/reconstruction/s5p120-adopt-1-l1-kern_subr-F-20261002.json)
x86-0x10a4d8	x86	33469393c0843fc741942c3ae9d91d838467d72abd647dcf2e5bf499a3f14890	0x10a4d8	_uwritec	bsd	nextmach	https://github.com/johnsonjh/NeXTMach.git f6bdb9c3268f0eadc545d41bcc0564453b17001e (file has a restoration edit)	nextmach/mk-108.1/bsd/kern_subr.c:120 (edited file :120)	uwritec	07_kernel/src/bsd/kern/kern_subr.c	compared	high	06_reconstruction/evidence/x86-kern_subr.md	L1 MATCH, object OBJECT_MATCH with the final flags (09_validation/reconstruction/s5p120-adopt-1-l1-kern_subr-F-20261002.json)
x86-0x1379b8	x86	33469393c0843fc741942c3ae9d91d838467d72abd647dcf2e5bf499a3f14890	0x1379b8	_xdr_void	bsd	nextmach	https://github.com/johnsonjh/NeXTMach.git f6bdb9c3268f0eadc545d41bcc0564453b17001e	nextmach/mk-108.1/rpc/xdr.c:68	xdr_void	07_kernel/src/bsd/rpc/xdr.c	compared	high	06_reconstruction/evidence/x86-xdr.md	L1 MATCH, object grade P (09_validation/reconstruction/s5p121-it1-l1-xdr-F-20261002.json)
x86-0x1379c4	x86	33469393c0843fc741942c3ae9d91d838467d72abd647dcf2e5bf499a3f14890	0x1379c4	_xdr_int	bsd	nextmach	https://github.com/johnsonjh/NeXTMach.git f6bdb9c3268f0eadc545d41bcc0564453b17001e	nextmach/mk-108.1/rpc/xdr.c:80	xdr_int	07_kernel/src/bsd/rpc/xdr.c	compared	high	06_reconstruction/evidence/x86-xdr.md	L1 MATCH, object grade P (09_validation/reconstruction/s5p121-it1-l1-xdr-F-20261002.json)
x86-0x1379d8	x86	33469393c0843fc741942c3ae9d91d838467d72abd647dcf2e5bf499a3f14890	0x1379d8	_xdr_u_int	bsd	nextmach	https://github.com/johnsonjh/NeXTMach.git f6bdb9c3268f0eadc545d41bcc0564453b17001e	nextmach/mk-108.1/rpc/xdr.c:101	xdr_u_int	07_kernel/src/bsd/rpc/xdr.c	compared	high	06_reconstruction/evidence/x86-xdr.md	L1 MATCH, object grade P (09_validation/reconstruction/s5p121-it1-l1-xdr-F-20261002.json)
x86-0x1379ec	x86	33469393c0843fc741942c3ae9d91d838467d72abd647dcf2e5bf499a3f14890	0x1379ec	_xdr_long	bsd	nextmach	https://github.com/johnsonjh/NeXTMach.git f6bdb9c3268f0eadc545d41bcc0564453b17001e	nextmach/mk-108.1/rpc/xdr.c:123	xdr_long	07_kernel/src/bsd/rpc/xdr.c	compared	high	06_reconstruction/evidence/x86-xdr.md	L1 MATCH, object grade P (09_validation/reconstruction/s5p121-it1-l1-xdr-F-20261002.json)
x86-0x137a44	x86	33469393c0843fc741942c3ae9d91d838467d72abd647dcf2e5bf499a3f14890	0x137a44	_xdr_u_long	bsd	nextmach	https://github.com/johnsonjh/NeXTMach.git f6bdb9c3268f0eadc545d41bcc0564453b17001e	nextmach/mk-108.1/rpc/xdr.c:148	xdr_u_long	07_kernel/src/bsd/rpc/xdr.c	compared	high	06_reconstruction/evidence/x86-xdr.md	L1 MATCH, object grade P (09_validation/reconstruction/s5p121-it1-l1-xdr-F-20261002.json)
x86-0x137a9c	x86	33469393c0843fc741942c3ae9d91d838467d72abd647dcf2e5bf499a3f14890	0x137a9c	_xdr_short	bsd	nextmach	https://github.com/johnsonjh/NeXTMach.git f6bdb9c3268f0eadc545d41bcc0564453b17001e	nextmach/mk-108.1/rpc/xdr.c:169	xdr_short	07_kernel/src/bsd/rpc/xdr.c	compared	high	06_reconstruction/evidence/x86-xdr.md	L1 MATCH, object grade P (09_validation/reconstruction/s5p121-it1-l1-xdr-F-20261002.json)
x86-0x137b04	x86	33469393c0843fc741942c3ae9d91d838467d72abd647dcf2e5bf499a3f14890	0x137b04	_xdr_u_short	bsd	nextmach	https://github.com/johnsonjh/NeXTMach.git f6bdb9c3268f0eadc545d41bcc0564453b17001e	nextmach/mk-108.1/rpc/xdr.c:198	xdr_u_short	07_kernel/src/bsd/rpc/xdr.c	compared	high	06_reconstruction/evidence/x86-xdr.md	L1 MATCH, object grade P (09_validation/reconstruction/s5p121-it1-l1-xdr-F-20261002.json)
x86-0x137b88	x86	33469393c0843fc741942c3ae9d91d838467d72abd647dcf2e5bf499a3f14890	0x137b88	_xdr_char	bsd	nextmach	https://github.com/johnsonjh/NeXTMach.git f6bdb9c3268f0eadc545d41bcc0564453b17001e	nextmach/mk-108.1/rpc/xdr.c:234	xdr_char	07_kernel/src/bsd/rpc/xdr.c	compared	high	06_reconstruction/evidence/x86-xdr.md	L1 MATCH, object grade P (09_validation/reconstruction/s5p121-it1-l1-xdr-F-20261002.json)
x86-0x137bc4	x86	33469393c0843fc741942c3ae9d91d838467d72abd647dcf2e5bf499a3f14890	0x137bc4	_xdr_bool	bsd	nextmach	https://github.com/johnsonjh/NeXTMach.git f6bdb9c3268f0eadc545d41bcc0564453b17001e	nextmach/mk-108.1/rpc/xdr.c:272	xdr_bool	07_kernel/src/bsd/rpc/xdr.c	compared	high	06_reconstruction/evidence/x86-xdr.md	L1 MATCH, object grade P (09_validation/reconstruction/s5p121-it1-l1-xdr-F-20261002.json)
x86-0x137c58	x86	33469393c0843fc741942c3ae9d91d838467d72abd647dcf2e5bf499a3f14890	0x137c58	_xdr_enum	bsd	nextmach	https://github.com/johnsonjh/NeXTMach.git f6bdb9c3268f0eadc545d41bcc0564453b17001e	nextmach/mk-108.1/rpc/xdr.c:307	xdr_enum	07_kernel/src/bsd/rpc/xdr.c	compared	high	06_reconstruction/evidence/x86-xdr.md	L1 MATCH, object grade P (09_validation/reconstruction/s5p121-it1-l1-xdr-F-20261002.json)
x86-0x137cac	x86	33469393c0843fc741942c3ae9d91d838467d72abd647dcf2e5bf499a3f14890	0x137cac	_xdr_opaque	bsd	nextmach	https://github.com/johnsonjh/NeXTMach.git f6bdb9c3268f0eadc545d41bcc0564453b17001e	nextmach/mk-108.1/rpc/xdr.c:336	xdr_opaque	07_kernel/src/bsd/rpc/xdr.c	compared	medium	06_reconstruction/evidence/x86-xdr.md	L1 MATCH_UNVERIFIED: only __DATA,__bss reference-inferred (09_validation/reconstruction/s5p121-zerofill-check-xdr-20261002.json)
x86-0x137d78	x86	33469393c0843fc741942c3ae9d91d838467d72abd647dcf2e5bf499a3f14890	0x137d78	_xdr_bytes	bsd	nextmach	https://github.com/johnsonjh/NeXTMach.git f6bdb9c3268f0eadc545d41bcc0564453b17001e	nextmach/mk-108.1/rpc/xdr.c:397	xdr_bytes	07_kernel/src/bsd/rpc/xdr.c	compared	medium	06_reconstruction/evidence/x86-xdr.md	L1 MATCH_UNVERIFIED: only __DATA,__bss reference-inferred (09_validation/reconstruction/s5p121-zerofill-check-xdr-20261002.json)
x86-0x137edc	x86	33469393c0843fc741942c3ae9d91d838467d72abd647dcf2e5bf499a3f14890	0x137edc	_xdr_netobj	bsd	nextmach	https://github.com/johnsonjh/NeXTMach.git f6bdb9c3268f0eadc545d41bcc0564453b17001e	nextmach/mk-108.1/rpc/xdr.c:463	xdr_netobj	07_kernel/src/bsd/rpc/xdr.c	compared	high	06_reconstruction/evidence/x86-xdr.md	L1 MATCH, object grade P (09_validation/reconstruction/s5p121-it1-l1-xdr-F-20261002.json)
x86-0x137efc	x86	33469393c0843fc741942c3ae9d91d838467d72abd647dcf2e5bf499a3f14890	0x137efc	_xdr_union	bsd	nextmach	https://github.com/johnsonjh/NeXTMach.git f6bdb9c3268f0eadc545d41bcc0564453b17001e	nextmach/mk-108.1/rpc/xdr.c:483	xdr_union	07_kernel/src/bsd/rpc/xdr.c	compared	high	06_reconstruction/evidence/x86-xdr.md	L1 MATCH, object grade P (09_validation/reconstruction/s5p121-it1-l1-xdr-F-20261002.json)
x86-0x137fa0	x86	33469393c0843fc741942c3ae9d91d838467d72abd647dcf2e5bf499a3f14890	0x137fa0	_xdr_string	bsd	nextmach	https://github.com/johnsonjh/NeXTMach.git f6bdb9c3268f0eadc545d41bcc0564453b17001e	nextmach/mk-108.1/rpc/xdr.c:535	xdr_string	07_kernel/src/bsd/rpc/xdr.c	compared	medium	06_reconstruction/evidence/x86-xdr.md	L1 MATCH_UNVERIFIED: only __DATA,__bss reference-inferred (09_validation/reconstruction/s5p121-zerofill-check-xdr-20261002.json)
x86-0x10cca4	x86	33469393c0843fc741942c3ae9d91d838467d72abd647dcf2e5bf499a3f14890	0x10cca4	_nodev	bsd	nextmach	https://github.com/johnsonjh/NeXTMach.git f6bdb9c3268f0eadc545d41bcc0564453b17001e (file has restoration edits)	nextmach/mk-108.1/bsd/subr_xxx.c:85 (edited file :87)	nodev	07_kernel/src/bsd/kern/subr_xxx.c	compared	high	06_reconstruction/evidence/x86-subr_xxx.md	L1 MATCH, object OBJECT_MATCH with the final flags (09_validation/reconstruction/s5p122-adopt-2-l1-subr_xxx-F-20261002.json)
x86-0x10ccb0	x86	33469393c0843fc741942c3ae9d91d838467d72abd647dcf2e5bf499a3f14890	0x10ccb0	_nulldev	bsd	nextmach	https://github.com/johnsonjh/NeXTMach.git f6bdb9c3268f0eadc545d41bcc0564453b17001e (file has restoration edits)	nextmach/mk-108.1/bsd/subr_xxx.c:95 (edited file :97)	nulldev	07_kernel/src/bsd/kern/subr_xxx.c	compared	high	06_reconstruction/evidence/x86-subr_xxx.md	L1 MATCH, object OBJECT_MATCH with the final flags (09_validation/reconstruction/s5p122-adopt-2-l1-subr_xxx-F-20261002.json)
x86-0x10ccbc	x86	33469393c0843fc741942c3ae9d91d838467d72abd647dcf2e5bf499a3f14890	0x10ccbc	_errsys	bsd	nextmach	https://github.com/johnsonjh/NeXTMach.git f6bdb9c3268f0eadc545d41bcc0564453b17001e (file has restoration edits)	nextmach/mk-108.1/bsd/subr_xxx.c:104 (edited file :106)	errsys	07_kernel/src/bsd/kern/subr_xxx.c	compared	high	06_reconstruction/evidence/x86-subr_xxx.md	L1 MATCH, object OBJECT_MATCH with the final flags (09_validation/reconstruction/s5p122-adopt-2-l1-subr_xxx-F-20261002.json)
x86-0x10cccc	x86	33469393c0843fc741942c3ae9d91d838467d72abd647dcf2e5bf499a3f14890	0x10cccc	_nullsys	bsd	nextmach	https://github.com/johnsonjh/NeXTMach.git f6bdb9c3268f0eadc545d41bcc0564453b17001e (file has restoration edits)	nextmach/mk-108.1/bsd/subr_xxx.c:109 (edited file :111)	nullsys	07_kernel/src/bsd/kern/subr_xxx.c	compared	high	06_reconstruction/evidence/x86-subr_xxx.md	L1 MATCH, object OBJECT_MATCH with the final flags (09_validation/reconstruction/s5p122-adopt-2-l1-subr_xxx-F-20261002.json)
x86-0x10ccd4	x86	33469393c0843fc741942c3ae9d91d838467d72abd647dcf2e5bf499a3f14890	0x10ccd4	_nosys	bsd	nextmach	https://github.com/johnsonjh/NeXTMach.git f6bdb9c3268f0eadc545d41bcc0564453b17001e (moved from next/trap.c; exception_from_kernel)	nextmach/mk-108.1/next/trap.c:1072 (edited file :119)	nosys	07_kernel/src/bsd/kern/subr_xxx.c	compared	high	06_reconstruction/evidence/x86-subr_xxx.md	L1 MATCH, object OBJECT_MATCH with the final flags (09_validation/reconstruction/s5p122-adopt-2-l1-subr_xxx-F-20261002.json)
x86-0x10cd04	x86	33469393c0843fc741942c3ae9d91d838467d72abd647dcf2e5bf499a3f14890	0x10cd04	_imin	bsd	nextmach	https://github.com/johnsonjh/NeXTMach.git f6bdb9c3268f0eadc545d41bcc0564453b17001e (file has restoration edits)	nextmach/mk-108.1/bsd/subr_xxx.c:117 (edited file :130)	imin	07_kernel/src/bsd/kern/subr_xxx.c	compared	high	06_reconstruction/evidence/x86-subr_xxx.md	L1 MATCH, object OBJECT_MATCH with the final flags (09_validation/reconstruction/s5p122-adopt-2-l1-subr_xxx-F-20261002.json)
x86-0x10cd18	x86	33469393c0843fc741942c3ae9d91d838467d72abd647dcf2e5bf499a3f14890	0x10cd18	_imax	bsd	nextmach	https://github.com/johnsonjh/NeXTMach.git f6bdb9c3268f0eadc545d41bcc0564453b17001e (file has restoration edits)	nextmach/mk-108.1/bsd/subr_xxx.c:123 (edited file :136)	imax	07_kernel/src/bsd/kern/subr_xxx.c	compared	high	06_reconstruction/evidence/x86-subr_xxx.md	L1 MATCH, object OBJECT_MATCH with the final flags (09_validation/reconstruction/s5p122-adopt-2-l1-subr_xxx-F-20261002.json)
x86-0x10cd2c	x86	33469393c0843fc741942c3ae9d91d838467d72abd647dcf2e5bf499a3f14890	0x10cd2c	_min	bsd	nextmach	https://github.com/johnsonjh/NeXTMach.git f6bdb9c3268f0eadc545d41bcc0564453b17001e (file has restoration edits)	nextmach/mk-108.1/bsd/subr_xxx.c:130 (edited file :143)	min	07_kernel/src/bsd/kern/subr_xxx.c	compared	high	06_reconstruction/evidence/x86-subr_xxx.md	L1 MATCH, object OBJECT_MATCH with the final flags (09_validation/reconstruction/s5p122-adopt-2-l1-subr_xxx-F-20261002.json)
x86-0x10cd40	x86	33469393c0843fc741942c3ae9d91d838467d72abd647dcf2e5bf499a3f14890	0x10cd40	_max	bsd	nextmach	https://github.com/johnsonjh/NeXTMach.git f6bdb9c3268f0eadc545d41bcc0564453b17001e (file has restoration edits)	nextmach/mk-108.1/bsd/subr_xxx.c:138 (edited file :151)	max	07_kernel/src/bsd/kern/subr_xxx.c	compared	high	06_reconstruction/evidence/x86-subr_xxx.md	L1 MATCH, object OBJECT_MATCH with the final flags (09_validation/reconstruction/s5p122-adopt-2-l1-subr_xxx-F-20261002.json)
x86-0x121554	x86	33469393c0843fc741942c3ae9d91d838467d72abd647dcf2e5bf499a3f14890	0x121554	_raw_init	bsd	nextmach	https://github.com/johnsonjh/NeXTMach.git f6bdb9c3268f0eadc545d41bcc0564453b17001e	nextmach/mk-108.1/net/raw_usrreq.c:40	raw_init	07_kernel/src/bsd/net/raw_usrreq.c	compared	high	06_reconstruction/evidence/x86-nextmach-batch5.md	L1 MATCH, object OBJECT_MATCH with the final flags (09_validation/reconstruction/s5p123-adopt-1-l1-raw_usrreq-F-20261002.json)
x86-0x12157c	x86	33469393c0843fc741942c3ae9d91d838467d72abd647dcf2e5bf499a3f14890	0x12157c	_raw_input	bsd	nextmach	https://github.com/johnsonjh/NeXTMach.git f6bdb9c3268f0eadc545d41bcc0564453b17001e	nextmach/mk-108.1/net/raw_usrreq.c:50	raw_input	07_kernel/src/bsd/net/raw_usrreq.c	compared	high	06_reconstruction/evidence/x86-nextmach-batch5.md	L1 MATCH, object OBJECT_MATCH with the final flags (09_validation/reconstruction/s5p123-adopt-1-l1-raw_usrreq-F-20261002.json)
x86-0x121654	x86	33469393c0843fc741942c3ae9d91d838467d72abd647dcf2e5bf499a3f14890	0x121654	_rawintr	bsd	nextmach	https://github.com/johnsonjh/NeXTMach.git f6bdb9c3268f0eadc545d41bcc0564453b17001e	nextmach/mk-108.1/net/raw_usrreq.c:95	rawintr	07_kernel/src/bsd/net/raw_usrreq.c	compared	high	06_reconstruction/evidence/x86-nextmach-batch5.md	L1 MATCH, object OBJECT_MATCH with the final flags (09_validation/reconstruction/s5p123-adopt-1-l1-raw_usrreq-F-20261002.json)
x86-0x121814	x86	33469393c0843fc741942c3ae9d91d838467d72abd647dcf2e5bf499a3f14890	0x121814	_raw_ctlinput	bsd	nextmach	https://github.com/johnsonjh/NeXTMach.git f6bdb9c3268f0eadc545d41bcc0564453b17001e	nextmach/mk-108.1/net/raw_usrreq.c:156	raw_ctlinput	07_kernel/src/bsd/net/raw_usrreq.c	compared	high	06_reconstruction/evidence/x86-nextmach-batch5.md	L1 MATCH, object OBJECT_MATCH with the final flags (09_validation/reconstruction/s5p123-adopt-1-l1-raw_usrreq-F-20261002.json)
x86-0x12181c	x86	33469393c0843fc741942c3ae9d91d838467d72abd647dcf2e5bf499a3f14890	0x12181c	_raw_usrreq	bsd	nextmach	https://github.com/johnsonjh/NeXTMach.git f6bdb9c3268f0eadc545d41bcc0564453b17001e	nextmach/mk-108.1/net/raw_usrreq.c:167	raw_usrreq	07_kernel/src/bsd/net/raw_usrreq.c	compared	high	06_reconstruction/evidence/x86-nextmach-batch5.md	L1 MATCH, object OBJECT_MATCH with the final flags (09_validation/reconstruction/s5p123-adopt-1-l1-raw_usrreq-F-20261002.json)
x86-0x121300	x86	33469393c0843fc741942c3ae9d91d838467d72abd647dcf2e5bf499a3f14890	0x121300	_raw_attach	bsd	nextmach	https://github.com/johnsonjh/NeXTMach.git f6bdb9c3268f0eadc545d41bcc0564453b17001e (file has restoration edits)	nextmach/mk-108.1/net/raw_cb.c:54 (edited file :58)	raw_attach	07_kernel/src/bsd/net/raw_cb.c	compared	high	06_reconstruction/evidence/x86-raw_cb.md	L1 MATCH, object OBJECT_MATCH with the final flags (09_validation/reconstruction/s5p124-it2-l1-raw_cb-F-20261002.json)
x86-0x1213bc	x86	33469393c0843fc741942c3ae9d91d838467d72abd647dcf2e5bf499a3f14890	0x1213bc	_raw_detach	bsd	nextmach	https://github.com/johnsonjh/NeXTMach.git f6bdb9c3268f0eadc545d41bcc0564453b17001e (file has restoration edits)	nextmach/mk-108.1/net/raw_cb.c:88 (edited file :92)	raw_detach	07_kernel/src/bsd/net/raw_cb.c	compared	high	06_reconstruction/evidence/x86-raw_cb.md	L1 MATCH, object OBJECT_MATCH with the final flags (09_validation/reconstruction/s5p124-it2-l1-raw_cb-F-20261002.json)
x86-0x12143c	x86	33469393c0843fc741942c3ae9d91d838467d72abd647dcf2e5bf499a3f14890	0x12143c	_raw_disconnect	bsd	nextmach	https://github.com/johnsonjh/NeXTMach.git f6bdb9c3268f0eadc545d41bcc0564453b17001e (file has restoration edits)	nextmach/mk-108.1/net/raw_cb.c:106 (edited file :116)	raw_disconnect	07_kernel/src/bsd/net/raw_cb.c	compared	high	06_reconstruction/evidence/x86-raw_cb.md	L1 MATCH, object OBJECT_MATCH with the final flags (09_validation/reconstruction/s5p124-it2-l1-raw_cb-F-20261002.json)
x86-0x1214c8	x86	33469393c0843fc741942c3ae9d91d838467d72abd647dcf2e5bf499a3f14890	0x1214c8	_raw_bind	bsd	nextmach	https://github.com/johnsonjh/NeXTMach.git f6bdb9c3268f0eadc545d41bcc0564453b17001e (file has restoration edits)	nextmach/mk-108.1/net/raw_cb.c:115 (edited file :125)	raw_bind	07_kernel/src/bsd/net/raw_cb.c	compared	high	06_reconstruction/evidence/x86-raw_cb.md	L1 MATCH, object OBJECT_MATCH with the final flags (09_validation/reconstruction/s5p124-it2-l1-raw_cb-F-20261002.json)
x86-0x121530	x86	33469393c0843fc741942c3ae9d91d838467d72abd647dcf2e5bf499a3f14890	0x121530	_raw_connaddr	bsd	nextmach	https://github.com/johnsonjh/NeXTMach.git f6bdb9c3268f0eadc545d41bcc0564453b17001e (file has restoration edits)	nextmach/mk-108.1/net/raw_cb.c:155 (edited file :165)	raw_connaddr	07_kernel/src/bsd/net/raw_cb.c	compared	high	06_reconstruction/evidence/x86-raw_cb.md	L1 MATCH, object OBJECT_MATCH with the final flags (09_validation/reconstruction/s5p124-it2-l1-raw_cb-F-20261002.json)
x86-0x12a8cc	x86	33469393c0843fc741942c3ae9d91d838467d72abd647dcf2e5bf499a3f14890	0x12a8cc	_tcp_fasttimo	bsd	nextmach	https://github.com/johnsonjh/NeXTMach.git f6bdb9c3268f0eadc545d41bcc0564453b17001e (file has restoration edits)	nextmach/mk-108.1/netinet/tcp_timer.c:53 (edited file :53)	tcp_fasttimo	07_kernel/src/bsd/netinet/tcp_timer.c	compared	high	06_reconstruction/evidence/x86-tcp_timer.md	L1 MATCH, object OBJECT_MATCH with the final flags (09_validation/reconstruction/s5p125-it1-l1-tcp_timer-F-20261002.json)
x86-0x12a92c	x86	33469393c0843fc741942c3ae9d91d838467d72abd647dcf2e5bf499a3f14890	0x12a92c	_tcp_slowtimo	bsd	nextmach	https://github.com/johnsonjh/NeXTMach.git f6bdb9c3268f0eadc545d41bcc0564453b17001e (file has restoration edits)	nextmach/mk-108.1/netinet/tcp_timer.c:77 (edited file :77)	tcp_slowtimo	07_kernel/src/bsd/netinet/tcp_timer.c	compared	high	06_reconstruction/evidence/x86-tcp_timer.md	L1 MATCH, object OBJECT_MATCH with the final flags (09_validation/reconstruction/s5p125-it1-l1-tcp_timer-F-20261002.json)
x86-0x12a9e0	x86	33469393c0843fc741942c3ae9d91d838467d72abd647dcf2e5bf499a3f14890	0x12a9e0	_tcp_canceltimers	bsd	nextmach	https://github.com/johnsonjh/NeXTMach.git f6bdb9c3268f0eadc545d41bcc0564453b17001e (file has restoration edits)	nextmach/mk-108.1/netinet/tcp_timer.c:124 (edited file :124)	tcp_canceltimers	07_kernel/src/bsd/netinet/tcp_timer.c	compared	high	06_reconstruction/evidence/x86-tcp_timer.md	L1 MATCH, object OBJECT_MATCH with the final flags (09_validation/reconstruction/s5p125-it1-l1-tcp_timer-F-20261002.json)
x86-0x12a9fc	x86	33469393c0843fc741942c3ae9d91d838467d72abd647dcf2e5bf499a3f14890	0x12a9fc	_tcp_timers	bsd	nextmach	https://github.com/johnsonjh/NeXTMach.git f6bdb9c3268f0eadc545d41bcc0564453b17001e (file has restoration edits)	nextmach/mk-108.1/netinet/tcp_timer.c:140 (edited file :140)	tcp_timers	07_kernel/src/bsd/netinet/tcp_timer.c	compared	high	06_reconstruction/evidence/x86-tcp_timer.md	L1 MATCH, object OBJECT_MATCH with the final flags (09_validation/reconstruction/s5p125-it1-l1-tcp_timer-F-20261002.json)
x86-0x1284c0	x86	33469393c0843fc741942c3ae9d91d838467d72abd647dcf2e5bf499a3f14890	0x1284c0	_tcp_trace	bsd	nextmach	https://github.com/johnsonjh/NeXTMach.git f6bdb9c3268f0eadc545d41bcc0564453b17001e (file has restoration edits)	nextmach/mk-108.1/netinet/tcp_debug.c:55 (edited file :65)	tcp_trace	07_kernel/src/bsd/netinet/tcp_debug.c	compared	high	06_reconstruction/evidence/x86-tcp_debug.md	L1 MATCH, object OBJECT_MATCH with the final flags (09_validation/reconstruction/s5p126-it1-l1-tcp_debug-F-20261002.json)
x86-0x120b98	x86	33469393c0843fc741942c3ae9d91d838467d72abd647dcf2e5bf499a3f14890	0x120b98	_if_output	bsd	nextmach	https://github.com/johnsonjh/NeXTMach.git f6bdb9c3268f0eadc545d41bcc0564453b17001e (file has restoration edits)	nextmach/mk-108.1/net/netif.c:45 (edited file :55)	if_output	07_kernel/src/bsd/net/netif.c	compared	high	06_reconstruction/evidence/x86-netif.md	L1 MATCH, object grade P (09_validation/reconstruction/s5p127-it1-l1-netif-F-20261002.json)
x86-0x120bc0	x86	33469393c0843fc741942c3ae9d91d838467d72abd647dcf2e5bf499a3f14890	0x120bc0	_if_control	bsd	nextmach	https://github.com/johnsonjh/NeXTMach.git f6bdb9c3268f0eadc545d41bcc0564453b17001e (file has restoration edits)	nextmach/mk-108.1/net/netif.c:61 (edited file :71)	if_control	07_kernel/src/bsd/net/netif.c	compared	high	06_reconstruction/evidence/x86-netif.md	L1 MATCH, object grade P (09_validation/reconstruction/s5p127-it1-l1-netif-F-20261002.json)
x86-0x120be8	x86	33469393c0843fc741942c3ae9d91d838467d72abd647dcf2e5bf499a3f14890	0x120be8	_if_ioctl	bsd	nextmach	https://github.com/johnsonjh/NeXTMach.git f6bdb9c3268f0eadc545d41bcc0564453b17001e (file has restoration edits)	nextmach/mk-108.1/net/netif.c:77 (edited file :87)	if_ioctl	07_kernel/src/bsd/net/netif.c	compared	high	06_reconstruction/evidence/x86-netif.md	L1 MATCH, object grade P (09_validation/reconstruction/s5p127-it1-l1-netif-F-20261002.json)
x86-0x120cb8	x86	33469393c0843fc741942c3ae9d91d838467d72abd647dcf2e5bf499a3f14890	0x120cb8	_if_init	bsd	nextmach	https://github.com/johnsonjh/NeXTMach.git f6bdb9c3268f0eadc545d41bcc0564453b17001e (file has restoration edits)	nextmach/mk-108.1/net/netif.c:121 (edited file :139)	if_init	07_kernel/src/bsd/net/netif.c	compared	high	06_reconstruction/evidence/x86-netif.md	L1 MATCH, object grade P (09_validation/reconstruction/s5p127-it1-l1-netif-F-20261002.json)
x86-0x120cd8	x86	33469393c0843fc741942c3ae9d91d838467d72abd647dcf2e5bf499a3f14890	0x120cd8	_if_getbuf	bsd	nextmach	https://github.com/johnsonjh/NeXTMach.git f6bdb9c3268f0eadc545d41bcc0564453b17001e (file has restoration edits)	nextmach/mk-108.1/net/netif.c:135 (edited file :153)	if_getbuf	07_kernel/src/bsd/net/netif.c	compared	high	06_reconstruction/evidence/x86-netif.md	L1 MATCH, object grade P (09_validation/reconstruction/s5p127-it1-l1-netif-F-20261002.json)
x86-0x120cf4	x86	33469393c0843fc741942c3ae9d91d838467d72abd647dcf2e5bf499a3f14890	0x120cf4	_if_private	bsd	nextmach	https://github.com/johnsonjh/NeXTMach.git f6bdb9c3268f0eadc545d41bcc0564453b17001e (file has restoration edits)	nextmach/mk-108.1/net/netif.c:149 (edited file :167)	if_private	07_kernel/src/bsd/net/netif.c	compared	high	06_reconstruction/evidence/x86-netif.md	L1 MATCH, object grade P (09_validation/reconstruction/s5p127-it1-l1-netif-F-20261002.json)
x86-0x120d04	x86	33469393c0843fc741942c3ae9d91d838467d72abd647dcf2e5bf499a3f14890	0x120d04	_if_unit	bsd	nextmach	https://github.com/johnsonjh/NeXTMach.git f6bdb9c3268f0eadc545d41bcc0564453b17001e (file has restoration edits)	nextmach/mk-108.1/net/netif.c:157 (edited file :175)	if_unit	07_kernel/src/bsd/net/netif.c	compared	high	06_reconstruction/evidence/x86-netif.md	L1 MATCH, object grade P (09_validation/reconstruction/s5p127-it1-l1-netif-F-20261002.json)
x86-0x120d14	x86	33469393c0843fc741942c3ae9d91d838467d72abd647dcf2e5bf499a3f14890	0x120d14	_if_name	bsd	nextmach	https://github.com/johnsonjh/NeXTMach.git f6bdb9c3268f0eadc545d41bcc0564453b17001e (file has restoration edits)	nextmach/mk-108.1/net/netif.c:165 (edited file :183)	if_name	07_kernel/src/bsd/net/netif.c	compared	high	06_reconstruction/evidence/x86-netif.md	L1 MATCH, object grade P (09_validation/reconstruction/s5p127-it1-l1-netif-F-20261002.json)
x86-0x120d20	x86	33469393c0843fc741942c3ae9d91d838467d72abd647dcf2e5bf499a3f14890	0x120d20	_if_type	bsd	nextmach	https://github.com/johnsonjh/NeXTMach.git f6bdb9c3268f0eadc545d41bcc0564453b17001e (file has restoration edits)	nextmach/mk-108.1/net/netif.c:173 (edited file :191)	if_type	07_kernel/src/bsd/net/netif.c	compared	high	06_reconstruction/evidence/x86-netif.md	L1 MATCH, object grade P (09_validation/reconstruction/s5p127-it1-l1-netif-F-20261002.json)
x86-0x120d30	x86	33469393c0843fc741942c3ae9d91d838467d72abd647dcf2e5bf499a3f14890	0x120d30	_if_mtu	bsd	nextmach	https://github.com/johnsonjh/NeXTMach.git f6bdb9c3268f0eadc545d41bcc0564453b17001e (file has restoration edits)	nextmach/mk-108.1/net/netif.c:181 (edited file :199)	if_mtu	07_kernel/src/bsd/net/netif.c	compared	high	06_reconstruction/evidence/x86-netif.md	L1 MATCH, object grade P (09_validation/reconstruction/s5p127-it1-l1-netif-F-20261002.json)
x86-0x120d40	x86	33469393c0843fc741942c3ae9d91d838467d72abd647dcf2e5bf499a3f14890	0x120d40	_if_class	bsd	authored	D024	authored from the original _if_class 0x120d40 (SDK :126); declaration SDK bsd/net/netif.h (07_kernel/src/bsd/net/netif.c:208)	if_class	07_kernel/src/bsd/net/netif.c	compared	high	06_reconstruction/evidence/x86-netif.md	L1 MATCH, object grade P (09_validation/reconstruction/s5p127-it1-l1-netif-F-20261002.json)
x86-0x120d50	x86	33469393c0843fc741942c3ae9d91d838467d72abd647dcf2e5bf499a3f14890	0x120d50	_if_flags	bsd	nextmach	https://github.com/johnsonjh/NeXTMach.git f6bdb9c3268f0eadc545d41bcc0564453b17001e (file has restoration edits)	nextmach/mk-108.1/net/netif.c:189 (edited file :216)	if_flags	07_kernel/src/bsd/net/netif.c	compared	high	06_reconstruction/evidence/x86-netif.md	L1 MATCH, object grade P (09_validation/reconstruction/s5p127-it1-l1-netif-F-20261002.json)
x86-0x120d60	x86	33469393c0843fc741942c3ae9d91d838467d72abd647dcf2e5bf499a3f14890	0x120d60	_if_opackets	bsd	nextmach	https://github.com/johnsonjh/NeXTMach.git f6bdb9c3268f0eadc545d41bcc0564453b17001e (file has restoration edits)	nextmach/mk-108.1/net/netif.c:197 (edited file :224)	if_opackets	07_kernel/src/bsd/net/netif.c	compared	high	06_reconstruction/evidence/x86-netif.md	L1 MATCH, object grade P (09_validation/reconstruction/s5p127-it1-l1-netif-F-20261002.json)
x86-0x120d70	x86	33469393c0843fc741942c3ae9d91d838467d72abd647dcf2e5bf499a3f14890	0x120d70	_if_ipackets	bsd	nextmach	https://github.com/johnsonjh/NeXTMach.git f6bdb9c3268f0eadc545d41bcc0564453b17001e (file has restoration edits)	nextmach/mk-108.1/net/netif.c:205 (edited file :232)	if_ipackets	07_kernel/src/bsd/net/netif.c	compared	high	06_reconstruction/evidence/x86-netif.md	L1 MATCH, object grade P (09_validation/reconstruction/s5p127-it1-l1-netif-F-20261002.json)
x86-0x120d80	x86	33469393c0843fc741942c3ae9d91d838467d72abd647dcf2e5bf499a3f14890	0x120d80	_if_oerrors	bsd	nextmach	https://github.com/johnsonjh/NeXTMach.git f6bdb9c3268f0eadc545d41bcc0564453b17001e (file has restoration edits)	nextmach/mk-108.1/net/netif.c:213 (edited file :240)	if_oerrors	07_kernel/src/bsd/net/netif.c	compared	high	06_reconstruction/evidence/x86-netif.md	L1 MATCH, object grade P (09_validation/reconstruction/s5p127-it1-l1-netif-F-20261002.json)
x86-0x120d90	x86	33469393c0843fc741942c3ae9d91d838467d72abd647dcf2e5bf499a3f14890	0x120d90	_if_ierrors	bsd	nextmach	https://github.com/johnsonjh/NeXTMach.git f6bdb9c3268f0eadc545d41bcc0564453b17001e (file has restoration edits)	nextmach/mk-108.1/net/netif.c:221 (edited file :248)	if_ierrors	07_kernel/src/bsd/net/netif.c	compared	high	06_reconstruction/evidence/x86-netif.md	L1 MATCH, object grade P (09_validation/reconstruction/s5p127-it1-l1-netif-F-20261002.json)
x86-0x120da0	x86	33469393c0843fc741942c3ae9d91d838467d72abd647dcf2e5bf499a3f14890	0x120da0	_if_collisions	bsd	nextmach	https://github.com/johnsonjh/NeXTMach.git f6bdb9c3268f0eadc545d41bcc0564453b17001e (file has restoration edits)	nextmach/mk-108.1/net/netif.c:229 (edited file :256)	if_collisions	07_kernel/src/bsd/net/netif.c	compared	high	06_reconstruction/evidence/x86-netif.md	L1 MATCH, object grade P (09_validation/reconstruction/s5p127-it1-l1-netif-F-20261002.json)
x86-0x120db0	x86	33469393c0843fc741942c3ae9d91d838467d72abd647dcf2e5bf499a3f14890	0x120db0	_if_flags_set	bsd	nextmach	https://github.com/johnsonjh/NeXTMach.git f6bdb9c3268f0eadc545d41bcc0564453b17001e (file has restoration edits)	nextmach/mk-108.1/net/netif.c:237 (edited file :264)	if_flags_set	07_kernel/src/bsd/net/netif.c	compared	high	06_reconstruction/evidence/x86-netif.md	L1 MATCH, object grade P (09_validation/reconstruction/s5p127-it1-l1-netif-F-20261002.json)
x86-0x120dc4	x86	33469393c0843fc741942c3ae9d91d838467d72abd647dcf2e5bf499a3f14890	0x120dc4	_if_opackets_set	bsd	nextmach	https://github.com/johnsonjh/NeXTMach.git f6bdb9c3268f0eadc545d41bcc0564453b17001e (file has restoration edits)	nextmach/mk-108.1/net/netif.c:246 (edited file :273)	if_opackets_set	07_kernel/src/bsd/net/netif.c	compared	high	06_reconstruction/evidence/x86-netif.md	L1 MATCH, object grade P (09_validation/reconstruction/s5p127-it1-l1-netif-F-20261002.json)
x86-0x120dd4	x86	33469393c0843fc741942c3ae9d91d838467d72abd647dcf2e5bf499a3f14890	0x120dd4	_if_ipackets_set	bsd	nextmach	https://github.com/johnsonjh/NeXTMach.git f6bdb9c3268f0eadc545d41bcc0564453b17001e (file has restoration edits)	nextmach/mk-108.1/net/netif.c:255 (edited file :282)	if_ipackets_set	07_kernel/src/bsd/net/netif.c	compared	high	06_reconstruction/evidence/x86-netif.md	L1 MATCH, object grade P (09_validation/reconstruction/s5p127-it1-l1-netif-F-20261002.json)
x86-0x120de4	x86	33469393c0843fc741942c3ae9d91d838467d72abd647dcf2e5bf499a3f14890	0x120de4	_if_oerrors_set	bsd	nextmach	https://github.com/johnsonjh/NeXTMach.git f6bdb9c3268f0eadc545d41bcc0564453b17001e (file has restoration edits)	nextmach/mk-108.1/net/netif.c:264 (edited file :291)	if_oerrors_set	07_kernel/src/bsd/net/netif.c	compared	high	06_reconstruction/evidence/x86-netif.md	L1 MATCH, object grade P (09_validation/reconstruction/s5p127-it1-l1-netif-F-20261002.json)
x86-0x120df4	x86	33469393c0843fc741942c3ae9d91d838467d72abd647dcf2e5bf499a3f14890	0x120df4	_if_ierrors_set	bsd	nextmach	https://github.com/johnsonjh/NeXTMach.git f6bdb9c3268f0eadc545d41bcc0564453b17001e (file has restoration edits)	nextmach/mk-108.1/net/netif.c:273 (edited file :300)	if_ierrors_set	07_kernel/src/bsd/net/netif.c	compared	high	06_reconstruction/evidence/x86-netif.md	L1 MATCH, object grade P (09_validation/reconstruction/s5p127-it1-l1-netif-F-20261002.json)
x86-0x120e04	x86	33469393c0843fc741942c3ae9d91d838467d72abd647dcf2e5bf499a3f14890	0x120e04	_if_collisions_set	bsd	nextmach	https://github.com/johnsonjh/NeXTMach.git f6bdb9c3268f0eadc545d41bcc0564453b17001e (file has restoration edits)	nextmach/mk-108.1/net/netif.c:282 (edited file :309)	if_collisions_set	07_kernel/src/bsd/net/netif.c	compared	high	06_reconstruction/evidence/x86-netif.md	L1 MATCH, object grade P (09_validation/reconstruction/s5p127-it1-l1-netif-F-20261002.json)
x86-0x120e14	x86	33469393c0843fc741942c3ae9d91d838467d72abd647dcf2e5bf499a3f14890	0x120e14	_iflist_first	bsd	authored	D024	authored from the original _iflist_first 0x120e14 (SDK :116); declaration SDK bsd/net/netif.h (07_kernel/src/bsd/net/netif.c:319)	iflist_first	07_kernel/src/bsd/net/netif.c	compared	high	06_reconstruction/evidence/x86-netif.md	L1 MATCH, object grade P (09_validation/reconstruction/s5p127-it1-l1-netif-F-20261002.json)
x86-0x120e20	x86	33469393c0843fc741942c3ae9d91d838467d72abd647dcf2e5bf499a3f14890	0x120e20	_iflist_next	bsd	authored	D024	authored from the original _iflist_next 0x120e20 (SDK :117); declaration SDK bsd/net/netif.h (07_kernel/src/bsd/net/netif.c:325)	iflist_next	07_kernel/src/bsd/net/netif.c	compared	high	06_reconstruction/evidence/x86-netif.md	L1 MATCH, object grade P (09_validation/reconstruction/s5p127-it1-l1-netif-F-20261002.json)
x86-0x120e30	x86	33469393c0843fc741942c3ae9d91d838467d72abd647dcf2e5bf499a3f14890	0x120e30	_if_detach	bsd	authored	D024	authored from the original _if_detach 0x120e30 (SDK :114; stores in the if_attach order); declaration SDK bsd/net/netif.h (07_kernel/src/bsd/net/netif.c:333)	if_detach	07_kernel/src/bsd/net/netif.c	compared	high	06_reconstruction/evidence/x86-netif.md	L1 MATCH, object grade P (09_validation/reconstruction/s5p127-it1-l1-netif-F-20261002.json)
x86-0x120e8c	x86	33469393c0843fc741942c3ae9d91d838467d72abd647dcf2e5bf499a3f14890	0x120e8c	_if_attach	bsd	nextmach	https://github.com/johnsonjh/NeXTMach.git f6bdb9c3268f0eadc545d41bcc0564453b17001e (file has restoration edits)	nextmach/mk-108.1/net/netif.c:304 (edited file :367)	if_attach	07_kernel/src/bsd/net/netif.c	compared	high	06_reconstruction/evidence/x86-netif.md	L1 MATCH, object grade P (09_validation/reconstruction/s5p127-it1-l1-netif-F-20261002.json)
x86-0x120ff4	x86	33469393c0843fc741942c3ae9d91d838467d72abd647dcf2e5bf499a3f14890	0x120ff4	_if_registervirtual	bsd	nextmach	https://github.com/johnsonjh/NeXTMach.git f6bdb9c3268f0eadc545d41bcc0564453b17001e (file has restoration edits)	nextmach/mk-108.1/net/netif.c:353 (edited file :446)	if_registervirtual	07_kernel/src/bsd/net/netif.c	compared	high	06_reconstruction/evidence/x86-netif.md	L1 MATCH, object grade P (09_validation/reconstruction/s5p127-it1-l1-netif-F-20261002.json)
x86-0x121060	x86	33469393c0843fc741942c3ae9d91d838467d72abd647dcf2e5bf499a3f14890	0x121060	_if_handle_input	bsd	nextmach	https://github.com/johnsonjh/NeXTMach.git f6bdb9c3268f0eadc545d41bcc0564453b17001e (file has restoration edits)	nextmach/mk-108.1/net/netif.c:382 (edited file :475)	if_handle_input	07_kernel/src/bsd/net/netif.c	compared	high	06_reconstruction/evidence/x86-netif.md	L1 MATCH, object grade P (09_validation/reconstruction/s5p127-it1-l1-netif-F-20261002.json)
x86-0x1210b8	x86	33469393c0843fc741942c3ae9d91d838467d72abd647dcf2e5bf499a3f14890	0x1210b8	_mbuf_read	bsd	nextmach	https://github.com/johnsonjh/NeXTMach.git f6bdb9c3268f0eadc545d41bcc0564453b17001e (file has restoration edits)	nextmach/mk-108.1/net/netif.c:404 (edited file :497)	mbuf_read	07_kernel/src/bsd/net/netif.c	compared	high	06_reconstruction/evidence/x86-netif.md	L1 MATCH, object grade P (09_validation/reconstruction/s5p127-it1-l1-netif-F-20261002.json)
x86-0x121138	x86	33469393c0843fc741942c3ae9d91d838467d72abd647dcf2e5bf499a3f14890	0x121138	_if_output_mbuf	bsd	nextmach	https://github.com/johnsonjh/NeXTMach.git f6bdb9c3268f0eadc545d41bcc0564453b17001e (file has restoration edits)	nextmach/mk-108.1/net/netif.c:440 (edited file :533)	if_output_mbuf	07_kernel/src/bsd/net/netif.c	compared	high	06_reconstruction/evidence/x86-netif.md	L1 MATCH, object grade P (09_validation/reconstruction/s5p127-it1-l1-netif-F-20261002.json)
x86-0x12125c	x86	33469393c0843fc741942c3ae9d91d838467d72abd647dcf2e5bf499a3f14890	0x12125c	(static if_null_func)	bsd	authored	D024	authored from the unnamed original static at 0x12125c (return EIO); name authored (07_kernel/src/bsd/net/netif.c:566)	if_null_func	07_kernel/src/bsd/net/netif.c	compared	high	06_reconstruction/evidence/x86-netif.md	L1 MATCH, object grade P (09_validation/reconstruction/s5p127-it1-l1-netif-F-20261002.json)
x86-0x121268	x86	33469393c0843fc741942c3ae9d91d838467d72abd647dcf2e5bf499a3f14890	0x121268	(static if_null_getbuf)	bsd	authored	D024	authored from the unnamed original static at 0x121268 (return NULL); name authored (07_kernel/src/bsd/net/netif.c:572)	if_null_getbuf	07_kernel/src/bsd/net/netif.c	compared	high	06_reconstruction/evidence/x86-netif.md	L1 MATCH, object grade P (09_validation/reconstruction/s5p127-it1-l1-netif-F-20261002.json)
x86-0x121274	x86	33469393c0843fc741942c3ae9d91d838467d72abd647dcf2e5bf499a3f14890	0x121274	_netisr_thread_continue	bsd	authored	D024	authored from the original _netisr_thread_continue 0x121274 (continuation structure as darwin01/kernel/bsd/net/netisr.c:61; protocol blocks from nextmach/mk-108.1/net/netisr.c:64-89) (07_kernel/src/bsd/net/netisr.c:41)	netisr_thread_continue	07_kernel/src/bsd/net/netisr.c	compared	high	06_reconstruction/evidence/x86-netisr.md	L1 MATCH, object OBJECT_MATCH with the final flags (09_validation/reconstruction/s5p128-it2-l1-netisr-F-20261002.json)
x86-0x1212d0	x86	33469393c0843fc741942c3ae9d91d838467d72abd647dcf2e5bf499a3f14890	0x1212d0	_netisr_thread	bsd	nextmach	https://github.com/johnsonjh/NeXTMach.git f6bdb9c3268f0eadc545d41bcc0564453b17001e (file has restoration edits)	nextmach/mk-108.1/net/netisr.c:36 (edited file :78)	netisr_thread	07_kernel/src/bsd/net/netisr.c	compared	high	06_reconstruction/evidence/x86-netisr.md	L1 MATCH, object OBJECT_MATCH with the final flags (09_validation/reconstruction/s5p128-it2-l1-netisr-F-20261002.json)
x86-0x10d850	x86	33469393c0843fc741942c3ae9d91d838467d72abd647dcf2e5bf499a3f14890	0x10d850	_soo_rw	bsd	nextmach	https://github.com/johnsonjh/NeXTMach.git f6bdb9c3268f0eadc545d41bcc0564453b17001e (file has restoration edits)	nextmach/mk-108.1/bsd/sys_socket.c:48 (edited file :51)	soo_rw	07_kernel/src/bsd/kern/sys_socket.c	compared	high	06_reconstruction/evidence/x86-sys_socket.md	L1 MATCH, object OBJECT_MATCH with the final flags (09_validation/reconstruction/s5p129-it1-l1-sys_socket-F-20261002.json)
x86-0x10d894	x86	33469393c0843fc741942c3ae9d91d838467d72abd647dcf2e5bf499a3f14890	0x10d894	_soo_ioctl	bsd	nextmach	https://github.com/johnsonjh/NeXTMach.git f6bdb9c3268f0eadc545d41bcc0564453b17001e (file has restoration edits)	nextmach/mk-108.1/bsd/sys_socket.c:60 (edited file :68)	soo_ioctl	07_kernel/src/bsd/kern/sys_socket.c	compared	high	06_reconstruction/evidence/x86-sys_socket.md	L1 MATCH, object OBJECT_MATCH with the final flags (09_validation/reconstruction/s5p129-it1-l1-sys_socket-F-20261002.json)
x86-0x10d9a8	x86	33469393c0843fc741942c3ae9d91d838467d72abd647dcf2e5bf499a3f14890	0x10d9a8	_soo_select	bsd	nextmach	https://github.com/johnsonjh/NeXTMach.git f6bdb9c3268f0eadc545d41bcc0564453b17001e (file has restoration edits)	nextmach/mk-108.1/bsd/sys_socket.c:116 (edited file :124)	soo_select	07_kernel/src/bsd/kern/sys_socket.c	compared	high	06_reconstruction/evidence/x86-sys_socket.md	L1 MATCH, object OBJECT_MATCH with the final flags (09_validation/reconstruction/s5p129-it1-l1-sys_socket-F-20261002.json)
x86-0x10daa0	x86	33469393c0843fc741942c3ae9d91d838467d72abd647dcf2e5bf499a3f14890	0x10daa0	_soo_stat	bsd	nextmach	https://github.com/johnsonjh/NeXTMach.git f6bdb9c3268f0eadc545d41bcc0564453b17001e (file has restoration edits)	nextmach/mk-108.1/bsd/sys_socket.c:155 (edited file :163)	soo_stat	07_kernel/src/bsd/kern/sys_socket.c	compared	high	06_reconstruction/evidence/x86-sys_socket.md	L1 MATCH, object OBJECT_MATCH with the final flags (09_validation/reconstruction/s5p129-it1-l1-sys_socket-F-20261002.json)
x86-0x10dacc	x86	33469393c0843fc741942c3ae9d91d838467d72abd647dcf2e5bf499a3f14890	0x10dacc	_soo_close	bsd	nextmach	https://github.com/johnsonjh/NeXTMach.git f6bdb9c3268f0eadc545d41bcc0564453b17001e (file has restoration edits)	nextmach/mk-108.1/bsd/sys_socket.c:166 (edited file :174)	soo_close	07_kernel/src/bsd/kern/sys_socket.c	compared	high	06_reconstruction/evidence/x86-sys_socket.md	L1 MATCH, object OBJECT_MATCH with the final flags (09_validation/reconstruction/s5p129-it1-l1-sys_socket-F-20261002.json)
x86-0x113748	x86	33469393c0843fc741942c3ae9d91d838467d72abd647dcf2e5bf499a3f14890	0x113748	_syopen	bsd	nextmach	https://github.com/johnsonjh/NeXTMach.git f6bdb9c3268f0eadc545d41bcc0564453b17001e (file has restoration edits)	nextmach/mk-108.1/bsd/tty_tty.c:32 (edited file :32)	syopen	07_kernel/src/bsd/kern/tty_tty.c	compared	high	06_reconstruction/evidence/x86-tty_tty.md	L1 MATCH, object OBJECT_MATCH with the final flags (09_validation/reconstruction/s5p130-it1-l1-tty_tty-F-20261002.json)
x86-0x11378c	x86	33469393c0843fc741942c3ae9d91d838467d72abd647dcf2e5bf499a3f14890	0x11378c	_syread	bsd	nextmach	https://github.com/johnsonjh/NeXTMach.git f6bdb9c3268f0eadc545d41bcc0564453b17001e (file has restoration edits)	nextmach/mk-108.1/bsd/tty_tty.c:42 (edited file :42)	syread	07_kernel/src/bsd/kern/tty_tty.c	compared	high	06_reconstruction/evidence/x86-tty_tty.md	L1 MATCH, object OBJECT_MATCH with the final flags (09_validation/reconstruction/s5p130-it1-l1-tty_tty-F-20261002.json)
x86-0x1137d0	x86	33469393c0843fc741942c3ae9d91d838467d72abd647dcf2e5bf499a3f14890	0x1137d0	_sywrite	bsd	nextmach	https://github.com/johnsonjh/NeXTMach.git f6bdb9c3268f0eadc545d41bcc0564453b17001e (file has restoration edits)	nextmach/mk-108.1/bsd/tty_tty.c:53 (edited file :53)	sywrite	07_kernel/src/bsd/kern/tty_tty.c	compared	high	06_reconstruction/evidence/x86-tty_tty.md	L1 MATCH, object OBJECT_MATCH with the final flags (09_validation/reconstruction/s5p130-it1-l1-tty_tty-F-20261002.json)
x86-0x113814	x86	33469393c0843fc741942c3ae9d91d838467d72abd647dcf2e5bf499a3f14890	0x113814	_syioctl	bsd	nextmach	https://github.com/johnsonjh/NeXTMach.git f6bdb9c3268f0eadc545d41bcc0564453b17001e (file has restoration edits)	nextmach/mk-108.1/bsd/tty_tty.c:64 (edited file :64)	syioctl	07_kernel/src/bsd/kern/tty_tty.c	compared	high	06_reconstruction/evidence/x86-tty_tty.md	L1 MATCH, object OBJECT_MATCH with the final flags (09_validation/reconstruction/s5p130-it1-l1-tty_tty-F-20261002.json)
x86-0x1138c8	x86	33469393c0843fc741942c3ae9d91d838467d72abd647dcf2e5bf499a3f14890	0x1138c8	_syselect	bsd	nextmach	https://github.com/johnsonjh/NeXTMach.git f6bdb9c3268f0eadc545d41bcc0564453b17001e (file has restoration edits)	nextmach/mk-108.1/bsd/tty_tty.c:83 (edited file :99)	syselect	07_kernel/src/bsd/kern/tty_tty.c	compared	high	06_reconstruction/evidence/x86-tty_tty.md	L1 MATCH, object OBJECT_MATCH with the final flags (09_validation/reconstruction/s5p130-it1-l1-tty_tty-F-20261002.json)
x86-0x11c97c	x86	33469393c0843fc741942c3ae9d91d838467d72abd647dcf2e5bf499a3f14890	0x11c97c	_pn_alloc	bsd	nextmach	https://github.com/johnsonjh/NeXTMach.git f6bdb9c3268f0eadc545d41bcc0564453b17001e (file has restoration edits)	nextmach/mk-108.1/bsd/vfs_pathname.c:47 (edited file :47)	pn_alloc	07_kernel/src/bsd/kern/vfs_pathname.c	compared	high	06_reconstruction/evidence/x86-vfs_pathname.md	L1 MATCH, object OBJECT_MATCH with the final flags (09_validation/reconstruction/s5p131-it1-l1-vfs_pathname-F-20261002.json)
x86-0x11c9a0	x86	33469393c0843fc741942c3ae9d91d838467d72abd647dcf2e5bf499a3f14890	0x11c9a0	_pn_get	bsd	nextmach	https://github.com/johnsonjh/NeXTMach.git f6bdb9c3268f0eadc545d41bcc0564453b17001e (file has restoration edits)	nextmach/mk-108.1/bsd/vfs_pathname.c:69 (edited file :69)	pn_get	07_kernel/src/bsd/kern/vfs_pathname.c	compared	high	06_reconstruction/evidence/x86-vfs_pathname.md	L1 MATCH, object OBJECT_MATCH with the final flags (09_validation/reconstruction/s5p131-it1-l1-vfs_pathname-F-20261002.json)
x86-0x11ca34	x86	33469393c0843fc741942c3ae9d91d838467d72abd647dcf2e5bf499a3f14890	0x11ca34	_pn_set	bsd	nextmach	https://github.com/johnsonjh/NeXTMach.git f6bdb9c3268f0eadc545d41bcc0564453b17001e (file has restoration edits)	nextmach/mk-108.1/bsd/vfs_pathname.c:109 (edited file :113)	pn_set	07_kernel/src/bsd/kern/vfs_pathname.c	compared	high	06_reconstruction/evidence/x86-vfs_pathname.md	L1 MATCH, object OBJECT_MATCH with the final flags (09_validation/reconstruction/s5p131-it1-l1-vfs_pathname-F-20261002.json)
x86-0x11ca60	x86	33469393c0843fc741942c3ae9d91d838467d72abd647dcf2e5bf499a3f14890	0x11ca60	_pn_combine	bsd	nextmach	https://github.com/johnsonjh/NeXTMach.git f6bdb9c3268f0eadc545d41bcc0564453b17001e (file has restoration edits)	nextmach/mk-108.1/bsd/vfs_pathname.c:128 (edited file :132)	pn_combine	07_kernel/src/bsd/kern/vfs_pathname.c	compared	high	06_reconstruction/evidence/x86-vfs_pathname.md	L1 MATCH, object OBJECT_MATCH with the final flags (09_validation/reconstruction/s5p131-it1-l1-vfs_pathname-F-20261002.json)
x86-0x11cabc	x86	33469393c0843fc741942c3ae9d91d838467d72abd647dcf2e5bf499a3f14890	0x11cabc	_pn_append	bsd	nextmach	https://github.com/johnsonjh/NeXTMach.git f6bdb9c3268f0eadc545d41bcc0564453b17001e (file has restoration edits)	nextmach/mk-108.1/bsd/vfs_pathname.c:148 (edited file :152)	pn_append	07_kernel/src/bsd/kern/vfs_pathname.c	compared	high	06_reconstruction/evidence/x86-vfs_pathname.md	L1 MATCH, object OBJECT_MATCH with the final flags (09_validation/reconstruction/s5p131-it1-l1-vfs_pathname-F-20261002.json)
x86-0x11cb0c	x86	33469393c0843fc741942c3ae9d91d838467d72abd647dcf2e5bf499a3f14890	0x11cb0c	_pn_getcomponent	bsd	nextmach	https://github.com/johnsonjh/NeXTMach.git f6bdb9c3268f0eadc545d41bcc0564453b17001e (file has restoration edits)	nextmach/mk-108.1/bsd/vfs_pathname.c:168 (edited file :172)	pn_getcomponent	07_kernel/src/bsd/kern/vfs_pathname.c	compared	high	06_reconstruction/evidence/x86-vfs_pathname.md	L1 MATCH, object OBJECT_MATCH with the final flags (09_validation/reconstruction/s5p131-it1-l1-vfs_pathname-F-20261002.json)
x86-0x11cb58	x86	33469393c0843fc741942c3ae9d91d838467d72abd647dcf2e5bf499a3f14890	0x11cb58	_pn_skipslash	bsd	nextmach	https://github.com/johnsonjh/NeXTMach.git f6bdb9c3268f0eadc545d41bcc0564453b17001e (file has restoration edits)	nextmach/mk-108.1/bsd/vfs_pathname.c:202 (edited file :206)	pn_skipslash	07_kernel/src/bsd/kern/vfs_pathname.c	compared	high	06_reconstruction/evidence/x86-vfs_pathname.md	L1 MATCH, object OBJECT_MATCH with the final flags (09_validation/reconstruction/s5p131-it1-l1-vfs_pathname-F-20261002.json)
x86-0x11cb84	x86	33469393c0843fc741942c3ae9d91d838467d72abd647dcf2e5bf499a3f14890	0x11cb84	_pn_free	bsd	nextmach	https://github.com/johnsonjh/NeXTMach.git f6bdb9c3268f0eadc545d41bcc0564453b17001e (file has restoration edits)	nextmach/mk-108.1/bsd/vfs_pathname.c:215 (edited file :219)	pn_free	07_kernel/src/bsd/kern/vfs_pathname.c	compared	high	06_reconstruction/evidence/x86-vfs_pathname.md	L1 MATCH, object OBJECT_MATCH with the final flags (09_validation/reconstruction/s5p131-it1-l1-vfs_pathname-F-20261002.json)
x86-0x134f94	x86	33469393c0843fc741942c3ae9d91d838467d72abd647dcf2e5bf499a3f14890	0x134f94	_authkern_create	bsd	nextmach	https://github.com/johnsonjh/NeXTMach.git f6bdb9c3268f0eadc545d41bcc0564453b17001e (file has restoration edits)	nextmach/mk-108.1/rpc/auth_kern.c:59 (edited file :59)	authkern_create	07_kernel/src/bsd/rpc/auth_kern.c	compared	high	06_reconstruction/evidence/x86-auth_kern.md	L1 MATCH, object OBJECT_MATCH with the final flags (09_validation/reconstruction/s5p132-it2-l1-auth_kern-F-20261002.json)
x86-0x134fdc	x86	33469393c0843fc741942c3ae9d91d838467d72abd647dcf2e5bf499a3f14890	0x134fdc	_authkern_nextverf	bsd	nextmach	https://github.com/johnsonjh/NeXTMach.git f6bdb9c3268f0eadc545d41bcc0564453b17001e (file has restoration edits)	nextmach/mk-108.1/rpc/auth_kern.c:83 (edited file :83)	authkern_nextverf	07_kernel/src/bsd/rpc/auth_kern.c	compared	high	06_reconstruction/evidence/x86-auth_kern.md	L1 MATCH, object OBJECT_MATCH with the final flags (09_validation/reconstruction/s5p132-it2-l1-auth_kern-F-20261002.json)
x86-0x134fe4	x86	33469393c0843fc741942c3ae9d91d838467d72abd647dcf2e5bf499a3f14890	0x134fe4	_authkern_marshal	bsd	nextmach	https://github.com/johnsonjh/NeXTMach.git f6bdb9c3268f0eadc545d41bcc0564453b17001e (file has restoration edits)	nextmach/mk-108.1/rpc/auth_kern.c:91 (edited file :91)	authkern_marshal	07_kernel/src/bsd/rpc/auth_kern.c	compared	high	06_reconstruction/evidence/x86-auth_kern.md	L1 MATCH, object OBJECT_MATCH with the final flags (09_validation/reconstruction/s5p132-it2-l1-auth_kern-F-20261002.json)
x86-0x1351a8	x86	33469393c0843fc741942c3ae9d91d838467d72abd647dcf2e5bf499a3f14890	0x1351a8	_authkern_validate	bsd	nextmach	https://github.com/johnsonjh/NeXTMach.git f6bdb9c3268f0eadc545d41bcc0564453b17001e (file has restoration edits)	nextmach/mk-108.1/rpc/auth_kern.c:176 (edited file :178)	authkern_validate	07_kernel/src/bsd/rpc/auth_kern.c	compared	high	06_reconstruction/evidence/x86-auth_kern.md	L1 MATCH, object OBJECT_MATCH with the final flags (09_validation/reconstruction/s5p132-it2-l1-auth_kern-F-20261002.json)
x86-0x1351b4	x86	33469393c0843fc741942c3ae9d91d838467d72abd647dcf2e5bf499a3f14890	0x1351b4	_authkern_refresh	bsd	nextmach	https://github.com/johnsonjh/NeXTMach.git f6bdb9c3268f0eadc545d41bcc0564453b17001e (file has restoration edits)	nextmach/mk-108.1/rpc/auth_kern.c:186 (edited file :188)	authkern_refresh	07_kernel/src/bsd/rpc/auth_kern.c	compared	high	06_reconstruction/evidence/x86-auth_kern.md	L1 MATCH, object OBJECT_MATCH with the final flags (09_validation/reconstruction/s5p132-it2-l1-auth_kern-F-20261002.json)
x86-0x1351c0	x86	33469393c0843fc741942c3ae9d91d838467d72abd647dcf2e5bf499a3f14890	0x1351c0	_authkern_destroy	bsd	nextmach	https://github.com/johnsonjh/NeXTMach.git f6bdb9c3268f0eadc545d41bcc0564453b17001e (file has restoration edits)	nextmach/mk-108.1/rpc/auth_kern.c:193 (edited file :195)	authkern_destroy	07_kernel/src/bsd/rpc/auth_kern.c	compared	high	06_reconstruction/evidence/x86-auth_kern.md	L1 MATCH, object OBJECT_MATCH with the final flags (09_validation/reconstruction/s5p132-it2-l1-auth_kern-F-20261002.json)
x86-0x11de7c	x86	33469393c0843fc741942c3ae9d91d838467d72abd647dcf2e5bf499a3f14890	0x11de7c	_vn_rdwr	bsd	nextmach	https://github.com/johnsonjh/NeXTMach.git f6bdb9c3268f0eadc545d41bcc0564453b17001e (file has restoration edits)	nextmach/mk-108.1/bsd/vfs_vnode.c:45 (edited file :48)	vn_rdwr	07_kernel/src/bsd/kern/vfs_vnode.c	compared	high	06_reconstruction/evidence/x86-vfs_vnode.md	L1 MATCH, object OBJECT_MATCH with the final flags (09_validation/reconstruction/s5p133-it3-l1-vfs_vnode-F-20261002.json)
x86-0x11df54	x86	33469393c0843fc741942c3ae9d91d838467d72abd647dcf2e5bf499a3f14890	0x11df54	_vn_rele	bsd	nextmach	https://github.com/johnsonjh/NeXTMach.git f6bdb9c3268f0eadc545d41bcc0564453b17001e (file has restoration edits)	nextmach/mk-108.1/bsd/vfs_vnode.c:92 (edited file :99)	vn_rele	07_kernel/src/bsd/kern/vfs_vnode.c	compared	high	06_reconstruction/evidence/x86-vfs_vnode.md	L1 MATCH, object OBJECT_MATCH with the final flags (09_validation/reconstruction/s5p133-it3-l1-vfs_vnode-F-20261002.json)
x86-0x11df9c	x86	33469393c0843fc741942c3ae9d91d838467d72abd647dcf2e5bf499a3f14890	0x11df9c	_vn_open	bsd	nextmach	https://github.com/johnsonjh/NeXTMach.git f6bdb9c3268f0eadc545d41bcc0564453b17001e (file has restoration edits)	nextmach/mk-108.1/bsd/vfs_vnode.c:111 (edited file :118)	vn_open	07_kernel/src/bsd/kern/vfs_vnode.c	compared	high	06_reconstruction/evidence/x86-vfs_vnode.md	L1 MATCH, object OBJECT_MATCH with the final flags (09_validation/reconstruction/s5p133-it3-l1-vfs_vnode-F-20261002.json)
x86-0x11e204	x86	33469393c0843fc741942c3ae9d91d838467d72abd647dcf2e5bf499a3f14890	0x11e204	_vn_create	bsd	nextmach	https://github.com/johnsonjh/NeXTMach.git f6bdb9c3268f0eadc545d41bcc0564453b17001e (file has restoration edits)	nextmach/mk-108.1/bsd/vfs_vnode.c:281 (edited file :289)	vn_create	07_kernel/src/bsd/kern/vfs_vnode.c	compared	high	06_reconstruction/evidence/x86-vfs_vnode.md	L1 MATCH, object OBJECT_MATCH with the final flags (09_validation/reconstruction/s5p133-it3-l1-vfs_vnode-F-20261002.json)
x86-0x11e474	x86	33469393c0843fc741942c3ae9d91d838467d72abd647dcf2e5bf499a3f14890	0x11e474	_vn_close	bsd	nextmach	https://github.com/johnsonjh/NeXTMach.git f6bdb9c3268f0eadc545d41bcc0564453b17001e (file has restoration edits)	nextmach/mk-108.1/bsd/vfs_vnode.c:418 (edited file :427)	vn_close	07_kernel/src/bsd/kern/vfs_vnode.c	compared	high	06_reconstruction/evidence/x86-vfs_vnode.md	L1 MATCH, object OBJECT_MATCH with the final flags (09_validation/reconstruction/s5p133-it3-l1-vfs_vnode-F-20261002.json)
x86-0x11e510	x86	33469393c0843fc741942c3ae9d91d838467d72abd647dcf2e5bf499a3f14890	0x11e510	_vn_link	bsd	nextmach	https://github.com/johnsonjh/NeXTMach.git f6bdb9c3268f0eadc545d41bcc0564453b17001e (file has restoration edits)	nextmach/mk-108.1/bsd/vfs_vnode.c:452 (edited file :461)	vn_link	07_kernel/src/bsd/kern/vfs_vnode.c	compared	high	06_reconstruction/evidence/x86-vfs_vnode.md	L1 MATCH, object OBJECT_MATCH with the final flags (09_validation/reconstruction/s5p133-it3-l1-vfs_vnode-F-20261002.json)
x86-0x11e658	x86	33469393c0843fc741942c3ae9d91d838467d72abd647dcf2e5bf499a3f14890	0x11e658	_vn_rename	bsd	nextmach	https://github.com/johnsonjh/NeXTMach.git f6bdb9c3268f0eadc545d41bcc0564453b17001e (file has restoration edits)	nextmach/mk-108.1/bsd/vfs_vnode.c:501 (edited file :510)	vn_rename	07_kernel/src/bsd/kern/vfs_vnode.c	compared	high	06_reconstruction/evidence/x86-vfs_vnode.md	L1 MATCH, object OBJECT_MATCH with the final flags (09_validation/reconstruction/s5p133-it3-l1-vfs_vnode-F-20261002.json)
x86-0x11e83c	x86	33469393c0843fc741942c3ae9d91d838467d72abd647dcf2e5bf499a3f14890	0x11e83c	_vn_remove	bsd	nextmach	https://github.com/johnsonjh/NeXTMach.git f6bdb9c3268f0eadc545d41bcc0564453b17001e (file has restoration edits)	nextmach/mk-108.1/bsd/vfs_vnode.c:580 (edited file :589)	vn_remove	07_kernel/src/bsd/kern/vfs_vnode.c	compared	high	06_reconstruction/evidence/x86-vfs_vnode.md	L1 MATCH, object OBJECT_MATCH with the final flags (09_validation/reconstruction/s5p133-it3-l1-vfs_vnode-F-20261002.json)
x86-0x11ea5c	x86	33469393c0843fc741942c3ae9d91d838467d72abd647dcf2e5bf499a3f14890	0x11ea5c	_isrofile	bsd	nextmach	https://github.com/johnsonjh/NeXTMach.git f6bdb9c3268f0eadc545d41bcc0564453b17001e (file has restoration edits)	nextmach/mk-108.1/bsd/vfs_vnode.c:673 (edited file :682)	isrofile	07_kernel/src/bsd/kern/vfs_vnode.c	compared	high	06_reconstruction/evidence/x86-vfs_vnode.md	L1 MATCH, object OBJECT_MATCH with the final flags (09_validation/reconstruction/s5p133-it3-l1-vfs_vnode-F-20261002.json)
x86-0x11ea88	x86	33469393c0843fc741942c3ae9d91d838467d72abd647dcf2e5bf499a3f14890	0x11ea88	_vattr_null	bsd	nextmach	https://github.com/johnsonjh/NeXTMach.git f6bdb9c3268f0eadc545d41bcc0564453b17001e (file has restoration edits)	nextmach/mk-108.1/bsd/vfs_vnode.c:687 (edited file :696)	vattr_null	07_kernel/src/bsd/kern/vfs_vnode.c	compared	high	06_reconstruction/evidence/x86-vfs_vnode.md	L1 MATCH, object OBJECT_MATCH with the final flags (09_validation/reconstruction/s5p133-it3-l1-vfs_vnode-F-20261002.json)
x86-0x11b984	x86	33469393c0843fc741942c3ae9d91d838467d72abd647dcf2e5bf499a3f14890	0x11b984	_vno_rw	bsd	nextmach	https://github.com/johnsonjh/NeXTMach.git f6bdb9c3268f0eadc545d41bcc0564453b17001e (file has restoration edits)	nextmach/mk-108.1/bsd/vfs_io.c:42 (edited file :49)	vno_rw	07_kernel/src/bsd/kern/vfs_io.c	compared	high	06_reconstruction/evidence/x86-vfs_io.md	L1 MATCH, object OBJECT_MATCH with the final flags (09_validation/reconstruction/s5p134-it3-l1-vfs_io-F-20261002.json)
x86-0x11ba54	x86	33469393c0843fc741942c3ae9d91d838467d72abd647dcf2e5bf499a3f14890	0x11ba54	_vno_ioctl	bsd	nextmach	https://github.com/johnsonjh/NeXTMach.git f6bdb9c3268f0eadc545d41bcc0564453b17001e (file has restoration edits)	nextmach/mk-108.1/bsd/vfs_io.c:87 (edited file :102)	vno_ioctl	07_kernel/src/bsd/kern/vfs_io.c	compared	high	06_reconstruction/evidence/x86-vfs_io.md	L1 MATCH, object OBJECT_MATCH with the final flags (09_validation/reconstruction/s5p134-it3-l1-vfs_io-F-20261002.json)
x86-0x11bc10	x86	33469393c0843fc741942c3ae9d91d838467d72abd647dcf2e5bf499a3f14890	0x11bc10	_vno_select	bsd	nextmach	https://github.com/johnsonjh/NeXTMach.git f6bdb9c3268f0eadc545d41bcc0564453b17001e (file has restoration edits)	nextmach/mk-108.1/bsd/vfs_io.c:165 (edited file :180)	vno_select	07_kernel/src/bsd/kern/vfs_io.c	compared	high	06_reconstruction/evidence/x86-vfs_io.md	L1 MATCH, object OBJECT_MATCH with the final flags (09_validation/reconstruction/s5p134-it3-l1-vfs_io-F-20261002.json)
x86-0x11bc50	x86	33469393c0843fc741942c3ae9d91d838467d72abd647dcf2e5bf499a3f14890	0x11bc50	_vno_stat	bsd	nextmach	https://github.com/johnsonjh/NeXTMach.git f6bdb9c3268f0eadc545d41bcc0564453b17001e (file has restoration edits)	nextmach/mk-108.1/bsd/vfs_io.c:189 (edited file :204)	vno_stat	07_kernel/src/bsd/kern/vfs_io.c	compared	high	06_reconstruction/evidence/x86-vfs_io.md	L1 MATCH, object OBJECT_MATCH with the final flags (09_validation/reconstruction/s5p134-it3-l1-vfs_io-F-20261002.json)
x86-0x11bd6c	x86	33469393c0843fc741942c3ae9d91d838467d72abd647dcf2e5bf499a3f14890	0x11bd6c	_vno_close	bsd	nextmach	https://github.com/johnsonjh/NeXTMach.git f6bdb9c3268f0eadc545d41bcc0564453b17001e (file has restoration edits)	nextmach/mk-108.1/bsd/vfs_io.c:233 (edited file :260)	vno_close	07_kernel/src/bsd/kern/vfs_io.c	compared	high	06_reconstruction/evidence/x86-vfs_io.md	L1 MATCH, object OBJECT_MATCH with the final flags (09_validation/reconstruction/s5p134-it3-l1-vfs_io-F-20261002.json)
x86-0x11bdd0	x86	33469393c0843fc741942c3ae9d91d838467d72abd647dcf2e5bf499a3f14890	0x11bdd0	_vno_lockrelease	bsd	nextmach	https://github.com/johnsonjh/NeXTMach.git f6bdb9c3268f0eadc545d41bcc0564453b17001e (file has restoration edits)	nextmach/mk-108.1/bsd/vfs_io.c:269 (edited file :296)	vno_lockrelease	07_kernel/src/bsd/kern/vfs_io.c	compared	high	06_reconstruction/evidence/x86-vfs_io.md	L1 MATCH, object OBJECT_MATCH with the final flags (09_validation/reconstruction/s5p134-it3-l1-vfs_io-F-20261002.json)
x86-0x11beb0	x86	33469393c0843fc741942c3ae9d91d838467d72abd647dcf2e5bf499a3f14890	0x11beb0	_vno_bsd_lock	bsd	nextmach	https://github.com/johnsonjh/NeXTMach.git f6bdb9c3268f0eadc545d41bcc0564453b17001e (file has restoration edits)	nextmach/mk-108.1/bsd/vfs_io.c:335 (edited file :362)	vno_bsd_lock	07_kernel/src/bsd/kern/vfs_io.c	compared	high	06_reconstruction/evidence/x86-vfs_io.md	L1 MATCH, object OBJECT_MATCH with the final flags (09_validation/reconstruction/s5p134-it3-l1-vfs_io-F-20261002.json)
x86-0x11c028	x86	33469393c0843fc741942c3ae9d91d838467d72abd647dcf2e5bf499a3f14890	0x11c028	_vno_bsd_unlock	bsd	nextmach	https://github.com/johnsonjh/NeXTMach.git f6bdb9c3268f0eadc545d41bcc0564453b17001e (file has restoration edits)	nextmach/mk-108.1/bsd/vfs_io.c:421 (edited file :448)	vno_bsd_unlock	07_kernel/src/bsd/kern/vfs_io.c	compared	high	06_reconstruction/evidence/x86-vfs_io.md	L1 MATCH, object OBJECT_MATCH with the final flags (09_validation/reconstruction/s5p134-it3-l1-vfs_io-F-20261002.json)
x86-0x118118	x86	33469393c0843fc741942c3ae9d91d838467d72abd647dcf2e5bf499a3f14890	0x118118	_uipc_usrreq	bsd	nextmach	https://github.com/johnsonjh/NeXTMach.git f6bdb9c3268f0eadc545d41bcc0564453b17001e (file has restoration edits)	nextmach/mk-108.1/bsd/uipc_usrreq.c:61 (edited file :61)	uipc_usrreq	07_kernel/src/bsd/kern/uipc_usrreq.c	compared	high	06_reconstruction/evidence/x86-uipc_usrreq.md	L1 MATCH, object OBJECT_MATCH with the final flags (09_validation/reconstruction/s5p135-it2-l1-uipc_usrreq-F-20261002.json)
x86-0x1185f8	x86	33469393c0843fc741942c3ae9d91d838467d72abd647dcf2e5bf499a3f14890	0x1185f8	_unp_attach	bsd	nextmach	https://github.com/johnsonjh/NeXTMach.git f6bdb9c3268f0eadc545d41bcc0564453b17001e (file has restoration edits)	nextmach/mk-108.1/bsd/uipc_usrreq.c:313 (edited file :315)	unp_attach	07_kernel/src/bsd/kern/uipc_usrreq.c	compared	high	06_reconstruction/evidence/x86-uipc_usrreq.md	L1 MATCH, object OBJECT_MATCH with the final flags (09_validation/reconstruction/s5p135-it2-l1-uipc_usrreq-F-20261002.json)
x86-0x11867c	x86	33469393c0843fc741942c3ae9d91d838467d72abd647dcf2e5bf499a3f14890	0x11867c	_unp_detach	bsd	nextmach	https://github.com/johnsonjh/NeXTMach.git f6bdb9c3268f0eadc545d41bcc0564453b17001e (file has restoration edits)	nextmach/mk-108.1/bsd/uipc_usrreq.c:349 (edited file :355)	unp_detach	07_kernel/src/bsd/kern/uipc_usrreq.c	compared	high	06_reconstruction/evidence/x86-uipc_usrreq.md	L1 MATCH, object OBJECT_MATCH with the final flags (09_validation/reconstruction/s5p135-it2-l1-uipc_usrreq-F-20261002.json)
x86-0x118708	x86	33469393c0843fc741942c3ae9d91d838467d72abd647dcf2e5bf499a3f14890	0x118708	_unp_bind	bsd	nextmach	https://github.com/johnsonjh/NeXTMach.git f6bdb9c3268f0eadc545d41bcc0564453b17001e (file has restoration edits)	nextmach/mk-108.1/bsd/uipc_usrreq.c:370 (edited file :376)	unp_bind	07_kernel/src/bsd/kern/uipc_usrreq.c	compared	high	06_reconstruction/evidence/x86-uipc_usrreq.md	L1 MATCH, object OBJECT_MATCH with the final flags (09_validation/reconstruction/s5p135-it2-l1-uipc_usrreq-F-20261002.json)
x86-0x1187a8	x86	33469393c0843fc741942c3ae9d91d838467d72abd647dcf2e5bf499a3f14890	0x1187a8	_unp_connect	bsd	nextmach	https://github.com/johnsonjh/NeXTMach.git f6bdb9c3268f0eadc545d41bcc0564453b17001e (file has restoration edits)	nextmach/mk-108.1/bsd/uipc_usrreq.c:399 (edited file :405)	unp_connect	07_kernel/src/bsd/kern/uipc_usrreq.c	compared	high	06_reconstruction/evidence/x86-uipc_usrreq.md	L1 MATCH, object OBJECT_MATCH with the final flags (09_validation/reconstruction/s5p135-it2-l1-uipc_usrreq-F-20261002.json)
x86-0x118868	x86	33469393c0843fc741942c3ae9d91d838467d72abd647dcf2e5bf499a3f14890	0x118868	_unp_connect2	bsd	nextmach	https://github.com/johnsonjh/NeXTMach.git f6bdb9c3268f0eadc545d41bcc0564453b17001e (file has restoration edits)	nextmach/mk-108.1/bsd/uipc_usrreq.c:440 (edited file :446)	unp_connect2	07_kernel/src/bsd/kern/uipc_usrreq.c	compared	high	06_reconstruction/evidence/x86-uipc_usrreq.md	L1 MATCH, object OBJECT_MATCH with the final flags (09_validation/reconstruction/s5p135-it2-l1-uipc_usrreq-F-20261002.json)
x86-0x1188d4	x86	33469393c0843fc741942c3ae9d91d838467d72abd647dcf2e5bf499a3f14890	0x1188d4	_unp_disconnect	bsd	nextmach	https://github.com/johnsonjh/NeXTMach.git f6bdb9c3268f0eadc545d41bcc0564453b17001e (file has restoration edits)	nextmach/mk-108.1/bsd/uipc_usrreq.c:471 (edited file :477)	unp_disconnect	07_kernel/src/bsd/kern/uipc_usrreq.c	compared	high	06_reconstruction/evidence/x86-uipc_usrreq.md	L1 MATCH, object OBJECT_MATCH with the final flags (09_validation/reconstruction/s5p135-it2-l1-uipc_usrreq-F-20261002.json)
x86-0x11895c	x86	33469393c0843fc741942c3ae9d91d838467d72abd647dcf2e5bf499a3f14890	0x11895c	_unp_usrclosed	bsd	nextmach	https://github.com/johnsonjh/NeXTMach.git f6bdb9c3268f0eadc545d41bcc0564453b17001e (file has restoration edits)	nextmach/mk-108.1/bsd/uipc_usrreq.c:517 (edited file :523)	unp_usrclosed	07_kernel/src/bsd/kern/uipc_usrreq.c	compared	high	06_reconstruction/evidence/x86-uipc_usrreq.md	L1 MATCH, object OBJECT_MATCH with the final flags (09_validation/reconstruction/s5p135-it2-l1-uipc_usrreq-F-20261002.json)
x86-0x118964	x86	33469393c0843fc741942c3ae9d91d838467d72abd647dcf2e5bf499a3f14890	0x118964	_unp_drop	bsd	nextmach	https://github.com/johnsonjh/NeXTMach.git f6bdb9c3268f0eadc545d41bcc0564453b17001e (file has restoration edits)	nextmach/mk-108.1/bsd/uipc_usrreq.c:523 (edited file :529)	unp_drop	07_kernel/src/bsd/kern/uipc_usrreq.c	compared	high	06_reconstruction/evidence/x86-uipc_usrreq.md	L1 MATCH, object OBJECT_MATCH with the final flags (09_validation/reconstruction/s5p135-it2-l1-uipc_usrreq-F-20261002.json)
x86-0x118a20	x86	33469393c0843fc741942c3ae9d91d838467d72abd647dcf2e5bf499a3f14890	0x118a20	_unp_externalize	bsd	nextmach	https://github.com/johnsonjh/NeXTMach.git f6bdb9c3268f0eadc545d41bcc0564453b17001e (file has restoration edits)	nextmach/mk-108.1/bsd/uipc_usrreq.c:546 (edited file :552)	unp_externalize	07_kernel/src/bsd/kern/uipc_usrreq.c	compared	high	06_reconstruction/evidence/x86-uipc_usrreq.md	L1 MATCH, object OBJECT_MATCH with the final flags (09_validation/reconstruction/s5p135-it2-l1-uipc_usrreq-F-20261002.json)
x86-0x118ac8	x86	33469393c0843fc741942c3ae9d91d838467d72abd647dcf2e5bf499a3f14890	0x118ac8	_unp_internalize	bsd	nextmach	https://github.com/johnsonjh/NeXTMach.git f6bdb9c3268f0eadc545d41bcc0564453b17001e (file has restoration edits)	nextmach/mk-108.1/bsd/uipc_usrreq.c:576 (edited file :582)	unp_internalize	07_kernel/src/bsd/kern/uipc_usrreq.c	compared	high	06_reconstruction/evidence/x86-uipc_usrreq.md	L1 MATCH, object OBJECT_MATCH with the final flags (09_validation/reconstruction/s5p135-it2-l1-uipc_usrreq-F-20261002.json)
x86-0x118b48	x86	33469393c0843fc741942c3ae9d91d838467d72abd647dcf2e5bf499a3f14890	0x118b48	_unp_gc	bsd	nextmach	https://github.com/johnsonjh/NeXTMach.git f6bdb9c3268f0eadc545d41bcc0564453b17001e (file has restoration edits)	nextmach/mk-108.1/bsd/uipc_usrreq.c:603 (edited file :609)	unp_gc	07_kernel/src/bsd/kern/uipc_usrreq.c	compared	high	06_reconstruction/evidence/x86-uipc_usrreq.md	L1 MATCH, object OBJECT_MATCH with the final flags (09_validation/reconstruction/s5p135-it2-l1-uipc_usrreq-F-20261002.json)
x86-0x118c90	x86	33469393c0843fc741942c3ae9d91d838467d72abd647dcf2e5bf499a3f14890	0x118c90	_unp_dispose	bsd	nextmach	https://github.com/johnsonjh/NeXTMach.git f6bdb9c3268f0eadc545d41bcc0564453b17001e (file has restoration edits)	nextmach/mk-108.1/bsd/uipc_usrreq.c:660 (edited file :666)	unp_dispose	07_kernel/src/bsd/kern/uipc_usrreq.c	compared	high	06_reconstruction/evidence/x86-uipc_usrreq.md	L1 MATCH, object OBJECT_MATCH with the final flags (09_validation/reconstruction/s5p135-it2-l1-uipc_usrreq-F-20261002.json)
x86-0x118cac	x86	33469393c0843fc741942c3ae9d91d838467d72abd647dcf2e5bf499a3f14890	0x118cac	_unp_scan	bsd	nextmach	https://github.com/johnsonjh/NeXTMach.git f6bdb9c3268f0eadc545d41bcc0564453b17001e (file has restoration edits)	nextmach/mk-108.1/bsd/uipc_usrreq.c:669 (edited file :675)	unp_scan	07_kernel/src/bsd/kern/uipc_usrreq.c	compared	high	06_reconstruction/evidence/x86-uipc_usrreq.md	L1 MATCH, object OBJECT_MATCH with the final flags (09_validation/reconstruction/s5p135-it2-l1-uipc_usrreq-F-20261002.json)
x86-0x118d1c	x86	33469393c0843fc741942c3ae9d91d838467d72abd647dcf2e5bf499a3f14890	0x118d1c	_unp_mark	bsd	nextmach	https://github.com/johnsonjh/NeXTMach.git f6bdb9c3268f0eadc545d41bcc0564453b17001e (file has restoration edits)	nextmach/mk-108.1/bsd/uipc_usrreq.c:691 (edited file :697)	unp_mark	07_kernel/src/bsd/kern/uipc_usrreq.c	compared	high	06_reconstruction/evidence/x86-uipc_usrreq.md	L1 MATCH, object OBJECT_MATCH with the final flags (09_validation/reconstruction/s5p135-it2-l1-uipc_usrreq-F-20261002.json)
x86-0x118d38	x86	33469393c0843fc741942c3ae9d91d838467d72abd647dcf2e5bf499a3f14890	0x118d38	_unp_discard	bsd	nextmach	https://github.com/johnsonjh/NeXTMach.git f6bdb9c3268f0eadc545d41bcc0564453b17001e (file has restoration edits)	nextmach/mk-108.1/bsd/uipc_usrreq.c:701 (edited file :707)	unp_discard	07_kernel/src/bsd/kern/uipc_usrreq.c	compared	high	06_reconstruction/evidence/x86-uipc_usrreq.md	L1 MATCH, object OBJECT_MATCH with the final flags (09_validation/reconstruction/s5p135-it2-l1-uipc_usrreq-F-20261002.json)
x86-0x113b5c	x86	33469393c0843fc741942c3ae9d91d838467d72abd647dcf2e5bf499a3f14890	0x113b5c	_mbinit	bsd	nextmach	https://github.com/johnsonjh/NeXTMach.git f6bdb9c3268f0eadc545d41bcc0564453b17001e (file has restoration edits)	nextmach/mk-108.1/bsd/uipc_mbuf.c:46 (edited file :46)	mbinit	07_kernel/src/bsd/kern/uipc_mbuf.c	compared	high	06_reconstruction/evidence/x86-uipc_mbuf.md	L1 MATCH, object OBJECT_MATCH with the final flags (09_validation/reconstruction/s5p136-it2-l1-uipc_mbuf-F-20261002.json)
x86-0x113bd0	x86	33469393c0843fc741942c3ae9d91d838467d72abd647dcf2e5bf499a3f14890	0x113bd0	_m_clalloc	bsd	nextmach	https://github.com/johnsonjh/NeXTMach.git f6bdb9c3268f0eadc545d41bcc0564453b17001e (file has restoration edits)	nextmach/mk-108.1/bsd/uipc_mbuf.c:81 (edited file :81)	m_clalloc	07_kernel/src/bsd/kern/uipc_mbuf.c	compared	high	06_reconstruction/evidence/x86-uipc_mbuf.md	L1 MATCH, object OBJECT_MATCH with the final flags (09_validation/reconstruction/s5p136-it2-l1-uipc_mbuf-F-20261002.json)
x86-0x113cd8	x86	33469393c0843fc741942c3ae9d91d838467d72abd647dcf2e5bf499a3f14890	0x113cd8	_m_pgfree	bsd	nextmach	https://github.com/johnsonjh/NeXTMach.git f6bdb9c3268f0eadc545d41bcc0564453b17001e (file has restoration edits)	nextmach/mk-108.1/bsd/uipc_mbuf.c:132 (edited file :132)	m_pgfree	07_kernel/src/bsd/kern/uipc_mbuf.c	compared	high	06_reconstruction/evidence/x86-uipc_mbuf.md	L1 MATCH, object OBJECT_MATCH with the final flags (09_validation/reconstruction/s5p136-it2-l1-uipc_mbuf-F-20261002.json)
x86-0x113ce0	x86	33469393c0843fc741942c3ae9d91d838467d72abd647dcf2e5bf499a3f14890	0x113ce0	_m_expand	bsd	nextmach	https://github.com/johnsonjh/NeXTMach.git f6bdb9c3268f0eadc545d41bcc0564453b17001e (file has restoration edits)	nextmach/mk-108.1/bsd/uipc_mbuf.c:145 (edited file :145)	m_expand	07_kernel/src/bsd/kern/uipc_mbuf.c	compared	high	06_reconstruction/evidence/x86-uipc_mbuf.md	L1 MATCH, object OBJECT_MATCH with the final flags (09_validation/reconstruction/s5p136-it2-l1-uipc_mbuf-F-20261002.json)
x86-0x113dc0	x86	33469393c0843fc741942c3ae9d91d838467d72abd647dcf2e5bf499a3f14890	0x113dc0	_m_get	bsd	nextmach	https://github.com/johnsonjh/NeXTMach.git f6bdb9c3268f0eadc545d41bcc0564453b17001e (file has restoration edits)	nextmach/mk-108.1/bsd/uipc_mbuf.c:177 (edited file :177)	m_get	07_kernel/src/bsd/kern/uipc_mbuf.c	compared	high	06_reconstruction/evidence/x86-uipc_mbuf.md	L1 MATCH, object OBJECT_MATCH with the final flags (09_validation/reconstruction/s5p136-it2-l1-uipc_mbuf-F-20261002.json)
x86-0x113e3c	x86	33469393c0843fc741942c3ae9d91d838467d72abd647dcf2e5bf499a3f14890	0x113e3c	_m_getclr	bsd	nextmach	https://github.com/johnsonjh/NeXTMach.git f6bdb9c3268f0eadc545d41bcc0564453b17001e (file has restoration edits)	nextmach/mk-108.1/bsd/uipc_mbuf.c:187 (edited file :187)	m_getclr	07_kernel/src/bsd/kern/uipc_mbuf.c	compared	high	06_reconstruction/evidence/x86-uipc_mbuf.md	L1 MATCH, object OBJECT_MATCH with the final flags (09_validation/reconstruction/s5p136-it2-l1-uipc_mbuf-F-20261002.json)
x86-0x113ed0	x86	33469393c0843fc741942c3ae9d91d838467d72abd647dcf2e5bf499a3f14890	0x113ed0	_m_free	bsd	nextmach	https://github.com/johnsonjh/NeXTMach.git f6bdb9c3268f0eadc545d41bcc0564453b17001e (file has restoration edits)	nextmach/mk-108.1/bsd/uipc_mbuf.c:200 (edited file :200)	m_free	07_kernel/src/bsd/kern/uipc_mbuf.c	compared	high	06_reconstruction/evidence/x86-uipc_mbuf.md	L1 MATCH, object OBJECT_MATCH with the final flags (09_validation/reconstruction/s5p136-it2-l1-uipc_mbuf-F-20261002.json)
x86-0x113f6c	x86	33469393c0843fc741942c3ae9d91d838467d72abd647dcf2e5bf499a3f14890	0x113f6c	_m_more	bsd	nextmach	https://github.com/johnsonjh/NeXTMach.git f6bdb9c3268f0eadc545d41bcc0564453b17001e (file has restoration edits)	nextmach/mk-108.1/bsd/uipc_mbuf.c:215 (edited file :215)	m_more	07_kernel/src/bsd/kern/uipc_mbuf.c	compared	high	06_reconstruction/evidence/x86-uipc_mbuf.md	L1 MATCH, object OBJECT_MATCH with the final flags (09_validation/reconstruction/s5p136-it2-l1-uipc_mbuf-F-20261002.json)
x86-0x1140e0	x86	33469393c0843fc741942c3ae9d91d838467d72abd647dcf2e5bf499a3f14890	0x1140e0	_m_freem	bsd	nextmach	https://github.com/johnsonjh/NeXTMach.git f6bdb9c3268f0eadc545d41bcc0564453b17001e (file has restoration edits)	nextmach/mk-108.1/bsd/uipc_mbuf.c:237 (edited file :237)	m_freem	07_kernel/src/bsd/kern/uipc_mbuf.c	compared	high	06_reconstruction/evidence/x86-uipc_mbuf.md	L1 MATCH, object OBJECT_MATCH with the final flags (09_validation/reconstruction/s5p136-it2-l1-uipc_mbuf-F-20261002.json)
x86-0x1141a4	x86	33469393c0843fc741942c3ae9d91d838467d72abd647dcf2e5bf499a3f14890	0x1141a4	_m_copy	bsd	nextmach	https://github.com/johnsonjh/NeXTMach.git f6bdb9c3268f0eadc545d41bcc0564453b17001e (file has restoration edits)	nextmach/mk-108.1/bsd/uipc_mbuf.c:262 (edited file :262)	m_copy	07_kernel/src/bsd/kern/uipc_mbuf.c	compared	high	06_reconstruction/evidence/x86-uipc_mbuf.md	L1 MATCH, object OBJECT_MATCH with the final flags (09_validation/reconstruction/s5p136-it2-l1-uipc_mbuf-F-20261002.json)
x86-0x1143e0	x86	33469393c0843fc741942c3ae9d91d838467d72abd647dcf2e5bf499a3f14890	0x1143e0	_m_cat	bsd	nextmach	https://github.com/johnsonjh/NeXTMach.git f6bdb9c3268f0eadc545d41bcc0564453b17001e (file has restoration edits)	nextmach/mk-108.1/bsd/uipc_mbuf.c:313 (edited file :313)	m_cat	07_kernel/src/bsd/kern/uipc_mbuf.c	compared	high	06_reconstruction/evidence/x86-uipc_mbuf.md	L1 MATCH, object OBJECT_MATCH with the final flags (09_validation/reconstruction/s5p136-it2-l1-uipc_mbuf-F-20261002.json)
x86-0x1144ec	x86	33469393c0843fc741942c3ae9d91d838467d72abd647dcf2e5bf499a3f14890	0x1144ec	_m_adj	bsd	nextmach	https://github.com/johnsonjh/NeXTMach.git f6bdb9c3268f0eadc545d41bcc0564453b17001e (file has restoration edits)	nextmach/mk-108.1/bsd/uipc_mbuf.c:333 (edited file :333)	m_adj	07_kernel/src/bsd/kern/uipc_mbuf.c	compared	high	06_reconstruction/evidence/x86-uipc_mbuf.md	L1 MATCH, object OBJECT_MATCH with the final flags (09_validation/reconstruction/s5p136-it2-l1-uipc_mbuf-F-20261002.json)
x86-0x1145a4	x86	33469393c0843fc741942c3ae9d91d838467d72abd647dcf2e5bf499a3f14890	0x1145a4	_m_pullup	bsd	nextmach	https://github.com/johnsonjh/NeXTMach.git f6bdb9c3268f0eadc545d41bcc0564453b17001e (file has restoration edits)	nextmach/mk-108.1/bsd/uipc_mbuf.c:401 (edited file :401)	m_pullup	07_kernel/src/bsd/kern/uipc_mbuf.c	compared	high	06_reconstruction/evidence/x86-uipc_mbuf.md	L1 MATCH, object OBJECT_MATCH with the final flags (09_validation/reconstruction/s5p136-it2-l1-uipc_mbuf-F-20261002.json)
x86-0x1148c0	x86	33469393c0843fc741942c3ae9d91d838467d72abd647dcf2e5bf499a3f14890	0x1148c0	_mclget	bsd	nextmach	https://github.com/johnsonjh/NeXTMach.git f6bdb9c3268f0eadc545d41bcc0564453b17001e (file has restoration edits)	nextmach/mk-108.1/bsd/uipc_mbuf.c:451 (edited file :451)	mclget	07_kernel/src/bsd/kern/uipc_mbuf.c	compared	high	06_reconstruction/evidence/x86-uipc_mbuf.md	L1 MATCH, object OBJECT_MATCH with the final flags (09_validation/reconstruction/s5p136-it2-l1-uipc_mbuf-F-20261002.json)
x86-0x11499c	x86	33469393c0843fc741942c3ae9d91d838467d72abd647dcf2e5bf499a3f14890	0x11499c	_mclgetx	bsd	nextmach	https://github.com/johnsonjh/NeXTMach.git f6bdb9c3268f0eadc545d41bcc0564453b17001e (file has restoration edits)	nextmach/mk-108.1/bsd/uipc_mbuf.c:478 (edited file :478)	mclgetx	07_kernel/src/bsd/kern/uipc_mbuf.c	compared	high	06_reconstruction/evidence/x86-uipc_mbuf.md	L1 MATCH, object OBJECT_MATCH with the final flags (09_validation/reconstruction/s5p136-it2-l1-uipc_mbuf-F-20261002.json)
x86-0x114a48	x86	33469393c0843fc741942c3ae9d91d838467d72abd647dcf2e5bf499a3f14890	0x114a48	_mclput	bsd	nextmach	https://github.com/johnsonjh/NeXTMach.git f6bdb9c3268f0eadc545d41bcc0564453b17001e (file has restoration edits)	nextmach/mk-108.1/bsd/uipc_mbuf.c:501 (edited file :501)	mclput	07_kernel/src/bsd/kern/uipc_mbuf.c	compared	high	06_reconstruction/evidence/x86-uipc_mbuf.md	L1 MATCH, object OBJECT_MATCH with the final flags (09_validation/reconstruction/s5p136-it2-l1-uipc_mbuf-F-20261002.json)
x86-0x114ac8	x86	33469393c0843fc741942c3ae9d91d838467d72abd647dcf2e5bf499a3f14890	0x114ac8	_mcldup	bsd	nextmach	https://github.com/johnsonjh/NeXTMach.git f6bdb9c3268f0eadc545d41bcc0564453b17001e (file has restoration edits)	nextmach/mk-108.1/bsd/uipc_mbuf.c:544 (edited file :544)	mcldup	07_kernel/src/bsd/kern/uipc_mbuf.c	compared	high	06_reconstruction/evidence/x86-uipc_mbuf.md	L1 MATCH, object OBJECT_MATCH with the final flags (09_validation/reconstruction/s5p136-it2-l1-uipc_mbuf-F-20261002.json)
x86-0x114b78	x86	33469393c0843fc741942c3ae9d91d838467d72abd647dcf2e5bf499a3f14890	0x114b78	(static buffree)	bsd	nextmach	https://github.com/johnsonjh/NeXTMach.git f6bdb9c3268f0eadc545d41bcc0564453b17001e (file has restoration edits)	nextmach/mk-108.1/bsd/uipc_mbuf.c:529 (edited file :529)	buffree	07_kernel/src/bsd/kern/uipc_mbuf.c	compared	high	06_reconstruction/evidence/x86-uipc_mbuf.md	L1 MATCH, object OBJECT_MATCH with the final flags (09_validation/reconstruction/s5p136-it2-l1-uipc_mbuf-F-20261002.json)
x86-0x12ac0c	x86	33469393c0843fc741942c3ae9d91d838467d72abd647dcf2e5bf499a3f14890	0x12ac0c	_tcp_usrreq	bsd	nextmach	https://github.com/johnsonjh/NeXTMach.git f6bdb9c3268f0eadc545d41bcc0564453b17001e (file has restoration edits)	nextmach/mk-108.1/netinet/tcp_usrreq.c:60 (edited file :60)	tcp_usrreq	07_kernel/src/bsd/netinet/tcp_usrreq.c	compared	high	06_reconstruction/evidence/x86-tcp_usrreq.md	L1 MATCH, object OBJECT_MATCH with the final flags (09_validation/reconstruction/s5p137-it1-l1-tcp_usrreq-F-20261002.json)
x86-0x12b060	x86	33469393c0843fc741942c3ae9d91d838467d72abd647dcf2e5bf499a3f14890	0x12b060	_tcp_ctloutput	bsd	nextmach	https://github.com/johnsonjh/NeXTMach.git f6bdb9c3268f0eadc545d41bcc0564453b17001e (file has restoration edits)	nextmach/mk-108.1/netinet/tcp_usrreq.c:330 (edited file :329)	tcp_ctloutput	07_kernel/src/bsd/netinet/tcp_usrreq.c	compared	high	06_reconstruction/evidence/x86-tcp_usrreq.md	L1 MATCH, object OBJECT_MATCH with the final flags (09_validation/reconstruction/s5p137-it1-l1-tcp_usrreq-F-20261002.json)
x86-0x12b13c	x86	33469393c0843fc741942c3ae9d91d838467d72abd647dcf2e5bf499a3f14890	0x12b13c	_tcp_attach	bsd	nextmach	https://github.com/johnsonjh/NeXTMach.git f6bdb9c3268f0eadc545d41bcc0564453b17001e (file has restoration edits)	nextmach/mk-108.1/netinet/tcp_usrreq.c:396 (edited file :395)	tcp_attach	07_kernel/src/bsd/netinet/tcp_usrreq.c	compared	high	06_reconstruction/evidence/x86-tcp_usrreq.md	L1 MATCH, object OBJECT_MATCH with the final flags (09_validation/reconstruction/s5p137-it1-l1-tcp_usrreq-F-20261002.json)
x86-0x12b1c4	x86	33469393c0843fc741942c3ae9d91d838467d72abd647dcf2e5bf499a3f14890	0x12b1c4	_tcp_disconnect	bsd	nextmach	https://github.com/johnsonjh/NeXTMach.git f6bdb9c3268f0eadc545d41bcc0564453b17001e (file has restoration edits)	nextmach/mk-108.1/netinet/tcp_usrreq.c:432 (edited file :433)	tcp_disconnect	07_kernel/src/bsd/netinet/tcp_usrreq.c	compared	high	06_reconstruction/evidence/x86-tcp_usrreq.md	L1 MATCH, object OBJECT_MATCH with the final flags (09_validation/reconstruction/s5p137-it1-l1-tcp_usrreq-F-20261002.json)
x86-0x12b230	x86	33469393c0843fc741942c3ae9d91d838467d72abd647dcf2e5bf499a3f14890	0x12b230	_tcp_usrclosed	bsd	nextmach	https://github.com/johnsonjh/NeXTMach.git f6bdb9c3268f0eadc545d41bcc0564453b17001e (file has restoration edits)	nextmach/mk-108.1/netinet/tcp_usrreq.c:462 (edited file :463)	tcp_usrclosed	07_kernel/src/bsd/netinet/tcp_usrreq.c	compared	high	06_reconstruction/evidence/x86-tcp_usrreq.md	L1 MATCH, object OBJECT_MATCH with the final flags (09_validation/reconstruction/s5p137-it1-l1-tcp_usrreq-F-20261002.json)
x86-0x118d54	x86	33469393c0843fc741942c3ae9d91d838467d72abd647dcf2e5bf499a3f14890	0x118d54	_smount	bsd	nextmach	https://github.com/johnsonjh/NeXTMach.git f6bdb9c3268f0eadc545d41bcc0564453b17001e (file has restoration edits)	nextmach/mk-108.1/bsd/vfs.c:79 (edited file :79)	smount	07_kernel/src/bsd/kern/vfs.c	compared	high	06_reconstruction/evidence/x86-vfs.md	L1 MATCH, object grade P (09_validation/reconstruction/s5p138-it4-l1-vfs-F-20261002.json)
x86-0x119294	x86	33469393c0843fc741942c3ae9d91d838467d72abd647dcf2e5bf499a3f14890	0x119294	_sync	bsd	nextmach	https://github.com/johnsonjh/NeXTMach.git f6bdb9c3268f0eadc545d41bcc0564453b17001e (file has restoration edits)	nextmach/mk-108.1/bsd/vfs.c:404 (edited file :420)	sync	07_kernel/src/bsd/kern/vfs.c	compared	high	06_reconstruction/evidence/x86-vfs.md	L1 MATCH, object grade P (09_validation/reconstruction/s5p138-it4-l1-vfs-F-20261002.json)
x86-0x1192d0	x86	33469393c0843fc741942c3ae9d91d838467d72abd647dcf2e5bf499a3f14890	0x1192d0	_statfs	bsd	nextmach	https://github.com/johnsonjh/NeXTMach.git f6bdb9c3268f0eadc545d41bcc0564453b17001e (file has restoration edits)	nextmach/mk-108.1/bsd/vfs.c:426 (edited file :442)	statfs	07_kernel/src/bsd/kern/vfs.c	compared	high	06_reconstruction/evidence/x86-vfs.md	L1 MATCH, object grade P (09_validation/reconstruction/s5p138-it4-l1-vfs-F-20261002.json)
x86-0x11932c	x86	33469393c0843fc741942c3ae9d91d838467d72abd647dcf2e5bf499a3f14890	0x11932c	_fstatfs	bsd	nextmach	https://github.com/johnsonjh/NeXTMach.git f6bdb9c3268f0eadc545d41bcc0564453b17001e (file has restoration edits)	nextmach/mk-108.1/bsd/vfs.c:442 (edited file :458)	fstatfs	07_kernel/src/bsd/kern/vfs.c	compared	high	06_reconstruction/evidence/x86-vfs.md	L1 MATCH, object grade P (09_validation/reconstruction/s5p138-it4-l1-vfs-F-20261002.json)
x86-0x11937c	x86	33469393c0843fc741942c3ae9d91d838467d72abd647dcf2e5bf499a3f14890	0x11937c	_cstatfs	bsd	nextmach	https://github.com/johnsonjh/NeXTMach.git f6bdb9c3268f0eadc545d41bcc0564453b17001e (file has restoration edits)	nextmach/mk-108.1/bsd/vfs.c:455 (edited file :471)	cstatfs	07_kernel/src/bsd/kern/vfs.c	compared	high	06_reconstruction/evidence/x86-vfs.md	L1 MATCH, object grade P (09_validation/reconstruction/s5p138-it4-l1-vfs-F-20261002.json)
x86-0x1193d4	x86	33469393c0843fc741942c3ae9d91d838467d72abd647dcf2e5bf499a3f14890	0x1193d4	_unmount	bsd	nextmach	https://github.com/johnsonjh/NeXTMach.git f6bdb9c3268f0eadc545d41bcc0564453b17001e (file has restoration edits)	nextmach/mk-108.1/bsd/vfs.c:474 (edited file :490)	unmount	07_kernel/src/bsd/kern/vfs.c	compared	high	06_reconstruction/evidence/x86-vfs.md	L1 MATCH, object grade P (09_validation/reconstruction/s5p138-it4-l1-vfs-F-20261002.json)
x86-0x119484	x86	33469393c0843fc741942c3ae9d91d838467d72abd647dcf2e5bf499a3f14890	0x119484	_dounmount	bsd	nextmach	https://github.com/johnsonjh/NeXTMach.git f6bdb9c3268f0eadc545d41bcc0564453b17001e (file has restoration edits)	nextmach/mk-108.1/bsd/vfs.c:533 (edited file :549)	dounmount	07_kernel/src/bsd/kern/vfs.c	compared	high	06_reconstruction/evidence/x86-vfs.md	L1 MATCH, object grade P (09_validation/reconstruction/s5p138-it4-l1-vfs-F-20261002.json)
x86-0x1194f4	x86	33469393c0843fc741942c3ae9d91d838467d72abd647dcf2e5bf499a3f14890	0x1194f4	_vfssw_lookup	bsd	nextmach	https://github.com/johnsonjh/NeXTMach.git f6bdb9c3268f0eadc545d41bcc0564453b17001e (file has restoration edits)	nextmach/mk-108.1/bsd/vfs.c:594 (edited file :610)	vfssw_lookup	07_kernel/src/bsd/kern/vfs.c	compared	high	06_reconstruction/evidence/x86-vfs.md	L1 MATCH, object grade P (09_validation/reconstruction/s5p138-it4-l1-vfs-F-20261002.json)
x86-0x119538	x86	33469393c0843fc741942c3ae9d91d838467d72abd647dcf2e5bf499a3f14890	0x119538	_vfs_mountroot	bsd	nextmach	https://github.com/johnsonjh/NeXTMach.git f6bdb9c3268f0eadc545d41bcc0564453b17001e (file has restoration edits)	nextmach/mk-108.1/bsd/vfs.c:611 (edited file :627)	vfs_mountroot	07_kernel/src/bsd/kern/vfs.c	compared	high	06_reconstruction/evidence/x86-vfs.md	L1 MATCH, object grade P (09_validation/reconstruction/s5p138-it4-l1-vfs-F-20261002.json)
x86-0x119794	x86	33469393c0843fc741942c3ae9d91d838467d72abd647dcf2e5bf499a3f14890	0x119794	_vfs_add	bsd	nextmach	https://github.com/johnsonjh/NeXTMach.git f6bdb9c3268f0eadc545d41bcc0564453b17001e (file has restoration edits)	nextmach/mk-108.1/bsd/vfs.c:703 (edited file :720)	vfs_add	07_kernel/src/bsd/kern/vfs.c	compared	high	06_reconstruction/evidence/x86-vfs.md	L1 MATCH, object grade P (09_validation/reconstruction/s5p138-it4-l1-vfs-F-20261002.json)
x86-0x119870	x86	33469393c0843fc741942c3ae9d91d838467d72abd647dcf2e5bf499a3f14890	0x119870	_vfs_remove	bsd	nextmach	https://github.com/johnsonjh/NeXTMach.git f6bdb9c3268f0eadc545d41bcc0564453b17001e (file has restoration edits)	nextmach/mk-108.1/bsd/vfs.c:792 (edited file :809)	vfs_remove	07_kernel/src/bsd/kern/vfs.c	compared	high	06_reconstruction/evidence/x86-vfs.md	L1 MATCH, object grade P (09_validation/reconstruction/s5p138-it4-l1-vfs-F-20261002.json)
x86-0x11991c	x86	33469393c0843fc741942c3ae9d91d838467d72abd647dcf2e5bf499a3f14890	0x11991c	_vfs_lock	bsd	nextmach	https://github.com/johnsonjh/NeXTMach.git f6bdb9c3268f0eadc545d41bcc0564453b17001e (file has restoration edits)	nextmach/mk-108.1/bsd/vfs.c:853 (edited file :870)	vfs_lock	07_kernel/src/bsd/kern/vfs.c	compared	high	06_reconstruction/evidence/x86-vfs.md	L1 MATCH, object grade P (09_validation/reconstruction/s5p138-it4-l1-vfs-F-20261002.json)
x86-0x119940	x86	33469393c0843fc741942c3ae9d91d838467d72abd647dcf2e5bf499a3f14890	0x119940	_vfs_unlock	bsd	nextmach	https://github.com/johnsonjh/NeXTMach.git f6bdb9c3268f0eadc545d41bcc0564453b17001e (file has restoration edits)	nextmach/mk-108.1/bsd/vfs.c:868 (edited file :885)	vfs_unlock	07_kernel/src/bsd/kern/vfs.c	compared	high	06_reconstruction/evidence/x86-vfs.md	L1 MATCH, object grade P (09_validation/reconstruction/s5p138-it4-l1-vfs-F-20261002.json)
x86-0x11997c	x86	33469393c0843fc741942c3ae9d91d838467d72abd647dcf2e5bf499a3f14890	0x11997c	_getvfs	bsd	nextmach	https://github.com/johnsonjh/NeXTMach.git f6bdb9c3268f0eadc545d41bcc0564453b17001e (file has restoration edits)	nextmach/mk-108.1/bsd/vfs.c:885 (edited file :902)	getvfs	07_kernel/src/bsd/kern/vfs.c	compared	high	06_reconstruction/evidence/x86-vfs.md	L1 MATCH, object grade P (09_validation/reconstruction/s5p138-it4-l1-vfs-F-20261002.json)
x86-0x1199ac	x86	33469393c0843fc741942c3ae9d91d838467d72abd647dcf2e5bf499a3f14890	0x1199ac	_vafsidtovfs	bsd	nextmach	https://github.com/johnsonjh/NeXTMach.git f6bdb9c3268f0eadc545d41bcc0564453b17001e (file has restoration edits)	nextmach/mk-108.1/bsd/vfs.c:909 (edited file :926)	vafsidtovfs	07_kernel/src/bsd/kern/vfs.c	compared	high	06_reconstruction/evidence/x86-vfs.md	L1 MATCH, object grade P (09_validation/reconstruction/s5p138-it4-l1-vfs-F-20261002.json)
x86-0x119a20	x86	33469393c0843fc741942c3ae9d91d838467d72abd647dcf2e5bf499a3f14890	0x119a20	_vfs_getmajor	bsd	nextmach	https://github.com/johnsonjh/NeXTMach.git f6bdb9c3268f0eadc545d41bcc0564453b17001e (file has restoration edits)	nextmach/mk-108.1/bsd/vfs.c:967 (edited file :984)	vfs_getmajor	07_kernel/src/bsd/kern/vfs.c	compared	high	06_reconstruction/evidence/x86-vfs.md	L1 MATCH, object grade P (09_validation/reconstruction/s5p138-it4-l1-vfs-F-20261002.json)
x86-0x119a94	x86	33469393c0843fc741942c3ae9d91d838467d72abd647dcf2e5bf499a3f14890	0x119a94	_vfs_fixedmajor	bsd	nextmach	https://github.com/johnsonjh/NeXTMach.git f6bdb9c3268f0eadc545d41bcc0564453b17001e (file has restoration edits)	nextmach/mk-108.1/bsd/vfs.c:992 (edited file :1009)	vfs_fixedmajor	07_kernel/src/bsd/kern/vfs.c	compared	high	06_reconstruction/evidence/x86-vfs.md	L1 MATCH, object grade P (09_validation/reconstruction/s5p138-it4-l1-vfs-F-20261002.json)
x86-0x119acc	x86	33469393c0843fc741942c3ae9d91d838467d72abd647dcf2e5bf499a3f14890	0x119acc	_vfs_putmajor	bsd	nextmach	https://github.com/johnsonjh/NeXTMach.git f6bdb9c3268f0eadc545d41bcc0564453b17001e (file has restoration edits)	nextmach/mk-108.1/bsd/vfs.c:1009 (edited file :1026)	vfs_putmajor	07_kernel/src/bsd/kern/vfs.c	compared	high	06_reconstruction/evidence/x86-vfs.md	L1 MATCH, object grade P (09_validation/reconstruction/s5p138-it4-l1-vfs-F-20261002.json)
x86-0x119af4	x86	33469393c0843fc741942c3ae9d91d838467d72abd647dcf2e5bf499a3f14890	0x119af4	_vfs_getnum	bsd	nextmach	https://github.com/johnsonjh/NeXTMach.git f6bdb9c3268f0eadc545d41bcc0564453b17001e (file has restoration edits)	nextmach/mk-108.1/bsd/vfs.c:1025 (edited file :1042)	vfs_getnum	07_kernel/src/bsd/kern/vfs.c	compared	high	06_reconstruction/evidence/x86-vfs.md	L1 MATCH, object grade P (09_validation/reconstruction/s5p138-it4-l1-vfs-F-20261002.json)
x86-0x119b5c	x86	33469393c0843fc741942c3ae9d91d838467d72abd647dcf2e5bf499a3f14890	0x119b5c	_vfs_putnum	bsd	nextmach	https://github.com/johnsonjh/NeXTMach.git f6bdb9c3268f0eadc545d41bcc0564453b17001e (file has restoration edits)	nextmach/mk-108.1/bsd/vfs.c:1049 (edited file :1066)	vfs_putnum	07_kernel/src/bsd/kern/vfs.c	compared	high	06_reconstruction/evidence/x86-vfs.md	L1 MATCH, object grade P (09_validation/reconstruction/s5p138-it4-l1-vfs-F-20261002.json)
x86-0x12a434	x86	33469393c0843fc741942c3ae9d91d838467d72abd647dcf2e5bf499a3f14890	0x12a434	_tcp_init	bsd	nextmach	https://github.com/johnsonjh/NeXTMach.git f6bdb9c3268f0eadc545d41bcc0564453b17001e (file has restoration edits)	nextmach/mk-108.1/netinet/tcp_subr.c:53 (edited file :56)	tcp_init	07_kernel/src/bsd/netinet/tcp_subr.c	compared	high	06_reconstruction/evidence/x86-tcp_subr.md	L1 MATCH, object OBJECT_MATCH with the final flags (09_validation/reconstruction/s5p139-it1-l1-tcp_subr-F-20261002.json)
x86-0x12a45c	x86	33469393c0843fc741942c3ae9d91d838467d72abd647dcf2e5bf499a3f14890	0x12a45c	_tcp_template	bsd	nextmach	https://github.com/johnsonjh/NeXTMach.git f6bdb9c3268f0eadc545d41bcc0564453b17001e (file has restoration edits)	nextmach/mk-108.1/netinet/tcp_subr.c:67 (edited file :70)	tcp_template	07_kernel/src/bsd/netinet/tcp_subr.c	compared	high	06_reconstruction/evidence/x86-tcp_subr.md	L1 MATCH, object OBJECT_MATCH with the final flags (09_validation/reconstruction/s5p139-it1-l1-tcp_subr-F-20261002.json)
x86-0x12a504	x86	33469393c0843fc741942c3ae9d91d838467d72abd647dcf2e5bf499a3f14890	0x12a504	_tcp_respond	bsd	nextmach	https://github.com/johnsonjh/NeXTMach.git f6bdb9c3268f0eadc545d41bcc0564453b17001e (file has restoration edits)	nextmach/mk-108.1/netinet/tcp_subr.c:114 (edited file :117)	tcp_respond	07_kernel/src/bsd/netinet/tcp_subr.c	compared	high	06_reconstruction/evidence/x86-tcp_subr.md	L1 MATCH, object OBJECT_MATCH with the final flags (09_validation/reconstruction/s5p139-it1-l1-tcp_subr-F-20261002.json)
x86-0x12a65c	x86	33469393c0843fc741942c3ae9d91d838467d72abd647dcf2e5bf499a3f14890	0x12a65c	_tcp_newtcpcb	bsd	nextmach	https://github.com/johnsonjh/NeXTMach.git f6bdb9c3268f0eadc545d41bcc0564453b17001e (file has restoration edits)	nextmach/mk-108.1/netinet/tcp_subr.c:175 (edited file :177)	tcp_newtcpcb	07_kernel/src/bsd/netinet/tcp_subr.c	compared	high	06_reconstruction/evidence/x86-tcp_subr.md	L1 MATCH, object OBJECT_MATCH with the final flags (09_validation/reconstruction/s5p139-it1-l1-tcp_subr-F-20261002.json)
x86-0x12a6d4	x86	33469393c0843fc741942c3ae9d91d838467d72abd647dcf2e5bf499a3f14890	0x12a6d4	_tcp_drop	bsd	nextmach	https://github.com/johnsonjh/NeXTMach.git f6bdb9c3268f0eadc545d41bcc0564453b17001e (file has restoration edits)	nextmach/mk-108.1/netinet/tcp_subr.c:220 (edited file :223)	tcp_drop	07_kernel/src/bsd/netinet/tcp_subr.c	compared	high	06_reconstruction/evidence/x86-tcp_subr.md	L1 MATCH, object OBJECT_MATCH with the final flags (09_validation/reconstruction/s5p139-it1-l1-tcp_subr-F-20261002.json)
x86-0x12a730	x86	33469393c0843fc741942c3ae9d91d838467d72abd647dcf2e5bf499a3f14890	0x12a730	_tcp_close	bsd	nextmach	https://github.com/johnsonjh/NeXTMach.git f6bdb9c3268f0eadc545d41bcc0564453b17001e (file has restoration edits)	nextmach/mk-108.1/netinet/tcp_subr.c:243 (edited file :248)	tcp_close	07_kernel/src/bsd/netinet/tcp_subr.c	compared	high	06_reconstruction/evidence/x86-tcp_subr.md	L1 MATCH, object OBJECT_MATCH with the final flags (09_validation/reconstruction/s5p139-it1-l1-tcp_subr-F-20261002.json)
x86-0x12a7d0	x86	33469393c0843fc741942c3ae9d91d838467d72abd647dcf2e5bf499a3f14890	0x12a7d0	_tcp_drain	bsd	nextmach	https://github.com/johnsonjh/NeXTMach.git f6bdb9c3268f0eadc545d41bcc0564453b17001e (file has restoration edits)	nextmach/mk-108.1/netinet/tcp_subr.c:272 (edited file :280)	tcp_drain	07_kernel/src/bsd/netinet/tcp_subr.c	compared	high	06_reconstruction/evidence/x86-tcp_subr.md	L1 MATCH, object OBJECT_MATCH with the final flags (09_validation/reconstruction/s5p139-it1-l1-tcp_subr-F-20261002.json)
x86-0x12a7d8	x86	33469393c0843fc741942c3ae9d91d838467d72abd647dcf2e5bf499a3f14890	0x12a7d8	_tcp_notify	bsd	nextmach	https://github.com/johnsonjh/NeXTMach.git f6bdb9c3268f0eadc545d41bcc0564453b17001e (file has restoration edits)	nextmach/mk-108.1/netinet/tcp_subr.c:281 (edited file :289)	tcp_notify	07_kernel/src/bsd/netinet/tcp_subr.c	compared	high	06_reconstruction/evidence/x86-tcp_subr.md	L1 MATCH, object OBJECT_MATCH with the final flags (09_validation/reconstruction/s5p139-it1-l1-tcp_subr-F-20261002.json)
x86-0x12a83c	x86	33469393c0843fc741942c3ae9d91d838467d72abd647dcf2e5bf499a3f14890	0x12a83c	_tcp_ctlinput	bsd	authored	D024	authored from the original _tcp_ctlinput 0x12a83c (4.3-Reno form; structure as darwin01/kernel/bsd/netinet/tcp_subr.c tcp_ctlinput without PRC_IS_REDIRECT) (07_kernel/src/bsd/netinet/tcp_subr.c:315)	tcp_ctlinput	07_kernel/src/bsd/netinet/tcp_subr.c	compared	high	06_reconstruction/evidence/x86-tcp_subr.md	L1 MATCH, object OBJECT_MATCH with the final flags (09_validation/reconstruction/s5p139-it1-l1-tcp_subr-F-20261002.json)
x86-0x12a8b0	x86	33469393c0843fc741942c3ae9d91d838467d72abd647dcf2e5bf499a3f14890	0x12a8b0	_tcp_quench	bsd	nextmach	https://github.com/johnsonjh/NeXTMach.git f6bdb9c3268f0eadc545d41bcc0564453b17001e (file has restoration edits)	nextmach/mk-108.1/netinet/tcp_subr.c:359 (edited file :350)	tcp_quench	07_kernel/src/bsd/netinet/tcp_subr.c	compared	high	06_reconstruction/evidence/x86-tcp_subr.md	L1 MATCH, object OBJECT_MATCH with the final flags (09_validation/reconstruction/s5p139-it1-l1-tcp_subr-F-20261002.json)
