# S2-B candidates (plan 16.1). binary_sha256 33469393c0843fc741942c3ae9d91d838467d72abd647dcf2e5bf499a3f14890; revisions: {"mach4": "git 69fa77870f20d854c875135e116ebc80b118e7ff", "nextmach": "git f6bdb9c3268f0eadc545d41bcc0564453b17001e", "darwin01": "kernel-1.tar.gz sha256 0c19349be454d7162f497b55a7735b443f5506694215e2f3f5f026b597a54a01", "darwin01-dk": "driverkit-139.1-1.tar.gz sha256 255235626e702fe52b28564c0bc5644a686f1e886697f1c567b6a4275bc43102"}
va	symbol	kind	status	confidence	disposition	top	top_score	second_score	original_feature_weight	shared	unresolved_edges	candidates
0x1012d0	_memchr	named	candidate	low	single	darwin01:darwin01/kernel/machdep/i386/libc/memchr.c:38:memchr	0	0.0	0		0	1
0x1012fc	_bcmp	named	candidate	low	single	darwin01:darwin01/kernel/machdep/i386/libc/memcmp.c:106:bcmp	0	0	0		0	2
0x101324	_memcmp	named	candidate	low	single	darwin01:darwin01/kernel/machdep/i386/libc/memcmp.c:112:memcmp	0	0	0		0	3
0x1013cc	_bcopy	named	candidate	low	single	darwin01:darwin01/kernel/machdep/i386/libc/memmove.c:115:bcopy	0	0.0	6.166		0	1
0x1013e4	_memcpy	named	candidate	low	single	darwin01:darwin01/kernel/machdep/i386/libc/memcpy.c:101:memcpy	0	0.0	0		0	1
0x101488	_bcopy16	named	candidate	low	single	darwin01:darwin01/kernel/machdep/i386/libc/memcpy.c:141:bcopy16	0	0.0	0		0	1
0x1014ec	_ovbcopy	named	candidate	low	single	darwin01:darwin01/kernel/machdep/i386/libc/memmove.c:120:ovbcopy	5.829	0	5.829	memmove	0	3
0x101504	_memmove	named	candidate	low	single	darwin01:darwin01/kernel/machdep/i386/libc/memmove.c:126:memmove	0	0.0	0		0	1
0x101600	_bzero	named	candidate	low	single	darwin01:darwin01/kernel/machdep/i386/libc/memset.c:186:bzero	5.829	0.0	5.829	memset	0	1
0x101618	_blkclr	named	candidate	low	single	darwin01:darwin01/kernel/machdep/i386/libc/memset.c:191:blkclr	5.829	0.0	5.829	memset	0	1
0x101630	_memset	named	candidate	low	single	darwin01:darwin01/kernel/machdep/i386/libc/memset.c:198:memset	0	0.0	0		0	1
0x1019c0	_page_set	named	candidate	low	single	darwin01:darwin01/kernel/machdep/i386/libc/pagesize.c:97:page_set	0	0.0	0		0	1
0x1019f0	_page_copy	named	candidate	low	single	darwin01:darwin01/kernel/machdep/i386/libc/pagesize.c:105:page_copy	0	0.0	0		0	1
0x101a10	_strchr	named	candidate	low	single	darwin01:darwin01/kernel/machdep/i386/libc/strchr.c:39:strchr	0	0	0		0	2
0x101a3c	_strrchr	named	candidate	low	single	darwin01:darwin01/kernel/machdep/i386/libc/strrchr.c:40:strrchr	0	0.0	0		0	1
0x101af8	_strlen	named	candidate	low	single	darwin01:darwin01/kernel/machdep/i386/libc/strlen.c:39:strlen	0	0	0		0	5
0x101b48	_strcpy	named	candidate	low	single	darwin01:darwin01/kernel/machdep/i386/libc/strcpy.c:40:strcpy	0	0	0		0	4
0x101bc0	_strncpy	named	candidate	low	single	darwin01:darwin01/kernel/machdep/i386/libc/strncpy.c:39:strncpy	0	0	0		0	3
0x101cb8	_strcat	named	candidate	low	single	darwin01:darwin01/kernel/machdep/i386/libc/strcat.c:39:strcat	0	0	0		0	2
0x101d70	_strncat	named	candidate	low	single	darwin01:darwin01/kernel/machdep/i386/libc/strncat.c:40:strncat	0	0.0	0		0	1
0x101e7c	_strcmp	named	candidate	low	single	darwin01:darwin01/kernel/machdep/i386/libc/strcmp.c:40:strcmp	0	0	0		0	4
0x101efc	_strncmp	named	candidate	low	single	darwin01:darwin01/kernel/machdep/i386/libc/strncmp.c:40:strncmp	0	0	0		0	3
0x101fc4	_index	named	candidate	low	single	darwin01:darwin01/kernel/machdep/i386/libc/index.c:39:index	0	0	0		0	2
0x101ff0	_ffs	named	candidate	low	single	darwin01:darwin01/kernel/machdep/i386/libc/ffs.c:39:ffs	0	0	0		0	2
0x1020ac	_rpause	named	candidate	low	single	nextmach:nextmach/mk-108.1/bsd/cmu_syscalls.c:208:rpause	0	0.0	0		0	1
0x102150	_table	named	candidate	medium	single	nextmach:nextmach/mk-108.1/bsd/cmu_syscalls.c:292:table	94.8	72.614	105.301	bcopy;bzero;copyin;copyout;fake_u;kmem_alloc_wait;kmem_free_wakeup;machine_table;machine_table_setokay;pfind;strncpy;table_fsparam;vm_map_copy;vm_map_deallocate;vm_map_reference	0	2
0x102918	_table_fsparam	named	candidate	low	single	nextmach:nextmach/mk-108.1/bsd/cmu_syscalls.c:742:table_fsparam	0	0.0	0		0	1
0x102934	_task_name	named	candidate	low	single	darwin01:darwin01/kernel/bsd/kern/init_main.c:307:task_name	3.498	3.498	3.498	bcopy	0	2
0x102974	_main	named	candidate	medium	single	nextmach:nextmach/mk-108.1/bsd/init_main.c:236:main	232.705	223.832	370.375	bhinit;binit;cinit;crget;dnlc_init;domaininit;file_init;ifinit;kernel idle;kernel_thread;kmem_suballoc;loattach;mbinit;mfs_init;newproc;pfind;pidhash_enter;pnotify_start;port_reference;pqinit;recompute_priorities;splhigh;splx;thread_bind;thread_create;thread_halt_self;thread_resume;thread_start;thre	0	66
0x102e30	_init_task	named	candidate	medium	single	darwin01:darwin01/kernel/bsd/kern/init_main.c:661:init_task	22.632	8.468	32.519	init;load_init_program;thread_exception_return	0	2
0x102ea4	_lightning_bolt	named	candidate	low	single	darwin01:darwin01/kernel/bsd/kern/init_main.c:676:lightning_bolt	0	0.0	25.73		0	1
0x102eec	_bhinit	named	candidate	low	single	nextmach:nextmach/mk-108.1/bsd/init_main.c:547:bhinit	0	0.0	0		0	1
0x102f14	_binit	named	candidate	low	single	nextmach:nextmach/mk-108.1/bsd/init_main.c:560:binit	4.684	0.0	4.684	brelse	0	1
0x103030	_cinit	named	candidate	low	single	darwin01:darwin01/kernel/bsd/kern/tty_subr.c:76:cinit	0	0	0		0	2
0x10307c		unnamed	candidate	low	single	darwin01:darwin01/kernel/bsd/kern/cmu_syscalls.c:122:table	0	0	0		0	22
0x103088	_sysacct	named	candidate	medium	single	nextmach:nextmach/mk-108.1/bsd/kern_acct.c:46:sysacct	22.747	0.0	26.859	crdup;crfree;lookupname;suser	0	1
0x103188	_acct	named	candidate	medium	single	nextmach:nextmach/mk-108.1/bsd/kern_acct.c:112:acct	54.762	0	58.874	Accounting resumed\n;Accounting suspended\n;compress;microtime;printf;timevaladd;timevalsub;vn_rdwr	0	2
0x103428	_compress	named	candidate	low	single	nextmach:nextmach/mk-108.1/bsd/kern_acct.c:188:compress	0	0.0	0		0	1
0x10349c	_hardclock	named	candidate	low	conflicting	darwin01:darwin01/kernel/bsd/kern/kern_clock.c:136:hardclock	29.094	29.094	29.094	gatherstats;itimerdecr;psignal;thread_read_times	0	3
0x1035f0	_gatherstats	named	candidate	low	single	darwin01:darwin01/kernel/bsd/kern/kern_clock.c:278:gatherstats	0	0	0		0	2
0x103658	_timeout	named	candidate	low	single	darwin01:darwin01/kernel/bsd/kern/kern_clock.c:339:timeout	0	0	13.892		0	3
0x103684	_untimeout	named	candidate	low	single	darwin01:darwin01/kernel/bsd/kern/kern_clock.c:367:untimeout	0	0	6.389		0	3
0x103698	_hzto	named	candidate	low	identical-bodies	darwin01:darwin01/kernel/bsd/kern/kern_clock.c:383:hzto; nextmach:nextmach/mk-108.1/bsd/kern_clock.c:606:hzto	0	0.0	5.172		0	2
0x10372c	_ticks_to_timeval	named	candidate	low	identical-bodies	darwin01:darwin01/kernel/bsd/kern/kern_clock.c:415:ticks_to_timeval; nextmach:nextmach/mk-108.1/bsd/kern_clock.c:638:ticks_to_timeval	0	0.0	0		0	2
0x10374c	_profil	named	candidate	low	single	darwin01:darwin01/kernel/bsd/kern/subr_prof.c:304:profil	3.563	0	10.239	kfree	0	2
0x1037d0	_add_profil	named	candidate	low	single	darwin01:darwin01/kernel/bsd/kern/subr_prof.c:348:add_profil	3.519	0.0	3.519	kalloc	0	1
0x103824	_core	named	candidate	medium	single	nextmach:nextmach/mk-108.1/bsd/kern_sig.c:1162:core	84.62	0.0	105.627	/cores/core.%d;core;kmem_free;pcb_synch;sprintf;task_halt;thread_getstatus;vattr_null;vm_protect;vm_region;vn_create;vn_rdwr	0	1
0x103e3c	_getdtablesize	named	candidate	low	single	darwin01:darwin01/kernel/bsd/kern/kern_descrip.c:104:getdtablesize	0	0	0		0	2
0x103e50	_getdopt	named	candidate	low	single	nextmach:nextmach/mk-108.1/bsd/kern_descrip.c:66:getdopt	0	0.0	0		0	1
0x103e58	_setdopt	named	candidate	low	single	nextmach:nextmach/mk-108.1/bsd/kern_descrip.c:71:setdopt	0	0.0	0		0	1
0x103e60	_dup	named	candidate	medium	single	nextmach:nextmach/mk-108.1/bsd/kern_descrip.c:76:dup	23.613	0	23.613	dup2;dupit;ufalloc	0	2
0x103ef8	_dup2	named	candidate	medium	single	nextmach:nextmach/mk-108.1/bsd/kern_descrip.c:93:dup2	35.608	6.522	35.608	closef;dupit;expand_fdlist;munmapfd;vno_lockrelease	0	2
0x10401c	_dupit	named	candidate	low	single	nextmach:nextmach/mk-108.1/bsd/kern_descrip.c:132:dupit	6.676	0.0	6.676	expand_fdlist	0	1
0x10407c	_fcntl	named	candidate	medium	single	nextmach:nextmach/mk-108.1/bsd/kern_descrip.c:151:fcntl	47.629	9.159	54.306	copyin;copyout;fgetown;fioctl;fsetown;rewhence;ufalloc	0	2
0x104478	_fset	named	candidate	medium	single	nextmach:nextmach/mk-108.1/bsd/kern_descrip.c:354:fset	7.082	0.0	7.082	fioctl	0	1
0x1044b4	_fgetown	named	candidate	medium	single	nextmach:nextmach/mk-108.1/bsd/kern_descrip.c:367:fgetown	7.082	0.0	7.082	fioctl	0	1
0x1044ec	_fsetown	named	candidate	medium	single	nextmach:nextmach/mk-108.1/bsd/kern_descrip.c:386:fsetown	12.842	0.0	12.842	fioctl;pfind	0	1
0x10454c	_fioctl	named	candidate	low	single	nextmach:nextmach/mk-108.1/bsd/kern_descrip.c:405:fioctl	0	0.0	0		0	1
0x104568	_close	named	candidate	medium	single	nextmach:nextmach/mk-108.1/bsd/kern_descrip.c:414:close	21.156	6.522	21.156	closef;munmapfd;vno_lockrelease	0	3
0x104638	_fstat	named	candidate	medium	single	nextmach:nextmach/mk-108.1/bsd/kern_descrip.c:439:fstat	31.941	24.166	31.941	copyout;fstat;panic;soo_stat;vno_stat	0	2
0x1046f0	_ufalloc	named	candidate	low	single	nextmach:nextmach/mk-108.1/bsd/kern_descrip.c:472:ufalloc	6.676	0.0	6.676	expand_fdlist	0	1
0x104788	_ufavail	named	candidate	low	single	nextmach:nextmach/mk-108.1/bsd/kern_descrip.c:495:ufavail	0	0.0	0		0	1
0x1047c8	_file_init	named	candidate	medium	single	nextmach:nextmach/mk-108.1/bsd/kern_descrip.c:512:file_init	14.103	0.0	14.103	file structs;zinit	0	1
0x104800	_falloc	named	candidate	low	single	nextmach:nextmach/mk-108.1/bsd/kern_descrip.c:529:falloc	4.597	0	11.273	zalloc	0	2
0x104900	_getf	named	candidate	low	single	nextmach:nextmach/mk-108.1/bsd/kern_descrip.c:557:getf	0	0.0	0		0	1
0x104948	_closef	named	candidate	medium	single	nextmach:nextmach/mk-108.1/bsd/kern_descrip.c:573:closef	13.108	2.732	32.776	crfree;free_file	0	2
0x1049c0	_free_file	named	candidate	low	single	nextmach:nextmach/mk-108.1/bsd/kern_descrip.c:600:free_file	4.206	0.0	4.206	zfree	0	1
0x104a08	_rewhence	named	candidate	low	single	nextmach:nextmach/mk-108.1/bsd/kern_descrip.c:611:rewhence	0	0.0	0		0	1
0x104aa8	_flock	named	candidate	medium	single	nextmach:nextmach/mk-108.1/bsd/kern_descrip.c:656:flock	15.838	0	15.838	vno_bsd_lock;vno_bsd_unlock	0	2
0x104b38	_expand_fdlist	named	candidate	medium	single	nextmach:nextmach/mk-108.1/bsd/kern_descrip.c:684:expand_fdlist	14.189	0.0	14.189	bcopy;bzero;kalloc;kfree	0	1
0x104c2c	_execv	named	candidate	low	conflicting	darwin01:darwin01/kernel/bsd/kern/kern_exec.c:152:execv	7.775	7.775	7.775	execve	0	2
0x104c54	_execve	named	candidate	medium	single	nextmach:nextmach/mk-108.1/bsd/kern_exec.c:84:execve	171.064	123.4	212.071	%s: Setuid execution not allow;%s: privileges disabled becaus;bcopy;check_exec_access;closef;copyinstr;copyoutstr;copystr;crcopy;fuword;kmem_alloc_wait;kmem_free_wakeup;load_machfile;lookuppn;pn_free;pn_get;pn_set;suword;task_secure;uprintf;vm_allocate;vm_protect;vn_rdwr;vno_lockrelease	1	2
0x1057f0	_create_unix_stack	named	candidate	low	single	darwin01:darwin01/kernel/bsd/kern/kern_exec.c:711:create_unix_stack	5.29	5.29	5.29	vm_map_find	0	2
0x105840	_load_init_program	named	candidate	low	conflicting	darwin01:darwin01/kernel/bsd/kern/kern_exec.c:741:load_init_program	66.416	66.416	82.659	/etc/mach_init;Load of %s failed, errno %d\n;Load of %s, errno %d, trying %;bcopy;copyout;execve;gets;init program? ;printf;vm_allocate	0	2
0x1059c0	_check_exec_access	named	candidate	low	single	darwin01:darwin01/kernel/bsd/kern/kern_exec.c:874:check_exec_access	0	0	0		0	2
0x105a3c		unnamed	candidate	low	single	darwin01:darwin01/kernel/bsd/kern/kern_descrip.c:104:getdtablesize	0	0	0		0	76
0x105ac0	_rexit	named	candidate	medium	single	nextmach:nextmach/mk-108.1/bsd/kern_exit.c:103:rexit	7.082	0.0	7.082	exit	0	1
0x105ad8	_exit	named	candidate	medium	single	nextmach:nextmach/mk-108.1/bsd/kern_exit.c:120:exit	7.775	0	14.634	do_exit	0	5
0x105afc	_do_exit	named	candidate	medium	single	nextmach:nextmach/mk-108.1/bsd/kern_exit.c:126:do_exit	120.086	0.0	193.453	acct;closef;crfree;exit;init exited with %d\n;kalloc;panic;printf;psignal;ruadd;spgrp;splsched;splx;task_halt;task_terminate;thread_halt_self;thread_read_times;untimeout;vno_lockrelease;wakeup	0	1
0x1060ec	_wait4	named	candidate	medium	single	nextmach:nextmach/mk-108.1/bsd/kern_exit.c:368:wait4	11.868	7.37	18.39	copyout;wait1	0	2
0x106168	_wait	named	candidate	medium	single	nextmach:nextmach/mk-108.1/bsd/kern_exit.c:385:wait	7.37	0.0	13.892	wait1	0	1
0x10619c	_wait3	named	candidate	medium	single	nextmach:nextmach/mk-108.1/bsd/kern_exit.c:405:wait3	11.868	0.0	18.39	copyout;wait1	0	1
0x1061fc	_wait1	named	candidate	medium	single	darwin01:darwin01/kernel/bsd/kern/kern_exit.c:397:wait1	19.091	14.879	52.096	leavepgrp;ruadd;wakeup	0	2
0x106508	_waitpgrp	named	unmapped	unknown	single		0.0	0.0	41.305		0	0
0x1067a0	_init_process	named	candidate	medium	single	darwin01:darwin01/kernel/bsd/kern/kern_exit.c:546:init_process	11.431	4.755	11.431	enterpgrp;suser	0	2
0x106818	_fork	named	candidate	low	conflicting	darwin01:darwin01/kernel/bsd/kern/kern_fork.c:94:fork	7.775	7.775	7.775	fork1	0	2
0x106828	_vfork	named	candidate	low	conflicting	darwin01:darwin01/kernel/bsd/kern/kern_fork.c:106:vfork	7.775	7.775	7.775	fork1	0	3
0x106838	_fork1	named	candidate	medium	single	nextmach:nextmach/mk-108.1/bsd/kern_fork.c:77:fork1	44.603	39.568	68.621	getproc;microtime;proc;tablefull;thread_dup;thread_resume	0	2
0x106984	_newproc	named	candidate	medium	single	nextmach:nextmach/mk-108.1/bsd/kern_fork.c:145:newproc	7.775	0.0	15.55	cloneproc	0	1
0x1069a8	_cloneproc	named	candidate	medium	single	nextmach:nextmach/mk-108.1/bsd/kern_fork.c:155:cloneproc	48.753	8.468	67.904	getproc;no procs;panic;pidhash_enter;procdup;spl0;uarea_init	0	2
0x106cfc	_uzone_init	named	candidate	medium	single	darwin01:darwin01/kernel/bsd/kern/kern_fork.c:349:uzone_init	14.103	5.635	22.571	uthreads;zinit	0	2
0x106d44	_utask_free	named	candidate	medium	single	nextmach:nextmach/mk-108.1/bsd/kern_fork.c:320:utask_free	7.768	0.0	7.768	kfree;zfree	0	1
0x106d9c	_uthread_free	named	candidate	low	single	darwin01:darwin01/kernel/bsd/kern/kern_fork.c:358:uthread_free	4.206	0.0	4.206	zfree	0	1
0x106db4	_uarea_init	named	candidate	low	single	nextmach:nextmach/mk-108.1/bsd/kern_fork.c:333:uarea_init	0	0.0	0		0	1
0x106dcc	_uarea_zero	named	candidate	low	single	nextmach:nextmach/mk-108.1/bsd/kern_fork.c:339:uarea_zero	3.608	0.0	3.608	bzero	0	1
0x106de8	_utask_zero	named	candidate	low	single	nextmach:nextmach/mk-108.1/bsd/kern_fork.c:345:utask_zero	3.608	0.0	3.608	bzero	0	1
0x106e0c	_switch_unix_context	named	unmapped	unknown	single		0.0	0.0	0		0	0
0x106e30	_sbrk	named	candidate	low	single	darwin01:darwin01/kernel/bsd/kern/kern_mman.c:100:sbrk	0	0	0		0	3
0x106e38	_sstk	named	candidate	low	single	darwin01:darwin01/kernel/bsd/kern/kern_mman.c:116:sstk	0	0	0		0	2
0x106e40	_getpagesize	named	candidate	low	single	nextmach:nextmach/mk-108.1/bsd/kern_mman.c:97:getpagesize	0	0.0	0		0	1
0x106e58	_smmap	named	candidate	medium	single	nextmach:nextmach/mk-108.1/bsd/kern_mman.c:103:smmap	90.752	0.0	90.752	getvnodefp;pmap_create;vm_allocate_with_pager;vm_deallocate;vm_inherit;vm_map_check_protection;vm_map_copy;vm_map_create;vm_map_deallocate;vm_map_find;vm_object_deallocate;vm_object_special;vm_protect;vnode_pager_setup	0	1
0x1071cc	_mremap	named	candidate	low	single	darwin01:darwin01/kernel/bsd/kern/kern_mman.c:452:mremap	0	0	0		0	2
0x1071d4	_munmap	named	candidate	low	single	darwin01:darwin01/kernel/bsd/kern/kern_mman.c:462:munmap	5.578	5.578	5.578	vm_deallocate	0	2
0x107224	_munmapfd	named	candidate	low	single	darwin01:darwin01/kernel/bsd/kern/kern_mman.c:492:munmapfd	0	0	0		0	2
0x107240	_mprotect	named	candidate	low	single	darwin01:darwin01/kernel/bsd/kern/kern_mman.c:508:mprotect	0	0	0		0	2
0x107248	_madvise	named	candidate	low	single	darwin01:darwin01/kernel/bsd/kern/kern_mman.c:545:madvise	0	0	0		0	2
0x107250	_mincore	named	candidate	low	single	darwin01:darwin01/kernel/bsd/kern/kern_mman.c:561:mincore	0	0	0		0	2
0x107258	_obreak	named	candidate	medium	single	nextmach:nextmach/mk-108.1/bsd/kern_mman.c:444:obreak	27.581	0	35.941	could not sbrk, return = %d\n;uprintf;vm_allocate;vm_map_lookup_entry	0	2
0x1072fc	_ovadvise	named	candidate	low	identical-bodies	darwin01:darwin01/kernel/bsd/kern/kern_mman.c:714:ovadvise; nextmach:nextmach/mk-108.1/bsd/kern_mman.c:487:ovadvise	0	0.0	0		0	2
0x107304	_spgrp	named	candidate	low	single	nextmach:nextmach/mk-108.1/bsd/kern_proc.c:63:spgrp	0	0.0	0		0	1
0x107340	_inferior	named	candidate	low	single	darwin01:darwin01/kernel/bsd/kern/kern_proc.c:155:inferior	0	0	0		0	2
0x107374	_pfind	named	candidate	low	single	darwin01:darwin01/kernel/bsd/kern/kern_proc.c:169:pfind	0	0	0		0	2
0x1073ac	_pidhash_enter	named	candidate	low	single	nextmach:nextmach/mk-108.1/bsd/kern_proc.c:123:pidhash_enter	0	0.0	0		0	1
0x1073d0	_getproc	named	candidate	low	single	nextmach:nextmach/mk-108.1/bsd/kern_proc.c:135:getproc	4.597	0.0	4.597	zalloc	0	1
0x107400	_proc_cache_clear	named	unmapped	unknown	single		0.0	0.0	4.206		0	0
0x107440	_pqinit	named	candidate	medium	single	nextmach:nextmach/mk-108.1/bsd/kern_proc.c:143:pqinit	14.103	0	22.309	proc structures;zinit	0	2
0x1074d8	_pgfind	named	candidate	low	single	darwin01:darwin01/kernel/bsd/kern/kern_proc.c:187:pgfind	0	0.0	0		0	1
0x107504	_enterpgrp	named	candidate	medium	single	darwin01:darwin01/kernel/bsd/kern/kern_proc.c:203:enterpgrp	18.282	0.0	35.48	fixjobc;panic;pgdelete	0	1
0x10765c	_leavepgrp	named	candidate	medium	single	darwin01:darwin01/kernel/bsd/kern/kern_proc.c:281:leavepgrp	7.775	0.0	24.185	pgdelete	0	1
0x1076d8	_pgdelete	named	candidate	low	single	darwin01:darwin01/kernel/bsd/kern/kern_proc.c:296:pgdelete	0	0.0	20.287		0	1
0x107780	_fixjobc	named	candidate	low	single	darwin01:darwin01/kernel/bsd/kern/kern_proc.c:330:fixjobc	0	0.0	5.21		2	1
0x10782c		unnamed	candidate	low	single	darwin01:darwin01/kernel/bsd/kern/kern_proc.c:370:orphanpg	5.635	0	10.845	psignal	0	94
0x107898	_get_posix_proc	named	unmapped	unknown	single		0.0	0.0	16.41		0	0
0x1078dc	_alloc_posix_proc	named	unmapped	unknown	single		0.0	0.0	3.519		0	0
0x107900	_free_posix_proc	named	unmapped	unknown	single		0.0	0.0	3.563		0	0
0x107914	_insert_posix_proc	named	unmapped	unknown	single		0.0	0.0	0		0	0
0x107964	_new_posix_proc	named	unmapped	unknown	single		0.0	0.0	3.519		0	0
0x1079b8	_delete_posix_proc	named	unmapped	unknown	single		0.0	0.0	19.973		0	0
0x107a24	_proc_from_thread	named	unmapped	unknown	single		0.0	0.0	0		0	0
0x107a40	_utask_from_thread	named	unmapped	unknown	single		0.0	0.0	0		0	0
0x107a5c	_uthread_from_thread	named	unmapped	unknown	single		0.0	0.0	0		0	0
0x107a78	_setprivexec	named	candidate	low	single	darwin01:darwin01/kernel/bsd/kern/kern_prot.c:89:setprivexec	0	0.0	0		0	1
0x107ac8	_getpid	named	candidate	low	single	darwin01:darwin01/kernel/bsd/kern/kern_prot.c:100:getpid	0	0	0		0	2
0x107af0	_getpgrp	named	candidate	low	single	nextmach:nextmach/mk-108.1/bsd/kern_prot.c:64:getpgrp	5.76	0	5.76	pfind	0	2
0x107b38	_getuid	named	candidate	low	single	darwin01:darwin01/kernel/bsd/kern/kern_prot.c:136:getuid	0	0	0		0	2
0x107b6c	_getgid	named	candidate	low	single	darwin01:darwin01/kernel/bsd/kern/kern_prot.c:161:getgid	0	0	0		0	2
0x107ba0	_getposix	named	unmapped	unknown	single		0.0	0.0	0		0	0
0x107bc4	_setposix	named	unmapped	unknown	single		0.0	0.0	0		0	0
0x107c1c	_getgroups	named	candidate	low	single	darwin01:darwin01/kernel/bsd/kern/kern_prot.c:194:getgroups	4.498	4.498	4.498	copyout	0	2
0x107cfc	_setpgrp	named	candidate	medium	single	nextmach:nextmach/mk-108.1/bsd/kern_prot.c:122:setpgrp	13.13	0.0	19.806	inferior;pfind	0	1
0x107d80	_setreuid	named	candidate	medium	single	nextmach:nextmach/mk-108.1/bsd/kern_prot.c:145:setreuid	11.613	0.0	19.974	crcopy;suser	0	1
0x107e60	__setuid	named	unmapped	unknown	single		0.0	0.0	25.184		0	0
0x107f48	__setgid	named	unmapped	unknown	single		0.0	0.0	25.184		0	0
0x108024	_setregid	named	candidate	medium	single	nextmach:nextmach/mk-108.1/bsd/kern_prot.c:181:setregid	28.55	0.0	36.91	crcopy;entergroup;leavegroup;suser	0	1
0x108120	_setgroups	named	candidate	medium	single	nextmach:nextmach/mk-108.1/bsd/kern_prot.c:217:setgroups	21.831	14.749	21.831	copyin;crdup;crfree;suser	0	2
0x108220	_leavegroup	named	candidate	low	single	nextmach:nextmach/mk-108.1/bsd/kern_prot.c:262:leavegroup	0	0.0	0		0	1
0x108274	_entergroup	named	candidate	low	single	nextmach:nextmach/mk-108.1/bsd/kern_prot.c:280:entergroup	0	0.0	0		0	1
0x1082c4	_groupmember	named	candidate	low	single	darwin01:darwin01/kernel/bsd/kern/kern_prot.c:512:groupmember	0	0	0		0	2
0x108310	_suser	named	candidate	low	single	darwin01:darwin01/kernel/bsd/kern/kern_prot.c:532:suser	0	0	0		0	2
0x10835c	_crget	named	candidate	medium	single	nextmach:nextmach/mk-108.1/bsd/kern_prot.c:337:crget	7.128	3.608	7.128	bzero;kalloc	0	2
0x108384	_crfree	named	candidate	medium	single	nextmach:nextmach/mk-108.1/bsd/kern_prot.c:353:crfree	10.919	0	10.919	kfree;splhigh;splx	0	2
0x1083c0	_crcopy	named	candidate	low	single	darwin01:darwin01/kernel/bsd/kern/kern_prot.c:605:crcopy	0	0	18.046		0	2
0x108434	_crdup	named	candidate	low	single	darwin01:darwin01/kernel/bsd/kern/kern_prot.c:627:crdup	0	0	7.128		0	2
0x108474	_setsid	named	candidate	medium	single	darwin01:darwin01/kernel/bsd/kern/kern_prot.c:222:setsid	13.758	0.0	18.968	enterpgrp;pgfind	0	1
0x1084d0	_setpgid	named	candidate	medium	single	darwin01:darwin01/kernel/bsd/kern/kern_prot.c:255:setpgid	26.888	0.0	32.098	enterpgrp;inferior;pfind;pgfind	0	1
0x1085dc	_getpriority	named	candidate	low	single	darwin01:darwin01/kernel/bsd/kern/kern_resource.c:95:getpriority	5.76	5.76	5.76	pfind	0	2
0x1086e4	_setpriority	named	candidate	low	conflicting	darwin01:darwin01/kernel/bsd/kern/kern_resource.c:154:setpriority	14.228	14.228	14.228	donice;pfind	0	2
0x1087ec	_donice	named	candidate	medium	single	nextmach:nextmach/mk-108.1/bsd/kern_resource.c:189:donice	26.288	4.755	26.288	suser;task_priority;thread_max_priority;thread_priority	0	2
0x10890c	_setrlimit	named	candidate	medium	single	nextmach:nextmach/mk-108.1/bsd/kern_resource.c:262:setrlimit	20.977	4.662	20.977	copyin;suser;vm_allocate;vm_deallocate	0	2
0x108a48	_getrlimit	named	candidate	low	single	darwin01:darwin01/kernel/bsd/kern/kern_resource.c:415:getrlimit	4.498	4.498	4.498	copyout	0	2
0x108a8c	_getrusage	named	candidate	medium	single	nextmach:nextmach/mk-108.1/bsd/kern_resource.c:332:getrusage	11.02	4.498	11.02	copyout;thread_read_times	0	2
0x108b2c	_ruadd	named	candidate	medium	single	nextmach:nextmach/mk-108.1/bsd/kern_resource.c:370:ruadd	6.859	0	6.859	timevaladd	0	2
0x108b84	_boot	named	candidate	medium	single	darwin01:darwin01/kernel/bsd/kern/kern_shutdown.c:77:boot	54.228	28.823	72.231	%d ;if_down_all;md_do_shutdown;md_prepare_for_shutdown;md_shutdown_devices;printf;sync	0	2
0x108ca0	_unmount_all	named	candidate	medium	single	nextmach:nextmach/mk-108.1/next/machdep.c:1333:unmount_all	93.391	0.0	105.97	FAILED\n;Root unmount FAILED\n;done\n;dounmount;fd_shutdown;kill_tasks;mfs_cache_clear;printf;proc_shutdown;vm_object_cache_clear;vm_object_shutdown;vnode_pager_shutdown	0	1
0x108d40	_kill_tasks	named	candidate	low	conflicting	darwin01:darwin01/kernel/bsd/kern/kern_shutdown.c:182:kill_tasks	40.867	40.867	40.867	pmap_create;processor_set_destroy;pset_remove_task;vm_map_create;vm_map_reference;vm_map_remove	0	2
0x108e80	_proc_shutdown	named	candidate	medium	single	nextmach:nextmach/mk-108.1/next/shutdown.c:23:proc_shutdown	57.737	52.131	82.105	Killing all processes ;closef;do_exit;pfind;printf;psignal;task_suspend;thread_block;vno_lockrelease	0	2
0x1090e4	_fd_shutdown	named	candidate	low	single	darwin01:darwin01/kernel/bsd/kern/kern_shutdown.c:333:fd_shutdown	6.522	6.522	6.522	closef	0	2
0x109128	_sigvec	named	candidate	medium	single	nextmach:nextmach/mk-108.1/bsd/kern_sig.c:125:sigvec	17.628	0.0	17.628	copyin;copyout;setsigvec	0	1
0x109248	_setsigvec	named	candidate	low	conflicting	darwin01:darwin01/kernel/bsd/kern/kern_sig.c:204:setsigvec	10.297	10.297	10.297	spl0;splhigh	0	2
0x1093e0	_sigblock	named	candidate	medium	single	nextmach:nextmach/mk-108.1/bsd/kern_sig.c:231:sigblock	10.297	0.0	10.297	spl0;splhigh	0	1
0x10943c	_sigsetmask	named	candidate	medium	single	nextmach:nextmach/mk-108.1/bsd/kern_sig.c:244:sigsetmask	10.297	0.0	10.297	spl0;splhigh	0	1
0x109490	_sigcont	named	unmapped	unknown	single		0.0	0.0	6.522		0	0
0x1094a0	_sigpause	named	candidate	low	single	nextmach:nextmach/mk-108.1/bsd/kern_sig.c:257:sigpause	0	0.0	7.37		0	1
0x109500	_sigstack	named	candidate	medium	single	nextmach:nextmach/mk-108.1/bsd/kern_sig.c:280:sigstack	9.159	0.0	9.159	copyin;copyout	0	1
0x10958c	_kill	named	candidate	low	conflicting	darwin01:darwin01/kernel/bsd/kern/kern_sig.c:583:kill	19.17	19.17	29.135	killpg1;pfind;psignal	0	2
0x1096e8	_killpg	named	candidate	medium	single	nextmach:nextmach/mk-108.1/bsd/kern_sig.c:341:killpg	7.775	0.0	7.775	killpg1	0	1
0x109720	_killpg1	named	candidate	medium	single	nextmach:nextmach/mk-108.1/bsd/kern_sig.c:357:killpg1	13.005	5.635	13.005	inferior;psignal	0	2
0x1097f8	_gsignal	named	candidate	medium	single	darwin01:darwin01/kernel/bsd/kern/kern_sig.c:688:gsignal	14.857	0	14.857	pgfind;pgsignal	0	2
0x109820	_pgsignal	named	candidate	low	single	darwin01:darwin01/kernel/bsd/kern/kern_sig.c:702:pgsignal	5.635	0.0	10.845	psignal	0	1
0x109870	_psignal	named	candidate	medium	single	darwin01:darwin01/kernel/bsd/kern/kern_sig.c:758:psignal	74.458	66.683	80.093	clear_wait;mach_msg_abort_rpc;splhigh;splx;stop;task_resume;thread_deallocate;thread_deallocate_interrupt;thread_max_priority;thread_priority;thread_reference;thread_resume	0	2
0x109bd4	_issig	named	candidate	medium	single	nextmach:nextmach/mk-108.1/bsd/kern_sig.c:733:issig	86.423	0	86.423	clear_wait;exit;issig\n;issig not on master;panic;pcb_synch;printf;psignal;stop;task_dowait;task_hold;thread_block;thread_hold;wakeup	0	2
0x10a06c	_stop	named	candidate	low	conflicting	darwin01:darwin01/kernel/bsd/kern/kern_sig.c:1409:stop	12.415	12.415	12.415	task_suspend_nowait;wakeup	0	2
0x10a094	_psig	named	candidate	medium	single	nextmach:nextmach/mk-108.1/bsd/kern_sig.c:1032:psig	53.29	0.0	92.785	core;exit;panic;psig not on master;rpcont;sendsig;spl0;splhigh	0	1
0x10a354	_sigpending	named	candidate	low	single	darwin01:darwin01/kernel/bsd/kern/kern_sig.c:375:sigpending	0	0.0	4.498		0	1
0x10a384	_uiomove	named	candidate	low	conflicting	darwin01:darwin01/kernel/bsd/kern/kern_subr.c:73:uiomove	16.529	16.529	16.529	copyin;copyout;copywithin	0	2
0x10a448	_ureadc	named	candidate	medium	single	nextmach:nextmach/mk-108.1/bsd/kern_subr.c:79:ureadc	28.136	19.668	28.136	panic;subyte;suibyte;ureadc	0	2
0x10a4d8	_uwritec	named	candidate	low	conflicting	darwin01:darwin01/kernel/bsd/kern/kern_subr.c:179:uwritec	28.136	28.136	36.604	fubyte;fuibyte;panic;uwritec: bogus uio_segflg	0	2
0x10a588	_sleep	named	candidate	medium	single	nextmach:nextmach/mk-108.1/bsd/kern_synch.c:140:sleep	32.253	5.29	58.336	assert_wait;clear_wait;longjmp;printf;spl0;splhigh	0	3
0x10a708	_sleep_with_continuation	named	unmapped	unknown	single		0.0	0.0	65.012		0	0
0x10a898	_sleep_with_continuation_and_deadline	named	unmapped	unknown	single		0.0	0.0	80.85		0	0
0x10aa64	_rpsleep	named	candidate	medium	single	nextmach:nextmach/mk-108.1/bsd/kern_synch.c:243:rpsleep	31.996	0.0	31.996	[%s: %s%s, pausing ...]\r\n;bcopy;rpcont;setjmp;uprintf	0	1
0x10ab14	_rpcont	named	candidate	medium	single	nextmach:nextmach/mk-108.1/bsd/kern_synch.c:280:rpcont	14.739	0.0	14.739	[%s: ... continuing]\r\n;uprintf	0	1
0x10ab38	_wakeup	named	candidate	low	conflicting	darwin01:darwin01/kernel/bsd/kern/kern_synch.c:209:wakeup	7.356	7.356	12.063	splhigh;splx	0	3
0x10ab60	_wakeup_one	named	candidate	low	conflicting	darwin01:darwin01/kernel/bsd/kern/kern_synch.c:225:wakeup_one	7.356	7.356	12.063	splhigh;splx	0	2
0x10ab88	_rqinit	named	candidate	low	single	nextmach:nextmach/mk-108.1/bsd/kern_synch.c:366:rqinit	0	0.0	0		0	1
0x10abb0	_gettimeofday	named	candidate	low	conflicting	darwin01:darwin01/kernel/bsd/kern/kern_time.c:89:gettimeofday	9.532	9.532	9.532	copyout;microtime	0	2
0x10abec	_settimeofday	named	candidate	low	conflicting	darwin01:darwin01/kernel/bsd/kern/kern_time.c:117:settimeofday	13.13	13.13	13.13	copyin;setthetime	0	2
0x10ac34	_setthetime	named	candidate	low	single	nextmach:nextmach/mk-108.1/bsd/kern_time.c:111:setthetime	4.755	0	17.297	suser	0	2
0x10ac84	_getthetime	named	unmapped	unknown	single		0.0	0.0	0		0	0
0x10acb4	_adjtime	named	candidate	low	conflicting	darwin01:darwin01/kernel/bsd/kern/kern_time.c:180:adjtime	13.914	13.914	21.689	copyin;copyout;suser	0	2
0x10ad3c	_inittodr	named	candidate	medium	single	darwin01:darwin01/kernel/bsd/kern/kern_time.c:227:inittodr	50.794	28.823	68.09	 -- CHECK AND RESET THE DATE!\n;WARNING: clock lost %d days;WARNING: clock not set properl;WARNING: preposterous time in ;WARNING: preposterous time in ;microtime;printf	0	3
0x10aeac	_getitimer	named	candidate	low	conflicting	darwin01:darwin01/kernel/bsd/kern/kern_time.c:316:getitimer	22.056	22.056	22.056	copyout;splclock;splx;timevalsub	0	2
0x10afc4	_setitimer	named	candidate	low	conflicting	darwin01:darwin01/kernel/bsd/kern/kern_time.c:355:setitimer	49.514	49.514	61.381	copyin;hzto;itimerfix;splclock;splx;timeout;timevaladd;untimeout	0	2
0x10b250	_realitexpire	named	candidate	low	conflicting	darwin01:darwin01/kernel/bsd/kern/kern_time.c:400:realitexpire	36.036	36.036	36.036	hzto;psignal;splclock;splx;timeout;timevaladd	0	2
0x10b334	_itimerfix	named	candidate	low	identical-bodies	darwin01:darwin01/kernel/bsd/kern/kern_time.c:449:itimerfix; nextmach:nextmach/mk-108.1/bsd/kern_time.c:317:itimerfix	0	0.0	0		0	2
0x10b374	_itimerdecr	named	candidate	low	identical-bodies	darwin01:darwin01/kernel/bsd/kern/kern_time.c:472:itimerdecr; nextmach:nextmach/mk-108.1/bsd/kern_time.c:339:itimerdecr	0	0.0	0		0	2
0x10b3f8	_timevaladd	named	candidate	medium	identical-bodies	darwin01:darwin01/kernel/bsd/kern/kern_time.c:511:timevaladd; nextmach:nextmach/mk-108.1/bsd/kern_time.c:378:timevaladd	7.775	0.0	7.775	timevalfix	0	2
0x10b418	_timevalsub	named	candidate	medium	identical-bodies	darwin01:darwin01/kernel/bsd/kern/kern_time.c:520:timevalsub; nextmach:nextmach/mk-108.1/bsd/kern_time.c:387:timevalsub	7.775	0.0	7.775	timevalfix	0	2
0x10b438	_timevalfix	named	candidate	low	identical-bodies	darwin01:darwin01/kernel/bsd/kern/kern_time.c:529:timevalfix; nextmach:nextmach/mk-108.1/bsd/kern_time.c:396:timevalfix	0	0.0	0		0	2
0x10b464	_uname	named	unmapped	unknown	single		0.0	0.0	72.263		0	0
0x10b600	_gethostid	named	candidate	low	single	nextmach:nextmach/mk-108.1/bsd/kern_xxx.c:85:gethostid	0	0.0	0		0	1
0x10b618	_sethostid	named	candidate	low	single	nextmach:nextmach/mk-108.1/bsd/kern_xxx.c:91:sethostid	4.755	0.0	4.755	suser	0	1
0x10b63c	_gethostname	named	candidate	low	single	nextmach:nextmach/mk-108.1/bsd/kern_xxx.c:101:gethostname	4.498	0.0	4.498	copyout	0	1
0x10b674	_sethostname	named	candidate	medium	single	nextmach:nextmach/mk-108.1/bsd/kern_xxx.c:115:sethostname	9.416	0.0	9.416	copyin;suser	0	1
0x10b6d4	_getdomainname	named	candidate	low	single	nextmach:nextmach/mk-108.1/bsd/kern_xxx.c:133:getdomainname	4.498	0.0	4.498	copyout	0	1
0x10b70c	_setdomainname	named	candidate	medium	single	nextmach:nextmach/mk-108.1/bsd/kern_xxx.c:148:setdomainname	9.416	0.0	9.416	copyin;suser	0	1
0x10b76c	_reboot	named	candidate	low	conflicting	darwin01:darwin01/kernel/bsd/kern/kern_xxx.c:191:reboot	18.513	18.513	18.513	boot;copyinstr;suser	0	2
0x10b7cc	_ptrace	named	candidate	medium	single	nextmach:nextmach/mk-108.1/bsd/mach_process.c:69:ptrace	24.93	18.765	24.93	clear_wait;pfind;psignal;task_resume	0	2
0x10b9e8	_thread_psignal	named	candidate	medium	single	nextmach:nextmach/mk-108.1/bsd/mach_signal.c:35:thread_psignal	23.086	0.0	23.086	panic;printf;signal = %d\n;thread_psignal: signal is not 	0	1
0x10ba60	_qsort	named	candidate	low	single	darwin01:darwin01/kernel/bsd/kern/qsort.c:95:qsort	0	0.0	0		1	1
0x10bb88		unnamed	candidate	low	single	nextmach:nextmach/mk-108.1/bsd/mach_signal.c:35:thread_psignal	0	0	0		2	18
0x10bd48	_logopen	named	candidate	low	single	darwin01:darwin01/kernel/bsd/kern/subr_log.c:104:logopen	0	0	7.082		0	2
0x10bdd4	_logclose	named	candidate	medium	single	darwin01:darwin01/kernel/bsd/kern/subr_log.c:137:logclose	7.356	0	28.196	splhigh;splx	0	2
0x10be44	_logread	named	candidate	medium	single	nextmach:nextmach/mk-108.1/bsd/subr_log.c:109:logread	17.392	13.051	17.392	sleep;splhigh;splx;uiomove	0	2
0x10bf24	_logselect	named	candidate	low	conflicting	darwin01:darwin01/kernel/bsd/kern/subr_log.c:202:logselect	7.356	7.356	14.032	splhigh;splx	0	2
0x10bf74	_logwakeup	named	candidate	low	single	darwin01:darwin01/kernel/bsd/kern/subr_log.c:224:logwakeup	0	0	7.775		0	3
0x10bf90		unnamed	candidate	low	conflicting	darwin01:darwin01/kernel/bsd/kern/subr_log.c:224:logwakeup	15.759	15.759	30.484	gsignal;selwakeup;wakeup	0	53
0x10c010	_logioctl	named	candidate	low	conflicting	darwin01:darwin01/kernel/bsd/kern/subr_log.c:251:logioctl	7.356	7.356	7.356	splhigh;splx	0	2
0x10c0d8	_printf	named	candidate	low	conflicting	darwin01:darwin01/kernel/bsd/kern/subr_prf.c:162:printf	13.353	13.353	13.353	logwakeup;prf	0	3
0x10c100	_uprintf	named	candidate	medium	single	nextmach:nextmach/mk-108.1/bsd/subr_prf.c:180:uprintf	14.046	6.271	14.046	prf;ttycheckoutq	0	2
0x10c134	_tprintf	named	candidate	low	conflicting	darwin01:darwin01/kernel/bsd/kern/subr_prf.c:236:tprintf	21.128	21.128	21.128	logwakeup;prf;ttycheckoutq	1	2
0x10c188	_sprintf	named	candidate	low	single	darwin01:darwin01/kernel/bsd/kern/subr_prf.c:174:sprintf	6.271	6.271	6.271	prf	0	2
0x10c1c0	_log	named	candidate	low	single	nextmach:nextmach/mk-108.1/bsd/subr_prf.c:225:log	20.709	0	20.709	logwakeup;prf;splhigh;splx	1	2
0x10c220	_vlog	named	candidate	medium	single	darwin01:darwin01/kernel/bsd/kern/subr_prf.c:297:vlog	13.353	0.0	13.353	logwakeup;prf	0	1
0x10c248		unnamed	candidate	low	single	nextmach:nextmach/mk-108.1/bsd/subr_prf.c:239:logpri	8.468	0	8.468	logchar	1	75
0x10c274	__printf	named	candidate	low	single	darwin01:darwin01/kernel/bsd/kern/subr_prf.c:336:_printf	6.271	0.0	6.271	prf	0	1
0x10c290	_prf	named	candidate	medium	single	darwin01:darwin01/kernel/bsd/kern/subr_prf.c:345:prf	16.936	8.468	16.936	???;_printf	25	3
0x10c974		unnamed	candidate	low	single	darwin01:darwin01/kernel/bsd/kern/subr_log.c:104:logopen	0	0	0		1	75
0x10c9a8		unnamed	candidate	low	conflicting	darwin01:darwin01/kernel/bsd/kern/subr_prf.c:583:printn	7.775	7.775	7.775	0123456789abcdef	3	75
0x10ca58	_panic_init	named	candidate	low	single	darwin01:darwin01/kernel/bsd/kern/subr_prf.c:609:panic_init	0	0	0		0	4
0x10ca6c	_panic	named	candidate	medium	single	nextmach:nextmach/mk-108.1/bsd/subr_prf.c:481:panic	60.211	39.856	67.581	System Panic;boot;halt_cpu;mini_mon;panic;panic: %s\n;panic: (Cpu %d) %s\n;printf	0	4
0x10cb24	_tablefull	named	candidate	low	conflicting	nextmach:nextmach/mk-108.1/bsd/subr_prf.c:547:tablefull	17.957	14.539	17.957	%s: table is full\n;log;printf	0	2
0x10cb4c	_harderr	named	candidate	low	conflicting	darwin01:darwin01/kernel/bsd/kern/subr_prf.c:685:harderr; nextmach:nextmach/mk-108.1/bsd/subr_prf.c:558:harderr	11.887	11.887	11.887	%s%d%c: hard error sn%d ;printf	0	3
0x10cb80	_putchar	named	candidate	low	single	darwin01:darwin01/kernel/bsd/kern/subr_prf.c:699:putchar	0	0	0		1	8
0x10cb98	_logchar	named	candidate	low	single	nextmach:nextmach/mk-108.1/bsd/subr_prf.c:576:logchar	0	0.0	0		1	1
0x10cbac		unnamed	candidate	medium	single	nextmach:nextmach/mk-108.1/bsd/subr_prf.c:581:tputchar	29.366	2.819	29.366	cnputc;spltty;splx;ttstart;ttyoutput	0	75
0x10cca4	_nodev	named	candidate	low	single	nextmach:nextmach/mk-108.1/bsd/subr_xxx.c:85:nodev	0	0	0		0	2
0x10ccb0	_nulldev	named	candidate	low	single	darwin01:darwin01/kernel/bsd/kern/subr_xxx.c:155:nulldev	0	0	0		0	3
0x10ccbc	_errsys	named	candidate	low	single	darwin01:darwin01/kernel/bsd/kern/subr_xxx.c:164:errsys	0	0	0		0	2
0x10cccc	_nullsys	named	candidate	low	single	darwin01:darwin01/kernel/bsd/kern/subr_xxx.c:169:nullsys; nextmach:nextmach/mk-108.1/bsd/subr_xxx.c:109:nullsys	0	0	0		0	3
0x10ccd4	_nosys	named	candidate	low	single	darwin01:darwin01/kernel/bsd/kern/subr_xxx.c:180:nosys	0	0	7.082		0	2
0x10cd04	_imin	named	candidate	low	single	nextmach:nextmach/mk-108.1/bsd/subr_xxx.c:117:imin	0	0.0	0		0	1
0x10cd18	_imax	named	candidate	low	single	nextmach:nextmach/mk-108.1/bsd/subr_xxx.c:123:imax	0	0.0	0		0	1
0x10cd2c	_min	named	candidate	low	single	nextmach:nextmach/mk-108.1/bsd/subr_xxx.c:130:min	0	0	0		0	2
0x10cd40	_max	named	candidate	low	single	nextmach:nextmach/mk-108.1/bsd/subr_xxx.c:138:max	0	0	0		0	2
0x10cd54	_read	named	candidate	low	conflicting	darwin01:darwin01/kernel/bsd/kern/sys_generic.c:96:read	7.082	7.082	7.082	rwuio	0	3
0x10cd8c	_readv	named	candidate	low	conflicting	darwin01:darwin01/kernel/bsd/kern/sys_generic.c:117:readv	11.743	11.743	11.743	copyin;rwuio	0	2
0x10ce00	_write	named	candidate	low	conflicting	darwin01:darwin01/kernel/bsd/kern/sys_generic.c:155:write	7.082	7.082	7.082	rwuio	0	3
0x10ce38	_writev	named	candidate	low	conflicting	darwin01:darwin01/kernel/bsd/kern/sys_generic.c:176:writev	11.743	11.743	11.743	copyin;rwuio	0	2
0x10ceac	_rwuio	named	candidate	medium	single	nextmach:nextmach/mk-108.1/bsd/sys_generic.c:152:rwuio	13.353	0	13.353	fspause;setjmp	0	2
0x10d050	_ioctl	named	candidate	medium	single	nextmach:nextmach/mk-108.1/bsd/sys_generic.c:211:ioctl	36.786	12.768	36.786	bzero;copyin;copyout;fgetown;fset;fsetown	0	3
0x10d290	_select	named	candidate	medium	single	nextmach:nextmach/mk-108.1/bsd/sys_generic.c:313:select	19.295	12.437	32.936	copyin;itimerfix;timevaladd	0	2
0x10d3f0	_selcont	named	unmapped	unknown	single		0.0	0.0	55.629		0	0
0x10d614	_selscan	named	candidate	low	single	darwin01:darwin01/kernel/bsd/kern/sys_generic.c:525:selscan	0	0	0		0	2
0x10d734	_seltrue	named	candidate	low	single	darwin01:darwin01/kernel/bsd/kern/sys_generic.c:559:seltrue	0	0	0		0	2
0x10d740	_selthreadcache	named	unmapped	unknown	single		0.0	0.0	17.856		0	0
0x10d7b0	_selthreadclear	named	candidate	medium	single	darwin01:darwin01/kernel/bsd/kern/sys_generic.c:636:selthreadclear	7.37	0.0	18.569	thread_deallocate_interrupt	0	1
0x10d7e4	_selwakeup	named	candidate	low	conflicting	darwin01:darwin01/kernel/bsd/kern/sys_generic.c:603:selwakeup	17.468	17.468	17.468	clear_wait;splhigh;splx;wakeup	0	2
0x10d850	_soo_rw	named	candidate	low	single	nextmach:nextmach/mk-108.1/bsd/sys_socket.c:48:soo_rw	0	0.0	0		2	1
0x10d894	_soo_ioctl	named	candidate	low	conflicting	darwin01:darwin01/kernel/bsd/kern/sys_socket.c:102:soo_ioctl	15.327	15.327	15.327	ifioctl;rtioctl	0	2
0x10d9a8	_soo_select	named	candidate	medium	single	nextmach:nextmach/mk-108.1/bsd/sys_socket.c:116:soo_select	16.259	7.791	16.259	sbselqueue;splnet;splx	0	2
0x10daa0	_soo_stat	named	candidate	low	single	darwin01:darwin01/kernel/bsd/kern/sys_socket.c:203:soo_stat	3.608	3.608	3.608	bzero	0	2
0x10dacc	_soo_close	named	candidate	low	single	darwin01:darwin01/kernel/bsd/kern/sys_socket.c:217:soo_close	6.676	6.676	6.676	soclose	0	2
0x10daf0	_ttysetspec	named	candidate	low	single	nextmach:nextmach/mk-108.1/bsd/tty.c:171:ttysetspec	0	0.0	0		0	1
0x10dd68	_ttychars	named	candidate	medium	single	nextmach:nextmach/mk-108.1/bsd/tty.c:203:ttychars	7.37	0	12.893	ttysetspec	0	3
0x10ddb4	_ttywflush	named	candidate	low	conflicting	darwin01:darwin01/kernel/bsd/kern/tty.c:1252:ttywflush	14.164	14.164	14.164	ttyflush;ttywait	0	2
0x10ddd0	_ttywait	named	candidate	medium	single	nextmach:nextmach/mk-108.1/bsd/tty.c:221:ttywait	11.991	7.65	17.515	sleep;spltty;splx	0	2
0x10de30	_ttyflush	named	candidate	medium	single	nextmach:nextmach/mk-108.1/bsd/tty.c:238:ttyflush	17.58	7.65	17.58	getc;spltty;splx;wakeup	0	2
0x10dee4	_ttrstrt	named	candidate	low	conflicting	darwin01:darwin01/kernel/bsd/kern/tty.c:1395:ttrstrt	18.85	18.85	18.85	panic;spltty;splx;ttrstrt	0	3
0x10df2c	_ttstart	named	candidate	medium	single	nextmach:nextmach/mk-108.1/bsd/tty.c:290:ttstart	7.65	0	7.65	spltty;splx	0	3
0x10df60	_ttioctl	named	candidate	medium	single	nextmach:nextmach/mk-108.1/bsd/tty.c:306:ttioctl	57.139	50.474	101.821	bcmp;bcopy;catq;gsignal;sleep;spltty;splx;ttnread;ttwakeup;ttysetspec	0	2
0x10ec90	_ttnread	named	candidate	low	conflicting	darwin01:darwin01/kernel/bsd/kern/tty.c:1184:ttnread	7.775	7.775	7.775	ttypend	0	2
0x10ecc8	_ttselect	named	candidate	medium	single	nextmach:nextmach/mk-108.1/bsd/tty.c:647:ttselect	7.65	0	27.625	spltty;splx	0	2
0x10ed98	_ttyopen	named	candidate	low	conflicting	darwin01:darwin01/kernel/bsd/kern/tty.c:243:ttyopen	11.258	11.258	50.202	bzero;spltty;splx	0	2
0x10ef4c	_ttylclose	named	candidate	medium	single	darwin01:darwin01/kernel/bsd/kern/tty.c:1429:ttylclose	7.082	0	14.164	ttyflush	0	2
0x10ef6c	_ttyclose	named	candidate	medium	single	darwin01:darwin01/kernel/bsd/kern/tty.c:282:ttyclose	13.553	0	29.007	selthreadclear;spltty;splx	0	3
0x10f0b4	_ttymodem	named	candidate	medium	single	nextmach:nextmach/mk-108.1/bsd/tty.c:761:ttymodem	16.606	10.623	35.763	gsignal;ttwakeup;wakeup	0	3
0x10f22c	_nullmodem	named	candidate	low	single	nextmach:nextmach/mk-108.1/bsd/tty.c:810:nullmodem	0	0.0	5.524		0	1
0x10f260	_ttypend	named	candidate	low	conflicting	darwin01:darwin01/kernel/bsd/kern/tty.c:1497:ttypend	13.065	13.065	13.065	getc;ttyinput	0	2
0x10f2d0	_ttyinput	named	candidate	medium	single	nextmach:nextmach/mk-108.1/bsd/tty.c:870:ttyinput	28.21	20.435	75.664	putc;ttcooked;ttwakeup;ttyecho	0	3
0x10f4a4	_ttyblkin	named	candidate	medium	single	nextmach:nextmach/mk-108.1/bsd/tty.c:905:ttyblkin	21.533	0.0	75.664	b_to_q;ttcooked;ttwakeup	0	1
0x10f69c	_ttcooked	named	candidate	medium	single	nextmach:nextmach/mk-108.1/bsd/tty.c:951:ttcooked	71.277	0.0	121.024	catq;getc;gsignal;putc;ttwakeup;ttyecho;ttyoutput;ttyretype;ttyrub;unputc	0	1
0x110014	_ttyoutput	named	candidate	medium	single	nextmach:nextmach/mk-108.1/bsd/tty.c:1204:ttyoutput	38.345	29.876	58.725	        ;({)}!|^~'`;b_to_q;putc;spltty;splx	0	2
0x11039c	_ttread	named	candidate	medium	single	nextmach:nextmach/mk-108.1/bsd/tty.c:1370:ttread	38.004	21.003	73.652	getc;gsignal;putc;sleep;spltty;splx;ureadc	0	2
0x110848	_ttycheckoutq	named	candidate	medium	single	nextmach:nextmach/mk-108.1/bsd/tty.c:1525:ttycheckoutq	11.991	7.65	11.991	sleep;spltty;splx	0	2
0x1108e8	_ttwrite	named	candidate	medium	single	nextmach:nextmach/mk-108.1/bsd/tty.c:1551:ttwrite	56.115	34.591	66.849	b_to_q;gsignal;panic;scanc;sleep;spltty;splx;ttwrite;ttyoutput;uiomove	0	2
0x110dfc	_ttyrub	named	candidate	medium	single	nextmach:nextmach/mk-108.1/bsd/tty.c:1752:ttyrub	48.564	40.095	56.339	panic;spltty;splx;ttyecho;ttyoutput;ttyretype;ttyrub;ttyrubo	0	2
0x110fa4	_ttyrubo	named	candidate	low	single	darwin01:darwin01/kernel/bsd/kern/tty.c:2162:ttyrubo	0	0	7.775		0	2
0x110fdc	_ttyretype	named	candidate	low	conflicting	darwin01:darwin01/kernel/bsd/kern/tty.c:2180:ttyretype	21.121	21.121	28.896	spltty;splx;ttyecho;ttyoutput	0	2
0x111094	_ttyecho	named	candidate	low	single	darwin01:darwin01/kernel/bsd/kern/tty.c:2222:ttyecho	6.389	6.389	6.389	ttyoutput	0	2
0x111150	_ttyoutstr	named	unmapped	unknown	single		0.0	0.0	6.389		0	0
0x111180	_ttcheckwakeup	named	unmapped	unknown	single		0.0	0.0	0		0	0
0x1111b0	_ttwakeup	named	candidate	medium	single	nextmach:nextmach/mk-108.1/bsd/tty.c:1934:ttwakeup	15.759	9.776	29.312	gsignal;selwakeup;wakeup	0	2
0x111218	_tty_ld_install	named	candidate	medium	single	nextmach:nextmach/mk-108.1/bsd/tty.c:1951:tty_ld_install	7.65	0.0	7.65	spltty;splx	0	1
0x111310	_tty_ld_remove	named	candidate	medium	single	nextmach:nextmach/mk-108.1/bsd/tty.c:1998:tty_ld_remove	7.65	0.0	7.65	spltty;splx	0	1
0x111394	_ttydevstart	named	candidate	low	single	nextmach:nextmach/mk-108.1/bsd/tty.c:2022:ttydevstart	0	0.0	0		0	1
0x1113a8	_ttydevstop	named	candidate	low	single	nextmach:nextmach/mk-108.1/bsd/tty.c:2029:ttydevstop	0	0.0	0		0	1
0x1113c8	_ttyselwait	named	candidate	medium	single	nextmach:nextmach/mk-108.1/bsd/tty.c:2035:ttyselwait	7.65	0.0	14.326	spltty;splx	0	1
0x11142c	_ttselwakeup	named	candidate	medium	single	nextmach:nextmach/mk-108.1/bsd/tty.c:2063:ttselwakeup	13.479	0.0	19.382	selwakeup;spltty;splx	0	1
0x111474	_ttsettermios	named	unmapped	unknown	single		0.0	0.0	0		0	0
0x1117e8	_ttgettermios	named	unmapped	unknown	single		0.0	0.0	0		0	0
0x111b58	_ttynty	named	unmapped	unknown	single		0.0	0.0	22.369		0	0
0x111bf4	_nullioctl	named	candidate	low	single	nextmach:nextmach/mk-108.1/bsd/tty_conf.c:67:nullioctl	0	0	0		0	2
0x111c00	_pty_init	named	candidate	low	single	darwin01:darwin01/kernel/bsd/kern/tty_pty.c:213:pty_init	0	0.0	5.472		0	1
0x111c14	_pty_alloc	named	unmapped	unknown	single		0.0	0.0	15.488		0	0
0x111c84	_ptsopen	named	candidate	medium	single	nextmach:nextmach/mk-108.1/bsd/tty_pty.c:104:ptsopen	18.793	14.452	34.281	ptcwakeup;sleep;ttychars	0	2
0x111db4	_ptsclose	named	candidate	medium	single	nextmach:nextmach/mk-108.1/bsd/tty_pty.c:141:ptsclose	14.046	7.37	14.046	ptcwakeup;ttyclose	0	2
0x111e04	_ptsread	named	candidate	medium	single	nextmach:nextmach/mk-108.1/bsd/tty_pty.c:157:ptsread	30.354	20.029	35.564	getc;gsignal;ptcwakeup;sleep;ureadc	0	2
0x111f90	_ptswrite	named	candidate	low	single	darwin01:darwin01/kernel/bsd/kern/tty_pty.c:345:ptswrite	0	0	0		0	2
0x111fd0	_ptsselect	named	candidate	low	single	nextmach:nextmach/mk-108.1/bsd/tty_pty.c:214:ptsselect	0	0.0	0		0	1
0x111ffc	_ptsstart	named	candidate	low	identical-bodies	darwin01:darwin01/kernel/bsd/kern/tty_pty.c:363:ptsstart; nextmach:nextmach/mk-108.1/bsd/tty_pty.c:228:ptsstart	6.676	0.0	6.676	ptcwakeup	0	2
0x11203c	_ptcwakeup	named	candidate	low	conflicting	darwin01:darwin01/kernel/bsd/kern/tty_pty.c:378:ptcwakeup	9.776	9.776	23.329	selwakeup;wakeup	0	2
0x1120ec	_ptcopen	named	candidate	low	single	darwin01:darwin01/kernel/bsd/kern/tty_pty.c:395:ptcopen	0	0	15.488		0	2
0x1121e0	_ptcclose	named	candidate	medium	single	nextmach:nextmach/mk-108.1/bsd/tty_pty.c:289:ptcclose	7.775	0	40.898	forceclose	0	2
0x1122cc	_ptcread	named	candidate	medium	single	nextmach:nextmach/mk-108.1/bsd/tty_pty.c:305:ptcread	38.455	20.84	43.052	bcopy;q_to_b;selwakeup;sleep;uiomove;ureadc;wakeup	0	2
0x11250c	_ptsstop	named	candidate	low	identical-bodies	darwin01:darwin01/kernel/bsd/kern/tty_pty.c:517:ptsstop; nextmach:nextmach/mk-108.1/bsd/tty_pty.c:389:ptsstop	0	0.0	23.329		0	2
0x112614	_ptcselect	named	candidate	low	conflicting	darwin01:darwin01/kernel/bsd/kern/tty_pty.c:541:ptcselect	7.65	7.65	14.326	spltty;splx	0	2
0x112704	_ptcwrite	named	candidate	medium	single	nextmach:nextmach/mk-108.1/bsd/tty_pty.c:476:ptcwrite	34.418	30.077	34.418	b_to_q;putc;sleep;ttwakeup;uiomove;wakeup	0	2
0x112934	_ptyioctl	named	candidate	low	single	nextmach:nextmach/mk-108.1/bsd/tty_pty.c:574:ptyioctl	33.5	21.533	62.353	getc;gsignal;ptcwakeup;ttioctl;ttyflush	1	2
0x112db0	_getc	named	candidate	medium	single	nextmach:nextmach/mk-108.1/bsd/tty_subr.c:30:getc	11.596	7.65	11.596	spltty;splx;wakeup	0	4
0x112eac	_q_to_b	named	candidate	medium	single	nextmach:nextmach/mk-108.1/bsd/tty_subr.c:76:q_to_b	15.095	11.148	15.095	bcopy;spltty;splx;wakeup	0	3
0x112ff0	_ndqb	named	candidate	low	conflicting	darwin01:darwin01/kernel/bsd/kern/tty_subr.c:199:ndqb	7.65	7.65	7.65	spltty;splx	0	3
0x113060	_ndflush	named	candidate	medium	single	nextmach:nextmach/mk-108.1/bsd/tty_subr.c:178:ndflush	11.596	7.65	11.596	spltty;splx;wakeup	0	3
0x11315c	_putc	named	candidate	low	conflicting	darwin01:darwin01/kernel/bsd/kern/tty_subr.c:279:putc	7.65	7.65	11.258	spltty;splx	0	3
0x11325c	_b_to_q	named	candidate	medium	single	darwin01:darwin01/kernel/bsd/kern/tty_subr.c:372:b_to_q	14.757	11.148	14.757	bcopy;bzero;spltty;splx	0	3
0x113360	_nextc	named	candidate	low	single	darwin01:darwin01/kernel/bsd/kern/tty_subr.c:438:nextc	0	0	0		0	2
0x113390	_nextc3	named	unmapped	unknown	single		0.0	0.0	0		0	0
0x1133fc	_unputc	named	candidate	low	conflicting	darwin01:darwin01/kernel/bsd/kern/tty_subr.c:507:unputc	7.65	7.65	7.65	spltty;splx	0	2
0x113500	_catq	named	candidate	medium	single	nextmach:nextmach/mk-108.1/bsd/tty_subr.c:386:catq	7.65	0	15.205	spltty;splx	0	2
0x113748	_syopen	named	candidate	low	single	nextmach:nextmach/mk-108.1/bsd/tty_tty.c:32:syopen	0	0.0	0		0	1
0x11378c	_syread	named	candidate	low	single	nextmach:nextmach/mk-108.1/bsd/tty_tty.c:42:syread	0	0.0	0		0	1
0x1137d0	_sywrite	named	candidate	low	single	nextmach:nextmach/mk-108.1/bsd/tty_tty.c:53:sywrite	0	0.0	0		0	1
0x113814	_syioctl	named	candidate	low	single	nextmach:nextmach/mk-108.1/bsd/tty_tty.c:64:syioctl	0	0.0	5.21		0	1
0x1138c8	_syselect	named	candidate	low	single	nextmach:nextmach/mk-108.1/bsd/tty_tty.c:83:syselect	0	0.0	0		0	1
0x113914	_domaininit	named	candidate	low	single	nextmach:nextmach/mk-108.1/bsd/uipc_domain.c:33:domaininit	25.405	0	25.405	null_init;pffasttimo;pfslowtimo	2	2
0x113990	_pffindtype	named	candidate	low	identical-bodies	darwin01:darwin01/kernel/bsd/kern/uipc_domain.c:134:pffindtype; nextmach:nextmach/mk-108.1/bsd/uipc_domain.c:65:pffindtype	0	0.0	0		0	2
0x1139e4	_pffindproto	named	candidate	low	identical-bodies	darwin01:darwin01/kernel/bsd/kern/uipc_domain.c:152:pffindproto; nextmach:nextmach/mk-108.1/bsd/uipc_domain.c:83:pffindproto	0	0.0	0		0	2
0x113a68	_pfctlinput	named	candidate	low	single	darwin01:darwin01/kernel/bsd/kern/uipc_domain.c:216:pfctlinput	0	0	0		0	2
0x113ab0	_pfslowtimo	named	candidate	low	single	darwin01:darwin01/kernel/bsd/kern/uipc_domain.c:230:pfslowtimo	5.983	5.983	5.983	timeout	0	2
0x113b08	_pffasttimo	named	candidate	low	single	darwin01:darwin01/kernel/bsd/kern/uipc_domain.c:244:pffasttimo	5.983	5.983	5.983	timeout	0	2
0x113b5c	_mbinit	named	candidate	low	conflicting	darwin01:darwin01/kernel/bsd/kern/uipc_mbuf.c:95:mbinit	25.544	25.544	25.544	m_clalloc;mbinit;panic;splimp;splx	0	2
0x113bd0	_m_clalloc	named	candidate	medium	single	nextmach:nextmach/mk-108.1/bsd/uipc_mbuf.c:81:m_clalloc	11.431	6.676	11.431	kmem_mb_alloc;m_free	0	2
0x113cd8	_m_pgfree	named	candidate	low	single	nextmach:nextmach/mk-108.1/bsd/uipc_mbuf.c:132:m_pgfree	0	0.0	0		0	1
0x113ce0	_m_expand	named	candidate	low	single	darwin01:darwin01/kernel/bsd/kern/uipc_mbuf.c:175:m_expand	0	0	11.431		0	2
0x113dc0	_m_get	named	candidate	low	single	darwin01:darwin01/kernel/bsd/kern/uipc_mbuf.c:286:m_get	0	0	21.207		0	2
0x113e3c	_m_getclr	named	candidate	low	single	darwin01:darwin01/kernel/bsd/kern/uipc_mbuf.c:306:m_getclr	3.608	3.608	24.815	bzero	0	2
0x113ed0	_m_free	named	candidate	medium	single	darwin01:darwin01/kernel/bsd/kern/uipc_mbuf.c:319:m_free	13.94	0	26.081	panic;splimp;splx;wakeup	0	2
0x113f6c	_m_more	named	candidate	medium	single	nextmach:nextmach/mk-108.1/bsd/uipc_mbuf.c:215:m_more	15.541	0.0	39.812	m_more;panic;sleep	0	1
0x1140e0	_m_freem	named	candidate	medium	single	nextmach:nextmach/mk-108.1/bsd/uipc_mbuf.c:237:m_freem	7.262	0	26.081	splimp;splx	0	2
0x1141a4	_m_copy	named	candidate	medium	single	nextmach:nextmach/mk-108.1/bsd/uipc_mbuf.c:262:m_copy	23.166	0.0	57.728	bcopy;m_copy;mcldup;panic	0	1
0x1143e0	_m_cat	named	candidate	low	single	darwin01:darwin01/kernel/bsd/kern/uipc_mbuf.c:562:m_cat	3.498	3.498	29.579	bcopy	0	2
0x1144ec	_m_adj	named	candidate	low	single	darwin01:darwin01/kernel/bsd/kern/uipc_mbuf.c:583:m_adj	0	0	0		0	2
0x1145a4	_m_pullup	named	candidate	low	single	darwin01:darwin01/kernel/bsd/kern/uipc_mbuf.c:668:m_pullup	3.498	3.498	40.792	bcopy	0	2
0x1148c0	_mclget	named	candidate	medium	single	nextmach:nextmach/mk-108.1/bsd/uipc_mbuf.c:451:mclget	7.262	0.0	13.939	splimp;splx	0	1
0x11499c	_mclgetx	named	candidate	low	single	darwin01:darwin01/kernel/bsd/net/netbuf.c:120:mclgetx	0	0	21.207		0	2
0x114a48	_mclput	named	candidate	medium	single	nextmach:nextmach/mk-108.1/bsd/uipc_mbuf.c:501:mclput	11.2	0.0	11.2	mclput;panic	0	1
0x114ac8	_mcldup	named	candidate	medium	single	nextmach:nextmach/mk-108.1/bsd/uipc_mbuf.c:544:mcldup	18.218	0.0	18.218	bcopy;kalloc;mcldup;panic	0	1
0x114b78		unnamed	candidate	low	single	nextmach:nextmach/mk-108.1/bsd/uipc_mbuf.c:529:buffree	3.563	0	3.563	kfree	0	54
0x114b8c	_piconnect	named	candidate	low	single	nextmach:nextmach/mk-108.1/bsd/uipc_pipe.c:22:piconnect	0	0.0	0		0	1
0x114bd4	_socreate	named	candidate	medium	single	nextmach:nextmach/mk-108.1/bsd/uipc_socket.c:61:socreate	29.442	22.92	29.442	m_getclr;pffindproto;pffindtype;sofree	0	2
0x114c94	_sobind	named	candidate	medium	identical-bodies	darwin01:darwin01/kernel/bsd/kern/uipc_socket.c:350:sobind; nextmach:nextmach/mk-108.1/bsd/uipc_socket.c:99:sobind	7.791	0.0	7.791	splnet;splx	0	2
0x114ccc	_solisten	named	candidate	low	conflicting	darwin01:darwin01/kernel/bsd/kern/uipc_socket.c:365:solisten	7.791	7.791	7.791	splnet;splx	0	2
0x114d4c	_sofree	named	candidate	medium	single	nextmach:nextmach/mk-108.1/bsd/uipc_socket.c:138:sofree	36.348	31.594	36.348	m_free;panic;sbrelease;sofree dq;soqremque;sorflush	0	2
0x114db8	_soclose	named	candidate	medium	single	nextmach:nextmach/mk-108.1/bsd/uipc_socket.c:159:soclose	38.882	34.541	72.499	panic;sleep;soabort;soclose: NOFDREF;sodisconnect;splnet;splx	0	2
0x114f04	_soabort	named	candidate	low	identical-bodies	darwin01:darwin01/kernel/bsd/kern/uipc_socket.c:467:soabort; nextmach:nextmach/mk-108.1/bsd/uipc_socket.c:207:soabort	0	0.0	0		0	2
0x114f20	_soaccept	named	candidate	medium	identical-bodies	darwin01:darwin01/kernel/bsd/kern/uipc_socket.c:477:soaccept; nextmach:nextmach/mk-108.1/bsd/uipc_socket.c:216:soaccept	18.991	0.0	18.991	panic;soaccept: !NOFDREF;splnet;splx	0	2
0x114f6c	_soconnect	named	candidate	medium	identical-bodies	darwin01:darwin01/kernel/bsd/kern/uipc_socket.c:494:soconnect; nextmach:nextmach/mk-108.1/bsd/uipc_socket.c:232:soconnect	15.566	0.0	15.566	sodisconnect;splnet;splx	0	2
0x114fdc	_soconnect2	named	candidate	medium	identical-bodies	darwin01:darwin01/kernel/bsd/kern/uipc_socket.c:522:soconnect2; nextmach:nextmach/mk-108.1/bsd/uipc_socket.c:259:soconnect2	7.791	0.0	7.791	splnet;splx	0	2
0x115014	_sodisconnect	named	candidate	medium	identical-bodies	darwin01:darwin01/kernel/bsd/kern/uipc_socket.c:536:sodisconnect; nextmach:nextmach/mk-108.1/bsd/uipc_socket.c:272:sodisconnect	7.791	0.0	7.791	splnet;splx	0	2
0x115068	_sosend	named	candidate	low	conflicting	darwin01:darwin01/kernel/bsd/kern/uipc_socket.c:576:sosend	24.719	24.719	65.558	m_freem;sbwait;splnet;splx;uiomove	0	2
0x115550	_soreceive	named	candidate	medium	single	nextmach:nextmach/mk-108.1/bsd/uipc_socket.c:429:soreceive	86.002	77.534	110.873	m_copy;m_free;m_freem;m_get;panic;receive 1;receive 1a;receive 2;receive 3;sbdroprecord;sbwait;splnet;splx;uiomove	0	2
0x115c0c	_soshutdown	named	candidate	low	conflicting	darwin01:darwin01/kernel/bsd/kern/uipc_socket.c:1103:soshutdown	7.37	7.37	7.37	sorflush	0	2
0x115c4c	_sorflush	named	candidate	low	conflicting	darwin01:darwin01/kernel/bsd/kern/uipc_socket.c:1124:sorflush	25.504	25.504	33.792	bzero;sbrelease;socantrcvmore;splimp;splx	0	2
0x115d1c	_sosetopt	named	candidate	low	conflicting	darwin01:darwin01/kernel/bsd/kern/uipc_socket.c:1146:sosetopt	11.837	11.837	11.837	m_free;sbreserve	0	2
0x115ed4	_sogetopt	named	candidate	low	conflicting	darwin01:darwin01/kernel/bsd/kern/uipc_socket.c:1266:sogetopt	10.045	10.045	10.045	m_free;m_get	0	2
0x1160b8	_sohasoutofband	named	candidate	low	conflicting	darwin01:darwin01/kernel/bsd/kern/uipc_socket.c:1351:sohasoutofband	23.208	23.208	29.111	gsignal;pfind;psignal;selwakeup	0	2
0x116120	_soisconnecting	named	candidate	low	single	nextmach:nextmach/mk-108.1/bsd/uipc_socket2.c:85:soisconnecting	3.946	0	3.946	wakeup	0	2
0x116144	_soisconnected	named	candidate	medium	single	nextmach:nextmach/mk-108.1/bsd/uipc_socket2.c:94:soisconnected	29.78	18.58	35.763	panic;soisconnected;soqinsque;soqremque;wakeup	0	2
0x1161c0	_soisdisconnecting	named	candidate	low	identical-bodies	darwin01:darwin01/kernel/bsd/kern/uipc_socket2.c:145:soisdisconnecting; nextmach:nextmach/mk-108.1/bsd/uipc_socket2.c:113:soisdisconnecting	3.946	0.0	9.93	wakeup	0	2
0x1161f8	_soisdisconnected	named	candidate	low	identical-bodies	darwin01:darwin01/kernel/bsd/kern/uipc_socket2.c:157:soisdisconnected; nextmach:nextmach/mk-108.1/bsd/uipc_socket2.c:124:soisdisconnected	3.946	0.0	9.93	wakeup	0	2
0x116230	_sonewconn	named	candidate	medium	single	nextmach:nextmach/mk-108.1/bsd/uipc_socket2.c:143:sonewconn	25.911	0.0	25.911	m_free;m_getclr;soqinsque;soqremque	0	1
0x1162f8	_soqinsque	named	candidate	low	single	darwin01:darwin01/kernel/bsd/kern/uipc_socket2.c:231:soqinsque	0	0	0		0	2
0x116354	_soqremque	named	candidate	low	single	darwin01:darwin01/kernel/bsd/kern/uipc_socket2.c:253:soqremque	0	0	0		0	2
0x1163c8	_socantsendmore	named	candidate	low	identical-bodies	darwin01:darwin01/kernel/bsd/kern/uipc_socket2.c:292:socantsendmore; nextmach:nextmach/mk-108.1/bsd/uipc_socket2.c:241:socantsendmore	0	0.0	5.983		0	2
0x1163e0	_socantrcvmore	named	candidate	low	identical-bodies	darwin01:darwin01/kernel/bsd/kern/uipc_socket2.c:301:socantrcvmore; nextmach:nextmach/mk-108.1/bsd/uipc_socket2.c:249:socantrcvmore	0	0.0	5.983		0	2
0x1163f8	_sbselqueue	named	candidate	low	single	nextmach:nextmach/mk-108.1/bsd/uipc_socket2.c:264:sbselqueue	0	0.0	6.676		0	1
0x116418	_sbwait	named	candidate	low	single	nextmach:nextmach/mk-108.1/bsd/uipc_socket2.c:277:sbwait	4.341	0	4.341	sleep	0	2
0x116430	_sbwakeup	named	candidate	medium	single	nextmach:nextmach/mk-108.1/bsd/uipc_socket2.c:288:sbwakeup	17.145	0.0	30.311	selwakeup;wakeup;wakeup_one	0	1
0x11649c	_sowakeup	named	candidate	medium	single	darwin01:darwin01/kernel/bsd/kern/uipc_socket2.c:350:sowakeup	27.154	17.378	47.689	gsignal;pfind;psignal;selwakeup;wakeup	0	2
0x11654c	_soreserve	named	candidate	low	conflicting	darwin01:darwin01/kernel/bsd/kern/uipc_socket2.c:403:soreserve	13.941	13.941	13.941	sbrelease;sbreserve	0	2
0x116594	_sbreserve	named	candidate	low	single	darwin01:darwin01/kernel/bsd/kern/uipc_socket2.c:431:sbreserve	0	0	0		0	2
0x1165cc	_sbrelease	named	candidate	medium	single	darwin01:darwin01/kernel/bsd/kern/uipc_socket2.c:449:sbrelease	20.535	7.37	20.535	sbflush;selthreadclear;splimp;splx	0	2
0x116614	_sbappend	named	candidate	low	conflicting	darwin01:darwin01/kernel/bsd/kern/uipc_socket2.c:495:sbappend	7.082	7.082	7.082	sbcompress	0	2
0x116650	_sbappendrecord	named	candidate	low	conflicting	darwin01:darwin01/kernel/bsd/kern/uipc_socket2.c:545:sbappendrecord	7.082	7.082	7.082	sbcompress	0	2
0x1166c0	_sbappendaddr	named	candidate	medium	single	nextmach:nextmach/mk-108.1/bsd/uipc_socket2.c:492:sbappendaddr	17.621	2.732	38.828	m_copy;m_freem;sbcompress	0	2
0x11688c	_sbappendrights	named	candidate	medium	single	nextmach:nextmach/mk-108.1/bsd/uipc_socket2.c:540:sbappendrights	24.447	0.0	24.447	m_copy;panic;sbappendrights;sbcompress	0	1
0x116970	_sbcompress	named	candidate	low	conflicting	darwin01:darwin01/kernel/bsd/kern/uipc_socket2.c:707:sbcompress	8.253	8.253	8.253	bcopy;m_free	0	2
0x116a64	_sbflush	named	candidate	low	conflicting	darwin01:darwin01/kernel/bsd/kern/uipc_socket2.c:757:sbflush	27.443	27.443	27.443	panic;sbdrop;sbflush;sbflush 2	0	2
0x116ab8	_sbdrop	named	candidate	low	conflicting	darwin01:darwin01/kernel/bsd/kern/uipc_socket2.c:774:sbdrop	11.2	11.2	34.549	panic;sbdrop	0	2
0x116ccc	_sbdroprecord	named	candidate	low	single	darwin01:darwin01/kernel/bsd/kern/uipc_socket2.c:819:sbdroprecord	0	0	26.081		0	2
0x116db4	_socket	named	candidate	low	conflicting	darwin01:darwin01/kernel/bsd/kern/uipc_syscalls.c:115:socket	13.535	13.535	13.535	falloc;socreate	0	2
0x116e58	_bind	named	candidate	low	conflicting	darwin01:darwin01/kernel/bsd/kern/uipc_syscalls.c:149:bind	25.096	25.096	25.096	getsock;m_freem;sobind;sockargs	0	2
0x116ed0	_listen	named	candidate	low	conflicting	darwin01:darwin01/kernel/bsd/kern/uipc_syscalls.c:174:listen	14.452	14.452	14.452	getsock;solisten	0	2
0x116f0c	_accept	named	candidate	medium	single	nextmach:nextmach/mk-108.1/bsd/uipc_syscalls.c:101:accept	77.001	0	77.001	accept;copyin;copyout;falloc;getsock;m_freem;m_get;panic;sleep;soaccept;soqremque;splnet;splx;useracc	0	2
0x1170fc	_connect	named	candidate	medium	single	nextmach:nextmach/mk-108.1/bsd/uipc_syscalls.c:187:connect	44.31	33.986	44.31	getsock;m_freem;setjmp;sleep;sockargs;soconnect;splnet;splx	0	2
0x117258	_socketpair	named	candidate	medium	single	nextmach:nextmach/mk-108.1/bsd/uipc_syscalls.c:237:socketpair	39.854	33.178	39.854	copyout;falloc;soclose;soconnect2;socreate;useracc	0	2
0x117448	_sendto	named	candidate	low	conflicting	darwin01:darwin01/kernel/bsd/kern/uipc_syscalls.c:435:sendto	7.37	7.37	7.37	sendit	0	2
0x1174a0	_send	named	candidate	medium	single	nextmach:nextmach/mk-108.1/bsd/uipc_syscalls.c:325:send	7.37	0.0	7.37	sendit	0	1
0x1174f8	_sendmsg	named	candidate	low	conflicting	darwin01:darwin01/kernel/bsd/kern/uipc_syscalls.c:536:sendmsg	12.031	12.031	12.031	copyin;sendit	0	2
0x117590	_sendit	named	candidate	medium	single	nextmach:nextmach/mk-108.1/bsd/uipc_syscalls.c:373:sendit	32.871	26.195	32.871	getsock;m_freem;sockargs;sosend;useracc	0	2
0x11771c	_recvfrom	named	candidate	low	conflicting	darwin01:darwin01/kernel/bsd/kern/uipc_syscalls.c:724:recvfrom	12.031	12.031	12.031	copyin;recvit	0	2
0x1177b4	_recv	named	candidate	medium	single	nextmach:nextmach/mk-108.1/bsd/uipc_syscalls.c:463:recv	7.37	0	7.37	recvit	0	2
0x117810	_recvmsg	named	candidate	medium	single	nextmach:nextmach/mk-108.1/bsd/uipc_syscalls.c:485:recvmsg	18.708	12.031	18.708	copyin;recvit;useracc	0	2
0x1178dc	_recvit	named	candidate	medium	single	nextmach:nextmach/mk-108.1/bsd/uipc_syscalls.c:519:recvit	29.307	22.63	29.307	copyout;getsock;m_freem;soreceive;useracc	0	2
0x117aa0	_shutdown	named	candidate	low	conflicting	darwin01:darwin01/kernel/bsd/kern/uipc_syscalls.c:1054:shutdown	14.452	14.452	14.452	getsock;soshutdown	0	3
0x117adc	_setsockopt	named	candidate	low	conflicting	darwin01:darwin01/kernel/bsd/kern/uipc_syscalls.c:1076:setsockopt	29.158	29.158	29.158	copyin;getsock;m_free;m_get;sosetopt	0	2
0x117b9c	_getsockopt	named	candidate	low	conflicting	darwin01:darwin01/kernel/bsd/kern/uipc_syscalls.c:1113:getsockopt	28.366	28.366	28.366	copyin;copyout;getsock;m_free;sogetopt	0	2
0x117cac	_pipe	named	candidate	low	conflicting	darwin01:darwin01/kernel/bsd/kern/uipc_syscalls.c:1151:pipe	27.581	27.581	27.581	falloc;soclose;socreate;unp_connect2	0	2
0x117e60	_getsockname	named	candidate	medium	single	nextmach:nextmach/mk-108.1/bsd/uipc_syscalls.c:730:getsockname	26.039	0	26.039	copyin;copyout;getsock;m_freem;m_getclr	0	2
0x117f64	_getpeername	named	candidate	medium	single	nextmach:nextmach/mk-108.1/bsd/uipc_syscalls.c:770:getpeername	26.039	0	26.039	copyin;copyout;getsock;m_freem;m_getclr	0	2
0x11807c	_sockargs	named	candidate	low	conflicting	darwin01:darwin01/kernel/bsd/kern/uipc_syscalls.c:1342:sockargs	14.706	14.706	14.706	copyin;m_free;m_get	0	2
0x1180e8	_getsock	named	candidate	medium	single	nextmach:nextmach/mk-108.1/bsd/uipc_syscalls.c:834:getsock	6.859	0	6.859	getf	0	2
0x118118	_uipc_usrreq	named	candidate	medium	single	nextmach:nextmach/mk-108.1/bsd/uipc_usrreq.c:61:uipc_usrreq	156.676	139.739	167.831	bcopy;m_freem;panic;piusrreq;sbappend;sbappendaddr;sbappendrights;socantsendmore;uipc 1;uipc 2;uipc 3;uipc 4;unp_attach;unp_bind;unp_connect;unp_connect2;unp_detach;unp_disconnect;unp_drop;unp_internalize;unp_usrclosed	0	2
0x1185f8	_unp_attach	named	candidate	medium	single	nextmach:nextmach/mk-108.1/bsd/uipc_usrreq.c:313:unp_attach	14.21	9.814	25.41	bzero;kalloc;soreserve	0	2
0x11867c	_unp_detach	named	candidate	medium	single	nextmach:nextmach/mk-108.1/bsd/uipc_usrreq.c:349:unp_detach	38.344	34.781	42.455	kfree;m_freem;soisdisconnected;unp_disconnect;unp_drop;unp_gc	0	2
0x118708	_unp_bind	named	candidate	medium	single	nextmach:nextmach/mk-108.1/bsd/uipc_usrreq.c:370:unp_bind	18.448	6.166	18.448	m_copy;vattr_null;vn_create	0	2
0x1187a8	_unp_connect	named	candidate	medium	single	nextmach:nextmach/mk-108.1/bsd/uipc_usrreq.c:399:unp_connect	20.723	15.145	24.834	lookupname;sonewconn;unp_connect2	0	2
0x118868	_unp_connect2	named	candidate	low	conflicting	darwin01:darwin01/kernel/bsd/kern/uipc_usrreq.c:513:unp_connect2	18.282	18.282	18.282	panic;soisconnected;unp_connect2	0	2
0x1188d4	_unp_disconnect	named	candidate	medium	identical-bodies	darwin01:darwin01/kernel/bsd/kern/uipc_usrreq.c:545:unp_disconnect; nextmach:nextmach/mk-108.1/bsd/uipc_usrreq.c:471:unp_disconnect	16.895	0.0	16.895	panic;soisdisconnected;unp_disconnect	0	2
0x11895c	_unp_usrclosed	named	candidate	low	single	nextmach:nextmach/mk-108.1/bsd/uipc_usrreq.c:517:unp_usrclosed	0	0.0	0		0	1
0x118964	_unp_drop	named	candidate	medium	single	nextmach:nextmach/mk-108.1/bsd/uipc_usrreq.c:523:unp_drop	14.613	11.05	31.509	kfree;m_freem;sofree	0	2
0x118a20	_unp_externalize	named	candidate	medium	single	nextmach:nextmach/mk-108.1/bsd/uipc_usrreq.c:546:unp_externalize	34.813	18.975	34.813	panic;ufalloc;ufavail;unp_discard;unp_externalize	0	2
0x118ac8	_unp_internalize	named	candidate	medium	single	nextmach:nextmach/mk-108.1/bsd/uipc_usrreq.c:576:unp_internalize	6.859	0	6.859	getf	0	2
0x118b48	_unp_gc	named	candidate	medium	single	nextmach:nextmach/mk-108.1/bsd/uipc_usrreq.c:603:unp_gc	22.409	14.634	22.409	sbwait;unp_discard;unp_scan	0	2
0x118c90	_unp_dispose	named	candidate	low	conflicting	darwin01:darwin01/kernel/bsd/kern/uipc_usrreq.c:807:unp_dispose	7.775	7.775	7.775	unp_scan	0	2
0x118cac	_unp_scan	named	candidate	low	single	darwin01:darwin01/kernel/bsd/kern/uipc_usrreq.c:816:unp_scan	0	0	0		0	2
0x118d1c	_unp_mark	named	candidate	low	identical-bodies	darwin01:darwin01/kernel/bsd/kern/uipc_usrreq.c:846:unp_mark; nextmach:nextmach/mk-108.1/bsd/uipc_usrreq.c:691:unp_mark	0	0.0	0		0	2
0x118d38	_unp_discard	named	candidate	low	single	darwin01:darwin01/kernel/bsd/kern/uipc_usrreq.c:857:unp_discard	6.522	6.522	6.522	closef	0	2
0x118d54	_smount	named	candidate	medium	single	nextmach:nextmach/mk-108.1/bsd/vfs.c:79:smount	91.19	0.0	117.636	dnlc_purge;index;kalloc;kfree;lookupname;mount: can't remount ro\n;pn_free;pn_get;printf;strcmp;strncpy;vfs_add;vfs_lock;vfs_remove;vfs_unlock	0	1
0x119294	_sync	named	candidate	low	single	nextmach:nextmach/mk-108.1/bsd/vfs.c:404:sync	8.468	0	8.468	mfs_sync	2	2
0x1192d0	_statfs	named	candidate	medium	single	nextmach:nextmach/mk-108.1/bsd/vfs.c:426:statfs	13.353	0	17.464	cstatfs;lookupname	0	2
0x11932c	_fstatfs	named	candidate	medium	single	nextmach:nextmach/mk-108.1/bsd/vfs.c:442:fstatfs	14.164	0	14.164	cstatfs;getvnodefp	0	2
0x11937c	_cstatfs	named	candidate	medium	single	nextmach:nextmach/mk-108.1/bsd/vfs.c:455:cstatfs	8.106	0.0	8.106	bzero;copyout	0	1
0x1193d4	_unmount	named	candidate	medium	single	nextmach:nextmach/mk-108.1/bsd/vfs.c:474:unmount	32.559	12.53	36.671	dounmount;lookupname;mfs_cache_clear;suser;vm_object_cache_clear	0	2
0x119484	_dounmount	named	candidate	medium	single	nextmach:nextmach/mk-108.1/bsd/vfs.c:533:dounmount	32.754	0	36.865	dnlc_purge;kfree;vfs_lock;vfs_remove;vfs_unlock	0	2
0x1194f4	_vfssw_lookup	named	candidate	low	single	nextmach:nextmach/mk-108.1/bsd/vfs.c:594:vfssw_lookup	5.29	0.0	5.29	strcmp	0	1
0x119538	_vfs_mountroot	named	candidate	medium	single	nextmach:nextmach/mk-108.1/bsd/vfs.c:611:vfs_mountroot	34.189	3.418	55.477	kalloc;lookupname;panic;strcpy;vfs_mountroot: cannot find roo;vfs_mountroot: cannot mount ro	2	2
0x119794	_vfs_add	named	candidate	medium	single	nextmach:nextmach/mk-108.1/bsd/vfs.c:703:vfs_add	19.08	0.0	19.08	microtime;vfs_lock;vfs_unlock	0	1
0x119870	_vfs_remove	named	candidate	medium	single	nextmach:nextmach/mk-108.1/bsd/vfs.c:792:vfs_remove	39.847	0.0	39.847	microtime;panic;vfs_remove: can't find vfs in ;vfs_remove: unmounting root;vfs_remove: vfs not found;vfs_unlock	0	1
0x11991c	_vfs_lock	named	candidate	low	single	nextmach:nextmach/mk-108.1/bsd/vfs.c:853:vfs_lock	0	0.0	0		0	1
0x119940	_vfs_unlock	named	candidate	medium	single	nextmach:nextmach/mk-108.1/bsd/vfs.c:868:vfs_unlock	15.146	0.0	15.146	panic;vfs_unlock;wakeup	0	1
0x11997c	_getvfs	named	candidate	low	single	nextmach:nextmach/mk-108.1/bsd/vfs.c:885:getvfs	0	0.0	0		0	1
0x1199ac	_vafsidtovfs	named	candidate	low	single	nextmach:nextmach/mk-108.1/bsd/vfs.c:909:vafsidtovfs	0	0.0	0		0	1
0x119a20	_vfs_getmajor	named	candidate	medium	single	nextmach:nextmach/mk-108.1/bsd/vfs.c:967:vfs_getmajor	15.55	0.0	15.55	vfs_fixedmajor;vfs_getnum	0	1
0x119a94	_vfs_fixedmajor	named	candidate	low	single	nextmach:nextmach/mk-108.1/bsd/vfs.c:992:vfs_fixedmajor	0	0.0	0		0	1
0x119acc	_vfs_putmajor	named	candidate	medium	single	nextmach:nextmach/mk-108.1/bsd/vfs.c:1009:vfs_putmajor	7.775	0.0	7.775	vfs_putnum	0	1
0x119af4	_vfs_getnum	named	candidate	low	single	nextmach:nextmach/mk-108.1/bsd/vfs.c:1025:vfs_getnum	0	0.0	0		0	1
0x119b5c	_vfs_putnum	named	candidate	low	single	nextmach:nextmach/mk-108.1/bsd/vfs.c:1049:vfs_putnum	0	0.0	0		0	1
0x119b8c	_bread	named	candidate	medium	single	nextmach:nextmach/mk-108.1/bsd/vfs_bio.c:65:bread	29.62	6.166	29.62	biowait;bread;bread: size 0;getblk;panic	0	3
0x119c10	_breada	named	candidate	medium	single	nextmach:nextmach/mk-108.1/bsd/vfs_bio.c:96:breada	41.568	0	56.307	biowait;breada;breadrabp;brelse;getblk;incore;panic	0	2
0x119d88	_vnReadAhead	named	candidate	medium	single	nextmach:nextmach/mk-108.1/bsd/vfs_bio.c:213:vnReadAhead	27.627	0.0	27.627	breadrabp;brelse;getblk;incore;panic	0	1
0x119e00	_breadDirect	named	candidate	low	single	nextmach:nextmach/mk-108.1/bsd/vfs_bio.c:260:breadDirect	25.078	0.0	63.677	biowait;brelse;copy_to_phys;incore	3	1
0x11a168	_bwrite	named	candidate	medium	single	nextmach:nextmach/mk-108.1/bsd/vfs_bio.c:318:bwrite	20.104	10.85	20.104	biowait;brelse;bwrite;panic	0	2
0x11a1e0	_bdwrite	named	candidate	low	single	darwin01:darwin01/kernel/bsd/vfs/vfs_bio.c:428:bdwrite	4.684	4.684	4.684	brelse	0	2
0x11a208	_bawrite	named	candidate	low	single	darwin01:darwin01/kernel/bsd/vfs/vfs_bio.c:461:bawrite	0	0	20.104		0	2
0x11a288	_brelse	named	candidate	low	single	nextmach:nextmach/mk-108.1/bsd/vfs_bio.c:390:brelse	11.302	6.766	11.302	splhigh;splx;wakeup	1	3
0x11a394	_incore	named	candidate	low	single	darwin01:darwin01/kernel/bsd/vfs/vfs_bio.c:556:incore	0	0	0		0	2
0x11a3e8	_getblk	named	candidate	medium	single	nextmach:nextmach/mk-108.1/bsd/vfs_bio.c:481:getblk	57.297	15.949	63.058	bfree;brealloc;getblk: Illegal vnode pointer;getnewbuf;panic;printf;sleep;splhigh;splx;vp=0x%x, blkno=0x%x, size=0x%x	1	3
0x11a558	_geteblk	named	candidate	medium	single	nextmach:nextmach/mk-108.1/bsd/vfs_bio.c:539:geteblk	33.714	7.37	33.714	bfree;brealloc;geteblk: size too big;getnewbuf;panic	1	3
0x11a5e4	_brealloc	named	candidate	medium	single	nextmach:nextmach/mk-108.1/bsd/vfs_bio.c:565:brealloc	36.049	0.0	66.218	allocbuf;brealloc;brelse;panic;sleep;splhigh;splx	1	1
0x11a924	_getnewbuf	named	candidate	low	conflicting	nextmach:nextmach/mk-108.1/bsd/vfs_bio.c:656:getnewbuf	11.697	8.579	37.56	sleep;splhigh;splx	0	2
0x11aa3c	_getnewbuf_count	named	candidate	medium	single	nextmach:nextmach/mk-108.1/bsd/vfs_bio.c:690:getnewbuf_count	8.579	0.0	8.579	splbio;splx	0	1
0x11aa80	_biowait	named	candidate	medium	single	nextmach:nextmach/mk-108.1/bsd/vfs_bio.c:712:biowait	19.066	2.819	19.066	geterror;sleep;splhigh;splx	0	2
0x11aad4	_biodone	named	candidate	medium	single	nextmach:nextmach/mk-108.1/bsd/vfs_bio.c:731:biodone	15.146	6.678	22.502	dup biodone;panic;wakeup	1	2
0x11ac28	_blkflush	named	candidate	low	conflicting	nextmach:nextmach/mk-108.1/bsd/vfs_bio.c:754:blkflush	11.697	8.579	45.336	sleep;splhigh;splx	0	2
0x11adc8	_bflush	named	candidate	medium	single	nextmach:nextmach/mk-108.1/bsd/vfs_bio.c:803:bflush	7.356	0.0	33.219	splhigh;splx	0	1
0x11af0c	_brelvp_wakeup	named	unmapped	unknown	single		0.0	0.0	11.302		2	0
0x11b020	_binvalfree	named	candidate	low	single	nextmach:nextmach/mk-108.1/bsd/vfs_bio.c:836:binvalfree	7.356	0.0	33.219	splhigh;splx	1	1
0x11b158	_btrash	named	unmapped	unknown	single		0.0	0.0	7.356		1	0
0x11b1c4	_geterror	named	candidate	low	single	nextmach:nextmach/mk-108.1/bsd/vfs_bio.c:870:geterror	0	0.0	0		0	1
0x11b1e8	_binval	named	candidate	low	single	nextmach:nextmach/mk-108.1/bsd/vfs_bio.c:893:binval	0	0.0	0		1	1
0x11b244		unnamed	candidate	low	single	nextmach:nextmach/mk-108.1/bsd/vfs.c:79:smount	0	0	0		1	82
0x11b26c		unnamed	candidate	low	single	nextmach:nextmach/mk-108.1/bsd/vfs.c:79:smount	0	0	4.112		0	82
0x11b28c	_dnlc_init	named	candidate	low	single	nextmach:nextmach/mk-108.1/bsd/vfs_dnlc.c:46:dnlc_init	0	0.0	0		0	1
0x11b31c	_dnlc_enter	named	candidate	low	single	nextmach:nextmach/mk-108.1/bsd/vfs_dnlc.c:71:dnlc_enter	12.394	0.0	16.506	bcopy;crfree;kfree	1	1
0x11b4c8	_dnlc_lookupSymLink	named	candidate	low	single	nextmach:nextmach/mk-108.1/bsd/vfs_dnlc.c:175:dnlc_lookupSymLink	0	0.0	0		1	1
0x11b518	_dnlc_enterSymLink	named	candidate	low	single	nextmach:nextmach/mk-108.1/bsd/vfs_dnlc.c:194:dnlc_enterSymLink	15.958	0.0	15.958	bcmp;bcopy;kalloc;kfree	1	1
0x11b610	_dnlc_lookup	named	candidate	low	single	nextmach:nextmach/mk-108.1/bsd/vfs_dnlc.c:237:dnlc_lookup	0	0.0	0		1	1
0x11b6f0	_dnlc_remove	named	candidate	low	single	nextmach:nextmach/mk-108.1/bsd/vfs_dnlc.c:282:dnlc_remove	0	0.0	0		2	1
0x11b754	_dnlc_purge	named	candidate	medium	single	nextmach:nextmach/mk-108.1/bsd/vfs_dnlc.c:303:dnlc_purge	11.2	0.0	11.2	dnlc_purge: zero vp;panic	1	1
0x11b7ac	_dnlc_purge_vp	named	candidate	low	single	nextmach:nextmach/mk-108.1/bsd/vfs_dnlc.c:325:dnlc_purge_vp	0	0.0	0		1	1
0x11b7f8	_dnlc_purge1	named	candidate	low	single	nextmach:nextmach/mk-108.1/bsd/vfs_dnlc.c:348:dnlc_purge1	0	0.0	0		1	1
0x11b830		unnamed	candidate	low	conflicting	nextmach:nextmach/mk-108.1/bsd/vfs_dnlc.c:71:dnlc_enter	8.896	8.896	13.007	crfree;kfree	0	70
0x11b8dc		unnamed	candidate	low	single	nextmach:nextmach/mk-108.1/bsd/vfs_dnlc.c:194:dnlc_enterSymLink	5.377	5.377	5.377	bcmp	0	70
0x11b984	_vno_rw	named	candidate	medium	single	nextmach:nextmach/mk-108.1/bsd/vfs_io.c:42:vno_rw	15.145	0.0	15.145	isrofile;mfs_io	0	1
0x11ba54	_vno_ioctl	named	candidate	low	single	nextmach:nextmach/mk-108.1/bsd/vfs_io.c:87:vno_ioctl	5.983	0.0	5.983	setjmp	0	1
0x11bc10	_vno_select	named	candidate	low	single	nextmach:nextmach/mk-108.1/bsd/vfs_io.c:165:vno_select	0	0.0	0		0	1
0x11bc50	_vno_stat	named	candidate	low	single	nextmach:nextmach/mk-108.1/bsd/vfs_io.c:189:vno_stat	0	0.0	0		0	1
0x11bd6c	_vno_close	named	candidate	medium	single	nextmach:nextmach/mk-108.1/bsd/vfs_io.c:233:vno_close	15.838	0.0	19.949	vn_close;vno_bsd_unlock	0	1
0x11bdd0	_vno_lockrelease	named	candidate	low	single	nextmach:nextmach/mk-108.1/bsd/vfs_io.c:269:vno_lockrelease	0	0.0	0		0	1
0x11beb0	_vno_bsd_lock	named	candidate	medium	single	nextmach:nextmach/mk-108.1/bsd/vfs_io.c:335:vno_bsd_lock	28.894	0.0	28.894	panic;setjmp;sleep;vno_bsd_lock;vno_bsd_unlock	0	1
0x11c028	_vno_bsd_unlock	named	candidate	medium	single	nextmach:nextmach/mk-108.1/bsd/vfs_io.c:421:vno_bsd_unlock	23.614	0.0	23.614	panic;vno_bsd_unlock: EXLOCK;vno_bsd_unlock: SHLOCK;wakeup	0	1
0x11c0f8	_lookupname	named	candidate	medium	single	nextmach:nextmach/mk-108.1/bsd/vfs_lookup.c:39:lookupname	18.563	0.0	18.563	lookuppn;pn_free;pn_get	0	1
0x11c13c	_lookuppn	named	candidate	low	single	nextmach:nextmach/mk-108.1/bsd/vfs_lookup.c:69:lookuppn	39.435	0.0	51.322	pn_combine;pn_free;pn_set;pn_skipslash;sleep;strncmp	1	1
0x11c760		unnamed	candidate	medium	single	nextmach:nextmach/mk-108.1/bsd/vfs_lookup.c:370:getsymlink	78.161	26.338	78.161	bcopy;dnlc_enterSymLink;dnlc_lookupSymLink;index;pn_alloc;pn_append;pn_free;pn_getcomponent;pn_set;pn_skipslash;strcmp	0	23
0x11c97c	_pn_alloc	named	candidate	low	single	nextmach:nextmach/mk-108.1/bsd/vfs_pathname.c:47:pn_alloc	3.519	0.0	3.519	kalloc	0	1
0x11c9a0	_pn_get	named	candidate	medium	single	nextmach:nextmach/mk-108.1/bsd/vfs_pathname.c:69:pn_get	20.067	0.0	23.587	copyinstr;copystr;pn_free	0	1
0x11ca34	_pn_set	named	candidate	medium	single	nextmach:nextmach/mk-108.1/bsd/vfs_pathname.c:109:pn_set	7.082	0.0	7.082	copystr	0	1
0x11ca60	_pn_combine	named	candidate	medium	single	nextmach:nextmach/mk-108.1/bsd/vfs_pathname.c:128:pn_combine	10.868	0.0	10.868	bcopy;ovbcopy	0	1
0x11cabc	_pn_append	named	candidate	low	single	nextmach:nextmach/mk-108.1/bsd/vfs_pathname.c:148:pn_append	3.498	0.0	3.498	bcopy	0	1
0x11cb0c	_pn_getcomponent	named	candidate	low	single	nextmach:nextmach/mk-108.1/bsd/vfs_pathname.c:168:pn_getcomponent	0	0.0	0		0	1
0x11cb58	_pn_skipslash	named	candidate	low	single	nextmach:nextmach/mk-108.1/bsd/vfs_pathname.c:202:pn_skipslash	0	0.0	0		0	1
0x11cb84	_pn_free	named	candidate	low	single	nextmach:nextmach/mk-108.1/bsd/vfs_pathname.c:215:pn_free	3.563	0.0	3.563	kfree	0	1
0x11cba8	_chdir	named	candidate	medium	single	nextmach:nextmach/mk-108.1/bsd/vfs_syscalls.c:94:chdir	7.775	0	11.887	chdirec	0	2
0x11cc00	_chroot	named	candidate	medium	single	nextmach:nextmach/mk-108.1/bsd/vfs_syscalls.c:111:chroot	12.53	4.755	16.641	chdirec;suser	0	2
0x11cc68	_chdirec	named	candidate	low	single	nextmach:nextmach/mk-108.1/bsd/vfs_syscalls.c:135:chdirec	5.578	0.0	9.689	lookupname	0	1
0x11cce0	_open	named	candidate	medium	single	nextmach:nextmach/mk-108.1/bsd/vfs_syscalls.c:163:open	7.775	0	12.985	copen	0	3
0x11cd40	_creat	named	candidate	medium	single	nextmach:nextmach/mk-108.1/bsd/vfs_syscalls.c:177:creat	7.775	0.0	7.775	copen	0	1
0x11cd6c	_copen	named	candidate	medium	single	nextmach:nextmach/mk-108.1/bsd/vfs_syscalls.c:190:copen	28.435	0.0	28.435	crfree;falloc;free_file;vn_open	0	1
0x11ce68	_mknod	named	candidate	medium	single	nextmach:nextmach/mk-108.1/bsd/vfs_syscalls.c:249:mknod	17.037	4.755	21.149	suser;vattr_null;vn_create	0	2
0x11cf7c	_mkdir	named	candidate	medium	single	nextmach:nextmach/mk-108.1/bsd/vfs_syscalls.c:302:mkdir	12.282	0	16.394	vattr_null;vn_create	0	2
0x11cff8	_link	named	candidate	medium	single	nextmach:nextmach/mk-108.1/bsd/vfs_syscalls.c:323:link	8.468	0	8.468	vn_link	0	2
0x11d020	_rename	named	candidate	medium	single	nextmach:nextmach/mk-108.1/bsd/vfs_syscalls.c:336:rename	8.468	0	8.468	vn_rename	0	2
0x11d048	_symlink	named	candidate	medium	single	nextmach:nextmach/mk-108.1/bsd/vfs_syscalls.c:352:symlink	23.987	0	28.098	lookuppn;pn_free;pn_get;vattr_null	0	2
0x11d154	_unlink	named	candidate	medium	single	nextmach:nextmach/mk-108.1/bsd/vfs_syscalls.c:391:unlink	7.775	0	7.775	vn_remove	0	2
0x11d17c	_rmdir	named	candidate	medium	single	nextmach:nextmach/mk-108.1/bsd/vfs_syscalls.c:403:rmdir	7.775	0	7.775	vn_remove	0	2
0x11d1a4	_getdirentries	named	candidate	medium	single	nextmach:nextmach/mk-108.1/bsd/vfs_syscalls.c:426:getdirentries	19.355	0	19.355	copyout;getfakedirentries;getvnodefp	0	2
0x11d2c4	_getfakedirentries	named	candidate	medium	single	nextmach:nextmach/mk-108.1/bsd/vfs_syscalls.c:490:getfakedirentries	18.202	0.0	18.202	kalloc;kfree;strcpy;uiomove	0	1
0x11d558	_lseek	named	candidate	low	single	nextmach:nextmach/mk-108.1/bsd/vfs_syscalls.c:605:lseek	6.389	0	6.389	getvnodefp	0	3
0x11d690	_access	named	candidate	medium	single	nextmach:nextmach/mk-108.1/bsd/vfs_syscalls.c:658:access	13.353	0	17.464	isrofile;lookupname	0	2
0x11d790	_stat	named	candidate	medium	single	nextmach:nextmach/mk-108.1/bsd/vfs_syscalls.c:719:stat	7.775	0	7.775	stat1	0	2
0x11d7b4	_lstat	named	candidate	medium	single	nextmach:nextmach/mk-108.1/bsd/vfs_syscalls.c:726:lstat	7.775	0	7.775	stat1	0	2
0x11d7d8	_stat1	named	candidate	medium	single	nextmach:nextmach/mk-108.1/bsd/vfs_syscalls.c:733:stat1	17.851	0.0	21.962	copyout;lookupname;vno_stat	0	1
0x11d838	_readlink	named	candidate	low	single	nextmach:nextmach/mk-108.1/bsd/vfs_syscalls.c:760:readlink	5.578	0	9.689	lookupname	0	2
0x11d8f4	_chmod	named	candidate	medium	single	nextmach:nextmach/mk-108.1/bsd/vfs_syscalls.c:796:chmod	12.282	0	12.282	namesetattr;vattr_null	0	2
0x11d938	_fchmod	named	candidate	medium	single	nextmach:nextmach/mk-108.1/bsd/vfs_syscalls.c:812:fchmod	13.199	0	13.199	fdsetattr;vattr_null	0	2
0x11d978	_chown	named	candidate	medium	single	nextmach:nextmach/mk-108.1/bsd/vfs_syscalls.c:828:chown	12.282	0	12.282	namesetattr;vattr_null	0	2
0x11d9c0	_fchown	named	candidate	medium	single	nextmach:nextmach/mk-108.1/bsd/vfs_syscalls.c:846:fchown	13.199	0	13.199	fdsetattr;vattr_null	0	2
0x11da08	_utimes	named	candidate	medium	single	nextmach:nextmach/mk-108.1/bsd/vfs_syscalls.c:864:utimes	16.944	4.662	16.944	copyin;namesetattr;vattr_null	0	2
0x11da80	__utime	named	unmapped	unknown	single		0.0	0.0	27.327		0	0
0x11db6c	_truncate	named	candidate	medium	single	nextmach:nextmach/mk-108.1/bsd/vfs_syscalls.c:885:truncate	12.282	0	12.282	namesetattr;vattr_null	0	2
0x11dbb8	_ftruncate	named	candidate	medium	single	nextmach:nextmach/mk-108.1/bsd/vfs_syscalls.c:905:ftruncate	11.812	0	11.812	getvnodefp;vattr_null	0	2
0x11dc54	_namesetattr	named	candidate	low	single	nextmach:nextmach/mk-108.1/bsd/vfs_syscalls.c:939:namesetattr	5.578	0.0	9.689	lookupname	0	1
0x11dcbc	_fdsetattr	named	candidate	low	single	nextmach:nextmach/mk-108.1/bsd/vfs_syscalls.c:964:fdsetattr	6.389	0.0	6.389	getvnodefp	0	1
0x11dd08	_fsync	named	candidate	medium	single	nextmach:nextmach/mk-108.1/bsd/vfs_syscalls.c:985:fsync	13.248	0	13.248	getvnodefp;mfs_fsync	0	2
0x11dd64	_umask	named	candidate	low	single	darwin01:darwin01/kernel/bsd/vfs/vfs_syscalls.c:2478:umask	0	0	0		0	2
0x11dd98	_vhangup	named	candidate	medium	single	nextmach:nextmach/mk-108.1/bsd/vfs_syscalls.c:1020:vhangup	18.513	0.0	18.513	forceclose;gsignal;suser	0	1
0x11ddec	_forceclose	named	candidate	low	single	nextmach:nextmach/mk-108.1/bsd/vfs_syscalls.c:1031:forceclose	0	0.0	0		0	1
0x11de44	_getvnodefp	named	candidate	medium	single	nextmach:nextmach/mk-108.1/bsd/vfs_syscalls.c:1069:getvnodefp	6.859	0.0	6.859	getf	0	1
0x11de7c	_vn_rdwr	named	candidate	medium	single	nextmach:nextmach/mk-108.1/bsd/vfs_vnode.c:45:vn_rdwr	22.109	7.37	22.109	map_vnode;mfs_io;unmap_vnode	0	2
0x11df54	_vn_rele	named	candidate	medium	single	nextmach:nextmach/mk-108.1/bsd/vfs_vnode.c:92:vn_rele	9.408	0.0	9.408	panic;vn_rele	0	1
0x11df9c	_vn_open	named	candidate	medium	single	nextmach:nextmach/mk-108.1/bsd/vfs_vnode.c:111:vn_open	30.865	13.005	40.273	lookupname;map_vnode;vattr_null;vn_create;vnode_uncache	0	2
0x11e204	_vn_create	named	candidate	medium	single	nextmach:nextmach/mk-108.1/bsd/vfs_vnode.c:281:vn_create	24.198	0.0	33.606	lookuppn;pn_free;pn_get;vnode_uncache	0	1
0x11e474	_vn_close	named	candidate	medium	single	nextmach:nextmach/mk-108.1/bsd/vfs_vnode.c:418:vn_close	21.598	7.37	21.598	fspause;mfs_fsync;unmap_vnode	0	2
0x11e510	_vn_link	named	candidate	medium	single	nextmach:nextmach/mk-108.1/bsd/vfs_vnode.c:452:vn_link	24.141	0.0	33.549	lookupname;lookuppn;pn_free;pn_get	0	1
0x11e658	_vn_rename	named	candidate	medium	single	nextmach:nextmach/mk-108.1/bsd/vfs_vnode.c:501:vn_rename	24.198	0.0	33.606	lookuppn;pn_free;pn_get;vnode_uncache	0	1
0x11e83c	_vn_remove	named	candidate	medium	single	nextmach:nextmach/mk-108.1/bsd/vfs_vnode.c:580:vn_remove	24.198	0.0	33.606	lookuppn;pn_free;pn_get;vnode_uncache	0	1
0x11ea5c	_isrofile	named	candidate	low	single	nextmach:nextmach/mk-108.1/bsd/vfs_vnode.c:673:isrofile	0	0.0	0		0	1
0x11ea88	_vattr_null	named	candidate	low	single	darwin01:darwin01/kernel/bsd/vfs/vfs_subr.c:363:vattr_null	0	0	0		0	2
0x11eaa4	_ustat	named	candidate	medium	single	nextmach:nextmach/mk-108.1/bsd/vfs_xxx.c:35:ustat	16.575	0.0	16.575	bzero;copyout;vafsidtovfs	0	1
0x11eb50	_physio	named	candidate	medium	single	nextmach:nextmach/mk-108.1/bsd/vm_swp.c:246:physio	56.318	36.139	56.318	geterror;physstrat;sleep;splbio;splx;useracc;vslock;vsunlock;wakeup	0	2
0x11ed10	_physstrat	named	candidate	medium	single	nextmach:nextmach/mk-108.1/next/machdep.c:1477:physstrat	12.92	0.0	12.92	sleep;splbio;splx	0	1
0x11ed58	_null_init	named	candidate	low	single	nextmach:nextmach/mk-108.1/net/af.c:55:null_init	0	0.0	0		0	1
0x11ed88	_null_hash	named	candidate	low	single	nextmach:nextmach/mk-108.1/net/af.c:67:null_hash	0	0.0	0		0	1
0x11eda0	_null_netmatch	named	candidate	low	single	nextmach:nextmach/mk-108.1/net/af.c:76:null_netmatch	0	0.0	0		0	1
0x11edac	_ifinit	named	candidate	low	single	darwin01:darwin01/kernel/bsd/net/if.c:98:ifinit	0	0	0		0	2
0x11edb4	_ifa_ifwithaddr	named	candidate	low	single	darwin01:darwin01/kernel/bsd/net/if.c:190:ifa_ifwithaddr	5.377	5.377	5.377	bcmp	0	2
0x11ee2c	_ifa_ifwithdstaddr	named	candidate	low	single	darwin01:darwin01/kernel/bsd/net/if.c:215:ifa_ifwithdstaddr	0	0	5.377		0	2
0x11ee90	_ifa_ifwithnet	named	candidate	low	single	darwin01:darwin01/kernel/bsd/net/if.c:238:ifa_ifwithnet	0	0	0		0	2
0x11eef8	_ifb_ifwithaf	named	candidate	low	single	nextmach:nextmach/mk-108.1/net/if.c:229:ifb_ifwithaf	0	0.0	0		0	1
0x11ef04	_if_down	named	candidate	medium	single	darwin01:darwin01/kernel/bsd/net/if.c:366:if_down	14.452	7.082	14.452	if_qflush;pfctlinput	0	2
0x11ef3c	_if_qflush	named	candidate	low	single	darwin01:darwin01/kernel/bsd/net/if.c:405:if_qflush	4.374	0.0	4.374	m_freem	0	1
0x11ef78	_if_down_all	named	candidate	medium	single	darwin01:darwin01/kernel/bsd/net/if.c:750:if_down_all	7.791	0.0	22.242	splnet;splx	0	1
0x11efd4	_ifunit	named	candidate	low	single	darwin01:darwin01/kernel/bsd/net/if.c:447:ifunit	5.377	5.377	5.377	bcmp	0	2
0x11f060	_ifioctl	named	candidate	medium	single	nextmach:nextmach/mk-108.1/net/if.c:309:ifioctl	35.812	20.485	55.641	arpioctl;if_ioctl;ifconf;splimp;splx;suser	0	2
0x11f30c	_ifconf	named	candidate	medium	single	nextmach:nextmach/mk-108.1/net/if.c:403:ifconf	11.605	8.106	11.605	bcopy;bzero;copyout	0	2
0x11f424	_address_known	named	candidate	low	single	nextmach:nextmach/mk-108.1/net/if.c:440:address_known	0	0.0	0		0	1
0x11f43c	_logetbuf	named	candidate	medium	single	nextmach:nextmach/mk-108.1/net/if_loop.c:38:logetbuf	7.37	0.0	7.37	nb_alloc	0	1
0x11f450	_looutput	named	candidate	medium	single	nextmach:nextmach/mk-108.1/net/if_loop.c:46:looutput	39.383	0	39.383	if_ipackets;if_ipackets_set;if_opackets;if_opackets_set;inet_queue;nb_free	0	3
0x11f4a0	_locontrol	named	candidate	medium	single	nextmach:nextmach/mk-108.1/net/if_loop.c:72:locontrol	19.519	0.0	33.682	if_flags;if_flags_set;strcmp	0	1
0x11f51c	_loattach	named	candidate	low	conflicting	nextmach:nextmach/mk-108.1/net/if_loop.c:91:loattach	7.082	7.082	14.452	if_attach	0	2
0x11f560	_VENIP_PRIVATE	named	candidate	low	single	nextmach:nextmach/mk-108.1/net/if_venip.c:45:VENIP_PRIVATE	5.578	0.0	5.578	if_private	0	1
0x11f570	_VENIP_ENADDRP	named	candidate	low	single	nextmach:nextmach/mk-108.1/net/if_venip.c:51:VENIP_ENADDRP	0	0.0	5.578		0	1
0x11f580	_VENIP_IPADDR	named	candidate	low	single	nextmach:nextmach/mk-108.1/net/if_venip.c:57:VENIP_IPADDR	0	0.0	5.578		0	1
0x11f594	_VENIP_RIF	named	candidate	low	single	nextmach:nextmach/mk-108.1/net/if_venip.c:63:VENIP_RIF	0	0.0	5.578		0	1
0x11f5a8		unnamed	candidate	medium	single	nextmach:nextmach/mk-108.1/net/if_venip.c:117:venip_control	57.188	19.519	91.669	arpwhohas;if_control;if_flags;if_flags_set;if_init;in_bootp;splimp;splx;strcmp	0	62
0x11f704		unnamed	candidate	medium	single	nextmach:nextmach/mk-108.1/net/if_venip.c:269:venip_input	61.723	26.184	83.929	arpinput;if_flags;if_ipackets;if_ipackets_set;inet_queue;nb_free;nb_read;nb_shrink_top;nb_size	0	62
0x11f968	_venip_config	named	candidate	medium	single	nextmach:nextmach/mk-108.1/net/if_venip.c:370:venip_config	7.775	0.0	7.775	if_registervirtual	0	1
0x11f97c		unnamed	candidate	medium	single	nextmach:nextmach/mk-108.1/net/if_venip.c:337:venip_attach	52.895	7.082	80.294	IP protocol enabled for interf;if_attach;if_control;if_name;if_type;if_unit;kalloc;printf	0	62
0x11fa48		unnamed	candidate	medium	single	nextmach:nextmach/mk-108.1/net/if_venip.c:70:venip_output	65.732	19.102	71.31	arpresolve;bcopy;if_oerrors;if_oerrors_set;if_opackets;if_opackets_set;if_output;nb_free;nb_grow_top;nb_write	0	62
0x11fb48		unnamed	candidate	medium	single	nextmach:nextmach/mk-108.1/net/if_venip.c:253:venip_getbuf	14.228	6.859	19.806	if_getbuf;nb_shrink_top	0	62
0x11fb84	_SRHash	named	unmapped	unknown	single		0.0	0.0	7.082		0	0
0x11fbb4	_SRIsEqual	named	unmapped	unknown	single		0.0	0.0	0		0	0
0x11fbdc		unnamed	candidate	medium	single	nextmach:nextmach/mk-108.1/net/if_venip.c:70:venip_output	65.732	19.102	77.832	arpresolve;bcopy;if_oerrors;if_oerrors_set;if_opackets;if_opackets_set;if_output;nb_free;nb_grow_top;nb_write	0	62
0x11fddc		unnamed	candidate	medium	single	nextmach:nextmach/mk-108.1/net/if_venip.c:269:venip_input	61.723	26.184	157.438	arpinput;if_flags;if_ipackets;if_ipackets_set;inet_queue;nb_free;nb_read;nb_shrink_top;nb_size	0	62
0x120458		unnamed	candidate	medium	single	nextmach:nextmach/mk-108.1/net/if_venip.c:337:venip_attach	44.427	7.082	103.619	if_attach;if_control;if_name;if_type;if_unit;kalloc;printf	0	62
0x120614	_vtrip_config	named	unmapped	unknown	single		0.0	0.0	7.775		0	0
0x120648		unnamed	candidate	medium	single	nextmach:nextmach/mk-108.1/net/if_venip.c:117:venip_control	49.926	19.519	69.955	arpwhohas;if_control;if_flags;if_flags_set;if_init;in_bootp;strcmp	0	62
0x12075c		unnamed	candidate	low	conflicting	nextmach:nextmach/mk-108.1/net/if_venip.c:253:venip_getbuf	14.228	13.13	40.711	if_getbuf;nb_shrink_top	0	62
0x1207bc	_nullsap_input	named	unmapped	unknown	single		0.0	0.0	55.685		4	0
0x120950		unnamed	candidate	low	single	darwin01:darwin01/kernel/bsd/net/if_loop.c:116:loopattach	0	0	0		0	62
0x120968		unnamed	candidate	low	conflicting	nextmach:nextmach/mk-108.1/net/if_venip.c:70:venip_output	16.771	16.628	43.542	bcopy;if_output;nb_free	0	62
0x1209ec	_nb_alloc	named	candidate	low	conflicting	darwin01:darwin01/kernel/bsd/net/netbuf.c:87:nb_alloc	11.988	11.988	15.551	kalloc;nb_alloc_wrapper	0	3
0x120a38	_nb_alloc_wrapper	named	candidate	medium	single	darwin01:darwin01/kernel/bsd/net/netbuf.c:150:nb_alloc_wrapper; nextmach:nextmach/mk-108.1/net/netbuf.c:61:nb_alloc_wrapper	6.859	0	6.859	mclgetx	0	3
0x120a5c	_nb_map	named	candidate	low	single	darwin01:darwin01/kernel/bsd/net/netbuf.c:166:nb_map; nextmach:nextmach/mk-108.1/net/netbuf.c:78:nb_map	0	0	0		0	3
0x120a6c	_nb_free	named	candidate	low	single	darwin01:darwin01/kernel/bsd/net/netbuf.c:172:nb_free	4.374	0	4.374	m_freem	0	3
0x120a7c	_nb_free_wrapper	named	candidate	low	single	nextmach:nextmach/mk-108.1/net/netbuf.c:93:nb_free_wrapper	4.755	0	4.755	m_free	0	2
0x120a9c	_nb_size	named	candidate	low	single	darwin01:darwin01/kernel/bsd/net/netbuf.c:178:nb_size; nextmach:nextmach/mk-108.1/net/netbuf.c:104:nb_size	0	0	0		0	3
0x120aac	_nb_read	named	candidate	low	identical-bodies	darwin01:darwin01/kernel/bsd/net/netbuf.c:184:nb_read; nextmach:nextmach/mk-108.1/net/netbuf.c:110:nb_read	3.498	0.0	3.498	bcopy	0	2
0x120aec	_nb_write	named	candidate	low	identical-bodies	darwin01:darwin01/kernel/bsd/net/netbuf.c:198:nb_write; nextmach:nextmach/mk-108.1/net/netbuf.c:124:nb_write	3.498	0.0	3.498	bcopy	0	2
0x120b2c	_nb_shrink_top	named	candidate	low	single	darwin01:darwin01/kernel/bsd/net/netbuf.c:214:nb_shrink_top	0	0	0		0	3
0x120b44	_nb_grow_top	named	candidate	low	single	darwin01:darwin01/kernel/bsd/net/netbuf.c:224:nb_grow_top	0	0	0		0	3
0x120b5c	_nb_shrink_bot	named	candidate	low	single	darwin01:darwin01/kernel/bsd/net/netbuf.c:234:nb_shrink_bot; nextmach:nextmach/mk-108.1/net/netbuf.c:158:nb_shrink_bot	0	0	0		0	3
0x120b70	_nb_grow_bot	named	candidate	low	single	darwin01:darwin01/kernel/bsd/net/netbuf.c:244:nb_grow_bot; nextmach:nextmach/mk-108.1/net/netbuf.c:168:nb_grow_bot	0	0	0		0	3
0x120b84		unnamed	candidate	low	single	darwin01:darwin01/kernel/bsd/net/netbuf.c:59:nb_alloc_free	3.563	3.563	3.563	kfree	0	103
0x120b98	_if_output	named	candidate	low	single	darwin01-dk:darwin01/driverkit-1/tests/netif.m:67:if_output	0	0	0		0	2
0x120bc0	_if_control	named	candidate	low	single	darwin01-dk:darwin01/driverkit-1/tests/netif.m:89:if_control	0	0	0		0	2
0x120be8	_if_ioctl	named	candidate	low	single	darwin01-dk:darwin01/driverkit-1/tests/netif.m:100:if_ioctl	0	0	51.417		0	2
0x120cb8	_if_init	named	candidate	low	single	darwin01-dk:darwin01/driverkit-1/tests/netif.m:78:if_init	0	0	0		0	2
0x120cd8	_if_getbuf	named	candidate	low	single	darwin01-dk:darwin01/driverkit-1/tests/netif.m:139:if_getbuf	0	0	0		0	2
0x120cf4	_if_private	named	candidate	low	identical-bodies	darwin01-dk:darwin01/driverkit-1/tests/netif.m:202:if_private; nextmach:nextmach/mk-108.1/net/netif.c:149:if_private	0	0.0	0		0	2
0x120d04	_if_unit	named	candidate	low	identical-bodies	darwin01-dk:darwin01/driverkit-1/tests/netif.m:210:if_unit; nextmach:nextmach/mk-108.1/net/netif.c:157:if_unit	0	0.0	0		0	2
0x120d14	_if_name	named	candidate	low	identical-bodies	darwin01-dk:darwin01/driverkit-1/tests/netif.m:218:if_name; nextmach:nextmach/mk-108.1/net/netif.c:165:if_name	0	0.0	0		0	2
0x120d20	_if_type	named	candidate	low	identical-bodies	darwin01-dk:darwin01/driverkit-1/tests/netif.m:226:if_type; nextmach:nextmach/mk-108.1/net/netif.c:173:if_type	0	0.0	0		0	2
0x120d30	_if_mtu	named	candidate	low	identical-bodies	darwin01-dk:darwin01/driverkit-1/tests/netif.m:234:if_mtu; nextmach:nextmach/mk-108.1/net/netif.c:181:if_mtu	0	0.0	0		0	2
0x120d40	_if_class	named	unmapped	unknown	single		0.0	0.0	0		0	0
0x120d50	_if_flags	named	candidate	low	identical-bodies	darwin01-dk:darwin01/driverkit-1/tests/netif.m:242:if_flags; nextmach:nextmach/mk-108.1/net/netif.c:189:if_flags	0	0.0	0		0	2
0x120d60	_if_opackets	named	candidate	low	identical-bodies	darwin01-dk:darwin01/driverkit-1/tests/netif.m:250:if_opackets; nextmach:nextmach/mk-108.1/net/netif.c:197:if_opackets	0	0.0	0		0	2
0x120d70	_if_ipackets	named	candidate	low	identical-bodies	darwin01-dk:darwin01/driverkit-1/tests/netif.m:258:if_ipackets; nextmach:nextmach/mk-108.1/net/netif.c:205:if_ipackets	0	0.0	0		0	2
0x120d80	_if_oerrors	named	candidate	low	identical-bodies	darwin01-dk:darwin01/driverkit-1/tests/netif.m:266:if_oerrors; nextmach:nextmach/mk-108.1/net/netif.c:213:if_oerrors	0	0.0	0		0	2
0x120d90	_if_ierrors	named	candidate	low	identical-bodies	darwin01-dk:darwin01/driverkit-1/tests/netif.m:274:if_ierrors; nextmach:nextmach/mk-108.1/net/netif.c:221:if_ierrors	0	0.0	0		0	2
0x120da0	_if_collisions	named	candidate	low	identical-bodies	darwin01-dk:darwin01/driverkit-1/tests/netif.m:282:if_collisions; nextmach:nextmach/mk-108.1/net/netif.c:229:if_collisions	0	0.0	0		0	2
0x120db0	_if_flags_set	named	candidate	low	identical-bodies	darwin01-dk:darwin01/driverkit-1/tests/netif.m:290:if_flags_set; nextmach:nextmach/mk-108.1/net/netif.c:237:if_flags_set	0	0.0	0		0	2
0x120dc4	_if_opackets_set	named	candidate	low	identical-bodies	darwin01-dk:darwin01/driverkit-1/tests/netif.m:299:if_opackets_set; nextmach:nextmach/mk-108.1/net/netif.c:246:if_opackets_set	0	0.0	0		0	2
0x120dd4	_if_ipackets_set	named	candidate	low	identical-bodies	darwin01-dk:darwin01/driverkit-1/tests/netif.m:308:if_ipackets_set; nextmach:nextmach/mk-108.1/net/netif.c:255:if_ipackets_set	0	0.0	0		0	2
0x120de4	_if_oerrors_set	named	candidate	low	identical-bodies	darwin01-dk:darwin01/driverkit-1/tests/netif.m:317:if_oerrors_set; nextmach:nextmach/mk-108.1/net/netif.c:264:if_oerrors_set	0	0.0	0		0	2
0x120df4	_if_ierrors_set	named	candidate	low	identical-bodies	darwin01-dk:darwin01/driverkit-1/tests/netif.m:326:if_ierrors_set; nextmach:nextmach/mk-108.1/net/netif.c:273:if_ierrors_set	0	0.0	0		0	2
0x120e04	_if_collisions_set	named	candidate	low	identical-bodies	darwin01-dk:darwin01/driverkit-1/tests/netif.m:335:if_collisions_set; nextmach:nextmach/mk-108.1/net/netif.c:282:if_collisions_set	0	0.0	0		0	2
0x120e14	_iflist_first	named	unmapped	unknown	single		0.0	0.0	0		0	0
0x120e20	_iflist_next	named	unmapped	unknown	single		0.0	0.0	0		0	0
0x120e30	_if_detach	named	candidate	low	single	nextmach:nextmach/mk-108.1/net/if.c:115:if_detach	0	0.0	7.775		0	1
0x120e8c	_if_attach	named	candidate	medium	single	nextmach:nextmach/mk-108.1/net/netif.c:304:if_attach	7.128	3.608	21.579	bzero;kalloc	0	4
0x120ff4	_if_registervirtual	named	candidate	low	single	nextmach:nextmach/mk-108.1/net/netif.c:353:if_registervirtual	3.519	0	3.519	kalloc	0	2
0x121060	_if_handle_input	named	candidate	low	single	nextmach:nextmach/mk-108.1/net/netif.c:382:if_handle_input	5.903	0	5.903	nb_free	0	2
0x1210b8	_mbuf_read	named	candidate	low	single	nextmach:nextmach/mk-108.1/net/netif.c:404:mbuf_read	3.498	0.0	3.498	bcopy	0	1
0x121138	_if_output_mbuf	named	candidate	medium	single	nextmach:nextmach/mk-108.1/net/netif.c:440:if_output_mbuf	23.775	0.0	27.273	m_freem;nb_map;nb_shrink_bot;nb_size	0	1
0x12125c		unnamed	candidate	low	single	darwin01:darwin01/kernel/bsd/net/if.c:98:ifinit	0	0	0		0	63
0x121268		unnamed	candidate	low	single	darwin01:darwin01/kernel/bsd/net/if.c:98:ifinit	0	0	0		0	63
0x121274	_netisr_thread_continue	named	candidate	medium	single	darwin01:darwin01/kernel/bsd/net/netisr.c:61:netisr_thread_continue	24.063	0.0	32.531	assert_wait;ipintr;splnet;thread_block_with_continuation	0	1
0x1212d0	_netisr_thread	named	candidate	medium	single	darwin01:darwin01/kernel/bsd/net/netisr.c:140:netisr_thread	19.784	7.775	19.784	stack_privilege;thread_bind;thread_block_with_continuation	0	2
0x121300	_raw_attach	named	candidate	medium	single	nextmach:nextmach/mk-108.1/net/raw_cb.c:54:raw_attach	25.218	0	25.218	m_free;m_getclr;sbrelease;sbreserve	0	2
0x1213bc	_raw_detach	named	candidate	medium	single	nextmach:nextmach/mk-108.1/net/raw_cb.c:88:raw_detach	17.121	11.05	32.265	m_freem;rtfree;sofree	0	2
0x12143c	_raw_disconnect	named	candidate	low	single	darwin01:darwin01/kernel/bsd/net/raw_cb.c:141:raw_disconnect	4.374	0	32.265	m_freem	0	2
0x1214c8	_raw_bind	named	candidate	medium	single	nextmach:nextmach/mk-108.1/net/raw_cb.c:115:raw_bind	10.357	0	10.357	bcopy;ifa_ifwithaddr	0	2
0x121530	_raw_connaddr	named	candidate	low	single	nextmach:nextmach/mk-108.1/net/raw_cb.c:155:raw_connaddr	3.498	0.0	3.498	bcopy	0	1
0x121554	_raw_init	named	candidate	low	single	darwin01:darwin01/kernel/bsd/net/raw_usrreq.c:80:raw_init	0	0	0		0	2
0x12157c	_raw_input	named	candidate	medium	single	nextmach:nextmach/mk-108.1/net/raw_usrreq.c:50:raw_input	16.926	4.374	20.873	m_freem;m_get;splimp;splx	0	2
0x121654	_rawintr	named	candidate	medium	single	nextmach:nextmach/mk-108.1/net/raw_usrreq.c:95:rawintr	35.303	0.0	41.286	bcmp;m_copy;m_free;m_freem;sbappendaddr;splimp;splx	0	1
0x121814	_raw_ctlinput	named	candidate	low	identical-bodies	darwin01:darwin01/kernel/bsd/net/raw_usrreq.c:157:raw_ctlinput; nextmach:nextmach/mk-108.1/net/raw_usrreq.c:156:raw_ctlinput	0	0.0	0		0	2
0x12181c	_raw_usrreq	named	candidate	medium	single	nextmach:nextmach/mk-108.1/net/raw_usrreq.c:167:raw_usrreq	88.642	80.174	88.642	bcopy;m_freem;panic;raw_attach;raw_bind;raw_connaddr;raw_detach;raw_disconnect;raw_usrreq;socantsendmore;sofree;soisconnected;soisdisconnected	0	2
0x121a3c	_rtalloc	named	candidate	medium	single	nextmach:nextmach/mk-108.1/net/route.c:45:rtalloc	13.168	0	13.168	bcmp;splnet;splx	0	2
0x121ba0	_rtfree	named	candidate	medium	single	nextmach:nextmach/mk-108.1/net/route.c:105:rtfree	15.261	10.507	15.261	m_free;panic;rtfree	0	2
0x121bdc	_rtredirect	named	candidate	medium	single	nextmach:nextmach/mk-108.1/net/route.c:127:rtredirect	33.497	19.606	48.759	bcmp;ifa_ifwithaddr;ifa_ifwithnet;rtalloc;rtinit	0	2
0x121d6c	_rtioctl	named	candidate	medium	single	nextmach:nextmach/mk-108.1/net/route.c:204:rtioctl	12.124	0	12.124	rtrequest;suser	0	2
0x121db0	_rtrequest	named	candidate	medium	single	nextmach:nextmach/mk-108.1/net/route.c:221:rtrequest	38.905	2.819	44.282	ifa_ifwithaddr;ifa_ifwithdstaddr;ifa_ifwithnet;m_free;m_get;splimp;splx	0	2
0x122050	_rtinit	named	candidate	medium	single	nextmach:nextmach/mk-108.1/net/route.c:341:rtinit	10.978	7.37	10.978	bzero;rtrequest	0	2
0x1220b4	_arptimer	named	candidate	low	conflicting	darwin01:darwin01/kernel/bsd/netinet/if_ether.c:141:arptimer	14.452	14.452	14.452	arptfree;timeout	0	2
0x122134	_arpwhohas	named	candidate	medium	single	nextmach:nextmach/mk-108.1/netinet/if_ether.c:219:arpwhohas	15.465	0	15.465	bcopy;if_output_mbuf;m_get	0	2
0x122250	_arpresolve	named	candidate	medium	single	nextmach:nextmach/mk-108.1/netinet/if_ether.c:366:arpresolve	56.518	7.872	68.485	arpresolve: no free entry;arptnew;bcopy;in_broadcast;in_lnaof;looutput;m_freem;panic;splimp;splx	0	2
0x1226cc	_arpinput	named	candidate	medium	single	nextmach:nextmach/mk-108.1/netinet/if_ether.c:520:arpinput	12.842	0.0	16.34	in_arpinput;m_freem	0	1
0x122764	_in_arpinput	named	candidate	medium	single	nextmach:nextmach/mk-108.1/netinet/if_ether.c:616:in_arpinput	82.888	35.563	82.888	%s: %s\n;arp: ether address is broadcas;arptnew;bcmp;bcopy;bzero;duplicate IP address!! sent fr;ether_sprintf;if_output_mbuf;log;m_copy;m_freem;splimp;splx	0	2
0x122be8	_arptfree	named	candidate	medium	single	nextmach:nextmach/mk-108.1/netinet/if_ether.c:880:arptfree	11.636	0	11.636	m_freem;splimp;splx	0	2
0x122c2c	_arptnew	named	candidate	low	single	nextmach:nextmach/mk-108.1/netinet/if_ether.c:902:arptnew	5.983	0.0	17.619	timeout	0	1
0x122d1c	_arpioctl	named	candidate	medium	single	nextmach:nextmach/mk-108.1/netinet/if_ether.c:941:arpioctl	18.13	0	28.487	bcopy;ifa_ifwithnet;splimp;splx	0	2
0x123130	_revarpinput	named	candidate	medium	single	nextmach:nextmach/mk-108.1/netinet/if_ether.c:1113:revarpinput	37.551	4.374	59.685	bcmp;bcopy;m_freem;printf;revarp reply to %X from %X\n;revarp: can't find ifaddr\n;wakeup	0	2
0x123380	_localetheraddr	named	candidate	medium	identical-bodies	darwin01:darwin01/kernel/bsd/net/if_ethersubr.c:916:localetheraddr; nextmach:nextmach/mk-108.1/netinet/if_ether.c:1199:localetheraddr	19.662	0.0	19.662	Ethernet address = %s\n;ether_sprintf;printf	0	2
0x1233f4	_ether_sprintf	named	candidate	medium	single	nextmach:nextmach/mk-108.1/netinet/if_ether.c:1221:ether_sprintf; mach4:mach4/kernel/device/subrs.c:60:ether_sprintf	7.775	0	7.775	0123456789abcdef	0	3
0x123440	_inet_hash	named	candidate	low	single	nextmach:nextmach/mk-108.1/netinet/in.c:49:inet_hash	6.676	0.0	6.676	in_netof	0	1
0x123478	_inet_netmatch	named	candidate	low	single	nextmach:nextmach/mk-108.1/netinet/in.c:63:inet_netmatch	6.676	0.0	6.676	in_netof	0	1
0x1234ac	_in_makeaddr	named	candidate	low	single	nextmach:nextmach/mk-108.1/netinet/in.c:74:in_makeaddr	0	0.0	0		0	1
0x123514	_in_netof	named	candidate	low	single	darwin01:darwin01/kernel/bsd/netinet/in.c:124:in_netof	0	0	0		0	2
0x12359c	_in_lnaof	named	candidate	low	single	nextmach:nextmach/mk-108.1/netinet/in.c:130:in_lnaof	0	0.0	0		0	1
0x123640	_in_localaddr	named	candidate	low	single	darwin01:darwin01/kernel/bsd/netinet/in.c:163:in_localaddr; nextmach:nextmach/mk-108.1/netinet/in.c:169:in_localaddr	0	0	0		0	3
0x1236a4	_in_canforward	named	candidate	low	single	darwin01:darwin01/kernel/bsd/netinet/in.c:187:in_canforward	0	0	0		0	2
0x1236e0	_in_control	named	candidate	medium	single	nextmach:nextmach/mk-108.1/netinet/in.c:219:in_control	44.48	34.813	52.948	if_ioctl;in_control;in_ifinit;m_getclr;panic;rtinit;suser	0	2
0x123adc	_in_ifinit	named	candidate	low	conflicting	nextmach:nextmach/mk-108.1/netinet/in.c:401:in_ifinit	25.099	22.407	32.874	bzero;if_ioctl;rtinit;splimp;splx	0	2
0x123d50	_in_iaonnetof	named	candidate	low	single	nextmach:nextmach/mk-108.1/netinet/in.c:495:in_iaonnetof	0	0.0	0		0	1
0x123d74	_in_broadcast	named	candidate	low	single	darwin01:darwin01/kernel/bsd/netinet/in.c:609:in_broadcast	0	0	0		0	2
0x123dc4	_inet_ntoa	named	candidate	low	single	darwin01:darwin01/kernel/bsd/netinet/in.c:86:inet_ntoa	0	0	0		0	2
0x123e8c	_inet_queue	named	candidate	medium	single	nextmach:nextmach/mk-108.1/netinet/in.c:573:inet_queue	11.636	0.0	29.527	m_freem;splimp;splx	0	1
0x123fc0	_in_addmulti	named	candidate	medium	single	darwin01:darwin01/kernel/bsd/netinet/in.c:644:in_addmulti	16.259	0.0	34.395	igmp_joingroup;splnet;splx	0	1
0x1240d4	_in_delmulti	named	candidate	medium	single	darwin01:darwin01/kernel/bsd/netinet/in.c:711:in_delmulti	16.259	0.0	27.873	igmp_leavegroup;splnet;splx	0	1
0x124154	_in_bootp	named	candidate	low	conflicting	darwin01:darwin01/kernel/bsd/netinet/in_bootp.c:138:in_bootp	24.116	24.116	24.116	bcopy;ifioctl;kalloc;kfree;soclose	9	2
0x124338		unnamed	candidate	low	conflicting	darwin01:darwin01/kernel/bsd/netinet/in_bootp.c:256:in_bootp_initnet	34.177	34.177	34.177	bzero;ifioctl;m_freem;m_get;sobind;socreate	0	84
0x1244a0		unnamed	candidate	low	conflicting	darwin01:darwin01/kernel/bsd/netinet/in_bootp.c:368:in_bootp_buildpacket	10.626	10.626	18.401	bcopy;bzero;kalloc	0	84
0x124590	_in_bootp_bptombuf	named	candidate	medium	single	nextmach:nextmach/mk-108.1/nextif/in_bootp.c:191:in_bootp_bptombuf	9.259	5.76	37.547	bcopy;in_cksum	0	2
0x12470c		unnamed	candidate	low	conflicting	nextmach:nextmach/mk-108.1/nextif/in_bootp.c:294:in_bootp_sendrequest	51.058	50.285	79.188	bcmp;if_output_mbuf;in_bootp_bptombuf;microtime;sbwait;setjmp;timeout;untimeout	1	84
0x124a60		unnamed	candidate	medium	single	darwin01:darwin01/kernel/bsd/netinet/in_bootp.c:697:in_bootp_openconsole	16.936	8.468	16.936	Configuring Network;alert	0	84
0x124ad0		unnamed	candidate	low	conflicting	darwin01:darwin01/kernel/bsd/netinet/in_bootp.c:717:in_bootp_closeconsole	8.468	8.468	8.468	alert_done	0	84
0x124ae8		unnamed	candidate	low	single	darwin01:darwin01/kernel/bsd/netinet/in_bootp.c:732:in_bootp_processreply	11.887	3.418	11.887	kmioctl;printf	1	84
0x124c2c		unnamed	candidate	low	conflicting	darwin01:darwin01/kernel/bsd/netinet/in_bootp.c:256:in_bootp_initnet	10.467	10.467	10.467	bzero;ifioctl	0	84
0x124cb8		unnamed	candidate	medium	single	darwin01:darwin01/kernel/bsd/netinet/in_bootp.c:856:in_bootp_makeifreq; nextmach:nextmach/mk-108.1/nextif/in_bootp.c:682:in_bootp_makeifreq	8.922	3.498	8.922	bcopy;strcpy	0	84
0x124d1c		unnamed	candidate	medium	single	darwin01:darwin01/kernel/bsd/netinet/in_bootp.c:879:kmgets	23.795	8.468	23.795	cnputc;kmgetc;kmgetc_silent	0	84
0x124de0		unnamed	candidate	medium	single	nextmach:nextmach/mk-108.1/nextif/in_bootp.c:241:in_bootp_timeout	7.775	0	7.775	sbwakeup	0	84
0x124dfc		unnamed	candidate	low	single	darwin01:darwin01/kernel/bsd/netinet/in.c:86:inet_ntoa	0	0	0		0	84
0x124e10	_in_pcballoc	named	candidate	medium	single	nextmach:nextmach/mk-108.1/netinet/in_pcb.c:66:in_pcballoc	7.128	3.608	7.128	bzero;kalloc	0	2
0x124e60	_in_pcbbind	named	candidate	medium	single	nextmach:nextmach/mk-108.1/netinet/in_pcb.c:94:in_pcbbind	13.941	6.859	13.941	ifa_ifwithaddr;in_pcblookup	0	2
0x124fe4	_in_pcbconnect	named	candidate	medium	single	nextmach:nextmach/mk-108.1/netinet/in_pcb.c:157:in_pcbconnect	42.389	21.262	48.46	ifa_ifwithdstaddr;in_iaonnetof;in_netof;in_pcbbind;in_pcblookup;rtalloc	0	2
0x125244	_in_pcbdisconnect	named	candidate	low	conflicting	darwin01:darwin01/kernel/bsd/netinet/in_pcb.c:490:in_pcbdisconnect	7.082	7.082	7.082	in_pcbdetach	0	2
0x12526c	_in_pcbdetach	named	candidate	medium	single	darwin01:darwin01/kernel/bsd/netinet/in_pcb.c:506:in_pcbdetach	24.871	21.064	28.434	ip_freemoptions;m_free;rtfree;sofree	0	2
0x1252d0	_in_setsockaddr	named	candidate	low	single	darwin01:darwin01/kernel/bsd/netinet/in_pcb.c:540:in_setsockaddr	3.608	3.608	3.608	bzero	0	2
0x125308	_in_setpeeraddr	named	candidate	low	single	darwin01:darwin01/kernel/bsd/netinet/in_pcb.c:556:in_setpeeraddr	3.608	3.608	3.608	bzero	0	2
0x125340	_in_pcbnotify	named	candidate	low	single	darwin01:darwin01/kernel/bsd/netinet/in_pcb.c:583:in_pcbnotify	0	0	0		1	2
0x125428	_in_losing	named	candidate	low	conflicting	darwin01:darwin01/kernel/bsd/netinet/in_pcb.c:641:in_losing	13.44	13.44	13.44	rtfree;rtrequest	0	2
0x125464	_in_rtchange	named	candidate	low	single	darwin01:darwin01/kernel/bsd/netinet/in_pcb.c:673:in_rtchange	6.07	6.07	6.07	rtfree	0	2
0x125488	_in_pcblookup	named	candidate	low	single	darwin01:darwin01/kernel/bsd/netinet/in_pcb.c:688:in_pcblookup	0	0	0		0	2
0x125554	_icmp_error	named	candidate	medium	single	nextmach:nextmach/mk-108.1/netinet/ip_icmp.c:51:icmp_error	40.606	35.315	47.464	bcopy;icmp len;icmp_error;icmp_reflect;m_freem;m_get;panic	0	2
0x12572c	_icmp_input	named	candidate	medium	single	nextmach:nextmach/mk-108.1/netinet/ip_icmp.c:138:icmp_input	124.035	85.277	124.035	%s%d: setting netmask to %x, r;icmp_input: can't set new netm;icmp_reflect;ifptoia;in_cksum;in_ifinit;in_lnaof;in_makeaddr;in_netof;inet_ntoa;iptime;m_freem;m_pullup;pfctlinput;printf;raw_input;rtredirect;wakeup	0	2
0x125bd0	_icmp_reflect	named	candidate	medium	single	nextmach:nextmach/mk-108.1/netinet/ip_icmp.c:375:icmp_reflect	35.162	20.998	35.162	icmp_send;ifptoia;ip_srcroute;ip_stripoptions;m_free	0	2
0x125c80	_ifptoia	named	candidate	low	identical-bodies	darwin01:darwin01/kernel/bsd/netinet/ip_icmp.c:97:ifptoia; nextmach:nextmach/mk-108.1/netinet/ip_icmp.c:422:ifptoia	0	0.0	0		0	2
0x125ca4	_icmp_send	named	candidate	low	conflicting	darwin01:darwin01/kernel/bsd/netinet/ip_icmp.c:629:icmp_send	12.031	12.031	12.031	in_cksum;ip_output	0	2
0x125d18	_iptime	named	candidate	low	identical-bodies	darwin01:darwin01/kernel/bsd/netinet/ip_icmp.c:655:iptime; nextmach:nextmach/mk-108.1/netinet/ip_icmp.c:462:iptime	5.034	0.0	5.034	microtime	0	2
0x125d70	_icmp_sendMaskPacket	named	candidate	medium	single	darwin01:darwin01/kernel/bsd/netinet/ip_icmp.c:699:icmp_sendMaskPacket	24.067	0.0	36.033	bzero;in_cksum;m_freem;sleep;timeout	0	1
0x125f54	_ip_init	named	candidate	low	conflicting	darwin01:darwin01/kernel/bsd/netinet/ip_input.c:158:ip_init	18.975	18.975	24.147	ip_init;panic;pffindproto	0	2
0x126058	_ipintr	named	candidate	low	conflicting	darwin01:darwin01/kernel/bsd/netinet/ip_input.c:191:ipintr	75.311	73.272	99.866	in_cksum;ip_dooptions;ip_forward;ip_freef;ip_mforward;ip_reass;m_adj;m_freem;m_pullup;panic;splimp;splx	0	2
0x126534	_ip_reass	named	candidate	low	conflicting	darwin01:darwin01/kernel/bsd/netinet/ip_input.c:504:ip_reass	45.296	45.296	45.296	ip_deq;ip_enq;m_adj;m_cat;m_free;m_freem;m_get	0	2
0x1267c4	_ip_freef	named	candidate	low	conflicting	darwin01:darwin01/kernel/bsd/netinet/ip_input.c:645:ip_freef	16.21	16.21	16.21	ip_deq;m_free;m_freem	0	2
0x126814	_ip_enq	named	candidate	low	identical-bodies	darwin01:darwin01/kernel/bsd/netinet/ip_input.c:664:ip_enq; nextmach:nextmach/mk-108.1/netinet/ip_input.c:528:ip_enq	0	0.0	0		0	2
0x126838	_ip_deq	named	candidate	low	identical-bodies	darwin01:darwin01/kernel/bsd/netinet/ip_input.c:678:ip_deq; nextmach:nextmach/mk-108.1/netinet/ip_input.c:541:ip_deq	0	0.0	0		0	2
0x126854	_ip_slowtimo	named	candidate	medium	identical-bodies	darwin01:darwin01/kernel/bsd/netinet/ip_input.c:692:ip_slowtimo; nextmach:nextmach/mk-108.1/netinet/ip_input.c:554:ip_slowtimo	7.791	0.0	24.001	splnet;splx	0	2
0x1268f4	_ip_drain	named	candidate	low	identical-bodies	darwin01:darwin01/kernel/bsd/netinet/ip_input.c:717:ip_drain; nextmach:nextmach/mk-108.1/netinet/ip_input.c:578:ip_drain	0	0.0	16.21		0	2
0x12696c	_ip_dooptions	named	candidate	medium	single	nextmach:nextmach/mk-108.1/netinet/ip_input.c:595:ip_dooptions	63.161	42.033	63.161	bcopy;icmp_error;ifa_ifwithaddr;ifptoia;in_iaonnetof;in_netof;ip_rtaddr;iptime;save_rte	0	2
0x126c9c	_ip_rtaddr	named	candidate	low	single	darwin01:darwin01/kernel/bsd/netinet/ip_input.c:926:ip_rtaddr	6.522	6.522	12.593	rtalloc	0	2
0x126d24	_save_rte	named	candidate	low	conflicting	darwin01:darwin01/kernel/bsd/netinet/ip_input.c:954:save_rte	15.385	15.385	15.385	bcopy;printf;save_rte: olen %d\n	0	2
0x126d80	_ip_srcroute	named	candidate	low	conflicting	darwin01:darwin01/kernel/bsd/netinet/ip_input.c:978:ip_srcroute	8.789	8.789	8.789	bcopy;m_get	0	2
0x126e1c	_ip_stripoptions	named	candidate	low	single	darwin01:darwin01/kernel/bsd/netinet/ip_input.c:1049:ip_stripoptions	3.498	3.498	3.498	bcopy	0	2
0x126e90	_ip_forward	named	candidate	medium	single	nextmach:nextmach/mk-108.1/netinet/ip_input.c:913:ip_forward	82.445	59.525	88.515	forward: src %x dst %x ttl %x\n;icmp_error;ifptoia;imin;in_canforward;in_localaddr;ip_output;m_copy;m_freem;printf;redirect (%d) to %x\n;rtalloc	0	2
0x127280	_ip_output	named	candidate	medium	single	nextmach:nextmach/mk-108.1/netinet/ip_output.c:56:ip_output	101.12	67.673	126.932	bzero;if_output_mbuf;ifa_ifwithdstaddr;in_broadcast;in_cksum;in_iaonnetof;in_localaddr;in_netof;ip_insertoptions;ip_optcopy;m_freem;mbuf_read;nb_map;nb_shrink_bot;rtalloc	0	2
0x1278b4	_ip_insertoptions	named	candidate	low	conflicting	darwin01:darwin01/kernel/bsd/netinet/ip_output.c:452:ip_insertoptions	10.868	10.868	32.075	bcopy;ovbcopy	0	2
0x1279fc	_ip_optcopy	named	candidate	low	single	darwin01:darwin01/kernel/bsd/netinet/ip_output.c:497:ip_optcopy	3.498	3.498	3.498	bcopy	0	2
0x127a88	_ip_ctloutput	named	candidate	medium	single	darwin01:darwin01/kernel/bsd/netinet/ip_output.c:534:ip_ctloutput	36.868	21.318	36.868	bcopy;ip_getmoptions;ip_pcbopts;ip_setmoptions;m_free;m_get	0	2
0x127b90	_ip_pcbopts	named	candidate	low	conflicting	darwin01:darwin01/kernel/bsd/netinet/ip_output.c:691:ip_pcbopts	19.231	19.231	19.231	bcopy;bzero;m_free;ovbcopy	0	2
0x127cc8	_ip_setmoptions	named	candidate	medium	single	darwin01:darwin01/kernel/bsd/netinet/ip_output.c:792:ip_setmoptions	28.143	0.0	54.104	in_addmulti;in_delmulti;rtalloc;rtfree	0	1
0x1280c4	_ip_getmoptions	named	candidate	low	single	darwin01:darwin01/kernel/bsd/netinet/ip_output.c:1031:ip_getmoptions	5.29	0.0	5.29	m_get	0	1
0x128190	_ip_freemoptions	named	candidate	medium	single	darwin01:darwin01/kernel/bsd/netinet/ip_output.c:1080:ip_freemoptions	7.775	0.0	12.53	in_delmulti	0	1
0x1281d4	_ip_mloopback	named	candidate	medium	single	darwin01:darwin01/kernel/bsd/netinet/ip_output.c:1099:ip_mloopback	19.701	0.0	19.701	in_cksum;looutput;m_copy	0	1
0x128240	_rip_input	named	candidate	medium	single	nextmach:nextmach/mk-108.1/netinet/raw_ip.c:43:rip_input	7.37	0	7.37	raw_input	0	2
0x128284	_rip_output	named	candidate	medium	single	nextmach:nextmach/mk-108.1/netinet/raw_ip.c:59:rip_output	15.935	6.271	15.935	ip_output;m_freem;m_get	0	2
0x1283b8	_rip_ctloutput	named	candidate	low	conflicting	nextmach:nextmach/mk-108.1/netinet/raw_ip.c:124:rip_ctloutput	21.318	18.513	45.337	bcopy;ip_pcbopts;m_free;m_get	0	2
0x1284c0	_tcp_trace	named	candidate	low	conflicting	darwin01:darwin01/kernel/bsd/netinet/tcp_debug.c:103:tcp_trace	10.978	10.978	10.978	bzero;iptime	0	2
0x12857c	_tcp_reass	named	candidate	low	conflicting	darwin01:darwin01/kernel/bsd/netinet/tcp_input.c:178:tcp_reass	18.315	18.315	24.298	m_adj;m_freem;sbappend	0	2
0x12873c	_tcp_input	named	candidate	medium	single	darwin01:darwin01/kernel/bsd/netinet/tcp_input.c:291:tcp_input	222.269	203.359	231.751	in_broadcast;in_cksum;in_pcbconnect;in_pcblookup;ip_srcroute;ip_stripoptions;m_adj;m_free;m_freem;m_get;m_pullup;min;sbappend;sbdrop;soabort;socantrcvmore;sohasoutofband;soisconnected;soisdisconnected;sonewconn;tcp_canceltimers;tcp_close;tcp_dooptions;tcp_drop;tcp_output;tcp_pulloutofband;tcp_reass;	0	2
0x129a8c	_tcp_dooptions	named	candidate	low	conflicting	nextmach:nextmach/mk-108.1/netinet/tcp_input.c:1177:tcp_dooptions	12.53	11.273	16.028	m_free;tcp_mss	0	2
0x129b20	_tcp_pulloutofband	named	candidate	low	conflicting	darwin01:darwin01/kernel/bsd/netinet/tcp_input.c:1647:tcp_pulloutofband	14.698	14.698	14.698	bcopy;panic;tcp_pulloutofband	0	2
0x129b90	_tcp_xmit_timer	named	candidate	low	single	darwin01:darwin01/kernel/bsd/netinet/tcp_input.c:1678:tcp_xmit_timer	0	0.0	0		0	1
0x129c60	_tcp_mss	named	candidate	medium	single	darwin01:darwin01/kernel/bsd/netinet/tcp_input.c:1763:tcp_mss	27.833	13.892	27.833	in_localaddr;min;rtalloc;sbreserve	0	2
0x129d8c	_tcp_output	named	candidate	low	conflicting	darwin01:darwin01/kernel/bsd/netinet/tcp_output.c:110:tcp_output	64.283	64.283	82.758	bcopy;in_cksum;ip_output;m_copy;panic;tcp_mss;tcp_output;tcp_quench;tcp_setpersist;tcp_trace	0	2
0x12a3bc	_tcp_setpersist	named	candidate	medium	identical-bodies	darwin01:darwin01/kernel/bsd/netinet/tcp_output.c:704:tcp_setpersist; nextmach:nextmach/mk-108.1/netinet/tcp_output.c:432:tcp_setpersist	11.2	0.0	11.2	panic;tcp_output REXMT	0	2
0x12a434	_tcp_init	named	candidate	low	single	darwin01:darwin01/kernel/bsd/netinet/tcp_subr.c:158:tcp_init	0	0	0		0	2
0x12a45c	_tcp_template	named	candidate	low	single	darwin01:darwin01/kernel/bsd/netinet/tcp_subr.c:197:tcp_template	5.29	5.29	5.29	m_get	0	2
0x12a504	_tcp_respond	named	candidate	medium	single	nextmach:nextmach/mk-108.1/netinet/tcp_subr.c:114:tcp_respond	21.695	16.405	21.695	in_cksum;ip_output;m_freem;m_get	0	2
0x12a65c	_tcp_newtcpcb	named	candidate	medium	single	nextmach:nextmach/mk-108.1/netinet/tcp_subr.c:175:tcp_newtcpcb	7.128	3.608	7.128	bzero;kalloc	0	2
0x12a6d4	_tcp_drop	named	candidate	low	conflicting	darwin01:darwin01/kernel/bsd/netinet/tcp_subr.c:360:tcp_drop	13.353	13.353	13.353	tcp_close;tcp_output	0	2
0x12a730	_tcp_close	named	candidate	medium	single	nextmach:nextmach/mk-108.1/netinet/tcp_subr.c:243:tcp_close	26.162	22.599	26.162	in_pcbdetach;kfree;m_free;m_freem;soisdisconnected	0	2
0x12a7d0	_tcp_drain	named	candidate	low	identical-bodies	darwin01:darwin01/kernel/bsd/netinet/tcp_subr.c:496:tcp_drain; nextmach:nextmach/mk-108.1/netinet/tcp_subr.c:272:tcp_drain	0	0.0	0		0	2
0x12a7d8	_tcp_notify	named	candidate	low	single	darwin01:darwin01/kernel/bsd/netinet/tcp_subr.c:507:tcp_notify	3.946	3.946	9.93	wakeup	0	2
0x12a83c	_tcp_ctlinput	named	candidate	low	conflicting	darwin01:darwin01/kernel/bsd/netinet/tcp_subr.c:536:tcp_ctlinput	7.775	7.775	7.775	in_pcbnotify	0	2
0x12a8b0	_tcp_quench	named	candidate	low	single	darwin01:darwin01/kernel/bsd/netinet/tcp_subr.c:564:tcp_quench	0	0	0		0	2
0x12a8cc	_tcp_fasttimo	named	candidate	low	conflicting	darwin01:darwin01/kernel/bsd/netinet/tcp_timer.c:146:tcp_fasttimo	14.467	14.467	14.467	splnet;splx;tcp_output	0	2
0x12a92c	_tcp_slowtimo	named	candidate	low	conflicting	darwin01:darwin01/kernel/bsd/netinet/tcp_timer.c:225:tcp_slowtimo	16.259	16.259	16.259	splnet;splx;tcp_usrreq	0	2
0x12a9e0	_tcp_canceltimers	named	candidate	low	identical-bodies	darwin01:darwin01/kernel/bsd/netinet/tcp_timer.c:312:tcp_canceltimers; nextmach:nextmach/mk-108.1/netinet/tcp_timer.c:124:tcp_canceltimers	0	0.0	0		0	2
0x12a9fc	_tcp_timers	named	candidate	low	conflicting	darwin01:darwin01/kernel/bsd/netinet/tcp_timer.c:330:tcp_timers	44.453	44.453	44.453	in_losing;tcp_close;tcp_drop;tcp_output;tcp_respond;tcp_setpersist	0	2
0x12ac0c	_tcp_usrreq	named	candidate	low	conflicting	darwin01:darwin01/kernel/bsd/netinet/tcp_usrreq.c:118:tcp_usrreq	159.497	159.497	159.497	in_control;in_pcbbind;in_pcbconnect;in_pcbdisconnect;in_setpeeraddr;in_setsockaddr;m_freem;panic;sbappend;socantsendmore;soisconnecting;splnet;splx;tcp_attach;tcp_close;tcp_disconnect;tcp_drop;tcp_output;tcp_template;tcp_timers;tcp_trace;tcp_usrclosed;tcp_usrreq	0	2
0x12b060	_tcp_ctloutput	named	candidate	low	conflicting	darwin01:darwin01/kernel/bsd/netinet/tcp_usrreq.c:399:tcp_ctloutput	18.513	18.513	18.513	ip_ctloutput;m_free;m_get	0	2
0x12b13c	_tcp_attach	named	candidate	low	conflicting	darwin01:darwin01/kernel/bsd/netinet/tcp_usrreq.c:486:tcp_attach	30.407	30.407	30.407	in_pcballoc;in_pcbdetach;soreserve;tcp_newtcpcb	0	2
0x12b1c4	_tcp_disconnect	named	candidate	low	conflicting	darwin01:darwin01/kernel/bsd/netinet/tcp_usrreq.c:526:tcp_disconnect	44.048	44.048	44.048	sbflush;soisdisconnecting;tcp_close;tcp_drop;tcp_output;tcp_usrclosed	0	2
0x12b230	_tcp_usrclosed	named	candidate	low	conflicting	darwin01:darwin01/kernel/bsd/netinet/tcp_usrreq.c:560:tcp_usrclosed	13.065	13.065	13.065	soisdisconnected;tcp_close	0	2
0x12b2a4	_udp_init	named	candidate	low	single	darwin01:darwin01/kernel/bsd/netinet/udp_usrreq.c:156:udp_init	0	0	0		0	2
0x12b2c0	_udp_input	named	candidate	medium	single	darwin01:darwin01/kernel/bsd/netinet/udp_usrreq.c:170:udp_input	65.597	59.431	71.58	icmp_error;in_broadcast;in_cksum;in_pcblookup;ip_stripoptions;m_adj;m_copy;m_freem;m_pullup;sbappendaddr	0	2
0x12b63c	_udp_notify	named	candidate	low	single	darwin01:darwin01/kernel/bsd/netinet/udp_usrreq.c:503:udp_notify	0	0	5.983		0	2
0x12b664	_udp_ctlinput	named	candidate	low	conflicting	darwin01:darwin01/kernel/bsd/netinet/udp_usrreq.c:513:udp_ctlinput	7.775	7.775	7.775	in_pcbnotify	0	2
0x12b6d0	_udp_output	named	candidate	low	conflicting	darwin01:darwin01/kernel/bsd/netinet/udp_usrreq.c:534:udp_output	19.224	16.405	37.612	in_cksum;ip_output;m_freem;splx	0	2
0x12b84c	_udp_usrreq	named	candidate	medium	single	nextmach:nextmach/mk-108.1/netinet/udp_usrreq.c:321:udp_usrreq	110.597	103.515	138.284	in_control;in_pcballoc;in_pcbbind;in_pcbconnect;in_pcbdetach;in_pcbdisconnect;in_setpeeraddr;in_setsockaddr;m_freem;panic;socantsendmore;soisconnected;soisdisconnected;soreserve;splnet;splx;udp_usrreq	0	2
0x12bc2c	_igmp_init	named	candidate	low	single	darwin01:darwin01/kernel/bsd/netinet/igmp.c:96:igmp_init	0	0.0	0		0	1
0x12bc40	_igmp_input	named	candidate	medium	single	darwin01:darwin01/kernel/bsd/netinet/igmp.c:105:igmp_input	16.81	0.0	24.18	in_cksum;m_freem;m_pullup	0	1
0x12bf04	_igmp_joingroup	named	candidate	medium	single	darwin01:darwin01/kernel/bsd/netinet/igmp.c:234:igmp_joingroup	15.566	0.0	15.566	igmp_sendreport;splnet;splx	0	1
0x12bf78	_igmp_leavegroup	named	candidate	low	single	darwin01:darwin01/kernel/bsd/netinet/igmp.c:251:igmp_leavegroup	0	0.0	0		0	1
0x12bf80	_igmp_fasttimo	named	candidate	medium	single	darwin01:darwin01/kernel/bsd/netinet/igmp.c:260:igmp_fasttimo	15.566	0.0	15.566	igmp_sendreport;splnet;splx	0	1
0x12c044	_igmp_sendreport	named	candidate	medium	single	darwin01:darwin01/kernel/bsd/netinet/igmp.c:290:igmp_sendreport	12.031	0.0	37.992	in_cksum;ip_output	0	1
0x12c1e0	_ip_mrouter_cmd	named	candidate	low	single	darwin01:darwin01/kernel/bsd/netinet/ip_mroute.c:146:ip_mrouter_cmd	0	0.0	0		0	1
0x12c1ec	_ip_mrouter_done	named	candidate	low	single	darwin01:darwin01/kernel/bsd/netinet/ip_mroute.c:237:ip_mrouter_done	0	0.0	0		0	1
0x12c1f8	_ip_mforward	named	candidate	low	single	darwin01:darwin01/kernel/bsd/netinet/ip_mroute.c:651:ip_mforward	0	0.0	0		0	1
0x12c204	_nfs_validate_caches	named	candidate	medium	single	nextmach:nextmach/mk-108.1/nfs/nfs_client.c:68:nfs_validate_caches	7.37	0.0	7.37	nfsgetattr	0	1
0x12c224	_nfs_invalidate_caches	named	candidate	medium	single	nextmach:nextmach/mk-108.1/nfs/nfs_client.c:77:nfs_invalidate_caches	25.664	0.0	25.664	binvalfree;dnlc_purge_vp;mfs_invalidate;vnode_uncache	0	1
0x12c258	_nfs_purge_caches	named	candidate	medium	single	nextmach:nextmach/mk-108.1/nfs/nfs_client.c:94:nfs_purge_caches	18.295	0.0	25.664	binvalfree;dnlc_purge_vp;vnode_uncache	0	1
0x12c290	_nfs_cache_check	named	candidate	low	single	nextmach:nextmach/mk-108.1/nfs/nfs_client.c:120:nfs_cache_check	0	0.0	25.664		0	1
0x12c2f8	_nfs_attrcache	named	candidate	low	single	nextmach:nextmach/mk-108.1/nfs/nfs_client.c:132:nfs_attrcache	6.522	0.0	6.522	nattr_to_vattr	1	1
0x12c334	_nfs_attrcache_va	named	candidate	low	single	nextmach:nextmach/mk-108.1/nfs/nfs_client.c:147:nfs_attrcache_va	0	0.0	0		1	1
0x12c380		unnamed	candidate	low	single	darwin01:darwin01/kernel/bsd/netinet/ip_mroute.c:146:ip_mrouter_cmd	0	0	5.172		0	29
0x12c3fc	_nfs_getattr_otw	named	candidate	medium	single	nextmach:nextmach/mk-108.1/nfs/nfs_client.c:240:nfs_getattr_otw	19.183	0.0	50.543	kalloc;kfree;nattr_to_vattr;rfscall	0	1
0x12c4b8	_nfsgetattr	named	candidate	low	single	nextmach:nextmach/mk-108.1/nfs/nfs_client.c:290:nfsgetattr	0	0.0	63.084		1	1
0x12c6c4	_nattr_to_vattr	named	candidate	medium	single	nextmach:nextmach/mk-108.1/nfs/nfs_client.c:311:nattr_to_vattr	7.775	0.0	7.775	vfs_fixedmajor	0	1
0x12c808	_nfstsize	named	candidate	low	single	nextmach:nextmach/mk-108.1/nfs/nfs_common.c:39:nfstsize	0	0.0	0		0	1
0x12c814	_vattr_to_nattr	named	candidate	low	single	nextmach:nextmach/mk-108.1/nfs/nfs_common.c:61:vattr_to_nattr	0	0.0	0		0	1
0x12c8ec	_exportfs	named	candidate	medium	single	nextmach:nextmach/mk-108.1/nfs/nfs_export.c:84:exportfs	39.706	0.0	56.277	copyin;exportfree;loadaddrs;lookupname;suser;unexport	0	1
0x12cb18	_unexport	named	candidate	medium	single	nextmach:nextmach/mk-108.1/nfs/nfs_export.c:189:unexport	7.775	0.0	13.152	exportfree	0	1
0x12cba0	_nfs_getfh	named	candidate	medium	single	nextmach:nextmach/mk-108.1/nfs/nfs_export.c:220:nfs_getfh	37.239	0.0	41.351	copyout;findexivp;getf;lookupname;makefh;suser	0	1
0x12cd18	_findexivp	named	candidate	medium	single	nextmach:nextmach/mk-108.1/nfs/nfs_export.c:309:findexivp	7.775	0.0	15.45	findexport	0	1
0x12cdf8	_makefh	named	candidate	medium	single	nextmach:nextmach/mk-108.1/nfs/nfs_export.c:371:makefh	7.107	0.0	10.67	bcopy;bzero	0	1
0x12cecc	_findexport	named	candidate	low	single	nextmach:nextmach/mk-108.1/nfs/nfs_export.c:412:findexport	0	0.0	5.377		0	1
0x12cf34	_loadaddrs	named	candidate	low	single	nextmach:nextmach/mk-108.1/nfs/nfs_export.c:429:loadaddrs	4.662	0.0	11.744	copyin	0	1
0x12cf98	_exportfree	named	candidate	low	single	nextmach:nextmach/mk-108.1/nfs/nfs_export.c:533:exportfree	0	0.0	3.563		0	1
0x12cffc	_nfs_svc	named	candidate	medium	single	nextmach:nextmach/mk-108.1/nfs/nfs_server.c:117:nfs_svc	60.003	0.0	60.003	exit;getsock;setjmp;soreserve;svc_register;svc_run;svc_unregister;svckudp_create	0	1
0x12d120		unnamed	candidate	medium	single	nextmach:nextmach/mk-108.1/nfs/nfs_server.c:670:rfs_write	47.467	16.89	51.578	kalloc;kfree;map_vnode;mfs_io;printf;rfs_write: attempt to write to;unmap_vnode;vattr_to_nattr	3	65
0x12d3b4		unnamed	candidate	low	single	nextmach:nextmach/mk-108.1/nfs/nfs_export.c:84:exportfs	0	0	0		0	65
0x12d3e0		unnamed	candidate	low	conflicting	nextmach:nextmach/mk-108.1/nfs/nfs_server.c:860:rfs_create	26.515	26.515	30.627	makefh;svckudp_dup;svckudp_dupsave;vattr_to_nattr	3	65
0x12d5f8		unnamed	candidate	medium	single	nextmach:nextmach/mk-108.1/nfs/nfs_server.c:1342:rfs_readdir	18.969	10.501	23.08	kalloc;kfree;printf;rfs_readdir: attempt to read n	1	65
0x12d7d4		unnamed	candidate	medium	single	nextmach:nextmach/mk-108.1/nfs/nfs_server.c:1721:rfs_dispatch	85.801	8.751	131.661	bzero;crfree;crget;findexport;inet_ntoa;nfs_server: weak authenticatio;printf;svc_sendreply;svcerr_decode;svcerr_noproc;svcerr_progvers;svcerr_weakauth	1	65
0x12dbdc		unnamed	candidate	low	single	nextmach:nextmach/mk-108.1/nfs/nfs_server.c:1873:sattr_to_vattr	5.424	0	5.424	vattr_null	0	65
0x12dc2c		unnamed	candidate	medium	single	nextmach:nextmach/mk-108.1/nfs/nfs_server.c:1896:fhtovp	8.468	0	8.468	getvfs	0	65
0x12dc70		unnamed	candidate	low	single	nextmach:nextmach/mk-108.1/nfs/nfs_export.c:84:exportfs	0	0	0		0	65
0x12dcd8		unnamed	candidate	medium	single	nextmach:nextmach/mk-108.1/nfs/nfs_server.c:1721:rfs_dispatch	10.5	3.418	18.968	inet_ntoa;printf	0	65
0x12de40		unnamed	candidate	low	single	nextmach:nextmach/mk-108.1/nfs/nfs_server.c:186:rfs_getattr	6.389	6.389	10.5	vattr_to_nattr	1	65
0x12deb4		unnamed	candidate	low	conflicting	nextmach:nextmach/mk-108.1/nfs/nfs_server.c:860:rfs_create	13.045	13.045	17.156	svckudp_dup;svckudp_dupsave	3	65
0x12dfbc		unnamed	candidate	low	conflicting	nextmach:nextmach/mk-108.1/nfs/nfs_server.c:339:rfs_lookup	13.471	13.471	17.582	makefh;vattr_to_nattr	1	65
0x12e094		unnamed	candidate	low	conflicting	nextmach:nextmach/mk-108.1/nfs/nfs_server.c:860:rfs_create	26.515	26.515	30.627	makefh;svckudp_dup;svckudp_dupsave;vattr_to_nattr	3	65
0x12e200		unnamed	candidate	low	conflicting	nextmach:nextmach/mk-108.1/nfs/nfs_server.c:221:rfs_setattr	13.065	13.065	17.177	vattr_to_nattr;vn_rdwr	3	65
0x12e37c		unnamed	candidate	medium	single	nextmach:nextmach/mk-108.1/nfs/nfs_server.c:490:rfs_read	32.034	16.89	36.146	kalloc;kfree;printf;rfs_read: attempt to read from;vattr_to_nattr;vn_rdwr	1	65
0x12e528		unnamed	candidate	low	single	nextmach:nextmach/mk-108.1/nfs/nfs_server.c:397:rfs_readlink	10.691	7.082	14.802	bzero;kalloc;kfree	1	65
0x12e600		unnamed	candidate	low	conflicting	nextmach:nextmach/mk-108.1/nfs/nfs_server.c:860:rfs_create	13.045	13.045	17.156	svckudp_dup;svckudp_dupsave	2	65
0x12e6d4		unnamed	candidate	low	conflicting	nextmach:nextmach/mk-108.1/nfs/nfs_server.c:860:rfs_create	13.045	13.045	17.156	svckudp_dup;svckudp_dupsave	3	65
0x12e7dc		unnamed	candidate	low	conflicting	nextmach:nextmach/mk-108.1/nfs/nfs_server.c:860:rfs_create	13.045	13.045	17.156	svckudp_dup;svckudp_dupsave	2	65
0x12e8b0		unnamed	candidate	low	single	nextmach:nextmach/mk-108.1/nfs/nfs_server.c:1526:rfs_statfs	7.775	0	11.887	nfstsize	1	65
0x12e928		unnamed	candidate	low	conflicting	nextmach:nextmach/mk-108.1/nfs/nfs_server.c:860:rfs_create	13.045	13.045	17.156	svckudp_dup;svckudp_dupsave	3	65
0x12ea18		unnamed	candidate	low	single	nextmach:nextmach/mk-108.1/nfs/nfs_export.c:84:exportfs	0	0	0		0	65
0x12ea24		unnamed	candidate	low	single	nextmach:nextmach/mk-108.1/nfs/nfs_export.c:84:exportfs	0	0	0		0	65
0x12ea30		unnamed	candidate	low	single	nextmach:nextmach/mk-108.1/nfs/nfs_export.c:84:exportfs	0	0	0		0	65
0x12ea38		unnamed	candidate	low	single	nextmach:nextmach/mk-108.1/nfs/nfs_server.c:397:rfs_readlink	3.563	3.563	3.563	kfree	0	65
0x12ea58		unnamed	candidate	low	single	nextmach:nextmach/mk-108.1/nfs/nfs_server.c:397:rfs_readlink	3.563	3.563	3.563	kfree	0	65
0x12ea7c		unnamed	candidate	low	single	nextmach:nextmach/mk-108.1/nfs/nfs_server.c:397:rfs_readlink	3.563	3.563	3.563	kfree	0	65
0x12ea98		unnamed	candidate	medium	single	nextmach:nextmach/mk-108.1/nfs/nfs_subr.c:304:clget	42.588	19.662	62.249	clget: null auth;clget: null client;clntkudp_create;clntkudp_init;clntkudp_interruptable;panic	0	65
0x12ed7c	_nfs_netboot_prealloc	named	candidate	low	single	nextmach:nextmach/mk-108.1/nfs/nfs_subr.c:394:nfs_netboot_prealloc	11.988	0.0	11.988	clntkudp_realloc;kalloc	2	1
0x12ee3c		unnamed	candidate	medium	single	nextmach:nextmach/mk-108.1/nfs/nfs_subr.c:266:authfree	11.193	3.418	18.968	authfree: unknown authflavor %;printf	0	90
0x12eef4	_rfscall	named	candidate	medium	single	nextmach:nextmach/mk-108.1/nfs/nfs_subr.c:469:rfscall	84.113	0.0	99.663	NFS %s failed for server %s: %;NFS server %s not responding s;NFS server %s ok\n;clnt_sperrno;clntkudp_once;crdup;crfree;panic;printf;rfscall;rfscall:  re_status %d, re_err;uprintf	1	1
0x12f384	_vattr_to_sattr	named	candidate	low	single	nextmach:nextmach/mk-108.1/nfs/nfs_subr.c:628:vattr_to_sattr	0	0.0	0		0	1
0x12f400	_setdiropargs	named	candidate	low	single	nextmach:nextmach/mk-108.1/nfs/nfs_subr.c:648:setdiropargs	3.498	0.0	3.498	bcopy	0	1
0x12f42c	_setdirgid	named	candidate	low	single	nextmach:nextmach/mk-108.1/nfs/nfs_subr.c:659:setdirgid	0	0.0	0		0	1
0x12f468	_setdirmode	named	candidate	low	single	nextmach:nextmach/mk-108.1/nfs/nfs_subr.c:678:setdirmode	0	0.0	0		0	1
0x12f48c	_rnode_cache_clear	named	unmapped	unknown	single		0.0	0.0	25.334		1	0
0x12f4ec	_makenfsnode	named	candidate	medium	single	nextmach:nextmach/mk-108.1/nfs/nfs_subr.c:710:makenfsnode	67.552	0.0	67.552	bcopy;bzero;mfs_uncache;nfs_attrcache;nfs_cache_check;rinactive;rnode structures;rp_rmhash;vm_info_init;zalloc;zinit	3	1
0x12f698		unnamed	candidate	low	single	nextmach:nextmach/mk-108.1/nfs/nfs_server.c:117:nfs_svc	0	0	0		0	90
0x12f720	_rp_rmhash	named	candidate	low	single	nextmach:nextmach/mk-108.1/nfs/nfs_subr.c:837:rp_rmhash	0	0.0	0		0	1
0x12f7d0		unnamed	candidate	low	single	nextmach:nextmach/mk-108.1/nfs/nfs_server.c:117:nfs_svc	0	0	0		0	90
0x12f820	_rinactive	named	candidate	low	single	nextmach:nextmach/mk-108.1/nfs/nfs_subr.c:911:rinactive	5.333	0.0	5.333	crfree	0	1
0x12f844	_rfree	named	candidate	low	single	nextmach:nextmach/mk-108.1/nfs/nfs_subr.c:927:rfree	0	0.0	5.333		0	1
0x12f8a8		unnamed	candidate	low	single	nextmach:nextmach/mk-108.1/nfs/nfs_server.c:1963:rootname	5.377	5.377	5.377	bcmp	0	90
0x12f9f0	_rinval	named	candidate	medium	single	nextmach:nextmach/mk-108.1/nfs/nfs_subr.c:986:rinval	12.66	0.0	16.771	binvalfree;dnlc_purge_vp	0	1
0x12fb98	_rflush	named	candidate	low	single	nextmach:nextmach/mk-108.1/nfs/nfs_subr.c:1037:rflush	6.676	0.0	6.676	sync_vp	0	1
0x12fbf8	_newname	named	candidate	medium	single	nextmach:nextmach/mk-108.1/nfs/nfs_subr.c:1065:newname	11.988	0.0	25.628	0123456789ABCDEF;kalloc	0	1
0x12fc80	_rlock	named	candidate	low	single	nextmach:nextmach/mk-108.1/nfs/nfs_subr.c:1092:rlock	0	0.0	4.341		0	1
0x12fccc	_runlock	named	candidate	low	single	nextmach:nextmach/mk-108.1/nfs/nfs_subr.c:1099:runlock	0	0.0	15.146		0	1
0x12fd1c	_rlock_timeout	named	unmapped	unknown	single		0.0	0.0	24.356		0	0
0x12fdd0		unnamed	candidate	low	single	nextmach:nextmach/mk-108.1/nfs/nfs_server.c:117:nfs_svc	0	0	3.946		0	90
0x12fdec		unnamed	candidate	medium	single	nextmach:nextmach/mk-108.1/nfs/nfs_vfsops.c:119:nfs_mountroot	139.693	21.007	176.984	dnlc_purge;getfsname;index;kalloc;kfree;lookupname;mount private %s:%s failed, rp;mount root %s:%s failed, rpc s;nfs_mountroot: can't find root;nfs_mountroot: no place to mou;nfs_netboot_prealloc;panic;pn_alloc;pn_free;printf;private;root;strcpy;strncpy;vfs_add;vfs_unlock	7	90
0x130344		unnamed	candidate	medium	single	nextmach:nextmach/mk-108.1/nfs/nfs_vfsops.c:438:whoami	162.507	24.553	184.328	Bootparam response received\n;No bootparam server responding;bad SIOCGIFADDR in_control;bad SIOCGIFBRDADDR in_control;bcopy;bzero;domainname: %s\n;hostname: %s\n;ifb_ifwithaf;in_control;initrootnet;kalloc;kfree;panic;printf;whoami RPC call failed with st;whoami: domainname too long;whoami: hostname too	0	90
0x1306a8		unnamed	candidate	medium	single	nextmach:nextmach/mk-108.1/nfs/nfs_vfsops.c:627:getfile	31.499	24.553	64.52	bcopy;bzero;getfile: unknown address type ;kalloc;kfree;printf;strcpy	1	90
0x1308b0		unnamed	candidate	medium	single	nextmach:nextmach/mk-108.1/nfs/nfs_vfsops.c:702:mountnfs	28.823	6.676	35.499	mountnfs: %s:%s mount server n;mountnfs: %s:%s portmap not re;pmap_kgetport;printf	0	90
0x1309c4		unnamed	candidate	medium	single	nextmach:nextmach/mk-108.1/nfs/nfs_vfsops.c:746:nfs_mount	55.893	11.743	60.005	copyin;copyinstr;min;nfs_mount: acdirmax < acdirmin;nfs_mount: acdirmin == 0\n;nfs_mount: acregmax < acregmin;nfs_mount: acregmin == 0\n;printf	2	90
0x130d00		unnamed	candidate	medium	single	nextmach:nextmach/mk-108.1/nfs/nfs_vfsops.c:933:nfsrootvp	49.846	14.189	53.957	bcopy;bzero;kalloc;kfree;makenfsnode;min;nfstsize;vattr_to_nattr;vfs_getnum	0	90
0x130f38		unnamed	candidate	medium	single	nextmach:nextmach/mk-108.1/nfs/nfs_vfsops.c:1068:nfs_unmount	42.033	14.452	46.144	kfree;rflush;rinactive;rinval;rp_rmhash;vfs_putnum	0	90
0x130fc4		unnamed	candidate	low	single	nextmach:nextmach/mk-108.1/nfs/nfs_server.c:117:nfs_svc	0	0	0		0	90
0x130fe4		unnamed	candidate	medium	single	nextmach:nextmach/mk-108.1/nfs/nfs_vfsops.c:1128:nfs_statfs	9.076	3.498	9.076	bcopy;rfscall	0	90
0x131094		unnamed	candidate	low	conflicting	nextmach:nextmach/mk-108.1/nfs/nfs_vfsops.c:1068:nfs_unmount	7.775	7.775	7.775	rflush	0	90
0x1310c4	_nfs_badop	named	candidate	medium	single	nextmach:nextmach/mk-108.1/nfs/nfs_vfsops.c:1193:nfs_badop	11.2	0.0	11.2	nfs_badop;panic	0	1
0x1310d8		unnamed	candidate	medium	single	nextmach:nextmach/mk-108.1/nfs/nfs_vfsops.c:1200:itoa	8.468	0	8.468	0123456789	0	96
0x1311f8		unnamed	candidate	medium	single	nextmach:nextmach/mk-108.1/nfs/nfs_vnodeops.c:211:nfs_open	23.795	15.327	23.795	nfs_attrcache_va;nfs_cache_check;nfs_getattr_otw	0	96
0x131278		unnamed	candidate	medium	single	nextmach:nextmach/mk-108.1/nfs/nfs_vnodeops.c:250:nfs_close	15.145	6.676	15.145	nfs_purge_caches;sync_vp	0	96
0x1312ec		unnamed	candidate	low	single	nextmach:nextmach/mk-108.1/nfs/nfs_vnodeops.c:284:nfs_rdwr	22.854	17.219	22.854	crfree;rlock;runlock;vnode_uncache	2	96
0x1313c0		unnamed	candidate	medium	single	nextmach:nextmach/mk-108.1/nfs/nfs_vnodeops.c:352:rwvp	106.087	42.297	112.946	bawrite;bdwrite;bread;breada;brelse;getblk;geteblk;geterror;incore;nfs_validate_caches;nfswrite;panic;psignal;rlock;runlock;rwvp: zero size;uiomove	1	96
0x131760	_nfswrite	named	candidate	medium	single	nextmach:nextmach/mk-108.1/nfs/nfs_vnodeops.c:511:nfswrite	31.223	0.0	42.748	NFS write error %d on host %s ;NFS write error: on host %s re;nfs_attrcache;printf;rfscall	1	1
0x131898		unnamed	candidate	medium	single	nextmach:nextmach/mk-108.1/nfs/nfs_vnodeops.c:600:printfhandle	14.286	6.917	14.286	%x ;bcopy;printf	0	99
0x1318d4		unnamed	candidate	low	conflicting	nextmach:nextmach/mk-108.1/nfs/nfs_vnodeops.c:600:printfhandle	14.286	12.1	45.686	%x ;bcopy;printf	0	99
0x131a40		unnamed	candidate	low	single	darwin01:darwin01/kernel/bsd/nfs/nfs_vfsops.c:218:nfs_iosize	0	0	0		0	99
0x131a4c		unnamed	candidate	low	single	darwin01:darwin01/kernel/bsd/nfs/nfs_vfsops.c:218:nfs_iosize	0	0	0		0	99
0x131a58		unnamed	candidate	medium	single	nextmach:nextmach/mk-108.1/nfs/nfs_vnodeops.c:701:nfs_getattr	14.046	7.37	14.046	nfsgetattr;sync_vp	0	99
0x131a84		unnamed	candidate	medium	single	nextmach:nextmach/mk-108.1/nfs/nfs_vnodeops.c:727:nfs_setattr	56.805	33.095	73.502	bcopy;binvalfree;kalloc;kfree;mfs_trunc;nfs_attrcache;nfs_cache_check;rfscall;sync_vp;vattr_to_sattr	0	99
0x131c0c		unnamed	candidate	low	conflicting	nextmach:nextmach/mk-108.1/nfs/nfs_vnodeops.c:701:nfs_getattr	7.37	7.37	7.37	nfsgetattr	0	99
0x131cb0		unnamed	candidate	low	conflicting	nextmach:nextmach/mk-108.1/nfs/nfs_vnodeops.c:870:nfs_readlink	18.356	18.356	29.881	kalloc;kfree;rfscall;uiomove	0	99
0x131d60		unnamed	candidate	low	conflicting	nextmach:nextmach/mk-108.1/nfs/nfs_vnodeops.c:284:nfs_rdwr	11.887	11.887	11.887	rlock;runlock	1	99
0x131d8c		unnamed	candidate	medium	single	nextmach:nextmach/mk-108.1/nfs/nfs_vnodeops.c:936:nfs_inactive	48.181	32.631	52.293	crfree;kfree;rfree;rfscall;rlock;rp_rmhash;runlock;setdiropargs	0	99
0x131e58		unnamed	candidate	medium	single	nextmach:nextmach/mk-108.1/nfs/nfs_vnodeops.c:992:nfs_lookup	67.885	53.945	83.522	bzero;dnlc_enter;dnlc_lookup;kalloc;kfree;makenfsnode;nfs_validate_caches;rfscall;rlock;runlock;setdiropargs;specvp	0	99
0x131fe4		unnamed	candidate	medium	single	nextmach:nextmach/mk-108.1/nfs/nfs_vnodeops.c:1083:nfs_create	100.777	81.153	159.237	binvalfree;bzero;dnlc_enter;dnlc_remove;kalloc;kfree;makenfsnode;mfs_trunc;nattr_to_vattr;rfscall;rlock;runlock;setdirgid;setdiropargs;specvp;vattr_null;vattr_to_sattr	0	99
0x1325e0		unnamed	candidate	low	single	nextmach:nextmach/mk-108.1/nfs/nfs_vnodeops.c:992:nfs_lookup	67.885	54.164	110.388	bzero;dnlc_enter;dnlc_lookup;kalloc;kfree;makenfsnode;nfs_validate_caches;rfscall;rlock;runlock;setdiropargs;specvp	1	99
0x132910		unnamed	candidate	low	conflicting	nextmach:nextmach/mk-108.1/nfs/nfs_vnodeops.c:936:nfs_inactive	23.735	23.735	35.26	rfscall;rlock;runlock;setdiropargs	0	99
0x132a04		unnamed	candidate	low	conflicting	nextmach:nextmach/mk-108.1/nfs/nfs_vnodeops.c:1083:nfs_create	30.412	30.412	41.937	dnlc_remove;rfscall;rlock;runlock;setdiropargs	0	99
0x132b78		unnamed	candidate	medium	single	nextmach:nextmach/mk-108.1/nfs/nfs_vnodeops.c:1083:nfs_create	94.506	89.621	143.382	binvalfree;bzero;dnlc_enter;dnlc_remove;kalloc;kfree;makenfsnode;mfs_trunc;nattr_to_vattr;rfscall;rlock;runlock;setdirgid;setdiropargs;vattr_null;vattr_to_sattr	0	99
0x132ed8		unnamed	candidate	low	conflicting	nextmach:nextmach/mk-108.1/nfs/nfs_vnodeops.c:1221:nfs_remove	30.124	30.124	41.649	dnlc_purge_vp;rfscall;rlock;runlock;setdiropargs	0	99
0x132f68		unnamed	candidate	low	conflicting	nextmach:nextmach/mk-108.1/nfs/nfs_vnodeops.c:1083:nfs_create	18.931	18.931	30.456	rfscall;setdiropargs;vattr_to_sattr	0	99
0x132ff8		unnamed	candidate	medium	single	nextmach:nextmach/mk-108.1/nfs/nfs_vnodeops.c:1565:nfs_readdir	25.463	18.356	36.987	bcopy;bzero;kalloc;kfree;rfscall;uiomove	0	99
0x133130		unnamed	candidate	low	single	nextmach:nextmach/mk-108.1/nfs/nfs_vnodeops.c:1644:nfs_strategy	11.316	3.946	17.992	wakeup;wakeup_one	1	99
0x1331cc	_async_daemon	named	candidate	low	single	nextmach:nextmach/mk-108.1/nfs/nfs_vnodeops.c:1736:async_daemon	10.324	0.0	23.677	setjmp;sleep	2	1
0x1332c8		unnamed	candidate	medium	single	nextmach:nextmach/mk-108.1/nfs/nfs_vnodeops.c:511:nfswrite	31.223	15.753	89.398	NFS write error %d on host %s ;NFS write error: on host %s re;nfs_attrcache;printf;rfscall	1	99
0x133794		unnamed	candidate	low	single	darwin01:darwin01/kernel/bsd/nfs/nfs_vfsops.c:218:nfs_iosize	0	0	0		0	99
0x1337a0		unnamed	candidate	low	single	darwin01:darwin01/kernel/bsd/nfs/nfs_vfsops.c:218:nfs_iosize	0	0	0		0	99
0x1337ac		unnamed	candidate	low	single	darwin01:darwin01/kernel/bsd/nfs/nfs_vfsops.c:218:nfs_iosize	0	0	0		0	99
0x1337c4		unnamed	candidate	low	single	darwin01:darwin01/kernel/bsd/nfs/nfs_vfsops.c:218:nfs_iosize	0	0	0		0	99
0x1337d0	_sync_vp	named	candidate	low	single	nextmach:nextmach/mk-108.1/nfs/nfs_vnodeops.c:1986:sync_vp	6.859	0.0	6.859	mfs_fsync	1	1
0x1337f8	_sync_vp_invalidate	named	unmapped	unknown	single		0.0	0.0	8.468		1	0
0x133824		unnamed	candidate	medium	single	nextmach:nextmach/mk-108.1/nfs/nfs_vnodeops.c:2003:flush_vp	14.046	6.676	14.046	bflush;blkflush	0	99
0x133884		unnamed	candidate	low	single	darwin01:darwin01/kernel/bsd/nfs/nfs_vfsops.c:218:nfs_iosize	0	0	0		0	99
0x1338c0		unnamed	candidate	medium	single	nextmach:nextmach/mk-108.1/nfs/nfs_vnodeops.c:2050:nfs_pagein	106.049	42.297	114.517	%s[%d]: ;NFS failure on pagein: no cred;NFS read error %d on pagein\n;NFS read error on pagein: stal;bread;breadDirect;breada;brelse;copy_to_phys;crfree;incore;nfs_validate_caches;printf;rlock;runlock;vm_page_zero_fill	0	99
0x133de4		unnamed	candidate	medium	single	nextmach:nextmach/mk-108.1/nfs/nfs_vnodeops.c:2248:nfs_pageout	101.308	34.665	126.712	%s[%d]: ;NFS failure on pageout: no cre;NFS mapping error on pageout\n;NFS read error %d on pageout\n;NFS write error %d on pageout\n;NFS write error on pageout: de;bawrite;bdwrite;bread;brelse;copy_from_phys;crfree;getblk;printf;runlock	0	99
0x1340d8		unnamed	candidate	low	single	darwin01:darwin01/kernel/bsd/nfs/nfs_vfsops.c:218:nfs_iosize	0	0	0		0	99
0x134120		unnamed	candidate	low	single	darwin01:darwin01/kernel/bsd/nfs/nfs_vfsops.c:218:nfs_iosize	0	0	0		0	99
0x13412c	_xdr_fhandle	named	candidate	low	single	nextmach:nextmach/mk-108.1/nfs/nfs_xdr.c:50:xdr_fhandle	5.76	5.76	5.76	xdr_opaque	0	3
0x134154	_xdr_writeargs	named	candidate	medium	single	nextmach:nextmach/mk-108.1/nfs/nfs_xdr.c:74:xdr_writeargs	21.667	0.0	27.427	xdr_bytes;xdr_long;xdrmbuf_getmbuf	0	1
0x1341f8		unnamed	candidate	low	conflicting	nextmach:nextmach/mk-108.1/nfs/nfs_xdr.c:108:xdr_fattr	11.743	11.743	11.743	xdr_enum;xdr_u_long	3	70
0x1344b0	_xdr_readargs	named	candidate	low	single	nextmach:nextmach/mk-108.1/nfs/nfs_xdr.c:190:xdr_readargs	6.676	0.0	12.437	xdr_long	0	1
0x134518	_xdr_rdresult	named	candidate	low	single	nextmach:nextmach/mk-108.1/nfs/nfs_xdr.c:337:xdr_rdresult	6.166	0.0	6.166	xdr_union	0	1
0x13454c	_xdr_attrstat	named	candidate	low	single	nextmach:nextmach/mk-108.1/nfs/nfs_xdr.c:395:xdr_attrstat	6.166	0.0	6.166	xdr_union	0	1
0x134580	_xdr_rdlnres	named	candidate	low	single	nextmach:nextmach/mk-108.1/nfs/nfs_xdr.c:444:xdr_rdlnres	6.166	0.0	6.166	xdr_union	0	1
0x1345b4	_xdr_rddirargs	named	candidate	low	single	nextmach:nextmach/mk-108.1/nfs/nfs_xdr.c:467:xdr_rddirargs	5.472	0.0	11.233	xdr_u_long	0	1
0x134608	_xdr_putrddirres	named	candidate	medium	single	nextmach:nextmach/mk-108.1/nfs/nfs_xdr.c:526:xdr_putrddirres	26.041	0.0	26.041	xdr_bool;xdr_bytes;xdr_enum;xdr_u_long	0	1
0x13477c	_xdr_getrddirres	named	candidate	medium	single	nextmach:nextmach/mk-108.1/nfs/nfs_xdr.c:605:xdr_getrddirres	33.747	0.0	33.747	xdr_bool;xdr_enum;xdr_opaque;xdr_u_long;xdr_u_short	0	1
0x1348a8	_xdr_diropargs	named	candidate	low	single	nextmach:nextmach/mk-108.1/nfs/nfs_xdr.c:678:xdr_diropargs	5.903	0.0	11.663	xdr_string	0	1
0x1348f0	_xdr_diropres	named	candidate	low	single	nextmach:nextmach/mk-108.1/nfs/nfs_xdr.c:725:xdr_diropres	6.166	0.0	6.166	xdr_union	0	1
0x134924		unnamed	candidate	low	single	nextmach:nextmach/mk-108.1/nfs/nfs_xdr.c:74:xdr_writeargs	6.676	6.676	6.676	xdr_long	0	70
0x134960	_xdr_saargs	named	candidate	low	single	nextmach:nextmach/mk-108.1/nfs/nfs_xdr.c:767:xdr_saargs	0	0.0	11.233		2	1
0x1349f8	_xdr_creatargs	named	candidate	low	single	nextmach:nextmach/mk-108.1/nfs/nfs_xdr.c:790:xdr_creatargs	0	0.0	17.136		2	1
0x134aac	_xdr_linkargs	named	candidate	low	single	nextmach:nextmach/mk-108.1/nfs/nfs_xdr.c:809:xdr_linkargs	0	0.0	11.663		0	1
0x134b10	_xdr_rnmargs	named	candidate	low	single	nextmach:nextmach/mk-108.1/nfs/nfs_xdr.c:828:xdr_rnmargs	0	0.0	11.663		0	1
0x134b88	_xdr_slargs	named	candidate	low	single	nextmach:nextmach/mk-108.1/nfs/nfs_xdr.c:847:xdr_slargs	5.903	0.0	17.136	xdr_string	2	1
0x134c54	_xdr_statfs	named	candidate	low	single	nextmach:nextmach/mk-108.1/nfs/nfs_xdr.c:899:xdr_statfs	6.166	0.0	6.166	xdr_union	0	1
0x134c88		unnamed	candidate	low	single	nextmach:nextmach/mk-108.1/nfs/nfs_xdr.c:50:xdr_fhandle	5.76	5.76	5.76	xdr_opaque	1	70
0x134ccc		unnamed	candidate	low	single	nextmach:nextmach/mk-108.1/nfs/nfs_xdr.c:74:xdr_writeargs	6.676	6.676	6.676	xdr_long	0	70
0x134d3c		unnamed	candidate	medium	single	nextmach:nextmach/mk-108.1/nfs/nfs_xdr.c:261:xdr_rrok	26.877	7.262	48.084	printf;xdr_bytes;xdr_rrok: FAILED, can't get mb;xdrmbuf_putbuf	1	70
0x134e68		unnamed	candidate	low	single	nextmach:nextmach/mk-108.1/nfs/nfs_xdr.c:74:xdr_writeargs	6.522	6.522	6.522	xdr_bytes	0	70
0x134e98		unnamed	candidate	low	conflicting	nextmach:nextmach/mk-108.1/nfs/nfs_xdr.c:226:rrokfree	11.603	8.288	34.533	sleep;splimp;splx	0	70
0x134f7c		unnamed	candidate	low	single	nextmach:nextmach/mk-108.1/nfs/nfs_vnodeops.c:1644:nfs_strategy	3.946	3.946	3.946	wakeup	0	70
0x134f94	_authkern_create	named	candidate	medium	single	nextmach:nextmach/mk-108.1/rpc/auth_kern.c:59:authkern_create	7.128	0.0	7.128	bzero;kalloc	0	1
0x134fdc	_authkern_nextverf	named	candidate	low	single	nextmach:nextmach/mk-108.1/rpc/auth_kern.c:83:authkern_nextverf	0	0.0	0		0	1
0x134fe4	_authkern_marshal	named	candidate	medium	single	nextmach:nextmach/mk-108.1/rpc/auth_kern.c:91:authkern_marshal	46.08	0.0	51.253	authkern_marshal: xdr_authkern;bcopy;kalloc;kfree;printf;xdr_authkern;xdr_opaque_auth;xdrmem_create	0	1
0x1351a8	_authkern_validate	named	candidate	low	single	nextmach:nextmach/mk-108.1/rpc/auth_kern.c:176:authkern_validate	0	0.0	0		0	1
0x1351b4	_authkern_refresh	named	candidate	low	single	nextmach:nextmach/mk-108.1/rpc/auth_kern.c:186:authkern_refresh	0	0.0	0		0	1
0x1351c0	_authkern_destroy	named	candidate	low	single	nextmach:nextmach/mk-108.1/rpc/auth_kern.c:193:authkern_destroy	3.563	0.0	3.563	kfree	0	1
0x1351d4	_xdr_authunix_parms	named	candidate	medium	single	nextmach:nextmach/mk-108.1/rpc/authunix_prot.c:29:xdr_authunix_parms	26.52	0.0	26.52	xdr_array;xdr_int;xdr_string;xdr_u_long	0	1
0x135254	_xdr_authkern	named	candidate	medium	single	nextmach:nextmach/mk-108.1/rpc/authunix_prot.c:50:xdr_authkern	26.52	0.0	31.693	xdr_array;xdr_int;xdr_string;xdr_u_long	0	1
0x135330	_clntkudp_once	named	candidate	low	single	nextmach:nextmach/mk-108.1/rpc/clnt_kudp.c:133:clntkudp_once	0	0.0	0		0	1
0x135350	_clntkudp_interruptable	named	candidate	low	single	nextmach:nextmach/mk-108.1/rpc/clnt_kudp.c:146:clntkudp_interruptable	0	0.0	0		0	1
0x135378	_clntkudp_realloc	named	candidate	medium	single	nextmach:nextmach/mk-108.1/rpc/clnt_kudp.c:164:clntkudp_realloc	7.061	0.0	7.061	bcopy;kfree	0	1
0x1353b0	_clntkudp_create	named	candidate	medium	single	nextmach:nextmach/mk-108.1/rpc/clnt_kudp.c:199:clntkudp_create	93.278	0.0	103.783	authkern_create;bzero;clntkudp_create - Fatal header;clntkudp_create: socket bind p;clntkudp_create: socket creati;clntkudp_init;kalloc;kfree;m_free;m_freem;mclgetx;printf;socreate;xdr_callhdr;xdrmbuf_init	1	1
0x135544	_clntkudp_init	named	candidate	low	single	nextmach:nextmach/mk-108.1/rpc/clnt_kudp.c:295:clntkudp_init	0	0.0	0		0	1
0x135584	_clntkudp_freecred	named	unmapped	unknown	single		0.0	0.0	5.333		0	0
0x1355a8	_clntkudp_callit_addr	named	candidate	medium	single	nextmach:nextmach/mk-108.1/rpc/clnt_kudp.c:326:clntkudp_callit_addr	98.028	0.0	106.388	_seterr_reply;ku_recvfrom;ku_sendto_mbuf;m_freem;mclgetx;sbflush;sleep;splimp;splnet;splx;timeout;untimeout;wakeup;xdr_opaque_auth;xdr_replymsg;xdrmbuf_init	0	1
0x135bd8	_clntkudp_callit	named	candidate	medium	single	nextmach:nextmach/mk-108.1/rpc/clnt_kudp.c:672:clntkudp_callit	7.37	0.0	7.37	clntkudp_callit_addr	0	1
0x135c08	_ckuwakeup	named	candidate	medium	single	nextmach:nextmach/mk-108.1/rpc/clnt_kudp.c:688:ckuwakeup	7.775	0.0	7.775	sbwakeup	0	1
0x135c24	_clntkudp_error	named	candidate	low	single	nextmach:nextmach/mk-108.1/rpc/clnt_kudp.c:704:clntkudp_error	0	0.0	0		0	1
0x135c48	_clntkudp_freeres	named	candidate	low	single	nextmach:nextmach/mk-108.1/rpc/clnt_kudp.c:714:clntkudp_freeres	0	0.0	0		0	1
0x135c70	_clntkudp_abort	named	candidate	low	single	nextmach:nextmach/mk-108.1/rpc/clnt_kudp.c:727:clntkudp_abort	0	0.0	0		0	1
0x135c78	_clntkudp_control	named	candidate	low	single	nextmach:nextmach/mk-108.1/rpc/clnt_kudp.c:732:clntkudp_control	0	0.0	0		0	1
0x135c84	_clntkudp_destroy	named	candidate	medium	single	nextmach:nextmach/mk-108.1/rpc/clnt_kudp.c:744:clntkudp_destroy	10.239	0.0	10.239	kfree;soclose	0	1
0x135cb4		unnamed	candidate	medium	single	nextmach:nextmach/mk-108.1/rpc/clnt_kudp.c:765:bindresvport	41.335	7.792	41.335	bindresvport: couldn't alloc m;crdup;crfree;m_freem;m_get;printf;sobind	0	26
0x135d8c		unnamed	candidate	low	single	nextmach:nextmach/mk-108.1/rpc/authunix_prot.c:29:xdr_authunix_parms	0	0	0		0	26
0x135d94		unnamed	candidate	low	single	nextmach:nextmach/mk-108.1/rpc/clnt_kudp.c:183:buffree	3.946	3.946	3.946	wakeup	0	26
0x135dbc	_clnt_sperrno	named	candidate	medium	single	nextmach:nextmach/mk-108.1/rpc/clnt_perror.c:183:clnt_sperrno	8.468	0.0	8.468	RPC: (unknown error code)	0	1
0x135df4	_pmap_kgetport	named	candidate	low	single	nextmach:nextmach/mk-108.1/rpc/pmap_kgetport.c:57:pmap_kgetport	6.676	0.0	6.676	clntkudp_create	0	1
0x135f10	_getport_loop	named	candidate	medium	single	nextmach:nextmach/mk-108.1/rpc/pmap_kgetport.c:124:getport_loop	28.823	0.0	42.358	Portmapper not responding; giv;Portmapper not responding; sti;Portmapper ok\n;printf	0	1
0x1360c0	_xdr_pmap	named	candidate	low	single	nextmach:nextmach/mk-108.1/rpc/pmap_prot.c:35:xdr_pmap	5.472	0.0	5.472	xdr_u_long	0	1
0x136114	_xdr_rmtcall_args	named	candidate	low	identical-bodies	nextmach:nextmach/mk-108.1/rpc/pmap_krmt.c:78:xdr_rmtcall_args; nextmach:nextmach/mk-108.1/rpc/pmap_rmt.c:93:xdr_rmtcall_args	5.472	0.0	5.472	xdr_u_long	0	2
0x1361f4	_xdr_rmtcallres	named	candidate	medium	identical-bodies	nextmach:nextmach/mk-108.1/rpc/pmap_krmt.c:109:xdr_rmtcallres; nextmach:nextmach/mk-108.1/rpc/pmap_rmt.c:124:xdr_rmtcallres	13.941	0.0	13.941	xdr_reference;xdr_u_long	0	2
0x136250	_xdr_callmsg	named	candidate	medium	single	nextmach:nextmach/mk-108.1/rpc/rpc_callmsg.c:28:xdr_callmsg	35.454	0.0	38.973	bcopy;xdr_enum;xdr_opaque;xdr_opaque_auth;xdr_u_int;xdr_u_long	0	1
0x1365cc	_xdr_opaque_auth	named	candidate	medium	single	nextmach:nextmach/mk-108.1/rpc/rpc_prot.c:40:xdr_opaque_auth	12.793	0.0	12.793	xdr_bytes;xdr_enum	0	1
0x136608	_xdr_des_block	named	candidate	low	single	nextmach:nextmach/mk-108.1/rpc/rpc_prot.c:55:xdr_des_block	5.76	0.0	5.76	xdr_opaque	0	1
0x136620	_xdr_accepted_reply	named	candidate	medium	single	nextmach:nextmach/mk-108.1/rpc/rpc_prot.c:68:xdr_accepted_reply	11.743	0.0	18.266	xdr_enum;xdr_u_long	0	1
0x1366bc	_xdr_rejected_reply	named	candidate	medium	single	nextmach:nextmach/mk-108.1/rpc/rpc_prot.c:95:xdr_rejected_reply	11.743	0.0	11.743	xdr_enum;xdr_u_long	0	1
0x136720	_xdr_replymsg	named	candidate	medium	single	nextmach:nextmach/mk-108.1/rpc/rpc_prot.c:125:xdr_replymsg	34.25	0.0	37.769	bcopy;xdr_enum;xdr_opaque;xdr_u_int;xdr_u_long;xdr_union	0	1
0x136a6c	_xdr_callhdr	named	candidate	medium	single	nextmach:nextmach/mk-108.1/rpc/rpc_prot.c:255:xdr_callhdr	11.743	0.0	11.743	xdr_enum;xdr_u_long	0	1
0x136ae4	__seterr_reply	named	candidate	low	single	nextmach:nextmach/mk-108.1/rpc/rpc_prot.c:338:_seterr_reply	0	0.0	0		0	1
0x136c00	_ku_recvfrom	named	candidate	medium	single	nextmach:nextmach/mk-108.1/rpc/subr_kudp.c:48:ku_recvfrom	25.109	0.0	25.109	ku_recvfrom: len = %d\n;ku_recvfrom: no body!\n;m_free;printf	0	1
0x136cf8	_ku_sendto_mbuf	named	candidate	medium	single	nextmach:nextmach/mk-108.1/rpc/subr_kudp.c:114:ku_sendto_mbuf	57.016	0.0	57.016	in_pcbconnect;in_pcbdisconnect;m_free;m_freem;m_get;pcbsetaddr failed %d\n;printf;splnet;splx;udp_output	0	1
0x136ddc	_xprt_register	named	candidate	low	single	nextmach:nextmach/mk-108.1/rpc/svc.c:77:xprt_register	0	0.0	0		0	1
0x136de4	_svc_register	named	candidate	low	single	nextmach:nextmach/mk-108.1/rpc/svc.c:123:svc_register	0	0.0	3.519		1	1
0x136e40	_svc_unregister	named	candidate	low	single	nextmach:nextmach/mk-108.1/rpc/svc.c:163:svc_unregister	0	0.0	3.563		1	1
0x136e88		unnamed	candidate	low	single	nextmach:nextmach/mk-108.1/rpc/subr_kudp.c:48:ku_recvfrom	0	0	0		0	21
0x136ec4	_svc_sendreply	named	candidate	low	single	nextmach:nextmach/mk-108.1/rpc/svc.c:214:svc_sendreply	0	0.0	0		0	1
0x136f18	_svcerr_noproc	named	candidate	low	single	nextmach:nextmach/mk-108.1/rpc/svc.c:234:svcerr_noproc	0	0.0	0		0	1
0x136f60	_svcerr_decode	named	candidate	low	single	nextmach:nextmach/mk-108.1/rpc/svc.c:250:svcerr_decode	0	0.0	0		0	1
0x136fa8	_svcerr_auth	named	candidate	low	single	nextmach:nextmach/mk-108.1/rpc/svc.c:284:svcerr_auth	0	0.0	0		0	1
0x136fe0	_svcerr_weakauth	named	candidate	low	single	nextmach:nextmach/mk-108.1/rpc/svc.c:301:svcerr_weakauth	0	0.0	0		0	1
0x137018	_svcerr_noprog	named	candidate	low	single	nextmach:nextmach/mk-108.1/rpc/svc.c:312:svcerr_noprog	0	0.0	0		0	1
0x137060	_svcerr_progvers	named	candidate	low	single	nextmach:nextmach/mk-108.1/rpc/svc.c:328:svcerr_progvers	0	0.0	0		0	1
0x1370b4	_svc_getreq	named	candidate	low	single	nextmach:nextmach/mk-108.1/rpc/svc.c:364:svc_getreq	0	0.0	11.988		0	1
0x137300	_svc_run	named	candidate	medium	single	nextmach:nextmach/mk-108.1/rpc/svc.c:503:svc_run	23.118	0.0	23.118	sbwait;splnet;splx;svc_getreq	0	1
0x137340	__authenticate	named	candidate	low	single	nextmach:nextmach/mk-108.1/rpc/svc_auth.c:84:_authenticate	0	0.0	0		0	1
0x137394	__svcauth_null	named	candidate	low	single	nextmach:nextmach/mk-108.1/rpc/svc_auth.c:102:_svcauth_null	0	0.0	0		0	1
0x1373a0	__svcauth_unix	named	candidate	medium	single	nextmach:nextmach/mk-108.1/rpc/svc_auth_unix.c:45:_svcauth_unix	31.628	0.0	31.628	bad auth_len gid %d str %d aut;bcopy;printf;xdr_authunix_parms;xdrmem_create	0	1
0x13751c	__svcauth_short	named	candidate	low	single	nextmach:nextmach/mk-108.1/rpc/svc_auth_unix.c:127:_svcauth_short	0	0.0	0		0	1
0x137528	_svckudp_create	named	candidate	medium	single	nextmach:nextmach/mk-108.1/rpc/svc_kudp.c:107:svckudp_create	15.596	0.0	15.596	bzero;kalloc;xprt_register	0	1
0x137594	_svckudp_destroy	named	candidate	medium	single	nextmach:nextmach/mk-108.1/rpc/svc_kudp.c:142:svckudp_destroy	7.937	0.0	7.937	kfree;m_freem	0	1
0x1375dc	_svckudp_recv	named	candidate	medium	single	nextmach:nextmach/mk-108.1/rpc/svc_kudp.c:170:svckudp_recv	35.49	0.0	35.49	ku_recvfrom;m_freem;splnet;splx;xdr_callmsg;xdrmbuf_init	0	1
0x137690	_svckudp_send	named	candidate	medium	single	nextmach:nextmach/mk-108.1/rpc/svc_kudp.c:233:svckudp_send	57.354	0.0	61.301	ku_sendto_mbuf;m_freem;mclgetx;printf;sleep;splimp;splx;svckudp_send: xdr_replymsg fai;xdr_replymsg;xdrmbuf_init	0	1
0x13779c	_svckudp_stat	named	candidate	low	single	nextmach:nextmach/mk-108.1/rpc/svc_kudp.c:293:svckudp_stat	0	0.0	0		0	1
0x1377a8	_svckudp_getargs	named	candidate	low	single	nextmach:nextmach/mk-108.1/rpc/svc_kudp.c:304:svckudp_getargs	0	0.0	0		0	1
0x1377c4	_svckudp_freeargs	named	candidate	low	single	nextmach:nextmach/mk-108.1/rpc/svc_kudp.c:314:svckudp_freeargs	4.374	0.0	4.374	m_freem	0	1
0x137814	_svckudp_dupsave	named	candidate	low	single	nextmach:nextmach/mk-108.1/rpc/svc_kudp.c:375:svckudp_dupsave	3.519	0.0	3.519	kalloc	1	1
0x1378c4	_svckudp_dup	named	candidate	low	single	nextmach:nextmach/mk-108.1/rpc/svc_kudp.c:415:svckudp_dup	5.377	0.0	5.377	bcmp	0	1
0x137944		unnamed	candidate	low	single	nextmach:nextmach/mk-108.1/rpc/svc_auth_unix.c:45:_svcauth_unix	0	0	0		0	32
0x137994		unnamed	candidate	low	single	nextmach:nextmach/mk-108.1/rpc/svc_kudp.c:216:buffree	3.946	0	3.946	wakeup	0	32
0x1379b8	_xdr_void	named	candidate	low	single	nextmach:nextmach/mk-108.1/rpc/xdr.c:68:xdr_void	0	0.0	0		0	1
0x1379c4	_xdr_int	named	candidate	low	single	nextmach:nextmach/mk-108.1/rpc/xdr.c:80:xdr_int	6.676	0.0	6.676	xdr_long	0	1
0x1379d8	_xdr_u_int	named	candidate	low	single	nextmach:nextmach/mk-108.1/rpc/xdr.c:101:xdr_u_int	5.472	0.0	5.472	xdr_u_long	0	1
0x1379ec	_xdr_long	named	candidate	medium	single	nextmach:nextmach/mk-108.1/rpc/xdr.c:123:xdr_long	10.788	0.0	10.788	printf;xdr_long: FAILED\n	0	1
0x137a44	_xdr_u_long	named	candidate	medium	single	nextmach:nextmach/mk-108.1/rpc/xdr.c:148:xdr_u_long	11.887	0.0	11.887	printf;xdr_u_long: FAILED\n	0	1
0x137a9c	_xdr_short	named	candidate	low	single	nextmach:nextmach/mk-108.1/rpc/xdr.c:169:xdr_short	0	0.0	0		0	1
0x137b04	_xdr_u_short	named	candidate	medium	single	nextmach:nextmach/mk-108.1/rpc/xdr.c:198:xdr_u_short	20.355	0.0	20.355	printf;xdr_u_short: bad op FAILED\n;xdr_u_short: decode FAILED\n	0	1
0x137b88	_xdr_char	named	candidate	low	single	nextmach:nextmach/mk-108.1/rpc/xdr.c:234:xdr_char	0	0.0	6.676		0	1
0x137bc4	_xdr_bool	named	candidate	medium	single	nextmach:nextmach/mk-108.1/rpc/xdr.c:272:xdr_bool	20.355	0.0	20.355	printf;xdr_bool: bad op FAILED\n;xdr_bool: decode FAILED\n	0	1
0x137c58	_xdr_enum	named	candidate	low	single	nextmach:nextmach/mk-108.1/rpc/xdr.c:307:xdr_enum	0	0.0	10.788		0	1
0x137cac	_xdr_opaque	named	candidate	medium	single	nextmach:nextmach/mk-108.1/rpc/xdr.c:336:xdr_opaque	25.527	0.0	25.527	printf;xdr_opaque: bad op FAILED\n;xdr_opaque: decode FAILED\n;xdr_opaque: encode FAILED\n	0	1
0x137d78	_xdr_bytes	named	candidate	medium	single	nextmach:nextmach/mk-108.1/rpc/xdr.c:397:xdr_bytes	28.823	0.0	63.487	printf;xdr_bytes: bad op FAILED\n;xdr_bytes: bad size FAILED\n;xdr_bytes: size FAILED\n	0	1
0x137edc	_xdr_netobj	named	candidate	low	single	nextmach:nextmach/mk-108.1/rpc/xdr.c:463:xdr_netobj	6.522	0.0	6.522	xdr_bytes	0	1
0x137efc	_xdr_union	named	candidate	medium	single	nextmach:nextmach/mk-108.1/rpc/xdr.c:483:xdr_union	11.887	0.0	19.256	printf;xdr_enum: dscmp FAILED\n	0	1
0x137fa0	_xdr_string	named	candidate	medium	single	nextmach:nextmach/mk-108.1/rpc/xdr.c:535:xdr_string	28.823	0.0	63.487	printf;xdr_string: bad op FAILED\n;xdr_string: bad size FAILED\n;xdr_string: size FAILED\n	0	1
0x138134	_xdr_array	named	candidate	medium	single	nextmach:nextmach/mk-108.1/rpc/xdr_array.c:43:xdr_array	31.045	0.0	38.127	bzero;printf;xdr_array: bad size FAILED\n;xdr_array: size FAILED\n;xdr_u_int	0	1
0x138230	_xdrmbuf_init	named	candidate	low	single	nextmach:nextmach/mk-108.1/rpc/xdr_mbuf.c:51:xdrmbuf_init	0	0.0	0		0	1
0x138264	_xdrmbuf_destroy	named	candidate	low	single	nextmach:nextmach/mk-108.1/rpc/xdr_mbuf.c:67:xdrmbuf_destroy	0	0.0	0		0	1
0x13826c	_xdrmbuf_getlong	named	candidate	medium	single	nextmach:nextmach/mk-108.1/rpc/xdr_mbuf.c:74:xdrmbuf_getlong	11.887	0.0	11.887	printf;xdr_mbuf: long crosses mbufs!\n	0	1
0x1382d8	_xdrmbuf_putlong	named	candidate	medium	single	nextmach:nextmach/mk-108.1/rpc/xdr_mbuf.c:101:xdrmbuf_putlong	11.193	0.0	11.193	printf;xdr_mbuf: putlong, long crosse	0	1
0x138344	_xdrmbuf_getbytes	named	candidate	low	single	nextmach:nextmach/mk-108.1/rpc/xdr_mbuf.c:128:xdrmbuf_getbytes	3.498	0.0	3.498	bcopy	0	1
0x1383c8	_xdrmbuf_getmbuf	named	candidate	medium	single	nextmach:nextmach/mk-108.1/rpc/xdr_mbuf.c:164:xdrmbuf_getmbuf	18.968	0.0	18.968	printf;xdr_u_int;xdrmbuf_getmbuf failed\n	0	1
0x138438	_xdrmbuf_putbytes	named	candidate	low	single	nextmach:nextmach/mk-108.1/rpc/xdr_mbuf.c:198:xdrmbuf_putbytes	3.498	0.0	3.498	bcopy	0	1
0x1384bc	_xdrmbuf_putbuf	named	candidate	medium	single	nextmach:nextmach/mk-108.1/rpc/xdr_mbuf.c:234:xdrmbuf_putbuf	18.745	0.0	26.52	mclgetx;printf;xdrmbuf_putbuf: mclgetx failed	0	1
0x138580	_xdrmbuf_getpos	named	candidate	low	single	nextmach:nextmach/mk-108.1/rpc/xdr_mbuf.c:263:xdrmbuf_getpos	0	0.0	0		0	1
0x138598	_xdrmbuf_setpos	named	candidate	low	single	nextmach:nextmach/mk-108.1/rpc/xdr_mbuf.c:272:xdrmbuf_setpos	0	0.0	0		0	1
0x1385cc	_xdrmbuf_inline	named	candidate	low	single	nextmach:nextmach/mk-108.1/rpc/xdr_mbuf.c:289:xdrmbuf_inline	0	0.0	0		0	1
0x1385f4	_xdrmem_create	named	candidate	low	single	nextmach:nextmach/mk-108.1/rpc/xdr_mem.c:53:xdrmem_create	0	0.0	0		0	1
0x138620		unnamed	candidate	low	single	nextmach:nextmach/mk-108.1/rpc/xdr_mbuf.c:51:xdrmbuf_init	0	0	0		0	22
0x138628		unnamed	candidate	low	single	nextmach:nextmach/mk-108.1/rpc/xdr_mbuf.c:51:xdrmbuf_init	0	0	0		0	22
0x13865c		unnamed	candidate	low	single	nextmach:nextmach/mk-108.1/rpc/xdr_mbuf.c:51:xdrmbuf_init	0	0	0		0	22
0x138690		unnamed	candidate	low	single	nextmach:nextmach/mk-108.1/rpc/xdr_mbuf.c:128:xdrmbuf_getbytes	3.498	3.498	3.498	bcopy	0	22
0x1386cc		unnamed	candidate	low	single	nextmach:nextmach/mk-108.1/rpc/xdr_mbuf.c:128:xdrmbuf_getbytes	3.498	3.498	3.498	bcopy	0	22
0x138708		unnamed	candidate	low	single	nextmach:nextmach/mk-108.1/rpc/xdr_mbuf.c:51:xdrmbuf_init	0	0	0		0	22
0x13871c		unnamed	candidate	low	single	nextmach:nextmach/mk-108.1/rpc/xdr_mbuf.c:51:xdrmbuf_init	0	0	0		0	22
0x13874c		unnamed	candidate	low	single	nextmach:nextmach/mk-108.1/rpc/xdr_mbuf.c:51:xdrmbuf_init	0	0	0		0	22
0x138774	_xdr_reference	named	candidate	low	single	nextmach:nextmach/mk-108.1/rpc/xdr_reference.c:43:xdr_reference	3.608	0.0	10.691	bzero	0	1
0x1387e8	_xdr_bp_machine_name_t	named	candidate	low	identical-bodies	nextmach:nextmach/mk-108.1/rpc/bootparam_xdr.c:14:xdr_bp_machine_name_t; nextmach:nextmach/mk-108.1/rpcsvc/bootparam_xdr.c:10:xdr_bp_machine_name_t	5.903	0.0	5.903	xdr_string	0	2
0x138814	_xdr_bp_path_t	named	candidate	low	identical-bodies	nextmach:nextmach/mk-108.1/rpc/bootparam_xdr.c:28:xdr_bp_path_t; nextmach:nextmach/mk-108.1/rpcsvc/bootparam_xdr.c:24:xdr_bp_path_t	5.903	0.0	5.903	xdr_string	0	2
0x138840	_xdr_bp_fileid_t	named	candidate	low	identical-bodies	nextmach:nextmach/mk-108.1/rpc/bootparam_xdr.c:42:xdr_bp_fileid_t; nextmach:nextmach/mk-108.1/rpcsvc/bootparam_xdr.c:38:xdr_bp_fileid_t	5.903	0.0	5.903	xdr_string	0	2
0x138868	_xdr_ip_addr_t	named	candidate	low	conflicting	nextmach:nextmach/mk-108.1/rpc/bootparam_xdr.c:56:xdr_ip_addr_t	8.468	8.468	8.468	xdr_char	0	2
0x1388c4	_xdr_bp_address	named	candidate	low	identical-bodies	nextmach:nextmach/mk-108.1/rpc/bootparam_xdr.c:79:xdr_bp_address; nextmach:nextmach/mk-108.1/rpcsvc/bootparam_xdr.c:75:xdr_bp_address	6.166	0.0	6.166	xdr_union	0	2
0x1388f4	_xdr_bp_whoami_arg	named	candidate	low	identical-bodies	nextmach:nextmach/mk-108.1/rpc/bootparam_xdr.c:98:xdr_bp_whoami_arg; nextmach:nextmach/mk-108.1/rpcsvc/bootparam_xdr.c:94:xdr_bp_whoami_arg	0	0.0	6.166		0	2
0x138930	_xdr_bp_whoami_res	named	candidate	low	identical-bodies	nextmach:nextmach/mk-108.1/rpc/bootparam_xdr.c:112:xdr_bp_whoami_res; nextmach:nextmach/mk-108.1/rpcsvc/bootparam_xdr.c:108:xdr_bp_whoami_res	0	0.0	12.069		0	2
0x1389b4	_xdr_bp_getfile_arg	named	candidate	low	identical-bodies	nextmach:nextmach/mk-108.1/rpc/bootparam_xdr.c:132:xdr_bp_getfile_arg; nextmach:nextmach/mk-108.1/rpcsvc/bootparam_xdr.c:128:xdr_bp_getfile_arg	0	0.0	5.903		0	2
0x138a0c	_xdr_bp_getfile_res	named	candidate	low	identical-bodies	nextmach:nextmach/mk-108.1/rpc/bootparam_xdr.c:149:xdr_bp_getfile_res; nextmach:nextmach/mk-108.1/rpcsvc/bootparam_xdr.c:145:xdr_bp_getfile_res	0	0.0	12.069		0	2
0x138a90	_xdr_fhstatus	named	candidate	medium	identical-bodies	nextmach:nextmach/mk-108.1/rpc/mountxdr.c:26:xdr_fhstatus; nextmach:nextmach/mk-108.1/rpcsvc/mountxdr.c:18:xdr_fhstatus	15.838	0.0	15.838	xdr_fhandle;xdr_int	0	2
0x138ad0		unnamed	candidate	low	single	nextmach:nextmach/mk-108.1/specfs/fifo_vnodeops.c:117:fifo_open	14.271	8.288	14.271	setjmp;sleep;wakeup	1	46
0x138bfc		unnamed	candidate	low	conflicting	nextmach:nextmach/mk-108.1/specfs/fifo_vnodeops.c:170:fifo_close	9.776	9.776	21.742	selwakeup;wakeup	1	46
0x138d54		unnamed	candidate	medium	single	nextmach:nextmach/mk-108.1/specfs/fifo_vnodeops.c:235:fifo_rdwr	96.611	9.776	108.578	fifo_rdwr: non-zero offset: %d;fifo_read: ptr mismatch...size;fifo_read: rptr after uiomove ;fifo_read: rptr too big...rptr;fifo_read: wptr too big...wptr;fifo_write: ptr mismatch...siz;fifo_write: rptr too big...rpt;fifo_write: wptr too big...wpt;printf;psignal;selwakeup;sleep;uiomove;wakeup	2	46
0x1392c0		unnamed	candidate	low	single	nextmach:nextmach/mk-108.1/rpc/bootparam_xdr.c:14:xdr_bp_machine_name_t; nextmach:nextmach/mk-108.1/rpcsvc/bootparam_xdr.c:10:xdr_bp_machine_name_t	0	0	0		0	46
0x139330		unnamed	candidate	low	single	nextmach:nextmach/mk-108.1/rpc/bootparam_xdr.c:14:xdr_bp_machine_name_t; nextmach:nextmach/mk-108.1/rpcsvc/bootparam_xdr.c:10:xdr_bp_machine_name_t	0	0	6.676		0	46
0x1393d0		unnamed	candidate	medium	single	nextmach:nextmach/mk-108.1/specfs/fifo_vnodeops.c:618:fifo_inactive	19.113	0	23.225	kfree;spec_fsync;sunsave	0	46
0x139420		unnamed	candidate	low	single	nextmach:nextmach/mk-108.1/rpc/bootparam_xdr.c:14:xdr_bp_machine_name_t; nextmach:nextmach/mk-108.1/rpcsvc/bootparam_xdr.c:10:xdr_bp_machine_name_t	0	0	0		0	46
0x139438		unnamed	candidate	low	single	nextmach:nextmach/mk-108.1/rpc/bootparam_xdr.c:14:xdr_bp_machine_name_t; nextmach:nextmach/mk-108.1/rpcsvc/bootparam_xdr.c:10:xdr_bp_machine_name_t	0	0	0		0	46
0x139444		unnamed	candidate	medium	single	nextmach:nextmach/mk-108.1/specfs/fifo_vnodeops.c:656:fifo_badop	11.2	0	11.2	fifo_badop\n;panic	0	46
0x139458		unnamed	candidate	low	conflicting	nextmach:nextmach/mk-108.1/specfs/fifo_vnodeops.c:117:fifo_open	8.288	8.288	13.983	sleep;wakeup	0	46
0x1394f0	_fifosp	named	candidate	low	single	nextmach:nextmach/mk-108.1/specfs/fifo_vnodeops.c:700:fifosp	3.519	0.0	7.128	kalloc	0	1
0x139560		unnamed	candidate	medium	single	nextmach:nextmach/mk-108.1/specfs/fifo_vnodeops.c:725:fifo_buffree	9.279	5.333	9.279	kmem_free;wakeup	0	92
0x1395cc		unnamed	candidate	low	single	nextmach:nextmach/mk-108.1/specfs/bdev_vnodeops.c:45:bdev_badop	0	0	0		0	92
0x1395d8	_bdevvp	named	candidate	low	single	nextmach:nextmach/mk-108.1/specfs/spec_subr.c:52:bdevvp	6.271	0	6.271	specvp	0	3
0x1395f0	_set_blocksize	named	candidate	low	single	darwin01:darwin01/kernel/bsd/miscfs/specfs/spec_vnops.c:171:set_blocksize	0	0.0	0		0	1
0x139648	_specvp	named	candidate	low	single	nextmach:nextmach/mk-108.1/specfs/spec_subr.c:71:specvp	15.596	0.0	21.867	bzero;fifosp;kalloc	2	1
0x1397b0	_makespecvp	named	candidate	low	single	nextmach:nextmach/mk-108.1/specfs/spec_subr.c:150:makespecvp	11.469	0.0	17.74	bzero;kalloc;sleep	2	1
0x139860		unnamed	candidate	low	single	nextmach:nextmach/mk-108.1/specfs/spec_subr.c:52:bdevvp	0	0	0		0	33
0x139894	_sunsave	named	candidate	low	single	nextmach:nextmach/mk-108.1/specfs/spec_subr.c:218:sunsave	0	0.0	0		0	1
0x1398f4	_stillopen	named	candidate	low	single	nextmach:nextmach/mk-108.1/specfs/spec_subr.c:245:stillopen	0	0.0	0		0	1
0x139944	_isclosing	named	candidate	low	single	nextmach:nextmach/mk-108.1/specfs/spec_subr.c:265:isclosing	0	0.0	0		0	1
0x139990	_other_specvp	named	candidate	low	single	nextmach:nextmach/mk-108.1/specfs/spec_subr.c:285:other_specvp	0	0.0	0		0	1
0x1399e8	_slookup	named	candidate	low	single	nextmach:nextmach/mk-108.1/specfs/spec_subr.c:309:slookup	0	0.0	0		0	1
0x139a30		unnamed	candidate	low	single	nextmach:nextmach/mk-108.1/specfs/spec_subr.c:52:bdevvp	0	0	0		0	33
0x139abc	_smark	named	candidate	low	single	nextmach:nextmach/mk-108.1/specfs/spec_subr.c:358:smark	5.034	0.0	5.034	microtime	0	1
0x139b14	_spec_badop	named	candidate	medium	single	nextmach:nextmach/mk-108.1/specfs/spec_vfsops.c:51:spec_badop	11.2	2.732	11.2	panic;spec_badop	0	2
0x139b28		unnamed	candidate	low	single	nextmach:nextmach/mk-108.1/specfs/spec_vfsops.c:63:spec_sync	6.676	6.676	6.676	bflush	0	51
0x139b9c		unnamed	candidate	low	single	nextmach:nextmach/mk-108.1/specfs/spec_subr.c:52:bdevvp	0	0	0		0	51
0x139ba8		unnamed	candidate	medium	single	nextmach:nextmach/mk-108.1/specfs/spec_vnodeops.c:152:spec_open	30.967	8.468	43.547	isclosing;printf;sleep;spec_open: got a VFIFO???\n;specvp	0	51
0x139d20		unnamed	candidate	medium	single	nextmach:nextmach/mk-108.1/specfs/spec_vnodeops.c:253:spec_close	44.331	6.676	44.331	bflush;binval;printf;setjmp;spec_close: got a VFIFO???\n;stillopen;wakeup	0	51
0x139e18		unnamed	candidate	medium	single	nextmach:nextmach/mk-108.1/specfs/spec_vnodeops.c:327:spec_rdwr	72.209	43.019	79.068	bawrite;bdwrite;bread;breada;brelse;bwrite;getblk;geteblk;panic;smark;spec_rdwr;uiomove	0	51
0x13a0a8		unnamed	candidate	low	conflicting	nextmach:nextmach/mk-108.1/specfs/spec_vnodeops.c:450:spec_ioctl	11.2	11.2	11.2	panic;spec_ioctl	0	51
0x13a0f0		unnamed	candidate	medium	single	nextmach:nextmach/mk-108.1/specfs/spec_vnodeops.c:472:spec_select	11.2	2.732	11.2	panic;spec_select	0	51
0x13a130		unnamed	candidate	medium	single	nextmach:nextmach/mk-108.1/specfs/spec_vnodeops.c:490:spec_inactive	19.113	3.563	28.435	kfree;spec_fsync;sunsave	0	51
0x13a1b0		unnamed	candidate	low	single	nextmach:nextmach/mk-108.1/specfs/spec_subr.c:71:specvp	3.608	3.608	8.781	bzero	0	51
0x13a27c	_spec_setattr	named	candidate	low	single	nextmach:nextmach/mk-108.1/specfs/spec_vnodeops.c:582:spec_setattr	0	0.0	5.172		0	1
0x13a310	_spec_access	named	candidate	low	single	nextmach:nextmach/mk-108.1/specfs/spec_vnodeops.c:622:spec_access	0	0.0	0		0	1
0x13a340	_spec_link	named	candidate	low	single	nextmach:nextmach/mk-108.1/specfs/spec_vnodeops.c:636:spec_link	0	0.0	0		0	1
0x13a374		unnamed	candidate	low	single	nextmach:nextmach/mk-108.1/specfs/spec_vfsops.c:51:spec_badop	0	0	0		0	57
0x13a384	_spec_fsync	named	candidate	medium	single	nextmach:nextmach/mk-108.1/specfs/spec_vnodeops.c:656:spec_fsync	12.506	0	12.506	kalloc;kfree;vattr_null	0	2
0x13a48c		unnamed	candidate	low	single	nextmach:nextmach/mk-108.1/specfs/spec_vfsops.c:51:spec_badop	0	0	0		0	57
0x13a4b8		unnamed	candidate	low	single	nextmach:nextmach/mk-108.1/specfs/spec_vfsops.c:51:spec_badop	0	0	0		0	57
0x13a4c4	_spec_lockctl	named	candidate	low	single	nextmach:nextmach/mk-108.1/specfs/spec_vnodeops.c:737:spec_lockctl	0	0.0	0		0	1
0x13a4d0	_spec_fid	named	candidate	low	single	nextmach:nextmach/mk-108.1/specfs/spec_vnodeops.c:754:spec_fid	0	0.0	0		0	1
0x13a500		unnamed	candidate	low	single	nextmach:nextmach/mk-108.1/specfs/spec_vfsops.c:51:spec_badop	0	0	0		0	57
0x13a518	_spec_realvp	named	candidate	low	single	nextmach:nextmach/mk-108.1/specfs/spec_vnodeops.c:775:spec_realvp	0	0.0	0		0	1
0x13a568		unnamed	candidate	low	single	nextmach:nextmach/mk-108.1/specfs/spec_vfsops.c:51:spec_badop	0	0	0		0	57
0x13a588	_logswap	named	unmapped	unknown	single		0.0	0.0	0		0	0
0x13a61c		unnamed	candidate	low	single	nextmach:nextmach/mk-108.1/specfs/spec_vfsops.c:51:spec_badop	0	0	0		0	57
0x13a8b4	_compress_data	named	unmapped	unknown	single		0.0	0.0	0		0	0
0x13a95c	_uncompress_data	named	unmapped	unknown	single		0.0	0.0	0		0	0
0x13a9dc		unnamed	candidate	low	conflicting	nextmach:nextmach/mk-108.1/ufs/ufs_alloc.c:1120:free_block	10.096	10.096	48.31	panic;printf;wakeup	0	57
0x13ac9c		unnamed	candidate	low	conflicting	nextmach:nextmach/mk-108.1/ufs/ufs_alloc.c:1120:free_block	10.096	10.096	75.422	panic;printf;wakeup	1	57
0x13b2ec		unnamed	candidate	low	single	nextmach:nextmach/mk-108.1/specfs/spec_vnodeops.c:520:spec_getattr	3.608	3.608	57.31	bzero	0	57
0x13b580		unnamed	candidate	low	single	nextmach:nextmach/mk-108.1/specfs/spec_vfsops.c:51:spec_badop	0	0	4.498		0	57
0x13b5a8		unnamed	candidate	low	single	nextmach:nextmach/mk-108.1/specfs/spec_vfsops.c:51:spec_badop	0	0	0		0	57
0x13b5f8		unnamed	candidate	low	single	nextmach:nextmach/mk-108.1/specfs/spec_vfsops.c:51:spec_badop	0	0	0		0	57
0x13b644		unnamed	candidate	low	single	nextmach:nextmach/mk-108.1/specfs/spec_vfsops.c:51:spec_badop	0	0	0		0	57
0x13b660		unnamed	candidate	low	single	nextmach:nextmach/mk-108.1/specfs/spec_vfsops.c:51:spec_badop	0	0	0		0	57
0x13b674		unnamed	candidate	low	single	nextmach:nextmach/mk-108.1/specfs/spec_vfsops.c:51:spec_badop	0	0	4.112		0	57
0x13b694		unnamed	candidate	low	single	nextmach:nextmach/mk-108.1/specfs/spec_vfsops.c:51:spec_badop	0	0	0		0	57
0x13b6b8		unnamed	candidate	low	single	nextmach:nextmach/mk-108.1/specfs/spec_vfsops.c:51:spec_badop	0	0	0		0	57
0x13b6f0		unnamed	candidate	low	single	nextmach:nextmach/mk-108.1/specfs/spec_vfsops.c:51:spec_badop	0	0	0		0	57
0x13b6fc		unnamed	candidate	low	single	nextmach:nextmach/mk-108.1/specfs/spec_vfsops.c:51:spec_badop	0	0	0		0	57
0x13b708		unnamed	candidate	low	single	nextmach:nextmach/mk-108.1/specfs/spec_vfsops.c:51:spec_badop	0	0	0		0	57
0x13b714	_verify_and_swap_cg	named	unmapped	unknown	single		0.0	0.0	11.36		0	0
0x13b768	_alloc	named	candidate	medium	single	nextmach:nextmach/mk-108.1/ufs/ufs_alloc.c:133:alloc	44.214	0.0	51.073	alloc: bad size;dev = 0x%x, bsize = %d, size =;fsfull;getblk;hashalloc;panic;printf	0	1
0x13b8c0	_fsfull	named	candidate	medium	single	nextmach:nextmach/mk-108.1/ufs/ufs_alloc.c:208:fsfull	63.023	0.0	63.023	\n%s: %s\n;create/symlink failed, no inod;file system full;fserr;fsfull;out of inodes;panic;uprintf;write failed, file system is f	0	1
0x13b970	_fssleep	named	candidate	medium	single	nextmach:nextmach/mk-108.1/ufs/ufs_alloc.c:261:fssleep	15.541	0.0	15.541	fssleep;panic;sleep	0	1
0x13ba10	_fspause	named	candidate	medium	single	nextmach:nextmach/mk-108.1/ufs/ufs_alloc.c:309:fspause	25.405	0.0	25.405	 file system is full; out of inodes;rpsleep	0	1
0x13baa0	_realloccg	named	candidate	medium	single	nextmach:nextmach/mk-108.1/ufs/ufs_alloc.c:342:realloccg	137.841	0.0	152.986	%s: optimization changed from ;%s: optimization changed from ;bcopy;bread;brealloc;brelse;bzero;dev = 0x%x, bsize = %d, bprev ;dev = 0x%x, bsize = %d, osize ;file system full;fragextend;free_block;fserr;getblk;hashalloc;log;panic;printf;realloccg: bad bprev;realloccg: bad size;uprintf	0	1
0x13be90	_ialloc	named	candidate	medium	single	nextmach:nextmach/mk-108.1/ufs/ufs_alloc.c:506:ialloc	74.504	0.0	89.648	free inode %s/%d had %d blocks;fserr;hashalloc;ialloc: dup alloc;ifree;iget;mode = 0%o, inum = %d, fs = %s;out of inodes;panic;printf;uprintf	0	1
0x13c010	_dirpref	named	candidate	low	single	nextmach:nextmach/mk-108.1/ufs/ufs_alloc.c:578:dirpref	0	0.0	0		0	1
0x13c0ac	_blkpref	named	candidate	low	single	nextmach:nextmach/mk-108.1/ufs/ufs_alloc.c:622:blkpref	0	0.0	0		0	1
0x13c2f8	_hashalloc	named	candidate	low	single	nextmach:nextmach/mk-108.1/ufs/ufs_alloc.c:694:hashalloc	0	0.0	0		0	1
0x13c3b8	_fragextend	named	candidate	medium	single	nextmach:nextmach/mk-108.1/ufs/ufs_alloc.c:747:fragextend	15.92	0.0	27.769	bdwrite;bread;brelse	0	1
0x13c640	_alloccg	named	candidate	medium	single	nextmach:nextmach/mk-108.1/ufs/ufs_alloc.c:812:alloccg	32.163	0.0	44.012	alloccgblk;bdwrite;bread;brelse;mapsearch	0	1
0x13c958	_alloccgblk	named	candidate	medium	single	nextmach:nextmach/mk-108.1/ufs/ufs_alloc.c:902:alloccgblk	55.573	0.0	55.573	alloccgblk: can't find blk in ;alloccgblk: cyl groups corrupt;clrblock;isblock;mapsearch;panic;pos = %d, i = %d, fs = %s\n;printf	0	1
0x13cc20	_ialloccg	named	candidate	medium	single	nextmach:nextmach/mk-108.1/ufs/ufs_alloc.c:1045:ialloccg	63.718	0.0	75.567	bdwrite;bread;brelse;cg = %s, irotor = %d, fs = %s\n;fs = %s\n;ialloccg: block not in map;ialloccg: map corrupted;panic;printf;skpc	0	1
0x13ceec	_free_block	named	candidate	medium	single	nextmach:nextmach/mk-108.1/ufs/ufs_alloc.c:1120:free_block	109.312	0.0	121.161	bad block %d, ino %d\n;badblock;bdwrite;bread;brelse;dev = 0x%x, block = %d, fs = %;dev = 0x%x, bsize = %d, size =;fragacct;free_block: bad size;free_block: freeing free block;free_block: freeing free frag;isblock;panic;printf;setblock;wakeup	0	1
0x13d3f0	_ifree	named	candidate	medium	single	nextmach:nextmach/mk-108.1/ufs/ufs_alloc.c:1221:ifree	51.421	0.0	63.27	bdwrite;bread;brelse;dev = 0x%x, ino = %d, fs = %s\n;ifree: freeing free inode;ifree: range;panic;printf;wakeup	0	1
0x13d604	_mapsearch	named	candidate	medium	single	nextmach:nextmach/mk-108.1/ufs/ufs_alloc.c:1280:mapsearch	47.798	0.0	47.798	alloccg: block not in map;alloccg: map corrupted;bno = %d, fs = %s\n;panic;printf;scanc;start = %d, len = %d, fs = %s\n	0	1
0x13d810	_fserr	named	candidate	medium	single	nextmach:nextmach/mk-108.1/ufs/ufs_alloc.c:1344:fserr	13.44	0.0	13.44	%s: %s\n;log	0	1
0x13d830	_bmap	named	candidate	medium	single	nextmach:nextmach/mk-108.1/ufs/ufs_bmap.c:67:bmap	53.319	0.0	53.319	alloc;bdwrite;blkpref;bread;brelse;bwrite;iupdat;realloccg	0	1
0x13de14	_brelse_and_swap	named	unmapped	unknown	single		0.0	0.0	10.754		0	0
0x13de34	_dirlook	named	candidate	low	single	nextmach:nextmach/mk-108.1/ufs/ufs_dir.c:80:dirlook	43.679	0.0	58.037	bcmp;blkatoff;brelse;dnlc_enter;dnlc_lookup;iaccess;iget	1	1
0x13e19c	_direnter	named	candidate	medium	single	nextmach:nextmach/mk-108.1/ufs/ufs_dir.c:291:direnter	64.075	0.0	78.433	brelse;diraddentry;direnter;dirlook;iaccess;iput;irele;iupdat;panic;vnode_uncache	4	1
0x13e5c8		unnamed	candidate	low	conflicting	nextmach:nextmach/mk-108.1/ufs/ufs_dir.c:80:dirlook	23.82	23.82	29.89	bcmp;blkatoff;brelse;iget	1	36
0x13e838		unnamed	candidate	medium	single	nextmach:nextmach/mk-108.1/ufs/ufs_dir.c:631:dirrename	43.342	28.485	49.412	bwrite;direnter: target directory lin;dnlc_enter;dnlc_remove;iaccess;itrunc;panic	2	36
0x13e9f8		unnamed	candidate	medium	single	nextmach:nextmach/mk-108.1/ufs/ufs_dir.c:746:dirfixdotdot	44.601	27.829	58.959	blkatoff;brelse;bwrite;dnlc_enter;dnlc_remove;iupdat;mangled .. entry	1	36
0x13ec50	_diraddentry	named	candidate	low	single	nextmach:nextmach/mk-108.1/ufs/ufs_dir.c:841:diraddentry	17.467	0.0	23.538	bwrite;dnlc_enter;strncpy	2	1
0x13ed2c		unnamed	candidate	medium	single	nextmach:nextmach/mk-108.1/ufs/ufs_dir.c:917:dirprepareentry	47.702	16.577	47.702	DIRBLKSIZ > fsize;bcopy;blkatoff;bmap;bzero;dirprepareentry: invalid slot ;dirprepareentry: new block;panic	0	36
0x13ef04		unnamed	candidate	medium	single	nextmach:nextmach/mk-108.1/ufs/ufs_dir.c:1034:dirmakeinode	48.06	15.286	52.007	dirmakeinode: no attributes;dirpref;groupmember;ialloc;iput;iupdat;panic	1	36
0x13f0a4		unnamed	candidate	medium	single	nextmach:nextmach/mk-108.1/ufs/ufs_dir.c:1128:dirmakedirect	33.905	17.328	39.975	DIRBLKSIZ > fsize;bmap;bread;bwrite;iupdat;panic	0	36
0x13f1a4	_dirremove	named	candidate	medium	single	nextmach:nextmach/mk-108.1/ufs/ufs_dir.c:1178:dirremove	53.661	0.0	68.019	brelse;bwrite;dirremove;dnlc_remove;iaccess;iput;itrunc;panic;vnode_uncache	2	1
0x13f454	_blkatoff	named	candidate	medium	single	nextmach:nextmach/mk-108.1/ufs/ufs_dir.c:1352:blkatoff	23.862	0.0	31.232	bmap;bread;brelse;nonexixtent directory block	1	1
0x13f52c		unnamed	candidate	medium	single	nextmach:nextmach/mk-108.1/ufs/ufs_dir.c:1395:dirmangled	8.468	0	8.468	mangled entry	2	36
0x13f5ac		unnamed	candidate	medium	single	nextmach:nextmach/mk-108.1/ufs/ufs_dir.c:1414:dirbad	11.193	0	11.193	%s: bad dir ino %d at offset %;printf	0	36
0x13f5d8		unnamed	candidate	low	single	darwin01:darwin01/kernel/bsd/ufs/ufs/ufs_bmap.c:96:ufs_bmap	0	0	0		0	36
0x13f5e4		unnamed	candidate	medium	single	nextmach:nextmach/mk-108.1/ufs/ufs_dir.c:1450:dirempty	7.775	0	7.775	rdwri	0	36
0x13f66c		unnamed	candidate	medium	single	nextmach:nextmach/mk-108.1/ufs/ufs_dir.c:1501:dircheckpath	42.28	23.862	86.091	bad size, unlinked or not dir;brelse;iget;iput;mangled .. entry;sleep;wakeup	1	36
0x13f90c	_disksort	named	candidate	low	single	darwin01:darwin01/kernel/bsd/kern/subr_disk.c:96:disksort	0	0	0		0	3
0x13f9a4		unnamed	candidate	low	single	nextmach:nextmach/mk-108.1/ufs/ufs_dsort.c:191:bucket_alloc	3.519	2.819	12.099	kalloc	0	49
0x140168	_disksort_enter	named	candidate	low	single	nextmach:nextmach/mk-108.1/ufs/ufs_dsort.c:526:disksort_enter	0	0.0	0		1	1
0x1401f8	_disksort_enter_head	named	candidate	low	single	nextmach:nextmach/mk-108.1/ufs/ufs_dsort.c:546:disksort_enter_head	0	0.0	0		1	1
0x14027c	_disksort_enter_tail	named	candidate	low	single	nextmach:nextmach/mk-108.1/ufs/ufs_dsort.c:563:disksort_enter_tail	0	0.0	0		1	1
0x140300	_disksort_first	named	candidate	low	single	nextmach:nextmach/mk-108.1/ufs/ufs_dsort.c:575:disksort_first	2.819	0.0	8.579	splx	0	1
0x1403b8	_disksort_remove	named	candidate	low	single	nextmach:nextmach/mk-108.1/ufs/ufs_dsort.c:607:disksort_remove	2.819	0.0	12.142	splx	0	1
0x140548	_disksort_init	named	candidate	low	single	nextmach:nextmach/mk-108.1/ufs/ufs_dsort.c:691:disksort_init	3.608	0.0	3.608	bzero	0	1
0x1405c4	_disksort_free	named	candidate	low	single	nextmach:nextmach/mk-108.1/ufs/ufs_dsort.c:705:disksort_free	0	0.0	0		0	1
0x1405ec	_new_inode	named	candidate	medium	single	nextmach:nextmach/mk-108.1/ufs/ufs_inode.c:117:new_inode	15.287	0.0	15.287	bzero;vm_info_init;zalloc	0	1
0x140664	_inode_cache_clear	named	unmapped	unknown	single		0.0	0.0	21.389		0	0
0x14073c	_ihinit	named	candidate	medium	single	nextmach:nextmach/mk-108.1/ufs/ufs_inode.c:145:ihinit	14.103	0.0	14.103	inode structures;zinit	0	1
0x140798	_iget	named	candidate	medium	single	nextmach:nextmach/mk-108.1/ufs/ufs_inode.c:231:iget	73.882	0.0	101.584	bread;brelse;dnlc_purge1;free inode isn't;getmp;iget: bad dev;iget: bad fs;iget: out of inode space\n;mfs_uncache;panic;sleep	0	1
0x140bf0	_iput	named	candidate	medium	single	nextmach:nextmach/mk-108.1/ufs/ufs_inode.c:464:iput	11.2	0.0	24.292	iput;panic	0	1
0x140c90	_irele	named	candidate	medium	single	nextmach:nextmach/mk-108.1/ufs/ufs_inode.c:478:irele	11.2	0.0	20.346	irele;panic	0	1
0x140d10	_idrop	named	candidate	medium	single	nextmach:nextmach/mk-108.1/ufs/ufs_inode.c:491:idrop	11.2	0.0	15.146	idrop;panic	0	1
0x140da0	_iinactive	named	candidate	medium	single	nextmach:nextmach/mk-108.1/ufs/ufs_inode.c:520:iinactive	25.834	0.0	40.287	ifree;iinactive;itrunc;panic	0	1
0x140eb4	_iupdat	named	candidate	medium	single	nextmach:nextmach/mk-108.1/ufs/ufs_inode.c:579:iupdat	21.749	0.0	34.558	bdwrite;bread;brelse;bwrite	0	1
0x141014	_itrunc	named	candidate	medium	single	nextmach:nextmach/mk-108.1/ufs/ufs_inode.c:636:itrunc	81.597	0.0	108.523	bdwrite;bmap;bread;brelse;bzero;free_block;indirtrunc;itrunc1;itrunc2;itrunc: newspace;mfs_trunc;panic;vnode_uncache	0	1
0x141cb8	_indirtrunc	named	candidate	medium	single	nextmach:nextmach/mk-108.1/ufs/ufs_inode.c:888:indirtrunc	36.999	0.0	44.774	bcopy;bread;brelse;bwrite;bzero;free_block;geteblk	0	1
0x141e70	_iflush	named	candidate	low	single	nextmach:nextmach/mk-108.1/ufs/ufs_inode.c:980:iflush	0	0.0	0		0	1
0x141eec	_ilock	named	candidate	low	single	nextmach:nextmach/mk-108.1/ufs/ufs_inode.c:1031:ilock	0	0.0	4.341		0	1
0x141f1c	_iunlock	named	candidate	low	single	nextmach:nextmach/mk-108.1/ufs/ufs_inode.c:1041:iunlock	0	0.0	3.946		0	1
0x141f44	_iaccess	named	candidate	low	single	nextmach:nextmach/mk-108.1/ufs/ufs_inode.c:1061:iaccess	5.635	0.0	5.635	vnode_uncache	0	1
0x142008	_lf_lockctl	named	unmapped	unknown	single		0.0	0.0	8.73		7	0
0x1420e4		unnamed	candidate	low	single	nextmach:nextmach/mk-108.1/ufs/ufs_dsort.c:191:bucket_alloc	3.519	0	3.519	kalloc	0	45
0x142154		unnamed	candidate	low	single	nextmach:nextmach/mk-108.1/ufs/ufs_inode.c:231:iget	6.843	3.563	18.874	panic;vn_rele	0	45
0x1421b8		unnamed	candidate	low	single	nextmach:nextmach/mk-108.1/ufs/ufs_inode.c:231:iget	4.341	4.341	4.341	sleep	15	45
0x142434		unnamed	candidate	low	single	nextmach:nextmach/mk-108.1/ufs/ufs_dsort.c:57:disksort	0	0	0		5	45
0x142544		unnamed	candidate	low	single	nextmach:nextmach/mk-108.1/ufs/ufs_dsort.c:57:disksort	0	0	0		1	45
0x1425a4		unnamed	candidate	low	single	nextmach:nextmach/mk-108.1/ufs/ufs_dsort.c:57:disksort	0	0	0		1	45
0x142600		unnamed	candidate	low	single	nextmach:nextmach/mk-108.1/ufs/ufs_inode.c:231:iget	2.732	2.732	11.2	panic	0	45
0x142754		unnamed	candidate	low	single	nextmach:nextmach/mk-108.1/ufs/ufs_dsort.c:57:disksort	0	0	0		0	45
0x142780		unnamed	candidate	low	single	nextmach:nextmach/mk-108.1/ufs/ufs_dsort.c:57:disksort	0	0	0		0	45
0x1427b4		unnamed	candidate	low	single	nextmach:nextmach/mk-108.1/ufs/ufs_dsort.c:191:bucket_alloc	3.519	3.498	7.018	kalloc	0	45
0x14282c		unnamed	candidate	low	single	nextmach:nextmach/mk-108.1/ufs/ufs_dsort.c:57:disksort	0	0	3.946		0	45
0x14286c		unnamed	candidate	low	single	nextmach:nextmach/mk-108.1/ufs/ufs_dsort.c:211:bucket_free	3.563	0	3.563	kfree	0	45
0x142884	_update	named	candidate	medium	single	nextmach:nextmach/mk-108.1/ufs/ufs_subr.c:103:update	76.9	0.0	82.073	bflush;bufstats;fs = %s\n;iput;iupdat;lock_done;lock_try_write;mfs_fsync;panic;printf;sbupdate;update: ro fs mod	0	1
0x1429dc	_syncip	named	candidate	medium	single	nextmach:nextmach/mk-108.1/ufs/ufs_subr.c:194:syncip	38.355	0.0	38.355	blkflush;bmap;bwrite;iupdat;sleep;splbio;splx	0	1
0x142b34	_fragacct	named	candidate	low	single	nextmach:nextmach/mk-108.1/ufs/ufs_subr.c:243:fragacct	0	0.0	0		0	1
0x142bec	_badblock	named	candidate	medium	single	nextmach:nextmach/mk-108.1/ufs/ufs_subr.c:277:badblock	27.437	0.0	27.437	bad block;bad block %d, ;fserr;printf	0	1
0x142c24	_isblock	named	candidate	medium	single	nextmach:nextmach/mk-108.1/ufs/ufs_subr.c:296:isblock	11.2	0.0	11.2	isblock;panic	0	1
0x142cd0	_clrblock	named	candidate	medium	single	nextmach:nextmach/mk-108.1/ufs/ufs_subr.c:324:clrblock	11.2	0.0	11.2	clrblock;panic	0	1
0x142d5c	_setblock	named	candidate	medium	single	nextmach:nextmach/mk-108.1/ufs/ufs_subr.c:351:setblock	11.2	0.0	11.2	panic;setblock	0	1
0x142de8	_getmp	named	candidate	medium	single	nextmach:nextmach/mk-108.1/ufs/ufs_subr.c:378:getmp	23.086	0.0	23.086	dev = 0x%x, fs = %s\n;getmp: bad magic;panic;printf	0	1
0x142e4c	_bufstats	named	candidate	medium	single	nextmach:nextmach/mk-108.1/ufs/ufs_subr.c:402:bufstats	28.934	0.0	28.934	%s: total-%d;, %d-%d;printf;splbio;splx	0	1
0x142fa0	_scanc	named	candidate	low	single	darwin01:darwin01/kernel/bsd/libkern/scanc.c:63:scanc	0	0	0		0	2
0x142fd4	_skpc	named	candidate	low	single	darwin01:darwin01/kernel/bsd/libkern/skpc.c:63:skpc	0	0	0		0	2
0x142ffc	_locc	named	candidate	low	single	darwin01:darwin01/kernel/bsd/libkern/locc.c:63:locc	0	0	0		0	2
0x143024		unnamed	candidate	low	single	nextmach:nextmach/mk-108.1/ufs/ufs_vfsops.c:111:ufs_mount	12.437	7.775	16.548	bdevvp;copyin	2	47
0x1430a8		unnamed	candidate	low	single	nextmach:nextmach/mk-108.1/ufs/ufs_vfsops.c:155:ufs_mountroot	30.289	7.775	34.401	bdevvp;inittodr;vfs_add;vfs_unlock	2	47
0x143184		unnamed	candidate	medium	single	nextmach:nextmach/mk-108.1/ufs/ufs_vfsops.c:202:mountfs	106.331	29.629	121.881	Root device is physically writ;bcopy;binval;bread;brelse;bwrite;bzero;copystr;geteblk;ihinit;kalloc;kfree;mountfs: can't remount ro\n;mountfs: illegal remount reque;panic;printf;sbupdate;vol_notify_cancel	0	47
0x14379c		unnamed	candidate	low	single	darwin01:darwin01/kernel/bsd/ufs/ufs/ufs_inode.c:86:ufs_inactive	0	0	0		1	47
0x1437b0		unnamed	candidate	medium	single	nextmach:nextmach/mk-108.1/ufs/ufs_vfsops.c:506:unmount1	31.454	22.986	35.566	binval;brelse;iflush;kfree;sbupdate	0	47
0x1438cc		unnamed	candidate	low	single	nextmach:nextmach/mk-108.1/ufs/ufs_vfsops.c:584:ufs_root	6.676	6.676	10.623	iget	0	47
0x143934		unnamed	candidate	medium	single	nextmach:nextmach/mk-108.1/ufs/ufs_vfsops.c:607:ufs_statfs	14.698	6.23	14.698	bcopy;panic;ufs_statfs	0	47
0x1439e4		unnamed	candidate	medium	single	nextmach:nextmach/mk-108.1/ufs/ufs_vfsops.c:649:ufs_sync	8.468	0	8.468	update	0	47
0x1439f8	_sbupdate	named	candidate	medium	single	nextmach:nextmach/mk-108.1/ufs/ufs_vfsops.c:661:sbupdate	15.311	0.0	30.861	bcopy;bwrite;getblk	0	1
0x143b64		unnamed	candidate	low	single	nextmach:nextmach/mk-108.1/ufs/ufs_vfsops.c:706:getmdev	5.578	0	9.689	lookupname	0	67
0x143be4		unnamed	candidate	medium	single	nextmach:nextmach/mk-108.1/ufs/ufs_vfsops.c:735:ufs_vget	15.145	6.676	19.091	idrop;iget	0	67
0x143c80		unnamed	candidate	low	single	nextmach:nextmach/mk-108.1/ufs/ufs_subr.c:103:update	0	0	0		0	67
0x143ca4		unnamed	candidate	low	single	nextmach:nextmach/mk-108.1/ufs/ufs_subr.c:103:update	0	0	0		0	67
0x143cb0		unnamed	candidate	low	single	nextmach:nextmach/mk-108.1/ufs/ufs_subr.c:103:update	6.676	6.676	11.711	bflush	0	67
0x143d14		unnamed	candidate	low	single	nextmach:nextmach/mk-108.1/ufs/ufs_vnodeops.c:208:ufs_rdwr	5.635	4.341	18.957	vnode_uncache	1	67
0x143e24		unnamed	candidate	medium	single	nextmach:nextmach/mk-108.1/ufs/ufs_vnodeops.c:258:rwip	91.179	34.832	111.477	bawrite;bdwrite;bmap;bread;breada;brelse;bwrite;getblk;geteblk;iupdat;panic;psignal;rwip;rwip type;uiomove	0	67
0x144268		unnamed	candidate	low	single	nextmach:nextmach/mk-108.1/ufs/ufs_subr.c:103:update	0	0	0		0	67
0x144274		unnamed	candidate	low	single	nextmach:nextmach/mk-108.1/ufs/ufs_subr.c:103:update	0	0	0		0	67
0x144280		unnamed	candidate	low	single	nextmach:nextmach/mk-108.1/ufs/ufs_subr.c:103:update	0	0	5.034		0	67
0x1443d8		unnamed	candidate	low	single	nextmach:nextmach/mk-108.1/ufs/ufs_vnodeops.c:499:ufs_setattr	47.939	19.77	63.076	groupmember;iaccess;ilock;itrunc;iunlock;iupdat;mfs_fsync	1	67
0x144664		unnamed	candidate	medium	single	nextmach:nextmach/mk-108.1/ufs/ufs_vnodeops.c:608:chown1	12.124	7.37	12.124	groupmember;suser	0	67
0x1446f0		unnamed	candidate	low	conflicting	nextmach:nextmach/mk-108.1/ufs/ufs_vnodeops.c:499:ufs_setattr	12.911	12.911	17.252	iaccess;iunlock	0	67
0x14473c		unnamed	candidate	low	single	nextmach:nextmach/mk-108.1/ufs/ufs_vnodeops.c:258:rwip	5.696	5.696	10.73	uiomove	1	67
0x1447ec		unnamed	candidate	medium	single	nextmach:nextmach/mk-108.1/ufs/ufs_vnodeops.c:705:ufs_fsync	22.766	14.297	22.766	ilock;iunlock;syncip	0	67
0x144814		unnamed	candidate	medium	single	nextmach:nextmach/mk-108.1/ufs/ufs_vnodeops.c:723:ufs_inactive	8.468	0	8.468	iinactive	0	67
0x14482c		unnamed	candidate	medium	single	nextmach:nextmach/mk-108.1/ufs/ufs_vnodeops.c:739:ufs_lookup	20.163	13.892	29.309	dirlook;iunlock;specvp	0	67
0x144970		unnamed	candidate	medium	single	nextmach:nextmach/mk-108.1/ufs/ufs_vnodeops.c:780:ufs_create	39.288	19.77	48.434	direnter;iaccess;iput;itrunc;iunlock;specvp	0	67
0x144b64		unnamed	candidate	low	conflicting	nextmach:nextmach/mk-108.1/ufs/ufs_vnodeops.c:860:ufs_remove	7.37	7.37	12.404	dirremove	0	67
0x144be0		unnamed	candidate	medium	single	nextmach:nextmach/mk-108.1/ufs/ufs_vnodeops.c:882:ufs_link	11.613	6.859	16.648	direnter;suser	0	67
0x144d38		unnamed	candidate	medium	single	nextmach:nextmach/mk-108.1/ufs/ufs_vnodeops.c:923:ufs_rename	42.284	19.77	47.318	direnter;dirlook;dirremove;iaccess;irele;iunlock	0	67
0x144f08		unnamed	candidate	low	conflicting	nextmach:nextmach/mk-108.1/ufs/ufs_vnodeops.c:780:ufs_create	19.77	19.77	24.804	direnter;iput;iunlock	0	67
0x145014		unnamed	candidate	low	conflicting	nextmach:nextmach/mk-108.1/ufs/ufs_vnodeops.c:860:ufs_remove	7.37	7.37	12.404	dirremove	0	67
0x145090		unnamed	candidate	low	single	nextmach:nextmach/mk-108.1/ufs/ufs_subr.c:103:update	0	0	5.034		1	67
0x145144		unnamed	candidate	medium	single	nextmach:nextmach/mk-108.1/ufs/ufs_vnodeops.c:1220:ufs_symlink	24.521	13.248	29.555	bcopy;direnter;iput;rdwri	0	67
0x14527c	_rdwri	named	candidate	low	single	nextmach:nextmach/mk-108.1/ufs/ufs_vnodeops.c:1269:rdwri	0	0.0	18.957		1	1
0x1453c0		unnamed	candidate	low	single	nextmach:nextmach/mk-108.1/ufs/ufs_vnodeops.c:258:rwip	6.07	6.07	6.07	bmap	0	70
0x145408		unnamed	candidate	low	conflicting	nextmach:nextmach/mk-108.1/ufs/ufs_vnodeops.c:258:rwip	29.44	29.44	41.333	bmap;bread;breada;brelse;geteblk	0	70
0x145538		unnamed	candidate	low	single	nextmach:nextmach/mk-108.1/ufs/ufs_vfsops.c:202:mountfs	4.684	4.684	4.684	brelse	0	70
0x145554		unnamed	candidate	low	single	darwin01:darwin01/kernel/ipc/ipc_entry.c:116:ipc_entry_tree_collision; mach4:mach4/kernel/ipc/ipc_entry.c:65:ipc_entry_tree_collision	0	0	0		0	70
0x14556c		unnamed	candidate	low	single	darwin01:darwin01/kernel/ipc/ipc_entry.c:116:ipc_entry_tree_collision; mach4:mach4/kernel/ipc/ipc_entry.c:65:ipc_entry_tree_collision	0	0	0		0	70
0x145578		unnamed	candidate	medium	single	nextmach:nextmach/mk-108.1/ufs/ufs_vnodeops.c:1397:ufs_badop	11.2	2.732	11.2	panic;ufs_badop	0	70
0x14558c		unnamed	candidate	low	single	darwin01:darwin01/kernel/ipc/ipc_entry.c:116:ipc_entry_tree_collision; mach4:mach4/kernel/ipc/ipc_entry.c:65:ipc_entry_tree_collision	0	0	8.468		0	70
0x1455a4		unnamed	candidate	low	conflicting	nextmach:nextmach/mk-108.1/ufs/ufs_vfsops.c:202:mountfs	7.128	7.128	7.128	bzero;kalloc	0	70
0x1455ec		unnamed	candidate	low	single	nextmach:nextmach/mk-108.1/ufs/ufs_vnodeops.c:208:ufs_rdwr	5.635	0	25.633	vnode_uncache	2	70
0x145848		unnamed	candidate	medium	single	nextmach:nextmach/mk-108.1/ufs/ufs_vnodeops.c:1493:ufs_pagein	73.408	22.764	81.695	IO error on pagein (bread)\n;IO error on pagein (breadDirec;IO error on pagein: error = %d;bmap;bread;breadDirect;breada;brelse;copy_to_phys;printf;vm_page_zero_fill	0	70
0x145bbc		unnamed	candidate	medium	single	nextmach:nextmach/mk-108.1/ufs/ufs_vnodeops.c:1678:ufs_pageout	62.962	34.832	76.284	IO error on pageout (bread)\n;IO error on pageout: error = %;bawrite;bdwrite;bmap;bread;brelse;copy_from_phys;getblk;printf	0	70
0x145e2c	_ufs_nlinks	named	candidate	low	single	nextmach:nextmach/mk-108.1/ufs/ufs_vnodeops.c:1769:ufs_nlinks	0	0.0	0		0	1
0x145e44	_ipc_entry_tree_collision	named	candidate	medium	identical-bodies	darwin01:darwin01/kernel/ipc/ipc_entry.c:116:ipc_entry_tree_collision; mach4:mach4/kernel/ipc/ipc_entry.c:65:ipc_entry_tree_collision	7.37	0.0	7.37	ipc_splay_tree_bounds	0	2
0x145e98	_ipc_entry_lookup	named	candidate	low	conflicting	darwin01:darwin01/kernel/ipc/ipc_entry.c:147:ipc_entry_lookup	7.775	7.775	7.775	ipc_splay_tree_lookup	0	2
0x145f04	_ipc_entry_get	named	candidate	low	single	darwin01:darwin01/kernel/ipc/ipc_entry.c:191:ipc_entry_get	0	0	0		0	2
0x145f5c	_ipc_entry_alloc	named	candidate	low	conflicting	darwin01:darwin01/kernel/ipc/ipc_entry.c:258:ipc_entry_alloc	6.859	6.859	6.859	ipc_entry_grow_table	0	2
0x145fe8	_ipc_entry_alloc_name	named	candidate	low	conflicting	darwin01:darwin01/kernel/ipc/ipc_entry.c:299:ipc_entry_alloc_name	23.102	23.102	39.274	ipc_entry_grow_table;ipc_splay_tree_insert;ipc_splay_tree_lookup	0	2
0x146284	_ipc_entry_dealloc	named	candidate	medium	identical-bodies	darwin01:darwin01/kernel/ipc/ipc_entry.c:475:ipc_entry_dealloc; mach4:mach4/kernel/ipc/ipc_entry.c:424:ipc_entry_dealloc	46.938	0.0	54.308	ipc_hash_global_delete;ipc_hash_local_insert;ipc_splay_tree_delete;ipc_splay_tree_join;ipc_splay_tree_pick;ipc_splay_tree_split	0	2
0x1464ac	_ipc_entry_grow_table	named	candidate	medium	single	darwin01:darwin01/kernel/ipc/ipc_entry.c:593:ipc_entry_grow_table	68.308	55.868	95.424	assert_wait;bcopy;bzero;ipc_hash_global_delete;ipc_hash_local_insert;ipc_splay_traverse_finish;ipc_splay_traverse_next;ipc_splay_traverse_start;ipc_splay_tree_join;ipc_splay_tree_split;thread_block_with_continuation	0	2
0x146908	_ipc_hash_lookup	named	candidate	low	conflicting	darwin01:darwin01/kernel/ipc/ipc_hash.c:127:ipc_hash_lookup	15.55	15.55	15.55	ipc_hash_global_lookup;ipc_hash_local_lookup	0	2
0x146958	_ipc_hash_insert	named	candidate	low	conflicting	darwin01:darwin01/kernel/ipc/ipc_hash.c:154:ipc_hash_insert	15.838	15.838	15.838	ipc_hash_global_insert;ipc_hash_local_insert	0	2
0x1469a0	_ipc_hash_delete	named	candidate	low	conflicting	darwin01:darwin01/kernel/ipc/ipc_hash.c:181:ipc_hash_delete	15.55	15.55	15.55	ipc_hash_global_delete;ipc_hash_local_delete	0	2
0x1469e8	_ipc_hash_global_lookup	named	candidate	low	identical-bodies	darwin01:darwin01/kernel/ipc/ipc_hash.c:240:ipc_hash_global_lookup; mach4:mach4/kernel/ipc/ipc_hash.c:173:ipc_hash_global_lookup	0	0.0	0		0	2
0x146a98	_ipc_hash_global_insert	named	candidate	low	identical-bodies	darwin01:darwin01/kernel/ipc/ipc_hash.c:293:ipc_hash_global_insert; mach4:mach4/kernel/ipc/ipc_hash.c:226:ipc_hash_global_insert	0	0.0	0		0	2
0x146ae8	_ipc_hash_global_delete	named	candidate	low	identical-bodies	darwin01:darwin01/kernel/ipc/ipc_hash.c:330:ipc_hash_global_delete; mach4:mach4/kernel/ipc/ipc_hash.c:264:ipc_hash_global_delete	0	0.0	0		0	2
0x146b54	_ipc_hash_local_lookup	named	candidate	low	identical-bodies	darwin01:darwin01/kernel/ipc/ipc_hash.c:410:ipc_hash_local_lookup; mach4:mach4/kernel/ipc/ipc_hash.c:344:ipc_hash_local_lookup	0	0.0	0		0	2
0x146bc8	_ipc_hash_local_insert	named	candidate	low	identical-bodies	darwin01:darwin01/kernel/ipc/ipc_hash.c:459:ipc_hash_local_insert; mach4:mach4/kernel/ipc/ipc_hash.c:393:ipc_hash_local_insert	0	0.0	0		0	2
0x146c0c	_ipc_hash_local_delete	named	candidate	low	single	darwin01:darwin01/kernel/ipc/ipc_hash.c:503:ipc_hash_local_delete	0	0	0		0	2
0x146cb0	_ipc_hash_init	named	candidate	low	single	darwin01:darwin01/kernel/ipc/ipc_hash.c:592:ipc_hash_init	3.519	3.519	3.519	kalloc	0	2
0x146d54	_ipc_hash_info	named	candidate	low	single	darwin01:darwin01/kernel/ipc/ipc_hash.c:660:ipc_hash_info	0	0	0		0	2
0x146dc0	_ipc_bootstrap	named	candidate	medium	single	darwin01:darwin01/kernel/ipc/ipc_init.c:127:ipc_bootstrap	88.931	81.849	88.931	ipc port sets;ipc ports;ipc spaces;ipc tree entries;ipc_hash_init;ipc_marequest_init;ipc_notify_init;ipc_space_create_special;ipc_table_init;zchange;zinit	0	3
0x146ed8	_ipc_init	named	candidate	low	conflicting	darwin01:darwin01/kernel/ipc/ipc_init.c:192:ipc_init	32.713	32.713	32.713	ipc_host_init;ipc_init;kmem_suballoc;panic;task_create	0	3
0x146f38	_ipc_kmsg_enqueue	named	candidate	low	identical-bodies	darwin01:darwin01/kernel/ipc/ipc_kmsg.c:153:ipc_kmsg_enqueue; mach4:mach4/kernel/ipc/ipc_kmsg.c:81:ipc_kmsg_enqueue	0	0.0	0		0	2
0x146f68	_ipc_kmsg_dequeue	named	candidate	low	identical-bodies	darwin01:darwin01/kernel/ipc/ipc_kmsg.c:167:ipc_kmsg_dequeue; mach4:mach4/kernel/ipc/ipc_kmsg.c:95:ipc_kmsg_dequeue	0	0.0	0		0	2
0x146f98	_ipc_kmsg_rmqueue	named	candidate	low	single	darwin01:darwin01/kernel/ipc/ipc_kmsg.c:187:ipc_kmsg_rmqueue	0	0	0		0	2
0x146fc8	_ipc_kmsg_queue_next	named	candidate	low	identical-bodies	darwin01:darwin01/kernel/ipc/ipc_kmsg.c:220:ipc_kmsg_queue_next; mach4:mach4/kernel/ipc/ipc_kmsg.c:151:ipc_kmsg_queue_next	0	0.0	0		0	2
0x146fe0	_ipc_kmsg_destroy	named	candidate	medium	identical-bodies	darwin01:darwin01/kernel/ipc/ipc_kmsg.c:246:ipc_kmsg_destroy; mach4:mach4/kernel/ipc/ipc_kmsg.c:177:ipc_kmsg_destroy	8.468	0.0	18.014	ipc_kmsg_clean	0	2
0x14707c	_ipc_kmsg_clean_body	named	candidate	medium	single	darwin01:darwin01/kernel/ipc/ipc_kmsg.c:284:ipc_kmsg_clean_body	15.412	9.834	15.412	ipc_object_destroy;kfree;vm_deallocate	0	2
0x14719c	_ipc_kmsg_clean	named	candidate	low	conflicting	darwin01:darwin01/kernel/ipc/ipc_kmsg.c:623:ipc_kmsg_clean	14.046	14.046	23.187	ipc_marequest_destroy;ipc_object_destroy	0	2
0x147320	_ipc_kmsg_clean_partial	named	candidate	low	conflicting	darwin01:darwin01/kernel/ipc/ipc_kmsg.c:487:ipc_kmsg_clean_partial	11.849	9.834	15.412	ipc_object_destroy;vm_deallocate	0	2
0x147550	_ipc_kmsg_free	named	candidate	medium	single	darwin01:darwin01/kernel/ipc/ipc_kmsg.c:670:ipc_kmsg_free	17.727	3.563	17.727	KernDeviceInterruptMsgRelease;kfree;netipc_msg_release	0	2
0x14758c	_ipc_kmsg_get	named	candidate	low	conflicting	darwin01:darwin01/kernel/ipc/ipc_kmsg.c:714:ipc_kmsg_get	7.775	7.775	29.021	copyinmsg	0	2
0x147688	_ipc_kmsg_get_from_kernel	named	candidate	low	single	darwin01:darwin01/kernel/ipc/ipc_kmsg.c:855:ipc_kmsg_get_from_kernel	3.498	3.498	7.018	bcopy	0	2
0x1476ec	_ipc_kmsg_put	named	candidate	low	conflicting	darwin01:darwin01/kernel/ipc/ipc_kmsg.c:958:ipc_kmsg_put	7.37	7.37	25.096	copyoutmsg	0	2
0x147770	_ipc_kmsg_put_to_kernel	named	candidate	low	single	darwin01:darwin01/kernel/ipc/ipc_kmsg.c:992:ipc_kmsg_put_to_kernel	3.498	0	21.225	bcopy	0	2
0x1477c0	_ipc_kmsg_copyin_header	named	candidate	low	conflicting	darwin01:darwin01/kernel/ipc/ipc_kmsg.c:1046:ipc_kmsg_copyin_header	76.751	76.751	87.626	ipc_entry_dealloc;ipc_entry_lookup;ipc_notify_dead_name;ipc_notify_port_deleted;ipc_object_copyin_type;ipc_port_copy_send;ipc_port_release_sonce;ipc_right_copyin;ipc_right_copyin_check;ipc_right_copyin_two;ipc_right_copyin_undo	0	2
0x148008	_ipc_kmsg_copyin	named	candidate	low	conflicting	darwin01:darwin01/kernel/ipc/ipc_kmsg.c:2237:ipc_kmsg_copyin	8.468	8.468	62.943	ipc_kmsg_copyin_header	0	2
0x14839c	_ipc_kmsg_copyin_from_kernel	named	candidate	low	conflicting	darwin01:darwin01/kernel/ipc/ipc_kmsg.c:2272:ipc_kmsg_copyin_from_kernel	20.974	20.974	20.974	ipc_object_copyin_from_kernel;ipc_object_copyin_type;ipc_port_check_circularity	0	2
0x148564	_ipc_kmsg_copyout_header	named	candidate	low	conflicting	darwin01:darwin01/kernel/ipc/ipc_kmsg.c:2427:ipc_kmsg_copyout_header	86.731	86.731	95.909	ipc_entry_dealloc;ipc_entry_get;ipc_entry_grow_table;ipc_entry_lookup;ipc_notify_no_senders;ipc_notify_send_once;ipc_object_copyout_dest;ipc_port_dngrow;ipc_port_dnrequest;ipc_port_lookup_notify;ipc_port_release_sonce;ipc_right_copyout;ipc_right_reverse	0	2
0x148c20	_ipc_kmsg_copyout_object	named	candidate	low	conflicting	darwin01:darwin01/kernel/ipc/ipc_kmsg.c:2926:ipc_kmsg_copyout_object	19.742	19.742	19.742	ipc_hash_local_lookup;ipc_object_copyout;ipc_object_destroy	0	2
0x148d28	_ipc_kmsg_copyout_body	named	candidate	medium	single	darwin01:darwin01/kernel/ipc/ipc_kmsg.c:3052:ipc_kmsg_copyout_body	28.882	17.321	48.624	copyoutmap;kfree;vm_allocate;vm_deallocate;vm_move	0	2
0x149158	_ipc_kmsg_copyout	named	candidate	low	conflicting	darwin01:darwin01/kernel/ipc/ipc_kmsg.c:3317:ipc_kmsg_copyout	15.145	15.145	15.145	ipc_kmsg_copyout_body;ipc_kmsg_copyout_header	0	2
0x1491ac	_ipc_kmsg_copyout_pseudo	named	candidate	low	conflicting	darwin01:darwin01/kernel/ipc/ipc_kmsg.c:3362:ipc_kmsg_copyout_pseudo	7.37	7.37	27.111	ipc_kmsg_copyout_body	0	2
0x149428	_ipc_kmsg_copyout_dest	named	candidate	low	conflicting	darwin01:darwin01/kernel/ipc/ipc_kmsg.c:3402:ipc_kmsg_copyout_dest	13.641	13.641	26.987	ipc_object_copyout_dest;ipc_object_destroy	0	2
0x149628	_ipc_kmsg_copyin_compat	named	candidate	low	conflicting	mach4:mach4/kernel/ipc/ipc_kmsg.c:2776:ipc_kmsg_copyin_compat	63.23	61.438	69.214	copyinmap;ipc_kmsg_clean_partial;ipc_object_copyin_compat;ipc_object_copyin_header;ipc_object_copyin_type;ipc_object_destroy;ipc_port_check_circularity;kalloc;kfree;vm_deallocate	0	2
0x149a64	_ipc_kmsg_copyin_compat_from_kernel	named	candidate	medium	single	darwin01:darwin01/kernel/ipc/ipc_kmsg.c:3936:ipc_kmsg_copyin_compat_from_kernel	20.974	0.0	20.974	ipc_object_copyin_from_kernel;ipc_object_copyin_type;ipc_port_check_circularity	0	1
0x149c60	_ipc_kmsg_copyout_compat	named	candidate	medium	single	darwin01:darwin01/kernel/ipc/ipc_kmsg.c:4099:ipc_kmsg_copyout_compat	58.361	46.8	62.566	copyoutmap;ipc_object_copyout_compat;ipc_object_copyout_dest;ipc_object_copyout_type_compat;ipc_object_destroy;kfree;vm_allocate;vm_deallocate;vm_move	0	2
0x14a0d8	_ipc_marequest_init	named	candidate	medium	single	darwin01:darwin01/kernel/ipc/ipc_marequest.c:122:ipc_marequest_init	24.705	17.623	24.705	ipc msg-accepted requests;kalloc;zchange;zinit	0	2
0x14a1ac	_ipc_marequest_create	named	candidate	medium	identical-bodies	darwin01:darwin01/kernel/ipc/ipc_marequest.c:200:ipc_marequest_create; mach4:mach4/kernel/ipc/ipc_marequest.c:178:ipc_marequest_create	14.297	0.0	29.959	ipc_port_lookup_notify;ipc_right_reverse	0	2
0x14a360	_ipc_marequest_cancel	named	candidate	low	identical-bodies	darwin01:darwin01/kernel/ipc/ipc_marequest.c:310:ipc_marequest_cancel; mach4:mach4/kernel/ipc/ipc_marequest.c:288:ipc_marequest_cancel	0	0.0	0		0	2
0x14a3dc	_ipc_marequest_rename	named	candidate	low	identical-bodies	darwin01:darwin01/kernel/ipc/ipc_marequest.c:346:ipc_marequest_rename; mach4:mach4/kernel/ipc/ipc_marequest.c:324:ipc_marequest_rename	0	0.0	0		0	2
0x14a49c	_ipc_marequest_destroy	named	candidate	medium	single	mach4:mach4/kernel/ipc/ipc_marequest.c:368:ipc_marequest_destroy	22.314	13.845	37.752	ipc_entry_lookup;ipc_notify_msg_accepted;ipc_notify_msg_accepted_compat	0	2
0x14a5bc	_ipc_marequest_info	named	candidate	low	identical-bodies	darwin01:darwin01/kernel/ipc/ipc_marequest.c:477:ipc_marequest_info; mach4:mach4/kernel/ipc/ipc_marequest.c:455:ipc_marequest_info	0	0.0	0		0	2
0x14a634	_ipc_mqueue_init	named	candidate	low	identical-bodies	darwin01:darwin01/kernel/ipc/ipc_mqueue.c:103:ipc_mqueue_init; mach4:mach4/kernel/ipc/ipc_mqueue.c:71:ipc_mqueue_init	0	0.0	0		0	2
0x14a654	_ipc_mqueue_move	named	candidate	low	conflicting	darwin01:darwin01/kernel/ipc/ipc_mqueue.c:122:ipc_mqueue_move	39.009	39.009	39.009	ipc_kmsg_enqueue;ipc_kmsg_queue_next;ipc_kmsg_rmqueue;ipc_thread_dequeue;thread_go	0	2
0x14a728	_ipc_mqueue_changed	named	candidate	medium	identical-bodies	darwin01:darwin01/kernel/ipc/ipc_mqueue.c:283:ipc_mqueue_changed; mach4:mach4/kernel/ipc/ipc_mqueue.c:152:ipc_mqueue_changed	13.604	0.0	13.604	ipc_thread_dequeue;thread_go	0	2
0x14a764	_ipc_mqueue_send	named	candidate	medium	single	darwin01:darwin01/kernel/ipc/ipc_mqueue.c:314:ipc_mqueue_send	64.148	50.347	73.731	ipc_kmsg_destroy;ipc_kobject_server;ipc_thread_enqueue;ipc_thread_rmqueue;thread_block_with_continuation;thread_go;thread_go_and_switch;thread_will_wait;thread_will_wait_with_timeout	0	2
0x14aa34	_ipc_mqueue_send_interrupt	named	candidate	low	single	darwin01:darwin01/kernel/ipc/ipc_mqueue.c:626:ipc_mqueue_send_interrupt	6.522	0.0	6.522	thread_go	0	1
0x14ab94	_ipc_mqueue_copyin	named	candidate	medium	identical-bodies	darwin01:darwin01/kernel/ipc/ipc_mqueue.c:760:ipc_mqueue_copyin; mach4:mach4/kernel/ipc/ipc_mqueue.c:435:ipc_mqueue_copyin	12.341	0.0	16.547	ipc_entry_lookup;ipc_pset_remove	0	2
0x14acd4	_ipc_mqueue_receive	named	candidate	medium	single	darwin01:darwin01/kernel/ipc/ipc_mqueue.c:876:ipc_mqueue_receive	53.344	48.011	53.344	ipc_marequest_destroy;ipc_mqueue_receive: strange it;ipc_thread_rmqueue;panic;thread_block_with_continuation;thread_go;thread_will_wait;thread_will_wait_with_timeout	0	2
0x14af44	_ipc_notify_init_port_deleted	named	candidate	low	single	darwin01:darwin01/kernel/ipc/ipc_notify.c:141:ipc_notify_init_port_deleted	0	0	0		0	2
0x14afa4	_ipc_notify_init_msg_accepted	named	candidate	low	single	mach4:mach4/kernel/ipc/ipc_notify.c:106:ipc_notify_init_msg_accepted	0	0.0	0		0	1
0x14b004	_ipc_notify_init_port_destroyed	named	candidate	low	single	darwin01:darwin01/kernel/ipc/ipc_notify.c:225:ipc_notify_init_port_destroyed	0	0	0		0	2
0x14b064	_ipc_notify_init_no_senders	named	candidate	low	single	darwin01:darwin01/kernel/ipc/ipc_notify.c:278:ipc_notify_init_no_senders	0	0	0		0	2
0x14b0c4	_ipc_notify_init_send_once	named	candidate	low	single	darwin01:darwin01/kernel/ipc/ipc_notify.c:300:ipc_notify_init_send_once	0	0	0		0	2
0x14b0f8	_ipc_notify_init_dead_name	named	candidate	low	single	darwin01:darwin01/kernel/ipc/ipc_notify.c:319:ipc_notify_init_dead_name	0	0	0		0	2
0x14b158	_ipc_notify_init	named	candidate	low	single	darwin01:darwin01/kernel/ipc/ipc_notify.c:341:ipc_notify_init	0	0	0		0	2
0x14b3ec	_ipc_notify_port_deleted	named	candidate	low	conflicting	darwin01:darwin01/kernel/ipc/ipc_notify.c:368:ipc_notify_port_deleted	17.957	17.957	26.854	dropped port-deleted (0x%08x, ;ipc_port_release_sonce;printf	0	2
0x14b464	_ipc_notify_msg_accepted	named	candidate	medium	single	mach4:mach4/kernel/ipc/ipc_notify.c:305:ipc_notify_msg_accepted	17.957	0.0	26.854	dropped msg-accepted (0x%08x, ;ipc_port_release_sonce;printf	0	1
0x14b4dc	_ipc_notify_port_destroyed	named	candidate	low	conflicting	darwin01:darwin01/kernel/ipc/ipc_notify.c:407:ipc_notify_port_destroyed	25.326	25.326	34.223	dropped port-destroyed (0x%08x;ipc_port_release_receive;ipc_port_release_sonce;printf	0	2
0x14b55c	_ipc_notify_no_senders	named	candidate	low	conflicting	darwin01:darwin01/kernel/ipc/ipc_notify.c:445:ipc_notify_no_senders	17.957	17.957	26.854	dropped no-senders (0x%08x, %u;ipc_port_release_sonce;printf	0	2
0x14b5d4	_ipc_notify_send_once	named	candidate	low	conflicting	darwin01:darwin01/kernel/ipc/ipc_notify.c:481:ipc_notify_send_once	17.957	17.957	26.854	dropped send-once (0x%08x)\n;ipc_port_release_sonce;printf	0	2
0x14b644	_ipc_notify_dead_name	named	candidate	low	conflicting	darwin01:darwin01/kernel/ipc/ipc_notify.c:515:ipc_notify_dead_name	17.957	17.957	26.854	dropped dead-name (0x%08x, 0x%;ipc_port_release_sonce;printf	0	2
0x14b6bc	_ipc_notify_port_deleted_compat	named	candidate	low	conflicting	darwin01:darwin01/kernel/ipc/ipc_notify.c:554:ipc_notify_port_deleted_compat	17.097	17.097	25.993	dropped port-deleted-compat (0;ipc_port_release_send;printf	0	2
0x14b73c	_ipc_notify_msg_accepted_compat	named	candidate	low	conflicting	darwin01:darwin01/kernel/ipc/ipc_notify.c:593:ipc_notify_msg_accepted_compat	17.097	17.097	25.993	dropped msg-accepted-compat (0;ipc_port_release_send;printf	0	2
0x14b7bc	_ipc_notify_port_destroyed_compat	named	candidate	low	conflicting	darwin01:darwin01/kernel/ipc/ipc_notify.c:635:ipc_notify_port_destroyed_compat	24.466	24.466	33.363	dropped port-destroyed-compat ;ipc_port_release_receive;ipc_port_release_send;printf	0	2
0x14b844	_ipc_object_reference	named	candidate	low	identical-bodies	darwin01:darwin01/kernel/ipc/ipc_object.c:104:ipc_object_reference; mach4:mach4/kernel/ipc/ipc_object.c:60:ipc_object_reference	0	0.0	0		0	2
0x14b86c	_ipc_object_release	named	candidate	low	identical-bodies	darwin01:darwin01/kernel/ipc/ipc_object.c:120:ipc_object_release; mach4:mach4/kernel/ipc/ipc_object.c:76:ipc_object_release	0	0.0	4.206		0	2
0x14b8b8	_ipc_object_translate	named	candidate	low	single	darwin01:darwin01/kernel/ipc/ipc_object.c:144:ipc_object_translate	0	0	5.333		0	2
0x14b928	_ipc_object_alloc_dead	named	candidate	medium	identical-bodies	darwin01:darwin01/kernel/ipc/ipc_object.c:188:ipc_object_alloc_dead; mach4:mach4/kernel/ipc/ipc_object.c:144:ipc_object_alloc_dead	7.37	0.0	7.37	ipc_entry_alloc	0	2
0x14b95c	_ipc_object_alloc_dead_name	named	candidate	medium	identical-bodies	darwin01:darwin01/kernel/ipc/ipc_object.c:223:ipc_object_alloc_dead_name; mach4:mach4/kernel/ipc/ipc_object.c:180:ipc_object_alloc_dead_name	13.718	0.0	13.718	ipc_entry_alloc_name;ipc_right_inuse	0	2
0x14b9b0	_ipc_object_alloc	named	candidate	low	conflicting	darwin01:darwin01/kernel/ipc/ipc_object.c:262:ipc_object_alloc	7.37	7.37	16.172	ipc_entry_alloc	0	2
0x14ba60	_ipc_object_alloc_name	named	candidate	low	conflicting	darwin01:darwin01/kernel/ipc/ipc_object.c:319:ipc_object_alloc_name	13.718	13.718	22.52	ipc_entry_alloc_name;ipc_right_inuse	0	2
0x14bb40	_ipc_object_copyin_type	named	candidate	low	conflicting	darwin01:darwin01/kernel/ipc/ipc_object.c:372:ipc_object_copyin_type	11.2	11.2	11.2	ipc_object_copyin_type: strang;panic	0	2
0x14bbec	_ipc_object_copyin	named	candidate	medium	identical-bodies	darwin01:darwin01/kernel/ipc/ipc_object.c:420:ipc_object_copyin; mach4:mach4/kernel/ipc/ipc_object.c:404:ipc_object_copyin	25.02	0.0	25.02	ipc_entry_dealloc;ipc_notify_port_deleted;ipc_right_copyin;ipc_right_lookup_write	0	2
0x14bc64	_ipc_object_copyin_from_kernel	named	candidate	low	conflicting	darwin01:darwin01/kernel/ipc/ipc_object.c:481:ipc_object_copyin_from_kernel	11.2	11.2	11.2	ipc_object_copyin_from_kernel:;panic	0	2
0x14bd68	_ipc_object_destroy	named	candidate	low	conflicting	darwin01:darwin01/kernel/ipc/ipc_object.c:578:ipc_object_destroy	18.745	18.745	18.745	ipc_notify_send_once;ipc_port_release_receive;ipc_port_release_send	0	2
0x14bdb4	_ipc_object_copyout	named	candidate	low	conflicting	darwin01:darwin01/kernel/ipc/ipc_object.c:623:ipc_object_copyout	33.133	33.133	33.133	ipc_entry_dealloc;ipc_entry_get;ipc_entry_grow_table;ipc_right_copyout;ipc_right_reverse	0	2
0x14beb4	_ipc_object_copyout_name	named	candidate	medium	identical-bodies	darwin01:darwin01/kernel/ipc/ipc_object.c:711:ipc_object_copyout_name; mach4:mach4/kernel/ipc/ipc_object.c:752:ipc_object_copyout_name	32.622	0.0	32.622	ipc_entry_alloc_name;ipc_entry_dealloc;ipc_right_copyout;ipc_right_inuse;ipc_right_reverse	0	2
0x14bfa4	_ipc_object_copyout_dest	named	candidate	low	conflicting	darwin01:darwin01/kernel/ipc/ipc_object.c:789:ipc_object_copyout_dest	23.349	23.349	23.349	ipc_notify_no_senders;ipc_notify_send_once;ipc_object_copyout_dest: stran;panic	0	2
0x14c060	_ipc_object_rename	named	candidate	medium	identical-bodies	darwin01:darwin01/kernel/ipc/ipc_object.c:890:ipc_object_rename; mach4:mach4/kernel/ipc/ipc_object.c:936:ipc_object_rename	33.78	0.0	33.78	ipc_entry_alloc_name;ipc_entry_dealloc;ipc_entry_lookup;ipc_right_inuse;ipc_right_rename	0	2
0x14c0e4	_ipc_object_copyout_type_compat	named	candidate	low	conflicting	darwin01:darwin01/kernel/ipc/ipc_object.c:931:ipc_object_copyout_type_compat	11.2	11.2	11.2	ipc_object_copyout_type_compat;panic	0	2
0x14c11c	_ipc_object_copyin_compat	named	candidate	low	conflicting	darwin01:darwin01/kernel/ipc/ipc_object.c:963:ipc_object_copyin_compat	13.801	13.801	13.801	ipc_right_copyin_compat;ipc_right_lookup_write	0	2
0x14c15c	_ipc_object_copyin_header	named	candidate	low	conflicting	darwin01:darwin01/kernel/ipc/ipc_object.c:1001:ipc_object_copyin_header	13.801	13.801	13.801	ipc_right_copyin_header;ipc_right_lookup_write	0	2
0x14c198	_ipc_object_copyout_compat	named	candidate	low	conflicting	darwin01:darwin01/kernel/ipc/ipc_object.c:1039:ipc_object_copyout_compat	47.297	47.297	54.156	ipc_entry_dealloc;ipc_entry_get;ipc_entry_grow_table;ipc_port_dngrow;ipc_port_dnrequest;ipc_right_copyout;ipc_right_reverse	0	2
0x14c318	_ipc_object_copyout_name_compat	named	candidate	low	conflicting	darwin01:darwin01/kernel/ipc/ipc_object.c:1151:ipc_object_copyout_name_compat	46.786	46.786	53.645	ipc_entry_alloc_name;ipc_entry_dealloc;ipc_port_dngrow;ipc_port_dnrequest;ipc_right_copyout;ipc_right_inuse;ipc_right_reverse	0	2
0x14c454	_ipc_port_timestamp	named	candidate	low	identical-bodies	darwin01:darwin01/kernel/ipc/ipc_port.c:109:ipc_port_timestamp; mach4:mach4/kernel/ipc/ipc_port.c:70:ipc_port_timestamp	0	0.0	0		0	2
0x14c490	_ipc_port_dnrequest	named	candidate	low	single	darwin01:darwin01/kernel/ipc/ipc_port.c:134:ipc_port_dnrequest	0	0	0		0	2
0x14c4d0	_ipc_port_dngrow	named	candidate	low	single	darwin01:darwin01/kernel/ipc/ipc_port.c:183:ipc_port_dngrow	3.498	3.498	26.616	bcopy	0	2
0x14c650	_ipc_port_dncancel	named	candidate	low	identical-bodies	darwin01:darwin01/kernel/ipc/ipc_port.c:290:ipc_port_dncancel; mach4:mach4/kernel/ipc/ipc_port.c:234:ipc_port_dncancel	0	0.0	0		0	2
0x14c67c	_ipc_port_pdrequest	named	candidate	low	identical-bodies	darwin01:darwin01/kernel/ipc/ipc_port.c:331:ipc_port_pdrequest; mach4:mach4/kernel/ipc/ipc_port.c:275:ipc_port_pdrequest	0	0.0	0		0	2
0x14c6a0	_ipc_port_nsrequest	named	candidate	low	identical-bodies	darwin01:darwin01/kernel/ipc/ipc_port.c:360:ipc_port_nsrequest; mach4:mach4/kernel/ipc/ipc_port.c:304:ipc_port_nsrequest	5.983	0.0	5.983	ipc_notify_no_senders	0	2
0x14c6ec	_ipc_port_set_qlimit	named	candidate	low	conflicting	darwin01:darwin01/kernel/ipc/ipc_port.c:398:ipc_port_set_qlimit	13.604	13.604	13.604	ipc_thread_dequeue;thread_go	0	2
0x14c748	_ipc_port_lock_mqueue	named	candidate	low	single	mach4:mach4/kernel/ipc/ipc_port.c:383:ipc_port_lock_mqueue	6.271	0.0	10.477	ipc_pset_remove	0	1
0x14c7ec	_ipc_port_set_seqno	named	candidate	low	single	darwin01:darwin01/kernel/ipc/ipc_port.c:438:ipc_port_set_seqno	6.271	0	10.477	ipc_pset_remove	0	2
0x14c89c	_ipc_port_clear_receiver	named	candidate	medium	identical-bodies	darwin01:darwin01/kernel/ipc/ipc_port.c:472:ipc_port_clear_receiver; mach4:mach4/kernel/ipc/ipc_port.c:434:ipc_port_clear_receiver	13.13	0.0	17.335	ipc_mqueue_changed;ipc_pset_remove	0	2
0x14c954	_ipc_port_init	named	candidate	low	single	darwin01:darwin01/kernel/ipc/ipc_port.c:508:ipc_port_init	6.522	6.522	6.522	ipc_mqueue_init	0	2
0x14c9c4	_ipc_port_alloc	named	candidate	medium	identical-bodies	darwin01:darwin01/kernel/ipc/ipc_port.c:550:ipc_port_alloc; mach4:mach4/kernel/ipc/ipc_port.c:532:ipc_port_alloc	7.775	0.0	14.297	ipc_object_alloc	0	2
0x14ca6c	_ipc_port_alloc_name	named	candidate	medium	identical-bodies	darwin01:darwin01/kernel/ipc/ipc_port.c:588:ipc_port_alloc_name; mach4:mach4/kernel/ipc/ipc_port.c:572:ipc_port_alloc_name	7.775	0.0	14.297	ipc_object_alloc_name	0	2
0x14cb0c	_ipc_port_delete_compat	named	candidate	low	conflicting	darwin01:darwin01/kernel/ipc/ipc_port.c:621:ipc_port_delete_compat	19.379	19.379	30.611	ipc_notify_port_deleted_compat;ipc_right_destroy;ipc_right_lookup_write	0	2
0x14cb80	_ipc_port_destroy	named	candidate	low	conflicting	darwin01:darwin01/kernel/ipc/ipc_port.c:672:ipc_port_destroy	84.575	84.575	127.017	ipc_kmsg_dequeue;ipc_kmsg_destroy;ipc_kobject_destroy;ipc_notify_dead_name;ipc_notify_port_destroyed;ipc_notify_port_destroyed_compat;ipc_notify_send_once;ipc_port_check_circularity;ipc_port_release_send;ipc_port_release_sonce;ipc_thread_dequeue;thread_go	0	2
0x14ce18	_ipc_port_check_circularity	named	candidate	low	identical-bodies	darwin01:darwin01/kernel/ipc/ipc_port.c:847:ipc_port_check_circularity; mach4:mach4/kernel/ipc/ipc_port.c:841:ipc_port_check_circularity	0	0.0	0		0	2
0x14cf28	_ipc_port_lookup_notify	named	candidate	low	identical-bodies	darwin01:darwin01/kernel/ipc/ipc_port.c:981:ipc_port_lookup_notify; mach4:mach4/kernel/ipc/ipc_port.c:975:ipc_port_lookup_notify	6.07	0.0	6.07	ipc_entry_lookup	0	2
0x14cf74	_ipc_port_make_send	named	candidate	low	identical-bodies	darwin01:darwin01/kernel/ipc/ipc_port.c:1021:ipc_port_make_send; mach4:mach4/kernel/ipc/ipc_port.c:1015:ipc_port_make_send	0	0.0	0		0	2
0x14cfa4	_ipc_port_copy_send	named	candidate	low	identical-bodies	darwin01:darwin01/kernel/ipc/ipc_port.c:1049:ipc_port_copy_send; mach4:mach4/kernel/ipc/ipc_port.c:1043:ipc_port_copy_send	0	0.0	0		0	2
0x14cff0	_ipc_port_copyout_send	named	candidate	medium	identical-bodies	darwin01:darwin01/kernel/ipc/ipc_port.c:1081:ipc_port_copyout_send; mach4:mach4/kernel/ipc/ipc_port.c:1075:ipc_port_copyout_send	11.599	0.0	11.599	ipc_object_copyout;ipc_port_release_send	0	2
0x14d050	_ipc_port_release_send	named	candidate	low	identical-bodies	darwin01:darwin01/kernel/ipc/ipc_port.c:1116:ipc_port_release_send; mach4:mach4/kernel/ipc/ipc_port.c:1110:ipc_port_release_send	5.983	0.0	10.189	ipc_notify_no_senders	0	2
0x14d0dc	_ipc_port_make_sonce	named	candidate	low	identical-bodies	darwin01:darwin01/kernel/ipc/ipc_port.c:1157:ipc_port_make_sonce; mach4:mach4/kernel/ipc/ipc_port.c:1151:ipc_port_make_sonce	0	0.0	0		0	2
0x14d108	_ipc_port_release_sonce	named	candidate	low	single	darwin01:darwin01/kernel/ipc/ipc_port.c:1186:ipc_port_release_sonce	0	0	4.206		0	2
0x14d168	_ipc_port_release_receive	named	candidate	low	identical-bodies	darwin01:darwin01/kernel/ipc/ipc_port.c:1215:ipc_port_release_receive; mach4:mach4/kernel/ipc/ipc_port.c:1211:ipc_port_release_receive	6.676	0.0	11.648	ipc_port_destroy	0	2
0x14d1a4	_ipc_port_alloc_special	named	candidate	low	single	darwin01:darwin01/kernel/ipc/ipc_port.c:1244:ipc_port_alloc_special	0	0	11.119		0	2
0x14d244	_ipc_port_dealloc_special	named	candidate	low	identical-bodies	darwin01:darwin01/kernel/ipc/ipc_port.c:1277:ipc_port_dealloc_special; mach4:mach4/kernel/ipc/ipc_port.c:1291:ipc_port_dealloc_special	6.676	0.0	24.012	ipc_port_destroy	0	2
0x14d328	_ipc_port_alloc_compat	named	candidate	low	conflicting	darwin01:darwin01/kernel/ipc/ipc_port.c:1324:ipc_port_alloc_compat	7.37	7.37	43.494	ipc_entry_alloc	0	2
0x14d4e4	_ipc_port_copyout_send_compat	named	candidate	low	conflicting	darwin01:darwin01/kernel/ipc/ipc_port.c:1407:ipc_port_copyout_send_compat	7.37	7.37	17.558	ipc_object_copyout_compat	0	2
0x14d5b0	_ipc_port_copyout_receiver	named	candidate	low	single	darwin01:darwin01/kernel/ipc/ipc_port.c:1439:ipc_port_copyout_receiver	0	0	4.206		0	2
0x14d61c	_ipc_pset_alloc	named	candidate	medium	single	darwin01:darwin01/kernel/ipc/ipc_pset.c:112:ipc_pset_alloc	14.297	7.775	14.297	ipc_mqueue_init;ipc_object_alloc	0	2
0x14d674	_ipc_pset_alloc_name	named	candidate	medium	single	darwin01:darwin01/kernel/ipc/ipc_pset.c:151:ipc_pset_alloc_name	14.297	7.775	14.297	ipc_mqueue_init;ipc_object_alloc_name	0	2
0x14d6c0	_ipc_pset_add	named	candidate	low	conflicting	darwin01:darwin01/kernel/ipc/ipc_pset.c:185:ipc_pset_add	14.228	14.228	14.228	ipc_mqueue_changed;ipc_mqueue_move	0	2
0x14d734	_ipc_pset_remove	named	candidate	low	conflicting	darwin01:darwin01/kernel/ipc/ipc_pset.c:223:ipc_pset_remove	7.37	7.37	7.37	ipc_mqueue_move	0	2
0x14d79c	_ipc_pset_move	named	candidate	low	identical-bodies	darwin01:darwin01/kernel/ipc/ipc_pset.c:259:ipc_pset_move; mach4:mach4/kernel/ipc/ipc_pset.c:212:ipc_pset_move	0	0.0	18.434		0	2
0x14da98	_ipc_pset_destroy	named	candidate	low	conflicting	darwin01:darwin01/kernel/ipc/ipc_pset.c:348:ipc_pset_destroy	6.859	6.859	11.064	ipc_mqueue_changed	0	2
0x14db08	_ipc_right_lookup_write	named	candidate	low	identical-bodies	darwin01:darwin01/kernel/ipc/ipc_right.c:114:ipc_right_lookup_write; mach4:mach4/kernel/ipc/ipc_right.c:69:ipc_right_lookup_write	6.07	0.0	6.07	ipc_entry_lookup	0	2
0x14db68	_ipc_right_reverse	named	candidate	medium	identical-bodies	darwin01:darwin01/kernel/ipc/ipc_right.c:152:ipc_right_reverse; mach4:mach4/kernel/ipc/ipc_right.c:107:ipc_right_reverse	14.539	0.0	14.539	ipc_entry_lookup;ipc_hash_lookup	0	2
0x14dbd4	_ipc_right_dnrequest	named	candidate	low	conflicting	darwin01:darwin01/kernel/ipc/ipc_right.c:232:ipc_right_dnrequest	30.002	30.002	44.54	ipc_notify_dead_name;ipc_port_dngrow;ipc_port_dnrequest;ipc_right_check	0	2
0x14ddbc	_ipc_right_dncancel	named	candidate	low	single	darwin01:darwin01/kernel/ipc/ipc_right.c:370:ipc_right_dncancel	6.271	6.271	12.031	ipc_port_dncancel	0	2
0x14ddf8	_ipc_right_inuse	named	candidate	low	conflicting	darwin01:darwin01/kernel/ipc/ipc_right.c:411:ipc_right_inuse	11.887	11.887	16.858	ipc_hash_delete;ipc_marequest_cancel	0	2
0x14dec0	_ipc_right_check	named	candidate	low	conflicting	darwin01:darwin01/kernel/ipc/ipc_right.c:495:ipc_right_check	17.41	17.41	22.382	ipc_entry_dealloc;ipc_hash_delete;ipc_marequest_cancel	0	2
0x14df98	_ipc_right_clean	named	candidate	low	conflicting	darwin01:darwin01/kernel/ipc/ipc_right.c:576:ipc_right_clean	50.642	50.642	66.879	ipc_notify_no_senders;ipc_notify_port_deleted;ipc_notify_send_once;ipc_port_clear_receiver;ipc_port_destroy;ipc_pset_destroy;ipc_right_clean: strange type;panic	0	2
0x14e154	_ipc_right_destroy	named	candidate	low	conflicting	darwin01:darwin01/kernel/ipc/ipc_right.c:699:ipc_right_destroy	68.053	68.053	84.289	ipc_entry_dealloc;ipc_hash_delete;ipc_marequest_cancel;ipc_notify_no_senders;ipc_notify_port_deleted;ipc_notify_send_once;ipc_port_clear_receiver;ipc_port_destroy;ipc_pset_destroy;ipc_right_destroy: strange typ;panic	0	2
0x14e3f4	_ipc_right_dealloc	named	candidate	low	conflicting	darwin01:darwin01/kernel/ipc/ipc_right.c:844:ipc_right_dealloc	35.948	35.948	52.951	ipc_entry_dealloc;ipc_hash_delete;ipc_marequest_cancel;ipc_notify_no_senders;ipc_notify_port_deleted;ipc_notify_send_once	0	2
0x14e844	_ipc_right_delta	named	candidate	low	conflicting	darwin01:darwin01/kernel/ipc/ipc_right.c:1039:ipc_right_delta	68.053	68.053	85.056	ipc_entry_dealloc;ipc_hash_delete;ipc_marequest_cancel;ipc_notify_no_senders;ipc_notify_port_deleted;ipc_notify_send_once;ipc_port_clear_receiver;ipc_port_destroy;ipc_pset_destroy;ipc_right_delta: strange right;panic	0	2
0x14efa0	_ipc_right_info	named	candidate	low	single	darwin01:darwin01/kernel/ipc/ipc_right.c:1398:ipc_right_info	0	0	22.382		0	2
0x14f100	_ipc_right_copyin_check	named	candidate	low	conflicting	darwin01:darwin01/kernel/ipc/ipc_right.c:1453:ipc_right_copyin_check	11.2	11.2	11.2	ipc_right_copyin_check: strang;panic	0	2
0x14f1b8	_ipc_right_copyin	named	candidate	low	conflicting	darwin01:darwin01/kernel/ipc/ipc_right.c:1544:ipc_right_copyin	37.027	37.027	59.554	ipc_hash_delete;ipc_hash_insert;ipc_marequest_cancel;ipc_port_clear_receiver;ipc_right_copyin: strange righ;panic	0	2
0x14f804	_ipc_right_copyin_undo	named	candidate	low	identical-bodies	darwin01:darwin01/kernel/ipc/ipc_right.c:1888:ipc_right_copyin_undo; mach4:mach4/kernel/ipc/ipc_right.c:1851:ipc_right_copyin_undo	4.972	0.0	22.382	ipc_object_release	0	2
0x14f938	_ipc_right_copyin_two	named	candidate	low	conflicting	darwin01:darwin01/kernel/ipc/ipc_right.c:1977:ipc_right_copyin_two	11.887	11.887	34.413	ipc_hash_delete;ipc_marequest_cancel	0	2
0x14fb2c	_ipc_right_copyout	named	candidate	low	conflicting	darwin01:darwin01/kernel/ipc/ipc_right.c:2087:ipc_right_copyout	24.185	24.185	29.157	ipc_hash_delete;ipc_hash_insert;ipc_right_copyout: strange rig;panic	0	2
0x14fc44	_ipc_right_rename	named	candidate	low	conflicting	darwin01:darwin01/kernel/ipc/ipc_right.c:2229:ipc_right_rename	38.177	38.177	49.132	ipc_entry_dealloc;ipc_hash_delete;ipc_hash_insert;ipc_marequest_rename;ipc_right_rename: strange righ;panic	0	2
0x14fecc	_ipc_right_copyin_compat	named	candidate	medium	single	darwin01:darwin01/kernel/ipc/ipc_right.c:2373:ipc_right_copyin_compat	54.923	49.02	71.926	ipc_entry_dealloc;ipc_hash_delete;ipc_hash_insert;ipc_marequest_cancel;ipc_notify_no_senders;ipc_notify_port_deleted;ipc_port_clear_receiver;ipc_right_copyin_compat: stran;panic	0	2
0x150364	_ipc_right_copyin_header	named	candidate	low	conflicting	darwin01:darwin01/kernel/ipc/ipc_right.c:2623:ipc_right_copyin_header	30.482	30.482	64.844	ipc_entry_dealloc;ipc_notify_port_deleted;ipc_notify_port_deleted_compat;ipc_right_copyin_header: stran;panic	0	2
0x1506b0	_ipc_space_reference	named	candidate	low	identical-bodies	darwin01:darwin01/kernel/ipc/ipc_space.c:115:ipc_space_reference; mach4:mach4/kernel/ipc/ipc_space.c:76:ipc_space_reference	0	0.0	0		0	2
0x1506d8	_ipc_space_release	named	candidate	low	identical-bodies	darwin01:darwin01/kernel/ipc/ipc_space.c:122:ipc_space_release; mach4:mach4/kernel/ipc/ipc_space.c:83:ipc_space_release	0	0.0	4.206		0	2
0x15071c	_ipc_space_create	named	candidate	medium	single	darwin01:darwin01/kernel/ipc/ipc_space.c:143:ipc_space_create	12.077	8.468	27.961	bzero;ipc_splay_tree_init	0	2
0x15081c	_ipc_space_create_special	named	candidate	low	identical-bodies	darwin01:darwin01/kernel/ipc/ipc_space.c:244:ipc_space_create_special; mach4:mach4/kernel/ipc/ipc_space.c:203:ipc_space_create_special	0	0.0	4.597		0	2
0x150860	_ipc_space_destroy	named	candidate	medium	single	darwin01:darwin01/kernel/ipc/ipc_space.c:273:ipc_space_destroy	51.959	46.627	63.024	assert_wait;ipc_hash_global_delete;ipc_port_release_send;ipc_right_clean;ipc_splay_traverse_finish;ipc_splay_traverse_next;ipc_splay_traverse_start;thread_block_with_continuation	0	2
0x150a08	_ipc_splay_tree_init	named	candidate	low	identical-bodies	darwin01:darwin01/kernel/ipc/ipc_splay.c:306:ipc_splay_tree_init; mach4:mach4/kernel/ipc/ipc_splay.c:261:ipc_splay_tree_init	0	0.0	0		0	2
0x150a1c	_ipc_splay_tree_pick	named	candidate	low	identical-bodies	darwin01:darwin01/kernel/ipc/ipc_splay.c:320:ipc_splay_tree_pick; mach4:mach4/kernel/ipc/ipc_splay.c:275:ipc_splay_tree_pick	0	0.0	0		0	2
0x150a48	_ipc_splay_tree_lookup	named	candidate	low	identical-bodies	darwin01:darwin01/kernel/ipc/ipc_splay.c:348:ipc_splay_tree_lookup; mach4:mach4/kernel/ipc/ipc_splay.c:303:ipc_splay_tree_lookup	0	0.0	0		0	2
0x150bac	_ipc_splay_tree_insert	named	candidate	low	identical-bodies	darwin01:darwin01/kernel/ipc/ipc_splay.c:387:ipc_splay_tree_insert; mach4:mach4/kernel/ipc/ipc_splay.c:342:ipc_splay_tree_insert	0	0.0	0		0	2
0x150d74	_ipc_splay_tree_delete	named	candidate	low	identical-bodies	darwin01:darwin01/kernel/ipc/ipc_splay.c:451:ipc_splay_tree_delete; mach4:mach4/kernel/ipc/ipc_splay.c:406:ipc_splay_tree_delete	0	0.0	4.206		0	2
0x151060	_ipc_splay_tree_split	named	candidate	low	identical-bodies	darwin01:darwin01/kernel/ipc/ipc_splay.c:522:ipc_splay_tree_split; mach4:mach4/kernel/ipc/ipc_splay.c:477:ipc_splay_tree_split	0	0.0	0		0	2
0x15126c	_ipc_splay_tree_join	named	candidate	low	identical-bodies	darwin01:darwin01/kernel/ipc/ipc_splay.c:602:ipc_splay_tree_join; mach4:mach4/kernel/ipc/ipc_splay.c:557:ipc_splay_tree_join	0	0.0	0		0	2
0x15144c	_ipc_splay_tree_bounds	named	candidate	low	identical-bodies	darwin01:darwin01/kernel/ipc/ipc_splay.c:688:ipc_splay_tree_bounds; mach4:mach4/kernel/ipc/ipc_splay.c:643:ipc_splay_tree_bounds	0	0.0	0		0	2
0x151618	_ipc_splay_traverse_start	named	candidate	low	identical-bodies	darwin01:darwin01/kernel/ipc/ipc_splay.c:777:ipc_splay_traverse_start; mach4:mach4/kernel/ipc/ipc_splay.c:732:ipc_splay_traverse_start	0	0.0	0		0	2
0x151670	_ipc_splay_traverse_next	named	candidate	low	identical-bodies	darwin01:darwin01/kernel/ipc/ipc_splay.c:809:ipc_splay_traverse_next; mach4:mach4/kernel/ipc/ipc_splay.c:764:ipc_splay_traverse_next	0	0.0	4.206		0	2
0x151910	_ipc_splay_traverse_finish	named	candidate	low	identical-bodies	darwin01:darwin01/kernel/ipc/ipc_splay.c:951:ipc_splay_traverse_finish; mach4:mach4/kernel/ipc/ipc_splay.c:906:ipc_splay_traverse_finish	0	0.0	0		0	2
0x151934	_ipc_table_fill	named	candidate	low	identical-bodies	darwin01:darwin01/kernel/ipc/ipc_table.c:112:ipc_table_fill; mach4:mach4/kernel/ipc/ipc_table.c:67:ipc_table_fill	0	0.0	0		0	2
0x1519c8	_ipc_table_init	named	candidate	low	identical-bodies	darwin01:darwin01/kernel/ipc/ipc_table.c:153:ipc_table_init; mach4:mach4/kernel/ipc/ipc_table.c:108:ipc_table_init	3.519	0.0	3.519	kalloc	0	2
0x151b44	_ipc_table_alloc	named	candidate	medium	identical-bodies	darwin01:darwin01/kernel/ipc/ipc_table.c:191:ipc_table_alloc; mach4:mach4/kernel/ipc/ipc_table.c:146:ipc_table_alloc	11.295	0.0	11.295	kalloc;kmem_alloc	0	2
0x151b84	_ipc_table_realloc	named	candidate	medium	identical-bodies	darwin01:darwin01/kernel/ipc/ipc_table.c:218:ipc_table_realloc; mach4:mach4/kernel/ipc/ipc_table.c:173:ipc_table_realloc	8.468	0.0	8.468	kmem_realloc	0	2
0x151bb8	_ipc_table_free	named	candidate	medium	identical-bodies	darwin01:darwin01/kernel/ipc/ipc_table.c:242:ipc_table_free; mach4:mach4/kernel/ipc/ipc_table.c:197:ipc_table_free	8.896	0.0	8.896	kfree;kmem_free	0	2
0x151be8	_ipc_thread_enqueue	named	candidate	low	identical-bodies	darwin01:darwin01/kernel/ipc/ipc_thread.c:90:ipc_thread_enqueue; mach4:mach4/kernel/ipc/ipc_thread.c:49:ipc_thread_enqueue	0	0.0	0		0	2
0x151c24	_ipc_thread_dequeue	named	candidate	low	identical-bodies	darwin01:darwin01/kernel/ipc/ipc_thread.c:104:ipc_thread_dequeue; mach4:mach4/kernel/ipc/ipc_thread.c:63:ipc_thread_dequeue	0	0.0	0		0	2
0x151c70	_ipc_thread_rmqueue	named	candidate	low	identical-bodies	darwin01:darwin01/kernel/ipc/ipc_thread.c:124:ipc_thread_rmqueue; mach4:mach4/kernel/ipc/ipc_thread.c:83:ipc_thread_rmqueue	0	0.0	0		0	2
0x151cbc	_mach_port_get_srights	named	candidate	low	identical-bodies	darwin01:darwin01/kernel/ipc/mach_debug.c:115:mach_port_get_srights; mach4:mach4/kernel/ipc/mach_debug.c:72:mach_port_get_srights	0	0.0	6.389		0	2
0x151d04	_host_ipc_hash_info	named	candidate	medium	single	darwin01:darwin01/kernel/ipc/mach_debug.c:152:host_ipc_hash_info	26.643	20.66	26.643	ipc_hash_info;kmem_alloc_pageable;kmem_free;vm_move	0	2
0x151e30	_host_ipc_marequest_info	named	candidate	medium	single	darwin01:darwin01/kernel/ipc/mach_debug.c:243:host_ipc_marequest_info	26.643	20.66	26.643	ipc_marequest_info;kmem_alloc_pageable;kmem_free;vm_move	0	2
0x151f60	_mach_port_space_info	named	candidate	medium	single	darwin01:darwin01/kernel/ipc/mach_debug.c:336:mach_port_space_info	43.276	37.293	43.276	bzero;ipc_splay_traverse_finish;ipc_splay_traverse_next;ipc_splay_traverse_start;kmem_alloc;kmem_free;vm_move	0	2
0x1524a8	_mach_port_dnrequest_info	named	candidate	low	identical-bodies	darwin01:darwin01/kernel/ipc/mach_debug.c:621:mach_port_dnrequest_info; mach4:mach4/kernel/ipc/mach_debug.c:524:mach_port_dnrequest_info	0	0.0	6.389		0	2
0x152528	_mach_port_kernel_object	named	candidate	low	identical-bodies	darwin01:darwin01/kernel/ipc/mach_debug.c:680:mach_port_kernel_object; mach4:mach4/kernel/ipc/mach_debug.c:583:mach_port_kernel_object	0	0.0	5.333		0	2
0x1525a8	_mach_msg_send	named	candidate	medium	single	mach4:mach4/kernel/ipc/mach_msg.c:98:mach_msg_send	40.957	33.875	50.503	ipc_kmsg_copyin;ipc_kmsg_copyout_pseudo;ipc_kmsg_get;ipc_kmsg_put;ipc_marequest_create;ipc_mqueue_send	0	3
0x152708	_mach_msg_receive	named	candidate	medium	single	mach4:mach4/kernel/ipc/mach_msg.c:180:mach_msg_receive	41.856	35.179	41.856	copyout;ipc_kmsg_copyout;ipc_kmsg_copyout_dest;ipc_kmsg_put;ipc_mqueue_copyin;ipc_mqueue_receive;ipc_object_release	0	3
0x152904	_mach_msg_receive_continue	named	candidate	medium	single	mach4:mach4/kernel/ipc/mach_msg.c:294:mach_msg_receive_continue	41.45	34.774	41.45	copyout;ipc_kmsg_copyout;ipc_kmsg_copyout_dest;ipc_kmsg_put;ipc_mqueue_receive;ipc_object_release;thread_syscall_return	0	2
0x152aec	_mach_msg_trap	named	candidate	medium	single	mach4:mach4/kernel/ipc/mach_msg.c:393:mach_msg_trap	129.221	0	154.552	copyinmsg;copyoutmsg;exception_raise_continue_fast;ipc_kmsg_copyin;ipc_kmsg_copyout;ipc_kmsg_copyout_body;ipc_kmsg_copyout_dest;ipc_kmsg_copyout_pseudo;ipc_kmsg_get;ipc_kmsg_put;ipc_kobject_server;ipc_mqueue_copyin;ipc_mqueue_receive;ipc_mqueue_send;ipc_notify_no_senders;ipc_notify_send_once;ipc_obj	0	2
0x153f34	_mach_msg_continue	named	candidate	medium	single	mach4:mach4/kernel/ipc/mach_msg.c:1731:mach_msg_continue	36.952	0.0	36.952	ipc_kmsg_copyout;ipc_kmsg_copyout_dest;ipc_kmsg_put;ipc_mqueue_receive;ipc_object_release;thread_syscall_return	0	1
0x154064	_mach_msg_interrupt	named	candidate	low	conflicting	darwin01:darwin01/kernel/ipc/mach_msg.c:758:mach_msg_interrupt	20.81	20.81	20.81	ipc_object_release;ipc_thread_rmqueue;thread_set_syscall_return	0	2
0x1540dc	_msg_return_translate	named	candidate	low	conflicting	darwin01:darwin01/kernel/ipc/mach_msg.c:797:msg_return_translate	23.086	23.086	23.086	msg_return_translate;msg_return_translate: %x -> in;panic;printf	0	2
0x1542b0	_msg_send_trap	named	candidate	low	conflicting	darwin01:darwin01/kernel/ipc/mach_msg.c:865:msg_send_trap	38.772	38.772	48.318	ipc_kmsg_copyin_compat;ipc_kmsg_destroy;ipc_kmsg_get;ipc_marequest_create;ipc_mqueue_send;msg_return_translate	0	3
0x154448	_msg_send_switch_continue	named	candidate	low	single	darwin01:darwin01/kernel/ipc/mach_msg.c:940:msg_send_switch_continue	6.271	0.0	6.271	thread_syscall_return	0	1
0x154458	_msg_receive_trap	named	candidate	medium	single	darwin01:darwin01/kernel/ipc/mach_msg.c:962:msg_receive_trap	47.328	41.568	47.328	copyout;ipc_kmsg_copyout_compat;ipc_kmsg_destroy;ipc_kmsg_put;ipc_mqueue_copyin;ipc_mqueue_receive;ipc_object_release;msg_return_translate	0	3
0x154594	_msg_rpc_trap	named	candidate	medium	single	darwin01:darwin01/kernel/ipc/mach_msg.c:1058:msg_rpc_trap	75.656	68.574	100.282	copyout;ipc_kmsg_copyin_compat;ipc_kmsg_copyout_compat;ipc_kmsg_destroy;ipc_kmsg_get;ipc_kmsg_put;ipc_kobject_server;ipc_marequest_create;ipc_mqueue_receive;ipc_mqueue_send;ipc_pset_remove;msg_return_translate	0	3
0x154a18	_msg_receive_continue	named	candidate	medium	single	darwin01:darwin01/kernel/ipc/mach_msg.c:1324:msg_receive_continue	46.923	41.162	46.923	copyout;ipc_kmsg_copyout_compat;ipc_kmsg_destroy;ipc_kmsg_put;ipc_mqueue_receive;ipc_object_release;msg_return_translate;thread_syscall_return	0	2
0x154b28	_mach_port_names_helper	named	candidate	low	single	darwin01:darwin01/kernel/ipc/mach_port.c:125:mach_port_names_helper	0	0	0		0	2
0x154bec	_mach_port_names	named	candidate	medium	single	darwin01:darwin01/kernel/ipc/mach_port.c:208:mach_port_names	52.039	46.056	52.039	ipc_port_timestamp;ipc_splay_traverse_finish;ipc_splay_traverse_next;ipc_splay_traverse_start;kmem_free;vm_allocate;vm_map_pageable;vm_move	0	2
0x1550a4	_mach_port_type	named	candidate	medium	identical-bodies	darwin01:darwin01/kernel/ipc/mach_port.c:453:mach_port_type; mach4:mach4/kernel/ipc/mach_port.c:355:mach_port_type	11.498	0.0	11.498	ipc_right_info;ipc_right_lookup_write	0	2
0x155100	_mach_port_rename	named	candidate	medium	identical-bodies	darwin01:darwin01/kernel/ipc/mach_port.c:495:mach_port_rename; mach4:mach4/kernel/ipc/mach_port.c:397:mach_port_rename	7.775	0.0	7.775	ipc_object_rename	0	2
0x15513c	_mach_port_allocate_name	named	candidate	low	conflicting	darwin01:darwin01/kernel/ipc/mach_port.c:541:mach_port_allocate_name	25.405	25.405	25.405	ipc_object_alloc_dead_name;ipc_port_alloc_name;ipc_pset_alloc_name	0	3
0x1551d0	_mach_port_allocate	named	candidate	low	conflicting	darwin01:darwin01/kernel/ipc/mach_port.c:604:mach_port_allocate	23.613	23.613	23.613	ipc_object_alloc_dead;ipc_port_alloc;ipc_pset_alloc	0	3
0x155250	_mach_port_destroy	named	candidate	medium	identical-bodies	darwin01:darwin01/kernel/ipc/mach_port.c:663:mach_port_destroy; mach4:mach4/kernel/ipc/mach_port.c:565:mach_port_destroy	12.009	0.0	12.009	ipc_right_destroy;ipc_right_lookup_write	0	2
0x155294	_mach_port_deallocate	named	candidate	medium	single	darwin01:darwin01/kernel/ipc/mach_port.c:701:mach_port_deallocate; mach4:mach4/kernel/ipc/mach_port.c:603:mach_port_deallocate	13.801	0	13.801	ipc_right_dealloc;ipc_right_lookup_write	0	3
0x1552d8	_mach_port_get_refs	named	candidate	medium	identical-bodies	darwin01:darwin01/kernel/ipc/mach_port.c:738:mach_port_get_refs; mach4:mach4/kernel/ipc/mach_port.c:640:mach_port_get_refs	22.698	0.0	22.698	ipc_right_info;ipc_right_lookup_write;mach_port_get_refs: strange ri;panic	0	2
0x1553a4	_mach_port_mod_refs	named	candidate	medium	identical-bodies	darwin01:darwin01/kernel/ipc/mach_port.c:812:mach_port_mod_refs; mach4:mach4/kernel/ipc/mach_port.c:714:mach_port_mod_refs	13.801	0.0	13.801	ipc_right_delta;ipc_right_lookup_write	0	2
0x1553fc	_old_mach_port_get_receive_status	named	candidate	medium	single	mach4:mach4/kernel/ipc/mach_port.c:754:old_mach_port_get_receive_status	7.775	0.0	7.775	mach_port_get_receive_status	0	1
0x155454	_mach_port_set_qlimit	named	candidate	low	conflicting	darwin01:darwin01/kernel/ipc/mach_port.c:854:mach_port_set_qlimit	7.775	7.775	14.164	ipc_port_set_qlimit	0	2
0x1554ac	_mach_port_set_mscount	named	candidate	low	identical-bodies	darwin01:darwin01/kernel/ipc/mach_port.c:894:mach_port_set_mscount; mach4:mach4/kernel/ipc/mach_port.c:836:mach_port_set_mscount	0	0.0	6.389		0	2
0x1554f0	_mach_port_set_seqno	named	candidate	medium	identical-bodies	darwin01:darwin01/kernel/ipc/mach_port.c:931:mach_port_set_seqno; mach4:mach4/kernel/ipc/mach_port.c:873:mach_port_set_seqno	8.468	0.0	14.857	ipc_port_set_seqno	0	2
0x155540	_mach_port_gst_helper	named	candidate	low	identical-bodies	darwin01:darwin01/kernel/ipc/mach_port.c:960:mach_port_gst_helper; mach4:mach4/kernel/ipc/mach_port.c:902:mach_port_gst_helper	0	0.0	0		0	2
0x15558c	_mach_port_get_set_status	named	candidate	medium	single	darwin01:darwin01/kernel/ipc/mach_port.c:1008:mach_port_get_set_status	43.571	37.588	48.904	ipc_splay_traverse_finish;ipc_splay_traverse_next;ipc_splay_traverse_start;kmem_free;vm_allocate;vm_map_pageable;vm_move	0	2
0x155858	_mach_port_move_member	named	candidate	medium	identical-bodies	darwin01:darwin01/kernel/ipc/mach_port.c:1196:mach_port_move_member; mach4:mach4/kernel/ipc/mach_port.c:1106:mach_port_move_member	13.44	0.0	18.773	ipc_entry_lookup;ipc_pset_move	0	2
0x1558ec	_mach_port_request_notification	named	candidate	low	conflicting	darwin01:darwin01/kernel/ipc/mach_port.c:1290:mach_port_request_notification	29.922	29.922	36.31	ipc_port_nsrequest;ipc_port_pdrequest;ipc_port_release_send;ipc_right_dnrequest	0	2
0x1559ec	_mach_port_insert_right	named	candidate	low	conflicting	darwin01:darwin01/kernel/ipc/mach_port.c:1387:mach_port_insert_right	8.468	8.468	8.468	ipc_object_copyout_name	0	3
0x155a44	_mach_port_extract_right	named	candidate	medium	identical-bodies	darwin01:darwin01/kernel/ipc/mach_port.c:1424:mach_port_extract_right; mach4:mach4/kernel/ipc/mach_port.c:1333:mach_port_extract_right	13.758	0.0	13.758	ipc_object_copyin;ipc_object_copyin_type	0	2
0x155a9c	_mach_port_get_receive_status	named	candidate	low	identical-bodies	darwin01:darwin01/kernel/ipc/mach_port.c:1461:mach_port_get_receive_status; mach4:mach4/kernel/ipc/mach_port.c:1370:mach_port_get_receive_status	6.271	0.0	16.865	ipc_pset_remove	0	2
0x155be4	_port_translate_compat	named	candidate	medium	identical-bodies	darwin01:darwin01/kernel/ipc/mach_port.c:1532:port_translate_compat; mach4:mach4/kernel/ipc/mach_port.c:1590:port_translate_compat	11.498	0.0	11.498	ipc_right_info;ipc_right_lookup_write	0	2
0x155c78	_convert_port_type	named	candidate	medium	identical-bodies	darwin01:darwin01/kernel/ipc/mach_port.c:1581:convert_port_type; mach4:mach4/kernel/ipc/mach_port.c:1639:convert_port_type	10.101	0.0	10.101	convert_port_type: strange por;panic	0	2
0x155ce8	_port_names	named	candidate	medium	single	darwin01:darwin01/kernel/ipc/mach_port.c:1623:port_names	24.669	11.316	34.77	kmem_free;mach_port_names;vm_deallocate;vm_move	0	3
0x155e9c	_port_type	named	candidate	low	single	darwin01:darwin01/kernel/ipc/mach_port.c:1721:port_type; mach4:mach4/kernel/ipc/mach_port.c:1741:port_type	0	0	21.6		0	3
0x155f68	_port_rename	named	candidate	low	single	darwin01:darwin01/kernel/ipc/mach_port.c:1754:port_rename; mach4:mach4/kernel/ipc/mach_port.c:1774:port_rename	0	0	7.775		0	3
0x155fac	_port_allocate	named	candidate	medium	single	darwin01:darwin01/kernel/ipc/mach_port.c:1785:port_allocate; mach4:mach4/kernel/ipc/mach_port.c:1805:port_allocate	7.775	0	7.775	ipc_port_alloc_compat	0	3
0x155ff8	_port_deallocate	named	candidate	medium	single	darwin01:darwin01/kernel/ipc/mach_port.c:1821:port_deallocate; mach4:mach4/kernel/ipc/mach_port.c:1841:port_deallocate	18.175	0	18.175	ipc_right_destroy;ipc_right_info;ipc_right_lookup_write	0	3
0x15606c	_port_set_backlog	named	candidate	medium	single	darwin01:darwin01/kernel/ipc/mach_port.c:1882:port_set_backlog; mach4:mach4/kernel/ipc/mach_port.c:1902:port_set_backlog	7.775	0	19.273	ipc_port_set_qlimit	0	3
0x15612c	_port_set_backup	named	candidate	medium	single	darwin01:darwin01/kernel/ipc/mach_port.c:1926:port_set_backup; mach4:mach4/kernel/ipc/mach_port.c:1946:port_set_backup	13.941	0	25.439	ipc_notify_send_once;ipc_port_pdrequest	0	3
0x15622c	_port_status	named	candidate	medium	single	darwin01:darwin01/kernel/ipc/mach_port.c:1989:port_status; mach4:mach4/kernel/ipc/mach_port.c:2009:port_status	17.769	0	21.975	ipc_pset_remove;ipc_right_info;ipc_right_lookup_write	0	3
0x15637c	_port_set_allocate	named	candidate	medium	single	darwin01:darwin01/kernel/ipc/mach_port.c:2087:port_set_allocate; mach4:mach4/kernel/ipc/mach_port.c:2107:port_set_allocate	7.775	0	7.775	ipc_pset_alloc	0	3
0x1563c8	_port_set_deallocate	named	candidate	medium	single	darwin01:darwin01/kernel/ipc/mach_port.c:2121:port_set_deallocate; mach4:mach4/kernel/ipc/mach_port.c:2141:port_set_deallocate	12.009	0	12.009	ipc_right_destroy;ipc_right_lookup_write	0	3
0x156420	_port_set_add	named	candidate	medium	single	darwin01:darwin01/kernel/ipc/mach_port.c:2166:port_set_add; mach4:mach4/kernel/ipc/mach_port.c:2186:port_set_add	24.938	0	24.938	ipc_entry_lookup;ipc_pset_move;ipc_right_info;ipc_right_lookup_write	0	3
0x1564c0	_port_set_remove	named	candidate	medium	single	darwin01:darwin01/kernel/ipc/mach_port.c:2239:port_set_remove; mach4:mach4/kernel/ipc/mach_port.c:2259:port_set_remove	18.868	0	18.868	ipc_pset_move;ipc_right_info;ipc_right_lookup_write	0	3
0x156540	_port_set_status	named	candidate	medium	single	darwin01:darwin01/kernel/ipc/mach_port.c:2296:port_set_status; mach4:mach4/kernel/ipc/mach_port.c:2316:port_set_status	7.775	0	7.775	mach_port_get_set_status	0	3
0x15656c	_port_insert_send	named	candidate	medium	single	darwin01:darwin01/kernel/ipc/mach_port.c:2331:port_insert_send; mach4:mach4/kernel/ipc/mach_port.c:2351:port_insert_send	7.775	0	7.775	ipc_object_copyout_name_compat	0	3
0x1565cc	_port_extract_send	named	candidate	medium	single	darwin01:darwin01/kernel/ipc/mach_port.c:2378:port_extract_send; mach4:mach4/kernel/ipc/mach_port.c:2398:port_extract_send	7.082	0	7.082	ipc_object_copyin_compat	0	3
0x156600	_port_insert_receive	named	candidate	medium	single	darwin01:darwin01/kernel/ipc/mach_port.c:2417:port_insert_receive; mach4:mach4/kernel/ipc/mach_port.c:2437:port_insert_receive	7.775	0	7.775	ipc_object_copyout_name_compat	0	3
0x156660	_port_extract_receive	named	candidate	medium	single	darwin01:darwin01/kernel/ipc/mach_port.c:2466:port_extract_receive; mach4:mach4/kernel/ipc/mach_port.c:2486:port_extract_receive	7.082	0	7.082	ipc_object_copyin_compat	0	3
0x156694	_ast_init	named	candidate	low	single	darwin01:darwin01/kernel/kern/ast.c:85:ast_init; mach4:mach4/kernel/kern/ast.c:61:ast_init	0	0	0		0	3
0x1566b0	_ast_check	named	candidate	low	conflicting	darwin01:darwin01/kernel/kern/ast.c:143:ast_check	18.081	18.081	18.081	ast_check: Bad processor state;panic;splsched;splx	0	3
0x1568d8	_exception_with_continuation	named	candidate	medium	single	darwin01:darwin01/kernel/kern/exception.c:120:exception_with_continuation	37.5	0.0	37.5	exception;exception_raise;exception_try_task;panic;retrieve_task_self_fast;retrieve_thread_self_fast	0	1
0x1569c0	_exception	named	candidate	medium	single	mach4:mach4/kernel/kern/exception.c:96:exception	37.5	0	37.5	exception;exception_raise;exception_try_task;panic;retrieve_task_self_fast;retrieve_thread_self_fast	0	2
0x156aac	_exception_from_kernel	named	candidate	low	single	darwin01:darwin01/kernel/kern/exception.c:190:exception_from_kernel	0	0.0	37.5		0	1
0x156be0	_exception_try_task	named	candidate	low	conflicting	darwin01:darwin01/kernel/kern/exception.c:222:exception_try_task	27.399	27.399	27.399	exception_no_server;exception_raise;retrieve_task_self_fast;retrieve_thread_self_fast	0	2
0x156c90	_exception_no_server	named	candidate	low	conflicting	darwin01:darwin01/kernel/kern/exception.c:289:exception_no_server	13.024	13.024	13.024	task_terminate;thread_halt_self	0	2
0x156cc8	_exception_raise	named	candidate	low	conflicting	darwin01:darwin01/kernel/kern/exception.c:385:exception_raise	87.228	87.228	106.852	copyoutmsg;exception_raise;exception_raise_continue_slow;ipc_kmsg_copyout_dest;ipc_kmsg_copyout_header;ipc_kmsg_copyout_object;ipc_kmsg_destroy;ipc_kmsg_put;ipc_mqueue_receive;ipc_notify_no_senders;panic;thread_handoff;thread_syscall_return	0	2
0x1573ec	_exception_parse_reply	named	candidate	low	single	darwin01:darwin01/kernel/kern/exception.c:854:exception_parse_reply	5.76	5.76	15.306	ipc_kmsg_destroy	0	2
0x15746c	_exception_raise_continue	named	candidate	low	conflicting	darwin01:darwin01/kernel/kern/exception.c:899:exception_raise_continue	13.678	13.678	13.678	exception_raise_continue_slow;ipc_mqueue_receive	0	2
0x1574b0	_exception_raise_continue_slow	named	candidate	medium	single	darwin01:darwin01/kernel/kern/exception.c:931:exception_raise_continue_slow	32.878	25.509	92.114	call_continuation;exception_no_server;ipc_mqueue_receive;ipc_port_release_sonce;thread_halt_self_with_continuation	0	2
0x1577a8	_exception_raise_continue_fast	named	candidate	medium	single	darwin01:darwin01/kernel/kern/exception.c:1040:exception_raise_continue_fast	19.742	13.065	68.102	call_continuation;exception_no_server;thread_exception_return	0	2
0x157958	_host_processors	named	candidate	low	conflicting	darwin01:darwin01/kernel/kern/host.c:75:host_processors	23.188	23.188	23.188	convert_processor_to_port;host_processors;kalloc;panic	0	3
0x157a28	_host_info	named	candidate	low	single	darwin01:darwin01/kernel/kern/host.c:123:host_info	3.498	3.498	3.498	bcopy	0	3
0x157b7c	_host_kernel_version	named	candidate	low	single	darwin01:darwin01/kernel/kern/host.c:226:host_kernel_version	5.249	5.249	12.619	strncpy	0	3
0x157bac	_host_processor_sets	named	candidate	low	conflicting	darwin01:darwin01/kernel/kern/host.c:247:host_processor_sets	16.362	16.362	16.362	convert_pset_name_to_port;kalloc;pset_reference	0	6
0x157c0c	_host_processor_set_priv	named	candidate	low	single	darwin01:darwin01/kernel/kern/host.c:383:host_processor_set_priv	6.166	6.166	6.166	pset_reference	0	3
0x157c40	_ipc_host_init	named	candidate	medium	single	darwin01:darwin01/kernel/kern/ipc_host.c:77:ipc_host_init; mach4:mach4/kernel/kern/ipc_host.c:53:ipc_host_init	42.77	28.136	49.292	ipc_host_init;ipc_kobject_set;ipc_processor_init;ipc_pset_enable;ipc_pset_init;panic	0	3
0x157cd8	_mach_host_self	named	candidate	medium	identical-bodies	darwin01:darwin01/kernel/kern/ipc_host.c:121:mach_host_self; mach4:mach4/kernel/kern/ipc_host.c:97:mach_host_self	13.535	0.0	13.535	ipc_port_copyout_send;ipc_port_make_send	0	2
0x157d04	_host_self	named	candidate	medium	identical-bodies	darwin01:darwin01/kernel/kern/ipc_host.c:144:host_self; mach4:mach4/kernel/kern/ipc_host.c:120:host_self	13.535	0.0	13.535	ipc_port_copyout_send_compat;ipc_port_make_send	0	2
0x157d30	_ipc_processor_init	named	candidate	medium	single	darwin01:darwin01/kernel/kern/ipc_host.c:163:ipc_processor_init; mach4:mach4/kernel/kern/ipc_host.c:139:ipc_processor_init	17.365	2.732	23.888	ipc_kobject_set;ipc_processor_init;panic	0	3
0x157d74	_ipc_pset_init	named	candidate	medium	single	darwin01:darwin01/kernel/kern/ipc_host.c:183:ipc_pset_init; mach4:mach4/kernel/kern/ipc_host.c:159:ipc_pset_init	11.2	2.732	17.722	ipc_pset_init;panic	0	3
0x157dd4	_ipc_pset_enable	named	candidate	low	single	darwin01:darwin01/kernel/kern/ipc_host.c:205:ipc_pset_enable; mach4:mach4/kernel/kern/ipc_host.c:181:ipc_pset_enable	6.166	0	6.166	ipc_kobject_set	0	3
0x157e5c	_ipc_pset_disable	named	candidate	low	single	darwin01:darwin01/kernel/kern/ipc_host.c:229:ipc_pset_disable	6.166	6.166	6.166	ipc_kobject_set	0	3
0x157eb8	_ipc_pset_terminate	named	candidate	low	single	darwin01:darwin01/kernel/kern/ipc_host.c:246:ipc_pset_terminate; mach4:mach4/kernel/kern/ipc_host.c:219:ipc_pset_terminate	0	0	7.082		0	3
0x157eec	_processor_set_default	named	candidate	low	single	darwin01:darwin01/kernel/kern/ipc_host.c:260:processor_set_default; mach4:mach4/kernel/kern/ipc_host.c:233:processor_set_default	6.166	0	6.166	pset_reference	0	3
0x157f1c	_xxx_processor_set_default_priv	named	candidate	low	single	darwin01:darwin01/kernel/kern/ipc_host.c:273:xxx_processor_set_default_priv; mach4:mach4/kernel/kern/ipc_host.c:246:xxx_processor_set_default_priv	6.166	0	6.166	pset_reference	0	3
0x157f4c	_convert_port_to_host	named	candidate	low	single	darwin01:darwin01/kernel/kern/ipc_host.c:295:convert_port_to_host; mach4:mach4/kernel/kern/ipc_host.c:268:convert_port_to_host	0	0	0		0	3
0x157f98	_convert_port_to_host_priv	named	candidate	low	single	darwin01:darwin01/kernel/kern/ipc_host.c:321:convert_port_to_host_priv; mach4:mach4/kernel/kern/ipc_host.c:295:convert_port_to_host_priv	0	0	0		0	3
0x157fdc	_convert_port_to_processor	named	candidate	low	single	darwin01:darwin01/kernel/kern/ipc_host.c:347:convert_port_to_processor; mach4:mach4/kernel/kern/ipc_host.c:322:convert_port_to_processor	0	0	0		0	3
0x158020	_convert_port_to_pset	named	candidate	low	single	darwin01:darwin01/kernel/kern/ipc_host.c:373:convert_port_to_pset; mach4:mach4/kernel/kern/ipc_host.c:349:convert_port_to_pset	6.166	6.166	6.166	pset_reference	0	3
0x158070	_convert_port_to_pset_name	named	candidate	low	single	darwin01:darwin01/kernel/kern/ipc_host.c:401:convert_port_to_pset_name; mach4:mach4/kernel/kern/ipc_host.c:378:convert_port_to_pset_name	6.166	6.166	6.166	pset_reference	0	3
0x1580c4	_convert_host_to_port	named	candidate	low	single	darwin01:darwin01/kernel/kern/ipc_host.c:429:convert_host_to_port; mach4:mach4/kernel/kern/ipc_host.c:407:convert_host_to_port	6.166	0	6.166	ipc_port_make_send	0	3
0x1580d8	_convert_processor_to_port	named	candidate	low	single	darwin01:darwin01/kernel/kern/ipc_host.c:448:convert_processor_to_port; mach4:mach4/kernel/kern/ipc_host.c:427:convert_processor_to_port	6.166	0	6.166	ipc_port_make_send	0	3
0x1580f0	_convert_pset_to_port	named	candidate	medium	single	darwin01:darwin01/kernel/kern/ipc_host.c:468:convert_pset_to_port; mach4:mach4/kernel/kern/ipc_host.c:447:convert_pset_to_port	11.689	0	11.689	ipc_port_make_send;pset_deallocate	0	3
0x15814c	_convert_pset_name_to_port	named	candidate	medium	single	darwin01:darwin01/kernel/kern/ipc_host.c:494:convert_pset_name_to_port; mach4:mach4/kernel/kern/ipc_host.c:474:convert_pset_name_to_port	11.689	0	11.689	ipc_port_make_send;pset_deallocate	0	3
0x1581a8	_ipc_kobject_server	named	candidate	medium	single	darwin01:darwin01/kernel/kern/ipc_kobject.c:94:ipc_kobject_server	99.405	82.468	120.938	driverServer_server_routine;ipc_kmsg_destroy;ipc_kobject_notify;ipc_kobject_server: dropping r;ipc_object_destroy: strange de;ipc_port_release_send;ipc_port_release_sonce;mach_debug_server_routine;mach_host_server_routine;mach_port_server_routine;mach_server_routine;netipc_msg_send;panic;printf	0	2
0x15839c	_ipc_kobject_set	named	candidate	low	single	darwin01:darwin01/kernel/kern/ipc_kobject.c:352:ipc_kobject_set	0	0	0		0	2
0x1583d4	_ipc_kobject_destroy	named	candidate	medium	single	mach4:mach4/kernel/kern/ipc_kobject.c:323:ipc_kobject_destroy	16.936	7.775	24.711	vm_object_destroy;vm_object_pager_wakeup	0	2
0x158420	_ipc_kobject_notify	named	candidate	medium	single	mach4:mach4/kernel/kern/ipc_kobject.c:351:ipc_kobject_notify	8.468	0	8.468	ds_notify	0	2
0x15846c	_mach_msg_send_from_kernel	named	candidate	low	conflicting	darwin01:darwin01/kernel/kern/ipc_mig.c:89:mach_msg_send_from_kernel	26.527	26.527	31.904	ipc_kmsg_copyin_from_kernel;ipc_kmsg_get_from_kernel;mach_msg_send_from_kernel;panic	0	2
0x1584d4	_mach_msg_abort_rpc	named	candidate	low	identical-bodies	darwin01:darwin01/kernel/kern/ipc_mig.c:122:mach_msg_abort_rpc; mach4:mach4/kernel/kern/ipc_mig.c:224:mach_msg_abort_rpc	0	0.0	7.082		0	2
0x158534	_mach_msg	named	candidate	medium	single	mach4:mach4/kernel/kern/ipc_mig.c:255:mach_msg	69.262	0	78.808	ipc_kmsg_copyin;ipc_kmsg_copyout;ipc_kmsg_copyout_dest;ipc_kmsg_get_from_kernel;ipc_kmsg_put_to_kernel;ipc_mqueue_copyin;ipc_mqueue_receive;ipc_mqueue_send;ipc_object_release;mach_msg;panic	0	3
0x1586d4	_msg_send_from_kernel	named	candidate	medium	single	darwin01:darwin01/kernel/kern/ipc_mig.c:139:msg_send_from_kernel	44.053	0	44.053	ipc_kmsg_copyin_compat_from_kernel;ipc_kmsg_destroy;ipc_kmsg_get_from_kernel;ipc_mqueue_send;msg_return_translate;msg_send_from_kernel;panic	0	2
0x158774	_msg_send	named	candidate	medium	single	darwin01:darwin01/kernel/kern/ipc_mig.c:179:msg_send	49.525	0	59.072	ipc_kmsg_copyin_compat;ipc_kmsg_destroy;ipc_kmsg_get_from_kernel;ipc_mqueue_send;msg_return_translate;msg_send notify;panic;thread_halt_self_with_continuation	0	3
0x1588d4	_msg_receive	named	candidate	medium	single	darwin01:darwin01/kernel/kern/ipc_mig.c:246:msg_receive	50.788	0	50.788	ipc_kmsg_copyout_compat;ipc_kmsg_destroy;ipc_kmsg_put_to_kernel;ipc_mqueue_copyin;ipc_mqueue_receive;ipc_object_release;msg_return_translate;thread_halt_self_with_continuation	0	3
0x1589fc	_msg_rpc	named	candidate	medium	single	darwin01:darwin01/kernel/kern/ipc_mig.c:322:msg_rpc	83.01	0	114.313	ipc_kmsg_copyin_compat;ipc_kmsg_copyout_compat;ipc_kmsg_destroy;ipc_kmsg_get_from_kernel;ipc_kmsg_put_to_kernel;ipc_kobject_server;ipc_mqueue_receive;ipc_mqueue_send;ipc_pset_remove;msg_return_translate;msg_rpc notify;panic;thread_halt_self_with_continuation	0	3
0x158f88	_mig_get_reply_port	named	candidate	low	conflicting	darwin01:darwin01/kernel/kern/ipc_mig.c:568:mig_get_reply_port	8.468	8.468	8.468	mach_reply_port	0	5
0x158fb4	_mig_dealloc_reply_port	named	candidate	low	conflicting	darwin01:darwin01/kernel/kern/ipc_mig.c:587:mig_dealloc_reply_port	11.2	11.2	11.2	mig_dealloc_reply_port;panic	0	5
0x158fc8	_mig_strncpy	named	candidate	low	single	darwin01:darwin01/kernel/kern/ipc_mig.c:608:mig_strncpy	0	0	0		0	3
0x159000	_thread_go	named	candidate	medium	identical-bodies	darwin01:darwin01/kernel/kern/ipc_sched.c:83:thread_go; mach4:mach4/kernel/kern/ipc_sched.c:58:thread_go	12.576	0.0	18.647	splsched;splx;thread_setrun	0	2
0x1590d8	_thread_go_and_switch	named	candidate	medium	single	darwin01:darwin01/kernel/kern/ipc_sched.c:141:thread_go_and_switch	32.788	0.0	38.858	call_continuation;spl0;splsched;splx;thread_run;thread_setrun	0	1
0x1591f4	_thread_will_wait	named	candidate	medium	identical-bodies	darwin01:darwin01/kernel/kern/ipc_sched.c:220:thread_will_wait; mach4:mach4/kernel/kern/ipc_sched.c:114:thread_will_wait	6.881	0.0	6.881	splsched;splx	0	2
0x159234	_thread_will_wait_with_timeout	named	candidate	low	conflicting	darwin01:darwin01/kernel/kern/ipc_sched.c:243:thread_will_wait_with_timeout	13.963	13.963	13.963	set_timeout;splsched;splx	0	2
0x1592ac	_thread_handoff	named	candidate	medium	identical-bodies	darwin01:darwin01/kernel/kern/ipc_sched.c:293:thread_handoff; mach4:mach4/kernel/kern/ipc_sched.c:187:thread_handoff	25.856	0.0	44.003	panic;splsched;splx;stack_handoff;thread_handoff	0	2
0x1593e4	_ipc_task_init	named	candidate	low	conflicting	darwin01:darwin01/kernel/kern/ipc_tt.c:90:ipc_task_init	31.306	31.306	37.828	ipc_port_copy_send;ipc_port_make_send;ipc_space_create;ipc_task_init;panic	0	3
0x1594dc	_ipc_task_enable	named	candidate	low	single	darwin01:darwin01/kernel/kern/ipc_tt.c:147:ipc_task_enable	6.166	6.166	6.166	ipc_kobject_set	0	3
0x159518	_ipc_task_disable	named	candidate	low	single	darwin01:darwin01/kernel/kern/ipc_tt.c:168:ipc_task_disable	6.166	6.166	6.166	ipc_kobject_set	0	3
0x159558	_ipc_task_terminate	named	candidate	low	conflicting	darwin01:darwin01/kernel/kern/ipc_tt.c:190:ipc_task_terminate	13.678	13.678	20.76	ipc_port_release_send;ipc_space_destroy	0	3
0x15961c	_ipc_thread_init	named	candidate	medium	single	darwin01:darwin01/kernel/kern/ipc_tt.c:239:ipc_thread_init; mach4:mach4/kernel/kern/ipc_tt.c:216:ipc_thread_init	25.141	2.732	31.663	ipc_port_alloc_compat;ipc_port_make_send;ipc_thread_init;panic	0	3
0x1596e0	_ipc_thread_enable	named	candidate	low	single	darwin01:darwin01/kernel/kern/ipc_tt.c:302:ipc_thread_enable; mach4:mach4/kernel/kern/ipc_tt.c:279:ipc_thread_enable	6.166	0	6.166	ipc_kobject_set	0	3
0x159728	_ipc_thread_disable	named	candidate	low	single	darwin01:darwin01/kernel/kern/ipc_tt.c:323:ipc_thread_disable; mach4:mach4/kernel/kern/ipc_tt.c:300:ipc_thread_disable	6.166	0	6.166	ipc_kobject_set	0	3
0x159770	_ipc_thread_terminate	named	candidate	low	conflicting	darwin01:darwin01/kernel/kern/ipc_tt.c:345:ipc_thread_terminate	18.409	18.409	25.491	ipc_port_release_send;ipc_right_destroy;ipc_right_reverse	0	3
0x1598a0	_retrieve_task_self_fast	named	candidate	low	single	darwin01:darwin01/kernel/kern/ipc_tt.c:485:retrieve_task_self_fast	5.472	5.472	5.472	ipc_port_copy_send	0	2
0x159900	_retrieve_thread_self_fast	named	candidate	low	identical-bodies	darwin01:darwin01/kernel/kern/ipc_tt.c:523:retrieve_thread_self_fast; mach4:mach4/kernel/kern/ipc_tt.c:497:retrieve_thread_self_fast	5.472	0.0	5.472	ipc_port_copy_send	0	2
0x159970	_mach_task_self	named	candidate	low	conflicting	darwin01:darwin01/kernel/kern/ipc_tt.c:616:mach_task_self	7.37	7.37	12.842	ipc_port_copyout_send	0	2
0x1599e0	_mach_thread_self	named	candidate	medium	identical-bodies	darwin01:darwin01/kernel/kern/ipc_tt.c:637:mach_thread_self; mach4:mach4/kernel/kern/ipc_tt.c:611:mach_thread_self	7.37	0.0	12.842	ipc_port_copyout_send	0	2
0x159a64	_mach_reply_port	named	candidate	low	conflicting	darwin01:darwin01/kernel/kern/ipc_tt.c:659:mach_reply_port	7.37	7.37	7.37	ipc_port_alloc	0	2
0x159aa4	_retrieve_task_notify	named	candidate	low	identical-bodies	darwin01:darwin01/kernel/kern/ipc_tt.c:686:retrieve_task_notify; mach4:mach4/kernel/kern/ipc_tt.c:660:retrieve_task_notify	0	0.0	5.903		0	2
0x159afc	_retrieve_thread_reply	named	candidate	low	identical-bodies	darwin01:darwin01/kernel/kern/ipc_tt.c:714:retrieve_thread_reply; mach4:mach4/kernel/kern/ipc_tt.c:688:retrieve_thread_reply	0	0.0	5.903		0	2
0x159b58	_task_self	named	candidate	medium	identical-bodies	darwin01:darwin01/kernel/kern/ipc_tt.c:744:task_self; mach4:mach4/kernel/kern/ipc_tt.c:718:task_self	7.37	0.0	12.842	ipc_port_copyout_send_compat	0	2
0x159bc8	_task_notify	named	candidate	medium	identical-bodies	darwin01:darwin01/kernel/kern/ipc_tt.c:768:task_notify; mach4:mach4/kernel/kern/ipc_tt.c:742:task_notify	7.775	0.0	13.678	ipc_port_copyout_receiver	0	2
0x159c34	_thread_self	named	candidate	medium	identical-bodies	darwin01:darwin01/kernel/kern/ipc_tt.c:792:thread_self; mach4:mach4/kernel/kern/ipc_tt.c:766:thread_self	7.37	0.0	12.842	ipc_port_copyout_send_compat	0	2
0x159cb8	_thread_reply	named	candidate	medium	identical-bodies	darwin01:darwin01/kernel/kern/ipc_tt.c:817:thread_reply; mach4:mach4/kernel/kern/ipc_tt.c:791:thread_reply	7.775	0.0	13.678	ipc_port_copyout_receiver	0	2
0x159d2c	_task_get_special_port	named	candidate	low	single	darwin01:darwin01/kernel/kern/ipc_tt.c:846:task_get_special_port	5.472	5.472	5.472	ipc_port_copy_send	0	3
0x159e08	_task_set_special_port	named	candidate	low	single	darwin01:darwin01/kernel/kern/ipc_tt.c:921:task_set_special_port	5.21	5.21	5.21	ipc_port_release_send	0	4
0x159ee8	_thread_get_special_port	named	candidate	low	single	darwin01:darwin01/kernel/kern/ipc_tt.c:999:thread_get_special_port; mach4:mach4/kernel/kern/ipc_tt.c:973:thread_get_special_port	5.472	0	5.472	ipc_port_copy_send	0	3
0x159f88	_thread_set_special_port	named	candidate	low	single	darwin01:darwin01/kernel/kern/ipc_tt.c:1058:thread_set_special_port; mach4:mach4/kernel/kern/ipc_tt.c:1032:thread_set_special_port	5.21	0	5.21	ipc_port_release_send	0	3
0x15a030	_mach_ports_register	named	candidate	low	conflicting	darwin01:darwin01/kernel/kern/ipc_tt.c:1123:mach_ports_register	8.773	8.773	8.773	ipc_port_release_send;kfree	0	3
0x15a104	_mach_ports_lookup	named	candidate	low	conflicting	darwin01:darwin01/kernel/kern/ipc_tt.c:1196:mach_ports_lookup	12.555	12.555	12.555	ipc_port_copy_send;kalloc;kfree	0	3
0x15a1a0	_convert_port_to_task	named	candidate	low	conflicting	darwin01:darwin01/kernel/kern/ipc_tt.c:1251:convert_port_to_task	6.859	6.859	6.859	task_reference	0	3
0x15a1f0	_convert_port_to_space	named	candidate	low	single	darwin01:darwin01/kernel/kern/ipc_tt.c:1280:convert_port_to_space	0	0	6.859		0	2
0x15a244	_convert_port_to_map	named	candidate	low	conflicting	darwin01:darwin01/kernel/kern/ipc_tt.c:1309:convert_port_to_map; mach4:mach4/kernel/kern/ipc_tt.c:1283:convert_port_to_map	6.859	6.859	6.859	vm_map_reference	0	3
0x15a294	_convert_port_to_thread	named	candidate	low	single	darwin01:darwin01/kernel/kern/ipc_tt.c:1338:convert_port_to_thread; mach4:mach4/kernel/kern/ipc_tt.c:1312:convert_port_to_thread	5.903	5.903	5.903	thread_reference	0	3
0x15a2e4	_convert_task_to_port	named	candidate	medium	single	darwin01:darwin01/kernel/kern/ipc_tt.c:1367:convert_task_to_port; mach4:mach4/kernel/kern/ipc_tt.c:1341:convert_task_to_port	11.376	0	11.376	ipc_port_make_send;task_deallocate	0	3
0x15a330	_convert_thread_to_port	named	candidate	medium	single	darwin01:darwin01/kernel/kern/ipc_tt.c:1394:convert_thread_to_port; mach4:mach4/kernel/kern/ipc_tt.c:1368:convert_thread_to_port	10.763	0	10.763	ipc_port_make_send;thread_deallocate	0	3
0x15a388	_space_deallocate	named	candidate	low	identical-bodies	darwin01:darwin01/kernel/kern/ipc_tt.c:1419:space_deallocate; mach4:mach4/kernel/kern/ipc_tt.c:1393:space_deallocate	0	0.0	5.76		0	2
0x15a39c	_host_priv_self	named	candidate	low	single	darwin01:darwin01/kernel/kern/ipc_xxx.c:70:host_priv_self	0	0.0	16.616		0	1
0x15a3f8	_device_master_self	named	candidate	low	single	darwin01:darwin01/kernel/kern/ipc_xxx.c:88:device_master_self	0	0.0	16.616		0	1
0x15a458	__lookupd_port	named	candidate	medium	single	darwin01:darwin01/kernel/kern/ipc_xxx.c:128:_lookupd_port	12.292	0.0	28.908	ipc_object_copyin;ipc_port_release_send	0	1
0x15a4fc	__event_port_by_tag	named	candidate	low	single	darwin01:darwin01/kernel/kern/ipc_xxx.c:192:_event_port_by_tag	0	0.0	16.616		0	1
0x15a56c	_object_copyin	named	candidate	medium	single	darwin01:darwin01/kernel/kern/ipc_xxx.c:211:object_copyin	7.082	0	7.082	ipc_object_copyin_compat	0	2
0x15a5a4	_object_copyout	named	candidate	medium	single	darwin01:darwin01/kernel/kern/ipc_xxx.c:229:object_copyout	18.569	0	18.569	ipc_object_copyout_compat;object_copyout;panic	0	2
0x15a600	_port_reference	named	candidate	low	single	darwin01:darwin01/kernel/kern/ipc_xxx.c:253:port_reference	5.472	0	5.472	ipc_port_copy_send	0	2
0x15a614	_port_release	named	candidate	low	single	darwin01:darwin01/kernel/kern/ipc_xxx.c:262:port_release	5.21	0	5.21	ipc_port_release_send	0	2
0x15a628	_ds_notify	named	candidate	low	single	mach4:mach4/i386/kernel/i386at/i386at_ds_routines.c:216:ds_notify	0	0	0		0	2
0x15a634	_vm_object_pager_wakeup	named	candidate	low	single	mach4:mach4/kernel/vm/vm_object.c:683:vm_object_pager_wakeup	0	0.0	0		0	1
0x15a63c	_send_notification	named	candidate	medium	single	darwin01:darwin01/kernel/kern/ipc_xxx.c:271:send_notification	15.55	0	15.55	ipc_notify_msg_accepted_compat;task_get_special_port	0	2
0x15a670	_task_secure	named	candidate	low	single	nextmach:nextmach/mk-108.1/kern/ipc_tt.c:618:task_secure	0	0.0	0		0	1
0x15a67c	_kalloc_init	named	candidate	medium	single	darwin01:darwin01/kernel/kern/kalloc.c:109:kalloc_init	19.313	5.635	19.313	kalloc.%d;sprintf;zinit	0	3
0x15a6ec	_kalloc_noblock	named	candidate	medium	single	darwin01:darwin01/kernel/kern/kalloc.c:130:kalloc_noblock	15.145	0.0	15.145	kmem_alloc_zone;zalloc_noblock	0	1
0x15a75c	_kalloc	named	candidate	low	conflicting	darwin01:darwin01/kernel/kern/kalloc.c:169:kalloc	10.293	10.293	10.293	kmem_alloc_wired;zalloc	0	4
0x15a7cc	_kget	named	candidate	low	conflicting	darwin01:darwin01/kernel/kern/kalloc.c:206:kget	18.975	18.975	18.975	kget;panic;zget	0	3
0x15a824	_kfree	named	candidate	low	conflicting	darwin01:darwin01/kernel/kern/kalloc.c:238:kfree	9.538	9.538	9.538	kmem_free;zfree	0	4
0x15a880	_malloc	named	candidate	low	single	nextmach:nextmach/mk-108.1/kern/kalloc.c:338:malloc	3.608	0	13.901	bzero	0	5
0x15a910	_calloc	named	candidate	low	single	mach4:mach4/libmach/c/calloc.c:26:calloc	3.608	0	13.901	bzero	0	4
0x15a9a8	_realloc	named	candidate	low	single	nextmach:nextmach/mk-108.1/kern/kalloc.c:356:realloc	3.498	0	26.938	bcopy	0	5
0x15ab30	_free	named	candidate	low	single	darwin01:darwin01/kernel/driverkit/objc_support.m:205:free	0	0	9.538		0	5
0x15ab94	_malloc_good_size	named	unmapped	unknown	single		0.0	0.0	0		0	0
0x15ab9c	_initKernelStacks	named	candidate	low	identical-bodies	darwin01:darwin01/kernel/kern/kernel_stack.c:117:initKernelStacks; nextmach:nextmach/mk-108.1/kern/kernel_stack.c:89:initKernelStacks	5.472	0.0	5.472	lock_init	0	2
0x15abe0	_freeStack	named	candidate	low	conflicting	darwin01:darwin01/kernel/kern/kernel_stack.c:206:freeStack	8.36	8.36	43.805	lock_done;lock_write	0	2
0x15ad60	_newStack	named	candidate	medium	single	darwin01:darwin01/kernel/kern/kernel_stack.c:241:newStack	21.831	8.36	21.831	kmem_alloc_wired;lock_done;lock_write;stack_init	0	2
0x15ae5c	_allocStack	named	candidate	medium	single	nextmach:nextmach/mk-108.1/kern/kernel_stack.c:253:allocStack	53.575	0	67.046	MACH: Out of kernel stacks, pa;assert_wait;continuing\n;lock_done;lock_write;printf;stack_alloc: Kernel stacks exh;thread_block;uprintf	0	2
0x15b098	_canSwap	named	candidate	low	identical-bodies	darwin01:darwin01/kernel/kern/kernel_stack.c:376:canSwap; nextmach:nextmach/mk-108.1/kern/kernel_stack.c:326:canSwap	0	0.0	0		0	2
0x15b0dc	_doSwapout	named	candidate	low	identical-bodies	darwin01:darwin01/kernel/kern/kernel_stack.c:403:doSwapout; nextmach:nextmach/mk-108.1/kern/kernel_stack.c:353:doSwapout	5.696	0.0	5.696	vm_map_pageable	0	2
0x15b19c	_swapoutStack	named	candidate	medium	identical-bodies	darwin01:darwin01/kernel/kern/kernel_stack.c:448:swapoutStack; nextmach:nextmach/mk-108.1/kern/kernel_stack.c:398:swapoutStack	8.36	0.0	14.056	lock_done;lock_write	0	2
0x15b2b4	_swapinStack	named	candidate	medium	identical-bodies	darwin01:darwin01/kernel/kern/kernel_stack.c:484:swapinStack; nextmach:nextmach/mk-108.1/kern/kernel_stack.c:434:swapinStack	14.056	0.0	14.056	lock_done;lock_write;vm_map_pageable	0	2
0x15b398	_stack_alloc_try	named	candidate	low	conflicting	darwin01:darwin01/kernel/kern/kernel_stack.c:530:stack_alloc_try	7.775	7.775	16.135	stack_attach	0	3
0x15b43c	_stack_alloc	named	candidate	medium	single	darwin01:darwin01/kernel/kern/kernel_stack.c:546:stack_alloc	27.443	18.975	27.443	allocStack;panic;stack_alloc;stack_attach	0	4
0x15b470	_stack_free	named	candidate	medium	single	darwin01:darwin01/kernel/kern/kernel_stack.c:559:stack_free	16.243	8.468	16.243	freeStack;stack_detach	0	4
0x15b494	_stack_collect	named	candidate	low	single	darwin01:darwin01/kernel/kern/kernel_stack.c:570:stack_collect	0	0	0		0	3
0x15b49c	_stack_statistics	named	candidate	medium	single	darwin01:darwin01/kernel/kern/kernel_stack.c:576:stack_statistics	18.851	8.468	18.851	lock_done;lock_read;stack_usage	0	3
0x15b504	_simple_lock_alloc	named	candidate	low	single	darwin01:darwin01/kernel/kern/lock.c:143:simple_lock_alloc	3.519	3.519	3.519	kalloc	0	2
0x15b514	_simple_lock_free	named	candidate	low	single	darwin01:darwin01/kernel/kern/lock.c:152:simple_lock_free	3.563	3.563	3.563	kfree	0	2
0x15b528	_lock_alloc	named	candidate	low	single	darwin01:darwin01/kernel/kern/lock.c:166:lock_alloc	3.519	3.519	3.519	kalloc	0	2
0x15b538	_lock_free	named	candidate	low	single	darwin01:darwin01/kernel/kern/lock.c:176:lock_free	3.563	3.563	3.563	kfree	0	2
0x15b54c	_lock_init	named	candidate	low	single	darwin01:darwin01/kernel/kern/lock.c:190:lock_init; mach4:mach4/kernel/kern/lock.c:221:lock_init	3.608	3.608	3.608	bzero	0	3
0x15b594	_lock_sleepable	named	candidate	low	single	darwin01:darwin01/kernel/kern/lock.c:204:lock_sleepable; mach4:mach4/kernel/kern/lock.c:235:lock_sleepable	0	0	0		0	3
0x15b5d0	_lock_write	named	candidate	low	single	darwin01:darwin01/kernel/kern/lock.c:220:lock_write	5.524	5.524	5.524	thread_sleep	0	3
0x15b73c	_lock_done	named	candidate	low	single	darwin01:darwin01/kernel/kern/lock.c:277:lock_done; mach4:mach4/kernel/kern/lock.c:309:lock_done	0	0	4.707		0	3
0x15b7d0	_lock_read	named	candidate	low	single	darwin01:darwin01/kernel/kern/lock.c:309:lock_read	5.524	5.524	5.524	thread_sleep	0	3
0x15b890	_lock_read_to_write	named	candidate	low	single	darwin01:darwin01/kernel/kern/lock.c:355:lock_read_to_write	5.524	5.524	10.231	thread_sleep	0	3
0x15b9b0	_lock_write_to_read	named	candidate	low	single	darwin01:darwin01/kernel/kern/lock.c:410:lock_write_to_read; mach4:mach4/kernel/kern/lock.c:444:lock_write_to_read	0	0	4.707		0	3
0x15ba2c	_lock_try_write	named	candidate	low	single	darwin01:darwin01/kernel/kern/lock.c:441:lock_try_write; mach4:mach4/kernel/kern/lock.c:475:lock_try_write	0	0	0		0	3
0x15ba98	_lock_try_read	named	candidate	low	single	darwin01:darwin01/kernel/kern/lock.c:480:lock_try_read; mach4:mach4/kernel/kern/lock.c:514:lock_try_read	0	0	0		0	3
0x15bae8	_lock_try_read_to_write	named	candidate	low	single	darwin01:darwin01/kernel/kern/lock.c:514:lock_try_read_to_write	5.524	5.524	5.524	thread_sleep	0	3
0x15bb9c	_lock_set_recursive	named	candidate	low	conflicting	darwin01:darwin01/kernel/kern/lock.c:551:lock_set_recursive; mach4:mach4/kernel/kern/lock.c:586:lock_set_recursive	11.2	11.2	11.2	lock_set_recursive: don't have;panic	0	3
0x15bbe0	_lock_clear_recursive	named	candidate	low	conflicting	darwin01:darwin01/kernel/kern/lock.c:565:lock_clear_recursive; mach4:mach4/kernel/kern/lock.c:600:lock_clear_recursive	11.2	11.2	11.2	lock_clear_recursive: wrong th;panic	0	3
0x15bc30	_clock_interrupt	named	candidate	low	conflicting	darwin01:darwin01/kernel/kern/mach_clock.c:100:clock_interrupt	8.468	8.468	16.936	thread_quantum_update	0	2
0x15bda8	_init_timeout_element	named	candidate	low	single	darwin01:darwin01/kernel/kern/mach_clock.c:233:init_timeout_element	0	0.0	0		0	1
0x15bdc4	_set_timeout	named	candidate	low	conflicting	darwin01:darwin01/kernel/kern/mach_clock.c:248:set_timeout	6.881	6.881	28.191	splsched;splx	0	2
0x15be2c	_reset_timeout	named	candidate	low	conflicting	darwin01:darwin01/kernel/kern/mach_clock.c:272:reset_timeout	6.881	6.881	14.656	splsched;splx	0	2
0x15bea0	_init_timeout	named	candidate	low	single	darwin01:darwin01/kernel/kern/mach_clock.c:296:init_timeout	0	0	0		0	2
0x15beb4	_host_get_time	named	candidate	low	single	mach4:mach4/kernel/kern/mach_clock.c:375:host_get_time	0	0.0	0		0	1
0x15beec	_host_set_time	named	candidate	medium	single	mach4:mach4/kernel/kern/mach_clock.c:394:host_set_time	7.356	0.0	15.824	splhigh;splx	0	1
0x15bf58	_host_adjust_time	named	candidate	low	single	mach4:mach4/kernel/kern/mach_clock.c:432:host_adjust_time	2.819	0.0	7.356	splx	0	1
0x15c024	_mach_clock_bootstrap	named	unmapped	unknown	single		0.0	0.0	36.328		0	0
0x15c0ac		unnamed	candidate	low	conflicting	darwin01:darwin01/kernel/kern/mach_clock.c:211:service_timer	6.881	6.881	6.881	splsched;splx	0	92
0x15c100	_compute_mach_factor	named	candidate	low	single	darwin01:darwin01/kernel/kern/mach_factor.c:78:compute_mach_factor; mach4:mach4/kernel/kern/mach_factor.c:59:compute_mach_factor	0	0	0		0	3
0x15c2fc	_getlastaddr	named	candidate	low	single	darwin01:darwin01/kernel/kern/mach_header.c:55:getlastaddr	0	0.0	0		0	1
0x15c338	_getmachheaders	named	candidate	low	single	darwin01:darwin01/kernel/kern/mach_header.c:75:getmachheaders	6.522	0.0	6.522	malloc	0	1
0x15c354	_getsectdatafromheader	named	candidate	medium	single	darwin01:darwin01/kernel/kern/mach_header.c:93:getsectdatafromheader	7.775	0.0	7.775	getsectbynamefromheader	0	1
0x15c38c	_getsectbynamefromheader	named	candidate	low	single	darwin01:darwin01/kernel/kern/mach_header.c:143:getsectbynamefromheader	5.578	0.0	5.578	strncmp	0	1
0x15c42c	_getsegbynamefromheader	named	candidate	low	single	darwin01:darwin01/kernel/kern/mach_header.c:175:getsegbynamefromheader	5.578	0.0	5.578	strncmp	0	1
0x15c478	_firstseg	named	candidate	medium	single	darwin01:darwin01/kernel/kern/mach_header.c:238:firstseg	8.468	0.0	8.468	firstsegfromheader	0	1
0x15c48c	_firstsegfromheader	named	candidate	low	single	darwin01:darwin01/kernel/kern/mach_header.c:243:firstsegfromheader	0	0.0	0		0	1
0x15c4bc	_nextseg	named	candidate	medium	single	darwin01:darwin01/kernel/kern/mach_header.c:258:nextseg	8.468	0.0	8.468	nextsegfromheader	0	1
0x15c4e8	_nextsegfromheader	named	candidate	low	single	darwin01:darwin01/kernel/kern/mach_header.c:274:nextsegfromheader	0	0.0	0		0	1
0x15c534	_getsegbyname	named	candidate	low	single	darwin01:darwin01/kernel/kern/mach_header.c:306:getsegbyname	5.29	0.0	10.868	strcmp	0	1
0x15c59c	_getsectbyname	named	candidate	low	single	darwin01:darwin01/kernel/kern/mach_header.c:328:getsectbyname	0	0.0	5.578		0	1
0x15c63c	_firstsect	named	candidate	low	single	darwin01:darwin01/kernel/kern/mach_header.c:336:firstsect	0	0.0	0		0	1
0x15c65c	_nextsect	named	candidate	low	single	darwin01:darwin01/kernel/kern/mach_header.c:346:nextsect	0	0.0	0		0	1
0x15c6b4	_getfakefvmseg	named	candidate	medium	single	darwin01:darwin01/kernel/kern/mach_header.c:374:getfakefvmseg	13.892	0.0	24.76	__USER;strcpy	1	1
0x15c7a4		unnamed	candidate	low	single	darwin01:darwin01/kernel/kern/mach_factor.c:78:compute_mach_factor; mach4:mach4/kernel/kern/mach_factor.c:59:compute_mach_factor	0	0	0		0	27
0x15c828	_setup_main	named	candidate	medium	single	darwin01:darwin01/kernel/kern/mach_init.c:64:setup_main	175.966	131.466	201.371	cpu_up;dev_server_init;init_timeout;init_timers;ipc_bootstrap;ipc_init;mach_net_init;miniMonInit;sched_init;splvm;splx;startup;swapper_init;task_init;thread_create;thread_deallocate;thread_doswapin;thread_init;thread_resume;thread_start;uzone_init;vm_mem_init;vnode_pager_init	0	3
0x15c948	_fatfile_getarch	named	candidate	medium	single	darwin01:darwin01/kernel/kern/mach_fat.c:74:fatfile_getarch	8.468	0.0	27.668	grade_cpu_subtype	0	1
0x15ca74	_load_machfile	named	candidate	low	conflicting	darwin01:darwin01/kernel/kern/mach_loader.c:138:load_machfile	19.218	19.218	25.048	pmap_reference;vm_map_create;vm_map_deallocate	1	2
0x15cb1c		unnamed	candidate	low	conflicting	darwin01:darwin01/kernel/kern/mach_loader.c:185:parse_machfile	27.668	27.668	27.668	check_cpu_subtype;vm_allocate_with_pager;vm_map_remove;vnode_pager_setup	6	35
0x15ce08		unnamed	candidate	low	conflicting	darwin01:darwin01/kernel/kern/mach_loader.c:369:load_segment	52.153	52.153	52.153	bzero;pmap_create;vm_allocate_with_pager;vm_deallocate;vm_map_copy;vm_map_create;vm_map_deallocate;vm_map_find;vm_map_protect	0	35
0x15d0d4		unnamed	candidate	low	single	darwin01:darwin01/kernel/kern/mach_fat.c:74:fatfile_getarch	0	0	0		3	35
0x15d158		unnamed	candidate	low	single	darwin01:darwin01/kernel/kern/mach_loader.c:592:load_thread	17.508	12.911	17.508	thread_create;thread_deallocate;thread_resume	3	35
0x15d21c		unnamed	candidate	low	conflicting	darwin01:darwin01/kernel/kern/mach_loader.c:649:load_threadstate	7.775	7.775	7.775	thread_setstatus	0	35
0x15d270		unnamed	candidate	medium	single	darwin01:darwin01/kernel/kern/mach_loader.c:679:load_threadstack	8.468	0	8.468	thread_userstack	0	35
0x15d2d4		unnamed	candidate	medium	single	darwin01:darwin01/kernel/kern/mach_loader.c:710:load_threadentry	8.468	0	8.468	thread_entrypoint	0	35
0x15d338		unnamed	candidate	low	single	darwin01:darwin01/kernel/kern/mach_fat.c:74:fatfile_getarch	0	0	9.941		2	35
0x15d3e8		unnamed	candidate	low	single	darwin01:darwin01/kernel/kern/mach_fat.c:74:fatfile_getarch	0	0	0		0	35
0x15d3fc		unnamed	candidate	low	conflicting	darwin01:darwin01/kernel/kern/mach_loader.c:369:load_segment	29.326	29.326	39.267	pmap_create;vm_map_copy;vm_map_create;vm_map_deallocate;vm_map_find	2	35
0x15d57c		unnamed	candidate	medium	single	nextmach:nextmach/mk-108.1/kern/mach_loader.c:423:load_fvmlib	20.029	14.452	31.916	check_exec_access;lookupname;vn_rdwr	0	35
0x15d6b8		unnamed	candidate	low	conflicting	darwin01:darwin01/kernel/kern/mach_net.c:146:mach_net_output	14.143	14.143	48.502	bcopy;ip_output;m_freem	0	35
0x15d8d0	_netipc_msg_send	named	candidate	low	single	darwin01:darwin01/kernel/kern/mach_net.c:250:netipc_msg_send	0	0.0	0		1	1
0x15d8f8	_netipc_listen	named	candidate	medium	single	darwin01:darwin01/kernel/kern/mach_net.c:327:netipc_listen	10.763	4.597	24.457	ipc_kobject_set;zalloc	0	2
0x15d9c0	_netipc_ignore	named	candidate	low	single	darwin01:darwin01/kernel/kern/mach_net.c:381:netipc_ignore	4.206	4.206	16.968	zfree	0	2
0x15dabc	_find_listener	named	candidate	low	single	darwin01:darwin01/kernel/kern/mach_net.c:427:find_listener	0	0	0		0	2
0x15db48	_mach_net_init	named	candidate	medium	single	darwin01:darwin01/kernel/kern/mach_net.c:482:mach_net_init	43.124	30.346	43.124	kmem_alloc_wired;mach_net messages;net listener zone;zchange;zcram;zinit	0	2
0x15dc1c	_netipc_msg_release	named	candidate	low	single	darwin01:darwin01/kernel/kern/mach_net.c:518:netipc_msg_release	4.206	0.0	4.206	zfree	0	1
0x15dc34	_receive_ip_datagram	named	candidate	low	conflicting	darwin01:darwin01/kernel/kern/mach_net.c:535:receive_ip_datagram	44.892	44.892	56.173	bcopy;ip_stripoptions;m_free;m_freem;m_pullup;spl0;splnet;zget	0	2
0x15de68	_xxx_host_info	named	candidate	low	single	darwin01:darwin01/kernel/kern/machine.c:97:xxx_host_info; mach4:mach4/kernel/kern/machine.c:76:xxx_host_info	0	0	0		0	3
0x15de88	_xxx_slot_info	named	candidate	low	single	darwin01:darwin01/kernel/kern/machine.c:114:xxx_slot_info; mach4:mach4/kernel/kern/machine.c:93:xxx_slot_info	0	0	0		0	3
0x15dec0	_xxx_cpu_control	named	candidate	low	single	darwin01:darwin01/kernel/kern/machine.c:134:xxx_cpu_control; mach4:mach4/kernel/kern/machine.c:113:xxx_cpu_control	0	0	0		0	3
0x15decc	_cpu_up	named	candidate	low	conflicting	darwin01:darwin01/kernel/kern/machine.c:151:cpu_up; mach4:mach4/kernel/kern/machine.c:130:cpu_up	15.349	15.349	15.349	pset_add_processor;splsched;splx	0	3
0x15df68	_cpu_down	named	candidate	low	conflicting	darwin01:darwin01/kernel/kern/machine.c:181:cpu_down; mach4:mach4/kernel/kern/machine.c:160:cpu_down	6.881	6.881	6.881	splsched;splx	0	3
0x15dfd8	_processor_assign	named	candidate	low	single	darwin01:darwin01/kernel/kern/machine.c:286:processor_assign	0	0	0		0	9
0x15dfe4	_mfs_init	named	candidate	medium	single	nextmach:nextmach/mk-108.1/kern/mfs_prim.c:113:mfs_init	26.098	0	26.098	kmem_suballoc;lock_init;vm_info zone;zinit	0	2
0x15e0b4	_vm_info_init	named	candidate	low	conflicting	darwin01:darwin01/kernel/kern/mapfs.c:266:vm_info_init	10.069	10.069	10.069	lock_init;zalloc	0	2
0x15e138	_vm_info_enqueue	named	candidate	low	single	darwin01:darwin01/kernel/kern/mapfs.c:339:vm_info_enqueue	0	0	0		0	2
0x15e17c	_vm_info_dequeue	named	candidate	low	single	darwin01:darwin01/kernel/kern/mapfs.c:357:vm_info_dequeue	0	0	0		0	2
0x15e1c4	_map_vnode	named	candidate	medium	single	nextmach:nextmach/mk-108.1/kern/mfs_prim.c:196:map_vnode	69.907	52.97	74.018	lock_write;remap_vnode;vm_object_allocate;vm_object_enter;vm_object_lookup;vm_object_setpager;vmp_get;vmp_put;vnode_pager_setup;vnode_size	0	2
0x15e2ac	_unmap_vnode	named	candidate	medium	single	nextmach:nextmach/mk-108.1/kern/mfs_prim.c:265:unmap_vnode	33.998	27.476	33.998	mfs_memfree;vm_object_deactivate_pages;vmp_get;vmp_push;vmp_put	0	2
0x15e380	_remap_vnode	named	candidate	medium	single	nextmach:nextmach/mk-108.1/kern/mfs_prim.c:329:remap_vnode	50.443	37.399	58.804	Unexpected error on file map, ;assert_wait;mfs_map_remove;mfs_memfree;panic;printf;remap_vnode;thread_block;vm_allocate_with_pager	0	2
0x15e534	_mfs_trunc	named	candidate	medium	single	nextmach:nextmach/mk-108.1/kern/mfs_prim.c:410:mfs_trunc	39.216	0.0	91.497	bzero;mfs_map_remove;vmp_get;vmp_push;vmp_put;vno_flush	0	1
0x15e7d0	_mfs_get	named	candidate	medium	single	nextmach:nextmach/mk-108.1/kern/mfs_prim.c:513:mfs_get	7.082	0.0	65.885	vmp_get	0	1
0x15e9a4	_mfs_put	named	candidate	medium	single	nextmach:nextmach/mk-108.1/kern/mfs_prim.c:544:mfs_put	6.859	0.0	6.859	vmp_put	0	1
0x15e9b8	_vmp_get	named	candidate	low	single	darwin01:darwin01/kernel/kern/mapfs.c:797:vmp_get	4.249	4.249	4.249	lock_write	0	2
0x15ea38	_vmp_put	named	candidate	medium	single	nextmach:nextmach/mk-108.1/kern/mfs_prim.c:579:vmp_put	13.941	6.859	18.052	mfs_cache_trim;vmp_invalidate	0	2
0x15eae8	_mfs_uncache	named	candidate	low	single	nextmach:nextmach/mk-108.1/kern/mfs_prim.c:608:mfs_uncache	6.522	0.0	6.522	mfs_memfree	0	1
0x15eb0c	_mfs_memfree	named	candidate	medium	single	nextmach:nextmach/mk-108.1/kern/mfs_prim.c:623:mfs_memfree	21.739	0.0	25.85	crfree;lock_write;mfs_map_remove;vm_object_deallocate	0	1
0x15ec00	_mfs_cache_trim	named	candidate	low	single	nextmach:nextmach/mk-108.1/kern/mfs_prim.c:668:mfs_cache_trim	0	0.0	25.85		0	1
0x15ed8c	_mfs_cache_clear	named	candidate	low	single	nextmach:nextmach/mk-108.1/kern/mfs_prim.c:697:mfs_cache_clear	0	0.0	25.85		0	1
0x15ef18	_mfs_map_remove	named	candidate	medium	single	nextmach:nextmach/mk-108.1/kern/mfs_prim.c:738:mfs_map_remove	19.606	0.0	32.673	vm_map_remove;vm_object_deactivate_pages;vmp_push	0	1
0x15efb4	_vnode_size	named	candidate	low	single	darwin01:darwin01/kernel/kern/mapfs.c:1070:vnode_size	0	0	0		0	2
0x15efdc	_mfs_io	named	candidate	medium	single	nextmach:nextmach/mk-108.1/kern/mfs_prim.c:789:mfs_io	33.543	0.0	99.205	blkflush;crfree;mfs_get;uiomove;vmp_push	0	1
0x15f468	_mfs_sync	named	candidate	low	single	nextmach:nextmach/mk-108.1/kern/mfs_prim.c:915:mfs_sync	6.676	0.0	28.977	vmp_push	0	1
0x15f638	_mfs_fsync	named	candidate	low	single	nextmach:nextmach/mk-108.1/kern/mfs_prim.c:960:mfs_fsync	6.676	0.0	28.977	vmp_push	0	1
0x15f78c	_mfs_fsync_invalidate	named	unmapped	unknown	single		0.0	0.0	15.327		0	0
0x15f8c0	_mfs_invalidate	named	candidate	medium	single	nextmach:nextmach/mk-108.1/kern/mfs_prim.c:978:mfs_invalidate	6.859	0.0	22.301	vmp_invalidate	0	1
0x15fa1c	_vno_flush	named	candidate	low	conflicting	darwin01:darwin01/kernel/kern/mapfs.c:1608:vno_flush	18.435	18.435	23.725	thread_block;vm_page_free;vm_page_lookup	0	2
0x15fb28	_vmp_invalidate	named	candidate	medium	single	darwin01:darwin01/kernel/kern/mapfs.c:1669:vmp_invalidate	25.065	11.913	30.355	pmap_is_modified;pmap_remove_all;thread_block;vm_page_free	0	2
0x15fc58	_vmp_push	named	candidate	medium	single	nextmach:nextmach/mk-108.1/kern/mfs_prim.c:1084:vmp_push	38.685	0	48.682	pmap_remove_all;thread_block;vm_page_activate;vm_page_deactivate;vm_page_lookup;vnode_pageout	0	2
0x15fe70	_vmp_push_all	named	candidate	medium	single	darwin01:darwin01/kernel/kern/mapfs.c:1930:vmp_push_all	32.162	0.0	42.16	pmap_remove_all;thread_block;vm_page_activate;vm_page_deactivate;vnode_pageout	0	1
0x16003c	_vm_info_free	named	candidate	low	single	darwin01:darwin01/kernel/kern/mapfs.c:309:vm_info_free	4.206	4.206	10.728	zfree	0	2
0x160074	_vm_get_vnode_size	named	candidate	low	single	darwin01:darwin01/kernel/kern/mapfs.c:2043:vm_get_vnode_size	0	0	0		0	2
0x160084	_vm_set_vnode_size	named	candidate	low	single	darwin01:darwin01/kernel/kern/mapfs.c:2048:vm_set_vnode_size	0	0	0		0	2
0x160098	_vm_set_close_flush	named	candidate	low	single	darwin01:darwin01/kernel/kern/mapfs.c:2053:vm_set_close_flush	0	0	0		0	2
0x1600b8	_vm_set_error	named	candidate	low	single	darwin01:darwin01/kernel/kern/mapfs.c:2058:vm_set_error	0	0	0		0	2
0x1600cc		unnamed	candidate	medium	single	darwin01:darwin01/kernel/kern/miniMon.c:82:miniMonParseLine	23.102	6.166	23.102	Ambiguous command - type '?' f;Invalid command - type '?' for;safe_prf	2	75
0x1601b8	_miniMonInit	named	candidate	low	single	darwin01:darwin01/kernel/kern/miniMon.c:158:miniMonInit	6.676	0.0	6.676	simple_lock_alloc	0	1
0x1601d0	_miniMonLoop	named	candidate	medium	single	darwin01:darwin01/kernel/kern/miniMon.c:171:miniMonLoop	65.443	0.0	90.155	\nRebooting...;%s\n;%s> ;(Type 'r' to reboot or 'm' for;System Panic:\n;miniMonReboot;miniMonTryGetchar;safe_prf	1	1
0x160320		unnamed	candidate	low	single	darwin01:darwin01/kernel/kern/mapfs.c:221:mapfs_init	0	0	0		0	53
0x16032c		unnamed	candidate	medium	single	darwin01:darwin01/kernel/kern/miniMon.c:242:miniMonHelp	31.57	6.166	31.57	%s - %s\n;?,help - Print this message\n;Mini-monitor commands:\n;safe_prf	0	53
0x1603b4	_safe_prf	named	candidate	medium	single	darwin01:darwin01/kernel/kern/miniMon.c:259:safe_prf	14.046	0.0	14.046	miniMonPutchar;prf	0	1
0x160410		unnamed	candidate	medium	single	darwin01:darwin01/kernel/kern/miniMon.c:277:miniMonResetKdp	7.775	0	7.775	kdp_reset	0	53
0x160424		unnamed	candidate	medium	single	darwin01:darwin01/kernel/kern/miniMon.c:286:miniMonTryGdb	31.57	8.468	31.57	Couldn't acquire debugger lock;exit from monitor and try agai;miniMonGdb;safe_prf	0	53
0x160478	_ns_hardclock_init	named	unmapped	unknown	single		0.0	0.0	8.468		0	0
0x1604b0	_ns_timeout	named	candidate	low	single	darwin01:darwin01/kernel/kern/ns_timer.c:54:ns_timeout	0	0.0	12.506		0	1
0x1604e0	_ns_abstimeout	named	candidate	low	single	darwin01:darwin01/kernel/kern/ns_timer.c:76:ns_abstimeout	0	0.0	6.676		0	1
0x1604fc	_ns_untimeout	named	candidate	low	single	darwin01:darwin01/kernel/kern/ns_timer.c:94:ns_untimeout	0	0.0	6.859		0	1
0x160518	_ns_sleep	named	candidate	medium	single	darwin01:darwin01/kernel/kern/ns_timer.c:104:ns_sleep	7.16	0.0	24.638	sleep;splx	0	1
0x16058c	_ns_time_to_timeval	named	candidate	low	single	darwin01:darwin01/kernel/kern/ns_timer.c:120:ns_time_to_timeval	0	0.0	0		0	1
0x1605e4	_timeval_to_ns_time	named	candidate	low	single	darwin01:darwin01/kernel/kern/ns_timer.c:129:timeval_to_ns_time	0	0.0	0		0	1
0x160674	_ns_time_to_tsval	named	unmapped	unknown	single		0.0	0.0	0		0	0
0x1606d0	_ticks_to_ns_time	named	unmapped	unknown	single		0.0	0.0	0		0	0
0x160714	_sched_usec_elapsed	named	candidate	low	single	darwin01:darwin01/kernel/kern/mach_clock.c:179:sched_usec_elapsed	0	0.0	5.829		0	1
0x160798	_get_calendar_time_value	named	unmapped	unknown	single		0.0	0.0	5.829		0	0
0x1607f0	_set_calendar_time_value	named	unmapped	unknown	single		0.0	0.0	8.468		0	0
0x160844	_microtime	named	candidate	medium	single	nextmach:nextmach/mk-108.1/next/us_timer.c:449:microtime	9.09	0	14.919	splusclock;splx	0	2
0x16090c	_microboot	named	candidate	low	single	darwin01:darwin01/kernel/kern/ns_timer.c:155:microboot	0	0	5.829		0	2
0x160964	_us_timeout	named	candidate	low	single	nextmach:nextmach/mk-108.1/next/us_timer.c:300:us_timeout	0	0.0	12.506		0	1
0x160a20	_us_abstimeout	named	candidate	low	single	nextmach:nextmach/mk-108.1/next/us_timer.c:309:us_abstimeout	0	0.0	6.676		0	1
0x160ac0	_us_untimeout	named	candidate	low	single	nextmach:nextmach/mk-108.1/next/us_timer.c:373:us_untimeout	0	0.0	6.859		0	1
0x160adc	_power_callout	named	candidate	low	single	darwin01:darwin01/kernel/kern/power.c:86:power_callout	0	0.0	42.438		0	1
0x160bd4	_power_init	named	candidate	medium	single	darwin01:darwin01/kernel/kern/power.c:101:power_init	8.468	0.0	50.906	PMConnect	0	1
0x160cf8	_kern_PMSetPowerState	named	candidate	low	single	darwin01:darwin01/kernel/kern/power.c:121:kern_PMSetPowerState	6.676	0.0	6.676	PMSetPowerState	0	1
0x160d24	_kern_PMGetPowerEvent	named	candidate	low	single	darwin01:darwin01/kernel/kern/power.c:134:kern_PMGetPowerEvent	0	0.0	21.416		0	1
0x160e0c	_kern_PMGetPowerStatus	named	candidate	medium	single	darwin01:darwin01/kernel/kern/power.c:146:kern_PMGetPowerStatus	8.468	0.0	8.468	PMGetPowerStatus	0	1
0x160e34	_kern_PMSetPowerManagement	named	candidate	medium	single	darwin01:darwin01/kernel/kern/power.c:158:kern_PMSetPowerManagement	8.468	0.0	8.468	PMSetPowerManagement	0	1
0x160e60	_kern_PMRestoreDefaults	named	candidate	medium	single	darwin01:darwin01/kernel/kern/power.c:172:kern_PMRestoreDefaults	8.468	0.0	8.468	PMRestoreDefaults	0	1
0x160e84	_thread_quantum_update	named	candidate	low	conflicting	darwin01:darwin01/kernel/kern/priority.c:96:thread_quantum_update	30.339	30.339	38.115	ast_check;compute_my_priority;splsched;splx;update_priority	0	2
0x161134	_pset_sys_bootstrap	named	candidate	low	conflicting	darwin01:darwin01/kernel/kern/processor.c:102:pset_sys_bootstrap; mach4:mach4/kernel/kern/processor.c:77:pset_sys_bootstrap	16.936	16.936	16.936	processor_init;pset_init	0	3
0x1611fc	_pset_init	named	candidate	low	single	darwin01:darwin01/kernel/kern/processor.c:164:pset_init	0	0	0		0	3
0x161350	_processor_init	named	candidate	low	single	darwin01:darwin01/kernel/kern/processor.c:215:processor_init	0	0	0		0	3
0x161424	_pset_remove_processor	named	candidate	low	conflicting	darwin01:darwin01/kernel/kern/processor.c:248:pset_remove_processor; mach4:mach4/kernel/kern/processor.c:223:pset_remove_processor	18.975	18.975	18.975	panic;pset_remove_processor: wrong p;quantum_set	0	3
0x1614a4	_pset_add_processor	named	candidate	low	conflicting	darwin01:darwin01/kernel/kern/processor.c:268:pset_add_processor; mach4:mach4/kernel/kern/processor.c:243:pset_add_processor	7.775	7.775	7.775	quantum_set	0	3
0x161504	_pset_remove_task	named	candidate	low	single	darwin01:darwin01/kernel/kern/processor.c:284:pset_remove_task; mach4:mach4/kernel/kern/processor.c:259:pset_remove_task	0	0	0		0	3
0x161560	_pset_add_task	named	candidate	low	single	darwin01:darwin01/kernel/kern/processor.c:302:pset_add_task; mach4:mach4/kernel/kern/processor.c:277:pset_add_task	0	0	0		0	3
0x1615ac	_pset_remove_thread	named	candidate	low	single	darwin01:darwin01/kernel/kern/processor.c:317:pset_remove_thread; mach4:mach4/kernel/kern/processor.c:292:pset_remove_thread	0	0	0		0	3
0x161604	_pset_add_thread	named	candidate	low	single	darwin01:darwin01/kernel/kern/processor.c:332:pset_add_thread; mach4:mach4/kernel/kern/processor.c:307:pset_add_thread	0	0	0		0	3
0x161654	_thread_change_psets	named	candidate	low	single	darwin01:darwin01/kernel/kern/processor.c:347:thread_change_psets; mach4:mach4/kernel/kern/processor.c:322:thread_change_psets	0	0	0		0	3
0x1616f0	_pset_deallocate	named	candidate	low	conflicting	darwin01:darwin01/kernel/kern/processor.c:365:pset_deallocate; mach4:mach4/kernel/kern/processor.c:340:pset_deallocate	11.2	11.2	11.2	panic;pset_deallocate: default_pset 	0	3
0x16174c	_pset_reference	named	candidate	low	single	darwin01:darwin01/kernel/kern/processor.c:431:pset_reference; mach4:mach4/kernel/kern/processor.c:406:pset_reference	0	0	0		0	3
0x161780	_processor_info	named	candidate	low	single	darwin01:darwin01/kernel/kern/processor.c:440:processor_info; mach4:mach4/kernel/kern/processor.c:415:processor_info	0	0	0		0	3
0x161834	_processor_start	named	candidate	low	single	darwin01:darwin01/kernel/kern/processor.c:478:processor_start; mach4:mach4/kernel/kern/processor.c:453:processor_start	0	0	0		0	3
0x161854	_processor_exit	named	candidate	low	single	darwin01:darwin01/kernel/kern/processor.c:490:processor_exit; mach4:mach4/kernel/kern/processor.c:465:processor_exit	0	0	0		0	3
0x161874	_processor_control	named	candidate	low	single	darwin01:darwin01/kernel/kern/processor.c:504:processor_control; mach4:mach4/kernel/kern/processor.c:479:processor_control	0	0	0		0	3
0x161894	_quantum_set	named	candidate	low	single	darwin01:darwin01/kernel/kern/processor.c:526:quantum_set; mach4:mach4/kernel/kern/processor.c:501:quantum_set	0	0	0		0	3
0x1618a8	_processor_set_create	named	candidate	low	single	darwin01:darwin01/kernel/kern/processor.c:556:processor_set_create; mach4:mach4/kernel/kern/processor.c:531:processor_set_create	0	0	0		0	6
0x1618b4	_processor_set_destroy	named	candidate	low	single	darwin01:darwin01/kernel/kern/processor.c:591:processor_set_destroy; mach4:mach4/kernel/kern/processor.c:566:processor_set_destroy	0	0	0		0	6
0x1618c0	_processor_get_assignment	named	candidate	low	single	darwin01:darwin01/kernel/kern/processor.c:692:processor_get_assignment; mach4:mach4/kernel/kern/processor.c:667:processor_get_assignment	0	0	0		0	3
0x16191c	_processor_set_info	named	candidate	low	single	darwin01:darwin01/kernel/kern/processor.c:708:processor_set_info; mach4:mach4/kernel/kern/processor.c:683:processor_set_info	0	0	0		0	3
0x161a0c	_processor_set_max_priority	named	candidate	low	conflicting	darwin01:darwin01/kernel/kern/processor.c:772:processor_set_max_priority; mach4:mach4/kernel/kern/processor.c:747:processor_set_max_priority	7.082	7.082	7.082	thread_max_priority	0	3
0x161a98	_processor_set_policy_enable	named	candidate	low	single	darwin01:darwin01/kernel/kern/processor.c:806:processor_set_policy_enable; mach4:mach4/kernel/kern/processor.c:781:processor_set_policy_enable	0	0	0		0	3
0x161aec	_processor_set_policy_disable	named	candidate	low	conflicting	darwin01:darwin01/kernel/kern/processor.c:835:processor_set_policy_disable; mach4:mach4/kernel/kern/processor.c:810:processor_set_policy_disable	7.37	7.37	7.37	thread_policy	0	3
0x161b90	_processor_set_things	named	candidate	medium	single	darwin01:darwin01/kernel/kern/processor.c:880:processor_set_things; mach4:mach4/kernel/kern/processor.c:855:processor_set_things	47.378	14.228	47.378	bcopy;convert_task_to_port;convert_thread_to_port;kalloc;kfree;task_deallocate;task_reference;thread_deallocate;thread_reference	0	3
0x161e24	_processor_set_tasks	named	candidate	low	conflicting	darwin01:darwin01/kernel/kern/processor.c:1044:processor_set_tasks; mach4:mach4/kernel/kern/processor.c:1019:processor_set_tasks	7.775	7.775	7.775	processor_set_things	0	3
0x161e40	_processor_set_threads	named	candidate	low	conflicting	darwin01:darwin01/kernel/kern/processor.c:1058:processor_set_threads; mach4:mach4/kernel/kern/processor.c:1033:processor_set_threads	7.775	7.775	7.775	processor_set_things	0	3
0x161e5c	_enqueue_head	named	candidate	low	single	nextmach:nextmach/mk-108.1/kern/queue.c:43:enqueue_head	0	0	0		0	2
0x161e7c	_enqueue_tail	named	candidate	low	single	nextmach:nextmach/mk-108.1/kern/queue.c:56:enqueue_tail	0	0	0		0	2
0x161ea0	_dequeue_head	named	candidate	low	single	nextmach:nextmach/mk-108.1/kern/queue.c:69:dequeue_head	0	0	0		0	2
0x161ec8	_dequeue_tail	named	candidate	low	single	nextmach:nextmach/mk-108.1/kern/queue.c:86:dequeue_tail	0	0	0		0	2
0x161ef4	_remqueue	named	candidate	low	single	nextmach:nextmach/mk-108.1/kern/queue.c:107:remqueue	0	0	0		0	2
0x161f10	_insque	named	candidate	low	single	nextmach:nextmach/mk-108.1/kern/queue.c:119:insque	0	0	0		0	2
0x161f30	_remque	named	candidate	low	single	nextmach:nextmach/mk-108.1/kern/queue.c:128:remque	0	0.0	0		0	1
0x161f4c	_kdp_packet	named	candidate	low	single	darwin01:darwin01/kernel/kern/kdp.c:91:kdp_packet	3.498	0.0	35.069	bcopy	0	1
0x16202c		unnamed	candidate	low	single	darwin01:darwin01/kernel/kern/kdp_udp.c:368:kdp_handler	6.166	6.166	14.634	safe_prf	0	38
0x162058		unnamed	candidate	low	single	darwin01:darwin01/kernel/kern/kdp.c:91:kdp_packet	0	0	0		0	38
0x1620e8		unnamed	candidate	low	single	darwin01:darwin01/kernel/kern/kdp.c:91:kdp_packet	0	0	0		0	38
0x162168		unnamed	candidate	medium	single	darwin01:darwin01/kernel/kern/kdp.c:225:kdp_hostinfo	8.468	0	8.468	kdp_machine_hostinfo	0	38
0x1621b4		unnamed	candidate	low	single	darwin01:darwin01/kernel/kern/kdp.c:91:kdp_packet	0	0	0		0	38
0x1621fc		unnamed	candidate	low	single	darwin01:darwin01/kernel/kern/kdp.c:91:kdp_packet	0	0	0		0	38
0x162244		unnamed	candidate	low	conflicting	darwin01:darwin01/kernel/kern/kdp.c:306:kdp_writemem	7.37	7.37	7.37	copywithin	0	38
0x1622b0		unnamed	candidate	low	conflicting	darwin01:darwin01/kernel/kern/kdp.c:306:kdp_writemem	7.37	7.37	7.37	copywithin	0	38
0x162324		unnamed	candidate	low	single	darwin01:darwin01/kernel/kern/kdp.c:91:kdp_packet	0	0	0		0	38
0x16236c		unnamed	candidate	low	single	darwin01:darwin01/kernel/kern/kdp.c:91:kdp_packet	0	0	0		0	38
0x1623dc		unnamed	candidate	medium	single	darwin01:darwin01/kernel/kern/kdp.c:455:kdp_writeregs	8.468	0	8.468	kdp_machine_write_regs	0	38
0x162444		unnamed	candidate	medium	single	darwin01:darwin01/kernel/kern/kdp.c:484:kdp_readregs	8.468	0	8.468	kdp_machine_read_regs	0	38
0x1624a8		unnamed	candidate	medium	single	darwin01:darwin01/kernel/kern/kdp_udp.c:167:kdp_reply	19.049	10.58	26.418	bcopy;kdp_panic;kdp_reply	0	38
0x1626dc		unnamed	candidate	medium	single	darwin01:darwin01/kernel/kern/kdp_udp.c:239:kdp_send	19.049	10.58	26.418	bcopy;kdp_panic;kdp_send	0	38
0x1628f4		unnamed	candidate	medium	single	darwin01:darwin01/kernel/kern/kdp_udp.c:301:kdp_poll	19.049	10.58	27.517	bcopy;kdp_panic;kdp_poll	0	38
0x162a24	_kdp_raise_exception	named	candidate	medium	single	darwin01:darwin01/kernel/kern/kdp_udp.c:508:kdp_raise_exception	64.057	0.0	199.869	%s exception (%x,%x,%x)\n;Remote debugger disconnected.\n;kdp_flush_cache;kdp_intr_disbl;kdp_intr_enbl;kdp_panic;kdp_raise_exception;safe_prf	6	1
0x162d40	_kdp_reset	named	candidate	low	single	darwin01:darwin01/kernel/kern/kdp_udp.c:566:kdp_reset	0	0.0	0		0	1
0x162d80	_wait_queue_init	named	candidate	low	single	darwin01:darwin01/kernel/kern/sched_prim.c:193:wait_queue_init; mach4:mach4/kernel/kern/sched_prim.c:159:wait_queue_init	0	0	0		0	3
0x162dc0	_sched_init	named	candidate	low	conflicting	darwin01:darwin01/kernel/kern/sched_prim.c:203:sched_init	16.936	16.936	24.711	ast_init;pset_sys_bootstrap	0	3
0x162e68	_thread_timeout	named	candidate	low	single	darwin01:darwin01/kernel/kern/sched_prim.c:236:thread_timeout; mach4:mach4/kernel/kern/sched_prim.c:190:thread_timeout	6.166	6.166	6.166	clear_wait	0	3
0x162e7c	_thread_set_timeout	named	candidate	medium	single	darwin01:darwin01/kernel/kern/sched_prim.c:252:thread_set_timeout; mach4:mach4/kernel/kern/sched_prim.c:206:thread_set_timeout	13.963	6.881	13.963	set_timeout;splsched;splx	0	3
0x162ed8	_thread_timeout_setup	named	candidate	low	identical-bodies	darwin01:darwin01/kernel/kern/sched_prim.c:270:thread_timeout_setup; mach4:mach4/kernel/kern/sched_prim.c:224:thread_timeout_setup	0	0.0	7.775		0	2
0x162f20	_assert_wait	named	candidate	low	conflicting	darwin01:darwin01/kernel/kern/sched_prim.c:285:assert_wait	27.195	27.195	27.195	assert_wait;assert_wait: already asserted ;panic;printf;splsched;splx	0	4
0x16303c	_clear_wait	named	candidate	low	conflicting	darwin01:darwin01/kernel/kern/sched_prim.c:344:clear_wait; mach4:mach4/kernel/kern/sched_prim.c:297:clear_wait	12.576	12.576	18.647	splsched;splx;thread_setrun	0	3
0x1631a0	_thread_wakeup_prim	named	candidate	low	conflicting	darwin01:darwin01/kernel/kern/sched_prim.c:439:thread_wakeup_prim; mach4:mach4/kernel/kern/sched_prim.c:392:thread_wakeup_prim	22.39	22.39	28.46	panic;splsched;splx;thread_setrun;thread_wakeup	0	3
0x163320	_thread_sleep	named	candidate	low	single	darwin01:darwin01/kernel/kern/sched_prim.c:519:thread_sleep	5.333	0	32.527	thread_block_with_continuation	0	3
0x163450	_thread_bind	named	candidate	low	conflicting	darwin01:darwin01/kernel/kern/sched_prim.c:539:thread_bind; mach4:mach4/kernel/kern/sched_prim.c:492:thread_bind	6.881	6.881	6.881	splsched;splx	0	3
0x163498	_thread_select	named	candidate	low	conflicting	darwin01:darwin01/kernel/kern/sched_prim.c:558:thread_select	22.766	22.766	22.766	choose_pset_thread;choose_thread;update_priority	0	2
0x1635e8	_thread_invoke	named	candidate	low	conflicting	darwin01:darwin01/kernel/kern/sched_prim.c:671:thread_invoke	70.287	70.287	97.689	call_continuation;panic;spl0;stack_alloc_try;stack_handoff;switch_context;thread_dispatch;thread_invoke;thread_setrun;thread_swapin	0	2
0x1639ec	_thread_continue	named	candidate	medium	single	darwin01:darwin01/kernel/kern/sched_prim.c:877:thread_continue; mach4:mach4/kernel/kern/sched_prim.c:828:thread_continue	13.535	0	13.535	spl0;thread_dispatch	0	3
0x163a18	_thread_block_with_continuation	named	candidate	medium	single	darwin01:darwin01/kernel/kern/sched_prim.c:911:thread_block_with_continuation	19.925	0.0	19.925	splsched;splx;thread_invoke;thread_select	0	1
0x163a70	_thread_run	named	candidate	low	conflicting	darwin01:darwin01/kernel/kern/sched_prim.c:951:thread_run	19.925	19.925	19.925	splsched;splx;thread_invoke;thread_select	0	3
0x163ac4	_thread_dispatch	named	candidate	medium	identical-bodies	darwin01:darwin01/kernel/kern/sched_prim.c:972:thread_dispatch; mach4:mach4/kernel/kern/sched_prim.c:927:thread_dispatch	24.671	0.0	44.704	panic;stack_free;thread_dispatch;thread_setrun	0	2
0x163d28	_compute_priority	named	candidate	low	conflicting	darwin01:darwin01/kernel/kern/sched_prim.c:1097:compute_priority	8.468	8.468	8.468	set_pri	0	3
0x163d74	_compute_my_priority	named	candidate	low	single	darwin01:darwin01/kernel/kern/sched_prim.c:1129:compute_my_priority; mach4:mach4/kernel/kern/sched_prim.c:1084:compute_my_priority	0	0	0		0	3
0x163d94	_recompute_priorities	named	candidate	medium	single	mach4:mach4/kernel/kern/sched_prim.c:1098:recompute_priorities	13.248	6.166	13.248	clear_wait;set_timeout	0	3
0x163dc8	_update_priority	named	candidate	low	single	darwin01:darwin01/kernel/kern/sched_prim.c:1181:update_priority	0	0	7.775		0	3
0x163f84	_run_queue_enqueue	named	candidate	low	conflicting	darwin01:darwin01/kernel/kern/sched_prim.c:1248:run_queue_enqueue	10.277	10.277	10.277	printf;run_queue_enqueue: pri too hig	0	2
0x16400c	_thread_setrun	named	candidate	low	single	darwin01:darwin01/kernel/kern/sched_prim.c:1285:thread_setrun	6.522	6.522	16.799	update_priority	0	3
0x164164	_set_pri	named	candidate	low	single	darwin01:darwin01/kernel/kern/sched_prim.c:1455:set_pri; mach4:mach4/kernel/kern/sched_prim.c:1418:set_pri	6.522	6.522	23.322	rem_runq	0	3
0x164350	_rem_runq	named	candidate	low	single	darwin01:darwin01/kernel/kern/sched_prim.c:1482:rem_runq	0	0	0		0	3
0x1643c0	_choose_thread	named	candidate	low	conflicting	darwin01:darwin01/kernel/kern/sched_prim.c:1547:choose_thread	18.975	18.975	18.975	choose_pset_thread;choose_thread;panic	0	3
0x16448c	_choose_pset_thread	named	candidate	low	conflicting	darwin01:darwin01/kernel/kern/sched_prim.c:1594:choose_pset_thread	11.2	11.2	11.2	choose_pset_thread;panic	0	3
0x164624	_idle_thread_continue	named	candidate	medium	single	darwin01:darwin01/kernel/kern/sched_prim.c:1677:idle_thread_continue	35.727	29.967	70.621	 Bad processor state %d (Cpu %;idle_thread;panic;printf;spl0;splsched;splx	0	2
0x164a0c	_idle_thread	named	candidate	low	conflicting	darwin01:darwin01/kernel/kern/sched_prim.c:1828:idle_thread	22.025	22.025	35.07	idle_thread_continue;splsched;splx;stack_privilege	0	3
0x164ac8	_sched_thread_continue	named	candidate	low	conflicting	darwin01:darwin01/kernel/kern/sched_prim.c:1864:sched_thread_continue	16.936	16.936	57.176	compute_mach_factor;do_thread_scan	0	2
0x164b8c	_sched_thread	named	candidate	low	conflicting	darwin01:darwin01/kernel/kern/sched_prim.c:1883:sched_thread	8.468	8.468	48.707	sched_thread_continue	0	3
0x164c50	_do_runq_scan	named	candidate	low	conflicting	darwin01:darwin01/kernel/kern/sched_prim.c:1930:do_runq_scan	18.074	18.074	18.074	do_runq_scan: adding thread %#;printf;splsched;splx	0	3
0x164d80	_do_thread_scan	named	candidate	low	conflicting	darwin01:darwin01/kernel/kern/sched_prim.c:1995:do_thread_scan; mach4:mach4/kernel/kern/sched_prim.c:1962:do_thread_scan	13.403	13.403	31.455	splsched;splx;update_priority	0	3
0x1651a0	_thread_wakeup	named	candidate	low	single	darwin01:darwin01/kernel/kern/sched_prim.c:2046:thread_wakeup	0	0	28.46		0	2
0x165318	_thread_wait_result	named	candidate	low	identical-bodies	darwin01:darwin01/kernel/kern/sched_prim.c:2109:thread_wait_result; nextmach:nextmach/mk-108.1/kern/sched_prim.c:989:thread_wait_result	0	0.0	0		0	2
0x165328	_thread_block	named	candidate	medium	single	mach4:mach4/kernel/kern/sched_prim.c:862:thread_block	19.925	6.881	19.925	splsched;splx;thread_invoke;thread_select	0	3
0x165380	_swtch_continue	named	candidate	low	identical-bodies	darwin01:darwin01/kernel/kern/syscall_subr.c:92:swtch_continue; mach4:mach4/kernel/kern/syscall_subr.c:72:swtch_continue	6.271	0.0	6.271	thread_syscall_return	0	2
0x1653b4	_swtch	named	candidate	low	single	darwin01:darwin01/kernel/kern/syscall_subr.c:102:swtch	5.333	0	5.333	thread_block_with_continuation	0	3
0x1653ec	_swtch_pri_continue	named	candidate	medium	identical-bodies	darwin01:darwin01/kernel/kern/syscall_subr.c:120:swtch_pri_continue; mach4:mach4/kernel/kern/syscall_subr.c:104:swtch_pri_continue	12.947	0.0	12.947	thread_depress_abort;thread_syscall_return	0	2
0x165434	_swtch_pri	named	candidate	medium	single	darwin01:darwin01/kernel/kern/syscall_subr.c:133:swtch_pri	19.784	14.452	19.784	thread_block_with_continuation;thread_depress_abort;thread_depress_priority	0	3
0x165494	_thread_switch_continue	named	candidate	medium	identical-bodies	darwin01:darwin01/kernel/kern/syscall_subr.c:168:thread_switch_continue; mach4:mach4/kernel/kern/syscall_subr.c:156:thread_switch_continue	12.947	0.0	12.947	thread_depress_abort;thread_syscall_return	0	2
0x1654b8	_thread_switch	named	candidate	medium	single	darwin01:darwin01/kernel/kern/syscall_subr.c:189:thread_switch	48.332	42.999	54.721	rem_runq;splsched;splx;thread_block_with_continuation;thread_depress_abort;thread_depress_priority;thread_run;thread_will_wait_with_timeout	0	3
0x165610	_thread_depress_priority	named	candidate	low	conflicting	darwin01:darwin01/kernel/kern/syscall_subr.c:315:thread_depress_priority	13.963	13.963	20.033	set_timeout;splsched;splx	0	3
0x1656ac	_thread_depress_timeout	named	candidate	low	conflicting	darwin01:darwin01/kernel/kern/syscall_subr.c:353:thread_depress_timeout; mach4:mach4/kernel/kern/syscall_subr.c:346:thread_depress_timeout	13.27	13.27	13.27	compute_priority;splsched;splx	0	3
0x165704	_thread_depress_abort	named	candidate	low	conflicting	darwin01:darwin01/kernel/kern/syscall_subr.c:382:thread_depress_abort; mach4:mach4/kernel/kern/syscall_subr.c:375:thread_depress_abort	13.27	13.27	19.34	compute_priority;splsched;splx	0	4
0x165784	_map_fd	named	candidate	medium	single	nextmach:nextmach/mk-108.1/kern/syscall_subr.c:637:map_fd	72.115	65.256	72.115	copyin;copyout;getf;pmap_create;vm_allocate;vm_allocate_with_pager;vm_deallocate;vm_map_check_protection;vm_map_copy;vm_map_create;vm_map_deallocate;vnode_pager_setup	0	2
0x16594c	_null_port	named	candidate	low	single	darwin01:darwin01/kernel/kern/syscall_sw.c:84:null_port	0	0	0		0	3
0x165958	_kern_invalid	named	candidate	low	single	darwin01:darwin01/kernel/kern/syscall_sw.c:89:kern_invalid; nextmach:nextmach/mk-108.1/kern/syscall_sw.c:140:kern_invalid	0	0	0		0	3
0x165964	_task_init	named	candidate	low	conflicting	darwin01:darwin01/kernel/kern/task.c:85:task_init	20.626	20.626	20.626	task_create;tasks;zinit	0	3
0x1659ac	_kernel_task_create	named	candidate	medium	single	darwin01:darwin01/kernel/kern/task.c:109:kernel_task_create	23.427	18.217	23.427	kmem_suballoc;task_create;task_deallocate;vm_map_deallocate	0	2
0x165a20	_task_create	named	candidate	medium	single	darwin01:darwin01/kernel/kern/task.c:139:task_create	77.097	70.931	85.565	ipc_task_enable;ipc_task_init;panic;pcb_common_init;pmap_create;pset_add_task;pset_reference;task_create: no memory for tas;vm_map_create;vm_map_fork;zalloc	0	4
0x165bec	_task_deallocate	named	candidate	low	conflicting	darwin01:darwin01/kernel/kern/task.c:228:task_deallocate	30.046	30.046	43.582	pcb_common_terminate;pset_deallocate;pset_remove_task;vm_map_deallocate;zfree	0	3
0x165c94	_task_reference	named	candidate	low	single	darwin01:darwin01/kernel/kern/task.c:262:task_reference; mach4:mach4/kernel/kern/task.c:260:task_reference	0	0	0		0	3
0x165cc0	_task_terminate	named	candidate	medium	single	darwin01:darwin01/kernel/kern/task.c:279:task_terminate	81.662	76.33	125.244	ipc_task_disable;ipc_task_terminate;ipc_thread_disable;ipc_thread_terminate;splsched;splx;task_dowait;task_hold;thread_block_with_continuation;thread_deallocate;thread_force_terminate;thread_reference;thread_terminate	0	4
0x166094	_task_hold	named	candidate	low	single	darwin01:darwin01/kernel/kern/task.c:463:task_hold; mach4:mach4/kernel/kern/task.c:459:task_hold	6.389	6.389	6.389	thread_hold	0	3
0x16610c	_task_dowait	named	candidate	low	conflicting	darwin01:darwin01/kernel/kern/task.c:502:task_dowait; mach4:mach4/kernel/kern/task.c:498:task_dowait	17.87	17.87	17.87	thread_deallocate;thread_dowait;thread_reference	0	3
0x1661cc	_task_release	named	candidate	low	conflicting	darwin01:darwin01/kernel/kern/task.c:554:task_release; mach4:mach4/kernel/kern/task.c:550:task_release	7.37	7.37	7.37	thread_release	0	3
0x166234	_task_halt	named	candidate	medium	identical-bodies	darwin01:darwin01/kernel/kern/task.c:590:task_halt; nextmach:nextmach/mk-108.1/kern/task.c:629:task_halt	17.582	0.0	17.582	thread_deallocate;thread_halt;thread_reference	0	2
0x1662d8	_task_threads	named	candidate	medium	single	darwin01:darwin01/kernel/kern/task.c:637:task_threads; mach4:mach4/kernel/kern/task.c:578:task_threads	28.451	7.37	28.451	bcopy;convert_thread_to_port;kalloc;kfree;thread_deallocate;thread_reference	0	3
0x16649c	_task_suspend	named	candidate	low	conflicting	nextmach:nextmach/mk-108.1/kern/task.c:778:task_suspend	13.758	13.27	31.139	thread_dowait;thread_hold	0	4
0x16663c	_task_resume	named	candidate	low	single	darwin01:darwin01/kernel/kern/task.c:791:task_resume; mach4:mach4/kernel/kern/task.c:732:task_resume	0	0	7.37		0	3
0x1666e4	_task_info	named	candidate	low	conflicting	darwin01:darwin01/kernel/kern/task.c:820:task_info	13.403	13.403	13.403	splsched;splx;thread_read_times	0	3
0x1668a4	_task_suspend_nowait	named	candidate	low	identical-bodies	darwin01:darwin01/kernel/kern/task.c:916:task_suspend_nowait; nextmach:nextmach/mk-108.1/kern/task.c:921:task_suspend_nowait	6.389	0.0	6.389	thread_hold	0	2
0x16696c	_task_assign	named	candidate	low	single	darwin01:darwin01/kernel/kern/task.c:962:task_assign; mach4:mach4/kernel/kern/task.c:859:task_assign	0	0	0		0	6
0x166978	_task_assign_default	named	candidate	low	single	darwin01:darwin01/kernel/kern/task.c:1141:task_assign_default; mach4:mach4/kernel/kern/task.c:1038:task_assign_default	0	0	0		0	3
0x166984	_task_get_assignment	named	candidate	low	single	darwin01:darwin01/kernel/kern/task.c:1153:task_get_assignment; mach4:mach4/kernel/kern/task.c:1050:task_get_assignment	6.166	0	6.166	pset_reference	0	3
0x1669b0	_task_priority	named	candidate	low	single	darwin01:darwin01/kernel/kern/task.c:1172:task_priority; mach4:mach4/kernel/kern/task.c:1069:task_priority	6.676	6.676	6.676	thread_priority	0	3
0x166a38	_current_task_EXTERNAL	named	candidate	low	identical-bodies	darwin01:darwin01/kernel/kern/task.c:1201:current_task_EXTERNAL; nextmach:nextmach/mk-108.1/kern/task.c:1254:current_task_EXTERNAL	0	0.0	0		0	2
0x166a48	_current_map_EXTERNAL	named	candidate	low	identical-bodies	darwin01:darwin01/kernel/kern/task.c:1209:current_map_EXTERNAL; nextmach:nextmach/mk-108.1/kern/task.c:1262:current_map_EXTERNAL	0	0.0	0		0	2
0x166a5c	_stack_privilege	named	candidate	medium	identical-bodies	darwin01:darwin01/kernel/kern/thread.c:327:stack_privilege; mach4:mach4/kernel/kern/thread.c:295:stack_privilege	10.507	0.0	10.507	panic;stack_privilege	0	2
0x166a8c	_thread_init	named	candidate	medium	single	darwin01:darwin01/kernel/kern/thread.c:341:thread_init	38.815	30.346	38.815	initKernelStacks;pcb_module_init;threads;timer_init;zinit	0	3
0x166c48	_thread_create	named	candidate	medium	single	darwin01:darwin01/kernel/kern/thread.c:453:thread_create	99.008	75.884	99.008	compute_priority;ipc_thread_enable;ipc_thread_init;pcb_init;pset_add_thread;pset_deallocate;pset_reference;splsched;splx;thread_deallocate;thread_terminate;thread_timeout_setup;uarea_init;uarea_zero;zalloc	0	3
0x166ea0	_thread_deallocate	named	candidate	low	conflicting	nextmach:nextmach/mk-108.1/kern/thread.c:804:thread_deallocate	91.465	88.965	106.003	freeStack;kmem_free;panic;pcb_terminate;pset_deallocate;pset_remove_thread;splsched;splx;stack_free;task_deallocate;thread deallocating itself;thread_read_times;unstopped thread destroyed!;vm_object_deallocate;zfree	0	3
0x167184	_thread_deallocate_interrupt	named	candidate	low	conflicting	darwin01:darwin01/kernel/kern/thread.c:795:thread_deallocate_interrupt	6.881	6.881	11.588	splsched;splx	0	2
0x167238	_thread_reference	named	candidate	low	conflicting	darwin01:darwin01/kernel/kern/thread.c:842:thread_reference; mach4:mach4/kernel/kern/thread.c:726:thread_reference	6.881	6.881	6.881	splsched;splx	0	3
0x16727c	_thread_terminate	named	candidate	low	conflicting	darwin01:darwin01/kernel/kern/thread.c:876:thread_terminate	32.788	32.788	39.059	ipc_thread_disable;ipc_thread_terminate;splsched;splx;thread_deallocate;thread_halt	0	3
0x167424	_thread_force_terminate	named	candidate	low	conflicting	darwin01:darwin01/kernel/kern/thread.c:991:thread_force_terminate	32.788	32.788	32.788	ipc_thread_disable;ipc_thread_terminate;splsched;splx;thread_deallocate;thread_halt	0	3
0x167494	_thread_halt	named	candidate	medium	single	mach4:mach4/kernel/kern/thread.c:923:thread_halt	67.141	58.673	71.848	clear_wait;mach_msg_interrupt;panic;splsched;splx;thread_dowait;thread_halt;thread_halt: trying to halt cu;thread_release;thread_setrun;thread_sleep	0	3
0x1677b0	_walking_zombie	named	candidate	medium	identical-bodies	darwin01:darwin01/kernel/kern/thread.c:1218:walking_zombie; mach4:mach4/kernel/kern/thread.c:1127:walking_zombie	11.2	0.0	11.2	panic;the zombie walks!	0	2
0x1677c4	_thread_halt_self_with_continuation	named	candidate	medium	single	darwin01:darwin01/kernel/kern/thread.c:1228:thread_halt_self_with_continuation	25.461	0.0	30.168	ipc_thread_terminate;splsched;splx;thread_block_with_continuation;thread_hold	0	1
0x1678b4	_thread_halt_self	named	candidate	low	conflicting	nextmach:nextmach/mk-108.1/kern/thread.c:1411:thread_halt_self	20.128	20.128	30.168	ipc_thread_terminate;splsched;splx;thread_hold	0	3
0x1679a8	_thread_hold	named	candidate	low	conflicting	darwin01:darwin01/kernel/kern/thread.c:1291:thread_hold; mach4:mach4/kernel/kern/thread.c:1194:thread_hold	6.881	6.881	6.881	splsched;splx	0	3
0x1679ec	_thread_dowait	named	candidate	medium	single	darwin01:darwin01/kernel/kern/thread.c:1313:thread_dowait; mach4:mach4/kernel/kern/thread.c:1216:thread_dowait	28.74	18.927	33.447	panic;rem_runq;splsched;splx;thread_dowait;thread_sleep	0	3
0x167b2c	_thread_release	named	candidate	low	conflicting	darwin01:darwin01/kernel/kern/thread.c:1417:thread_release; mach4:mach4/kernel/kern/thread.c:1320:thread_release	12.576	12.576	12.576	splsched;splx;thread_setrun	0	3
0x167b98	_thread_suspend	named	candidate	low	conflicting	darwin01:darwin01/kernel/kern/thread.c:1436:thread_suspend; mach4:mach4/kernel/kern/thread.c:1339:thread_suspend	6.881	6.881	23.634	splsched;splx	0	3
0x167d48	_thread_resume	named	candidate	medium	single	darwin01:darwin01/kernel/kern/thread.c:1475:thread_resume; mach4:mach4/kernel/kern/thread.c:1378:thread_resume	12.576	6.881	12.576	splsched;splx;thread_setrun	0	3
0x167de0	_thread_get_state	named	candidate	low	conflicting	darwin01:darwin01/kernel/kern/thread.c:1513:thread_get_state; mach4:mach4/kernel/kern/thread.c:1416:thread_get_state	7.775	7.775	46.918	thread_getstatus	0	3
0x167fd0	_thread_set_state	named	candidate	low	conflicting	darwin01:darwin01/kernel/kern/thread.c:1537:thread_set_state; mach4:mach4/kernel/kern/thread.c:1440:thread_set_state	7.775	7.775	46.918	thread_setstatus	0	3
0x1681c0	_thread_info	named	candidate	low	conflicting	darwin01:darwin01/kernel/kern/thread.c:1558:thread_info	19.925	19.925	19.925	splsched;splx;thread_read_times;update_priority	0	3
0x1683c8	_thread_abort	named	candidate	low	conflicting	darwin01:darwin01/kernel/kern/thread.c:1693:thread_abort	21.533	21.533	34.11	mach_msg_abort_rpc;thread_depress_abort;thread_halt	0	3
0x16847c	_thread_start	named	candidate	low	single	darwin01:darwin01/kernel/kern/thread.c:1735:thread_start; mach4:mach4/kernel/kern/thread.c:1644:thread_start	0	0	0		0	3
0x16848c	_kernel_thread	named	candidate	low	conflicting	darwin01:darwin01/kernel/kern/thread.c:1748:kernel_thread	18.489	18.489	31.065	thread_create;thread_deallocate;thread_doswapin	0	3
0x168564	_reaper_thread_continue	named	candidate	medium	single	darwin01:darwin01/kernel/kern/thread.c:1779:reaper_thread_continue	22.101	16.768	48.667	assert_wait;splsched;splx;thread_block_with_continuation;thread_deallocate	0	2
0x168740	_reaper_thread	named	candidate	low	conflicting	darwin01:darwin01/kernel/kern/thread.c:1808:reaper_thread	8.468	8.468	8.468	reaper_thread_continue	0	3
0x16874c	_thread_assign	named	candidate	low	single	darwin01:darwin01/kernel/kern/thread.c:1826:thread_assign; mach4:mach4/kernel/kern/thread.c:1734:thread_assign	0	0	0		0	6
0x168758	_thread_assign_default	named	candidate	low	single	darwin01:darwin01/kernel/kern/thread.c:2046:thread_assign_default; mach4:mach4/kernel/kern/thread.c:1954:thread_assign_default	0	0	0		0	3
0x168764	_thread_get_assignment	named	candidate	low	single	darwin01:darwin01/kernel/kern/thread.c:2057:thread_get_assignment; mach4:mach4/kernel/kern/thread.c:1965:thread_get_assignment	6.166	0	6.166	pset_reference	0	3
0x168784	_thread_priority	named	candidate	low	conflicting	darwin01:darwin01/kernel/kern/thread.c:2072:thread_priority	13.27	13.27	13.27	compute_priority;splsched;splx	0	3
0x168814	_thread_set_own_priority	named	candidate	medium	identical-bodies	darwin01:darwin01/kernel/kern/thread.c:2121:thread_set_own_priority; mach4:mach4/kernel/kern/thread.c:2029:thread_set_own_priority	13.27	0.0	13.27	compute_priority;splsched;splx	0	2
0x168870	_thread_max_priority	named	candidate	low	conflicting	darwin01:darwin01/kernel/kern/thread.c:2145:thread_max_priority	13.27	13.27	13.27	compute_priority;splsched;splx	0	3
0x1688f4	_thread_policy	named	candidate	low	conflicting	darwin01:darwin01/kernel/kern/thread.c:2200:thread_policy; mach4:mach4/kernel/kern/thread.c:2108:thread_policy	13.27	13.27	13.27	compute_priority;splsched;splx	0	3
0x168a18	_thread_wire	named	candidate	medium	identical-bodies	darwin01:darwin01/kernel/kern/thread.c:2275:thread_wire; mach4:mach4/kernel/kern/thread.c:2183:thread_wire	6.881	0.0	17.387	splsched;splx	0	2
0x168ab4	_thread_collect_scan	named	candidate	low	identical-bodies	darwin01:darwin01/kernel/kern/thread.c:2321:thread_collect_scan; mach4:mach4/kernel/kern/thread.c:2229:thread_collect_scan	0	0.0	0		0	2
0x168abc	_consider_thread_collect	named	candidate	low	identical-bodies	darwin01:darwin01/kernel/kern/thread.c:2389:consider_thread_collect; mach4:mach4/kernel/kern/thread.c:2297:consider_thread_collect	0	0.0	0		0	2
0x168afc	_stack_usage	named	candidate	low	identical-bodies	darwin01:darwin01/kernel/kern/thread.c:2409:stack_usage; mach4:mach4/kernel/kern/thread.c:2317:stack_usage	0	0.0	0		0	2
0x168b28	_stack_init	named	candidate	low	single	darwin01:darwin01/kernel/kern/thread.c:2426:stack_init; mach4:mach4/kernel/kern/thread.c:2334:stack_init	0	0	0		0	3
0x168b50	_stack_finalize	named	candidate	low	identical-bodies	darwin01:darwin01/kernel/kern/thread.c:2442:stack_finalize; mach4:mach4/kernel/kern/thread.c:2350:stack_finalize	0	0.0	0		0	2
0x168bb8	_host_stack_usage	named	candidate	low	conflicting	darwin01:darwin01/kernel/kern/thread.c:2495:host_stack_usage	8.468	8.468	8.468	stack_statistics	0	2
0x168c5c	_processor_set_stack_usage	named	candidate	low	conflicting	darwin01:darwin01/kernel/kern/thread.c:2528:processor_set_stack_usage	11.679	11.679	18.56	kalloc;kfree;thread_deallocate	0	2
0x168e80	_thread_stats	named	candidate	medium	identical-bodies	darwin01:darwin01/kernel/kern/thread.c:2661:thread_stats; mach4:mach4/kernel/kern/thread.c:2561:thread_stats	20.355	0.0	20.355	%d total threads.\n;%d using rpc_reply.\n;printf	0	2
0x168ec8	_current_thread_EXTERNAL	named	candidate	low	single	darwin01:darwin01/kernel/kern/thread.c:2681:current_thread_EXTERNAL	0	0.0	0		0	1
0x168ed4	_swapper_init	named	candidate	low	identical-bodies	darwin01:darwin01/kernel/kern/thread_swap.c:96:swapper_init; nextmach:nextmach/mk-108.1/kern/thread_swap.c:164:swapper_init; mach4:mach4/kernel/kern/thread_swap.c:72:swapper_init	0	0.0	0		0	3
0x168efc	_thread_swapin	named	candidate	low	conflicting	darwin01:darwin01/kernel/kern/thread_swap.c:112:thread_swapin; mach4:mach4/kernel/kern/thread_swap.c:88:thread_swapin	11.2	11.2	15.907	panic;thread_swapin	0	3
0x168f90	_thread_doswapin	named	candidate	medium	single	darwin01:darwin01/kernel/kern/thread_swap.c:150:thread_doswapin; mach4:mach4/kernel/kern/thread_swap.c:126:thread_doswapin	20.351	12.576	20.351	splsched;splx;stack_alloc;thread_setrun	0	3
0x168ff4	_swapin_thread_continue	named	candidate	medium	single	darwin01:darwin01/kernel/kern/thread_swap.c:180:swapin_thread_continue	17.504	12.171	30.974	assert_wait;splsched;splx;thread_block_with_continuation	0	2
0x16910c	_swapin_thread	named	candidate	low	conflicting	darwin01:darwin01/kernel/kern/thread_swap.c:208:swapin_thread	15.145	15.145	15.145	stack_privilege;swapin_thread_continue	0	3
0x169124	_calloutInitialize	named	unmapped	unknown	single		0.0	0.0	14.739		0	0
0x1691e8	_calloutDeadlineFromInterval	named	unmapped	unknown	single		0.0	0.0	5.829		0	0
0x169208	_calloutDispatch	named	unmapped	unknown	single		0.0	0.0	16.982		1	0
0x1692d8	_calloutDispatchUnique	named	unmapped	unknown	single		0.0	0.0	16.982		1	0
0x1693ec	_calloutDispatchDelayed	named	unmapped	unknown	single		0.0	0.0	36.975		0	0
0x16957c	_calloutRemove	named	unmapped	unknown	single		0.0	0.0	6.881		0	0
0x16966c	_calloutRemoveAll	named	unmapped	unknown	single		0.0	0.0	6.881		0	0
0x169784	_calloutEntryAllocate	named	unmapped	unknown	single		0.0	0.0	3.519		0	0
0x1697c4	_calloutEntryFree	named	unmapped	unknown	single		0.0	0.0	21.644		0	0
0x16982c	_calloutEntryDispatch	named	unmapped	unknown	single		0.0	0.0	6.881		1	0
0x1698b8	_calloutEntryDispatchWithArgument	named	unmapped	unknown	single		0.0	0.0	6.881		1	0
0x169944	_calloutEntryDispatchDelayed	named	unmapped	unknown	single		0.0	0.0	26.874		0	0
0x169a80	_calloutEntryDispatchWithArgumentDelayed	named	unmapped	unknown	single		0.0	0.0	26.874		0	0
0x169bbc	_calloutEntryRemove	named	unmapped	unknown	single		0.0	0.0	6.881		0	0
0x169c64		unnamed	candidate	low	single	darwin01:darwin01/kernel/kern/thread.c:188:stack_alloc_try; mach4:mach4/kernel/kern/thread.c:156:stack_alloc_try	0	0	4.707		0	165
0x169cb0		unnamed	candidate	low	conflicting	darwin01:darwin01/kernel/kern/thread.c:1779:reaper_thread_continue	14.684	14.684	32.881	assert_wait;splsched;thread_block_with_continuation	0	165
0x169e0c		unnamed	candidate	low	conflicting	nextmach:nextmach/mk-108.1/kern/thread.c:2063:reaper_thread	15.623	14.684	20.955	assert_wait;kernel_thread;splsched	0	165
0x169ea0		unnamed	candidate	low	conflicting	nextmach:nextmach/mk-108.1/kern/thread.c:2063:reaper_thread	15.623	14.684	27.632	assert_wait;kernel_thread;splsched	0	165
0x169f44		unnamed	candidate	low	conflicting	darwin01:darwin01/kernel/kern/thread.c:221:stack_alloc; mach4:mach4/kernel/kern/thread.c:189:stack_alloc	6.881	6.881	31.581	splsched;splx	0	165
0x16a140		unnamed	candidate	low	single	darwin01:darwin01/kernel/kern/thread.c:2275:thread_wire; mach4:mach4/kernel/kern/thread.c:2183:thread_wire	6.676	6.676	6.676	stack_privilege	1	165
0x16a158	_kern_timestamp	named	candidate	low	single	darwin01:darwin01/kernel/kern/time_stamp.c:57:kern_timestamp	4.498	4.498	18.795	copyout	0	3
0x16a198	_init_timers	named	candidate	low	conflicting	darwin01:darwin01/kernel/kern/timer.c:57:init_timers; nextmach:nextmach/mk-108.1/kern/timer.c:100:init_timers	7.775	7.775	7.775	timer_init	0	3
0x16a1cc	_timer_init	named	candidate	low	single	darwin01:darwin01/kernel/kern/timer.c:78:timer_init; nextmach:nextmach/mk-108.1/kern/timer.c:121:timer_init	0	0	0		0	3
0x16a1f4	_timer_normalize	named	candidate	low	single	darwin01:darwin01/kernel/kern/timer.c:330:timer_normalize; nextmach:nextmach/mk-108.1/kern/timer.c:373:timer_normalize	0	0	0		0	3
0x16a22c	_timer_read	named	candidate	low	identical-bodies	darwin01:darwin01/kernel/kern/timer.c:380:timer_read; nextmach:nextmach/mk-108.1/kern/timer.c:423:timer_read; mach4:mach4/kernel/kern/timer.c:415:timer_read	0	0.0	0		0	3
0x16a280	_thread_read_times	named	candidate	low	identical-bodies	darwin01:darwin01/kernel/kern/timer.c:405:thread_read_times; nextmach:nextmach/mk-108.1/kern/timer.c:448:thread_read_times; mach4:mach4/kernel/kern/timer.c:442:thread_read_times	0	0.0	0		0	3
0x16a30c	_timer_delta	named	candidate	low	identical-bodies	darwin01:darwin01/kernel/kern/timer.c:440:timer_delta; nextmach:nextmach/mk-108.1/kern/timer.c:483:timer_delta; mach4:mach4/kernel/kern/timer.c:511:timer_delta	0	0.0	0		0	3
0x16a360		unnamed	candidate	low	single	darwin01:darwin01/kernel/kern/time_stamp.c:57:kern_timestamp	0	0	0		0	100
0x16a490	_zinit	named	candidate	low	conflicting	darwin01:darwin01/kernel/kern/zalloc.c:616:zinit	22.473	22.473	27.946	panic;zalloc;zget_space;zinit	1	3
0x16a5dc	_zcram	named	candidate	low	conflicting	darwin01:darwin01/kernel/kern/zalloc.c:682:zcram	10.507	10.507	26.223	panic;zcram - memory at zero	0	3
0x16a694	_zone_free_space_add	named	candidate	low	single	darwin01:darwin01/kernel/kern/zalloc.c:713:zone_free_space_add	0	0.0	0		0	1
0x16a7f4	_zone_collect	named	candidate	low	single	darwin01:darwin01/kernel/kern/zalloc.c:886:zone_collect	0	0.0	0		0	1
0x16ab34	_zone_free_space_reclaim	named	candidate	low	single	darwin01:darwin01/kernel/kern/zalloc.c:999:zone_free_space_reclaim	0	0.0	5.333		0	1
0x16ada4	_zget_space	named	candidate	low	single	darwin01:darwin01/kernel/kern/zalloc.c:1129:zget_space	21.576	5.333	21.576	kmem_alloc_zone;kmem_free;zone_free_space_add	1	3
0x16af6c		unnamed	candidate	low	single	darwin01:darwin01/kernel/kernserv/kern_server.c:156:kern_server_main; nextmach:nextmach/mk-108.1/kernserv/kern_server.c:128:kern_server_main	0	0	0		0	155
0x16afc8	_zone_bootstrap	named	candidate	low	conflicting	darwin01:darwin01/kernel/kern/zalloc.c:1344:zone_bootstrap	11.2	8.468	35.425	panic;zones	1	3
0x16b338	_zone_init	named	candidate	low	single	darwin01:darwin01/kernel/kern/zalloc.c:1389:zone_init	6.522	6.522	6.522	kmem_suballoc	0	3
0x16b364		unnamed	candidate	medium	single	darwin01:darwin01/kernel/kern/zalloc.c:1402:zalloc_canblock	55.713	50.38	83.911	assert_wait;kmem_alloc_pageable;panic;printf;thread_block_with_continuation;zalloc;zalloc: null zone;zget_space;zone "%s" empty.\n	0	155
0x16b790	_zalloc	named	candidate	low	single	darwin01:darwin01/kernel/kern/zalloc.c:1501:zalloc	0	0	0		1	3
0x16b7a4	_zalloc_noblock	named	candidate	low	single	darwin01:darwin01/kernel/kern/zalloc.c:1507:zalloc_noblock	0	0.0	0		1	1
0x16b7b8	_zget	named	candidate	low	conflicting	darwin01:darwin01/kernel/kern/zalloc.c:1521:zget	10.507	10.507	26.223	panic;zalloc: null zone	0	3
0x16b84c	_zfree	named	candidate	low	conflicting	darwin01:darwin01/kernel/kern/zalloc.c:1538:zfree	11.2	11.2	26.916	panic;zfree	0	3
0x16b904	_zcollectable	named	candidate	low	single	darwin01:darwin01/kernel/kern/zalloc.c:1558:zcollectable	0	0.0	0		0	1
0x16b90c	_zchange	named	candidate	low	single	darwin01:darwin01/kernel/kern/zalloc.c:1565:zchange	0	0	5.472		0	2
0x16b970	_zone_gc	named	candidate	medium	single	mach4:mach4/kernel/kern/zalloc.c:713:zone_gc	7.356	0.0	31.959	splhigh;splx	0	1
0x16ba88	_consider_zone_gc	named	candidate	medium	single	mach4:mach4/kernel/kern/zalloc.c:822:consider_zone_gc	7.775	0.0	7.775	zone_gc	0	1
0x16bad0	_zone_reclaim	named	unmapped	unknown	single		0.0	0.0	7.775		0	0
0x16baf8	_host_zone_info	named	candidate	medium	single	darwin01:darwin01/kernel/kern/zalloc.c:1583:host_zone_info	27.033	21.049	42.748	bzero;kmem_alloc_pageable;kmem_free;strncpy;vm_move	0	3
0x16be1c	_host_zone_free_space_info	named	candidate	medium	single	darwin01:darwin01/kernel/kern/zalloc.c:1738:host_zone_free_space_info	23.87	0.0	23.87	kmem_alloc_pageable;kmem_free;vm_map_pageable;vm_move	0	1
0x16c1c4	_kern_server_main	named	candidate	low	identical-bodies	darwin01:darwin01/kernel/kernserv/kern_server.c:156:kern_server_main; nextmach:nextmach/mk-108.1/kernserv/kern_server.c:128:kern_server_main	0	0.0	203.829		1	2
0x16c758		unnamed	candidate	low	conflicting	darwin01:darwin01/kernel/kernserv/kern_server.c:167:kern_server_main2	12.778	12.778	12.778	kalloc;kfree;msg_send	0	159
0x16c8d4	_kern_serv_port_gone	named	candidate	low	identical-bodies	darwin01:darwin01/kernel/kernserv/kern_server.c:557:kern_serv_port_gone; nextmach:nextmach/mk-108.1/kernserv/kern_server.c:533:kern_serv_port_gone	0	0.0	0		0	2
0x16c930	_kern_serv_instance_loc	named	candidate	low	identical-bodies	darwin01:darwin01/kernel/kernserv/kern_server.c:588:kern_serv_instance_loc; nextmach:nextmach/mk-108.1/kernserv/kern_server.c:564:kern_serv_instance_loc	0	0.0	0		0	2
0x16c944	_kern_serv_version	named	candidate	low	identical-bodies	darwin01:darwin01/kernel/kernserv/kern_server.c:604:kern_serv_version; nextmach:nextmach/mk-108.1/kernserv/kern_server.c:580:kern_serv_version	0	0.0	0		0	2
0x16c96c	_kern_serv_load_objc	named	candidate	medium	single	darwin01:darwin01/kernel/kernserv/kern_server.c:616:kern_serv_load_objc	7.775	0.0	7.775	objc_registerModule	0	1
0x16c98c	_kern_serv_boot_port	named	candidate	low	identical-bodies	darwin01:darwin01/kernel/kernserv/kern_server.c:631:kern_serv_boot_port; nextmach:nextmach/mk-108.1/kernserv/kern_server.c:593:kern_serv_boot_port	0	0.0	0		0	2
0x16c9a0	_kern_serv_notify	named	candidate	low	conflicting	darwin01:darwin01/kernel/kernserv/kern_server.c:645:kern_serv_notify	18.259	18.259	18.259	get_kern_port;kalloc;port_request_notification	0	3
0x16ca8c	_kern_serv_wire_range	named	candidate	low	single	darwin01:darwin01/kernel/kernserv/kern_server.c:699:kern_serv_wire_range	5.696	5.696	5.696	vm_map_pageable	0	2
0x16cabc	_kern_serv_unwire_range	named	candidate	low	single	darwin01:darwin01/kernel/kernserv/kern_server.c:716:kern_serv_unwire_range	5.696	5.696	5.696	vm_map_pageable	0	2
0x16caec	_kern_serv_port_proc	named	candidate	low	single	darwin01:darwin01/kernel/kernserv/kern_server.c:738:kern_serv_port_proc	0	0	6.676		0	2
0x16cb9c	_kern_serv_port_serv	named	candidate	low	single	darwin01:darwin01/kernel/kernserv/kern_server.c:781:kern_serv_port_serv	0	0	6.676		0	2
0x16cc4c	_kern_serv_port_death_proc	named	candidate	low	identical-bodies	darwin01:darwin01/kernel/kernserv/kern_server.c:819:kern_serv_port_death_proc; nextmach:nextmach/mk-108.1/kernserv/kern_server.c:781:kern_serv_port_death_proc	0	0.0	0		0	2
0x16cc64	_kern_serv_call_proc	named	candidate	low	identical-bodies	darwin01:darwin01/kernel/kernserv/kern_server.c:829:kern_serv_call_proc; nextmach:nextmach/mk-108.1/kernserv/kern_server.c:791:kern_serv_call_proc	0	0.0	0		0	2
0x16cc88	_kern_serv_shutdown	named	candidate	low	single	darwin01:darwin01/kernel/kernserv/kern_server.c:846:kern_serv_shutdown	24.468	16.0	38.313	kfree;objc_unregisterModule;thread_halt_self;thread_terminate	1	2
0x16cd58	_kern_serv_log_level	named	candidate	low	identical-bodies	darwin01:darwin01/kernel/kernserv/kern_server.c:909:kern_serv_log_level; nextmach:nextmach/mk-108.1/kernserv/kern_server.c:863:kern_serv_log_level	0	0.0	0		2	2
0x16cd9c	_kern_serv_get_log	named	candidate	low	conflicting	darwin01:darwin01/kernel/kernserv/kern_server.c:931:kern_serv_get_log	15.131	15.131	34.959	kern_serv_log_data;splhigh;splx	0	2
0x16ce6c	_kern_serv_log	named	candidate	medium	identical-bodies	darwin01:darwin01/kernel/kernserv/kern_server.c:976:kern_serv_log; nextmach:nextmach/mk-108.1/kernserv/kern_server.c:930:kern_serv_log	15.824	0.0	24.292	kern_serv_callout;splhigh;splx	0	2
0x16cf28		unnamed	candidate	low	conflicting	darwin01:darwin01/kernel/kernserv/kern_server.c:931:kern_serv_get_log	15.131	15.131	34.959	kern_serv_log_data;splhigh;splx	0	159
0x16d004		unnamed	candidate	low	conflicting	darwin01:darwin01/kernel/kernserv/kern_server.c:1068:kern_serv_log_init	15.406	15.406	15.406	kalloc;kern_serv_log_init: log 0x%x l;printf	0	159
0x16d054		unnamed	candidate	low	single	darwin01:darwin01/kernel/kernserv/kern_server.c:167:kern_server_main2	3.563	3.563	3.563	kfree	0	159
0x16d090	_kern_serv_callout	named	candidate	low	conflicting	darwin01:darwin01/kernel/kernserv/kern_server.c:1091:kern_serv_callout	19.91	19.91	27.28	curipl;splhigh;splx;task_self	0	2
0x16d164		unnamed	candidate	medium	single	darwin01:darwin01/kernel/kernserv/kern_server.c:1143:kern_serv_interrupt_server	8.468	0	8.468	send_notification	0	159
0x16d17c	_kern_serv_local_port	named	candidate	low	identical-bodies	darwin01:darwin01/kernel/kernserv/kern_server.c:1155:kern_serv_local_port; nextmach:nextmach/mk-108.1/kernserv/kern_server.c:1104:kern_serv_local_port	0	0.0	0		0	2
0x16d18c	_kern_serv_bootstrap_port	named	candidate	low	identical-bodies	darwin01:darwin01/kernel/kernserv/kern_server.c:1160:kern_serv_bootstrap_port; nextmach:nextmach/mk-108.1/kernserv/kern_server.c:1109:kern_serv_bootstrap_port	0	0.0	0		0	2
0x16d19c	_kern_serv_notify_port	named	candidate	low	identical-bodies	darwin01:darwin01/kernel/kernserv/kern_server.c:1165:kern_serv_notify_port; nextmach:nextmach/mk-108.1/kernserv/kern_server.c:1114:kern_serv_notify_port	0	0.0	0		0	2
0x16d1ac	_kern_serv_port_set	named	candidate	low	identical-bodies	darwin01:darwin01/kernel/kernserv/kern_server.c:1170:kern_serv_port_set; nextmach:nextmach/mk-108.1/kernserv/kern_server.c:1119:kern_serv_port_set	0	0.0	0		0	2
0x16d1bc	_kern_serv_kernel_task_port	named	candidate	medium	single	darwin01:darwin01/kernel/kernserv/kern_server.c:1176:kern_serv_kernel_task_port	20.576	0.0	20.576	convert_task_to_port;object_copyout;task_reference	0	1
0x16d20c	_notify_server_loop	named	candidate	low	conflicting	darwin01:darwin01/kernel/kernserv/kern_notify.c:137:notify_server_loop	101.977	101.977	101.977	get_kern_port;kalloc;msg_receive;notify_server_loop: BOGUS msg_;notify_server_loop: msg_receiv;port_allocate;port_allocate;port_set_add;port_set_add;port_set_allocate;port_set_allocate;printf;task_set_special_port;task_set_special_port	8	2
0x16d3c8		unnamed	candidate	low	conflicting	nextmach:nextmach/mk-108.1/kern/ipc_notify.c:120:notify_server_loop	23.086	23.086	23.086	notification server;notification server: %s: krtn ;panic;printf	0	116
0x16d3ec		unnamed	candidate	low	conflicting	nextmach:nextmach/mk-108.1/kern/ipc_notify.c:120:notify_server_loop	6.938	6.938	15.406	kalloc;printf	0	116
0x16d454		unnamed	candidate	medium	single	nextmach:nextmach/mk-108.1/kern/ipc_notify.c:237:pn_notify; darwin01:darwin01/kernel/kernserv/kern_notify.c:249:pn_notify	26.05	12.677	38.082	msg_send;pn_notify: PORT NOT FOUND\n;pn_notify: msg_id = %d, unreco;printf	0	116
0x16d554	_port_request_notification	named	unmapped	unknown	single		0.0	0.0	17.716		0	0
0x16d5b4	_pnotify_start	named	candidate	medium	single	darwin01:darwin01/kernel/kernserv/kern_notify.c:337:pnotify_start	36.322	26.515	36.322	task_create;task_deallocate;thread_create;thread_deallocate;thread_resume;thread_start	0	2
0x16d60c	_get_kern_port	named	candidate	low	single	darwin01:darwin01/kernel/kernserv/kern_notify.c:358:get_kern_port	6.389	6.389	6.389	object_copyin	0	2
0x16d650	_kern_serv_handler	named	candidate	low	single	nextmach:nextmach/mk-108.1/kernserv/kern_server_handler.c:169:kern_serv_handler	5.696	0.0	5.696	msg_send	0	1
0x16d6ec		unnamed	candidate	low	single	darwin01:darwin01/kernel/ipc/ipc_notify.c:141:ipc_notify_init_port_deleted	0	0	0		0	61
0x16d75c		unnamed	candidate	low	single	darwin01:darwin01/kernel/ipc/ipc_notify.c:141:ipc_notify_init_port_deleted	0	0	0		0	61
0x16d7c8		unnamed	candidate	low	single	darwin01:darwin01/kernel/ipc/ipc_notify.c:141:ipc_notify_init_port_deleted	0	0	0		0	61
0x16d84c		unnamed	candidate	low	single	darwin01:darwin01/kernel/ipc/ipc_notify.c:141:ipc_notify_init_port_deleted	0	0	0		0	61
0x16d8d0		unnamed	candidate	low	single	darwin01:darwin01/kernel/ipc/ipc_notify.c:141:ipc_notify_init_port_deleted	0	0	0		0	61
0x16d960		unnamed	candidate	low	single	darwin01:darwin01/kernel/ipc/ipc_notify.c:141:ipc_notify_init_port_deleted	0	0	0		0	61
0x16d9b8		unnamed	candidate	low	single	darwin01:darwin01/kernel/ipc/ipc_notify.c:141:ipc_notify_init_port_deleted	0	0	0		0	61
0x16da3c		unnamed	candidate	low	single	darwin01:darwin01/kernel/ipc/ipc_notify.c:141:ipc_notify_init_port_deleted	0	0	0		0	61
0x16da88		unnamed	candidate	low	single	darwin01:darwin01/kernel/ipc/ipc_notify.c:141:ipc_notify_init_port_deleted	0	0	0		0	61
0x16dae0		unnamed	candidate	low	single	darwin01:darwin01/kernel/ipc/ipc_notify.c:141:ipc_notify_init_port_deleted	0	0	0		0	61
0x16db38		unnamed	candidate	low	single	darwin01:darwin01/kernel/ipc/ipc_notify.c:141:ipc_notify_init_port_deleted	0	0	0		0	61
0x16dbc8		unnamed	candidate	low	single	darwin01:darwin01/kernel/ipc/ipc_notify.c:141:ipc_notify_init_port_deleted	0	0	0		0	61
0x16dc38		unnamed	candidate	low	single	darwin01:darwin01/kernel/ipc/ipc_notify.c:141:ipc_notify_init_port_deleted	0	0	0		0	61
0x16dca8	_kern_serv_panic	named	candidate	low	single	nextmach:nextmach/kernload-23/libkernload/kern_server_reply_handler.c:19:kern_serv_panic	0	0.0	22.336		0	1
0x16ddb0	_kern_serv_section_by_name	named	candidate	low	single	nextmach:nextmach/kernload-23/libkernload/kern_server_reply_handler.c:32:kern_serv_section_by_name	0	0.0	22.336		0	1
0x16dec0	_kern_serv_log_data	named	candidate	low	single	nextmach:nextmach/kernload-23/libkernload/kern_server_reply_handler.c:48:kern_serv_log_data	0	0.0	5.696		0	1
0x16df30	_exc_server	named	unmapped	unknown	single		0.0	0.0	0		1	0
0x16df98		unnamed	candidate	low	single	nextmach:nextmach/mk-108.1/kernserv/kern_server_handler.c:19:ks_instance_loc	0	0	8.468		0	25
0x16e030	_mach_host_server	named	unmapped	unknown	single		0.0	0.0	0		0	0
0x16e0a8	_mach_host_server_routine	named	unmapped	unknown	single		0.0	0.0	0		0	0
0x16e0d0		unnamed	candidate	low	single	nextmach:nextmach/mk-108.1/kernserv/kern_server_handler.c:19:ks_instance_loc	0	0	15.145		0	25
0x16e14c		unnamed	candidate	low	single	nextmach:nextmach/mk-108.1/kernserv/kern_server_handler.c:19:ks_instance_loc	0	0	13.758		0	25
0x16e1dc		unnamed	candidate	low	single	nextmach:nextmach/mk-108.1/kernserv/kern_server_handler.c:19:ks_instance_loc	0	0	22.92		0	25
0x16e294		unnamed	candidate	low	single	nextmach:nextmach/mk-108.1/kernserv/kern_server_handler.c:19:ks_instance_loc	0	0	15.145		0	25
0x16e2d0		unnamed	candidate	low	single	nextmach:nextmach/mk-108.1/kernserv/kern_server_handler.c:19:ks_instance_loc	0	0	15.145		0	25
0x16e30c		unnamed	candidate	low	single	nextmach:nextmach/mk-108.1/kernserv/kern_server_handler.c:19:ks_instance_loc	0	0	15.145		0	25
0x16e374		unnamed	candidate	low	single	nextmach:nextmach/mk-108.1/kernserv/kern_server_handler.c:19:ks_instance_loc	0	0	20.435		0	25
0x16e3e4		unnamed	candidate	low	single	nextmach:nextmach/mk-108.1/kernserv/kern_server_handler.c:19:ks_instance_loc	0	0	28.21		0	25
0x16e46c		unnamed	candidate	low	single	nextmach:nextmach/mk-108.1/kernserv/kern_server_handler.c:19:ks_instance_loc	0	0	19.464		0	25
0x16e4b0		unnamed	candidate	low	single	nextmach:nextmach/mk-108.1/kernserv/kern_server_handler.c:19:ks_instance_loc	0	0	29.137		0	25
0x16e570		unnamed	candidate	low	single	nextmach:nextmach/mk-108.1/kernserv/kern_server_handler.c:19:ks_instance_loc	0	0	32.044		0	25
0x16e5fc		unnamed	candidate	low	single	nextmach:nextmach/mk-108.1/kernserv/kern_server_handler.c:19:ks_instance_loc	0	0	21.821		0	25
0x16e66c		unnamed	candidate	low	conflicting	darwin01:darwin01/kernel/uxkern/ux_exception.c:162:catch_exception_raise	10.021	10.021	35.388	convert_port_to_thread;thread_deallocate	0	25
0x16e6f4		unnamed	candidate	low	conflicting	darwin01:darwin01/kernel/uxkern/ux_exception.c:162:catch_exception_raise	10.021	10.021	18.489	convert_port_to_thread;thread_deallocate	0	25
0x16e738		unnamed	candidate	low	conflicting	darwin01:darwin01/kernel/uxkern/ux_exception.c:162:catch_exception_raise	10.021	10.021	25.165	convert_port_to_thread;thread_deallocate	0	25
0x16e7b0		unnamed	candidate	medium	single	nextmach:nextmach/mk-108.1/uxkern/ux_exception.c:188:catch_exception_raise	10.734	0	36.102	convert_port_to_task;task_deallocate	0	25
0x16e848		unnamed	candidate	medium	single	nextmach:nextmach/mk-108.1/uxkern/ux_exception.c:188:catch_exception_raise	10.734	0	19.202	convert_port_to_task;task_deallocate	0	25
0x16e89c		unnamed	candidate	medium	single	nextmach:nextmach/mk-108.1/uxkern/ux_exception.c:188:catch_exception_raise	10.734	0	25.879	convert_port_to_task;task_deallocate	0	25
0x16e914		unnamed	candidate	low	single	nextmach:nextmach/mk-108.1/kernserv/kern_server_handler.c:19:ks_instance_loc	0	0	13.758		0	25
0x16e97c		unnamed	candidate	low	conflicting	darwin01:darwin01/kernel/uxkern/ux_exception.c:162:catch_exception_raise	10.021	10.021	16.697	convert_port_to_thread;thread_deallocate	0	25
0x16e9dc		unnamed	candidate	low	conflicting	darwin01:darwin01/kernel/uxkern/ux_exception.c:162:catch_exception_raise	10.021	10.021	34.002	convert_port_to_thread;thread_deallocate	0	25
0x16ea74		unnamed	candidate	medium	single	nextmach:nextmach/mk-108.1/uxkern/ux_exception.c:188:catch_exception_raise	10.734	0	18.509	convert_port_to_task;task_deallocate	0	25
0x16ead4		unnamed	candidate	low	single	nextmach:nextmach/mk-108.1/kernserv/kern_server_handler.c:19:ks_instance_loc	0	0	20.158		0	25
0x16eb34		unnamed	candidate	low	conflicting	darwin01:darwin01/kernel/uxkern/ux_exception.c:162:catch_exception_raise	10.021	10.021	17.39	convert_port_to_thread;thread_deallocate	0	25
0x16eb94		unnamed	candidate	low	single	nextmach:nextmach/mk-108.1/kernserv/kern_server_handler.c:19:ks_instance_loc	0	0	19.464		0	25
0x16ebe8		unnamed	candidate	low	single	nextmach:nextmach/mk-108.1/kernserv/kern_server_handler.c:19:ks_instance_loc	0	0	20.158		0	25
0x16ec48		unnamed	candidate	low	single	nextmach:nextmach/mk-108.1/kernserv/kern_server_handler.c:19:ks_instance_loc	0	0	20.158		0	25
0x16eccc		unnamed	candidate	low	single	nextmach:nextmach/mk-108.1/kernserv/kern_server_handler.c:19:ks_instance_loc	0	0	20.158		0	25
0x16ed50		unnamed	candidate	low	single	nextmach:nextmach/mk-108.1/kernserv/kern_server_handler.c:19:ks_instance_loc	0	0	13.758		0	25
0x16edcc		unnamed	candidate	low	single	nextmach:nextmach/mk-108.1/kernserv/kern_server_handler.c:19:ks_instance_loc	0	0	41.023		0	25
0x16ee78		unnamed	candidate	low	conflicting	darwin01:darwin01/kernel/uxkern/ux_exception.c:162:catch_exception_raise	10.021	10.021	16.697	convert_port_to_thread;thread_deallocate	0	25
0x16eebc		unnamed	candidate	low	single	nextmach:nextmach/mk-108.1/kernserv/kern_server_handler.c:19:ks_instance_loc	0	0	14.046		0	25
0x16ef0c		unnamed	candidate	low	single	nextmach:nextmach/mk-108.1/kernserv/kern_server_handler.c:19:ks_instance_loc	0	0	14.452		0	25
0x16ef74		unnamed	candidate	low	single	nextmach:nextmach/mk-108.1/kernserv/kern_server_handler.c:19:ks_instance_loc	0	0	13.758		0	25
0x16efc8	_mach_port_server	named	unmapped	unknown	single		0.0	0.0	8.468		0	0
0x16f040	_mach_port_server_routine	named	unmapped	unknown	single		0.0	0.0	0		0	0
0x16f068		unnamed	candidate	low	single	nextmach:nextmach/mk-108.1/kernserv/kern_server_handler.c:19:ks_instance_loc	0	0	17.384		0	25
0x16f118		unnamed	candidate	low	single	nextmach:nextmach/mk-108.1/kernserv/kern_server_handler.c:19:ks_instance_loc	0	0	18.078		0	25
0x16f188		unnamed	candidate	low	single	nextmach:nextmach/mk-108.1/kernserv/kern_server_handler.c:19:ks_instance_loc	0	0	18.078		0	25
0x16f1e8		unnamed	candidate	low	single	nextmach:nextmach/mk-108.1/kernserv/kern_server_handler.c:19:ks_instance_loc	0	0	18.078		0	25
0x16f248		unnamed	candidate	low	single	nextmach:nextmach/mk-108.1/kernserv/kern_server_handler.c:19:ks_instance_loc	0	0	18.078		0	25
0x16f2b8		unnamed	candidate	low	single	nextmach:nextmach/mk-108.1/kernserv/kern_server_handler.c:19:ks_instance_loc	0	0	18.078		0	25
0x16f30c		unnamed	candidate	low	single	nextmach:nextmach/mk-108.1/kernserv/kern_server_handler.c:19:ks_instance_loc	0	0	18.078		0	25
0x16f360		unnamed	candidate	low	single	nextmach:nextmach/mk-108.1/kernserv/kern_server_handler.c:19:ks_instance_loc	0	0	18.078		0	25
0x16f3dc		unnamed	candidate	low	single	nextmach:nextmach/mk-108.1/kernserv/kern_server_handler.c:19:ks_instance_loc	0	0	18.078		0	25
0x16f44c		unnamed	candidate	low	single	nextmach:nextmach/mk-108.1/kernserv/kern_server_handler.c:19:ks_instance_loc	0	0	18.078		0	25
0x16f4bc		unnamed	candidate	low	single	nextmach:nextmach/mk-108.1/kernserv/kern_server_handler.c:19:ks_instance_loc	0	0	18.078		0	25
0x16f51c		unnamed	candidate	low	single	nextmach:nextmach/mk-108.1/kernserv/kern_server_handler.c:19:ks_instance_loc	0	0	18.078		0	25
0x16f57c		unnamed	candidate	low	single	nextmach:nextmach/mk-108.1/kernserv/kern_server_handler.c:19:ks_instance_loc	0	0	17.384		0	25
0x16f610		unnamed	candidate	low	single	nextmach:nextmach/mk-108.1/kernserv/kern_server_handler.c:19:ks_instance_loc	0	0	18.078		0	25
0x16f670		unnamed	candidate	low	single	nextmach:nextmach/mk-108.1/kernserv/kern_server_handler.c:19:ks_instance_loc	0	0	18.078		0	25
0x16f714		unnamed	candidate	low	single	nextmach:nextmach/mk-108.1/kernserv/kern_server_handler.c:19:ks_instance_loc	0	0	18.078		0	25
0x16f7a8		unnamed	candidate	low	single	nextmach:nextmach/mk-108.1/kernserv/kern_server_handler.c:19:ks_instance_loc	0	0	24.6		0	25
0x16f880		unnamed	candidate	low	single	nextmach:nextmach/mk-108.1/kernserv/kern_server_handler.c:19:ks_instance_loc	0	0	17.384		0	25
0x16f8f0		unnamed	candidate	low	single	nextmach:nextmach/mk-108.1/kernserv/kern_server_handler.c:19:ks_instance_loc	0	0	18.078		0	25
0x16f950	_mach_server	named	unmapped	unknown	single		0.0	0.0	8.468		0	0
0x16f9c8	_mach_server_routine	named	unmapped	unknown	single		0.0	0.0	0		0	0
0x16f9f0		unnamed	candidate	medium	single	nextmach:nextmach/mk-108.1/uxkern/ux_exception.c:188:catch_exception_raise	10.734	0	24.115	convert_port_to_task;task_deallocate	0	25
0x16fa78		unnamed	candidate	medium	single	nextmach:nextmach/mk-108.1/uxkern/ux_exception.c:188:catch_exception_raise	10.734	0	17.593	convert_port_to_task;task_deallocate	0	25
0x16fabc		unnamed	candidate	medium	single	nextmach:nextmach/mk-108.1/uxkern/ux_exception.c:188:catch_exception_raise	10.734	0	19.202	convert_port_to_task;task_deallocate	0	25
0x16fb40		unnamed	candidate	low	conflicting	darwin01:darwin01/kernel/uxkern/ux_exception.c:162:catch_exception_raise	10.021	10.021	16.292	convert_port_to_thread;thread_deallocate	0	25
0x16fb84		unnamed	candidate	low	single	nextmach:nextmach/mk-108.1/kernserv/kern_server_handler.c:19:ks_instance_loc	0	0	16.985		0	25
0x16fc10		unnamed	candidate	low	single	nextmach:nextmach/mk-108.1/kernserv/kern_server_handler.c:19:ks_instance_loc	0	0	16.579		0	25
0x16fc70		unnamed	candidate	low	single	nextmach:nextmach/mk-108.1/kernserv/kern_server_handler.c:19:ks_instance_loc	0	0	18.083		0	25
0x16fcec		unnamed	candidate	low	single	nextmach:nextmach/mk-108.1/kernserv/kern_server_handler.c:19:ks_instance_loc	0	0	18.777		0	25
0x16fd5c		unnamed	candidate	low	single	nextmach:nextmach/mk-108.1/kernserv/kern_server_handler.c:19:ks_instance_loc	0	0	19.47		0	25
0x16fdfc		unnamed	candidate	low	single	nextmach:nextmach/mk-108.1/kernserv/kern_server_handler.c:19:ks_instance_loc	0	0	19.47		0	25
0x16fe68		unnamed	candidate	low	single	nextmach:nextmach/mk-108.1/kernserv/kern_server_handler.c:19:ks_instance_loc	0	0	19.47		0	25
0x16fed8		unnamed	candidate	low	single	nextmach:nextmach/mk-108.1/kernserv/kern_server_handler.c:19:ks_instance_loc	0	0	18.777		0	25
0x16ffb0		unnamed	candidate	low	single	nextmach:nextmach/mk-108.1/kernserv/kern_server_handler.c:19:ks_instance_loc	0	0	19.47		0	25
0x170010		unnamed	candidate	medium	single	nextmach:nextmach/mk-108.1/uxkern/ux_exception.c:188:catch_exception_raise	10.734	0	26.061	convert_port_to_task;task_deallocate	0	25
0x170098		unnamed	candidate	medium	single	nextmach:nextmach/mk-108.1/uxkern/ux_exception.c:188:catch_exception_raise	10.734	0	19.202	convert_port_to_task;task_deallocate	0	25
0x1700f8		unnamed	candidate	low	single	nextmach:nextmach/mk-108.1/kernserv/kern_server_handler.c:19:ks_instance_loc	0	0	8.468		0	25
0x170184		unnamed	candidate	low	single	nextmach:nextmach/mk-108.1/kernserv/kern_server_handler.c:19:ks_instance_loc	0	0	7.775		0	25
0x1701cc		unnamed	candidate	low	single	nextmach:nextmach/mk-108.1/kernserv/kern_server_handler.c:19:ks_instance_loc	0	0	8.468		0	25
0x170218		unnamed	candidate	medium	single	nextmach:nextmach/mk-108.1/uxkern/ux_exception.c:188:catch_exception_raise	10.734	0	19.202	convert_port_to_task;task_deallocate	0	25
0x170288		unnamed	candidate	medium	single	nextmach:nextmach/mk-108.1/uxkern/ux_exception.c:188:catch_exception_raise	10.734	0	19.202	convert_port_to_task;task_deallocate	0	25
0x1702e8		unnamed	candidate	medium	single	nextmach:nextmach/mk-108.1/uxkern/ux_exception.c:188:catch_exception_raise	10.734	0	18.509	convert_port_to_task;task_deallocate	0	25
0x17032c		unnamed	candidate	medium	single	nextmach:nextmach/mk-108.1/uxkern/ux_exception.c:188:catch_exception_raise	10.734	0	18.103	convert_port_to_task;task_deallocate	0	25
0x170370		unnamed	candidate	medium	single	nextmach:nextmach/mk-108.1/uxkern/ux_exception.c:188:catch_exception_raise	10.734	0	18.509	convert_port_to_task;task_deallocate	0	25
0x1703e4		unnamed	candidate	medium	single	nextmach:nextmach/mk-108.1/uxkern/ux_exception.c:188:catch_exception_raise	10.734	0	18.103	convert_port_to_task;task_deallocate	0	25
0x17044c		unnamed	candidate	medium	single	nextmach:nextmach/mk-108.1/uxkern/ux_exception.c:188:catch_exception_raise	10.734	0	19.202	convert_port_to_task;task_deallocate	0	25
0x1704ec		unnamed	candidate	medium	single	nextmach:nextmach/mk-108.1/uxkern/ux_exception.c:188:catch_exception_raise	10.734	0	24.626	convert_port_to_task;task_deallocate	0	25
0x170564		unnamed	candidate	low	conflicting	darwin01:darwin01/kernel/uxkern/ux_exception.c:162:catch_exception_raise	10.021	10.021	17.796	convert_port_to_thread;thread_deallocate	0	25
0x1705a8		unnamed	candidate	low	conflicting	darwin01:darwin01/kernel/uxkern/ux_exception.c:162:catch_exception_raise	10.021	10.021	16.409	convert_port_to_thread;thread_deallocate	0	25
0x1705ec		unnamed	candidate	low	conflicting	darwin01:darwin01/kernel/uxkern/ux_exception.c:162:catch_exception_raise	10.021	10.021	18.489	convert_port_to_thread;thread_deallocate	0	25
0x170630		unnamed	candidate	low	conflicting	darwin01:darwin01/kernel/uxkern/ux_exception.c:162:catch_exception_raise	10.021	10.021	18.489	convert_port_to_thread;thread_deallocate	0	25
0x1706d0		unnamed	candidate	low	conflicting	darwin01:darwin01/kernel/uxkern/ux_exception.c:162:catch_exception_raise	10.021	10.021	18.489	convert_port_to_thread;thread_deallocate	0	25
0x170750		unnamed	candidate	low	conflicting	darwin01:darwin01/kernel/uxkern/ux_exception.c:162:catch_exception_raise	10.021	10.021	18.489	convert_port_to_thread;thread_deallocate	0	25
0x1707c4		unnamed	candidate	low	conflicting	darwin01:darwin01/kernel/uxkern/ux_exception.c:162:catch_exception_raise	10.021	10.021	18.489	convert_port_to_thread;thread_deallocate	0	25
0x17082c		unnamed	candidate	low	conflicting	darwin01:darwin01/kernel/uxkern/ux_exception.c:162:catch_exception_raise	10.021	10.021	18.489	convert_port_to_thread;thread_deallocate	0	25
0x1708cc		unnamed	candidate	low	single	nextmach:nextmach/mk-108.1/kernserv/kern_server_handler.c:19:ks_instance_loc	0	0	18.078		0	25
0x17097c		unnamed	candidate	low	single	nextmach:nextmach/mk-108.1/kernserv/kern_server_handler.c:19:ks_instance_loc	0	0	18.078		0	25
0x1709ec		unnamed	candidate	low	single	nextmach:nextmach/mk-108.1/kernserv/kern_server_handler.c:19:ks_instance_loc	0	0	18.078		0	25
0x170a4c		unnamed	candidate	low	conflicting	darwin01:darwin01/kernel/uxkern/ux_exception.c:71:ux_handler	7.775	7.775	17.384	port_allocate	0	25
0x170aac		unnamed	candidate	low	conflicting	darwin01:darwin01/kernel/uxkern/ux_exception.c:71:ux_handler	8.468	8.468	18.078	port_deallocate	0	25
0x170b00		unnamed	candidate	low	single	nextmach:nextmach/mk-108.1/kernserv/kern_server_handler.c:19:ks_instance_loc	0	0	18.078		0	25
0x170b60		unnamed	candidate	low	single	nextmach:nextmach/mk-108.1/kernserv/kern_server_handler.c:19:ks_instance_loc	0	0	18.078		0	25
0x170c08		unnamed	candidate	low	conflicting	darwin01:darwin01/kernel/uxkern/ux_exception.c:71:ux_handler	7.775	7.775	17.384	port_set_allocate	0	25
0x170c68		unnamed	candidate	low	single	nextmach:nextmach/mk-108.1/kernserv/kern_server_handler.c:19:ks_instance_loc	0	0	18.078		0	25
0x170cbc		unnamed	candidate	low	conflicting	darwin01:darwin01/kernel/uxkern/ux_exception.c:71:ux_handler	7.775	7.775	17.384	port_set_add	0	25
0x170d1c		unnamed	candidate	low	single	nextmach:nextmach/mk-108.1/kernserv/kern_server_handler.c:19:ks_instance_loc	0	0	18.078		0	25
0x170d70		unnamed	candidate	low	single	nextmach:nextmach/mk-108.1/kernserv/kern_server_handler.c:19:ks_instance_loc	0	0	18.078		0	25
0x170e04		unnamed	candidate	low	single	nextmach:nextmach/mk-108.1/kernserv/kern_server_handler.c:19:ks_instance_loc	0	0	18.078		0	25
0x170e6c		unnamed	candidate	low	single	nextmach:nextmach/mk-108.1/kernserv/kern_server_handler.c:19:ks_instance_loc	0	0	18.078		0	25
0x170ee0		unnamed	candidate	low	single	nextmach:nextmach/mk-108.1/kernserv/kern_server_handler.c:19:ks_instance_loc	0	0	18.078		0	25
0x170f48		unnamed	candidate	low	single	nextmach:nextmach/mk-108.1/kernserv/kern_server_handler.c:19:ks_instance_loc	0	0	24.6		0	25
0x170fe8		unnamed	candidate	low	single	nextmach:nextmach/mk-108.1/kernserv/kern_server_handler.c:19:ks_instance_loc	0	0	18.078		0	25
0x171070		unnamed	candidate	low	single	nextmach:nextmach/mk-108.1/kernserv/kern_server_handler.c:19:ks_instance_loc	0	0	19.47		0	25
0x171108		unnamed	candidate	low	single	nextmach:nextmach/mk-108.1/kernserv/kern_server_handler.c:19:ks_instance_loc	0	0	19.47		0	25
0x171168		unnamed	candidate	low	single	nextmach:nextmach/mk-108.1/kernserv/kern_server_handler.c:19:ks_instance_loc	0	0	19.47		0	25
0x1711d8		unnamed	candidate	low	single	nextmach:nextmach/mk-108.1/kernserv/kern_server_handler.c:19:ks_instance_loc	0	0	19.47		0	25
0x171248		unnamed	candidate	low	single	nextmach:nextmach/mk-108.1/kernserv/kern_server_handler.c:19:ks_instance_loc	0	0	19.924		0	25
0x17141c		unnamed	candidate	low	single	nextmach:nextmach/mk-108.1/kernserv/kern_server_handler.c:19:ks_instance_loc	0	0	19.924		0	25
0x1715f8		unnamed	candidate	low	single	nextmach:nextmach/mk-108.1/kernserv/kern_server_handler.c:19:ks_instance_loc	0	0	24.243		0	25
0x171838	_mach_debug_server	named	unmapped	unknown	single		0.0	0.0	8.468		0	0
0x1718b0	_mach_debug_server_routine	named	unmapped	unknown	single		0.0	0.0	0		0	0
0x1718d8		unnamed	candidate	low	single	nextmach:nextmach/mk-108.1/kernserv/kern_server_handler.c:19:ks_instance_loc	0	0	18.078		0	25
0x171948		unnamed	candidate	low	single	nextmach:nextmach/mk-108.1/kernserv/kern_server_handler.c:19:ks_instance_loc	0	0	13.758		0	25
0x171a24		unnamed	candidate	low	single	nextmach:nextmach/mk-108.1/kernserv/kern_server_handler.c:19:ks_instance_loc	0	0	13.758		0	25
0x171b0c		unnamed	candidate	low	single	nextmach:nextmach/mk-108.1/kernserv/kern_server_handler.c:19:ks_instance_loc	0	0	18.078		0	25
0x171b88		unnamed	candidate	low	single	nextmach:nextmach/mk-108.1/kernserv/kern_server_handler.c:19:ks_instance_loc	0	0	13.758		0	25
0x171c20		unnamed	candidate	low	single	nextmach:nextmach/mk-108.1/kernserv/kern_server_handler.c:19:ks_instance_loc	0	0	21.362		0	25
0x171cb4		unnamed	candidate	low	conflicting	darwin01:darwin01/kernel/uxkern/ux_exception.c:71:ux_handler	77.487	77.487	125.124	exc_server;exception_handler;msg_receive;msg_send;object_copyin;panic;task_self;ux_handler: object_copyin(ux_e;ux_handler: port_allocate fail;ux_handler: port_set_add faile;ux_handler: port_set_allocate 	0	25
0x171e30	_ux_handler_init	named	candidate	medium	single	darwin01:darwin01/kernel/uxkern/ux_exception.c:145:ux_handler_init	20.263	0.0	20.263	kernel_task_create;kernel_thread;thread_sleep	0	1
0x171eb0	_catch_exception_raise	named	candidate	low	single	nextmach:nextmach/mk-108.1/uxkern/ux_exception.c:188:catch_exception_raise	31.4	22.932	37.47	convert_port_to_thread;object_copyin;port_release;thread_deallocate;thread_psignal	1	3
0x171f6c		unnamed	candidate	low	conflicting	darwin01:darwin01/kernel/uxkern/ux_exception.c:232:ux_exception	8.468	8.468	8.468	machine_exception	0	33
0x172038	_vm_fault	named	candidate	low	conflicting	darwin01:darwin01/kernel/vm/vm_fault.c:83:vm_fault	164.135	164.135	186.738	panic;pmap_clear_modify;pmap_enter;pmap_remove_all;thread_block;vm_fault: absent or active or ;vm_fault: active or inactive b;vm_fault: active or inactive b;vm_fault: active or inactive b;vm_map_lookup;vm_map_lookup_done;vm_object_collapse;vm_object_deallocate;vm_page_activate;vm_page_copy;vm_page_d	0	3
0x17358c	_vm_fault_wire	named	candidate	low	conflicting	darwin01:darwin01/kernel/vm/vm_fault.c:1178:vm_fault_wire	23.102	23.102	23.102	pmap_pageable;vm_fault;vm_fault_wire_fast	0	3
0x1735f4	_vm_fault_unwire	named	candidate	medium	single	nextmach:nextmach/mk-108.1/vm/vm_fault.c:1231:vm_fault_unwire	41.895	30.695	48.977	panic;pmap_change_wiring;pmap_extract;pmap_pageable;unwire: page not in pmap;vm_page_unwire	0	3
0x17369c	_vm_fault_copy_entry	named	candidate	low	conflicting	darwin01:darwin01/kernel/vm/vm_fault.c:1264:vm_fault_copy_entry	44.833	44.833	62.146	panic;pmap_enter;vm_fault_copy_wired: page miss;vm_object_allocate;vm_page_activate;vm_page_copy;vm_page_lookup	0	2
0x173898	_vm_fault_wire_fast	named	candidate	low	conflicting	darwin01:darwin01/kernel/vm/vm_fault.c:1378:vm_fault_wire_fast	33.167	33.167	37.875	pmap_enter;vm_object_deallocate;vm_page_lookup;vm_page_unwire;vm_page_wire	0	3
0x173a68	_vm_mem_init	named	candidate	low	conflicting	darwin01:darwin01/kernel/vm/vm_init.c:57:vm_mem_init	76.214	76.214	84.682	kalloc_init;kmem_init;pmap_init;vm_map_init;vm_object_init;vm_page_startup;vm_user_init;zone_bootstrap;zone_init	0	3
0x173ad4	_kmem_alloc	named	candidate	low	single	nextmach:nextmach/mk-108.1/vm/vm_kern.c:115:kmem_alloc	30.53	12.024	50.914	vm_map_delete;vm_map_find;vm_map_insert;vm_map_pageable;vm_object_reference	1	3
0x173c0c	_kmem_realloc	named	candidate	low	conflicting	darwin01:darwin01/kernel/vm/vm_kern.c:163:kmem_realloc	23.962	23.962	39.059	kmem_realloc;panic;vm_map_lookup_entry;vm_object_reference	1	2
0x173d1c	_kmem_alloc_wired	named	candidate	low	single	mach4:mach4/kernel/vm/vm_kern.c:514:kmem_alloc_wired	5.903	0	44.525	vm_object_reference	1	2
0x173e48	_kmem_alloc_pageable	named	candidate	low	single	darwin01:darwin01/kernel/vm/vm_kern.c:256:kmem_alloc_pageable	5.29	5.29	5.29	vm_map_find	0	3
0x173e90	_kmem_free	named	candidate	low	single	darwin01:darwin01/kernel/vm/vm_kern.c:282:kmem_free	6.07	6.07	6.07	vm_map_remove	0	3
0x173ebc		unnamed	candidate	medium	single	darwin01:darwin01/kernel/vm/vm_kern.c:550:kmem_mb_alloc	13.758	6.676	23.989	vm_page_alloc_sequential;vm_page_zero_fill	0	158
0x173fbc	_kmem_suballoc	named	candidate	medium	single	darwin01:darwin01/kernel/vm/vm_kern.c:414:kmem_suballoc	61.844	31.149	61.844	kmem_suballoc 1;kmem_suballoc 2;kmem_suballoc 3;panic;pmap_reference;vm_map_create;vm_map_find;vm_map_submap;vm_object_reference	0	3
0x17408c	_kmem_init	named	candidate	low	conflicting	darwin01:darwin01/kernel/vm/vm_kern.c:460:kmem_init	18.931	18.931	18.931	pmap_kernel;vm_map_create;vm_map_find	0	3
0x1740d0	_copyinmap	named	candidate	medium	identical-bodies	darwin01:darwin01/kernel/vm/vm_kern.c:489:copyinmap; mach4:mach4/kernel/vm/vm_kern.c:1031:copyinmap	8.16	0.0	8.16	bcopy;copyin	0	2
0x174120	_copyoutmap	named	candidate	medium	identical-bodies	darwin01:darwin01/kernel/vm/vm_kern.c:515:copyoutmap; mach4:mach4/kernel/vm/vm_kern.c:1057:copyoutmap	7.996	0.0	7.996	bcopy;copyout	0	2
0x174170	_kmem_alloc_zone	named	candidate	low	single	darwin01:darwin01/kernel/vm/vm_kern.c:537:kmem_alloc_zone	0	0.0	44.525		1	1
0x1742a0	_kmem_mb_alloc	named	candidate	medium	single	darwin01:darwin01/kernel/vm/vm_kern.c:550:kmem_mb_alloc	70.964	63.882	79.324	You fool!;mb_map abused even more than u;panic;pmap_enter;vm_map_find;vm_map_pageable;vm_page_alloc_sequential;vm_page_free;vm_page_lookup;vm_page_wire;vm_page_zero_fill	0	2
0x174518	_kmem_alloc_wait	named	candidate	low	conflicting	darwin01:darwin01/kernel/vm/vm_kern.c:704:kmem_alloc_wait	30.843	30.843	39.204	assert_wait;lock_clear_recursive;lock_set_recursive;thread_block;vm_map_find	0	2
0x1745b4	_kmem_free_wakeup	named	candidate	low	single	darwin01:darwin01/kernel/vm/vm_kern.c:753:kmem_free_wakeup	6.271	6.271	19.338	vm_map_delete	0	2
0x174600	_vm_map_init	named	candidate	medium	single	darwin01:darwin01/kernel/vm/vm_map.c:165:vm_map_init	45.897	38.815	45.897	kernel map entries;maps;non-kernel map entries;zchange;zcram;zinit	0	3
0x1746a0	_vm_map_create	named	candidate	low	conflicting	darwin01:darwin01/kernel/vm/vm_map.c:194:vm_map_create	15.104	15.104	20.576	panic;vm_map_create;zalloc	0	3
0x174744	__vm_map_entry_create	named	candidate	medium	identical-bodies	darwin01:darwin01/kernel/vm/vm_map.c:244:_vm_map_entry_create; mach4:mach4/kernel/vm/vm_map.c:235:_vm_map_entry_create	13.312	0.0	13.312	panic;vm_map_entry_create;zalloc	0	2
0x174780	__vm_map_entry_dispose	named	candidate	low	identical-bodies	darwin01:darwin01/kernel/vm/vm_map.c:273:_vm_map_entry_dispose; mach4:mach4/kernel/vm/vm_map.c:264:_vm_map_entry_dispose	4.206	0.0	4.206	zfree	0	2
0x1747a8	_vm_map_reference	named	candidate	low	identical-bodies	darwin01:darwin01/kernel/vm/vm_map.c:326:vm_map_reference; nextmach:nextmach/mk-108.1/vm/vm_map.c:264:vm_map_reference; mach4:mach4/kernel/vm/vm_map.c:317:vm_map_reference	0	0.0	0		0	3
0x1747d8	_vm_map_deallocate	named	candidate	low	conflicting	darwin01:darwin01/kernel/vm/vm_map.c:344:vm_map_deallocate	17.558	17.558	21.807	pmap_destroy;vm_map_delete;zfree	0	3
0x174848	_vm_map_insert	named	candidate	low	conflicting	darwin01:darwin01/kernel/vm/vm_map.c:383:vm_map_insert	14.228	14.228	27.54	vm_map_lookup_entry;vm_object_coalesce	0	2
0x1749c4	_vm_map_lookup_entry	named	candidate	low	single	darwin01:darwin01/kernel/vm/vm_map.c:516:vm_map_lookup_entry; mach4:mach4/kernel/vm/vm_map.c:380:vm_map_lookup_entry	0	0	0		0	3
0x174a90	_vm_map_find	named	candidate	low	conflicting	darwin01:darwin01/kernel/vm/vm_map.c:753:vm_map_find	6.859	6.859	35.901	vm_map_lookup_entry	0	2
0x174e00	__vm_map_clip_start	named	candidate	low	single	darwin01:darwin01/kernel/vm/vm_map.c:879:_vm_map_clip_start	5.903	5.903	19.215	vm_object_reference	0	3
0x174ed0	__vm_map_clip_end	named	candidate	low	single	darwin01:darwin01/kernel/vm/vm_map.c:934:_vm_map_clip_end	5.903	5.903	19.215	vm_object_reference	0	3
0x174f9c	_vm_map_submap	named	candidate	low	single	darwin01:darwin01/kernel/vm/vm_map.c:994:vm_map_submap	5.635	5.635	33.21	vm_object_deallocate	0	3
0x1752f8	_vm_map_protect	named	candidate	low	conflicting	darwin01:darwin01/kernel/vm/vm_map.c:1039:vm_map_protect	7.082	7.082	34.657	pmap_protect	0	3
0x175814	_vm_map_inherit	named	candidate	low	single	darwin01:darwin01/kernel/vm/vm_map.c:1166:vm_map_inherit	0	0	27.575		0	3
0x175b2c	_vm_map_pageable	named	candidate	low	conflicting	darwin01:darwin01/kernel/vm/vm_map.c:1222:vm_map_pageable	51.669	51.669	79.244	lock_clear_recursive;lock_set_recursive;lock_write_to_read;vm_fault_unwire;vm_fault_wire;vm_object_allocate;vm_object_shadow	0	2
0x176064	_vm_map_entry_unwire	named	candidate	low	identical-bodies	darwin01:darwin01/kernel/vm/vm_map.c:1411:vm_map_entry_unwire; nextmach:nextmach/mk-108.1/vm/vm_map.c:1219:vm_map_entry_unwire	6.522	0.0	6.522	vm_fault_unwire	0	2
0x176084	_vm_map_entry_delete	named	candidate	medium	single	mach4:mach4/kernel/vm/vm_map.c:1560:vm_map_entry_delete	12.157	5.635	33.964	vm_fault_unwire;vm_object_deallocate	0	3
0x176164	_vm_map_delete	named	candidate	low	conflicting	darwin01:darwin01/kernel/vm/vm_map.c:1451:vm_map_delete	22.227	22.227	75.406	pmap_remove;vm_object_page_remove;vm_object_pmap_remove	0	3
0x1765ac	_vm_map_remove	named	candidate	low	identical-bodies	darwin01:darwin01/kernel/vm/vm_map.c:1549:vm_map_remove; nextmach:nextmach/mk-108.1/vm/vm_map.c:1356:vm_map_remove; mach4:mach4/kernel/vm/vm_map.c:1788:vm_map_remove	6.271	0.0	14.631	vm_map_delete	0	3
0x1765fc	_vm_map_check_protection	named	candidate	low	single	darwin01:darwin01/kernel/vm/vm_map.c:1680:vm_map_check_protection	0	0	0		0	2
0x1766f4	_vm_map_copy_entry	named	candidate	low	conflicting	darwin01:darwin01/kernel/vm/vm_map.c:1730:vm_map_copy_entry	55.954	55.954	62.476	pmap_copy;pmap_protect;pmap_remove;vm_fault_copy_entry;vm_object_copy;vm_object_deallocate;vm_object_pmap_copy;vm_object_pmap_remove	0	2
0x176888	_vm_map_copy	named	candidate	low	conflicting	darwin01:darwin01/kernel/vm/vm_map.c:1867:vm_map_copy	34.545	34.545	142.648	lock_clear_recursive;lock_set_recursive;pmap_remove;vm_map_delete;vm_map_lookup_entry	0	2
0x177a74	_vm_map_fork	named	candidate	low	conflicting	nextmach:nextmach/mk-108.1/vm/vm_map.c:1860:vm_map_fork	43.049	39.63	130.343	panic;pmap_copy;pmap_create;printf;vm_map_copy;vm_map_fork: copy in share_map;vm_map_fork: encountered a sub	0	3
0x17802c	_vm_map_lookup	named	candidate	low	conflicting	darwin01:darwin01/kernel/vm/vm_map.c:2344:vm_map_lookup	30.407	30.407	40.79	lock_read_to_write;lock_write_to_read;vm_object_allocate;vm_object_shadow	0	3
0x1783d8	_vm_map_lookup_done	named	candidate	low	identical-bodies	darwin01:darwin01/kernel/vm/vm_map.c:2646:vm_map_lookup_done; nextmach:nextmach/mk-108.1/vm/vm_map.c:2339:vm_map_lookup_done	0	0.0	4.112		0	2
0x178400	_vm_map_machine_attribute	named	candidate	medium	identical-bodies	darwin01:darwin01/kernel/vm/vm_map.c:2679:vm_map_machine_attribute; mach4:mach4/kernel/vm/vm_map.c:4724:vm_map_machine_attribute	8.468	0.0	16.828	pmap_attribute	0	2
0x178458	_vm_region	named	candidate	low	conflicting	darwin01:darwin01/kernel/vm/vm_map.c:2773:vm_region	8.468	8.468	18.851	vm_object_name	0	3
0x178708	_vm_move	named	candidate	medium	single	darwin01:darwin01/kernel/vm/vm_map.c:2933:vm_move	17.631	12.054	17.631	vm_allocate;vm_deallocate;vm_map_copy	0	2
0x1787b4	_vm_map_pmap_EXTERNAL	named	candidate	low	single	darwin01:darwin01/kernel/vm/vm_map.c:2987:vm_map_pmap_EXTERNAL	0	0.0	0		0	1
0x1787c4	_vm_mem_ppi	named	candidate	medium	single	darwin01:darwin01/kernel/vm/vm_mem_region.c:45:vm_mem_ppi	11.2	0.0	11.2	mem_ppi;panic	0	1
0x178844	_vm_valid_page	named	candidate	low	single	darwin01:darwin01/kernel/vm/vm_mem_region.c:66:vm_valid_page	0	0.0	0		0	1
0x178894	_vm_phys_to_vm_page	named	candidate	low	single	darwin01:darwin01/kernel/vm/vm_mem_region.c:86:vm_phys_to_vm_page	0	0.0	0		0	1
0x1788fc	_vm_region_to_vm_page	named	candidate	low	single	darwin01:darwin01/kernel/vm/vm_mem_region.c:104:vm_region_to_vm_page	0	0	0		0	2
0x178964	_vm_alloc_from_regions	named	candidate	medium	single	darwin01:darwin01/kernel/vm/vm_mem_region.c:110:vm_alloc_from_regions	11.2	0.0	11.2	panic;vm_mem_alloc_from_regions	0	1
0x1789d0	_vm_object_init	named	candidate	low	conflicting	darwin01:darwin01/kernel/vm/vm_object.c:160:vm_object_init	29.653	29.653	29.653	_vm_object_allocate;object hash zone;objects;zinit	0	3
0x178b80	_vm_object_allocate	named	candidate	medium	single	darwin01:darwin01/kernel/vm/vm_object.c:239:vm_object_allocate; nextmach:nextmach/mk-108.1/vm/vm_object.c:186:vm_object_allocate	11.679	7.082	11.679	_vm_object_allocate;zalloc	0	3
0x178ba8	__vm_object_allocate	named	candidate	low	single	darwin01:darwin01/kernel/vm/vm_object.c:251:_vm_object_allocate; nextmach:nextmach/mk-108.1/vm/vm_object.c:198:_vm_object_allocate	0	0	0		0	3
0x178c30	_vm_object_reference	named	candidate	low	single	darwin01:darwin01/kernel/vm/vm_object.c:270:vm_object_reference; nextmach:nextmach/mk-108.1/vm/vm_object.c:217:vm_object_reference	0	0	0		0	3
0x178c64	_vm_object_deallocate	named	candidate	low	conflicting	darwin01:darwin01/kernel/vm/vm_object.c:292:vm_object_deallocate	28.968	28.968	28.968	vm_object_cache_trim;vm_object_deactivate_pages;vm_object_remove;vm_object_terminate	0	3
0x178d60	_vm_object_terminate	named	candidate	low	conflicting	darwin01:darwin01/kernel/vm/vm_object.c:382:vm_object_terminate	38.731	38.731	44.254	panic;vm_object_deallocate: pageout ;vm_object_terminate: copy/shad;vm_page_free;vm_pager_deallocate;zfree	0	3
0x178f7c	_vm_object_destroy	named	candidate	low	single	mach4:mach4/kernel/vm/vm_object.c:1922:vm_object_destroy	7.37	6.676	35.644	vm_object_remove	0	3
0x179084	_vm_object_deactivate_pages	named	candidate	low	single	nextmach:nextmach/mk-108.1/vm/vm_object.c:534:vm_object_deactivate_pages	6.522	6.522	6.522	vm_page_deactivate	0	3
0x1790dc	_vm_object_cache_trim	named	candidate	low	conflicting	nextmach:nextmach/mk-108.1/vm/vm_object.c:554:vm_object_cache_trim	17.876	16.49	24.958	panic;vm_object_deactivate: I'm sooo;vm_object_lookup	0	2
0x179170	_vm_object_cache_object	named	candidate	low	single	darwin01:darwin01/kernel/vm/vm_object.c:595:vm_object_cache_object	0	0.0	28.968		0	1
0x1792dc	_vm_object_shutdown	named	candidate	low	conflicting	darwin01:darwin01/kernel/vm/vm_object.c:626:vm_object_shutdown	7.082	7.082	7.082	vm_object_cache_clear	0	2
0x1792e8	_vm_object_pmap_copy	named	candidate	medium	identical-bodies	darwin01:darwin01/kernel/vm/vm_object.c:645:vm_object_pmap_copy; nextmach:nextmach/mk-108.1/vm/vm_object.c:644:vm_object_pmap_copy	7.775	0.0	7.775	pmap_copy_on_write	0	2
0x179350	_vm_object_pmap_remove	named	candidate	low	single	darwin01:darwin01/kernel/vm/vm_object.c:677:vm_object_pmap_remove; nextmach:nextmach/mk-108.1/vm/vm_object.c:676:vm_object_pmap_remove	6.07	0	6.07	pmap_remove_all	0	3
0x1793b0	_vm_object_copy	named	candidate	medium	identical-bodies	darwin01:darwin01/kernel/vm/vm_object.c:709:vm_object_copy; nextmach:nextmach/mk-108.1/vm/vm_object.c:708:vm_object_copy	18.282	0.0	29.961	panic;vm_object_collapse;vm_object_copy: copy/shadow in	0	2
0x1795a0	_vm_object_shadow	named	candidate	low	conflicting	darwin01:darwin01/kernel/vm/vm_object.c:910:vm_object_shadow; nextmach:nextmach/mk-108.1/vm/vm_object.c:909:vm_object_shadow	11.2	11.2	22.879	panic;vm_object_shadow: no object fo	0	3
0x1795f8	_vm_object_setpager	named	candidate	low	identical-bodies	darwin01:darwin01/kernel/vm/vm_object.c:955:vm_object_setpager; nextmach:nextmach/mk-108.1/vm/vm_object.c:955:vm_object_setpager	0	0.0	0		0	2
0x179630	_vm_object_lookup	named	candidate	low	single	darwin01:darwin01/kernel/vm/vm_object.c:985:vm_object_lookup; nextmach:nextmach/mk-108.1/vm/vm_object.c:984:vm_object_lookup	0	0	0		0	4
0x1796ec	_vm_object_enter	named	candidate	low	single	darwin01:darwin01/kernel/vm/vm_object.c:1023:vm_object_enter; nextmach:nextmach/mk-108.1/vm/vm_object.c:1314:vm_object_enter	4.597	0	4.597	zalloc	0	4
0x179764	_vm_object_remove	named	candidate	low	single	darwin01:darwin01/kernel/vm/vm_object.c:1058:vm_object_remove; nextmach:nextmach/mk-108.1/vm/vm_object.c:1349:vm_object_remove	4.206	0	4.206	zfree	0	4
0x1797c8	_vm_object_cache_clear	named	candidate	medium	single	darwin01:darwin01/kernel/vm/vm_object.c:1085:vm_object_cache_clear	18.282	11.2	18.282	panic;vm_object_cache_clear: I'm soo;vm_object_cache_object	0	2
0x179914	_vm_object_collapse	named	candidate	low	conflicting	darwin01:darwin01/kernel/vm/vm_object.c:1152:vm_object_collapse	36.785	36.785	36.785	panic;vm_object_collapse: we collaps;vm_page_free;vm_page_lookup;vm_page_rename;zfree	0	3
0x179bbc	_vm_object_page_remove	named	candidate	medium	single	darwin01:darwin01/kernel/vm/vm_object.c:1410:vm_object_page_remove; nextmach:nextmach/mk-108.1/vm/vm_object.c:1685:vm_object_page_remove	12.459	6.389	12.459	pmap_remove_all;vm_page_free	0	3
0x179c28	_vm_object_coalesce	named	candidate	low	conflicting	darwin01:darwin01/kernel/vm/vm_object.c:1455:vm_object_coalesce; nextmach:nextmach/mk-108.1/vm/vm_object.c:1730:vm_object_coalesce	7.082	7.082	19.541	vm_object_collapse	0	3
0x179d24	_vm_object_request_object	named	candidate	low	conflicting	darwin01:darwin01/kernel/vm/vm_object.c:1523:vm_object_request_object	11.887	11.887	11.887	printf;vm_object_request_object: call	0	3
0x179d38	_vm_object_name	named	candidate	low	single	darwin01:darwin01/kernel/vm/vm_object.c:1539:vm_object_name	0	0	0		0	3
0x179d44	_vm_pageout_scan	named	candidate	low	conflicting	darwin01:darwin01/kernel/vm/vm_pageout.c:65:vm_pageout_scan	89.425	89.425	94.132	pmap_clear_reference;pmap_is_referenced;pmap_remove_all;pmap_update;splimp;splx;vm_object_collapse;vm_object_setpager;vm_page_activate;vm_page_addfree;vm_page_deactivate;vm_pager_allocate;vm_pager_put	0	4
0x17a0a4	_vm_pageout	named	candidate	low	conflicting	darwin01:darwin01/kernel/vm/vm_pageout.c:374:vm_pageout	19.752	19.752	24.459	spl0;thread_sleep;vm_pageout_scan	0	3
0x17a240	_vm_pager_init	named	candidate	low	single	nextmach:nextmach/mk-108.1/vm/vm_pager.c:84:vm_pager_init	0	0.0	0		0	1
0x17a248	_vm_pager_get	named	candidate	medium	single	nextmach:nextmach/mk-108.1/vm/vm_pager.c:408:vm_pager_get	23.613	15.145	23.613	device_pagein;vm_page_zero_fill;vnode_pagein	0	2
0x17a284	_vm_pager_put	named	candidate	medium	single	nextmach:nextmach/mk-108.1/vm/vm_pager.c:421:vm_pager_put	27.038	18.569	27.038	device_pageout;panic;vm_pager_put: null pager;vnode_pageout	0	2
0x17a2c0	_vm_pager_deallocate	named	candidate	medium	single	nextmach:nextmach/mk-108.1/vm/vm_pager.c:432:vm_pager_deallocate	28.136	19.668	28.136	device_dealloc;panic;vm_pager_deallocate: null page;vnode_dealloc	0	2
0x17a2f8	_vm_pager_allocate	named	candidate	medium	identical-bodies	darwin01:darwin01/kernel/vm/vm_pager.c:96:vm_pager_allocate; nextmach:nextmach/mk-108.1/vm/vm_pager.c:442:vm_pager_allocate	8.468	0.0	8.468	vnode_alloc	0	2
0x17a308	_vm_pager_has_page	named	candidate	low	conflicting	darwin01:darwin01/kernel/vm/vm_pager.c:102:vm_pager_has_page	19.668	19.668	19.668	panic;vm_pager_has_page;vnode_has_page	0	2
0x17a338	_vm_policy_apply	named	candidate	medium	single	darwin01:darwin01/kernel/vm/vm_policy.c:96:vm_policy_apply	19.675	0.0	34.712	pmap_is_modified;pmap_remove_all;vm_page_deactivate	0	1
0x17a4f0		unnamed	candidate	low	conflicting	darwin01:darwin01/kernel/vm/vm_policy.c:163:deactivate_object	7.082	7.082	11.789	vm_policy_apply	1	91
0x17a594		unnamed	candidate	low	conflicting	darwin01:darwin01/kernel/vm/vm_policy.c:163:deactivate_object	7.082	7.082	22.171	vm_policy_apply	2	91
0x17a6f4		unnamed	candidate	low	single	darwin01:darwin01/kernel/vm/vm_pager.c:61:vm_pager_get	0	0	10.382		1	91
0x17a770	_vm_set_policy	named	candidate	low	single	darwin01:darwin01/kernel/vm/vm_policy.c:306:vm_set_policy	0	0.0	10.382		1	1
0x17a814	_vm_fault_range	named	candidate	low	single	darwin01:darwin01/kernel/vm/vm_policy.c:327:vm_fault_range	0	0.0	0		0	1
0x17a820	_vm_deactivate	named	candidate	low	single	darwin01:darwin01/kernel/vm/vm_policy.c:337:vm_deactivate	0	0.0	22.171		2	1
0x17a9b4	_vm_set_page_size	named	candidate	medium	single	darwin01:darwin01/kernel/vm/vm_resident.c:172:vm_set_page_size	11.2	2.732	11.2	panic;vm_set_page_size: page size no	0	2
0x17aa08	_vm_page_startup	named	candidate	medium	single	darwin01:darwin01/kernel/vm/vm_resident.c:264:vm_page_startup	11.887	3.418	23.963	printf;vm_page_bootstrap: WARNING -- 	0	2
0x17ae0c	_vm_page_insert	named	candidate	medium	single	darwin01:darwin01/kernel/vm/vm_resident.c:447:vm_page_insert	17.363	10.101	17.363	panic;splimp;splx;vm_page_insert	0	3
0x17aeac	_vm_page_remove	named	candidate	low	conflicting	darwin01:darwin01/kernel/vm/vm_resident.c:504:vm_page_remove	7.262	7.262	7.262	splimp;splx	0	3
0x17af58	_vm_page_lookup	named	candidate	low	conflicting	darwin01:darwin01/kernel/vm/vm_resident.c:567:vm_page_lookup	7.262	7.262	7.262	splimp;splx	0	3
0x17afd8	_vm_page_rename	named	candidate	low	single	darwin01:darwin01/kernel/vm/vm_resident.c:603:vm_page_rename; mach4:mach4/kernel/vm/vm_resident.c:714:vm_page_rename	0	0	7.262		0	3
0x17b134	_vm_page_init	named	candidate	low	single	darwin01:darwin01/kernel/vm/vm_resident.c:629:vm_page_init; nextmach:nextmach/mk-108.1/vm/vm_resident.c:789:vm_page_init	0	0	17.363		0	3
0x17b200	_vm_page_alloc_sequential	named	candidate	medium	single	darwin01:darwin01/kernel/vm/vm_resident.c:658:vm_page_alloc_sequential	14.344	0.0	29.152	splimp;splx;vm_policy_apply	0	1
0x17b540	_vm_page_free	named	candidate	low	conflicting	darwin01:darwin01/kernel/vm/vm_resident.c:748:vm_page_free	7.775	7.775	15.037	vm_page_addfree	0	3
0x17b5f8	_vm_page_addfree	named	candidate	low	conflicting	darwin01:darwin01/kernel/vm/vm_resident.c:757:vm_page_addfree	7.262	7.262	7.262	splimp;splx	0	2
0x17b6e8	_vm_page_wire	named	candidate	low	single	darwin01:darwin01/kernel/vm/vm_resident.c:794:vm_page_wire	0	0	0		0	3
0x17b7bc	_vm_page_unwire	named	candidate	low	single	darwin01:darwin01/kernel/vm/vm_resident.c:831:vm_page_unwire; nextmach:nextmach/mk-108.1/vm/vm_resident.c:992:vm_page_unwire	0	0	0		0	3
0x17b810	_vm_page_deactivate	named	candidate	medium	single	nextmach:nextmach/mk-108.1/vm/vm_resident.c:1014:vm_page_deactivate	14.857	7.775	14.857	pmap_clear_reference;pmap_is_modified	0	3
0x17b8cc	_vm_page_activate	named	candidate	low	conflicting	darwin01:darwin01/kernel/vm/vm_resident.c:920:vm_page_activate	11.2	11.2	11.2	panic;vm_page_activate: already acti	0	3
0x17b99c	_vm_page_zero_fill	named	candidate	low	conflicting	darwin01:darwin01/kernel/vm/vm_resident.c:956:vm_page_zero_fill; nextmach:nextmach/mk-108.1/vm/vm_resident.c:1086:vm_page_zero_fill	8.468	8.468	8.468	pmap_zero_page	0	3
0x17b9b4	_vm_page_copy	named	candidate	low	conflicting	darwin01:darwin01/kernel/vm/vm_resident.c:971:vm_page_copy; nextmach:nextmach/mk-108.1/vm/vm_resident.c:1101:vm_page_copy	8.468	8.468	8.468	pmap_copy_page	0	3
0x17b9d0	_vm_page_to_phys	named	candidate	low	single	darwin01:darwin01/kernel/vm/vm_resident.c:991:vm_page_to_phys	0	0.0	0		0	1
0x17b9e0	_vm_synchronize	named	candidate	low	single	darwin01:darwin01/kernel/vm/vm_synchronize.c:64:vm_synchronize	0	0	0		1	2
0x17ba1c		unnamed	candidate	low	single	darwin01:darwin01/kernel/vm/vm_resident.c:172:vm_set_page_size	0	0	10.382		2	117
0x17bacc		unnamed	candidate	medium	single	darwin01:darwin01/kernel/vm/vm_synchronize.c:145:vm_pageout_page	39.65	34.126	49.647	pmap_is_modified;pmap_remove_all;thread_block;vm_page_activate;vm_page_deactivate;vm_pager_put	0	117
0x17bc50		unnamed	candidate	low	single	darwin01:darwin01/kernel/vm/vm_resident.c:172:vm_set_page_size	0	0	4.707		2	117
0x17bd28	_useracc	named	candidate	medium	identical-bodies	darwin01:darwin01/kernel/vm/vm_unix.c:63:useracc; nextmach:nextmach/mk-108.1/vm/vm_unix.c:189:useracc	7.37	0.0	7.37	vm_map_check_protection	0	2
0x17bd68	_vslock	named	candidate	low	identical-bodies	darwin01:darwin01/kernel/vm/vm_unix.c:74:vslock; nextmach:nextmach/mk-108.1/vm/vm_unix.c:200:vslock	5.696	0.0	5.696	vm_map_pageable	0	2
0x17bd9c	_vsunlock	named	candidate	low	conflicting	darwin01:darwin01/kernel/vm/vm_unix.c:82:vsunlock	12.778	12.778	19.859	pmap_extract;vm_map_pageable	0	2
0x17be3c	_swapon	named	candidate	low	single	darwin01:darwin01/kernel/vm/vm_unix.c:188:swapon	0	0	0		0	2
0x17be44	_procdup	named	candidate	medium	single	nextmach:nextmach/mk-108.1/vm/vm_unix.c:313:procdup	53.571	35.917	63.379	bcopy;bzero;compute_priority;expand_fdlist;fork/procdup: task_create fail;fork/procdup: thread_create fa;printf;task_create;thread_create	0	2
0x17bfc0	_chgprot	named	candidate	medium	identical-bodies	darwin01:darwin01/kernel/vm/vm_unix.c:226:chgprot; nextmach:nextmach/mk-108.1/vm/vm_unix.c:361:chgprot	7.37	0.0	7.37	vm_map_protect	0	2
0x17c004	_unix_pid	named	candidate	low	single	darwin01:darwin01/kernel/vm/vm_unix.c:238:unix_pid	0	0	0		0	2
0x17c034	_task_by_unix_pid	named	candidate	medium	single	darwin01:darwin01/kernel/vm/vm_unix.c:265:task_by_unix_pid	17.374	10.515	17.374	pfind;suser;task_reference	0	2
0x17c0c0	_task_by_pid	named	candidate	low	conflicting	darwin01:darwin01/kernel/vm/vm_unix.c:305:task_by_pid	13.718	13.718	31.091	convert_task_to_port;object_copyout	0	2
0x17c17c	_vm_object_special	named	candidate	medium	single	nextmach:nextmach/mk-108.1/vm/vm_unix.c:487:vm_object_special	29.067	0.0	29.067	bzero;kalloc;vm_object_allocate;vm_object_setpager;vm_page_insert	0	1
0x17c264	_device_pagein	named	candidate	medium	single	nextmach:nextmach/mk-108.1/vm/vm_unix.c:576:device_pagein	11.2	0.0	11.2	device_pagein called;panic	0	1
0x17c278	_device_pageout	named	candidate	medium	single	nextmach:nextmach/mk-108.1/vm/vm_unix.c:581:device_pageout	11.2	0.0	11.2	device_pageout called;panic	0	1
0x17c28c	_device_dealloc	named	candidate	medium	single	nextmach:nextmach/mk-108.1/vm/vm_unix.c:589:device_dealloc	11.338	0.0	11.338	kfree;vm_page_remove	0	1
0x17c2c4	_fake_u	named	candidate	medium	single	nextmach:nextmach/mk-108.1/vm/vm_unix.c:625:fake_u	16.901	0.0	16.901	bcopy;splsched;splx;thread_read_times	0	1
0x17c40c	_gc_init	named	unmapped	unknown	single		0.0	0.0	0		0	0
0x17c428	_gc_control	named	unmapped	unknown	single		0.0	0.0	60.854		0	0
0x17c4e0	_vm_user_init	named	candidate	low	identical-bodies	darwin01:darwin01/kernel/vm/vm_user.c:70:vm_user_init; nextmach:nextmach/mk-108.1/vm/vm_user.c:57:vm_user_init	5.472	0.0	5.472	lock_init	0	2
0x17c4f4	_vm_allocate_with_pager	named	candidate	medium	identical-bodies	darwin01:darwin01/kernel/vm/vm_user.c:81:vm_allocate_with_pager; nextmach:nextmach/mk-108.1/vm/vm_user.c:68:vm_allocate_with_pager	43.096	0.0	47.208	lock_write;vm_map_find;vm_object_allocate;vm_object_deallocate;vm_object_enter;vm_object_lookup;vm_object_setpager	0	2
0x17c5b8	_vm_allocate	named	candidate	low	single	darwin01:darwin01/kernel/vm/vm_user.c:144:vm_allocate; nextmach:nextmach/mk-108.1/vm/vm_user.c:131:vm_allocate	5.29	0	5.29	vm_map_find	0	5
0x17c620	_vm_deallocate	named	candidate	low	single	darwin01:darwin01/kernel/vm/vm_user.c:175:vm_deallocate; nextmach:nextmach/mk-108.1/vm/vm_user.c:162:vm_deallocate; mach4:mach4/kernel/vm/vm_user.c:97:vm_deallocate	6.07	0	6.07	vm_map_remove	0	4
0x17c664	_vm_inherit	named	candidate	low	conflicting	darwin01:darwin01/kernel/vm/vm_user.c:208:vm_inherit; nextmach:nextmach/mk-108.1/vm/vm_user.c:180:vm_inherit	7.082	7.082	7.082	vm_map_inherit	0	3
0x17c6a4	_vm_protect	named	candidate	low	conflicting	darwin01:darwin01/kernel/vm/vm_user.c:225:vm_protect; nextmach:nextmach/mk-108.1/vm/vm_user.c:197:vm_protect	7.37	7.37	7.37	vm_map_protect	0	3
0x17c6e8	_vm_statistics	named	candidate	low	single	darwin01:darwin01/kernel/vm/vm_user.c:238:vm_statistics; nextmach:nextmach/mk-108.1/vm/vm_user.c:210:vm_statistics	0	0	0		0	3
0x17c754	_vm_machine_attribute	named	candidate	low	conflicting	darwin01:darwin01/kernel/vm/vm_user.c:260:vm_machine_attribute	8.468	8.468	8.468	vm_map_machine_attribute	0	2
0x17c784	_vm_read	named	candidate	low	conflicting	darwin01:darwin01/kernel/vm/vm_user.c:275:vm_read	17.957	17.957	29.317	printf;vm_map_copy;vm_read: kernel error %d\n	0	3
0x17c888	_vm_write	named	candidate	low	single	darwin01:darwin01/kernel/vm/vm_user.c:302:vm_write	6.07	6.07	6.07	vm_map_copy	0	3
0x17c8e0	_vm_copy	named	candidate	low	single	darwin01:darwin01/kernel/vm/vm_user.c:314:vm_copy; nextmach:nextmach/mk-108.1/vm/vm_user.c:265:vm_copy	6.07	0	6.07	vm_map_copy	0	3
0x17c944	_vnode_pager_vput	named	candidate	low	identical-bodies	darwin01:darwin01/kernel/vm/vnode_pager.c:140:vnode_pager_vput; nextmach:nextmach/mk-108.1/vm/vnode_pager.c:187:vnode_pager_vput	0	0.0	0		0	2
0x17c978	_vnode_pager_vget	named	candidate	low	identical-bodies	darwin01:darwin01/kernel/vm/vnode_pager.c:159:vnode_pager_vget; nextmach:nextmach/mk-108.1/vm/vnode_pager.c:206:vnode_pager_vget	0	0.0	0		0	2
0x17c9b0	_vnode_pager_allocpage	named	candidate	low	conflicting	darwin01:darwin01/kernel/vm/vnode_pager.c:176:vnode_pager_allocpage	18.867	18.867	18.867	lock_done;lock_write;panic;vnode_pager_allocpage	0	2
0x17cabc	_vnode_pager_findpage	named	candidate	low	single	darwin01:darwin01/kernel/vm/vnode_pager.c:225:vnode_pager_findpage	0	0	18.867		0	2
0x17cc30	_pagerfile_pager_create	named	candidate	low	conflicting	darwin01:darwin01/kernel/vm/vnode_pager.c:290:pagerfile_pager_create	7.814	7.814	22.553	bzero;zfree	0	2
0x17cd58		unnamed	candidate	low	conflicting	darwin01:darwin01/kernel/vm/vnode_pager.c:257:vnode_pager_deallocpage	18.867	18.867	41.876	lock_done;lock_write;panic;vnode_pager_deallocpage	0	99
0x17d168	_vnode_pager_create	named	candidate	medium	single	darwin01:darwin01/kernel/vm/vnode_pager.c:579:vnode_pager_create	8.205	4.597	8.205	bzero;zalloc	0	2
0x17d1e4	_vnode_pager_setup	named	candidate	medium	single	darwin01:darwin01/kernel/vm/vnode_pager.c:629:vnode_pager_setup	22.561	15.479	26.169	vm_object_cache_object;vm_object_lookup;zalloc;zfree	0	2
0x17d2d0	_vnode_pagein	named	candidate	low	single	darwin01:darwin01/kernel/vm/vnode_pager.c:724:vnode_pagein	0	0	0		1	2
0x17d3bc	_vnode_pageout	named	candidate	medium	single	nextmach:nextmach/mk-108.1/vm/vnode_pager.c:741:vnode_pageout	19.662	7.775	19.662	pmap_clear_modify;printf;vnode_pageout: failed!\n	1	2
0x17d530	_vnode_has_page	named	candidate	low	conflicting	darwin01:darwin01/kernel/vm/vnode_pager.c:954:vnode_has_page	19.668	19.668	19.668	panic;vnode_has_page called on non-d;vnode_has_page: failed lookup	1	2
0x17d588	_vnode_pager_file_init	named	candidate	medium	single	nextmach:nextmach/mk-108.1/vm/vnode_pager.c:881:vnode_pager_file_init	24.655	14.416	24.655	kalloc;kfree;lock_init;mfs_uncache;vattr_null	0	2
0x17d778	_vnode_pager_shutdown	named	candidate	low	single	darwin01:darwin01/kernel/vm/vnode_pager.c:1089:vnode_pager_shutdown	0	0	4.112		0	2
0x17d7e0	_mach_swapon	named	candidate	medium	single	nextmach:nextmach/mk-108.1/vm/vnode_pager.c:985:mach_swapon	44.118	13.223	48.229	kalloc;kfree;lookuppn;pn_free;pn_get;strncpy;suser;vnode_pager_file_init	0	2
0x17d914	_vswap_allocate	named	candidate	low	single	darwin01:darwin01/kernel/vm/vnode_pager.c:1195:vswap_allocate	0	0	0		0	2
0x17d998	_vnode_alloc	named	candidate	low	identical-bodies	darwin01:darwin01/kernel/vm/vnode_pager.c:1237:vnode_alloc; nextmach:nextmach/mk-108.1/vm/vnode_pager.c:1126:vnode_alloc	0	0.0	22.553		0	2
0x17db54	_vnode_pager_truncate	named	candidate	medium	single	darwin01:darwin01/kernel/vm/vnode_pager.c:1271:vnode_pager_truncate	17.202	0.0	24.977	lock_done;lock_write;printf;vattr_null	0	1
0x17dc74	_vnode_dealloc	named	candidate	low	conflicting	darwin01:darwin01/kernel/vm/vnode_pager.c:1348:vnode_dealloc	7.768	7.768	47.364	kfree;zfree	0	2
0x17e104	_vnode_uncache	named	candidate	low	single	nextmach:nextmach/mk-108.1/vm/vnode_pager.c:1211:vnode_uncache	6.676	0	20.435	mfs_uncache	0	2
0x17e1a4	_vnode_pager_init	named	candidate	low	conflicting	darwin01:darwin01/kernel/vm/vnode_pager.c:1457:vnode_pager_init	14.103	14.103	14.103	vnode pager structures;zinit	0	2
0x17e1e8	_NXFlush	named	candidate	low	single	darwin01:darwin01/kernel/driverkit/objc_support.m:46:NXFlush	0	0	0		0	2
0x17e1f4	_NXPrintf	named	candidate	medium	single	darwin01:darwin01/kernel/driverkit/objc_support.m:54:NXPrintf	7.356	0	14.214	splhigh;splx	0	2
0x17e220	_abort	named	candidate	medium	single	darwin01:darwin01/kernel/driverkit/objc_support.m:68:abort	11.2	0	11.2	objc: fatal error\n;panic	0	2
0x17e234	_autoconf	named	candidate	low	single	darwin01:darwin01/kernel/driverkit/autoconfCommon.m:75:autoconf	23.207	0.0	25.058	IOInitGeneralFuncs;kernel_thread;volCheckInit	3	1
0x17e2e0		unnamed	candidate	medium	single	darwin01:darwin01/kernel/driverkit/autoconfCommon.m:115:IOTaskInit	36.653	3.505	50.594	IOLibIOInit task_create return;IOLog;processor_set_policy_enable;task_create;task_deallocate;vm_map_deallocate	0	36
0x17e3a8	__io_vm_task_self	named	candidate	low	single	darwin01:darwin01/kernel/driverkit/autoconfCommon.m:179:_io_vm_task_self	0	0.0	0		0	1
0x17e3b8	__io_vm_task_current	named	candidate	low	single	darwin01:darwin01/kernel/driverkit/autoconfCommon.m:184:_io_vm_task_current	0	0.0	0		0	1
0x17e3cc	__io_vm_task	named	candidate	low	single	darwin01:darwin01/kernel/driverkit/autoconfCommon.m:189:_io_vm_task	0	0.0	0		0	1
0x17e3dc	__io_vm_task_pmap	named	candidate	low	single	darwin01:darwin01/kernel/driverkit/autoconfCommon.m:196:_io_vm_task_pmap	0	0.0	0		0	1
0x17e3ec	__io_task_get_port	named	candidate	medium	single	darwin01:darwin01/kernel/driverkit/autoconfCommon.m:203:_io_task_get_port	13.941	0.0	13.941	object_copyout;port_reference	0	1
0x17e41c	__io_get_kern_port	named	candidate	low	single	darwin01:darwin01/kernel/driverkit/autoconfCommon.m:222:_io_get_kern_port	6.389	0.0	6.389	object_copyin	0	1
0x17e450	__io_convert_port_in	named	candidate	low	single	darwin01:darwin01/kernel/driverkit/autoconfCommon.m:241:_io_convert_port_in	6.389	0.0	6.389	object_copyin	0	1
0x17e484	__io_convert_port_out	named	candidate	medium	single	darwin01:darwin01/kernel/driverkit/autoconfCommon.m:260:_io_convert_port_out	13.941	0.0	13.941	object_copyout;port_reference	0	1
0x17e4b4	__io_host_priv_self	named	candidate	low	single	darwin01:darwin01/kernel/driverkit/autoconfCommon.m:279:_io_host_priv_self	0	0.0	13.941		0	1
0x17e4e8		unnamed	candidate	low	single	darwin01:darwin01/kernel/driverkit/autoconfCommon.m:293:autoconfInt	31.388	0	33.239	IOExitThread;probeDirectDevices;probeHardware;probeNativeDevices	2	36
0x17e538		unnamed	candidate	low	conflicting	darwin01:darwin01/kernel/driverkit/autoconfCommon.m:331:registerIndirClasses	8.883	8.883	19.202	IOLog;objc_getClass	0	36
0x17e58c		unnamed	candidate	medium	single	darwin01:darwin01/kernel/driverkit/autoconfCommon.m:354:probePseudoDevices	17.351	8.883	19.202	IOLog;objc_getClass;probePseudoDevices: class %s n	0	36
0x17e5ec	__io_setDriverPowerState	named	candidate	low	single	darwin01:darwin01/kernel/driverkit/autoconfCommon.m:402:_io_setDriverPowerState	0	0.0	1.851		0	1
0x17e67c	__ioSetDriverPowerManagementState	named	candidate	low	single	darwin01:darwin01/kernel/driverkit/autoconfCommon.m:410:_ioSetDriverPowerManagementState	0	0.0	1.851		0	1
0x17e70c	_KernLockAcquire	named	candidate	medium	single	darwin01:darwin01/kernel/driverkit/KernLock.m:108:KernLockAcquire	20.463	0.0	20.463	curipl;ipltospl;spln	0	1
0x17e744	_KernLockRelease	named	candidate	medium	single	darwin01:darwin01/kernel/driverkit/KernLock.m:128:KernLockRelease	13.604	0.0	13.604	ipltospl;spln	0	1
0x17e764		objc	candidate	low	single	darwin01:darwin01/kernel/driverkit/KernLock.m:44:initWithLevel:	0	0.0	3.534		0	1
0x17e79c		objc	candidate	low	single	darwin01:darwin01/kernel/driverkit/KernLock.m:59:init	0	0.0	1.851		0	1
0x17e7b8		objc	candidate	low	single	darwin01:darwin01/kernel/driverkit/KernLock.m:64:free	0	0.0	3.534		0	1
0x17e7e4		objc	candidate	low	single	darwin01:darwin01/kernel/driverkit/KernLock.m:73:level	0	0.0	0		0	1
0x17e7f4		objc	candidate	medium	single	darwin01:darwin01/kernel/driverkit/KernLock.m:78:acquire	20.463	0.0	20.463	curipl;ipltospl;spln	0	1
0x17e824		objc	candidate	medium	single	darwin01:darwin01/kernel/driverkit/KernLock.m:91:release	13.604	0.0	13.604	ipltospl;spln	0	1
0x17e840		objc	unmapped	unknown	single		0.0	0.0	13.184		0	0
0x17e8f4		objc	unmapped	unknown	single		0.0	0.0	1.851		0	0
0x17e91c		objc	candidate	low	single	darwin01:darwin01/kernel/driverkit/KernBus.m:83:init	0	0.0	1.851		0	1
0x17e934		objc	candidate	low	single	darwin01:darwin01/kernel/driverkit/KernBus.m:88:free	4.164	0.0	7.698	IOFree	0	1
0x17e984		objc	candidate	low	single	darwin01:darwin01/kernel/driverkit/KernBus.m:99:reserveItem:	0	0.0	1.851		0	1
0x17ea0c		objc	candidate	low	single	darwin01:darwin01/kernel/driverkit/KernBus.m:128:shareItem:	0	0.0	1.851		0	1
0x17eaa4		objc	candidate	low	single	darwin01:darwin01/kernel/driverkit/KernBus.m:208:findFreeItem	0	0.0	0		0	1
0x17ead0		objc	candidate	low	single	darwin01:darwin01/kernel/driverkit/KernBus.m:227:_destroyItem:	0	0.0	1.851		0	1
0x17eb4c		objc	unmapped	unknown	single		0.0	0.0	3.534		0	0
0x17ebc4		objc	candidate	low	single	darwin01:darwin01/kernel/driverkit/KernBus.m:267:init	0	0.0	3.534		0	1
0x17ebf0		objc	candidate	low	single	darwin01:darwin01/kernel/driverkit/KernBus.m:272:free	0	0.0	1.851		0	1
0x17ec24		objc	candidate	low	single	darwin01:darwin01/kernel/driverkit/KernBus.m:280:dealloc	0	0.0	3.534		0	1
0x17ec58		objc	candidate	low	single	darwin01:darwin01/kernel/driverkit/KernBus.m:288:share	0	0.0	0		0	1
0x17ec74		objc	candidate	low	single	darwin01:darwin01/kernel/driverkit/KernBus.m:298:item	0	0.0	0		0	1
0x17ec84		objc	unmapped	unknown	single		0.0	0.0	5.385		0	0
0x17ed34		objc	candidate	low	single	darwin01:darwin01/kernel/driverkit/KernBus.m:330:free	0	0.0	3.534		0	1
0x17ed68		objc	candidate	low	single	darwin01:darwin01/kernel/driverkit/KernBus.m:338:reserveRange:	0	0.0	1.851		0	1
0x17ee54		objc	candidate	low	single	darwin01:darwin01/kernel/driverkit/KernBus.m:386:shareRange:	0	0.0	1.851		0	1
0x17ef70		objc	unmapped	unknown	single		0.0	0.0	0		0	0
0x17efe8		objc	candidate	low	single	darwin01:darwin01/kernel/driverkit/KernBus.m:483:_destroyRange:	0	0.0	1.851		0	1
0x17f070		objc	unmapped	unknown	single		0.0	0.0	3.534		0	0
0x17f0f8		objc	candidate	low	single	darwin01:darwin01/kernel/driverkit/KernBus.m:531:init	0	0.0	3.534		0	1
0x17f124		objc	candidate	low	single	darwin01:darwin01/kernel/driverkit/KernBus.m:536:free	0	0.0	1.851		0	1
0x17f164		objc	candidate	low	single	darwin01:darwin01/kernel/driverkit/KernBus.m:547:dealloc	0	0.0	3.534		0	1
0x17f198		objc	candidate	low	single	darwin01:darwin01/kernel/driverkit/KernBus.m:555:share	0	0.0	0		0	1
0x17f1b4		objc	candidate	low	single	darwin01:darwin01/kernel/driverkit/KernBus.m:565:range	0	0.0	0		0	1
0x17f1d4		objc	candidate	low	single	darwin01:darwin01/kernel/driverkit/KernBus.m:579:_addMapping	0	0.0	0		0	1
0x17f1e4		objc	candidate	low	single	darwin01:darwin01/kernel/driverkit/KernBus.m:586:_destroyMapping:	0	0.0	1.851		0	1
0x17f204		objc	unmapped	unknown	single		0.0	0.0	5.385		0	0
0x17f2fc		objc	candidate	low	single	darwin01:darwin01/kernel/driverkit/KernBus.m:644:free	0	0.0	5.385		0	1
0x17f348		objc	candidate	low	single	darwin01:darwin01/kernel/driverkit/KernBus.m:656:mappedRange	0	0.0	0		0	1
0x17f358		objc	candidate	low	single	darwin01:darwin01/kernel/driverkit/KernBus.m:667:initialize	0	0.0	1.851		0	1
0x17f3d4		objc	candidate	low	single	darwin01:darwin01/kernel/driverkit/KernBus.m:679:registerBusClass:name:	0	0.0	1.851		0	1
0x17f3fc		objc	candidate	low	single	darwin01:darwin01/kernel/driverkit/KernBus.m:686:registerBusInstance:name:busId:	0	0.0	1.851		0	1
0x17f488		objc	candidate	low	single	darwin01:darwin01/kernel/driverkit/KernBus.m:699:lookupBusClassWithName:	0	0.0	1.851		0	1
0x17f4a8		objc	candidate	low	single	darwin01:darwin01/kernel/driverkit/KernBus.m:704:lookupBusInstanceWithName:busId:	0	0.0	1.851		0	1
0x17f4e8		objc	candidate	low	single	darwin01:darwin01/kernel/driverkit/KernBus.m:716:init	0	0.0	5.385		0	1
0x17f54c		objc	candidate	low	single	darwin01:darwin01/kernel/driverkit/KernBus.m:726:free	0	0.0	3.534		0	1
0x17f580		objc	candidate	low	single	darwin01:darwin01/kernel/driverkit/KernBus.m:734:areResourcesActive	0	0.0	0		0	1
0x17f598		objc	candidate	low	single	darwin01:darwin01/kernel/driverkit/KernBus.m:739:deviceDescriptionFromConfigTable:	0	0.0	1.851		0	1
0x17f5c8		objc	candidate	low	single	darwin01:darwin01/kernel/driverkit/KernBus.m:748:allocateResourcesForDeviceDescription:	0	0.0	1.851		0	1
0x17f61c		objc	unmapped	unknown	single		0.0	0.0	1.851		0	0
0x17f664		objc	candidate	low	single	darwin01:darwin01/kernel/driverkit/KernBus.m:772:_deleteResourceWithKey:	0	0.0	1.851		0	1
0x17f6a8		objc	candidate	low	single	darwin01:darwin01/kernel/driverkit/KernBus.m:785:_lookupResourceWithKey:	0	0.0	1.851		0	1
0x17f6c8		objc	candidate	low	single	darwin01:darwin01/kernel/driverkit/KernBus.m:792:resourceNames	0	0.0	0		0	1
0x17f6d4		objc	candidate	low	single	darwin01:darwin01/kernel/driverkit/KernBus.m:799:configureDriverWithTable:	0	0.0	0		0	1
0x17f6e0		objc	candidate	low	single	darwin01:darwin01/kernel/driverkit/KernBus.m:804:busId	0	0.0	0		0	1
0x17f6f0		objc	candidate	low	single	darwin01:darwin01/kernel/driverkit/KernBus.m:809:setBusId:	0	0.0	0		0	1
0x17f700		objc	candidate	low	single	darwin01:darwin01/kernel/driverkit/KernBus.m:814:probeBus:	0	0.0	1.851		0	1
0x17f72c		objc	candidate	low	single	darwin01:darwin01/kernel/driverkit/KernBus.m:824:_resourceActive	0	0.0	0		0	1
0x17f73c		objc	candidate	low	single	darwin01:darwin01/kernel/driverkit/KernBus.m:829:_resourceInactive	0	0.0	0		0	1
0x17f74c	__KernBusMemoryCreateMapping	named	candidate	medium	single	darwin01:darwin01/kernel/driverkit/KernBusMemory.m:207:_KernBusMemoryCreateMapping	31.773	0.0	31.773	pmap_enter_cache_spec;vm_map_deallocate;vm_map_find;vm_map_inherit;vm_map_reference	0	1
0x17f84c		objc	unmapped	unknown	single		0.0	0.0	1.851		0	0
0x17f8a0		objc	unmapped	unknown	single		0.0	0.0	1.851		0	0
0x17f8f0		objc	unmapped	unknown	single		0.0	0.0	12.466		0	0
0x17f9a8		objc	unmapped	unknown	single		0.0	0.0	12.466		0	0
0x17fa54		objc	candidate	low	single	darwin01:darwin01/kernel/driverkit/KernBusMemory.m:184:free	5.578	0.0	10.962	vm_deallocate	0	1
0x17faac		objc	candidate	low	single	darwin01:darwin01/kernel/driverkit/KernBusMemory.m:194:task	0	0.0	0		0	1
0x17fabc		objc	candidate	low	single	darwin01:darwin01/kernel/driverkit/KernBusMemory.m:199:address	0	0.0	0		0	1
0x17facc	_KernBusInterruptDispatch	named	candidate	medium	single	darwin01:darwin01/kernel/driverkit/KernBusInterrupt.m:200:KernBusInterruptDispatch	12.542	0.0	12.542	KernLockAcquire;KernLockRelease	0	1
0x17fb4c	_KernBusInterruptSuspend	named	candidate	medium	single	darwin01:darwin01/kernel/driverkit/KernBusInterrupt.m:232:KernBusInterruptSuspend	12.542	0.0	12.542	KernLockAcquire;KernLockRelease	0	1
0x17fb8c	_KernBusInterruptResume	named	candidate	medium	single	darwin01:darwin01/kernel/driverkit/KernBusInterrupt.m:250:KernBusInterruptResume	12.542	0.0	12.542	KernLockAcquire;KernLockRelease	0	1
0x17fbc4		objc	unmapped	unknown	single		0.0	0.0	5.385		0	0
0x17fc98		objc	unmapped	unknown	single		0.0	0.0	1.851		0	0
0x17fcc0		objc	candidate	low	single	darwin01:darwin01/kernel/driverkit/KernBusInterrupt.m:79:free	0	0.0	5.385		0	1
0x17fd2c		objc	candidate	low	single	darwin01:darwin01/kernel/driverkit/KernBusInterrupt.m:93:dealloc	0	0.0	5.385		0	1
0x17fe04		objc	candidate	low	single	darwin01:darwin01/kernel/driverkit/KernBusInterrupt.m:120:attachDeviceInterrupt:	0	0	1.851		0	2
0x17fea4		objc	unmapped	unknown	single		0.0	0.0	1.851		0	0
0x17fec0		objc	candidate	low	single	darwin01:darwin01/kernel/driverkit/KernBusInterrupt.m:148:detachDeviceInterrupt:	0	0.0	1.851		0	1
0x17ff44		objc	candidate	low	single	darwin01:darwin01/kernel/driverkit/KernBusInterrupt.m:169:suspend	0	0.0	1.851		0	1
0x17ff8c		objc	candidate	low	single	darwin01:darwin01/kernel/driverkit/KernBusInterrupt.m:181:resume	0	0.0	1.851		0	1
0x17ffd8		unnamed	candidate	low	single	darwin01:darwin01/kernel/driverkit/KernDevice.m:346:_KernDeviceInterruptMsgCreate	3.519	0	11.274	kalloc	0	13
0x180078		unnamed	candidate	medium	single	darwin01:darwin01/kernel/driverkit/KernDevice.m:373:_KernDeviceInterruptMsgDestroy	16.105	12.542	22.927	KernLockAcquire;KernLockRelease;kfree	0	13
0x1800e0	_KernDeviceInterruptMsgRelease	named	candidate	medium	single	darwin01:darwin01/kernel/driverkit/KernDevice.m:394:KernDeviceInterruptMsgRelease	12.542	0.0	28.831	KernLockAcquire;KernLockRelease	0	1
0x180184	_KernDeviceInterruptDispatch	named	candidate	low	single	darwin01:darwin01/kernel/driverkit/KernDevice.m:416:KernDeviceInterruptDispatch	0	0.0	0		0	1
0x18019c	_KernDeviceInterruptDispatchShared	named	candidate	medium	single	darwin01:darwin01/kernel/driverkit/KernDevice.m:435:KernDeviceInterruptDispatchShared	8.468	0.0	8.468	IODisableInterrupt	0	1
0x1801c4	_IOEnableInterrupt	named	candidate	medium	single	darwin01:darwin01/kernel/driverkit/KernDevice.m:450:IOEnableInterrupt	21.01	0.0	21.01	KernBusInterruptResume;KernLockAcquire;KernLockRelease	0	1
0x180208	_IODisableInterrupt	named	candidate	medium	single	darwin01:darwin01/kernel/driverkit/KernDevice.m:471:IODisableInterrupt	21.01	0.0	21.01	KernBusInterruptSuspend;KernLockAcquire;KernLockRelease	0	1
0x18024c	_IOSendInterrupt	named	candidate	medium	single	darwin01:darwin01/kernel/driverkit/KernDevice.m:511:IOSendInterrupt	27.869	0.0	35.644	KernLockAcquire;KernLockRelease;curipl;ipc_mqueue_send_interrupt	0	1
0x1802e8		unnamed	candidate	low	conflicting	darwin01:darwin01/kernel/driverkit/KernDevice.m:551:_KernDeviceInterruptCallout	17.919	16.105	34.208	KernLockAcquire;KernLockRelease;ipc_mqueue_send	0	24
0x1803c4		objc	candidate	low	single	darwin01:darwin01/kernel/driverkit/KernDevice.m:56:initWithDeviceDescription:	0	0.0	5.385		0	1
0x180414		objc	candidate	low	single	darwin01:darwin01/kernel/driverkit/KernDevice.m:68:init	0	0.0	1.851		0	1
0x18042c		objc	candidate	low	single	darwin01:darwin01/kernel/driverkit/KernDevice.m:73:free	0	0.0	5.385		0	1
0x180468		objc	candidate	low	single	darwin01:darwin01/kernel/driverkit/KernDevice.m:80:deviceDescription	0	0.0	0		0	1
0x180478		objc	candidate	medium	single	darwin01:darwin01/kernel/driverkit/KernDevice.m:85:attachInterruptPort:	12.292	0.0	14.143	ipc_object_copyin;ipc_port_release_send	0	1
0x1805a8		objc	candidate	low	single	darwin01:darwin01/kernel/driverkit/KernDevice.m:129:detachInterruptPort	5.21	0.0	7.061	ipc_port_release_send	0	1
0x1805dc		objc	candidate	low	single	darwin01:darwin01/kernel/driverkit/KernDevice.m:142:interrupt:	0	0.0	1.851		0	1
0x1805fc		objc	candidate	low	single	darwin01:darwin01/kernel/driverkit/KernDevice.m:147:interrupts	0	0.0	0		0	1
0x18060c		objc	candidate	low	single	darwin01:darwin01/kernel/driverkit/KernDevice.m:156:_detachInterruptSources	0	0.0	1.851		0	1
0x180648		objc	candidate	low	single	darwin01:darwin01/kernel/driverkit/KernDevice.m:169:initWithInterruptPort:	0	0.0	5.385		1	1
0x1806b0		objc	candidate	low	single	darwin01:darwin01/kernel/driverkit/KernDevice.m:180:free	0	0.0	5.385		1	1
0x180704		objc	unmapped	unknown	single		0.0	0.0	1.851		0	0
0x1807f8		objc	unmapped	unknown	single		0.0	0.0	1.851		0	0
0x1808ec		objc	candidate	low	single	darwin01:darwin01/kernel/driverkit/KernDevice.m:269:detach	0	0.0	1.851		0	1
0x180980		objc	candidate	low	single	darwin01:darwin01/kernel/driverkit/KernDevice.m:296:suspend	0	0.0	1.851		0	1
0x1809f0		objc	candidate	low	single	darwin01:darwin01/kernel/driverkit/KernDevice.m:319:resume	0	0.0	1.851		0	1
0x180a60		objc	unmapped	unknown	single		0.0	0.0	1.851		0	0
0x180cd0		objc	unmapped	unknown	single		0.0	0.0	1.851		0	0
0x180f48		unnamed	candidate	low	single	darwin01:darwin01/kernel/driverkit/KernDevice.m:346:_KernDeviceInterruptMsgCreate	0	0	0		0	23
0x1810b8		objc	candidate	low	single	darwin01:darwin01/kernel/driverkit/KernDeviceDescription.m:92:initFromConfigTable:	0	0.0	21.628		1	1
0x181238		objc	candidate	low	single	darwin01:darwin01/kernel/driverkit/KernDeviceDescription.m:116:init	0	0.0	1.851		0	1
0x181254		objc	candidate	low	single	darwin01:darwin01/kernel/driverkit/KernDeviceDescription.m:121:free	0	0.0	5.385		0	1
0x1812e8		objc	candidate	low	single	darwin01:darwin01/kernel/driverkit/KernDeviceDescription.m:131:configTable	0	0.0	0		0	1
0x1812f8		objc	candidate	low	single	darwin01:darwin01/kernel/driverkit/KernDeviceDescription.m:136:setDevice:	0	0.0	0		0	1
0x18131c		objc	candidate	low	single	darwin01:darwin01/kernel/driverkit/KernDeviceDescription.m:147:device	0	0.0	0		0	1
0x18132c		objc	candidate	low	single	darwin01:darwin01/kernel/driverkit/KernDeviceDescription.m:152:busClass	0	0.0	0		0	1
0x18133c		objc	candidate	low	single	darwin01:darwin01/kernel/driverkit/KernDeviceDescription.m:157:setBus:	0	0.0	0		0	1
0x181350		objc	candidate	low	single	darwin01:darwin01/kernel/driverkit/KernDeviceDescription.m:163:bus	0	0.0	0		0	1
0x181360		objc	candidate	low	single	darwin01:darwin01/kernel/driverkit/KernDeviceDescription.m:168:stringForKey:	0	0.0	1.851		0	1
0x1813c0		objc	candidate	low	single	darwin01:darwin01/kernel/driverkit/KernDeviceDescription.m:181:resourcesForKey:	0	0.0	1.851		0	1
0x1813e0		objc	candidate	low	single	darwin01:darwin01/kernel/driverkit/KernDeviceDescription.m:186:setString:forKey:	0	0.0	15.63		0	1
0x181458		objc	candidate	low	single	darwin01:darwin01/kernel/driverkit/KernDeviceDescription.m:199:setResources:forKey:	0	0.0	8.373		0	1
0x181500		objc	candidate	low	single	darwin01:darwin01/kernel/driverkit/KernDeviceDescription.m:214:removeStringForKey:	0	0.0	6.015		0	1
0x181554		objc	candidate	low	single	darwin01:darwin01/kernel/driverkit/KernDeviceDescription.m:226:removeResourcesForKey:	0	0.0	8.373		0	1
0x181614		objc	candidate	low	single	darwin01:darwin01/kernel/driverkit/KernDeviceDescription.m:242:interrupts	0	0.0	0		0	1
0x181624		objc	candidate	low	single	darwin01:darwin01/kernel/driverkit/KernDeviceDescription.m:247:initStringState	0	0.0	1.851		0	1
0x181640		objc	unmapped	unknown	single		0.0	0.0	1.851		0	0
0x18166c		objc	candidate	low	single	darwin01:darwin01/kernel/driverkit/KernDeviceDescription.m:259:initResourcesState	0	0.0	1.851		0	1
0x181688		objc	unmapped	unknown	single		0.0	0.0	1.851		0	0
0x1816b4		objc	candidate	medium	single	darwin01:darwin01/kernel/driverkit/KernDeviceDescription.m:271:allocateResourcesForKey:	7.775	0.0	9.626	strchr	0	1
0x181730		objc	candidate	medium	single	darwin01:darwin01/kernel/driverkit/KernDeviceDescription.m:552:_isShared:	13.678	0.0	15.529	Share %s;sprintf	0	1
0x181784		objc	candidate	medium	single	darwin01:darwin01/kernel/driverkit/KernDeviceDescription.m:567:_parseRangeResourceByKey:value:	19.662	0.0	21.512	%s: Couldn't locate resource o;%s: Couldn't reserve range %08;printf	2	1
0x1818ec		objc	candidate	medium	single	darwin01:darwin01/kernel/driverkit/KernDeviceDescription.m:605:_parseItemResourceByKey:value:	19.662	0.0	21.512	%s: Couldn't locate resource o;%s: Couldn't reserve %d\n;printf	1	1
0x181a08		unnamed	candidate	low	single	darwin01:darwin01/kernel/driverkit/KernDevice.m:346:_KernDeviceInterruptMsgCreate	0	0	0		0	23
0x181a10		unnamed	candidate	low	single	darwin01:darwin01/kernel/driverkit/KernDeviceDescription.m:70:freeString	4.164	4.164	4.164	IOFree	0	23
0x181a38		unnamed	candidate	low	single	darwin01:darwin01/kernel/driverkit/KernDevice.m:346:_KernDeviceInterruptMsgCreate	0	0	1.851		0	23
0x181a60		objc	candidate	low	single	darwin01:darwin01/kernel/driverkit/KernStringList.m:73:initWithWhitespaceDelimitedString:	5.249	0.0	12.975	strncpy	0	1
0x181bc0		objc	candidate	low	single	darwin01:darwin01/kernel/driverkit/KernStringList.m:67:init	0	0.0	1.851		0	1
0x181bdc		objc	candidate	low	single	darwin01:darwin01/kernel/driverkit/KernStringList.m:112:free	0	0.0	7.698		0	1
0x181c54		objc	candidate	low	single	darwin01:darwin01/kernel/driverkit/KernStringList.m:123:count	0	0.0	0		0	1
0x181c64		objc	candidate	low	single	darwin01:darwin01/kernel/driverkit/KernStringList.m:128:stringAt:	0	0.0	0		0	1
0x181c84		objc	candidate	low	single	darwin01:darwin01/kernel/driverkit/KernStringList.m:135:lastString	0	0.0	0		0	1
0x181c98	_dev_server_init	named	candidate	medium	single	darwin01:darwin01/kernel/driverkit/driverServerXXX.m:73:dev_server_init	16.936	0.0	16.936	dma_initialize;initDmaLock	0	1
0x181cac	_convert_port_to_dev	named	candidate	low	single	darwin01:darwin01/kernel/driverkit/driverServerXXX.m:91:convert_port_to_dev	0	0.0	0		0	1
0x181ce8	_create_dev_port	named	candidate	medium	single	darwin01:darwin01/kernel/driverkit/driverServerXXX.m:112:create_dev_port	12.331	0.0	18.854	IOConvertPort;ipc_kobject_set	0	1
0x181d28	_destroy_dev_port	named	candidate	medium	single	darwin01:darwin01/kernel/driverkit/driverServerXXX.m:127:destroy_dev_port	12.842	0.0	12.842	IOConvertPort;ipc_port_destroy	0	1
0x181d64	_kern_IOLookupByObjectNumber	named	candidate	low	single	darwin01:darwin01/kernel/driverkit/driverServerXXX.m:144:kern_IOLookupByObjectNumber	0	0.0	1.851		0	1
0x181d9c	_kern_IOLookupByDeviceName	named	candidate	low	single	darwin01:darwin01/kernel/driverkit/driverServerXXX.m:161:kern_IOLookupByDeviceName	0	0.0	1.851		0	1
0x181dd4	_kern_IOGetIntValues	named	candidate	low	single	darwin01:darwin01/kernel/driverkit/driverServerXXX.m:179:kern_IOGetIntValues	0	0.0	1.851		0	1
0x181e24	_kern_IOGetCharValues	named	candidate	low	single	darwin01:darwin01/kernel/driverkit/driverServerXXX.m:202:kern_IOGetCharValues	0	0.0	1.851		0	1
0x181e74	_kern_IOSetIntValues	named	candidate	low	single	darwin01:darwin01/kernel/driverkit/driverServerXXX.m:225:kern_IOSetIntValues	0	0.0	1.851		0	1
0x181eb0	_kern_IOSetCharValues	named	candidate	low	single	darwin01:darwin01/kernel/driverkit/driverServerXXX.m:241:kern_IOSetCharValues	0	0.0	1.851		0	1
0x181eec	_kern_IOGetEISADeviceConfig	named	candidate	low	single	darwin01:darwin01/kernel/driverkit/driverServerXXX.m:376:kern_IOGetEISADeviceConfig	0	0.0	28.836		0	1
0x1820e0	_kern_IOMapEISADevicePorts	named	candidate	medium	single	darwin01:darwin01/kernel/driverkit/driverServerXXX.m:439:kern_IOMapEISADevicePorts	7.775	0.0	7.775	kern_dev_map_port_com	0	1
0x182118	_kern_IOUnMapEISADevicePorts	named	candidate	medium	single	darwin01:darwin01/kernel/driverkit/driverServerXXX.m:458:kern_IOUnMapEISADevicePorts	7.775	0.0	7.775	kern_dev_map_port_com	0	1
0x182150	_kern_IOMapEISADeviceMemory	named	candidate	medium	single	darwin01:darwin01/kernel/driverkit/driverServerXXX.m:477:kern_IOMapEISADeviceMemory	8.468	0.0	8.468	kern_dev_map_phys	0	1
0x182190	_kern_dev_map_port_com	named	candidate	medium	single	darwin01:darwin01/kernel/driverkit/driverServerXXX.m:505:kern_dev_map_port_com	8.468	0.0	17.178	task_map_io_ports	0	1
0x182220	_kern_dev_map_phys	named	candidate	medium	single	darwin01:darwin01/kernel/driverkit/driverServerXXX.m:535:kern_dev_map_phys	19.742	0.0	28.115	pmap_enter_cache_spec;vm_map_find;vm_map_inherit	0	1
0x1823c8	_kern_IOProbeDriver	named	candidate	medium	single	darwin01:darwin01/kernel/driverkit/driverServerXXX.m:629:kern_IOProbeDriver	18.531	0.0	20.381	IOForkThread;IOFree;IOMalloc;bcopy	0	1
0x182484	_kern_IOGetDriverConfig	named	candidate	medium	single	darwin01:darwin01/kernel/driverkit/driverServerXXX.m:669:kern_IOGetDriverConfig	10.868	0.0	10.868	bcopy;findBootConfigString	0	1
0x182500	_kern_IOGetSystemConfig	named	candidate	low	single	darwin01:darwin01/kernel/driverkit/driverServerXXX.m:698:kern_IOGetSystemConfig	0	0.0	10.868		0	1
0x182578	_kern_IOUnloadDriver	named	candidate	medium	single	darwin01:darwin01/kernel/driverkit/driverServerXXX.m:711:kern_IOUnloadDriver	25.126	0.0	26.977	Driver Name;IOLog;IOUnloadDriver: Couldn't find ;objc_getClass	0	1
0x182620	_kern_IOMapDeviceMemory	named	candidate	low	single	darwin01:darwin01/kernel/driverkit/driverServerXXX.m:820:kern_IOMapDeviceMemory	0	0.0	28.115		0	1
0x1827f0		unnamed	candidate	low	single	darwin01:darwin01/kernel/driverkit/KernStringList.m:38:my_malloc	0	0	21.716		0	42
0x182a0c	_driverServer_server	named	unmapped	unknown	single		0.0	0.0	8.468		0	0
0x182a84	_driverServer_server_routine	named	unmapped	unknown	single		0.0	0.0	0		0	0
0x182aac		unnamed	candidate	low	single	darwin01:darwin01/kernel/driverkit/KernStringList.m:38:my_malloc	0	0	13.758		0	42
0x182b1c		unnamed	candidate	low	single	darwin01:darwin01/kernel/driverkit/KernStringList.m:38:my_malloc	0	0	13.758		0	42
0x182b8c		unnamed	candidate	low	single	darwin01:darwin01/kernel/driverkit/KernStringList.m:38:my_malloc	0	0	13.758		0	42
0x182c34		unnamed	candidate	low	single	darwin01:darwin01/kernel/driverkit/KernStringList.m:38:my_malloc	0	0	13.758		0	42
0x182ce0		unnamed	candidate	low	single	darwin01:darwin01/kernel/driverkit/KernStringList.m:38:my_malloc	0	0	15.145		0	42
0x182d68		unnamed	candidate	low	single	darwin01:darwin01/kernel/driverkit/KernStringList.m:38:my_malloc	0	0	15.145		0	42
0x182df0		unnamed	candidate	low	single	darwin01:darwin01/kernel/driverkit/KernStringList.m:38:my_malloc	0	0	30.781		0	42
0x182e6c		unnamed	candidate	low	single	darwin01:darwin01/kernel/driverkit/KernStringList.m:38:my_malloc	0	0	30.781		0	42
0x182ee8		unnamed	candidate	low	single	darwin01:darwin01/kernel/driverkit/KernStringList.m:38:my_malloc	0	0	31.494		0	42
0x182fc8		unnamed	candidate	low	single	darwin01:darwin01/kernel/driverkit/KernStringList.m:38:my_malloc	0	0	13.758		0	42
0x183030		unnamed	candidate	low	single	darwin01:darwin01/kernel/driverkit/KernStringList.m:38:my_malloc	0	0	13.758		0	42
0x1830c0		unnamed	candidate	low	single	darwin01:darwin01/kernel/driverkit/KernStringList.m:38:my_malloc	0	0	13.758		0	42
0x183128		unnamed	candidate	medium	single	darwin01:darwin01/kernel/driverkit/driverServerXXX.m:698:kern_IOGetSystemConfig	8.468	0	13.758	kern_IOGetDriverConfig	0	42
0x1831c8		unnamed	candidate	low	single	darwin01:darwin01/kernel/driverkit/KernStringList.m:38:my_malloc	0	0	13.758		0	42
0x183220		unnamed	candidate	low	single	darwin01:darwin01/kernel/driverkit/KernStringList.m:38:my_malloc	0	0	13.758		0	42
0x183274		unnamed	candidate	low	single	darwin01:darwin01/kernel/driverkit/KernStringList.m:38:my_malloc	0	0	13.758		0	42
0x1832c8		unnamed	candidate	low	single	darwin01:darwin01/kernel/driverkit/KernStringList.m:38:my_malloc	0	0	13.758		0	42
0x183320		unnamed	candidate	low	single	darwin01:darwin01/kernel/driverkit/KernStringList.m:38:my_malloc	0	0	13.758		0	42
0x18335c	_sd_init_idmap	named	candidate	medium	single	darwin01:darwin01/kernel/bsd/dev/SCSIDiskKern.m:131:sd_init_idmap	7.8	0.0	7.8	IOMalloc;bzero	0	1
0x18347c	_sd_idmap	named	candidate	low	single	darwin01:darwin01/kernel/bsd/dev/SCSIDiskKern.m:164:sd_idmap	0	0.0	0		0	1
0x183488	_sdopen	named	candidate	low	single	darwin01:darwin01/kernel/bsd/dev/SCSIDiskKern.m:169:sdopen	0	0	32.168		1	3
0x18355c	_sdclose	named	candidate	low	single	nextmach:nextmach/mk-108.1/nextdev/sd.c:753:sdclose	0	0	1.851		1	2
0x1835d8	_sdread	named	candidate	low	single	nextmach:nextmach/mk-108.1/stand/sd.c:416:sdread	0	0.0	21.786		2	1
0x183790	_sdwrite	named	candidate	low	single	nextmach:nextmach/mk-108.1/nextdev/sd.c:811:sdwrite	7.775	0.0	21.95	physio	2	1
0x183920	_sdstrategy	named	candidate	low	single	nextmach:nextmach/mk-108.1/nextdev/sd.c:831:sdstrategy	6.676	0	8.527	biodone	1	2
0x1839ec	_sdioctl	named	candidate	medium	single	nextmach:nextmach/mk-108.1/nextdev/sd.c:1769:sdioctl	12.768	0.0	28.398	bzero;copyin;copyout	0	1
0x18409c	_sdsize	named	unmapped	unknown	single		0.0	0.0	1.851		1	0
0x1840d0		unnamed	candidate	low	single	darwin01:darwin01/kernel/bsd/dev/SCSIDiskKern.m:131:sd_init_idmap	0	0	0		0	68
0x1840ec		unnamed	candidate	low	single	darwin01:darwin01/kernel/bsd/dev/SCSIDiskKern.m:131:sd_init_idmap	0	0	0		0	68
0x18414c		unnamed	candidate	low	single	darwin01:darwin01/kernel/bsd/dev/SCSIDiskKern.m:131:sd_init_idmap	0	0	0		0	68
0x184178	_sgopen	named	candidate	low	single	darwin01:darwin01/kernel/bsd/dev/SCSIGenericKern.m:71:sgopen	0	0	1.851		1	2
0x1841bc	_sgclose	named	candidate	low	single	darwin01:darwin01/kernel/bsd/dev/SCSIGenericKern.m:95:sgclose	0	0	1.851		1	2
0x1841f0	_sgioctl	named	candidate	low	single	darwin01:darwin01/kernel/bsd/dev/SCSIGenericKern.m:112:sgioctl	4.755	0.0	6.605	suser	2	1
0x18447c		unnamed	candidate	low	single	darwin01:darwin01/kernel/bsd/dev/SCSIGenericKern.m:71:sgopen	0	0	0		0	68
0x18449c		unnamed	candidate	medium	single	darwin01:darwin01/kernel/bsd/dev/SCSIGenericKern.m:258:sg_doiocreq	40.034	12.768	41.885	IOFree;IOPanic;bzero;copyin;copyout;ns_time_to_timeval;sg_doiocreq: no scsi_req ptr	0	68
0x18494c	_IOInitDDM	named	candidate	low	conflicting	darwin01:darwin01/kernel/driverkit/ddm.c:100:IOInitDDM	12.66	12.66	12.66	IOClearDDM;IOMalloc	0	2
0x1849a0	_IOAddDDMEntry	named	candidate	medium	single	darwin01:darwin01/kernel/driverkit/ddm.c:141:IOAddDDMEntry	12.991	5.635	12.991	IOGetTimestamp;splhigh;splx	0	2
0x184a58	_IOClearDDM	named	candidate	low	identical-bodies	darwin01:darwin01/kernel/driverkit/ddm.c:195:IOClearDDM; darwin01-dk:darwin01/driverkit-1/libDriver/User/debugging.m:162:IOClearDDM	0	0.0	0		0	2
0x184a74	_IOSetDDMMask	named	candidate	medium	identical-bodies	darwin01:darwin01/kernel/driverkit/ddm.c:205:IOSetDDMMask; darwin01-dk:darwin01/driverkit-1/libDriver/User/debugging.m:172:IOSetDDMMask	11.974	0.0	11.974	IOLog;xprSetBitmask: illegal index (	0	2
0x184aa0	_IOGetDDMMask	named	candidate	medium	identical-bodies	darwin01:darwin01/kernel/driverkit/ddm.c:214:IOGetDDMMask; darwin01-dk:darwin01/driverkit-1/libDriver/User/debugging.m:181:IOGetDDMMask	11.974	0.0	11.974	IOLog;xprGetBitmask: illegal index (	0	2
0x184ac8	_IOGetDDMEntry	named	candidate	medium	identical-bodies	darwin01:darwin01/kernel/driverkit/ddm.c:228:IOGetDDMEntry; darwin01-dk:darwin01/driverkit-1/libDriver/User/debugging.m:195:IOGetDDMEntry	10.634	0.0	10.634	sprintf;strcpy	0	2
0x184b84	_IOCopyString	named	candidate	low	conflicting	darwin01:darwin01/kernel/driverkit/ddm.c:266:IOCopyString	9.615	9.615	9.615	IOMalloc;strcpy	0	2
0x184bb8	_volopen	named	candidate	low	identical-bodies	darwin01:darwin01/kernel/bsd/dev/vol.c:250:volopen; nextmach:nextmach/mk-108.1/nextdev/vol.c:189:volopen	0	0.0	0		0	2
0x184be0	_volclose	named	candidate	low	identical-bodies	darwin01:darwin01/kernel/bsd/dev/vol.c:260:volclose; nextmach:nextmach/mk-108.1/nextdev/vol.c:199:volclose	0	0.0	0		0	2
0x184bf0	_volioctl	named	candidate	low	single	darwin01:darwin01/kernel/bsd/dev/vol.c:266:volioctl	34.437	26.662	34.437	get_kern_port;kfree;lock_done;lock_write;port_request_notification;vol_notify_cancel	1	2
0x184d70	_vol_notify_dev	named	candidate	low	single	darwin01-dk:darwin01/driverkit-1/libDriver/User/volDriver.m:92:vol_notify_dev	0	0.0	0		1	1
0x184d9c		unnamed	candidate	low	conflicting	darwin01:darwin01/kernel/bsd/dev/vol.c:413:vol_notify_com	28.605	28.605	28.605	kalloc;lock_done;lock_init;lock_write;msg_send_from_kernel;strcpy	0	38
0x184f50	_vol_notify_cancel	named	candidate	low	single	darwin01-dk:darwin01/driverkit-1/libDriver/User/volDriver.m:108:vol_notify_cancel	0	0.0	17.396		0	1
0x184ffc	_vol_panel_request	named	candidate	low	conflicting	darwin01:darwin01/kernel/bsd/dev/vol.c:576:vol_panel_request	88.218	88.218	103.363	***File System %s Full***\n;***Swap Device Full***\n;Floppy;Optical;Please Eject %s Disk %d\n;Please Insert %s Disk %d in Dr;Please Insert %s Disk '%s' in ;SCSI;kalloc;msg_send_from_kernel;printf;strcpy;vol_panel_request: bogus panel	0	3
0x185274	_vol_panel_remove	named	candidate	low	single	darwin01-dk:darwin01/driverkit-1/libDriver/User/volDriver.m:226:vol_panel_remove	0	0.0	24.798		1	1
0x1852f8	_vol_panel_disk_num	named	candidate	low	identical-bodies	darwin01:darwin01/kernel/bsd/dev/vol.c:741:vol_panel_disk_num; darwin01-dk:darwin01/driverkit-1/libDriver/User/volDriver.m:180:vol_panel_disk_num; nextmach:nextmach/mk-108.1/nextdev/vol.c:631:vol_panel_disk_num	0	0.0	62.408		0	3
0x185584	_vol_panel_disk_label	named	candidate	low	identical-bodies	darwin01:darwin01/kernel/bsd/dev/vol.c:762:vol_panel_disk_label; darwin01-dk:darwin01/driverkit-1/libDriver/User/volDriver.m:201:vol_panel_disk_label; nextmach:nextmach/mk-108.1/nextdev/vol.c:652:vol_panel_disk_label	0	0.0	77.958		0	3
0x1857fc		unnamed	candidate	low	single	darwin01:darwin01/kernel/bsd/dev/vol.c:250:volopen; nextmach:nextmach/mk-108.1/nextdev/vol.c:189:volopen	0	0	0		0	38
0x18585c		unnamed	candidate	low	single	darwin01:darwin01/kernel/bsd/dev/vol.c:266:volioctl	3.563	3.563	3.563	kfree	0	38
0x185900	_vol_start_thread	named	candidate	medium	single	darwin01:darwin01/kernel/bsd/dev/vol.c:928:vol_start_thread	31.0	17.359	31.0	ipc_port_alloc;kernel_thread;lock_init;printf;vol_start_thread: port_alloc r	0	2
0x1859a0	_vol_check_manual_poll	named	candidate	low	identical-bodies	darwin01:darwin01/kernel/bsd/dev/vol.c:956:vol_check_manual_poll; darwin01-dk:darwin01/driverkit-1/libDriver/User/volDriver.m:367:vol_check_manual_poll	0	0.0	0		0	2
0x1859c8	_vol_check_set_poll	named	candidate	low	identical-bodies	darwin01:darwin01/kernel/bsd/dev/vol.c:970:vol_check_set_poll; darwin01-dk:darwin01/driverkit-1/libDriver/User/volDriver.m:381:vol_check_set_poll	0	0.0	0		0	2
0x1859dc		unnamed	candidate	low	conflicting	darwin01:darwin01/kernel/bsd/dev/vol.c:783:vol_thread	25.135	25.135	33.603	kalloc;kfree;msg_receive;printf;vol_thread: msg_receive() retu	2	51
0x185a8c	_kdp_getstate	named	candidate	low	single	darwin01:darwin01/kernel/machdep/i386/kdp_machdep.c:69:kdp_getstate	0	0.0	0		0	1
0x185b1c	_kdp_setstate	named	candidate	low	single	darwin01:darwin01/kernel/machdep/i386/kdp_machdep.c:98:kdp_setstate	0	0.0	0		0	1
0x185b70	_kdp_exception	named	candidate	low	single	darwin01:darwin01/kernel/machdep/i386/kdp_machdep.c:125:kdp_exception	0	0.0	0		0	1
0x185be8	_kdp_exception_ack	named	candidate	low	single	darwin01:darwin01/kernel/machdep/i386/kdp_machdep.c:157:kdp_exception_ack	0	0.0	0		0	1
0x185c1c	_kdp_machine_read_regs	named	candidate	low	single	darwin01:darwin01/kernel/machdep/i386/kdp_machdep.c:179:kdp_machine_read_regs	0	0.0	0		0	1
0x185cf0	_kdp_machine_write_regs	named	candidate	low	single	darwin01:darwin01/kernel/machdep/i386/kdp_machdep.c:208:kdp_machine_write_regs	0	0.0	0		0	1
0x185d60	_kdp_machine_hostinfo	named	candidate	low	single	darwin01:darwin01/kernel/machdep/i386/kdp_machdep.c:233:kdp_machine_hostinfo	0	0.0	0		0	1
0x185d80	_kdp_panic	named	candidate	medium	single	darwin01:darwin01/kernel/machdep/i386/kdp_machdep.c:243:kdp_panic	14.634	0.0	14.634	kdp panic: %s\n;safe_prf	0	1
0x185d98	_kdp_reboot	named	candidate	medium	single	darwin01:darwin01/kernel/machdep/i386/kdp_machdep.c:254:kdp_reboot	7.37	0.0	7.37	keyboard_reboot	0	1
0x185da4	_kdp_intr_disbl	named	candidate	medium	single	darwin01:darwin01/kernel/machdep/i386/kdp_machdep.c:260:kdp_intr_disbl	7.37	0.0	7.37	intr_disbl	0	1
0x185db0	_kdp_intr_enbl	named	candidate	medium	single	darwin01:darwin01/kernel/machdep/i386/kdp_machdep.c:266:kdp_intr_enbl	8.468	0.0	8.468	intr_enbl	0	1
0x185dc0	_kdp_en_send_pkt	named	unmapped	unknown	single		0.0	0.0	8.468		0	0
0x185dd4	_kdp_en_recv_pkt	named	unmapped	unknown	single		0.0	0.0	8.468		0	0
0x185dec	_kdp_us_spin	named	candidate	low	single	darwin01:darwin01/kernel/machdep/i386/kdp_machdep.c:272:kdp_us_spin	5.424	0.0	5.424	us_spin	0	1
0x185dfc	_kdp_flush_cache	named	candidate	low	single	darwin01:darwin01/kernel/machdep/i386/kdp_machdep.c:278:kdp_flush_cache	0	0.0	0		0	1
0x185e04		unnamed	candidate	medium	single	darwin01:darwin01/kernel/machdep/i386/miniMonMachdep.c:100:miniMonDump	22.409	6.166	22.409	%08x ;%08x : ;safe_prf	0	48
0x185fb0	_miniMonReboot	named	candidate	medium	single	darwin01:darwin01/kernel/machdep/i386/miniMonMachdep.c:152:miniMonReboot	7.37	0.0	7.37	keyboard_reboot	0	1
0x185fc0	_miniMonHalt	named	candidate	medium	single	darwin01:darwin01/kernel/machdep/i386/miniMonMachdep.c:162:miniMonHalt	8.468	0.0	8.468	reboot_mach	0	1
0x185fd0	_miniMonGdb	named	candidate	low	single	darwin01:darwin01/kernel/machdep/i386/miniMonMachdep.c:169:miniMonGdb	0	0.0	0		0	1
0x185fdc	_miniMonTryGetchar	named	candidate	medium	single	darwin01:darwin01/kernel/machdep/i386/miniMonMachdep.c:176:miniMonTryGetchar	7.082	0.0	7.082	kmtrygetc	0	1
0x185fe8	_miniMonGetchar	named	candidate	medium	single	darwin01:darwin01/kernel/machdep/i386/miniMonMachdep.c:182:miniMonGetchar	14.857	0.0	14.857	kmputc;kmtrygetc	0	1
0x186038	_miniMonPutchar	named	candidate	medium	single	darwin01:darwin01/kernel/machdep/i386/miniMonMachdep.c:207:miniMonPutchar	7.775	0.0	7.775	kmputc	0	1
0x18604c		unnamed	candidate	medium	single	darwin01:darwin01/kernel/machdep/i386/miniMonMachdep.c:43:miniMonBacktrace	19.662	0	19.662	State pointer = 0x%x\n;_i386_backtrace;printf	0	24
0x1860dc	_start	named	unmapped	unknown	single		0.0	0.0	50.809		0	0
0x186138	_trp_divr	named	unmapped	unknown	single		0.0	0.0	0		0	0
0x186144	_trp_debg	named	unmapped	unknown	single		0.0	0.0	0		0	0
0x186150	_int__nmi	named	unmapped	unknown	single		0.0	0.0	0		0	0
0x18615c	_trp_brpt	named	unmapped	unknown	single		0.0	0.0	0		0	0
0x186168	_trp_over	named	unmapped	unknown	single		0.0	0.0	0		0	0
0x186174	_flt_bnds	named	unmapped	unknown	single		0.0	0.0	0		0	0
0x186180	_flt_opcd	named	unmapped	unknown	single		0.0	0.0	0		0	0
0x18618c	_flt_ncpr	named	unmapped	unknown	single		0.0	0.0	0		0	0
0x186198	_abt_dblf	named	unmapped	unknown	single		0.0	0.0	0		0	0
0x1861a0	_abt_over	named	unmapped	unknown	single		0.0	0.0	0		0	0
0x1861ac	_flt_btss	named	unmapped	unknown	single		0.0	0.0	0		0	0
0x1861b4	_flt_bseg	named	unmapped	unknown	single		0.0	0.0	0		0	0
0x1861bc	_flt_bstk	named	unmapped	unknown	single		0.0	0.0	0		0	0
0x1861c4	_flt_prot	named	unmapped	unknown	single		0.0	0.0	0		0	0
0x1861cc	_flt_page	named	unmapped	unknown	single		0.0	0.0	0		0	0
0x1861d4	_trp_0x0F	named	unmapped	unknown	single		0.0	0.0	0		0	0
0x1861e0	_flt_bcpr	named	unmapped	unknown	single		0.0	0.0	0		0	0
0x1861ec	_trp_0x11	named	unmapped	unknown	single		0.0	0.0	0		0	0
0x1861f8	_trp_0x12	named	unmapped	unknown	single		0.0	0.0	0		0	0
0x186204	_trp_0x13	named	unmapped	unknown	single		0.0	0.0	0		0	0
0x186210	_trp_0x14	named	unmapped	unknown	single		0.0	0.0	0		0	0
0x18621c	_trp_0x15	named	unmapped	unknown	single		0.0	0.0	0		0	0
0x186228	_trp_0x16	named	unmapped	unknown	single		0.0	0.0	0		0	0
0x186234	_trp_0x17	named	unmapped	unknown	single		0.0	0.0	0		0	0
0x186240	_trp_0x18	named	unmapped	unknown	single		0.0	0.0	0		0	0
0x18624c	_trp_0x19	named	unmapped	unknown	single		0.0	0.0	0		0	0
0x186258	_trp_0x1A	named	unmapped	unknown	single		0.0	0.0	0		0	0
0x186264	_trp_0x1B	named	unmapped	unknown	single		0.0	0.0	0		0	0
0x186270	_trp_0x1C	named	unmapped	unknown	single		0.0	0.0	0		0	0
0x18627c	_trp_0x1D	named	unmapped	unknown	single		0.0	0.0	0		0	0
0x186288	_trp_0x1E	named	unmapped	unknown	single		0.0	0.0	0		0	0
0x186294	_trp_0x1F	named	unmapped	unknown	single		0.0	0.0	0		0	0
0x1862a0	_trp_0x20	named	unmapped	unknown	single		0.0	0.0	0		0	0
0x1862ac	_trp_0x21	named	unmapped	unknown	single		0.0	0.0	0		0	0
0x1862b8	_trp_0x22	named	unmapped	unknown	single		0.0	0.0	0		0	0
0x1862c4	_trp_0x23	named	unmapped	unknown	single		0.0	0.0	0		0	0
0x1862d0	_trp_0x24	named	unmapped	unknown	single		0.0	0.0	0		0	0
0x1862dc	_trp_0x25	named	unmapped	unknown	single		0.0	0.0	0		0	0
0x1862e8	_trp_0x26	named	unmapped	unknown	single		0.0	0.0	0		0	0
0x1862f4	_trp_0x27	named	unmapped	unknown	single		0.0	0.0	0		0	0
0x186300	_trp_0x28	named	unmapped	unknown	single		0.0	0.0	0		0	0
0x18630c	_trp_0x29	named	unmapped	unknown	single		0.0	0.0	0		0	0
0x186318	_trp_0x2A	named	unmapped	unknown	single		0.0	0.0	0		0	0
0x186324	_trp_0x2B	named	unmapped	unknown	single		0.0	0.0	0		0	0
0x186330	_trp_0x2C	named	unmapped	unknown	single		0.0	0.0	0		0	0
0x18633c	_trp_0x2D	named	unmapped	unknown	single		0.0	0.0	0		0	0
0x186348	_trp_0x2E	named	unmapped	unknown	single		0.0	0.0	0		0	0
0x186354	_trp_0x2F	named	unmapped	unknown	single		0.0	0.0	0		0	0
0x186360	_trp_0x30	named	unmapped	unknown	single		0.0	0.0	0		0	0
0x18636c	_trp_0x31	named	unmapped	unknown	single		0.0	0.0	0		0	0
0x186378	_trp_0x32	named	unmapped	unknown	single		0.0	0.0	0		0	0
0x186384	_trp_0x33	named	unmapped	unknown	single		0.0	0.0	0		0	0
0x186390	_trp_0x34	named	unmapped	unknown	single		0.0	0.0	0		0	0
0x18639c	_trp_0x35	named	unmapped	unknown	single		0.0	0.0	0		0	0
0x1863a8	_trp_0x36	named	unmapped	unknown	single		0.0	0.0	0		0	0
0x1863b4	_trp_0x37	named	unmapped	unknown	single		0.0	0.0	0		0	0
0x1863c0	_trp_0x38	named	unmapped	unknown	single		0.0	0.0	0		0	0
0x1863cc	_trp_0x39	named	unmapped	unknown	single		0.0	0.0	0		0	0
0x1863d8	_trp_0x3A	named	unmapped	unknown	single		0.0	0.0	0		0	0
0x1863e4	_trp_0x3B	named	unmapped	unknown	single		0.0	0.0	0		0	0
0x1863f0	_trp_0x3C	named	unmapped	unknown	single		0.0	0.0	0		0	0
0x1863fc	_trp_0x3D	named	unmapped	unknown	single		0.0	0.0	0		0	0
0x186408	_trp_0x3E	named	unmapped	unknown	single		0.0	0.0	0		0	0
0x186414	_trp_0x3F	named	unmapped	unknown	single		0.0	0.0	0		0	0
0x186420	_int_0x40	named	unmapped	unknown	single		0.0	0.0	0		0	0
0x18642c	_int_0x41	named	unmapped	unknown	single		0.0	0.0	0		0	0
0x186438	_int_0x42	named	unmapped	unknown	single		0.0	0.0	0		0	0
0x186444	_int_0x43	named	unmapped	unknown	single		0.0	0.0	0		0	0
0x186450	_int_0x44	named	unmapped	unknown	single		0.0	0.0	0		0	0
0x18645c	_int_0x45	named	unmapped	unknown	single		0.0	0.0	0		0	0
0x186468	_int_0x46	named	unmapped	unknown	single		0.0	0.0	0		0	0
0x186474	_int_0x47	named	unmapped	unknown	single		0.0	0.0	0		0	0
0x186480	_int_0x48	named	unmapped	unknown	single		0.0	0.0	0		0	0
0x18648c	_int_0x49	named	unmapped	unknown	single		0.0	0.0	0		0	0
0x186498	_int_0x4A	named	unmapped	unknown	single		0.0	0.0	0		0	0
0x1864a4	_int_0x4B	named	unmapped	unknown	single		0.0	0.0	0		0	0
0x1864b0	_int_0x4C	named	unmapped	unknown	single		0.0	0.0	0		0	0
0x1864bc	_int_0x4D	named	unmapped	unknown	single		0.0	0.0	0		0	0
0x1864c8	_int_0x4E	named	unmapped	unknown	single		0.0	0.0	0		0	0
0x1864d4	_int_0x4F	named	unmapped	unknown	single		0.0	0.0	0		0	0
0x1864e0	_int_0x50	named	unmapped	unknown	single		0.0	0.0	0		0	0
0x1864ec	_int_0x51	named	unmapped	unknown	single		0.0	0.0	0		0	0
0x1864f8	_int_0x52	named	unmapped	unknown	single		0.0	0.0	0		0	0
0x186504	_int_0x53	named	unmapped	unknown	single		0.0	0.0	0		0	0
0x186510	_int_0x54	named	unmapped	unknown	single		0.0	0.0	0		0	0
0x18651c	_int_0x55	named	unmapped	unknown	single		0.0	0.0	0		0	0
0x186528	_int_0x56	named	unmapped	unknown	single		0.0	0.0	0		0	0
0x186534	_int_0x57	named	unmapped	unknown	single		0.0	0.0	0		0	0
0x186540	_int_0x58	named	unmapped	unknown	single		0.0	0.0	0		0	0
0x18654c	_int_0x59	named	unmapped	unknown	single		0.0	0.0	0		0	0
0x186558	_int_0x5A	named	unmapped	unknown	single		0.0	0.0	0		0	0
0x186564	_int_0x5B	named	unmapped	unknown	single		0.0	0.0	0		0	0
0x186570	_int_0x5C	named	unmapped	unknown	single		0.0	0.0	0		0	0
0x18657c	_int_0x5D	named	unmapped	unknown	single		0.0	0.0	0		0	0
0x186588	_int_0x5E	named	unmapped	unknown	single		0.0	0.0	0		0	0
0x186594	_int_0x5F	named	unmapped	unknown	single		0.0	0.0	0		0	0
0x1865a0	_int_0x60	named	unmapped	unknown	single		0.0	0.0	0		0	0
0x1865ac	_int_0x61	named	unmapped	unknown	single		0.0	0.0	0		0	0
0x1865b8	_int_0x62	named	unmapped	unknown	single		0.0	0.0	0		0	0
0x1865c4	_int_0x63	named	unmapped	unknown	single		0.0	0.0	0		0	0
0x1865d0	_int_0x64	named	unmapped	unknown	single		0.0	0.0	0		0	0
0x1865dc	_int_0x65	named	unmapped	unknown	single		0.0	0.0	0		0	0
0x1865e8	_int_0x66	named	unmapped	unknown	single		0.0	0.0	0		0	0
0x1865f4	_int_0x67	named	unmapped	unknown	single		0.0	0.0	0		0	0
0x186600	_int_0x68	named	unmapped	unknown	single		0.0	0.0	0		0	0
0x18660c	_int_0x69	named	unmapped	unknown	single		0.0	0.0	0		0	0
0x186618	_int_0x6A	named	unmapped	unknown	single		0.0	0.0	0		0	0
0x186624	_int_0x6B	named	unmapped	unknown	single		0.0	0.0	0		0	0
0x186630	_int_0x6C	named	unmapped	unknown	single		0.0	0.0	0		0	0
0x18663c	_int_0x6D	named	unmapped	unknown	single		0.0	0.0	0		0	0
0x186648	_int_0x6E	named	unmapped	unknown	single		0.0	0.0	0		0	0
0x186654	_int_0x6F	named	unmapped	unknown	single		0.0	0.0	0		0	0
0x186660	_int_0x70	named	unmapped	unknown	single		0.0	0.0	0		0	0
0x18666c	_int_0x71	named	unmapped	unknown	single		0.0	0.0	0		0	0
0x186678	_int_0x72	named	unmapped	unknown	single		0.0	0.0	0		0	0
0x186684	_int_0x73	named	unmapped	unknown	single		0.0	0.0	0		0	0
0x186690	_int_0x74	named	unmapped	unknown	single		0.0	0.0	0		0	0
0x18669c	_int_0x75	named	unmapped	unknown	single		0.0	0.0	0		0	0
0x1866a8	_int_0x76	named	unmapped	unknown	single		0.0	0.0	0		0	0
0x1866b4	_int_0x77	named	unmapped	unknown	single		0.0	0.0	0		0	0
0x1866c0	_int_0x78	named	unmapped	unknown	single		0.0	0.0	0		0	0
0x1866cc	_int_0x79	named	unmapped	unknown	single		0.0	0.0	0		0	0
0x1866d8	_int_0x7A	named	unmapped	unknown	single		0.0	0.0	0		0	0
0x1866e4	_int_0x7B	named	unmapped	unknown	single		0.0	0.0	0		0	0
0x1866f0	_int_0x7C	named	unmapped	unknown	single		0.0	0.0	0		0	0
0x1866fc	_int_0x7D	named	unmapped	unknown	single		0.0	0.0	0		0	0
0x186708	_int_0x7E	named	unmapped	unknown	single		0.0	0.0	0		0	0
0x186714	_int_0x7F	named	unmapped	unknown	single		0.0	0.0	0		0	0
0x186720	_int_0x80	named	unmapped	unknown	single		0.0	0.0	0		0	0
0x18672c	_int_0x81	named	unmapped	unknown	single		0.0	0.0	0		0	0
0x186738	_int_0x82	named	unmapped	unknown	single		0.0	0.0	0		0	0
0x186744	_int_0x83	named	unmapped	unknown	single		0.0	0.0	0		0	0
0x186750	_int_0x84	named	unmapped	unknown	single		0.0	0.0	0		0	0
0x18675c	_int_0x85	named	unmapped	unknown	single		0.0	0.0	0		0	0
0x186768	_int_0x86	named	unmapped	unknown	single		0.0	0.0	0		0	0
0x186774	_int_0x87	named	unmapped	unknown	single		0.0	0.0	0		0	0
0x186780	_int_0x88	named	unmapped	unknown	single		0.0	0.0	0		0	0
0x18678c	_int_0x89	named	unmapped	unknown	single		0.0	0.0	0		0	0
0x186798	_int_0x8A	named	unmapped	unknown	single		0.0	0.0	0		0	0
0x1867a4	_int_0x8B	named	unmapped	unknown	single		0.0	0.0	0		0	0
0x1867b0	_int_0x8C	named	unmapped	unknown	single		0.0	0.0	0		0	0
0x1867bc	_int_0x8D	named	unmapped	unknown	single		0.0	0.0	0		0	0
0x1867c8	_int_0x8E	named	unmapped	unknown	single		0.0	0.0	0		0	0
0x1867d4	_int_0x8F	named	unmapped	unknown	single		0.0	0.0	0		0	0
0x1867e0	_int_0x90	named	unmapped	unknown	single		0.0	0.0	0		0	0
0x1867ec	_int_0x91	named	unmapped	unknown	single		0.0	0.0	0		0	0
0x1867f8	_int_0x92	named	unmapped	unknown	single		0.0	0.0	0		0	0
0x186804	_int_0x93	named	unmapped	unknown	single		0.0	0.0	0		0	0
0x186810	_int_0x94	named	unmapped	unknown	single		0.0	0.0	0		0	0
0x18681c	_int_0x95	named	unmapped	unknown	single		0.0	0.0	0		0	0
0x186828	_int_0x96	named	unmapped	unknown	single		0.0	0.0	0		0	0
0x186834	_int_0x97	named	unmapped	unknown	single		0.0	0.0	0		0	0
0x186840	_int_0x98	named	unmapped	unknown	single		0.0	0.0	0		0	0
0x18684c	_int_0x99	named	unmapped	unknown	single		0.0	0.0	0		0	0
0x186858	_int_0x9A	named	unmapped	unknown	single		0.0	0.0	0		0	0
0x186864	_int_0x9B	named	unmapped	unknown	single		0.0	0.0	0		0	0
0x186870	_int_0x9C	named	unmapped	unknown	single		0.0	0.0	0		0	0
0x18687c	_int_0x9D	named	unmapped	unknown	single		0.0	0.0	0		0	0
0x186888	_int_0x9E	named	unmapped	unknown	single		0.0	0.0	0		0	0
0x186894	_int_0x9F	named	unmapped	unknown	single		0.0	0.0	0		0	0
0x1868a0	_int_0xA0	named	unmapped	unknown	single		0.0	0.0	0		0	0
0x1868ac	_int_0xA1	named	unmapped	unknown	single		0.0	0.0	0		0	0
0x1868b8	_int_0xA2	named	unmapped	unknown	single		0.0	0.0	0		0	0
0x1868c4	_int_0xA3	named	unmapped	unknown	single		0.0	0.0	0		0	0
0x1868d0	_int_0xA4	named	unmapped	unknown	single		0.0	0.0	0		0	0
0x1868dc	_int_0xA5	named	unmapped	unknown	single		0.0	0.0	0		0	0
0x1868e8	_int_0xA6	named	unmapped	unknown	single		0.0	0.0	0		0	0
0x1868f4	_int_0xA7	named	unmapped	unknown	single		0.0	0.0	0		0	0
0x186900	_int_0xA8	named	unmapped	unknown	single		0.0	0.0	0		0	0
0x18690c	_int_0xA9	named	unmapped	unknown	single		0.0	0.0	0		0	0
0x186918	_int_0xAA	named	unmapped	unknown	single		0.0	0.0	0		0	0
0x186924	_int_0xAB	named	unmapped	unknown	single		0.0	0.0	0		0	0
0x186930	_int_0xAC	named	unmapped	unknown	single		0.0	0.0	0		0	0
0x18693c	_int_0xAD	named	unmapped	unknown	single		0.0	0.0	0		0	0
0x186948	_int_0xAE	named	unmapped	unknown	single		0.0	0.0	0		0	0
0x186954	_int_0xAF	named	unmapped	unknown	single		0.0	0.0	0		0	0
0x186960	_int_0xB0	named	unmapped	unknown	single		0.0	0.0	0		0	0
0x18696c	_int_0xB1	named	unmapped	unknown	single		0.0	0.0	0		0	0
0x186978	_int_0xB2	named	unmapped	unknown	single		0.0	0.0	0		0	0
0x186984	_int_0xB3	named	unmapped	unknown	single		0.0	0.0	0		0	0
0x186990	_int_0xB4	named	unmapped	unknown	single		0.0	0.0	0		0	0
0x18699c	_int_0xB5	named	unmapped	unknown	single		0.0	0.0	0		0	0
0x1869a8	_int_0xB6	named	unmapped	unknown	single		0.0	0.0	0		0	0
0x1869b4	_int_0xB7	named	unmapped	unknown	single		0.0	0.0	0		0	0
0x1869c0	_int_0xB8	named	unmapped	unknown	single		0.0	0.0	0		0	0
0x1869cc	_int_0xB9	named	unmapped	unknown	single		0.0	0.0	0		0	0
0x1869d8	_int_0xBA	named	unmapped	unknown	single		0.0	0.0	0		0	0
0x1869e4	_int_0xBB	named	unmapped	unknown	single		0.0	0.0	0		0	0
0x1869f0	_int_0xBC	named	unmapped	unknown	single		0.0	0.0	0		0	0
0x1869fc	_int_0xBD	named	unmapped	unknown	single		0.0	0.0	0		0	0
0x186a08	_int_0xBE	named	unmapped	unknown	single		0.0	0.0	0		0	0
0x186a14	_int_0xBF	named	unmapped	unknown	single		0.0	0.0	0		0	0
0x186a20	_int_0xC0	named	unmapped	unknown	single		0.0	0.0	0		0	0
0x186a2c	_int_0xC1	named	unmapped	unknown	single		0.0	0.0	0		0	0
0x186a38	_int_0xC2	named	unmapped	unknown	single		0.0	0.0	0		0	0
0x186a44	_int_0xC3	named	unmapped	unknown	single		0.0	0.0	0		0	0
0x186a50	_int_0xC4	named	unmapped	unknown	single		0.0	0.0	0		0	0
0x186a5c	_int_0xC5	named	unmapped	unknown	single		0.0	0.0	0		0	0
0x186a68	_int_0xC6	named	unmapped	unknown	single		0.0	0.0	0		0	0
0x186a74	_int_0xC7	named	unmapped	unknown	single		0.0	0.0	0		0	0
0x186a80	_int_0xC8	named	unmapped	unknown	single		0.0	0.0	0		0	0
0x186a8c	_int_0xC9	named	unmapped	unknown	single		0.0	0.0	0		0	0
0x186a98	_int_0xCA	named	unmapped	unknown	single		0.0	0.0	0		0	0
0x186aa4	_int_0xCB	named	unmapped	unknown	single		0.0	0.0	0		0	0
0x186ab0	_int_0xCC	named	unmapped	unknown	single		0.0	0.0	0		0	0
0x186abc	_int_0xCD	named	unmapped	unknown	single		0.0	0.0	0		0	0
0x186ac8	_int_0xCE	named	unmapped	unknown	single		0.0	0.0	0		0	0
0x186ad4	_int_0xCF	named	unmapped	unknown	single		0.0	0.0	0		0	0
0x186ae0	_int_0xD0	named	unmapped	unknown	single		0.0	0.0	0		0	0
0x186aec	_int_0xD1	named	unmapped	unknown	single		0.0	0.0	0		0	0
0x186af8	_int_0xD2	named	unmapped	unknown	single		0.0	0.0	0		0	0
0x186b04	_int_0xD3	named	unmapped	unknown	single		0.0	0.0	0		0	0
0x186b10	_int_0xD4	named	unmapped	unknown	single		0.0	0.0	0		0	0
0x186b1c	_int_0xD5	named	unmapped	unknown	single		0.0	0.0	0		0	0
0x186b28	_int_0xD6	named	unmapped	unknown	single		0.0	0.0	0		0	0
0x186b34	_int_0xD7	named	unmapped	unknown	single		0.0	0.0	0		0	0
0x186b40	_int_0xD8	named	unmapped	unknown	single		0.0	0.0	0		0	0
0x186b4c	_int_0xD9	named	unmapped	unknown	single		0.0	0.0	0		0	0
0x186b58	_int_0xDA	named	unmapped	unknown	single		0.0	0.0	0		0	0
0x186b64	_int_0xDB	named	unmapped	unknown	single		0.0	0.0	0		0	0
0x186b70	_int_0xDC	named	unmapped	unknown	single		0.0	0.0	0		0	0
0x186b7c	_int_0xDD	named	unmapped	unknown	single		0.0	0.0	0		0	0
0x186b88	_int_0xDE	named	unmapped	unknown	single		0.0	0.0	0		0	0
0x186b94	_int_0xDF	named	unmapped	unknown	single		0.0	0.0	0		0	0
0x186ba0	_int_0xE0	named	unmapped	unknown	single		0.0	0.0	0		0	0
0x186bac	_int_0xE1	named	unmapped	unknown	single		0.0	0.0	0		0	0
0x186bb8	_int_0xE2	named	unmapped	unknown	single		0.0	0.0	0		0	0
0x186bc4	_int_0xE3	named	unmapped	unknown	single		0.0	0.0	0		0	0
0x186bd0	_int_0xE4	named	unmapped	unknown	single		0.0	0.0	0		0	0
0x186bdc	_int_0xE5	named	unmapped	unknown	single		0.0	0.0	0		0	0
0x186be8	_int_0xE6	named	unmapped	unknown	single		0.0	0.0	0		0	0
0x186bf4	_int_0xE7	named	unmapped	unknown	single		0.0	0.0	0		0	0
0x186c00	_int_0xE8	named	unmapped	unknown	single		0.0	0.0	0		0	0
0x186c0c	_int_0xE9	named	unmapped	unknown	single		0.0	0.0	0		0	0
0x186c18	_int_0xEA	named	unmapped	unknown	single		0.0	0.0	0		0	0
0x186c24	_int_0xEB	named	unmapped	unknown	single		0.0	0.0	0		0	0
0x186c30	_int_0xEC	named	unmapped	unknown	single		0.0	0.0	0		0	0
0x186c3c	_int_0xED	named	unmapped	unknown	single		0.0	0.0	0		0	0
0x186c48	_int_0xEE	named	unmapped	unknown	single		0.0	0.0	0		0	0
0x186c54	_int_0xEF	named	unmapped	unknown	single		0.0	0.0	0		0	0
0x186c60	_int_0xF0	named	unmapped	unknown	single		0.0	0.0	0		0	0
0x186c6c	_int_0xF1	named	unmapped	unknown	single		0.0	0.0	0		0	0
0x186c78	_int_0xF2	named	unmapped	unknown	single		0.0	0.0	0		0	0
0x186c84	_int_0xF3	named	unmapped	unknown	single		0.0	0.0	0		0	0
0x186c90	_int_0xF4	named	unmapped	unknown	single		0.0	0.0	0		0	0
0x186c9c	_int_0xF5	named	unmapped	unknown	single		0.0	0.0	0		0	0
0x186ca8	_int_0xF6	named	unmapped	unknown	single		0.0	0.0	0		0	0
0x186cb4	_int_0xF7	named	unmapped	unknown	single		0.0	0.0	0		0	0
0x186cc0	_int_0xF8	named	unmapped	unknown	single		0.0	0.0	0		0	0
0x186ccc	_int_0xF9	named	unmapped	unknown	single		0.0	0.0	0		0	0
0x186cd8	_int_0xFA	named	unmapped	unknown	single		0.0	0.0	0		0	0
0x186ce4	_int_0xFB	named	unmapped	unknown	single		0.0	0.0	0		0	0
0x186cf0	_int_0xFC	named	unmapped	unknown	single		0.0	0.0	0		0	0
0x186cfc	_int_0xFD	named	unmapped	unknown	single		0.0	0.0	0		0	0
0x186d08	_int_0xFE	named	unmapped	unknown	single		0.0	0.0	0		0	0
0x186d14	_int_0xFF	named	unmapped	unknown	single		0.0	0.0	0		0	0
0x186d20		unnamed	candidate	low	single	darwin01:darwin01/kernel/machdep/i386/catch.c:45:catch_interrupt	0	0	8.468		0	13
0x186d80		unnamed	candidate	low	single	darwin01:darwin01/kernel/machdep/i386/catch.c:45:catch_interrupt	0	0	8.468		0	13
0x186ddc	_machdep_call_	named	unmapped	unknown	single		0.0	0.0	8.468		0	0
0x186e3c	_mach_kernel_trap_	named	unmapped	unknown	single		0.0	0.0	8.468		0	0
0x186e9c	_unix_syscall_	named	unmapped	unknown	single		0.0	0.0	8.468		0	0
0x186efc	_dbf_handler_	named	unmapped	unknown	single		0.0	0.0	8.468		0	0
0x186f04	__return_with_state	named	unmapped	unknown	single		0.0	0.0	0		0	0
0x186f20	__switch_tss	named	unmapped	unknown	single		0.0	0.0	0		0	0
0x186f74	__stack_attach	named	unmapped	unknown	single		0.0	0.0	0		0	0
0x186f7c	__call_with_stack	named	unmapped	unknown	single		0.0	0.0	0		0	0
0x186f88	_set_label	named	unmapped	unknown	single		0.0	0.0	6.859		0	0
0x186fb0	_jump_label	named	unmapped	unknown	single		0.0	0.0	2.819		0	0
0x186fdc	_catch_interrupt	named	candidate	medium	single	darwin01:darwin01/kernel/machdep/i386/catch.c:45:catch_interrupt	15.838	0.0	22.109	check_for_ast;intr_handler	0	1
0x187068	_catch_trap	named	candidate	medium	single	darwin01:darwin01/kernel/machdep/i386/catch.c:60:catch_trap	16.243	0.0	24.711	kernel_trap;user_trap	0	1
0x187108	__bios32	named	unmapped	unknown	single		0.0	0.0	0		0	0
0x1871d4	_bios32	named	candidate	medium	single	darwin01:darwin01/kernel/machdep/i386/bios.c:54:bios32	8.468	0.0	8.468	_bios32	0	1
0x1871e8		unnamed	candidate	low	single	darwin01:darwin01/kernel/machdep/i386/APM_i386.c:68:setUpGdtEntries	0	0	0		0	13
0x187400	_PMConnect	named	candidate	medium	single	darwin01:darwin01/kernel/machdep/i386/APM_i386.c:99:PMConnect	11.887	0.0	11.887	Power management is enabled.\n;printf	1	1
0x187454	_PMDisconnect	named	candidate	low	single	darwin01:darwin01/kernel/machdep/i386/APM_i386.c:118:PMDisconnect	0	0.0	0		0	1
0x187460	_PMSetCpuState	named	candidate	low	single	darwin01:darwin01/kernel/machdep/i386/APM_i386.c:129:PMSetCpuState	0	0.0	6.676		0	1
0x1874ec	_PMSetPowerState	named	candidate	medium	single	darwin01:darwin01/kernel/machdep/i386/APM_i386.c:159:PMSetPowerState	7.775	0.0	14.452	_io_setDriverPowerState	0	1
0x1875b0	_PMGetPowerEvent	named	candidate	low	single	darwin01:darwin01/kernel/machdep/i386/APM_i386.c:207:PMGetPowerEvent	0	0.0	6.676		0	1
0x18762c	_PMGetPowerStatus	named	candidate	low	single	darwin01:darwin01/kernel/machdep/i386/APM_i386.c:227:PMGetPowerStatus	0	0.0	6.676		0	1
0x1876d8	_PMSetPowerManagement	named	candidate	low	single	darwin01:darwin01/kernel/machdep/i386/APM_i386.c:255:PMSetPowerManagement	0	0.0	6.676		0	1
0x187770	_PMRestoreDefaults	named	candidate	low	single	darwin01:darwin01/kernel/machdep/i386/APM_i386.c:273:PMRestoreDefaults	0	0.0	6.676		0	1
0x1877e4	_PMUpdateClock	named	candidate	medium	single	darwin01:darwin01/kernel/machdep/i386/APM_i386.c:284:PMUpdateClock	7.775	0.0	7.775	readtodc	0	1
0x1877f8	_checksum_16	named	candidate	low	single	darwin01:darwin01/kernel/machdep/i386/checksum_16.c:31:checksum_16	0	0	0		0	3
0x187844	_system_timer_dispatch	named	candidate	low	single	darwin01:darwin01/kernel/machdep/i386/machine_clock.c:87:system_timer_dispatch	0	0.0	0		1	1
0x18791c	_hardclock_init	named	candidate	low	single	darwin01:darwin01/kernel/machdep/i386/machine_clock.c:129:hardclock_init	0	0.0	0		0	1
0x187930	_statclock_init	named	unmapped	unknown	single		0.0	0.0	0		0	0
0x187938		unnamed	candidate	medium	single	darwin01:darwin01/kernel/machdep/i386/machine_clock.c:135:machine_hardclock	16.936	0	16.936	clock_interrupt;hardclock	0	20
0x187980	_us_spin_calibrate	named	candidate	medium	single	darwin01:darwin01/kernel/machdep/i386/machine_clock.c:162:us_spin_calibrate	8.243	0.0	14.514	splx;us_spin	0	1
0x187a40	_clock_timer_init	named	unmapped	unknown	single		0.0	0.0	76.677		0	0
0x187b98	_clock_value	named	unmapped	unknown	single		0.0	0.0	0		1	0
0x187bd4	_set_clock	named	unmapped	unknown	single		0.0	0.0	25.334		0	0
0x187c2c	_clock_attributes	named	unmapped	unknown	single		0.0	0.0	0		0	0
0x187c58	_timer_attributes	named	unmapped	unknown	single		0.0	0.0	0		0	0
0x187c74	_set_timer_expire_func	named	unmapped	unknown	single		0.0	0.0	0		0	0
0x187c8c	_set_timer	named	unmapped	unknown	single		0.0	0.0	15.361		0	0
0x187d48		unnamed	candidate	low	single	darwin01:darwin01/kernel/machdep/i386/machine_clock.c:162:us_spin_calibrate	2.819	2.819	15.361	splx	0	20
0x187e94	_event_get	named	candidate	low	single	darwin01:darwin01/kernel/machdep/i386/machine_clock.c:435:event_get	0	0	15.361		0	2
0x187fec	_isbad	named	candidate	low	single	nextmach:nextmach/mk-108.1/next/dkbad.c:33:isbad	0	0.0	0		0	1
0x188044	_dma_initialize	named	candidate	low	single	darwin01:darwin01/kernel/machdep/i386/dma.c:106:dma_initialize	40.955	0.0	46.378	dma_assign_chan;dma_buf_initialize;dma_chan_xfer_mode;dma_deassign_chan;dma_unmask_chan	1	1
0x188124		unnamed	candidate	low	conflicting	darwin01:darwin01/kernel/machdep/i386/dma.c:147:dma_init_extend_mode	6.859	6.859	12.282	eisa_present	0	48
0x188234	_dma_assign_chan	named	candidate	low	single	darwin01:darwin01/kernel/machdep/i386/dma.c:174:dma_assign_chan	0	0.0	0		0	1
0x188268	_dma_deassign_chan	named	candidate	medium	single	darwin01:darwin01/kernel/machdep/i386/dma.c:187:dma_deassign_chan	7.775	0.0	7.775	dma_mask_chan	0	1
0x18828c	_dma_mask_chan	named	candidate	low	single	darwin01:darwin01/kernel/machdep/i386/dma.c:197:dma_mask_chan	0	0.0	5.424		0	1
0x18836c	_dma_unmask_chan	named	candidate	low	single	darwin01:darwin01/kernel/machdep/i386/dma.c:213:dma_unmask_chan	0	0.0	5.424		0	1
0x188448	_dma_chan_xfer_mode	named	candidate	low	single	darwin01:darwin01/kernel/machdep/i386/dma.c:229:dma_chan_xfer_mode	0	0.0	5.424		0	1
0x188544	_dma_chan_autoinit	named	candidate	low	single	darwin01:darwin01/kernel/machdep/i386/dma.c:248:dma_chan_autoinit	0	0.0	5.424		0	1
0x188640	_dma_chan_adrs_dir	named	candidate	low	single	darwin01:darwin01/kernel/machdep/i386/dma.c:264:dma_chan_adrs_dir	0	0.0	5.424		0	1
0x188740	_dma_chan_xfer_dir	named	candidate	low	single	darwin01:darwin01/kernel/machdep/i386/dma.c:280:dma_chan_xfer_dir	0	0.0	5.424		0	1
0x18883c	_dma_xfer_chan	named	candidate	medium	single	darwin01:darwin01/kernel/machdep/i386/dma.c:299:dma_xfer_chan	14.634	0.0	20.058	dma_xfer;eisa_present	0	1
0x188edc	_dma_xfer	named	candidate	medium	single	darwin01:darwin01/kernel/machdep/i386/dma.c:360:dma_xfer	10.868	0.0	10.868	bcopy;dma_buf_alloc	0	1
0x188f4c	_dma_xfer_done	named	candidate	medium	single	darwin01:darwin01/kernel/machdep/i386/dma.c:398:dma_xfer_done	10.58	0.0	10.58	bcopy;dma_buf_free	0	1
0x188f8c	_dma_xfer_abort	named	candidate	medium	single	darwin01:darwin01/kernel/machdep/i386/dma.c:423:dma_xfer_abort	7.082	0.0	7.082	dma_buf_free	0	1
0x188fb4	_dma_xfer_width	named	candidate	low	single	darwin01:darwin01/kernel/machdep/i386/dma.c:439:dma_xfer_width	0	0.0	5.424		0	1
0x1890b4	_get_dma_xfer_width	named	candidate	low	single	darwin01:darwin01/kernel/machdep/i386/dma.c:459:get_dma_xfer_width	0	0.0	0		0	1
0x1890e4	_dma_timing	named	candidate	low	single	darwin01:darwin01/kernel/machdep/i386/dma.c:470:dma_timing	0	0.0	5.424		0	1
0x1891e4	_dma_eop_in	named	candidate	low	single	darwin01:darwin01/kernel/machdep/i386/dma.c:487:dma_eop_in	0	0.0	5.424		0	1
0x1892e4	_dma_stop_enable	named	candidate	low	single	darwin01:darwin01/kernel/machdep/i386/dma.c:504:dma_stop_enable	0	0.0	5.424		0	1
0x1893e0	_is_dma_done	named	candidate	low	single	darwin01:darwin01/kernel/machdep/i386/dma.c:521:is_dma_done	0	0.0	5.424		0	1
0x18943c	_get_dma_addr	named	candidate	medium	single	darwin01:darwin01/kernel/machdep/i386/dma.c:543:get_dma_addr	6.859	0.0	12.282	eisa_present	0	1
0x1895b8	_get_dma_count	named	candidate	medium	single	darwin01:darwin01/kernel/machdep/i386/dma.c:590:get_dma_count	6.859	0.0	12.282	eisa_present	0	1
0x189748	_dma_buf_initialize	named	candidate	medium	single	darwin01:darwin01/kernel/machdep/i386/dma_buf.c:48:dma_buf_initialize	14.452	0.0	14.452	dma_buf_alloc;dma_buf_free	0	1
0x18980c	_dma_buf_alloc	named	candidate	medium	single	darwin01:darwin01/kernel/machdep/i386/dma_buf.c:81:dma_buf_alloc	10.594	0.0	10.594	spldma;splx	0	1
0x18987c	_dma_buf_free	named	candidate	medium	single	darwin01:darwin01/kernel/machdep/i386/dma_buf.c:121:dma_buf_free	10.594	0.0	10.594	spldma;splx	0	1
0x1898bc		unnamed	candidate	low	conflicting	darwin01:darwin01/kernel/machdep/i386/dma_buf.c:148:dma_buf_sm_create	10.69	10.69	10.69	alloc_cnvmem;bzero	0	49
0x1898ec		unnamed	candidate	low	conflicting	darwin01:darwin01/kernel/machdep/i386/dma_buf.c:148:dma_buf_sm_create	10.69	10.69	10.69	alloc_cnvmem;bzero	0	49
0x18991c	_dbf_init	named	candidate	medium	single	darwin01:darwin01/kernel/machdep/i386/dbl_fault.c:53:dbf_init	7.37	0.0	7.37	pmap_kernel	0	1
0x1899d0	_dbf_handler	named	candidate	medium	single	darwin01:darwin01/kernel/machdep/i386/dbl_fault.c:79:dbf_handler	7.775	0.0	7.775	kernel_trap	0	1
0x189a5c	_copyin	named	candidate	low	single	darwin01:darwin01/kernel/machdep/i386/fault_copy.c:283:copyin	0	0.0	0		0	1
0x189b34	_copyinmsg	named	candidate	low	single	darwin01:darwin01/kernel/machdep/i386/fault_copy.c:324:copyinmsg	0	0.0	0		0	1
0x189c1c	_copywithin	named	candidate	low	single	darwin01:darwin01/kernel/machdep/i386/fault_copy.c:332:copywithin	0	0.0	0		0	1
0x189cec	_copyout	named	candidate	low	single	darwin01:darwin01/kernel/machdep/i386/fault_copy.c:378:copyout	0	0.0	0		0	1
0x189e8c	_copyoutmsg	named	candidate	low	single	darwin01:darwin01/kernel/machdep/i386/fault_copy.c:419:copyoutmsg	0	0.0	0		0	1
0x18a034	_copystr	named	candidate	low	single	darwin01:darwin01/kernel/machdep/i386/fault_copy.c:428:copystr	0	0.0	0		0	1
0x18a0a4	_copyinstr	named	candidate	low	single	darwin01:darwin01/kernel/machdep/i386/fault_copy.c:452:copyinstr	0	0.0	0		0	1
0x18a114	_copyoutstr	named	candidate	low	single	darwin01:darwin01/kernel/machdep/i386/fault_copy.c:480:copyoutstr	0	0.0	0		0	1
0x18a184	_fuword	named	candidate	low	single	darwin01:darwin01/kernel/machdep/i386/fault_copy.c:508:fuword	0	0	0		0	3
0x18a1c4	_fubyte	named	candidate	low	single	darwin01:darwin01/kernel/machdep/i386/fault_copy.c:522:fubyte	0	0	0		0	3
0x18a204	_fuibyte	named	candidate	low	single	darwin01:darwin01/kernel/machdep/i386/fault_copy.c:537:fuibyte	0	0	0		0	3
0x18a244	_suword	named	candidate	low	single	darwin01:darwin01/kernel/machdep/i386/fault_copy.c:553:suword	0	0	0		0	3
0x18a288	_subyte	named	candidate	low	single	darwin01:darwin01/kernel/machdep/i386/fault_copy.c:566:subyte	0	0	0		0	3
0x18a2cc	_suibyte	named	candidate	low	single	darwin01:darwin01/kernel/machdep/i386/fault_copy.c:580:suibyte	0	0	0		0	3
0x18a310	_fp_configure	named	candidate	low	single	darwin01:darwin01/kernel/machdep/i386/fp_support.c:78:fp_configure	0	0.0	0		0	1
0x18a368	_fp_noextension	named	candidate	low	single	darwin01:darwin01/kernel/machdep/i386/fp_support.c:138:fp_noextension	6.859	0.0	6.859	exception	1	1
0x18a38c	_fp_extension_fault	named	candidate	low	single	darwin01:darwin01/kernel/machdep/i386/fp_support.c:176:fp_extension_fault	6.859	0.0	6.859	exception	1	1
0x18a3c4	_fp_kernel_extension_fault	named	candidate	low	single	darwin01:darwin01/kernel/machdep/i386/fp_support.c:202:fp_kernel_extension_fault	0	0.0	0		1	1
0x18a408	_fp_ast	named	candidate	medium	single	darwin01:darwin01/kernel/machdep/i386/fp_support.c:219:fp_ast	6.859	0.0	6.859	exception	0	1
0x18a428		unnamed	candidate	low	single	darwin01:darwin01/kernel/machdep/i386/fault_copy.c:88:set_recover	0	0	0		1	46
0x18a4a8		unnamed	candidate	low	single	darwin01:darwin01/kernel/machdep/i386/fault_copy.c:88:set_recover	0	0	0		1	46
0x18a7e4		unnamed	candidate	low	single	darwin01:darwin01/kernel/machdep/i386/fault_copy.c:88:set_recover	0	0	0		0	46
0x18a800	_fp_terminate	named	candidate	low	single	darwin01:darwin01/kernel/machdep/i386/fp_support.c:513:fp_terminate	0	0.0	0		0	1
0x18a824	_fp_synch	named	candidate	low	single	darwin01:darwin01/kernel/machdep/i386/fp_support.c:530:fp_synch	0	0.0	0		1	1
0x18a904	_locate_gdt	named	candidate	low	single	darwin01:darwin01/kernel/machdep/i386/gdt.c:43:locate_gdt	0	0.0	0		0	1
0x18a924	_gdt_init	named	candidate	low	single	darwin01:darwin01/kernel/machdep/i386/gdt.c:61:gdt_init	0	0	0		0	2
0x18aafc	_i386_init	named	candidate	low	single	darwin01:darwin01/kernel/machdep/i386/i386_init.c:110:i386_init	67.746	0.0	67.746	dbf_init;getargs;intr_initialize;locate_gdt;locate_idt;pmap_bootstrap;us_spin_calibrate;vm_set_page_size	3	1
0x18abd0		unnamed	candidate	medium	single	darwin01:darwin01/kernel/machdep/i386/i386_init.c:208:zero_fill_data	36.788	0	36.788	__DATA;bzero;firstsect;getsegbyname;nextsect	0	25
0x18ac28		unnamed	candidate	medium	single	darwin01:darwin01/kernel/machdep/i386/i386_init.c:320:machine_configure	8.468	0	8.468	fp_configure	0	25
0x18acf8		unnamed	candidate	medium	single	darwin01:darwin01/kernel/machdep/i386/i386_init.c:366:size_memory	8.468	0	8.468	getlastaddr	0	25
0x18ad8c	_bios_extdata_addr	named	candidate	low	single	darwin01:darwin01/kernel/machdep/i386/i386_init.c:402:bios_extdata_addr	0	0.0	0		0	1
0x18ad9c	_alloc_cnvmem	named	candidate	low	single	darwin01:darwin01/kernel/machdep/i386/i386_init.c:408:alloc_cnvmem	0	0.0	0		0	1
0x18adf0	_alloc_pages	named	candidate	medium	single	darwin01:darwin01/kernel/machdep/i386/i386_init.c:431:alloc_pages	11.2	0.0	11.2	alloc_pages;panic	0	1
0x18ae2c	_getargs	named	candidate	medium	single	darwin01:darwin01/kernel/machdep/i386/i386_init.c:456:getargs	36.232	30.982	44.007	argstrcpy;getval;isargsep;strncmp;strncpy	0	2
0x18b024	_isargsep	named	candidate	low	identical-bodies	darwin01:darwin01/kernel/machdep/i386/i386_init.c:541:isargsep; nextmach:nextmach/mk-108.1/next/machargs.c:344:isargsep	0	0.0	0		0	2
0x18b04c	_argstrcpy	named	candidate	low	single	darwin01:darwin01/kernel/machdep/i386/i386_init.c:550:argstrcpy	0	0	0		0	2
0x18b080	_getval	named	candidate	low	identical-bodies	darwin01:darwin01/kernel/machdep/i386/i386_init.c:563:getval; nextmach:nextmach/mk-108.1/next/machargs.c:365:getval	0	0.0	0		0	2
0x18b184	_locate_idt	named	candidate	low	single	darwin01:darwin01/kernel/machdep/i386/idt.c:110:locate_idt	0	0.0	0		0	1
0x18b1a4	_idt_init	named	candidate	low	single	darwin01:darwin01/kernel/machdep/i386/idt.c:139:idt_init	0	0	0		0	2
0x18b2ac	_in_cksum	named	candidate	low	single	darwin01:darwin01/kernel/bsd/netinet/in_cksum.c:78:in_cksum	0	0	0		0	5
0x18b514	_intr_disbl	named	candidate	low	single	darwin01:darwin01/kernel/machdep/i386/intr.c:194:intr_disbl	0	0.0	0		0	1
0x18b524	_intr_enbl	named	candidate	low	single	darwin01:darwin01/kernel/machdep/i386/intr.c:213:intr_enbl	0	0.0	0		0	1
0x18b544	_splx	named	candidate	low	single	darwin01:darwin01/kernel/machdep/i386/intr.c:267:splx	0	0.0	0		0	1
0x18b60c	_spl0	named	unmapped	unknown	single		0.0	0.0	0		0	0
0x18b6dc	_spl1	named	unmapped	unknown	single		0.0	0.0	0		0	0
0x18b7ac	_spltty	named	unmapped	unknown	single		0.0	0.0	0		0	0
0x18b7b8	_spl2	named	unmapped	unknown	single		0.0	0.0	0		0	0
0x18b888	_spl3	named	unmapped	unknown	single		0.0	0.0	0		0	0
0x18b958	_splnet	named	unmapped	unknown	single		0.0	0.0	0		0	0
0x18b964	_splvm	named	unmapped	unknown	single		0.0	0.0	0		0	0
0x18b970	_splimp	named	unmapped	unknown	single		0.0	0.0	0		0	0
0x18b97c	_splbio	named	unmapped	unknown	single		0.0	0.0	0		0	0
0x18b988	_spldevice	named	unmapped	unknown	single		0.0	0.0	0		0	0
0x18ba58	_spl4	named	unmapped	unknown	single		0.0	0.0	0		0	0
0x18bb28	_spl5	named	unmapped	unknown	single		0.0	0.0	0		0	0
0x18bbf8	_spl6	named	unmapped	unknown	single		0.0	0.0	0		0	0
0x18bcc8	_spldma	named	unmapped	unknown	single		0.0	0.0	0		0	0
0x18bd98	_splusclock	named	unmapped	unknown	single		0.0	0.0	0		0	0
0x18be68	_splsched	named	unmapped	unknown	single		0.0	0.0	0		0	0
0x18bf38	_splclock	named	unmapped	unknown	single		0.0	0.0	0		0	0
0x18c008	_spl7	named	unmapped	unknown	single		0.0	0.0	0		0	0
0x18c0d8	_splhigh	named	unmapped	unknown	single		0.0	0.0	0		0	0
0x18c1a8	_spln	named	candidate	low	single	darwin01:darwin01/kernel/machdep/i386/intr.c:328:spln	0	0.0	0		0	1
0x18c270	_ipltospl	named	candidate	low	single	darwin01:darwin01/kernel/machdep/i386/intr.c:336:ipltospl	0	0.0	0		0	1
0x18c27c	_curipl	named	candidate	low	single	darwin01:darwin01/kernel/machdep/i386/intr.c:347:curipl	0	0.0	0		0	1
0x18c288	_intr_initialize	named	candidate	low	single	darwin01:darwin01/kernel/machdep/i386/intr.c:405:intr_initialize	0	0.0	0		0	1
0x18c39c	_intr_register_irq	named	candidate	low	single	darwin01:darwin01/kernel/machdep/i386/intr.c:444:intr_register_irq	0	0.0	0		0	1
0x18c4b4	_intr_unregister_irq	named	candidate	medium	single	darwin01:darwin01/kernel/machdep/i386/intr.c:488:intr_unregister_irq	8.468	0.0	8.468	intr_change_mode	0	1
0x18c5a0	_intr_enable_irq	named	candidate	low	single	darwin01:darwin01/kernel/machdep/i386/intr.c:523:intr_enable_irq	0	0.0	0		0	1
0x18c638	_intr_disable_irq	named	candidate	low	single	darwin01:darwin01/kernel/machdep/i386/intr.c:543:intr_disable_irq	0	0.0	0		0	1
0x18c6cc	_intr_change_ipl	named	candidate	low	single	darwin01:darwin01/kernel/machdep/i386/intr.c:563:intr_change_ipl	0	0.0	0		0	1
0x18c7b0	_intr_change_mode	named	candidate	medium	single	darwin01:darwin01/kernel/machdep/i386/intr.c:601:intr_change_mode	6.859	0.0	6.859	eisa_present	0	1
0x18c85c	_intr_handler	named	candidate	medium	single	darwin01:darwin01/kernel/machdep/i386/intr.c:649:intr_handler	11.887	0.0	11.887	intr: dropped IRQ %d\n;printf	0	1
0x18c9dc	_inb	named	unmapped	unknown	single		0.0	0.0	0		0	0
0x18c9f0	_inw	named	candidate	low	single	mach4:mach4/i386/kernel/i386at/gpl/linux/scsi/in2000.c:94:inw	0	0.0	0		0	1
0x18ca04	_inl	named	unmapped	unknown	single		0.0	0.0	0		0	0
0x18ca18	_outb	named	unmapped	unknown	single		0.0	0.0	0		0	0
0x18ca30	_outw	named	candidate	low	single	mach4:mach4/i386/kernel/i386at/gpl/linux/scsi/in2000.c:105:outw	0	0.0	0		0	1
0x18ca48	_outl	named	unmapped	unknown	single		0.0	0.0	0		0	0
0x18ca60	_linw	named	candidate	low	single	darwin01:darwin01/kernel/machdep/i386/io_prim.c:41:linw	0	0.0	0		0	1
0x18ca90	_loutw	named	candidate	low	single	darwin01:darwin01/kernel/machdep/i386/io_prim.c:52:loutw	0	0.0	0		0	1
0x18cac8	_check_cpu_subtype	named	candidate	low	single	darwin01:darwin01/kernel/machdep/i386/kern_machdep.c:45:check_cpu_subtype	0	0	0		0	2
0x18cb24	_grade_cpu_subtype	named	candidate	low	single	darwin01:darwin01/kernel/machdep/i386/kern_machdep.c:96:grade_cpu_subtype	0	0.0	0		0	1
0x18cbcc	_ldt_init	named	candidate	low	single	darwin01:darwin01/kernel/machdep/i386/ldt.c:44:ldt_init	0	0	0		0	2
0x18cc28	_halt_thread	named	candidate	low	identical-bodies	darwin01:darwin01/kernel/machdep/i386/machdep.c:82:halt_thread; nextmach:nextmach/mk-108.1/next/machdep.c:215:halt_thread	6.676	0.0	6.676	boot	0	2
0x18cc40	_reboot_mach	named	candidate	low	single	darwin01:darwin01/kernel/machdep/i386/machdep.c:87:reboot_mach	6.676	6.676	14.452	boot	0	2
0x18cc74	_led_msg	named	candidate	low	single	darwin01:darwin01/kernel/machdep/i386/machdep.c:98:led_msg	0	0.0	0		0	1
0x18cca4	_mini_mon	named	candidate	medium	single	darwin01:darwin01/kernel/machdep/i386/machdep.c:117:mini_mon	61.558	30.681	84.478	DoAlert;DoRestore;kmdumplog;kmtrygetc;miniMonLoop;panic;restart;splhigh;splx	0	2
0x18cdf0	_nmi_prf	named	candidate	low	single	darwin01:darwin01/kernel/machdep/i386/machdep.c:172:nmi_prf	6.271	6.271	6.271	prf	0	2
0x18ce08	_addupc	named	candidate	medium	single	nextmach:nextmach/mk-108.1/next/machdep.c:1545:addupc	9.159	0.0	9.159	copyin;copyout	0	1
0x18cea0	_halt_cpu	named	candidate	medium	single	darwin01:darwin01/kernel/machdep/i386/machdep.c:179:halt_cpu	60.696	0	76.247	Ahora es seguro apagar el orde;Hltd;It's safe to turn off the comp;Nu ar det sakert att stanga av;Ora puoi spegnere il computer.;PMSetPowerState;intr_disbl;kmDisableAnimation	1	3
0x18cf54		unnamed	candidate	medium	single	darwin01:darwin01/kernel/machdep/i386/machdep.c:227:prettyPrint	11.193	3.418	11.193	kmGraphicPanelString;printf	0	59
0x18cf7c	_md_prepare_for_shutdown	named	candidate	medium	single	darwin01:darwin01/kernel/machdep/i386/machdep.c:235:md_prepare_for_shutdown	7.775	0.0	26.744	kmLocalizeString	0	1
0x18cfb8	_md_shutdown_devices	named	candidate	medium	single	darwin01:darwin01/kernel/machdep/i386/machdep.c:250:md_shutdown_devices	7.775	0.0	7.775	_io_setDriverPowerState	0	1
0x18cfc8	_md_do_shutdown	named	candidate	low	single	darwin01:darwin01/kernel/machdep/i386/machdep.c:274:md_do_shutdown	14.739	0.0	83.616	intr_disbl;keyboard_reboot	2	1
0x18d1cc	_machine_table_setokay	named	candidate	low	single	darwin01:darwin01/kernel/machdep/i386/machdep.c:302:machine_table_setokay	0	0	0		0	2
0x18d1d8	_machine_table	named	candidate	low	single	darwin01:darwin01/kernel/machdep/i386/machdep.c:307:machine_table	0	0	0		0	2
0x18d1e4	_us_spin	named	candidate	low	single	darwin01:darwin01/kernel/machdep/i386/machine_clock.c:147:us_spin	0	0.0	0		0	1
0x18d208	_stack_attach	named	candidate	low	single	darwin01:darwin01/kernel/machdep/i386/pcb.c:75:stack_attach	0	0	0		0	2
0x18d238	_stack_detach	named	candidate	low	single	darwin01:darwin01/kernel/machdep/i386/pcb.c:94:stack_detach	0	0	0		0	2
0x18d250	_stack_handoff	named	candidate	low	single	darwin01:darwin01/kernel/machdep/i386/pcb.c:107:stack_handoff	0	0	0		0	2
0x18d37c	_switch_context	named	candidate	medium	single	darwin01:darwin01/kernel/machdep/i386/pcb.c:160:switch_context	7.775	0	7.775	_switch_tss	0	2
0x18d4e0	_call_continuation	named	candidate	medium	single	darwin01:darwin01/kernel/machdep/i386/pcb.c:210:call_continuation	8.468	0.0	8.468	_call_with_stack	0	1
0x18d4f8	_pcb_module_init	named	candidate	medium	single	darwin01:darwin01/kernel/machdep/i386/pcb.c:219:pcb_module_init	14.103	5.635	14.103	pcb;zinit	0	2
0x18d520	_pcb_init	named	candidate	low	single	darwin01:darwin01/kernel/machdep/i386/pcb.c:232:pcb_init	4.597	4.597	4.597	zalloc	0	3
0x18d5c4	_pcb_common_init	named	candidate	medium	single	darwin01:darwin01/kernel/machdep/i386/pcb.c:279:pcb_common_init	8.992	0.0	8.992	kalloc;lock_init	0	1
0x18d610		unnamed	candidate	low	conflicting	darwin01:darwin01/kernel/machdep/i386/pcb.c:301:thread_set_io_bmap	13.248	13.248	23.748	kalloc;kfree;memcpy	0	222
0x18d7d4	_task_map_io_ports	named	candidate	low	single	darwin01:darwin01/kernel/machdep/i386/pcb.c:405:task_map_io_ports	47.852	0.0	47.852	kalloc;kfree;lock_done;lock_write;memcpy;memset;task_dowait;task_hold;task_release	1	1
0x18d930	_task_locate_ldt	named	candidate	medium	single	darwin01:darwin01/kernel/machdep/i386/pcb.c:528:task_locate_ldt	28.774	0.0	39.275	lock_done;lock_write;task_dowait;task_hold;task_release	0	1
0x18dac8	_task_default_ldt	named	candidate	medium	single	darwin01:darwin01/kernel/machdep/i386/pcb.c:564:task_default_ldt	28.774	0.0	39.275	lock_done;lock_write;task_dowait;task_hold;task_release	0	1
0x18dc54	_thread_user_state	named	candidate	low	single	darwin01:darwin01/kernel/machdep/i386/pcb.c:594:thread_user_state	3.519	0.0	3.519	kalloc	0	1
0x18dce0	_thread_bootstrap_return	named	candidate	medium	single	darwin01:darwin01/kernel/machdep/i386/pcb.c:627:thread_bootstrap_return	16.078	0.0	29.326	lock_done;lock_read;thread_exception_return	0	1
0x18dec0	_thread_exception_return	named	candidate	medium	single	darwin01:darwin01/kernel/machdep/i386/pcb.c:650:thread_exception_return	15.145	0.0	18.664	_return_with_state;check_for_ast	0	1
0x18df80	_thread_syscall_return	named	candidate	medium	single	darwin01:darwin01/kernel/machdep/i386/pcb.c:667:thread_syscall_return	15.145	0.0	18.664	_return_with_state;check_for_ast	0	1
0x18e050	_thread_set_syscall_return	named	candidate	low	single	darwin01:darwin01/kernel/machdep/i386/pcb.c:688:thread_set_syscall_return	0	0	3.519		0	2
0x18e0e4	_start_initial_context	named	candidate	medium	single	darwin01:darwin01/kernel/machdep/i386/pcb.c:703:start_initial_context	16.243	0.0	16.243	_switch_tss;ldt_init	0	1
0x18e1dc	_thread_setstatus	named	candidate	medium	single	darwin01:darwin01/kernel/machdep/i386/pcb.c:748:thread_setstatus	16.936	0	16.936	set_thread_fpstate;set_thread_state	0	3
0x18e218	_set_thread_state	named	candidate	low	single	darwin01:darwin01/kernel/machdep/i386/pcb.c:773:set_thread_state	7.082	0.0	10.601	thread_start	1	1
0x18e510		unnamed	candidate	low	single	darwin01:darwin01/kernel/machdep/i386/pcb.c:279:pcb_common_init	3.519	3.519	3.519	kalloc	0	222
0x18e634	_set_thread_fpstate	named	candidate	medium	single	darwin01:darwin01/kernel/machdep/i386/pcb.c:890:set_thread_fpstate	7.775	0.0	7.775	fp_terminate	0	1
0x18e690	_thread_set_cthread_self	named	candidate	low	single	darwin01:darwin01/kernel/machdep/i386/pcb.c:916:thread_set_cthread_self	0	0.0	0		0	1
0x18e6ac	_thread_getstatus	named	candidate	medium	single	darwin01:darwin01/kernel/machdep/i386/pcb.c:930:thread_getstatus	42.341	0	42.341	get_thread_cthreadstate;get_thread_exceptstate;get_thread_fpstate;get_thread_state;get_thread_state_flavor_list	0	3
0x18e728	_get_thread_state	named	candidate	low	single	darwin01:darwin01/kernel/machdep/i386/pcb.c:960:get_thread_state	0	0.0	3.519		0	1
0x18e85c	_get_thread_fpstate	named	candidate	medium	single	darwin01:darwin01/kernel/machdep/i386/pcb.c:1006:get_thread_fpstate	7.775	0.0	7.775	fp_synch	0	1
0x18e8b8	_get_thread_exceptstate	named	candidate	low	single	darwin01:darwin01/kernel/machdep/i386/pcb.c:1032:get_thread_exceptstate	0	0.0	3.519		0	1
0x18e970	_get_thread_cthreadstate	named	candidate	low	single	darwin01:darwin01/kernel/machdep/i386/pcb.c:1056:get_thread_cthreadstate	0	0.0	0		0	1
0x18e9a4	_thread_get_cthread_self	named	candidate	low	single	darwin01:darwin01/kernel/machdep/i386/pcb.c:1076:thread_get_cthread_self	0	0.0	0		0	1
0x18e9bc	_get_thread_state_flavor_list	named	candidate	low	single	darwin01:darwin01/kernel/machdep/i386/pcb.c:1084:get_thread_state_flavor_list	0	0.0	0		0	1
0x18ea1c	_thread_userstack	named	candidate	low	single	darwin01:darwin01/kernel/machdep/i386/pcb.c:1124:thread_userstack	0	0.0	0		0	1
0x18ea5c	_thread_entrypoint	named	candidate	low	single	darwin01:darwin01/kernel/machdep/i386/pcb.c:1158:thread_entrypoint	0	0.0	0		0	1
0x18ea90	_thread_dup	named	candidate	low	single	darwin01:darwin01/kernel/machdep/i386/pcb.c:1196:thread_dup	0	0	3.519		0	2
0x18ebd4	_pcb_terminate	named	candidate	medium	single	darwin01:darwin01/kernel/machdep/i386/pcb.c:1218:pcb_terminate	24.012	4.206	24.012	PCdestroy;fp_terminate;kfree;zfree	0	3
0x18ec48	_pcb_synch	named	candidate	medium	single	darwin01:darwin01/kernel/machdep/i386/pcb.c:1258:pcb_synch	7.775	0.0	7.775	fp_synch	0	1
0x18ec58	_pcb_common_terminate	named	candidate	low	single	darwin01:darwin01/kernel/machdep/i386/pcb.c:1270:pcb_common_terminate	3.563	0.0	3.563	kfree	0	1
0x18ec70	_pmap_pt_entry	named	candidate	low	single	darwin01:darwin01/kernel/machdep/i386/pmap.c:119:pmap_pt_entry	0	0.0	0		0	1
0x18eca8	_pmap_pd_entry	named	candidate	low	single	darwin01:darwin01/kernel/machdep/i386/pmap.c:141:pmap_pd_entry	0	0.0	0		0	1
0x18ecc0		unnamed	candidate	medium	single	darwin01:darwin01/kernel/machdep/i386/pmap.c:201:pmap_kernel_pt_alloc	45.909	12.036	45.909	alloc_pages;bzero;kmem_alloc_wired;panic;pmap_kernel_pt_alloc;pmap_kernel_pt_alloc 2;pmap_kernel_pt_alloc 3	0	216
0x18ede8	_pmap_map	named	candidate	low	single	darwin01:darwin01/kernel/machdep/i386/pmap.c:246:pmap_map	0	0	0		1	3
0x18eee8	_pmap_bootstrap	named	candidate	low	single	darwin01:darwin01/kernel/machdep/i386/pmap.c:347:pmap_bootstrap	10.69	3.608	10.69	alloc_cnvmem;bzero	3	3
0x18f330	_pmap_init	named	candidate	medium	single	darwin01:darwin01/kernel/machdep/i386/pmap.c:432:pmap_init	36.735	19.799	36.735	kmem_alloc_wired;pg_exten;pmap;pv_entry;zinit	0	3
0x18f40c		unnamed	candidate	medium	single	darwin01:darwin01/kernel/machdep/i386/pmap.c:527:pmap_alloc_pd	16.895	13.024	21.492	kmem_alloc_wired;panic;pmap_alloc_pd	0	216
0x18f58c		unnamed	candidate	medium	single	darwin01:darwin01/kernel/machdep/i386/pmap.c:591:pmap_create_pd	19.668	2.732	19.668	panic;pmap_create_page_directory;pmap_create_page_directory 1	1	216
0x18f644	_pmap_create	named	candidate	medium	single	darwin01:darwin01/kernel/machdep/i386/pmap.c:634:pmap_create	19.405	8.205	19.405	bzero;panic;pmap_create pmap;zalloc	1	3
0x18f69c	_pmap_destroy	named	candidate	low	single	darwin01:darwin01/kernel/machdep/i386/pmap.c:673:pmap_destroy	4.206	4.206	12.72	zfree	0	3
0x18f7b4	_pmap_reference	named	candidate	low	single	darwin01:darwin01/kernel/machdep/i386/pmap.c:703:pmap_reference	0	0	8.515		0	3
0x18f7f8		unnamed	candidate	medium	single	darwin01:darwin01/kernel/machdep/i386/pmap.c:729:pmap_remove_range	23.874	6.937	30.956	panic;pmap_remove_range;pmap_remove_range 2;zfree	1	216
0x18fa44	_pmap_remove	named	candidate	low	single	darwin01:darwin01/kernel/machdep/i386/pmap.c:844:pmap_remove	0	0	8.515		1	3
0x18fb0c	_pmap_remove_all	named	candidate	medium	single	darwin01:darwin01/kernel/machdep/i386/pmap.c:881:pmap_remove_all	32.342	4.206	47.939	panic;pmap_remove_all;pmap_remove_all 2;pmap_remove_all 3;zfree	1	2
0x18fd2c	_pmap_copy_on_write	named	candidate	medium	single	darwin01:darwin01/kernel/machdep/i386/pmap.c:968:pmap_copy_on_write	11.2	0	19.715	panic;pmap_copy_on_write	0	2
0x18fee4	_pmap_protect	named	candidate	low	single	darwin01:darwin01/kernel/machdep/i386/pmap.c:1034:pmap_protect	0	0	8.515		1	3
0x190188	_pmap_enter_cache_spec	named	candidate	low	single	darwin01:darwin01/kernel/machdep/i386/pmap.c:1103:pmap_enter_cache_spec	8.803	0.0	17.317	zalloc;zfree	6	1
0x19065c	_pmap_enter	named	candidate	low	single	mach4:mach4/i386/kernel/intel/pmap.c:1522:pmap_enter	4.597	0	17.317	zalloc	6	3
0x190afc	_pmap_enter_shared_range	named	candidate	medium	single	darwin01:darwin01/kernel/machdep/i386/pmap.c:1298:pmap_enter_shared_range	13.641	0.0	13.641	pmap_enter;pmap_resident_extract	0	1
0x190b5c	_pmap_change_wiring	named	candidate	medium	single	darwin01:darwin01/kernel/machdep/i386/pmap.c:1326:pmap_change_wiring	11.2	2.732	19.715	panic;pmap_change_wiring	2	3
0x190c24	_pmap_extract	named	candidate	low	single	darwin01:darwin01/kernel/machdep/i386/pmap.c:1365:pmap_extract	0	0	8.515		0	3
0x190ca8	_pmap_resident_extract	named	candidate	low	single	darwin01:darwin01/kernel/machdep/i386/pmap.c:1385:pmap_resident_extract	0	0	0		0	2
0x190cfc		unnamed	candidate	medium	single	darwin01:darwin01/kernel/machdep/i386/pmap.c:1402:pmap_expand	22.228	13.848	39.546	kmem_alloc_wired;kmem_free;panic;pmap_expand	0	216
0x190f24		unnamed	candidate	low	single	darwin01:darwin01/kernel/machdep/i386/pcb.c:75:stack_attach	0	0	0		0	216
0x190f90		unnamed	candidate	medium	single	darwin01:darwin01/kernel/machdep/i386/pmap.c:1522:pmap_deallocate_mappings	19.668	2.732	19.668	panic;pmap_deallocate_mappings;pmap_deallocate_mappings unwir	0	216
0x19108c		unnamed	candidate	low	single	darwin01:darwin01/kernel/machdep/i386/pcb.c:75:stack_attach	0	0	0		0	216
0x1910e4		unnamed	candidate	low	single	darwin01:darwin01/kernel/machdep/i386/pcb.c:75:stack_attach	0	0	0		0	216
0x19113c	_pmap_copy	named	candidate	low	single	darwin01:darwin01/kernel/machdep/i386/pmap.c:1613:pmap_copy	0	0	0		0	3
0x191144	_pmap_update	named	candidate	low	single	darwin01:darwin01/kernel/machdep/i386/pmap.c:1633:pmap_update	5.333	0	18.053	kmem_free	1	2
0x1913ec	_pmap_collect	named	candidate	low	single	darwin01:darwin01/kernel/machdep/i386/pmap.c:1750:pmap_collect	0	0	0		0	3
0x1913f4	_pmap_activate	named	candidate	low	single	darwin01:darwin01/kernel/machdep/i386/pmap.c:1762:pmap_activate	0	0	0		0	2
0x191408	_pmap_deactivate	named	candidate	low	single	darwin01:darwin01/kernel/machdep/i386/pmap.c:1777:pmap_deactivate	0	0	0		0	2
0x19141c	_pmap_kernel	named	candidate	low	single	darwin01:darwin01/kernel/machdep/i386/pmap.c:1790:pmap_kernel	0	0	0		0	3
0x191428	_pmap_zero_page	named	candidate	medium	single	darwin01:darwin01/kernel/machdep/i386/pmap.c:1802:pmap_zero_page	8.468	0	8.468	page_set	0	5
0x191444	_pmap_copy_page	named	candidate	medium	single	darwin01:darwin01/kernel/machdep/i386/pmap.c:1814:pmap_copy_page	8.468	0	8.468	page_copy	0	5
0x191460	_copy_to_phys	named	candidate	low	single	darwin01:darwin01/kernel/machdep/i386/pmap.c:1823:copy_to_phys	3.498	3.498	3.498	bcopy	0	4
0x191478	_copy_from_phys	named	candidate	low	single	darwin01:darwin01/kernel/machdep/i386/pmap.c:1833:copy_from_phys	3.498	3.498	3.498	bcopy	0	4
0x191490	_compress_data_from_phys	named	unmapped	unknown	single		0.0	0.0	8.468		0	0
0x1914a8	_uncompress_data_to_phys	named	unmapped	unknown	single		0.0	0.0	8.468		0	0
0x1914c8	_pmap_pageable	named	candidate	low	single	darwin01:darwin01/kernel/machdep/i386/pmap.c:1854:pmap_pageable	0	0	0		0	3
0x1914d0	_pmap_attribute	named	candidate	low	single	darwin01:darwin01/kernel/machdep/i386/pmap.c:1865:pmap_attribute	0	0.0	0		0	1
0x1914dc	_pmap_clear_modify	named	candidate	low	single	darwin01:darwin01/kernel/machdep/i386/pmap.c:1916:pmap_clear_modify	0	0	0		1	3
0x191500	_pmap_is_modified	named	candidate	low	single	darwin01:darwin01/kernel/machdep/i386/pmap.c:1929:pmap_is_modified	0	0	0		1	3
0x19152c	_pmap_clear_reference	named	candidate	low	single	darwin01:darwin01/kernel/machdep/i386/pmap.c:1943:pmap_clear_reference	0	0	0		1	3
0x191550	_pmap_is_referenced	named	candidate	low	single	darwin01:darwin01/kernel/machdep/i386/pmap.c:1956:pmap_is_referenced	0	0	0		1	3
0x19157c		unnamed	candidate	low	conflicting	nextmach:nextmach/mk-108.1/next/pmap.c:429:pt_alloc	8.515	8.515	8.515	splvm;splx	0	216
0x1916e0		unnamed	candidate	low	conflicting	nextmach:nextmach/mk-108.1/next/pmap.c:429:pt_alloc	8.515	8.515	8.515	splvm;splx	0	216
0x1917fc	_pmap_update_interrupt	named	candidate	medium	single	darwin01:darwin01/kernel/machdep/i386/pmap.c:2092:pmap_update_interrupt	11.2	0	11.2	panic;pmap_update_interrupt	0	3
0x191810	_pmap_page_protect	named	candidate	low	conflicting	darwin01:darwin01/kernel/machdep/i386/pmap.c:2104:pmap_page_protect	13.845	13.845	13.845	pmap_copy_on_write;pmap_remove_all	0	3
0x191848	_setconf	named	candidate	medium	single	nextmach:nextmach/mk-108.1/next/swapgeneric.c:113:setconf	87.002	0.0	153.433	 or ;%s%s%%d;4.3;bad partition number\n;bad/missing unit number\n;gets;nfs;printf;root device? ;root on %s\n;use 	1	1
0x191af8	_gets	named	candidate	medium	single	darwin01:darwin01/kernel/machdep/i386/swapgeneric.m:233:gets; nextmach:nextmach/mk-108.1/next/swapgeneric.c:213:gets	14.634	0	14.634	cngetc;cnputc	0	3
0x191ba0	_getfsname	named	candidate	medium	identical-bodies	darwin01:darwin01/kernel/machdep/i386/swapgeneric.m:277:getfsname; nextmach:nextmach/mk-108.1/next/swapgeneric.c:257:getfsname	11.887	0.0	26.52	%s key [%s]: ;printf	0	2
0x191c68		unnamed	candidate	low	single	darwin01:darwin01/kernel/machdep/i386/swapgeneric.m:81:nfs_mountroot	6.522	6.522	8.373	IOGetObjectForDeviceName	0	161
0x191d4c	_initrootnet	named	candidate	low	conflicting	darwin01:darwin01/kernel/machdep/i386/swapgeneric.m:330:initrootnet	73.053	73.053	73.053	ifioctl;inet_ntoa;initrootnet: BOOTP [OK].\n;initrootnet: BOOTP timed out, ;initrootnet: autoaddr failed\n;initrootnet: socreate failed\n;primary network interface: %s ;printf;soclose;socreate	0	2
0x191e48	_resuba	named	candidate	low	single	darwin01:darwin01/kernel/machdep/i386/sys_machdep.c:74:resuba	0	0.0	0		0	1
0x191e50	_user_trap	named	candidate	medium	single	darwin01:darwin01/kernel/machdep/i386/trap.c:90:user_trap	35.656	6.859	43.432	exception;fp_extension_fault;fp_noextension;thread_exception_return;vm_fault	0	2
0x1920f4	_kernel_trap	named	candidate	medium	single	darwin01:darwin01/kernel/machdep/i386/trap.c:213:kernel_trap	82.291	13.009	89.15	DoRestore;Kernel Trap;_i386_backtrace;continued after kernel trap;exception_from_kernel;fp_kernel_extension_fault;kdp_raise_exception;panic;printf;thread_exception_return;unexpected kernel trap %x eip ;vm_fault	7	2
0x1923e0		unnamed	candidate	low	conflicting	darwin01:darwin01/kernel/machdep/i386/trap.c:90:user_trap	6.859	6.859	6.859	vm_fault	0	55
0x192438		unnamed	candidate	low	conflicting	darwin01:darwin01/kernel/machdep/i386/trap.c:213:kernel_trap	7.775	7.775	7.775	kdp_raise_exception	0	55
0x1924a0		unnamed	candidate	low	single	darwin01:darwin01/kernel/machdep/i386/sys_machdep.c:74:resuba	0	0	0		0	55
0x1924e0		unnamed	candidate	low	single	darwin01:darwin01/kernel/machdep/i386/sys_machdep.c:74:resuba	0	0	6.389		0	55
0x1925a0	_machdep_call	named	candidate	medium	single	darwin01:darwin01/kernel/machdep/i386/trap.c:531:machdep_call	18.132	0.0	18.132	copyin;kern_invalid;thread_exception_return	0	1
0x192698	_mach_kernel_trap	named	candidate	medium	single	darwin01:darwin01/kernel/machdep/i386/trap.c:591:mach_kernel_trap	24.991	0.0	24.991	copyin;exception;kern_invalid;thread_exception_return	0	1
0x192790	_unix_syscall	named	candidate	medium	single	darwin01:darwin01/kernel/machdep/i386/trap.c:651:unix_syscall	18.132	0	30.638	copyin;fuword;thread_exception_return	0	2
0x19293c	_unix_syscall_return	named	unmapped	unknown	single		0.0	0.0	19.454		0	0
0x1929e8	_check_for_ast	named	candidate	medium	single	darwin01:darwin01/kernel/machdep/i386/trap.c:718:check_for_ast	19.967	0.0	43.069	fp_ast;thread_block_with_continuation;thread_halt_self	0	1
0x192ba0	__i386_backtrace	named	candidate	medium	single	darwin01:darwin01/kernel/machdep/i386/trap.c:778:_i386_backtrace	31.57	0.0	31.57	args %x %x %x %x\n;frame %x called by %x ;invalid frame pointer %x\n;safe_prf	0	1
0x192c20	_byte_swap_ints	named	candidate	low	single	darwin01:darwin01/kernel/bsd/ufs/ufs/ufs_byte_order.c:62:byte_swap_ints	0	0.0	0		0	1
0x192c48	_byte_swap_shorts	named	candidate	low	single	darwin01:darwin01/kernel/bsd/ufs/ufs/ufs_byte_order.c:72:byte_swap_shorts	0	0.0	0		0	1
0x192c74	_byte_swap_superblock	named	unmapped	unknown	single		0.0	0.0	0		0	0
0x192ce0	_byte_swap_disklabel_in	named	unmapped	unknown	single		0.0	0.0	8.468		0	0
0x192d84	_byte_swap_disklabel_out	named	unmapped	unknown	single		0.0	0.0	8.468		0	0
0x192e28		unnamed	candidate	low	single	darwin01:darwin01/kernel/machdep/i386/trap.c:90:user_trap	0	0	8.468		0	51
0x192ee0	_byte_swap_disktab_in	named	unmapped	unknown	single		0.0	0.0	0		1	0
0x192f3c	_byte_swap_disktab_out	named	unmapped	unknown	single		0.0	0.0	0		1	0
0x192f90	_byte_swap_partition	named	unmapped	unknown	single		0.0	0.0	0		0	0
0x192fd8	_byte_swap_csum	named	candidate	low	single	darwin01:darwin01/kernel/bsd/ufs/ufs/ufs_byte_order.c:126:byte_swap_csum	0	0.0	0		0	1
0x192ff8	_byte_swap_cylgroup	named	unmapped	unknown	single		0.0	0.0	0		0	0
0x1930b8	_byte_swap_inode_in	named	candidate	low	single	darwin01:darwin01/kernel/bsd/ufs/ufs/ufs_byte_order.c:231:byte_swap_inode_in	3.498	0.0	3.498	bcopy	0	1
0x1931b8	_byte_swap_inode_out	named	candidate	low	single	darwin01:darwin01/kernel/bsd/ufs/ufs/ufs_byte_order.c:270:byte_swap_inode_out	3.498	0.0	3.498	bcopy	0	1
0x1932bc	_byte_swap_dir_block_out	named	candidate	low	single	darwin01:darwin01/kernel/bsd/ufs/ufs/ufs_byte_order.c:353:byte_swap_dir_block_out	0	0.0	0		0	1
0x193308	_byte_swap_dir_block_in	named	candidate	low	single	darwin01:darwin01/kernel/bsd/ufs/ufs/ufs_byte_order.c:320:byte_swap_dir_block_in	0	0.0	0		0	1
0x19335c	_allocbuf	named	candidate	medium	single	darwin01:darwin01/kernel/bsd/vfs/vfs_bio.c:648:allocbuf	29.101	20.522	29.101	brelse;getnewbuf;pagemove;splbio;splx	0	2
0x1934d8	_bfree	named	candidate	low	single	nextmach:nextmach/mk-108.1/next/ufs_machdep.c:102:bfree	0	0.0	0		0	1
0x1934ec	_sendsig	named	candidate	low	conflicting	darwin01:darwin01/kernel/machdep/i386/unix_signal.c:61:sendsig	10.133	10.133	16.522	copyout;psignal	0	2
0x19372c	_sigreturn	named	candidate	low	single	darwin01:darwin01/kernel/machdep/i386/unix_signal.c:178:sigreturn	4.662	4.662	11.05	copyin	0	2
0x193a54	_machine_exception	named	candidate	low	single	darwin01:darwin01/kernel/machdep/i386/unix_signal.c:255:machine_exception	0	0	0		0	2
0x193a98	_startup_early	named	candidate	low	single	nextmach:nextmach/mk-108.1/next/machdep.c:733:startup_early	3.608	0.0	10.978	bzero	0	1
0x193b80	_startup	named	candidate	medium	single	darwin01:darwin01/kernel/machdep/i386/unix_startup.c:208:startup	75.033	58.79	82.403	available memory = %d.%d%d meg;kmem_suballoc;kminit;panic_init;physical memory = %d.%d%d mega;printf;using %d buffers containing %d;vm_map_find;vm_map_pageable;vm_map_remove;vm_object_allocate	0	2
0x193e58	_pagemove	named	candidate	medium	single	darwin01:darwin01/kernel/machdep/i386/vm_machdep.c:51:pagemove	18.975	11.2	18.975	pagemove;panic;pmap_pt_entry	0	2
0x193ed0	_kernacc	named	candidate	medium	single	darwin01:darwin01/kernel/machdep/i386/vm_machdep.c:78:kernacc	7.775	0.0	7.775	pmap_pt_entry	0	1
0x193f34	_probeNativeDevices	named	candidate	medium	single	darwin01:darwin01/kernel/driverkit/i386/autoconf_i386.m:148:probeNativeDevices	98.822	0.0	132.936	CPU:\tEISA id %08x\n;DriverKit version %d\n;IOFree;IOMalloc;ISA bus\n;Missing %s kernel bus class;NeXT;eisa_id;findBootConfigString;led_msg;objc_getClass;panic;printf;slot %x:\tEISA id %08x\n;sprintf	2	1
0x194140		unnamed	candidate	medium	single	darwin01:darwin01/kernel/driverkit/i386/autoconf_i386.m:246:configureDriver	56.321	20.442	156.102	Driver %s could not be configu;IO%sDeviceDescription;IOFree;IOLog;IOMalloc;Invalid style for class %s;create_dev_port;objc_getClass;sprintf	0	43
0x1946e0	_eisa_present	named	candidate	medium	single	darwin01:darwin01/kernel/driverkit/i386/autoconf_i386.m:461:eisa_present	12.437	0.0	12.437	EISA;strncmp	0	1
0x194720	_eisa_id	named	candidate	low	single	darwin01:darwin01/kernel/driverkit/i386/autoconf_i386.m:478:eisa_id	6.676	0.0	19.113	inb	0	1
0x1947c4	_configureThread	named	candidate	low	single	darwin01:darwin01/kernel/driverkit/i386/autoconf_i386.m:538:configureThread	5.983	0.0	7.834	IOExitThread	1	1
0x194804	_probeHardware	named	candidate	low	single	darwin01:darwin01/kernel/driverkit/i386/autoconf_i386.m:553:probeHardware	0	0.0	0		0	1
0x19480c	_probeDirectDevices	named	candidate	low	single	darwin01:darwin01/kernel/driverkit/i386/autoconf_i386.m:560:probeDirectDevices	0	0.0	0		0	1
0x194814	_findBootConfigString	named	candidate	medium	single	darwin01:darwin01/kernel/driverkit/i386/autoconf_i386.m:571:findBootConfigString	11.974	0.0	11.974	IOLog;WARNING: No config table in KE	0	1
0x194890		unnamed	candidate	medium	single	darwin01:darwin01/kernel/driverkit/i386/autoconf_i386.m:601:bootDriverInit	35.402	3.608	35.402	__DATA;__bss;bzero;getsectbynamefromheader;objc_registerModule	0	43
0x1948f8	_cnopen	named	candidate	low	single	darwin01:darwin01/kernel/bsd/dev/i386/cons.c:52:cnopen	0	0	17.41		0	3
0x194a88	_cnread	named	candidate	low	single	darwin01:darwin01/kernel/bsd/dev/i386/cons.c:84:cnread	0	0	0		0	3
0x194ab8	_cnwrite	named	candidate	low	single	darwin01:darwin01/kernel/bsd/dev/i386/cons.c:100:cnwrite	0	0	0		0	3
0x194ae8	_cnioctl	named	candidate	low	single	darwin01:darwin01/kernel/bsd/dev/i386/cons.c:116:cnioctl	0	0	5.21		0	3
0x194b70	_cnselect	named	candidate	low	single	darwin01:darwin01/kernel/bsd/dev/i386/cons.c:145:cnselect	0	0	0		0	3
0x194ba0	_cngetc	named	candidate	low	single	darwin01:darwin01/kernel/bsd/dev/i386/cons.c:160:cngetc	0	0	0		0	4
0x194bc8	_cnputc	named	candidate	low	single	darwin01:darwin01/kernel/bsd/dev/i386/cons.c:173:cnputc	0	0	0		0	4
0x194bf4	_mmread	named	candidate	medium	identical-bodies	darwin01:darwin01/kernel/bsd/dev/i386/mem.c:86:mmread; nextmach:nextmach/mk-108.1/next/mem.c:70:mmread	7.775	0.0	7.775	mmrw	0	2
0x194c0c	_mmwrite	named	candidate	medium	identical-bodies	darwin01:darwin01/kernel/bsd/dev/i386/mem.c:94:mmwrite; nextmach:nextmach/mk-108.1/next/mem.c:77:mmwrite	7.775	0.0	7.775	mmrw	0	2
0x194c24	_mmrw	named	candidate	medium	single	darwin01:darwin01/kernel/bsd/dev/i386/mem.c:102:mmrw	58.369	23.754	58.369	kernacc;min;mmrw;panic;pmap_enter;splvm;splx;uiomove;vm_map_find;vm_map_remove	0	2
0x194dfc	_kd_slmwd	named	unmapped	unknown	single		0.0	0.0	0		0	0
0x194e10	_kd_slmscu	named	unmapped	unknown	single		0.0	0.0	0		0	0
0x194e28	_kd_slmscd	named	unmapped	unknown	single		0.0	0.0	0		0	0
0x194e44	_rtcinit	named	candidate	low	identical-bodies	darwin01:darwin01/kernel/bsd/dev/i386/rtc.c:68:rtcinit; mach4:mach4/i386/kernel/i386at/rtc.c:58:rtcinit	6.676	0.0	6.676	outb	0	2
0x194e70	_rtcget	named	candidate	medium	identical-bodies	darwin01:darwin01/kernel/bsd/dev/i386/rtc.c:78:rtcget; mach4:mach4/i386/kernel/i386at/rtc.c:68:rtcget	13.353	0.0	13.353	inb;outb	0	2
0x194f0c	_rtcput	named	candidate	medium	identical-bodies	darwin01:darwin01/kernel/bsd/dev/i386/rtc.c:94:rtcput; mach4:mach4/i386/kernel/i386at/rtc.c:84:rtcput	13.353	0.0	13.353	inb;outb	0	2
0x194fd8	_yeartoday	named	candidate	low	identical-bodies	darwin01:darwin01/kernel/bsd/dev/i386/rtc.c:120:yeartoday; mach4:mach4/i386/kernel/i386at/rtc.c:108:yeartoday	0	0.0	0		0	2
0x194ff0	_hexdectodec	named	candidate	low	identical-bodies	darwin01:darwin01/kernel/bsd/dev/i386/rtc.c:126:hexdectodec; mach4:mach4/i386/kernel/i386at/rtc.c:114:hexdectodec	0	0.0	0		0	2
0x195010	_dectohexdec	named	candidate	low	identical-bodies	darwin01:darwin01/kernel/bsd/dev/i386/rtc.c:133:dectohexdec; mach4:mach4/i386/kernel/i386at/rtc.c:121:dectohexdec	0	0.0	0		0	2
0x195030	_readtodc	named	candidate	medium	single	darwin01:darwin01/kernel/bsd/dev/i386/rtc.c:140:readtodc	9.09	2.819	22.443	splusclock;splx	0	2
0x19523c	_writetodc	named	candidate	medium	single	darwin01:darwin01/kernel/bsd/dev/i386/rtc.c:189:writetodc	9.09	2.819	22.443	splusclock;splx	0	2
0x19554c	_defaultEventSources	named	candidate	low	single	darwin01:darwin01/kernel/bsd/dev/ev.c:62:defaultEventSources	0	0.0	0		0	1
0x195558	_createEventShmem	named	candidate	medium	single	darwin01:darwin01/kernel/bsd/dev/ev.c:81:createEventShmem	74.026	0.0	74.026	IOGetKernPort;IOLog;convert_port_to_map;createEventShmem: no paddr for;createEventShmem: vm_map_find(;kmem_alloc_wired;kmem_free;pmap_enter;pmap_extract;port_release;vm_map_deallocate;vm_map_find	0	1
0x1956b0	_destroyEventShmem	named	candidate	medium	single	darwin01:darwin01/kernel/bsd/dev/ev.c:162:destroyEventShmem	35.225	0.0	35.225	IOLog;destroyEventShmem: vm_map_remo;kmem_free;pmap_remove;vm_map_deallocate;vm_map_remove	0	1
0x195758	_DoRestore	named	candidate	medium	single	darwin01:darwin01/kernel/bsd/dev/i386/kmDevice.m:393:DoRestore	11.28	0.0	11.28	IOLog;kmDevice: Recursive SCM_ALERT 	0	1
0x19585c		unnamed	candidate	low	single	darwin01:darwin01/kernel/bsd/dev/i386/kmDevice.m:556:kmDeviceDrawCursor	6.522	0	6.522	ns_timeout	0	67
0x195918	_kmEnableAnimation	named	candidate	low	single	darwin01:darwin01/kernel/bsd/dev/i386/kmDevice.m:594:kmEnableAnimation	0	0.0	6.522		0	1
0x195a30	_kmDisableAnimation	named	candidate	low	single	darwin01:darwin01/kernel/bsd/dev/i386/kmDevice.m:611:kmDisableAnimation	0	0.0	1.851		0	1
0x195a50		objc	unmapped	unknown	single		0.0	0.0	4.707		0	0
0x195c68		objc	candidate	medium	single	darwin01:darwin01/kernel/bsd/dev/i386/kmDevice.m:843:canBecomeOwner:	51.137	0.0	60.762	IOLog;Language;Please wait...;Restarting the computer...\n;Shutdown Graphics;km canBecomeOwner: becomeOwner;strcmp	0	1
0x195ec0	_DoAlert	named	candidate	low	single	darwin01:darwin01/kernel/bsd/dev/i386/kmDevice.m:1030:DoAlert	0	0.0	9.22		0	1
0x196084	_kmtrygetc	named	candidate	medium	single	darwin01:darwin01/kernel/bsd/dev/i386/kmDevice.m:1042:kmtrygetc	8.468	0	8.468	steal_keyboard_event	0	2
0x19621c		objc	candidate	medium	single	darwin01:darwin01/kernel/bsd/dev/i386/kmDevice.m:105:probe:	11.974	0.0	13.824	IOLog;kmDevice: continuing with bad 	0	1
0x1962a8		objc	candidate	low	single	darwin01:darwin01/kernel/bsd/dev/i386/kmDevice.m:130:deviceStyle	0	0.0	0		0	1
0x1962b4		objc	candidate	medium	single	darwin01:darwin01/kernel/bsd/dev/i386/kmDevice.m:148:new	22.147	0.0	23.997	kmDevice;kmDevice%d;sprintf	0	1
0x1963f8		objc	unmapped	unknown	single		0.0	0.0	17.358		0	0
0x1964dc		objc	candidate	medium	single	darwin01:darwin01/kernel/bsd/dev/i386/kmDevice.m:229:initKb	43.207	0.0	45.058	IOGetObjectForDeviceName;IOLog;PCKeyboard0;km init: Can't find PCKeyboard;km init: becomeOwner failed (%;km init: desireOwnership faile	0	1
0x196594		objc	candidate	low	single	darwin01:darwin01/kernel/bsd/dev/i386/kmDevice.m:267:kmOpen:	4.755	0.0	13.975	suser	0	1
0x19668c		objc	candidate	low	single	darwin01:darwin01/kernel/bsd/dev/i386/kmDevice.m:341:kmPutc:	0	0.0	0		0	1
0x1966c8		objc	candidate	low	single	darwin01:darwin01/kernel/bsd/dev/i386/kmDevice.m:365:kmGetc	5.524	0.0	5.524	thread_sleep	0	1
0x196774		objc	candidate	low	single	darwin01:darwin01/kernel/bsd/dev/i386/kmDevice.m:457:restore	0	0.0	11.28		0	1
0x196878		objc	candidate	medium	single	darwin01:darwin01/kernel/bsd/dev/i386/kmDevice.m:462:drawRect:	11.744	0.0	11.744	copyin;kalloc;kfree	0	1
0x196918		objc	candidate	low	single	darwin01:darwin01/kernel/bsd/dev/i386/kmDevice.m:495:eraseRect:	0	0.0	0		0	1
0x196948		objc	candidate	low	single	darwin01:darwin01/kernel/bsd/dev/i386/kmDevice.m:506:disableCons	0	0.0	0		0	1
0x196968		objc	candidate	low	single	darwin01:darwin01/kernel/bsd/dev/i386/kmDevice.m:526:dumpMsgBuf	0	0.0	1.851		0	1
0x1969f4		objc	candidate	low	single	darwin01:darwin01/kernel/bsd/dev/i386/kmDevice.m:617:animationCtl:	0	0.0	6.522		0	1
0x196b54		objc	candidate	low	single	darwin01:darwin01/kernel/bsd/dev/i386/kmDevice.m:654:getStatus:	0	0.0	0		0	1
0x196b74		objc	candidate	low	single	darwin01:darwin01/kernel/bsd/dev/i386/kmDevice.m:665:getScreenSize:	0	0.0	0		0	1
0x196ba0		objc	candidate	low	single	darwin01:darwin01/kernel/bsd/dev/i386/kmDevice.m:793:relinquishOwnershipRequest:	0	0.0	0		0	1
0x196bd4		objc	candidate	medium	single	darwin01:darwin01/kernel/bsd/dev/i386/kmDevice.m:814:returnToVGAMode	7.775	0.0	9.626	IODelay	0	1
0x196c1c		objc	candidate	medium	single	darwin01:darwin01/kernel/bsd/dev/i386/kmDevice.m:927:powerOffRequest	34.401	0.0	34.401	\nReally Shut down (y/n)? ;...aborting shutdown\n;boot;gets;printf	0	1
0x196c68		objc	unmapped	unknown	single		0.0	0.0	6.859		0	0
0x196c7c		objc	candidate	low	single	darwin01:darwin01/kernel/bsd/dev/i386/kmDevice.m:1055:registerDisplay:	0	0.0	0		0	1
0x196c94		objc	candidate	low	single	darwin01:darwin01/kernel/bsd/dev/i386/kmDevice.m:1061:unregisterDisplay:	0	0.0	0		0	1
0x196cb0		objc	unmapped	unknown	single		0.0	0.0	12.002		0	0
0x196d14	_kmopen	named	candidate	low	single	nextmach:nextmach/mk-108.1/nextdev/km.c:183:kmopen	7.775	0	9.626	ttychars	1	2
0x196e30	_kmclose	named	candidate	low	conflicting	darwin01:darwin01/kernel/bsd/dev/i386/km.m:146:kmclose	7.37	7.37	7.37	ttyclose	0	2
0x196e60	_kmread	named	candidate	low	single	darwin01:darwin01/kernel/bsd/dev/i386/km.m:166:kmread	0	0	0		0	2
0x196e88	_kmwrite	named	candidate	low	single	darwin01:darwin01/kernel/bsd/dev/i386/km.m:178:kmwrite	0	0	0		0	2
0x196eb0	_kmioctl	named	candidate	low	conflicting	darwin01:darwin01/kernel/bsd/dev/i386/km.m:190:kmioctl	7.775	7.775	9.626	ttioctl	0	2
0x197024	_kmselect	named	candidate	low	single	nextmach:nextmach/mk-108.1/nextdev/km.c:310:kmselect	0	0.0	0		0	1
0x19704c	_kmputc	named	candidate	low	single	darwin01:darwin01/kernel/bsd/dev/i386/km.m:268:kmputc	0	0.0	1.851		0	1
0x1970c4	_kmgetc	named	candidate	low	conflicting	darwin01:darwin01/kernel/bsd/dev/i386/km.m:294:kmgetc	6.859	6.859	8.71	cnputc	0	2
0x197104	_kmgetc_silent	named	candidate	low	single	darwin01:darwin01/kernel/bsd/dev/i386/km.m:313:kmgetc_silent	0	0.0	1.851		0	1
0x197134		unnamed	candidate	low	conflicting	nextmach:nextmach/mk-108.1/nextdev/km.c:320:kmstart	9.776	9.776	29.571	selwakeup;wakeup	0	68
0x1971e4		unnamed	candidate	medium	single	nextmach:nextmach/mk-108.1/nextdev/km.c:350:kmoutput	32.002	16.243	66.542	getc;ndqb;q_to_b;selwakeup;wakeup	0	68
0x19738c	_kmpopup	named	candidate	medium	single	darwin01:darwin01/kernel/bsd/dev/i386/km.m:395:kmpopup	14.634	0	14.634	DoAlert;kminit	0	2
0x1973b4	_kmrestore	named	candidate	medium	single	darwin01:darwin01/kernel/bsd/dev/i386/km.m:410:kmrestore	7.082	0	7.082	DoRestore	0	2
0x1973c4	_alert	named	candidate	medium	single	darwin01:darwin01/kernel/bsd/dev/i386/km.m:424:alert	12.069	0	12.069	DoAlert;sprintf	0	3
0x19741c	_alert_done	named	candidate	medium	single	darwin01:darwin01/kernel/bsd/dev/i386/km.m:446:alert_done	7.082	0	7.082	DoRestore	0	2
0x19742c	_aprint	named	candidate	low	single	darwin01:darwin01/kernel/bsd/dev/i386/km.m:457:aprint	5.21	0.0	7.061	sprintf	0	1
0x1974f4	_kmdumplog	named	candidate	low	single	darwin01:darwin01/kernel/bsd/dev/i386/km.m:481:kmdumplog	0	0.0	1.851		0	1
0x197514	_kminit	named	candidate	medium	single	darwin01:darwin01/kernel/bsd/dev/i386/km.m:494:kminit	7.37	0	15.145	BasicAllocateConsole	0	2
0x197588	_kmDrawGraphicPanel	named	candidate	low	single	darwin01:darwin01/kernel/bsd/dev/i386/km.m:513:kmDrawGraphicPanel	0	0.0	1.851		0	1
0x1975ac	_kmGraphicPanelString	named	candidate	low	single	darwin01:darwin01/kernel/bsd/dev/i386/km.m:520:kmGraphicPanelString	0	0.0	1.851		0	1
0x1975d0		objc	candidate	medium	single	darwin01:darwin01/kernel/bsd/dev/i386/kmGraphics.m:188:graphicPanelString:	7.775	0.0	7.775	kmLocalizeString	0	1
0x197918		objc	candidate	low	single	darwin01:darwin01/kernel/bsd/dev/i386/kmGraphics.m:248:drawGraphicPanel:	0	0.0	0		0	1
0x197988	_kmLocalizeString	named	candidate	low	single	darwin01:darwin01/kernel/bsd/dev/i386/kmLocalized.m:89:kmLocalizeString	5.29	0.0	5.29	strcmp	0	1
0x1979e4	_VGASetGraphicsMode	named	candidate	low	single	darwin01:darwin01/kernel/bsd/dev/i386/BasicConsole.c:150:VGASetGraphicsMode	5.829	0.0	11.253	memset	0	1
0x197c58	_BasicAllocateConsole	named	candidate	medium	single	darwin01:darwin01/kernel/bsd/dev/i386/BasicConsole.c:241:BasicAllocateConsole	12.077	0.0	19.852	VGAAllocateConsole;bzero	0	1
0x197ca0		unnamed	candidate	low	single	darwin01:darwin01/kernel/bsd/dev/i386/BasicConsole.c:122:setColorReg	0	0	0		0	37
0x197e58		unnamed	candidate	low	single	darwin01:darwin01/kernel/bsd/dev/i386/BasicConsole.c:122:setColorReg	0	0	7.775		0	37
0x198098		unnamed	candidate	low	single	darwin01:darwin01/kernel/bsd/dev/i386/BasicConsole.c:122:setColorReg	0	0	0		7	37
0x198adc		unnamed	candidate	medium	single	darwin01:darwin01/kernel/bsd/dev/i386/VGAConsole.c:677:SetTitle	11.28	3.505	11.28	IOLog;console: Illegal title length 	5	37
0x1995a4		unnamed	candidate	low	single	darwin01:darwin01/kernel/bsd/dev/i386/BasicConsole.c:122:setColorReg	0	0	0		4	37
0x19ab88		unnamed	candidate	medium	single	darwin01:darwin01/kernel/bsd/dev/i386/VGAConsole.c:1028:Init	19.668	0	19.668	VGAConsole/VGAInitConsole: can;VGASetGraphicsMode;panic	1	37
0x19ae0c		unnamed	candidate	medium	single	darwin01:darwin01/kernel/bsd/dev/i386/VGAConsole.c:1089:Restore	11.974	3.505	11.974	IOLog;VGAConsole: bogus restore, mod	0	37
0x19b0a8		unnamed	candidate	low	single	darwin01:darwin01/kernel/bsd/dev/i386/BasicConsole.c:122:setColorReg	0	0	0		0	37
0x19b340		unnamed	candidate	low	single	darwin01:darwin01/kernel/bsd/dev/i386/BasicConsole.c:122:setColorReg	0	0	0		1	37
0x19b54c	__VGAAllocateConsole	named	candidate	medium	single	darwin01:darwin01/kernel/bsd/dev/i386/VGAConsole.c:1343:_VGAAllocateConsole	8.356	0.0	8.356	IOFree;IOMalloc	0	1
0x19b66c	_SVGAAllocateConsole	named	candidate	low	single	darwin01:darwin01/kernel/bsd/dev/i386/VGAConsole.c:1392:SVGAAllocateConsole	0	0.0	8.356		0	1
0x19b760	_VGAAllocateConsole	named	candidate	low	single	darwin01:darwin01/kernel/bsd/dev/i386/VGAConsole.c:1396:VGAAllocateConsole	0	0.0	8.356		0	1
0x19b81c		unnamed	candidate	low	single	darwin01:darwin01/kernel/bsd/dev/i386/FBConsole.c:1019:Free	4.164	4.164	4.164	IOFree	0	61
0x19b860		unnamed	candidate	low	single	darwin01:darwin01/kernel/bsd/dev/i386/BasicConsole.c:122:setColorReg	0	0	0		0	61
0x19b9c8		unnamed	candidate	low	single	darwin01:darwin01/kernel/bsd/dev/i386/BasicConsole.c:122:setColorReg	0	0	0		1	61
0x19b9e0		unnamed	candidate	low	single	darwin01:darwin01/kernel/bsd/dev/i386/BasicConsole.c:122:setColorReg	0	0	0		0	61
0x19ba18		unnamed	candidate	low	conflicting	darwin01:darwin01/kernel/bsd/dev/i386/FBConsole.c:203:FlipCursor	11.2	9.254	17.722	FBConsole/FlipCursor: bogus bi;panic	0	61
0x19bbe0		unnamed	candidate	low	conflicting	darwin01:darwin01/kernel/bsd/dev/i386/FBConsole.c:397:Erase	11.2	9.254	17.722	FBConsole/Erase: bogus bits pe;panic	0	61
0x19bd3c		unnamed	candidate	low	single	darwin01:darwin01/kernel/bsd/dev/i386/FBConsole.c:150:PixelAddress	9.254	2.732	17.029	FBConsole/PixelAddress: bogus ;panic	1	61
0x19bfa0		unnamed	candidate	medium	single	darwin01:darwin01/kernel/bsd/dev/i386/FBConsole.c:525:FBPutC	17.029	9.408	30.228	FBConsole/FBPutC: bogus bitsPe;memmove;panic	7	61
0x19c898		unnamed	candidate	low	conflicting	darwin01:darwin01/kernel/bsd/dev/i386/FBConsole.c:751:SetTitle	11.28	11.28	27.211	IOLog;console: Illegal title length 	5	61
0x19d254		unnamed	candidate	low	conflicting	darwin01:darwin01/kernel/bsd/dev/i386/FBConsole.c:168:Fill	9.408	9.254	25.951	FBConsole/Fill: bogus bitsPerP;panic	4	61
0x19df7c		unnamed	candidate	low	conflicting	darwin01:darwin01/kernel/bsd/dev/i386/FBConsole.c:1026:Init	11.2	9.408	24.399	FBConsole/FBInitConsole: can't;panic	1	61
0x19e23c		unnamed	candidate	medium	single	darwin01:darwin01/kernel/bsd/dev/i386/FBConsole.c:168:Fill	9.408	2.732	9.408	FBConsole/Fill: bogus bitsPerP;panic	0	61
0x19e7cc		unnamed	candidate	medium	single	darwin01:darwin01/kernel/bsd/dev/i386/FBConsole.c:168:Fill	9.408	2.732	9.408	FBConsole/Fill: bogus bitsPerP;panic	0	61
0x19ec24	_FBAllocateConsole	named	candidate	medium	single	darwin01:darwin01/kernel/bsd/dev/i386/FBConsole.c:1354:FBAllocateConsole	8.356	0.0	8.356	IOFree;IOMalloc	0	1
0x19ecb8	_FBAllocateVBEConsole	named	unmapped	unknown	single		0.0	0.0	16.824		0	0
0x19ed8c	_VBEModeInfo2IODisplayInfo	named	unmapped	unknown	single		0.0	0.0	0		0	0
0x19efa8		unnamed	candidate	low	single	darwin01:darwin01/kernel/bsd/dev/i386/FBConsole.c:1019:Free	4.164	4.164	4.164	IOFree	0	60
0x19efcc		unnamed	candidate	medium	single	darwin01:darwin01/kernel/bsd/dev/i386/FBConsole.c:1102:Restore	17.803	5.829	21.967	IOLog;frameBuffer: bogus restore, mo;memmove	0	60
0x19f050		unnamed	candidate	low	single	darwin01:darwin01/kernel/bsd/dev/i386/EventSrcPCKeyboard.m:76:nsecs_to_packed_ns	0	0	0		1	60
0x19f068		unnamed	candidate	low	single	darwin01:darwin01/kernel/bsd/dev/i386/EventSrcPCKeyboard.m:76:nsecs_to_packed_ns	0	0	0		0	60
0x19f0b8		objc	candidate	low	single	darwin01:darwin01/kernel/bsd/dev/i386/EventSrcPCKeyboard.m:103:resetKeyboard	0	0.0	1.851		0	1
0x19f17c		objc	candidate	medium	single	darwin01:darwin01/kernel/bsd/dev/i386/EventSrcPCKeyboard.m:121:scheduleAutoRepeat	13.471	0.0	13.471	ns_abstimeout;ns_untimeout	0	1
0x19f1e0		objc	candidate	low	single	darwin01:darwin01/kernel/bsd/dev/i386/EventSrcPCKeyboard.m:144:autoRepeat	5.635	0.0	7.486	IOGetTimestamp	0	1
0x19f2d0		objc	candidate	low	single	darwin01:darwin01/kernel/bsd/dev/i386/EventSrcPCKeyboard.m:188:setRepeat:forCode:	0	0.0	1.851		0	1
0x19f35c		objc	candidate	medium	single	darwin01:darwin01/kernel/bsd/dev/i386/EventSrcPCKeyboard.m:220:initKeyboard	26.271	0.0	28.122	IOGetObjectForDeviceName;IOLog;PCKeyboard0;initKeyboard: Can't find PCKey	0	1
0x19f3a4		objc	unmapped	unknown	single		0.0	0.0	1.851		0	0
0x19f420		objc	unmapped	unknown	single		0.0	0.0	1.851		0	0
0x19f490		objc	candidate	low	single	darwin01:darwin01/kernel/bsd/dev/i386/EventSrcPCKeyboard.m:288:updateEventFlags:	0	0.0	1.851		0	1
0x19f4bc		objc	candidate	low	single	darwin01:darwin01/kernel/bsd/dev/i386/EventSrcPCKeyboard.m:295:eventFlags	0	0.0	0		0	1
0x19f4cc		objc	candidate	low	single	darwin01:darwin01/kernel/bsd/dev/i386/EventSrcPCKeyboard.m:302:deviceFlags	0	0.0	0		0	1
0x19f4dc		objc	candidate	low	single	darwin01:darwin01/kernel/bsd/dev/i386/EventSrcPCKeyboard.m:309:setDeviceFlags:	0	0.0	0		0	1
0x19f4f0		objc	candidate	low	single	darwin01:darwin01/kernel/bsd/dev/i386/EventSrcPCKeyboard.m:317:alphaLock	0	0.0	0		0	1
0x19f504		objc	candidate	low	single	darwin01:darwin01/kernel/bsd/dev/i386/EventSrcPCKeyboard.m:324:setAlphaLock:	0	0.0	1.851		0	1
0x19f534		objc	candidate	low	single	darwin01:darwin01/kernel/bsd/dev/i386/EventSrcPCKeyboard.m:333:charKeyActive	0	0.0	0		0	1
0x19f548		objc	candidate	low	single	darwin01:darwin01/kernel/bsd/dev/i386/EventSrcPCKeyboard.m:340:setCharKeyActive:	0	0.0	0		0	1
0x19f55c		objc	candidate	low	single	darwin01:darwin01/kernel/bsd/dev/i386/EventSrcPCKeyboard.m:355:dispatchKeyboardEvent:	0	0.0	1.851		0	1
0x19f644		objc	candidate	low	single	darwin01:darwin01/kernel/bsd/dev/i386/EventSrcPCKeyboard.m:390:relinquishOwnershipRequest:	0	0.0	1.851		0	1
0x19f6b8		objc	candidate	medium	single	darwin01:darwin01/kernel/bsd/dev/i386/EventSrcPCKeyboard.m:407:canBecomeOwner:	11.28	0.0	13.131	%s: becomeOwner of %s failed (;IOLog	0	1
0x19f728		objc	candidate	low	single	darwin01:darwin01/kernel/bsd/dev/i386/EventSrcPCKeyboard.m:432:init	0	0.0	5.385		0	1
0x19f818		objc	candidate	medium	single	darwin01:darwin01/kernel/bsd/dev/i386/EventSrcPCKeyboard.m:451:probe	16.936	0.0	18.787	EventSrcPCKeyboard;EventSrcPCKeyboard0	0	1
0x19f8c0		objc	candidate	low	single	darwin01:darwin01/kernel/bsd/dev/i386/EventSrcPCKeyboard.m:469:free	0	0.0	5.385		0	1
0x19f96c		objc	unmapped	unknown	single		0.0	0.0	29.691		0	0
0x19fb5c		objc	unmapped	unknown	single		0.0	0.0	17.351		0	0
0x19fc5c		objc	unmapped	unknown	single		0.0	0.0	29.691		0	0
0x19fe0c		objc	unmapped	unknown	single		0.0	0.0	21.543		0	0
0x19ff48		objc	candidate	low	single	darwin01:darwin01/kernel/bsd/dev/i386/EventSrcPCKeyboard.m:689:relinquishOwnership:	0	0.0	5.385		0	1
0x19fff8		objc	candidate	low	single	darwin01:darwin01/kernel/bsd/dev/i386/EventSrcPCKeyboard.m:714:becomeOwner:	0	0.0	5.385		0	1
0x1a00e4		objc	unmapped	unknown	single		0.0	0.0	0		0	0
0x1a0278		objc	candidate	low	single	darwin01:darwin01/kernel/bsd/dev/i386/EventSrcPCPointer.m:187:setPointerScaling:data:	0	0.0	1.851		0	1
0x1a02f4		objc	candidate	low	single	darwin01:darwin01/kernel/bsd/dev/i386/EventSrcPCPointer.m:210:pointerScaling:data:	0	0.0	1.851		0	1
0x1a036c		objc	candidate	medium	single	darwin01:darwin01/kernel/bsd/dev/i386/EventSrcPCPointer.m:230:initPointer	20.442	0.0	22.293	IOLog;initPointer: Can't find active;initPointer: PCPointer0 does n	0	1
0x1a0404		objc	candidate	low	single	darwin01:darwin01/kernel/bsd/dev/i386/EventSrcPCPointer.m:250:resetPointer	0	0.0	1.851		0	1
0x1a0458		objc	candidate	low	single	darwin01:darwin01/kernel/bsd/dev/i386/EventSrcPCPointer.m:269:dispatchPointerEvent:	0	0.0	1.851		0	1
0x1a05a8		objc	candidate	low	single	darwin01:darwin01/kernel/bsd/dev/i386/EventSrcPCPointer.m:347:init	0	0.0	5.385		0	1
0x1a06dc		objc	candidate	medium	single	darwin01:darwin01/kernel/bsd/dev/i386/EventSrcPCPointer.m:386:probe	16.936	0.0	18.787	EventSrcPCPointer;EventSrcPCPointer0	0	1
0x1a0760		objc	candidate	low	single	darwin01:darwin01/kernel/bsd/dev/i386/EventSrcPCPointer.m:404:free	0	0.0	5.385		0	1
0x1a07f8		objc	unmapped	unknown	single		0.0	0.0	29.691		0	0
0x1a0944		objc	unmapped	unknown	single		0.0	0.0	0		0	0
0x1a0950		objc	unmapped	unknown	single		0.0	0.0	29.691		0	0
0x1a0a7c		objc	candidate	low	single	darwin01:darwin01/kernel/bsd/dev/i386/EventSrcPCPointer.m:522:setResolution:	0	0.0	0		0	1
0x1a0ab4		objc	candidate	low	single	darwin01:darwin01/kernel/bsd/dev/i386/EventSrcPCPointer.m:531:setInverted:	0	0.0	0		0	1
0x1a0ac8	_PCPatoi	named	candidate	low	single	darwin01:darwin01/kernel/bsd/dev/i386/PCPointer.m:80:PCPatoi	0	0.0	0		0	1
0x1a0b1c		objc	candidate	low	single	darwin01:darwin01/kernel/bsd/dev/i386/PCPointer.m:58:getResolution	0	0.0	0		0	1
0x1a0b28		objc	candidate	medium	single	darwin01:darwin01/kernel/bsd/dev/i386/PCPointer.m:64:setEventTarget:	10.182	0.0	20.501	IOLog;object_getClassName	0	1
0x1a0b78		objc	candidate	low	single	darwin01:darwin01/kernel/bsd/dev/i386/PCPointer.m:102:mouseInit:	0	0.0	0		0	1
0x1a0b84		objc	candidate	low	single	darwin01:darwin01/kernel/bsd/dev/i386/PCPointer.m:107:activePointerDevice	0	0.0	0		0	1
0x1a0b90		objc	candidate	medium	single	darwin01:darwin01/kernel/bsd/dev/i386/PCPointer.m:112:probe:	11.974	0.0	13.824	IOLog;PCPointer probe: mouseInit fai	0	1
0x1a0c34		objc	unmapped	unknown	single		0.0	0.0	15.55		0	0
0x1a0c94		objc	unmapped	unknown	single		0.0	0.0	17.401		0	0
0x1a0d38		objc	candidate	low	single	darwin01:darwin01/kernel/bsd/dev/i386/PCPointer.m:169:getInverted	0	0.0	0		0	1
0x1a0d4c	_ev_lock	named	unmapped	unknown	single		0.0	0.0	0		0	0
0x1a0d68	_ev_unlock	named	unmapped	unknown	single		0.0	0.0	0		0	0
0x1a0d78	_ev_try_lock	named	unmapped	unknown	single		0.0	0.0	0		0	0
0x1a0d90	_keyboard_reboot	named	candidate	low	single	darwin01:darwin01/kernel/bsd/dev/i386/kbd_entries.m:60:keyboard_reboot	0	0.0	13.353		0	1
0x1a0dc0	_StealKeyEvent	named	candidate	low	single	darwin01:darwin01/kernel/bsd/dev/i386/PS2Keyboard.m:670:StealKeyEvent	0	0	0		0	2
0x1a0df0	_steal_keyboard_event	named	candidate	low	single	darwin01:darwin01/kernel/bsd/dev/i386/kbd_entries.m:80:steal_keyboard_event	0	0.0	0		0	1
0x1a0e2c	_register_keyboard_entries	named	candidate	low	single	darwin01:darwin01/kernel/bsd/dev/i386/kbd_entries.m:90:register_keyboard_entries	0	0.0	0		0	1
0x1a0e48	_PCcreate	named	candidate	medium	single	darwin01:darwin01/kernel/machdep/i386/pc_support/PCinit.c:45:PCcreate	66.678	0.0	72.507	convert_port_to_thread;copyin;copyout;kalloc;kmem_alloc_wired;object_copyin;pmap_enter_shared_range;port_release;suser;thread_deallocate;vm_map_find;vm_map_reference	0	1
0x1a1040	_PCdestroy	named	candidate	medium	single	darwin01:darwin01/kernel/machdep/i386/pc_support/PCinit.c:152:PCdestroy	35.283	0.0	35.283	PCcancelAllTimers;kfree;kmem_free;pmap_remove;vm_map_deallocate;vm_map_remove	0	1
0x1a10d8	_PCldt	named	candidate	medium	single	darwin01:darwin01/kernel/machdep/i386/pc_support/PCinit.c:181:PCldt	44.623	0.0	51.012	convert_port_to_thread;object_copyin;port_release;suser;task_default_ldt;task_locate_ldt;thread_deallocate	0	1
0x1a11c4	_PCcopyBIOSData	named	candidate	low	single	darwin01:darwin01/kernel/machdep/i386/pc_support/PCinit.c:230:PCcopyBIOSData	4.498	0.0	4.498	copyout	0	1
0x1a11fc	_PCsizeBIOSExtData	named	candidate	medium	single	darwin01:darwin01/kernel/machdep/i386/pc_support/PCinit.c:244:PCsizeBIOSExtData	7.775	0.0	7.775	bios_extdata_addr	0	1
0x1a1214	_PCcopyBIOSExtData	named	candidate	medium	single	darwin01:darwin01/kernel/machdep/i386/pc_support/PCinit.c:250:PCcopyBIOSExtData	12.273	0.0	12.273	bios_extdata_addr;copyout	0	1
0x1a124c	_PCmapBIOSRom	named	candidate	medium	single	darwin01:darwin01/kernel/machdep/i386/pc_support/PCinit.c:266:PCmapBIOSRom	44.366	0.0	44.366	convert_port_to_task;copyin;copyout;object_copyin;pmap_enter;port_release;task_deallocate;vm_map_find	0	1
0x1a13a0	_PCexception	named	candidate	medium	single	darwin01:darwin01/kernel/machdep/i386/pc_support/PCexception.c:48:PCexception	59.78	0.0	59.78	PCcallMonitor;PCemulatePROT;PCemulateREAL;PCtimersPending;exception_with_continuation;fp_noextension;thread_exception_return;vm_fault	0	1
0x1a1514		unnamed	candidate	low	conflicting	darwin01:darwin01/kernel/machdep/i386/pc_support/PCexception.c:48:PCexception	19.742	19.742	26.13	PCcallMonitor;PCtimersPending;thread_exception_return	0	14
0x1a15c4	_PCresume	named	candidate	medium	single	darwin01:darwin01/kernel/machdep/i386/pc_support/PCresume.c:44:PCresume	14.164	0.0	20.553	PCscheduleTimers;thread_exception_return	0	1
0x1a1750	_PCcallMonitor	named	candidate	medium	single	darwin01:darwin01/kernel/machdep/i386/pc_support/PCresume.c:111:PCcallMonitor	14.164	0.0	14.164	PCdeliverTimers;thread_exception_return	0	1
0x1a18c8	_PCbopFA	named	candidate	low	single	darwin01:darwin01/kernel/machdep/i386/pc_support/PCresume.c:189:PCbopFA	5.696	0.0	5.696	thread_exception_return	0	1
0x1a1918	_PCbopFC	named	candidate	low	single	darwin01:darwin01/kernel/machdep/i386/pc_support/PCresume.c:211:PCbopFC	5.696	0.0	5.696	thread_exception_return	0	1
0x1a1968	_PCbopFD	named	candidate	low	single	darwin01:darwin01/kernel/machdep/i386/pc_support/PCresume.c:233:PCbopFD	5.696	0.0	5.696	thread_exception_return	0	1
0x1a19c8		unnamed	candidate	low	single	darwin01:darwin01/kernel/machdep/i386/pc_support/PCexception.c:48:PCexception	0	0	0		0	16
0x1a19e8		unnamed	candidate	low	single	darwin01:darwin01/kernel/machdep/i386/pc_support/PCexception.c:48:PCexception	0	0	0		0	16
0x1a1a00	_PCscheduleTimers	named	candidate	low	single	darwin01:darwin01/kernel/machdep/i386/pc_support/PCtimers.c:129:PCscheduleTimers	0	0.0	20.394		0	1
0x1a1aa4	_PCdeliverTimers	named	candidate	low	single	darwin01:darwin01/kernel/machdep/i386/pc_support/PCtimers.c:139:PCdeliverTimers	0	0.0	0		0	1
0x1a1abc	_PCtimersPending	named	candidate	low	single	darwin01:darwin01/kernel/machdep/i386/pc_support/PCtimers.c:150:PCtimersPending	0	0.0	0		0	1
0x1a1ad4	_PCcancelTimers	named	candidate	low	single	darwin01:darwin01/kernel/machdep/i386/pc_support/PCtimers.c:162:PCcancelTimers	0	0.0	6.859		0	1
0x1a1af8	_PCcancelAllTimers	named	candidate	low	single	darwin01:darwin01/kernel/machdep/i386/pc_support/PCtimers.c:173:PCcancelAllTimers	0	0.0	6.859		0	1
0x1a1b60		unnamed	candidate	medium	single	darwin01:darwin01/kernel/machdep/i386/pc_support/PCemulateREAL.c:193:handle_bop	37.371	7.775	37.371	PCbopFA;PCbopFC;PCbopFD;PCcallMonitor;PCcancelTimers	0	37
0x1a1d9c		unnamed	candidate	low	single	darwin01:darwin01/kernel/machdep/i386/pc_support/PCemulateREAL.c:53:segment_base	0	0	0		0	37
0x1a1e70		unnamed	candidate	low	single	darwin01:darwin01/kernel/machdep/i386/pc_support/PCemulateREAL.c:53:segment_base	0	0	0		0	37
0x1a1f8c		unnamed	candidate	low	single	darwin01:darwin01/kernel/machdep/i386/pc_support/PCemulateREAL.c:53:segment_base	0	0	0		0	37
0x1a20d4		unnamed	candidate	low	single	darwin01:darwin01/kernel/machdep/i386/pc_support/PCemulateREAL.c:193:handle_bop	6.271	6.271	6.271	PCcallMonitor	0	37
0x1a2384		unnamed	candidate	low	single	darwin01:darwin01/kernel/machdep/i386/pc_support/PCemulateREAL.c:193:handle_bop	6.271	6.271	6.271	PCcallMonitor	0	37
0x1a25a4	_PCemulateREAL	named	candidate	low	single	darwin01:darwin01/kernel/machdep/i386/pc_support/PCemulateREAL.c:823:PCemulateREAL	0	0.0	0		4	1
0x1a26c8		unnamed	candidate	low	single	darwin01:darwin01/kernel/machdep/i386/pc_support/PCemulatePROT.c:51:fetch_LDT_entry	0	0	0		0	52
0x1a2734		unnamed	candidate	low	single	darwin01:darwin01/kernel/machdep/i386/pc_support/PCemulatePROT.c:51:fetch_LDT_entry	0	0	0		0	52
0x1a27b0		unnamed	candidate	low	single	darwin01:darwin01/kernel/machdep/i386/pc_support/PCemulatePROT.c:51:fetch_LDT_entry	0	0	0		1	52
0x1a28a0		unnamed	candidate	low	single	darwin01:darwin01/kernel/machdep/i386/pc_support/PCemulatePROT.c:51:fetch_LDT_entry	0	0	0		1	52
0x1a29dc		unnamed	candidate	low	single	darwin01:darwin01/kernel/machdep/i386/pc_support/PCemulatePROT.c:51:fetch_LDT_entry	0	0	0		1	52
0x1a2b40		unnamed	candidate	low	conflicting	darwin01:darwin01/kernel/machdep/i386/pc_support/PCemulatePROT.c:218:handle_bop	37.371	37.371	37.371	PCbopFA;PCbopFC;PCbopFD;PCcallMonitor;PCcancelTimers	0	52
0x1a2fc8		unnamed	candidate	low	single	darwin01:darwin01/kernel/machdep/i386/pc_support/PCemulatePROT.c:51:fetch_LDT_entry	0	0	0		0	52
0x1a3160		unnamed	candidate	low	single	darwin01:darwin01/kernel/machdep/i386/pc_support/PCemulatePROT.c:51:fetch_LDT_entry	0	0	0		1	52
0x1a37c0		unnamed	candidate	low	single	darwin01:darwin01/kernel/machdep/i386/pc_support/PCemulatePROT.c:218:handle_bop	6.271	6.271	6.271	PCcallMonitor	1	52
0x1a3ac4	_PCemulatePROT	named	candidate	low	single	darwin01:darwin01/kernel/machdep/i386/pc_support/PCemulatePROT.c:749:PCemulatePROT	0	0.0	6.271		3	1
0x1a3d0c	_IOGetObjectForDeviceName	named	candidate	low	single	darwin01-dk:darwin01/driverkit-1/libDriver/IODevice.m:1634:IOGetObjectForDeviceName	0	0.0	1.851		1	1
0x1a3d58		unnamed	candidate	low	single	darwin01-dk:darwin01/driverkit-1/libDriver/Kernel/IOConfigTable.m:171:strstr	0	0	0		0	29
0x1a3d9c		unnamed	candidate	low	single	darwin01-dk:darwin01/driverkit-1/libDriver/IODevice.m:1687:deviceNameToId	5.578	0	7.429	strncmp	0	29
0x1a3e08		unnamed	candidate	low	single	darwin01-dk:darwin01/driverkit-1/libDriver/Kernel/IOConfigTable.m:171:strstr	0	0	0		0	29
0x1a3e30		unnamed	candidate	low	single	darwin01-dk:darwin01/driverkit-1/libDriver/Kernel/IOConfigTable.m:171:strstr	0	0	1.851		0	29
0x1a3eac		unnamed	candidate	low	single	darwin01-dk:darwin01/driverkit-1/libDriver/Kernel/IOConfigTable.m:171:strstr	0	0	0		0	29
0x1a3ef4		objc	candidate	medium	single	darwin01-dk:darwin01/driverkit-1/libDriver/IODevice.m:174:initialize	13.845	0.0	15.696	IODevice;objc_getClass	0	1
0x1a3fa0		objc	candidate	low	single	darwin01-dk:darwin01/driverkit-1/libDriver/IODevice.m:216:probe:	0	0.0	0		0	1
0x1a3fac		objc	candidate	low	single	darwin01-dk:darwin01/driverkit-1/libDriver/IODevice.m:225:deviceStyle	0	0.0	0		0	1
0x1a3fb8		objc	candidate	low	single	darwin01-dk:darwin01/driverkit-1/libDriver/IODevice.m:234:requiredProtocols	0	0.0	0		0	1
0x1a3fc4		objc	candidate	low	single	darwin01-dk:darwin01/driverkit-1/libDriver/IODevice.m:242:registerClass:	4.192	0.0	6.042	IOMalloc	0	1
0x1a4070		objc	candidate	low	single	darwin01-dk:darwin01/driverkit-1/libDriver/IODevice.m:260:unregisterClass:	0	0.0	1.851		0	1
0x1a40f8		objc	candidate	low	single	darwin01-dk:darwin01/driverkit-1/libDriver/IODevice.m:283:init	0	0.0	3.534		0	1
0x1a4124		objc	candidate	low	single	darwin01-dk:darwin01/driverkit-1/libDriver/IODevice.m:294:initFromDeviceDescription:	0	0.0	0		0	1
0x1a4130		objc	candidate	low	single	darwin01-dk:darwin01/driverkit-1/libDriver/IODevice.m:533:free	0	0.0	5.385		0	1
0x1a416c		objc	candidate	medium	single	darwin01-dk:darwin01/driverkit-1/libDriver/IODevice.m:548:registerDevice	7.697	0.0	26.484	IOLog;IOMalloc	0	1
0x1a4248		objc	candidate	medium	single	darwin01-dk:darwin01/driverkit-1/libDriver/IODevice.m:598:unregisterDevice	16.138	0.0	17.989	IOFree;IOLog;Unregistering Device: %s\n	1	1
0x1a42d8		objc	candidate	low	single	darwin01-dk:darwin01/driverkit-1/libDriver/IODevice.m:627:name	0	0.0	0		0	1
0x1a42e8		objc	candidate	low	single	darwin01-dk:darwin01/driverkit-1/libDriver/IODevice.m:632:setName:	5.249	0.0	5.249	strncpy	0	1
0x1a432c		objc	candidate	low	single	darwin01-dk:darwin01/driverkit-1/libDriver/IODevice.m:643:deviceKind	0	0.0	0		0	1
0x1a433c		objc	candidate	low	single	darwin01-dk:darwin01/driverkit-1/libDriver/IODevice.m:648:setDeviceKind:	5.249	0.0	5.249	strncpy	0	1
0x1a4388		objc	candidate	low	single	darwin01-dk:darwin01/driverkit-1/libDriver/IODevice.m:659:location	0	0.0	0		0	1
0x1a4398		objc	candidate	low	single	darwin01-dk:darwin01/driverkit-1/libDriver/IODevice.m:664:setLocation:	5.249	0.0	5.249	strncpy	0	1
0x1a43e8		objc	candidate	low	single	darwin01-dk:darwin01/driverkit-1/libDriver/IODevice.m:680:unit	0	0.0	0		0	1
0x1a43f8		objc	candidate	low	single	darwin01-dk:darwin01/driverkit-1/libDriver/IODevice.m:685:setUnit:	0	0.0	0		0	1
0x1a4408		objc	candidate	low	single	darwin01-dk:darwin01/driverkit-1/libDriver/IODevice.m:690:blockMajor	0	0.0	0		1	1
0x1a4434		objc	candidate	low	single	darwin01-dk:darwin01/driverkit-1/libDriver/IODevice.m:699:setBlockMajor:	0	0.0	0		1	1
0x1a4458		objc	candidate	low	single	darwin01-dk:darwin01/driverkit-1/libDriver/IODevice.m:706:characterMajor	0	0.0	0		1	1
0x1a4484		objc	candidate	low	single	darwin01-dk:darwin01/driverkit-1/libDriver/IODevice.m:715:setCharacterMajor:	0	0.0	0		1	1
0x1a44a8		objc	unmapped	unknown	single		0.0	0.0	39.229		0	0
0x1a45a8		objc	unmapped	unknown	single		0.0	0.0	39.229		0	0
0x1a469c		objc	candidate	medium	single	darwin01-dk:darwin01/driverkit-1/libDriver/IODevice.m:814:removeFromCdevsw	8.468	0	10.319	IORemoveFromCdevsw	0	2
0x1a46e0		objc	candidate	medium	single	darwin01-dk:darwin01/driverkit-1/libDriver/IODevice.m:825:removeFromBdevsw	8.468	0	10.319	IORemoveFromBdevsw	0	2
0x1a4724		objc	candidate	low	single	darwin01-dk:darwin01/driverkit-1/libDriver/IODevice.m:891:driverKitVersion	0	0.0	0		0	1
0x1a4730		objc	candidate	medium	single	darwin01-dk:darwin01/driverkit-1/libDriver/IODevice.m:899:driverKitVersionForDriverNamed:	34.301	0.0	53.088	IOFree;IOMalloc;objc_getClass;sel_getUid;strcat;strcpy	0	1
0x1a482c		objc	unmapped	unknown	single		0.0	0.0	27.255		2	0
0x1a48f0		objc	unmapped	unknown	single		0.0	0.0	32.505		0	0
0x1a49d0		objc	unmapped	unknown	single		0.0	0.0	0		0	0
0x1a49dc		objc	unmapped	unknown	single		0.0	0.0	0		0	0
0x1a49e8		objc	candidate	low	single	darwin01-dk:darwin01/driverkit-1/libDriver/IODevice.m:1021:stringFromReturn:	0	0.0	1.851		0	1
0x1a4a08		objc	candidate	medium	single	darwin01-dk:darwin01/driverkit-1/libDriver/IODevice.m:1026:stringFromReturn:	6.859	0.0	6.859	IOFindNameForValue	0	1
0x1a4a20		objc	candidate	low	single	darwin01-dk:darwin01/driverkit-1/libDriver/IODevice.m:1034:errnoFromReturn:	0	0.0	0		0	1
0x1a4b50		objc	unmapped	unknown	single		0.0	0.0	7.1		1	0
0x1a4bdc		objc	unmapped	unknown	single		0.0	0.0	1.851		1	0
0x1a4c24		objc	unmapped	unknown	single		0.0	0.0	7.1		1	0
0x1a4c98		objc	unmapped	unknown	single		0.0	0.0	1.851		1	0
0x1a4d04		objc	unmapped	unknown	single		0.0	0.0	1.851		1	0
0x1a4d70		objc	unmapped	unknown	single		0.0	0.0	1.851		1	0
0x1a4ddc		objc	unmapped	unknown	single		0.0	0.0	1.851		1	0
0x1a4e48		objc	unmapped	unknown	single		0.0	0.0	21.599		2	0
0x1a4fe4		objc	candidate	low	single	darwin01-dk:darwin01/driverkit-1/libDriver/IODevice.m:1491:connectToIndirectDevices:	3.505	0.0	13.131	IOLog	1	1
0x1a5178		objc	candidate	low	single	darwin01-dk:darwin01/driverkit-1/libDriver/IODevice.m:1565:objectsForClass:	0	0.0	1.851		0	1
0x1a5220		objc	candidate	medium	single	darwin01-dk:darwin01/driverkit-1/libDriver/Kernel/IOConfigTable.m:84:valueForStringKey:	31.108	0	31.108	IOMalloc;strchr;strcpy;strncpy;strstr	0	2
0x1a52cc	_strstr	named	candidate	low	single	darwin01-dk:darwin01/driverkit-1/libDriver/Kernel/IOConfigTable.m:171:strstr	0	0	0		0	2
0x1a5330		objc	candidate	low	single	darwin01-dk:darwin01/driverkit-1/libDriver/Kernel/IOConfigTable.m:52:free	4.164	4.164	7.698	IOFree	0	2
0x1a5384		objc	candidate	low	single	darwin01-dk:darwin01/driverkit-1/libDriver/Kernel/IOConfigTable.m:65:newFromSystemConfig	0	0	1.851		0	2
0x1a53a0		objc	candidate	low	single	darwin01-dk:darwin01/driverkit-1/libDriver/Kernel/IOConfigTable.m:131:freeString:	4.164	0.0	4.164	IOFree	0	1
0x1a53c8		objc	candidate	low	single	darwin01-dk:darwin01/driverkit-1/libDriver/Kernel/IOConfigTable.m:136:freeString:	0	0.0	1.851		0	1
0x1a53e4		objc	candidate	medium	single	darwin01-dk:darwin01/driverkit-1/libDriver/Kernel/IOConfigTable.m:149:newForConfigData:	7.69	0.0	9.541	IOMalloc;bcopy	0	1
0x1a5448	_IOMalloc	named	candidate	low	single	darwin01-dk:darwin01/driverkit-1/libDriver/Kernel/generalFuncs.m:73:IOMalloc	3.519	0	3.519	kalloc	0	2
0x1a5458	_IOFree	named	candidate	low	single	darwin01-dk:darwin01/driverkit-1/libDriver/Kernel/generalFuncs.m:78:IOFree	3.563	0	3.563	kfree	0	2
0x1a546c	_IOCopyMemory	named	candidate	medium	identical-bodies	darwin01-dk:darwin01/driverkit-1/libDriver/Kernel/generalFuncs.m:83:IOCopyMemory; darwin01-dk:darwin01/driverkit-1/libDriver/User/generalFuncs.m:90:IOCopyMemory	8.468	0.0	8.468	_IOCopyMemory	0	2
0x1a5488	_IOSleep	named	candidate	medium	single	darwin01-dk:darwin01/driverkit-1/libDriver/Kernel/generalFuncs.m:90:IOSleep	7.775	0	7.775	ns_sleep	0	2
0x1a54a8	_IODelay	named	candidate	low	single	darwin01-dk:darwin01/driverkit-1/libDriver/Kernel/generalFuncs.m:98:IODelay	0	0	5.424		0	2
0x1a54b8	_IOScheduleFunc	named	candidate	low	single	darwin01-dk:darwin01/driverkit-1/libDriver/Kernel/generalFuncs.m:106:IOScheduleFunc	6.522	0	6.522	ns_timeout	0	2
0x1a54e4	_IOUnscheduleFunc	named	candidate	low	single	darwin01-dk:darwin01/driverkit-1/libDriver/Kernel/generalFuncs.m:116:IOUnscheduleFunc	6.389	0	6.389	ns_untimeout	0	2
0x1a54f8	_IOGetTimestamp	named	candidate	low	single	darwin01-dk:darwin01/driverkit-1/libDriver/Kernel/generalFuncs.m:124:IOGetTimestamp	0	0	5.829		0	2
0x1a5514	_IOLog	named	candidate	medium	single	darwin01-dk:darwin01/driverkit-1/libDriver/Kernel/generalFuncs.m:131:IOLog	6.859	0	6.859	vlog	0	2
0x1a552c	_IOPanic	named	candidate	low	single	darwin01-dk:darwin01/driverkit-1/libDriver/Kernel/generalFuncs.m:143:IOPanic	2.732	0	2.732	panic	0	2
0x1a553c	_IOFindNameForValue	named	candidate	medium	identical-bodies	darwin01-dk:darwin01/driverkit-1/libDriver/Kernel/generalFuncs.m:154:IOFindNameForValue; darwin01-dk:darwin01/driverkit-1/libDriver/User/generalFuncs.m:339:IOFindNameForValue	13.678	0.0	13.678	%d(d) (UNDEFINED);sprintf	0	2
0x1a557c	_IOFindValueForName	named	candidate	low	identical-bodies	darwin01-dk:darwin01/driverkit-1/libDriver/Kernel/generalFuncs.m:164:IOFindValueForName; darwin01-dk:darwin01/driverkit-1/libDriver/User/generalFuncs.m:349:IOFindValueForName	5.29	0.0	5.29	strcmp	0	2
0x1a55cc	_IOSizeToAlignment	named	candidate	low	single	darwin01-dk:darwin01/driverkit-1/libDriver/Kernel/generalFuncs.m:177:IOSizeToAlignment	0	0.0	0		0	1
0x1a55fc	_IOAlignmentToSize	named	candidate	low	single	darwin01-dk:darwin01/driverkit-1/libDriver/Kernel/generalFuncs.m:190:IOAlignmentToSize	0	0.0	0		0	1
0x1a5618	__IOCopyMemory	named	candidate	low	single	darwin01-dk:darwin01/driverkit-1/libDriver/i386/memcpy.c:92:_IOCopyMemory	0	0.0	0		0	1
0x1a5714		objc	candidate	low	single	darwin01-dk:darwin01/driverkit-1/libDriver/IODisk.m:93:diskSize	0	0.0	0		0	1
0x1a5724		objc	candidate	low	single	darwin01-dk:darwin01/driverkit-1/libDriver/IODisk.m:98:blockSize	0	0.0	0		0	1
0x1a5734		objc	candidate	medium	single	darwin01-dk:darwin01/driverkit-1/libDriver/IODisk.m:103:setFormatted:	15.327	0.0	15.327	IOPanic;setFormatted: on IODisk	0	1
0x1a5748		objc	candidate	low	single	darwin01-dk:darwin01/driverkit-1/libDriver/IODisk.m:145:isFormatted	0	0.0	0		0	1
0x1a575c		objc	candidate	low	single	darwin01-dk:darwin01/driverkit-1/libDriver/IODisk.m:150:isRemovable	0	0.0	0		0	1
0x1a5770		objc	candidate	low	single	darwin01-dk:darwin01/driverkit-1/libDriver/IODisk.m:155:driveName	0	0.0	0		0	1
0x1a5780		objc	candidate	low	single	darwin01-dk:darwin01/driverkit-1/libDriver/IODisk.m:160:isPhysical	0	0.0	0		0	1
0x1a5794		objc	candidate	low	single	darwin01-dk:darwin01/driverkit-1/libDriver/IODisk.m:165:isWriteProtected	0	0.0	0		0	1
0x1a57a8		objc	candidate	medium	single	darwin01-dk:darwin01/driverkit-1/libDriver/IODisk.m:173:eject	15.327	0.0	15.327	IODisk eject in kernel illegal;IOPanic	0	1
0x1a57c0		objc	candidate	low	single	darwin01-dk:darwin01/driverkit-1/libDriver/IODisk.m:219:setDiskSize:	0	0.0	0		0	1
0x1a57d4		objc	candidate	low	single	darwin01-dk:darwin01/driverkit-1/libDriver/IODisk.m:224:setBlockSize:	0	0.0	0		0	1
0x1a57e8		objc	candidate	low	single	darwin01-dk:darwin01/driverkit-1/libDriver/IODisk.m:229:setIsPhysical:	0	0.0	0		0	1
0x1a5800		objc	candidate	low	single	darwin01-dk:darwin01/driverkit-1/libDriver/IODisk.m:234:nextLogicalDisk	0	0.0	0		0	1
0x1a5810		objc	candidate	low	single	darwin01-dk:darwin01/driverkit-1/libDriver/IODisk.m:239:setRemovable:	0	0.0	0		0	1
0x1a5828		objc	candidate	low	single	darwin01-dk:darwin01/driverkit-1/libDriver/IODisk.m:245:setDriveName:	5.249	0.0	5.249	strncpy	0	1
0x1a586c		objc	candidate	low	single	darwin01-dk:darwin01/driverkit-1/libDriver/IODisk.m:256:lastReadyState	0	0.0	0		0	1
0x1a587c		objc	candidate	low	single	darwin01-dk:darwin01/driverkit-1/libDriver/IODisk.m:261:setLastReadyState:	0	0.0	0		0	1
0x1a5890		objc	candidate	low	single	darwin01-dk:darwin01/driverkit-1/libDriver/IODisk.m:266:setWriteProtected:	0	0.0	0		0	1
0x1a58a8		objc	candidate	low	single	darwin01-dk:darwin01/driverkit-1/libDriver/IODisk.m:275:setFormattedInternal:	0	0.0	0		0	1
0x1a58c0		objc	unmapped	unknown	single		0.0	0.0	6.271		0	0
0x1a591c		objc	unmapped	unknown	single		0.0	0.0	6.271		0	0
0x1a5978		objc	candidate	low	single	darwin01-dk:darwin01/driverkit-1/libDriver/IODisk.m:313:incrementReadRetries	0	0.0	0		0	1
0x1a5988		objc	candidate	low	single	darwin01-dk:darwin01/driverkit-1/libDriver/IODisk.m:318:incrementReadErrors	0	0.0	0		0	1
0x1a5998		objc	candidate	low	single	darwin01-dk:darwin01/driverkit-1/libDriver/IODisk.m:323:incrementWriteRetries	0	0.0	0		0	1
0x1a59a8		objc	candidate	low	single	darwin01-dk:darwin01/driverkit-1/libDriver/IODisk.m:328:incrementWriteErrors	0	0.0	0		0	1
0x1a59b8		objc	candidate	low	single	darwin01-dk:darwin01/driverkit-1/libDriver/IODisk.m:333:incrementOtherRetries	0	0.0	0		0	1
0x1a59c8		objc	candidate	low	single	darwin01-dk:darwin01/driverkit-1/libDriver/IODisk.m:338:incrementOtherErrors	0	0.0	0		0	1
0x1a59d8		objc	unmapped	unknown	single		0.0	0.0	28.938		0	0
0x1a5b38		objc	candidate	low	single	darwin01-dk:darwin01/driverkit-1/libDriver/IODisk.m:408:setLogicalDisk:	0	0.0	0		0	1
0x1a5b58		objc	candidate	medium	single	darwin01-dk:darwin01/driverkit-1/libDriver/IODisk.m:457:registerDevice	11.974	0.0	25.826	IOLog;volCheckRegister	0	1
0x1a5ccc		objc	candidate	low	single	darwin01-dk:darwin01/driverkit-1/libDriver/IODisk.m:529:lockLogicalDisks	0	0.0	1.851		0	1
0x1a5cec		objc	candidate	low	single	darwin01-dk:darwin01/driverkit-1/libDriver/IODisk.m:534:unlockLogicalDisks	0	0.0	1.851		0	1
0x1a5d0c		objc	candidate	low	single	darwin01-dk:darwin01/driverkit-1/libDriver/IODisk.m:543:stringFromReturn:	0	0.0	3.534		0	1
0x1a5d60		objc	candidate	low	single	darwin01-dk:darwin01/driverkit-1/libDriver/IODisk.m:560:errnoFromReturn:	0	0.0	3.534		0	1
0x1a5dbc		objc	candidate	medium	single	darwin01-dk:darwin01/driverkit-1/libDriver/IODisk.m:598:requestInsertionPanelForDiskType:	7.775	0.0	7.775	volCheckRequest	0	1
0x1a5df0		objc	candidate	medium	single	darwin01-dk:darwin01/driverkit-1/libDriver/IODisk.m:606:diskIsEjecting:	7.775	0.0	7.775	volCheckEjecting	0	1
0x1a5e24		objc	candidate	medium	single	darwin01-dk:darwin01/driverkit-1/libDriver/IODisk.m:616:diskNotReady	8.468	0.0	8.468	volCheckNotReady	0	1
0x1a5e34		objc	candidate	low	single	darwin01-dk:darwin01/driverkit-1/libDriver/IODisk.m:628:needsManualPolling	0	0.0	0		0	1
0x1a5e40		objc	unmapped	unknown	single		0.0	0.0	1.851		0	0
0x1a5e9c		objc	unmapped	unknown	single		0.0	0.0	1.851		0	0
0x1a5ef8		objc	unmapped	unknown	single		0.0	0.0	1.851		0	0
0x1a5f74		objc	unmapped	unknown	single		0.0	0.0	1.851		0	0
0x1a5ff0		objc	candidate	low	single	darwin01-dk:darwin01/driverkit-1/libDriver/IOLogicalDisk.m:369:updateReadyState	0	0.0	1.851		0	1
0x1a6010		objc	candidate	low	single	darwin01-dk:darwin01/driverkit-1/libDriver/IOLogicalDisk.m:377:connectToPhysicalDisk:	0	0.0	1.851		0	1
0x1a60d8		objc	candidate	low	single	darwin01-dk:darwin01/driverkit-1/libDriver/IOLogicalDisk.m:400:setPartitionBase:	0	0.0	0		0	1
0x1a60ec		objc	candidate	low	single	darwin01-dk:darwin01/driverkit-1/libDriver/IOLogicalDisk.m:411:isOpen	0	0.0	1.851		0	1
0x1a6154		objc	candidate	low	single	darwin01-dk:darwin01/driverkit-1/libDriver/IOLogicalDisk.m:424:free	0	0.0	5.385		0	1
0x1a61a8		objc	candidate	low	single	darwin01-dk:darwin01/driverkit-1/libDriver/IOLogicalDisk.m:435:physicalDisk	0	0.0	0		0	1
0x1a61b8		objc	candidate	low	single	darwin01-dk:darwin01/driverkit-1/libDriver/IOLogicalDisk.m:440:physicalBlockSize	0	0.0	0		0	1
0x1a61c8		objc	candidate	low	single	darwin01-dk:darwin01/driverkit-1/libDriver/IOLogicalDisk.m:445:setPhysicalBlockSize:	0	0.0	0		0	1
0x1a61dc		objc	candidate	low	single	darwin01-dk:darwin01/driverkit-1/libDriver/IOLogicalDisk.m:453:isDiskReady:	0	0.0	1.851		0	1
0x1a6200		objc	candidate	low	single	darwin01-dk:darwin01/driverkit-1/libDriver/IOLogicalDisk.m:462:isAnyOtherOpen	0	0.0	1.851		0	1
0x1a625c		objc	candidate	low	single	darwin01-dk:darwin01/driverkit-1/libDriver/IOLogicalDisk.m:474:isInstanceOpen	0	0.0	0		0	1
0x1a6270		objc	candidate	low	single	darwin01-dk:darwin01/driverkit-1/libDriver/IOLogicalDisk.m:479:setInstanceOpen:	0	0.0	0		0	1
0x1a6288		objc	unmapped	unknown	single		0.0	0.0	21.599		0	0
0x1a639c		objc	candidate	medium	single	darwin01-dk:darwin01/driverkit-1/libDriver/IODiskPartition.m:179:probe:	116.898	0.0	118.749	%s: Device Block Size: %u byte;%s: Device Capacity:   %u KB\n;%s: Device Capacity:   %u MB\n;%s: Disk Label:        %s\n;%s: Disk Not Ready\n;%s: Disk Unformatted\n;%s: No Valid Disk Label\n;%s: Waiting for drive to come ;%sa;IODiskPartition;IODiskPartition Partition;IOFree;IOLog;IOMalloc;IOSleep;sprintf	0	1
0x1a6794		objc	candidate	medium	single	darwin01-dk:darwin01/driverkit-1/libDriver/IODiskPartition.m:654:readLabel:	42.738	0.0	44.589	%s readLabel: bogus return fro;IOFree;IOLog;IOMalloc;IOVmTaskSelf;check_label;get_disk_label	0	1
0x1a695c		objc	candidate	medium	single	darwin01-dk:darwin01/driverkit-1/libDriver/IODiskPartition.m:823:writeLabel:	73.778	0.0	75.629	%s writeLabel: BAD LABEL\n;%s writeLabel: BAD LABEL : %s\n;IOFree;IOGetTimestamp;IOLog;IOMalloc;IOVmTaskSelf;check_label;checksum16;put_disk_label;writeLabel	0	1
0x1a6c34		objc	candidate	low	single	darwin01-dk:darwin01/driverkit-1/libDriver/IODiskPartition.m:155:deviceStyle	0	0.0	0		0	1
0x1a6c40		objc	candidate	low	single	darwin01-dk:darwin01/driverkit-1/libDriver/IODiskPartition.m:169:requiredProtocols	0	0.0	0		0	1
0x1a6c4c		objc	candidate	low	conflicting	darwin01-dk:darwin01/driverkit-1/libDriver/IODiskPartition.m:407:NeXTpartitionOffset	14.521	14.521	16.372	IOFree;IOMalloc;IOVmTaskSelf	0	2
0x1a6d24		objc	candidate	low	single	darwin01-dk:darwin01/driverkit-1/libDriver/IODiskPartition.m:1010:free	0	0.0	5.385		0	1
0x1a6d68		objc	candidate	medium	single	darwin01-dk:darwin01/driverkit-1/libDriver/IODiskPartition.m:1030:eject	16.243	0.0	21.628	eject;vol_check_manual_poll	0	1
0x1a6dfc		objc	unmapped	unknown	single		0.0	0.0	16.665		0	0
0x1a6e64		objc	unmapped	unknown	single		0.0	0.0	16.665		0	0
0x1a6ecc		objc	unmapped	unknown	single		0.0	0.0	16.665		0	0
0x1a6f34		objc	unmapped	unknown	single		0.0	0.0	16.665		0	0
0x1a6f9c		objc	candidate	medium	single	darwin01-dk:darwin01/driverkit-1/libDriver/IODiskPartition.m:1318:setFormatted:	8.468	0.0	10.319	setFormatted	0	1
0x1a702c		objc	candidate	low	single	darwin01-dk:darwin01/driverkit-1/libDriver/IODiskPartition.m:1363:setFormattedInternal:	0	0.0	5.385		0	1
0x1a707c		objc	candidate	low	single	darwin01-dk:darwin01/driverkit-1/libDriver/IODiskPartition.m:1381:isBlockDeviceOpen	0	0.0	0		0	1
0x1a7090		objc	candidate	low	single	darwin01-dk:darwin01/driverkit-1/libDriver/IODiskPartition.m:1386:setBlockDeviceOpen:	0	0.0	1.851		0	1
0x1a70c8		objc	candidate	low	single	darwin01-dk:darwin01/driverkit-1/libDriver/IODiskPartition.m:1392:isRawDeviceOpen	0	0.0	0		0	1
0x1a70dc		objc	candidate	low	single	darwin01-dk:darwin01/driverkit-1/libDriver/IODiskPartition.m:1397:setRawDeviceOpen:	0	0.0	1.851		0	1
0x1a7114		objc	candidate	medium	single	darwin01-dk:darwin01/driverkit-1/libDriver/IODiskPartition.m:1452:_probeLabel:	11.974	0.0	13.824	%s:  _probeLabel on partition ;IOLog	0	1
0x1a723c		objc	unmapped	unknown	single		0.0	0.0	41.828		0	0
0x1a73d0		objc	unmapped	unknown	single		0.0	0.0	22.293		0	0
0x1a7478		objc	candidate	low	single	darwin01-dk:darwin01/driverkit-1/libDriver/IODiskPartition.m:1605:isAnyBlockDevOpen	0	0.0	1.851		0	1
0x1a74d8		objc	candidate	low	single	darwin01-dk:darwin01/driverkit-1/libDriver/IODiskPartition.m:1623:checkSafeConfig:	0	0.0	30.761		0	1
0x1a758c	_volCheckInit	named	candidate	low	single	darwin01-dk:darwin01/driverkit-1/libDriver/volCheck.m:101:volCheckInit	6.676	0.0	8.527	IOForkThread	0	1
0x1a75e0	_volCheckRegister	named	candidate	medium	single	darwin01-dk:darwin01/driverkit-1/libDriver/volCheck.m:125:volCheckRegister	11.974	0.0	13.824	IOLog;volCheckRegister: %s is not a 	1	1
0x1a763c	_volCheckUnregister	named	candidate	low	single	darwin01-dk:darwin01/driverkit-1/libDriver/volCheck.m:146:volCheckUnregister	0	0.0	0		1	1
0x1a7654	_volCheckRequest	named	candidate	low	single	darwin01-dk:darwin01/driverkit-1/libDriver/volCheck.m:163:volCheckRequest	0	0.0	0		1	1
0x1a7670	_volCheckEjecting	named	candidate	low	single	darwin01-dk:darwin01/driverkit-1/libDriver/volCheck.m:185:volCheckEjecting	0	0.0	0		1	1
0x1a768c	_volCheckNotReady	named	candidate	low	single	darwin01-dk:darwin01/driverkit-1/libDriver/volCheck.m:201:volCheckNotReady	0	0.0	0		1	1
0x1a76a4		unnamed	candidate	low	single	darwin01-dk:darwin01/driverkit-1/libDriver/volCheck.m:234:vcEnqueueCmd	4.192	4.192	6.042	IOMalloc	0	14
0x1a7754		unnamed	candidate	low	single	darwin01-dk:darwin01/driverkit-1/libDriver/volCheck.m:279:volCheckThread	32.081	0	33.932	IOSleep;vol_check_manual_poll;vol_panel_remove;vol_panel_request	2	14
0x1a7970		unnamed	candidate	low	single	darwin01-dk:darwin01/driverkit-1/libDriver/volCheck.m:458:volCheckCmdHandler	20.329	11.861	30.648	IOFree;IOLog;IOMalloc;vol_panel_disk_num	1	14
0x1a7c70		unnamed	candidate	medium	single	darwin01-dk:darwin01/driverkit-1/libDriver/volCheck.m:660:volDriverNotify	28.797	11.861	30.648	IOFree;IOLog;IOMalloc;volCheck: physDev with no logi;vol_notify_dev	0	14
0x1a7d6c		unnamed	candidate	low	single	darwin01-dk:darwin01/driverkit-1/libDriver/volCheck.m:234:vcEnqueueCmd	4.192	4.192	6.042	IOMalloc	0	14
0x1a7e0c		objc	candidate	low	single	darwin01-dk:darwin01/driverkit-1/libDriver/IODeviceDescription.m:48:init	0	0.0	1.851		0	1
0x1a7e28		objc	candidate	medium	single	darwin01-dk:darwin01/driverkit-1/libDriver/IODeviceDescription.m:53:free	12.632	0.0	16.166	IOFree;destroy_dev_port	0	1
0x1a7ea4		objc	candidate	low	single	darwin01-dk:darwin01/driverkit-1/libDriver/IODeviceDescription.m:71:devicePort	0	0.0	0		0	1
0x1a7eb4		objc	candidate	low	single	darwin01-dk:darwin01/driverkit-1/libDriver/IODeviceDescription.m:76:setDevicePort:	0	0.0	0		0	1
0x1a7ec4		objc	candidate	low	single	darwin01-dk:darwin01/driverkit-1/libDriver/IODeviceDescription.m:81:directDevice	0	0.0	0		0	1
0x1a7ed4		objc	candidate	low	single	darwin01-dk:darwin01/driverkit-1/libDriver/IODeviceDescription.m:86:setDirectDevice:	0	0.0	0		0	1
0x1a7ee4		objc	candidate	low	single	darwin01-dk:darwin01/driverkit-1/libDriver/IODeviceDescription.m:91:setConfigTable:	0	0.0	0		0	1
0x1a7eec		objc	candidate	low	single	darwin01-dk:darwin01/driverkit-1/libDriver/IODeviceDescription.m:96:configTable	0	0.0	1.851		0	1
0x1a7f08		objc	candidate	low	single	darwin01-dk:darwin01/driverkit-1/libDriver/IODeviceDescription.m:114:interrupt	0	0.0	1.851		0	1
0x1a7f24		objc	candidate	low	single	darwin01-dk:darwin01/driverkit-1/libDriver/IODeviceDescription.m:119:interruptList	0	0.0	8.373		0	1
0x1a7f7c		objc	candidate	low	single	darwin01-dk:darwin01/driverkit-1/libDriver/IODeviceDescription.m:131:numInterrupts	0	0.0	8.373		0	1
0x1a7fd4		objc	candidate	low	single	darwin01-dk:darwin01/driverkit-1/libDriver/IODeviceDescription.m:143:setInterruptList:num:	4.164	0.0	12.537	IOFree	0	1
0x1a803c		objc	candidate	low	single	darwin01-dk:darwin01/driverkit-1/libDriver/IODeviceDescription.m:163:memoryRangeList	0	0.0	8.373		0	1
0x1a8094		objc	candidate	low	single	darwin01-dk:darwin01/driverkit-1/libDriver/IODeviceDescription.m:176:numMemoryRanges	0	0.0	8.373		0	1
0x1a80ec		objc	candidate	medium	single	darwin01-dk:darwin01/driverkit-1/libDriver/IODeviceDescription.m:189:setMemoryRangeList:num:	8.356	0.0	16.729	IOFree;IOMalloc	0	1
0x1a81a4		objc	candidate	medium	single	darwin01-dk:darwin01/driverkit-1/libDriver/IODeviceDescription.m:219:_initWithDelegate:	7.8	0.0	7.8	IOMalloc;bzero	0	1
0x1a81d0		objc	candidate	low	single	darwin01-dk:darwin01/driverkit-1/libDriver/IODeviceDescription.m:229:_delegate	0	0.0	0		0	1
0x1a81e0		objc	candidate	low	single	darwin01-dk:darwin01/driverkit-1/libDriver/IODeviceDescription.m:234:_deviceClass	0	0.0	0		0	1
0x1a81ec		objc	unmapped	unknown	single		0.0	0.0	6.042		0	0
0x1a8268		objc	unmapped	unknown	single		0.0	0.0	6.042		0	0
0x1a82e8		unnamed	candidate	medium	single	darwin01-dk:darwin01/driverkit-1/libDriver/IODirectDevice.m:491:IODirectDeviceThread	17.957	3.505	19.808	%s: %s thread: waitForInterrup;IOExitThread;IOLog	0	13
0x1a83dc		objc	candidate	low	single	darwin01-dk:darwin01/driverkit-1/libDriver/IODirectDevice.m:86:deviceStyle	0	0.0	0		0	1
0x1a83e8		objc	candidate	low	single	darwin01-dk:darwin01/driverkit-1/libDriver/IODirectDevice.m:91:initFromDeviceDescription:	4.192	0.0	9.576	IOMalloc	0	1
0x1a8454		objc	candidate	low	single	darwin01-dk:darwin01/driverkit-1/libDriver/IODirectDevice.m:113:init	0	0.0	1.851		0	1
0x1a846c		objc	candidate	medium	single	darwin01-dk:darwin01/driverkit-1/libDriver/IODirectDevice.m:118:free	22.078	0.0	33.533	IOFree;IOGetKernPort;msg_send_from_kernel;task_self	0	1
0x1a85c8		objc	unmapped	unknown	single		0.0	0.0	0		0	0
0x1a85d8		objc	candidate	low	single	darwin01-dk:darwin01/driverkit-1/libDriver/IODirectDevice.m:164:setDeviceDescription:	0	0.0	1.851		0	1
0x1a8604		objc	candidate	low	single	darwin01-dk:darwin01/driverkit-1/libDriver/IODirectDevice.m:171:interruptPort	0	0.0	0		0	1
0x1a8614		objc	candidate	low	single	darwin01-dk:darwin01/driverkit-1/libDriver/IODirectDevice.m:176:attachInterruptPort	5.696	0.0	19.782	task_self	0	1
0x1a86a4		objc	candidate	medium	single	darwin01-dk:darwin01/driverkit-1/libDriver/IODirectDevice.m:200:startIOThreadWithPriority:	14.046	0.0	15.897	IOForkThread;IOSetThreadPriority	0	1
0x1a86fc		objc	candidate	medium	single	darwin01-dk:darwin01/driverkit-1/libDriver/IODirectDevice.m:217:startIOThreadWithFixedPriority:	7.37	0.0	9.22	IOSetThreadPolicy	0	1
0x1a8744		objc	candidate	low	single	darwin01-dk:darwin01/driverkit-1/libDriver/IODirectDevice.m:230:startIOThread	0	0.0	1.851		0	1
0x1a8760		objc	candidate	medium	single	darwin01-dk:darwin01/driverkit-1/libDriver/IODirectDevice.m:235:waitForInterrupt:	23.663	0.0	25.514	%s: %s waitForInterrupt: msg_r;IOLog;msg_receive;thread_block	0	1
0x1a8830		objc	candidate	low	single	darwin01-dk:darwin01/driverkit-1/libDriver/IODirectDevice.m:271:receiveMsg	6.166	0.0	6.166	msg_receive	0	1
0x1a8864		objc	candidate	low	single	darwin01-dk:darwin01/driverkit-1/libDriver/IODirectDevice.m:284:timeoutOccurred	0	0.0	0		0	1
0x1a886c		objc	candidate	low	single	darwin01-dk:darwin01/driverkit-1/libDriver/IODirectDevice.m:288:interruptOccurred	0	0.0	1.851		0	1
0x1a8884		objc	candidate	low	single	darwin01-dk:darwin01/driverkit-1/libDriver/IODirectDevice.m:293:interruptOccurredAt:	0	0.0	0		0	1
0x1a888c		objc	candidate	low	single	darwin01-dk:darwin01/driverkit-1/libDriver/IODirectDevice.m:297:commandRequestOccurred	0	0.0	0		0	1
0x1a8894		objc	candidate	low	single	darwin01-dk:darwin01/driverkit-1/libDriver/IODirectDevice.m:301:otherOccurred:	0	0.0	0		0	1
0x1a889c		objc	candidate	low	single	darwin01-dk:darwin01/driverkit-1/libDriver/IODirectDevice.m:309:enableAllInterrupts	0	0.0	1.851		0	1
0x1a8904		objc	candidate	low	single	darwin01-dk:darwin01/driverkit-1/libDriver/IODirectDevice.m:323:disableAllInterrupts	0	0.0	1.851		0	1
0x1a894c		objc	candidate	low	single	darwin01-dk:darwin01/driverkit-1/libDriver/IODirectDevice.m:331:enableInterrupt:	0	0.0	1.851		0	1
0x1a8988		objc	candidate	low	single	darwin01-dk:darwin01/driverkit-1/libDriver/IODirectDevice.m:346:disableInterrupt:	0	0.0	1.851		0	1
0x1a89a8		objc	unmapped	unknown	single		0.0	0.0	0		0	0
0x1a89b4		objc	candidate	low	single	darwin01-dk:darwin01/driverkit-1/libDriver/IODirectDevice.m:373:_changeInterrupt:to:	0	0.0	8.373		0	1
0x1a8b48		objc	unmapped	unknown	single		0.0	0.0	15.232		0	0
0x1a8c78		objc	unmapped	unknown	single		0.0	0.0	1.851		0	0
0x1a8ce8		objc	candidate	low	single	darwin01-dk:darwin01/driverkit-1/libDriver/IODirectDevice.m:540:_deviceDescriptionDelegate	0	0.0	0		0	1
0x1a8cf8		objc	candidate	medium	single	darwin01-dk:darwin01/driverkit-1/libDriver/Kernel/NXSpinLock.m:49:init	10.196	0	13.73	kalloc;simple_lock_alloc	0	2
0x1a8d50		objc	candidate	medium	single	darwin01-dk:darwin01/driverkit-1/libDriver/Kernel/NXSpinLock.m:67:free	10.933	0	14.466	kfree;simple_lock_free	0	2
0x1a8d9c		objc	candidate	low	single	darwin01-dk:darwin01/driverkit-1/libDriver/Kernel/NXSpinLock.m:80:lock	0	0	0		0	2
0x1a8dc4		objc	candidate	low	single	darwin01-dk:darwin01/driverkit-1/libDriver/Kernel/NXSpinLock.m:89:unlock	0	0	0		0	2
0x1a8ddc		objc	candidate	low	single	darwin01-dk:darwin01/driverkit-1/libDriver/Kernel/NXConditionLock.m:54:init	0	0	1.851		0	2
0x1a8df8		objc	candidate	medium	single	darwin01-dk:darwin01/driverkit-1/libDriver/Kernel/NXConditionLock.m:59:initWith:	23.443	0	26.977	kalloc;lock_alloc;lock_init;simple_lock_alloc	0	2
0x1a8e6c		objc	candidate	low	single	darwin01-dk:darwin01/driverkit-1/libDriver/Kernel/NXConditionLock.m:80:condition	0	0	0		0	2
0x1a8e7c		objc	candidate	medium	single	darwin01-dk:darwin01/driverkit-1/libDriver/Kernel/NXConditionLock.m:87:free	18.708	0	22.241	kfree;lock_free;simple_lock_free	0	2
0x1a8ed0		objc	candidate	low	single	darwin01-dk:darwin01/driverkit-1/libDriver/Kernel/NXConditionLock.m:100:lock	4.249	0	4.249	lock_write	0	2
0x1a8eec		objc	candidate	low	single	darwin01-dk:darwin01/driverkit-1/libDriver/Kernel/NXConditionLock.m:109:unlock	4.112	0	8.819	lock_done	0	2
0x1a8f18		objc	candidate	medium	single	darwin01-dk:darwin01/driverkit-1/libDriver/Kernel/NXConditionLock.m:119:lockWhen:	13.884	0	13.884	lock_done;lock_write;thread_sleep	0	2
0x1a8f84		objc	candidate	low	single	darwin01-dk:darwin01/driverkit-1/libDriver/Kernel/NXConditionLock.m:152:unlockWith:	4.112	0	8.819	lock_done	0	2
0x1a8fd8		objc	candidate	medium	single	darwin01-dk:darwin01/driverkit-1/libDriver/Kernel/NXLock.m:49:init	16.767	0	20.301	kalloc;lock_alloc;lock_init	0	2
0x1a9034		objc	candidate	medium	single	darwin01-dk:darwin01/driverkit-1/libDriver/Kernel/NXLock.m:67:free	11.338	0	14.872	kfree;lock_free	0	2
0x1a9080		objc	candidate	low	single	darwin01-dk:darwin01/driverkit-1/libDriver/Kernel/NXLock.m:80:lock	4.249	0	4.249	lock_write	0	2
0x1a909c		objc	candidate	low	single	darwin01-dk:darwin01/driverkit-1/libDriver/Kernel/NXLock.m:89:unlock	4.112	0	4.112	lock_done	0	2
0x1a90b8	_IOInitGeneralFuncs	named	candidate	low	single	darwin01-dk:darwin01/driverkit-1/libDriver/Kernel/generalFuncsPrivate.m:88:IOInitGeneralFuncs	0	0	1.851		0	2
0x1a90ec	_IOForkThread	named	candidate	medium	single	darwin01-dk:darwin01/driverkit-1/libDriver/Kernel/generalFuncsPrivate.m:106:IOForkThread	12.947	0	14.798	kernel_thread;thread_priority	0	2
0x1a9140		unnamed	candidate	medium	single	darwin01-dk:darwin01/driverkit-1/libDriver/Kernel/generalFuncsPrivate.m:123:ioThreadStart	21.128	6.676	22.979	IOExitThread;current_thread_EXTERNAL;thread_wire	0	20
0x1a9184	_IOSetThreadPriority	named	candidate	low	single	darwin01-dk:darwin01/driverkit-1/libDriver/Kernel/generalFuncsPrivate.m:141:IOSetThreadPriority	6.676	0.0	6.676	thread_priority	0	1
0x1a91bc	_IOSetThreadPolicy	named	candidate	medium	single	darwin01-dk:darwin01/driverkit-1/libDriver/Kernel/generalFuncsPrivate.m:156:IOSetThreadPolicy	7.37	0.0	7.37	thread_policy	0	1
0x1a9200	_IOSuspendThread	named	candidate	low	conflicting	darwin01-dk:darwin01/driverkit-1/libDriver/Kernel/generalFuncsPrivate.m:176:IOSuspendThread	7.775	7.775	7.775	thread_suspend	0	2
0x1a9210	_IOResumeThread	named	candidate	low	single	darwin01-dk:darwin01/driverkit-1/libDriver/Kernel/generalFuncsPrivate.m:181:IOResumeThread	6.389	6.389	6.389	thread_resume	0	2
0x1a9220	_IOExitThread	named	candidate	medium	single	darwin01-dk:darwin01/driverkit-1/libDriver/Kernel/generalFuncsPrivate.m:186:IOExitThread	19.113	0	19.113	current_thread_EXTERNAL;thread_halt_self;thread_terminate	0	2
0x1a9238	_IOVmTaskSelf	named	candidate	medium	single	darwin01-dk:darwin01/driverkit-1/libDriver/Kernel/generalFuncsPrivate.m:199:IOVmTaskSelf	7.082	0.0	7.082	_io_vm_task_self	0	1
0x1a9244	_IOVmTaskCurrent	named	candidate	medium	single	darwin01-dk:darwin01/driverkit-1/libDriver/Kernel/generalFuncsPrivate.m:207:IOVmTaskCurrent	8.468	0.0	8.468	_io_vm_task_current	0	1
0x1a9250	_IOSetUNIXError	named	candidate	low	single	darwin01-dk:darwin01/driverkit-1/libDriver/Kernel/generalFuncsPrivate.m:216:IOSetUNIXError	0	0.0	0		0	1
0x1a9264	_IOTaskGetPort	named	candidate	medium	single	darwin01-dk:darwin01/driverkit-1/libDriver/Kernel/generalFuncsPrivate.m:227:IOTaskGetPort	7.775	0.0	7.775	_io_task_get_port	0	1
0x1a9274	_IOGetKernPort	named	candidate	medium	single	darwin01-dk:darwin01/driverkit-1/libDriver/Kernel/generalFuncsPrivate.m:237:IOGetKernPort	7.775	0.0	7.775	_io_get_kern_port	0	1
0x1a9284	_IOConvertPort	named	candidate	medium	single	darwin01-dk:darwin01/driverkit-1/libDriver/Kernel/generalFuncsPrivate.m:247:IOConvertPort	28.91	0.0	44.46	IOConvertPort: Bad Port\n;IOLog;_io_convert_port_in;_io_convert_port_out	0	1
0x1a92f8	_IOVmTaskForBuf	named	candidate	low	single	darwin01-dk:darwin01/driverkit-1/libDriver/Kernel/generalFuncsPrivate.m:293:IOVmTaskForBuf	0	0.0	15.55		0	1
0x1a9328	_IOHostPrivSelf	named	candidate	medium	single	darwin01-dk:darwin01/driverkit-1/libDriver/Kernel/generalFuncsPrivate.m:302:IOHostPrivSelf	8.468	0.0	8.468	_io_host_priv_self	0	1
0x1a9334	_IOPhysicalFromVirtual	named	candidate	medium	single	darwin01-dk:darwin01/driverkit-1/libDriver/Kernel/generalFuncsPrivate.m:310:IOPhysicalFromVirtual	14.857	0.0	14.857	_io_vm_task_pmap;pmap_extract	0	1
0x1a9368	_IOMapPhysicalIntoIOTask	named	candidate	medium	single	darwin01-dk:darwin01/driverkit-1/libDriver/Kernel/generalFuncsPrivate.m:330:IOMapPhysicalIntoIOTask	27.111	0.0	27.111	_io_vm_task_pmap;_io_vm_task_self;pmap_enter;vm_allocate	0	1
0x1a93e8	_IOUnmapPhysicalFromIOTask	named	candidate	medium	single	darwin01-dk:darwin01/driverkit-1/libDriver/Kernel/generalFuncsPrivate.m:384:IOUnmapPhysicalFromIOTask	12.66	0.0	12.66	_io_vm_task_self;vm_deallocate	0	1
0x1a9404		objc	candidate	low	single	darwin01-dk:darwin01/driverkit-1/libDriver/Kernel/IOBufDevice.m:54:init	0	0.0	0		0	1
0x1a943c		objc	unmapped	unknown	single		0.0	0.0	7.1		0	0
0x1a949c		objc	candidate	low	single	darwin01-dk:darwin01/driverkit-1/libDriver/Kernel/IOBufDevice.m:86:releaseUnit:	0	0.0	1.851		0	1
0x1a94e8		objc	unmapped	unknown	single		0.0	0.0	5.249		0	0
0x1a9518		objc	candidate	medium	single	darwin01-dk:darwin01/driverkit-1/libDriver/Kernel/IOBufDevice.m:113:stringFromReturn:	16.936	0.0	20.47	Buffer Flushed;Not Owner	0	1
0x1a9568		objc	candidate	low	single	darwin01-dk:darwin01/driverkit-1/libDriver/Kernel/IOBufDevice.m:127:errnoFromReturn:	0	0.0	3.534		0	1
0x1a95b8		objc	candidate	low	single	darwin01-dk:darwin01/driverkit-1/libDriver/Kernel/IOBufDevice.m:140:initializeUnit:	0	0.0	0		0	1
0x1a95c0		objc	candidate	low	single	darwin01-dk:darwin01/driverkit-1/libDriver/Kernel/IOBufDevice.m:144:shutdownUnit:	0	0.0	0		0	1
0x1a95c8		unnamed	candidate	low	single	darwin01-dk:darwin01/driverkit-1/libDriver/Kernel/generalFuncsPrivate.m:88:IOInitGeneralFuncs	0	0	7.429		0	20
0x1a95f8		unnamed	candidate	low	single	darwin01-dk:darwin01/driverkit-1/libDriver/Kernel/generalFuncsPrivate.m:88:IOInitGeneralFuncs	0	0	7.429		0	20
0x1a9630		unnamed	candidate	low	single	darwin01-dk:darwin01/driverkit-1/libDriver/Kernel/generalFuncsPrivate.m:88:IOInitGeneralFuncs	0	0	7.429		0	20
0x1a965c		unnamed	candidate	low	single	darwin01-dk:darwin01/driverkit-1/libDriver/Kernel/generalFuncsPrivate.m:88:IOInitGeneralFuncs	0	0	7.429		0	20
0x1a9694		objc	unmapped	unknown	single		0.0	0.0	10.616		0	0
0x1a9704		objc	candidate	low	single	darwin01-dk:darwin01/driverkit-1/libDriver/Kernel/IONetwork.m:113:free	0	0.0	12.002		0	1
0x1a973c		objc	candidate	low	single	darwin01-dk:darwin01/driverkit-1/libDriver/Kernel/IONetwork.m:118:handleInputPacket:extra:	0	0.0	21.379		0	1
0x1a9774		objc	candidate	low	single	darwin01-dk:darwin01/driverkit-1/libDriver/Kernel/IONetwork.m:126:inputPackets	0	0.0	6.389		0	1
0x1a9788		objc	candidate	low	single	darwin01-dk:darwin01/driverkit-1/libDriver/Kernel/IONetwork.m:131:incrementInputPackets	0	0.0	12.911		0	1
0x1a97ac		objc	candidate	low	single	darwin01-dk:darwin01/driverkit-1/libDriver/Kernel/IONetwork.m:137:incrementInputPacketsBy:	0	0.0	12.911		0	1
0x1a97d8		objc	candidate	low	single	darwin01-dk:darwin01/driverkit-1/libDriver/Kernel/IONetwork.m:142:inputErrors	0	0.0	7.37		0	1
0x1a97ec		objc	candidate	low	single	darwin01-dk:darwin01/driverkit-1/libDriver/Kernel/IONetwork.m:147:incrementInputErrors	0	0.0	15.145		0	1
0x1a9810		objc	candidate	low	single	darwin01-dk:darwin01/driverkit-1/libDriver/Kernel/IONetwork.m:152:incrementInputErrorsBy:	0	0.0	15.145		0	1
0x1a983c		objc	candidate	low	single	darwin01-dk:darwin01/driverkit-1/libDriver/Kernel/IONetwork.m:157:outputPackets	0	0.0	6.522		0	1
0x1a9850		objc	candidate	low	single	darwin01-dk:darwin01/driverkit-1/libDriver/Kernel/IONetwork.m:162:incrementOutputPackets	0	0.0	13.199		0	1
0x1a9874		objc	candidate	low	single	darwin01-dk:darwin01/driverkit-1/libDriver/Kernel/IONetwork.m:167:incrementOutputPacketsBy:	0	0.0	13.199		0	1
0x1a98a0		objc	candidate	low	single	darwin01-dk:darwin01/driverkit-1/libDriver/Kernel/IONetwork.m:172:outputErrors	0	0.0	6.676		0	1
0x1a98b4		objc	candidate	low	single	darwin01-dk:darwin01/driverkit-1/libDriver/Kernel/IONetwork.m:177:incrementOutputErrors	0	0.0	13.535		0	1
0x1a98d8		objc	candidate	low	single	darwin01-dk:darwin01/driverkit-1/libDriver/Kernel/IONetwork.m:182:incrementOutputErrorsBy:	0	0.0	13.535		0	1
0x1a9904		objc	candidate	low	single	darwin01-dk:darwin01/driverkit-1/libDriver/Kernel/IONetwork.m:187:collisions	0	0.0	7.37		0	1
0x1a9918		objc	candidate	low	single	darwin01-dk:darwin01/driverkit-1/libDriver/Kernel/IONetwork.m:192:incrementCollisions	0	0.0	15.145		0	1
0x1a993c		objc	candidate	low	single	darwin01-dk:darwin01/driverkit-1/libDriver/Kernel/IONetwork.m:197:incrementCollisionsBy:	0	0.0	15.145		0	1
0x1a9968		objc	candidate	low	single	darwin01-dk:darwin01/driverkit-1/libDriver/Kernel/IONetbufQueue.m:41:init	0	0.0	1.851		0	1
0x1a9984		objc	candidate	low	single	darwin01-dk:darwin01/driverkit-1/libDriver/Kernel/IONetbufQueue.m:46:initWithMaxCount:	0	0.0	3.534		0	1
0x1a99d4		objc	candidate	low	single	darwin01-dk:darwin01/driverkit-1/libDriver/Kernel/IONetbufQueue.m:56:free	5.903	0.0	11.288	nb_free	0	1
0x1a9a24		objc	candidate	low	single	darwin01-dk:darwin01/driverkit-1/libDriver/Kernel/IONetbufQueue.m:66:count	0	0.0	0		0	1
0x1a9a34		objc	candidate	low	single	darwin01-dk:darwin01/driverkit-1/libDriver/Kernel/IONetbufQueue.m:71:maxCount	0	0.0	0		0	1
0x1a9a44		objc	candidate	low	single	darwin01-dk:darwin01/driverkit-1/libDriver/Kernel/IONetbufQueue.m:76:enqueue:	5.903	0.0	5.903	nb_free	0	1
0x1a9a8c		objc	candidate	low	single	darwin01-dk:darwin01/driverkit-1/libDriver/Kernel/IONetbufQueue.m:93:dequeue	0	0.0	0		0	1
0x1a9ad4	_IOAddToBdevswAt	named	candidate	low	single	darwin01-dk:darwin01/driverkit-1/libDriver/Kernel/devswAndVfssw.m:55:IOAddToBdevswAt	0	0.0	0		0	1
0x1a9b90	_IOAddToBdevsw	named	candidate	low	single	darwin01-dk:darwin01/driverkit-1/libDriver/Kernel/devswAndVfssw.m:102:IOAddToBdevsw	0	0.0	0		0	1
0x1a9c44	_IORemoveFromBdevsw	named	candidate	low	single	darwin01-dk:darwin01/driverkit-1/libDriver/Kernel/devswAndVfssw.m:124:IORemoveFromBdevsw	0	0.0	0		0	1
0x1a9c6c	_IOAddToCdevswAt	named	candidate	low	single	darwin01-dk:darwin01/driverkit-1/libDriver/Kernel/devswAndVfssw.m:133:IOAddToCdevswAt	0	0.0	0		0	1
0x1a9d30	_IOAddToCdevsw	named	candidate	low	single	darwin01-dk:darwin01/driverkit-1/libDriver/Kernel/devswAndVfssw.m:180:IOAddToCdevsw	0	0.0	0		0	1
0x1a9dec	_IORemoveFromCdevsw	named	candidate	low	single	darwin01-dk:darwin01/driverkit-1/libDriver/Kernel/devswAndVfssw.m:210:IORemoveFromCdevsw	0	0.0	0		0	1
0x1a9e18	_IOAddToVfsswAt	named	candidate	low	single	darwin01-dk:darwin01/driverkit-1/libDriver/Kernel/devswAndVfssw.m:222:IOAddToVfsswAt	0	0.0	0		0	1
0x1a9e74	_IOAddToVfssw	named	candidate	low	single	darwin01-dk:darwin01/driverkit-1/libDriver/Kernel/devswAndVfssw.m:236:IOAddToVfssw	0	0.0	0		0	1
0x1a9ef4	_IORemoveFromVfssw	named	candidate	low	single	darwin01-dk:darwin01/driverkit-1/libDriver/Kernel/devswAndVfssw.m:254:IORemoveFromVfssw	0	0.0	0		0	1
0x1a9f1c		unnamed	candidate	medium	single	darwin01-dk:darwin01/driverkit-1/libDriver/Kernel/IOEthernet.m:974:IOEthernetTimeout	12.218	0	14.069	IOGetKernPort;msg_send_from_kernel	0	13
0x1a9f98		objc	candidate	low	single	darwin01-dk:darwin01/driverkit-1/libDriver/Kernel/IOEthernet.m:103:initPort:	6.389	0.0	11.773	IOGetKernPort	0	1
0x1aa000		objc	candidate	low	single	darwin01-dk:darwin01/driverkit-1/libDriver/Kernel/IOEthernet.m:114:free	6.522	0.0	11.907	port_release	0	1
0x1aa048		objc	candidate	low	single	darwin01-dk:darwin01/driverkit-1/libDriver/Kernel/IOEthernet.m:123:oper	0	0.0	0		0	1
0x1aa058		objc	candidate	low	single	darwin01-dk:darwin01/driverkit-1/libDriver/Kernel/IOEthernet.m:133:done:	0	0.0	1.851		0	1
0x1aa0a8		objc	candidate	low	single	darwin01-dk:darwin01/driverkit-1/libDriver/Kernel/IOEthernet.m:172:send:	0	0.0	7.68		0	1
0x1aa178		objc	candidate	medium	single	darwin01-dk:darwin01/driverkit-1/libDriver/Kernel/IOEthernet.m:181:initFromDeviceDescription:	12.985	0.0	26.838	%s%d;sprintf	0	1
0x1aa2ac		objc	candidate	low	single	darwin01-dk:darwin01/driverkit-1/libDriver/Kernel/IOEthernet.m:224:free	4.164	0.0	9.549	IOFree	0	1
0x1aa3d4		objc	candidate	low	single	darwin01-dk:darwin01/driverkit-1/libDriver/Kernel/IOEthernet.m:242:isRunning	0	0.0	0		0	1
0x1aa3e8		objc	candidate	low	single	darwin01-dk:darwin01/driverkit-1/libDriver/Kernel/IOEthernet.m:247:setRunning:	0	0.0	0		0	1
0x1aa3fc		objc	candidate	low	single	darwin01-dk:darwin01/driverkit-1/libDriver/Kernel/IOEthernet.m:255:relativeTimeout	5.635	0.0	11.906	IOGetTimestamp	0	1
0x1aa484		objc	candidate	medium	single	darwin01-dk:darwin01/driverkit-1/libDriver/Kernel/IOEthernet.m:271:setRelativeTimeout:	19.106	0.0	19.106	IOGetTimestamp;ns_abstimeout;ns_untimeout	0	1
0x1aa510		objc	candidate	low	single	darwin01-dk:darwin01/driverkit-1/libDriver/Kernel/IOEthernet.m:284:clearTimeout	6.389	0.0	6.389	ns_untimeout	0	1
0x1aa550		objc	candidate	low	single	darwin01-dk:darwin01/driverkit-1/libDriver/Kernel/IOEthernet.m:302:isUnwantedMulticastPacket:	0	0.0	1.851		0	1
0x1aa5d0		objc	candidate	low	single	darwin01-dk:darwin01/driverkit-1/libDriver/Kernel/IOEthernet.m:361:performLoopback:	0	0.0	21.475		0	1
0x1aa658		objc	candidate	low	single	darwin01-dk:darwin01/driverkit-1/libDriver/Kernel/IOEthernet.m:406:finishInitialization	0	0.0	1.851		0	1
0x1aa678		objc	candidate	medium	single	darwin01-dk:darwin01/driverkit-1/libDriver/Kernel/IOEthernet.m:411:outputPacket:address:	26.913	0.0	28.764	nb_free;nb_grow_bot;nb_map;nb_size	0	1
0x1aa6fc		objc	candidate	medium	single	darwin01-dk:darwin01/driverkit-1/libDriver/Kernel/IOEthernet.m:451:allocateNetbuf	7.37	0.0	7.37	nb_alloc	0	1
0x1aa710		objc	candidate	low	single	darwin01-dk:darwin01/driverkit-1/libDriver/Kernel/IOEthernet.m:457:performCommand:data:	0	0.0	56.073		0	1
0x1aa800		objc	candidate	low	single	darwin01-dk:darwin01/driverkit-1/libDriver/Kernel/IOEthernet.m:475:resetAndEnable:	0	0.0	0		0	1
0x1aa80c		objc	candidate	medium	single	darwin01-dk:darwin01/driverkit-1/libDriver/Kernel/IOEthernet.m:683:attachToNetworkWithAddress:	11.974	0.0	21.599	%s: Ethernet address %02x:%02x;IOLog	0	1
0x1aa8dc		objc	candidate	low	single	darwin01-dk:darwin01/driverkit-1/libDriver/Kernel/IOEthernet.m:728:transmit:	5.903	0.0	5.903	nb_free	0	1
0x1aa8ec		objc	unmapped	unknown	single		0.0	0.0	0		0	0
0x1aa8fc		objc	unmapped	unknown	single		0.0	0.0	0		0	0
0x1aa904		objc	candidate	low	single	darwin01-dk:darwin01/driverkit-1/libDriver/Kernel/IOEthernet.m:745:enablePromiscuousMode	0	0.0	0		0	1
0x1aa910		objc	candidate	low	single	darwin01-dk:darwin01/driverkit-1/libDriver/Kernel/IOEthernet.m:750:disablePromiscuousMode	0	0.0	0		0	1
0x1aa918		objc	candidate	low	single	darwin01-dk:darwin01/driverkit-1/libDriver/Kernel/IOEthernet.m:754:addMulticastAddress:	0	0.0	0		0	1
0x1aa920		objc	candidate	low	single	darwin01-dk:darwin01/driverkit-1/libDriver/Kernel/IOEthernet.m:758:removeMulticastAddress:	0	0.0	0		0	1
0x1aa928		objc	candidate	low	single	darwin01-dk:darwin01/driverkit-1/libDriver/Kernel/IOEthernet.m:763:enableMulticastMode	0	0.0	0		0	1
0x1aa934		objc	candidate	low	single	darwin01-dk:darwin01/driverkit-1/libDriver/Kernel/IOEthernet.m:767:disableMulticastMode	0	0.0	0		0	1
0x1aa93c		objc	candidate	low	single	darwin01-dk:darwin01/driverkit-1/libDriver/Kernel/IOEthernet.m:787:commandRequestOccurred	5.983	0.0	7.834	IOExitThread	0	1
0x1aaab8		objc	candidate	low	single	darwin01-dk:darwin01/driverkit-1/libDriver/Kernel/IOEthernet.m:875:multicastQueue	0	0.0	0		0	1
0x1aaac8		objc	candidate	low	single	darwin01-dk:darwin01/driverkit-1/libDriver/Kernel/IOEthernet.m:919:enableMulticast:	0	0.0	6.042		0	1
0x1aabbc		objc	candidate	low	single	darwin01-dk:darwin01/driverkit-1/libDriver/Kernel/IOEthernet.m:946:disableMulticast:	0	0.0	6.015		0	1
0x1aac9c		objc	candidate	low	single	darwin01-dk:darwin01/driverkit-1/libDriver/Kernel/IOEthernet.m:956:searchMulti:	0	0.0	0		0	1
0x1aace0	_reserveDebuggerLock	named	candidate	medium	single	darwin01-dk:darwin01/driverkit-1/libDriver/Kernel/IOEthernetDebugger.m:149:reserveDebuggerLock	11.28	0.0	11.28	IOLog;reserveDebuggerLock: already l	0	1
0x1aad2c	_releaseDebuggerLock	named	candidate	low	single	darwin01-dk:darwin01/driverkit-1/libDriver/Kernel/IOEthernetDebugger.m:161:releaseDebuggerLock	0	0.0	0		0	1
0x1aad58	_en_recv_pkt	named	candidate	low	single	darwin01-dk:darwin01/driverkit-1/libDriver/Kernel/IOEthernetDebugger.m:175:en_recv_pkt	0	0.0	0		0	1
0x1aad8c	_en_send_pkt	named	candidate	low	single	darwin01-dk:darwin01/driverkit-1/libDriver/Kernel/IOEthernetDebugger.m:188:en_send_pkt	0	0.0	0		0	1
0x1aadb4		objc	candidate	low	single	darwin01-dk:darwin01/driverkit-1/libDriver/Kernel/IOEthernetDebugger.m:101:registerAsDebuggerDevice	0	0.0	1.851		0	1
0x1aae10		objc	candidate	medium	single	darwin01-dk:darwin01/driverkit-1/libDriver/Kernel/IOEthernetDebugger.m:120:reserveDebuggerLock	11.28	0.0	11.28	IOLog;reserveDebuggerLock: already l	1	1
0x1aae68		objc	candidate	low	single	darwin01-dk:darwin01/driverkit-1/libDriver/Kernel/IOEthernetDebugger.m:133:releaseDebuggerLock	2.819	0.0	2.819	splx	0	1
0x1aaea0		unnamed	candidate	low	conflicting	darwin01-dk:darwin01/driverkit-1/libDriver/Kernel/IOEthernet.m:974:IOEthernetTimeout	12.218	12.218	14.069	IOGetKernPort;msg_send_from_kernel	0	10
0x1aaf1c		objc	candidate	low	single	darwin01-dk:darwin01/driverkit-1/libDriver/Kernel/IOTokenRing.m:106:initPort:	6.389	0.0	11.773	IOGetKernPort	0	1
0x1aaf84		objc	candidate	low	single	darwin01-dk:darwin01/driverkit-1/libDriver/Kernel/IOTokenRing.m:117:free	6.522	0.0	11.907	port_release	0	1
0x1aafcc		objc	candidate	low	single	darwin01-dk:darwin01/driverkit-1/libDriver/Kernel/IOTokenRing.m:126:oper	0	0.0	0		0	1
0x1aafdc		objc	candidate	low	single	darwin01-dk:darwin01/driverkit-1/libDriver/Kernel/IOTokenRing.m:131:done:	0	0.0	1.851		0	1
0x1ab02c		objc	candidate	low	single	darwin01-dk:darwin01/driverkit-1/libDriver/Kernel/IOTokenRing.m:140:send:	5.829	0.0	7.68	msg_send_from_kernel	0	1
0x1ab0fc		objc	candidate	low	single	darwin01-dk:darwin01/driverkit-1/libDriver/Kernel/IOTokenRing.m:181:_set8025FrameSizes	0	0.0	0		0	1
0x1ab12c		objc	candidate	medium	single	darwin01-dk:darwin01/driverkit-1/libDriver/Kernel/IOTokenRing.m:199:_getInstanceTable:	28.91	0.0	64.634	%s: couldn't get Instance%d.ta;%s: invalid ring speed in Inst;IOLog;YES	0	1
0x1ab364		objc	candidate	medium	single	darwin01-dk:darwin01/driverkit-1/libDriver/Kernel/IOTokenRing.m:341:initFromDeviceDescription:	12.985	0.0	26.838	%s%d;sprintf	0	1
0x1ab494		objc	candidate	low	single	darwin01-dk:darwin01/driverkit-1/libDriver/Kernel/IOTokenRing.m:373:free	0	0.0	5.385		0	1
0x1ab51c		objc	candidate	medium	single	darwin01-dk:darwin01/driverkit-1/libDriver/Kernel/IOTokenRing.m:389:attachToNetworkWithAddress:	20.442	0.0	30.068	%s: Token Ring Node address %0;IOLog;vtrip_config	0	1
0x1ab630		objc	candidate	low	single	darwin01-dk:darwin01/driverkit-1/libDriver/Kernel/IOTokenRing.m:459:networkInterface	0	0.0	0		0	1
0x1ab640		objc	candidate	low	single	darwin01-dk:darwin01/driverkit-1/libDriver/Kernel/IOTokenRing.m:464:isRunning	0	0.0	0		0	1
0x1ab654		objc	candidate	low	single	darwin01-dk:darwin01/driverkit-1/libDriver/Kernel/IOTokenRing.m:469:setRunning:	0	0.0	0		0	1
0x1ab678		objc	candidate	low	single	darwin01-dk:darwin01/driverkit-1/libDriver/Kernel/IOTokenRing.m:478:relativeTimeout	5.635	0.0	11.906	IOGetTimestamp	0	1
0x1ab700		objc	candidate	medium	single	darwin01-dk:darwin01/driverkit-1/libDriver/Kernel/IOTokenRing.m:494:setRelativeTimeout:	19.106	0.0	19.106	IOGetTimestamp;ns_abstimeout;ns_untimeout	0	1
0x1ab78c		objc	candidate	low	single	darwin01-dk:darwin01/driverkit-1/libDriver/Kernel/IOTokenRing.m:507:clearTimeout	6.389	0.0	6.389	ns_untimeout	0	1
0x1ab7cc		objc	candidate	low	single	darwin01-dk:darwin01/driverkit-1/libDriver/Kernel/IOTokenRing.m:515:earlyTokenEnabled	0	0.0	0		0	1
0x1ab7e4		objc	candidate	low	single	darwin01-dk:darwin01/driverkit-1/libDriver/Kernel/IOTokenRing.m:520:shouldAutoRecover	0	0.0	0		0	1
0x1ab7fc		objc	candidate	low	single	darwin01-dk:darwin01/driverkit-1/libDriver/Kernel/IOTokenRing.m:525:ringSpeed	0	0.0	0		0	1
0x1ab80c		objc	candidate	low	single	darwin01-dk:darwin01/driverkit-1/libDriver/Kernel/IOTokenRing.m:530:maxInfoFieldSize	0	0.0	0		0	1
0x1ab81c		objc	candidate	low	single	darwin01-dk:darwin01/driverkit-1/libDriver/Kernel/IOTokenRing.m:535:setMaxInfoFieldSize:	0	0.0	0		0	1
0x1ab830		objc	candidate	low	single	darwin01-dk:darwin01/driverkit-1/libDriver/Kernel/IOTokenRing.m:545:nodeAddress	0	0.0	0		0	1
0x1ab854		objc	candidate	low	single	darwin01-dk:darwin01/driverkit-1/libDriver/Kernel/IOTokenRing.m:568:finishInitialization	0	0.0	1.851		0	1
0x1ab880		objc	candidate	low	single	darwin01-dk:darwin01/driverkit-1/libDriver/Kernel/IOTokenRing.m:578:resetAndEnable:	0	0.0	0		0	1
0x1ab88c		objc	candidate	low	single	darwin01-dk:darwin01/driverkit-1/libDriver/Kernel/IOTokenRing.m:583:transmit:	5.903	0.0	5.903	nb_free	0	1
0x1ab89c		objc	candidate	medium	single	darwin01-dk:darwin01/driverkit-1/libDriver/Kernel/IOTokenRing.m:593:outputPacket:address:	49.755	0.0	51.606	%s: bad mac header\n;%s: netOutput bad frame size=%;IOLog;bcopy;nb_free;nb_grow_top;nb_map;nb_size	0	1
0x1ab9b0		objc	candidate	medium	single	darwin01-dk:darwin01/driverkit-1/libDriver/Kernel/IOTokenRing.m:660:allocateNetbuf	14.228	0.0	14.228	nb_alloc;nb_shrink_top	0	1
0x1ab9e0		objc	candidate	medium	single	darwin01-dk:darwin01/driverkit-1/libDriver/Kernel/IOTokenRing.m:674:performCommand:data:	8.789	0.0	22.835	bcopy;strcmp	0	1
0x1aba38		objc	candidate	low	single	darwin01-dk:darwin01/driverkit-1/libDriver/Kernel/IOTokenRing.m:701:commandRequestOccurred	5.983	0.0	7.834	IOExitThread	0	1
0x1abaec		objc	candidate	medium	single	darwin01-dk:darwin01/driverkit-1/libDriver/Kernel/IOSCSIController.m:73:initFromDeviceDescription:	12.985	0.0	18.37	sc%d;sprintf	0	1
0x1abc40		objc	candidate	low	single	darwin01-dk:darwin01/driverkit-1/libDriver/Kernel/IOSCSIController.m:128:free	4.164	0.0	9.549	IOFree	0	1
0x1abcf8		objc	candidate	low	single	darwin01-dk:darwin01/driverkit-1/libDriver/Kernel/IOSCSIController.m:207:reserveTarget:lun:forOwner:	0	0.0	1.851		0	1
0x1abd28		objc	candidate	low	single	darwin01-dk:darwin01/driverkit-1/libDriver/Kernel/IOSCSIController.m:215:releaseTarget:lun:forOwner:	0	0.0	1.851		0	1
0x1abd54		objc	unmapped	unknown	single		0.0	0.0	6.042		0	0
0x1abe3c		objc	unmapped	unknown	single		0.0	0.0	34.925		0	0
0x1abf18		objc	candidate	low	single	darwin01-dk:darwin01/driverkit-1/libDriver/Kernel/IOSCSIController.m:313:numberOfTargets	0	0.0	0		0	1
0x1abf24		objc	candidate	low	single	darwin01-dk:darwin01/driverkit-1/libDriver/Kernel/IOSCSIController.m:318:numReserved	0	0.0	0		0	1
0x1abf34		objc	unmapped	unknown	single		0.0	0.0	0		0	0
0x1abf40		objc	unmapped	unknown	single		0.0	0.0	0		0	0
0x1abf4c		objc	candidate	low	single	darwin01-dk:darwin01/driverkit-1/libDriver/Kernel/IOSCSIController.m:371:resetSCSIBus	0	0.0	0		0	1
0x1abf58		objc	candidate	low	single	darwin01-dk:darwin01/driverkit-1/libDriver/Kernel/IOSCSIController.m:379:returnFromScStatus:	0	0.0	0		0	1
0x1ac044		objc	candidate	low	single	darwin01-dk:darwin01/driverkit-1/libDriver/Kernel/IOSCSIController.m:410:maxTransfer	0	0.0	0		0	1
0x1ac050		objc	candidate	low	single	darwin01-dk:darwin01/driverkit-1/libDriver/Kernel/IOSCSIController.m:420:getDMAAlignment:	0	0.0	0		0	1
0x1ac078		objc	candidate	low	single	darwin01-dk:darwin01/driverkit-1/libDriver/Kernel/IOSCSIController.m:430:numQueueSamples	0	0.0	0		0	1
0x1ac084		objc	candidate	low	single	darwin01-dk:darwin01/driverkit-1/libDriver/Kernel/IOSCSIController.m:436:sumQueueLengths	0	0.0	0		0	1
0x1ac090		objc	candidate	low	single	darwin01-dk:darwin01/driverkit-1/libDriver/Kernel/IOSCSIController.m:442:maxQueueLength	0	0.0	0		0	1
0x1ac09c		objc	candidate	low	single	darwin01-dk:darwin01/driverkit-1/libDriver/Kernel/IOSCSIController.m:448:resetStats	0	0.0	0		0	1
0x1ac0a4		objc	unmapped	unknown	single		0.0	0.0	21.628		0	0
0x1ac198		objc	unmapped	unknown	single		0.0	0.0	13.16		0	0
0x1ac1fc		objc	unmapped	unknown	single		0.0	0.0	4.192		0	0
0x1ac248		objc	unmapped	unknown	single		0.0	0.0	0		0	0
0x1ac298		objc	unmapped	unknown	single		0.0	0.0	8.527		0	0
0x1ac2d4		objc	candidate	low	single	darwin01-dk:darwin01/driverkit-1/libDriver/Kernel/kernelDiskMethods.m:81:devAndIdInfo	0	0.0	0		0	1
0x1ac2e4		objc	candidate	low	single	darwin01-dk:darwin01/driverkit-1/libDriver/Kernel/kernelDiskMethods.m:86:setDevAndIdInfo:	0	0.0	0		0	1
0x1ac2f8		objc	candidate	low	single	darwin01-dk:darwin01/driverkit-1/libDriver/Kernel/kernelDiskMethods.m:95:blockDev	0	0.0	0		0	1
0x1ac30c		objc	candidate	low	single	darwin01-dk:darwin01/driverkit-1/libDriver/Kernel/kernelDiskMethods.m:100:rawDev	0	0.0	0		0	1
0x1ac320		objc	candidate	medium	single	darwin01-dk:darwin01/driverkit-1/libDriver/Kernel/kernelDiskMethods.m:113:registerUnixDisk:	11.974	0.0	13.824	%s registerUnixDisk: Bogus par;IOLog	0	1
0x1ac378		objc	candidate	medium	single	darwin01-dk:darwin01/driverkit-1/libDriver/Kernel/kernelDiskMethods.m:136:unregisterUnixDisk:	11.974	0.0	13.824	%s unregisterUnixDisk: Bogus p;IOLog	0	1
0x1ac3d8		objc	unmapped	unknown	single		0.0	0.0	18.787		0	0
0x1ac5a0		objc	candidate	medium	single	darwin01-dk:darwin01/driverkit-1/libDriver/Kernel/SCSIDisk.m:460:updatePhysicalParameters	7.773	0	9.623	IOFree;bzero	0	2
0x1ac768		objc	candidate	low	single	darwin01-dk:darwin01/driverkit-1/libDriver/Kernel/SCSIDisk.m:74:deviceStyle	0	0.0	0		0	1
0x1ac774		objc	candidate	low	single	darwin01-dk:darwin01/driverkit-1/libDriver/Kernel/SCSIDisk.m:87:requiredProtocols	0	0.0	0		0	1
0x1ac780		objc	candidate	medium	single	darwin01-dk:darwin01/driverkit-1/libDriver/Kernel/SCSIDisk.m:93:initialize	8.468	0.0	13.853	sd_init_idmap	0	1
0x1ac7cc		objc	unmapped	unknown	single		0.0	0.0	1.851		0	0
0x1ac7fc		objc	unmapped	unknown	single		0.0	0.0	1.851		0	0
0x1ac82c		objc	unmapped	unknown	single		0.0	0.0	1.851		0	0
0x1ac85c		objc	unmapped	unknown	single		0.0	0.0	1.851		0	0
0x1ac88c		objc	candidate	low	single	darwin01-dk:darwin01/driverkit-1/libDriver/Kernel/SCSIDisk.m:398:updateReadyState	3.608	0.0	5.459	bzero	0	1
0x1ac934		objc	candidate	low	single	darwin01-dk:darwin01/driverkit-1/libDriver/Kernel/SCSIDisk.m:451:ejectPhysical	0	0.0	1.851		0	1
0x1ac950		objc	candidate	low	single	darwin01-dk:darwin01/driverkit-1/libDriver/Kernel/SCSIDisk.m:530:abortRequest	0	0.0	1.851		0	1
0x1ac998		objc	candidate	low	single	darwin01-dk:darwin01/driverkit-1/libDriver/Kernel/SCSIDisk.m:551:diskBecameReady	0	0.0	1.851		0	1
0x1ac9d0		objc	candidate	low	single	darwin01-dk:darwin01/driverkit-1/libDriver/Kernel/SCSIDisk.m:565:isDiskReady:	0	0.0	1.851		0	1
0x1aca48		objc	unmapped	unknown	single		0.0	0.0	3.534		0	0
0x1aca8c		objc	unmapped	unknown	single		0.0	0.0	1.851		0	0
0x1acb04		objc	unmapped	unknown	single		0.0	0.0	1.851		0	0
0x1acb7c		objc	candidate	low	single	darwin01-dk:darwin01/driverkit-1/libDriver/Kernel/SCSIDisk.m:658:target	0	0.0	0		0	1
0x1acb90		objc	candidate	low	single	darwin01-dk:darwin01/driverkit-1/libDriver/Kernel/SCSIDisk.m:663:lun	0	0.0	0		0	1
0x1acba4		objc	candidate	low	single	darwin01-dk:darwin01/driverkit-1/libDriver/Kernel/SCSIDisk.m:672:inquiryDeviceType	0	0.0	0		0	1
0x1acbb8		objc	candidate	low	single	darwin01-dk:darwin01/driverkit-1/libDriver/Kernel/SCSIDisk.m:677:controller	0	0.0	0		0	1
0x1acbc8		objc	unmapped	unknown	single		0.0	0.0	55.619		6	0
0x1aceec		unnamed	candidate	low	single	darwin01-dk:darwin01/driverkit-1/libDriver/Kernel/SCSIDiskPrivate.m:285:moveString	0	0	0		0	3
0x1acf48		objc	candidate	low	single	darwin01-dk:darwin01/driverkit-1/libDriver/Kernel/SCSIDiskPrivate.m:70:initResources	0	0.0	8.527		0	1
0x1ad02c		objc	candidate	low	single	darwin01-dk:darwin01/driverkit-1/libDriver/Kernel/SCSIDiskPrivate.m:319:free	0	0.0	19.682		0	1
0x1ad0fc		objc	candidate	medium	single	darwin01-dk:darwin01/driverkit-1/libDriver/Kernel/SCSIDiskPrivate.m:430:sdInquiry:	25.912	0.0	27.763	%s: bad DMA Transfer count (%d;IOFree;IOLog;IOVmTaskSelf;bzero	0	1
0x1ad278		objc	candidate	medium	single	darwin01-dk:darwin01/driverkit-1/libDriver/Kernel/SCSIDiskPrivate.m:526:sdReadCapacity:	13.938	0.0	15.789	IOFree;IOVmTaskSelf;bzero	0	1
0x1ad3a8		objc	candidate	medium	single	darwin01-dk:darwin01/driverkit-1/libDriver/Kernel/SCSIDiskPrivate.m:610:sdModeSense:	13.938	0.0	15.789	IOFree;IOVmTaskSelf;bzero	0	1
0x1ad4cc		objc	unmapped	unknown	single		0.0	0.0	8.016		0	0
0x1ad548		objc	unmapped	unknown	single		0.0	0.0	5.459		0	0
0x1ad61c		objc	unmapped	unknown	single		0.0	0.0	13.131		0	0
0x1ad774		objc	candidate	low	single	darwin01-dk:darwin01/driverkit-1/libDriver/Kernel/SCSIDiskPrivate.m:842:enqueueSdBuf:	0	0.0	1.851		0	1
0x1ad828		objc	candidate	medium	single	darwin01-dk:darwin01/driverkit-1/libDriver/Kernel/SCSIDiskPrivate.m:884:allocSdBuf:	7.8	0.0	9.651	IOMalloc;bzero	0	1
0x1ad880		objc	candidate	low	single	darwin01-dk:darwin01/driverkit-1/libDriver/Kernel/SCSIDiskPrivate.m:898:freeSdBuf:	4.164	0.0	6.015	IOFree	0	1
0x1ad8b0		objc	candidate	medium	single	darwin01-dk:darwin01/driverkit-1/libDriver/Kernel/SCSIDiskThread.m:67:doSdBuf:	68.543	0.0	138.14	%s: %s : FATAL ERROR\n;%s: %s; FATAL.\n;%s: %s; Retrying.\n;%s: BUSY STATUS; FATAL.\n;%s: BUSY STATUS; Retrying.\n;%s: NOT READY; Retrying.\n;IOFindNameForValue;IOLog;IOSleep	0	1
0x1adf7c	_sdIoThread	named	candidate	low	single	darwin01-dk:darwin01/driverkit-1/libDriver/Kernel/SCSIDiskThread.m:707:sdIoThread	7.775	0.0	9.626	volCheckRequest	2	1
0x1ae094		unnamed	candidate	medium	single	darwin01-dk:darwin01/driverkit-1/libDriver/Kernel/SCSIDiskThread.m:769:sdThreadDequeue	25.732	0	27.583	IOExitThread;IOLog;sdThreadDequeue: Empty queue!\n;volCheckEjecting	0	3
0x1ae348		objc	unmapped	unknown	single		0.0	0.0	83.007		0	0
0x1ae488		objc	unmapped	unknown	single		0.0	0.0	0		0	0
0x1ae510		objc	unmapped	unknown	single		0.0	0.0	5.459		0	0
0x1ae600		objc	candidate	medium	single	darwin01-dk:darwin01/driverkit-1/libDriver/Kernel/SCSIDiskThread.m:576:reqSense:	13.938	0.0	15.789	IOFree;IOVmTaskSelf;bzero	0	1
0x1ae6f8		objc	candidate	low	single	darwin01-dk:darwin01/driverkit-1/libDriver/Kernel/SCSIDiskThread.m:635:sdIoComplete:	0	0.0	1.851		0	1
0x1ae74c		objc	candidate	low	single	darwin01-dk:darwin01/driverkit-1/libDriver/Kernel/SCSIDiskThread.m:671:unlockIoQLock	5.524	0.0	7.375	thread_block	0	1
0x1ae7c8		objc	candidate	low	single	darwin01-dk:darwin01/driverkit-1/libDriver/Kernel/SCSIGeneric.m:60:deviceStyle	0	0.0	0		0	1
0x1ae7d4		objc	candidate	low	single	darwin01-dk:darwin01/driverkit-1/libDriver/Kernel/SCSIGeneric.m:73:requiredProtocols	0	0.0	0		0	1
0x1ae7e0		objc	candidate	low	single	darwin01-dk:darwin01/driverkit-1/libDriver/Kernel/SCSIGeneric.m:84:probe:	0	0.0	1.851		0	1
0x1ae854		objc	unmapped	unknown	single		0.0	0.0	23.997		0	0
0x1ae92c		objc	candidate	low	single	darwin01-dk:darwin01/driverkit-1/libDriver/Kernel/SCSIGeneric.m:130:target	0	0.0	0		0	1
0x1ae940		objc	candidate	low	single	darwin01-dk:darwin01/driverkit-1/libDriver/Kernel/SCSIGeneric.m:135:lun	0	0.0	0		0	1
0x1ae954		objc	candidate	low	single	darwin01-dk:darwin01/driverkit-1/libDriver/Kernel/SCSIGeneric.m:140:SCSI3_target	0	0.0	0		0	1
0x1ae96c		objc	candidate	low	single	darwin01-dk:darwin01/driverkit-1/libDriver/Kernel/SCSIGeneric.m:145:SCSI3_lun	0	0.0	0		0	1
0x1ae984		objc	candidate	low	single	darwin01-dk:darwin01/driverkit-1/libDriver/Kernel/SCSIGeneric.m:157:acquire:	0	0.0	1.851		0	1
0x1ae9e4		objc	candidate	medium	single	darwin01-dk:darwin01/driverkit-1/libDriver/Kernel/SCSIGeneric.m:175:release:	11.974	0.0	13.824	%s: bogus close call\n;IOLog	0	1
0x1aea64		objc	unmapped	unknown	single		0.0	0.0	1.851		0	0
0x1aeb34		objc	unmapped	unknown	single		0.0	0.0	1.851		0	0
0x1aec08		objc	candidate	medium	single	darwin01-dk:darwin01/driverkit-1/libDriver/Kernel/SCSIGeneric.m:271:setController:	19.507	0.0	21.358	IOGetObjectForDeviceName;sc%d;sprintf	0	1
0x1aec78		objc	candidate	low	single	darwin01-dk:darwin01/driverkit-1/libDriver/Kernel/SCSIGeneric.m:299:enableAutoSense	0	0.0	0		0	1
0x1aec8c		objc	candidate	low	single	darwin01-dk:darwin01/driverkit-1/libDriver/Kernel/SCSIGeneric.m:305:disableAutoSense	0	0.0	0		0	1
0x1aeca0		objc	candidate	low	single	darwin01-dk:darwin01/driverkit-1/libDriver/Kernel/SCSIGeneric.m:311:autoSense	0	0.0	0		0	1
0x1aecb4		objc	unmapped	unknown	single		0.0	0.0	19.99		0	0
0x1aedb0		objc	unmapped	unknown	single		0.0	0.0	19.99		0	0
0x1aeea4		objc	unmapped	unknown	single		0.0	0.0	1.851		0	0
0x1aeec4		objc	candidate	low	single	darwin01-dk:darwin01/driverkit-1/libDriver/Kernel/SCSIGeneric.m:434:controller	0	0.0	0		0	1
0x1aeed4		objc	candidate	medium	single	darwin01-dk:darwin01/driverkit-1/libDriver/Kernel/SCSIGeneric.m:450:getSense:	13.938	0.0	15.789	IOFree;IOVmTaskSelf;bzero	0	1
0x1aefd4		objc	candidate	medium	single	darwin01-dk:darwin01/driverkit-1/libDriver/Kernel/SCSIGeneric.m:495:clearReservation	11.974	0.0	13.824	%s: clearReservation, no valid;IOLog	0	1
0x1af058		objc	unmapped	unknown	single		0.0	0.0	0		0	0
0x1af064		objc	candidate	low	single	darwin01-dk:darwin01/driverkit-1/libDriver/Kernel/IODisplay.m:54:devicePort	0	0.0	1.851		0	1
0x1af08c		objc	unmapped	unknown	single		0.0	0.0	0		0	0
0x1af098		objc	unmapped	unknown	single		0.0	0.0	0		0	0
0x1af0a4		objc	unmapped	unknown	single		0.0	0.0	0		0	0
0x1af0b0		objc	unmapped	unknown	single		0.0	0.0	0		0	0
0x1af0bc		objc	unmapped	unknown	single		0.0	0.0	0		0	0
0x1af0cc		objc	unmapped	unknown	single		0.0	0.0	0		0	0
0x1af0dc		objc	unmapped	unknown	single		0.0	0.0	0		0	0
0x1af0f0		objc	unmapped	unknown	single		0.0	0.0	28.487		0	0
0x1af194		objc	unmapped	unknown	single		0.0	0.0	10.808		0	0
0x1af240		objc	candidate	medium	single	darwin01-dk:darwin01/driverkit-1/libDriver/Kernel/EventDriver.m:145:init	33.5	0.0	58.809	IOForkThread;IOGetKernPort;IOSetThreadPolicy;IOSetThreadPriority;task_self	0	1
0x1af42c		objc	unmapped	unknown	single		0.0	0.0	97.436		0	0
0x1afbdc		objc	unmapped	unknown	single		0.0	0.0	152.782		0	0
0x1b02d0		objc	candidate	low	single	darwin01-dk:darwin01/driverkit-1/libDriver/Kernel/EventDriver.m:1168:initShmem	0	0.0	5.635		0	1
0x1b04b8		objc	unmapped	unknown	single		0.0	0.0	26.366		0	0
0x1b0858		unnamed	candidate	medium	single	darwin01-dk:darwin01/driverkit-1/libDriver/Kernel/EventDriver.m:1823:EventListener	72.047	0	73.897	%s: error on msg_receive (%d)\n;%s: error on msg_send (%d)\n;%s: invalid message ID %d\n;%s: reply msg overflow (%d > %;Event_server;IOExitThread;IOFree;IOLog;IOMalloc;msg_receive;msg_send	0	6
0x1b0ab8		objc	candidate	medium	single	darwin01-dk:darwin01/driverkit-1/libDriver/Kernel/EventDriver.m:112:probe:	16.936	0.0	18.787	event;event0	0	1
0x1b0b58		objc	candidate	low	single	darwin01-dk:darwin01/driverkit-1/libDriver/Kernel/EventDriver.m:129:deviceStyle	0	0.0	0		0	1
0x1b0b64		objc	candidate	low	single	darwin01-dk:darwin01/driverkit-1/libDriver/Kernel/EventDriver.m:137:instance	0	0.0	0		0	1
0x1b0b70		objc	candidate	low	single	darwin01-dk:darwin01/driverkit-1/libDriver/Kernel/EventDriver.m:241:free	5.696	0.0	24.926	task_self	0	1
0x1b0c2c		objc	candidate	low	single	darwin01-dk:darwin01/driverkit-1/libDriver/Kernel/EventDriver.m:267:evOpen:token:	0	0.0	1.851		0	1
0x1b0cd0		objc	candidate	low	single	darwin01-dk:darwin01/driverkit-1/libDriver/Kernel/EventDriver.m:300:evClose:token:	4.164	0.0	6.015	IOFree	0	1
0x1b0e0c		objc	unmapped	unknown	single		0.0	0.0	13.75		0	0
0x1b0ee8		objc	unmapped	unknown	single		0.0	0.0	5.385		0	0
0x1b0fc4		objc	unmapped	unknown	single		0.0	0.0	5.385		0	0
0x1b108c		objc	candidate	low	single	darwin01-dk:darwin01/driverkit-1/libDriver/Kernel/EventDriver.m:858:_resetMouseParameters	0	0.0	9.22		0	1
0x1b11bc		objc	candidate	low	single	darwin01-dk:darwin01/driverkit-1/libDriver/Kernel/EventDriver.m:897:_resetKeyboardParameters	0	0.0	9.22		0	1
0x1b123c		objc	unmapped	unknown	single		0.0	0.0	3.498		0	0
0x1b12e4		objc	candidate	low	single	darwin01-dk:darwin01/driverkit-1/libDriver/Kernel/EventDriver.m:960:unregisterScreen:	0	0.0	1.851		0	1
0x1b13dc		objc	candidate	medium	single	darwin01-dk:darwin01/driverkit-1/libDriver/Kernel/EventDriver.m:1009:evSetScreen:	7.8	0.0	7.8	IOMalloc;bzero	0	1
0x1b1538		objc	candidate	low	single	darwin01-dk:darwin01/driverkit-1/libDriver/Kernel/EventDriver.m:1062:workspaceBounds	0	0.0	0		0	1
0x1b1548		objc	unmapped	unknown	single		0.0	0.0	22.293		0	0
0x1b16a0		objc	unmapped	unknown	single		0.0	0.0	22.293		0	0
0x1b17a0		objc	candidate	medium	single	darwin01-dk:darwin01/driverkit-1/libDriver/Kernel/EventDriver.m:1242:setEventPort:	17.95	0.0	17.95	IOGetKernPort;IOMalloc;port_request_notification	0	1
0x1b182c		objc	unmapped	unknown	single		0.0	0.0	0		0	0
0x1b1860		objc	candidate	low	single	darwin01-dk:darwin01/driverkit-1/libDriver/Kernel/EventDriver.m:1284:specialKeyPort:	0	0.0	0		0	1
0x1b1880		objc	candidate	low	single	darwin01-dk:darwin01/driverkit-1/libDriver/Kernel/EventDriver.m:1292:ev_port	0	0.0	0		0	1
0x1b1890		objc	candidate	low	single	darwin01-dk:darwin01/driverkit-1/libDriver/Kernel/EventDriver.m:1297:evs_port	0	0.0	0		0	1
0x1b18a0		objc	unmapped	unknown	single		0.0	0.0	9.541		0	0
0x1b1924		objc	candidate	medium	single	darwin01-dk:darwin01/driverkit-1/libDriver/Kernel/EventDriver.m:1354:_performSpecialKeyMsg:	21.833	0.0	23.684	%s: _performSpecialKeyMsg msg_;IOFree;IOLog;msg_send	0	1
0x1b19a4		objc	candidate	low	single	darwin01-dk:darwin01/driverkit-1/libDriver/Kernel/EventDriver.m:1387:evDispatch:command:	0	0.0	1.851		0	1
0x1b1a9c		objc	candidate	low	single	darwin01-dk:darwin01/driverkit-1/libDriver/Kernel/EventDriver.m:1567:kickEventConsumer	0	0.0	1.851		0	1
0x1b1b14		objc	candidate	medium	single	darwin01-dk:darwin01/driverkit-1/libDriver/Kernel/EventDriver.m:1596:_performKickEventConsumer:	17.669	0.0	19.52	%s: _performKickEventConsumer ;IOLog;msg_send	0	1
0x1b1b8c		objc	unmapped	unknown	single		0.0	0.0	1.851		0	0
0x1b1bc0		objc	unmapped	unknown	single		0.0	0.0	1.851		0	0
0x1b1bfc		objc	candidate	medium	single	darwin01-dk:darwin01/driverkit-1/libDriver/Kernel/EventDriver.m:1664:_doPerformInIOThread:	24.921	0.0	26.772	%s: _doPerformInIOThread: [%s];IOLog;object_getClassName;sel_getName	0	1
0x1b1c80		objc	unmapped	unknown	single		0.0	0.0	19.654		0	0
0x1b1d90		objc	candidate	medium	single	darwin01-dk:darwin01/driverkit-1/libDriver/Kernel/EventDriver.m:1764:_ioOpHandler:	21.31	0.0	23.161	EventDriver: Bogus opBuf.op;IOExitThread;IOPanic	0	1
0x1b1e1c		objc	candidate	medium	single	darwin01-dk:darwin01/driverkit-1/libDriver/Kernel/EventInput.m:151:periodicEvents	18.177	0.0	20.028	IOGetTimestamp;ev_try_lock;ev_unlock	0	1
0x1b1fe0		objc	candidate	medium	single	darwin01-dk:darwin01/driverkit-1/libDriver/Kernel/EventInput.m:1021:_setCursorPosition:atTime:	12.542	0.0	14.393	ev_try_lock;ev_unlock	0	1
0x1b2290		objc	candidate	medium	single	darwin01-dk:darwin01/driverkit-1/libDriver/Kernel/EventInput.m:100:runPeriodicEvent:	13.471	0.0	13.471	ns_abstimeout;ns_untimeout	0	1
0x1b22d4		objc	candidate	low	single	darwin01-dk:darwin01/driverkit-1/libDriver/Kernel/EventInput.m:123:scheduleNextPeriodicEvent	5.635	0.0	7.486	IOGetTimestamp	0	1
0x1b2390		objc	candidate	low	single	darwin01-dk:darwin01/driverkit-1/libDriver/Kernel/EventInput.m:224:startCursor	0	0.0	1.851		0	1
0x1b248c		objc	candidate	low	single	darwin01-dk:darwin01/driverkit-1/libDriver/Kernel/EventInput.m:256:showWaitCursor	0	0.0	1.851		0	1
0x1b2500		objc	candidate	low	single	darwin01-dk:darwin01/driverkit-1/libDriver/Kernel/EventInput.m:266:hideWaitCursor	0	0.0	1.851		0	1
0x1b2554		objc	candidate	low	single	darwin01-dk:darwin01/driverkit-1/libDriver/Kernel/EventInput.m:275:animateWaitCursor	0	0.0	1.851		0	1
0x1b25a0		objc	candidate	low	single	darwin01-dk:darwin01/driverkit-1/libDriver/Kernel/EventInput.m:283:changeCursor:	0	0.0	1.851		0	1
0x1b25d8		objc	candidate	low	single	darwin01-dk:darwin01/driverkit-1/libDriver/Kernel/EventInput.m:294:pointToScreen:	0	0.0	0		0	1
0x1b2654		objc	candidate	low	single	darwin01-dk:darwin01/driverkit-1/libDriver/Kernel/EventInput.m:315:setBrightness:	0	0.0	1.851		0	1
0x1b26a0		objc	candidate	low	single	darwin01-dk:darwin01/driverkit-1/libDriver/Kernel/EventInput.m:330:brightness	0	0.0	0		0	1
0x1b26b0		objc	candidate	low	single	darwin01-dk:darwin01/driverkit-1/libDriver/Kernel/EventInput.m:336:setAutoDimBrightness:	0	0.0	1.851		0	1
0x1b26fc		objc	candidate	low	single	darwin01-dk:darwin01/driverkit-1/libDriver/Kernel/EventInput.m:351:autoDimBrightness	0	0.0	0		0	1
0x1b270c		objc	candidate	low	single	darwin01-dk:darwin01/driverkit-1/libDriver/Kernel/EventInput.m:357:currentBrightness	0	0.0	0		0	1
0x1b2734		objc	candidate	low	single	darwin01-dk:darwin01/driverkit-1/libDriver/Kernel/EventInput.m:365:doAutoDim	0	0.0	1.851		0	1
0x1b2758		objc	candidate	low	single	darwin01-dk:darwin01/driverkit-1/libDriver/Kernel/EventInput.m:373:undoAutoDim	0	0.0	1.851		0	1
0x1b277c		objc	candidate	low	single	darwin01-dk:darwin01/driverkit-1/libDriver/Kernel/EventInput.m:380:forceAutoDimState:	0	0.0	1.851		0	1
0x1b27f4		objc	candidate	low	single	darwin01-dk:darwin01/driverkit-1/libDriver/Kernel/EventInput.m:408:setAudioVolume:	0	0.0	0		0	1
0x1b281c		objc	candidate	low	single	darwin01-dk:darwin01/driverkit-1/libDriver/Kernel/EventInput.m:421:setUserAudioVolume:	0	0.0	1.851		0	1
0x1b2858		objc	candidate	low	single	darwin01-dk:darwin01/driverkit-1/libDriver/Kernel/EventInput.m:432:audioVolume	0	0.0	0		0	1
0x1b2868		objc	candidate	low	single	darwin01-dk:darwin01/driverkit-1/libDriver/Kernel/EventInput.m:442:setBrightness	0	0.0	1.851		0	1
0x1b28a4		objc	candidate	low	single	darwin01-dk:darwin01/driverkit-1/libDriver/Kernel/EventInput.m:450:showCursor	0	0.0	1.851		0	1
0x1b28c4		objc	candidate	low	single	darwin01-dk:darwin01/driverkit-1/libDriver/Kernel/EventInput.m:454:hideCursor	0	0.0	1.851		0	1
0x1b28e4		objc	candidate	low	single	darwin01-dk:darwin01/driverkit-1/libDriver/Kernel/EventInput.m:458:moveCursor	0	0.0	1.851		0	1
0x1b2904		objc	candidate	medium	single	darwin01-dk:darwin01/driverkit-1/libDriver/Kernel/EventInput.m:468:attachDefaultEventSources	8.468	0.0	10.319	defaultEventSources	0	1
0x1b2940		objc	candidate	medium	single	darwin01-dk:darwin01/driverkit-1/libDriver/Kernel/EventInput.m:481:attachEventSource:	42.755	0.0	44.606	%s: %s does not respond to pro;%s: %s: no such class.\n;%s: becomeOwner of %s failed\n;%s: probe of %s failed\n;IOLog;objc_getClass	0	1
0x1b2a38		objc	candidate	low	single	darwin01-dk:darwin01/driverkit-1/libDriver/Kernel/EventInput.m:516:detachEventSources	4.164	0.0	6.015	IOFree	0	1
0x1b2b0c		objc	candidate	medium	single	darwin01-dk:darwin01/driverkit-1/libDriver/Kernel/EventInput.m:548:registerEventSource:	7.8	0.0	9.651	IOMalloc;bzero	0	1
0x1b2bac		objc	unmapped	unknown	single		0.0	0.0	0		0	0
0x1b2bc8		objc	unmapped	unknown	single		0.0	0.0	13.131		0	0
0x1b2c2c		objc	candidate	low	single	darwin01-dk:darwin01/driverkit-1/libDriver/Kernel/EventInput.m:609:relativePointerEvent:deltaX:deltaY:	5.635	0.0	7.486	IOGetTimestamp	0	1
0x1b2c6c		objc	unmapped	unknown	single		0.0	0.0	1.851		0	0
0x1b2d54		objc	unmapped	unknown	single		0.0	0.0	7.486		0	0
0x1b2e14		objc	unmapped	unknown	single		0.0	0.0	7.486		0	0
0x1b2e60		objc	unmapped	unknown	single		0.0	0.0	5.459		0	0
0x1b2fdc		objc	unmapped	unknown	single		0.0	0.0	1.851		0	0
0x1b30a0		objc	unmapped	unknown	single		0.0	0.0	5.459		0	0
0x1b3298		objc	candidate	low	single	darwin01-dk:darwin01/driverkit-1/libDriver/Kernel/EventInput.m:919:updateEventFlags:	0	0.0	1.851		0	1
0x1b32fc		objc	candidate	low	single	darwin01-dk:darwin01/driverkit-1/libDriver/Kernel/EventInput.m:932:eventFlags	0	0.0	1.851		0	1
0x1b334c		objc	candidate	low	single	darwin01-dk:darwin01/driverkit-1/libDriver/Kernel/EventInput.m:946:_setButtonState:atTime:	0	0.0	1.851		0	1
0x1b343c		objc	candidate	low	single	darwin01-dk:darwin01/driverkit-1/libDriver/Kernel/EventInput.m:1001:setCursorPosition:	0	0.0	7.486		0	1
0x1b34a0		unnamed	candidate	low	single	darwin01-dk:darwin01/driverkit-1/libDriver/Kernel/EventDriver.m:89:nsecs_to_packed_ns	0	0	1.851		0	16
0x1b34c0	_EvGetParameterInt	named	candidate	low	single	darwin01-dk:darwin01/driverkit-1/libDriver/Kernel/EventIO.m:56:EvGetParameterInt	0	0.0	1.851		0	1
0x1b3524	_EvGetParameterChar	named	candidate	low	single	darwin01-dk:darwin01/driverkit-1/libDriver/Kernel/EventIO.m:83:EvGetParameterChar	0	0.0	1.851		0	1
0x1b3588	_EvSetParameterInt	named	candidate	low	single	darwin01-dk:darwin01/driverkit-1/libDriver/Kernel/EventIO.m:110:EvSetParameterInt	5.578	0.0	15.204	strncmp	0	1
0x1b3604	_EvSetParameterChar	named	candidate	low	single	darwin01-dk:darwin01/driverkit-1/libDriver/Kernel/EventIO.m:131:EvSetParameterChar	5.578	0.0	15.204	strncmp	0	1
0x1b3680	_EvOpen	named	candidate	low	single	darwin01-dk:darwin01/driverkit-1/libDriver/Kernel/EventIO.m:160:EvOpen	0	0.0	1.851		0	1
0x1b36b4	_EvClose	named	candidate	low	single	darwin01-dk:darwin01/driverkit-1/libDriver/Kernel/EventIO.m:167:EvClose	0	0.0	1.851		0	1
0x1b36e8	_EvSetSpecialKeyPort	named	candidate	low	single	darwin01-dk:darwin01/driverkit-1/libDriver/Kernel/EventIO.m:174:EvSetSpecialKeyPort	0	0.0	1.851		0	1
0x1b3720	_EvMapEventShmem	named	candidate	low	single	darwin01-dk:darwin01/driverkit-1/libDriver/Kernel/EventIO.m:188:EvMapEventShmem	0	0.0	1.851		0	1
0x1b375c	_EvFrameBufferDevicePort	named	candidate	low	single	darwin01-dk:darwin01/driverkit-1/libDriver/Kernel/EventIO.m:201:EvFrameBufferDevicePort	0	0.0	1.851		0	1
0x1b3798	_EventCoalesceDisplayCmd	named	candidate	low	single	darwin01-dk:darwin01/driverkit-1/libDriver/Kernel/EventIO.m:218:EventCoalesceDisplayCmd	0	0.0	0		0	1
0x1b37bc		objc	candidate	low	single	darwin01-dk:darwin01/driverkit-1/libDriver/Kernel/IOEventSource.m:59:registerEventSource:	0	0.0	1.851		0	1
0x1b37ec		objc	candidate	low	single	darwin01-dk:darwin01/driverkit-1/libDriver/Kernel/IOEventSource.m:67:init	0	0.0	5.385		0	1
0x1b3868		objc	candidate	low	single	darwin01-dk:darwin01/driverkit-1/libDriver/Kernel/IOEventSource.m:79:free	0	0.0	5.385		0	1
0x1b38b0		objc	candidate	low	single	darwin01-dk:darwin01/driverkit-1/libDriver/Kernel/IOEventSource.m:89:owner	0	0.0	0		0	1
0x1b38c0		objc	candidate	low	single	darwin01-dk:darwin01/driverkit-1/libDriver/Kernel/IOEventSource.m:94:ownerLock	0	0.0	0		0	1
0x1b38d0		objc	candidate	low	single	darwin01-dk:darwin01/driverkit-1/libDriver/Kernel/IOEventSource.m:108:becomeOwner:	3.505	0.0	13.824	IOLog	0	1
0x1b3988		objc	candidate	low	single	darwin01-dk:darwin01/driverkit-1/libDriver/Kernel/IOEventSource.m:147:relinquishOwnership:	3.505	0.0	13.824	IOLog	0	1
0x1b3a44		objc	candidate	low	single	darwin01-dk:darwin01/driverkit-1/libDriver/Kernel/IOEventSource.m:187:desireOwnership:	0	0.0	1.851		0	1
0x1b3aa4		objc	unmapped	unknown	single		0.0	0.0	3.608		0	0
0x1b3f6c		objc	unmapped	unknown	single		0.0	0.0	7.375		0	0
0x1b4430		objc	unmapped	unknown	single		0.0	0.0	5.385		0	0
0x1b44c0		objc	unmapped	unknown	single		0.0	0.0	9.513		0	0
0x1b457c		objc	candidate	low	single	darwin01-dk:darwin01/driverkit-1/libDriver/Kernel/KeyMap.m:85:keyMapping:	0	0.0	0		0	1
0x1b459c		objc	candidate	low	single	darwin01-dk:darwin01/driverkit-1/libDriver/Kernel/KeyMap.m:92:keyMappingLength	0	0.0	0		0	1
0x1b45ac		objc	candidate	low	single	darwin01-dk:darwin01/driverkit-1/libDriver/Kernel/KeyMap.m:97:free	4.164	0.0	9.549	IOFree	0	1
0x1b464c		objc	candidate	medium	single	darwin01-dk:darwin01/driverkit-1/libDriver/Kernel/KeyMap.m:114:setDelegate:	10.182	0.0	20.501	IOLog;object_getClassName	0	1
0x1b4694		objc	candidate	low	single	darwin01-dk:darwin01/driverkit-1/libDriver/Kernel/KeyMap.m:125:delegate	0	0.0	0		0	1
0x1b46a4		objc	unmapped	unknown	single		0.0	0.0	1.851		0	0
0x1b47a8		objc	unmapped	unknown	single		0.0	0.0	1.851		0	0
0x1b4994		objc	candidate	low	single	darwin01-dk:darwin01/driverkit-1/libDriver/Kernel/KeyMap.m:424:_doModCalc:keyBits:	0	0.0	1.851		0	1
0x1b4a34		objc	candidate	low	single	darwin01-dk:darwin01/driverkit-1/libDriver/Kernel/IOAudio.m:395:_commandOccurred	0	0.0	1.851		0	1
0x1b4db8		objc	candidate	low	single	darwin01-dk:darwin01/driverkit-1/libDriver/Kernel/IOAudio.m:597:_attemptToStartDMAForChannel:channelStatus:	5.635	0.0	7.486	IOGetTimestamp	0	1
0x1b4ffc		objc	unmapped	unknown	single		0.0	0.0	12.438		0	0
0x1b54c8		objc	unmapped	unknown	single		0.0	0.0	12.438		0	0
0x1b58e8		objc	candidate	medium	single	darwin01-dk:darwin01/driverkit-1/libDriver/Kernel/IOAudio.m:1615:initFromDeviceDescription:	144.258	0.0	202.053	%s at dma channel %d irq %d\n;%s at dma channels %d and %d i;Audio: no configTable\n;Audio: no kernel server instan;Audio: no kernel server instan;Audio: replacing previously re;IOConvertPort;IOForkThread;IOLog;IOMalloc;IOSetThreadPolicy;IOSetThreadPriority;KernelServerInstance;Server Name;audioKernSe	0	1
0x1b5d68		unnamed	candidate	medium	single	darwin01-dk:darwin01/driverkit-1/libDriver/Kernel/IOAudio.m:2025:ioThread	32.591	15.654	34.442	%s: %s thread: msg_receive ret;Audio: unknown message id %d\n;IOExitThread;IOLog;msg_receive	0	5
0x1b5eb0		unnamed	candidate	medium	single	darwin01-dk:darwin01/driverkit-1/libDriver/Kernel/IOAudio.m:2073:keyThread	64.672	15.654	85.466	Audio: SetSpecialKeyPort error;Audio: keyThread msg_receive e;Audio: objc_lookUpClass failur;Audio: unknown msg id %d in ke;EventDriver;IOExitThread;IOLog;msg_receive;objc_lookUpClass	0	5
0x1b5fe8		objc	candidate	low	single	darwin01-dk:darwin01/driverkit-1/libDriver/Kernel/IOAudio.m:174:_addChannel:	0	0.0	1.851		0	1
0x1b6040		objc	candidate	low	single	darwin01-dk:darwin01/driverkit-1/libDriver/Kernel/IOAudio.m:185:_channelForUserPort:	0	0.0	1.851		0	1
0x1b60a4		objc	candidate	low	single	darwin01-dk:darwin01/driverkit-1/libDriver/Kernel/IOAudio.m:201:_channelForExclusivePort:	0	0.0	1.851		0	1
0x1b6108		objc	candidate	low	single	darwin01-dk:darwin01/driverkit-1/libDriver/Kernel/IOAudio.m:217:_inputChannelForSndPort:	0	0.0	1.851		0	1
0x1b6190		objc	candidate	low	single	darwin01-dk:darwin01/driverkit-1/libDriver/Kernel/IOAudio.m:233:_outputChannelForSndPort:	0	0.0	1.851		0	1
0x1b6218		objc	candidate	low	single	darwin01-dk:darwin01/driverkit-1/libDriver/Kernel/IOAudio.m:246:_setInstance:	0	0.0	0		0	1
0x1b6228		objc	candidate	low	single	darwin01-dk:darwin01/driverkit-1/libDriver/Kernel/IOAudio.m:251:_instance	0	0.0	0		0	1
0x1b6234		objc	candidate	low	single	darwin01-dk:darwin01/driverkit-1/libDriver/Kernel/IOAudio.m:256:_inputChannel	0	0.0	0		0	1
0x1b6244		objc	candidate	low	single	darwin01-dk:darwin01/driverkit-1/libDriver/Kernel/IOAudio.m:260:_outputChannel	0	0.0	0		0	1
0x1b6254		objc	candidate	low	single	darwin01-dk:darwin01/driverkit-1/libDriver/Kernel/IOAudio.m:269:_channelWillAddStream	0	0.0	0		0	1
0x1b6260		objc	candidate	low	single	darwin01-dk:darwin01/driverkit-1/libDriver/Kernel/IOAudio.m:278:_audioCommand	0	0.0	0		0	1
0x1b6270		objc	candidate	low	single	darwin01-dk:darwin01/driverkit-1/libDriver/Kernel/IOAudio.m:286:_setSampleRate:	0	0.0	0		0	1
0x1b6284		objc	candidate	low	single	darwin01-dk:darwin01/driverkit-1/libDriver/Kernel/IOAudio.m:291:_setDataEncoding:	0	0.0	0		0	1
0x1b6298		objc	candidate	low	single	darwin01-dk:darwin01/driverkit-1/libDriver/Kernel/IOAudio.m:299:_setChannelCount:	0	0.0	0		0	1
0x1b62ac		objc	candidate	medium	single	darwin01-dk:darwin01/driverkit-1/libDriver/Kernel/IOAudio.m:304:_dataPendingForChannel:	21.994	0.0	23.845	Audio: data pending msg_send e;IOLog;IOMalloc;msg_send_from_kernel	0	1
0x1b636c		objc	candidate	low	single	darwin01-dk:darwin01/driverkit-1/libDriver/Kernel/IOAudio.m:344:_dataPendingOccurred:	0	0.0	1.851		0	1
0x1b63b8		objc	candidate	low	single	darwin01-dk:darwin01/driverkit-1/libDriver/Kernel/IOAudio.m:356:_interruptOccurred	0	0.0	1.851		0	1
0x1b6474		objc	candidate	low	single	darwin01-dk:darwin01/driverkit-1/libDriver/Kernel/IOAudio.m:554:_setTimeout:	0	0.0	0		0	1
0x1b6488		objc	candidate	low	single	darwin01-dk:darwin01/driverkit-1/libDriver/Kernel/IOAudio.m:562:_timeout	0	0.0	0		0	1
0x1b6498		objc	candidate	low	single	darwin01-dk:darwin01/driverkit-1/libDriver/Kernel/IOAudio.m:567:_devicePortSet	0	0.0	0		0	1
0x1b64a8		objc	candidate	low	single	darwin01-dk:darwin01/driverkit-1/libDriver/Kernel/IOAudio.m:572:_setLastInterruptTimeStamp:	0	0.0	0		0	1
0x1b64cc		objc	candidate	low	single	darwin01-dk:darwin01/driverkit-1/libDriver/Kernel/IOAudio.m:578:_lastInterruptTimeStamp	0	0.0	0		0	1
0x1b64e4		objc	candidate	low	single	darwin01-dk:darwin01/driverkit-1/libDriver/Kernel/IOAudio.m:583:_setOutputStartTime:	0	0.0	0		0	1
0x1b6500		objc	candidate	low	single	darwin01-dk:darwin01/driverkit-1/libDriver/Kernel/IOAudio.m:588:_outputStartTime	0	0.0	0		0	1
0x1b6518		objc	candidate	low	single	darwin01-dk:darwin01/driverkit-1/libDriver/Kernel/IOAudio.m:686:_attemptToStopDMAForChannel:	0	0.0	1.851		0	1
0x1b65ec		objc	candidate	low	single	darwin01-dk:darwin01/driverkit-1/libDriver/Kernel/IOAudio.m:732:_stopDMAForChannel:	0	0.0	1.851		0	1
0x1b66a8		objc	candidate	low	single	darwin01-dk:darwin01/driverkit-1/libDriver/Kernel/IOAudio.m:763:_keyOccurred:event:flags:	0	0.0	1.851		0	1
0x1b6838		objc	candidate	low	single	darwin01-dk:darwin01/driverkit-1/libDriver/Kernel/IOAudio.m:831:_setInputGainLeft:	0	0.0	1.851		0	1
0x1b686c		objc	candidate	low	single	darwin01-dk:darwin01/driverkit-1/libDriver/Kernel/IOAudio.m:837:_setInputGainRight:	0	0.0	1.851		0	1
0x1b68a0		objc	candidate	low	single	darwin01-dk:darwin01/driverkit-1/libDriver/Kernel/IOAudio.m:843:_setOutputMute:	0	0.0	1.851		0	1
0x1b68d4		objc	candidate	low	single	darwin01-dk:darwin01/driverkit-1/libDriver/Kernel/IOAudio.m:849:_setLoudnessEnhanced:	0	0.0	1.851		0	1
0x1b6908		objc	candidate	low	single	darwin01-dk:darwin01/driverkit-1/libDriver/Kernel/IOAudio.m:855:_setOutputAttenuationLeft:	0	0.0	1.851		0	1
0x1b693c		objc	candidate	low	single	darwin01-dk:darwin01/driverkit-1/libDriver/Kernel/IOAudio.m:861:_setOutputAttenuationRight:	0	0.0	1.851		0	1
0x1b6970		objc	candidate	low	single	darwin01-dk:darwin01/driverkit-1/libDriver/Kernel/IOAudio.m:867:_setInputActive:	0	0.0	0		0	1
0x1b6984		objc	candidate	low	single	darwin01-dk:darwin01/driverkit-1/libDriver/Kernel/IOAudio.m:872:_setOutputActive:	0	0.0	0		0	1
0x1b6998		objc	candidate	medium	single	darwin01-dk:darwin01/driverkit-1/libDriver/Kernel/IOAudio.m:877:_setInputFor:to:	11.974	0.0	13.824	Audio: unknown input source: %;IOLog	0	1
0x1b6a8c		objc	candidate	medium	single	darwin01-dk:darwin01/driverkit-1/libDriver/Kernel/IOAudio.m:911:_setOutputFor:to:	11.974	0.0	13.824	Audio: unknown output source: ;IOLog	0	1
0x1b6b80		objc	candidate	low	single	darwin01-dk:darwin01/driverkit-1/libDriver/Kernel/IOAudio.m:946:_analogInputSource	0	0.0	0		0	1
0x1b6bd0		objc	candidate	low	single	darwin01-dk:darwin01/driverkit-1/libDriver/Kernel/IOAudio.m:962:_setAnalogInputSource:	0	0.0	1.851		0	1
0x1b6c4c		objc	unmapped	unknown	single		0.0	0.0	1.851		0	0
0x1b6ca8		objc	unmapped	unknown	single		0.0	0.0	1.851		0	0
0x1b6cec		objc	unmapped	unknown	single		0.0	0.0	12.438		0	0
0x1b6e04		objc	unmapped	unknown	single		0.0	0.0	12.438		0	0
0x1b6f74		objc	candidate	low	single	darwin01-dk:darwin01/driverkit-1/libDriver/Kernel/IOAudio.m:1497:_initAudioHardwareSettings	0	0.0	1.851		0	1
0x1b6fc4		objc	unmapped	unknown	single		0.0	0.0	1.851		0	0
0x1b7020		objc	unmapped	unknown	single		0.0	0.0	1.851		0	0
0x1b707c		objc	candidate	low	single	darwin01-dk:darwin01/driverkit-1/libDriver/Kernel/IOAudio.m:1533:_runExclusiveOutputDMA:	0	0.0	1.851		0	1
0x1b7150		objc	candidate	low	single	darwin01-dk:darwin01/driverkit-1/libDriver/Kernel/IOAudio.m:1565:_runExclusiveInputDMA:	0	0.0	1.851		0	1
0x1b7224		objc	candidate	low	single	darwin01-dk:darwin01/driverkit-1/libDriver/Kernel/IOAudio.m:1600:_exclusiveProgress	0	0.0	0		0	1
0x1b7230		objc	candidate	low	single	darwin01-dk:darwin01/driverkit-1/libDriver/Kernel/IOAudio.m:1610:interruptClearFunc	0	0.0	0		0	1
0x1b723c		objc	candidate	low	single	darwin01-dk:darwin01/driverkit-1/libDriver/Kernel/IOAudio.m:1764:reset	0	0.0	1.851		0	1
0x1b725c		objc	candidate	low	single	darwin01-dk:darwin01/driverkit-1/libDriver/Kernel/IOAudio.m:1773:free	4.164	0.0	9.549	IOFree	0	1
0x1b72ac		objc	candidate	low	single	darwin01-dk:darwin01/driverkit-1/libDriver/Kernel/IOAudio.m:1784:sampleRate	0	0.0	0		0	1
0x1b72bc		objc	candidate	low	single	darwin01-dk:darwin01/driverkit-1/libDriver/Kernel/IOAudio.m:1814:dataEncoding	0	0.0	0		0	1
0x1b7310		objc	candidate	low	single	darwin01-dk:darwin01/driverkit-1/libDriver/Kernel/IOAudio.m:1831:channelCount	0	0.0	0		0	1
0x1b7320		objc	candidate	low	single	darwin01-dk:darwin01/driverkit-1/libDriver/Kernel/IOAudio.m:1836:isInputActive	0	0.0	0		0	1
0x1b7334		objc	candidate	low	single	darwin01-dk:darwin01/driverkit-1/libDriver/Kernel/IOAudio.m:1841:isOutputActive	0	0.0	0		0	1
0x1b7348		objc	unmapped	unknown	single		0.0	0.0	1.851		0	0
0x1b7364		objc	candidate	low	single	darwin01-dk:darwin01/driverkit-1/libDriver/Kernel/IOAudio.m:1857:timeoutOccurred	0	0.0	0		0	1
0x1b736c		objc	unmapped	unknown	single		0.0	0.0	1.851		0	0
0x1b738c		objc	candidate	low	single	darwin01-dk:darwin01/driverkit-1/libDriver/Kernel/IOAudio.m:1872:stopDMAForChannel:read:	0	0.0	1.851		0	1
0x1b73a8		objc	unmapped	unknown	single		0.0	0.0	1.851		0	0
0x1b7404		objc	unmapped	unknown	single		0.0	0.0	1.851		0	0
0x1b7460		objc	candidate	low	single	darwin01-dk:darwin01/driverkit-1/libDriver/Kernel/IOAudio.m:1891:inputGainLeft	0	0.0	0		0	1
0x1b7470		objc	candidate	low	single	darwin01-dk:darwin01/driverkit-1/libDriver/Kernel/IOAudio.m:1896:inputGainRight	0	0.0	0		0	1
0x1b7480		objc	candidate	low	single	darwin01-dk:darwin01/driverkit-1/libDriver/Kernel/IOAudio.m:1901:outputAttenuationLeft	0	0.0	0		0	1
0x1b7490		objc	candidate	low	single	darwin01-dk:darwin01/driverkit-1/libDriver/Kernel/IOAudio.m:1906:outputAttenuationRight	0	0.0	0		0	1
0x1b74a0		objc	candidate	low	single	darwin01-dk:darwin01/driverkit-1/libDriver/Kernel/IOAudio.m:1911:isOutputMuted	0	0.0	0		0	1
0x1b74b4		objc	candidate	low	single	darwin01-dk:darwin01/driverkit-1/libDriver/Kernel/IOAudio.m:1916:isLoudnessEnhanced	0	0.0	0		0	1
0x1b74c8		objc	candidate	low	single	darwin01-dk:darwin01/driverkit-1/libDriver/Kernel/IOAudio.m:1921:updateLoudnessEnhanced	0	0.0	0		0	1
0x1b74d0		objc	candidate	low	single	darwin01-dk:darwin01/driverkit-1/libDriver/Kernel/IOAudio.m:1926:updateInputGainLeft	0	0.0	0		0	1
0x1b74d8		objc	candidate	low	single	darwin01-dk:darwin01/driverkit-1/libDriver/Kernel/IOAudio.m:1931:updateInputGainRight	0	0.0	0		0	1
0x1b74e0		objc	candidate	low	single	darwin01-dk:darwin01/driverkit-1/libDriver/Kernel/IOAudio.m:1936:updateOutputMute	0	0.0	0		0	1
0x1b74e8		objc	candidate	low	single	darwin01-dk:darwin01/driverkit-1/libDriver/Kernel/IOAudio.m:1941:updateOutputAttenuationLeft	0	0.0	0		0	1
0x1b74f0		objc	candidate	low	single	darwin01-dk:darwin01/driverkit-1/libDriver/Kernel/IOAudio.m:1946:updateOutputAttenuationRight	0	0.0	0		0	1
0x1b74f8		objc	candidate	low	single	darwin01-dk:darwin01/driverkit-1/libDriver/Kernel/IOAudio.m:1951:setInput:enable:	0	0.0	0		0	1
0x1b7500		objc	candidate	low	single	darwin01-dk:darwin01/driverkit-1/libDriver/Kernel/IOAudio.m:1955:setOutput:enable:	0	0.0	0		0	1
0x1b7508		objc	candidate	low	single	darwin01-dk:darwin01/driverkit-1/libDriver/Kernel/IOAudio.m:1964:acceptsContinuousSamplingRates	0	0.0	0		0	1
0x1b7514		objc	unmapped	unknown	single		0.0	0.0	0		0	0
0x1b7530		objc	unmapped	unknown	single		0.0	0.0	0		0	0
0x1b7540		objc	unmapped	unknown	single		0.0	0.0	0		0	0
0x1b7550		objc	candidate	low	single	darwin01-dk:darwin01/driverkit-1/libDriver/Kernel/IOAudio.m:1986:channelCountLimit	0	0.0	0		0	1
0x1b755c		objc	unmapped	unknown	single		0.0	0.0	0		0	0
0x1b7588		unnamed	candidate	medium	single	darwin01-dk:darwin01/driverkit-1/libDriver/Kernel/IOAudio.m:143:interruptHandler	14.103	0	14.103	IOGetTimestamp;IOSendInterrupt	0	5
0x1b75d0		objc	candidate	medium	single	darwin01-dk:darwin01/driverkit-1/libDriver/Kernel/AudioChannel.m:543:dequeueDescriptor	34.709	0.0	36.559	audio_add_peak;audio_linear16_peak;audio_linear8_peak;audio_mulaw8_peak;bzero	0	1
0x1b77d0		objc	candidate	low	single	darwin01-dk:darwin01/driverkit-1/libDriver/Kernel/AudioChannel.m:96:addStream:	0	0.0	1.851		0	1
0x1b7828		objc	candidate	low	single	darwin01-dk:darwin01/driverkit-1/libDriver/Kernel/AudioChannel.m:107:removeStream:	0	0.0	1.851		0	1
0x1b784c		objc	candidate	low	single	darwin01-dk:darwin01/driverkit-1/libDriver/Kernel/AudioChannel.m:116:streamForUserPort:	0	0.0	1.851		0	1
0x1b78b0		objc	candidate	low	single	darwin01-dk:darwin01/driverkit-1/libDriver/Kernel/AudioChannel.m:133:streamForOwnerPort:	0	0.0	1.851		0	1
0x1b7914		objc	candidate	low	single	darwin01-dk:darwin01/driverkit-1/libDriver/Kernel/AudioChannel.m:150:initOnDevice:read:	0	0.0	5.385		0	1
0x1b7a4c		objc	candidate	medium	single	darwin01-dk:darwin01/driverkit-1/libDriver/Kernel/AudioChannel.m:221:free	11.974	0.0	15.507	AudioChannel: -free not suppor;IOLog	0	1
0x1b7a84		objc	candidate	low	single	darwin01-dk:darwin01/driverkit-1/libDriver/Kernel/AudioChannel.m:230:descriptorSize	0	0.0	0		0	1
0x1b7a94		objc	candidate	low	single	darwin01-dk:darwin01/driverkit-1/libDriver/Kernel/AudioChannel.m:238:setDescriptorSize:	0	0.0	1.851		0	1
0x1b7ae8		objc	candidate	low	single	darwin01-dk:darwin01/driverkit-1/libDriver/Kernel/AudioChannel.m:254:dmaSize	0	0.0	0		0	1
0x1b7af8		objc	candidate	low	single	darwin01-dk:darwin01/driverkit-1/libDriver/Kernel/AudioChannel.m:259:setDMASize:	0	0.0	0		0	1
0x1b7b08		objc	candidate	low	single	darwin01-dk:darwin01/driverkit-1/libDriver/Kernel/AudioChannel.m:264:dmaCount	0	0.0	0		0	1
0x1b7b18		objc	candidate	low	single	darwin01-dk:darwin01/driverkit-1/libDriver/Kernel/AudioChannel.m:269:isRead	0	0.0	0		0	1
0x1b7b28		objc	candidate	low	single	darwin01-dk:darwin01/driverkit-1/libDriver/Kernel/AudioChannel.m:277:enqueueCount	0	0.0	0		0	1
0x1b7b38		objc	candidate	medium	single	darwin01-dk:darwin01/driverkit-1/libDriver/Kernel/AudioChannel.m:286:createChannelBuffer	19.056	0.0	20.906	Audio: no memory for allocatin;IOLog;alloc_cnvmem	0	1
0x1b7c68		objc	candidate	medium	single	darwin01-dk:darwin01/driverkit-1/libDriver/Kernel/AudioChannel.m:383:initializeFreeQueue	11.964	0.0	11.964	IOFree;IOMalloc;bzero	0	1
0x1b7d34		objc	candidate	low	single	darwin01-dk:darwin01/driverkit-1/libDriver/Kernel/AudioChannel.m:461:destroyChannelBuffer	0	0.0	0		0	1
0x1b7d3c		objc	unmapped	unknown	single		0.0	0.0	1.851		0	0
0x1b7eb4		objc	candidate	low	single	darwin01-dk:darwin01/driverkit-1/libDriver/Kernel/AudioChannel.m:620:channelBuffer	0	0.0	0		0	1
0x1b7ec4		objc	candidate	low	single	darwin01-dk:darwin01/driverkit-1/libDriver/Kernel/AudioChannel.m:625:channelBufferAddress	0	0.0	0		0	1
0x1b7ed4		objc	candidate	low	single	darwin01-dk:darwin01/driverkit-1/libDriver/Kernel/AudioChannel.m:630:freeDescriptors	0	0.0	1.851		0	1
0x1b7f14		objc	candidate	low	single	darwin01-dk:darwin01/driverkit-1/libDriver/Kernel/AudioChannel.m:642:setLocalChannel:	0	0.0	0		0	1
0x1b7f24		objc	candidate	low	single	darwin01-dk:darwin01/driverkit-1/libDriver/Kernel/AudioChannel.m:647:localChannel	0	0.0	0		0	1
0x1b7f34		objc	candidate	low	single	darwin01-dk:darwin01/driverkit-1/libDriver/Kernel/AudioChannel.m:655:setUserChannelPort:	0	0.0	0		0	1
0x1b7f44		objc	candidate	low	single	darwin01-dk:darwin01/driverkit-1/libDriver/Kernel/AudioChannel.m:660:userChannelPort	0	0.0	0		0	1
0x1b7f54		objc	candidate	low	single	darwin01-dk:darwin01/driverkit-1/libDriver/Kernel/AudioChannel.m:664:setUserSndPort:	0	0.0	0		0	1
0x1b7f64		objc	candidate	low	single	darwin01-dk:darwin01/driverkit-1/libDriver/Kernel/AudioChannel.m:669:userSndPort	0	0.0	0		0	1
0x1b7f74		objc	candidate	low	single	darwin01-dk:darwin01/driverkit-1/libDriver/Kernel/AudioChannel.m:679:streamUserForOwnerPort:	0	0.0	1.851		0	1
0x1b7fe0		objc	candidate	low	single	darwin01-dk:darwin01/driverkit-1/libDriver/Kernel/AudioChannel.m:695:removeSndStreams	0	0.0	1.851		0	1
0x1b80ec		objc	candidate	low	single	darwin01-dk:darwin01/driverkit-1/libDriver/Kernel/AudioChannel.m:719:setExclusiveUser:	0	0.0	1.851		0	1
0x1b8174		objc	candidate	low	single	darwin01-dk:darwin01/driverkit-1/libDriver/Kernel/AudioChannel.m:737:exclusiveUser	0	0.0	0		0	1
0x1b8184		objc	candidate	low	single	darwin01-dk:darwin01/driverkit-1/libDriver/Kernel/AudioChannel.m:745:checkOwner:	0	0.0	0		0	1
0x1b81a8		objc	candidate	low	single	darwin01-dk:darwin01/driverkit-1/libDriver/Kernel/AudioChannel.m:756:streamClass	0	0.0	0		0	1
0x1b81b8		objc	candidate	low	single	darwin01-dk:darwin01/driverkit-1/libDriver/Kernel/AudioChannel.m:764:streamCount	0	0.0	1.851		0	1
0x1b8200		objc	unmapped	unknown	single		0.0	0.0	9.626		0	0
0x1b8310		objc	candidate	medium	single	darwin01-dk:darwin01/driverkit-1/libDriver/Kernel/AudioChannel.m:820:removeStream:	15.145	0.0	16.995	audio_clear_peaks;audio_enroll_stream_port	0	1
0x1b843c		objc	candidate	low	single	darwin01-dk:darwin01/driverkit-1/libDriver/Kernel/AudioChannel.m:866:controlStreams:	0	0.0	1.851		0	1
0x1b84bc		objc	candidate	low	single	darwin01-dk:darwin01/driverkit-1/libDriver/Kernel/AudioChannel.m:881:isDetectingPeaks	0	0.0	0		0	1
0x1b84cc		objc	unmapped	unknown	single		0.0	0.0	11.561		0	0
0x1b8518		objc	candidate	medium	single	darwin01-dk:darwin01/driverkit-1/libDriver/Kernel/AudioChannel.m:903:getPeakLeft:right:	7.775	0.0	7.775	audio_max_peak	0	1
0x1b8568		objc	candidate	low	single	darwin01-dk:darwin01/driverkit-1/libDriver/Kernel/AudioChannel.m:911:clipCount	0	0.0	0		0	1
0x1b8578		objc	candidate	low	single	darwin01-dk:darwin01/driverkit-1/libDriver/Kernel/AudioChannel.m:915:incrementClipCount:	0	0.0	0		0	1
0x1b8588		objc	candidate	low	single	darwin01-dk:darwin01/driverkit-1/libDriver/Kernel/AudioChannel.m:924:audioDevice	0	0.0	0		0	1
0x1b8598		objc	candidate	medium	single	darwin01-dk:darwin01/driverkit-1/libDriver/Kernel/AudioStream.m:673:control:atTime:	8.468	0.0	72.315	audio: unrecognized stream con	0	1
0x1b89b8		objc	unmapped	unknown	single		0.0	0.0	42.061		0	0
0x1b8aa8		objc	candidate	low	single	darwin01-dk:darwin01/driverkit-1/libDriver/Kernel/AudioStream.m:97:userPort	0	0.0	0		0	1
0x1b8ab8		objc	candidate	low	single	darwin01-dk:darwin01/driverkit-1/libDriver/Kernel/AudioStream.m:101:ownerPort	0	0.0	0		0	1
0x1b8ac8		objc	candidate	low	single	darwin01-dk:darwin01/driverkit-1/libDriver/Kernel/AudioStream.m:105:channel	0	0.0	0		0	1
0x1b8ad8		objc	candidate	low	single	darwin01-dk:darwin01/driverkit-1/libDriver/Kernel/AudioStream.m:109:type	0	0.0	0		0	1
0x1b8ae8		objc	candidate	low	single	darwin01-dk:darwin01/driverkit-1/libDriver/Kernel/AudioStream.m:117:createSndReplyMsg	4.192	0.0	4.192	IOMalloc	0	1
0x1b8b44		objc	candidate	medium	single	darwin01-dk:darwin01/driverkit-1/libDriver/Kernel/AudioStream.m:133:sendControlMessage:mask:	45.041	0.0	46.892	IOConvertPort;_NXAudioReplyStreamStatus;audio_snd_reply_aborted;audio_snd_reply_paused;audio_snd_reply_resumed;msg_send	0	1
0x1b8c74		objc	candidate	medium	single	darwin01-dk:darwin01/driverkit-1/libDriver/Kernel/AudioStream.m:206:sendStatusMessage:forRegion:	57.015	0.0	58.865	AS: replyStreamStatus returns ;IOConvertPort;IOLog;_NXAudioReplyStreamStatus;audio_snd_reply_completed;audio_snd_reply_overflow;audio_snd_reply_started;msg_send	0	1
0x1b8d5c		objc	candidate	low	single	darwin01-dk:darwin01/driverkit-1/libDriver/Kernel/AudioStream.m:250:freeRegion:	4.164	0.0	4.164	IOFree	0	1
0x1b8d74		objc	unmapped	unknown	single		0.0	0.0	0		0	0
0x1b8d80		objc	candidate	low	single	darwin01-dk:darwin01/driverkit-1/libDriver/Kernel/AudioStream.m:269:dmaCompleteDescriptor:transfered:	0	0.0	1.851		0	1
0x1b8f10		objc	unmapped	unknown	single		0.0	0.0	11.974		0	0
0x1b8f24		objc	candidate	low	single	darwin01-dk:darwin01/driverkit-1/libDriver/Kernel/AudioStream.m:357:clearForMix:size:format:	0	0.0	0		0	1
0x1b8f30		objc	unmapped	unknown	single		0.0	0.0	0		0	0
0x1b8f64		objc	unmapped	unknown	single		0.0	0.0	1.851		0	0
0x1b90e8		objc	candidate	low	single	darwin01-dk:darwin01/driverkit-1/libDriver/Kernel/AudioStream.m:483:markAbortionsExclude:	0	0.0	1.851		0	1
0x1b9160		unnamed	candidate	medium	single	darwin01-dk:darwin01/driverkit-1/libDriver/Kernel/AudioStream.m:529:controlThread	21.375	4.192	23.226	IOExitThread;IOMalloc;microtime;msg_receive	0	4
0x1b92a0		objc	candidate	low	single	darwin01-dk:darwin01/driverkit-1/libDriver/Kernel/AudioStream.m:719:control:	0	0.0	1.851		0	1
0x1b92d4		objc	candidate	low	single	darwin01-dk:darwin01/driverkit-1/libDriver/Kernel/AudioStream.m:730:returnRecordedData	0	0.0	0		0	1
0x1b92e0		objc	candidate	low	single	darwin01-dk:darwin01/driverkit-1/libDriver/Kernel/AudioStream.m:738:freeRegions	0	0.0	1.851		0	1
0x1b9348		objc	candidate	medium	single	darwin01-dk:darwin01/driverkit-1/libDriver/Kernel/AudioStream.m:753:newRegion	7.8	0.0	7.8	IOMalloc;bzero	0	1
0x1b9368		objc	candidate	medium	single	darwin01-dk:darwin01/driverkit-1/libDriver/Kernel/AudioStream.m:764:free	18.328	0.0	39.965	Audio: stream port_deallocate:;IOFree;task_self	0	1
0x1b9434		objc	candidate	low	single	darwin01-dk:darwin01/driverkit-1/libDriver/Kernel/AudioStream.m:788:setOwner:	0	0.0	0		0	1
0x1b9444		objc	candidate	low	single	darwin01-dk:darwin01/driverkit-1/libDriver/Kernel/AudioStream.m:798:bytesProcessed:atTime:	0	0.0	8.122		0	1
0x1b94b8		objc	candidate	medium	single	darwin01-dk:darwin01/driverkit-1/libDriver/Kernel/AudioStream.m:824:dataEncoding	11.974	0.0	11.974	Audio: unrecognized data forma;IOLog	0	1
0x1b9524		objc	candidate	medium	single	darwin01-dk:darwin01/driverkit-1/libDriver/Kernel/AudioStream.m:842:setDataEncoding:	11.974	0.0	11.974	Audio: supported encoding: %d\n;IOLog	0	1
0x1b95a0		objc	candidate	low	single	darwin01-dk:darwin01/driverkit-1/libDriver/Kernel/AudioStream.m:867:samplingRate	0	0.0	0		0	1
0x1b95b0		objc	candidate	low	single	darwin01-dk:darwin01/driverkit-1/libDriver/Kernel/AudioStream.m:871:setSamplingRate:	0	0.0	0		0	1
0x1b95c0		objc	candidate	low	single	darwin01-dk:darwin01/driverkit-1/libDriver/Kernel/AudioStream.m:875:channelCount	0	0.0	0		0	1
0x1b95d0		objc	candidate	low	single	darwin01-dk:darwin01/driverkit-1/libDriver/Kernel/AudioStream.m:879:setChannelCount:	0	0.0	0		0	1
0x1b95e0		objc	candidate	low	single	darwin01-dk:darwin01/driverkit-1/libDriver/Kernel/AudioStream.m:883:lowWaterMark	0	0.0	0		0	1
0x1b95ec		objc	candidate	low	single	darwin01-dk:darwin01/driverkit-1/libDriver/Kernel/AudioStream.m:887:setLowWaterMark:	0	0.0	0		0	1
0x1b95f4		objc	candidate	low	single	darwin01-dk:darwin01/driverkit-1/libDriver/Kernel/AudioStream.m:891:highWaterMark	0	0.0	0		0	1
0x1b9600		objc	candidate	low	single	darwin01-dk:darwin01/driverkit-1/libDriver/Kernel/AudioStream.m:895:setHighWaterMark:	0	0.0	0		0	1
0x1b9608		objc	candidate	medium	single	darwin01-dk:darwin01/driverkit-1/libDriver/Kernel/InputStream.m:274:returnRecordedData	38.818	0.0	61.104	Audio: cannot allocate record ;Audio: vm_deallocate: %s\n;IOFree;IOLog;IOMalloc;bcopy;kern_serv_kernel_task_port	0	1
0x1b981c		objc	unmapped	unknown	single		0.0	0.0	33.882		0	0
0x1b993c		objc	unmapped	unknown	single		0.0	0.0	0		0	0
0x1b9960		objc	candidate	medium	single	darwin01-dk:darwin01/driverkit-1/libDriver/Kernel/InputStream.m:164:sendRecordedDataForRegion:	32.989	0.0	58.855	IOConvertPort;IOMalloc;_NXAudioReplyRecordedData;audio_snd_reply_recorded_data;msg_send	0	1
0x1b9aa4		objc	unmapped	unknown	single		0.0	0.0	5.349		0	0
0x1b9ba8		objc	candidate	low	single	darwin01-dk:darwin01/driverkit-1/libDriver/Kernel/InputStream.m:368:dmaCompleteDescriptor:transfered:	0	0.0	5.385		0	1
0x1b9bf8		objc	candidate	medium	single	darwin01-dk:darwin01/driverkit-1/libDriver/Kernel/InputStream.m:380:freeRegion:	14.991	0.0	35.095	Audio: stream vm_deallocate er;kern_serv_kernel_task_port	0	1
0x1b9c54		objc	unmapped	unknown	single		0.0	0.0	144.692		0	0
0x1ba484		objc	unmapped	unknown	single		0.0	0.0	9.576		0	0
0x1ba5b4		objc	unmapped	unknown	single		0.0	0.0	88.307		0	0
0x1ba788		objc	unmapped	unknown	single		0.0	0.0	3.534		0	0
0x1ba804		objc	candidate	low	single	darwin01-dk:darwin01/driverkit-1/libDriver/Kernel/OutputStream.m:224:clearForMix:size:format:	3.608	0.0	3.608	bzero	0	1
0x1ba850		objc	unmapped	unknown	single		0.0	0.0	9.626		0	0
0x1ba908		objc	candidate	low	single	darwin01-dk:darwin01/driverkit-1/libDriver/Kernel/OutputStream.m:645:gainLeft	0	0.0	0		0	1
0x1ba918		objc	candidate	low	single	darwin01-dk:darwin01/driverkit-1/libDriver/Kernel/OutputStream.m:649:gainRight	0	0.0	0		0	1
0x1ba928		objc	candidate	low	single	darwin01-dk:darwin01/driverkit-1/libDriver/Kernel/OutputStream.m:653:setGainLeft:	0	0.0	0		0	1
0x1ba938		objc	candidate	low	single	darwin01-dk:darwin01/driverkit-1/libDriver/Kernel/OutputStream.m:657:setGainRight:	0	0.0	0		0	1
0x1ba948		objc	candidate	low	single	darwin01-dk:darwin01/driverkit-1/libDriver/Kernel/OutputStream.m:665:isDetectingPeaks	0	0.0	0		0	1
0x1ba95c		objc	unmapped	unknown	single		0.0	0.0	11.561		0	0
0x1ba9b8		objc	candidate	medium	single	darwin01-dk:darwin01/driverkit-1/libDriver/Kernel/OutputStream.m:684:getPeakLeft:right:	7.775	0.0	7.775	audio_max_peak	0	1
0x1baa14		objc	candidate	medium	single	darwin01-dk:darwin01/driverkit-1/libDriver/Kernel/OutputStream.m:697:freeRegion:	18.496	0.0	28.418	Audio: stream vm_deallocate er;IOLog;kern_serv_kernel_task_port	0	1
0x1baa6c		objc	candidate	low	single	darwin01-dk:darwin01/driverkit-1/libDriver/Kernel/OutputStream.m:714:free	4.164	0.0	7.698	IOFree	0	1
0x1bab5c		objc	candidate	low	single	darwin01-dk:darwin01/driverkit-1/libDriver/Kernel/AudioCommand.m:40:initPort:	0	0.0	5.385		0	1
0x1babbc		objc	candidate	low	single	darwin01-dk:darwin01/driverkit-1/libDriver/Kernel/AudioCommand.m:49:free	0	0.0	5.385		0	1
0x1babfc		objc	candidate	low	single	darwin01-dk:darwin01/driverkit-1/libDriver/Kernel/AudioCommand.m:55:command	0	0.0	0		0	1
0x1bac0c		objc	candidate	low	single	darwin01-dk:darwin01/driverkit-1/libDriver/Kernel/AudioCommand.m:60:done:	0	0.0	1.851		0	1
0x1bac5c		objc	candidate	low	single	darwin01-dk:darwin01/driverkit-1/libDriver/Kernel/AudioCommand.m:70:send:	5.829	0.0	7.68	msg_send_from_kernel	0	1
0x1bad30	_audioKernServInit	named	candidate	low	single	darwin01-dk:darwin01/driverkit-1/libDriver/Kernel/audio_kern_server.m:116:audioKernServInit	0	0.0	0		0	1
0x1bad40	_audio_enroll_stream_port	named	candidate	medium	single	darwin01-dk:darwin01/driverkit-1/libDriver/Kernel/audio_kern_server.m:129:audio_enroll_stream_port	27.118	0.0	27.118	Audio: kern_serv_port_serv ret;IOLog;kern_serv_port_gone;kern_serv_port_serv	0	1
0x1bad9c	_audio_reset_snd_dev_port	named	candidate	medium	single	darwin01-dk:darwin01/driverkit-1/libDriver/Kernel/audio_kern_server.m:149:audio_reset_snd_dev_port	27.524	0.0	62.163	Audio: cannot get kernel port ;IOHostPrivSelf;IOLog;reset_snd_dev_port	0	1
0x1bae88		unnamed	candidate	medium	single	darwin01-dk:darwin01/driverkit-1/libDriver/Kernel/audio_kern_server.m:172:handleControl	34.893	19.749	85.776	Audio: cannot get kernel port ;IOHostPrivSelf;IOLog;kern_serv_port_death_proc;kern_serv_port_gone	0	46
0x1bb308	_audioMessages	named	candidate	medium	single	darwin01-dk:darwin01/driverkit-1/libDriver/Kernel/audio_kern_server.m:280:audioMessages	60.01	0.0	60.01	Audio: unrecognized audio user;Audio: unrecognized control me;Audio: unrecognized snd user m;IOLog;audio_server;msg_send;msg_send failed %d\n;snd_server	1	1
0x1bb3a8	_audio_port_to_device	named	candidate	medium	single	darwin01-dk:darwin01/driverkit-1/libDriver/Kernel/audio_server.m:56:audio_port_to_device	8.468	0.0	13.824	Audio: server can't translate 	0	1
0x1bb3e0	_audio_port_to_stream	named	candidate	medium	single	darwin01-dk:darwin01/driverkit-1/libDriver/Kernel/audio_server.m:72:audio_port_to_stream	8.468	0.0	13.824	Audio: server can't translate 	0	1
0x1bb418	__NXAudioGetExclusiveUser	named	candidate	low	single	darwin01-dk:darwin01/driverkit-1/libDriver/Kernel/audio_server.m:91:_NXAudioGetExclusiveUser	0	0.0	1.851		0	1
0x1bb448	__NXAudioSetExclusiveUser	named	candidate	low	single	darwin01-dk:darwin01/driverkit-1/libDriver/Kernel/audio_server.m:105:_NXAudioSetExclusiveUser	0	0.0	1.851		0	1
0x1bb478	__NXAudioGetBufferOptions	named	candidate	low	single	darwin01-dk:darwin01/driverkit-1/libDriver/Kernel/audio_server.m:118:_NXAudioGetBufferOptions	0	0.0	1.851		0	1
0x1bb4e4	__NXAudioSetBufferOptions	named	candidate	low	single	darwin01-dk:darwin01/driverkit-1/libDriver/Kernel/audio_server.m:136:_NXAudioSetBufferOptions	0	0.0	1.851		0	1
0x1bb568	__NXAudioControlStreams	named	candidate	low	single	darwin01-dk:darwin01/driverkit-1/libDriver/Kernel/audio_server.m:156:_NXAudioControlStreams	0	0.0	1.851		0	1
0x1bb5d4	__NXAudioAddStream	named	candidate	low	single	darwin01-dk:darwin01/driverkit-1/libDriver/Kernel/audio_server.m:178:_NXAudioAddStream	0	0.0	1.851		0	1
0x1bb63c	__NXAudioGetDevicePeakOptions	named	candidate	low	single	darwin01-dk:darwin01/driverkit-1/libDriver/Kernel/audio_server.m:200:_NXAudioGetDevicePeakOptions	0	0.0	1.851		0	1
0x1bb68c	__NXAudioSetDevicePeakOptions	named	candidate	low	single	darwin01-dk:darwin01/driverkit-1/libDriver/Kernel/audio_server.m:218:_NXAudioSetDevicePeakOptions	0	0.0	1.851		0	1
0x1bb6f8	__NXAudioGetDevicePeak	named	candidate	low	single	darwin01-dk:darwin01/driverkit-1/libDriver/Kernel/audio_server.m:238:_NXAudioGetDevicePeak	0	0.0	1.851		0	1
0x1bb758	__NXAudioGetClipCount	named	candidate	low	single	darwin01-dk:darwin01/driverkit-1/libDriver/Kernel/audio_server.m:255:_NXAudioGetClipCount	0	0.0	1.851		0	1
0x1bb788	__NXAudioGetSndoutOptions	named	candidate	low	single	darwin01-dk:darwin01/driverkit-1/libDriver/Kernel/audio_server.m:273:_NXAudioGetSndoutOptions	0	0.0	1.851		0	1
0x1bb844	__NXAudioSetSndoutOptions	named	candidate	low	single	darwin01-dk:darwin01/driverkit-1/libDriver/Kernel/audio_server.m:306:_NXAudioSetSndoutOptions	0	0.0	1.851		0	1
0x1bb954	__NXAudioGetSpeaker	named	candidate	low	single	darwin01-dk:darwin01/driverkit-1/libDriver/Kernel/audio_server.m:358:_NXAudioGetSpeaker	0	0.0	1.851		0	1
0x1bb9c0	__NXAudioSetSpeaker	named	candidate	low	single	darwin01-dk:darwin01/driverkit-1/libDriver/Kernel/audio_server.m:377:_NXAudioSetSpeaker	0	0.0	1.851		0	1
0x1bba44	__NXAudioSetStreamGain	named	candidate	low	single	darwin01-dk:darwin01/driverkit-1/libDriver/Kernel/audio_server.m:403:_NXAudioSetStreamGain	0	0.0	1.851		0	1
0x1bbac8	__NXAudioChangeStreamOwner	named	candidate	low	single	darwin01-dk:darwin01/driverkit-1/libDriver/Kernel/audio_server.m:417:_NXAudioChangeStreamOwner	0	0.0	1.851		0	1
0x1bbaf8	__NXAudioStreamControl	named	candidate	low	single	darwin01-dk:darwin01/driverkit-1/libDriver/Kernel/audio_server.m:431:_NXAudioStreamControl	0	0.0	1.851		0	1
0x1bbbbc	__NXAudioStreamInfo	named	candidate	low	single	darwin01-dk:darwin01/driverkit-1/libDriver/Kernel/audio_server.m:464:_NXAudioStreamInfo	0	0.0	1.851		0	1
0x1bbbf0	__NXAudioRemoveStream	named	candidate	low	single	darwin01-dk:darwin01/driverkit-1/libDriver/Kernel/audio_server.m:478:_NXAudioRemoveStream	0	0.0	1.851		0	1
0x1bbc2c	__NXAudioPlayStream	named	candidate	medium	single	darwin01-dk:darwin01/driverkit-1/libDriver/Kernel/audio_server.m:495:_NXAudioPlayStream	14.164	0.0	32.585	Audio: audio server vm_dealloc;task_self	0	1
0x1bbd90	__NXAudioSetStreamPeakOptions	named	candidate	low	single	darwin01-dk:darwin01/driverkit-1/libDriver/Kernel/audio_server.m:559:_NXAudioSetStreamPeakOptions	0	0.0	1.851		0	1
0x1bbdec	__NXAudioGetStreamPeak	named	candidate	low	single	darwin01-dk:darwin01/driverkit-1/libDriver/Kernel/audio_server.m:576:_NXAudioGetStreamPeak	0	0.0	1.851		0	1
0x1bbe60	__NXAudioRecordStream	named	candidate	low	single	darwin01-dk:darwin01/driverkit-1/libDriver/Kernel/audio_server.m:598:_NXAudioRecordStream	0	0.0	1.851		0	1
0x1bbf60	_audio_port_gone	named	candidate	low	single	darwin01-dk:darwin01/driverkit-1/libDriver/Kernel/audio_server.m:634:audio_port_gone	0	0.0	1.851		0	1
0x1bbff4	__NXAudioPlayStreamData	named	candidate	low	single	darwin01-dk:darwin01/driverkit-1/libDriver/Kernel/audio_server.m:667:_NXAudioPlayStreamData	0	0.0	1.851		0	1
0x1bc040	__NXAudioRecordStreamData	named	candidate	low	single	darwin01-dk:darwin01/driverkit-1/libDriver/Kernel/audio_server.m:682:_NXAudioRecordStreamData	0	0.0	1.851		0	1
0x1bc088	__NXAudioGetDeviceName	named	candidate	low	single	darwin01-dk:darwin01/driverkit-1/libDriver/Kernel/audio_server.m:701:_NXAudioGetDeviceName	5.249	0.0	7.1	strncpy	0	1
0x1bc0f8	__NXAudioSetDeviceParameters	named	candidate	low	single	darwin01-dk:darwin01/driverkit-1/libDriver/Kernel/audio_server.m:712:_NXAudioSetDeviceParameters	0	0.0	1.851		0	1
0x1bc16c	__NXAudioGetDeviceParameters	named	candidate	low	single	darwin01-dk:darwin01/driverkit-1/libDriver/Kernel/audio_server.m:728:_NXAudioGetDeviceParameters	0	0.0	1.851		0	1
0x1bc1b4	__NXAudioGetDeviceSupportedParameters	named	candidate	low	single	darwin01-dk:darwin01/driverkit-1/libDriver/Kernel/audio_server.m:740:_NXAudioGetDeviceSupportedParameters	0	0.0	1.851		0	1
0x1bc1fc	__NXAudioGetDeviceParameterValues	named	candidate	low	single	darwin01-dk:darwin01/driverkit-1/libDriver/Kernel/audio_server.m:754:_NXAudioGetDeviceParameterValues	0	0.0	1.851		0	1
0x1bc250	__NXAudioGetSamplingRates	named	candidate	low	single	darwin01-dk:darwin01/driverkit-1/libDriver/Kernel/audio_server.m:767:_NXAudioGetSamplingRates	0	0.0	1.851		0	1
0x1bc2e8	__NXAudioGetDataEncodings	named	candidate	low	single	darwin01-dk:darwin01/driverkit-1/libDriver/Kernel/audio_server.m:783:_NXAudioGetDataEncodings	0	0.0	1.851		0	1
0x1bc330	__NXAudioGetChannelCountLimit	named	candidate	low	single	darwin01-dk:darwin01/driverkit-1/libDriver/Kernel/audio_server.m:798:_NXAudioGetChannelCountLimit	0	0.0	1.851		0	1
0x1bc374	__NXAudioSetStreamParameters	named	candidate	low	single	darwin01-dk:darwin01/driverkit-1/libDriver/Kernel/audio_server.m:808:_NXAudioSetStreamParameters	0	0.0	1.851		0	1
0x1bc3d4	__NXAudioGetStreamParameters	named	candidate	low	single	darwin01-dk:darwin01/driverkit-1/libDriver/Kernel/audio_server.m:821:_NXAudioGetStreamParameters	0	0.0	1.851		0	1
0x1bc42c	__NXAudioGetStreamSupportedParameters	named	candidate	low	single	darwin01-dk:darwin01/driverkit-1/libDriver/Kernel/audio_server.m:835:_NXAudioGetStreamSupportedParameters	0	0.0	1.851		0	1
0x1bc484	__NXAudioGetStreamParameterValues	named	candidate	low	single	darwin01-dk:darwin01/driverkit-1/libDriver/Kernel/audio_server.m:849:_NXAudioGetStreamParameterValues	0	0.0	1.851		0	1
0x1bc4e8		unnamed	candidate	medium	single	darwin01-dk:darwin01/driverkit-1/libDriver/Kernel/snd_server.m:73:snd_set_stream_format	7.775	0	7.775	_NXAudioSetStreamParameters	0	52
0x1bc56c		unnamed	candidate	low	single	darwin01-dk:darwin01/driverkit-1/libDriver/Kernel/snd_server.m:100:snd_stream_msg	76.429	7.37	84.668	IOVmTaskSelf;_NXAudioGetBufferOptions;_NXAudioPlayStream;_NXAudioPlayStreamData;_NXAudioRecordStream;_NXAudioRecordStreamData;_NXAudioSetBufferOptions;_NXAudioStreamControl;_NXAudioStreamInfo;audio_snd_reply_ret_samples	2	52
0x1bcad4		unnamed	candidate	medium	single	darwin01-dk:darwin01/driverkit-1/libDriver/Kernel/snd_server.m:586:snd_device_msg	104.829	23.325	130.005	_NXAudioAddStream;_NXAudioGetSndoutOptions;_NXAudioGetSpeaker;_NXAudioRemoveStream;_NXAudioSetSndoutOptions;_NXAudioSetSpeaker;_NXAudioStreamControl;audio_reset_snd_dev_port;audio_snd_reply_ret_device;audio_snd_reply_ret_formats;audio_snd_reply_ret_parms;audio_snd_reply_ret_stream;audio_snd_reply_re	0	52
0x1bd310	_snd_server	named	candidate	medium	single	darwin01-dk:darwin01/driverkit-1/libDriver/Kernel/snd_server.m:922:snd_server	16.936	0.0	20.442	Audio: received dsp cmd port m;audio_snd_reply_illegal_msg	2	1
0x1bd3e8	_get_partition	named	candidate	low	single	darwin01-dk:darwin01/driverkit-1/libDriver/i386/disk_label.c:78:get_partition	3.498	0.0	3.498	bcopy	0	1
0x1bd474	_get_disktab	named	candidate	low	single	darwin01-dk:darwin01/driverkit-1/libDriver/i386/disk_label.c:94:get_disktab	3.498	0.0	3.498	bcopy	0	1
0x1bd64c	_get_dl_un	named	candidate	low	single	darwin01-dk:darwin01/driverkit-1/libDriver/i386/disk_label.c:134:get_dl_un	0	0.0	0		0	1
0x1bd674	_get_disk_label	named	candidate	medium	single	darwin01-dk:darwin01/driverkit-1/libDriver/i386/disk_label.c:144:get_disk_label	11.967	0.0	11.967	bcopy;get_disktab	0	1
0x1bd718	_put_partition	named	candidate	low	single	darwin01-dk:darwin01/driverkit-1/libDriver/i386/disk_label.c:163:put_partition	3.498	0.0	3.498	bcopy	0	1
0x1bd7a4	_put_disktab	named	candidate	low	single	darwin01-dk:darwin01/driverkit-1/libDriver/i386/disk_label.c:180:put_disktab	3.498	0.0	3.498	bcopy	0	1
0x1bd97c	_put_dl_un	named	candidate	low	single	darwin01-dk:darwin01/driverkit-1/libDriver/i386/disk_label.c:225:put_dl_un	0	0.0	0		0	1
0x1bd9a4	_put_disk_label	named	candidate	medium	single	darwin01-dk:darwin01/driverkit-1/libDriver/i386/disk_label.c:235:put_disk_label	11.967	0.0	11.967	bcopy;put_disktab	0	1
0x1bda48	_checksum16	named	candidate	low	single	darwin01-dk:darwin01/driverkit-1/libDriver/label_subr.c:72:checksum16	0	0.0	0		0	1
0x1bda94	_check_label	named	candidate	medium	single	darwin01-dk:darwin01/driverkit-1/libDriver/label_subr.c:93:check_label	25.405	0.0	25.405	Bad disk label magic number;Label checksum error;Label in wrong location	0	1
0x1bdb8c	_audio_snd_reply_ret_device	named	candidate	low	single	darwin01-dk:darwin01/driverkit-1/libDriver/Kernel/snd_reply.c:72:audio_snd_reply_ret_device	0	0.0	0		0	1
0x1bdbac	_audio_snd_reply_ret_stream	named	candidate	low	single	darwin01-dk:darwin01/driverkit-1/libDriver/Kernel/snd_reply.c:84:audio_snd_reply_ret_stream	0	0.0	0		0	1
0x1bdbcc	_audio_snd_reply_illegal_msg	named	candidate	low	single	darwin01-dk:darwin01/driverkit-1/libDriver/Kernel/snd_reply.c:108:audio_snd_reply_illegal_msg	0	0.0	0		0	1
0x1bdc1c	_audio_snd_reply_recorded_data	named	candidate	low	single	darwin01-dk:darwin01/driverkit-1/libDriver/Kernel/snd_reply.c:133:audio_snd_reply_recorded_data	0	0.0	0		0	1
0x1bdc84	_audio_snd_reply_timed_out	named	candidate	low	single	darwin01-dk:darwin01/driverkit-1/libDriver/Kernel/snd_reply.c:158:audio_snd_reply_timed_out	0	0.0	0		0	1
0x1bdcb8	_audio_snd_reply_ret_samples	named	candidate	low	single	darwin01-dk:darwin01/driverkit-1/libDriver/Kernel/snd_reply.c:169:audio_snd_reply_ret_samples	0	0.0	0		0	1
0x1bdcf4	_audio_snd_reply_overflow	named	candidate	low	single	darwin01-dk:darwin01/driverkit-1/libDriver/Kernel/snd_reply.c:187:audio_snd_reply_overflow	0	0.0	0		0	1
0x1bdd28	_audio_snd_reply_started	named	candidate	low	single	darwin01-dk:darwin01/driverkit-1/libDriver/Kernel/snd_reply.c:198:audio_snd_reply_started	0	0.0	0		0	1
0x1bdd5c	_audio_snd_reply_completed	named	candidate	low	single	darwin01-dk:darwin01/driverkit-1/libDriver/Kernel/snd_reply.c:209:audio_snd_reply_completed	0	0.0	0		0	1
0x1bdd90	_audio_snd_reply_aborted	named	candidate	low	single	darwin01-dk:darwin01/driverkit-1/libDriver/Kernel/snd_reply.c:220:audio_snd_reply_aborted	0	0.0	0		0	1
0x1bddc4	_audio_snd_reply_paused	named	candidate	low	single	darwin01-dk:darwin01/driverkit-1/libDriver/Kernel/snd_reply.c:231:audio_snd_reply_paused	0	0.0	0		0	1
0x1bddf8	_audio_snd_reply_resumed	named	candidate	low	single	darwin01-dk:darwin01/driverkit-1/libDriver/Kernel/snd_reply.c:242:audio_snd_reply_resumed	0	0.0	0		0	1
0x1bde2c	_audio_snd_reply_ret_parms	named	candidate	low	single	darwin01-dk:darwin01/driverkit-1/libDriver/Kernel/snd_reply.c:256:audio_snd_reply_ret_parms	0	0.0	0		0	1
0x1bde60	_audio_snd_reply_ret_volume	named	candidate	low	single	darwin01-dk:darwin01/driverkit-1/libDriver/Kernel/snd_reply.c:273:audio_snd_reply_ret_volume	0	0.0	0		0	1
0x1bde94	_audio_snd_reply_ret_formats	named	candidate	low	single	darwin01-dk:darwin01/driverkit-1/libDriver/Kernel/snd_reply.c:290:audio_snd_reply_ret_formats	0	0.0	0		0	1
0x1bdef0	_audio_swapSamples	named	candidate	low	single	darwin01-dk:darwin01/driverkit-1/libDriver/Kernel/audio_mix.c:91:audio_swapSamples	0	0.0	0		0	1
0x1bdf20	_audio_twosComp8ToUnary	named	candidate	low	single	darwin01-dk:darwin01/driverkit-1/libDriver/Kernel/audio_mix.c:122:audio_twosComp8ToUnary	0	0.0	0		0	1
0x1bdf50	_audio_scaleSamples	named	candidate	medium	single	darwin01-dk:darwin01/driverkit-1/libDriver/Kernel/audio_mix.c:134:audio_scaleSamples	11.974	0.0	18.832	Audio: unrecognized format %d ;IOLog	0	1
0x1be268	_audio_resample22To44	named	candidate	medium	single	darwin01-dk:darwin01/driverkit-1/libDriver/Kernel/audio_mix.c:241:audio_resample22To44	7.775	0.0	7.775	audio_convertMonoToStereo	0	1
0x1be284	_audio_resample44To22	named	candidate	medium	single	darwin01-dk:darwin01/driverkit-1/libDriver/Kernel/audio_mix.c:268:audio_resample44To22	11.974	0.0	11.974	Audio: unrecognized format %d ;IOLog	0	1
0x1be2f4	_audio_convertMonoToStereo	named	candidate	medium	single	darwin01-dk:darwin01/driverkit-1/libDriver/Kernel/audio_mix.c:302:audio_convertMonoToStereo	11.28	0.0	11.28	Audio: unrecognized format %d ;IOLog	0	1
0x1be374	_audio_convertStereoToMono	named	candidate	medium	single	darwin01-dk:darwin01/driverkit-1/libDriver/Kernel/audio_mix.c:330:audio_convertStereoToMono	18.139	0.0	18.139	Audio: unrecognized format %d ;IOLog;audio_shortToMulaw	0	1
0x1be480	_audio_convertLinear8ToLinear16	named	candidate	low	single	darwin01-dk:darwin01/driverkit-1/libDriver/Kernel/audio_mix.c:382:audio_convertLinear8ToLinear16	0	0.0	0		0	1
0x1be4ac	_audio_convertLinear8ToMulaw8	named	candidate	medium	single	darwin01-dk:darwin01/driverkit-1/libDriver/Kernel/audio_mix.c:388:audio_convertLinear8ToMulaw8	6.859	0.0	6.859	audio_shortToMulaw	0	1
0x1be4e4	_audio_convertLinear16ToLinear8	named	candidate	low	single	darwin01-dk:darwin01/driverkit-1/libDriver/Kernel/audio_mix.c:394:audio_convertLinear16ToLinear8	0	0.0	0		0	1
0x1be50c	_audio_convertLinear16ToMulaw8	named	candidate	medium	single	darwin01-dk:darwin01/driverkit-1/libDriver/Kernel/audio_mix.c:401:audio_convertLinear16ToMulaw8	6.859	0.0	6.859	audio_shortToMulaw	0	1
0x1be544	_audio_convertMulaw8ToLinear16	named	candidate	low	single	darwin01-dk:darwin01/driverkit-1/libDriver/Kernel/audio_mix.c:408:audio_convertMulaw8ToLinear16	0	0.0	0		0	1
0x1be570	_audio_convertMulaw8ToLinear8	named	candidate	low	single	darwin01-dk:darwin01/driverkit-1/libDriver/Kernel/audio_mix.c:417:audio_convertMulaw8ToLinear8	0	0.0	0		0	1
0x1be578	_audio_mix	named	candidate	medium	single	darwin01-dk:darwin01/driverkit-1/libDriver/Kernel/audio_mix.c:426:audio_mix	15.472	0.0	22.331	Audio: unrecognized format %d ;IOLog;bcopy	0	1
0x1be71c	_audio_mulaw8_peak	named	candidate	low	single	darwin01-dk:darwin01/driverkit-1/libDriver/Kernel/audio_peak.c:42:audio_mulaw8_peak	0	0.0	0		0	1
0x1be7d4	_audio_linear16_peak	named	candidate	low	single	darwin01-dk:darwin01/driverkit-1/libDriver/Kernel/audio_peak.c:80:audio_linear16_peak	0	0.0	0		0	1
0x1be874	_audio_linear8_peak	named	candidate	low	single	darwin01-dk:darwin01/driverkit-1/libDriver/Kernel/audio_peak.c:116:audio_linear8_peak	0	0.0	0		0	1
0x1be940	_audio_clear_peaks	named	candidate	low	single	darwin01-dk:darwin01/driverkit-1/libDriver/Kernel/audio_peak.c:163:audio_clear_peaks	0	0.0	0		0	1
0x1be960	_audio_max_peak	named	candidate	low	single	darwin01-dk:darwin01/driverkit-1/libDriver/Kernel/audio_peak.c:172:audio_max_peak	0	0.0	0		0	1
0x1be98c	_audio_add_peak	named	candidate	low	single	darwin01-dk:darwin01/driverkit-1/libDriver/Kernel/audio_peak.c:187:audio_add_peak	0	0.0	0		0	1
0x1be9c0	_audio_makeIMuLawTab	named	candidate	medium	single	darwin01-dk:darwin01/driverkit-1/libDriver/Kernel/audio_mulaw.c:96:audio_makeIMuLawTab	11.967	0.0	11.967	IOMalloc;qsort	0	1
0x1bea9c	_audio_freeIMuLawTab	named	candidate	low	single	darwin01-dk:darwin01/driverkit-1/libDriver/Kernel/audio_mulaw.c:127:audio_freeIMuLawTab	4.164	0.0	4.164	IOFree	0	1
0x1beab8	_audio_shortToMulaw	named	candidate	low	single	darwin01-dk:darwin01/driverkit-1/libDriver/Kernel/audio_mulaw.c:133:audio_shortToMulaw	0	0.0	0		0	1
0x1beb04	_audio_byteToMulaw	named	candidate	low	single	darwin01-dk:darwin01/driverkit-1/libDriver/Kernel/audio_mulaw.c:145:audio_byteToMulaw	0	0.0	0		0	1
0x1beb1c		unnamed	candidate	low	single	darwin01-dk:darwin01/driverkit-1/libDriver/Kernel/audio_mulaw.c:89:compar	0	0	0		0	17
0x1beb58	_strtol	named	candidate	low	single	darwin01:darwin01/kernel/bsd/libkern/strtol.c:109:strtol	0	0.0	0		0	1
0x1bed00	_strtoul	named	candidate	low	single	darwin01:darwin01/kernel/bsd/libkern/strtol.c:201:strtoul	0	0	0		0	2
0x1bee8c	_Event_server	named	unmapped	unknown	single		0.0	0.0	0		0	0
0x1bef00		unnamed	candidate	low	single	darwin01-dk:darwin01/driverkit-1/libDriver/eisa/IOEISADirectDevice.m:398:initDmaLock	0	0	8.468		0	15
0x1bef60		unnamed	candidate	low	single	darwin01-dk:darwin01/driverkit-1/libDriver/eisa/IOEISADirectDevice.m:398:initDmaLock	0	0	8.468		0	15
0x1befc0		unnamed	candidate	low	single	darwin01-dk:darwin01/driverkit-1/libDriver/eisa/IOEISADirectDevice.m:398:initDmaLock	0	0	8.468		0	15
0x1bf04c		unnamed	candidate	low	single	darwin01-dk:darwin01/driverkit-1/libDriver/eisa/IOEISADirectDevice.m:398:initDmaLock	0	0	8.468		0	15
0x1bf0d8		unnamed	candidate	low	single	darwin01-dk:darwin01/driverkit-1/libDriver/eisa/IOEISADirectDevice.m:398:initDmaLock	0	0	8.468		0	15
0x1bf148		unnamed	candidate	low	single	darwin01-dk:darwin01/driverkit-1/libDriver/eisa/IOEISADirectDevice.m:398:initDmaLock	0	0	8.468		0	15
0x1bf200		unnamed	candidate	low	single	darwin01-dk:darwin01/driverkit-1/libDriver/eisa/IOEISADirectDevice.m:398:initDmaLock	0	0	8.468		0	15
0x1bf2b8		unnamed	candidate	low	single	darwin01-dk:darwin01/driverkit-1/libDriver/eisa/IOEISADirectDevice.m:398:initDmaLock	0	0	8.468		0	15
0x1bf35c		unnamed	candidate	low	single	darwin01-dk:darwin01/driverkit-1/libDriver/eisa/IOEISADirectDevice.m:398:initDmaLock	0	0	8.468		0	15
0x1bf3fc	_audio_server	named	unmapped	unknown	single		0.0	0.0	0		0	0
0x1bf470		unnamed	candidate	low	single	darwin01-dk:darwin01/driverkit-1/libDriver/eisa/IOEISADirectDevice.m:398:initDmaLock	0	0	13.845		0	15
0x1bf4cc		unnamed	candidate	low	single	darwin01-dk:darwin01/driverkit-1/libDriver/eisa/IOEISADirectDevice.m:398:initDmaLock	0	0	13.845		0	15
0x1bf538		unnamed	candidate	low	single	darwin01-dk:darwin01/driverkit-1/libDriver/eisa/IOEISADirectDevice.m:398:initDmaLock	0	0	13.152		0	15
0x1bf5a4		unnamed	candidate	low	single	darwin01-dk:darwin01/driverkit-1/libDriver/eisa/IOEISADirectDevice.m:398:initDmaLock	0	0	13.152		0	15
0x1bf62c		unnamed	candidate	low	single	darwin01-dk:darwin01/driverkit-1/libDriver/eisa/IOEISADirectDevice.m:398:initDmaLock	0	0	13.845		0	15
0x1bf6a8		unnamed	candidate	low	single	darwin01-dk:darwin01/driverkit-1/libDriver/eisa/IOEISADirectDevice.m:398:initDmaLock	0	0	13.152		0	15
0x1bf73c		unnamed	candidate	low	single	darwin01-dk:darwin01/driverkit-1/libDriver/eisa/IOEISADirectDevice.m:398:initDmaLock	0	0	13.845		0	15
0x1bf7a8		unnamed	candidate	low	single	darwin01-dk:darwin01/driverkit-1/libDriver/eisa/IOEISADirectDevice.m:398:initDmaLock	0	0	13.845		0	15
0x1bf830		unnamed	candidate	low	single	darwin01-dk:darwin01/driverkit-1/libDriver/eisa/IOEISADirectDevice.m:398:initDmaLock	0	0	13.845		0	15
0x1bf89c		unnamed	candidate	low	single	darwin01-dk:darwin01/driverkit-1/libDriver/eisa/IOEISADirectDevice.m:398:initDmaLock	0	0	13.845		0	15
0x1bf8f8		unnamed	candidate	low	single	darwin01-dk:darwin01/driverkit-1/libDriver/eisa/IOEISADirectDevice.m:398:initDmaLock	0	0	13.152		0	15
0x1bf954		unnamed	candidate	low	single	darwin01-dk:darwin01/driverkit-1/libDriver/eisa/IOEISADirectDevice.m:398:initDmaLock	0	0	13.152		0	15
0x1bf9d0		unnamed	candidate	low	single	darwin01-dk:darwin01/driverkit-1/libDriver/eisa/IOEISADirectDevice.m:398:initDmaLock	0	0	13.152		0	15
0x1bfa3c		unnamed	candidate	low	single	darwin01-dk:darwin01/driverkit-1/libDriver/eisa/IOEISADirectDevice.m:398:initDmaLock	0	0	13.152		0	15
0x1bfac4		unnamed	candidate	low	single	darwin01-dk:darwin01/driverkit-1/libDriver/eisa/IOEISADirectDevice.m:398:initDmaLock	0	0	14.228		0	15
0x1bfb40		unnamed	candidate	low	single	darwin01-dk:darwin01/driverkit-1/libDriver/eisa/IOEISADirectDevice.m:398:initDmaLock	0	0	14.228		0	15
0x1bfbac		unnamed	candidate	low	single	darwin01-dk:darwin01/driverkit-1/libDriver/eisa/IOEISADirectDevice.m:398:initDmaLock	0	0	13.13		0	15
0x1bfc2c		unnamed	candidate	low	single	darwin01-dk:darwin01/driverkit-1/libDriver/eisa/IOEISADirectDevice.m:398:initDmaLock	0	0	13.535		0	15
0x1bfc98		unnamed	candidate	low	single	darwin01-dk:darwin01/driverkit-1/libDriver/eisa/IOEISADirectDevice.m:398:initDmaLock	0	0	13.535		0	15
0x1bfce4		unnamed	candidate	low	single	darwin01-dk:darwin01/driverkit-1/libDriver/eisa/IOEISADirectDevice.m:398:initDmaLock	0	0	13.535		0	15
0x1bfddc		unnamed	candidate	low	single	darwin01-dk:darwin01/driverkit-1/libDriver/eisa/IOEISADirectDevice.m:398:initDmaLock	0	0	14.228		0	15
0x1bfe58		unnamed	candidate	low	single	darwin01-dk:darwin01/driverkit-1/libDriver/eisa/IOEISADirectDevice.m:398:initDmaLock	0	0	14.228		0	15
0x1bfec4		unnamed	candidate	low	single	darwin01-dk:darwin01/driverkit-1/libDriver/eisa/IOEISADirectDevice.m:398:initDmaLock	0	0	13.535		0	15
0x1bff78		unnamed	candidate	low	single	darwin01-dk:darwin01/driverkit-1/libDriver/eisa/IOEISADirectDevice.m:398:initDmaLock	0	0	13.535		0	15
0x1c001c		unnamed	candidate	low	single	darwin01-dk:darwin01/driverkit-1/libDriver/eisa/IOEISADirectDevice.m:398:initDmaLock	0	0	13.535		0	15
0x1c00b4		unnamed	candidate	low	single	darwin01-dk:darwin01/driverkit-1/libDriver/eisa/IOEISADirectDevice.m:398:initDmaLock	0	0	13.845		0	15
0x1c0140		unnamed	candidate	low	single	darwin01-dk:darwin01/driverkit-1/libDriver/eisa/IOEISADirectDevice.m:398:initDmaLock	0	0	13.845		0	15
0x1c0200		unnamed	candidate	low	single	darwin01-dk:darwin01/driverkit-1/libDriver/eisa/IOEISADirectDevice.m:398:initDmaLock	0	0	13.845		0	15
0x1c02a0		unnamed	candidate	low	single	darwin01-dk:darwin01/driverkit-1/libDriver/eisa/IOEISADirectDevice.m:398:initDmaLock	0	0	13.845		0	15
0x1c0328		unnamed	candidate	low	single	darwin01-dk:darwin01/driverkit-1/libDriver/eisa/IOEISADirectDevice.m:398:initDmaLock	0	0	13.845		0	15
0x1c03cc		unnamed	candidate	low	single	darwin01-dk:darwin01/driverkit-1/libDriver/eisa/IOEISADirectDevice.m:398:initDmaLock	0	0	13.152		0	15
0x1c047c		unnamed	candidate	low	single	darwin01-dk:darwin01/driverkit-1/libDriver/eisa/IOEISADirectDevice.m:398:initDmaLock	0	0	13.152		0	15
0x1c0504		unnamed	candidate	low	single	darwin01-dk:darwin01/driverkit-1/libDriver/eisa/IOEISADirectDevice.m:398:initDmaLock	0	0	13.152		0	15
0x1c0560		unnamed	candidate	low	single	darwin01-dk:darwin01/driverkit-1/libDriver/eisa/IOEISADirectDevice.m:398:initDmaLock	0	0	13.535		0	15
0x1c060c		unnamed	candidate	low	single	darwin01-dk:darwin01/driverkit-1/libDriver/eisa/IOEISADirectDevice.m:398:initDmaLock	0	0	14.228		0	15
0x1c06ac		unnamed	candidate	low	single	darwin01-dk:darwin01/driverkit-1/libDriver/eisa/IOEISADirectDevice.m:398:initDmaLock	0	0	14.228		0	15
0x1c0734		unnamed	candidate	low	single	darwin01-dk:darwin01/driverkit-1/libDriver/eisa/IOEISADirectDevice.m:398:initDmaLock	0	0	14.228		0	15
0x1c07d8	__NXAudioReplyStreamStatus	named	unmapped	unknown	single		0.0	0.0	5.696		0	0
0x1c086c	__NXAudioReplyRecordedData	named	unmapped	unknown	single		0.0	0.0	5.696		0	0
0x1c0918	_initDmaLock	named	candidate	low	single	darwin01-dk:darwin01/driverkit-1/libDriver/eisa/IOEISADirectDevice.m:398:initDmaLock	6.676	0.0	6.676	simple_lock_alloc	0	1
0x1c0944		objc	candidate	low	single	darwin01-dk:darwin01/driverkit-1/libDriver/eisa/IOEISADirectDevice.m:451:reserveDMALock	0	0.0	15.73		0	1
0x1c0aa0		objc	candidate	low	single	darwin01-dk:darwin01/driverkit-1/libDriver/eisa/IOEISADirectDevice.m:80:initEISA	4.192	0.0	4.192	IOMalloc	0	1
0x1c0ac4		objc	candidate	low	single	darwin01-dk:darwin01/driverkit-1/libDriver/eisa/IOEISADirectDevice.m:90:freeEISA	4.164	0.0	4.164	IOFree	0	1
0x1c0ae4		objc	candidate	low	single	darwin01-dk:darwin01/driverkit-1/libDriver/eisa/IOEISADirectDevice.m:105:_localToChannel:	0	0.0	1.851		0	1
0x1c0b0c		objc	candidate	low	single	darwin01-dk:darwin01/driverkit-1/libDriver/eisa/IOEISADirectDevice.m:115:reserveInterrupt:	0	0.0	0		0	1
0x1c0b18		objc	candidate	low	single	darwin01-dk:darwin01/driverkit-1/libDriver/eisa/IOEISADirectDevice.m:120:releaseInterrupt:	0	0.0	0		0	1
0x1c0b20		objc	unmapped	unknown	single		0.0	0.0	0		0	0
0x1c0b2c		objc	candidate	low	single	darwin01-dk:darwin01/driverkit-1/libDriver/eisa/IOEISADirectDevice.m:140:reserveChannel:	0	0.0	0		0	1
0x1c0b38		objc	candidate	low	single	darwin01-dk:darwin01/driverkit-1/libDriver/eisa/IOEISADirectDevice.m:145:releaseChannel:	0	0.0	0		0	1
0x1c0b40		objc	candidate	medium	single	darwin01-dk:darwin01/driverkit-1/libDriver/eisa/IOEISADirectDevice.m:149:enableChannel:	7.775	0.0	9.626	dma_unmask_chan	0	1
0x1c0b90		objc	candidate	medium	single	darwin01-dk:darwin01/driverkit-1/libDriver/eisa/IOEISADirectDevice.m:163:disableChannel:	7.775	0.0	9.626	dma_mask_chan	0	1
0x1c0bd4		objc	unmapped	unknown	single		0.0	0.0	9.626		0	0
0x1c0c58		objc	unmapped	unknown	single		0.0	0.0	10.319		0	0
0x1c0cc0		objc	unmapped	unknown	single		0.0	0.0	10.319		0	0
0x1c0d20		objc	unmapped	unknown	single		0.0	0.0	16.131		0	0
0x1c0db4		objc	candidate	medium	single	darwin01-dk:darwin01/driverkit-1/libDriver/eisa/IOEISADirectDevice.m:285:freeDMABuffer:	12.632	0.0	12.632	IOFree;dma_xfer_done	0	1
0x1c0ddc		objc	candidate	medium	single	darwin01-dk:darwin01/driverkit-1/libDriver/eisa/IOEISADirectDevice.m:297:abortDMABuffer:	12.632	0.0	12.632	IOFree;dma_xfer_abort	0	1
0x1c0e04		objc	candidate	medium	single	darwin01-dk:darwin01/driverkit-1/libDriver/eisa/IOEISADirectDevice.m:308:startDMAForBuffer:channel:	8.468	0.0	10.319	dma_xfer_chan	0	1
0x1c0e60		objc	candidate	medium	single	darwin01-dk:darwin01/driverkit-1/libDriver/eisa/IOEISADirectDevice.m:326:currentAddressForChannel:	8.468	0.0	10.319	get_dma_addr	0	1
0x1c0ea8		objc	candidate	medium	single	darwin01-dk:darwin01/driverkit-1/libDriver/eisa/IOEISADirectDevice.m:336:currentCountForChannel:	8.468	0.0	10.319	get_dma_count	0	1
0x1c0ef0		objc	candidate	medium	single	darwin01-dk:darwin01/driverkit-1/libDriver/eisa/IOEISADirectDevice.m:347:isDMADone:	8.468	0.0	10.319	is_dma_done	0	1
0x1c0f44		objc	candidate	low	single	darwin01-dk:darwin01/driverkit-1/libDriver/eisa/IOEISADirectDevice.m:365:isEISAPresent	0	0.0	0		0	1
0x1c0f5c		objc	candidate	medium	single	darwin01-dk:darwin01/driverkit-1/libDriver/eisa/IOEISADirectDevice.m:370:getEISAId:forSlot:	7.775	0.0	7.775	eisa_id	0	1
0x1c0f74		objc	candidate	medium	single	darwin01-dk:darwin01/driverkit-1/libDriver/eisa/IOEISADirectDevice.m:510:releaseDMALock	31.642	0.0	37.657	%s: releaseDmaLock when not ho;IOLog;panic;releaseDMALock;thread_wakeup	0	1
0x1c105c		objc	unmapped	unknown	single		0.0	0.0	10.319		0	0
0x1c10f4		objc	unmapped	unknown	single		0.0	0.0	10.319		0	0
0x1c1194		objc	unmapped	unknown	single		0.0	0.0	10.319		0	0
0x1c1234		objc	unmapped	unknown	single		0.0	0.0	10.319		0	0
0x1c12b0		objc	unmapped	unknown	single		0.0	0.0	10.319		0	0
0x1c1328		objc	candidate	low	single	darwin01-dk:darwin01/driverkit-1/libDriver/eisa/IOEISADirectDevice.m:697:reservePortRange:	0	0.0	0		0	1
0x1c1334		objc	candidate	low	single	darwin01-dk:darwin01/driverkit-1/libDriver/eisa/IOEISADirectDevice.m:702:releasePortRange:	0	0.0	0		0	1
0x1c133c		objc	candidate	low	single	darwin01-dk:darwin01/driverkit-1/libDriver/eisa/IOEISADeviceDescription.m:59:free	4.164	0.0	7.698	IOFree	0	1
0x1c13a4		objc	candidate	low	single	darwin01-dk:darwin01/driverkit-1/libDriver/eisa/IOEISADeviceDescription.m:75:channel	0	0.0	1.851		0	1
0x1c13c0		objc	candidate	low	single	darwin01-dk:darwin01/driverkit-1/libDriver/eisa/IOEISADeviceDescription.m:81:channelList	0	0.0	8.933		0	1
0x1c1418		objc	candidate	low	single	darwin01-dk:darwin01/driverkit-1/libDriver/eisa/IOEISADeviceDescription.m:93:numChannels	0	0.0	8.933		0	1
0x1c1470		objc	candidate	low	single	darwin01-dk:darwin01/driverkit-1/libDriver/eisa/IOEISADeviceDescription.m:105:portRangeList	0	0.0	8.71		0	1
0x1c14c8		objc	candidate	low	single	darwin01-dk:darwin01/driverkit-1/libDriver/eisa/IOEISADeviceDescription.m:117:numPortRanges	0	0.0	8.71		0	1
0x1c1520		objc	candidate	low	single	darwin01-dk:darwin01/driverkit-1/libDriver/eisa/IOEISADeviceDescription.m:130:setChannelList:num:	4.164	0.0	13.097	IOFree	0	1
0x1c1588		objc	candidate	medium	single	darwin01-dk:darwin01/driverkit-1/libDriver/eisa/IOEISADeviceDescription.m:148:setPortRangeList:num:	8.356	0.0	17.065	IOFree;IOMalloc	0	1
0x1c1640		objc	candidate	low	single	darwin01-dk:darwin01/driverkit-1/libDriver/eisa/IOEISADeviceDescription.m:173:getEISASlotNumber:	0	0.0	0		0	1
0x1c1670		objc	candidate	low	single	darwin01-dk:darwin01/driverkit-1/libDriver/eisa/IOEISADeviceDescription.m:185:getEISASlotID:	0	0.0	0		0	1
0x1c16a0		objc	candidate	medium	single	darwin01-dk:darwin01/driverkit-1/libDriver/eisa/IOEISADeviceDescription.m:200:_initWithDelegate:	14.659	0.0	35.034	EISA;IOMalloc;bzero	0	1
0x1c1748		objc	candidate	low	single	darwin01-dk:darwin01/driverkit-1/libDriver/pci/IOPCIDirectDevice.m:57:isPCIPresent	0	0.0	8.373		0	1
0x1c1788		objc	candidate	low	single	darwin01-dk:darwin01/driverkit-1/libDriver/pci/IOPCIDirectDevice.m:65:isPCIPresent	0	0.0	8.373		0	1
0x1c17c8		objc	unmapped	unknown	single		0.0	0.0	8.373		0	0
0x1c187c		objc	candidate	low	single	darwin01-dk:darwin01/driverkit-1/libDriver/pci/IOPCIDirectDevice.m:105:getPCIConfigSpace:	0	0.0	1.851		0	1
0x1c18bc		objc	unmapped	unknown	single		0.0	0.0	8.373		0	0
0x1c1970		objc	candidate	low	single	darwin01-dk:darwin01/driverkit-1/libDriver/pci/IOPCIDirectDevice.m:143:setPCIConfigSpace:	0	0.0	1.851		0	1
0x1c19b0		objc	unmapped	unknown	single		0.0	0.0	8.373		0	0
0x1c1a50		objc	unmapped	unknown	single		0.0	0.0	1.851		0	0
0x1c1a9c		objc	unmapped	unknown	single		0.0	0.0	8.373		0	0
0x1c1b3c		objc	unmapped	unknown	single		0.0	0.0	1.851		0	0
0x1c1b88		objc	candidate	medium	single	darwin01-dk:darwin01/driverkit-1/libDriver/pci/IOPCIDeviceDescription.m:67:_initWithDelegate:	10.714	0.0	30.396	IOMalloc;PCI	0	1
0x1c1c38		objc	candidate	low	single	darwin01-dk:darwin01/driverkit-1/libDriver/pci/IOPCIDeviceDescription.m:91:free	4.164	0.0	7.698	IOFree	0	1
0x1c1c70		objc	unmapped	unknown	single		0.0	0.0	0		0	0
0x1c1cb8		objc	unmapped	unknown	single		0.0	0.0	41.196		0	0
0x1c1f38		objc	candidate	low	single	darwin01-dk:darwin01/driverkit-1/libDriver/pcmcia/IOPCMCIADirectDevice.m:122:unmapAttributeMemory	0	0.0	17.401		0	1
0x1c2084		objc	candidate	low	single	darwin01-dk:darwin01/driverkit-1/libDriver/pcmcia/IOPCMCIADeviceDescription.m:54:_initWithDelegate:	4.192	0.0	22.023	IOMalloc	0	1
0x1c20d8		objc	candidate	low	single	darwin01-dk:darwin01/driverkit-1/libDriver/pcmcia/IOPCMCIADeviceDescription.m:70:free	4.164	0.0	9.549	IOFree	0	1
0x1c2154		objc	candidate	low	single	darwin01-dk:darwin01/driverkit-1/libDriver/pcmcia/IOPCMCIADeviceDescription.m:86:numTuples	0	0.0	1.851		0	1
0x1c217c		objc	candidate	low	single	darwin01-dk:darwin01/driverkit-1/libDriver/pcmcia/IOPCMCIADeviceDescription.m:97:tupleList	4.192	0.0	14.511	IOMalloc	0	1
0x1c2234		objc	candidate	low	single	darwin01-dk:darwin01/driverkit-1/libDriver/pcmcia/IOPCMCIATuple.m:42:initWithKernTuple:	4.192	0.0	24.567	IOMalloc	0	1
0x1c22d0		objc	candidate	low	single	darwin01-dk:darwin01/driverkit-1/libDriver/pcmcia/IOPCMCIATuple.m:63:free	4.164	0.0	7.698	IOFree	0	1
0x1c2320		objc	candidate	low	single	darwin01-dk:darwin01/driverkit-1/libDriver/pcmcia/IOPCMCIATuple.m:72:code	0	0.0	0		0	1
0x1c2334		objc	candidate	low	single	darwin01-dk:darwin01/driverkit-1/libDriver/pcmcia/IOPCMCIATuple.m:78:length	0	0.0	0		0	1
0x1c2344		objc	unmapped	unknown	single		0.0	0.0	9.541		0	0
0x1c2388		unnamed	candidate	low	single	darwin01-dk:darwin01/driverkit-1/libDriver/Kernel/IOFrameBufferDisplay.m:161:StdFBDisplayCursor16	0	0	1.851		0	15
0x1c27b4		unnamed	candidate	low	single	darwin01-dk:darwin01/driverkit-1/libDriver/Kernel/IOFrameBufferDisplay.m:161:StdFBDisplayCursor16	0	0	1.851		0	15
0x1c2b20		unnamed	candidate	low	single	darwin01-dk:darwin01/driverkit-1/libDriver/Kernel/IOFrameBufferDisplay.m:161:StdFBDisplayCursor16	0	0	1.851		0	15
0x1c2e1c		objc	candidate	low	single	darwin01-dk:darwin01/driverkit-1/libDriver/Kernel/IOFrameBufferDisplay.m:662:hideCursor:	0	0.0	14.393		0	1
0x1c30bc		objc	candidate	low	single	darwin01-dk:darwin01/driverkit-1/libDriver/Kernel/IOFrameBufferDisplay.m:670:moveCursor:frame:token:	0	0.0	14.393		6	1
0x1c3800		objc	candidate	low	single	darwin01-dk:darwin01/driverkit-1/libDriver/Kernel/IOFrameBufferDisplay.m:693:showCursor:frame:token:	0	0.0	14.393		6	1
0x1c3cdc		objc	unmapped	unknown	single		0.0	0.0	100.647		0	0
0x1c4188		objc	unmapped	unknown	single		0.0	0.0	58.999		0	0
0x1c43dc		objc	unmapped	unknown	single		0.0	0.0	177.238		0	0
0x1c4b1c		objc	candidate	medium	single	darwin01-dk:darwin01/driverkit-1/libDriver/Kernel/IOFrameBufferDisplay.m:1551:_commitToPendingMode	8.858	0.0	10.709	bzero;strncpy	0	1
0x1c4c6c		objc	candidate	medium	single	darwin01-dk:darwin01/driverkit-1/libDriver/Kernel/IOFrameBufferDisplay.m:116:_registerWithED	17.803	0.0	19.654	%s: shmem_size > sizeof (StdFB;IOLog;memset	0	1
0x1c4d54		objc	candidate	medium	single	darwin01-dk:darwin01/driverkit-1/libDriver/Kernel/IOFrameBufferDisplay.m:707:setBrightness:token:	11.28	0.0	13.131	%s: Invalid arg to setBrightne;IOLog	0	1
0x1c4d88		objc	candidate	medium	single	darwin01-dk:darwin01/driverkit-1/libDriver/Kernel/IOFrameBufferDisplay.m:723:probe:	8.468	0.0	10.319	Linear Framebuffer	0	1
0x1c4dec		objc	candidate	medium	single	darwin01-dk:darwin01/driverkit-1/libDriver/Kernel/IOFrameBufferDisplay.m:739:initFromDeviceDescription:	13.678	0.0	19.063	Display%d;sprintf	0	1
0x1c4eac		objc	unmapped	unknown	single		0.0	0.0	10.319		0	0
0x1c4ecc		objc	unmapped	unknown	single		0.0	0.0	27.57		0	0
0x1c4fc4		objc	unmapped	unknown	single		0.0	0.0	34.981		0	0
0x1c50ec		objc	unmapped	unknown	single		0.0	0.0	0		0	0
0x1c50f4		objc	unmapped	unknown	single		0.0	0.0	0		0	0
0x1c50fc		objc	candidate	medium	single	darwin01-dk:darwin01/driverkit-1/libDriver/Kernel/IOFrameBufferDisplay.m:1154:setPendingDisplayMode:	20.442	0.0	22.293	%s: Display mode %d not availa;%s: Invalid display mode: %d\n;IOLog	0	1
0x1c5198		objc	candidate	low	single	darwin01-dk:darwin01/driverkit-1/libDriver/Kernel/IOFrameBufferDisplay.m:1173:pendingDisplayMode	0	0.0	0		0	1
0x1c51a8		objc	candidate	low	single	darwin01-dk:darwin01/driverkit-1/libDriver/Kernel/IOFrameBufferDisplay.m:1182:displayModeCount	0	0.0	0		0	1
0x1c51b8		objc	candidate	low	single	darwin01-dk:darwin01/driverkit-1/libDriver/Kernel/IOFrameBufferDisplay.m:1187:displayModes	0	0.0	0		0	1
0x1c51c8		objc	candidate	low	single	darwin01-dk:darwin01/driverkit-1/libDriver/Kernel/IOFrameBufferDisplay.m:1195:displayMemorySize	0	0.0	0		0	1
0x1c51d4		objc	candidate	low	single	darwin01-dk:darwin01/driverkit-1/libDriver/Kernel/IOFrameBufferDisplay.m:1200:ramdacSpeed	0	0.0	0		0	1
0x1c51e0		objc	unmapped	unknown	single		0.0	0.0	27.765		0	0
0x1c529c		objc	candidate	low	single	darwin01-dk:darwin01/driverkit-1/libDriver/Kernel/IOFrameBufferDisplay.m:1355:selectMode:count:	0	0	1.851		0	3
0x1c52c0		objc	unmapped	unknown	single		0.0	0.0	1.851		0	0
0x1c52e8		objc	candidate	low	single	darwin01-dk:darwin01/driverkit-1/libDriver/Kernel/IOFrameBufferDisplay.m:1538:setTransferTable:count:	0	0.0	0		0	1
0x1c52f4		objc	candidate	low	single	darwin01-dk:darwin01/driverkit-1/libDriver/Kernel/IOSVGADisplay.m:218:_VGADisplayCursor:shmem:	0	0.0	1.851		0	1
0x1c5604		objc	candidate	low	single	darwin01-dk:darwin01/driverkit-1/libDriver/Kernel/IOSVGADisplay.m:362:_VGARemoveCursor:shmem:	0	0.0	1.851		0	1
0x1c58bc		objc	unmapped	unknown	single		0.0	0.0	177.238		0	0
0x1c5fd4		objc	candidate	low	single	darwin01-dk:darwin01/driverkit-1/libDriver/Kernel/IOSVGADisplay.m:102:_shmem	0	0.0	0		0	1
0x1c5fe4		objc	candidate	medium	single	darwin01-dk:darwin01/driverkit-1/libDriver/Kernel/IOSVGADisplay.m:110:_registerWithED	15.582	0.0	17.433	%s: shmem_size > sizeof (VGASh;IOLog;bzero	0	1
0x1c60d4		objc	candidate	low	single	darwin01-dk:darwin01/driverkit-1/libDriver/Kernel/IOSVGADisplay.m:149:_readBpp4planar:toBpp2packed32:	0	0.0	1.851		0	1
0x1c6284		objc	candidate	low	single	darwin01-dk:darwin01/driverkit-1/libDriver/Kernel/IOSVGADisplay.m:177:_writeBpp2packed32:toBpp4planar:	0	0.0	1.851		0	1
0x1c6460		objc	candidate	low	single	darwin01-dk:darwin01/driverkit-1/libDriver/Kernel/IOSVGADisplay.m:485:_displayCursor:shmem:	0	0.0	1.851		0	1
0x1c64c0		objc	candidate	low	single	darwin01-dk:darwin01/driverkit-1/libDriver/Kernel/IOSVGADisplay.m:499:_sysHideCursor:shmem:	0	0.0	1.851		0	1
0x1c64ec		objc	candidate	low	single	darwin01-dk:darwin01/driverkit-1/libDriver/Kernel/IOSVGADisplay.m:507:_sysShowCursor:shmem:	0	0.0	1.851		0	1
0x1c6520		objc	candidate	low	single	darwin01-dk:darwin01/driverkit-1/libDriver/Kernel/IOSVGADisplay.m:515:_checkShield:shmem:	0	0.0	1.851		0	1
0x1c65d4		objc	candidate	medium	single	darwin01-dk:darwin01/driverkit-1/libDriver/Kernel/IOSVGADisplay.m:560:_generateName:andUnit:	13.678	0.0	13.678	SVGADisplay%d;sprintf	0	1
0x1c6600		objc	candidate	low	single	darwin01-dk:darwin01/driverkit-1/libDriver/Kernel/IOSVGADisplay.m:582:hideCursor:	0	0.0	14.393		0	1
0x1c6670		objc	candidate	low	single	darwin01-dk:darwin01/driverkit-1/libDriver/Kernel/IOSVGADisplay.m:590:moveCursor:frame:token:	0	0.0	14.393		0	1
0x1c6764		objc	candidate	low	single	darwin01-dk:darwin01/driverkit-1/libDriver/Kernel/IOSVGADisplay.m:618:showCursor:frame:token:	0	0.0	14.393		0	1
0x1c67f8		objc	candidate	low	single	darwin01-dk:darwin01/driverkit-1/libDriver/Kernel/IOSVGADisplay.m:643:setReadSegment:	0	0.0	0		0	1
0x1c6800		objc	candidate	low	single	darwin01-dk:darwin01/driverkit-1/libDriver/Kernel/IOSVGADisplay.m:650:setWriteSegment:	0	0.0	0		0	1
0x1c6808		objc	candidate	low	single	darwin01-dk:darwin01/driverkit-1/libDriver/Kernel/IOSVGADisplay.m:657:setReadPlane:	0	0.0	0		0	1
0x1c6810		objc	candidate	low	single	darwin01-dk:darwin01/driverkit-1/libDriver/Kernel/IOSVGADisplay.m:664:setWritePlane:	0	0.0	0		0	1
0x1c6818		objc	candidate	low	single	darwin01-dk:darwin01/driverkit-1/libDriver/Kernel/IOSVGADisplay.m:672:savePlaneAndSegmentSettings	0	0.0	0		0	1
0x1c6820		objc	candidate	low	single	darwin01-dk:darwin01/driverkit-1/libDriver/Kernel/IOSVGADisplay.m:679:restorePlaneAndSegmentSettings	0	0.0	0		0	1
0x1c6828		objc	candidate	low	single	darwin01-dk:darwin01/driverkit-1/libDriver/Kernel/IOSVGADisplay.m:686:enterSVGAMode	0	0.0	0		0	1
0x1c6830		objc	candidate	low	single	darwin01-dk:darwin01/driverkit-1/libDriver/Kernel/IOSVGADisplay.m:694:revertToVGAMode	0	0.0	0		0	1
0x1c6838		objc	unmapped	unknown	single		0.0	0.0	27.765		0	0
0x1c68c4		objc	candidate	low	single	darwin01-dk:darwin01/driverkit-1/libDriver/Kernel/IOSVGADisplay.m:918:selectMode:count:	0	0.0	1.851		0	1
0x1c68e8		objc	candidate	medium	single	darwin01-dk:darwin01/driverkit-1/libDriver/Kernel/IOSVGADisplay.m:925:probe:	8.468	0.0	10.319	frame buffer	0	1
0x1c694c		objc	candidate	low	single	darwin01-dk:darwin01/driverkit-1/libDriver/Kernel/IOSVGADisplay.m:948:initFromDeviceDescription:	0	0.0	5.385		0	1
0x1c69dc		objc	candidate	medium	single	darwin01-dk:darwin01/driverkit-1/libDriver/Kernel/IOSVGADisplay.m:967:setBrightness:token:	11.28	0.0	13.131	%s: Invalid arg to setBrightne;IOLog	0	1
0x1c6a10		objc	unmapped	unknown	single		0.0	0.0	28.71		0	0
0x1c6b70		objc	unmapped	unknown	single		0.0	0.0	20.935		0	0
0x1c6c24		objc	unmapped	unknown	single		0.0	0.0	10.319		0	0
0x1c6c44		objc	candidate	medium	single	darwin01-dk:darwin01/driverkit-1/libDriver/i386/IOVPCodeDisplay.m:49:getPixelEncoding	77.08	0.0	95.867	%s: Can't obtain pixel encodin;%s: Getting pixel encoding.\n;%s: Sorry, color space %d is n;%s: invalid `bitsPerPixel' (%d;%s: invalid `bitsPerPixel' (%d;%s: pixelEncoding = `%s'.\n;-RRRRRGGGGGBBBBB;IOLog;RRRRGGGGBBBB----;memset	0	1
0x1c6ec8		objc	candidate	medium	single	darwin01-dk:darwin01/driverkit-1/libDriver/i386/IOVPCodeDisplay.m:136:getDisplayInfo	62.783	0.0	64.634	%s: Failed to obtain display i;%s: Failed to set default mode;%s: Failed to verify mode.\n;%s: Getting display info.\n;%s: IOVPCodeDisplay: Initializ;%s: Selected mode is invalid.\n;%s: verifying selected mode.\n;IOLog	0	1
0x1c7048		objc	candidate	medium	single	darwin01-dk:darwin01/driverkit-1/libDriver/i386/IOVPCodeDisplay.m:388:setGammaTable	62.09	0.0	63.941	%08x ;%s: ;%s: Can't set transfer table: ;%s: Transfer table:\n;%s: setting transfer table.\n;%s: transfer table address is ;%s: using transfer table at 0x;IOLog	0	1
0x1c72c0		objc	candidate	medium	single	darwin01-dk:darwin01/driverkit-1/libDriver/i386/IOVPCodeDisplay.m:480:jumpTo:withInitialSRegs:	67.226	0.0	69.077	%s: No vpcode to run.\n;%s: Unrecognized opcode: 0x%08;%s: invalid video ram address:;%s: load address is out of ran;%s: program counter is out of ;%s: store address is out of ra;IODelay;IOLog;memset	0	1
0x1c7bac		objc	candidate	medium	single	darwin01-dk:darwin01/driverkit-1/libDriver/i386/IOVPCodeDisplay.m:836:getVPCodeFilename:count:	125.9	0.0	127.75	%s: Searching for key `%s'.\n;%s: Using vpcode from `%s'.\n;BW:2;BW:8;ColorSpace:;Display Mode;Height:;IOLog;RGB:444/16;RGB:555/16;RGB:888/32;Refresh:;Width:;[%d x %d x %s @ %d];sprintf;strcpy;strncmp;strtol	0	1
0x1c7f58		objc	candidate	medium	single	darwin01-dk:darwin01/driverkit-1/libDriver/i386/IOVPCodeDisplay.m:185:enterLinearMode	34.739	0.0	36.59	%s: Enabling linear framebuffe;%s: Failed to initialize mode.;%s: Initializing video mode.\n;IOLog;memset	0	1
0x1c8050		objc	candidate	medium	single	darwin01-dk:darwin01/driverkit-1/libDriver/i386/IOVPCodeDisplay.m:222:revertToVGAMode	11.974	0.0	17.358	%s: Resetting VGA parameters.\n;IOLog	0	1
0x1c80bc		objc	candidate	medium	single	darwin01-dk:darwin01/driverkit-1/libDriver/i386/IOVPCodeDisplay.m:237:setBrightness:token:	11.974	0.0	13.824	IOLog;QVision: Invalid brightness le	0	1
0x1c80f8		objc	candidate	medium	single	darwin01-dk:darwin01/driverkit-1/libDriver/i386/IOVPCodeDisplay.m:250:setTransferTable:count:	8.356	0.0	10.207	IOFree;IOMalloc	0	1
0x1c821c		objc	candidate	low	single	darwin01-dk:darwin01/driverkit-1/libDriver/i386/IOVPCodeDisplay.m:335:_setDefaultGammaTable:	0	0.0	1.851		0	1
0x1c8384		objc	candidate	medium	single	darwin01-dk:darwin01/driverkit-1/libDriver/i386/IOVPCodeDisplay.m:444:initFromDeviceDescription:	28.91	0.0	34.295	%s: No memory range set.\n;Framebuffer Address = 0x%08x\n;IOLog;Video Ram Address = 0x%08x\n	0	1
0x1c84dc		objc	candidate	medium	single	darwin01-dk:darwin01/driverkit-1/libDriver/i386/IOVPCodeDisplay.m:791:runVPCode:withRegs:	34.046	0.0	35.897	%s: No vpcode to run.\n;%s: Running vpcode at 0x%x\n;%s: entry point is out of rang;IOLog;memset	0	1
0x1c85b4		objc	unmapped	unknown	single		0.0	0.0	25.826		0	0
0x1c865c		objc	unmapped	unknown	single		0.0	0.0	65.752		0	0
0x1c87e0	_IOMallocLow	named	candidate	medium	single	darwin01-dk:darwin01/driverkit-1/libDriver/Kernel/IOMallocLow.m:50:IOMallocLow	15.725	0.0	15.725	IOFree;IOMalloc;dma_buf_alloc	0	1
0x1c8864	_IOFreeLow	named	candidate	medium	single	darwin01-dk:darwin01/driverkit-1/libDriver/Kernel/IOMallocLow.m:72:IOFreeLow	23.22	0.0	23.22	IOFree;IOFreeLow: buf 0x%x not found\n;IOLog;dma_buf_free	0	1
0x1c88ec	_IOBreakToDebugger	named	candidate	low	single	darwin01-dk:darwin01/driverkit-1/libDriver/i386/machdepFuncs.m:38:IOBreakToDebugger	0	0.0	0		0	1
0x1c8900		unnamed	candidate	low	single	darwin01-dk:darwin01/driverkit-1/libDriver/Kernel/IOMallocLow.m:50:IOMallocLow	0	0	0		1	3
0x1c8920		unnamed	candidate	low	single	darwin01-dk:darwin01/driverkit-1/libDriver/Kernel/IOMallocLow.m:50:IOMallocLow	0	0	0		0	3
0x1c8938		unnamed	candidate	low	single	darwin01-dk:darwin01/driverkit-1/libDriver/Kernel/IOMallocLow.m:50:IOMallocLow	0	0	1.851		0	3
0x1c89c8		unnamed	candidate	low	single	darwin01-dk:darwin01/driverkit-1/libDriver/Kernel/IOMallocLow.m:50:IOMallocLow	0	0	7.141		0	3
0x1c8a60		unnamed	candidate	low	single	darwin01-dk:darwin01/driverkit-1/libDriver/Kernel/IOMallocLow.m:50:IOMallocLow	0	0	1.851		0	3
0x1c8a78		unnamed	candidate	low	single	darwin01-dk:darwin01/driverkit-1/libDriver/Kernel/IOMallocLow.m:50:IOMallocLow	0	0	0		0	3
0x1c8a80		objc	unmapped	unknown	single		0.0	0.0	1.851		0	0
0x1c8aa0		objc	unmapped	unknown	single		0.0	0.0	0		0	0
0x1c8ae8		objc	unmapped	unknown	single		0.0	0.0	7.375		0	0
0x1c8b28		objc	unmapped	unknown	single		0.0	0.0	1.851		0	0
0x1c8b4c		objc	unmapped	unknown	single		0.0	0.0	1.851		0	0
0x1c8b6c		objc	unmapped	unknown	single		0.0	0.0	1.851		0	0
0x1c8b88		objc	unmapped	unknown	single		0.0	0.0	8.122		2	0
0x1c8be4		objc	unmapped	unknown	single		0.0	0.0	7.375		0	0
0x1c8c24		objc	unmapped	unknown	single		0.0	0.0	1.851		0	0
0x1c8c48		objc	unmapped	unknown	single		0.0	0.0	1.851		0	0
0x1c8c68		objc	unmapped	unknown	single		0.0	0.0	1.851		0	0
0x1c8c84		objc	unmapped	unknown	single		0.0	0.0	10.762		0	0
0x1c8cd4		objc	unmapped	unknown	single		0.0	0.0	1.851		0	0
0x1c8d18		objc	unmapped	unknown	single		0.0	0.0	5.377		0	0
0x1c8d9c		objc	unmapped	unknown	single		0.0	0.0	5.377		0	0
0x1c8dec		objc	unmapped	unknown	single		0.0	0.0	1.851		0	0
0x1c8e94		objc	unmapped	unknown	single		0.0	0.0	0		0	0
0x1c8ea4		objc	unmapped	unknown	single		0.0	0.0	0		2	0
0x1c8f1c		objc	unmapped	unknown	single		0.0	0.0	0		2	0
0x1c8f94		objc	unmapped	unknown	single		0.0	0.0	13.057		2	0
0x1c90a8		objc	unmapped	unknown	single		0.0	0.0	8.122		0	0
0x1c91c8		objc	unmapped	unknown	single		0.0	0.0	13.057		2	0
0x1c9330		objc	unmapped	unknown	single		0.0	0.0	0		0	0
0x1c9348		objc	unmapped	unknown	single		0.0	0.0	0		0	0
0x1c93b0		objc	unmapped	unknown	single		0.0	0.0	0		0	0
0x1c93bc		objc	unmapped	unknown	single		0.0	0.0	0		0	0
0x1c93c8		unnamed	candidate	low	single	darwin01-dk:darwin01/driverkit-1/libDriver/i386/machdepFuncs.m:38:IOBreakToDebugger	0	0.0	43.093		0	1
0x1c9438		objc	unmapped	unknown	single		0.0	0.0	32.081		2	0
0x1c951c		objc	unmapped	unknown	single		0.0	0.0	1.851		0	0
0x1c9540		objc	unmapped	unknown	single		0.0	0.0	1.851		0	0
0x1c9560		objc	unmapped	unknown	single		0.0	0.0	1.851		0	0
0x1c95b0		objc	unmapped	unknown	single		0.0	0.0	7.375		0	0
0x1c95e8		objc	unmapped	unknown	single		0.0	0.0	1.851		0	0
0x1c9604		objc	unmapped	unknown	single		0.0	0.0	1.851		0	0
0x1c9620		objc	unmapped	unknown	single		0.0	0.0	8.911		0	0
0x1c9658		objc	unmapped	unknown	single		0.0	0.0	1.851		0	0
0x1c9694		objc	unmapped	unknown	single		0.0	0.0	7.68		0	0
0x1c96fc		objc	unmapped	unknown	single		0.0	0.0	1.851		0	0
0x1c975c		objc	unmapped	unknown	single		0.0	0.0	0		0	0
0x1c976c		objc	unmapped	unknown	single		0.0	0.0	0		0	0
0x1c977c		objc	unmapped	unknown	single		0.0	0.0	0		0	0
0x1c979c		objc	unmapped	unknown	single		0.0	0.0	0		0	0
0x1c97e4		objc	unmapped	unknown	single		0.0	0.0	0		0	0
0x1c9808		objc	unmapped	unknown	single		0.0	0.0	1.851		0	0
0x1c9860		objc	unmapped	unknown	single		0.0	0.0	1.851		0	0
0x1c9914		objc	unmapped	unknown	single		0.0	0.0	1.851		0	0
0x1c9934		objc	unmapped	unknown	single		0.0	0.0	1.851		0	0
0x1c9988		objc	unmapped	unknown	single		0.0	0.0	0		0	0
0x1c99e0		objc	unmapped	unknown	single		0.0	0.0	1.851		0	0
0x1c9a30		objc	unmapped	unknown	single		0.0	0.0	1.851		0	0
0x1c9a5c		objc	unmapped	unknown	single		0.0	0.0	0		0	0
0x1c9a70		objc	unmapped	unknown	single		0.0	0.0	0		0	0
0x1c9abc		objc	unmapped	unknown	single		0.0	0.0	0		0	0
0x1c9af4		objc	unmapped	unknown	single		0.0	0.0	0		0	0
0x1c9b00		objc	unmapped	unknown	single		0.0	0.0	0		0	0
0x1c9b0c		objc	unmapped	unknown	single		0.0	0.0	1.851		0	0
0x1c9b4c		objc	unmapped	unknown	single		0.0	0.0	1.851		0	0
0x1c9b90		objc	unmapped	unknown	single		0.0	0.0	1.851		0	0
0x1c9be8		objc	unmapped	unknown	single		0.0	0.0	0		0	0
0x1c9bf4		objc	unmapped	unknown	single		0.0	0.0	0		0	0
0x1c9c00		objc	unmapped	unknown	single		0.0	0.0	0		1	0
0x1c9c18		objc	unmapped	unknown	single		0.0	0.0	1.851		1	0
0x1c9c50		objc	unmapped	unknown	single		0.0	0.0	5.524		1	0
0x1c9c70		objc	unmapped	unknown	single		0.0	0.0	0		1	0
0x1c9c88		objc	unmapped	unknown	single		0.0	0.0	0		0	0
0x1c9c94		objc	unmapped	unknown	single		0.0	0.0	0		0	0
0x1c9ca4		objc	unmapped	unknown	single		0.0	0.0	0		0	0
0x1c9cb4		objc	unmapped	unknown	single		0.0	0.0	0		0	0
0x1c9cc4		objc	unmapped	unknown	single		0.0	0.0	0		0	0
0x1c9cdc		objc	unmapped	unknown	single		0.0	0.0	0		1	0
0x1c9cf0		objc	unmapped	unknown	single		0.0	0.0	0		0	0
0x1c9cfc		objc	unmapped	unknown	single		0.0	0.0	0		0	0
0x1c9d08		objc	unmapped	unknown	single		0.0	0.0	0		0	0
0x1c9d14		objc	unmapped	unknown	single		0.0	0.0	0		0	0
0x1c9d20		objc	unmapped	unknown	single		0.0	0.0	11.795		0	0
0x1c9d3c		objc	unmapped	unknown	single		0.0	0.0	0		0	0
0x1c9d4c		objc	unmapped	unknown	single		0.0	0.0	0		0	0
0x1c9d5c		objc	unmapped	unknown	single		0.0	0.0	0		0	0
0x1c9d6c		objc	unmapped	unknown	single		0.0	0.0	0		0	0
0x1c9d7c		objc	unmapped	unknown	single		0.0	0.0	0		0	0
0x1c9dac		objc	unmapped	unknown	single		0.0	0.0	0		0	0
0x1c9dc4		objc	unmapped	unknown	single		0.0	0.0	5.29		0	0
0x1c9e04		objc	unmapped	unknown	single		0.0	0.0	5.29		0	0
0x1c9e28		objc	unmapped	unknown	single		0.0	0.0	7.775		0	0
0x1c9e40		objc	unmapped	unknown	single		0.0	0.0	7.775		0	0
0x1c9e5c		objc	unmapped	unknown	single		0.0	0.0	1.851		0	0
0x1c9e88		objc	unmapped	unknown	single		0.0	0.0	0		1	0
0x1c9ea0		objc	unmapped	unknown	single		0.0	0.0	7.775		0	0
0x1c9eb8		objc	unmapped	unknown	single		0.0	0.0	7.775		0	0
0x1c9ecc		objc	unmapped	unknown	single		0.0	0.0	15.491		0	0
0x1c9f10		objc	unmapped	unknown	single		0.0	0.0	15.491		0	0
0x1c9f58		objc	unmapped	unknown	single		0.0	0.0	15.491		0	0
0x1c9fa4		objc	unmapped	unknown	single		0.0	0.0	16.59		0	0
0x1c9fd0		objc	unmapped	unknown	single		0.0	0.0	16.59		0	0
0x1c9ffc		objc	unmapped	unknown	single		0.0	0.0	16.59		0	0
0x1ca03c		objc	unmapped	unknown	single		0.0	0.0	7.775		1	0
0x1ca06c		objc	unmapped	unknown	single		0.0	0.0	30.289		0	0
0x1ca09c		objc	unmapped	unknown	single		0.0	0.0	0		0	0
0x1ca0a8		objc	unmapped	unknown	single		0.0	0.0	0		0	0
0x1ca0b4		objc	unmapped	unknown	single		0.0	0.0	1.851		0	0
0x1ca0d0		objc	unmapped	unknown	single		0.0	0.0	16.936		0	0
0x1ca0fc		objc	unmapped	unknown	single		0.0	0.0	10.319		0	0
0x1ca14c		objc	unmapped	unknown	single		0.0	0.0	1.851		0	0
0x1ca16c		objc	unmapped	unknown	single		0.0	0.0	1.851		0	0
0x1ca1e0		objc	unmapped	unknown	single		0.0	0.0	1.851		0	0
0x1ca2b8		objc	unmapped	unknown	single		0.0	0.0	1.851		0	0
0x1ca3a0		objc	unmapped	unknown	single		0.0	0.0	1.851		0	0
0x1ca3b8		objc	unmapped	unknown	single		0.0	0.0	1.851		0	0
0x1ca3d0		objc	unmapped	unknown	single		0.0	0.0	1.851		0	0
0x1ca3f0		objc	unmapped	unknown	single		0.0	0.0	1.851		0	0
0x1ca410		objc	unmapped	unknown	single		0.0	0.0	1.851		0	0
0x1ca42c		objc	unmapped	unknown	single		0.0	0.0	1.851		0	0
0x1ca448		objc	unmapped	unknown	single		0.0	0.0	0		1	0
0x1ca45c		objc	unmapped	unknown	single		0.0	0.0	16.59		0	0
0x1ca488	__internal_object_copyFromZone	named	unmapped	unknown	single		0.0	0.0	5.829		1	0
0x1ca4c8	__internal_object_copy	named	unmapped	unknown	single		0.0	0.0	20.263		0	0
0x1ca4f4	__internal_object_dispose	named	unmapped	unknown	single		0.0	0.0	13.152		0	0
0x1ca518	__internal_object_reallocFromZone	named	unmapped	unknown	single		0.0	0.0	54.713		0	0
0x1ca5b4	__internal_object_realloc	named	unmapped	unknown	single		0.0	0.0	20.263		0	0
0x1ca5e0	_object_copy	named	unmapped	unknown	single		0.0	0.0	0		1	0
0x1ca5f8	_object_copyFromZone	named	unmapped	unknown	single		0.0	0.0	0		1	0
0x1ca614	_object_dispose	named	unmapped	unknown	single		0.0	0.0	0		1	0
0x1ca628	_object_realloc	named	unmapped	unknown	single		0.0	0.0	0		1	0
0x1ca640	_object_reallocFromZone	named	unmapped	unknown	single		0.0	0.0	0		1	0
0x1ca65c	_object_setInstanceVariable	named	unmapped	unknown	single		0.0	0.0	7.775		0	0
0x1ca694	_object_getInstanceVariable	named	unmapped	unknown	single		0.0	0.0	7.775		0	0
0x1ca6dc		objc	unmapped	unknown	single		0.0	0.0	22.92		0	0
0x1ca754		objc	unmapped	unknown	single		0.0	0.0	7.141		0	0
0x1ca7e8		objc	unmapped	unknown	single		0.0	0.0	0		2	0
0x1ca820		objc	unmapped	unknown	single		0.0	0.0	0		2	0
0x1ca858		objc	unmapped	unknown	single		0.0	0.0	0		0	0
0x1ca868		unnamed	candidate	low	single	darwin01:darwin01/kernel/driverkit/objc_support.m:46:NXFlush	0	0	0		0	16
0x1ca8a0		unnamed	candidate	low	single	darwin01:darwin01/kernel/driverkit/objc_support.m:46:NXFlush	0	0	0		2	16
0x1ca900		unnamed	candidate	low	single	darwin01:darwin01/kernel/driverkit/objc_support.m:46:NXFlush	0	0	0		2	16
0x1ca960		unnamed	candidate	low	single	darwin01:darwin01/kernel/driverkit/objc_support.m:46:NXFlush	0	0	7.775		0	16
0x1ca9d0	__threadFreeExceptionStack	named	unmapped	unknown	single		0.0	0.0	0		0	0
0x1caa08		unnamed	candidate	low	single	darwin01:darwin01/kernel/driverkit/objc_support.m:46:NXFlush	0	0	28.498		1	16
0x1cab50	__NXAddAltHandler	named	unmapped	unknown	single		0.0	0.0	24.067		1	0
0x1cac2c	__NXRemoveAltHandler	named	unmapped	unknown	single		0.0	0.0	0		1	0
0x1cac9c	__NXAddHandler	named	unmapped	unknown	single		0.0	0.0	6.676		1	0
0x1cacdc	__NXRemoveHandler	named	unmapped	unknown	single		0.0	0.0	0		1	0
0x1cad10	_NXSetExceptionRaiser	named	unmapped	unknown	single		0.0	0.0	0		0	0
0x1cad20	_NXGetExceptionRaiser	named	unmapped	unknown	single		0.0	0.0	0		0	0
0x1cad2c	__NXRaiseError	named	unmapped	unknown	single		0.0	0.0	7.082		1	0
0x1cad48	_NXDefaultExceptionRaiser	named	unmapped	unknown	single		0.0	0.0	24.958		1	0
0x1cae30	_NXAllocErrorData	named	unmapped	unknown	single		0.0	0.0	7.37		0	0
0x1caea8	_NXResetErrorData	named	unmapped	unknown	single		0.0	0.0	0		0	0
0x1caebc		unnamed	candidate	low	single	darwin01:darwin01/kernel/driverkit/objc_support.m:46:NXFlush	0	0	0		1	16
0x1caedc		unnamed	candidate	low	single	darwin01:darwin01/kernel/driverkit/objc_support.m:46:NXFlush	0	0	0		0	16
0x1caef4		unnamed	candidate	low	single	darwin01:darwin01/kernel/driverkit/objc_support.m:46:NXFlush	0	0	7.082		0	16
0x1caf40		unnamed	candidate	low	single	darwin01:darwin01/kernel/driverkit/objc_support.m:46:NXFlush	0	0	0		0	16
0x1caf74		unnamed	candidate	low	single	darwin01:darwin01/kernel/driverkit/objc_support.m:46:NXFlush	0	0	23.694		0	16
0x1cafec	_NXCreateHashTable	named	unmapped	unknown	single		0.0	0.0	13.299		0	0
0x1cb020	_NXCreateHashTableFromZone	named	unmapped	unknown	single		0.0	0.0	53.519		3	0
0x1cb124		unnamed	candidate	low	single	darwin01:darwin01/kernel/driverkit/objc_support.m:46:NXFlush	0	0	5.377		0	16
0x1cb174		unnamed	candidate	low	single	darwin01:darwin01/kernel/driverkit/objc_support.m:46:NXFlush	0	0	0		1	16
0x1cb1d8	_NXFreeHashTable	named	unmapped	unknown	single		0.0	0.0	5.377		1	0
0x1cb200	_NXEmptyHashTable	named	unmapped	unknown	single		0.0	0.0	0		1	0
0x1cb220	_NXResetHashTable	named	unmapped	unknown	single		0.0	0.0	0		1	0
0x1cb240	_NXIsEqualHashTable	named	unmapped	unknown	single		0.0	0.0	28.189		0	0
0x1cb2b4	_NXCompareHashTables	named	unmapped	unknown	single		0.0	0.0	28.189		0	0
0x1cb328	_NXCopyHashTable	named	unmapped	unknown	single		0.0	0.0	31.752		0	0
0x1cb3ac	_NXCountHashTable	named	unmapped	unknown	single		0.0	0.0	0		0	0
0x1cb3bc	_NXHashMember	named	unmapped	unknown	single		0.0	0.0	0		0	0
0x1cb464	_NXHashGet	named	unmapped	unknown	single		0.0	0.0	0		0	0
0x1cb504		unnamed	candidate	low	single	darwin01:darwin01/kernel/driverkit/objc_support.m:46:NXFlush	0	0	51.869		1	16
0x1cb5c8	_NXHashInsert	named	unmapped	unknown	single		0.0	0.0	23.748		1	0
0x1cb738	_NXHashInsertIfAbsent	named	unmapped	unknown	single		0.0	0.0	23.748		1	0
0x1cb8ac	_NXHashRemove	named	unmapped	unknown	single		0.0	0.0	23.748		0	0
0x1cbaa0	_NXInitHashState	named	unmapped	unknown	single		0.0	0.0	0		0	0
0x1cbab8	_NXNextHashState	named	unmapped	unknown	single		0.0	0.0	0		0	0
0x1cbb1c	_NXPtrHash	named	unmapped	unknown	single		0.0	0.0	0		0	0
0x1cbb2c	_NXStrHash	named	unmapped	unknown	single		0.0	0.0	0		0	0
0x1cbb7c	_NXPtrIsEqual	named	unmapped	unknown	single		0.0	0.0	0		0	0
0x1cbb94	_NXStrIsEqual	named	unmapped	unknown	single		0.0	0.0	5.29		0	0
0x1cbc00	_NXNoEffectFree	named	unmapped	unknown	single		0.0	0.0	0		0	0
0x1cbc08	_NXReallyFree	named	unmapped	unknown	single		0.0	0.0	5.377		0	0
0x1cbc18	_hashPtrStructKey	named	unmapped	unknown	single		0.0	0.0	7.082		0	0
0x1cbc30	_isEqualPtrStructKey	named	unmapped	unknown	single		0.0	0.0	8.468		0	0
0x1cbc4c	_hashStrStructKey	named	unmapped	unknown	single		0.0	0.0	8.468		0	0
0x1cbc64	_isEqualStrStructKey	named	unmapped	unknown	single		0.0	0.0	8.468		0	0
0x1cbc80		unnamed	candidate	low	single	darwin01:darwin01/kernel/driverkit/objc_support.m:89:kern_malloc	3.519	3.519	16.025	kalloc	0	16
0x1cbd64	_NXUniqueString	named	unmapped	unknown	single		0.0	0.0	34.509		1	0
0x1cbdfc	_NXUniqueStringNoCopy	named	unmapped	unknown	single		0.0	0.0	15.55		0	0
0x1cbe50	_NXUniqueStringWithLength	named	unmapped	unknown	single		0.0	0.0	25.504		0	0
0x1cbeb8	_NXCopyStringBufferFromZone	named	unmapped	unknown	single		0.0	0.0	5.424		0	0
0x1cbef8	_NXCopyStringBuffer	named	unmapped	unknown	single		0.0	0.0	13.992		0	0
0x1cbf14		unnamed	candidate	low	single	darwin01:darwin01/kernel/driverkit/objc_support.m:46:NXFlush	0	0	0		1	16
0x1cbf34		unnamed	candidate	low	single	darwin01:darwin01/kernel/driverkit/objc_support.m:46:NXFlush	0	0	7.082		0	16
0x1cbf80		unnamed	candidate	low	single	darwin01:darwin01/kernel/driverkit/objc_support.m:46:NXFlush	0	0	0		0	16
0x1cbfb4	_NXCreateMapTableFromZone	named	unmapped	unknown	single		0.0	0.0	41.031		1	0
0x1cc0dc	_NXCreateMapTable	named	unmapped	unknown	single		0.0	0.0	12.893		0	0
0x1cc108	_NXFreeMapTable	named	unmapped	unknown	single		0.0	0.0	13.845		0	0
0x1cc12c	_NXResetMapTable	named	unmapped	unknown	single		0.0	0.0	0		0	0
0x1cc184	_NXCompareMapTables	named	unmapped	unknown	single		0.0	0.0	25.405		0	0
0x1cc1f0	_NXCountMapTable	named	unmapped	unknown	single		0.0	0.0	0		0	0
0x1cc200	_NXMapMember	named	unmapped	unknown	single		0.0	0.0	0		0	0
0x1cc2f8	_NXMapGet	named	unmapped	unknown	single		0.0	0.0	0		0	0
0x1cc3f8		unnamed	candidate	low	single	darwin01:darwin01/kernel/driverkit/objc_support.m:46:NXFlush	0	0	33.469		0	16
0x1cc4d4	_NXMapInsert	named	unmapped	unknown	single		0.0	0.0	23.207		2	0
0x1cc6ec	_NXMapRemove	named	unmapped	unknown	single		0.0	0.0	42.189		0	0
0x1cc9c4	_NXInitMapState	named	unmapped	unknown	single		0.0	0.0	0		0	0
0x1cc9d4	_NXNextMapState	named	unmapped	unknown	single		0.0	0.0	0		0	0
0x1cca20	__mapPtrHash	named	unmapped	unknown	single		0.0	0.0	0		0	0
0x1cca30	__mapStrHash	named	unmapped	unknown	single		0.0	0.0	0		0	0
0x1cca80	__mapObjectHash	named	unmapped	unknown	single		0.0	0.0	1.851		0	0
0x1cca98	__mapPtrIsEqual	named	unmapped	unknown	single		0.0	0.0	0		0	0
0x1ccab0	__mapStrIsEqual	named	unmapped	unknown	single		0.0	0.0	5.29		0	0
0x1ccb1c	__mapObjectIsEqual	named	unmapped	unknown	single		0.0	0.0	1.851		0	0
0x1ccb3c	__mapNoFree	named	unmapped	unknown	single		0.0	0.0	0		0	0
0x1ccb44	__mapObjectFree	named	unmapped	unknown	single		0.0	0.0	1.851		0	0
0x1ccb5c	_object_getClassName	named	unmapped	unknown	single		0.0	0.0	8.468		0	0
0x1ccb7c	_object_getIndexedIvars	named	unmapped	unknown	single		0.0	0.0	0		0	0
0x1ccb90	__internal_class_createInstanceFromZone	named	unmapped	unknown	single		0.0	0.0	26.934		0	0
0x1ccbf8	_class_createInstanceFromZone	named	unmapped	unknown	single		0.0	0.0	0		1	0
0x1ccc14	__internal_class_createInstance	named	unmapped	unknown	single		0.0	0.0	13.992		0	0
0x1ccc38	_class_createInstance	named	unmapped	unknown	single		0.0	0.0	0		1	0
0x1ccc50	_class_setVersion	named	unmapped	unknown	single		0.0	0.0	0		0	0
0x1ccc60	_class_getVersion	named	unmapped	unknown	single		0.0	0.0	0		0	0
0x1ccc70	_class_getInstanceMethod	named	unmapped	unknown	single		0.0	0.0	0		0	0
0x1cccc0	_class_getClassMethod	named	unmapped	unknown	single		0.0	0.0	0		0	0
0x1ccd18		unnamed	candidate	low	single	darwin01:darwin01/kernel/driverkit/objc_support.m:46:NXFlush	0	0	5.29		0	16
0x1ccd7c	_class_getInstanceVariable	named	unmapped	unknown	single		0.0	0.0	0		1	0
0x1ccda0		unnamed	candidate	low	single	darwin01:darwin01/kernel/driverkit/objc_support.m:46:NXFlush	0	0	20.82		3	16
0x1cce48	__objc_flush_caches	named	unmapped	unknown	single		0.0	0.0	0		1	0
0x1cce5c	_class_addMethods	named	unmapped	unknown	single		0.0	0.0	0		1	0
0x1cce7c	_class_addClassMethods	named	unmapped	unknown	single		0.0	0.0	8.468		0	0
0x1cce94	_class_removeMethods	named	unmapped	unknown	single		0.0	0.0	0		1	0
0x1ccedc	__class_removeProtocols	named	unmapped	unknown	single		0.0	0.0	0		0	0
0x1ccf18	_objc_getOrigClass	named	unmapped	unknown	single		0.0	0.0	12.747		0	0
0x1ccf4c		unnamed	candidate	low	single	darwin01:darwin01/kernel/driverkit/objc_support.m:46:NXFlush	0	0	27.987		0	16
0x1ccfbc	_class_poseAs	named	unmapped	unknown	single		0.0	0.0	110.763		3	0
0x1cd25c		unnamed	candidate	low	single	darwin01:darwin01/kernel/driverkit/objc_support.m:46:NXFlush	0	0	21.821		0	16
0x1cd284		unnamed	candidate	low	single	darwin01:darwin01/kernel/driverkit/objc_support.m:46:NXFlush	0	0	1.851		1	16
0x1cd300	__class_install_relationships	named	unmapped	unknown	single		0.0	0.0	20.522		0	0
0x1cd3b0		unnamed	candidate	low	single	darwin01:darwin01/kernel/driverkit/objc_support.m:46:NXFlush	0	0	20.617		0	16
0x1cd3f0	_class_respondsToMethod	named	unmapped	unknown	single		0.0	0.0	5.524		2	0
0x1cd4c0	_class_lookupMethod	named	unmapped	unknown	single		0.0	0.0	17.689		0	0
0x1cd52c	_class_lookupMethodInMethodList	named	unmapped	unknown	single		0.0	0.0	0		0	0
0x1cd558	__cache_create	named	unmapped	unknown	single		0.0	0.0	5.524		0	0
0x1cd5b4		unnamed	candidate	low	single	darwin01:darwin01/kernel/driverkit/objc_support.m:46:NXFlush	0	0	13.992		0	16
0x1cd76c		unnamed	candidate	low	single	darwin01:darwin01/kernel/driverkit/objc_support.m:46:NXFlush	0	0	0		2	16
0x1cd7ec		unnamed	candidate	low	single	darwin01:darwin01/kernel/driverkit/objc_support.m:46:NXFlush	0	0	5.524		0	16
0x1cd85c	__objc_getFreedObjectClass	named	unmapped	unknown	single		0.0	0.0	0		0	0
0x1cd868	__class_lookupMethodAndLoadCache	named	unmapped	unknown	single		0.0	0.0	10.901		3	0
0x1cd92c		unnamed	candidate	low	single	darwin01:darwin01/kernel/driverkit/objc_support.m:46:NXFlush	0	0	14.739		0	16
0x1cd9a4		unnamed	candidate	low	single	darwin01:darwin01/kernel/driverkit/objc_support.m:46:NXFlush	0	0	0		1	16
0x1cdb44	_method_getNumberOfArguments	named	unmapped	unknown	single		0.0	0.0	0		2	0
0x1cdb98	_method_getSizeOfArguments	named	unmapped	unknown	single		0.0	0.0	0		1	0
0x1cdbd0	_method_getArgumentInfo	named	unmapped	unknown	single		0.0	0.0	0		3	0
0x1cdcd8	__objc_create_zone	named	unmapped	unknown	single		0.0	0.0	25.405		0	0
0x1cdd10	___objc_error	named	unmapped	unknown	single		0.0	0.0	7.775		1	0
0x1cdd3c	__NXLogError	named	unmapped	unknown	single		0.0	0.0	12.929		0	0
0x1cdd80	__objc_error	named	unmapped	unknown	single		0.0	0.0	35.156		0	0
0x1cdddc	__objc_fatal	named	unmapped	unknown	single		0.0	0.0	23.086		0	0
0x1cddfc	__objc_inform	named	unmapped	unknown	single		0.0	0.0	12.929		0	0
0x1cdeb0		unnamed	candidate	low	single	darwin01:darwin01/kernel/driverkit/objc_support.m:46:NXFlush	0	0	7.37		0	16
0x1cdec4		unnamed	candidate	low	single	darwin01:darwin01/kernel/driverkit/objc_support.m:46:NXFlush	0	0	6.522		0	16
0x1cded4		unnamed	candidate	low	single	darwin01:darwin01/kernel/driverkit/objc_support.m:46:NXFlush	0	0	5.377		0	16
0x1cdee8		unnamed	candidate	low	single	darwin01:darwin01/kernel/driverkit/objc_support.m:46:NXFlush	0	0	0		0	16
0x1cdef0	_NXDefaultMallocZone	named	candidate	low	single	darwin01:darwin01/kernel/driverkit/objc_support.m:172:NXDefaultMallocZone	0	0.0	0		0	1
0x1cdefc	_NXZoneFromPtr	named	candidate	low	single	darwin01:darwin01/kernel/driverkit/objc_support.m:177:NXZoneFromPtr	0	0.0	0		0	1
0x1cdf08	_NXCreateZone	named	candidate	low	single	darwin01:darwin01/kernel/driverkit/objc_support.m:183:NXCreateZone	0	0.0	0		0	1
0x1cdf14	_NXNameZone	named	candidate	low	single	darwin01:darwin01/kernel/driverkit/objc_support.m:188:NXNameZone	0	0.0	0		0	1
0x1cdf1c	_NXZoneCalloc	named	candidate	low	single	darwin01:darwin01/kernel/driverkit/objc_support.m:194:NXZoneCalloc	0	0.0	7.775		0	1
0x1cdf30		unnamed	candidate	low	single	darwin01:darwin01/kernel/driverkit/objc_support.m:46:NXFlush	0	0	0		0	16
0x1cdf50		unnamed	candidate	low	single	darwin01:darwin01/kernel/driverkit/objc_support.m:46:NXFlush	0	0	6.859		1	16
0x1cdf90		unnamed	candidate	low	single	darwin01:darwin01/kernel/driverkit/objc_support.m:46:NXFlush	0	0	12.236		0	16
0x1cdfd8		unnamed	candidate	low	single	darwin01:darwin01/kernel/driverkit/objc_support.m:46:NXFlush	0	0	6.859		1	16
0x1ce014		unnamed	candidate	low	single	darwin01:darwin01/kernel/driverkit/objc_support.m:46:NXFlush	0	0	12.236		0	16
0x1ce058		unnamed	candidate	low	single	darwin01:darwin01/kernel/driverkit/objc_support.m:46:NXFlush	0	0	33.674		0	16
0x1ce0cc	_objc_registerModule	named	unmapped	unknown	single		0.0	0.0	120.004		3	0
0x1ce740	_objc_unregisterModule	named	unmapped	unknown	single		0.0	0.0	74.917		2	0
0x1ce960	_objc_msgSend	named	unmapped	unknown	single		0.0	0.0	7.37		0	0
0x1cea70	_objc_msgSendSuper	named	unmapped	unknown	single		0.0	0.0	7.37		0	0
0x1cebb0	__objc_msgForward	named	unmapped	unknown	single		0.0	0.0	17.401		0	0
0x1cec00	_objc_msgSendv	named	unmapped	unknown	single		0.0	0.0	1.851		0	0
0x1cec30	_getsectdatafromheaderinfo	named	unmapped	unknown	single		0.0	0.0	6.676		0	0
0x1cec5c		unnamed	candidate	low	single	darwin01:darwin01/kernel/driverkit/objc_support.m:46:NXFlush	0	0	0		0	16
0x1cecb4		unnamed	candidate	low	single	darwin01:darwin01/kernel/driverkit/objc_support.m:46:NXFlush	0	0	5.29		0	16
0x1cece8	_objc_getClasses	named	unmapped	unknown	single		0.0	0.0	0		0	0
0x1cecf4		unnamed	candidate	low	single	darwin01:darwin01/kernel/driverkit/objc_support.m:46:NXFlush	0	0	15.145		0	16
0x1ced0c	_objc_setClassHandler	named	unmapped	unknown	single		0.0	0.0	0		0	0
0x1ced1c	_objc_getClass	named	unmapped	unknown	single		0.0	0.0	6.522		1	0
0x1ced70	_objc_lookUpClass	named	unmapped	unknown	single		0.0	0.0	6.522		0	0
0x1ced90	_objc_getMetaClass	named	unmapped	unknown	single		0.0	0.0	5.377		0	0
0x1cedb0	_objc_addClass	named	unmapped	unknown	single		0.0	0.0	6.166		0	0
0x1cedf4	__objc_removeClass	named	unmapped	unknown	single		0.0	0.0	7.37		0	0
0x1cee0c	_objc_getModules	named	unmapped	unknown	single		0.0	0.0	20.617		0	0
0x1ceef4	_objc_addModule	named	unmapped	unknown	single		0.0	0.0	21.31		0	0
0x1cef90	__objc_remove_category	named	unmapped	unknown	single		0.0	0.0	45.233		0	0
0x1cf010	__objc_add_category	named	unmapped	unknown	single		0.0	0.0	53.702		0	0
0x1cf0d4		unnamed	candidate	low	single	darwin01:darwin01/kernel/driverkit/objc_support.m:46:NXFlush	0	0	21.215		0	16
0x1cf128		unnamed	candidate	low	single	darwin01:darwin01/kernel/driverkit/objc_support.m:46:NXFlush	0	0	42.033		0	16
0x1cf1dc		unnamed	candidate	low	single	darwin01:darwin01/kernel/driverkit/objc_support.m:46:NXFlush	0	0	0		1	16
0x1cf25c		unnamed	candidate	low	single	darwin01:darwin01/kernel/driverkit/objc_support.m:46:NXFlush	0	0	0		1	16
0x1cf2c0		unnamed	candidate	low	single	darwin01:darwin01/kernel/driverkit/objc_support.m:46:NXFlush	0	0	0		0	16
0x1cf2f0	__nameForHeader	named	unmapped	unknown	single		0.0	0.0	0		1	0
0x1cf348		unnamed	candidate	low	single	darwin01:darwin01/kernel/driverkit/objc_support.m:46:NXFlush	0	0	38.247		2	16
0x1cf3c0		unnamed	candidate	low	single	darwin01:darwin01/kernel/driverkit/objc_support.m:46:NXFlush	0	0	13.941		0	16
0x1cf3f4		unnamed	candidate	low	single	darwin01:darwin01/kernel/driverkit/objc_support.m:46:NXFlush	0	0	12.842		2	16
0x1cf4fc		unnamed	candidate	low	single	darwin01:darwin01/kernel/driverkit/objc_support.m:46:NXFlush	0	0	33.856		0	16
0x1cf570		unnamed	candidate	low	single	darwin01:darwin01/kernel/driverkit/objc_support.m:46:NXFlush	0	0	26.975		0	16
0x1cf5c0		unnamed	candidate	low	single	darwin01:darwin01/kernel/driverkit/objc_support.m:46:NXFlush	0	0	29.519		0	16
0x1cf6b0		unnamed	candidate	low	single	darwin01:darwin01/kernel/driverkit/objc_support.m:46:NXFlush	0	0	11.648		0	16
0x1cf6fc		unnamed	candidate	low	single	darwin01:darwin01/kernel/driverkit/objc_support.m:46:NXFlush	0	0	0		0	16
0x1cf740	__objc_headerVector	named	unmapped	unknown	single		0.0	0.0	56.977		1	0
0x1cf878	__objc_headerCount	named	unmapped	unknown	single		0.0	0.0	0		0	0
0x1cf884	__objc_addHeader	named	unmapped	unknown	single		0.0	0.0	12.331		0	0
0x1cf95c	__objc_removeHeader	named	unmapped	unknown	single		0.0	0.0	6.166		0	0
0x1cf9f4		unnamed	candidate	low	single	darwin01:darwin01/kernel/driverkit/objc_support.m:46:NXFlush	0	0	36.947		0	16
0x1cfa50		unnamed	candidate	low	single	darwin01:darwin01/kernel/driverkit/objc_support.m:46:NXFlush	0	0	35.443		0	16
0x1cfd28		unnamed	candidate	low	single	darwin01:darwin01/kernel/driverkit/objc_support.m:46:NXFlush	0	0	12.236		0	16
0x1cfe1c	_objc_setMultithreaded	named	unmapped	unknown	single		0.0	0.0	0		0	0
0x1cfe44	__objcInit	named	unmapped	unknown	single		0.0	0.0	29.396		7	0
0x1cffc0		unnamed	candidate	low	single	darwin01:darwin01/kernel/driverkit/objc_support.m:46:NXFlush	0	0	0		3	16
0x1cffec		unnamed	candidate	low	single	darwin01:darwin01/kernel/driverkit/objc_support.m:46:NXFlush	0	0	20.617		0	16
0x1d0024	__strhash	named	unmapped	unknown	single		0.0	0.0	0		0	0
0x1d006c	_sel_isMapped	named	unmapped	unknown	single		0.0	0.0	0		0	0
0x1d00dc	_sel_getName	named	unmapped	unknown	single		0.0	0.0	0		0	0
0x1d00e8	__sel_registerName	named	unmapped	unknown	single		0.0	0.0	18.201		2	0
0x1d0288	_sel_registerName	named	unmapped	unknown	single		0.0	0.0	22.92		0	0
0x1d02b0	__sel_unloadSelectors	named	unmapped	unknown	single		0.0	0.0	0		0	0
0x1d0304	_sel_getUid	named	unmapped	unknown	single		0.0	0.0	5.29		0	0
0x1d03c8	__sel_init	named	unmapped	unknown	single		0.0	0.0	5.524		0	0
0x1d0440	_port_allocate_EXTERNAL	named	unmapped	unknown	single		0.0	0.0	17.087		0	0
0x1d0508	_port_deallocate_EXTERNAL	named	unmapped	unknown	single		0.0	0.0	17.087		0	0
0x1d05b4	_port_set_add_EXTERNAL	named	unmapped	unknown	single		0.0	0.0	17.087		0	0
0x1d0674	_port_set_allocate_EXTERNAL	named	unmapped	unknown	single		0.0	0.0	17.087		0	0
0x1d073c	_port_set_deallocate_EXTERNAL	named	unmapped	unknown	single		0.0	0.0	17.087		0	0
0x1d07e8	_task_set_special_port_EXTERNAL	named	unmapped	unknown	single		0.0	0.0	17.087		0	0
0x1d08a8	_thread_get_special_port_EXTERNAL	named	unmapped	unknown	single		0.0	0.0	17.087		0	0
0x1d0980	_thread_set_special_port_EXTERNAL	named	unmapped	unknown	single		0.0	0.0	17.087		0	0
0x1d0a40	_vm_deallocate_EXTERNAL	named	unmapped	unknown	single		0.0	0.0	17.087		0	0
0x1d0b00	_vm_read_EXTERNAL	named	unmapped	unknown	single		0.0	0.0	17.087		0	0
0x1d0bf8	_port_set_backlog_EXTERNAL	named	unmapped	unknown	single		0.0	0.0	17.087		0	0
0x1d0cb8	_vm_allocate_EXTERNAL	named	unmapped	unknown	single		0.0	0.0	17.087		0	0
0x1d0dac	_vm_protect_EXTERNAL	named	unmapped	unknown	single		0.0	0.0	17.087		0	0
0x1d0e8c	_vm_write_EXTERNAL	named	unmapped	unknown	single		0.0	0.0	17.087		0	0
0x1d0f68	__muldi3	named	unmapped	unknown	single		0.0	0.0	0		0	0
0x1d0fb4	__udivdi3	named	unmapped	unknown	single		0.0	0.0	0		0	0
