file_offset	text
0x98	__cstring
0xdc	__picsymbol_stub__TEXT
0x164	__literal8
0x268	__la_symbol_ptr
0x2ac	__nl_symbol_ptr
0x3b0	__cat_cls_meth
0x3f4	__cat_inst_meth
0x438	__string_object
0x47c	__cstring_object__OBJC
0x4c0	__message_refs
0x504	__sel_fixup
0x548	__cls_refs
0x5d0	__meta_class
0x614	__cls_meth
0x658	__inst_meth
0x69c	__protocol
0x6e0	__class_names
0x724	__meth_var_types__OBJC
0x768	__meth_var_names__OBJC
0x7ac	__category
0x7f0	__class_vars
0x834	__instance_vars
0x878	__module_info
0x8bc	__symbols
0x900	__sel_backref
0x94b	8__LINKEDIT
0x994	/NextLibrary/Frameworks/System.framework/Versions/A/System
0x159e	N^NuHV,OH
0x19a6	"E`PO""D(i"
0x19bc	"&CPK""C$i"
0x19e4	gjPKXKSJJ
0x20a2	N^NuHV,OH
0x222c	N^NuHV,OH
0x23de	N^NuHV,O/
0x2436	N^NuHV,OH
0x25d4	N^NuHV,OH
0x27f4	"N^NuHV,O""n"
0x281a	N^NuHV,OH
0x2b9e	N^NuHV,O/
0x2bfa	N^NuHV,O/
0x2d6a	N^NuHV,O/
0x2dc0	N^NuHV,OH
0x2e44	N^NuHV,OH
0x31c7	PN^NuHV,O/
0x31f0	N^NuHV,O/
0x3530	N^NuHV,OH
0x35a2	"j&XO""D i"
0x35fe	"(CPL""C$i"
0x3629	6PLXLSJJ
0x3694	N^NuHV,OH
0x37e2	N^NuHV,O/
0x3850	N^NuHV,O/
0x38a6	N^NuHV,O n
0x38f5	|NuHV,O/
0x3c40	N^NuHV,OH
0x3d90	N^NuHV,O/
0x3e06	N^NuHV,O/
0x3e64	N^NuHV,OH
0x3fdc	N^NuHV,OB
0x405c	N^NuHV,OH
0x4228	"N^NuHV,O""n"
0x4278	N^NuHV,OH
0x4394	N^NuHV,O/
0x43be	N^NuHV,OH
0x4492	N^NuHV,O/
0x44d0	N^NuHV,OH
0x44f4	Vl$@XOHu
0x465c	N^NuHV,OH
0x486e	"N^NuHV,O""n"
0x489c	N^NuHV,OH
0x4abc	N^NuHV,OH
0x4c44	}JPO @$P`
0x4cba	NuHV,O/.
0x4cd0	N^NuHV,O/
0x4d1c	N^NuHV,OH
0x4db4	N^NuHV,OH
0x4ed4	N^NuHV,OH
0x4f74	N^NuHV,OH
0x50bc	N^NuHV,OH
0x5182	N^NuHV,OH
0x5226	N^NuHV,O/
0x53da	N^NuHV,O/
0x54ee	N^NuHV,OH
0x55e8	N^NuHV,OH
0x569e	"N^Nu O""("
0x5794	N^NuHV,Oa
0x57ad	(N^NuHV,O/
0x5804	N^NuHV,OH
0x59ac	N^NuHV,OH
0x5a71	|NuHV,ONEN^NuNV
0x5cda	N^NuHV,OH
0x5f00	N^NuHV,O/
0x5f9e	N^NuHV,OH
0x6182	N^NuHV,OH
0x62bc	N^NuHV,OH
0x65a0	N^NuHV,OH
0x6628	N^NuHV,OH
0x666e	N^NuHV,O/.
0x66ec	NuHV,OHx
0x670e	N^NuHV,O/
0x6746	N^NuHV,O/
0x677e	N^NuHV,OH
0x67be	N^NuHV,OH
0x680a	N^NuHV,OH
0x685a	N^NuHV,O/
0x6b02	"""~POXOHu"
0x6b66	N^NuHV,OH
0x6ba8	N^NuHV,ONBN^NuHV,O/
0x6d28	N^NuHV,O/
0x6d64	N^NuHV,OH
0x6dca	$CPHXHPKXKR
0x6df6	N^NuHV,O/
0x6e20	N^NuHV,OH
0x6e94	N^NuHV,Oa
0x6ea1	XNqHV,O/
0x6f2c	N^NuHV,O/
0x6f72	N^NuHV,O/
0x6fb4	N^NuHV,O
0x7168	N^NuHV,O/
0x71da	N^NuHV,O
0x738e	N^NuHV,O/
0x7522	N^NuHV,O/
0x756a	N^NuHV,O/
0x75ae	N^NuHV,OH
0x7630	N^NuHV,OH
0x76ce	N^NuHV,OH
0x774c	N^NuHV,OH
0x792a	N^NuHV,OH
0x796a	N^NuHV,O/
0x7994	N^NuHV,O/
0x79ae	N^NuHV,O/
0x79dc	N^NuHV,O/
0x7a0a	NqHV,O .
0x7a1e	N^NuHV,O/
0x7a56	N^NuHV,O/.
0x7a68	N^NuHV,O/.
0x7a7a	N^NuHV,O/
0x7aa7	*NqHV,O.
0x7ab6	NuN^NuHV,ONBN^NuHV,O/
0x7afa	N^NuHV,OH
0x7f56	N^NuHV,Oa
0x7f64	"NqHV,O""."
0x7f7a	N^NuHV,OHn
0x7f90	N^NuHV,O/
0x7fe8	N^NuHV,O/
0x8050	N^NuHV,O/
0x80b6	N^NuHV,O/
0x8118	N^NuHV,O/
0x8190	N^NuHV,O/
0x8206	N^NuHV,OH
0x8276	N^NuHV,OH
0x82f0	N^NuHV,OH
0x8366	N^NuHV,O/
0x87a6	**$@POPOJ
0x8856	N^NuHV,OH
0x912f	"(POPO""JA"
0x93a8	N^NuHV,OH
0x9428	N^NuHV,O/
0x9454	N^NuHV,OH
0xa06e	"#pPOvP""n"
0xb274	N^NuHV,OH
0xb310	N^NuHV,OH
0xb3cc	N^NuHV,O/
0xb45c	N^NuHV,O/
0xb48c	N^NuHV,OH
0xb4f4	N^NuHV,O/
0xb58a	N^NuHV,O/
0xb606	N^NuHV,O n
0xb62c	N^NuHV,OH
0xb706	N^NuHV,OH
0xb766	N^NuHV,OH
0xb8be	N^NuHV,O/.
0xb8d9	AN^NuHV,OH
0xb9a6	N^NuHV,OH
0xbb5c	N^NuHV,OH
0xbc3a	N^NuHV,OH
0xbd3a	N^NuHV,OH
0xbe88	N^NuHV,OH
0xc370	N^NuHV,OH
0xc3be	N^NuHV,OH
0xc466	N^NuHV,OH
0xc55a	POPORK u
0xc624	POPORK u
0xc658	N^NuHV,OH
0xc6be	N^NuHV,OH
0xc716	"|*""Q S/("
0xc731	xPOXO SJ
0xc796	"|*""Q S ("
0xc7b6	"POXOXO`Z""u"
0xc7de	"|*""Q S ("
0xc80a	"|*""Q S$i"
0xc83e	O:POXO u
0xc914	N^NuHV,OH
0xca28	N^NuHV,OH
0xca9a	N^NuHV,OH
0xcc36	N^NuHV,OH
0xcd26	N^NuHV,ON^NuNV
0xd194	N^NuHV,OH
0xd270	&@$EXJPOPOJ
0xd366	N^NuHV,OH
0xd3c6	N^NuHV,OH
0xda00	$B$RRJ u
0xde88	N^NuHV,O/
0xdf06	N^NuHV,OH
0xe028	N^NuHV,OH
0xe13c	N^NuHV,OH
0xe244	N^NuHV,OH
0xe3ea	N^NuHV,OH
0xe4ee	N^NuHV,O/
0xe546	N^NuHV,OH
0xe676	N^NuHV,O/
0xe6c0	N^NuHV,O/
0xe6fe	N^NuHV,OH
0xe840	N^NuHV,O/
0xe8a0	N^NuHV,OH
0xef98	N^NuHV,OH
0xf237	 POXO`L u
0xf44e	`& R&C&k
0xf798	N^NuHV,O/
0xf7f6	N^NuHV,OH
0xfc94	N^NuHV,O/
0xfcba	N^NuHV,O/
0xfd0e	N^NuHV,OH
0xffdc	N^NuHV,OH
0x1008a	N^NuHV,OH
0x104fc	N^NuHV,O/
0x1051e	"N^NuHV,O""n"
0x1053c	N^NuHV,O n
0x1054e	N^NuHV,OH
0x10584	N^NuHV,OH
0x106ca	N^NuHV,O/
0x10e98	r$POXO u
0x111f6	qvPOXOHx
0x11714	N^NuHV,OH
0x11938	N^NuHV,O/
0x119d6	N^NuHV,OH
0x11a68	N^NuHV,OH
0x11b6a	t>POXO u
0x11c56	"sRPOXO""u"
0x11e96	 FRH&G-S
0x12562	"\4POPO""n"
0x12644	[RPOPO(n
0x127f2	"N^NuHV,O""n"
0x12806	N^NuHV,OB
0x12829	0N^NuHV,O/.
0x129cc	c<POXOHu
0x12a74	YfPOPO .
0x12e45	"2(D T""SA"
0x13040	POXOg:-h
0x130a6	POXOg@-h
0x13550	N^NuHV,OB
0x13a8c	N^NuHV,O/
0x13b02	N^NuHV,O/
0x13b66	N^NuHV,ON^NuHV,O/
0x13b98	N^NuHV,O/
0x13bbc	N^NuHV,O/
0x13bfc	N^NuHV,O/
0x13c18	N^NuHV,O/
0x13c70	N^NuHV,OH
0x13d0c	N^NuHV,OH
0x13db4	N^NuHV,OH
0x13fd0	N^NuHV,OH
0x140dc	N^NuHV,OH
0x14162	N^NuHV,O/
0x1422c	N^NuHV,OH
0x14394	N^NuHV,OH
0x14436	N^NuHV,OH
0x144aa	N^NuHV,O/
0x144de	N^NuHV,OH
0x147d8	N^NuHV,OH
0x14896	N^NuHV,OH
0x1491c	N^NuHV,O/
0x14a55	$POXO&G*+
0x151c0	N^NuHV,OH
0x15250	N^NuHV,ON^NuNV
0x153c4	N^NuHV,OH
0x1547e	N^NuHV,OH
0x1554c	"+pPO""D,)"
0x15e78	"""DPOXO""B&i"
0x1620e	N^NuHV,ON^NuHV,OH
0x16286	N^NuHV,OH
0x16432	N^NuHV,OH
0x16746	N^NuHV,ON^NuNV
0x16954	"ep""FRI&E S"
0x169f0	" FRH&E""S"
0x16e58	gN(E T..
0x178c4	"POPO``""n"
0x17b2e	"et""GRI&n"
0x188c2	"POPO``""n"
0x1896e	"&G S""H(n"
0x1a098	"POPO`""&G/"
0x1a0ba	"POPO`b""n"
0x1a336	"ep""GRI&n"
0x1b14d	"JPOPO``""n"
0x1b1ca	N^NuHV,OH
0x1b4be	N^NuHV,O/
0x1b658	N^NuHV,OH
0x1ba2c	N^NuHV,O/
0x1ba46	N^NuHV,OH
0x1bab0	N^NuHV,OH
0x1bb08	N^NuHV,O n
0x1bc04	N^NuHV,OH
0x1bc9a	N^NuHV,O/
0x1bd00	N^NuHV,OH
0x1bdfc	N^NuHV,O/
0x1bf2a	N^NuHV,O/
0x1bf90	N^NuHV,O/
0x1c136	N^NuHV,OH
0x1c2d2	N^NuHV,O/
0x1c3d8	N^NuHV,O/
0x1c70e	N^NuHV,O/
0x1c7c4	N^NuHV,O/
0x1c8a2	N^NuHV,O/
0x1c9a8	N^NuHV,O/
0x1ca86	N^NuHV,O/
0x1cb14	N^NuHV,O/
0x1cbca	N^NuHV,O/
0x1cc30	N^NuHV,O/
0x1cd06	N^NuHV,OH
0x1ce4c	N^NuHV,O/
0x1d80a	N^NuHV,O/
0x1f2ce	N^NuHV,O/
0x1f76e	N^NuHV,OH
0x1faa8	N^NuHV,O/
0x2052a	N^NuHV,O/
0x20568	N^NuHV,O/
0x20b1e	N^NuHV,O/
0x20c9c	N^NuHV,O/
0x215fe	N^NuHV,O/
0x21664	N^NuHV,OH
0x216fa	N^NuHV,OH
0x21966	N^NuHV,OH
0x21a74	N^NuHV,OH
0x21c66	N^NuHV,OH
0x22c92	N^NuHV,ONBB
0x22c9e	N^NuHV,O/
0x22d14	N^NuHV,O/
0x22e04	N^NuHV,O/
0x22eae	N^NuHV,O/
0x22ef4	N^NuHV,OH
0x22f3e	N^NuHV,O/
0x22f90	N^NuHV,O/
0x22fc8	N^NuHV,O/
0x22fea	N^NuHV,O/
0x2302c	N^NuHV,O/
0x23052	N^NuHV,OH
0x2308e	N^NuHV,O/
0x230d6	N^NuHV,OH
0x2311a	N^NuHV,O/
0x2315a	N^NuHV,O/
0x23178	N^NuHV,O .
0x23190	N^NuHV,O/
0x231c2	"N^NuHV,O""n"
0x231f6	N^NuHV,O n
0x23216	N^NuHV,O/
0x2329e	N^NuHV,OH
0x233c2	N^NuHV,ON^NuNV
0x23797	HN^NuHV,O/
0x23820	N^NuHV,O/
0x2387c	N^NuHV,O/
0x238b2	N^NuHV,ON^NuHV,ON^NuHV,O n
0x238e6	ZjN^NuHV,OH
0x2399e	N^NuHV,OH
0x23a68	N^NuHV,OH
0x23c26	U2$@POXOJ
0x23f00	Th$@POPOJ
0x240d7	0$@POXO/
0x24100	N^NuHV,OH
0x241a8	N^NuHV,OH
0x242da	N^NuHV,OH
0x2436e	N^NuHV,O/
0x244b0	"6hPOPO""j"
0x2451a	N^NuHV,O/
0x24572	N^NuHV,O/
0x245fe	N^NuHV,O/
0x24644	N^NuHV,OH
0x247f2	N^NuHV,OB
0x247fc	N^NuHV,O/
0x2484e	N^NuHV,O/
0x2488e	N^NuHV,O/
0x248d0	N^NuHV,O/
0x24902	N^NuHV,O/
0x24934	N^NuHV,O/
0x2499c	N^NuHV,OH
0x24a08	N^NuHV,OH
0x2523f	$N^NuHV,OH
0x25510	N^NuHV,O n
0x25b50	N^NuHV,OH
0x25c76	N^NuHV,OH
0x25d52	N^NuHV,O/
0x25d80	N^NuHV,OH
0x25e20	N^NuHV,O/
0x25e6e	N^NuHV,OH
0x25f12	N^NuHV,O/
0x25f66	N^NuHV,O/
0x2682e	N^NuHV,O
0x27b3a	N^NuHV,O/
0x28778	N^NuHV,O/.
0x28ce3	"~ P""Hx!"""
0x28e76	N^NuHV,O2.
0x28ebc	N^NuHV,O0.
0x28f60	N^NuHV,O/
0x28f88	N^NuHV,OH
0x29180	N^NuHV,O n
0x291a6	N^NuHV,O n
0x291cc	N^NuHV,OH
0x2923c	N^NuHV,OH
0x292cc	N^NuHV,OH
0x2941a	N^NuHV,OH
0x29584	N^NuHV,OH
0x2960e	N^NuHV,OH
0x296ba	N^NuHV,OH
0x29744	N^NuHV,OH
0x297d2	N^NuHV,OH
0x29a00	N^NuHV,OH
0x29a74	N^NuHV,OH
0x29bfa	"N^NuHV,O""n"
0x29c4e	N^NuHV,OH
0x29d76	N^NuHV,OH
0x2a148	N^NuHV,OH
0x2a2b0	N^NuHV,OH
0x2a348	N^NuHV,O/
0x2a3be	N^NuHV,O/
0x2a3fa	N^NuHV,OH
0x2a498	N^NuHV,OHx
0x2a4b1	PN^NuHV,OHx
0x2a4cb	6N^NuHV,OH
0x2a540	N^NuHV,OH
0x2a644	N^NuHV,OH
0x2aae5	"""&@POXOJ"
0x2ae74	N^NuHV,OH
0x2af12	N^NuHV,OH
0x2b038	POPO`DHx
0x2b0c6	N^NuHV,OH
0x2b270	N^NuHV,O/
0x2b2d8	N^NuHV,OH
0x2b74e	N^NuHV,OH
0x2b808	N^NuHV,OH
0x2bd68	N^NuHV,OH
0x2bdc0	N^NuHV,O n
0x2bde2	N^NuHV,O n
0x2bdfe	N^NuHV,OH
0x2bf3a	N^NuHV,OH
0x2c014	N^NuHV,OH
0x2c1aa	N^NuHV,O/
0x2c2ae	N^NuHV,OH
0x2c4b1	nPOPOPKJ
0x2c4d0	N^NuHV,OHx
0x2c4ea	N^NuHV,OB
0x2c502	N^NuHV,OH
0x2c5f4	N^NuHV,OH
0x2c656	N^NuHV,OH
0x2c6f8	N^NuHV,OH
0x2c7e2	N^NuHV,OH
0x2c88c	N^NuHV,OH
0x2c8f0	N^NuHV,OH
0x2ca54	N^NuHV,OH
0x2ce86	N^NuHV,O/
0x2cf18	N^NuHV,O/
0x2cf9e	N^NuHV,O/
0x2cfec	N^NuHV,OH
0x2d14e	N^NuHV,OH
0x2d1f8	N^NuHV,O/
0x2d220	N^NuHV,O/
0x2d240	N^NuHV,OH
0x2d2aa	N^NuHV,O n
0x2d2c1	@N^NuHV,O .
0x2d2f2	N^NuHV,O/
0x2d332	N^NuHV,OH
0x2d3b8	N^NuHV,O/
0x2d410	N^NuHV,OH
0x2d462	N^NuHV,O/
0x2d48e	N^NuHV,OH
0x2d5c0	N^NuHV,OH
0x2d8d4	N^NuHV,OH
0x2d942	"v ""F`$ E"
0x2dcda	 @POPO`.
0x2dd61	HN^NuHV,O/
0x2dd8a	N^NuHV,O/
0x2ddbe	N^NuHV,O/
0x2ddee	N^NuHV,O/
0x2de1e	N^NuHV,OH
0x2df44	N^NuHV,OH
0x2df88	N^NuHV,OH
0x2e06e	N^NuHV,O n
0x2e07e	"N^NuHV,O""n"
0x2e0a0	N^NuHV,O n
0x2e0b0	N^NuHV,O n
0x2e0d6	N^NuHV,O n
0x2e0f0	N^NuHV,O <
0x2e0fe	N^NuHV,O/
0x2e12c	N^NuHV,O n
0x2e20e	N^NuHV,OH
0x2e2ae	N^NuHV,OH
0x2e350	N^NuHV,O/
0x2e4fc	N^NuHV,OH
0x2e5cc	N^NuHV,O/
0x2e648	N^NuHV,OH
0x2f045	TPO R&HJ
0x2f22c	N^NuHV,OH
0x2f2b2	N^NuHV,OH
0x2f31e	N^NuHV,O/
0x2f370	N^NuHV,OH
0x2f3b8	N^NuHV,O/
0x2f43c	N^NuHV,O/
0x2f4d0	N^NuHV,OH
0x2f736	N^NuHV,OH
0x2f838	N^NuHV,O n
0x2fe7e	N^NuHV,O/
0x2fea4	N^NuHV,OH
0x3003d	:POPJXJ k
0x300f2	N^NuHV,OH
0x302ce	N^NuHV,OH
0x3031f	zXOPJXJ/,
0x3054d	@N^NuHV,OH
0x30726	N^NuHV,OH
0x30770	N^NuHV,O/
0x30794	"N^NuHV,O""."
0x307aa	N^NuHV,O .
0x308d4	N^NuHV,OH
0x30979	" POXO""E i"
0x30aa0	"POPORK""E"
0x30ccb	">POXORL""F"
0x30ce6	N^NuHV,OH
0x30f43	>POPO(D/
0x30f53	.$@(E/4(
0x30fe8	N^NuHV,O n
0x30ff8	N^NuHV,O n
0x31422	N^NuHV,O/
0x3146e	N^NuHV,O n
0x31484	"N^NuHV,O""n"
0x314ac	N^NuHV,O/
0x314d0	N^NuHV,OH
0x315d0	N^NuHV,O/
0x31a7a	N^NuHV,OH
0x31ad2	N^NuHV,O/
0x31b04	N^NuHV,O/
0x31b5c	N^NuHV,O/
0x31b8a	N^NuHV,O/
0x31bde	N^NuHV,O/
0x31c12	N^NuHV,OH
0x31c7a	N^NuHV,O/
0x31caa	N^NuHV,OH
0x31d34	N^NuHV,O/
0x31d68	N^NuHV,OH
0x31e14	N^NuHV,O/
0x31e44	N^NuHV,OH
0x3202a	N^NuHV,OH
0x32096	N^NuHV,O/
0x320b0	N^NuHV,O/
0x320d0	N^NuHV,O/
0x320fa	N^NuHV,O/
0x32114	N^NuHV,O/
0x32134	N^NuHV,O/
0x3214e	N^NuHV,O/
0x3216e	N^NuHV,O/
0x32188	N^NuHV,O/
0x321a8	N^NuHV,O/
0x321c2	N^NuHV,OH
0x322c0	N^NuHV,O n
0x322d4	N^NuHV,O n
0x322e4	N^NuHV,O/
0x32326	N^NuHV,O/
0x32368	N^NuHV,O n
0x32378	N^NuHV,O n
0x32388	N^NuHV,O n
0x32398	N^NuHV,O n
0x323a7	BN^NuHV,O n
0x323bc	N^NuHV,O n
0x323d0	N^NuHV,O n
0x323df	6N^NuHV,O n
0x323ef	:N^NuHV,O n
0x323ff	&N^NuHV,OH
0x32436	xbPOXO u
0x3247c	N^NuHV,OH
0x325a0	N^NuHV,OH
0x32634	vL&@POXOJ
0x32660	N^NuHV,OH
0x32724	N^NuHV,OH
0x32788	N^NuHV,OH
0x328c2	$@POXO/5
0x32b96	N^NuHV,OH
0x32c32	N^NuHV,OH
0x32cd6	N^NuHV,OH
0x33067	"hPOXOf""B"
0x33089	hPOPOg,/.
0x334a8	g`POPO n
0x336be	N^NuHV,O/
0x3385b	@N^NuHV,O/
0x33892	N^NuHV,O/
0x338c8	N^NuHV,O/.
0x338e4	N^NuHV,OHx
0x33900	N^NuHV,O 
0x339ea	"""D Q""@!Q"
0x339fc	N^NuHV,O/
0x33a16	N^NuHV,O .
0x33a22	N^NuHV,O/.
0x33a36	bJN^NuHV,O/.
0x33a50	b0N^NuNV
0x33b3e	N^NuHV,O n
0x33b4e	N^NuHV,O n
0x33b5e	N^NuHV,O n
0x33b6e	N^NuHV,OH
0x33bf0	N^NuHV,O n
0x33c04	N^NuHV,OH
0x33d7a	"POPO""E )"
0x34034	N^NuHV,O/
0x34092	N^NuHV,O/
0x3411c	N^NuHV,OH
0x34220	N^NuHV,O .
0x346c8	N^NuHV,O .
0x346d4	"N^NuHV,O""."
0x346ea	N^NuHV,O/
0x3470e	N^NuHV,Op
0x34718	N^NuHV,OH
0x34774	N^NuHV,O .
0x34780	N^NuHV,O .
0x3478c	N^NuHV,OB
0x34796	N^NuHV,OH
0x34978	N^NuHV,O .
0x34e68	N^NuHV,O/
0x34ea2	N^NuHV,O/
0x34ee6	N^NuHV,O/
0x34f2e	CJNqHV,OH
0x3512e	FBPOXO/.
0x35186	N^NuHV,O/
0x3526a	N^NuHV,O n
0x3530c	N^NuHV,O n
0x3531c	N^NuHV,O n
0x3532c	N^NuHV,OH
0x3540a	N^NuHV,O .
0x35460	H POPOJ.
0x35546	N^NuHV,O/
0x35586	N^NuHV,O n
0x355ec	N^NuHV,O n
0x355fc	N^NuHV,OH
0x35644	N^NuHV,O/
0x356de	N^NuHV,O n
0x356f0	N^NuHV,OH
0x3580e	N^NuHV,O/
0x35874	N^NuHV,OH
0x3595c	N^NuHV,O n
0x359d2	N^NuHV,OH
0x35a6e	N^NuHV,OH
0x35aca	N^NuHV,O/
0x35b1e	N^NuHV,O/
0x35b70	N^NuHV,O/
0x35c7e	N^NuHV,O/
0x35d98	N^NuHV,OH
0x35dfe	N^NuHV,O/
0x35ee4	N^NuHV,O/
0x35f18	"N^NuHV,O""n"
0x35f2c	N^NuHV,O/
0x35f68	N^NuHV,OH
0x35fca	N^NuHV,O/
0x3601c	N^NuHV,O/
0x360ae	N^NuHV,O n
0x360be	"N^NuHV,O""n"
0x360dc	N^NuHV,O/
0x361f6	N^NuHV,O/
0x362f4	N^NuHV,O/
0x3640e	N^NuHV,O n
0x3652e	N^NuHV,O .
0x3653a	N^NuHV,O/
0x365c6	N^NuHV,OH
0x3660c	N^NuHV,OH
0x36654	N^NuHV,O n
0x36664	N^NuHV,O/
0x3669c	N^NuHV,O/
0x366cc	N^NuHV,O/
0x36754	5, @POXOJ
0x3680a	N^NuHV,O/
0x368c4	N^NuHV,O/
0x368fc	N^NuHV,O/
0x3692c	N^NuHV,OH
0x369d2	N^NuHV,O
0x369ee	N^NuHV,O/
0x36a0c	N^NuHV,O n
0x36a1e	N^NuHV,O n
0x36a30	N^NuHV,O/
0x36a56	N^NuHV,O n
0x36a70	"N^NuHV,O""n"
0x36a96	N^NuHV,O/
0x36abc	N^NuHV,O/
0x36ae2	N^NuHV,O/
0x36b08	N^NuHV,O/
0x36b2e	N^NuHV,O/
0x36b54	N^NuHV,O/
0x36b7a	N^NuHV,O/
0x36ba2	N^NuHV,O/
0x36bc8	N^NuHV,O/
0x36bee	N^NuHV,O/
0x36c16	N^NuHV,O/
0x36c3c	N^NuHV,O/
0x36c5a	N^NuHV,OH
0x36c92	N^NuHV,O/
0x36cfc	N^NuHV,O/
0x36d16	N^NuHV,OH
0x36d78	N^NuHV,O/
0x36db2	N^NuHV,OH
0x36fe2	N^NuHV,O n
0x37008	N^NuHV,O/
0x37038	"N^NuHV,O""n"
0x3706c	"N^NuHV,O""."
0x370dc	N^NuHV,O/.
0x370f4	0lN^NuHV,OH
0x37180	N^NuHV,OH
0x37204	N^NuHV,OH
0x37244	N^NuHV,O/
0x3727e	N^NuHV,O/
0x372c8	N^NuHV,OH
0x37410	N^NuHV,OH
0x37636	N^NuHV,OH
0x37710	N^NuHV,O/
0x3773e	N^NuHV,O/
0x3776c	N^NuHV,ON^NuHV,O/
0x377a6	N^NuHV,O n
0x377c2	N^NuHV,O/
0x37856	N^NuHV,OH
0x37d5a	$@POPO`RHx
0x3820c	N^NuHV,O/
0x382b8	# # # # # # # # 
0x382fc	NuNuHV,OH
0x384f4	N^NuHV,O/
0x38528	N^NuHV,O/
0x3855e	N^NuHV,O n
0x3857c	"N^NuHV,O""n"
0x385be	N^NuHV,O/
0x38600	N^NuHV,O/
0x38642	N^NuHV,O/
0x3867c	N^NuHV,O n
0x38698	N^NuHV,O/
0x386da	N^NuHV,OH
0x38780	N^NuHV,OH
0x38974	N^NuHV,OH
0x38a56	N^NuHV,O/.
0x38a72	N^NuHV,O/
0x38ac2	N^NuHV,OB
0x38ada	N^NuHV,O/
0x38af6	N^NuHV,O/
0x38b26	N^NuHV,O/.
0x38b42	N^NuHV,OHx
0x38bd2	N^NuHV,OH
0x38d00	N^NuHV,OH
0x38d9c	N^NuHV,OH
0x38e9a	N^NuHV,OH
0x38f0c	N^NuHV,O/
0x39520	N^NuHV,O/
0x39532	N^NuHV,O/.
0x39550	N^NuHV,O/
0x395a8	N^NuHV,O/
0x395d4	N^NuHV,O n
0x39674	N^NuHV,O n
0x397ee	N^NuHV,O/
0x39860	N^NuHV,O/
0x398a4	N^NuHV,O n
0x39a20	N^NuHV,O n
0x39a46	N^NuHV,O n
0x3a040	N^NuHV,O <
0x3a04d	9N^NuHV,O <
0x3a05b	9N^NuHV,O <
0x3a069	9N^NuHV,O <
0x3aab3	|N^NuHV,OHx
0x3ab26	N^NuHV,ON^NuHV,OB
0x3ab38	N^NuHV,ON^NuHV,OB
0x3ab4a	N^NuHV,O/
0x3abb2	N^NuHV,O/
0x3ac1a	N^NuHV,O/.
0x3ac2c	N^NuHV,O/
0x3af68	N^NuHV,O/.
0x3af81	8N^NuHV,O/
0x3affe	N^NuHV,O/
0x3b03a	N^NuHV,O/
0x3b476	N^NuHV,O/
0x3b4e0	N^NuHV,O/
0x3b65c	N^NuHV,O/
0x3b8f2	N^NuHV,OH
0x3c0a8	N^NuHV,O/
0x3c158	N^NuHV,O n
0x3c17e	N^NuHV,OH
0x3c21e	N^NuHV,O/
0x3c27a	N^NuHV,OH
0x3c2de	N^NuHV,OH
0x3c392	N^NuHV,OH
0x3c410	N^NuHV,Or
0x3c5cb	dN^NuHV,O/
0x3c616	N^NuHV,O/
0x3c6cc	N^NuHV,O/.
0x3c6dd	\N^NuHV,O/
0x3c7ef	j$@POPOJ
0x3c966	N^NuHV,OH
0x3c9fc	N^NuHV,OH
0x3cab0	N^NuHV,O n
0x3cad4	N^NuHV,O n
0x3caf6	N^NuHV,OH
0x3cb74	N^NuHV,O n
0x3cd24	N^NuHV,O
0x3cde4	N^NuHV,OH
0x3cef6	N^NuHV,O/
0x3cf46	N^NuHV,O/
0x3cf76	N^NuHV,O/
0x3cfe4	N^NuHV,O/
0x3d028	N^NuHV,O/
0x3d06e	N^NuHV,O/
0x3d0b4	N^NuHV,OH
0x3d114	N^NuHV,OH
0x3d152	N^NuHV,O/
0x3d304	N^NuHV,O/
0x3d3b8	N^NuHV,O/
0x3d444	N^NuHV,O n
0x3d5f1	8$@POXOJ
0x3d62a	N^NuHV,O/
0x3d742	N^NuHV,OH
0x3d78a	N^NuHV,O/
0x3d7ee	N^NuHV,OH
0x3d9c0	N^NuHV,OH
0x3db56	N^NuHV,OH
0x3dc28	N^NuHV,OH
0x3dce2	N^NuHV,O/
0x3ddd6	N^NuHV,OH
0x3e012	N^NuHV,OH
0x3e050	N^NuHV,O/
0x3e0a0	N^NuHV,OH
0x3e0d6	$@&APOXOJ
0x3e472	N^NuHV,OH
0x3e51c	N^NuHV,OH
0x3e596	N^NuHV,Oa
0x3e5b6	N^NuHV,O n
0x3e721	8$@POXOJ
0x3e7f1	X$@POXO`
0x3e8a0	N^NuHV,OH
0x3e9eb	l(@ C$PJ
0x3eadb	2$@POPOJ
0x3eb26	N^NuHV,Oa
0x3edde	N^NuHV,O/
0x3ee8a	(`B3(aPOXO
0x3ef6e	N^NuHV,O/
0x3efb4	N^NuHV,OH
0x3f00c	N^NuHV,OH
0x3f120	N^NuHV,O/
0x3f16e	N^NuHV,O/
0x3f1bc	N^NuHV,O/
0x3f202	N^NuHV,O/
0x3f22c	N^NuHV,O/
0x3f2e6	N^NuHV,OHx
0x3f306	N^NuHV,OH
0x3f502	N^NuHV,O/
0x3f544	N^NuHV,O/
0x3f580	N^NuHV,O/
0x3f5d4	N^NuHV,O/
0x3fa0f	\N^NuHV,O/
0x3fa62	N^NuHV,OH
0x3fbd4	N^NuHV,O/
0x3fc5e	N^NuHV,OH
0x3fdc2	(@PLXLHx
0x3ffa0	N^NuHV,OH
0x404d0	N^NuHV,OH
0x405a6	N^NuHV,OH
0x40660	N^NuHV,OH
0x41e32	N^NuHV,O/
0x41e8e	N^NuHV,O/
0x42226	N^NuHV,Oa
0x4224c	N^NuHV,OH
0x4241a	N^NuHV,OH
0x424a2	N^NuHV,O/
0x424f6	N^NuHV,O/
0x42536	N^NuHV,OH
0x42620	N^NuHV,OH
0x42782	N^NuHV,OH
0x429dc	N^NuHV,O/
0x429f8	N^NuHV,O/
0x42a14	N^NuHV,O/
0x42a4a	N^NuHV,OH
0x42b60	N^NuHV,OH
0x42be6	N^NuHV,O/
0x42c0e	N^NuHV,OH
0x42c88	N^NuHV,O/
0x42cfa	N^NuHV,OH
0x42d62	N^NuHV,OH
0x42e00	N^NuHV,O/
0x42eca	N^NuHV,OH
0x42fb8	N^NuHV,O/
0x42fe0	N^NuHV,OH
0x430ae	N^NuHV,O/
0x43106	N^NuHV,O/
0x43156	SJXORJ 5
0x43172	N^NuHV,OH
0x431da	N^NuHV,Oa
0x431fc	N^NuHV,O/
0x4325c	N^NuHV,OH
0x4346c	N^NuHV,OH
0x434e0	N^NuHV,O/
0x4357c	N^NuHV,O .
0x43748	N^NuHV,OHx
0x43759	RN^NuHV,OH
0x437a6	N^NuHV,O/
0x437f6	N^NuHV,O/
0x439ea	N^NuHV,Op
0x439f4	N^NuHV,O/
0x43a20	N^NuHV,OH
0x43bce	N^NuHV,OH
0x43c58	N^NuHV,OH
0x43ca4	N^NuHV,O/
0x43cd0	N^NuHV,O/
0x43cf8	N^NuHV,O/
0x43d44	N^NuHV,O/
0x43d7c	N^NuHV,O/
0x43dc8	N^NuHV,OH
0x43e42	N^NuHV,OH
0x43eca	N^NuHV,OH
0x43f52	N^NuHV,O/
0x43f8e	N^NuHV,OH
0x44026	N^NuHV,OH
0x441b8	N^NuHV,O/
0x4422a	N^NuHV,O .
0x44242	N^NuHV,O/
0x44292	N^NuHV,O/
0x442ee	N^NuHV,O/
0x44379	|$@POXOJ
0x443c4	N^NuHV,O/
0x44502	N^NuHV,O/
0x4452e	N^NuHV,O/
0x44592	N^NuHV,OH
0x44602	N^NuHV,OH
0x44916	N^NuHV,O n
0x44a12	N^NuHV,OH
0x44ab4	N^NuHV,OH
0x44b6c	N^NuHV,OH
0x44c56	N^NuHV,OH
0x44c96	N^NuHV,OH
0x44cf6	N^NuHV,O/
0x44d30	N^NuHV,OH
0x44d94	N^NuHV,OH
0x44e1c	N^NuHV,OH
0x455bc	N^NuHV,OH
0x45750	N^NuHV,OH
0x45806	N^NuHV,OH
0x45988	N^NuHV,OH
0x45ac2	N^NuHV,OH
0x45fb8	N^NuHV,OHx
0x45fce	N^NuHV,O/
0x4631e	N^NuHV,OH
0x463b8	N^NuHV,O/
0x463dc	N^NuHV,OH
0x465e6	N^NuHV,O/
0x46620	N^NuHV,O n
0x46654	N^NuHV,O/
0x467fa	"N^NuHV,O""n"
0x4681c	N^NuHV,O/
0x46880	N^NuHV,O/.
0x46896	N^NuHV,O .
0x468aa	1~N^NuHV,OHx
0x468c0	1hN^NuHV,OHx
0x468d6	1jN^NuHV,O .
0x468ec	1TN^NuNV
0x469fa	N^NuHV,OHx
0x46a13	,N^NuHV,OB
0x46a2c	N^NuHV,O/
0x46bb2	N^NuHV,OH
0x46c24	"N^NuHV,O""n"
0x46c98	N^NuHV,OHn
0x46cb1	"""N^NuHV,O/."
0x47076	N^NuHV,O/
0x47120	N^NuHV,O/
0x4714c	N^NuHV,O/
0x47248	N^NuHV,O n
0x47294	N^NuHV,OH
0x47318	N^NuHV,OH
0x474a9	|N^NuHV,O/
0x4772e	N^NuHV,O/
0x4774a	N^NuHV,OB
0x4775e	N^NuHV,OHx
0x47783	,N^NuHV,OB
0x4792e	N^NuHV,O
0x4794c	"N^NuHV,O""."
0x47970	"N^NuHV,O""."
0x479a0	N^NuHV,O/
0x47ddc	N^NuHV,O/
0x47f14	# # # # # # # # 
0x4847a	"N^NuHV,O""."
0x48502	N^NuHV,O/
0x48640	N^NuHV,O/
0x486e4	N^NuHV,OH
0x48724	BAHAUJUIUHQ
0x48740	N^NuHV,OH
0x489b8	BBHBUIUHQ
0x48a30	N^NuHV,OH
0x48a88	BAHAUIUHQ
0x48aa2	N^NuHV,OH
0x48ad0	N^NuHV,O/
0x48b1a	N^NuHV,O/
0x48b64	N^NuHV,O/
0x48b90	N^NuHV,O/
0x48bda	N^NuHV,O/
0x48c24	N^NuHV,O/
0x48c6e	N^NuHV,O/
0x48cb8	N^NuHV,O/
0x48d04	N^NuHV,O/
0x48d4e	N^NuHV,O/
0x48d98	N^NuHV,O/
0x48de2	N^NuHV,O/
0x48e2c	N^NuHV,O/
0x4933e	N^NuHV,O/
0x49388	N^NuHV,O/
0x493d2	N^NuHV,O/
0x4944e	N^NuHV,OH
0x494aa	N^NuHV,OH
0x494d8	N^NuHV,O/
0x4952a	N^NuHV,O/
0x4957c	N^NuHV,O/
0x495a6	N^NuHV,O/
0x4962c	N^NuHV,OH
0x4971c	N^NuHV,OH
0x49772	N^NuHV,Oa
0x4977f	zNqHV,O/
0x49bc6	N^NuHV,O/.
0x49bd8	N^NuHV,OH
0x49c1e	N^NuHV,OHx
0x49c30	N^NuHV,OB
0x49ce4	N^NuHV,OH
0x49da0	N^NuHV,O n
0x49dc5	TN^NuHV,O n
0x49de9	0N^NuHV,O/
0x49e1a	N^NuHV,O/.
0x49e37	JN^NuHV,O/
0x49e82	N^NuHV,O/
0x49eb8	N^NuHV,OH
0x49f24	N^NuHV,OH
0x49f84	N^NuHV,O/
0x49ffc	N^NuHV,Op
0x4a006	N^NuHV,OH
0x4a264	"N^Nu O""("
0x4a26e	"pDNCNu O""("
0x4a27a	"p#NCNu O""("
0x4a286	"pENCNu O""("
0x4a292	"p8NCNu O""("
0x4a29e	"p7NCNu Op)NCNu O""("
0x4a2b2	p3NCNu Op
0x4a369	"<Nu Op<NCNu O""("
0x4a37a	"p;NCNu O""("
0x4ad6a	N^NuHV,O/
0x4ae2c	N^NuHV,O/
0x50559	pN^NuHV,O/
0x505cc	N^NuHV,OH
0x50610	N^NuHV,O/
0x5065c	N^NuHV,OH
0x50962	N^NuHV,O/
0x50afe	N^NuHV,OH
0x50ce0	N^NuHV,O/
0x50d2a	N^NuHV,O/
0x50d5e	N^NuHV,O/
0x50d96	N^NuHV,OH
0x50ea4	N^NuHV,OH
0x50ed4	~4POXO&u
0x50f24	N^NuHV,OH
0x50f8e	N^NuHV,O/
0x50fc8	N^NuHV,O/
0x51d7c	N^NuHV,OH
0x5209c	N^NuHV,O/
0x520d6	N^NuHV,O/
0x522ae	N^NuHV,O/
0x52326	N^NuHV,O/
0x524c4	N^NuHV,OH
0x525f8	"N^NuHV,O""n"
0x52626	N^NuHV,O/
0x52658	N^NuHV,OH
0x5271a	N^NuHV,OH
0x527b0	N^NuHV,O/
0x5283e	N^NuHV,OH
0x52a0a	N^NuHV,OH
0x52b04	N^NuHV,O/
0x52cde	N^NuHV,O/
0x52d56	N^NuHV,O/
0x52ed2	N^NuHV,OH
0x52ffc	N^NuHV,O/
0x5302e	"N^NuHV,O""n"
0x530b6	N^NuHV,O/
0x53212	N^NuHV,OH
0x5329e	N^NuHV,O/
0x53310	N^NuHV,O/
0x53488	N^NuHV,OH
0x535d0	N^NuHV,O/
0x5360c	"N^NuHV,O""n"
0x53a5c	"N^NuHV,O""n"
0x53a8a	N^NuHV,OH
0x53bca	N^NuHV,O/
0x53fc4	POPO`LJ.
0x54072	POXOmX=j
0x544c4	N^NuHV,OH
0x5486e	EZXO`DJ.
0x548d8	N^NuHV,OH
0x549ee	N^NuHV,OH
0x54aca	N^NuHV,OH
0x54b70	N^NuHV,O/
0x54dfa	N^NuHV,OH
0x54fb8	N^NuHV,OH
0x550e2	N^NuHV,OH
0x5516a	N^NuHV,OH
0x551f4	N^NuHV,OH
0x5524a	N^NuHV,OH
0x552a2	N^NuHV,OH
0x5530a	N^NuHV,OH
0x5537a	N^NuHV,OH
0x557b8	N^NuHV,OH
0x5580a	QNPOPOr$
0x5584e	N^NuHV,O/
0x55950	N^NuHV,OH
0x559ba	N^NuHV,OH
0x55c3e	N^NuHV,O/
0x55c8e	N^NuHV,O/
0x55cc0	N^NuHV,OH
0x55d7a	N^NuHV,O n
0x55d98	N^NuHV,O/
0x55dca	N^NuHV,O n
0x55de2	N^NuHV,O/
0x55e10	N^NuHV,O/
0x56300	N^NuHV,O/
0x5640e	N^NuHV,OH
0x5654e	N^NuHV,O/
0x56576	N^NuHV,OH
0x56622	N^NuHV,OH
0x56972	H>&@POXOJ
0x56b22	N^NuHV,O/.
0x56bc6	N^NuHV,O/.
0x56cbb	0$@POXOJ
0x56d38	 HPOXO u
0x56d9a	POPO CSHre
0x570af	<$@POXOJ
0x5763c	N^NuHV,O/
0x57c0c	N^NuHV,O/
0x57c7a	N^NuHV,O/
0x57d9e	N^NuHV,OH
0x585c4	N^NuHV,OH
0x58724	"N^NuHV,O""."
0x58850	* $@POPOJ
0x5890a	)f$@POPOJ
0x58b18	N^NuHV,O/
0x58c86	"&zTJ""E3|"
0x58e5a	POPOl0 u
0x591fc	"POXO`&&J`""/"
0x59354	N^NuHV,O/
0x593c8	N^NuHV,O/
0x59428	N^NuHV,O/
0x59444	N^NuHV,O/
0x5a12c	N^NuHV,O/
0x5a16c	N^NuHV,O .
0x5a178	N^NuHV,O0.
0x5a186	N^NuHV,O .
0x5a192	N^NuHV,O0.
0x5a1a0	N^NuHV,O/
0x5ac92	POXO`j/.
0x5acb2	POPO`J/.
0x5ae9a	N^NuHV,O/
0x5aedc	N^NuHV,O .
0x5af00	N^NuHV,OH
0x5afe8	N^NuHV,OH
0x5b084	N^NuHV,O/
0x5b0fc	$@&APOXOJ
0x5b464	N^NuHV,O/
0x5b4dc	N^NuHV,O/
0x5b67a	N^NuHV,OH
0x5b7c4	N^NuHV,O/
0x5b7e0	"N^NuHV,O""n"
0x5b80e	N^NuHV,O/
0x5b83c	N^NuHV,OH
0x5b8a4	N^NuHV,O/
0x5ba0c	N^NuHV,O/
0x5ba52	N^NuHV,O/
0x5bbd0	N^NuHV,O/
0x5bbfe	N^NuHV,O/
0x5bc32	N^NuHV,O/
0x5bc72	N^NuHV,O/
0x5bea2	N^NuHV,Oa
0x5bece	N^NuHV,Oa
0x5c02a	N^NuHV,Oa
0x5c04e	N^NuHV,OH
0x5c4f1	xN^NuHV,O/
0x5c532	N^NuHV,O/
0x5c6b0	N^NuHV,O/
0x5c6de	N^NuHV,O/
0x5c828	N^NuHV,O/
0x5c85c	N^NuHV,O/
0x5c89c	N^NuHV,O/
0x5c8ce	N^NuHV,O/.
0x5c8e0	N^NuHV,OH
0x5ccb0	N^NuHV,O/
0x5ccf0	N^NuHV,O/
0x5ce6e	N^NuHV,OH
0x5ceb0	N^NuHV,O/
0x5cede	N^NuHV,O/
0x5cf12	N^NuHV,O/
0x5cf5c	N^NuHV,O/
0x5cf8e	N^NuHV,O/.
0x5cf9f	RN^NuHV,O/
0x5d048	N^NuHV,O/
0x5d08a	N^NuHV,O/
0x5d20a	N^NuHV,O .
0x5d22c	N^NuHV,O .
0x5d24e	N^NuHV,O/
0x5d298	N^NuHV,O .
0x5d2ba	N^NuHV,OH
0x5d57e	N^NuHV,O/
0x5d5be	N^NuHV,O/
0x5d73c	N^NuHV,O/
0x5d778	N^NuHV,O/
0x5d7a6	N^NuHV,O/
0x5d7da	N^NuHV,O/
0x5d824	N^NuHV,O/
0x5d856	N^NuHV,O/
0x5d9a6	N^NuHV,O/
0x5d9e6	N^NuHV,O/
0x5dae2	N^NuHV,OH
0x5db70	N^NuHV,OH
0x5dbd8	N^NuHV,OH
0x5dc28	N^NuHV,O/
0x5dc72	N^NuHV,O/
0x5dc9a	N^NuHV,OH
0x5df4e	N^NuHV,O/
0x5df8e	N^NuHV,O/
0x5e10c	N^NuHV,O/
0x5e13a	N^NuHV,O/
0x5e168	N^NuHV,O/
0x5e19c	N^NuHV,O/
0x5e1e6	N^NuHV,O/
0x5e218	N^NuHV,O/
0x5e24e	N^NuHV,OH
0x5e2e8	N^NuHV,O/
0x5e346	N^NuHV,O/
0x5e386	N^NuHV,O/
0x5e628	N^NuHV,O/
0x5e656	N^NuHV,O/
0x5e68a	N^NuHV,O/
0x5e6d4	N^NuHV,O/
0x5e706	N^NuHV,O/
0x5e9c8	N^NuHV,O/
0x5ea08	N^NuHV,O/
0x5eb86	N^NuHV,O/
0x5ebb4	N^NuHV,O/
0x5ebe2	N^NuHV,O/
0x5ec16	N^NuHV,O/
0x5ec56	N^NuHV,O/
0x5ec88	N^NuHV,O/.
0x5ec99	(N^NuHV,OH
0x5ef4e	N^NuHV,O/
0x5ef8e	N^NuHV,O/
0x5f10c	N^NuHV,O/
0x5f13a	N^NuHV,O/
0x5f168	N^NuHV,O/
0x5f19c	N^NuHV,O/
0x5f1e6	N^NuHV,O/
0x5f218	N^NuHV,OH
0x5f55c	N^NuHV,O/
0x5f59c	N^NuHV,O/
0x5f71a	N^NuHV,O/
0x5f756	N^NuHV,O/
0x5f792	N^NuHV,O/
0x5f7c6	N^NuHV,O/
0x5f810	N^NuHV,O/
0x5f842	N^NuHV,O/
0x5f85c	N^NuHV,O/
0x5f8d8	N^NuHV,O/
0x5f934	N^NuHV,O/
0x5fa6e	POPOg>Hx
0x5fa88	POXOm$Hx
0x5fabc	N^NuHV,O/
0x5fb06	N^NuHV,O/
0x5fd44	N^NuHV,O n
0x5fd55	,N^NuHV,O n
0x5fd67	(N^NuHV,O n
0x5fd79	$N^NuHV,O n
0x5ff66	N^NuHV,OH
0x6002c	N^NuHV,OH
0x6008a	N^NuHV,O/
0x600d0	N^NuHV,O/
0x60134	N^NuHV,OH
0x60198	N^NuHV,O n
0x604ec	N^NuHV,O/
0x609b6	N^NuHV,O n
0x609e5	8N^NuHV,O/
0x60a48	N^NuHV,OH
0x60afc	N^NuHV,OH
0x60d68	N^NuHV,OH
0x60f86	N^NuHV,OH
0x60fde	N^NuHV,OH
0x61158	N^NuHV,O/
0x611e0	N^NuHV,OH
0x6122c	N^NuHV,OH
0x6127e	N^NuHV,OH
0x612d0	N^NuHV,OH
0x6132a	N^NuHV,OH
0x614fa	N^NuHV,OH
0x616d8	N^NuHV,OH
0x6182c	N^NuHV,OH
0x61bb8	N^NuHV,O/
0x61d3c	N^NuHV,O/
0x61f08	N^NuHV,OH
0x61fa6	N^NuHV,O/
0x62262	N^NuHV,O/
0x622b0	N^NuHV,O n
0x622cc	N^NuHV,OH
0x62320	N^NuHV,O/
0x62374	N^NuHV,O/
0x623f7	0$@POXOJ
0x624ca	N^NuHV,OH
0x6252e	N^NuHV,OH
0x625af	x$@POPOJ
0x626b4	N^NuHV,OB
0x626d0	N^NuHV,OH
0x62764	N^NuHV,OH
0x627ba	N^NuHV,O/
0x62824	N^NuHV,O/
0x62882	N^NuHV,O/
0x628b4	N^NuHV,OH
0x629a4	N^NuHV,OH
0x62a1c	N^NuHV,O/
0x62a74	N^NuHV,O/
0x62ac8	N^NuHV,OH
0x62b3a	N^NuHV,OH
0x62bfc	N^NuHV,O/
0x62c20	N^NuHV,O/.
0x62c3e	N^NuHV,O .
0x62c66	cZN^NuHV,O/
0x62c88	N^NuHV,OH
0x62cd4	N^NuHV,O/
0x62d28	N^NuHV,OH
0x62d9c	N^NuHV,O/
0x62dfa	N^NuHV,OH
0x62e3c	N^NuHV,OH
0x62ec4	N^NuHV,O/
0x62f2a	N^NuHV,O/
0x62ffc	N^NuHV,O/
0x6307c	N^NuHV,O/
0x630aa	N^NuHV,O/
0x630e6	N^NuHV,OH
0x631aa	N^NuHV,OH
0x6329c	oT$@POPOJ
0x633c6	N^NuHV,OH
0x6340c	N^NuHV,OH
0x63516	N^NuHV,O n
0x63764	N^NuHV,OH
0x637da	N^NuHV,OH
0x63852	N^NuHV,OH
0x638ca	N^NuHV,OH
0x63942	N^NuHV,OH
0x639ba	N^NuHV,OH
0x63a32	N^NuHV,OH
0x63aaa	N^NuHV,OH
0x63b22	N^NuHV,OH
0x63b9a	N^NuHV,OH
0x63c12	N^NuHV,OH
0x63c8a	N^NuHV,OH
0x63d02	N^NuHV,OH
0x63d7a	N^NuHV,OH
0x63df2	N^NuHV,OH
0x63e6a	N^NuHV,OH
0x63ee2	N^NuHV,OH
0x63f5a	N^NuHV,OH
0x63fd2	N^NuHV,OH
0x6404a	N^NuHV,OH
0x640c2	N^NuHV,OH
0x6413a	N^NuHV,OH
0x641b2	N^NuHV,OH
0x6422a	N^NuHV,OH
0x642a2	N^NuHV,OH
0x6431a	N^NuHV,OH
0x64392	N^NuHV,OH
0x6440a	N^NuHV,OH
0x64482	N^NuHV,OH
0x644fa	N^NuHV,O/
0x64540	N^NuHV,O/<
0x64566	N^NuHV,O/
0x645a8	N^NuHV,O/
0x645ee	N^NuHV,O/
0x64630	N^NuHV,O/
0x64672	N^NuHV,O/
0x646dc	N^NuHV,O/.
0x646fc	N^NuHV,O/
0x64742	N^NuHV,O/
0x64788	N^NuHV,O/
0x647ce	N^NuHV,O/
0x64814	N^NuHV,O/
0x6485a	N^NuHV,OH
0x648ae	N^NuHV,O/
0x648f0	N^NuHV,O/
0x64936	N^NuHV,O/
0x6497c	N^NuHV,O/
0x649c2	N^NuHV,OH
0x64a3a	N^NuHV,O/
0x64a80	N^NuHV,O/
0x64ac6	N^NuHV,O/
0x64b0c	N^NuHV,O/
0x64b52	N^NuHV,O/
0x64baa	N^NuHV,O/
0x64bf0	N^NuHV,O/
0x64c36	N^NuHV,O/
0x64c7c	N^NuHV,O/
0x64cd4	N^NuHV,O/
0x64d2c	N^NuHV,O/
0x64d72	N^NuHV,O/
0x64db8	N^NuHV,O/
0x64dfe	N^NuHV,O/
0x64e56	N^NuHV,O/
0x64ec0	N^NuHV,O/
0x64f18	N^NuHV,O/
0x64f82	N^NuHV,O/
0x64fc8	N^NuHV,O/
0x6500e	N^NuHV,O/
0x65054	N^NuHV,O/
0x6509a	N^NuHV,O/
0x650d0	N^NuHV,O/
0x65116	N^NuHV,O/
0x6516e	N^NuHV,O/
0x651b4	N^NuHV,O/
0x651f6	N^NuHV,O/
0x6523c	N^NuHV,O/
0x65282	N^NuHV,O/
0x652c8	N^NuHV,O/
0x6530e	N^NuHV,O/
0x65354	N^NuHV,OH
0x653b0	N^NuHV,O/
0x6541a	N^NuHV,O/
0x65472	N^NuHV,OH
0x654e2	N^NuHV,O/
0x65518	N^NuHV,O/
0x65586	N^NuHV,O/
0x655bc	N^NuHV,O/
0x655fc	N^NuHV,O/
0x65632	N^NuHV,OH
0x656b2	N^NuHV,O/
0x656e8	N^NuHV,OH
0x6575a	N^NuHV,O/
0x65790	N^NuHV,OH
0x65824	N^NuHV,O/
0x658b2	N^NuHV,O/
0x658e8	N^NuHV,OH
0x65946	N^NuHV,O/
0x6597c	N^NuHV,O/
0x659d4	N^NuHV,O/
0x65a74	N^NuHV,O/
0x65aaa	N^NuHV,OH
0x65b1c	N^NuHV,O/
0x65b52	N^NuHV,O/
0x65b98	N^NuHV,OH
0x65bf6	N^NuHV,O/
0x65c2c	N^NuHV,OH
0x65c8a	N^NuHV,O/
0x65cc0	N^NuHV,OH
0x65d30	N^NuHV,O/
0x66346	N^NuHV,O/
0x66386	N^NuHV,ON^NuHV,Op
0x66398	N^NuHV,OB
0x663a2	N^NuHV,ON^NuNV
0x665c6	N^NuHV,ON^NuHV,O/
0x66774	N^NuHV,O/
0x66860	N^NuHV,OH
0x66b32	N^NuHV,O/
0x66d38	N^NuHV,O/
0x66d74	N^NuHV,O/
0x66da8	N^NuHV,O/
0x66dee	N^NuHV,O/
0x66e26	N^NuHV,O/
0x66f1c	"""TPO`, u"
0x66f48	((POXOHu
0x66f68	N^NuHV,O/
0x66fa0	N^NuHV,O/
0x6713c	"g((F T""h"
0x671fc	"`N(F T""h"
0x67218	"f2(F T""h"
0x67254	N^NuHV,ON^NuHV,O/
0x67298	N^NuHV,ON^NuHV,OB
0x672aa	N^NuHV,ON^NuNV
0x676cc	"g0""G Q-h"
0x677c0	"fb""G Q-h"
0x67854	N^NuHV,O n
0x67873	,N^NuHV,O n
0x67898	N^NuHV,ON^NuHV,O/
0x67926	N^NuHV,O/
0x67a7e	N^NuHV,OH
0x67c84	"POXOl"" u"
0x67d0e	"N^NuHV,OHx""`Hx""`/."
0x680a1	$N^NuHV,O n
0x680c1	4N^NuHV,O n
0x680e6	N^NuHV,ON^NuHV,OH
0x6819e	N^NuHV,O/
0x681e8	N^NuHV,O/
0x68358	N^NuHV,O/
0x6844e	N^NuHV,OH
0x684b6	N^NuHV,O/
0x68528	N^NuHV,O/
0x686a0	N^NuHV,OH
0x68768	'x$@POXOJ
0x687ca	N^NuHV,O/
0x68b1c	N^NuHV,O/.
0x68b3c	N^NuHV,OHx
0x68b60	N^NuHV,OHx
0x68b84	N^NuHV,O/
0x68bca	N^NuHV,O/
0x68c10	N^NuHV,OH
0x68c7e	N^NuHV,O/
0x68cc4	N^NuHV,O/
0x6900e	12POPO-A
0x6943e	N^NuHV,O/
0x69574	N^NuHV,OH
0x69780	N^NuHV,O/
0x69b48	N^NuHV,O/
0x69d12	N^NuHV,OH
0x6a376	N^NuHV,OHx
0x6a3ac	N^NuHV,O/
0x6a3f0	N^NuHV,OHx
0x6a409	pN^NuHV,O/
0x6a48a	N^NuHV,O/
0x6a4f2	N^NuHV,OH
0x6a558	N^NuHV,O/
0x6a5d8	N^NuHV,O/
0x6a64a	N^NuHV,O .
0x6a67e	N^NuHV,O/
0x6a714	N^NuHV,OH
0x6aa00	N^NuHV,OH
0x6aa64	N^NuHV,OH
0x6ab6b	"B""@POXOJ"
0x6aba6	N^NuHV,O/
0x6ad22	N^NuHV,OHx
0x6af6e	N^NuHV,OH
0x6afd6	N^NuHV,OB
0x6b122	N^NuHV,Op
0x6b12c	N^NuHV,O/
0x6b1a2	N^NuHV,Op
0x6b1ac	N^NuHV,OH
0x6b1fe	N^NuHV,OH
0x6b25a	N^NuHV,O/
0x6b28a	N^NuHV,O/
0x6b2c0	N^NuHV,ON^NuNV
0x6b732	N^NuHV,O/.
0x6b74c	N^NuHV,OH
0x6b890	N^NuHV,Op
0x6b89a	N^NuHV,O/
0x6b9cc	N^NuHV,OH
0x6ba16	N^NuHV,O n
0x6ba42	N^NuHV,OH
0x6ba88	N^NuHV,O n
0x6baa6	N^NuHV,O n
0x6bac8	N^NuHV,O/
0x6bcfe	"N^NuHV,OHx""`Hx""`/."
0x6bd18	N^NuHV,Op
0x6bdee	N^NuHV,OH
0x6be7e	N^NuHV,O n
0x6be9c	N^NuHV,O n
0x6bebe	N^NuHV,O/
0x6bf12	N^NuHV,OH
0x6c006	N^NuHV,OH
0x6c15e	N^NuHV,OH
0x6c614	N^NuHV,O/
0x6c66e	N^NuHV,O/
0x6c68e	N^NuHV,OH
0x6c6d4	N^NuHV,OH
0x6c8c6	N^NuHV,O n
0x6c8f8	N^NuHV,Op
0x6c902	N^NuHV,O/.
0x6c918	N^NuHV,O/.
0x6c92e	"N^NuHV,O""n"
0x6c970	"N^NuHV,O""n"
0x6c9d2	g0`24R-J
0x6cb44	N^NuHV,O/.
0x6cb5a	N^NuHV,OH
0x6cc0a	N^NuHV,OH
0x6ccae	N^NuHV,O n
0x6cccd	DN^NuHV,OH
0x6ce00	N^NuHV,OHx
0x6ce24	N^NuHV,OH
0x6cefa	N^NuHV,OH
0x6cf46	N^NuHV,O/
0x6cf92	N^NuHV,OH
0x6d01a	N^NuHV,O/
0x6d052	N^NuHV,ON^NuHV,O/
0x6d08c	N^NuHV,O/
0x6d0be	N^NuHV,O/
0x6d100	N^NuHV,O/
0x6d142	N^NuHV,O n
0x6d156	N^NuHV,O n
0x6d186	N^NuHV,O n
0x6d1ac	N^NuHV,OH
0x6d328	N^NuHV,O/
0x6d382	N^NuHV,OH
0x6d3f0	N^NuHV,OH
0x6d468	N^NuHV,OH
0x6d4c0	N^NuHV,OH
0x6d53c	N^NuHV,O/
0x6d5a0	N^NuHV,O/
0x6d5c8	N^NuHV,O/
0x6d620	N^NuHV,O/
0x6d680	N^NuHV,O n
0x6d6da	N^NuHV,O/
0x6d744	N^NuHV,O/
0x6d790	N^NuHV,OH
0x6d83c	N^NuHV,O/
0x6d88c	N^NuHV,O .
0x6d8aa	N^NuHV,OH
0x6d998	N^NuHV,O/
0x6d9cc	N^NuHV,O n
0x6d9e1	pN^NuHV,O/
0x6da16	N^NuHV,O/
0x6da4a	N^NuHV,O n
0x6da7c	N^NuHV,O n
0x6daae	N^NuHV,O n
0x6dac3	&N^NuHV,O n
0x6dae8	N^NuHV,OB
0x6dbca	N^NuHV,O n
0x6e36c	N^NuHV,OH
0x6e492	N^NuHV,OH
0x6e590	N^NuHV,O/
0x6e5b1	 NqHV,OH
0x6e7bc	N^NuHV,O/
0x6e874	N^NuHV,O/
0x6e8ec	N^NuHV,O/
0x6e94c	N^NuHV,OH
0x6e9e0	N^NuHV,O/
0x6eb92	N^NuHV,O/
0x6ec00	N^NuHV,O/
0x6ec7e	N^NuHV,OH
0x6ede6	"N^NuHV,O""."
0x6ef22	N^NuHV,OH
0x6efb4	N^NuHV,OH
0x6f09e	N^NuHV,OH
0x6f1ec	N^NuHV,O/
0x6f25a	N^NuHV,OH
0x6f342	N^NuHV,O/
0x6f384	N^NuHV,OH
0x6f444	N^NuHV,O/
0x6f488	N^NuHV,OH
0x6f550	N^NuHV,OH
0x6f6c0	N^NuHV,OH
0x6f738	N^NuHV,O/
0x6f780	N^NuHV,O/
0x6f7a8	N^NuHV,OHn
0x6f806	N^NuHV,O/
0x6f862	N^NuHV,O/
0x6f8bc	N^NuHV,O/
0x6f97a	N^NuHV,OH
0x6fc4a	N^NuHV,O/
0x70681	$N^NuHV,OH
0x70ac8	"SK""KRK u"
0x70be8	N^NuHV,OH
0x70c32	N^NuHV,O/
0x70c7e	N^NuHV,OH
0x70dea	N^NuHV,OHx
0x70e07	$N^NuHV,OB
0x71203	VPO WXON
0x71221	8PO WXON
0x7135a	Nu OpYNDd
0x7136e	NuNu Op/NDd
0x713b0	Nu Op/NDd
0x7144c	Nu Op@NDd
0x717c2	NuNu Op*NDd
0x71db6	"NuNu O""("
0x71dd0	"NuNu O""("
0x71dea	"NuNu O""("
0x71f3a	Nu Op$NDd
0x71fca	"NuNu O""("
0x71fe4	"NuNu O""("
0x7206c	NuNu OpTNDd
0x722d4	N^NuHV,O/
0x72410	N^NuHV,O/
0x72568	N^NuHV,O/
0x72606	N^NuHV,O/
0x7264a	N^NuHV,O/
0x72678	N^NuHV,OB
0x72687	zN^NuHV,OH
0x726d2	g>$@XOHx
0x72700	N^NuHV,O/
0x7271c	N^NuHV,O/
0x7276a	N^NuHV,OH
0x72a42	N^NuHV,O/
0x72a96	N^NuHV,OH
0x72af4	N^NuHV,O/
0x72b88	NqHV,O n
0x72b98	N^NuHV,O/
0x72bce	N^NuHV,O/
0x72be8	N^NuHV,O/
0x72c04	N^NuHV,O/
0x72c1e	N^NuHV,O/
0x72c76	N^NuHV,O/
0x72c9e	N^NuHV,OH
0x72dac	N^NuHV,OH
0x72e04	N^NuHV,O/
0x72e1e	N^NuHV,ON^NuNV
0x72ed4	N^NuHV,OH
0x72f64	N^NuHV,O n
0x72f82	N^NuHV,O n
0x72fa0	N^NuHV,O n
0x72fb5	\N^NuHV,O/
0x73296	N^NuHV,O/
0x7330a	N^NuHV,O/
0x733c0	N^NuHV,O .
0x733ce	NFN^NuHV,O 
0x73522	N^NuHV,OH
0x73562	N^NuHV,OH
0x73650	N^NuHV,OH
0x73690	N^NuHV,OH
0x736d0	N^NuHV,OH
0x73826	N^NuHV,O .
0x73892	N^NuHV,O/
0x738c2	N^NuHV,O/
0x73938	N^NuHV,O n
0x73957	"""N^NuHV,OHx"
0x73972	N^NuHV,OHx
0x7398c	N^NuHV,OH
0x739de	N^NuHV,OH
0x73a1e	N^NuHV,OH
0x73a5e	N^NuHV,OH
0x73ab0	N^NuHV,OHx
0x73aca	N^NuHV,OH
0x73b0e	N^NuHV,O/
0x73b3e	N^NuHV,OHx
0x73b58	N^NuHV,OH
0x73d82	R&POXOHu
0x73fa0	N^NuHV,OH
0x740b6	N^NuHV,O/
0x740da	N^NuHV,O/
0x741c2	N^NuHV,OH
0x74264	N^NuHV,OH
0x74b68	N^NuHV,OH
0x74f82	N^NuHV,OH
0x75164	N^NuHV,OH
0x754c6	N^NuHV,O/
0x754f2	N^NuHV,O/
0x75562	N^NuHV,OH
0x757f1	x$@POPOJ
0x75cc8	N^NuHV,OH
0x75d08	N^NuHV,O
0x75d24	N^NuHV,O
0x75d3c	N^NuHV,OH
0x75d88	N^NuHV,O .
0x75d9a	N^NuHV,OH
0x75dea	N^NuHV,O .
0x75dfc	N^NuHV,O/
0x760da	,vPOXO&k
0x76108	N^NuHV,OH
0x7614a	N^NuHV,ONBN^NuHV,O/
0x7618c	N^NuHV,O
0x76242	N^NuHV,O
0x7625a	N^NuHV,O .
0x7626c	N^NuHV,O/
0x762b2	+FNqHV,O
0x762ce	N^NuHV,O
0x762ea	N^NuHV,O
0x76300	N^NuHV,OH
0x76346	N^NuHV,O/
0x7638c	N^NuHV,O/
0x763b8	N^NuHV,O/
0x763fa	N^NuHV,O/
0x76426	N^NuHV,O
0x765da	N^NuHV,O/
0x7664c	N^NuHV,O
0x76800	N^NuHV,O/
0x76994	N^NuHV,O/
0x769dc	N^NuHV,O/
0x76a20	N^NuHV,OH
0x76aa2	N^NuHV,OH
0x76b20	N^NuHV,OH
0x76b9e	N^NuHV,O
0x76bb4	N^NuHV,O
0x76bc6	N^NuHV,Op
0x76be2	N^NuHV,Op
0x76bfe	N^NuHV,O
0x76c1a	N^NuHV,O
0x76c36	N^NuHV,Op
0x76c52	N^NuHV,Op
0x76c6e	N^NuHV,OH
0x76cba	N^NuHV,O .
0x76ccc	N^NuHV,OH
0x76d18	N^NuHV,O .
0x76d2a	N^NuHV,OB
0x76d46	N^NuHV,OB
0x76dfc	"N^NuHV,O""."
0x76e0e	N^NuHV,O
0x76e2a	N^NuHV,OH
0x76e6a	N^NuHV,O
0x76e82	N^NuHV,O .
0x76e94	N^NuHV,O
0x76eb0	N^NuHV,O
0x76ec6	N^NuHV,O/
0x76ef0	N^NuHV,O
0x76f02	N^NuHV,O
0x76f1e	N^NuHV,O/
0x76f38	N^NuHV,O/
0x76f66	N^NuHV,O/.
0x76f78	N^NuHV,O/
0x76fa5	,NqHV,O .
0x76fb9	HN^NuHV,O/
0x76fea	N^NuHV,O
0x77006	N^NuHV,O
0x7701e	N^NuHV,O.
0x7702e	NuN^NuHV,ONBN^NuHV,O
0x7704c	N^NuHV,O/
0x77084	N^NuHV,OH
0x771b6	N^NuHV,OB
0x77336	N^NuHV,O .
0x77372	"N^NuHV,O""."
0x77384	N^NuHV,Oa
0x77391	hNqHV,OH
0x77598	N^NuHV,O/
0x775ba	N^NuHV,O/
0x775f2	N^NuHV,O n
0x77602	N^NuHV,O/
0x77640	N^NuHV,OH
0x77772	N^NuHV,O/
0x77792	N^NuHV,O/
0x777c2	N^NuHV,OH
0x77860	N^NuHV,OH
0x77a12	N^NuHV,O n
0x77a9c	N^NuHV,ON^NuHV,OB
0x77ab8	"N^NuHV,O""."
0x77ace	N^NuHV,O/.
0x77adf	"""N^NuHV,O/"
0x77b02	N^NuHV,O/
0x77bd0	N^NuHV,OH
0x77c6a	N^NuHV,Op
0x77c7c	N^NuHV,OH
0x77cd2	N^NuHV,OH
0x77d1c	N^NuHV,O n
0x77d33	xN^NuHV,O n
0x77d4b	"&N^NuHV,O""n"
0x77d84	"N^NuHV,O""n"
0x77da2	"N^NuHV,O""n"
0x77dbf	pN^NuHV,O .
0x77e56	N^NuHV,O n
0x77e66	N^NuHV,O/
0x77e98	N^NuHV,O/
0x77ec4	N^NuHV,O n
0x77ed4	N^NuHV,OH
0x77fc0	N^NuHV,OH
0x78008	N^NuHV,OH
0x78060	N^NuHV,ON^NuHV,O/
0x7808c	N^NuHV,O/
0x780b0	N^NuHV,O/
0x780da	"N^NuHV,O""."
0x780f0	"N^NuHV,O""n"
0x78140	N^NuHV,O .
0x78162	N^NuHV,O/
0x781e4	N^NuHV,OH
0x7824c	N^NuHV,OH
0x784de	POXOXOHn
0x78bbd	lN^NuHV,O/
0x78c11	"BPOXO""RA"
0x78c60	N^NuHV,O/
0x78c9c	N^NuHV,OB
0x78cae	N^NuHV,O/
0x78ce8	N^NuHV,OH
0x78da4	N^NuHV,O/
0x78dd2	N^NuHV,O/
0x78e0c	N^NuHV,OH
0x78eb6	N^NuHV,O/
0x78f0a	N^NuHV,OHx
0x78f1f	pN^NuHV,O/
0x78f3a	N^NuHV,O/
0x78f54	N^NuHV,O/
0x78fbc	N^NuHV,OH
0x7900c	N^NuHV,O n
0x79024	N^NuHV,O/
0x7904e	N^NuHV,O/
0x79074	N^NuHV,O/
0x7909e	N^NuHV,OH
0x79132	N^NuHV,OH
0x791ba	"N^NuHV,O""."
0x791e0	N^NuHV,OH
0x79240	N^NuHV,O n
0x79250	N^NuHV,OH
0x792b2	N^NuHV,O/
0x7953a	N^NuHV,O/
0x79564	N^NuHV,O n
0x79576	N^NuHV,OB
0x7968a	N^NuHV,O/
0x796ae	N^NuHV,O/
0x796f8	"N^NuHV,O""."
0x7970e	N^NuHV,OH
0x7981a	N^NuHV,O/
0x79878	N^NuHV,O/
0x798b8	N^NuHV,OH
0x79906	N^NuHV,O/
0x79930	"N^NuHV,O""n"
0x79944	N^NuHV,OH
0x799cb	.NqHV,O/
0x79a2e	N^NuHV,Oa
0x79aae	N^NuHV,OH
0x79b4a	N^NuHV,O/
0x79c50	N^NuHV,OH
0x79cb6	N^NuHV,O/
0x79cf8	N^NuHV,OH
0x79d88	N^NuHV,O n
0x79da0	N^NuHV,O n
0x79dc8	N^NuHV,OH
0x79e10	N^NuHV,OH
0x7a65e	"&""POXOXJJ"
0x7a6ec	N^NuHV,OH
0x7a7ea	N^NuHV,O/.
0x7aafa	N^NuHV,OH
0x7ab68	N^NuHV,OH
0x7ac56	N^NuHV,OH
0x7ad34	N^NuHV,OB
0x7ae70	N^NuHV,OH
0x7af40	N^NuHV,O/
0x7b082	N^NuHV,O/
0x7b0d2	N^NuHV,OH
0x7b168	N^NuHV,ON^NuNV
0x7b3ac	N^NuHV,OH
0x7b41c	N^NuHV,OH
0x7b4a8	N^NuHV,OH
0x7b568	N^NuHV,O/
0x7b5b8	N^NuHV,OH
0x7b682	N^NuHV,O .
0x7b6b2	N^NuHV,OH
0x7b744	N^NuHV,OH
0x7b78f	r$BPOXOJ
0x7b7a0	N^NuHV,O/
0x7b7c0	N^NuHV,OH
0x7b84e	N^NuHV,O/
0x7b890	N^NuHV,OH
0x7b928	"N^NuHV,O""n"
0x7bb88	N^NuHV,OH
0x7bbcc	N^NuHV,O/
0x7bcc0	N^NuHV,O/
0x7bcda	N^NuHV,O/
0x7bd1c	N^NuHV,OH
0x7be1a	N^NuHV,OH
0x7bed8	N^NuHV,OH
0x7bf82	N^NuHV,O/
0x7bf9e	N^NuHV,O/
0x7bfcc	N^NuHV,O/
0x7c075	lPOXO`4$D
0x7c0c0	N^NuHV,O/
0x7c0da	N^NuHV,OH
0x7c16a	N^NuHV,OH
0x7c1f6	N^NuHV,OH
0x7c569	xPOXO`:p'
0x7c848	N^NuHV,OH
0x7c8cc	N^NuHV,O/
0x7c91c	N^NuHV,O/
0x7c94a	N^NuHV,O/
0x7c988	"N^NuHV,O""n"
0x7c99e	N^NuHV,O .
0x7c9aa	N^NuHV,OH
0x7ca58	N^NuHV,O/
0x7ca88	N^NuHV,O/
0x7cab0	N^NuHV,OH
0x7cae2	N^NuHV,O .
0x7caee	N^NuHV,OH
0x7cb6c	N^NuHV,OH
0x7cc2e	N^NuHV,OB
0x7cc38	N^NuHV,O .
0x7cc44	N^NuHV,O/
0x7cc6c	N^NuHV,O/.
0x7cc82	N^NuHV,O n
0x7cc92	N^NuHV,O/
0x7ccda	N^NuHV,O/
0x7cd00	N^NuHV,O n
0x7cd14	N^NuHV,O/
0x7cd38	N^NuHV,O n
0x7cd48	N^NuHV,O n
0x7cd58	N^NuHV,O .
0x7cd64	N^NuHV,O n
0x7cd72	N^NuHV,O/
0x7cd9e	N^NuHV,O/
0x7cdc6	N^NuHV,O/
0x7ce04	N^NuHV,OH
0x7cee4	N^NuHV,O/
0x7cf34	N^NuHV,OH
0x7cf76	N^NuHV,O/
0x7cf98	N^NuHV,O/
0x7cfc0	N^NuHV,O/
0x7cfe2	N^NuHV,O .
0x7cff0	N^NuHV,O .
0x7cffc	"N^NuHV,O""."
0x7d012	N^NuHV,O n
0x7d03a	N^NuHV,O/
0x7d07c	N^NuHV,O/
0x7d0a6	N^NuHV,O n
0x7d0be	N^NuHV,O n
0x7d0e2	N^NuHV,O/
0x7d10c	N^NuHV,O n
0x7d136	N^NuHV,O/
0x7d15e	N^NuHV,O n
0x7d176	N^NuHV,O n
0x7d188	N^NuHV,O/
0x7d1c8	N^NuHV,O/
0x7d21c	N^NuHV,O/
0x7d274	N^NuHV,O/
0x7d2d0	N^NuHV,OH
0x7d334	N^NuHV,O/
0x7d378	N^NuHV,O .
0x7d384	N^NuHV,O n
0x7d39e	N^NuHV,O .
0x7d3aa	N^NuHV,O/
0x7d3ea	N^NuHV,O/
0x7d42a	N^NuHV,O/
0x7d44e	N^NuHV,O n
0x7d460	N^NuHV,O .
0x7d46c	N^NuHV,O/.
0x7d48a	N^NuHV,O/
0x7d4be	N^NuHV,OH
0x7d50e	N^NuHV,O/
0x7d542	N^NuHV,OH
0x7d608	N^NuHV,O/
0x7d62e	N^NuHV,O/
0x7d658	N^NuHV,O/
0x7d67a	N^NuHV,O/
0x7d6c2	N^NuHV,O/
0x7d6e8	N^NuHV,O/
0x7d712	N^NuHV,O/
0x7d834	N^NuHV,OH
0x7d911	pPOPOXJJ
0x7d932	N^NuHV,OH
0x7d9c0	N^NuHV,O/
0x7da00	N^NuHV,O/
0x7da40	N^NuHV,O n
0x7da50	N^NuHV,OH
0x7dad0	N^NuHV,Op
0x7dada	N^NuHV,O n
0x7db0e	N^NuHV,OH
0x7db74	N^NuHV,OH
0x7dbda	N^NuHV,O/
0x7dc00	N^NuHV,O/
0x7dc40	N^NuHV,O/
0x7dc80	N^NuHV,OH
0x7dce6	N^NuHV,OH
0x7dd76	N^NuHV,OH
0x7ddc3	\$@XO RJ
0x7de8c	N^NuHV,O/
0x7dea6	N^NuHV,O/
0x7dec2	N^NuHV,OH
0x7dfae	N^NuHV,O/
0x7dff0	N^NuHV,O/
0x7e167	"zXO&L$S"""
0x7e214	N^NuHV,O/
0x7e318	N^NuHV,O/
0x7e33a	N^NuHV,O .
0x7e35c	N^NuHV,Op
0x7e36e	N^NuHV,OH
0x7e412	N^NuHV,O/
0x7e4a4	N^NuHV,O/
0x7e4c8	N^NuHV,ON^NuHV,O/
0x7e502	N^NuHV,O/
0x7e554	N^NuHV,O/
0x7e5a6	N^NuHV,O/
0x7e5d6	N^NuHV,O/
0x7e600	N^NuHV,O/
0x7e626	N^NuHV,OH
0x7e69a	N^NuHV,O/
0x7e6ec	N^NuHV,O/
0x7e71c	N^NuHV,O/
0x7e746	N^NuHV,O/
0x7e7d2	N^NuHV,O/
0x7e834	N^NuHV,OH
0x7e8b2	N^NuHV,OH
0x7e9c0	N^NuHV,O n
0x7e9d0	N^NuHV,OH
0x7ea42	N^NuHV,OH
0x7eab6	N^NuHV,OH
0x7ee36	N^NuHV,O n
0x7ee48	N^NuHV,O/
0x7f0b6	N^NuHV,O/
0x7f14e	N^NuHV,OH
0x7f252	N^NuHV,O/
0x7f284	N^NuHV,O/
0x7f2b6	N^NuHV,OH
0x7f310	N^NuHV,O/
0x7f35a	N^NuHV,O/
0x7f380	N^NuHV,O/
0x7f3ec	N^NuHV,O/
0x7f434	N^NuHV,OH
0x7f4aa	N^NuHV,OH
0x7f51e	N^NuHV,O n
0x7f52e	N^NuHV,O n
0x7f53e	N^NuHV,O n
0x7f560	N^NuHV,O/
0x7f59e	N^NuHV,O n
0x7f5c0	N^NuHV,OH
0x7f622	N^NuHV,OH
0x7f6ce	N^NuHV,O/
0x7f6fc	N^NuHV,O/
0x7f750	N^NuHV,O/
0x7f798	N^NuHV,O/
0x7f7ea	N^NuHV,O/
0x7f822	N^NuHV,O n
0x7f834	N^NuHV,O/
0x7f874	N^NuHV,O n
0x7fa02	N^NuHV,OH
0x7fa54	N^NuHV,OH
0x7faac	N^NuHV,OH
0x7fb14	N^NuHV,ON^NuNV
0x7fd5c	N^NuHV,O/
0x7fdaa	N^NuHV,O n
0x7fdba	N^NuHV,OH
0x7fe62	N^NuHV,O/
0x80084	N^NuHV,O/
0x800bc	N^NuHV,O/
0x800f4	N^NuHV,O n
0x80108	N^NuHV,O n
0x80118	N^NuHV,OH
0x802da	N^NuHV,OH
0x80350	N^NuHV,OH
0x8084e	N^NuHV,O/
0x8089c	N^NuHV,O/
0x80ab8	POPO`THu
0x80bb8	N^NuHV,O/.
0x80bd6	N^NuHV,O/
0x80bfe	N^NuHV,O/
0x80c22	N^NuHV,O/
0x80c4a	N^NuHV,O/
0x80c84	N^NuHV,O/
0x80cac	N^NuHV,O/
0x80cd0	N^NuHV,O n
0x80ce2	N^NuHV,O/
0x80d06	N^NuHV,O/
0x80d38	N^NuHV,O/
0x80d60	N^NuHV,O/
0x80d88	N^NuHV,ON^NuHV,O/
0x80dcc	N^NuHV,O/
0x80ed2	N^NuHV,O/
0x80f04	N^NuHV,OH
0x80f54	N^NuHV,OH
0x80fa6	N^NuHV,OH
0x80ff0	N^NuHV,OH
0x8103c	"N^NuHV,O""n"
0x81058	N^NuHV,O/
0x81086	N^NuHV,O/
0x81212	N^NuHV,OH
0x81288	N^NuHV,O/
0x812b0	N^NuHV,OH
0x81392	N^NuHV,O n
0x813d0	N^NuHV,O n
0x814cc	N^NuHV,O/
0x814ea	N^NuHV,O n
0x81500	N^NuHV,O n
0x818aa	N^NuHV,O/
0x818d8	N^NuHV,OH
0x81a90	N^NuHV,OH
0x81d78	N^NuHV,OH
0x81e50	N^NuHV,O/
0x81f44	N^NuHV,OH
0x82440	N^NuHV,OH
0x8254a	N^NuHV,OH
0x82932	N^NuHV,OH
0x82a6a	"`@ta`<tb`8tf`4tn`0tt`,tv`(""CA"
0x82b6c	N^NuHV,O/
0x82b90	N^NuHV,O/
0x82bba	N^NuHV,O/
0x82cda	N^NuHV,O/
0x82d02	N^NuHV,O/
0x82d2a	N^NuHV,O .
0x82d36	N^NuHV,OB
0x82d74	N^NuHV,OH
0x82dd0	N^NuHV,O/
0x82df8	N^NuHV,O/
0x82e2a	N^NuHV,OH
0x82e72	N^NuHV,O/
0x82ea6	N^NuHV,O/
0x82ece	N^NuHV,O/
0x82f10	N^NuHV,O/
0x82f40	N^NuHV,OH
0x82f88	N^NuHV,O/
0x82fb4	N^NuHV,O/
0x82fdc	N^NuHV,O/
0x83090	N^NuHV,O/
0x8311c	N^NuHV,O/
0x83152	N^NuHV,O n
0x8316c	N^NuHV,OH
0x8321c	N^NuHV,OH
0x832be	N^NuHV,OH
0x8342a	N^NuHV,O/
0x83546	N^NuHV,O n
0x8355a	N^NuHV,OH
0x835a2	N^NuHV,O/
0x835d8	N^NuHV,OH
0x83634	N^NuHV,OH
0x836c0	N^NuHV,O/
0x836f4	N^NuHV,O/
0x83730	N^NuHV,O/
0x8376e	N^NuHV,O/
0x837aa	N^NuHV,O/
0x837d2	N^NuHV,OH
0x83994	N^NuHV,O/
0x83aa4	N^NuHV,OH
0x83b4c	N^NuHV,OH
0x83b8c	N^NuHV,O n
0x83b9c	N^NuHV,OH
0x83bf0	N^NuHV,OH
0x83ee6	N^NuHV,OH
0x83f90	N^NuHV,OH
0x84044	N^NuHV,O/
0x84240	N^NuHV,O/
0x8425a	N^NuHV,OH
0x84316	N^NuHV,OH
0x8434a	O.NqHV,O/
0x8438e	N^NuHV,OH
0x84412	N^NuHV,O/
0x8443a	N^NuHV,OH
0x84490	N^NuHV,OH
0x844d8	N^NuHV,OH
0x84540	N^NuHV,O/
0x8485d	$N^NuHV,O/
0x8496d	xN^NuHV,OH
0x849a8	N^NuHV,OH
0x84a14	N^NuHV,OH
0x84a66	N^NuHV,OH
0x84ab8	N^NuHV,OH
0x84b1a	N^NuHV,O/
0x84b44	N^NuHV,O/
0x84b68	N^NuHV,OH
0x84c70	N^NuHV,O/
0x84c9a	N^NuHV,OH
0x84ce8	N^NuHV,OH
0x84d30	N^NuHV,OH
0x84e88	N^NuHV,OH
0x84ece	N^NuHV,OH
0x84f78	N^NuHV,O/
0x850aa	N^NuHV,OH
0x8525f	lN^NuHV,OH
0x85344	N^NuHV,OH
0x85390	N^NuHV,OH
0x854be	N^NuHV,OH
0x85506	N^NuHV,OH
0x855f0	N^NuHV,O/
0x8562e	N^NuHV,O/
0x85656	N^NuHV,O/
0x85694	N^NuHV,O/
0x856d6	N^NuHV,O/
0x8577c	N^NuHV,OH
0x8583e	N^NuHV,OH
0x85924	N^NuHV,O/
0x85954	N^NuHV,O/
0x85984	N^NuHV,O/
0x859bc	N^NuHV,O/
0x859e8	N^NuHV,O/
0x85a1e	N^NuHV,O/
0x85a4c	N^NuHV,O/
0x85a7c	N^NuHV,O/
0x85aa4	N^NuHV,O/
0x85ad8	N^NuHV,OH
0x85b28	N^NuHV,O/
0x85b60	N^NuHV,O/
0x85b94	N^NuHV,OH
0x85be4	N^NuHV,O/
0x85c1c	N^NuHV,O/
0x85c54	N^NuHV,OH
0x85ca8	N^NuHV,O/
0x85ce4	N^NuHV,O/
0x85d0c	N^NuHV,O/
0x85d34	N^NuHV,O/
0x85d68	N^NuHV,O/
0x85d9c	N^NuHV,ON^NuHV,O/.
0x85db4	1LN^NuNV
0x85e5a	N^NuHV,O/
0x85ebc	N^NuHV,OH
0x8632c	N^NuHV,OH
0x86bce	N^NuHV,OH
0x86c20	N^NuHV,OH
0x86c82	N^NuHV,OH
0x86d90	N^NuHV,OH
0x86df2	N^NuHV,OH
0x86e7a	N^NuHV,OH
0x86f7c	N^NuHV,OH
0x87188	N^NuHV,OB
0x87192	N^NuHV,O .
0x87230	N^NuHV,OH
0x87282	POXOfZ/5
0x8730e	N^NuHV,O/
0x87340	N^NuHV,O/
0x87392	N^NuHV,O/
0x873c4	N^NuHV,OH
0x8742e	N^NuHV,OH
0x874aa	N^NuHV,O n
0x874ba	N^NuHV,O n
0x874ca	N^NuHV,O n
0x874ee	N^NuHV,O n
0x87546	N^NuHV,OH
0x875cc	N^NuHV,O/
0x875fe	N^NuHV,O/
0x8762a	N^NuHV,OH
0x876e8	N^NuHV,OH
0x87898	N^NuHV,O/
0x878c0	N^NuHV,O/
0x8792e	N^NuHV,O/
0x8796a	N^NuHV,O/
0x87996	N^NuHV,O/
0x879ce	N^NuHV,OH
0x87b2c	N^NuHV,O/
0x87b58	N^NuHV,O/
0x87b88	N^NuHV,O/
0x87bb4	N^NuHV,O/
0x87bdc	N^NuHV,O/
0x87c1e	N^NuHV,O/
0x87c52	N^NuHV,O/
0x87c76	N^NuHV,ON^NuNV
0x87cda	N^NuHV,O/
0x87d26	N^NuHV,OH
0x87d70	N^NuHV,OH
0x87e02	N^NuHV,O/
0x87e34	N^NuHV,O/
0x8806e	N^NuHV,O/
0x8809e	N^NuHV,O/
0x880ce	N^NuHV,OH
0x88154	N^NuHV,OH
0x88208	N^NuHV,O/
0x88250	N^NuHV,O/
0x8831a	N^NuHV,OH
0x883aa	N^NuHV,O/
0x8840c	N^NuHV,O/
0x8844e	N^NuHV,O n
0x88474	N^NuHV,O n
0x88494	N^NuHV,O n
0x884e4	N^NuHV,O n
0x886f4	N^NuHV,O/
0x8871c	N^NuHV,O/
0x889b4	N^NuHV,OH
0x889fe	N^NuHV,OH
0x88afc	N^NuHV,O/
0x88b98	N^NuHV,O/.
0x88c46	N^NuHV,O/
0x88c7c	N^NuHV,OH
0x88d1c	N^NuHV,OH
0x88ee8	N^NuHV,O n
0x88efa	N^NuHV,O n
0x88f0a	N^NuHV,O/
0x88f2e	N^NuHV,O/
0x88f58	N^NuHV,OH
0x89002	N^NuHV,O .
0x89b2c	N^NuHV,OH
0x89b8a	N^NuHV,OH
0x89bf0	N^NuHV,OH
0x89c38	N^NuHV,OH
0x89c7d	:$@POXOJ
0x89d0f	FRJPOXO`
0x89e59	"""RJPOXO`"
0x89f18	N^NuHV,OH
0x89f5d	$&@POXOJ*
0x8a060	N^NuHV,O/
0x8a0ac	N^NuHV,OH
0x8a21c	N^NuHV,O/
0x8a26e	"N^NuHV,O""n"
0x8a290	N^NuHV,O/
0x8a2ee	N^NuHV,OH
0x8a42c	N^NuHV,OH
0x8a4d6	N^NuHV,OH
0x8a544	N^NuHV,OH
0x8a650	N^NuHV,O/
0x8a67e	N^NuHV,OH
0x8a6fc	N^NuHV,O/
0x8a726	N^NuHV,O n
0x8a7b2	N^NuHV,O n
0x8a7c6	N^NuHV,O/
0x8a7f8	N^NuHV,O/
0x8a840	N^NuHV,O/
0x8a87e	N^NuHV,O/
0x8a8bc	N^NuHV,O/
0x8a8fa	N^NuHV,O/
0x8a938	N^NuHV,O/
0x8a972	N^NuHV,O/
0x8a9b8	N^NuHV,O/
0x8a9fe	N^NuHV,O/
0x8aa44	N^NuHV,O/
0x8aa82	N^NuHV,O/
0x8aac0	N^NuHV,O/
0x8aafe	N^NuHV,O/
0x8ab3c	N^NuHV,O/
0x8ab7a	N^NuHV,O/
0x8abc0	N^NuHV,O/
0x8abfe	N^NuHV,ON^NuNV
0x8b0a8	N^NuHV,OH
0x8b7bc	N^NuHV,OH
0x8b810	N^NuHV,OH
0x8c20a	N^NuHV,O/
0x8c29c	N^NuHV,O/
0x8c32c	N^NuHV,O/
0x8c37a	N^NuHV,O/
0x8c3b8	N^NuHV,O/
0x8c3f6	N^NuHV,O/
0x8c434	N^NuHV,O/
0x8c472	N^NuHV,O/
0x8c4b0	N^NuHV,O/
0x8c4ee	N^NuHV,O/
0x8c52c	N^NuHV,O/
0x8c56a	N^NuHV,OH
0x8c5f8	N^NuHV,OH
0x8c674	N^NuHV,OH
0x8c86e	N^NuHV,O/
0x8c8b2	N^NuHV,OH
0x8c9a4	N^NuHV,OB
0x8c9ae	N^NuHV,OH
0x8ca00	N^NuHV,O/
0x8ca90	N^NuHV,OHn
0x8caa5	bN^NuHV,OH
0x8cafa	N^NuHV,OH
0x8cb60	N^NuHV,OH
0x8cbc2	N^NuHV,O/
0x8cc02	N^NuHV,O/
0x8cc40	N^NuHV,OB
0x8cc4a	N^NuHV,OB
0x8cc54	N^NuHV,OB
0x8cc5e	N^NuHV,OB
0x8cc68	N^NuHV,OB
0x8cc72	N^NuHV,OB
0x8d1e2	N^NuHV,O/
0x8d268	N^NuHV,O/
0x8d2b4	N^NuHV,O/
0x8e122	N^NuHV,OH
0x8ed6a	)FPO$EPJ~
0x8ef0e	*$POXJ`@J
0x8ff60	N^NuHV,O/
0x8ffee	N^NuHV,OH
0x90092	N^NuHV,O n
0x900b8	N^NuHV,OH
0x901ec	N^NuHV,OH
0x905c0	N^NuHV,O/
0x905da	N^NuHV,OH
0x90644	N^NuHV,OH
0x9069c	N^NuHV,O n
0x906e4	N^NuHV,OH
0x9077a	N^NuHV,O/
0x907e0	N^NuHV,OH
0x908dc	N^NuHV,O/
0x90a0a	N^NuHV,O/
0x90a70	N^NuHV,O/
0x90c16	N^NuHV,OH
0x90db2	N^NuHV,O/
0x90eb8	N^NuHV,O/
0x911ee	N^NuHV,O/
0x912a4	N^NuHV,O/
0x91382	N^NuHV,O/
0x91488	N^NuHV,O/
0x91566	N^NuHV,O/
0x915f4	N^NuHV,O/
0x916aa	N^NuHV,O/
0x91710	N^NuHV,O/
0x917e6	N^NuHV,OH
0x9192c	N^NuHV,O/
0x922ea	N^NuHV,O/
0x93dae	N^NuHV,O/
0x9424e	N^NuHV,OH
0x94588	N^NuHV,O/
0x9500a	N^NuHV,O/
0x95048	N^NuHV,O/
0x955fe	N^NuHV,O/
0x9577c	N^NuHV,O/
0x960de	N^NuHV,O/
0x96144	N^NuHV,OH
0x961da	N^NuHV,OH
0x96446	N^NuHV,OH
0x96554	N^NuHV,OH
0x96746	N^NuHV,OH
0x967be	"N^NuHV,O""."
0x967d6	N^NuHV,O/
0x96854	N^NuHV,O/
0x968a8	N^NuHV,OB
0x968b2	N^NuHV,OB
0x968bc	N^NuHV,O/
0x9694e	N^NuHV,O/
0x96a32	N^Nu_NXArgv
0x96a46	_environ
0x96a5a	Basic block profiling finished on %s
0x96a80	File %s, %ld basic blocks 
0x96aa6	    Block #%*d: executed %*ld time(s) address= 0x%.*lx
0x96ade	 function= %-*s
0x96aee	 line= %*ld
0x96afa	 file= %s
0x96b0a	Virtual memory exceeded in `new'
0x96b2c	pure virtual method called
0x96b48	%s: for architecture %s
0x96b62	%s: warning 
0x96b76	 (%s, errno = %d)
0x96b92	can't open: %s
0x96ba2	can't stat file: %s
0x96bb6	file: %s is empty (not an object or archive)
0x96be4	can't map file: %s
0x96bf8	truncated or malformed file: %s (file size too small to be any kind of object or library)
0x96c5c	fat file: %s truncated or malformed (fat_arch structs would extend past the end of the file)
0x96cba	fat file: %s does not contain an architecture that matches the specified -arch flag: %s 
0x96d14	fat file: %s does not contain an architecture that matches the specified -arch flag: %s (file ignored)
0x96d7c	fat file: %s does not contain an architecture that matches the objects files (architecture %s) previously loaded
0x96dee	fat file: %s does not contain an architecture that matches the objects files (architecture %s) previously loaded (file ignored)
0x96e6e	fat file: %s (for architecture %s) is not a dynamic shared library
0x96eb2	can't determine the host architecture (specify an -arch flag or fix get_arch_from_host() )
0x96f0e	-arch flag must be specified (fat file: %s does not contain the host architecture or just one architecture)
0x96f7a	fat file: %s(%.*s) malformed (contains zero architecture types)
0x96fba	fat file: %s malformed (contains zero architecture types)
0x96ff4	fat file: %s(%.*s) truncated or malformed (offset plus size of cputype (%d) cpusubtype (%d) extends past the end of the file)
0x97072	fat file: %s truncated or malformed (offset plus size of cputype (%d) cpusubtype (%d) extends past the end of the file)
0x970ea	fat file: %s(%.*s) fat_archs %lu cputype is zero (a reserved value)
0x9712e	fat file: %s fat_archs %lu cputype is zero (a reserved value)
0x9716c	fat file: %s(%.*s) align (2^%lu) too large for cputype (%d) cpusubtype (%d) (maximum 2^%d)
0x971c8	fat file: %s align (2^%lu) too large for cputype (%d) cpusubtype (%d) (maximum 2^%d)
0x9721e	fat file: %s(%.*s) offset: %lu for cputype (%d) cpusubtype (%d)) not aligned on it's alignment (2^%lu)
0x97286	fat file: %s offset: %lu for cputype (%d) cpusubtype (%d)) not aligned on it's alignment (2^%lu)
0x972e8	fat file: %s(%.*s) contains two of the same architecture (cputype (%d) cpusubtype (%d))
0x97340	fat file: %s contains two of the same architecture (cputype (%d) cpusubtype (%d))
0x97392	empty archive: %s (can't load from it)
0x973ba	truncated or malformed archive: %s (archive header of first member extends past the end of the file, can't load from  it)
0x97434	__.SYMDEF
0x9743e	archive: %s has no table of contents, add one with ranlib(1) (can't load from it)
0x97490	table of contents for archive: %s is out of date; rerun ranlib(1) (can't load from it)
0x974e8	size of table of contents for archive: %s too small to be a valid table of contents (can't load from it)
0x97552	truncated or malformed archive: %s (table of contents extends past the end of the file, can't load from it)
0x975be	empty table of contents: %s (can't load from it)
0x975f0	truncated or malformed archive: %s (ranlib structures in table of contents extends past the end of the table of contents, can't load from it)
0x9767e	truncated or malformed archive: %s (ranlib strings in table of contents extends past the end of the table of contents, can't load from it)
0x9770a	empty table of contents for archive: %s (can't load from it)
0x97748	malformed table of contents in: %s (ranlib struct %lu has bad string index, can't load from it)
0x977a8	malformed table of contents in: %s (ranlib struct %lu has bad library member offset, can't load from it)
0x97812	malformed table of contents in: %s (ranlib struct %lu library member offset not a multiple of %lu bytes, can't load from it)
0x97890	__.SYMDEF SORTED
0x978a2	malformed library: %s (member %s extends past the end of the file, can't load from it)
0x978fa	loaded to resolve symbol: %s
0x97918	malformed table of contents in library: %s (member %s did not defined symbol %s)
0x9796a	table of contents of library: %s not sorted slower link editing will result (use the ranlib(1) -s option)
0x979d4	truncated or malformed archive: %s (archive header of first member extends past the end of the file, can't load from it)
0x97a4e	truncated or malformed archive: %s at offset %lu (archive header of next member extends past the end of the file, can't load from it)
0x97ad4	truncated or malformed archive: %s at offset %lu (member extends past the end of the file, can't load from it)
0x97b44	%s archive's cputype (%d, architecture %s) does not match cputype (%d) for specified -arch flag: %s (can't load from it)
0x97bbe	%s archive's cputype (%d, architecture %s) does not match cputype (%d architecture %s) of objects files previously loaded (can't load from it)
0x97c4e	can't dynamicly load fixed VM shared library
0x97c7c	can't used dynamic libraries or dynamic linker with rld based interfaces
0x97cc6	truncated or malformed object (mach header extends past the end of the file)
0x97d14	bad magic number (not a Mach-O file)
0x97d3a	cputype (%d, architecture %s) does not match cputype (%d) for specified -arch flag: %s
0x97d92	cputype (%d, architecture %s) does not match cputype (%d) for specified -arch flag: %s (file not loaded)
0x97dfc	cputype (%d, architecture %s) does not match cputype (%d architecture %s) of objects files previously loaded
0x97e6a	cputype (%d, architecture %s) does not match cputype (%d architecture %s) of objects files previously loaded (file not loaded)
0x97eea	cpusubtype (%d, architecture %s) does not combine with cpusubtype (%d) for specified -arch flag: %s and -force_cpusubtype_ALL not specified
0x97f76	cpusubtype (%d, architecture %s) does not combine with cpusubtype (%d) for specified -arch flag: %s and -force_cpusubtype_ALL not specified (file not loaded)
0x98014	cpusubtype (%d, architecture %s) does not combine with cpusubtype (%d, architecture %s) of objects files previously loaded and -force_cpusubtype_ALL not specified
0x980b8	cpusubtype (%d, architecture %s) does not combine with cpusubtype (%d, architecture %s) of objects files previously loaded and -force_cpusubtype_ALL not specified (file not loaded)
0x9816e	cputype (%d) unknown (file not loaded)
0x98196	wrong bytesex for cputype (%d) for -arch %s (bad object or this program out of sync with get_arch_family_from_cputype() and get_byte_sex_from_flag())
0x9822c	truncated or malformed object (load commands extend past the end of the file)
0x9827a	was the output of an incremental link, can't be link edited again
0x982bc	is input for the dynamic link editor, is not relocatable by the static link editor again
0x98316	"incompatible, file is a dynamic shared library (must specify ""-dynamic"" to be used)"
0x9836a	file is not a dynamic shared library
0x98390	"incompatible, file is a dynamic link editor (must specify ""-dynamic"" to be used)"
0x983e2	load command %lu size not a multiple of sizeof(long)
0x98418	load command %lu size is less than or equal to zero
0x9844c	load command %lu extends past end of all load commands
0x98484	cmdsize field of load command %lu is inconsistant for a segment command with the number of sections it has
0x984f0	SG_FVMLIB segment %.16s contains sections and shouldn't
0x98530	filesize
0x9853a	__PAGEZERO
0x98546	__LINKEDIT
0x98552	segment %.16s contains no sections and can't be link-edited
0x9858e	segment name %.16s of section %lu (%.16s,%.16s) in load command %lu does not match segment name %.16s
0x985f4	unknown flags (type) of section %lu (%.16s,%.16s) in load command %lu
0x9863a	"incompatible, file contains unsupported type of section %lu (%.16s,%.16s) in load command %lu (must specify ""-dynamic"" to be used)"
0x986be	align (%lu) of section %lu (%.16s,%.16s) in load command %lu greater than maximum section alignment (%d)
0x98736	section %lu (%.16s,%.16s) in load command %lu has relocation entries which it shouldn't for its type (flags)
0x987a4	section %lu (%.16s,%.16s)in load command %lu has relocation entries but the cputype and cpusubtype for the object are not set
0x9882a	nreloc * sizeof(struct relocation_info)
0x98852	symbol stub section %lu (%.16s,%.16s) in load command %lu, sizeof stub in reserved2 field is zero
0x988b4	contains more than one LC_SYMTAB load command
0x988e2	cmdsize of load command %lu incorrect for LC_SYMTAB
0x9891e	nsyms * sizeof(struct nlist)
0x9894c	contains more than one LC_DYSYMTAB load command
0x9897c	cmdsize of load command %lu incorrect for LC_DYSYMTAB
0x989ba	ntoc * sizeof(struct dylib_table_of_contents)
0x989e8	modtaboff
0x989f2	nmodtab * sizeof(struct dylib_module)
0x98a18	extrefsymoff
0x98a26	nextrefsyms * sizeof(struct dylib_reference)
0x98a54	indirectsymoff
0x98a64	nindirectsyms * sizeof(long)
0x98a82	extreloff
0x98a8c	nextrel * sizeof(struct relocation_info)
0x98ab6	locreloff
0x98ac0	nlocrel * sizeof(struct relocation_info)
0x98aea	contains obsolete LC_SYMSEG load command with non-zero size (produced with a pre-1.0 version of the compiler, please recompile)
0x98b6a	LC_IDFVMLIB load command in object file (should not be in an input file to the link editor for output filetypes other than MH_FVMLIB)
0x98bf0	MH_DYLIB
0x98bfa	MH_DYLINKER
0x98c06	MH_FVMLIB
0x98c10	LC_LOADFVMLIB load command in object file (should not be in an input file to the link editor for the output file type %s)
0x98c8a	cmdsize of load command %lu incorrect for LC_LOADFVMLIB
0x98cc2	name.offset of load command %lu extends past the end of the load command
0x98d0c	library name of load command %lu not null terminated
0x98d42	LC_ID_DYLIB load command in object file (should not be in an input file to the link editor for the output file type %s)
0x98dba	LC_ID_DYLIB load command in non-MH_DYLIB filetype
0x98dec	malformed object (more than one LC_ID_DYLIB load command in MH_DYLIB file)
0x98e38	cmdsize of load command %lu incorrect for LC_ID_DYLIB
0x98e6e	LC_LOAD_DYLIB load command in object file (should not be in an input file to the link editor for the output file type %s)
0x98ee8	cmdsize of load command %lu incorrect for LC_LOAD_DYLIB
0x98f20	LC_ID_DYLINKER load command in object file (should not be in an input file to the link editor for the output file type %s)
0x98f9c	LC_ID_DYLINKER load command in non-MH_DYLINKER filetype
0x98fd4	malformed object (more than one LC_ID_DYLINKER load command in MH_DYLINKER file)
0x99026	cmdsize of load command %lu incorrect for LC_ID_DYLINKER
0x99060	dynamic linker name of load command %lu not null terminated
0x9909c	LC_LOAD_DYLINKER load command in object file (should not be in an input file to the link editor for the output file type %s)
0x9911a	cmdsize of load command %lu incorrect for LC_LOAD_DYLINKER
0x99156	load command %lu unknown cmd field
0x9917a	contains LC_DYSYMTAB load command without a LC_SYMTAB load command
0x991be	ilocalsym in LC_DYSYMTAB load command extends past the end of the symbol table
0x9920e	ilocalsym plus nlocalsym in LC_DYSYMTAB load command extends past the end of the symbol table
0x9926c	iextdefsym in LC_DYSYMTAB load command extends past the end of the symbol table
0x992bc	iextdefsym plus nextdefsym in LC_DYSYMTAB load command extends past the end of the symbol table
0x9931c	iundefsym in LC_DYSYMTAB load command extends past the end of the symbol table
0x9936c	iundefsym plus nundefsym in LC_DYSYMTAB load command extends past the end of the symbol table
0x993ca	symbol_index field of table of contents entry %lu past the end of the symbol table
0x9941e	module_index field of table of contents entry %lu past the end of the module table
0x99472	module_name field of module table entry %lu past the end of the string table
0x994c0	iextdefsym field of module table entry %lu past the end of the symbol table
0x9950c	iextdefsym field plus nextdefsym field of module table entry %lu past the end of the symbol table
0x9956e	irefsym field of module table entry %lu past the end of the reference table
0x995ba	irefsym field plus nrefsym field of module table entry %lu past the end of the reference table
0x9961a	ilocalsym field of module table entry %lu past the end of the symbol table
0x99666	ilocalsym field plus nlocalsym field of module table entry %lu past the end of the symbol table
0x996c6	isym field of reference table entry %lu past the end of the symbol table
0x99710	indirect symbol table entry %lu past the end of the symbol table
0x99752	malformed object (no LC_ID_DYLIB load command in MH_DYLIB file)
0x99792	malformed object (no LC_ID_DYLINKER load command in MH_DYLINKER file)
0x997d8	load command %lu unknown cmd
0x997f6	symbol table is not contained in __LINKEDIT segment
0x9982a	string table is not contained in __LINKEDIT segment
0x9985e	%s in load command %lu not aligned on %lu byte boundary
0x99896	%s in load command %lu extends past the end of the file
0x998ce	%s plus %s in load command %lu extends past the end of the file
0x9990e	%s of section %lu (%.16s,%.16s) in load command %lu not aligned on %lu byte boundary
0x99964	%s of section %lu (%.16s,%.16s) in load command %lu extends past the end of the file
0x999ba	%s plus %s of section %lu (%.16s,%.16s) in load command %lu extends past the end of the file
0x99a18	internal error: remove_last_object_file() called with object file that was not the last object file
0x99a7c	%s(%.*s) 
0x99a92	internal error: obj_member_name() call with an argument that is not in an archive
0x99ae4	%s(%.*s)
0x99afa	internal error, fine_reloc_output_address() called with an input_offset which maps to a fine_reloc where local_symbol is TRUE but it's not in a S_SYMBOL_STUBS or a S_LAZY_SYMBOL_POINTERS section
0x99bbe	internal error, fine_reloc_offset_in_output_for_output_offset() called with a map->nfine_relocs == 0
0x99c24	internal error, fine_reloc_offset_in_output_for_output_offset() called with a section map for a non-indirect section
0x99c9a	internal error, fine_reloc_offset_in_output_for_output_offset() called with bad output_offset
0x99cf8	internal error, fine_reloc_output_sectnum() called with an input_offset which maps to a fine_reloc where local_symbol is TRUE but it's not in a S_SYMBOL_STUBS or a S_NON_LAZY_SYMBOL_POINTERS section
0x99dc0	internal error, fine_reloc_for_input_offset() called with a section_map->nfine_relocs == 0
0x99e1c	can't vm_deallocate() memory for mapped file %s
0x99e4c	S_MOD_INIT_FUNC_POINTERS
0x99e66	S_SYMBOL_STUBS
0x99e76	S_LAZY_SYMBOL_POINTERS
0x99e8e	S_NON_LAZY_SYMBOL_POINTERS
0x99eaa	S_LITERAL_POINTERS
0x99ebe	S_8BYTE_LITERALS
0x99ed0	S_4BYTE_LITERALS
0x99ee2	S_CSTRING_LITERALS
0x99ef6	S_ZEROFILL
0x99f02	S_REGULAR
0x99f0c	literal section (%.16s,%.16s) not allowed in I860 cputype objects
0x99f4e	section's (%.16s,%.16s) type %s does not match previous objects type %s
0x99f96	section's (%.16s,%.16s) sizeof stub %lu does not match previous objects sizeof stub %lu
0x99fee	internal error: output_section() called with unknown cputype (%d) set
0x9a034	literal C string section (%.16s,%.16s) does not end with a '\0'
0x9a074	format error in -sectorder file: %s line %lu character possition %lu for section (%.16s,%.16s) ('\' at the end of the line)
0x9a0f0	format error in -sectorder file: %s line %lu for section (%.16s,%.16s) (escape sequence ending at character possition %lu out of range for character)
0x9a186	format error in -sectorder file: %s line %lu for section (%.16s,%.16s) (hex escape ending at character possition %lu out of range)
0x9a20a	format error in -sectorder file: %s line %lu for section (%.16s,%.16s) (unknown escape sequence ending at character possition %lu)
0x9a28e	"""link editor"""
0x9a29c	bad string table index (%ld) for symbol %lu
0x9a2c8	NULL name
0x9a2d2	undefined symbol %lu (%s) is not also external symbol (N_EXT)
0x9a310	undefined symbol %lu (%s) can't be private external symbol (N_PEXT)
0x9a354	symbol %lu (%s) must have NO_SECT for its n_sect field given its type
0x9a39a	symbol %lu (%s) must not have NO_SECT for its n_sect field given its type (N_SECT)
0x9a3ee	bad string table index (%lu) for indirect name for symbol %lu (%s)
0x9a432	indirect symbol %lu (%s) is not also external symbol (N_EXT)
0x9a470	indirect symbol %lu (%s) can't be private external symbol (N_PEXT)
0x9a4b4	symbol %lu (%s) has unknown n_type field (0x%x)
0x9a4e4	symbol %lu (%s)'s n_sect field (%d) is greater than the number of sections in this object (%lu)
0x9a544	external symbol %lu (%s) not allowed in an indirect section
0x9a580	string table does not end with a '\0'
0x9a5a6	section (%s,%s) is a literal section and can't be used with -sectobjectsymbols
0x9a5f8	internal error, lookup_symbol() failed
0x9a620	internal error, enter_symbol() passed bad hash_pointer
0x9a658	multiple definitions of symbol %s
0x9a67a	error in trace_symbol()
0x9a692	private external 
0x9a6a4	reference to undefined %s
0x9a6c0	definition of common %s (size %lu)
0x9a6e4	definition of %s
0x9a6f6	definition of absolute %s (value 0x%x)
0x9a71e	definition of %s in section (%.16s,%.16s)
0x9a74a	definition of %s as indirect for %s
0x9a770	unknown type (0x%x) of %s
0x9a78c	__common
0x9a79e	section (__DATA,__common) reserved for allocating common symbols and exists in the loaded objects not as a zero fill section
0x9a81c	contains section (__DATA,__common)
0x9a840	common symbols not allowed with MH_FVMLIB output format
0x9a878	common symbols not allowed with MH_DYLIB output format
0x9a8b0	specified alignment (0x%x) for section (__DATA,__common) not used (less than the required alignment in the input files (0x%x))
0x9a930	indirect symbol loop:
0x9a946	internal error: output_local_symbols() inconsistent local symbol count
0x9a98e	internal error: local_symbol_output_index() could not determine output_index
0x9a9dc	internal error: get_string_block() called with symbol_name (%s) not in the string blocks
0x9aa36	prebinding disabled because of undefined symbols
0x9aa68	undefined symbols:
0x9aa7c	Undefined symbols:
0x9aa90	more references to undefined symbols ...
0x9aaba	internal error: assign_output_symbol_indexes() inconsistent local symbol counts
0x9ab0a	-seg1addr: 0x%x not a multiple of the segment alignment (0x%x)
0x9ab4a	address of first segment: %.16s set both by name and with the -seg1addr option
0x9ab9a	internal error: layout_segments() called with unknown cputype (%d) set
0x9abe2	size of headers (0x%x) exceeds the segment alignment (0x%x) (would cause the addresses not to be fixed)
0x9ac4a	alignment (0x%x) of section (%.16s,%.16s) greater than the segment alignment (0x%x)
0x9ac9e	can't vm_allocate() memory for output of size %lu
0x9acd0	can't set vm_protection on memory for output
0x9acfe	entry point symbol name: %s not defined
0x9ad26	specified entry point symbol name ignored, output file type has no entry point or no non-zerofill sections
0x9ad92	internal error: swap_object_headers() failed in output_headers()
0x9add4	stray relocation GENERIC_RELOC_PAIR entry (%lu) in section (%.16s,%.16s)
0x9ae1e	r_value (0x%x) field of relocation entry %lu in section (%.16s,%.16s) out of range
0x9ae72	r_address (0x%x) field of relocation entry %lu in section (%.16s,%.16s) out of range
0x9aec8	relocation entry (%lu) in section (%.16s,%.16s) r_type is GENERIC_RELOC_SECTDIFF but relocation entry not scattered type
0x9af42	relocation entry (%lu) in section (%.16s,%.16s) following associated relocation entry not scattered type
0x9afac	relocation entry (%lu) in section (%.16s,%.16s) missing following associated GENERIC_RELOC_PAIR entry
0x9b012	r_type field of relocation entry %lu in section (%.16s,%.16s) invalid
0x9b058	r_symbolnum (%lu) field of external relocation entry %lu in section (%.16s,%.16s) out of range
0x9b0b8	r_symbolnum (%lu) field of external relocation entry %lu in section (%.16s,%.16s) refers to a non-external symbol
0x9b12a	r_symbolnum (%lu) field of external relocation entry %lu in section (%.16s,%.16s) refers to a non-undefined symbol
0x9b19e	internal error, in generic_reloc() symbol index %lu in above file not in undefined map
0x9b1f6	r_symbolnum (%lu) field of local relocation entry %lu in section (%.16s,%.16s) out of range
0x9b252	relocation for entry %lu in section (%.16s,%.16s) does not fit in 1 byte
0x9b29c	relocation for entry %lu in section (%.16s,%.16s) does not fit in 2 bytes
0x9b2e6	r_length field of relocation entry %lu in section (%.16s,%.16s) invalid
0x9b32e	previous fatal errors occured, can no longer succeed
0x9b36a	__mh_execute_header
0x9b37e	can't create output file: %s
0x9b39c	can't write output file: %s
0x9b3b8	can't close output file: %s
0x9b3d4	can't vm_deallocate() buffer for output file's symbol table
0x9b410	can't vm_flush_cache() output buffer
0x9b438	__constructor
0x9b44e	__destructor
0x9b45c	a base program is currently loaded
0x9b480	object sets are currently loaded (base file must be loadedbefore object sets)
0x9b4ce	Can't open: %s
0x9b4de	Can't stat file: %s
0x9b4f2	file: %s is empty (not an object)
0x9b514	truncated or malformed file: %s (file size too small to be any kind of object)
0x9b564	can't determine the host architecture (fix get_arch_from_host() )
0x9b5a6	fat file: %s does not contain the host architecture (can't be used as a base file)
0x9b5fa	no object sets currently loaded
0x9b61a	can't vm_deallocate() memory for output
0x9b642	no object sets or base program currently loaded
0x9b672	can't create NXZone
0x9b68a	virtual memory exhausted (NXZoneMalloc failed)
0x9b6ba	virtual memory exhausted (NXZoneRealloc failed)
0x9b6ea	4 byte literal section (%.16s,%.16s) size is not a multiple of 4 bytes
0x9b732	8 byte literal section (%.16s,%.16s) size is not a multiple of 8 bytes
0x9b77a	format error in -sectorder file: %s line %lu for section (%.16s,%.16s) (missing second hex number)
0x9b7de	format error in -sectorder file: %s line %lu for section (%.16s,%.16s) (missing hex number, no leading 0x found)
0x9b850	format error in -sectorder file: %s line %lu for section (%.16s,%.16s) (too many hex digits for 32 bit value)
0x9b8be	literal pointer section (%.16s,%.16s) size is not a multiple of 4 bytes
0x9b906	literal pointer section (%.16s,%.16s) does not have is exactly one relocation entry for each pointer
0x9b96c	r_value (0x%x) field of relocation entry %ld in section (%.16s,%.16s) out of range
0x9b9c0	r_address (0x%x) field of relocation entry %ld in section (%.16s,%.16s) out of range
0x9ba16	r_address (0x%x) field of relocation entry %ld in literal pointer section (%.16s,%.16s) is not a multiple of 4
0x9ba86	r_length (0x%x) field of relocation entry %ld in literal pointer section (%.16s,%.16s) is not 2 (long)
0x9baee	r_pcrel (0x%x) field of relocation entry %ld in literal pointer section (%.16s,%.16s) is not 0 (FALSE)
0x9bb56	r_symbolnum (%lu) field of external relocation entry %ld in section (%.16s,%.16s) out of range
0x9bbb6	r_symbolnum (%lu) field of external relocation entry %ld in section (%.16s,%.16s) refers to a non-external symbol
0x9bc28	r_symbolnum (%lu) field of external relocation entry %ld in section (%.16s,%.16s) refers to a non-undefined symbol
0x9bc9c	internal error, in merge_literal_pointers() symbol index %lu in not in undefined map
0x9bcf2	r_symbolnum (%lu) field of external relocation entry %ld in section (%.16s,%.16s) refers to a common symbol (%s) and is not in a literal section
0x9bd84	r_symbolnum (%lu) field of external relocation entry %ld in section (%.16s,%.16s) refers to an absolue symbol (%s) and is not known to be in a literal section
0x9be24	illegal undefined reference for MH_DYLIB output file to symbol: %s from a literal pointer section (section (%.16s,%.16s) relocation entry: %lu)
0x9beb4	illegal external reference for MH_DYLIB output file to symbol: %s (not a private extern symbol) from a literal pointer section (section (%.16s,%.16s) relocation entry: %lu)
0x9bf62	internal error, in merge_literal_pointers() merged symbol %s does not have a type of N_EXT|N_SECT
0x9bfc4	exteral symbol (%s) for external relocation entry %ld in section (%.16s,%.16s) refers a symbol not defined in a literal section
0x9c044	exteral symbol's (%s) address not in the section (%.16s,%.16s) it is defined in
0x9c094	r_symbolnum (0x%x) field of relocation entry %ld in literal pointer section (%.16s,%.16s) is R_ABS (not correct for a literal pointer section)
0x9c124	literal pointer (0x%x) in section (%.16s,%.16s) at address 0x%x does not point into its (%.16s,%.16s) section as refered to by its r_symbolnum (0x%x) field in relocation entry %ld as it should
0x9c1e6	r_symbolnum field (0x%x) in relocation entry %ld in literal pointer section (%.16s,%.16s) refers to section (%.16s,%.16s) which is not a literal section
0x9c280	r_value field (0x%x) in relocation entry %ld in literal pointer section (%.16s,%.16s) refers to section (%.16s,%.16s) which is not a literal section
0x9c316	more than one relocation entry for literal pointer at address 0x%x (r_address 0x%x) in section (%.16s,%.16s)
0x9c384	internal error, in indirect_section_merge() section type (%lu) is not correct for an indirect section
0x9c3ea	malformed object (section (%.16s,%.16s) size is not a multiple of %lu bytes)
0x9c438	malformed object (file has indirect section (%.16s,%.16s) but no dysymtab_command)
0x9c48c	malformed object (index into indirect symbol table (reserved1 field) for indirect section (%.16s,%.16s) past the end of the table)
0x9c510	malformed object (indirect symbol table entriesfor section (%.16s,%.16s) extends past the end of the table)
0x9c57c	indirect symbol:%s can not be a private extern
0x9c5ac	interal error, indirect_section_merge() failed in looking up external symbol
0x9c5fa	malformed object (bad indirect symbol table entry (%ld) (symbol at index %lu is a stab)
0x9c652	malformed object (bad indirect symbol table entry (%ld) (symbol at index %lu is not external)
0x9c6b0	malformed object (lazy symbol pointer section (%.16s,%.16s) does not have is exactly one relocation entry for each pointer)
0x9c72c	malformed object (stray relocation PAIR entry (%lu) in section (%.16s,%.16s))
0x9c77a	malformed object (r_address (0x%x) field of relocation entry %ld in section (%.16s,%.16s) out of range)
0x9c7e2	malformed object (relocation entry (%lu) in section (%.16s,%.16s) missing following associated PAIR entry)
0x9c84e	malformed object, illegal reference (r_address (0x%x) field of relocation entry %lu in lazy symbol pointer section (%.16s,%.16s) is not a multiple of 4)
0x9c8e8	malformed object, illegal reference (r_length (0x%x) field of relocation entry %lu in lazy symbol pointer section (%.16s,%.16s) is not 2 (long))
0x9c97a	malformed object, illegal reference (r_pcrel (0x%x) field of relocation entry %lu in lazy symbol pointer section (%.16s,%.16s) is not 0 (FALSE))
0x9ca0c	malformed object, illegal reference (r_extern (0x%x) field of relocation entry %lu in lazy symbol pointer section (%.16s,%.16s) is not 0 (FALSE))
0x9ca9e	malformed object, illegal reference (r_type (0x%x) field of relocation entry %lu in lazy symbol pointer section (%.16s,%.16s) is not 0 (VANILLA))
0x9cb30	malformed object, illegal reference (relocation entry %lu in lazy symbol pointer section (%.16s,%.16s) is a scattered type)
0x9cbac	malformed object, illegal reference (reference from a lazy symbol pointer section (%.16s,%.16s) relocation entry (%lu) which is not to a symbol stub section)
0x9cc4a	internal error, in indirect_section_merge() symbol index %lu in above file not in undefined map
0x9ccaa	illegal undefined reference for MH_DYLIB output file to symbol: %s from a symbol stub section (section (%.16s,%.16s) relocation entry: %lu)
0x9cd36	illegal external reference for MH_DYLIB output file to symbol: %s (not a private extern symbol) from a symbol stub section (section (%.16s,%.16s) relocation entry: %lu)
0x9cde0	malformed object, illegal reference (reference to a symbol stub not at the start of the stub from section (%.16s,%.16s) relocation entry (%lu))
0x9ce70	malformed object, illegal reference (reference to symbol stub in section (%.16s,%.16s) at address 0x%x from lazy pointer section (%.16s,%.16s) relocation entry (%lu) with non-matching indirect symbols)
0x9cf3a	malformed object, illegal reference (reference to a lazy symbol pointer section from section (%.16s,%.16s) relocation entry (%lu) which is not a symbol stub section)
0x9cfe0	malformed object, illegal reference (reference to lazy symbol pointer section (%.16s,%.16s) at address 0x%x from symbol stub section (%.16s,%.16s) relocation entry (%lu) with non-matching indirect symbols)
0x9d0ae	can't use -s with input files containg indirect symbols (output file must contain at least global symbols, for maximum stripping use -x)
0x9d138	internal error, indirect_symbols != nindirectsyms in output_indirect_symbols()
0x9d188	module initialization function pointer section (%.16s,%.16s) size is not a multiple of 4 bytes
0x9d1e8	module initialization function pointer section (%.16s,%.16s) does not have is exactly one relocation entry for each pointer
0x9d266	r_address (0x%x) field of relocation entry %ld in module initialization function pointer section (%.16s,%.16s) is not a multiple of 4
0x9d2ec	r_length (0x%x) field of relocation entry %ld in module initialization function pointer section (%.16s,%.16s) is not 2 (long)
0x9d36a	r_pcrel (0x%x) field of relocation entry %ld in module initialization function pointer section (%.16s,%.16s) is not 0 (FALSE)
0x9d3e8	r_type (0x%x) field of relocation entry %ld in module initialization function pointer section (%.16s,%.16s) is not 0 (VANILLA)
0x9d468	aligment greater than 2 (2^2, 4 bytes) for module initialization function pointer section (%.16s,%.16s) (will leave holes with zeroes for pointers)
0x9d4fc	stray relocation M98K_RELOC_PAIR entry (%lu) in section (%.16s,%.16s)
0x9d542	relocation entry (%lu) in section (%.16s,%.16s) missing following associated M98K_RELOC_PAIR entry
0x9d5a6	relocation entry (%lu) in section (%.16s,%.16s) r_type is M98K_RELOC_SECTDIFF but relocation entry not scattered type
0x9d61c	internal error, in m98k_reloc() symbol index %lu in above file not in undefined map
0x9d670	relocation error for relocation entry %lu in section (%.16s,%.16s) (relocated value not a multiple of 4 bytes)
0x9d6e0	relocation error for relocation entry %lu in section (%.16s,%.16s) (displacement not a multiple of 4 bytes)
0x9d74c	relocation overflow for relocation entry %lu in section (%.16s,%.16s) (displacement too large)
0x9d7ac	stray relocation M88K_RELOC_PAIR entry (%lu) in section (%.16s,%.16s)
0x9d7f2	relocation entry (%lu) in section (%.16s,%.16s) missing following associated M88K_RELOC_PAIR entry
0x9d856	relocation entry (%lu) in section (%.16s,%.16s) r_type is M88K_RELOC_SECTDIFF but relocation entry not scattered type
0x9d8cc	internal error, in m88k_reloc() symbol index %lu in above file not in undefined map
0x9d920	stray relocation HPPA_RELOC_PAIR entry (%lu) in section (%.16s,%.16s)
0x9d966	relocation entry (%lu) in section (%.16s,%.16s) missing following associated HPPA_RELOC_PAIR entry
0x9d9ca	relocation entry (%lu) in section (%.16s,%.16s) r_type is HPPA_RELOC_SECTDIFF but relocation entry not scattered type
0x9da40	internal error, in hppa_reloc() symbol index %lu in above file not in undefined map
0x9da94	relocation entry %lu in section (%.16s,%.16s) (branch offset not a multiple of 4)
0x9dae6	stray relocation SPARC_RELOC_PAIR entry (%lu) in section (%.16s,%.16s)
0x9db2e	relocation entry (%lu) in section (%.16s,%.16s) missing following associated SPARC_RELOC_PAIR entry
0x9db92	relocation entry (%lu) in section (%.16s,%.16s) r_type is SPARC_RELOC_SECTDIFF but relocation entry not scattered type
0x9dc0a	internal error, in sparc_reloc() symbol index %lu in above file not in undefined map
0x9dc60	hppa7100LC
0x9dcda	in swap_object_headers(): malformed load command %lu (cmdsize not a multiple of sizeof(long))
0x9dd38	in swap_object_headers(): truncated or malformed load command %lu (extends past the end of the all load commands)
0x9ddaa	in swap_object_headers(): malformed load command %lu (cmdsize is zero)
0x9ddf2	in swap_object_headers(): malformed load command (inconsistant cmdsize in LC_SEGMENT command %lu for the number of sections)
0x9de70	in swap_object_headers(): malformed load commands (LC_SYMTAB command %lu has incorrect cmdsize
0x9ded0	in swap_object_headers(): malformed load commands (LC_DYSYMTAB command %lu has incorrect cmdsize
0x9df32	in swap_object_headers(): malformed load command (LC_SYMSEG command %lu has incorrect cmdsize
0x9df90	LC_IDFVMLIB
0x9df9c	LC_LOADFVMLIB
0x9dfaa	in swap_object_headers(): malformed load commands (%s command %lu has too small cmdsize field)
0x9e00a	in swap_object_headers(): truncated or malformed load commands (name.offset field of %s command %lu extends past the end of all load commands)
0x9e09a	LC_ID_DYLIB
0x9e0a6	LC_LOAD_DYLIB
0x9e0b4	in swap_object_headers(): malformed load commands (LC_PREBOUND_DYLIB command %lu has too small cmdsize field)
0x9e122	in swap_object_headers(): truncated or malformed load commands (name.offset field of LC_PREBOUND_DYLIB command %lu extends past the end of all load commands)
0x9e1c0	in swap_object_headers(): truncated or malformed load commands (linked_modules.offset field of LC_PREBOUND_DYLIB command %lu extends past the end of all load commands)
0x9e268	LC_ID_DYLINKER
0x9e278	LC_LOAD_DYLINKER
0x9e28a	LC_UNIXTHREAD
0x9e298	LC_THREAD
0x9e2a2	in swap_object_headers(): malformed load commands (count not M68K_THREAD_STATE_REGS_COUNT for flavor number %lu which is a M68K_THREAD_STATE_REGS flavor in %s command %lu)
0x9e34e	in swap_object_headers(): malformed load commands (count not M68K_THREAD_STATE_68882_COUNT for flavor number %lu which is a M68K_THREAD_STATE_68882 flavor in %s command %lu)
0x9e3fc	in swap_object_headers(): malformed load commands (count not M68K_THREAD_STATE_USER_REG_COUNT for flavor number %lu which is a M68K_THREAD_STATE_USER_REG flavor in %s command %lu)
0x9e4b0	in swap_object_headers(): malformed load commands (unknown flavor for flavor number %lu in %s command %lu can't byte swap it)
0x9e52e	in swap_object_headers(): malformed load commands (count not M98K_THREAD_STATE_GRF_COUNT for flavor number %lu which is a M98K_THREAD_STATE_GRF flavor in %s command %lu)
0x9e5d8	in swap_object_headers(): malformed load commands (count not M88K_THREAD_STATE_GRF_COUNT for flavor number %lu which is a M88K_THREAD_STATE_GRF flavor in %s command %lu)
0x9e682	in swap_object_headers(): malformed load commands (count not M88K_THREAD_STATE_XRF_COUNT for flavor number %lu which is a M88K_THREAD_STATE_XRF flavor in %s command %lu)
0x9e72c	in swap_object_headers(): malformed load commands (count not M88K_THREAD_STATE_USER_COUNT for flavor number %lu which is a M88K_THREAD_STATE_USER flavor in %s command %lu)
0x9e7d8	in swap_object_headers(): malformed load commands (count not M88110_THREAD_STATE_IMPL_COUNT for flavor number %lu which is a M88110_THREAD_STATE_IMPL flavor in %s command %lu)
0x9e888	in swap_object_headers(): malformed load commands (count not I860_THREAD_STATE_REGS_COUNT for flavor number %lu which is a I860_THREAD_STATE_REGS flavor in %s command %lu)
0x9e934	in swap_object_headers(): malformed load commands (count not i386_THREAD_STATE_COUNT for flavor number %lu which is a i386_THREAD_STATE flavor in %s command %lu)
0x9e9d6	in swap_object_headers(): malformed load commands (count not i386_THREAD_FPSTATE_COUNT for flavor number %lu which is a i386_THREAD_FPSTATE flavor in %s command %lu)
0x9ea7c	in swap_object_headers(): malformed load commands (count not i386_THREAD_EXCEPTSTATE_COUNT for flavor number %lu which is a i386_THREAD_EXCEPTSTATE flavor in %s command %lu)
0x9eb2a	in swap_object_headers(): malformed load commands (count not i386_THREAD_CTHREADSTATE_COUNT for flavor number %lu which is a i386_THREAD_CTHREADSTATE flavor in %s command %lu)
0x9ebda	in swap_object_headers(): malformed load commands (count not HPPA_INTEGER_THREAD_STATE_COUNT for flavor number %lu which is a HPPA_INTEGER_THREAD_STATE flavor in %s command %lu)
0x9ec8c	in swap_object_headers(): malformed load commands (count not HPPA_FRAME_THREAD_STATE_COUNT for flavor number %lu which is a HPPA_FRAME_THREAD_STATE flavor in %s command %lu)
0x9ed3a	in swap_object_headers(): malformed load commands (count not HPPA_FP_THREAD_STATE_COUNT for flavor number %lu which is a HPPA_FP_THREAD_STATE flavor in %s command %lu)
0x9ede2	in swap_object_headers(): malformed load commands (count not SPARC_THREAD_STATE_REGS_COUNT for flavor number %lu which is a SPARC_THREAD_STATE_REGS flavor in %s command %lu)
0x9ee90	in swap_object_headers(): malformed load commands (count not SPARC_THREAD_STATE_FPU_COUNT for flavor number %lu which is a SPARC_THREAD_STATE_FPU flavor in %s command %lu)
0x9ef3c	in swap_object_headers(): malformed load commands (unknown cputype (%d) and cpusubtype (%d) of object and can't byte swap %s command %lu)
0x9efc6	in swap_object_headers(): truncated or malformed load commands (cmdsize field of LC_IDENT command %lu extends past the end of the load commands)
0x9f058	in swap_object_headers(): malformed load commands (unknown load command %lu)
0x9f0a6	in swap_object_headers(): truncated or malformed load commands (load command %lu extends past the end of all load commands)
0x9f122	in swap_object_headers(): malformed load commands (inconsistant sizeofcmds field in mach header)
0x9f184	internal error: reloc_pair_r_type() called with unknown cputype (%u)
0x9f1ca	internal error: reloc_has_pair() called with unknown cputype (%u)
0x9f20c	internal error: reloc_is_sectdiff() called with unknown cputype (%u)
0x9f252	Stream is neither readable nor writable in NXTell
0x9f286	Assertion failed: NXUngetc: last character read unknown
0x9f2c0	(null pointer)
0x9f2da	+Infinity
0x9f2e4	-Infinity
0x9f2ee	directory of '%s' at maximum depth
0x9f312	cannot reallocate directory for '%s'
0x9f338	cannot write directory for '%s'
0x9f35a	cannot obtain leaf buffer for '%s'
0x9f37e	cannot read leaf %ld for '%s'
0x9f39e	database '%s' compressed or read only
0x9f3c6	key not found in database '%s'
0x9f3e6	current leaf invalid in database '%s'
0x9f40e	rehash failed in database '%s'
0x9f42e	cannot flush leaves in database '%s'
0x9f454	record size %d too large for '%s'
0x9f478	%.247s.C.XXXXXX
0x9f488	cannot create compression file for '%s'
0x9f4b2	leaf read failed for '%s'
0x9f4ce	leaf write failed for '%s'
0x9f4ea	cannot replace leaf file for '%s'
0x9f50e	database '%s' is read only
0x9f52a	database '%s' is not compressed
0x9f54c	%.247s.E.XXXXXX
0x9f55c	cannot create expansion file for %s
0x9f58a	cannot close database '%s'
0x9f5b0	dbError: %d, 
0x9f5be	directory of database '%s' corrupt
0x9f5e2	directory of database '%s' over sized
0x9f60a	directory of database '%s' under sized
0x9f632	cannot open file '%s'
0x9f64a	cannot allocate descriptor for database '%s'
0x9f678	cannot read directory header for database '%s'
0x9f6a8	bad magic number on database '%s'
0x9f6cc	cannot allocate directory buffer for database '%s'
0x9f700	cannot create directory for database '%s'
0x9f72c	cannot write directory header for '%s'
0x9f754	cannot create leaf file for '%s'
0x9f776	cannot allocate leaf buffer for '%s'
0x9f79c	cannot write initial leaf for '%s'
0x9f7c0	cannot lock database '%s'
0x9f7dc	cannot remove database '%s'
0x9f80e	/dev/tty
0x9f828	/.NeXTdefaults
0x9f842	NXFilePathSearch could not lookup user's home directory
0x9f87a	NXFilePathSearch could not lookup home directory of %s
0x9f8b8	badly formed array description
0x9f8d8	can't determine size of struct: %s (not from protocol?)
0x9f912	copying a write buffer!
0x9f92c	decodeBytes
0x9f93a	_NXDecodeInt
0x9f948	_NXDecodeBool
0x9f958	encodeData:ofType: unencodable type (%s)
0x9f982	encodeData:ofType: can't encode struct %s
0x9f9ae	encodeData:ofType: couldn't encode %s
0x9f9d6	encodeData: unknown type descriptor %s
0x9f9fe	decodeData:ofType: can't decode struct %s
0x9fa2a	decodeData:ofType: couldn't decode %s
0x9fa52	decodeData: unknown type descriptor %s
0x9fa7a	decodeMachPort
0x9fa8a	decodeVM
0x9fa94	encodeObject: %x (%s)
0x9faac	encodeObjectBycopy: %x (%s)
0x9faca	encodeObjectBycopy: object %x of class %s does not implement encodeUsing:
0x9fb16	decodeObject: nil object received
0x9fb3a	"decodeObject: class ""%s"" not loaded"
0x9fb5e	decodeObject-2
0x9fb6e	don't call finishEncodingAndStartDecoding without first setting msg
0x9fbb4	[finishEncoding send]
0x9fbca	finishEncoding: %d chars %d ints %d ports %d oolds
0x9fbfe	msg_rpcing to %d from %d
0x9fc18	msg_sending on %d
0x9fc2c	finishEncoding: send/receive error %d:%s
0x9fc56	destination invalid
0x9fc6a	send timed out
0x9fc7a	bad origination
0x9fc8a	receive timed out
0x9fc9c	Cannot send
0x9fca8	tossing badly formed message
0x9fcc6	startDecodingWithMsg-char
0x9fce0	startDecodingWithMsg-int
0x9fcfa	startDecodingWithMsg - ood
0x9fd16	startDecodingWithMsg-ports
0x9fd32	startDecoding: %d chars %d ints %d ports %d oolds from %d
0x9fd6e	msg_receiving on %d, timeout %d
0x9fd90	startDecoding: receive error %d:%s
0x9fdb4	could not recieve
0x9fdc6	finishDecoding
0x9fdd6	finishDecoding-char
0x9fdea	finishDecoding: can't deallocate (chars)
0x9fe14	finishDecoding-int
0x9fe28	finishDecoding: can't deallocate (ints)
0x9fe50	got aMsg on port %d
0x9fe66	received reply message from port %d via dps
0x9fe94	exception during dispatch:%s
0x9feb2	NXPortPortal at %x contents:
0x9fed0	message type:
0x9fef0	unknown!! : %x
0x9ff00	"%d max %d current chars:""%s"""
0x9ff1e	%d max %d current ints: 
0x9ff3c	%d max %d current ports: 
0x9ff5a	%d max %d current oolds
0x9ff74	addr %x size %x dealloc %d
0x9ff90	encodeMethodParams:onto: type=%s nargs %d
0x9ffbe	encodeMethodParams:onto: cannot extract %d argument for type desc %s
0xa0004	encodeMethodParams:onto: type=%s value=0x%x
0xa0032	bad out parameter (not a pointer) %s
0xa0058	decodeMethodParamsFrom: incompatible method params: %s, nargs %d want %d
0xa00a2	bad size for type %s
0xa00b8	bad type of parameter: %s
0xa00d4	decodeMethodParamsFrom: type=%s value=0x%x
0xa0100	bad out/inout parameter type: %s
0xa0122	can't determine size of %s
0xa013e	bad out parameter: %s
0xa0156	adding conn %x with inPortals %x (%d) outPortal %x (%d) root %x
0xa0198	freeing Connection %x
0xa01b0	NXConnection: %x death notification for port %x (%d)
0xa01e6	trying to change root of connection, old %x new %x
0xa021a	setting root %x on connection %x
0xa023c	entering bad NXProxy: %x %d
0xa025a	entering proxy with conn %x to %x
0xa027e	isRemote
0xa0290	new %s proxy %x for %x on conn %x
0xa02b4	handleRequestOnPortal: id %x not available
0xa02e2	handleRequestOnPortal: received message for %x with unknown sel: %s
0xa0328	handleRequestOnPortal: [0x%x '%s']
0xa034c	Exception while executing remote message for [0x%x %s ...]
0xa0388	target not reachable
0xa039e	   handleRequestOnPortal returning, exception %d
0xa03d0	out of memory
0xa03de	duplicate entry, seq # %u
0xa03fa	hashgot stream %x (seq %u); might free %x
0xa0426	lost track of placeholder for seq %d
0xa0456	seq %u %s stored in hash table
0xa0476	[NXConnection run] - tossing received reply msg
0xa04a8	uncaught exception : %d
0xa04ca	remote object is not available
0xa04ea	bad wire type
0xa04f8	methodSignature for %s
0xa0510	entered forward:: [0x%x %s...]
0xa0530	messaging a local proxy
0xa054a	messaging garbage!
0xa055e	target does not implement method
0xa0580	in forward:: - made packet [%x (name %x) %s...] conn:%x
0xa05ba	in forward:: selName=%s received answer
0xa05e4	exception during remote execution
0xa0606	exiting forward:: - [%x (name %x) %s...] conn:%x
0xa0638	freeProxying %x
0xa064a	already free
0xa0658	Remote Object 0x%x received free, wire = %d
0xa0686	encodeUsing: broken invariant
0xa06a4	encodeUsing: invalid Proxy %x
0xa06c4	decodeUsing: %x isRemote->isLocal
0xa06e8	decodeUsing: not given away
0xa0704	decodeUsing: bad wire type: %x!
0xa0726	decodeUsing: protocol sent
0xa0742	decodeUsing: %x isLocal->isRemote
0xa0766	decodeUsing: %x isOther
0xa0780	decodeUsing: broken invariant
0xa079e	encodeRemotelyFor - converting local 0x%x (%s) into remote on conn %x
0xa07f2	bad protocol version
0xa0808	Internal error
0xa082a	asking to notify nil object
0xa0846	port is no longer valid
0xa085e	[NXPort free]: freeing MACH Port %d
0xa0884	not allowed
0xa0890	""""" """" """" """" 255 255 255 255 255 255 255 255"
0xa08bc	NXCurrencyFormat
0xa08d6	NXCurrencyGroup
0xa08e6	"""."" """" 0"
0xa08f0	NXNumberGroup
0xa0902	Unknown error
0xa0910	/tmp/u.XXXXXX
0xa091e	/tmp/t.XXXXXX
0xa092c	%H:%M:%S %Z
0xa0938	NSTimeFormatString
0xa094c	%a %b %d %Y
0xa0958	NSDateFormatString
0xa096c	%a %b %d %H:%M:%S %Z %Y
0xa0984	NSTimeDateFormatString
0xa09aa	January February March April May June July August September October November December
0xa0a00	NSMonthNameArray
0xa0a12	Jan Feb Mar Apr May Jun Jul Aug Sep Oct Nov Dec
0xa0a42	NSShortMonthNameArray
0xa0a58	Sunday Monday Tuesday Wednesday Thursday Friday Saturday
0xa0a92	NSWeekDayNameArray
0xa0aa6	Sun Mon Tue Wed Thu Fri Sat
0xa0ac2	NSShortWeekDayNameArray
0xa0af4	: illegal option -- 
0xa0b0a	: option requires an argument -- 
0xa0b2e	/etc/passwd
0xa0b3a	/dev/evs0
0xa0b44	Evs_EventDeviceInfo
0xa0b58	%.3s %.3s%3d %02d:%02d:%02d %d
0xa0b78	localtime
0xa0b82	/etc/zoneinfo
0xa0c0c	/etc/disktab
0xa0c1a	Disktab entry too long
0xa0c4c	:/bin:/usr/bin
0xa0c60	/etc/xtab
0xa0c9a	/etc/fstab
0xa0ca8	group.byname
0xa0cba	group.bygid
0xa0cc6	passwd.byname
0xa0cd4	passwd.byuid
0xa0ce2	/etc/ttys
0xa0d04	/bin/csh
0xa0d16	/etc/shells
0xa0d22	getwd: can't stat /
0xa0d3a	getwd: can't stat .
0xa0d52	getwd: can't open ..
0xa0d68	getwd: read error in ..
0xa0d88	No space for monitor buffer(s)
0xa0da8	mcount: gmon.out
0xa0dba	gmon.out
0xa0dc4	mcount: tos overflow
0xa0dda	initgroups: %s is in too many groups
0xa0e00	setgroups
0xa0e0a	Malloc corrupted entering malloc
0xa0e2c	Malloc corrupted leaving malloc
0xa0e4e	start add 0x%x size %d free %d
0xa0e6e	zone 0x%x 
0xa0e7a	valloced -- start add 0x%x size %d free 0
0xa0ea6	ptr not in heap
0xa0eb8	Malloc corrupted entering realloc
0xa0edc	Malloc corrupted leaving realloc
0xa0efe	Malloc corrupted entering free
0xa0f1e	Malloc corrupted leaving free
0xa0f3e	n %d size 0x%x data %x 
0xa0f58	**Bad heap: left child to big 0x%x
0xa0f7c	**Bad heap: right child to big 0x%x
0xa0fa2	**Bad free area not marked free
0xa0fc4	**Bad heap: free area size is 0x%x
0xa0fe8	**Bad heap: back pointer to free heap is bad
0xa1016	**Bad heap: bad free area size
0xa1036	number of regions used %d allocated %d
0xa105e	INTERNAL
0xa1068	EXTERNAL
0xa107a	beginadd %x endadd %x zone 0x%x type %s 
0xa10a4	number of zones used %d allocated %d
0xa10ca	freen %d freemaxn %d 
0xa10e2	The free heap ---------------
0xa1102	bad zone piece size of zero
0xa1120	Smashed zone. Header size invalid
0xa1144	back pointer number to the lastfree is bad
0xa1170	back pointer to last free is bad
0xa1192	lastfree is not really free
0xa11b0	end of last piece did not match end of zone
0xa11de	last piece in region bad
0xa11f8	beginadd %x endadd %x zonep 0x%x type %s 
0xa1222	add 0x%x size 0x%x free %d lastguyfree %d
0xa124e	***bad piece at %x size of zero
0xa1270	-------- extend point --------
0xa1290	last piece in region is bad
0xa12ae	bad zone
0xa12b8	attempt to free or realloc space not in heap
0xa12e6	internal verification of memory heap failed
0xa1314	attempt to free or realloc space already freed
0xa1344	vm_copy failed
0xa1354	vm_deallocate failed
0xa136a	vm_allocate failed
0xa137e	memory allocation error: 
0xa1398	"%s ""%s"" %s %s %d %d"
0xa13ba	ndbm: split not paired
0xa13da	Unknown signal
0xa13ea	initstate: not enough state (%d bytes) with which to do jack; ignored.
0xa1432	setstate: state info has been munged; not changed.
0xa1472	Regular expression too long
0xa148e	No previous regular expression
0xa14ae	unmatched \(
0xa14bc	missing ]
0xa14c6	too many \(\) pairs
0xa14da	unmatched \)
0xa1504	error %d
0xa150e	SECURITY ALERT -- SYSLOG BUFFER OVERRUN -- ABORTING
0xa15a4	GMT%c%d:%02d
0xa15ba	longjmp botch
0xa15ca	%d.%d.%d.%d
0xa1666	Memory Access
0xa1674	Illegal Instruction
0xa1688	Arithmetic
0xa1694	Emulation
0xa169e	Software
0xa16a8	Breakpoint
0xa16b4	Unknown exception
0xa16c6	%s: %s(%d)
0xa16d2	Memory access exception on address 0x%x (%s)
0xa1700	Illegal instruction
0xa1714	Arithmetic exception
0xa172a	Emulation exception
0xa173e	Software exception
0xa1752	Breakpoint exception
0xa1768	unknown exception
0xa177a	%s: %s(%d %d %d)
0xa178c	successful
0xa1798	invalid address
0xa17a8	protection failure
0xa17bc	no space available
0xa17d0	invalid argument
0xa17ea	resource shortage
0xa17fc	not receiver
0xa180a	no access
0xa1814	memory failure
0xa1824	memory error
0xa1832	port already in set
0xa1846	port not member of set
0xa185e	name translation already exists
0xa187e	operation aborted
0xa1890	bootstrap operation not privileged
0xa18b4	bootstrap operation name in use
0xa18d4	bootstrap unknown service
0xa18ee	bootstrap service already active
0xa1910	bootstrap bad count
0xa1924	bootstrap no memory
0xa1938	invalid memory
0xa1948	invalid port
0xa1956	timed out
0xa1960	will notify
0xa196c	notify in progress
0xa1980	kernel refused message
0xa1998	send interrupted
0xa19aa	send message too large
0xa19c2	send message too small
0xa19da	message too large
0xa19ec	no space for message data
0xa1a06	only sender remaining
0xa1a1c	receive interrupted
0xa1a30	port receiver changed or port became enabled
0xa1a5e	Type check failure in message interface
0xa1a86	Wrong return message ID
0xa1a9e	Server detected error
0xa1ab4	Bad message ID
0xa1ac4	Server found wrong arguments
0xa1ae2	No reply should be sent
0xa1afa	Server raised exception
0xa1b12	User specified array not large enough for return info
0xa1b48	Netnameserver: name is not yours
0xa1b6a	Netnameserver: name not checked in
0xa1b8e	Netnameserver: no such host
0xa1baa	Netnameserver: host not found
0xa1bc8	unknown error
0xa1bd6	NetMessage
0xa1c0a	MicroVax I
0xa1c16	MicroVax II
0xa1c46	Intel 386
0xa1c50	Intel 486
0xa1c5a	Intel 586
0xa1c64	Unknown Subtype
0xa1cb8	Unknown CPU
0xa1cc4	Big Endian
0xa1cd0	Little Endian
0xa1cde	Intel 80586SX
0xa1cec	Intel 80586
0xa1cf8	Intel 80486SX
0xa1d06	Intel 80486
0xa1d12	Motorola 68040
0xa1d22	Motorola 68030
0xa1d32	HP-PA 7100LC
0xa1d40	Architecture Independent
0xa1d66	Power PC
0xa1d70	Motorola 88K
0xa1d7e	Motorola 68K
0xa1d8c	Intel 860
0xa1d96	Intel 80x86
0xa1db8	 %x:%x:%x:%x:%x:%x %s
0xa1dce	%x:%x:%x:%x:%x:%x
0xa1de0	 %x:%x:%x:%x:%x:%x
0xa1df4	ethers.byname
0xa1e0a	ethers.byaddr
0xa1e18	networks.byaddr
0xa1e28	networks.byname
0xa1e40	Cycle detected in /etc/netgroup: %s.
0xa1e6c	syntax error in /etc/netgroup
0xa1e94	protocols.bynumber
0xa1ea8	protocols.byname
0xa1ebe	netgroup.byuser
0xa1ece	netgroup.byhost
0xa1ede	innetgr: recursive overflow
0xa1efc	netgroup
0xa1f06	innetgr: netgroup %s called recursively
0xa1f30	innetgr: syntax error in /etc/netgroup
0xa1f5a	%s: unknown host
0xa1f6c	socket: All ports in use
0xa1f86	rcmd: socket
0xa1f94	connect to address %s: 
0xa1fac	Trying %s...
0xa1fba	write: setting up stderr
0xa1fdc	socket: protocol failure in circuit setup.
0xa2008	Protocol error, %s closed connection
0xa202e	Protocol error, %s sent %d bytes
0xa2050	/etc/hosts.equiv
0xa2062	/.rhosts
0xa206c	rexec: socket
0xa207a	getsockname
0xa2086	Name (%s:%s): 
0xa2096	Password (%s:%s): 
0xa20dc	password
0xa20f4	%s/.netrc
0xa20fe	Error - .netrc file not correct mode.
0xa2126	Remove password or correct mode.
0xa2148	Unknown .netrc option %s
0xa2164	/etc/utmp
0xa2172	Can't make key
0xa218a	ZONEINIT
0xa2194	UPDATEMA
0xa21a6	UPDATEDA
0xa21ee	NOCHANGE
0xa221e	NXDOMAIN
0xa2228	SERVFAIL
0xa227a	ftp-data
0xa22f4	hostnames
0xa22fe	iso-tsap
0xa230e	x400-snd
0xa2318	csnet-ns
0xa233c	uucp-path
0xa2372	snmp-trap
0xa237c	print-srv
0xa23c0	;; res options:
0xa23d4	;; ->>HEADER<<- opcode: %s, status: %s, id: %d
0xa2404	; flags:
0xa2426	; Ques: %d
0xa2432	, Ans: %d
0xa243c	, Auth: %d
0xa2448	, Addit: %d
0xa2454	;; QUESTIONS:
0xa2468	, type = %s
0xa2474	, class = %s
0xa2482	;; ANSWERS:
0xa2490	;; AUTHORITY RECORDS:
0xa24a8	;; ADDITIONAL RECORDS:
0xa24c1	;; ...truncated
0xa24d3	;; ...malformed
0xa24f2	; proto %d, port %d
0xa250d	;; *** Warning *** OS-type missing
0xa253b	; serial
0xa254d	; refresh (%s)
0xa2565	; retry (%s)
0xa257b	; expire (%s)
0xa2593	; minimum (%s)
0xa25b1	%s %s ( 
0xa25c6	;; packet size error (found %d, dlen was %d)
0xa264e	NSAP_PTR
0xa26e8	insecure1
0xa26f2	insecure2
0xa270e	%d day%s
0xa2718	%d hour%s
0xa2722	%d min%s
0xa272c	%d sec%s
0xa2736	LOCALDOMAIN
0xa2742	/etc/resolv.conf
0xa2760	nameserver
0xa276c	sortlist
0xa2784	RES_OPTIONS
0xa2794	";; res_setoptions(""%s"", ""%s"")..."
0xa27c1	ndots=%d
0xa27cc	";; res_setoptions(""%s"", ""%s"").."
0xa27f8	/locations/resolver
0xa2810	;; res_mkquery(%d, %s, %d, %d)
0xa2830	;; res_query(%s, %d, %d)
0xa284a	;; res_query: mkquery failed
0xa2868	;; res_query: send error
0xa2882	;; rcode = %d, ancount=%d
0xa28a4	;; res_querydomain(%s, %s, %d, %d)
0xa28c8	%.*s.%.*s
0xa28d2	HOSTALIASES
0xa28de	res_send: %s ([%s].%u): %s
0xa28fa	res_send: %s: %s
0xa290c	;; res_send()
0xa291c	;; Querying server (# %d) address = %s
0xa2944	socket(vc)
0xa2950	connect/vc
0xa295c	write failed
0xa296a	read failed
0xa2976	;; response truncated
0xa298e	read(vc)
0xa2998	socket(dg)
0xa29a4	connect(dg)
0xa29c6	;; timeout
0xa29d2	recvfrom
0xa29dc	;; old answer:
0xa29ec	;; not our server:
0xa2a00	;; wrong query name:
0xa2a16	server rejected query:
0xa2a2e	;; truncated answer
0xa2a44	;; got answer:
0xa2a54	"gethostby*.getanswer: asked for ""%s"", got CNAME for ""%s"""
0xa2a8e	"gethostby*.getanswer: asked for ""%s %s %s"", got type ""%s"""
0xa2ac8	size (%d) too big
0xa2adc	Too many addresses (%d)
0xa2af6	Impossible condition (type=%d)
0xa2b16	res_search failed (%d)
0xa2b2e	%u.%u.%u.%u.in-addr.arpa
0xa2b48	res_query failed (%d)
0xa2b60	0.0.0.%u.in-addr.arpa
0xa2b76	0.0.%u.%u.in-addr.arpa
0xa2b8e	0.%u.%u.%u.in-addr.arpa
0xa2ba6	res_query failed
0xa2bb8	No address associated with name
0xa2bd8	Unknown server error
0xa2bee	Host name lookup failure
0xa2c08	Unknown host
0xa2c16	Resolver Error 0 (no error)
0xa2c32	Resolver internal error
0xa2c4a	Unknown resolver error
0xa2c62	/etc/hosts
0xa2c6e	hosts.byname
0xa2c7c	hosts.byaddr
0xa2c8a	alias_getbyname
0xa2c9a	alias_getent
0xa2ca8	bootp_getbyether
0xa2cba	bootp_getbyip
0xa2cc8	bootparams_getbyname
0xa2cde	getgrgid
0xa2ce8	getgrnam
0xa2cf2	initgroups
0xa2cfe	getgrent
0xa2d08	group.byusr
0xa2d14	gethostbyaddr
0xa2d22	gethostbyname
0xa2d30	gethostent
0xa2d3c	getmntent
0xa2d46	getnetbyaddr
0xa2d54	getnetbyname
0xa2d62	getnetent
0xa2d74	getnetgrent
0xa2d80	getprotobynumber
0xa2d92	getprotobyname
0xa2da2	getprotoent
0xa2dae	prdb_getbyname
0xa2dbe	prdb_get
0xa2dc8	getpwuid
0xa2dd2	getpwnam
0xa2ddc	getpwent
0xa2de6	getrpcbynumber
0xa2df6	getrpcbyname
0xa2e04	getrpcent
0xa2e0e	getservbyport
0xa2e1c	getservbyname
0xa2e2a	getservent
0xa2e36	Communication failure
0xa2e4c	Invalid operation on master
0xa2e68	Invalid domain
0xa2e78	Master server is busy
0xa2e8e	No such user
0xa2e9c	Authentication error
0xa2eb2	No such tag
0xa2ebe	Duplicate domain tag: can't serve it
0xa2ee4	Can't find address of server
0xa2f02	Operation makes no sense on clone
0xa2f24	Can't regenerate: already in use
0xa2f46	Remote system error
0xa2f5a	No writes allowed: all objects are read-only
0xa2f88	No response from remote parent
0xa2fa8	Hit network root domain
0xa2fc0	Serialization error
0xa2fd4	Object is not child of parent: cannot destroy
0xa3002	Cannot delete name object with children
0xa302a	No such name
0xa3038	No such property
0xa304a	No such directory
0xa305c	Permission denied
0xa306e	No space available for write operation
0xa3096	Write attempted on stale version of object
0xa30c2	ID is invalid
0xa30d0	Operation succeeded
0xa30e4	(unknown error)
0xa30fc	machines
0xa3106	ip_address
0xa312a	NetInfo timeout connecting to local domain, sleeping
0xa3160	NetInfo connection to local domain waking
0xa318a	NetInfo connect call to: %s/%s (local %d)
0xa31b4	NetInfo connect call to: %s/%s (network %d)
0xa31e0	NetInfo connect call to: %s/%s (world %d)
0xa320a	NetInfo connect timeout (domain with master %s/%s), sleeping
0xa3248	NetInfo connect timeout (domain with server %s/%s), sleeping
0xa3286	NetInfo connected to %s/%s
0xa32a2	NetInfo connection failed for server %s/%s
0xa32ce	NetInfo connection timeout
0xa32ea	%s on connection to %s/%s
0xa3304	%s on initial connection to %s/%s
0xa3326	NetInfo timeout finding server for parent of %s/%s, sleeping
0xa3364	NetInfo %s/%s found parent %s/%s
0xa3386	Rogue NetInfo server detected: %s/%s
0xa33ac	/etc/printcap
0xa33ca	authunix_create: out of memory
0xa33ea	authunix_create:  xdr_authunix_parms failed
0xa3416	authunix_create_default:  gethostname failed:  %m
0xa3448	authunix_create_default:  getgroups failed:  %m
0xa3478	auth_none.c - Fatal marshalling problem
0xa34a0	; errno = %s
0xa34ae	; low version = %lu, high version = %lu
0xa34d6	; why = 
0xa34e0	(unknown authentication error - %d)
0xa3504	; s1 = %lu, s2 = %lu
0xa351a	RPC: Failed (unspecified error)
0xa353a	RPC: Program not registered
0xa3556	RPC: Port mapper failure
0xa3570	RPC: Unknown protocol
0xa3586	RPC: Unknown host
0xa3598	RPC: Remote system error
0xa35b2	RPC: Server can't decode arguments
0xa35d6	RPC: Procedure unavailable
0xa35f2	RPC: Program/version mismatch
0xa3610	RPC: Program unavailable
0xa362a	RPC: Authentication error
0xa3644	RPC: Incompatible versions of RPC
0xa3666	RPC: Timed out
0xa3676	RPC: Unable to receive
0xa368e	RPC: Unable to send
0xa36a2	RPC: Can't decode result
0xa36bc	RPC: Can't encode arguments
0xa36d8	RPC: Success
0xa36e6	RPC: (unknown error code)
0xa3704	Error %d
0xa370e	Failed (unspecified error)
0xa372a	Invalid server verifier
0xa3742	Client credential too weak
0xa375e	Server rejected verifier
0xa3778	Invalid client verifier
0xa3790	Server rejected credential
0xa37ac	Invalid client credential
0xa37c6	Authentication OK
0xa37d8	clntraw_create - Fatal header serialization error.
0xa380c	clnttcp_create: out of memory
0xa382a	clntudp_create: out of memory
0xa3848	get_myaddress: socket: %m
0xa3862	get_myaddress: ioctl (get interface configuration): %m
0xa389a	get_myaddress: ioctl: %m
0xa38b4	rpc.bynumber
0xa38c2	multi_call: socket: %m
0xa38da	Cannot send multicall packet to %s: %m
0xa3902	select failure: %m
0xa3916	%s.%d@%s
0xa3920	%s.%s@%s
0xa3934	Cannot register service
0xa394c	pmap_getmaps rpc problem
0xa3966	broadcast: ioctl (get interface configuration): %m
0xa399a	broadcast: ioctl (get interface flags): %m
0xa39c6	Cannot create socket: %m
0xa39e0	Cannot set socket option SO_BROADCAST: %m
0xa3a0a	Cannot send broadcast packet: %m
0xa3a2c	Broadcast select problem: %m
0xa3a4a	Cannot receive reply to broadcast: %m
0xa3a70	bad auth_len gid %d str %d auth %d
0xa3a94	svc_run: select failed: %m
0xa3ab0	can't reassign procedure number %d
0xa3ad4	couldn't create an rpc server
0xa3af2	couldn't register prog %d vers %d
0xa3b14	registerrpc: out of memory
0xa3b30	svc_sendreply failed
0xa3b46	trouble replying to prog %d
0xa3b62	never registered prog %d
0xa3b7c	svctcp_create - tcp socket creation problem: %m
0xa3bac	svctcp_create - cannot getsockname or listen: %m
0xa3bde	svctcp_create: out of memory
0xa3bfc	svc_tcp: makefd_xprt: out of memory
0xa3c20	svcudp_create: socket creation problem: %m
0xa3c4c	svcudp_create - cannot getsockname: %m
0xa3c74	svcudp_create: out of memory
0xa3c92	enablecache: cache already enabled
0xa3cb6	enablecache: could not allocate cache
0xa3cdc	enablecache: could not allocate cache data
0xa3d08	enablecache: could not allocate cache fifo
0xa3d34	cache_set: victim not found
0xa3d50	cache_set: victim alloc failed
0xa3d70	cache_set: could not allocate new rpc_buffer
0xa3d9e	_svcauth_des:  key_decryptsessionkey failed
0xa3dca	_svcauth_des:  bad nickname
0xa3de6	_svcauth_des:  decryption failure
0xa3e08	_svcauth_des:  window verifier mismatch
0xa3e30	_svcauth_des:  replayed credential
0xa3e54	_svcauth_des:  invalid usecs
0xa3e72	_svcauth_des:  timestamp before last seen
0xa3e9c	_svcauth_des:  timestamp expired
0xa3ebe	_svcauth_des:  encryption failure
0xa3ee0	_svcauth_des:  out of memory
0xa3efe	authdes_getucred:  invalid nickname
0xa3f22	authdes_getucred:  unknown netname
0xa3f46	authdes_getucred:  missed ucred cache
0xa3f6c	xdr_bytes: out of memory
0xa3f86	xdr_string: out of memory
0xa3fa0	xdr_array: out of memory
0xa3fba	xdrrec_create: out of memory
0xa3fd8	xdr_reference: out of memory
0xa3ff6	__dyld_fork_prepare
0xa400a	__dyld_fork_parent
0xa401e	__dyld_fork_child
0xa4030	__dyld_fork_child_final
0xa404e	msg_send
0xa4064	getrlimit
0xa406e	yp operation succeeded
0xa4086	args to yp function are bad
0xa40a2	RPC failure on yp operation
0xa40be	can't bind to a server which serves domain
0xa40ea	no such map in server's domain
0xa410a	no such key in map
0xa411e	internal yp server or client error
0xa4142	local resource allocation failure
0xa4164	no more records in map database
0xa4184	can't communicate with portmapper
0xa41a6	can't communicate with ypbind
0xa41c4	can't communicate with ypserv
0xa41e2	local domain name not set
0xa41fc	yp map data base is bad
0xa4214	yp client/server version mismatch
0xa4236	permission denied
0xa4248	database is busy
0xa425a	unknown yp client error code
0xa4278	yp_all - TCP channel create failure
0xa429c	yp_all - RPC clnt_call (TCP) failure
0xa42c2	/etc/yp/binding
0xa42d2	0123456789
0xa42de	load_dom_binding:  malloc failure.
0xa4302	*** NXCreateHashTable: invalid style
0xa4328	*** NXCreateHashTable: bug
0xa4344	*** hashtable: count differs after rehashing; probably indicates a broken invariant: there are x and y such as isEqual(x, y) is TRUE but hash(x) != hash (y)
0xa43e2	*** NXUniqueString: invariant broken
0xa4408	*** NXCreateMapTable: invalid creation parameters
0xa443c	*** maptable: count differs after rehashing; probably indicates a broken invariant: there are x and y such as isEqual(x, y) is TRUE but hash(x) != hash (y)
0xa44da	*** NXMapInsert: invalid key: -1
0xa44fc	**** NXMapInsert: bug
0xa4514	**** NXMapRemove: incorrect table
0xa4538	**** NXMapRemove: bug
0xa4550	cacheUpdateLock
0xa4560	cacheCollectionLock
0xa4574	messageLock
0xa4580	FREED(id)
0xa458a	NONEXISTENT(id)
0xa459e	class `%s' not linked into application
0xa45ca	please link appropriate classes in your program
0xa45fa	unable to allocate space
0xa4614	%c %s %s %s
0xa4622	%d found %x %x: %s
0xa4636	/tmp/msgSends-%d
0xa4648	Object: SubTypeUntil: end of type encountered prematurely
0xa468a	objc: task_thread failed
0xa46a4	OBJC_REPORT_GARBAGE
0xa46b8	objc: total of %d bytes of garbage ...
0xa46e0	below threshold
0xa46f2	collecting!
0xa4700	in critical region
0xa4714	messageLock taken
0xa4728	does not recognize 
0xa473e	no instance-method cache for class %s
0xa4766	instance-method cache for class %s:
0xa478c	no class-method cache for class %s
0xa47b0	class-method cache for class %s:
0xa47da	duplicates = %d
0xa47ec	total cache fills = %d
0xa480a	instance
0xa4814	%u %s-method caches (out of %u classes):
0xa483f	%s-method cache size distribution:
0xa4864	  %d slots: %u
0xa4874	  %u %s-method caches with %d slots (%u%% efficiency):
0xa48ac	  %.2f average entries (%u maximum)
0xa48d2	  %.2f average lookup chain (%u maximum)
0xa48fc	  %.2f average miss chain (%u maximum)
0xa4924	cummulative method cache statistics:
0xa494a	  %u entries in %u slots (%u%% efficiency)
0xa4976	  %u negative entries (%u%%)
0xa4994	  %lu bytes malloced data
0xa49b0	lookup chain length distribution:
0xa49d4	  length %u: %u
0xa49e7	miss chain length distribution:
0xa4a08	%p != %p but !strcmp(%s, %s)
0xa4a26	objc: %s: %s
0xa4a34	objc: %s
0xa4a3e	objc: %s
0xa4a48	__module_info
0xa4a5e	__runtime_setup
0xa4a6e	__meth_var_names
0xa4a80	__selector_strs
0xa4a90	__message_refs
0xa4aa0	__sel_backref
0xa4aae	__protocol
0xa4aba	__string_object
0xa4aca	__cls_refs
0xa4ad6	NXConstantString
0xa4ae8	Unable to install protocols by name...
0xa4b10	Class %s must be recompiled.
0xa4b2e	loadLock
0xa4b38	objc_loadModules(%s) NSObjectFileImageReturnCode = %d
0xa4b70	objc_unloadModules(): No modules to unload
0xa4b9c	class %d: %s
0xa4baa	classLock
0xa4bb4	unable to allocate module vector
0xa4bd6	unable to remove category %s...
0xa4bf8	class `%s' not linked into application
0xa4c20	unable to add protocols from category %s...
0xa4c4e	class `%s' must be recompiled
0xa4c6e	unable to add category %s...
0xa4c8c	Both %s and %s have implementations of class %s.
0xa4cbe	Using implementation from %s.
0xa4cdc	.objc_class_name_
0xa4cee	.objc_category_name_
0xa4d04	undoing preuniquing for %s
0xa4d20	bashing 0x%x with sel (0x%x) '%s'
0xa4d44	uniquing selectors for %s
0xa4d60	   uniquing message_refs
0xa4d7a	   uniquing method lists
0xa4d9c	rocketLaunching == %s
0xa4db4	backing off because no backref table for: %s
0xa4de2	installing backref table for: %s
0xa4e04	OBJC_DISABLE_OBJCUNIQUE
0xa4e1c	OBJC_UNIQUE_DEBUG
0xa4e2e	OBJC_INIT_TIME
0xa4e3e	OBJC_DUMP_CLASSES
0xa4e54	_objcInit took %f seconds (selector uniqing is %s)
0xa4e88	cow_faults: %d
0xa4e98	dynamic hash entries = %d
0xa4eb4	classes...
0xa4ec0	unlinking is not supported in this version of Objective C
0xa4efc	selectorLock
0xa4f0a	found %s
0xa4f14	Z: (%p) %s ==> (%p) %s
0xa4f2c	A: (%p) %s ==> (%p) %s
0xa4f44	B: (%p) %s ==> (%p) %s
0xa4f5c	C: (%p) %s ==> (%p) %s
0xa4f74	bsearch failure...
0xa4f88	D: (%p) %s ==> (%p) %s
0xa4fa8	freeze-dried
0xa4fb6	%s selector hashtable for %s:
0xa4fd6	slot[%u]: 
0xa4fe2	%s selector hashtable for %s (depth = %u):
0xa500e	%u entries in %u slots (%.2f entries/slot)
0xa503a	%u empty slots (%u%%)
0xa5052	%u redundant entries (%u%%)
0xa5070	%.2f average lookup chain (%u maximum)
0xa5098	%.2f average miss chain (%u maximum)
0xa50be	%u bytes malloced data + %u bytes shared data
0xa50ee	%u bytes malloced data
0xa5106	cummulative selector hashtable statistics:
0xa5132	%.2f average lookup depth (%u maximum)
0xa515a	%u miss depth
0xa516a	<%s: 0x%x>
0xa5176	Protocol %s must be recompiled.
0xa5198	Exception handlers were not properly removed.
0xa51c6	Attempt to remove unrecognized exception handler.
0xa51f8	Uncaught exception #%d
0xa5210	moninitobjc is obsoleted, refer to documentation for how to do profiling
0xa525a	Does not recognize selector %s
0xa527a	*** HashTable: count differs after rehashing; probably indicates a broken invariant: there are x and y such as isEqual(x, y) is TRUE but hash(x) != hash (y)
0xa531c	HashTable
0xa532a	%s[0x%x]
0xa5334	%d[0x%x]
0xa534a	Table [%s -> %s]: 
0xa535d	count: %d
0xa5367	capacity: %d
0xa5386	category of
0xa5392	Loading %s '%s'
0xa53a4	Error loading %s
0xa53b6	Couldn't find %s in bundle for %s
0xa53d8	Language
0xa53ea	NXLanguage
0xa53f6	/version
0xa540a	/NextLibrary/Languages/%s%s.lproj/%s
0xa5430	/NextLibrary/Languages/%s%s.lproj
0xa5452	/usr/lib/
0xa545c	%s/%s.lproj
0xa5468	Localizable
0xa547c	*** NXPropertyList: Syntax error line %u
0xa54b8	NXPropertyList: discarded input at line %u of file %s
0xa54f0	*** NXCleanList: Syntax error line %u
0xa5528	NXSimpleReadOnlyString
0xa5540	Out of bounds
0xa554e	NXString error %d: %s
0xa5564	%s, length %d: 
0xa5580	NXStringTable: parse error before end of stream
0xa55b0	NXStringTable: parse error before '%c'
0xa55e0	*** -[Storage initCount:elementSize:description:]: count cannot be greater than 0xD0000000
0xa563c	*** -[Storage setNumSlots:]: numSlots cannot be greater than 0xD0000000
0xa5686	*** -[Storage setAvailableCapacity:]: numSlots cannot be greater than 0xD0000000
0xa56d8	*** -[Storage addElement:]: adding element would cause numSlots to be greater than 0xD0000000
0xa5738	*** -[Storage insertElement:at:]: index cannot be greater than 0xD0000000
0xa5796	expecting a reading stream
0xa57b2	expecting a writing stream
0xa57ce	file inconsistency: read '%s', expecting '%s'
0xa57fc	class error for '%s': %s
0xa5816	type descriptor error for '%c': %s
0xa583a	typedstream: snail? cannot recognize byte sex.
0xa586a	NXOpenTypedStream: invalid mode
0xa588a	NXOpenTypedStream: null stream
0xa58aa	typedstream
0xa58b6	streamtyped
0xa58c2	file cannot be saved
0xa58d8	missing ']' in type descriptor
0xa58f8	unknown type descriptor
0xa5910	excess characters in type descriptor
0xa5943	Written %s object %s: %ld bytes
0xa5964	found null class
0xa5976	NXReadObject: inconsistency between written data and read:
0xa59b2	class not loaded
0xa59c4	wrong super class
0xa59d6	NXWriteRootObject: already done
0xa59f6	NXWriteObjectReference: NXWriteRootObject has not been previously done
0xa5a3e	NXOpenTypedStreamForFile: invalid mode
0xa5a6e	__dyld_image_count
0xa5a82	__dyld_get_image_header
0xa5a9a	__dyld_get_image_vmaddr_slide
0xa5ab8	__dyld_get_image_name
0xa5ace	__dyld_moninit
0xa5ade	__dyld_launched_prebound
0xa5af8	__dyld_lookup_and_bind
0xa5b10	__dyld_lookup_and_bind_objc
0xa5b2c	__dyld_lookup_and_bind_fully
0xa5b4a	__dyld_bind_fully_image_containing_address
0xa5b76	__dyld_register_func_for_add_image
0xa5b9a	__dyld_register_func_for_link_module
0xa5bc0	__dyld_register_func_for_unlink_module
0xa5be8	__dyld_register_func_for_replace_module
0xa5c10	__dyld_get_objc_module_sect_for_module
0xa5c38	__dyld_bind_objc_module
0xa5c50	__dyld_install_handlers
0xa5c68	__dyld_NSNameOfModule
0xa5c7e	__dyld_NSLibraryNameForModule
0xa5c9c	__dyld_NSIsSymbolNameDefined
0xa5cba	__dyld_NSLookupAndBindSymbol
0xa5cd8	__dyld_NSNameOfSymbol
0xa5cee	__dyld_NSAddressOfSymbol
0xa5d08	__dyld_NSModuleForSymbol
0xa5d22	__dyld_NSAddLibrary
0xa5d42	can't allocate memory for NSObjectFileImage
0xa5d6e	can't determine the host architecture (specify an arch_flag or fix get_arch_from_host() )
0xa5dc8	fat file: %s architecture %s is not an archive (object_name to ofile_map() can't be specified to be other than NULL)
0xa5e3e	file: %s is not an archive (object_name to ofile_map() can't be specified to be other than NULL)
0xa5ea0	object file: %s(%.*s) does not match specified arch_flag: %s passed to ofile_map()
0xa5ef4	archive file: %s objects do not match specified arch_flag: %s passed to ofile_map()
0xa5f48	Can't vm_deallocate mapped memory for file: %s
0xa5f78	ofile_first_arch() called and file type of: %s is not a fat file
0xa5fba	ofile_next_arch() called and file type of: %s is not a fat file
0xa5ffc	internal error. ofile_specific_arch() called but file is not a fat file or an archive with a fat member 
0xa6066	ofile_first_member() called on fat file: %s with a non-archive architecture or no architecture selected
0xa60d0	ofile_first_member() called and file type of %s is OFILE_UNKNOWN
0xa6112	internal error. ofile_first_member() called but file does not have an archive magic string
0xa616e	truncated or malformed (archive header of first member extends past the end of the file)
0xa61c8	fat file truncated or malformed (fat_arch structs would extend past the end of the archive member)
0xa622c	ofile_next_member() called on fat file: %s with a non-archive architecture or no architecture selected
0xa6294	ofile_next_member() called and file type of %s is OFILE_UNKNOWN
0xa62d6	internal error. ofile_next_member() called but file does not have an archive magic string
0xa6330	internal error. ofile_next_member() called but the ofile struct does not have an archive member selected
0xa639a	truncated or malformed (archive header of next member extends past the end of the file)
0xa63f2	ofile_specific_member() called on fat file: %s with a non-archive architecture or no architecture selected
0xa645e	ofile_specific_member() called and file type of %s is OFILE_UNKNOWN
0xa64a4	internal error. ofile_specific_member() called but file does not have an archive magic string
0xa6502	does not contain a member named: %s
0xa6526	ofile_first_module() called on fat file: %s with a non-MH_DYLIB architecture or no architecture selected
0xa6590	ofile_first_module() called and file type of %s is non-MH_DYLIB
0xa65d2	MH_DYLIB format error (does not have a symbol table and/or a dynamic symbol table)
0xa6626	ofile_next_module() called on fat file: %s with a non-MH_DYLIB architecture or no architecture selected
0xa6690	ofile_next_module() called and file type of %s is non-MH_DYLIB
0xa66d0	ofile_specific_module() called on fat file: %s with a non-MH_DYLIB architecture or no architecture selected
0xa673e	ofile_specific_module() called and file type of %s is non-MH_DYLIB
0xa6782	does not contain a module named: %s
0xa67a6	internal error. check_fat() call and file type of: %s is not OFILE_FAT
0xa67ee	internal error. check_fat_object_in_archive() called and file type of: %s is not OFILE_ARCHIVE
0xa684e	fat file malformed (contains zero architecture types)
0xa6884	fat file truncated or malformed (offset plus size of cputype (%d) cpusubtype (%d) extends past the end of the file)
0xa68f8	fat file's align (2^%lu) too large for cputype (%d) cpusubtype (%d) (maximum 2^%d)
0xa694c	fat file's offset: %lu for cputype (%d) cpusubtype (%d) not aligned on it's alignment (2^%lu)
0xa69aa	fat file for cputype (%d) cpusubtype (%d) is not an object file (size too small to be an object file)
0xa6a10	fat file for cputype (%d) cpusubtype (%d) is not an object file (bad magic number)
0xa6a64	fat file contains two of the same architecture (cputype (%d) cpusubtype (%d))
0xa6ab2	internal error. check_archive() call and file type of %s is OFILE_UNKNOWN
0xa6afe	internal error. check_archive() call for file %s which does not have an archive magic string
0xa6b5c	is a fat file (not allowed in an archive)
0xa6b86	cputype (%d) does not match previous archive members cputype (%d) (all members must match)
0xa6be2	malformed fat file (fat header architecture: %lu's cputype does not match object file's mach header)
0xa6c48	malformed object (load command %lu cmdsize not a multiple of sizeof(long))
0xa6c94	truncated or malformed object (load command %lu extends past the end of the file)
0xa6ce6	malformed object (load command %lu cmdsize is zero)
0xa6d1a	malformed object (inconsistant cmdsizein LC_SEGMENT command %lu for the number of sections)
0xa6d76	truncated or malformed object (LC_SEGMENT command %lu fileoff field extends past the end of the file)
0xa6ddc	truncated or malformed object (LC_SEGMENT command %lu fileoff field plus filesize field extends past the end of the file)
0xa6e56	truncated or malformed object (offset field of section %lu in LC_SEGMENT command %lu extends past the end of the file)
0xa6ece	truncated or malformed object (offset field plus size field of section %lu in LC_SEGMENT command %lu extends past the end of the file)
0xa6f56	truncated or malformed object (reloff field of section %lu in LC_SEGMENT command %lu extends past the end of the file)
0xa6fce	truncated or malformed object (reloff field plus nreloc field times sizeof(struct relocation_info) of section %lu in LC_SEGMENT command %lu extends past the end of the file)
0xa707c	malformed object (more than one LC_SYMTAB command)
0xa70b0	malformed object (LC_SYMTAB command %lu has incorrect cmdsize)
0xa70f0	truncated or malformed object (symoff field of LC_SYMTAB command %lu extends past the end of the file)
0xa7158	truncated or malformed object (symoff field plus nsyms field times sizeof(struct nlist) of LC_SYMTAB command %lu extends past the end of the file)
0xa71ec	truncated or malformed object (stroff field of LC_SYMTAB command %lu extends past the end of the file)
0xa7254	truncated or malformed object (stroff field plus strsize field of LC_SYMTAB command %lu extends past the end of the file)
0xa72ce	malformed object (more than one LC_DYSYMTAB command)
0xa7304	malformed object (LC_DYSYMTAB command %lu has incorrect cmdsize)
0xa7346	truncated or malformed object (tocoff field of LC_DYSYMTAB command %lu extends past the end of the file)
0xa73b0	truncated or malformed object (tocoff field plus ntoc field times sizeof(struct dylib_table_of_contents) of LC_DYSYMTAB command %lu extends past the end of the file)
0xa7456	truncated or malformed object (modtaboff field of LC_DYSYMTAB command %lu extends past the end of the file)
0xa74c2	truncated or malformed object (modtaboff field plus nmodtab field times sizeof(struct dylib_module) of LC_DYSYMTAB command %lu extends past the end of the file)
0xa7564	truncated or malformed object (extrefsymoff field of LC_DYSYMTAB command %lu extends past the end of the file)
0xa75d4	truncated or malformed object (extrefsymoff field plus nextrefsyms field times sizeof(struct dylib_reference) of LC_DYSYMTAB command %lu extends past the end of the file)
0xa7680	truncated or malformed object (indirectsymoff field of LC_DYSYMTAB command %lu extends past the end of the file)
0xa76f2	truncated or malformed object (indirectsymoff field plus nindirectsyms field times sizeof(unsigned long) of LC_DYSYMTAB command %lu extends past the end of the file)
0xa7798	truncated or malformed object (extreloff field of LC_DYSYMTAB command %lu extends past the end of the file)
0xa7804	truncated or malformed object (extreloff field plus nextrel field times sizeof(struct relocation_info) of LC_DYSYMTAB command %lu extends past the end of the file)
0xa78a8	truncated or malformed object (locreloff field of LC_DYSYMTAB command %lu extends past the end of the file)
0xa7914	truncated or malformed object (locreloff field plus nlocrel field times sizeof(struct relocation_info) of LC_DYSYMTAB command %lu extends past the end of the file)
0xa79b8	malformed object (LC_SYMSEG command %lu has incorrect cmdsize)
0xa79f8	truncated or malformed object (offset field of LC_SYMSEG command %lu extends past the end of the file)
0xa7a60	truncated or malformed object (offset field plus size field of LC_SYMTAB command %lu extends past the end of the file)
0xa7ad8	malformed object (%s command %lu has too small cmdsize field)
0xa7b16	truncated or malformed object (name.offset field of %s command %lu extends past the end of the file)
0xa7b7c	malformed object (LC_PREBIND_DYLIB command %lu has too small cmdsize field)
0xa7bc8	truncated or malformed object (name.offset field of LC_PREBIND_DYLIB command %lu extends past the end of the file)
0xa7c3c	truncated or malformed object (linked_modules.offset field of LC_PREBIND_DYLIB command %lu extends past the end of the file)
0xa7cba	malformed object (count not M68K_THREAD_STATE_REGS_COUNT for flavor number %lu which is a M68K_THREAD_STATE_REGS flavor in %s command %lu)
0xa7d46	malformed object (count not M68K_THREAD_STATE_68882_COUNT for flavor number %lu which is a M68K_THREAD_STATE_68882 flavor in %s command %lu)
0xa7dd4	malformed object (count not M68K_THREAD_STATE_USER_REG_COUNT for flavor number %lu which is a M68K_THREAD_STATE_USER_REG flavor in %s command %lu)
0xa7e68	malformed object (unknown flavor for flavor number %lu in %s command %lu can't byte swap it)
0xa7ec6	malformed object (count not M98K_THREAD_STATE_GRF_COUNT for flavor number %lu which is a M98K_THREAD_STATE_GRF flavor in %s command %lu)
0xa7f50	malformed object (count not M88K_THREAD_STATE_GRF_COUNT for flavor number %lu which is a M88K_THREAD_STATE_GRF flavor in %s command %lu)
0xa7fda	malformed object (count not M88K_THREAD_STATE_XRF_COUNT for flavor number %lu which is a M88K_THREAD_STATE_XRF flavor in %s command %lu)
0xa8064	malformed object (count not M88K_THREAD_STATE_USER_COUNT for flavor number %lu which is a M88K_THREAD_STATE_USER flavor in %s command %lu)
0xa80f0	malformed object (count not M88110_THREAD_STATE_IMPL_COUNT for flavor number %lu which is a M88110_THREAD_STATE_IMPL flavor in %s command %lu)
0xa8180	malformed object (count not I860_THREAD_STATE_REGS_COUNT for flavor number %lu which is a I860_THREAD_STATE_REGS flavor in %s command %lu)
0xa820c	malformed object (count not i386_THREAD_STATE_COUNT for flavor number %lu which is a i386_THREAD_STATE flavor in %s command %lu)
0xa828e	malformed object (count not i386_THREAD_FPSTATE_COUNT for flavor number %lu which is a i386_THREAD_FPSTATE flavor in %s command %lu)
0xa8314	malformed object (count not i386_THREAD_EXCEPTSTATE_COUNT for flavor number %lu which is a i386_THREAD_EXCEPTSTATE flavor in %s command %lu)
0xa83a2	malformed object (count not i386_THREAD_CTHREADSTATE_COUNT for flavor number %lu which is a i386_THREAD_CTHREADSTATE flavor in %s command %lu)
0xa8432	malformed object (count not HPPA_INTEGER_THREAD_STATE_COUNT for flavor number %lu which is a HPPA_INTEGER_THREAD_STATE flavor in %s command %lu)
0xa84c4	malformed object (count not HPPA_FRAME_THREAD_STATE_COUNT for flavor number %lu which is a HPPA_FRAME_THREAD_STATE flavor in %s command %lu)
0xa8552	malformed object (count not HPPA_FP_THREAD_STATE_COUNT for flavor number %lu which is a HPPA_FP_THREAD_STATE flavor in %s command %lu)
0xa85da	malformed object (count not SPARC_THREAD_STATE_REGS_COUNT for flavor number %lu which is a SPARC_THREAD_STATE_REGS flavor in %s command %lu)
0xa8668	malformed object (count not SPARC_THREAD_STATE_FPU_COUNT for flavor number %lu which is a SPARC_THREAD_STATE_FPU flavor in %s command %lu)
0xa86f4	malformed object (unknown cputype and cpusubtype of object and can't byte swap and check %s command %lu)
0xa875e	truncated or malformed object (cmdsizefield of LC_IDENT command %lu extends past the end of the load commands
0xa87cc	malformed object (unknown load command %lu)
0xa87f8	truncated or malformed object (contains LC_DYSYMTAB load command without a LC_SYMTAB load command
0xa885a	truncated or malformed object (ilocalsym in LC_DYSYMTAB load command extends past the end of the symbol table
0xa88c8	truncated or malformed object (ilocalsym plus nlocalsym in LC_DYSYMTAB load command extends past the end of the symbol table
0xa8946	truncated or malformed object (iextdefsym in LC_DYSYMTAB load command extends past the end of the symbol table
0xa89b6	truncated or malformed object (iextdefsym plus nextdefsym in LC_DYSYMTAB load command extends past the end of the symbol table
0xa8a36	truncated or malformed object (iundefsym in LC_DYSYMTAB load command extends past the end of the symbol table
0xa8aa4	truncated or malformed object (iundefsym plus nundefsym in LC_DYSYMTAB load command extends past the end of the symbol table
0xa8b22	malformed object (inconsistant sizeofcmds field in mach header)
0xa8b62	%s: for architecture %s archive: %s 
0xa8b88	%s: archive: %s 
0xa8b9a	%s: for architecture %s archive member: %s(%.*s) 
0xa8bcc	%s: archive member: %s(%.*s) 
0xa8bea	%s: for architecture %s object: %s(%.*s) 
0xa8c14	%s: for architecture %s object: %s 
0xa8c38	%s: for object: %s(%.*s) architecture %s 
0xa8c62	%s: object: %s(%.*s) 
0xa8c78	%s: object: %s 
0xa8c88	cputype (1234567890) cpusubtype (1234567890)
0xa8cb6	cputype (%d) cpusubtype (%d)
0xa8cd4	__dyld_link_module
0xa8ce8	__dyld_event_server_callback
0xae035	|PG'gDrjaXh
0xae266	=951-)%!
0xae33e	0Vn29D}1
0xb1dda	  ##%%&&))**,,//1122447788;;==>>@@CCEEFFIIJJLLOOQQRRTTWWXX[[]]^^aabbddgghhkkmmnnppssuuvvyyzz||
0xb1f5e	<4,$?7/'
0xb1fad	"(3-!0,1'8""5.*2$"
0xb220e	SunMonTueWedThuFriSatJanFebMarAprMayJunJulAugSepOctNovDec
0xb22b5	         (((((                  
0xb23bb	WError 0
0xb23c4	Not owner
0xb23ce	No such file or directory
0xb23e8	No such process
0xb23f8	Interrupted system call
0xb2410	I/O error
0xb241a	No such device or address
0xb2434	Arg list too long
0xb2446	Exec format error
0xb2458	Bad file number
0xb2468	No children
0xb2474	No more processes
0xb2486	Not enough memory
0xb2498	Permission denied
0xb24aa	Bad address
0xb24b6	Block device required
0xb24cc	Device busy
0xb24d8	File exists
0xb24e4	Cross-device link
0xb24f6	No such device
0xb2505	Not a directory
0xb2515	Is a directory
0xb2524	Invalid argument
0xb2535	File table overflow
0xb2549	Too many open files
0xb255d	Inappropriate ioctl for device
0xb257c	Text file busy
0xb258b	File too large
0xb259a	No space left on device
0xb25b2	Illegal seek
0xb25bf	Read-only file system
0xb25d5	Too many links
0xb25e4	Broken pipe
0xb25f0	Argument too large
0xb2603	Result too large
0xb2614	Operation would block
0xb262a	Operation now in progress
0xb2644	Operation already in progress
0xb2662	Socket operation on non-socket
0xb2681	Destination address required
0xb269e	Message too long
0xb26af	Protocol wrong type for socket
0xb26ce	Option not supported by protocol
0xb26ef	Protocol not supported
0xb2706	Socket type not supported
0xb2720	Operation not supported on socket
0xb2742	Protocol family not supported
0xb2760	Address family not supported by protocol family
0xb2790	Address already in use
0xb27a7	Can't assign requested address
0xb27c6	Network is down
0xb27d6	Network is unreachable
0xb27ed	Network dropped connection on reset
0xb2811	Software caused connection abort
0xb2832	Connection reset by peer
0xb284b	No buffer space available
0xb2865	Socket is already connected
0xb2881	Socket is not connected
0xb2899	Can't send after socket shutdown
0xb28ba	Too many references: can't splice
0xb28dc	Connection timed out
0xb28f1	Connection refused
0xb2904	Too many levels of symbolic links
0xb2926	File name too long
0xb2939	Host is down
0xb2946	Host is unreachable
0xb295a	Directory not empty
0xb296e	Too many processes
0xb2981	Too many users
0xb2990	Disc quota exceeded
0xb29a4	Stale NFS file handle
0xb29ba	Too many levels of remote in path
0xb29dc	Not a stream device
0xb29f0	Timer expired
0xb29fe	Out of stream resources
0xb2a16	No message of desired type
0xb2a31	Not a data message
0xb2a44	Identifier removed
0xb2a57	Deadlock situation detected/avoided
0xb2a7b	No record locks available
0xb2a95	Device power is off
0xb2aa9	Device error
0xb2ab6	Device not initialized
0xb2acd	Bad executable (or shared library)
0xb2af0	Bad CPU type in executable
0xb2b0b	Shared library version mismatch
0xb2b2b	Malformed Mach-o file
0xb2b49	/tmp/xtabXXXXXX
0xb2b59	/etc/group
0xb2b64	/etc/utmp
0xb2c36	0Vn29D}1
0xb2c6d	qSignal 0
0xb2c7e	Interrupt
0xb2c8d	Illegal instruction
0xb2ca1	Trace/BPT trap
0xb2cb0	IOT trap
0xb2cb9	EMT trap
0xb2cc2	Floating point exception
0xb2ce2	Bus error
0xb2cec	Segmentation fault
0xb2cff	Bad system call
0xb2d0f	Broken pipe
0xb2d1b	Alarm clock
0xb2d27	Terminated
0xb2d32	Urgent I/O condition
0xb2d47	Stopped (signal)
0xb2d60	Continued
0xb2d6a	Child exited
0xb2d77	Stopped (tty input)
0xb2d8b	Stopped (tty output)
0xb2da0	I/O possible
0xb2dad	Cputime limit exceeded
0xb2dc4	Filesize limit exceeded
0xb2ddc	Virtual timer expired
0xb2df2	Profiling timer expired
0xb2e0a	Window size changed
0xb2e1e	Resource lost
0xb2e2c	User defined signal 1
0xb2e42	User defined signal 2
0xb2e78	" !""#$%&'()*+,-./0123456789:;<=>?@abcdefghijklmnopqrstuvwxyz[\]^_`abcdefghijklmnopqrstuvwxyz{|}~"
0xb2f58	/dev/log
0xb2f61	/dev/console
0xb3434	/etc/ethers
0xb3440	/etc/networks
0xb344e	networks.byaddr
0xb345e	netgroup
0xb3467	/etc/protocols
0xb3476	/etc/services
0xb3484	services.byname
0xb355c	<4,$?7/'
0xb35ab	"(3-!0,1'8""5.*2$"
0xb37dc	"gethostby*.getanswer: asked for ""%s"", got ""%s"""
0xb3810	machines
0xb3819	ip_address
0xb382b	###UNKNOWN###
0xb388a	/etc/rpc
0xb3893	/usr/etc/keyenvoy
0xb38aa	netid.byname
0xb3aac	failed -- out of memory(%s, %u)
0xb3acc	allocating nil object
0xb3ae2	message %s sent to freed object=0x%lx
0xb3b08	message %s sent to non-existent object=0x%lx
0xb3b35	invalid selector %s
0xb3b49	[%s poseAs:%s]: target not immediate superclass
0xb3b79	[%s poseAs:%s]: %s defines new instance variables
0xb3e40	failed -- out of memory(%s, %u)
0xb3e60	reallocating nil object
0xb3e78	reallocating freed object
0xb3e92	(%s, %u) requested size too small
0xb3eb4	should have implemented the '%s' method.
0xb3edd	should NOT have implemented the '%s' method.
0xb3f0a	method '%s' not implemented
0xb3f26	method %s given invalid selector %s
0xb3f4a	does not recognize selector %c%s
0xb4356	CL__common
0xb58b9	         (((((                  
0xb59fa	abcdefghijklmnopqrstuvwxyz
0xb5a1a	ABCDEFGHIJKLMNOPQRSTUVWXYZ
0xbcecc	NXPortPortal
0xbcee0	NXPortal
0xbcee9	NXDecoding
0xbcef4	NXEncoding
0xbceff	NXPortPortal.m
0xbcf15	NXNetNameServer
0xbcf25	NXConnection
0xbcf32	Transport
0xbcf3c	Protocol
0xbcf4a	GetListOfProtocols
0xbcf5d	isRemote
0xbcf66	Object_MakeRemote_Import
0xbcf87	NXInvalidationNotifier
0xbcf9e	Object_NXMethodSignature
0xbcfb7	NXMethodSignature
0xbcfc9	NXTransport
0xbcfd5	NXSenderIsInvalid
0xbcfe7	NXReference
0xbcff3	NXProxy.m
0xbd004	LogFunctions.m
0xbd01a	NXData.m
0xbd023	NXInvalidationNotifier.m
0xbd03c	NXRecursiveLock
0xbd04c	NXConditionLock
0xbd05c	NXSpinLock
0xbd067	NXLock.m
0xbd070	NXNetNameServer.m
0xbd082	NXPort.m
0xbd08b	NXProtocolChecker
0xbd09d	NXProtocolChecker.m
0xbd0b1	maptable.m
0xbd0bc	objc-class.m
0xbd0c9	objc-load.m
0xbd0d5	objc-runtime.m
0xbd0e4	Object.m
0xbd0ed	Protocol.m
0xbd0f8	HashTable
0xbd102	HashTable.m
0xbd11d	NXBundle
0xbd126	Compatability
0xbd134	NXBundle.m
0xbd13f	NXStringTable
0xbd14d	NXCharacterSet
0xbd15c	NXCharacterSet.m
0xbd16d	Fancy_IO
0xbd176	NXReadOnlyString
0xbd187	NXString
0xbd190	NXCleanList
0xbd19c	NXPropertyList
0xbd1ab	Basic_IO
0xbd1b4	NX_BS_Extras
0xbd1c1	NXMutableString
0xbd1d1	NXPropertyList.m
0xbd1e2	NXReadWriteString
0xbd1f4	NXConstantString
0xbd205	NXSimpleReadOnlyString
0xbd21c	NXConstantString.m
0xbd22f	NXMutableString.m
0xbd241	NXReadOnlyString.m
0xbd254	NXReadOnlySubstring
0xbd268	NXReadOnlySubstring.m
0xbd27e	NXReadWriteString.m
0xbd292	NXSimpleReadOnlyString.m
0xbd2ab	NXString.m
0xbd2b6	NXStringTable.m
0xbd2c6	NXUniquedString
0xbd2d6	NXUniquedString.m
0xbd2f0	Storage.m
0xbd2fa	StreamTable
0xbd306	StreamTable.m
0xbd314	typedstream.m
0xbd32b	"@""NXPort"""
0xbd33e	v12@8:12^{?=b24b8Iiiii}16
0xbd358	@16@8:12@16r*20
0xbd368	@16@8:12r*16r*20
0xbd379	@16@8:12i16c23
0xbd390	^{?=^?^?^?^?}8@8:12
0xbd3a4	@12@8:12i16
0xbd3b0	@16@8:12^{?=b24b8Iiiii}16@20
0xbd3cd	@12@8:12c19
0xbd3d9	@16@8:12@16I20
0xbd3e8	@12@8:12@16
0xbd3f4	@16@8:12^^v16^i20
0xbd406	@20@8:12r^v16i20c27
0xbd41a	@16@8:12r^v16i20
0xbd42b	@12@8:12^i16
0xbd438	@16@8:12^v16i20
0xbd448	@16@8:12^v16r*20
0xbd461	@12@8:12^v16
0xbd476	@20@8:12@16^c20c27
0xbd489	@12@8:12O^@16
0xbd497	^{_objc_class}
0xbd4a8	^{_objc_ivar_list}
0xbd4bb	^{_objc_method_list}
0xbd4d0	^{objc_cache}
0xbd4de	^^{_objc_protocol}
0xbd4f3	"@""NXConnection"""
0xbd503	"@""Protocol"""
0xbd512	{?=ii}16@8:12:16^v20
0xbd527	@16@8:12:16^{?=^?^?^?^?}20
0xbd542	c12@8:12@16
0xbd54e	@16@8:12:16@20
0xbd55d	@12@8:12:16
0xbd569	v12@8:12*16
0xbd575	v20@8:12*16i20i24
0xbd587	@12@8:12^{?=^?^?^?^?}16
0xbd5a7	@16@8:12@16^{?=^?^?^?^?}20
0xbd5c2	@20@8:12@16r*20^{?=^?^?^?^?}24
0xbd5e1	@20@8:12@16@20^{?=^?^?^?^?}24
0xbd5ff	@16@8:12@16@20
0xbd60e	@20@8:12r*16r*20^{?=^?^?^?^?}24
0xbd62e	@16@8:12r*16^{?=^?^?^?^?}20
0xbd64a	@12@8:12r*16
0xbd657	@20@8:12i16i20^{?=^?^?^?^?}24
0xbd675	@16@8:12I16@20
0xbd684	"{objc_method_description=""name"":""types""*}"
0xbd6ae	@16@8:12^{objc_method_description=:*}16^{?=^?^?^?^?}20
0xbd6e5	{?=ii}20@8:12@16^v20^v24
0xbd6fe	^v8@8:12
0xbd70f	@20@8:12^{?=ii}16^v20@24
0xbd728	^v12@8:12@16
0xbd735	@16@8:12^v16@20
0xbd745	@20@8:12^v16I20c27
0xbd758	@12@8:12I16
0xbd764	"@""NXLock"""
0xbd776	^?8@8:12
0xbd77f	@16@8:12^?16^v20
0xbd790	@12@8:12^?16
0xbd79d	^{objc_method_description=:*}12@8:12:16
0xbd7c5	@16@8:12:16^v20
0xbd7d5	^?12@8:12:16
0xbd7e2	c12@8:12:16
0xbd7ee	r*8@8:12
0xbd7f7	c12@8:12r*16
0xbd804	I12@8:12:16
0xbd810	v12@8:12^{?=I**iilii^{stream_functions}^v}16
0xbd83d	@20@8:12:16@20@24
0xbd84f	^{objc_protocol_list}
0xbd865	^{objc_method_description_list}
0xbd885	@16@8:12^{?=#*^{objc_protocol_list}^{objc_method_description_list}^{objc_method_description_list}}16i20
0xbd8ed	@20@8:12r*16r*20I24
0xbd901	@12@8:12^{?=I**iilii^{stream_functions}^v}16
0xbd92e	c20@8:12^{?=ii}16r^^v20^^v24
0xbd94b	{?=ii}8@8:12
0xbd958	^v12@8:12r^v16
0xbd967	^v16@8:12r^v16^v20
0xbd97a	c12@8:12r^v16
0xbd988	@16@8:12^?16^?20
0xbd99c	I12@8:12@16
0xbd9b0	c20@8:12*16r*20r*24
0xbd9c4	@12@8:12r^*16
0xbd9d2	c28@8:12*16r*20r*24r*28i32
0xbd9ed	^{?=I**iilii^{stream_functions}^v}12@8:12^{?=I**iilii^{stream_functions}^v}16
0xbda3e	@12@8:12r@16
0xbda4b	@16@8:12C19C23
0xbda5a	@16@8:12r*16I20
0xbda6a	c12@8:12C19
0xbda76	v16@8:12^{?=I**iilii^{stream_functions}^v}16^{?=IIc*}20
0xbdaae	@16@8:12^{?=I**iilii^{stream_functions}^v}16^{?=I@@@@@c^{?}^{?}}20
0xbdaf1	@16@8:12@16^{?=I@@@@@c^{?}^{?}}20
0xbdb13	c16@8:12@16c23
0xbdb22	c20@8:12^{?=i}16^@20^@24
0xbdb3b	{?=i}8@8:12
0xbdb47	v16@8:12r*16I20
0xbdb57	@16@8:12*16I20
0xbdb66	v16@8:12{?=II}16
0xbdb77	v12@8:12@16
0xbdb83	v16@8:12@16I20
0xbdb92	v20@8:12{?=II}16@24
0xbdba6	"{__realStringFlags=""notCopied""b1""unused""b15""refs""b16}"
0xbdbdc	@20@8:12{?=II}16^{?=^?^?^?^?}24
0xbdbfc	*12@8:12I16
0xbdc08	@20@8:12*16I20c27
0xbdc1a	"@""NXReadOnlyString"""
0xbdc2e	I28@8:12@16{?=II}20I28^v32
0xbdc49	I28@8:12C19{?=II}20I28^v32
0xbdc64	{?=II}28@8:12@16{?=II}20I28^v32
0xbdc84	i20@8:12@16I20^v24
0xbdc97	v28@8:12*16I20{?=II}24^{?=II}32
0xbdcb7	v20@8:12*16{?=II}20
0xbdccb	C12@8:12I16
0xbdcd7	I16@8:12C19I20
0xbdce6	I20@8:12C19{?=II}20
0xbdcfa	I16@8:12@16I20
0xbdd09	I20@8:12@16{?=II}20
0xbdd1d	{?=II}16@8:12@16I20
0xbdd31	{?=II}20@8:12@16{?=II}20
0xbdd4a	{?=II}12@8:12@16
0xbdd5b	i16@8:12@16I20
0xbdd6a	v24@8:12*16I20{?=II}24
0xbdd81	v16@8:12*16I20
0xbdd90	@20@8:12^{?=I**iilii^{stream_functions}^v}16I20@24
0xbddc3	@16@8:12{?=II}16
0xbddd4	I12@8:12C19
0xbdde0	i12@8:12@16
0xbddf4	@16@8:12@16*20
0xbde03	@20@8:12^{?=I**iilii^{stream_functions}^v}16@20I24
0xbde36	@20@8:12@16{?=II}20
0xbde4a	r*12@8:12r*16
0xbde58	@20@8:12I16I20r*24
0xbde6b	@16@8:12^v16I20
0xbde7b	@16@8:12I16^v20
0xbde8b	^v12@8:12I16
0xbde98	c20@8:12^{?=ii}16r^^v20^@24
0xbdeb4	@12@8:12r^v16
0xbdec2	@16@8:12r^v16@20
0xbded8	freeMsgFlag
0xbdeea	connection
0xbdefc	machPort
0xbdf14	maxchars
0xbdf40	maxports
0xbdf58	maxoolds
0xbdf62	sequence
0xbdf72	dispatchMsg:
0xbdf80	checkInPort:withName:
0xbdf96	lookUpPortWithName:onHost:
0xbdfb2	newFromMachPort:dealloc:
0xbdfe0	finishDecoding
0xbdff0	startDecodingWithTimeout:
0xbe00a	startDecodingWithMsg:withConnection:
0xbe030	finishEncoding
0xbe040	finishEncodingAndStartDecoding:
0xbe060	startEncodingWithConnection:andSequenceNumber:
0xbe090	decodeObject
0xbe09e	encodeObjectBycopy:
0xbe0b2	encodeObject:
0xbe0c0	decodeVM:count:
0xbe0d0	encodeVM:count:dealloc:
0xbe0e8	encodeVM:count:
0xbe0f8	decodeMachPort:
0xbe108	encodeMachPort:
0xbe118	decodeBytes:count:
0xbe12c	encodeBytes:count:
0xbe140	decodeData:ofType:
0xbe154	encodeData:ofType:
0xbe168	sequenceNumber
0xbe180	goodMsgSize
0xbe18c	isRequestMsg
0xbe19a	setRequestMsg:
0xbe1aa	setPort:
0xbe1c0	initWithPort:
0xbe1ce	initWithMachPort:
0xbe1ea	allocFromZone:
0xbe1fa	encodeRemotelyFor:freeAfterEncoding:isBycopy:
0xbe228	encodeUsing:
0xbe242	respondsTo:
0xbe254	decodeUsing:
0xbe26a	outTimeout
0xbe276	inTimeout
0xbe280	disableExternal
0xbe290	enableExternal
0xbe2a0	newForInMachPort:andOutMachPort:fromZone:
0xbe2ca	inPortalBuffer
0xbe2da	handleRequestOnPortal:
0xbe2f2	getListOfProtocols:
0xbe312	super_class
0xbe32c	instance_size
0xbe34e	protocol_list
0xbe36e	refcount
0xbe378	knownSelectors
0xbe388	initialize
0xbe394	freeProxy
0xbe39e	invalidateProxy
0xbe3ae	forward::
0xbe3b8	methodSignature:fromZone:
0xbe3d2	setProtocolForProxy:
0xbe3e8	addReference
0xbe3f6	references
0xbe402	nameForProxy
0xbe410	connectionForProxy
0xbe424	conformsTo:
0xbe430	perform:with:
0xbe43e	perform:
0xbe448	delegate
0xbe452	inPortal
0xbe45c	inMachPort
0xbe468	outPortal
0xbe472	outMachPort
0xbe47e	rootObject
0xbe48a	msgcount
0xbe494	localProxies
0xbe4a2	remoteProxies
0xbe4b0	bufferClass
0xbe4c4	debug:showThread:verbose:
0xbe4de	removeObject:
0xbe4ec	connections:
0xbe500	defaultZone
0xbe50c	setDefaultZone:
0xbe51c	defaultOutTimeout
0xbe52e	setDefaultOutTimeout:
0xbe544	defaultInTimeout
0xbe556	setDefaultInTimeout:
0xbe56c	defaultTimeout
0xbe57c	setDefaultTimeout:
0xbe590	setDefaultBufferClass:
0xbe5a8	messagesReceived
0xbe5ba	unregisterForInvalidationNotification:
0xbe5e2	registerRoot:fromZone:
0xbe5fa	registerRoot:
0xbe608	registerRoot:withName:fromZone:
0xbe628	registerRoot:withName:
0xbe640	connectToPort:fromZone:
0xbe658	connectToPort:
0xbe668	connectToPort:withInPort:fromZone:
0xbe68c	connectToPort:withInPort:
0xbe6a6	connectToName:onHost:fromZone:
0xbe6c6	connectToName:fromZone:
0xbe6de	connectToName:onHost:
0xbe6f4	connectToName:
0xbe704	newForInPort:andOutPort:fromZone:
0xbe726	runInNewThread
0xbe736	runWithTimeout:
0xbe74a	finishEncodingAndGetReplyOnPortal:
0xbe76e	removeLocal:
0xbe77c	removeRemote:
0xbe78a	localObjects
0xbe798	remoteObjects
0xbe7a6	findLocal:forInPort:
0xbe7bc	getLocal:
0xbe7c6	getRemote:
0xbe7d2	newLocal:
0xbe7dc	newRemote:withProtocol:
0xbe7f4	insertProxy:
0xbe802	setRoot:
0xbe80c	setOutTimeout:
0xbe81c	setInTimeout:
0xbe832	outPortalBuffer
0xbe842	setDelegate:
0xbe850	senderIsInvalid:
0xbe862	invalidate
0xbe86e	copyWithOutPort:
0xbe892	sizeofParams
0xbe8a0	parmInfoP
0xbe8aa	fromDescription:fromZone:
0xbe8c4	decodeMethodRetFrom:withargs:atAddr:
0xbe8ea	methodReturnArea
0xbe8fc	isOneway
0xbe906	methodReturnType
0xbe918	encodeMethodRet:withargs:onto:
0xbe938	decodeMethodParamsFrom:
0xbe950	encodeMethodParams:onto:
0xbe978	descriptionForMethod:
0xbe98e	registerForInvalidationNotification:
0xbe9ba	connection:didConnect:
0xbe9d2	deallocate
0xbe9de	makeObjectsPerform:
0xbe9f2	addObject:
0xbe9fe	isEqual:
0xbea08	initCount:
0xbea14	objectAt:
0xbea1e	descriptionForInstanceMethod:
0xbea3c	addObjectIfAbsent:
0xbea64	copyFromZone:
0xbea72	initWithData:size:dealloc:
0xbea8e	initWithSize:
0xbeaa4	listGate
0xbeaae	funeralList
0xbeac0	makeObjectsPerform:with:
0xbeae0	unlockWith:
0xbeaec	lockWhen:
0xbeaf6	condition
0xbeb00	initWith:
0xbeb0a	lookUpPortWithName:
0xbeb1e	checkOutPortWithName:
0xbeb34	newFromMachPort:
0xbeb46	_enableCount
0xbeb54	_enableProc
0xbeb60	_enablePriority
0xbeb70	_expansion
0xbeb7c	worryAboutPortInvalidation
0xbeb98	enableProc
0xbeba4	setEnableProc:data:
0xbebb8	setEnableProc:
0xbebd6	protocol
0xbebe0	initWithObject:forProtocol:
0xbec04	startUnloading
0xbec14	_fixup:numElements:
0xbec2e	instanceMethodDescFor:
0xbec46	superClass
0xbec52	instanceMethodFor:
0xbec66	instancesRespondTo:
0xbec7a	setVersion:
0xbec86	superclass
0xbec9a	shouldNotImplement:
0xbecae	findClass:
0xbecba	methodDescFor:
0xbecca	isMemberOfGivenName:
0xbece0	isKindOfGivenName:
0xbecf4	performv::
0xbed00	methodArgSize:
0xbed1e	printForDebugger:
0xbed30	doesNotRecognize:
0xbed42	notImplemented:
0xbed52	subclassResponsibility:
0xbed6a	perform:with:with:
0xbed7e	methodFor:
0xbed8a	isMemberOfClassNamed:
0xbeda0	isKindOfClassNamed:
0xbedb4	isMemberOf:
0xbedc0	isKindOf:
0xbedd0	descriptionForClassMethod:
0xbedec	protocol_name
0xbedfa	instance_methods
0xbee0c	class_methods
0xbee22	valueDesc
0xbee2c	_nbBuckets
0xbee38	_buckets
0xbee42	newKeyDesc:
0xbee4e	newKeyDesc:valueDesc:
0xbee64	newKeyDesc:valueDesc:capacity:
0xbee84	_newBare:::
0xbee90	_debugPrint:
0xbee9e	nextState:key:value:
0xbeeb4	initState
0xbeebe	removeKey:
0xbeeca	insertKey:value:
0xbeedc	_insertKeyNoRehash:value:
0xbeef6	valueForKey:
0xbef12	freeKeys:values:
0xbef24	freeObjects
0xbef30	initKeyDesc:valueDesc:capacity:
0xbef50	initKeyDesc:
0xbef5e	initKeyDesc:valueDesc:
0xbef76	_initBare:::
0xbef84	valueForStringKey:
0xbefa0	numElements
0xbefac	maxElements
0xbefb8	newCount:
0xbefc2	appendList:
0xbefce	replaceObjectAt:with:
0xbefe4	replaceObject:with:
0xbeff8	removeLastObject
0xbf00a	removeObjectAt:
0xbf01a	insertObject:at:
0xbf02c	setAvailableCapacity:
0xbf042	lastObject
0xbf04e	indexOf:
0xbf058	capacity
0xbf062	_invalidateLprojCache
0xbf078	newFromPath:
0xbf086	forClass:
0xbf090	classForName:
0xbf09e	getClass:
0xbf0a8	getResourcePath:forName:type:
0xbf0c6	firstClass
0xbf0d2	codeLoaded
0xbf0de	bundlePath
0xbf0ea	initFromPath:
0xbf0fe	initForPath:
0xbf10c	_directory
0xbf118	_principalClass
0xbf128	_codeLoaded
0xbf134	_reserved1
0xbf140	_reserved2
0xbf14c	_reserved3
0xbf158	_bundleVersion
0xbf168	setSystemLanguages:
0xbf17c	getPath:forResource:ofType:inDirectory:withVersion:
0xbf1b0	setErrorStream:
0xbf1c0	bundleForClass:
0xbf1d0	mainBundle
0xbf1dc	getPath:forResource:ofType:
0xbf1f8	principalClass
0xbf208	classNamed:
0xbf214	ensureLoaded
0xbf222	directory
0xbf22c	initForDirectory:
0xbf23e	newFromFile:
0xbf252	_reserved
0xbf25c	intersectWith:
0xbf26c	unionWith:
0xbf280	removeRange::
0xbf28e	addRange::
0xbf29a	removeCharacters:length:
0xbf2b4	addCharacters:length:
0xbf2ca	characterIsMember:
0xbf2de	writeToStream:context:
0xbf2f6	initFromStream:context:
0xbf30e	initFromPath:context:
0xbf324	writeToPath:
0xbf332	writeToPath:safely:
0xbf346	writeToStream:
0xbf356	initFromStream:
0xbf36c	enumerate:key:value:
0xbf382	initEnumeration
0xbf39a	insert:value:
0xbf3b6	appendCharacters:length:
0xbf3d0	initFromCharactersNoCopy:length:freeWhenDone:
0xbf406	immutableCopy
0xbf414	getCString:
0xbf428	replaceWith:
0xbf436	initFromString:
0xbf446	initFromCharacters:length:
0xbf462	characterAt:
0xbf470	finishUnarchiving
0xbf482	_reallyFree
0xbf48e	initFromCharactersNoCopy:length:
0xbf4b0	deleteRange:
0xbf4be	insert:at:
0xbf4ca	replaceRange:with:
0xbf4de	immutableCopyFromZone:
0xbf4f6	mutableCopyFromZone:
0xbf50c	deleteCharactersInRange:
0xbf526	appendString:
0xbf534	insertString:at:
0xbf546	replaceCharactersInRange:withString:
0xbf574	copySubstring:fromZone:
0xbf58c	allocateCharacterBuffer:
0xbf5a6	_referenceString
0xbf5b8	actualString
0xbf5c6	findOneOf:range:mask:table:
0xbf5e2	findCharacter:range:mask:table:
0xbf602	findString:range:mask:table:
0xbf620	compare:mask:table:
0xbf634	getCString:maxLength:range:remainingRange:
0xbf660	getCharacters:range:
0xbf676	characters
0xbf68a	getCharacters:
0xbf69a	writeBytesToStream:
0xbf6ae	createCharacterBuffer:
0xbf6c6	findCharacter:range:mask:usingTable:
0xbf6ec	findCharacter:mask:
0xbf700	findCharacter:range:
0xbf716	findOneOf:range:mask:usingTable:
0xbf738	findOneOf:mask:
0xbf748	findOneOf:range:
0xbf75a	find:range:mask:usingTable:
0xbf776	find:mask:
0xbf782	find:range:
0xbf794	compare:mask:usingTable:
0xbf7ae	compare:mask:
0xbf7bc	getCString:length:range:
0xbf7d6	getCString:length:
0xbf7ea	getCString:range:
0xbf7fc	initFromByteStream:uptoLength:orUntilOneOf:
0xbf828	initFromStream:uptoLength:orUntilOneOf:
0xbf858	writeCStringToStream:
0xbf86e	mutableCopy
0xbf87a	copySubstring:
0xbf88a	findOneOf:
0xbf896	findCharacter:
0xbf8a6	findString:
0xbf8b2	compare:
0xbf8bc	uniqueCStringCopy
0xbf8ce	cStringCopy
0xbf8da	cStringLength
0xbf8e8	getCString:maxLength:
0xbf8fe	initFromCString:length:
0xbf916	initFromCString:
0xbf928	initFromFormat:withArgList:
0xbf944	initFromFormat:
0xbf954	initFromCStringStream:untilOneOf:maxLength:
0xbf980	initFromStream:untilOneOf:maxLength:
0xbf9a6	initFromString:range:
0xbf9bc	newFromStream:
0xbf9cc	writeToFile:
0xbf9da	readFromFile:
0xbf9e8	readFromStream:
0xbf9f8	newFromCharacters:length:
0xbfa12	newFromString:
0xbfa22	description
0xbfa2e	elementSize
0xbfa3a	newCount:elementSize:description:
0xbfa5c	removeElementAt:
0xbfa6e	removeAt:
0xbfa78	insertElement:at:
0xbfa8a	removeLastElement
0xbfa9c	addElement:
0xbfaa8	replaceElementAt:with:
0xbfac0	replace:at:
0xbfacc	elementAt:
0xbfad8	setNumSlots:
0xbfae6	initCount:elementSize:description:
0xbfb0a	nextStreamState:key:value:
0xbfb26	initStreamState
0xbfb36	removeStreamKey:
0xbfb48	insertStreamKey:value:
0xbfb60	valueForStreamKey:
0xbfb74	startArchiving:
0xf4a54	__NSGetArgc
0xf4a60	__NSGetArgv
0xf4a6c	__NSGetEnviron
0xf4a7b	_rld_get_current_header
0xf4a93	_rld_load_basefile
0xf4aa6	_rld_unload_all
0xf4ab6	_rld_unload
0xf4ac2	_rld_lookup
0xf4ace	_rld_load_from_memory
0xf4ae4	_rld_load
0xf4aee	_rld_forget_symbol
0xf4b01	_rld_address_func
0xf4b13	_moninitrld
0xf4b1f	_NXOpenFile
0xf4b2b	__NXStreamsDataPad
0xf4b3e	__NXStreamsUnused1
0xf4b51	__NXStreamsUnused2
0xf4b64	__NXUncaughtExceptionHandler
0xf4b81	_NXFlush
0xf4b8a	_NXChangeBuffer
0xf4ba2	_NXOpenPort
0xf4bae	_NXOpenMemory
0xf4bbc	_NXGetStreamOnSectionForBestArchitecture
0xf4be5	_NXOpenSmallMemory
0xf4bf8	_NXSaveToFile
0xf4c06	_NXMapFile
0xf4c11	_NXGetStreamOnSection
0xf4c27	_NXGetMemoryBuffer
0xf4c3a	_NXCloseMemory
0xf4c51	_NXPrintf
0xf4c5b	_NXScanf
0xf4c64	_NXUngetc
0xf4c6e	_NXClose
0xf4c7f	_NXVPrintf
0xf4c8a	_NXRegisterPrintfProc
0xf4ca0	_NXVScanf
0xf4caa	__NXStreamFlushBuffer
0xf4cc0	__NXVerifyStream
0xf4cd1	__NXStreamFillBuffer
0xf4ce6	__NXStreamChangeBuffer
0xf4cfd	_NXStreamCreateFromZone
0xf4d15	_NXStreamCreate
0xf4d25	_NXStreamDestroy
0xf4d36	_NXDefaultWrite
0xf4d46	_NXDefaultRead
0xf4df4	_signgam
0xf4e44	_copysign
0xf4e63	_dbExpand
0xf4e6d	_dbDelete
0xf4e77	_dbCompress
0xf4e83	__dbSwapOutLeaf
0xf4e93	_dbClose
0xf4e9c	__dbSplitLeaf
0xf4eaa	__dbSwapInLeaf
0xf4eb9	__dbRemoveRecord
0xf4eca	__dbPutRecord
0xf4ed8	__dbPackLeaf
0xf4eed	__dbSearchLeaf
0xf4efc	__dbHashKey
0xf4f08	__dbGetRecord
0xf4f16	__dbFreeLeaf
0xf4f23	_dbFirst
0xf4f2c	__dbFlushLeaf
0xf4f3a	__dbFlushDir
0xf4f47	__dbFindRecord
0xf4f56	__dbFetchLeaf
0xf4f64	__dbDoubleDir
0xf4f72	__dbCycleLeaf
0xf4f80	__dbCopyData
0xf4f8d	__dbCloseLeaf
0xf4f9b	_dbFetch
0xf4fa4	__dbFlushTable
0xf4fb3	_dbFlush
0xf4fcb	_dbSetCache
0xf4fd7	_dbSetKey
0xf4fe1	_dbStore
0xf4fea	__dbNewLeaf
0xf4ff6	__dbLeafDescriptor
0xf5009	_dbPrintKC
0xf5023	_StrData
0xf502c	_StrDatum
0xf5036	_dbError
0xf503f	_dbExists
0xf5049	_dbMaxLeafBuf
0xf5067	_dbErrors
0xf5071	_dbDirExtension
0xf5081	__db_data_pad
0xf508f	_dbFlags
0xf5098	_dbLeafSize
0xf50a4	_dbLeafExtension
0xf50b5	_dbSizeTable
0xf50c2	__dbstrbuf
0xf50cd	__dbLeafCount
0xf50e0	_dbErrorNo
0xf50fb	_dbCreate
0xf5105	__dbReadDir
0xf5111	_dbWaitLock
0xf511d	_dbUnlock
0xf5137	_dbPrint
0xf5140	_dbUnlink
0xf514a	_NXReadDefault
0xf5159	_NXWriteDefaults
0xf516a	_NXSetDefaultsUser
0xf517d	_NXRegisterDefaults
0xf5191	_NXGetTempFilename
0xf51a4	_NXGetDefaultValue
0xf51b7	_NXFilePathSearch
0xf51c9	__NXRegisterDefaultsNoCopy
0xf51e4	_NXRemoveDefault
0xf51f5	_NXUpdateDefaults
0xf5207	_NXWriteDefault
0xf5217	_NXUpdateDefault
0xf5228	_NXSetDefault
0xf5236	_getSizeOfandAdvance
0xf524b	.objc_class_name_NXPortPortal
0xf5269	_getSizeOf
0xf5274	.objc_category_name_List_Transport
0xf5297	.objc_class_name_NXConnection
0xf52b5	.objc_category_name_Object_isRemote
0xf52d9	.objc_class_name_NXMethodSignature
0xf52fc	.objc_class_name_NXProxy
0xf5315	.objc_category_name_Object_Object_NXMethodSignature
0xf5349	.objc_category_name_Object_Object_MakeRemote_Import
0xf537d	.objc_category_name_Object_GetListOfProtocols
0xf53ab	.objc_category_name_Protocol_Transport
0xf53d2	_enableInfo
0xf53de	_log_warning
0xf53eb	_log_error
0xf53f6	_log_info
0xf5400	_log_set_options
0xf5411	.objc_class_name_NXData
0xf5429	.objc_class_name_NXInvalidationNotifier
0xf5451	.objc_class_name_NXConditionLock
0xf5472	.objc_class_name_NXSpinLock
0xf548e	.objc_class_name_NXRecursiveLock
0xf54af	.objc_class_name_NXLock
0xf54c7	.objc_class_name_NXNetNameServer
0xf54e8	.objc_class_name_NXPort
0xf5500	.objc_class_name_NXProtocolChecker
0xf552b	__atexit
0xf5534	_bsearch
0xf5544	_difftime
0xf5561	_fgetpos
0xf556a	_fsetpos
0xf5579	_isalnum
0xf5582	_isalpha
0xf558b	_iscntrl
0xf5594	_isdigit
0xf559d	_isgraph
0xf55a6	_islower
0xf55af	_isprint
0xf55b8	_ispunct
0xf55c1	_isspace
0xf55ca	_isupper
0xf55d3	_isxdigit
0xf55e3	__NXGetAppName
0xf55f2	_localeconv
0xf55fe	__NXSetAppName
0xf5614	_mbstowcs
0xf5633	_setlocale
0xf563e	_setvbuf
0xf5647	_strcoll
0xf5650	_strerror
0xf566a	_strtoul
0xf5673	_tmpfile
0xf5684	_tolower
0xf568d	_toupper
0xf569e	_wcstombs
0xf56b0	__strftime_clear_cache
0xf56c7	_strftime
0xf56f7	_memmove
0xf5738	_memccpy
0xf5741	_strcatn
0xf5752	_strcmpn
0xf575b	_strcpyn
0xf5764	_strcspn
0xf576d	_strpbrk
0xf5776	_strrchr
0xf578f	_rstrtok
0xf57fe	_setexit
0xf5807	_cbc_crypt
0xf5812	_ecb_crypt
0xf581d	__des_crypt
0xf5829	_des_setparity
0xf5838	_NXWaitCursorFrameInterval
0xf5853	_NXSetKeyMapping
0xf5864	_NXSetClickTime
0xf5874	_NXSetClickSpace
0xf5885	_NXSetAutoDimThreshold
0xf589c	_NXSetAutoDimState
0xf58af	_NXSetAutoDimBrightness
0xf58c7	_NXResetMouse
0xf58d5	_NXScreenBrightness
0xf58e9	_NXResetKeyboard
0xf58fa	_NXOpenEventStatus
0xf590d	_NXMouseButtonEnabled
0xf5923	_NXWaitCursorSustain
0xf5938	_NXKeyRepeatThreshold
0xf594e	_NXKeyRepeatInterval
0xf5963	_NXSetWaitCursorFrameInterval
0xf5981	_NXSetKeyRepeatThreshold
0xf599a	_NXSetMouseScaling
0xf59ad	__NXPostLLEvent
0xf59bd	_NXGetKeyMapping
0xf59ce	_NXGetClickSpace
0xf59df	_NXEventSystemInfo
0xf59f2	_NXEvSetParameterInt
0xf5a07	_NXEvSetParameterChar
0xf5a1d	_NXEvGetParameterInt
0xf5a32	_NXEvGetParameterChar
0xf5a48	_NXEnableMouseButton
0xf5a5d	_NXCloseEventStatus
0xf5a71	_NXClickTime
0xf5a7e	_NXAutoDimTime
0xf5a8d	_NXAutoDimThreshold
0xf5aa1	_NXAutoDimState
0xf5ab1	_NXAutoDimBrightness
0xf5ac6	_NXWaitCursorThreshold
0xf5add	_NXSetWaitCursorSustain
0xf5af5	_NXSetScreenBrightness
0xf5b0c	_NXKeyMappingLength
0xf5b20	_NXSetWaitCursorThreshold
0xf5b3a	_NXIdleTime
0xf5b46	_NXSetKeyRepeatInterval
0xf5b5e	_NXGetMouseScaling
0xf5b71	__NXEvSetParameterChar
0xf5b88	__NXEvClose
0xf5b94	__NXEvFrameBufferDevicePort
0xf5bb0	__NXEvGetParameterChar
0xf5bc7	__NXEvGetParameterInt
0xf5bdd	__NXEvMapEventShmem
0xf5bf1	__NXEvOpen
0xf5bfc	__NXEvSetSpecialKeyPort
0xf5c14	__NXEvSetParameterInt
0xf5c38	__old_alias_endent
0xf5c4b	__old_alias_getbyname
0xf5c61	__old_alias_getent
0xf5c74	__old_alias_setent
0xf5c9a	_closedir
0xf5ca4	_encrypt
0xf5cbc	_asctime
0xf5cc5	_localtime
0xf5cef	__tzname
0xf5cf8	__ctype_
0xf5d01	_getdiskbydev
0xf5d0f	_getdiskbyname
0xf5d1e	_sys_errlist
0xf5d2b	_sys_nerr
0xf5d35	__sys_errlist_E2BIG
0xf5d49	__sys_errlist_ETOOMANYREFS
0xf5d64	__sys_errlist_ENOPROTOOPT
0xf5d7e	__sys_errlist_ENOMSG
0xf5d93	__sys_errlist_EXDEV
0xf5da7	__sys_errlist_EWOULDBLOCK
0xf5dc1	__sys_errlist_EUSERS
0xf5dd6	__sys_errlist_0
0xf5de6	__sys_errlist_ETXTBSY
0xf5dfc	__sys_errlist_EACCES
0xf5e11	__sys_errlist_EADDRINUSE
0xf5e2a	__sys_errlist_ETIMEDOUT
0xf5e42	__sys_errlist_ETIME
0xf5e56	__sys_errlist_ESTALE
0xf5e6b	__sys_errlist_EADDRNOTAVAIL
0xf5e87	__sys_errlist_ESRCH
0xf5e9b	__sys_errlist_EAFNOSUPPORT
0xf5eb6	__sys_errlist_EAGAIN
0xf5ecb	__sys_errlist_EALREADY
0xf5ee2	__sys_errlist_EBADARCH
0xf5ef9	__sys_errlist_EBADEXEC
0xf5f10	__sys_errlist_EBADF
0xf5f24	__sys_errlist_EBADMACHO
0xf5f3c	__sys_errlist_ESPIPE
0xf5f51	__sys_errlist_ESOCKTNOSUPPORT
0xf5f6f	__sys_errlist_ESHUTDOWN
0xf5f87	__sys_errlist_ESHLIBVERS
0xf5fa0	__sys_errlist_EBADMSG
0xf5fb6	__sys_errlist_EBUSY
0xf5fca	__sys_errlist_ECHILD
0xf5fdf	__sys_errlist_EROFS
0xf5ff3	__sys_errlist_EREMOTE
0xf6009	__sys_errlist_EREFUSED
0xf6020	__sys_errlist_ECONNABORTED
0xf603b	__sys_errlist_ECONNRESET
0xf6054	__sys_errlist_EDEADLK
0xf606a	__sys_errlist_EDESTADDRREQ
0xf6085	__sys_errlist_ERANGE
0xf609a	__sys_errlist_EPWROFF
0xf60b0	__sys_errlist_EDEVERR
0xf60c6	__sys_errlist_EDOM
0xf60d9	__sys_errlist_EDQUOT
0xf60ee	__sys_errlist_EPROTOTYPE
0xf6107	__sys_errlist_EPROTONOSUPPORT
0xf6125	__sys_errlist_EPROCLIM
0xf613c	__sys_errlist_EEXIST
0xf6151	__sys_errlist_EFAULT
0xf6166	__sys_errlist_EPIPE
0xf617a	__sys_errlist_EFBIG
0xf618e	__sys_errlist_EHOSTDOWN
0xf61a6	__sys_errlist_EHOSTUNREACH
0xf61c1	__sys_errlist_EIDRM
0xf61d5	__sys_errlist_EPFNOSUPPORT
0xf61f0	__sys_errlist_EPERM
0xf6204	__sys_errlist_EINPROGRESS
0xf621e	__sys_errlist_EINTR
0xf6232	__sys_errlist_EOPNOTSUPP
0xf624b	__sys_errlist_EINVAL
0xf6260	__sys_errlist_EIO
0xf6272	__sys_errlist_ENXIO
0xf6286	__sys_errlist_ENOTTY
0xf629b	__sys_errlist_ENOTSOCK
0xf62b2	__sys_errlist_ENOTEMPTY
0xf62ca	__sys_errlist_ENOTDIR
0xf62e0	__sys_errlist_ENOTCONN
0xf62f7	__sys_errlist_ENOTBLK
0xf630d	__sys_errlist_ENOSTR
0xf6322	__sys_errlist_ENOSR
0xf6336	__sys_errlist_ENOSPC
0xf634b	__sys_errlist_EISCONN
0xf6361	__sys_errlist_EISDIR
0xf6376	__sys_errlist_ENOMEM
0xf638b	__sys_errlist_ENOLCK
0xf63a0	__sys_errlist_ENOINIT
0xf63b6	__sys_errlist_ENOEXEC
0xf63cc	__sys_errlist_ENOENT
0xf63e1	__sys_errlist_ELOOP
0xf63f5	__sys_errlist_ENODEV
0xf640a	__sys_errlist_EMFILE
0xf641f	__sys_errlist_ENOBUFS
0xf6435	__sys_errlist_EMLINK
0xf644a	__sys_errlist_EMSGSIZE
0xf6461	__sys_errlist_ENFILE
0xf6476	__sys_errlist_ENAMETOOLONG
0xf6491	__sys_errlist_ENETDOWN
0xf64a8	__sys_errlist_ENETUNREACH
0xf64c2	__sys_errlist_ENETRESET
0xf64ea	_remexportent
0xf64f8	_setexportent
0xf6506	_getexportent
0xf6514	_getexportopt
0xf6522	_endexportent
0xf6530	_addexportent
0xf653e	_fgetpwent
0xf6550	_endfsent
0xf655a	_getfsfile
0xf6565	_getfsspec
0xf6570	_getfstype
0xf657b	_setfsent
0xf6585	_getfsent
0xf6597	__old_getgrent
0xf65a6	__old_getgrgid
0xf65b5	__old_getgrnam
0xf65c4	__old_setgrent
0xf65d3	__old_setgrfile
0xf65e3	_setgrjunk
0xf65ee	__old_endgrent
0xf65fd	__old_fgetgrent
0xf660d	_getlogin
0xf6617	_getpass
0xf6620	__old_getpwent
0xf662f	__old_getpwnam
0xf663e	__old_setpwent
0xf664d	__old_setpwfile
0xf665d	__old_getpwuid
0xf666c	__old_endpwent
0xf667b	_getttyent
0xf6686	_setttyent
0xf6691	_endttyent
0xf669c	_getttynam
0xf66a7	_getusershell
0xf66b5	_endusershell
0xf66c3	_setusershell
0xf66d8	_moncontrol
0xf66e4	_moninit
0xf66ed	_monaddition
0xf66fa	_monitor
0xf6703	_moncount
0xf670d	_monoutput
0xf6718	_monreset
0xf6722	_monstartup
0xf672e	_swap_hppa_frame_thread_state
0xf674c	_swap_hppa_integer_thread_state
0xf676c	_swap_i386_thread_fpstate
0xf6786	_swap_i386_thread_exceptstate
0xf67a4	_swap_i386_thread_state
0xf67bc	_swap_i386_thread_cthreadstate
0xf67db	__old_initgroups
0xf67ec	__isatty
0xf67f5	_swap_m68k_thread_state_regs
0xf6812	_swap_m68k_thread_state_user_reg
0xf6833	_swap_m68k_thread_state_68882
0xf6859	__NXCreateZone
0xf686e	__NXNameZone
0xf687b	__NXDefaultMallocZone
0xf6891	_realloc
0xf689a	__NXMallocDumpZones
0xf68b6	__NXZoneCalloc
0xf68c5	__malloc_good_size
0xf68d8	__malloc_debug
0xf68e7	__malloc_error
0xf68f6	__malloc_fork_prepare
0xf690c	__valloc
0xf6915	__NXAddRegion
0xf6923	__NXCreateChildZone
0xf6937	__NXMallocCheck
0xf6947	__NXMergeZone
0xf6955	__NXRemoveRegion
0xf6966	__NXZonePtrInfo
0xf6976	__NXMallocDumpFrees
0xf698a	__set_malloc_singlethreaded
0xf69a6	__malloc_fork_child
0xf69ba	__malloc_fork_parent
0xf69cf	__mstats
0xf69d8	__malloc_size
0xf69ee	__malloc_freezedry
0xf6a01	__NXZoneFromPtr
0xf6a11	__malloc_singlethreaded
0xf6a29	__malloc_jumpstart
0xf6a3c	_mkstemp
0xf6a4d	__old_getmntent
0xf6a5d	__old_endmntent
0xf6a6d	__old_setmntent
0xf6a7d	_hasmntopt
0xf6a88	__old_addmntent
0xf6a9e	_dbm_open
0xf6aa8	_dbm_fetch
0xf6ab3	_dbm_close
0xf6abe	_dbm_firstkey
0xf6acc	_dbm_forder
0xf6ad8	_dbm_delete
0xf6ae4	_dbm_store
0xf6aef	_dbm_nextkey
0xf6b03	_opendir
0xf6b23	_psignal
0xf6b33	_initstate
0xf6b46	_srandom
0xf6b4f	_setstate
0xf6b59	_readdir
0xf6b62	_realpath
0xf6b74	_backref
0xf6b7d	_re_compile
0xf6b89	_re_exec
0xf6b92	_re_match
0xf6b9c	_re_fold
0xf6ba5	_re_comp
0xf6bb5	_scandir
0xf6bbe	_alphasort
0xf6bc9	_seekdir
0xf6bd2	_setegid
0xf6bdb	_seteuid
0xf6bec	_setrgid
0xf6bf5	_setruid
0xf6c06	_siginterrupt
0xf6c14	_sys_siglist
0xf6c29	__signal_nobind
0xf6c39	__sys_siglist_SIGVTALRM
0xf6c51	__sys_siglist_SIGUSR2
0xf6c67	__sys_siglist_SIGXFSZ
0xf6c7d	__sys_siglist_SIGURG
0xf6c92	__sys_siglist_SIGTTOU
0xf6ca8	__sys_siglist_SIGWINCH
0xf6cbf	__sys_siglist_SIGTRAP
0xf6cd5	__sys_siglist_SIGTTIN
0xf6ceb	__sys_siglist_SIGTERM
0xf6d01	__sys_siglist_SIGSYS
0xf6d16	__sys_siglist_SIGBUS
0xf6d2b	__sys_siglist_SIGSTOP
0xf6d41	__sys_siglist_SIGSEGV
0xf6d57	__sys_siglist_SIGTSTP
0xf6d6d	__sys_siglist_SIGQUIT
0xf6d83	__sys_siglist_SIGXCPU
0xf6d99	__sys_siglist_SIGCHLD
0xf6daf	__sys_siglist_SIGEMT
0xf6dc4	__sys_siglist_SIGPROF
0xf6dda	__sys_siglist_SIGPIPE
0xf6df0	__sys_siglist_SIGLOST
0xf6e06	__sys_siglist_SIGKILL
0xf6e1c	__sys_siglist_SIGIOT
0xf6e31	__sys_siglist_SIGIO
0xf6e45	__sys_siglist_SIGINT
0xf6e5a	__sys_siglist_SIGILL
0xf6e6f	__sys_siglist_SIGHUP
0xf6e84	__sys_siglist_SIGALRM
0xf6e9a	__sys_siglist_SIGCONT
0xf6eb0	__sys_siglist_SIGFPE
0xf6ec5	__sys_siglist_0
0xf6ed5	__sys_siglist_SIGUSR1
0xf6ef2	_strcasecmp
0xf6efe	_strncasecmp
0xf6f11	_closelog
0xf6f23	_openlog
0xf6f2c	_vsyslog
0xf6f35	_setlogmask
0xf6f49	_telldir
0xf6f60	__timezone
0xf6f6b	_ttyname
0xf6f74	_ttyslot
0xf6fbe	_moninitshlibs
0xf6fcd	__longjmperror
0xf700c	_mcount_hack
0xf703e	_longjmp
0xf7067	_strncat
0xf7070	_strncmp
0xf7079	_strncpy
0xf7082	__dbltopdfp
0xf708e	__pdfptodbl
0xf709a	__longjmp
0xf70a4	__setjmp
0xf70ad	_inet_addr
0xf70b8	_inet_aton
0xf70c3	_inet_lnaof
0xf70cf	_inet_makeaddr
0xf70de	_inet_netof
0xf70ea	_inet_network
0xf70f8	_inet_ntoa
0xf7103	__adddi3
0xf710c	__anddi3
0xf711c	__iordi3
0xf7125	__NX_CTypeTable_
0xf7136	__NX_ULTable_
0xf7144	_NXIsAlNum
0xf714f	_NXIsAlpha
0xf715a	_NXIsAscii
0xf7165	_NXIsCntrl
0xf7170	_NXIsDigit
0xf717b	_NXIsGraph
0xf7186	_NXIsLower
0xf7191	_NXIsPrint
0xf719c	_NXIsPunct
0xf71a7	_NXIsSpace
0xf71b2	_NXIsUpper
0xf71bd	_NXIsXDigit
0xf71c9	_NXToAscii
0xf71d4	_NXToLower
0xf71df	_NXToUpper
0xf71ea	__one_cmpldi2
0xf71f8	__subdi3
0xf7201	__xordi3
0xf720a	__NXToLower
0xf7216	__NXToUpper
0xf7222	_bootstrap_get_unpriv_port
0xf723d	_mach_exception_string
0xf7254	_mach_NeXT_exception_string
0xf7270	_mach_NeXT_exception
0xf7285	_mach_exception
0xf7295	_catch_exception_raise
0xf72ac	__bootstrap_port
0xf72bd	__old_mach_init_ports_count
0xf72d9	__old_mach_init_ports
0xf72ef	__task_self_
0xf72fc	__vm_page_size
0xf730b	__mach_data_padding
0xf731f	__xxx_environment_port
0xf7336	__name_server_port
0xf7349	__mach_init_routine
0xf735d	__xxx_PORT_ENABLED
0xf7370	__mach_error_string
0xf7384	__mach_error
0xf7391	__mach_errormsg
0xf73a1	__mach_init
0xf73ad	__fork_mach_init
0xf73be	_mach_msg
0xf73c8	_mach_msg_receive
0xf73da	_mach_msg_send
0xf73e9	_mig_allocate
0xf73f7	_mig_deallocate
0xf7407	_mig_reply_setup
0xf7418	_mig_strncpy
0xf7425	__msg_receive
0xf7433	__msg_rpc
0xf743d	__msg_send
0xf7453	_slot_name
0xf745e	__task_self
0xf746a	__mach_msg_trap
0xf747a	__mach_task_self
0xf748b	__host_self
0xf7497	__host_priv_self
0xf74a8	__thread_self
0xf74be	__msg_receive_trap
0xf74d1	__msg_rpc_trap
0xf74e0	__msg_send_trap
0xf74f0	__thread_reply
0xf74ff	__task_notify
0xf750d	__task_by_pid
0xf751b	__event_port_by_tag
0xf752f	__lookupd_port
0xf753e	__map_fd
0xf7547	__thread_switch
0xf7557	__device_master_self
0xf756c	__swtch_pri
0xf7578	__init_process
0xf7587	__kern_timestamp
0xf7598	__mach_thread_self
0xf75ab	__mach_reply_port
0xf75bd	__mach_host_self
0xf75ce	__mach_swapon
0xf75dc	__bootstrap_look_up
0xf75f0	__bootstrap_check_in
0xf7605	__bootstrap_status
0xf7618	__bootstrap_create_service
0xf7633	__bootstrap_look_up_array
0xf764d	__bootstrap_subset
0xf7660	__bootstrap_info
0xf7671	__bootstrap_register
0xf7686	_exception_raise
0xf7697	_exc_server
0xf76a3	__port_deallocate
0xf76b5	__thread_suspend
0xf76c6	__thread_terminate
0xf76d9	__task_threads
0xf76e8	__task_terminate
0xf76f9	__task_suspend
0xf7708	__vm_copy
0xf7712	__task_resume
0xf7720	__task_get_special_port
0xf7738	__thread_set_state
0xf774b	__unix_pid
0xf7756	__thread_set_special_port
0xf7770	__vm_allocate
0xf777e	__vm_deallocate
0xf778e	__vm_protect
0xf779b	__thread_resume
0xf77ab	__port_allocate
0xf77bb	__vm_deactivate
0xf77cb	__vm_inherit
0xf77d8	__vm_machine_attribute
0xf77ef	__vm_read
0xf77f9	__vm_region
0xf7805	__port_set_backlog
0xf7818	__thread_get_state
0xf782b	__thread_get_special_port
0xf7845	__task_info
0xf7851	__thread_create
0xf7861	__vm_set_policy
0xf7871	__task_set_special_port
0xf7889	__vm_statistics
0xf7899	__thread_abort
0xf78a8	__netipc_ignore
0xf78b8	__netipc_listen
0xf78c8	__port_extract_receive
0xf78df	__port_extract_send
0xf78f3	__port_insert_receive
0xf7909	__port_insert_send
0xf791c	__port_names
0xf7929	__port_rename
0xf7937	__port_set_add
0xf7946	__port_set_allocate
0xf795a	__port_set_backup
0xf796c	__vm_synchronize
0xf797d	__port_set_deallocate
0xf7993	__port_set_remove
0xf79a5	__task_create
0xf79b3	__vm_write
0xf79be	__task_by_unix_pid
0xf79d1	__xxx_cpu_control
0xf79e3	__port_type
0xf79ef	__port_status
0xf79fd	__port_set_status
0xf7a0f	__xxx_host_info
0xf7a1f	__xxx_slot_info
0xf7a2f	__thread_info
0xf7a3d	_host_info
0xf7a48	_processor_set_threads
0xf7a5f	_processor_set_max_priority
0xf7a7b	_thread_depress_abort
0xf7a91	_thread_get_assignment
0xf7aa8	_processor_set_default
0xf7abf	_host_adjust_time
0xf7ad1	_host_get_time
0xf7ae0	_host_kernel_version
0xf7af5	_host_processor_set_priv
0xf7b0e	_host_processor_sets
0xf7b23	_host_processors
0xf7b34	_host_set_time
0xf7b43	_processor_assign
0xf7b55	_processor_control
0xf7b68	_processor_exit
0xf7b78	_processor_get_assignment
0xf7b92	_processor_info
0xf7ba2	_thread_priority
0xf7bb3	_thread_policy
0xf7bc2	_processor_set_create
0xf7bd8	_processor_set_destroy
0xf7bef	_task_assign_default
0xf7c04	_processor_set_info
0xf7c18	_task_get_assignment
0xf7c2d	_processor_set_policy_disable
0xf7c4b	_processor_set_policy_enable
0xf7c68	_processor_set_tasks
0xf7c7d	_processor_start
0xf7c8e	_task_assign
0xf7c9b	_task_priority
0xf7caa	_thread_assign_default
0xf7cc1	_thread_assign
0xf7cd0	_thread_max_priority
0xf7ce5	_netname_check_out
0xf7cf8	_netname_look_up
0xf7d09	_netname_check_in
0xf7d1b	_netname_version
0xf7d2c	_NXGetLocalArchInfo
0xf7d40	_NXFindBestFatArch
0xf7d53	_NXGetArchInfoFromName
0xf7d6a	_NXCombineCpuSubtypes
0xf7d80	_NXGetAllArchInfos
0xf7d93	_NXGetArchInfoFromCpuType
0xf7dad	_getmachheaders
0xf7dbd	_getsectbynamefromheader
0xf7dd6	_getsectdatafromheader
0xf7ded	_getsectbynamefromheaderwithswap
0xf7e0e	_getsectdata
0xf7e1b	_getsectdatafromlib
0xf7e2f	_getsectbyname
0xf7e3e	_getsegbyname
0xf7e4c	_get_etext
0xf7e57	_get_end
0xf7e60	_get_edata
0xf7e6b	_swap_ident_command
0xf7e7f	_swap_fvmlib_command
0xf7e94	_swap_symseg_command
0xf7ea9	_swap_fat_header
0xf7eba	_swap_fat_arch
0xf7ec9	_swap_load_command
0xf7edc	_swap_relocation_info
0xf7ef2	_swap_ranlib
0xf7eff	_swap_segment_command
0xf7f15	_swap_section
0xf7f23	_swap_symtab_command
0xf7f38	_swap_thread_command
0xf7f4d	_swap_nlist
0xf7f59	_swap_fvmfile_command
0xf7f6f	_swap_mach_header
0xf7f81	_ether_hostton
0xf7f90	_ether_line
0xf7f9c	_ether_ntoa
0xf7fa8	_ether_ntohost
0xf7fb7	_ether_aton
0xf7fc3	__old_endnetent
0xf7fd3	__old_getnetbyaddr
0xf7fe6	__old_getnetbyname
0xf7ff9	__old_getnetent
0xf8009	__old_setnetent
0xf8019	__nettoa
0xf8022	__old_endnetgrent
0xf8034	__old_setnetgrent
0xf8046	__old_getnetgrent
0xf8058	__old_endprotoent
0xf806a	__old_getprotobynumber
0xf8081	__old_getprotoent
0xf8093	__old_setprotoent
0xf80a5	__old_getprotobyname
0xf80ba	_getrpcport
0xf80c6	__old_endservent
0xf80d7	__old_getservbyport
0xf80eb	__old_getservent
0xf80fc	__old_setservent
0xf810d	__old_getservbyname
0xf8121	__old_innetgr
0xf812f	__validuser
0xf8141	_rresvport
0xf814c	_ruserok
0xf8155	__checkhost
0xf8168	_mkpwclear
0xf8173	_ruserpass
0xf817e	_mkpwunclear
0xf818b	___putlong
0xf8196	___putshort
0xf81a2	__getlong
0xf81ac	__getshort
0xf81b7	_dn_comp
0xf81c0	_dn_expand
0xf81cb	___dn_skipname
0xf81da	___p_type
0xf81e4	___p_cdnname
0xf81f1	___p_class
0xf81fc	___p_fqname
0xf8208	___p_option
0xf8214	___p_query
0xf8227	___p_time
0xf8231	__res_opcodes
0xf823f	__res_resultcodes
0xf8251	___fp_nquery
0xf825e	___p_cdname
0xf826a	___fp_resstat
0xf8278	___fp_query
0xf8284	_res_init
0xf828e	__res_running
0xf829c	_res_mkquery
0xf82a9	_res_search
0xf82b5	_res_query
0xf82c0	___hostalias
0xf82cd	_res_querydomain
0xf82de	_res_send
0xf82e8	___res_isourserver
0xf82fb	___res_nameinquery
0xf830e	___res_queriesmatch
0xf8322	__res_close
0xf832e	_res_send_setqhook
0xf8341	_res_send_setrhook
0xf8354	__net_stayopen
0xf8385	__res_gethostbyname
0xf8399	__res_gethostbyaddr
0xf83ad	__res_getnetbyaddr
0xf83c0	__res_getnetbyname
0xf83d3	_hstrerror
0xf83de	_h_errlist
0xf83f9	_inet_nsap_addr
0xf8409	_inet_nsap_ntoa
0xf8419	__old_gethostbyname
0xf842d	__old_gethostbyaddr
0xf8441	__old_sethostent
0xf8452	__old_gethostent
0xf8463	__old_sethostfile
0xf8475	__old_endhostent
0xf8486	_alias_getent
0xf8494	_alias_setent
0xf84a2	_alias_endent
0xf84b0	_alias_getbyname
0xf84c1	_bootp_getbyether
0xf84d3	_bootp_getbyip
0xf84e2	_bootparams_getbyname
0xf84f8	_endgrent
0xf8502	_setgrfile
0xf850d	_getgrnam
0xf8517	_initgroups
0xf8523	_getgrgid
0xf852d	_getgrent
0xf8537	_setgrent
0xf8541	_endhostent
0xf854d	_gethostbyaddr
0xf855c	_gethostent
0xf8568	_sethostfile
0xf8575	_sethostent
0xf8581	_gethostbyname
0xf8590	_endmntent
0xf859b	_addmntent
0xf85a6	_setmntent
0xf85b1	_getmntent
0xf85bc	_endnetent
0xf85c7	_getnetbyaddr
0xf85d5	_getnetent
0xf85e0	_getnetbyname
0xf85ee	_setnetent
0xf85f9	_innetgr
0xf8602	_setnetgrent
0xf860f	_getnetgrent
0xf861c	__set_innetgr_handler
0xf8632	_lu_getnetgrent
0xf8642	_endnetgrent
0xf864f	_endprotoent
0xf865c	_setprotoent
0xf8669	_getprotobyname
0xf8679	_getprotoent
0xf8686	_getprotobynumber
0xf8698	_prdb_getbyname
0xf86a8	_prdb_end
0xf86b2	_prdb_set
0xf86bc	_prdb_get
0xf86c6	_setpwfile
0xf86d1	_getpwnam
0xf86db	_getpwuid
0xf86e5	_endpwent
0xf86ef	_getpwent
0xf86f9	_setpwent
0xf8703	_endrpcent
0xf870e	_getrpcbyname
0xf871c	_setrpcent
0xf8727	_getrpcbynumber
0xf8737	_getrpcent
0xf8742	_getservent
0xf874e	_getservbyport
0xf875d	_setservent
0xf8769	_getservbyname
0xf8778	_endservent
0xf8784	__lu_port
0xf878e	__lu_setport
0xf879b	__lu_running
0xf87a8	__lu_fork_child
0xf87b8	_h_errno
0xf87c1	_ni_error
0xf87cb	_ni_writeprop
0xf87d9	_ni_resync
0xf87e4	_ni_root
0xf87ed	_ni_self
0xf87f6	_ni_setpassword
0xf8806	_ni_setuser
0xf8812	_ni_setwritetimeout
0xf8826	_ni_statistics
0xf8835	_ni_write
0xf883f	_ni_writename
0xf884d	_ni_createprop
0xf8864	_ni_free
0xf886d	_ni_renameprop
0xf887c	__ni_dup
0xf8885	_ni_addrtag
0xf8891	_ni_children
0xf889e	_ni_connect
0xf88aa	_ni_create
0xf88b5	_ni_readprop
0xf88c2	_ni_readname
0xf88cf	_ni_read
0xf88d8	_ni_parent
0xf88e3	_ni_createname
0xf88f2	_ni_listall
0xf88fe	_ni_setabort
0xf890b	_ni_needwrite
0xf8919	_ni_lookupread
0xf8928	_ni_lookup
0xf8933	_ni_listprops
0xf8941	_ni_setreadtimeout
0xf8954	_ni_list
0xf895d	_ni_destroy
0xf8969	_ni_destroyprop
0xf8979	_ni_destroyname
0xf8989	_ni_pwdomain
0xf8996	_ni_fancyopen
0xf89a4	_ni_open
0xf89ad	_ni_pathsearch
0xf89bc	_ni_entrylist_free
0xf89cf	_ni_proplist_list_free
0xf89e6	_ni_idlist_free
0xf89f6	_ni_namelist_insert
0xf8a0a	_ni_namelist_match
0xf8a1d	_ni_namelist_delete
0xf8a31	_ni_namelist_dup
0xf8a42	_ni_prop_free
0xf8a50	_ni_name_dup
0xf8a5d	_ni_prop_dup
0xf8a6a	_ni_proplist_delete
0xf8a7e	_ni_proplist_dup
0xf8a8f	_ni_proplist_match
0xf8aa2	_ni_proplist_free
0xf8ab4	_ni_idlist_insert
0xf8ac6	_ni_proplist_insert
0xf8ada	_ni_name_free
0xf8ae8	_ni_entrylist_insert
0xf8afd	_ni_entrylist_delete
0xf8b12	_ni_namelist_free
0xf8b24	_ni_lookupprop
0xf8b33	_ni_name_match
0xf8b42	_ni_idlist_delete
0xf8b54	_ni_idlist_dup
0xf8b63	__old_prdb_set
0xf8b72	__old_prdb_end
0xf8b81	__old_prdb_getbyname
0xf8b96	__old_prdb_get
0xf8ba5	_putpwpasswd
0xf8bb2	__ni_parent_2
0xf8bc0	__ni_resync_2
0xf8bce	__ni_writename_2
0xf8bdf	__ni_renameprop_2
0xf8bf1	__ni_read_2
0xf8bfd	__ni_rparent_2
0xf8c0c	__ni_readname_2
0xf8c1c	__ni_self_2
0xf8c28	__ni_statistics_2
0xf8c3a	__ni_root_2
0xf8c46	__ni_crashed_2
0xf8c55	__ni_readprop_2
0xf8c65	__ni_bind_2
0xf8c71	__ni_writeprop_2
0xf8c82	__ni_ping_2
0xf8c8e	__ni_readall_2
0xf8c9d	__ni_write_2
0xf8caa	__ni_list_2
0xf8cb6	__ni_create_2
0xf8cc4	__ni_children_2
0xf8cd4	__ni_lookupread_2
0xf8ce6	__ni_lookup_2
0xf8cf4	__ni_createname_2
0xf8d06	__ni_listprops_2
0xf8d17	__ni_listall_2
0xf8d26	__ni_createprop_2
0xf8d38	__ni_destroyprop_2
0xf8d4b	__ni_destroyname_2
0xf8d5e	__ni_destroy_2
0xf8d6d	_xdr_ni_object
0xf8d7c	_xdr_ni_namelist_stuff
0xf8d93	_xdr_ni_namelist
0xf8da4	_xdr_ni_lookup_stuff
0xf8db9	_xdr_ni_property
0xf8dca	_xdr_ni_parent_stuff
0xf8ddf	_xdr_ni_object_node
0xf8df3	_xdr_ni_list_stuff
0xf8e06	_xdr_ni_idlist
0xf8e15	_xdr_ni_entrylist
0xf8e27	_xdr_ni_entry
0xf8e35	_xdr_ni_create_stuff
0xf8e4a	_xdr_ni_children_stuff
0xf8e61	_xdr_ni_writeprop_args
0xf8e78	_xdr_ni_writename_args
0xf8e8f	_xdr_ni_status
0xf8e9e	_xdr_ni_object_list
0xf8eb2	_xdr_ni_listall_stuff
0xf8ec8	_xdr_ni_propname_args
0xf8ede	_xdr_ni_readname_res
0xf8ef3	_xdr_ni_proplist_res
0xf8f08	_xdr_ni_proplist
0xf8f19	_xdr_ni_prop_args
0xf8f2b	_xdr_ni_parent_res
0xf8f3e	_xdr_ni_namelist_res
0xf8f53	_xdr_ni_nameindex_args
0xf8f6a	_xdr_ni_name_args
0xf8f7c	_xdr_ni_name
0xf8f89	_xdr_ni_rparent_res
0xf8f9d	_xdr_ni_lookup_res
0xf8fb0	_xdr_ni_lookup_args
0xf8fc4	_xdr_ni_listall_res
0xf8fd8	_xdr_ni_list_res
0xf8fe9	_xdr_ni_id_res
0xf8ff8	_xdr_ni_id
0xf9003	_xdr_ni_destroy_args
0xf9018	_xdr_ni_createprop_args
0xf9030	_xdr_ni_createname_args
0xf9048	_xdr_ni_create_res
0xf905b	_xdr_ni_create_args
0xf906f	_xdr_ni_children_res
0xf9084	_xdr_ni_binding
0xf9094	_xdr_ni_proplist_list
0xf90aa	_xdr_ni_readall_res
0xf90be	_xdr_ni_readall_stuff
0xf90d4	_xdr_ni_proplist_stuff
0xf90eb	_xdr_ni_readname_stuff
0xf9102	_xdr_nibind_clone_args
0xf9119	_xdr_nibind_listreg_res
0xf9131	_xdr_nibind_registration
0xf914a	_xdr_nibind_bind_args
0xf9160	_xdr_nibind_addrinfo
0xf9175	_xdr_nibind_getregister_res
0xf9191	_xdr__lu_hostent_ptr
0xf91a6	_xdr__lu_group
0xf91b5	_xdr__lu_group_ptr
0xf91c8	_xdr__lu_mntent
0xf91d8	_xdr__lu_bootp_ent_ptr
0xf91ef	_xdr__lu_hostent
0xf9200	_xdr__lu_bootparams_ent_ptr
0xf921c	_xdr__lu_netent
0xf922c	_xdr__lu_netent_ptr
0xf9240	_xdr__lu_protoent
0xf9252	_xdr__lu_string
0xf9262	_xdr__lu_innetgr_args
0xf9278	_xdr__lu_netgrent
0xf928a	_xdr__lu_aliasent_ptr
0xf92a0	_xdr__lu_aliasent
0xf92b2	_xdr__lu_prdb_property
0xf92c9	_xdr__lu_servent_ptr
0xf92de	_xdr__lu_mntent_ptr
0xf92f2	_xdr__lu_rpcent
0xf9302	_xdr__lu_protoent_ptr
0xf9318	_xdr__lu_rpcent_ptr
0xf932c	_xdr__lu_bootp_ent
0xf933f	_xdr__lu_bootparams_ent
0xf9357	_xdr__lu_servent
0xf9368	_xdr__lu_passwd
0xf9378	_xdr__lu_passwd_ptr
0xf938c	_xdr__lu_prdb_ent_ptr
0xf93a2	_xdr__lu_prdb_ent
0xf93b4	__lookup_ooall
0xf93c3	__lookup_one
0xf93d0	__lookup_link
0xf93de	__lookup_all
0xf93eb	_authnone_create
0xf93fc	_authunix_create_default
0xf9415	_authunix_create
0xf9426	_xdr_authunix_parms
0xf943a	_bindresvport
0xf9448	_clnt_create
0xf9455	_clnt_sperrno
0xf9463	_clnt_sperror
0xf9471	_clnt_perror
0xf947e	_clnt_syslog
0xf948b	_clnt_spcreateerror
0xf949f	_clnt_perrno
0xf94ac	_clnt_pcreateerror
0xf94bf	_clntraw_create
0xf94cf	_callrpc
0xf94d8	_clnttcp_create
0xf94e8	_clntudp_create
0xf94f8	_clntudp_bufcreate
0xf950b	__rpc_dtablesize
0xf951c	_get_myaddress
0xf952b	__old_setrpcent
0xf953b	__old_getrpcbynumber
0xf9550	__old_getrpcent
0xf9560	__old_endrpcent
0xf9570	__old_getrpcbyname
0xf9583	_key_gendes
0xf958f	_key_decryptsession
0xf95a3	_key_encryptsession
0xf95b7	_key_setsecret
0xf95c6	_xdr_unixcred
0xf95d4	_xdr_cryptkeyarg
0xf95e5	_xdr_netnamestr
0xf95f5	_xdr_keybuf
0xf9601	_xdr_keystatus
0xf9610	_xdr_cryptkeyres
0xf9621	_xdr_getcredres
0xf9631	_multi_call
0xf963d	_host2netname
0xf964b	_netname2user
0xf9659	_getnetname
0xf9665	_netname2host
0xf9673	_user2netname
0xf9681	__openchild
0xf968d	_pmap_set
0xf9697	_pmap_unset
0xf96a3	_pmap_getmaps
0xf96b1	_pmap_getport
0xf96bf	_xdr_pmap
0xf96c9	_xdr_pmaplist
0xf96d7	_xdr_rmtcallres
0xf96e7	_pmap_rmtcall
0xf96f5	_xdr_rmtcall_args
0xf9707	_clnt_broadcast_exp
0xf971b	_clnt_broadcast
0xf972b	_xdr_des_block
0xf973a	_xdr_rejected_reply
0xf974e	__seterr_reply
0xf975d	_xdr_replymsg
0xf976b	_xdr_callhdr
0xf9778	_xdr_accepted_reply
0xf978c	_xdr_opaque_auth
0xf979d	__rpc_comdata_padding
0xf97b3	__null_auth
0xf97bf	_svc_fdset
0xf97ca	_rpc_createerr
0xf97d9	_xdr_callmsg
0xf97e6	_svc_getreq
0xf97f2	_svc_sendreply
0xf9801	_svcerr_auth
0xf980e	_svcerr_decode
0xf981d	_svc_unregister
0xf982d	_svcerr_noproc
0xf983c	_svcerr_noprog
0xf984b	_svc_register
0xf9859	_svc_getreqset
0xf9868	_xprt_unregister
0xf9879	_xprt_register
0xf9888	_svcerr_weakauth
0xf9899	_svcerr_systemerr
0xf98ab	_svcerr_progvers
0xf98bc	__svcauth_null
0xf98cb	__authenticate
0xf98da	__svcauth_short
0xf98ea	__svcauth_unix
0xf98f9	_svcraw_create
0xf9908	_svc_run
0xf9911	_registerrpc
0xf991e	_svcfd_create
0xf992c	_svctcp_create
0xf993b	_svcudp_create
0xf994a	_svcudp_enablecache
0xf995e	_svcudp_bufcreate
0xf9970	_authdes_getucred
0xf9982	__svcauth_des
0xf9990	_xdr_union
0xf999b	_xdr_bytes
0xf99a6	_xdr_opaque
0xf99b2	_xdr_int
0xf99bb	_xdr_free
0xf99c5	_xdr_u_short
0xf99d2	_xdr_bool
0xf99dc	_xdr_u_long
0xf99e8	_xdr_wrapstring
0xf99f8	_xdr_u_char
0xf9a04	_xdr_short
0xf9a0f	_xdr_netobj
0xf9a1b	_xdr_long
0xf9a25	_xdr_string
0xf9a31	_xdr_enum
0xf9a3b	_xdr_char
0xf9a45	_xdr_void
0xf9a4f	_xdr_u_int
0xf9a5a	_xdr_array
0xf9a65	_xdr_vector
0xf9a71	_xdr_double
0xf9a7d	_xdr_float
0xf9a88	_xdrmem_create
0xf9a97	_xdrrec_create
0xf9aa6	_xdrrec_skiprecord
0xf9ab9	_xdrrec_endofrecord
0xf9acd	_xdrrec_eof
0xf9ad9	_xdr_reference
0xf9ae8	_xdr_pointer
0xf9af5	_xdrstdio_create
0xf9b06	_bsd_sprintf
0xf9b13	_bsd_vsprintf
0xf9b21	_clearerr
0xf9b2b	__doscan
0xf9b50	__filbuf
0xf9b59	__f_prealloc
0xf9b66	__cleanup
0xf9b78	__f_morefiles
0xf9b86	__findiop
0xf9b90	__flsbuf
0xf9bb0	_fprintf
0xf9bce	_freopen
0xf9bed	_getchar
0xf9c10	_putchar
0xf9c4c	_setbuffer
0xf9c57	_setlinebuf
0xf9c63	_sprintf
0xf9c6c	__strout
0xf9c7d	_vfprintf
0xf9c87	_vprintf
0xf9c90	_vsprintf
0xf9ca1	__doprnt
0xf9cc0	__gettimeofday
0xf9ccf	__sigcatch
0xf9cda	__sigvec
0xf9ce3	__sigvec_nobind
0xf9cfb	__access
0xf9d0a	_add_profil
0xf9d16	_adjtime
0xf9d1f	_async_daemon
0xf9d5f	_connect
0xf9d8a	__execve
0xf9d93	_exportfs
0xf9dd2	_fstatfs
0xf9de2	_ftruncate
0xf9ded	_getdents
0xf9df7	_getdirentries
0xf9e06	_getdomainname
0xf9e15	__getdtablesize
0xf9e25	_getegid
0xf9e2e	_geteuid
0xf9e46	_getgroups
0xf9e51	_gethostid
0xf9e5c	_gethostname
0xf9e69	_getitimer
0xf9e74	_getpagesize
0xf9e81	_getpeername
0xf9e8e	_getpgrp
0xf9e97	__getpid
0xf9ea0	_getppid
0xf9ea9	_getpriority
0xf9eb6	__getrlimit
0xf9ec2	__getrusage
0xf9ece	_getsockname
0xf9edb	_getsockopt
0xf9f6a	_quotactl
0xf9f7b	_readlink
0xf9f9a	_recvfrom
0xf9fa4	_recvmsg
0xf9fd2	_sendmsg
0xf9fe3	_setdomainname
0xf9ff2	_setgroups
0xf9ffd	_sethostid
0xfa008	_sethostname
0xfa015	_setitimer
0xfa020	_setpgrp
0xfa029	_setpriority
0xfa036	_setprivexec
0xfa043	_setquota
0xfa04d	_setregid
0xfa057	_setreuid
0xfa061	_setrlimit
0xfa06c	_setsockopt
0xfa078	_settimeofday
0xfa086	_shutdown
0xfa090	__sigblock
0xfa09b	_sigpause
0xfa0a5	_sigreturn
0xfa0b0	__sigsetmask
0xfa0bd	__sigstack
0xfa0c8	__sigtramp
0xfa0db	_socketpair
0xfa0fd	_symlink
0xfa10c	__syscall
0xfa11d	_truncate
0xfa136	_unmount
0xfa14e	_vhangup
0xfa174	__writev
0xfa184	__cthread_set_errno_self
0xfa19d	__cproc_fork_child
0xfa1b0	__cproc_init
0xfa1bd	__cond_broadcast
0xfa1ce	__cond_signal
0xfa1dc	__cthread_errno
0xfa1ec	__cthread_yield
0xfa1fc	__condition_wait
0xfa20d	__cproc_create
0xfa21c	__cthread_limit
0xfa22c	__set_cthread_free_callout
0xfa247	__cthread_join
0xfa256	__cthread_body
0xfa265	__cthread_init
0xfa274	__cthread_count
0xfa284	__cthread_detach
0xfa295	__cthread_fork_prepare
0xfa2ac	__cthread_name
0xfa2bb	__cthread_fork_child
0xfa2d0	__cthread_fork_parent
0xfa2e6	__cthread_set_name
0xfa2f9	__cthread_fork
0xfa308	__cthread_set_limit
0xfa31c	__cthread_exit
0xfa32b	__mutex_wait_lock
0xfa33d	__mig_init
0xfa348	__mig_dealloc_reply_port
0xfa361	__mig_get_reply_port
0xfa376	__mig_fork_child
0xfa387	_cthread_max_priority
0xfa39d	_cthread_abort
0xfa3ac	_cthread_priority
0xfa3be	__stack_fork_child
0xfa3d1	__stack_init
0xfa3de	__dealloc_stack
0xfa3ee	__alloc_stack
0xfa3fc	__mutex_spin_limit
0xfa40f	__condition_spin_limit
0xfa426	__cthread_stack_base
0xfa43b	__condition_yield_limit
0xfa453	__cthread_stack_mask
0xfa468	__initial_stack_boundary
0xfa481	__cthread_exit_routine
0xfa498	__msg_send_timeout
0xfa4ab	__msg_receive_timeout
0xfa4c1	__malloc_lock
0xfa4cf	__cproc_default_stack_size
0xfa4ea	__threads_data_padding
0xfa501	__cthread_init_routine
0xfa518	__cproc_setup
0xfa526	__ur_cthread_self
0xfa538	__cthread_set_self
0xfa54b	__cthread_sp
0xfa558	__spin_unlock
0xfa566	__mutex_unlock_try
0xfa579	__spin_lock
0xfa585	__mutex_try_lock
0xfa596	_yperr_string
0xfa5a4	_xdr_ypmaplist
0xfa5b3	_xdr_ypreq_xfr
0xfa5c2	_xdr_ypresp_master
0xfa5d5	_xdr_ypresp_order
0xfa5e7	_xdr_yppushresp_xfr
0xfa5fb	_xdr_ypmaplist_wrap_string
0xfa616	_xdr_ypresp_maplist
0xfa62a	_xdr_ypbind_setdom
0xfa63d	_xdr_ypall
0xfa648	_ypprot_err
0xfa654	__xdr_yprequest
0xfa664	__xdr_ypresponse
0xfa675	__xdr_ypbind_oldsetdom
0xfa68c	_xdr_ypmap_parms
0xfa69d	_xdr_ypreq_nokey
0xfa6ae	_xdr_ypdomain_wrap_string
0xfa6c8	_xdr_yp_binding
0xfa6d8	_xdr_ypresp_val
0xfa6e8	_xdr_ypowner_wrap_string
0xfa701	_xdr_ypreq_key
0xfa710	_xdr_ypresp_key_val
0xfa724	_xdr_datum
0xfa72f	_xdr_yp_inaddr
0xfa73e	_xdr_ypmap_wrap_string
0xfa755	_xdr_ypbind_resp
0xfa76e	_yp_get_default_domain
0xfa785	_usingypmap
0xfa791	_yp_bind
0xfa79a	__yp_dobind
0xfa7a6	_yp_unbind
0xfa7b1	__yp_data_padding
0xfa7c3	__ypsleeptime
0xfa7d1	__ypserv_timeout
0xfa7e2	_v1prot_donext
0xfa7f1	_v1prot_dofirst
0xfa801	_yp_next
0xfa80a	_yp_first
0xfa814	_yp_master
0xfa81f	_yp_match
0xfa829	_yp_order
0xfa833	__gcc_bcmp
0xfa83e	__adddf3
0xfa847	__addsf3
0xfa850	__ashldi3
0xfa85a	__ashlsi3
0xfa864	__ashrdi3
0xfa86e	__ashrsi3
0xfa878	___bb_exit_func
0xfa888	___bb_init_func
0xfa898	___clear_cache
0xfa8a7	__cmpdi2
0xfa8b0	__divdf3
0xfa8b9	__divdi3
0xfa8c2	__divsf3
0xfa8cb	__divsi3
0xfa8d4	___eprintf
0xfa8ef	__extendsfdf2
0xfa8fd	__ffsdi2
0xfa906	__fixdfdi
0xfa910	__fixdfsi
0xfa91a	__fixsfdi
0xfa924	__fixsfsi
0xfa92e	__fixunsdfdi
0xfa93b	__fixunsdfsi
0xfa948	__fixunssfdi
0xfa955	__fixunssfsi
0xfa962	__fixunsxfdi
0xfa96f	__fixunsxfsi
0xfa97c	__fixxfdi
0xfa986	__floatdidf
0xfa992	__floatdisf
0xfa99e	__floatdixf
0xfa9aa	__floatsidf
0xfa9b6	__floatsisf
0xfa9f2	__lshldi3
0xfa9fc	__lshlsi3
0xfaa06	__lshrdi3
0xfaa10	__lshrsi3
0xfaa2a	__moddi3
0xfaa33	__modsi3
0xfaa3c	__muldf3
0xfaa45	__muldi3
0xfaa4e	__mulsf3
0xfaa57	__mulsi3
0xfaa68	__negdf2
0xfaa71	__negdi2
0xfaa7a	__negsf2
0xfaa8b	_set_new_handler
0xfaa9c	___get_new_handler
0xfaaaf	___set_new_handler
0xfaac2	___builtin_delete
0xfaad4	___builtin_new
0xfaae3	___shtab
0xfaaec	__subdf3
0xfaaf5	__subsf3
0xfaafe	___enable_execute_stack
0xfab16	___transfer_from_trampoline
0xfab32	___trampoline
0xfab40	__truncdfsf2
0xfab4d	__ucmpdi2
0xfab57	___udiv_w_sdiv
0xfab66	__udivdi3
0xfab70	__udivmoddi4
0xfab7d	__udivsi3
0xfab87	__umoddi3
0xfab91	__umodsi3
0xfab9b	___builtin_saveregs
0xfabaf	_hashPtrStructKey
0xfabc1	_NXUniqueString
0xfabd1	_NXCopyStringBuffer
0xfabe5	_isEqualPrototype
0xfabf7	_isEqualPtrStructKey
0xfac0c	_hashStrStructKey
0xfac1e	_isEqualStrStructKey
0xfac33	_NXReallyFree
0xfac41	_hashPrototype
0xfac50	_NXCreateHashTable
0xfac63	_NXUniqueStringWithLength
0xfac7d	_NXHashInsertIfAbsent
0xfac93	_NXFreeHashTable
0xfaca4	_NXHashGet
0xfacaf	_NXHashInsert
0xfacbd	_NXHashRemove
0xfaccb	_NXCreateHashTableFromZone
0xface6	_NXCountHashTable
0xfacf8	_NXCopyStringBufferFromZone
0xfad14	_NXCopyHashTable
0xfad25	_NXCompareHashTables
0xfad3a	_NXHashMember
0xfad48	_NXInitHashState
0xfad59	_NXUniqueStringNoCopy
0xfad6f	_NXStrIsEqual
0xfad7d	_NXStrHash
0xfad88	_NXEmptyHashTable
0xfad9a	_NXIsEqualHashTable
0xfadae	_NXNextHashState
0xfadbf	_NXResetHashTable
0xfadd1	_NXPtrHash
0xfaddc	_NXPtrIsEqual
0xfadea	_NXNoEffectFree
0xfadfa	__mapPtrHash
0xfae07	__mapNoFree
0xfae13	__mapStrHash
0xfae20	_NXCountMapTable
0xfae31	__mapObjectIsEqual
0xfae44	__mapStrIsEqual
0xfae54	__mapObjectHash
0xfae64	_NXCompareMapTables
0xfae78	__mapObjectFree
0xfae88	_NXResetMapTable
0xfae99	_NXNextMapState
0xfaea9	_NXMapRemove
0xfaeb6	_NXMapMember
0xfaec3	_NXMapInsert
0xfaed0	_NXMapGet
0xfaeda	__mapPtrIsEqual
0xfaeea	_NXInitMapState
0xfaefa	_NXFreeMapTable
0xfaf0a	_NXCreateMapTableFromZone
0xfaf24	_NXCreateMapTable
0xfaf36	_object_getClassName
0xfaf4b	_class_createInstanceFromZone
0xfaf69	_object_getIndexedIvars
0xfaf81	_messageLock
0xfaf8e	_instrumentObjcMessageSends
0xfafaa	_getOriginalClassForPosingClass
0xfafca	_method_getSizeOfArguments
0xfafe5	_objc_getOrigClass
0xfaff8	_method_getNumberOfArguments
0xfb015	_method_getArgumentInfo
0xfb02d	_emptyCache
0xfb039	_class_respondsToMethod
0xfb051	__class_printMethodCaches
0xfb06b	_class_removeMethods
0xfb080	_class_addMethods
0xfb092	_class_addClassMethods
0xfb0a9	__cache_create
0xfb0b8	_do_not_remove_this_dummy_function
0xfb0db	_class_setVersion
0xfb0ed	_class_poseAs
0xfb0fb	_class_nextMethodList
0xfb111	_class_lookupMethodInMethodList
0xfb131	_class_lookupMethod
0xfb145	_class_getVersion
0xfb157	_class_getInstanceVariable
0xfb172	_class_getInstanceMethod
0xfb18b	_class_getClassMethod
0xfb1a1	_class_createInstance
0xfb1b7	__class_install_relationships
0xfb1d5	__class_removeProtocols
0xfb1f5	__objc_getNonexistentClass
0xfb210	__class_lookupMethodAndLoadCache
0xfb231	__class_printDuplicateCacheEntries
0xfb254	__class_printMethodCacheStatistics
0xfb277	_checkUniqueness
0xfb288	__internal_class_createInstance
0xfb2a8	__objc_create_zone
0xfb2bb	__objc_getFreedObjectClass
0xfb2d6	__internal_class_createInstanceFromZone
0xfb2fe	__objc_flush_caches
0xfb312	__objc_inform
0xfb320	__objc_error
0xfb32d	__objc_fatal
0xfb33a	___objc_error
0xfb348	__getObjcStrings
0xfb359	__getObjcStringObjects
0xfb370	__getObjcProtocols
0xfb383	__getObjcModules
0xfb394	__getObjcMessageRefs
0xfb3a9	__getObjcHeaders
0xfb3ba	__getObjcHeaderName
0xfb3ce	__getObjcHeaderFileType
0xfb3e6	__getObjcHeaderData
0xfb3fa	__getObjcFrozenTable
0xfb40f	__getObjcBackRefs
0xfb421	__getObjcClassRefs
0xfb444	__poseAs
0xfb44d	__realloc
0xfb45e	__cvtToId
0xfb468	__cvtToSel
0xfb473	__zoneCopy
0xfb47e	__zoneRealloc
0xfb48c	__zoneAlloc
0xfb498	__dealloc
0xfb4a2	_NXStrStructKeyPrototype
0xfb4bb	_NXStrValueMapPrototype
0xfb4d3	_NXObjectMapPrototype
0xfb4e9	_NXPtrValueMapPrototype
0xfb501	_NXPtrPrototype
0xfb511	_NXStrPrototype
0xfb521	_NXPtrStructKeyPrototype
0xfb53a	_get_base_method_list
0xfb550	_objc_loadModules
0xfb562	_objc_unloadModules
0xfb576	__objc_removeMethods
0xfb58b	__objc_headerCount
0xfb59e	__objc_bindModuleContainingList
0xfb5be	_classLock
0xfb5c9	_objc_getClasses
0xfb5da	_objc_getClass
0xfb5e9	_rocketLaunchingDebug
0xfb5ff	__objc_insertMethods
0xfb614	__objc_headerVector
0xfb628	__nameForHeader
0xfb638	_objc_lookUpClass
0xfb64a	_objc_getMetaClass
0xfb65d	_objc_dump_class_hash
0xfb673	_objc_setClassHandler
0xfb689	__objc_multithread_mask
0xfb6a1	__objc_msgNil
0xfb6af	__objc_map_selectors_from_image
0xfb6cf	__objc_init_class_hash
0xfb6e6	__objcInit
0xfb6f1	_objc_addClass
0xfb700	_callbackFunction
0xfb712	_objc_setMultithreaded
0xfb729	__objc_removeHeader
0xfb73d	__objc_remove_category
0xfb754	__objc_removeClass
0xfb767	__objc_add_category
0xfb77b	_objc_pendClassReference
0xfb794	_objc_pendClassInstallation
0xfb7b0	__objc_addHeader
0xfb7c1	_objc_getModules
0xfb7d2	_sel_getName
0xfb7df	__sel_initsorted
0xfb7f0	__sel_registerName
0xfb803	__sel_init
0xfb80e	__objc_dynamic_hash_count
0xfb828	__sel_printStatistics
0xfb83e	__sel_printHashTable
0xfb853	_sel_getUid
0xfb85f	_sel_registerName
0xfb871	_checkSel
0xfb87b	__sel_unloadSelectors
0xfb891	_sel_isMapped
0xfb89f	__strhash
0xfb8a9	__internal_object_reallocFromZone
0xfb8cb	__internal_object_dispose
0xfb8e5	__internal_object_realloc
0xfb8ff	__internal_object_copy
0xfb916	_object_copy
0xfb923	.objc_class_name_Object
0xfb93b	__internal_object_copyFromZone
0xfb95a	_object_dispose
0xfb96a	_object_copyFromZone
0xfb97f	_object_getInstanceVariable
0xfb99b	_object_realloc
0xfb9ab	_object_reallocFromZone
0xfb9c3	_object_setInstanceVariable
0xfb9df	.objc_class_name_Protocol
0xfb9f9	.constructors_used
0xfba0c	.destructors_used
0xfba1e	__cplus_init
0xfba2b	__NXRaiseError
0xfba3a	__NXAddHandler
0xfba49	__NXRemoveHandler
0xfba5b	__NXAddAltHandler
0xfba6d	_NXSetExceptionRaiser
0xfba83	_NXResetErrorData
0xfba95	_NXGetExceptionRaiser
0xfbaab	_NXDefaultExceptionRaiser
0xfbac5	_NXAllocErrorData
0xfbad7	__NXRemoveAltHandler
0xfbaec	__NXLogError
0xfbaf9	_moninitobjc
0xfbb06	__objc_msgForward
0xfbb18	_objc_msgSend
0xfbb26	_objc_msgSendSuper
0xfbb39	_objc_entryPoints
0xfbb4b	_objc_exitPoints
0xfbb5c	_objc_msgSendv
0xfbb6b	.objc_class_name_HashTable
0xfbb86	.objc_class_name_List
0xfbb9c	_NXLoadLocalizedStringFromTableInBundle
0xfbbc4	_NXLoadLocalStringFromTableInBundle
0xfbbe8	.objc_category_name_NXBundle_Private
0xfbc0d	.objc_class_name_NXBundle
0xfbc27	.objc_category_name_NXBundle_Compatability
0xfbc52	.objc_class_name_NXCharacterSet
0xfbc72	.objc_category_name_NXReadOnlyString_Fancy_IO
0xfbca0	.objc_category_name_NXString_Fancy_IO
0xfbcc6	.objc_category_name_NXPropertyList_Fancy_IO
0xfbcf2	.objc_category_name_NXPropertyList_Basic_IO
0xfbd1e	.objc_category_name_Object_NX_BS_Extras
0xfbd46	.objc_class_name_NXCleanList
0xfbd63	.objc_class_name_NXPropertyList
0xfbd83	.objc_category_name_NXCleanList_Fancy_IO
0xfbdac	.objc_category_name_Object_Fancy_IO
0xfbdd0	.objc_category_name_NXMutableString_NX_BS_Extras
0xfbe01	.objc_class_name_NXConstantString
0xfbe23	.objc_class_name_NXMutableString
0xfbe44	.objc_class_name_NXReadOnlyString
0xfbe66	.objc_class_name_NXReadOnlySubstring
0xfbe8b	.objc_class_name_NXReadWriteString
0xfbeae	.objc_class_name_NXSimpleReadOnlyString
0xfbed6	_NXHashCharacters
0xfbee8	_NXFindCharacters
0xfbefa	.objc_class_name_NXString
0xfbf14	__NXStringErrorRaise
0xfbf29	__NXStringZone
0xfbf38	_NXCompareCharacters
0xfbf4d	.objc_class_name_NXStringTable
0xfbf6c	.objc_class_name_NXUniquedString
0xfbf8d	.objc_class_name_Storage
0xfbfa6	.objc_class_name_StreamTable
0xfbfc3	_NXWriteArray
0xfbfd1	_NXReadArray
0xfbfde	_getSizeOfType
0xfbfed	_NXWriteRootObject
0xfc000	_NXWriteObjectReference
0xfc018	_NXWriteTypes
0xfc026	_NXReadTypes
0xfc033	_NXTypedStreamClassVersion
0xfc04e	_NXWriteType
0xfc05b	_NXReadType
0xfc067	_NXTypedStreamIsSwapped
0xfc07f	_NXSetTypedStreamZone
0xfc095	_NXReadObjectFromBuffer
0xfc0ad	_NXOpenTypedStreamForFile
0xfc0c7	_NXOpenTypedStream
0xfc0da	_NXGetTypedStreamZone
0xfc0f0	_NXFlushTypedStream
0xfc104	_NXReadObject
0xfc112	_NXWriteObject
0xfc121	_NXSystemVersion
0xfc132	_NXFreeObjectBuffer
0xfc146	_NXEndOfTypedStream
0xfc15a	_NXCloseTypedStream
0xfc16e	_NXWriteRootObjectToBuffer
0xfc189	_NXReadObjectFromBufferWithZone
0xfc1a9	__dyld_present
0xfc1b8	__dyld_get_image_name
0xfc1ce	__dyld_moninit
0xfc1dd	__dyld_get_image_vmaddr_slide
0xfc1fb	__dyld_image_count
0xfc20e	__dyld_lookup_and_bind_fully
0xfc22b	__dyld_get_image_header
0xfc243	__dyld_launched_prebound
0xfc25c	__dyld_register_func_for_add_image
0xfc27f	__dyld_register_func_for_link_module
0xfc2a4	__dyld_register_func_for_unlink_module
0xfc2cb	__dyld_lookup_and_bind
0xfc2e2	__dyld_lookup_and_bind_objc
0xfc2fe	__dyld_bind_fully_image_containing_address
0xfc329	__dyld_register_func_for_replace_module
0xfc351	__dyld_bind_objc_module
0xfc369	__dyld_get_objc_module_sect_for_module
0xfc390	__dyld_debug_subscribe_to_events
0xfc3b1	__dyld_debug_bind_module
0xfc3ca	__dyld_debug_add_event_subscriber
0xfc3ec	__dyld_debug_make_runnable
0xfc407	__dyld_debug_defining_module
0xfc424	__dyld_debug_is_module_bound
0xfc441	__dyld_debug_module_name
0xfc45a	__dyld_debug_monoutput
0xfc471	__dyld_debug_restore_runnable
0xfc48f	_NSLibraryNameForModule
0xfc4a7	_NSInstallLinkEditErrorHandlers
0xfc4c7	_NSAddLibrary
0xfc4d5	_NSAddressOfSymbol
0xfc4e8	_NSVersionOfLinkTimeLibrary
0xfc504	_NSIsSymbolNameDefined
0xfc51b	_NSVersionOfRunTimeLibrary
0xfc536	_NSLookupAndBindSymbol
0xfc54d	_NSModuleForSymbol
0xfc560	_NSNameOfModule
0xfc570	_NSNameOfSymbol
0xfc580	_NSCreateObjectFileImageFromFile
0xfc5a1	_NSSymbolReferenceNameInObjectFileImage
0xfc5c9	_NSCreateObjectFileImageFromMemory
0xfc5ec	_NSDestroyObjectFileImage
0xfc606	_NSGetSectionDataInObjectFileImage
0xfc629	_NSIsSymbolDefinedInObjectFileImage
0xfc64d	_NSSymbolDefinitionCountInObjectFileImage
0xfc677	_NSSymbolDefinitionNameInObjectFileImage
0xfc6a0	_NSSymbolReferenceCountInObjectFileImage
0xfc6c9	_NSLinkModule
0xfc6d7	_NSReplaceModule
0xfc6e8	_NSUnLinkModule
0xfc6f8	__dyld_event_server
0xfc70c	_NXAddRegion
0xfc719	__NXAddRegion
0xfc72f	__NXArgc
0xfc740	__NXArgv
0xfc749	_NXCreateChildZone
0xfc75c	__NXCreateChildZone
0xfc770	_NXCreateZone
0xfc77e	__NXCreateZone
0xfc78d	_NXDefaultMallocZone
0xfc7a2	__NXDefaultMallocZone
0xfc7b8	_NXMallocCheck
0xfc7c7	__NXMallocCheck
0xfc7d7	_NXMergeZone
0xfc7e4	__NXMergeZone
0xfc7f2	_NXNameZone
0xfc7fe	__NXNameZone
0xfc80b	_NXRemoveRegion
0xfc81b	__NXRemoveRegion
0xfc82c	_NXZoneCalloc
0xfc83a	__NXZoneCalloc
0xfc849	_NXZoneFromPtr
0xfc858	__NXZoneFromPtr
0xfc868	_NXZonePtrInfo
0xfc877	__NXZonePtrInfo
0xfc88f	__access
0xfc898	_alloc_stack
0xfc8a5	__alloc_stack
0xfc8c2	_bootstrap_check_in
0xfc8d6	__bootstrap_check_in
0xfc8eb	_bootstrap_create_service
0xfc905	__bootstrap_create_service
0xfc920	_bootstrap_info
0xfc930	__bootstrap_info
0xfc941	_bootstrap_look_up
0xfc954	__bootstrap_look_up
0xfc968	_bootstrap_look_up_array
0xfc981	__bootstrap_look_up_array
0xfc99b	_bootstrap_port
0xfc9ab	__bootstrap_port
0xfc9bc	_bootstrap_register
0xfc9d0	__bootstrap_register
0xfc9e5	_bootstrap_status
0xfc9f7	__bootstrap_status
0xfca0a	_bootstrap_subset
0xfca1c	__bootstrap_subset
0xfca4d	_cond_broadcast
0xfca5d	__cond_broadcast
0xfca6e	_cond_signal
0xfca7b	__cond_signal
0xfca89	_condition_spin_limit
0xfca9f	__condition_spin_limit
0xfcab6	_condition_wait
0xfcac6	__condition_wait
0xfcad7	_condition_yield_limit
0xfcaee	__condition_yield_limit
0xfcb06	_cproc_create
0xfcb14	__cproc_create
0xfcb23	_cproc_default_stack_size
0xfcb3d	__cproc_default_stack_size
0xfcb58	_cproc_init
0xfcb64	__cproc_init
0xfcb71	_cproc_setup
0xfcb7e	__cproc_setup
0xfcb8c	_cthread_body
0xfcb9a	__cthread_body
0xfcba9	_cthread_count
0xfcbb8	__cthread_count
0xfcbc8	_cthread_detach
0xfcbd8	__cthread_detach
0xfcbe9	_cthread_errno
0xfcbf8	__cthread_errno
0xfcc08	_cthread_exit
0xfcc16	__cthread_exit
0xfcc25	_cthread_fork
0xfcc33	__cthread_fork
0xfcc42	_cthread_init
0xfcc50	__cthread_init
0xfcc5f	_cthread_join
0xfcc6d	__cthread_join
0xfcc7c	_cthread_limit
0xfcc8b	__cthread_limit
0xfcc9b	_cthread_name
0xfcca9	__cthread_name
0xfccb8	_cthread_set_errno_self
0xfccd0	__cthread_set_errno_self
0xfcce9	_cthread_set_limit
0xfccfc	__cthread_set_limit
0xfcd10	_cthread_set_name
0xfcd22	__cthread_set_name
0xfcd35	_cthread_set_self
0xfcd47	__cthread_set_self
0xfcd5a	_cthread_sp
0xfcd66	__cthread_sp
0xfcd73	_cthread_stack_base
0xfcd87	__cthread_stack_base
0xfcd9c	_cthread_stack_mask
0xfcdb0	__cthread_stack_mask
0xfcdc5	_cthread_yield
0xfcdd4	__cthread_yield
0xfcde4	_device_master_self
0xfcdf8	__device_master_self
0xfce1a	_environ
0xfce23	__environ
0xfce53	__execve
0xfce5c	_f_prealloc
0xfce68	__f_prealloc
0xfce8f	_fork_mach_init
0xfce9f	__fork_mach_init
0xfcecc	_getdtablesize
0xfcedb	__getdtablesize
0xfcef3	__getpid
0xfcefc	_getrlimit
0xfcf07	__getrlimit
0xfcf13	_getrusage
0xfcf1e	__getrusage
0xfcf2a	_gettimeofday
0xfcf38	__gettimeofday
0xfcf47	_host_priv_self
0xfcf57	__host_priv_self
0xfcf68	_host_self
0xfcf73	__host_self
0xfcf8e	_init_process
0xfcf9c	__init_process
0xfcfab	_initial_stack_boundary
0xfcfc3	__initial_stack_boundary
0xfcff3	__isatty
0xfd01a	_kern_timestamp
0xfd02a	__kern_timestamp
0xfd048	_longjmperror
0xfd056	__longjmperror
0xfd074	_mach_error
0xfd080	__mach_error
0xfd08d	_mach_error_string
0xfd0a0	__mach_error_string
0xfd0b4	_mach_errormsg
0xfd0c3	__mach_errormsg
0xfd0d3	_mach_host_self
0xfd0e3	__mach_host_self
0xfd0f4	_mach_init
0xfd0ff	__mach_init
0xfd10b	_mach_init_routine
0xfd11e	__mach_init_routine
0xfd132	_mach_msg_trap
0xfd141	__mach_msg_trap
0xfd151	_mach_reply_port
0xfd162	__mach_reply_port
0xfd174	_mach_swapon
0xfd181	__mach_swapon
0xfd18f	_mach_task_self
0xfd19f	__mach_task_self
0xfd1b0	_mach_thread_self
0xfd1c2	__mach_thread_self
0xfd1d5	_malloc_debug
0xfd1e3	__malloc_debug
0xfd1f2	_malloc_error
0xfd200	__malloc_error
0xfd20f	_malloc_freezedry
0xfd221	__malloc_freezedry
0xfd234	_malloc_good_size
0xfd246	__malloc_good_size
0xfd259	_malloc_jumpstart
0xfd26b	__malloc_jumpstart
0xfd27e	_malloc_lock
0xfd28b	__malloc_lock
0xfd299	_malloc_singlethreaded
0xfd2b0	__malloc_singlethreaded
0xfd2c8	_malloc_size
0xfd2d5	__malloc_size
0xfd2eb	__map_fd
0xfd2f4	_mig_dealloc_reply_port
0xfd30c	__mig_dealloc_reply_port
0xfd325	_mig_fork_child
0xfd335	__mig_fork_child
0xfd346	_mig_get_reply_port
0xfd35a	__mig_get_reply_port
0xfd36f	_mig_init
0xfd379	__mig_init
0xfd384	_msg_receive
0xfd391	__msg_receive
0xfd39f	_msg_receive_timeout
0xfd3b4	__msg_receive_timeout
0xfd3ca	_msg_receive_trap
0xfd3dc	__msg_receive_trap
0xfd3ef	_msg_rpc
0xfd3f8	__msg_rpc
0xfd402	_msg_rpc_trap
0xfd410	__msg_rpc_trap
0xfd41f	_msg_send
0xfd429	__msg_send
0xfd434	_msg_send_timeout
0xfd446	__msg_send_timeout
0xfd459	_msg_send_trap
0xfd468	__msg_send_trap
0xfd480	__mstats
0xfd489	_mutex_spin_limit
0xfd49b	__mutex_spin_limit
0xfd4ae	_mutex_try_lock
0xfd4be	__mutex_try_lock
0xfd4cf	_mutex_unlock_try
0xfd4e1	__mutex_unlock_try
0xfd4f4	_mutex_wait_lock
0xfd505	__mutex_wait_lock
0xfd517	_name_server_port
0xfd529	__name_server_port
0xfd53c	_netipc_ignore
0xfd54b	__netipc_ignore
0xfd55b	_netipc_listen
0xfd56a	__netipc_listen
0xfd587	_port_allocate
0xfd596	__port_allocate
0xfd5a6	_port_deallocate
0xfd5b7	__port_deallocate
0xfd5c9	_port_extract_receive
0xfd5df	__port_extract_receive
0xfd5f6	_port_extract_send
0xfd609	__port_extract_send
0xfd61d	_port_insert_receive
0xfd632	__port_insert_receive
0xfd648	_port_insert_send
0xfd65a	__port_insert_send
0xfd66d	_port_names
0xfd679	__port_names
0xfd686	_port_rename
0xfd693	__port_rename
0xfd6a1	_port_set_add
0xfd6af	__port_set_add
0xfd6be	_port_set_allocate
0xfd6d1	__port_set_allocate
0xfd6e5	_port_set_backlog
0xfd6f7	__port_set_backlog
0xfd70a	_port_set_backup
0xfd71b	__port_set_backup
0xfd72d	_port_set_deallocate
0xfd742	__port_set_deallocate
0xfd758	_port_set_remove
0xfd769	__port_set_remove
0xfd77b	_port_set_status
0xfd78c	__port_set_status
0xfd79e	_port_status
0xfd7ab	__port_status
0xfd7b9	_port_type
0xfd7c4	__port_type
0xfd7dd	_set_malloc_singlethreaded
0xfd7f8	__set_malloc_singlethreaded
0xfd814	_sigblock
0xfd81e	__sigblock
0xfd829	_sigcatch
0xfd833	__sigcatch
0xfd83e	_sigsetmask
0xfd84a	__sigsetmask
0xfd857	_sigstack
0xfd861	__sigstack
0xfd874	__sigvec
0xfd87d	_spin_lock
0xfd888	__spin_lock
0xfd894	_spin_unlock
0xfd8a1	__spin_unlock
0xfd8af	_stack_init
0xfd8bb	__stack_init
0xfd8d7	_swtch_pri
0xfd8e2	__swtch_pri
0xfd8ee	_syscall
0xfd8f7	__syscall
0xfd901	_task_by_pid
0xfd90e	__task_by_pid
0xfd91c	_task_by_unix_pid
0xfd92e	__task_by_unix_pid
0xfd941	_task_create
0xfd94e	__task_create
0xfd95c	_task_get_special_port
0xfd973	__task_get_special_port
0xfd98b	_task_info
0xfd996	__task_info
0xfd9a2	_task_notify
0xfd9af	__task_notify
0xfd9bd	_task_resume
0xfd9ca	__task_resume
0xfd9d8	_task_self
0xfd9e3	__task_self
0xfd9ef	_task_self_
0xfd9fb	__task_self_
0xfda08	_task_set_special_port
0xfda1f	__task_set_special_port
0xfda37	_task_suspend
0xfda45	__task_suspend
0xfda54	_task_terminate
0xfda64	__task_terminate
0xfda75	_task_threads
0xfda83	__task_threads
0xfda92	_thread_abort
0xfdaa0	__thread_abort
0xfdaaf	_thread_create
0xfdabe	__thread_create
0xfdace	_thread_get_special_port
0xfdae7	__thread_get_special_port
0xfdb01	_thread_get_state
0xfdb13	__thread_get_state
0xfdb26	_thread_info
0xfdb33	__thread_info
0xfdb41	_thread_reply
0xfdb4f	__thread_reply
0xfdb5e	_thread_resume
0xfdb6d	__thread_resume
0xfdb7d	_thread_self
0xfdb8a	__thread_self
0xfdb98	_thread_set_special_port
0xfdbb1	__thread_set_special_port
0xfdbcb	_thread_set_state
0xfdbdd	__thread_set_state
0xfdbf0	_thread_suspend
0xfdc00	__thread_suspend
0xfdc11	_thread_switch
0xfdc20	__thread_switch
0xfdc30	_thread_terminate
0xfdc42	__thread_terminate
0xfdc55	_timezone
0xfdc5f	__timezone
0xfdc72	__tzname
0xfdc99	_unix_pid
0xfdca3	__unix_pid
0xfdcae	_ur_cthread_self
0xfdcbf	__ur_cthread_self
0xfdcd9	__valloc
0xfdd00	_vm_allocate
0xfdd0d	__vm_allocate
0xfdd1b	_vm_copy
0xfdd24	__vm_copy
0xfdd2e	_vm_deactivate
0xfdd3d	__vm_deactivate
0xfdd4d	_vm_deallocate
0xfdd5c	__vm_deallocate
0xfdd6c	_vm_inherit
0xfdd78	__vm_inherit
0xfdd85	_vm_machine_attribute
0xfdd9b	__vm_machine_attribute
0xfddb2	_vm_page_size
0xfddc0	__vm_page_size
0xfddcf	_vm_protect
0xfdddb	__vm_protect
0xfdde8	_vm_read
0xfddf1	__vm_read
0xfddfb	_vm_region
0xfde06	__vm_region
0xfde12	_vm_set_policy
0xfde21	__vm_set_policy
0xfde31	_vm_statistics
0xfde40	__vm_statistics
0xfde50	_vm_synchronize
0xfde60	__vm_synchronize
0xfde71	_vm_write
0xfde7b	__vm_write
0xfdeaa	__writev
0xfdeb3	_xxx_PORT_ENABLED
0xfdec5	__xxx_PORT_ENABLED
0xfded8	_xxx_cpu_control
0xfdee9	__xxx_cpu_control
0xfdefb	_xxx_environment_port
0xfdf11	__xxx_environment_port
0xfdf28	_xxx_host_info
0xfdf37	__xxx_host_info
0xfdf47	_xxx_slot_info
0xfdf56	__xxx_slot_info
0xfdf66	__NXArgc
0xfdf6f	__NXArgv
0xfdf78	__environ
0xfdf82	dylib1.o
0xfdf8b	crt_externs.o
0xfdf99	__gcc_bcmp.o
0xfdfa6	_ashldi3.o
0xfdfb1	_ashrdi3.o
0xfdfc2	_clear_cache.o
0xfdfd1	_cmpdi2.o
0xfdfdb	_ctors.o
0xfdfe4	_divdi3.o
0xfdff4	_eprintf.o
0xfdfff	_ffsdi2.o
0xfe009	_fixdfdi.o
0xfe014	_fixsfdi.o
0xfe01f	_fixtfdi.o
0xfe02a	_fixunsdfdi.o
0xfe038	_fixunsdfsi.o
0xfe046	_fixunssfdi.o
0xfe054	_fixunssfsi.o
0xfe062	_fixunstfdi.o
0xfe070	_fixunsxfdi.o
0xfe07e	_fixunsxfsi.o
0xfe08c	_fixxfdi.o
0xfe097	_floatdidf.o
0xfe0a4	_floatdisf.o
0xfe0b1	_floatditf.o
0xfe0be	_floatdixf.o
0xfe0cb	_lshrdi3.o
0xfe0d6	_moddi3.o
0xfe0e0	_muldi3.o
0xfe0ea	_negdi2.o
0xfe0f4	_new_handler.o
0xfe103	_op_delete.o
0xfe110	_op_new.o
0xfe11a	_op_vdel.o
0xfe125	_op_vnew.o
0xfe138	_shtab.o
0xfe141	_trampoline.o
0xfe14f	_ucmpdi2.o
0xfe15a	_udiv_w_sdiv.o
0xfe169	_udivdi3.o
0xfe174	_udivmoddi4.o
0xfe182	_umoddi3.o
0xfe18d	_varargs.o
0xfe198	librld.o
0xfe1a1	file_funcs.o
0xfe1ae	globals.o
0xfe1b8	indir_ops.o
0xfe1c4	ipc_funcs.o
0xfe1d0	memory_funcs.o
0xfe1df	streams.o
0xfe1e9	streams_doprnt.o
0xfe1fa	streams_doscan.o
0xfe20b	streams_internal.o
0xfe226	asincos.o
0xfe262	exp__E.o
0xfe282	lgamma.o
0xfe2a1	log__L.o
0xfe2b0	signgam.o
0xfe2ec	support.o
0xfe30a	dbData.o
0xfe313	dbError.o
0xfe31d	dbExists.o
0xfe328	dbGlobals.o
0xfe334	dbInit.o
0xfe33d	dbLock.o
0xfe346	dbPrint.o
0xfe350	dbUnlink.o
0xfe35b	defaults.o
0xfe366	NXPortPortal.o
0xfe375	NXProxy.o
0xfe37f	LogFunctions.o
0xfe38e	NXData.o
0xfe397	NXInvalidationNotifier.o
0xfe3b0	NXLock.o
0xfe3b9	NXNetNameServer.o
0xfe3cb	NXPort.o
0xfe3d4	NXProtocolChecker.o
0xfe3e8	atexit.o
0xfe3f1	bsearch.o
0xfe403	difftime.o
0xfe41b	ferror.o
0xfe424	fgetpos.o
0xfe42e	fsetpos.o
0xfe43f	isalnum.o
0xfe449	isalpha.o
0xfe453	iscntrl.o
0xfe45d	isdigit.o
0xfe467	isgraph.o
0xfe471	islower.o
0xfe47b	isprint.o
0xfe485	ispunct.o
0xfe48f	isspace.o
0xfe499	isupper.o
0xfe4a3	isxdigit.o
0xfe4b5	localeconv.o
0xfe4ca	mbstowcs.o
0xfe4d5	mbtowc.o
0xfe4ed	setlocale.o
0xfe4f9	setvbuf.o
0xfe503	strcoll.o
0xfe50d	strerror.o
0xfe518	strstr.o
0xfe521	strtol.o
0xfe52a	tmpfile.o
0xfe534	tmpnam.o
0xfe53d	tolower.o
0xfe547	toupper.o
0xfe551	va_end.o
0xfe55a	wcstombs.o
0xfe565	wctomb.o
0xfe56e	strftime.o
0xfe579	strtod.o
0xfe589	memchr.o
0xfe592	memcmp.o
0xfe59b	memcpy.o
0xfe5a4	memmove.o
0xfe5ae	memset.o
0xfe5b7	remove.o
0xfe5c0	getopt.o
0xfe5c9	getopt_data.o
0xfe5d7	memccpy.o
0xfe5e1	strcatn.o
0xfe5eb	strchr.o
0xfe5f4	strcmpn.o
0xfe5fe	strcpyn.o
0xfe608	strcspn.o
0xfe612	strpbrk.o
0xfe61c	strrchr.o
0xfe626	strspn.o
0xfe62f	strtok.o
0xfe638	rstrtok.o
0xfe695	vlimit.o
0xfe69e	vtimes.o
0xfe6af	des_crypt.o
0xfe6bb	des_soft.o
0xfe6c6	evs_api.o
0xfe6d0	EventUser.o
0xfe6ec	aliasdb.o
0xfe70c	closedir.o
0xfe727	ctime_data.o
0xfe734	ctype_.o
0xfe73d	disktab.o
0xfe747	errlst.o
0xfe750	errstrings.o
0xfe75d	execvp.o
0xfe766	exportent.o
0xfe772	fgetpwent.o
0xfe78e	getenv.o
0xfe797	getgrent.o
0xfe7a2	getlogin.o
0xfe7ad	getpass.o
0xfe7b7	getpwent.o
0xfe7c2	getttyent.o
0xfe7ce	getttynam.o
0xfe7da	getusershell.o
0xfe7f8	hppa_swap.o
0xfe804	i386_swap.o
0xfe810	initgroups.o
0xfe81d	isatty.o
0xfe826	m68k_swap.o
0xfe832	malloc.o
0xfe83b	mkstemp.o
0xfe845	mktemp.o
0xfe84e	mntent.o
0xfe866	opendir.o
0xfe870	perror.o
0xfe881	psignal.o
0xfe893	random.o
0xfe89c	readdir.o
0xfe8a6	realpath.o
0xfe8b9	scandir.o
0xfe8c3	seekdir.o
0xfe8cd	setegid.o
0xfe8d7	seteuid.o
0xfe8e1	setgid.o
0xfe8ea	setrgid.o
0xfe8f4	setruid.o
0xfe8fe	setuid.o
0xfe907	siginterrupt.o
0xfe916	siglist.o
0xfe920	signal.o
0xfe929	sigstrings.o
0xfe93e	strcasecmp.o
0xfe952	syslog.o
0xfe95b	system.o
0xfe964	telldir.o
0xfe975	timezone.o
0xfe980	ttyname.o
0xfe98a	ttyslot.o
0xfe994	ualarm.o
0xfe99d	usleep.o
0xfe9d3	monshlibs.o
0xfe9df	setjmperr.o
0xfea16	insque.o
0xfea1f	mcount.o
0xfea2f	remque.o
0xfea38	rindex.o
0xfea41	setjmp.o
0xfea4a	strcat.o
0xfea53	strcmp.o
0xfea5c	strcpy.o
0xfea65	strlen.o
0xfea6e	strncat.o
0xfea78	strncmp.o
0xfea82	strncpy.o
0xfea8c	_dbltopdfp.o
0xfea99	_pdfptodbl.o
0xfeaa6	_setjmp.o
0xfeab0	inet_addr.o
0xfeabc	inet_lnaof.o
0xfeac9	inet_makeaddr.o
0xfead9	inet_netof.o
0xfeae6	inet_network.o
0xfeaf5	inet_ntoa.o
0xfeb01	adddi3.o
0xfeb0a	anddi3.o
0xfeb1a	iordi3.o
0xfeb23	NXCType.o
0xfeb2d	NXIsAlNum.o
0xfeb39	NXIsAlpha.o
0xfeb45	NXIsAscii.o
0xfeb51	NXIsCntrl.o
0xfeb5d	NXIsDigit.o
0xfeb69	NXIsGraph.o
0xfeb75	NXIsLower.o
0xfeb81	NXIsPrint.o
0xfeb8d	NXIsPunct.o
0xfeb99	NXIsSpace.o
0xfeba5	NXIsUpper.o
0xfebb1	NXIsXDigit.o
0xfebbe	NXToAscii.o
0xfebca	NXToLower.o
0xfebd6	NXToUpper.o
0xfebe2	one_cmpldi2.o
0xfebf0	subdi3.o
0xfebf9	xordi3.o
0xfec02	_NXToLower.o
0xfec0f	_NXToUpper.o
0xfec1c	compat.o
0xfec25	exception.o
0xfec31	exc_catcher.o
0xfec3f	mach_data.o
0xfec4b	mach_error.o
0xfec58	mach_init.o
0xfec64	mach_msg.o
0xfec6f	mach_msg_receive.o
0xfec82	mach_msg_send.o
0xfec92	mig_allocate.o
0xfeca1	mig_deallocate.o
0xfecb2	mig_reply_setup.o
0xfecc4	mig_strncpy.o
0xfecdf	slot_name.o
0xfeceb	ts_convert.o
0xfecf8	mach_traps.o
0xfed05	bootstrapUser.o
0xfed15	excUser.o
0xfed1f	excServer.o
0xfed2b	machUser.o
0xfed36	mach_hostUser.o
0xfed46	netnameUser.o
0xfed5b	getmachhead.o
0xfed69	getsecbyname.o
0xfed78	getsegbyname.o
0xfed87	get_end.o
0xfed98	ether_addr.o
0xfeda5	getnetent.o
0xfedb1	getnetgrent.o
0xfedbf	getprotoent.o
0xfedcd	getrpcport.o
0xfedda	getservent.o
0xfede7	innetgr.o
0xfee00	ruserpass.o
0xfee0c	res_comp.o
0xfee17	res_debug.o
0xfee23	res_init.o
0xfee2e	res_mkquery.o
0xfee3c	res_query.o
0xfee48	res_send.o
0xfee53	res_data.o
0xfee65	gethnamaddr.o
0xfee73	getnetnamadr.o
0xfee82	herror.o
0xfee8b	nsap_addr.o
0xfee97	gethostent.o
0xfeea4	getent_alias.o
0xfeeb3	getent_bootp.o
0xfeec2	getent_bprms.o
0xfeed1	getent_gr.o
0xfeedd	getent_h.o
0xfeee8	getent_mnt.o
0xfeef5	getent_n.o
0xfef00	getent_netgr.o
0xfef0f	getent_p.o
0xfef1a	getent_prdb.o
0xfef28	getent_pw.o
0xfef34	getent_r.o
0xfef3f	getent_s.o
0xfef4a	lu_utils.o
0xfef55	ni_data.o
0xfef5f	ni_error.o
0xfef6a	ni_glue.o
0xfef74	ni_pwdomain.o
0xfef82	ni_useful.o
0xfef8e	ni_util.o
0xfef98	old_printerdb.o
0xfefa8	putpwpasswd.o
0xfefb6	ni_prot_clnt.o
0xfefc5	ni_prot_xdr.o
0xfefd3	nibind_prot_xdr.o
0xfefe5	_lu_types_xdr.o
0xfeff5	lookupUser.o
0xff002	auth_none.o
0xff00e	auth_unix.o
0xff01a	authunix_prot.o
0xff02a	bindresvport.o
0xff039	clnt_generic.o
0xff048	clnt_perror.o
0xff056	clnt_raw.o
0xff061	clnt_simple.o
0xff06f	clnt_tcp.o
0xff07a	clnt_udp.o
0xff085	rpc_dtablesz.o
0xff094	get_myaddress.o
0xff0a4	getrpcent.o
0xff0b0	key_call.o
0xff0bb	key_prot.o
0xff0c6	multi_call.o
0xff0d3	netname.o
0xff0dd	openchild.o
0xff0e9	pmap_clnt.o
0xff0f5	pmap_getmaps.o
0xff104	pmap_getport.o
0xff113	pmap_prot.o
0xff11f	pmap_prot2.o
0xff12c	pmap_rmt.o
0xff137	rpc_prot.o
0xff142	rpc_comdata.o
0xff150	rpc_callmsg.o
0xff164	svc_auth.o
0xff16f	svc_auth_unix.o
0xff17f	svc_raw.o
0xff189	svc_run.o
0xff193	svc_simple.o
0xff1a0	svc_tcp.o
0xff1aa	svc_udp.o
0xff1b4	svcauth_des.o
0xff1c8	xdr_array.o
0xff1d4	xdr_float.o
0xff1e0	xdr_mem.o
0xff1ea	xdr_rec.o
0xff1f4	xdr_reference.o
0xff204	xdr_stdio.o
0xff210	bsd_sprintf.o
0xff21e	bsd_vsprintf.o
0xff22d	clrerr.o
0xff236	doscan.o
0xff246	fdopen.o
0xff25f	filbuf.o
0xff268	findiop.o
0xff272	flsbuf.o
0xff283	fprintf.o
0xff2a5	freopen.o
0xff2bf	fwrite.o
0xff2c8	getchar.o
0xff2e6	printf.o
0xff2ef	putchar.o
0xff315	setbuf.o
0xff31e	setbuffer.o
0xff32a	sprintf.o
0xff334	strout.o
0xff33d	ungetc.o
0xff346	vfprintf.o
0xff351	vprintf.o
0xff35b	vsprintf.o
0xff366	doprnt.o
0xff37f	gettimeofday.o
0xff38e	sigcatch.o
0xff399	sigvec.o
0xff3a2	accept.o
0xff3ab	access.o
0xff3bb	add_profil.o
0xff3c8	adjtime.o
0xff3d2	async_daemon.o
0xff3e8	cerror.o
0xff409	chroot.o
0xff41a	connect.o
0xff441	execle.o
0xff44a	execve.o
0xff453	exportfs.o
0xff45e	fchmod.o
0xff467	fchown.o
0xff48f	fstatfs.o
0xff4a1	ftruncate.o
0xff4ad	getdents.o
0xff4b8	getdirentries.o
0xff4c8	getdomainname.o
0xff4d8	getdtablesize.o
0xff4e8	getegid.o
0xff4f2	geteuid.o
0xff504	getgid.o
0xff50d	getgroups.o
0xff519	gethostid.o
0xff525	gethostname.o
0xff533	getitimer.o
0xff53f	getpagesize.o
0xff54d	getpeername.o
0xff55b	getpgrp.o
0xff565	getpid.o
0xff56e	getppid.o
0xff578	getpriority.o
0xff586	getrlimit.o
0xff592	getrusage.o
0xff59e	getsockname.o
0xff5ac	getsockopt.o
0xff5b9	getuid.o
0xff5d1	killpg.o
0xff5e1	listen.o
0xff619	nfssvc.o
0xff630	profil.o
0xff639	ptrace.o
0xff64a	quotactl.o
0xff65c	readlink.o
0xff66f	reboot.o
0xff67f	recvfrom.o
0xff68a	recvmsg.o
0xff694	rename.o
0xff6a5	rpause.o
0xff6ae	select.o
0xff6be	sendmsg.o
0xff6c8	sendto.o
0xff6d1	setdomainname.o
0xff6e1	setgroups.o
0xff6ed	sethostid.o
0xff6f9	sethostname.o
0xff707	setitimer.o
0xff713	setpgrp.o
0xff71d	setpriority.o
0xff72b	setprivexec.o
0xff739	setquota.o
0xff744	setregid.o
0xff74f	setreuid.o
0xff75a	setrlimit.o
0xff766	setsockopt.o
0xff773	settimeofday.o
0xff782	shutdown.o
0xff78d	sigblock.o
0xff798	sigpause.o
0xff7a3	sigreturn.o
0xff7af	sigsetmask.o
0xff7bc	sigstack.o
0xff7c7	sigtramp.o
0xff7d2	socket.o
0xff7db	socketpair.o
0xff7ef	statfs.o
0xff7f8	swapon.o
0xff801	symlink.o
0xff812	syscall.o
0xff824	truncate.o
0xff837	unlink.o
0xff840	unmount.o
0xff852	utimes.o
0xff85b	vhangup.o
0xff884	writev.o
0xff895	cprocs.o
0xff89e	cthreads.o
0xff8a9	cthreads_sync.o
0xff8b9	mig_support.o
0xff8d7	threads_data.o
0xff8ed	thread.o
0xff8fd	yperr_string.o
0xff90c	ypmaint_xdr.o
0xff91a	ypprot_err.o
0xff927	ypv1_xdr.o
0xff93a	yp_all.o
0xff943	yp_bind.o
0xff94d	yp_data.o
0xff957	yp_enum.o
0xff961	yp_master.o
0xff96d	yp_match.o
0xff978	yp_order.o
0xff983	o__gcc_bcmp.o
0xff991	o_adddf3.o
0xff99c	o_addsf3.o
0xff9a7	o_ashldi3.o
0xff9b3	o_ashlsi3.o
0xff9bf	o_ashrdi3.o
0xff9cb	o_ashrsi3.o
0xff9de	o_clear_cache.o
0xff9ee	o_cmpdi2.o
0xff9f9	o_ctors.o
0xffa03	o_divdf3.o
0xffa0e	o_divdi3.o
0xffa19	o_divsf3.o
0xffa24	o_divsi3.o
0xffa2f	o_eprintf.o
0xffa3b	o_eqdf2.o
0xffa45	o_eqsf2.o
0xffa4f	o_extendsfdf2.o
0xffa5f	o_ffsdi2.o
0xffa6a	o_fixdfdi.o
0xffa76	o_fixdfsi.o
0xffa82	o_fixsfdi.o
0xffa8e	o_fixsfsi.o
0xffa9a	o_fixtfdi.o
0xffaa6	o_fixunsdfdi.o
0xffab5	o_fixunsdfsi.o
0xffac4	o_fixunssfdi.o
0xffad3	o_fixunssfsi.o
0xffae2	o_fixunstfdi.o
0xffaf1	o_fixunsxfdi.o
0xffb00	o_fixunsxfsi.o
0xffb0f	o_fixxfdi.o
0xffb1b	o_floatdidf.o
0xffb29	o_floatdisf.o
0xffb37	o_floatditf.o
0xffb45	o_floatdixf.o
0xffb53	o_floatsidf.o
0xffb61	o_floatsisf.o
0xffb6f	o_gedf2.o
0xffb79	o_gesf2.o
0xffb83	o_gtdf2.o
0xffb8d	o_gtsf2.o
0xffb97	o_ledf2.o
0xffba1	o_lesf2.o
0xffbab	o_lshldi3.o
0xffbb7	o_lshlsi3.o
0xffbc3	o_lshrdi3.o
0xffbcf	o_lshrsi3.o
0xffbdb	o_ltdf2.o
0xffbe5	o_ltsf2.o
0xffbef	o_moddi3.o
0xffbfa	o_modsi3.o
0xffc05	o_muldf3.o
0xffc10	o_muldi3.o
0xffc1b	o_mulsf3.o
0xffc26	o_mulsi3.o
0xffc31	o_nedf2.o
0xffc3b	o_negdf2.o
0xffc46	o_negdi2.o
0xffc51	o_negsf2.o
0xffc5c	o_nesf2.o
0xffc66	o_new_handler.o
0xffc76	o_op_delete.o
0xffc84	o_op_new.o
0xffc8f	o_shtab.o
0xffc99	o_subdf3.o
0xffca4	o_subsf3.o
0xffcaf	o_trampoline.o
0xffcbe	o_truncdfsf2.o
0xffccd	o_ucmpdi2.o
0xffcd9	o_udiv_w_sdiv.o
0xffce9	o_udivdi3.o
0xffcf5	o_udivmoddi4.o
0xffd04	o_udivsi3.o
0xffd10	o_umoddi3.o
0xffd1c	o_umodsi3.o
0xffd28	o_varargs.o
0xffd34	hashtable2.o
0xffd41	maptable.o
0xffd4c	objc-class.o
0xffd59	objc-errors.o
0xffd67	objc-file.o
0xffd73	objc-globaldata.o
0xffd85	objc-globaltext.o
0xffd97	objc-load.o
0xffda3	objc-runtime.o
0xffdb2	objc-sel.o
0xffdbd	Object.o
0xffdc6	Protocol.o
0xffdd1	cplus_init.o
0xffdde	except.o
0xffde7	NXLogError.o
0xffdf4	objc-kernel.o
0xffe02	objc-moninit.o
0xffe11	objc-msg.o
0xffe1c	HashTable.o
0xffe2f	NXBundle.o
0xffe3a	NXCharacterSet.o
0xffe4b	NXPropertyList.o
0xffe5c	NXConstantString.o
0xffe6f	NXMutableString.o
0xffe81	NXReadOnlyString.o
0xffe94	NXReadOnlySubstring.o
0xffeaa	NXReadWriteString.o
0xffebe	NXSimpleReadOnlyString.o
0xffed7	NXString.o
0xffee2	NXStringTable.o
0xffef2	NXUniquedString.o
0xfff04	Storage.o
0xfff0e	StreamTable.o
0xfff1c	typedstream.o
0xfff31	dyld_debug.o
0xfff3e	dyld_support.o
0xfff4d	objectfileimage.o
0xfff5f	runtime_loading.o
0xfff71	dyld_event_server.o
0xfff85	link editor
0xfff91	INDR00000.o
0xfff9d	INDR00001.o
0xfffa9	INDR00002.o
0xfffb5	INDR00003.o
0xfffc1	INDR00004.o
0xfffcd	INDR00005.o
0xfffd9	INDR00006.o
0xfffe5	INDR00007.o
0xffff1	INDR00008.o
0xffffd	INDR00009.o
0x100009	INDR00010.o
0x100015	INDR00011.o
0x100021	INDR00012.o
0x10002d	INDR00013.o
0x100039	INDR00014.o
0x100045	INDR00015.o
0x100051	INDR00016.o
0x10005d	INDR00017.o
0x100069	INDR00018.o
0x100075	INDR00019.o
0x100081	INDR00020.o
0x10008d	INDR00021.o
0x100099	INDR00022.o
0x1000a5	INDR00023.o
0x1000b1	INDR00024.o
0x1000bd	INDR00025.o
0x1000c9	INDR00026.o
0x1000d5	INDR00027.o
0x1000e1	INDR00028.o
0x1000ed	INDR00029.o
0x1000f9	INDR00030.o
0x100105	INDR00031.o
0x100111	INDR00032.o
0x10011d	INDR00033.o
0x100129	INDR00034.o
0x100135	INDR00035.o
0x100141	INDR00036.o
0x10014d	INDR00037.o
0x100159	INDR00038.o
0x100165	INDR00039.o
0x100171	INDR00040.o
0x10017d	INDR00041.o
0x100189	INDR00042.o
0x100195	INDR00043.o
0x1001a1	INDR00044.o
0x1001ad	INDR00045.o
0x1001b9	INDR00046.o
0x1001c5	INDR00047.o
0x1001d1	INDR00048.o
0x1001dd	INDR00049.o
0x1001e9	INDR00050.o
0x1001f5	INDR00051.o
0x100201	INDR00052.o
0x10020d	INDR00053.o
0x100219	INDR00054.o
0x100225	INDR00055.o
0x100231	INDR00056.o
0x10023d	INDR00057.o
0x100249	INDR00058.o
0x100255	INDR00059.o
0x100261	INDR00060.o
0x10026d	INDR00061.o
0x100279	INDR00062.o
0x100285	INDR00063.o
0x100291	INDR00064.o
0x10029d	INDR00065.o
0x1002a9	INDR00066.o
0x1002b5	INDR00067.o
0x1002c1	INDR00068.o
0x1002cd	INDR00069.o
0x1002d9	INDR00070.o
0x1002e5	INDR00071.o
0x1002f1	INDR00072.o
0x1002fd	INDR00073.o
0x100309	INDR00074.o
0x100315	INDR00075.o
0x100321	INDR00076.o
0x10032d	INDR00077.o
0x100339	INDR00078.o
0x100345	INDR00079.o
0x100351	INDR00080.o
0x10035d	INDR00081.o
0x100369	INDR00082.o
0x100375	INDR00083.o
0x100381	INDR00084.o
0x10038d	INDR00085.o
0x100399	INDR00086.o
0x1003a5	INDR00087.o
0x1003b1	INDR00088.o
0x1003bd	INDR00089.o
0x1003c9	INDR00090.o
0x1003d5	INDR00091.o
0x1003e1	INDR00092.o
0x1003ed	INDR00093.o
0x1003f9	INDR00094.o
0x100405	INDR00095.o
0x100411	INDR00096.o
0x10041d	INDR00097.o
0x100429	INDR00098.o
0x100435	INDR00099.o
0x100441	INDR00100.o
0x10044d	INDR00101.o
0x100459	INDR00102.o
0x100465	INDR00103.o
0x100471	INDR00104.o
0x10047d	INDR00105.o
0x100489	INDR00106.o
0x100495	INDR00107.o
0x1004a1	INDR00108.o
0x1004ad	INDR00109.o
0x1004b9	INDR00110.o
0x1004c5	INDR00111.o
0x1004d1	INDR00112.o
0x1004dd	INDR00113.o
0x1004e9	INDR00114.o
0x1004f5	INDR00115.o
0x100501	INDR00116.o
0x10050d	INDR00117.o
0x100519	INDR00118.o
0x100525	INDR00119.o
0x100531	INDR00120.o
0x10053d	INDR00121.o
0x100549	INDR00122.o
0x100555	INDR00123.o
0x100561	INDR00124.o
0x10056d	INDR00125.o
0x100579	INDR00126.o
0x100585	INDR00127.o
0x100591	INDR00128.o
0x10059d	INDR00129.o
0x1005a9	INDR00130.o
0x1005b5	INDR00131.o
0x1005c1	INDR00132.o
0x1005cd	INDR00133.o
0x1005d9	INDR00134.o
0x1005e5	INDR00135.o
0x1005f1	INDR00136.o
0x1005fd	INDR00137.o
0x100609	INDR00138.o
0x100615	INDR00139.o
0x100621	INDR00140.o
0x10062d	INDR00141.o
0x100639	INDR00142.o
0x100645	INDR00143.o
0x100651	INDR00144.o
0x10065d	INDR00145.o
0x100669	INDR00146.o
0x100675	INDR00147.o
0x100681	INDR00148.o
0x10068d	INDR00149.o
0x100699	INDR00150.o
0x1006a5	INDR00151.o
0x1006b1	INDR00152.o
0x1006bd	INDR00153.o
0x1006c9	INDR00154.o
0x1006d5	INDR00155.o
0x1006e1	INDR00156.o
0x1006ed	INDR00157.o
0x1006f9	INDR00158.o
0x100705	INDR00159.o
0x100711	INDR00160.o
0x10071d	INDR00161.o
0x100729	INDR00162.o
0x100735	INDR00163.o
0x100741	INDR00164.o
0x10074d	INDR00165.o
0x100759	INDR00166.o
0x100765	INDR00167.o
0x100771	INDR00168.o
0x10077d	INDR00169.o
0x100789	INDR00170.o
0x100795	INDR00171.o
0x1007a1	INDR00172.o
0x1007ad	INDR00173.o
0x1007b9	INDR00174.o
0x1007c5	INDR00175.o
0x1007d1	INDR00176.o
0x1007dd	INDR00177.o
0x1007e9	INDR00178.o
0x1007f5	INDR00179.o
0x100801	INDR00180.o
0x10080d	INDR00181.o
0x100819	INDR00182.o
0x100825	INDR00183.o
0x100831	INDR00184.o
0x10083d	INDR00185.o
0x100849	INDR00186.o
0x100855	INDR00187.o
0x100861	INDR00188.o
0x10086d	INDR00189.o
0x100879	INDR00190.o
0x100885	INDR00191.o
0x100891	INDR00192.o
0x10089d	INDR00193.o
0x1008a9	INDR00194.o
0x1008b5	INDR00195.o
0x1008c1	INDR00196.o
0x1008cd	INDR00197.o
0x1008d9	INDR00198.o
0x1008e5	INDR00199.o
0x1008f1	INDR00200.o
0x1008fd	INDR00201.o
0x100909	INDR00202.o
0x100915	INDR00203.o
0x100921	INDR00204.o
0x10092d	INDR00205.o
0x100939	INDR00206.o
0x100945	INDR00207.o
0x100951	INDR00208.o
0x10095d	INDR00209.o
0x100969	INDR00210.o
0x100975	INDR00211.o
0x100981	dyld__mh_dylib_header
0x100997	dyld_lazy_symbol_binding_entry_point
0x1009bc	dyld_func_lookup_pointer
0x1009d5	__dyld_func_lookup
0x1009e8	dyld_stub_binding_helper
0x100a01	_NXArgv_pointer.72
0x100a14	_NXArgc_pointer.75
0x100a27	_environ_pointer.78
0x100a3b	__libgcc_private_extern__gcc_bcmp
0x100a5d	__libgcc_private_extern__ashldi3
0x100a7e	__libgcc_private_extern__ashrdi3
0x100a9f	_num_digits
0x100aab	_bb_head
0x100ab4	__libgcc_private_extern___bb_exit_func
0x100adb	__libgcc_private_extern___bb_init_func
0x100b02	__libgcc_private_extern___clear_cache
0x100b28	__libgcc_private_extern__cmpdi2
0x100b48	___clz_tab
0x100b53	__libgcc_private_extern__divdi3
0x100b73	_find_exception_table
0x100b89	_exception_table_list
0x100b9f	_except_pc
0x100baa	_except_table_pos
0x100bbc	__libgcc_private_extern___find_first_exception_table_match
0x100bf7	__libgcc_private_extern___register_exceptions
0x100c25	__libgcc_private_extern___throw_type_match
0x100c50	__libgcc_private_extern___unwind_function
0x100c7a	__libgcc_private_extern___eprintf
0x100c9c	__libgcc_private_extern__ffsdi2
0x100cbc	__libgcc_private_extern__fixdfdi
0x100cdd	__libgcc_private_extern__fixsfdi
0x100cfe	__libgcc_private_extern__fixunsdfdi
0x100d22	__libgcc_private_extern__fixunsdfsi
0x100d46	__libgcc_private_extern__fixunssfdi
0x100d6a	__libgcc_private_extern__fixunssfsi
0x100d8e	__libgcc_private_extern__fixunsxfdi
0x100db2	__libgcc_private_extern__fixunsxfsi
0x100dd6	__libgcc_private_extern__fixxfdi
0x100df7	__libgcc_private_extern__floatdidf
0x100e1a	__libgcc_private_extern__floatdisf
0x100e3d	__libgcc_private_extern__floatdixf
0x100e60	__libgcc_private_extern__lshrdi3
0x100e81	___clz_tab
0x100e8c	__libgcc_private_extern__moddi3
0x100eac	__libgcc_private_extern__muldi3
0x100ecc	__libgcc_private_extern__negdi2
0x100eec	___new_handler
0x100efb	__libgcc_private_extern___default_new_handler
0x100f29	__libgcc_private_extern___get_new_handler
0x100f53	__libgcc_private_extern_set_new_handler
0x100f7b	__libgcc_private_extern___builtin_delete
0x100fa4	__libgcc_private_extern___builtin_new
0x100fca	__libgcc_private_extern___builtin_vec_delete
0x100ff7	__libgcc_private_extern___builtin_vec_new
0x101021	__libgcc_private_extern___pure_virtual
0x101048	__libgcc_private_extern___shtab
0x101068	__libgcc_private_extern___enable_execute_stack
0x101097	__libgcc_private_extern___trampoline
0x1010bc	__libgcc_private_extern___transfer_from_trampoline
0x1010ef	__libgcc_private_extern__ucmpdi2
0x101110	__libgcc_private_extern___udiv_w_sdiv
0x101136	___clz_tab
0x101141	__libgcc_private_extern__udivdi3
0x101162	___clz_tab
0x10116d	__libgcc_private_extern__udivmoddi4
0x101191	___clz_tab
0x10119c	__libgcc_private_extern__umoddi3
0x1011bd	__libgcc_private_extern___builtin_saveregs
0x1011e8	_arch_multiple
0x1011f7	_printed.100
0x101204	_print_architecture_banner
0x101226	_allow_multiply_defined_symbols
0x101246	_arch_errors_fatal
0x101259	_arch_flag
0x101264	_archive_ObjC
0x101272	_archive_all
0x10127f	_bind_at_load
0x10128d	_defaultsectalign
0x10129f	_define_comldsyms
0x1012b1	_dylib_compatibility_version
0x1012ce	_dylib_current_version
0x1012e5	_dylib_files
0x1012f2	_dylib_install_name
0x101306	_dylinker_install_name
0x10131d	_dynamic
0x101326	_entry_point_name
0x10133f	_error_with_cur_obj
0x101362	_filetype
0x101373	_force_cpusubtype_ALL
0x101389	_headerpad
0x101394	_host_byte_sex
0x1013a3	_host_pagesize
0x1013b2	_keep_private_externs
0x1013c8	_load_map
0x1013d2	_mach_fatal
0x1013de	_ndylib_files
0x1013ec	_no_arch_warnings
0x1013fe	_nowarnings
0x10140a	_ntrace_syms
0x101417	_nundef_syms
0x101424	_output_for_dyld
0x101435	_outputfile
0x101441	_pagezero_size
0x101450	_prebinding
0x101463	_progname
0x10146d	_read_only_reloc_flag
0x10148a	_save_reloc
0x101496	_sectorder_detail
0x1014a8	_seg1addr
0x1014b2	_seg1addr_specified
0x1014c6	_segalign
0x1014d0	_seglinkedit
0x1014dd	_specific_arch_flag
0x1014f1	_strip_base_symbols
0x101505	_strip_level
0x101512	_system_error
0x101520	_system_fatal
0x10152e	_system_warning
0x10153e	_target_byte_sex
0x101556	_trace_syms
0x101562	_undef_syms
0x10156e	_undefined_flag
0x10157e	_warning
0x101587	_warning_with_cur_obj
0x10159d	_whyload
0x1015a6	_stat_buf
0x1015b0	_strings
0x1015b9	_pass1_fat
0x1015c4	_pass1_archive
0x1015d3	_check_archive_arch
0x1015e7	_pass1_object
0x1015f5	_ranlib_bsearch
0x101605	_empty_symtab.112
0x101617	_empty_dysymtab.113
0x10162b	_check_cur_obj
0x10163a	_empty_symtab.116
0x10164c	_base_program_symtab.117
0x101665	_check_size_offset
0x101678	_check_size_offset_sect
0x101690	_check_fat
0x1016a2	_merge_base_program
0x1016bd	_member_name.80
0x1016cd	_fine_reloc_for_input_offset
0x1016ea	_cur_obj
0x1016f3	_print_obj_name
0x101703	_base_obj
0x10170d	_new_object_file
0x10171e	_obj_member_name
0x10172f	_size_ar_name
0x10173d	_add_last_object_file
0x101753	_clean_objects
0x101762	_fine_reloc_offset_in_output
0x10177f	_fine_reloc_offset_in_output_for_output_offset
0x1017ae	_fine_reloc_output_address
0x1017c9	_fine_reloc_output_offset
0x1017e3	_fine_reloc_output_sectnum
0x1017fe	_nobjects
0x101808	_objects
0x101811	_print_whatsloaded
0x101824	_remove_last_object_file
0x10183d	_remove_objects
0x10184d	_section_flags
0x10185c	_merge_sections
0x10186c	_create_merged_section
0x101883	_lookup_merged_section
0x10189a	_lookup_merged_segment
0x1018b1	_merge_literal_sections
0x1018c9	_merged_segments
0x1018e2	_original_merged_segments
0x1018fc	_output_literal_sections
0x101915	_output_section
0x101925	_remove_merged_sections
0x10193d	_reset_merged_sections
0x101954	_zero_merged_sections_sizes
0x101970	_cstring_free
0x10197e	_cstring_merge
0x10198d	_cstring_order
0x10199c	_cstring_output
0x1019ac	_get_cstring_from_sectorder
0x1019c8	_lookup_cstring
0x1019d8	_merged_symbol_list_for_enter_symbol
0x1019fd	_undefsyms_order
0x101a0e	_extdefsyms_order
0x101a20	_free_list
0x101a2b	_link_edit_common_section
0x101a45	_link_edit_section_maps
0x101a5d	_multiple_defs
0x101a6c	_nmultiple_defs
0x101a7c	_nindr_symbols
0x101a8b	_commons_exist
0x101a9a	_noundefs
0x101aa4	_enter_symbol
0x101ab2	_enter_indr_symbol
0x101ac5	_enter_string
0x101ad3	_add_to_undefined_list
0x101aea	_undefined_blocks
0x101afc	_multiply_defined
0x101b0e	_trace_object_symbol
0x101b23	_trace_symbol
0x101b31	_merged_symbol_string_index
0x101b4d	_get_string_block
0x101b5f	_qsort_by_module
0x101b70	_qsort_by_name
0x101b7f	_delete_from_undefined_list
0x101b9b	_lookup_symbol
0x101baa	_merge_symbols
0x101bb9	_undefined_list
0x101bc9	_assign_output_symbol_indexes
0x101be7	_define_common_symbols
0x101bfe	_free_multiple_defs
0x101c12	_free_undefined_list
0x101c27	_indr_symbol_pairs
0x101c3a	_is_output_local_symbol
0x101c52	_layout_merged_symbols
0x101c69	_link_edit_common_object
0x101c82	_local_string_size
0x101c95	_local_symbol_output_index
0x101cb0	_merged_string_blocks
0x101cc6	_merged_string_size
0x101cda	_merged_symbol_lists
0x101cef	_merged_symbol_output_index
0x101d0b	_nindr_symbol_pairs
0x101d1f	_nlocal_symbols
0x101d2f	_nmerged_private_symbols
0x101d48	_nmerged_symbols
0x101d59	_nmerged_symbols_referenced_only_from_dylibs
0x101d86	_output_local_symbols
0x101d9c	_output_merged_symbols
0x101db3	_process_undefineds
0x101dc7	_reduce_indr_symbols
0x101ddc	_remove_merged_symbols
0x101df3	_reset_prebound_undefines
0x101e0d	_sect_object_symbols
0x101e22	_set_merged_string_block_indexes
0x101e43	_trace_merged_symbol
0x101e58	_mc680x0
0x101e61	_mc98000
0x101e6a	_mc88000
0x101e79	_intel386
0x101e83	_hppa_state
0x101e8f	_sparc_state
0x101e9c	_linkedit_segment.98
0x101eb1	_pagezero_segment.99
0x101ec6	_object_segment.100
0x101eda	_layout_segments
0x101eeb	_output_dysymtab_info
0x101f01	_output_mach_header
0x101f15	_output_symtab_info
0x101f31	_output_thread_info
0x101f45	_create_output_sections_array
0x101f63	_set_SG_NORELOC_flags
0x101f79	_output_headers
0x101f89	_output_addr
0x101f96	_output_size
0x101fa3	_output_sections
0x101fbb	_generic_reloc
0x101fca	_undef_bsearch
0x101fd9	_rld_monaddition
0x101fea	_error_stream
0x101fff	_rld_env
0x102010	_rld_maintain_states
0x102025	_rld_nallocated_states
0x10203c	_rld_nloaded_states
0x102050	_rld_loaded_state
0x102062	_NXArgv_pointer.100
0x102076	__mh_execute_header_pointer.101
0x102096	_internal_rld_load
0x1020a9	_internal_rld_unload
0x1020be	_rld_loaded_state_changed
0x1020d8	_rld_get_loaded_state
0x1020ee	_cleanup
0x1020ff	_allocate
0x102109	_reallocate
0x102115	_base_name
0x102120	_RLD_DEBUG_OUTPUT_FILENAME_flag
0x102140	_address_func
0x102155	_new_archive_or_fat
0x102169	_cur_set
0x102178	_clean_archives_and_fats
0x102191	_free_sets
0x10219c	_new_set
0x1021a5	_remove_set
0x1021b1	_literal4_free
0x1021c0	_literal4_merge
0x1021d0	_literal4_order
0x1021e0	_literal4_output
0x1021f1	_lookup_literal4
0x102202	_literal8_free
0x102211	_literal8_merge
0x102221	_literal8_order
0x102231	_literal8_output
0x102242	_get_hex_from_sectorder
0x10225a	_lookup_literal8
0x10226b	_count_reloc
0x102278	_lookup_literal_pointer
0x102290	_literal_pointer_free
0x1022a6	_literal_pointer_merge
0x1022bd	_literal_pointer_order
0x1022d4	_literal_pointer_output
0x1022ec	_has_dynamic_linker_command
0x102308	_lookup_indirect_item
0x10231e	_indirect_section_free
0x102335	_indirect_section_merge
0x10234d	_indirect_section_order
0x102365	_nindirectsyms
0x102374	_save_lazy_symbol_pointer_relocs
0x102395	_output_indirect_symbols
0x1023ae	_legal_reference
0x1023bf	_modinit_section_merge
0x1023d6	_modinit_section_order
0x1023ed	_m98k_reloc
0x1023f9	_m88k_reloc
0x102405	_hppa_reloc
0x102411	_sparc_reloc
0x10241e	_cpusubtype_combine
0x102432	_cpusubtype_findbestarch
0x10244b	_arch_flags
0x102457	_get_arch_family_from_cputype
0x102475	_get_arch_from_host
0x102489	_get_arch_name_from_types
0x1024a3	_get_byte_sex_from_flag
0x1024bb	_get_arch_flags
0x1024cb	_get_arch_from_flag
0x1024df	_get_toc_byte_sex
0x1024f1	_swap_dylib_command
0x102505	_swap_dylib_module
0x102518	_swap_dylib_reference
0x10252e	_swap_dylib_table_of_contents
0x10254c	_swap_dylinker_command
0x102563	_swap_dysymtab_command
0x10257a	_swap_fvmlib_command
0x10258f	_swap_indirect_symbols
0x1025a6	_swap_load_command
0x1025b9	_swap_mach_header
0x1025cb	_swap_ranlib
0x1025d8	_swap_section
0x1025e6	_swap_segment_command
0x1025fc	_swap_symseg_command
0x102611	_swap_symtab_command
0x102626	_swap_relocation_info
0x10263c	_swap_nlist
0x102648	_get_host_byte_sex
0x10265b	_SWAP_DOUBLE
0x102668	_SWAP_FLOAT
0x102674	_swap_fat_arch
0x102683	_swap_fat_header
0x102694	_swap_fvmfile_command
0x1026aa	_swap_hppa_fp_thread_state
0x1026c5	_swap_hppa_frame_thread_state
0x1026e3	_swap_hppa_integer_thread_state
0x102703	_swap_i386_thread_cthreadstate
0x102722	_swap_i386_thread_exceptstate
0x102740	_swap_i386_thread_fpstate
0x10275a	_swap_i386_thread_state
0x102772	_swap_i860_thread_state_regs
0x10278f	_swap_ident_command
0x1027a3	_swap_m68k_thread_state_68882
0x1027c1	_swap_m68k_thread_state_regs
0x1027de	_swap_m68k_thread_state_user_reg
0x1027ff	_swap_m88110_thread_state_impl_t
0x102820	_swap_m88k_thread_state_grf_t
0x10283e	_swap_m88k_thread_state_user_t
0x10285d	_swap_m88k_thread_state_xrf_t
0x10287b	_swap_m98k_thread_state_grf_t
0x102899	_swap_prebound_dylib_command
0x1028b6	_swap_sparc_thread_state_fpu
0x1028d3	_swap_sparc_thread_state_regs
0x1028f1	_swap_thread_command
0x102906	_swap_object_headers
0x10291b	_vm_flush_cache
0x10292b	_reloc_has_pair
0x10293b	_reloc_pair_r_type
0x10294e	_reloc_is_sectdiff
0x102967	_assemble_17
0x102974	_assemble_21
0x102981	_calc_hppa_HILO
0x102991	_dis_assemble_17
0x1029a2	_dis_assemble_21
0x1029b3	_low_sign_ext
0x1029c1	_low_sign_unext
0x1029d1	_sign_ext
0x1029db	_sign_unext
0x1029e7	_assemble_12
0x1029f4	_assemble_3
0x102a00	_dis_assemble_12
0x102a11	_dis_assemble_3
0x102a21	_file_functions
0x102a31	_file_flush
0x102a3d	_file_fill
0x102a48	_file_change
0x102a55	_file_seek
0x102a60	_file_close
0x102a6c	__NXStreamsTextPad
0x102a7f	__NXStreamsLiteralTextPad
0x102a99	_ipc_functions
0x102aa8	_ipc_flush
0x102ab3	_ipc_fill
0x102abd	_ipc_change
0x102ac9	_ipc_seek
0x102ad3	_ipc_close
0x102ade	_memory_functions
0x102af0	_memory_flush
0x102afe	_memory_fill
0x102b0b	_memory_change
0x102b1a	_memory_seek
0x102b27	_memory_close
0x102b35	_cheap_functions
0x102b46	_cheap_flush
0x102b53	_cheap_seek
0x102b5f	_cheap_close
0x102b6c	_verify_memory_stream
0x102b82	_memory_extend
0x102b91	_betterCopy
0x102b9d	_cheap_extend
0x102bab	_check_wellformed_header
0x102bc4	_printfProcTable
0x102bd5	_sizePrintfProcTable
0x102bea	_isRegisteredPrintfChar
0x102c02	__p_dconv
0x102c1a	_stringnotzero
0x102c39	__getccl
0x102c5e	_small.40
0x102cb5	_small.5
0x102dcc	_zero.40
0x102ddd	_small.42
0x102e06	_zero.42
0x102e17	_small.44
0x102e21	_ibig.45
0x102e41	__dbBaseName
0x102e5c	__db_global_text_pad
0x102e71	__dbDirExtension
0x102e82	__dbLeafExtension
0x102e94	__db_literal_text_pad
0x102eaa	__dbOpenFile
0x102eb7	__dbSizeTable
0x102ec5	_homeDirectory
0x102ed4	_userName
0x102ede	_lastKnownUid
0x102eec	_getUserInfo
0x102ef9	_NXHomeDirectory
0x102f0a	_hasTerminal.76
0x102f1a	_NXLogError
0x102f2e	_defaultsDB
0x102f3a	_readBuf
0x102f43	_defaultsUser
0x102f51	_defaultsHome
0x102f5f	_defaultsUid
0x102f6c	_defaultsGid
0x102f79	_didSetreuid
0x102f86	_didSetregid
0x102f93	_firstRD
0x102fb2	_firstBlock
0x102fbe	_lastBlock
0x102fc9	_db_mtime
0x102fd3	_doRegisterDefaults
0x102fe7	__openDefaults
0x102ff6	__closeDefaults
0x103006	__registerDefault
0x103018	__resetRegisteredDefault
0x103031	__isRegistered
0x103040	__doReadDefault
0x103050	__doWriteDefault
0x103061	__writeAndRegisterDefault
0x10307b	__lockDefaults
0x10308a	__unlockDefaults
0x10309b	__constructKey
0x1030aa	__destroyKey
0x1030b7	_defStrcmp
0x1030c2	_defCopyString
0x1030d1	_defaultAlloc
0x1030df	_blockAlloc
0x1030eb	_blockFree
0x1030f6	__NXGobbleArgs
0x103105	_NXArgv_pointer.139
0x103119	_NXArgc_pointer.140
0x10312d	_cmdLineToDefaults
0x103140	_firstArg
0x10314a	_firstLen
0x103154	_rstrtok
0x10315d	_getBitfieldSizeAndAdvance
0x103178	_getBitfieldSize
0x103189	+[NXPortPortal newPort]
0x1031a1	+[NXPortPortal newFromMachPort:dealloc:]
0x1031ca	+[NXPortPortal lookUpPortWithName:onHost:]
0x1031f5	+[NXPortPortal checkInPort:withName:]
0x10321b	-[NXPortPortal initWithMachPort:]
0x10323d	-[NXPortPortal initWithPort:]
0x10325b	-[NXPortPortal free]
0x103270	_copyFromZone
0x10327e	-[NXPortPortal move]
0x103293	-[NXPortPortal port]
0x1032a8	-[NXPortPortal setPort:]
0x1032c1	-[NXPortPortal connection]
0x1032dc	-[NXPortPortal setRequestMsg:]
0x1032fb	-[NXPortPortal isRequestMsg]
0x103318	-[NXPortPortal goodMsgSize]
0x103334	-[NXPortPortal setMsg:]
0x10334c	-[NXPortPortal sequenceNumber]
0x10336b	__NXEncodeBool
0x10337a	__NXDecodeBool
0x103389	__NXEncodeChars
0x103399	__NXDecodeChars
0x1033a9	__NXDecodeUniqueString
0x1033c0	_extract_field_elmt
0x1033d4	_insert_field_elmt
0x1033e7	__iterate_bitfields
0x1033fb	__pack_callback
0x10340b	__unpack_callback
0x10341d	_iencodeData
0x10342a	_idecodeData
0x103437	-[NXPortPortal encodeData:ofType:]
0x10345a	-[NXPortPortal decodeData:ofType:]
0x10347d	-[NXPortPortal encodeBytes:count:]
0x1034a0	-[NXPortPortal decodeBytes:count:]
0x1034c3	-[NXPortPortal encodeMachPort:]
0x1034e3	-[NXPortPortal decodeMachPort:]
0x103503	-[NXPortPortal encodeVM:count:]
0x103523	-[NXPortPortal encodeVM:count:dealloc:]
0x10354b	-[NXPortPortal decodeVM:count:]
0x10356b	-[NXPortPortal encodeObject:]
0x103589	-[NXPortPortal encodeObjectBycopy:]
0x1035ad	-[NXPortPortal decodeObject]
0x1035ca	-[NXPortPortal startEncodingWithConnection:andSequenceNumber:]
0x103609	-[NXPortPortal finishEncodingAndStartDecoding:]
0x103639	-[NXPortPortal finishEncoding]
0x103658	-[NXPortPortal startDecodingWithMsg:withConnection:]
0x10368d	-[NXPortPortal startDecodingWithTimeout:]
0x1036b7	-[NXPortPortal finishDecoding]
0x1036d6	+[NXPortPortal dispatchMsg:]
0x1036f3	-[NXPortPortal print]
0x103709	-[NXPortPortal zone]
0x10371e	_MessagesReceivedCount
0x103735	_DefaultZone
0x103742	_sequence_gate
0x103751	_DefaultBufferClass
0x103765	_number.2
0x10376f	_generateSequenceNumber
0x103787	_freeNXMethodSignature
0x10379e	_isNXMethodSignatureEqual
0x1037b8	_hashNXMethodSignature
0x1037cf	_NXMethodSignatureProto
0x1037e7	+[NXMethodSignature fromDescription:fromZone:]
0x103816	-[NXMethodSignature encodeMethodParams:onto:]
0x103844	-[NXMethodSignature decodeMethodParamsFrom:]
0x103871	-[NXMethodSignature encodeMethodRet:withargs:onto:]
0x1038a5	-[NXMethodSignature free]
0x1038bf	-[NXMethodSignature methodReturnType]
0x1038e5	-[NXMethodSignature isOneway]
0x103903	-[NXMethodSignature methodReturnArea]
0x103929	-[NXMethodSignature decodeMethodRetFrom:withargs:atAddr:]
0x103963	-[Object(Object_NXMethodSignature) methodSignature:fromZone:]
0x1039a1	_DefaultInTimeout
0x1039b3	_DefaultOutTimeout
0x1039c6	_roProto
0x1039cf	_hashProxy
0x1039da	_isEqualProxy
0x1039e8	_freeProxy
0x1039f3	_hash_table_gate
0x103a04	_hashConnection
0x103a14	_isEqualConnection
0x103a27	_freeConnection
0x103a37	_connProto
0x103a42	_conn_table_gate
0x103a53	_conn_table
0x103a5f	_reply_table_gate
0x103a71	_reply_table
0x103a7e	_nxproxyclass
0x103a8c	+[NXConnection initialize]
0x103aa7	+[NXConnection newForInPort:andOutPort:fromZone:]
0x103ad9	+[NXConnection newForInMachPort:andOutMachPort:fromZone:]
0x103b13	-[NXConnection free]
0x103b28	-[NXConnection copyWithOutPort:]
0x103b49	+[NXConnection connectToName:]
0x103b68	+[NXConnection connectToName:onHost:]
0x103b8e	+[NXConnection connectToName:fromZone:]
0x103bb6	+[NXConnection connectToName:onHost:fromZone:]
0x103be5	+[NXConnection connectToPort:withInPort:]
0x103c0f	+[NXConnection connectToPort:withInPort:fromZone:]
0x103c42	+[NXConnection connectToPort:]
0x103c61	+[NXConnection connectToPort:fromZone:]
0x103c89	+[NXConnection registerRoot:withName:]
0x103cb0	+[NXConnection registerRoot:withName:fromZone:]
0x103ce0	+[NXConnection registerRoot:]
0x103cfe	+[NXConnection registerRoot:fromZone:]
0x103d25	+[NXConnection unregisterForInvalidationNotification:]
0x103d5c	-[NXConnection invalidate]
0x103d77	-[NXConnection senderIsInvalid:]
0x103d98	+[NXConnection messagesReceived]
0x103db9	+[NXConnection setDefaultBufferClass:]
0x103de0	+[NXConnection setDefaultTimeout:]
0x103e03	+[NXConnection defaultTimeout]
0x103e22	+[NXConnection setDefaultInTimeout:]
0x103e47	+[NXConnection defaultInTimeout]
0x103e68	+[NXConnection setDefaultOutTimeout:]
0x103e8e	+[NXConnection defaultOutTimeout]
0x103eb0	+[NXConnection setDefaultZone:]
0x103ed0	+[NXConnection defaultZone]
0x103eec	+[NXConnection count]
0x103f02	+[NXConnection connections:]
0x103f1f	-[NXConnection setDelegate:]
0x103f3c	-[NXConnection delegate]
0x103f55	-[NXConnection outPortalBuffer]
0x103f75	-[NXConnection inPortalBuffer]
0x103f94	-[NXConnection inPortal]
0x103fad	-[NXConnection inPort]
0x103fc4	-[NXConnection outPort]
0x103fdc	-[NXConnection bufferClass]
0x103ff8	-[NXConnection setInTimeout:]
0x104016	-[NXConnection setOutTimeout:]
0x104035	-[NXConnection inTimeout]
0x10404f	-[NXConnection outTimeout]
0x10406a	-[NXConnection rootObject]
0x104085	-[NXConnection setRoot:]
0x10409e	-[NXConnection insertProxy:]
0x1040bb	-[NXConnection newRemote:withProtocol:]
0x1040e3	-[NXConnection newLocal:]
0x1040fd	-[NXConnection getRemote:]
0x104118	-[NXConnection getLocal:]
0x104132	-[NXConnection findLocal:forInPort:]
0x104157	-[NXConnection remoteObjects]
0x104175	-[NXConnection localObjects]
0x104192	-[NXConnection localProxies]
0x1041af	-[NXConnection removeRemote:]
0x1041cd	-[NXConnection removeLocal:]
0x1041ea	+[NXConnection removeObject:]
0x104208	+[NXConnection handleRequestOnPortal:]
0x10422f	-[NXConnection finishEncodingAndGetReplyOnPortal:]
0x104262	-[NXConnection run]
0x104276	-[NXConnection runWithTimeout:]
0x10429d	-[NXConnection runInNewThread]
0x1042bc	+[NXConnection debug:showThread:verbose:]
0x1042e6	+[NXConnection debug:]
0x1042fd	_structure_addr
0x10430d	_methodSignature_of_descriptionForMethod
0x104336	_refgate
0x10433f	+[NXProxy initialize]
0x104355	+[NXProxy class]
0x104366	+[NXProxy self]
0x104376	-[NXProxy perform:]
0x10438a	-[NXProxy perform:with:]
0x1043a3	-[NXProxy conformsTo:]
0x1043ba	-[NXProxy connectionForProxy]
0x1043d8	-[NXProxy nameForProxy]
0x1043f0	-[NXProxy references]
0x104406	-[NXProxy addReference]
0x10441e	-[NXProxy setProtocolForProxy:]
0x10443e	-[NXProxy methodSignature:fromZone:]
0x104463	-[NXProxy forward::]
0x104478	-[NXProxy invalidateProxy]
0x104493	-[NXProxy freeProxy]
0x1044a8	-[NXProxy free]
0x1044b8	-[NXProxy encodeRemotelyFor:freeAfterEncoding:isBycopy:]
0x1044f1	-[NXProxy encodeUsing:]
0x104509	-[NXProxy decodeUsing:]
0x104521	-[NXProxy isProxy]
0x104534	-[Object(Object_MakeRemote_Import) encodeRemotelyFor:freeAfterEncoding:isBycopy:]
0x104586	-[Object(Object_MakeRemote_Import) encodeUsing:]
0x1045b7	-[Object(Object_MakeRemote_Import) decodeUsing:]
0x1045e8	-[Object(isRemote) isProxy]
0x104604	-[Object(GetListOfProtocols) getListOfProtocols:]
0x104636	-[List(Transport) encodeRemotelyFor:freeAfterEncoding:isBycopy:]
0x104677	-[List(Transport) encodeUsing:]
0x104697	-[List(Transport) decodeUsing:]
0x1046b7	-[Protocol(Transport) encodeRemotelyFor:freeAfterEncoding:isBycopy:]
0x1046fc	-[Protocol(Transport) encodeUsing:]
0x104720	-[Protocol(Transport) decodeUsing:]
0x104744	_log_impl
0x10474e	_mygate.8
0x104758	_printf_log
0x104764	_log_header
0x104770	_log_show_pid
0x10477e	_log_show_thread
0x10478f	_mygate.11
0x10479a	_sys_log
0x1047a3	-[NXData initWithSize:]
0x1047bb	-[NXData initWithData:size:dealloc:]
0x1047e0	-[NXData free]
0x1047ef	-[NXData data]
0x1047fe	-[NXData size]
0x10480d	-[NXData copyFromZone:]
0x104825	-[NXData encodeRemotelyFor:freeAfterEncoding:isBycopy:]
0x10485d	-[NXData encodeUsing:]
0x104874	-[NXData decodeUsing:]
0x10488b	+[NXInvalidationNotifier initialize]
0x1048b0	_ref_gate
0x1048ba	-[NXInvalidationNotifier init]
0x1048d9	-[NXInvalidationNotifier copy]
0x1048f8	-[NXInvalidationNotifier references]
0x10491d	-[NXInvalidationNotifier addReference]
0x104944	-[NXInvalidationNotifier invalidate]
0x104969	-[NXInvalidationNotifier isValid]
0x10498b	-[NXInvalidationNotifier registerForInvalidationNotification:]
0x1049ca	-[NXInvalidationNotifier unregisterForInvalidationNotification:]
0x104a0b	-[NXInvalidationNotifier free]
0x104a2a	-[NXInvalidationNotifier deallocate]
0x104a4f	-[NXSpinLock init]
0x104a62	-[NXSpinLock free]
0x104a75	-[NXSpinLock lock]
0x104a88	-[NXSpinLock unlock]
0x104a9d	-[NXConditionLock init]
0x104ab5	-[NXConditionLock initWith:]
0x104ad2	-[NXConditionLock condition]
0x104aef	-[NXConditionLock free]
0x104b07	-[NXConditionLock lock]
0x104b1f	-[NXConditionLock unlock]
0x104b39	-[NXConditionLock lockWhen:]
0x104b56	-[NXConditionLock unlockWith:]
0x104b75	-[NXLock init]
0x104b84	-[NXLock free]
0x104b93	-[NXLock lock]
0x104ba2	-[NXLock unlock]
0x104bb3	-[NXRecursiveLock init]
0x104bcb	-[NXRecursiveLock free]
0x104be3	-[NXRecursiveLock lock]
0x104bfb	-[NXRecursiveLock unlock]
0x104c15	_signaturePort
0x104c24	+[NXNetNameServer initialize]
0x104c42	+[NXNetNameServer checkInPort:withName:]
0x104c6b	+[NXNetNameServer checkOutPortWithName:]
0x104c94	+[NXNetNameServer lookUpPortWithName:]
0x104cbb	+[NXNetNameServer lookUpPortWithName:onHost:]
0x104ce9	_all_ports_gate
0x104cf9	_all_ports
0x104d04	_hash_port
0x104d0f	_isEqual_port
0x104d1d	_Proto_port
0x104d29	+[NXPort initialize]
0x104d3e	+[NXPort new]
0x104d4c	+[NXPort newFromMachPort:]
0x104d67	+[NXPort newFromMachPort:dealloc:]
0x104d8a	-[NXPort machPort]
0x104d9d	-[NXPort free]
0x104dac	-[NXPort hash]
0x104dbb	_serverNotifyPort
0x104dcd	_send_death
0x104dd9	+[NXPort worryAboutPortInvalidation]
0x104dfe	-[NXPort encodeRemotelyFor:freeAfterEncoding:isBycopy:]
0x104e36	-[NXPort encodeUsing:]
0x104e4d	-[NXPort decodeUsing:]
0x104e64	-[NXPort setEnableProc:]
0x104e7d	-[NXPort setEnableProc:data:]
0x104e9b	-[NXPort enableProc]
0x104eb0	-[NXPort enableExternal]
0x104ec9	-[NXPort disableExternal]
0x104ee3	-[NXProtocolChecker initWithObject:forProtocol:]
0x104f14	-[NXProtocolChecker forward::]
0x104f33	-[NXProtocolChecker descriptionForMethod:]
0x104f5e	-[NXProtocolChecker conformsTo:]
0x104f7f	-[NXProtocolChecker free]
0x104f99	_atexit_list
0x104fa9	_CurrencyDefaults
0x104fbb	__NXGetLocalizedDefault
0x104fd3	_C_lconv
0x104fdc	_appName
0x104fe5	_parseToken
0x104ff1	_parseNumber
0x104ffe	_parseGrouping
0x105015	_currentLocale
0x105024	_letter.2
0x10502e	_tmpfilename.3
0x10503d	_DateTimeDefaults
0x10504f	__ShortDays
0x10505b	__LongDays
0x105066	__ShortMonths
0x105074	__LongMonths
0x105088	__DateAndTime
0x1050a4	_LookupString
0x1050b2	_packmantissa
0x1050c6	_place.2
0x1050cf	_scanpoint
0x1050da	_lasts.2
0x1050e3	_origS.3
0x1050fa	_scale60
0x105103	_getvtimes
0x10510e	_scale60
0x10511e	_g_desfd
0x105127	_common_crypt
0x105167	_longtab
0x105170	_R_to_ER_tab
0x105193	_des_setkey
0x10519f	_des_encrypt
0x1051ba	_event_portType.6
0x1051cc	_RetCodeCheck.7
0x1051dc	_event_portType.10
0x1051ef	_RetCodeCheck.11
0x105200	_event_portType.14
0x105213	_taskType.15
0x105220	_sizeType.16
0x10522d	_RetCodeCheck.17
0x10523e	_addrCheck.18
0x10524c	_event_portType.21
0x10525f	_nameType.22
0x10526c	_classType.23
0x10527a	_RetCodeCheck.24
0x10528b	_nameDevicePortCheck.25
0x1052a3	_special_keyType.28
0x1052b7	_key_portType.29
0x1052c8	_RetCodeCheck.30
0x1052d9	_unitType.33
0x1052e6	_parameterNameType.34
0x1052fc	_maxCountType.35
0x10530d	_RetCodeCheck.36
0x10531e	_unitType.39
0x10532b	_parameterNameType.40
0x105341	_maxCountType.41
0x105352	_RetCodeCheck.42
0x105363	_unitType.45
0x105370	_parameterNameType.46
0x105386	_parameterArrayType.47
0x10539d	_RetCodeCheck.48
0x1053ae	_unitType.51
0x1053bb	_parameterNameType.52
0x1053d1	_parameterArrayType.53
0x1053e8	_RetCodeCheck.54
0x105425	_cryptglobalsp.2
0x105436	_getcryptglobalsp
0x105451	_iobuf.9
0x10545a	_wday_name.4
0x105467	_mon_name.5
0x105473	_result.6
0x10547d	_ctimeglobalsp.9
0x10548e	_getctimeglobalsp
0x1054a0	_detzcode
0x1054b2	_tzsetkernel
0x1054bf	_tzsetgmt
0x1054c9	_mon_lengths
0x1054d6	_year_lengths
0x1054eb	_offtime
0x1054f9	__ctype_padding
0x105509	_stuff.2
0x105512	_dev_name
0x10551c	_dgetent
0x10552b	_dnamatch
0x10553c	_dgetnum
0x105545	_dgetflag
0x10554f	_dgetstr
0x105558	_ddecode
0x105561	_label.19
0x10557a	_TMPFILE
0x105593	_tokenbuf.14
0x1055a0	_skipwhite
0x1055ab	_skipnonwhite
0x1055c0	_striphash_fgets
0x1055e8	_interpret
0x1055f3	_fstabscan
0x1055fe	_fs_file
0x10560c	_environ_pointer.72
0x105620	_nvmatch
0x105630	_firsttime
0x10563b	_striphash_fgets
0x10564c	__grjunk
0x105655	_usingyellow
0x10566a	_savegp.18
0x105675	_interpret
0x105680	_freeminuslist
0x10568f	_interpretwithsave
0x1056a2	_onminuslist
0x1056af	_getnextfromyellow
0x1056c2	_getfirstfromyellow
0x1056d6	_getnamefromyellow
0x1056e9	_addtominuslist
0x105706	_matchname
0x105711	_matchgid
0x105722	_getgidfromyellow
0x10574f	_striphash_fgets
0x105760	__pwjunk
0x105769	___pwjunk
0x105773	_passwd.6
0x10577d	_fetchpw
0x10578e	__pw_stayopen
0x1057a4	_savepw.21
0x1057af	_matchname
0x1057ba	_matchuid
0x1057cb	_getnextfromyellow
0x1057de	_getfirstfromyellow
0x1057f2	_getnamefromyellow
0x105805	_getuidfromyellow
0x105817	_interpretwithsave
0x10582a	_interpret
0x105835	_freeminuslist
0x105844	_addtominuslist
0x105861	_onminuslist
0x10586e	___ttyjunk
0x105879	__ttyjunk
0x105890	_okshells
0x10589a	_strings
0x1058a3	_curshell
0x1058b5	_initshells
0x1058c1	_pathsize
0x1058cb	_cachedName.2
0x1058d9	_real_getwd
0x1058e5	_prepend
0x1058ee	_rld_get_loaded_state
0x105904	_profiling
0x105927	_monsetup
0x105931	_malloc_static
0x105940	_MallocErrorFunc
0x105951	_DefaultMallocError
0x105965	_malloc_check
0x105973	_errmessage
0x10597f	_stdmessage
0x10598b	_heapadd
0x105994	_heapremove
0x1059a8	_downheap
0x1059b2	_malloc_init
0x1059bf	_nxdestroyzone
0x1059ce	_joinzonesnolock
0x1059df	_newzonedatanolock
0x1059f2	_keepzonenolock
0x105a02	_dolockordebug
0x105a11	__valloczonenolock
0x105a24	_break_region
0x105a32	_newregionnolock
0x105a43	_checkregionsallocation
0x105a5b	_delregionnolock
0x105a6c	_delzonenolock
0x105a7b	_addregionnolock
0x105a8c	_findregionnolock
0x105a9e	_nxzonemalloc
0x105aac	_mallocnofree
0x105aba	_nxzonemallocnolock
0x105ace	_mallocnofreenolock
0x105ae2	_morememnolock
0x105af1	_internal_zone_extend
0x105b07	_nxzonerealloc
0x105b16	_nxzonereallocnolock
0x105b2b	_NXZoneRealloc_canyou
0x105b41	_nxzonefree
0x105b4d	_nxzonefreenolock
0x105b5f	_checkfreearrayallocation
0x105b79	_dumpheap
0x105b83	_checkheap
0x105b8e	_malloc_checkfreeheaps
0x105ba5	_malloc_checkzones
0x105bb8	_vallocnolock
0x105bc6	_isMallocData
0x105bd4	_vfreenolock
0x105be1	_MallocErrorMessages.126
0x105c08	_mntdigit
0x105c1a	_mnttabscan
0x105c2e	_mntprtent
0x105c39	_dbm_access
0x105c55	_makdatum
0x105c5f	_finddatum
0x105c78	_hashinc
0x105c81	_dcalchash
0x105c8c	_delitem
0x105c95	_additem
0x105c9e	_popen_pid
0x105cb6	_degrees
0x105cc5	_randtbl
0x105ce1	_rand_type
0x105cec	_rand_deg
0x105cf6	_rand_sep
0x105d00	_end_ptr
0x105d09	_resolvelinks
0x105d17	_resolvedots
0x105d24	_re_alloc
0x105d2e	_retoolong.6
0x105d3e	_advance
0x105d47	_prev.21
0x105d58	_flags.3
0x105d61	_signal__
0x105d73	_charmap
0x105d7c	_logname
0x105d8b	_LogFile
0x105d94	_LogStat
0x105da5	_LogMask
0x105dae	_LogFacility
0x105dbb	_SyslogAddr
0x105dc7	__do_syslog
0x105dda	_zonetab
0x105df0	_ringring
0x105e0e	_monfunc_addrs
0x105e47	_woops.2
0x105e56	_old_next_minbrk
0x105e67	old_next_minbrk
0x105e77	_old_next_curbrk
0x105e88	old_next_curbrk
0x105e98	_mach_init_doit
0x105ea8	_RetCodeType
0x105eb5	_sbrk_needs_init
0x105ec6	_sbrk_region_size
0x105ed8	_sbrk_curbrk
0x105ee5	_service_nameType.2
0x105ef9	_RetCodeCheck.3
0x105f09	_service_portCheck.4
0x105f1e	_service_nameType.7
0x105f32	_service_portType.8
0x105f46	_RetCodeCheck.9
0x105f56	_service_nameType.12
0x105f6b	_RetCodeCheck.13
0x105f7c	_service_portCheck.14
0x105f92	_service_namesType.17
0x105fa8	_RetCodeCheck.18
0x105fb9	_all_services_knownCheck.19
0x105fd5	_service_nameType.22
0x105fea	_RetCodeCheck.23
0x105ffb	_service_activeCheck.24
0x106013	_RetCodeCheck.27
0x106024	_requestor_portType.30
0x10603b	_RetCodeCheck.31
0x10604c	_subset_portCheck.32
0x106061	_service_nameType.35
0x106076	_RetCodeCheck.36
0x106087	_service_portCheck.37
0x10609d	_threadType.2
0x1060ab	_taskType.3
0x1060b7	_exceptionType.4
0x1060c8	_codeType.5
0x1060d4	_subcodeType.6
0x1060e3	_RetCodeCheck.7
0x1060f3	_threadCheck.2
0x106102	_taskCheck.3
0x10610f	_exceptionCheck.4
0x106121	_codeCheck.5
0x10612e	_subcodeCheck.6
0x10613e	__Xexception_raise
0x106151	_RetCodeType.9
0x106160	_routines.10
0x10616d	_inherit_memoryType.2
0x106183	_RetCodeCheck.3
0x106193	_child_taskCheck.4
0x1061a6	_RetCodeCheck.7
0x1061b6	_RetCodeCheck.10
0x1061c7	_RetCodeCheck.13
0x1061d8	_addressType.16
0x1061e8	_sizeType.17
0x1061f5	_anywhereType.18
0x106206	_RetCodeCheck.19
0x106217	_addressCheck.20
0x106228	_addressType.23
0x106238	_sizeType.24
0x106245	_RetCodeCheck.25
0x106256	_addressType.28
0x106266	_sizeType.29
0x106273	_set_maximumType.30
0x106287	_new_protectionType.31
0x10629e	_RetCodeCheck.32
0x1062af	_addressType.35
0x1062bf	_sizeType.36
0x1062cc	_new_inheritanceType.37
0x1062e4	_RetCodeCheck.38
0x1062f5	_addressType.41
0x106305	_sizeType.42
0x106312	_RetCodeCheck.43
0x106323	_addressType.46
0x106333	_dataType.47
0x106340	_RetCodeCheck.48
0x106351	_source_addressType.51
0x106368	_sizeType.52
0x106375	_dest_addressType.53
0x10638a	_RetCodeCheck.54
0x10639b	_addressType.57
0x1063ab	_RetCodeCheck.58
0x1063bc	_addressCheck.59
0x1063cd	_sizeCheck.60
0x1063db	_protectionCheck.61
0x1063ef	_max_protectionCheck.62
0x106407	_inheritanceCheck.63
0x10641c	_is_sharedCheck.64
0x10642f	_object_nameCheck.65
0x106444	_offsetCheck.66
0x106454	_RetCodeCheck.69
0x106465	_vm_statsCheck.70
0x106477	_process_idType.73
0x10648a	_RetCodeCheck.74
0x10649b	_result_taskCheck.75
0x1064b0	_RetCodeCheck.78
0x1064c1	_process_idCheck.79
0x1064d5	_src_addrType.82
0x1064e6	_dst_addrType.83
0x1064f7	_src_portType.84
0x106508	_dst_portType.85
0x106519	_protocolType.86
0x10652a	_ipc_portType.87
0x10653b	_RetCodeCheck.88
0x10654c	_ipc_portType.91
0x10655d	_RetCodeCheck.92
0x10656e	_RetCodeCheck.95
0x10657f	_infoCheck.96
0x10658d	_slotType.99
0x10659a	_RetCodeCheck.100
0x1065ac	_infoCheck.101
0x1065bb	_cpuType.104
0x1065c8	_runningType.105
0x1065d9	_RetCodeCheck.106
0x1065eb	_RetCodeCheck.109
0x1065fd	_RetCodeCheck.112
0x10660f	_which_portType.115
0x106623	_RetCodeCheck.116
0x106635	_special_portCheck.117
0x10664c	_which_portType.120
0x106660	_special_portType.121
0x106676	_RetCodeCheck.122
0x106688	_flavorType.125
0x106698	_RetCodeCheck.126
0x1066aa	_RetCodeCheck.129
0x1066bc	_child_threadCheck.130
0x1066d3	_RetCodeCheck.133
0x1066e5	_RetCodeCheck.136
0x1066f7	_RetCodeCheck.139
0x106709	_flavorType.142
0x106719	_RetCodeCheck.143
0x10672b	_flavorType.146
0x10673b	_new_stateType.147
0x10674e	_RetCodeCheck.148
0x106760	_which_portType.151
0x106774	_RetCodeCheck.152
0x106786	_special_portCheck.153
0x10679d	_which_portType.156
0x1067b1	_special_portType.157
0x1067c7	_RetCodeCheck.158
0x1067d9	_flavorType.161
0x1067e9	_RetCodeCheck.162
0x1067fb	_RetCodeCheck.165
0x10680d	_port_nameType.168
0x106820	_RetCodeCheck.169
0x106832	_port_type_pCheck.170
0x106848	_old_nameType.173
0x10685a	_new_nameType.174
0x10686c	_RetCodeCheck.175
0x10687e	_RetCodeCheck.178
0x106890	_port_nameCheck.179
0x1068a4	_port_nameType.182
0x1068b7	_RetCodeCheck.183
0x1068c9	_port_nameType.186
0x1068dc	_backlogType.187
0x1068ed	_RetCodeCheck.188
0x1068ff	_port_nameType.191
0x106912	_RetCodeCheck.192
0x106924	_enabledCheck.193
0x106936	_num_msgsCheck.194
0x106949	_backlogCheck.195
0x10695b	_ownershipCheck.196
0x10696f	_receive_rightsCheck.197
0x106988	_RetCodeCheck.200
0x10699a	_set_nameCheck.201
0x1069ad	_set_nameType.204
0x1069bf	_RetCodeCheck.205
0x1069d1	_set_nameType.208
0x1069e3	_port_nameType.209
0x1069f6	_RetCodeCheck.210
0x106a08	_port_nameType.213
0x106a1b	_RetCodeCheck.214
0x106a2d	_set_nameType.217
0x106a3f	_RetCodeCheck.218
0x106a51	_my_portType.221
0x106a62	_his_nameType.222
0x106a74	_RetCodeCheck.223
0x106a86	_his_nameType.226
0x106a98	_RetCodeCheck.227
0x106aaa	_his_portCheck.228
0x106abd	_my_portType.231
0x106ace	_his_nameType.232
0x106ae0	_RetCodeCheck.233
0x106af2	_his_nameType.236
0x106b04	_RetCodeCheck.237
0x106b16	_his_portCheck.238
0x106b29	_port_nameType.241
0x106b3c	_backupType.242
0x106b4c	_RetCodeCheck.243
0x106b5e	_previousCheck.244
0x106b71	_addressType.247
0x106b82	_sizeType.248
0x106b90	_attributeType.249
0x106ba3	_valueType.250
0x106bb2	_RetCodeCheck.251
0x106bc4	_valueCheck.252
0x106bd4	_addressType.255
0x106be5	_sizeType.256
0x106bf3	_RetCodeCheck.257
0x106c05	_addressType.260
0x106c16	_sizeType.261
0x106c24	_policyType.262
0x106c34	_RetCodeCheck.263
0x106c46	_addressType.266
0x106c57	_sizeType.267
0x106c65	_whenType.268
0x106c73	_RetCodeCheck.269
0x106c85	_RetCodeCheck.2
0x106c95	_flavorType.5
0x106ca3	_RetCodeCheck.6
0x106cb3	_flavorType.9
0x106cc1	_RetCodeCheck.10
0x106cd2	_hostCheck.11
0x106ce0	_RetCodeCheck.14
0x106cf1	_RetCodeCheck.17
0x106d02	_processor_cmdType.20
0x106d18	_RetCodeCheck.21
0x106d29	_RetCodeCheck.24
0x106d3a	_default_setCheck.25
0x106d4f	_RetCodeCheck.28
0x106d60	_new_setCheck.29
0x106d71	_new_nameCheck.30
0x106d83	_RetCodeCheck.33
0x106d94	_flavorType.36
0x106da3	_RetCodeCheck.37
0x106db4	_hostCheck.38
0x106dc2	_new_setType.41
0x106dd2	_waitType.42
0x106ddf	_RetCodeCheck.43
0x106df0	_RetCodeCheck.46
0x106e01	_assigned_setCheck.47
0x106e17	_new_setType.50
0x106e27	_RetCodeCheck.51
0x106e38	_RetCodeCheck.54
0x106e49	_RetCodeCheck.57
0x106e5a	_assigned_setCheck.58
0x106e70	_new_setType.61
0x106e80	_assign_threadsType.62
0x106e97	_RetCodeCheck.63
0x106ea8	_assign_threadsType.66
0x106ebf	_RetCodeCheck.67
0x106ed0	_RetCodeCheck.70
0x106ee1	_assigned_setCheck.71
0x106ef7	_RetCodeCheck.74
0x106f08	_priorityType.77
0x106f19	_set_maxType.78
0x106f29	_RetCodeCheck.79
0x106f3a	_processor_setType.82
0x106f50	_max_priorityType.83
0x106f65	_RetCodeCheck.84
0x106f76	_priorityType.87
0x106f87	_change_threadsType.88
0x106f9e	_RetCodeCheck.89
0x106faf	_max_priorityType.92
0x106fc4	_change_threadsType.93
0x106fdb	_RetCodeCheck.94
0x106fec	_policyType.97
0x106ffb	_dataType.98
0x107008	_RetCodeCheck.99
0x107019	_policyType.102
0x107029	_RetCodeCheck.103
0x10703b	_policyType.106
0x10704b	_change_threadsType.107
0x107063	_RetCodeCheck.108
0x107075	_RetCodeCheck.111
0x107087	_RetCodeCheck.114
0x107099	_RetCodeCheck.117
0x1070ab	_set_nameType.120
0x1070bd	_RetCodeCheck.121
0x1070cf	_setCheck.122
0x1070dd	_RetCodeCheck.125
0x1070ef	_new_timeType.128
0x107101	_RetCodeCheck.129
0x107113	_new_adjustmentType.132
0x10712b	_RetCodeCheck.133
0x10713d	_old_adjustmentCheck.134
0x107156	_RetCodeCheck.137
0x107168	_current_timeCheck.138
0x10717f	_port_nameType.2
0x107190	_signatureType.3
0x1071a1	_port_idType.4
0x1071b0	_RetCodeCheck.5
0x1071c0	_host_nameType.8
0x1071d1	_port_nameType.9
0x1071e2	_RetCodeCheck.10
0x1071f3	_port_idCheck.11
0x107204	_port_nameType.14
0x107216	_signatureType.15
0x107228	_RetCodeCheck.16
0x107239	_RetCodeCheck.19
0x10724a	_ArchInfoTable
0x107259	__mh_execute_header_pointer.72
0x107278	__mh_execute_header_pointer.76
0x107297	__mh_execute_header_pointer.83
0x1072b6	__mh_execute_header_pointer.72
0x1072d5	__mh_execute_header_pointer.72
0x10730f	_yellowup
0x107319	_usingyellow
0x107326	_NETWORKS
0x107330	__netdata
0x10733a	_netdata
0x10734b	_line1.12
0x107355	_interpret
0x107365	_yellowup
0x10736f	_NETGROUP
0x107381	_grouplist
0x1073af	_PROTODB
0x1073b8	__protodata
0x1073c4	_protodata
0x1073cf	_interpret
0x1073da	_yellowup
0x1073e9	_servdata
0x107402	__servdata
0x10740d	_interpret
0x107418	_yellowup
0x107442	_makekey
0x107451	_machine
0x10746a	_ldomain.10
0x107476	_domainp.11
0x107482	_nodomain.12
0x107495	_environ_pointer.6
0x1074a8	_renvlook
0x1074b2	_ruserpassglobalsp.9
0x1074c7	_getruserpassglobalsp
0x107506	_oldbuf.17
0x107511	_nbsencrypt
0x10751d	_nbsdecrypt
0x107529	_keyblk.22
0x10753c	_nbs8encrypt
0x107549	_keyblk.26
0x10755c	_nbs8decrypt
0x107569	_enblkclr
0x107573	_iobuf.32
0x10757d	_deblkclr
0x107587	_enblknot
0x107591	_iobuf.37
0x10759b	_deblknot
0x1075d1	_nbssetkey
0x1075e2	_blkencrypt
0x1075ee	_utmpstr.44
0x1075fa	_getutmp
0x107603	_sreverse
0x10760d	_skey.49
0x107616	_mkenvkey
0x107620	_mklower
0x107629	_dn_find
0x107641	_deproto
0x10764a	_do_rrset
0x10765a	_res_setoptions
0x10766a	_net_mask
0x107674	_netinfo_res_init
0x107691	_connected
0x1076be	_AskedForGot
0x1076d2	_stayopen
0x1076dc	_dprintf
0x1076e5	_getanswer
0x1076f6	_hostbuf
0x1076ff	_host_aliases
0x10770d	_h_addr_ptrs
0x10771a	_host_addr
0x107725	_addrsort
0x10772f	_net_entry.2
0x10773c	_net_aliases.3
0x10774b	_netbuf.4
0x107755	_getnetanswer
0x107769	_tmpbuf.6
0x10777b	__hostdata
0x107786	_hostdata
0x107790	_fetchhost
0x10779b	_interpret
0x1077ab	_yellowup
0x1077b5	_alias_state
0x1077c2	_freeold
0x1077cb	_global_aliasent
0x1077dc	_convert_aliasent
0x1077f6	_lu_alias_getbyname
0x10780a	_lu_alias_setent
0x10781b	_alias_data
0x107827	_alias_datalen
0x107836	_lu_alias_endent
0x107847	_proc.13
0x107850	_lu_alias_getent
0x107861	_alias_xdr
0x10786c	_alias_nentries
0x10788a	_lu_bootp_getbyether
0x1078ad	_lu_bootp_getbyip
0x1078cd	_lu_bootparams_getbyname
0x1078e6	_gr_state
0x1078f0	_global_gr
0x1078fb	_gr_datalen
0x107907	_gr_nentries
0x10791c	_yp_flags
0x107926	_convert_gr
0x10793a	_lu_getgrgid
0x10794f	_lu_getgrnam
0x10795c	_proc.10
0x107965	_lu_initgroups
0x107974	_lu_setgrent
0x107981	_gr_data
0x10798a	_lu_endgrent
0x107997	_proc.17
0x1079a0	_lu_getgrent
0x1079ad	_h_state
0x1079b6	_global_h
0x1079c0	_global_h_copy
0x1079cf	_global_addrlist
0x1079e0	_convert_h
0x1079f3	_lu_gethostbyaddr
0x107a0d	_lu_gethostbyname
0x107a1f	_lu_sethostent
0x107a36	_h_datalen
0x107a41	_lu_endhostent
0x107a50	_proc.14
0x107a59	_lu_gethostent
0x107a6f	_h_nentries
0x107a7b	_global_mnt
0x107a87	_mnt_data
0x107a91	_mnt_datalen
0x107a9e	_mnt_nentries
0x107aac	_mnt_xdr
0x107ab5	_convert_mnt
0x107ac2	_lu_setmntent
0x107ad0	_lu_endmntent
0x107ae6	_lu_getmntent
0x107af4	_n_state
0x107afd	_global_n
0x107b07	_convert_n
0x107b1a	_lu_getnetbyaddr
0x107b33	_lu_getnetbyname
0x107b44	_lu_setnetent
0x107b5a	_n_datalen
0x107b65	_lu_endnetent
0x107b73	_proc.14
0x107b7c	_lu_getnetent
0x107b91	_n_nentries
0x107b9d	___innetgr_hack
0x107bad	_netgroup_state
0x107bc5	_lu_innetgr
0x107bd1	_lu_endnetgrent
0x107be1	_netgroup_data
0x107bf0	_netgroup_datalen
0x107c0a	_lu_setnetgrent
0x107c1a	_netgroup_xdr
0x107c28	_netgroup_nentries
0x107c42	_p_state
0x107c4b	_global_p
0x107c55	_convert_p
0x107c68	_lu_getprotobynumber
0x107c85	_lu_getprotobyname
0x107c98	_lu_setprotoent
0x107cb0	_p_datalen
0x107cbb	_lu_endprotoent
0x107ccb	_proc.14
0x107cd4	_lu_getprotoent
0x107ceb	_p_nentries
0x107cf7	_prdb_state
0x107d03	_global_prdb
0x107d10	_prdb_data
0x107d1b	_prdb_datalen
0x107d29	_prdb_xdr
0x107d33	_freeprop
0x107d3d	_freeold
0x107d46	_convert_prdb
0x107d54	_lu_prdb_set
0x107d61	_lu_prdb_end
0x107d6e	_proc.12
0x107d77	_lu_prdb_getbyname
0x107d8a	_proc.15
0x107d93	_lu_prdb_get
0x107da0	_prdb_nentries
0x107daf	_pw_state
0x107db9	_global_pw
0x107dc4	_convert_pw
0x107dd8	_lu_getpwuid
0x107ded	_lu_getpwnam
0x107dfa	_lu_setpwent
0x107e07	_pw_data
0x107e10	_pw_datalen
0x107e1c	_lu_endpwent
0x107e29	_proc.14
0x107e32	_lu_getpwent
0x107e47	_pw_nentries
0x107e54	_r_state
0x107e5d	_global_r
0x107e67	_convert_r
0x107e7a	_lu_getrpcbynumber
0x107e95	_lu_getrpcbyname
0x107ea6	_lu_setrpcent
0x107ebc	_r_datalen
0x107ec7	_lu_endrpcent
0x107ed5	_proc.14
0x107ede	_lu_getrpcent
0x107ef3	_r_nentries
0x107eff	_s_state
0x107f08	_global_s
0x107f12	_convert_s
0x107f25	_lu_getservbyport
0x107f3f	_lu_getservbyname
0x107f51	_lu_setservent
0x107f68	_s_datalen
0x107f73	_lu_endservent
0x107f82	_proc.14
0x107f8b	_lu_getservent
0x107fa1	_s_nentries
0x107fad	_port_valid
0x107fb9	_ni_errmsgs
0x107fc5	_NAME_NAME
0x107fd0	_NAME_SERVES
0x107fdd	_NAME_MACHINES
0x107fec	_NAME_IP_ADDRESS
0x107ffd	_NAME_MASTER
0x10800a	_NAME_USERS
0x108016	_NAME_UID
0x108020	_getmyport
0x10802b	_nibind_up
0x108036	_createauth
0x108042	_fixtimeout
0x10804e	_ni_settimeout
0x10805d	_connectit
0x108068	_sys_netmask
0x108075	_sys_address
0x108082	_connectlocal
0x108090	_clnt_kill
0x1080a3	_ni_switch
0x1080ae	_ni_swap
0x1080b7	_eachresult
0x1080cb	_confirm_tcp
0x1080d8	_setmaster
0x1080eb	_ni_clear
0x1080f5	_ni_alloc
0x108106	_addaddr
0x10810f	_get_daddr
0x10811a	_getparent
0x108125	_pmap_getport_to
0x108136	_socket_open
0x108143	_NAME_NAME
0x10814e	_NAME_MACHINES
0x10815d	_NAME_IP_ADDRESS
0x10816e	_NAME_SERVES
0x10817b	_NAME_UNKNOWN
0x108189	_escape_domain
0x108198	_finddomain
0x1081a4	_ni_domainof
0x1081b1	__ni_pwdomain
0x1081bf	_eatslash
0x1081c9	_unescape
0x1081d3	_escindex
0x1081dd	_setstuff
0x1081e7	_ni_relopen
0x1081f3	_ni_rootopen
0x108200	_ni_name_dupn
0x10820e	_ni_relsearch
0x10821c	__prdb_free_ent
0x108230	_pename_insert
0x10823f	_peprop_insert
0x108256	_prmatch
0x10825f	_getline
0x108268	_emptyfield
0x108274	_NAME_USERS
0x108280	_NAME_PASSWD
0x10828d	_changeit
0x108297	_TIMEOUT
0x108385	_nameType.2
0x108391	_RetCodeCheck.3
0x1083a1	_procnoCheck.4
0x1083b0	_procType.7
0x1083bc	_indataType.8
0x1083ca	_RetCodeCheck.9
0x1083da	_procType.12
0x1083e7	_indataType.13
0x1083f6	_RetCodeCheck.14
0x108407	_procType.17
0x108414	_indataType.18
0x108423	_RetCodeCheck.19
0x108439	_authnone_verf
0x108448	_authnone_marshal
0x10845a	_authnone_validate
0x10846d	_authnone_refresh
0x10847f	_authnone_destroy
0x108491	_authnone_private
0x1084a3	_auth_unix_ops
0x1084b2	_authunix_nextverf
0x1084c5	_authunix_marshal
0x1084d7	_authunix_validate
0x1084ea	_authunix_refresh
0x1084fc	_authunix_destroy
0x10850e	_marshal_new_auth
0x108533	_rpc_errlist
0x108540	_auth_errlist
0x10854e	_auth_errmsg
0x10855b	_client_ops
0x108567	_clntraw_call
0x108575	_clntraw_abort
0x108584	_clntraw_geterr
0x108594	_clntraw_freeres
0x1085a5	_clntraw_destroy
0x1085b6	_clntraw_control
0x1085c7	_clntraw_private
0x1085d8	_callrpc_private
0x1085e9	_tcp_ops
0x1085f2	_clnttcp_call
0x108600	_clnttcp_abort
0x10860f	_clnttcp_geterr
0x10861f	_clnttcp_freeres
0x108630	_clnttcp_destroy
0x108641	_clnttcp_control
0x108652	_readtcp
0x10865b	_writetcp
0x108665	_udp_ops
0x10866e	_clntudp_call
0x10867c	_clntudp_abort
0x10868b	_clntudp_geterr
0x10869b	_clntudp_freeres
0x1086ac	_clntudp_destroy
0x1086bd	_clntudp_control
0x1086e4	__rpcdata
0x1086ee	_rpcdata
0x1086f7	_interpret
0x108702	_yellowup
0x10870c	_trytimeout
0x108718	_tottimeout
0x108724	_MESSENGER.10
0x108732	_key_call
0x10873c	_hostname.2
0x108748	_get_hostname
0x108756	_encodemsg
0x108761	_decodemsg
0x108788	_basename
0x108792	_timeout
0x10879b	_tottimeout
0x1087a7	_timeout
0x1087b0	_tottimeout
0x1087bc	_timeout
0x1087c5	_getbroadcastnets
0x1087d7	_reply_dscrm
0x1087e4	_accepted
0x1087ee	_rejected
0x108800	_svc_head
0x10880a	_svc_find
0x108814	_svcauthsw
0x10881f	_server_ops
0x10882b	_svcraw_recv
0x108838	_svcraw_stat
0x108845	_svcraw_getargs
0x108855	_svcraw_reply
0x108863	_svcraw_freeargs
0x108874	_svcraw_destroy
0x108884	_svcraw_private
0x1088a0	_proglst
0x1088a9	_universal
0x1088b4	_svctcp_op
0x1088bf	_svctcp_recv
0x1088cc	_svctcp_stat
0x1088d9	_svctcp_getargs
0x1088e9	_svctcp_reply
0x1088f7	_svctcp_freeargs
0x108908	_svctcp_destroy
0x108918	_svctcp_rendezvous_op
0x10892e	_rendezvous_request
0x108942	_rendezvous_stat
0x108953	_makefd_xprt
0x108960	_wait_per_try
0x10896e	_readtcp
0x108977	_writetcp
0x108981	_svcudp_op
0x10898c	_svcudp_recv
0x108999	_svcudp_stat
0x1089a6	_svcudp_getargs
0x1089b6	_svcudp_reply
0x1089c4	_svcudp_freeargs
0x1089d5	_svcudp_destroy
0x1089e5	_cache_set
0x1089f0	_cache_get
0x1089fb	_authdes_cache
0x108a0a	_cache_init
0x108a16	_authdes_lru
0x108a23	_cache_victim
0x108a31	_cache_ref
0x108a3c	_cache_spot
0x108a48	_svcauthdes_stats
0x108a5a	_invalidate
0x108a66	_xdr_zero
0x108a70	_crud.26
0x108a79	_xdrmem_ops
0x108a85	_xdrmem_getlong
0x108a95	_xdrmem_putlong
0x108aa5	_xdrmem_getbytes
0x108ab6	_xdrmem_putbytes
0x108ac7	_xdrmem_getpos
0x108ad6	_xdrmem_setpos
0x108ae5	_xdrmem_inline
0x108af4	_xdrmem_destroy
0x108b04	_xdrrec_ops
0x108b10	_xdrrec_getlong
0x108b20	_xdrrec_putlong
0x108b30	_xdrrec_getbytes
0x108b41	_xdrrec_putbytes
0x108b52	_xdrrec_getpos
0x108b61	_xdrrec_setpos
0x108b70	_xdrrec_inline
0x108b7f	_xdrrec_destroy
0x108b8f	_flush_out
0x108b9a	_fill_input_buf
0x108baa	_get_input_bytes
0x108bbb	_set_input_fragment
0x108bcf	_skip_input_bytes
0x108be1	_fix_buf_size
0x108bef	_xdrstdio_ops
0x108bfd	_xdrstdio_getlong
0x108c0f	_xdrstdio_putlong
0x108c21	_xdrstdio_getbytes
0x108c34	_xdrstdio_putbytes
0x108c47	_xdrstdio_getpos
0x108c58	_xdrstdio_setpos
0x108c69	_xdrstdio_inline
0x108c7a	_xdrstdio_destroy
0x108c94	_getcount
0x108cae	__getccl
0x108cb7	_nofile.2
0x108cc1	_iobglue
0x108cca	_endglue
0x108cd3	__p_dconv
0x108cf1	_environ_pointer.72
0x108d05	_validtz.2
0x108d10	_cached_tz.3
0x108d1d	_sigvec__
0x108d27	_cprocs_started
0x108d37	_cproc_lock
0x108d4b	_cproc_alloc
0x108d58	_cproc_continue
0x108d68	_cthreads
0x108d72	_cthread_lock
0x108d80	_cthread_needed
0x108d90	_cthread_idle
0x108d9e	_n_cprocs
0x108da8	_n_cthreads
0x108db4	_max_cprocs
0x108dc0	_free_cthreads
0x108dcf	_cthread_free_lock
0x108de2	_initial_cthread
0x108df3	_cthread_alloc
0x108e02	__cthread_free_callout_function
0x108e22	_cthread_free
0x108e30	_cthreads_started.8
0x108e44	_saved_self
0x108e50	_reply_port_lock
0x108e61	_cthread_stack_size
0x108e75	_next_stack_base
0x108e86	_initial_stack_deallocated
0x108ea1	_initial_stack_lock
0x108eb5	_setup_stack
0x108ec2	__yprequest_arms
0x108ed3	__ypresponse_arms
0x108ee5	_ypbind_resp_arms
0x108ef7	_tcp_timout
0x108f03	_bind_intertry
0x108f12	_bind_timeout
0x108f20	_ypserv_intertry
0x108f31	_bfvalid
0x108f46	_binder_port
0x108f53	_my_addr
0x108f5c	_bound_domains
0x108f6b	__default_domain
0x108f7c	_default_domain
0x108f8c	_mypid.12
0x108f96	_newborn
0x108f9f	_check_binding
0x108fae	_check_pmap_up
0x108fbd	_check_binder_up
0x108fce	_talk2_pmap
0x108fda	_talk2_binder
0x108fe8	_get_binder_port
0x108ff9	_load_dom_binding
0x10900b	_talk2_server
0x109019	_ypsymbol_prefix
0x10902a	_ypsymbol_prefix_length
0x109042	_v2dofirst
0x10904d	_v1dofirst
0x109058	_v2donext
0x109062	_v1donext
0x10906c	_v1filter
0x109076	_v2domaster
0x109082	_v1domaster
0x10908e	_detachnode
0x1090a0	_freenode
0x1090aa	_makenode
0x1090b4	_v2domatch
0x1090bf	_v1domatch
0x1090ca	_v2doorder
0x1090d5	_v1doorder
0x1090e0	_bb_head
0x1090e9	_num_digits
0x1090f5	___new_handler
0x109104	_default_new_handler
0x109119	___clz_tab
0x109132	_protoPrototype
0x109142	_prototypes
0x10914e	_bootstrap
0x109159	_freeBucketPairs
0x10916a	_freeBuckets
0x109177	__NXHashRehash
0x109186	_uniqueStrings
0x109195	_accessUniqueString
0x1091af	_zoneSize
0x1091bf	_CopyIntoReadOnly
0x1091d7	_protoPrototype
0x1091e7	_prototypes
0x1091f3	_mapSearch
0x1091fe	_mapSearchHit
0x10920c	_mapSearchLoop
0x10921b	_mapRehash
0x109226	_mapRehashSum
0x109234	__NXMapRehash
0x109242	_mapInsert
0x10924d	_mapInsertHit
0x10925b	_mapInsertLoop
0x10926a	_mapRemove
0x109275	__class_uncache
0x109285	__class_slow_grow
0x109297	__errNoMem
0x1092a2	__errAllocNil
0x1092b0	__errFreedObject
0x1092c1	__errNonExistentObject
0x1092d8	__errBadSel
0x1092e4	__errNotSuper
0x1092f2	__errNewVars
0x1092ff	_cacheUpdateLock
0x109310	_cacheCollectionLock
0x109325	_freedObjectClass
0x109337	_nonexistentObjectClass
0x10934f	_class_getVariable
0x109362	_flush_caches
0x109370	_posed_class_hash
0x109382	_posed_class_to_original_class_hash
0x1093a6	_addClassToOriginalClass
0x1093bf	__objc_addOrigClass
0x1093d3	__freedHandler
0x1093e2	__nonexistentHandler
0x1093f7	_class_initialize
0x109409	_objc_malloc
0x109416	__cache_expand
0x109425	_totalCacheFills
0x109436	_objcInstrumentationFD
0x10944d	_objcInstrumentationOn
0x109464	_traceDuplicates
0x109475	_traceDuplicatesVerbose
0x10948d	_cacheFillDuplicates
0x1094a2	__cache_fill
0x1094af	__cache_flush
0x1094bd	_SubTypeUntil
0x1094cb	_SkipFirstType
0x1094da	__objc_zone.174
0x1094ea	__get_pc_for_thread
0x1094fe	__collecting_in_critical
0x109517	_garbage_byte_size
0x10952a	_garbage_threshold
0x10953d	_garbage_refs
0x10954b	_garbage_count
0x10955a	_garbage_max
0x109567	_first.181
0x109572	__garbage_make_room
0x109586	__cache_collect_free
0x10959b	__cache_print
0x1095af	__getExecHeader
0x1095bf	_send_unload_message_to_class
0x1095dd	_send_unload_message_to_category
0x1095fe	__objc_fixup_string_objects_from_header
0x109626	_objc_registerModule
0x10963b	_objc_unregisterModule
0x109652	_loadLock
0x10965c	_header_vector
0x10966b	_header_count
0x109679	_class_hash
0x109685	_classHash
0x109690	_classIsEqual
0x10969e	_classHashPrototype
0x1096b2	__objc_defaultClassHandler
0x1096cd	_objc_classHandler
0x1096e0	_module_vector
0x1096ef	_module_count
0x1096fd	__objcTweakMethodListPointerForClass
0x109722	_category_hash
0x109731	__objc_resolve_categories_for_class
0x109755	__objc_register_category
0x10976e	__objc_add_categories_from_image
0x10978f	__headerForClass
0x1097a0	__resolveClassConflict
0x1097b7	_pended_map_selectors_index
0x1097d3	_map_selectors_pended
0x1097e9	_pend_map_selectors
0x1097fd	_pendingClassRefsMap
0x109812	_checkForPendingClassReferences
0x109832	__objc_get_classes_from_image
0x109850	__objc_fixup_string_objects_for_image
0x109876	__objc_map_class_refs_for_image
0x109896	__objc_fixup_protocol_objects_for_image
0x1098be	_compareHeaders
0x1098ce	_categoryMethodMap
0x1098e1	_classMethodMap
0x1098f1	__objc_registerMethodListFromCategory
0x109917	__objc_registerMethodListFromClass
0x10993a	_rocketLaunching
0x10994b	_libraryNameForMachHeader
0x109965	_undo_preuniqing_for_image
0x109980	__objc_fixup_selector_refs
0x10999b	_sortedRefsSize
0x1099ab	_backrefsSectionComparator
0x1099c6	_do_pended_map_selectors
0x1099df	_pended_map_selectors
0x1099f5	__objc_call_loads_for_image
0x109a11	__objc_map_image_callback
0x109a2b	__objc_link_module_callback
0x109a47	__objc_unlink_module_callback
0x109a65	_sentinel
0x109a6f	_dynamicHashTable
0x109a81	_hashTableChain
0x109a91	_selectorLock
0x109a9f	_objc_malloc
0x109aac	_HASH_alloc_list.82
0x109ac0	_HASH_alloc_index.83
0x109ad5	_relativeTo
0x109ae1	_comparator
0x109aed	_fixupEntryForSelector
0x109b04	_selRefForFixupEntryInTable
0x109b20	__errNoMem
0x109b2b	__errReAllocNil
0x109b3b	__errReAllocFreed
0x109b4d	__errReAllocTooSmall
0x109b62	__errShouldHaveImp
0x109b75	__errShouldNotImp
0x109b87	__errLeftUndone
0x109b97	__errBadSel
0x109ba3	__errDoesntRecognize
0x109bb8	+[Object initialize]
0x109bcd	-[Object awake]
0x109bdd	+[Object poseAs:]
0x109bef	+[Object new]
0x109bfd	+[Object alloc]
0x109c0d	+[Object allocFromZone:]
0x109c26	-[Object init]
0x109c35	-[Object name]
0x109c44	+[Object name]
0x109c53	-[Object hash]
0x109c62	-[Object isEqual:]
0x109c75	-[Object free]
0x109c84	+[Object free]
0x109c93	-[Object self]
0x109ca2	-[Object class]
0x109cb2	+[Object class]
0x109cc2	-[Object zone]
0x109cd1	+[Object superclass]
0x109ce6	-[Object superclass]
0x109cfb	+[Object version]
0x109d0d	+[Object setVersion:]
0x109d23	-[Object isKindOf:]
0x109d37	-[Object isMemberOf:]
0x109d4d	-[Object isKindOfClassNamed:]
0x109d6b	-[Object isMemberOfClassNamed:]
0x109d8b	+[Object instancesRespondTo:]
0x109da9	-[Object respondsTo:]
0x109dbf	-[Object copy]
0x109dce	-[Object copyFromZone:]
0x109de6	-[Object methodFor:]
0x109dfb	+[Object instanceMethodFor:]
0x109e18	-[Object perform:]
0x109e2b	-[Object perform:with:]
0x109e43	-[Object perform:with:with:]
0x109e60	-[Object subclassResponsibility:]
0x109e82	-[Object notImplemented:]
0x109e9c	-[Object doesNotRecognize:]
0x109eb8	-[Object error:]
0x109ec9	-[Object printForDebugger:]
0x109ee5	-[Object write:]
0x109ef6	-[Object read:]
0x109f06	-[Object forward::]
0x109f1a	-[Object methodArgSize:]
0x109f33	-[Object performv::]
0x109f48	-[Object conformsTo:]
0x109f5e	+[Object conformsTo:]
0x109f74	-[Object descriptionForMethod:]
0x109f94	+[Object descriptionForInstanceMethod:]
0x109fbc	+[Object superClass]
0x109fd1	-[Object superClass]
0x109fe6	-[Object isKindOfGivenName:]
0x10a003	-[Object isMemberOfGivenName:]
0x10a022	-[Object methodDescFor:]
0x10a03b	+[Object instanceMethodDescFor:]
0x10a05c	-[Object findClass:]
0x10a071	-[Object shouldNotImplement:]
0x10a08f	_fixup_classes
0x10a09e	+[Protocol _fixup:numElements:]
0x10a0be	+[Protocol load]
0x10a0cf	-[Protocol conformsTo:]
0x10a0e7	-[Protocol descriptionForInstanceMethod:]
0x10a111	-[Protocol descriptionForClassMethod:]
0x10a138	-[Protocol name]
0x10a149	-[Protocol isEqual:]
0x10a15e	-[Protocol hash]
0x10a16f	_lookup_method
0x10a17e	_lookup_instance_method
0x10a196	_lookup_class_method
0x10a1ab	_call_constructors
0x10a1be	_call_destructors
0x10a1d0	_call_routines_for_section
0x10a1eb	_ErrorBufferSize
0x10a1fc	_BaseAltHandlers
0x10a220	__NXClearExceptionStack
0x10a238	_trickyRemoveHandler
0x10a24d	_ExceptionRaiser
0x10a25e	_ErrorBuffer
0x10a26b	_ErrorBufferOffset
0x10a27e	_mylock.26
0x10a289	_hasTerm.2
0x10a294	_hasTerminal
0x10a2a6	selector
0x10a2bd	method_imp
0x10a2ed	_isEqual
0x10a2f6	_freeObject
0x10a30a	+[HashTable initialize]
0x10a322	-[HashTable _initBare:::]
0x10a33c	+[HashTable _newBare:::]
0x10a355	-[HashTable initKeyDesc:valueDesc:]
0x10a379	-[HashTable initKeyDesc:]
0x10a393	-[HashTable init]
0x10a3a5	-[HashTable initKeyDesc:valueDesc:capacity:]
0x10a3d2	+[HashTable newKeyDesc:valueDesc:capacity:]
0x10a3fe	+[HashTable newKeyDesc:valueDesc:]
0x10a421	+[HashTable newKeyDesc:]
0x10a43a	+[HashTable new]
0x10a44b	-[HashTable free]
0x10a45d	-[HashTable freeObjects]
0x10a476	-[HashTable freeKeys:values:]
0x10a494	-[HashTable empty]
0x10a4a7	-[HashTable copyFromZone:]
0x10a4c2	-[HashTable count]
0x10a4d5	-[HashTable isKey:]
0x10a4e9	-[HashTable valueForKey:]
0x10a503	-[HashTable _insertKeyNoRehash:value:]
0x10a52a	-[HashTable insertKey:value:]
0x10a548	-[HashTable removeKey:]
0x10a560	-[HashTable initState]
0x10a577	-[HashTable nextState:key:value:]
0x10a599	-[HashTable write:]
0x10a5ad	-[HashTable read:]
0x10a5c0	_DebugPrint
0x10a5cc	-[HashTable printForDebugger:]
0x10a5eb	-[HashTable _debugPrint:]
0x10a605	+[List initialize]
0x10a618	-[List initCount:]
0x10a62b	+[List newCount:]
0x10a63d	+[List new]
0x10a649	-[List init]
0x10a656	-[List free]
0x10a663	-[List freeObjects]
0x10a677	-[List copyFromZone:]
0x10a68d	-[List isEqual:]
0x10a69e	-[List capacity]
0x10a6af	-[List count]
0x10a6bd	-[List objectAt:]
0x10a6cf	-[List indexOf:]
0x10a6e0	-[List lastObject]
0x10a6f3	-[List setAvailableCapacity:]
0x10a711	-[List insertObject:at:]
0x10a72a	-[List addObject:]
0x10a73d	-[List addObjectIfAbsent:]
0x10a758	-[List removeObjectAt:]
0x10a770	-[List removeObject:]
0x10a786	-[List removeLastObject]
0x10a79f	-[List empty]
0x10a7ad	-[List replaceObject:with:]
0x10a7c9	-[List replaceObjectAt:with:]
0x10a7e7	-[List write:]
0x10a7f6	-[List read:]
0x10a804	-[List makeObjectsPerform:]
0x10a820	-[List makeObjectsPerform:with:]
0x10a841	-[List appendList:]
0x10a855	_warning
0x10a85e	_bundleTable
0x10a86b	_mainBundleStringTableTable
0x10a887	_classToBundle
0x10a896	_mainBundle
0x10a8a2	_pathToBundle
0x10a8b0	-[NXBundle initForDirectory:]
0x10a8ce	-[NXBundle free]
0x10a8df	+[NXBundle mainBundle]
0x10a8f6	+[NXBundle bundleForClass:]
0x10a912	-[NXBundle directory]
0x10a928	_globalPrincipalClass
0x10a93e	_globalBundle
0x10a94c	_loadCallback
0x10a95a	_bundleErrorStream
0x10a96d	+[NXBundle setErrorStream:]
0x10a989	-[NXBundle ensureLoaded]
0x10a9a2	-[NXBundle classNamed:]
0x10a9ba	-[NXBundle principalClass]
0x10a9d5	-[NXBundle setVersion:]
0x10a9ed	-[NXBundle version]
0x10aa01	_systemHasLanguages
0x10aa15	_systemLanguages
0x10aa26	_getDefaultSystemLanguages
0x10aa41	_readLprojVersion
0x10aa53	_addExtension
0x10aa61	_addDirectoryEntriesTo
0x10aa78	_lprojTable.112
0x10aa88	_isFileInValidLproj
0x10aa9c	_getPathToNextLibraryLanguages
0x10aabb	+[NXBundle getPath:forResource:ofType:inDirectory:withVersion:]
0x10aafb	-[NXBundle getPath:forResource:ofType:]
0x10ab23	+[NXBundle setSystemLanguages:]
0x10ab43	_LocalizedStringZone.123
0x10ab5c	-[NXBundle(Compatability) initForPath:]
0x10ab84	-[NXBundle(Compatability) path]
0x10aba4	+[NXBundle(Compatability) forClass:]
0x10abc9	+[NXBundle(Compatability) newFromPath:]
0x10abf1	-[NXBundle(Compatability) initFromPath:]
0x10ac1a	-[NXBundle(Compatability) bundlePath]
0x10ac40	-[NXBundle(Compatability) codeLoaded]
0x10ac66	-[NXBundle(Compatability) firstClass]
0x10ac8c	-[NXBundle(Compatability) getResourcePath:forName:type:]
0x10acc5	-[NXBundle(Compatability) getClass:]
0x10acea	-[NXBundle(Compatability) classForName:]
0x10ad1b	_freeObjects
0x10ad28	+[NXBundle(Private) _invalidateLprojCache]
0x10ad53	-[NXCharacterSet init]
0x10ad6a	-[NXCharacterSet characterIsMember:]
0x10ad8f	-[NXCharacterSet addCharacters:length:]
0x10adb7	-[NXCharacterSet removeCharacters:length:]
0x10ade2	-[NXCharacterSet addRange::]
0x10adff	-[NXCharacterSet removeRange::]
0x10ae1f	-[NXCharacterSet invert]
0x10ae38	-[NXCharacterSet unionWith:]
0x10ae55	-[NXCharacterSet intersectWith:]
0x10ae76	-[NXCharacterSet copyFromZone:]
0x10ae96	-[NXCharacterSet free]
0x10aead	-[NXCharacterSet write:]
0x10aec6	-[NXCharacterSet read:]
0x10aede	-[NXMutableString(NX_BS_Extras) appendCharacters:length:]
0x10af18	-[Object(NX_BS_Extras) writeToStream:]
0x10af3f	_freeKeyAndValue
0x10af50	-[NXPropertyList init]
0x10af67	-[NXPropertyList free]
0x10af7e	-[NXPropertyList count]
0x10af96	-[NXPropertyList member:]
0x10afb0	-[NXPropertyList get:]
0x10afc7	-[NXPropertyList insert:value:]
0x10afe7	-[NXPropertyList remove:]
0x10b001	-[NXPropertyList empty]
0x10b019	-[NXPropertyList initEnumeration]
0x10b03b	-[NXPropertyList enumerate:key:value:]
0x10b062	-[NXPropertyList(Basic_IO) initFromStream:]
0x10b08e	-[NXPropertyList(Basic_IO) initFromPath:]
0x10b0b8	-[NXPropertyList(Basic_IO) writeToStream:]
0x10b0e3	-[NXPropertyList(Basic_IO) writeToPath:safely:]
0x10b113	-[NXPropertyList(Basic_IO) writeToPath:]
0x10b13c	_NXGetNonSpace
0x10b14b	_NXGetSlashedChar
0x10b15d	_readValue
0x10b168	_writeSpaces
0x10b175	-[NXCleanList free]
0x10b189	-[NXPropertyList(Fancy_IO) initFromStream:context:]
0x10b1bd	-[NXPropertyList(Fancy_IO) writeToStream:context:]
0x10b1f0	-[NXPropertyList(Fancy_IO) initFromPath:context:]
0x10b222	-[NXCleanList(Fancy_IO) initFromStream:context:]
0x10b253	-[NXCleanList(Fancy_IO) writeToStream:context:]
0x10b283	-[NXString(Fancy_IO) initFromStream:context:]
0x10b2b1	-[NXString(Fancy_IO) writeToStream:context:]
0x10b2de	_hashString
0x10b2ea	_isEqualString
0x10b2f9	_freeString
0x10b305	-[NXReadOnlyString(Fancy_IO) initFromStream:context:]
0x10b33b	-[Object(Fancy_IO) writeToStream:context:]
0x10b366	-[NXConstantString initFromCharactersNoCopy:length:]
0x10b39b	-[NXConstantString copyFromZone:]
0x10b3bd	-[NXConstantString free]
0x10b3d6	-[NXConstantString _reallyFree]
0x10b3f6	-[NXConstantString finishUnarchiving]
0x10b41c	-[NXMutableString replaceCharactersInRange:withString:]
0x10b454	-[NXMutableString insertString:at:]
0x10b478	-[NXMutableString appendString:]
0x10b499	-[NXMutableString deleteCharactersInRange:]
0x10b4c5	-[NXMutableString mutableCopyFromZone:]
0x10b4ed	-[NXMutableString immutableCopyFromZone:]
0x10b517	-[NXMutableString replaceRange:with:]
0x10b53d	-[NXMutableString replaceWith:]
0x10b55d	-[NXMutableString insert:at:]
0x10b57b	-[NXMutableString append:]
0x10b596	-[NXMutableString deleteRange:]
0x10b5b6	+[NXReadOnlyString alloc]
0x10b5d0	+[NXReadOnlyString allocFromZone:]
0x10b5f3	-[NXReadOnlyString initFromCharactersNoCopy:length:]
0x10b628	-[NXReadOnlyString initFromCharactersNoCopy:length:freeWhenDone:]
0x10b66a	-[NXReadOnlyString allocateCharacterBuffer:]
0x10b697	-[NXReadOnlyString copyFromZone:]
0x10b6b9	-[NXReadOnlyString copySubstring:fromZone:]
0x10b6e5	-[NXReadOnlyString mutableCopyFromZone:]
0x10b70e	-[NXReadOnlyString free]
0x10b727	-[NXReadOnlyString finishUnarchiving]
0x10b74d	-[NXReadOnlyString write:]
0x10b768	-[NXReadOnlyString read:]
0x10b782	-[NXReadOnlySubstring free]
0x10b79e	-[NXReadWriteString initFromCharactersNoCopy:length:]
0x10b7d4	_emptyReadOnlyString.4
0x10b7eb	-[NXReadWriteString initFromCharactersNoCopy:length:freeWhenDone:]
0x10b82e	-[NXReadWriteString length]
0x10b84a	-[NXReadWriteString characterAt:]
0x10b86c	-[NXReadWriteString allocateCharacterBuffer:]
0x10b89a	-[NXReadWriteString getCharacters:range:]
0x10b8c4	-[NXReadWriteString getCString:maxLength:range:remainingRange:]
0x10b904	-[NXReadWriteString compare:mask:table:]
0x10b92d	-[NXReadWriteString findString:range:mask:table:]
0x10b95f	-[NXReadWriteString findCharacter:range:mask:table:]
0x10b994	-[NXReadWriteString findOneOf:range:mask:table:]
0x10b9c5	-[NXReadWriteString hash]
0x10b9df	-[NXReadWriteString replaceCharactersInRange:withString:]
0x10ba19	-[NXReadWriteString copyFromZone:]
0x10ba3c	-[NXReadWriteString immutableCopyFromZone:]
0x10ba68	-[NXReadWriteString free]
0x10ba82	-[NXReadWriteString write:]
0x10ba9e	-[NXReadWriteString read:]
0x10bab9	-[NXReadWriteString finishUnarchiving]
0x10bae0	-[NXSimpleReadOnlyString initFromCharactersNoCopy:length:]
0x10bb1b	-[NXSimpleReadOnlyString characterAt:]
0x10bb42	-[NXSimpleReadOnlyString length]
0x10bb63	-[NXSimpleReadOnlyString getCharacters:range:]
0x10bb92	-[NXSimpleReadOnlyString getCString:maxLength:range:remainingRange:]
0x10bbd7	_simpleReadOnlyStringClass.12
0x10bbf5	-[NXSimpleReadOnlyString compare:mask:table:]
0x10bc23	-[NXSimpleReadOnlyString findString:range:mask:table:]
0x10bc5a	-[NXSimpleReadOnlyString findCharacter:range:mask:table:]
0x10bc94	-[NXSimpleReadOnlyString findOneOf:range:mask:table:]
0x10bcca	-[NXSimpleReadOnlyString copySubstring:fromZone:]
0x10bcfc	-[NXSimpleReadOnlyString hash]
0x10bd1b	-[NXSimpleReadOnlyString copyFromZone:]
0x10bd43	-[NXSimpleReadOnlyString free]
0x10bd62	-[NXSimpleReadOnlyString write:]
0x10bd83	-[NXSimpleReadOnlyString read:]
0x10bda3	_theStringZone
0x10bdb2	_objectPrintfProc
0x10bdc4	+[NXString initialize]
0x10bddb	-[NXString allocateCharacterBuffer:]
0x10be00	-[NXString initFromCharactersNoCopy:length:]
0x10be2d	-[NXString init]
0x10be3e	-[NXString initFromCharacters:length:]
0x10be65	-[NXString initFromString:]
0x10be81	-[NXString initFromString:range:]
0x10bea3	-[NXString initFromStream:untilOneOf:maxLength:]
0x10bed4	-[NXString initFromCStringStream:untilOneOf:maxLength:]
0x10bf0c	-[NXString initFromFormat:]
0x10bf28	-[NXString initFromFormat:withArgList:]
0x10bf50	-[NXString initFromCString:]
0x10bf6d	-[NXString initFromCString:length:]
0x10bf91	-[NXString getCString:]
0x10bfa9	-[NXString getCString:maxLength:]
0x10bfcb	-[NXString getCString:maxLength:range:remainingRange:]
0x10c002	-[NXString length]
0x10c015	-[NXString cStringLength]
0x10c02f	-[NXString cStringCopy]
0x10c047	-[NXString uniqueCStringCopy]
0x10c065	-[NXString characterAt:]
0x10c07e	-[NXString getCharacters:range:]
0x10c09f	-[NXString getCharacters:]
0x10c0ba	_stringClass.134
0x10c0cb	-[NXString isEqual:]
0x10c0e0	-[NXString compare:]
0x10c0f5	-[NXString compare:mask:table:]
0x10c115	-[NXString findString:]
0x10c12d	-[NXString findString:range:mask:table:]
0x10c156	-[NXString findCharacter:]
0x10c171	-[NXString findCharacter:range:mask:table:]
0x10c19d	-[NXString findOneOf:]
0x10c1b4	-[NXString findOneOf:range:mask:table:]
0x10c1dc	-[NXString hash]
0x10c1ed	-[NXString copySubstring:]
0x10c208	-[NXString copySubstring:fromZone:]
0x10c22c	-[NXString immutableCopy]
0x10c246	-[NXString immutableCopyFromZone:]
0x10c269	-[NXString mutableCopy]
0x10c281	-[NXString mutableCopyFromZone:]
0x10c2a2	-[NXString writeToStream:]
0x10c2bd	-[NXString writeCStringToStream:]
0x10c2df	-[NXString printForDebugger:]
0x10c2fd	-[NXString _print]
0x10c310	-[NXString initFromStream:uptoLength:orUntilOneOf:]
0x10c344	-[NXString initFromByteStream:uptoLength:orUntilOneOf:]
0x10c37c	-[NXString getCString:range:]
0x10c39a	-[NXString getCString:length:]
0x10c3b9	-[NXString getCString:length:range:]
0x10c3de	-[NXString compare:mask:]
0x10c3f8	-[NXString compare:mask:usingTable:]
0x10c41d	-[NXString find:]
0x10c42f	-[NXString find:range:]
0x10c447	-[NXString find:mask:]
0x10c45e	-[NXString find:range:mask:usingTable:]
0x10c486	-[NXString findOneOf:range:]
0x10c4a3	-[NXString findOneOf:mask:]
0x10c4bf	-[NXString findOneOf:range:mask:usingTable:]
0x10c4ec	-[NXString findCharacter:range:]
0x10c50d	-[NXString findCharacter:mask:]
0x10c52d	-[NXString findCharacter:range:mask:usingTable:]
0x10c55e	-[NXString createCharacterBuffer:]
0x10c581	-[NXString writeBytesToStream:]
0x10c5a1	+[NXStringTable new]
0x10c5b6	-[NXStringTable init]
0x10c5d4	_freeString
0x10c5e0	-[NXStringTable free]
0x10c5f6	-[NXStringTable valueForStringKey:]
0x10c61a	_skipSpace
0x10c625	_parseWord
0x10c630	_writeWord
0x10c63b	-[NXStringTable readFromStream:]
0x10c65c	-[NXStringTable readFromFile:]
0x10c67b	+[NXStringTable newFromStream:]
0x10c69b	+[NXStringTable newFromFile:]
0x10c6b9	-[NXStringTable writeToStream:]
0x10c6d9	-[NXStringTable writeToFile:]
0x10c6f7	_uniquedStringHashTable
0x10c70f	+[NXUniquedString initialize]
0x10c72d	_stringLock
0x10c739	+[NXUniquedString newFromString:]
0x10c75b	+[NXUniquedString newFromCharacters:length:]
0x10c788	-[NXUniquedString initFromCharactersNoCopy:length:]
0x10c7bc	+[NXUniquedString allocFromZone:]
0x10c7de	+[NXUniquedString alloc]
0x10c7f7	-[NXUniquedString free]
0x10c80f	-[NXUniquedString copyFromZone:]
0x10c830	_uniquedStringClass.18
0x10c847	-[NXUniquedString isEqual:]
0x10c863	-[NXUniquedString finishUnarchiving]
0x10c888	+[Storage initialize]
0x10c89e	+[Storage new]
0x10c8ad	-[Storage init]
0x10c8bd	-[Storage initCount:elementSize:description:]
0x10c8eb	+[Storage newCount:elementSize:description:]
0x10c918	-[Storage free]
0x10c928	-[Storage empty]
0x10c939	-[Storage copyFromZone:]
0x10c952	-[Storage isEqual:]
0x10c966	-[Storage setNumSlots:]
0x10c97e	-[Storage setAvailableCapacity:]
0x10c99f	-[Storage description]
0x10c9b6	-[Storage count]
0x10c9c7	-[Storage elementAt:]
0x10c9dd	-[Storage replace:at:]
0x10c9f4	-[Storage replaceElementAt:with:]
0x10ca16	-[Storage addElement:]
0x10ca2d	-[Storage removeLastElement]
0x10ca4a	-[Storage insert:at:]
0x10ca60	-[Storage insertElement:at:]
0x10ca7d	-[Storage removeAt:]
0x10ca92	-[Storage removeElementAt:]
0x10caae	-[Storage write:]
0x10cac0	-[Storage read:]
0x10cad1	+[StreamTable newKeyDesc:]
0x10caec	+[StreamTable new]
0x10caff	-[StreamTable initKeyDesc:]
0x10cb1b	-[StreamTable init]
0x10cb2f	_freePickle
0x10cb3b	_freePickleAndObject
0x10cb50	_getObject
0x10cb5b	_freeObject
0x10cb6f	-[StreamTable free]
0x10cb83	-[StreamTable freeObjects]
0x10cb9e	-[StreamTable valueForStreamKey:]
0x10cbc0	-[StreamTable insertStreamKey:value:]
0x10cbe6	-[StreamTable removeStreamKey:]
0x10cc06	-[StreamTable initStreamState]
0x10cc25	-[StreamTable nextStreamState:key:value:]
0x10cc4f	-[StreamTable write:]
0x10cc65	-[StreamTable read:]
0x10cc7a	_checkRead
0x10cc85	_checkWrite
0x10cc91	_checkExpected
0x10cca0	_classError
0x10ccac	_typeDescriptorError
0x10ccc1	_writeRefError
0x10ccd0	_sameSexAsCube
0x10ccdf	_inc_ptrCounter
0x10ccef	_freeStrToInt
0x10ccfd	__NXOpenEncodingStream
0x10cd14	__NXOpenDecodingStream
0x10cd2b	__NXEndOfCodingStream
0x10cd41	__NXCloseCodingStream
0x10cd57	__NXEncodeBytes
0x10cd67	__NXDecodeBytes
0x10cd77	__NXEncodeChar
0x10cd86	__NXDecodeChar
0x10cd95	__NXEncodeShort
0x10cda5	__NXDecodeShort
0x10cdb5	__NXEncodeInt
0x10cdc3	_FinishDecodeInt
0x10cdd4	__NXDecodeInt
0x10cde2	_FloorOrZero
0x10cdef	__NXEncodeFloat
0x10cdff	__NXDecodeFloat
0x10ce0f	__NXEncodeDouble
0x10ce20	__NXDecodeDouble
0x10ce31	__NXEncodeChars
0x10ce41	__NXDecodeChars
0x10ce51	__NXEncodeSharedString
0x10ce68	__NXDecodeSharedString
0x10ce7f	__NXDecodeUniqueString
0x10ce96	__NXEncodeShared
0x10cea7	__NXEncodeString
0x10ceb8	__NXDecodeString
0x10cec9	_skipAggregateName
0x10cedc	_SizeOfType
0x10cee8	_WriteValue
0x10cef4	_ReadValue
0x10ceff	_InternalWriteObject
0x10cf14	_InternalReadObject
0x10cf28	_RealSuperClass
0x10cf38	_NXWriteClass
0x10cf46	_NXReadClass
0x10cfb3	_server_loop
0x10cfc0	_get_or_start_debug_thread
0x10cfdb	_make_dyld_image_data_writable
0x10cffa	_get_dyld_data
0x10d009	_task_suspend_threads
0x10d01f	_task_resume_threads
0x10d034	_translate_port
0x10d044	_thread_start
0x10d052	_thread_setup
0x10d060	__dyld_event_server_callback
0x10d07d	_dyld_debug_MsgError
0x10d092	_inconsistent_data_okType.2
0x10d0ae	_nameType.3
0x10d0ba	_RetCodeCheck.4
0x10d0ca	__dyld_debug_defining_moduleCheck.5
0x10d0ee	_moduleCheck.6
0x10d0fd	_inconsistent_data_okType.9
0x10d119	_moduleType.10
0x10d128	_RetCodeCheck.11
0x10d139	__dyld_debug_is_module_boundCheck.12
0x10d15e	_boundCheck.13
0x10d16d	_inconsistent_data_okType.16
0x10d18a	_moduleType.17
0x10d199	_RetCodeCheck.18
0x10d1aa	__dyld_debug_bind_moduleCheck.19
0x10d1cb	_inconsistent_data_okType.22
0x10d1e8	_subscriberType.23
0x10d1fb	_RetCodeCheck.24
0x10d20c	_inconsistent_data_okType.27
0x10d229	_moduleType.28
0x10d238	_RetCodeCheck.29
0x10d249	__dyld_debug_module_nameCheck.30
0x10d26a	_RetCodeCheck.33
0x10d27b	__dyld_debug_monoutputCheck.34
0x10d29a	_user_dyld_debug_add_event_subscriber
0x10d2c0	_user_dyld_debug_bind_module
0x10d2dd	_user_dyld_debug_defining_module
0x10d2fe	_user_dyld_debug_is_module_bound
0x10d31f	_user_dyld_debug_module_name
0x10d33c	_user_dyld_debug_monoutput
0x10d357	_eventCheck.2
0x10d365	__X_dyld_event_server_callback
0x10d384	_RetCodeType.5
0x10d393	_routines.6
0x10d39f	__dyld_event_server
0x10d3f0	_names_match
0x10d3fd	_ofi_error_printing_mutex
0x10d417	_thread_printing_error
0x10d42e	_ofi_alloc_mutex
0x10d43f	_ofi_lists
0x10d44a	_NXArgv_pointer.96
0x10d45d	_NXArgv_pointer.99
0x10d470	_ofi_alloc
0x10d47b	_ofi_free
0x10d485	_ofi_valid
0x10d49f	_my_mach_error
0x10d4b5	_progname
0x10d4bf	_savestr
0x10d4c8	_system_error
0x10d4de	_ofile_specific_arch
0x10d4f3	_check_fat
0x10d4fe	_check_fat_object_in_archive
0x10d51b	_check_archive
0x10d52a	_check_Mach_O
0x10d538	_archive_error
0x10d547	_archive_member_error
0x10d55d	_Mach_O_error
0x10d56b	_ofile_map
0x10d576	_ofile_unmap
0x10d583	_ofile_first_arch
0x10d595	_ofile_first_member
0x10d5a9	_ofile_first_module
0x10d5bd	_ofile_next_arch
0x10d5ce	_ofile_next_member
0x10d5e1	_ofile_next_module
0x10d5f4	_ofile_specific_member
0x10d60b	_ofile_specific_module
0x10d622	_size_ar_name
0x10d630	_arch_flags
0x10d63c	_get_arch_from_host
0x10d650	_get_arch_family_from_cputype
0x10d66e	_get_arch_flags
0x10d67e	_get_arch_from_flag
0x10d692	_get_arch_name_from_types
0x10d6ac	_get_byte_sex_from_flag
0x10d6c4	_get_host_byte_sex
0x10d6d7	_swap_dylib_command
0x10d6eb	_swap_dylib_module
0x10d6fe	_swap_dylinker_command
0x10d715	_swap_dysymtab_command
0x10d72c	_swap_fvmlib_command
0x10d741	_swap_hppa_fp_thread_state
0x10d75c	_swap_hppa_frame_thread_state
0x10d77a	_swap_hppa_integer_thread_state
0x10d79a	_swap_i386_thread_cthreadstate
0x10d7b9	_swap_i386_thread_exceptstate
0x10d7d7	_swap_i386_thread_fpstate
0x10d7f1	_swap_i386_thread_state
0x10d809	_swap_i860_thread_state_regs
0x10d826	_swap_ident_command
0x10d83a	_swap_load_command
0x10d84d	_swap_m68k_thread_state_68882
0x10d86b	_swap_m68k_thread_state_regs
0x10d888	_swap_m68k_thread_state_user_reg
0x10d8a9	_swap_m88110_thread_state_impl_t
0x10d8ca	_swap_m88k_thread_state_grf_t
0x10d8e8	_swap_m88k_thread_state_user_t
0x10d907	_swap_m88k_thread_state_xrf_t
0x10d925	_swap_m98k_thread_state_grf_t
0x10d943	_swap_mach_header
0x10d955	_swap_prebound_dylib_command
0x10d972	_swap_section
0x10d980	_swap_segment_command
0x10d996	_swap_sparc_thread_state_fpu
0x10d9b3	_swap_sparc_thread_state_regs
0x10d9d1	_swap_symseg_command
0x10d9e6	_swap_symtab_command
0x10d9fb	_swap_thread_command
0x10da10	_SWAP_DOUBLE
0x10da1d	_SWAP_FLOAT
0x10da29	_swap_dylib_reference
0x10da3f	_swap_dylib_table_of_contents
0x10da5d	_swap_fat_arch
0x10da6c	_swap_fat_header
0x10da7d	_swap_fvmfile_command
0x10da93	_swap_indirect_symbols
0x10daaa	_swap_nlist
0x10dab6	_swap_ranlib
0x10dac3	_swap_relocation_info
0x10dae0	_set_arch_flag_name
0x10dafa	_eventCheck.2
0x10db08	__X_dyld_event_server_callback
0x10db27	_RetCodeType.5
0x10db36	_routines.6
0x10db42	__dyld_event_server_callback
0x10db5f	__mh_dylib_header
