index	value	name	type	section	description	debug	defined_external
0	0x50b4000	dyld__mh_dylib_header	0xe	6	0	0	0
1	0x50b6e44	dyld_lazy_symbol_binding_entry_point	0xe	7	0	0	0
2	0x50b6e48	dyld_func_lookup_pointer	0xe	7	0	0	0
3	0x5001456	__dyld_func_lookup	0x1e	1	0	0	0
4	0x5001444	dyld_stub_binding_helper	0x1e	1	0	0	0
5	0x50b4004	_NXArgv_pointer.72	0xe	6	0	0	0
6	0x50b4008	_NXArgc_pointer.75	0xe	6	0	0	0
7	0x50b400c	_environ_pointer.78	0xe	6	0	0	0
8	0x5006782	__libgcc_private_extern__gcc_bcmp	0x1e	1	0	0	0
9	0x50067c2	__libgcc_private_extern__ashldi3	0x1e	1	0	0	0
10	0x500680e	__libgcc_private_extern__ashrdi3	0x1e	1	0	0	0
11	0x500685e	_num_digits	0xe	1	0	0	0
12	0x50b8544	_bb_head	0xe	11	0	0	0
13	0x500689a	__libgcc_private_extern___bb_exit_func	0x1e	1	0	0	0
14	0x5006b6a	__libgcc_private_extern___bb_init_func	0x1e	1	0	0	0
15	0x5006bac	__libgcc_private_extern___clear_cache	0x1e	1	0	0	0
16	0x5006bb6	__libgcc_private_extern__cmpdi2	0x1e	1	0	0	0
17	0x50ad4d6	___clz_tab	0xe	4	0	0	0
18	0x5006bee	__libgcc_private_extern__divdi3	0x1e	1	0	0	0
19	0x5006d2c	_find_exception_table	0xe	1	0	0	0
20	0x50b8550	_exception_table_list	0xe	11	0	0	0
21	0x50b854c	_except_pc	0xe	11	0	0	0
22	0x50b8548	_except_table_pos	0xe	11	0	0	0
23	0x5006d68	__libgcc_private_extern___find_first_exception_table_match	0x1e	1	0	0	0
24	0x5006e24	__libgcc_private_extern___register_exceptions	0x1e	1	0	0	0
25	0x5006dfa	__libgcc_private_extern___throw_type_match	0x1e	1	0	0	0
26	0x5006e98	__libgcc_private_extern___unwind_function	0x1e	1	0	0	0
27	0x5006ea4	__libgcc_private_extern___eprintf	0x1e	1	0	0	0
28	0x5006eea	__libgcc_private_extern__ffsdi2	0x1e	1	0	0	0
29	0x5006f30	__libgcc_private_extern__fixdfdi	0x1e	1	0	0	0
30	0x5006f76	__libgcc_private_extern__fixsfdi	0x1e	1	0	0	0
31	0x5006fb8	__libgcc_private_extern__fixunsdfdi	0x1e	1	0	0	0
32	0x500716c	__libgcc_private_extern__fixunsdfsi	0x1e	1	0	0	0
33	0x50071de	__libgcc_private_extern__fixunssfdi	0x1e	1	0	0	0
34	0x5007392	__libgcc_private_extern__fixunssfsi	0x1e	1	0	0	0
35	0x50073fc	__libgcc_private_extern__fixunsxfdi	0x1e	1	0	0	0
36	0x5007526	__libgcc_private_extern__fixunsxfsi	0x1e	1	0	0	0
37	0x500756e	__libgcc_private_extern__fixxfdi	0x1e	1	0	0	0
38	0x50075b2	__libgcc_private_extern__floatdidf	0x1e	1	0	0	0
39	0x5007634	__libgcc_private_extern__floatdisf	0x1e	1	0	0	0
40	0x50076d2	__libgcc_private_extern__floatdixf	0x1e	1	0	0	0
41	0x5007750	__libgcc_private_extern__lshrdi3	0x1e	1	0	0	0
42	0x50ad642	___clz_tab	0xe	4	0	0	0
43	0x500779c	__libgcc_private_extern__moddi3	0x1e	1	0	0	0
44	0x500792e	__libgcc_private_extern__muldi3	0x1e	1	0	0	0
45	0x500796e	__libgcc_private_extern__negdi2	0x1e	1	0	0	0
46	0x50b4010	___new_handler	0xe	6	0	0	0
47	0x50079e0	__libgcc_private_extern___default_new_handler	0x1e	1	0	0	0
48	0x5007998	__libgcc_private_extern___get_new_handler	0x1e	1	0	0	0
49	0x50079b2	__libgcc_private_extern_set_new_handler	0x1e	1	0	0	0
50	0x5007a0c	__libgcc_private_extern___builtin_delete	0x1e	1	0	0	0
51	0x5007a22	__libgcc_private_extern___builtin_new	0x1e	1	0	0	0
52	0x5007a5a	__libgcc_private_extern___builtin_vec_delete	0x1e	1	0	0	0
53	0x5007a6c	__libgcc_private_extern___builtin_vec_new	0x1e	1	0	0	0
54	0x5007a7e	__libgcc_private_extern___pure_virtual	0x1e	1	0	0	0
55	0x50b4018	__libgcc_private_extern___shtab	0x1e	6	0	0	0
56	0x5007abc	__libgcc_private_extern___enable_execute_stack	0x1e	1	0	0	0
57	0x5007aae	__libgcc_private_extern___trampoline	0x1e	1	0	0	0
58	0x5007aaa	__libgcc_private_extern___transfer_from_trampoline	0x1e	1	0	0	0
59	0x5007ac6	__libgcc_private_extern__ucmpdi2	0x1e	1	0	0	0
60	0x5007afe	__libgcc_private_extern___udiv_w_sdiv	0x1e	1	0	0	0
61	0x50ad742	___clz_tab	0xe	4	0	0	0
62	0x5007c30	__libgcc_private_extern__udivdi3	0x1e	1	0	0	0
63	0x50ad842	___clz_tab	0xe	4	0	0	0
64	0x5007cfa	__libgcc_private_extern__udivmoddi4	0x1e	1	0	0	0
65	0x50ad942	___clz_tab	0xe	4	0	0	0
66	0x5007e5a	__libgcc_private_extern__umoddi3	0x1e	1	0	0	0
67	0x5007f5a	__libgcc_private_extern___builtin_saveregs	0x1e	1	0	0	0
68	0x50b40c8	_arch_multiple	0xe	6	0	0	0
69	0x50b4170	_printed.100	0xe	6	0	0	0
70	0x5007f94	_print_architecture_banner	0xe	1	0	0	0
71	0x50b4120	_Yflag	0x1e	6	0	0	0
72	0x50b4140	_allow_multiply_defined_symbols	0x1e	6	0	0	0
73	0x50b40fc	_arch_errors_fatal	0x1e	6	0	0	0
74	0x50b40b0	_arch_flag	0x1e	6	0	0	0
75	0x50b4100	_archive_ObjC	0x1e	6	0	0	0
76	0x50b4104	_archive_all	0x1e	6	0	0	0
77	0x50b40d8	_bind_at_load	0x1e	6	0	0	0
78	0x50b414c	_defaultsectalign	0x1e	6	0	0	0
79	0x50b40e0	_define_comldsyms	0x1e	6	0	0	0
80	0x50b4168	_dylib_compatibility_version	0x1e	6	0	0	0
81	0x50b4164	_dylib_current_version	0x1e	6	0	0	0
82	0x50b412c	_dylib_files	0x1e	6	0	0	0
83	0x50b4160	_dylib_install_name	0x1e	6	0	0	0
84	0x50b416c	_dylinker_install_name	0x1e	6	0	0	0
85	0x50b410c	_dynamic	0x1e	6	0	0	0
86	0x50b415c	_entry_point_name	0x1e	6	0	0	0
87	0x5008054	_error	0x1e	1	0	0	0
88	0x5008194	_error_with_cur_obj	0x1e	1	0	0	0
89	0x50b409c	_errors	0x1e	6	0	0	0
90	0x50080ba	_fatal	0x1e	1	0	0	0
91	0x50b40ac	_filetype	0x1e	6	0	0	0
92	0x50b40ec	_flush	0x1e	6	0	0	0
93	0x50b40c0	_force_cpusubtype_ALL	0x1e	6	0	0	0
94	0x50b4158	_headerpad	0x1e	6	0	0	0
95	0x50b40a4	_host_byte_sex	0x1e	6	0	0	0
96	0x50b40a0	_host_pagesize	0x1e	6	0	0	0
97	0x50b4108	_keep_private_externs	0x1e	6	0	0	0
98	0x50b40dc	_load_map	0x1e	6	0	0	0
99	0x500836a	_mach_fatal	0x1e	1	0	0	0
100	0x50b4130	_ndylib_files	0x1e	6	0	0	0
101	0x50b40f8	_no_arch_warnings	0x1e	6	0	0	0
102	0x50b40f4	_nowarnings	0x1e	6	0	0	0
103	0x50b411c	_ntrace_syms	0x1e	6	0	0	0
104	0x50b4128	_nundef_syms	0x1e	6	0	0	0
105	0x50b40d4	_output_for_dyld	0x1e	6	0	0	0
106	0x50b40a8	_outputfile	0x1e	6	0	0	0
107	0x50b4148	_pagezero_size	0x1e	6	0	0	0
108	0x50b413c	_prebinding	0x1e	6	0	0	0
109	0x5007f7e	_print	0x1e	1	0	0	0
110	0x50b4098	_progname	0x1e	6	0	0	0
111	0x50b4138	_read_only_reloc_flag	0x1e	6	0	0	0
112	0x5007f66	_round	0x1e	1	0	0	0
113	0x50b40d0	_save_reloc	0x1e	6	0	0	0
114	0x50b40f0	_sectorder_detail	0x1e	6	0	0	0
115	0x50b4150	_seg1addr	0x1e	6	0	0	0
116	0x50b4154	_seg1addr_specified	0x1e	6	0	0	0
117	0x50b4144	_segalign	0x1e	6	0	0	0
118	0x50b40e4	_seglinkedit	0x1e	6	0	0	0
119	0x50b40bc	_specific_arch_flag	0x1e	6	0	0	0
120	0x50b4114	_strip_base_symbols	0x1e	6	0	0	0
121	0x50b4110	_strip_level	0x1e	6	0	0	0
122	0x500827a	_system_error	0x1e	1	0	0	0
123	0x50082f4	_system_fatal	0x1e	1	0	0	0
124	0x500820a	_system_warning	0x1e	1	0	0	0
125	0x50b40c4	_target_byte_sex	0x1e	6	0	0	0
126	0x50b40cc	_trace	0x1e	6	0	0	0
127	0x50b4118	_trace_syms	0x1e	6	0	0	0
128	0x50b4124	_undef_syms	0x1e	6	0	0	0
129	0x50b4134	_undefined_flag	0x1e	6	0	0	0
130	0x5007fec	_warning	0x1e	1	0	0	0
131	0x500811c	_warning_with_cur_obj	0x1e	1	0	0	0
132	0x50b40e8	_whyload	0x1e	6	0	0	0
133	0x50b4178	_stat_buf	0xe	6	0	0	0
134	0x50b41b4	_strings	0xe	6	0	0	0
135	0x5008548	_pass1_fat	0xe	1	0	0	0
136	0x5008af4	_pass1_archive	0xe	1	0	0	0
137	0x5009184	_check_archive_arch	0xe	1	0	0	0
138	0x50093ac	_pass1_object	0xe	1	0	0	0
139	0x500942c	_ranlib_bsearch	0xe	1	0	0	0
140	0x50ada42	_empty_symtab.112	0xe	4	0	0	0
141	0x50ada5a	_empty_dysymtab.113	0xe	4	0	0	0
142	0x500955c	_check_cur_obj	0xe	1	0	0	0
143	0x50adaaa	_empty_symtab.116	0xe	4	0	0	0
144	0x50b41b8	_base_program_symtab.117	0xe	6	0	0	0
145	0x500b278	_check_size_offset	0xe	1	0	0	0
146	0x500b314	_check_size_offset_sect	0xe	1	0	0	0
147	0x500885a	_check_fat	0x1e	1	0	0	0
148	0x5009458	_merge	0x1e	1	0	0	0
149	0x500ad6e	_merge_base_program	0x1e	1	0	0	0
150	0x50083d8	_pass1	0x1e	1	0	0	0
151	0x50b4224	_member_name.80	0xe	6	0	0	0
152	0x500bac0	_fine_reloc_for_input_offset	0xe	1	0	0	0
153	0x50b421c	_cur_obj	0x1e	6	0	0	0
154	0x500b4f8	_print_obj_name	0x1e	1	0	0	0
155	0x50b4220	_base_obj	0x1e	6	0	0	0
156	0x500b3d0	_new_object_file	0x1e	1	0	0	0
157	0x500b58e	_obj_member_name	0x1e	1	0	0	0
158	0x500b60a	_size_ar_name	0x1e	1	0	0	0
159	0x500b460	_add_last_object_file	0x1e	1	0	0	0
160	0x500bb60	_clean_objects	0x1e	1	0	0	0
161	0x500b8c2	_fine_reloc_offset_in_output	0x1e	1	0	0	0
162	0x500b8de	_fine_reloc_offset_in_output_for_output_offset	0x1e	1	0	0	0
163	0x500b76a	_fine_reloc_output_address	0x1e	1	0	0	0
164	0x500b70a	_fine_reloc_output_offset	0x1e	1	0	0	0
165	0x500b9aa	_fine_reloc_output_sectnum	0x1e	1	0	0	0
166	0x50b4218	_nobjects	0x1e	6	0	0	0
167	0x50b4214	_objects	0x1e	6	0	0	0
168	0x500b630	_print_whatsloaded	0x1e	1	0	0	0
169	0x500b490	_remove_last_object_file	0x1e	1	0	0	0
170	0x500bc3e	_remove_objects	0x1e	1	0	0	0
171	0x50b424c	_section_flags	0xe	6	0	0	0
172	0x500bd3e	_merge_sections	0x1e	1	0	0	0
173	0x500be8c	_create_merged_section	0x1e	1	0	0	0
174	0x500c3c2	_lookup_merged_section	0x1e	1	0	0	0
175	0x500c374	_lookup_merged_segment	0x1e	1	0	0	0
176	0x500c46a	_merge_literal_sections	0x1e	1	0	0	0
177	0x50b4240	_merged_segments	0x1e	6	0	0	0
178	0x50b4248	_nreloc	0x1e	6	0	0	0
179	0x50b4244	_original_merged_segments	0x1e	6	0	0	0
180	0x500c65c	_output_literal_sections	0x1e	1	0	0	0
181	0x500c6c2	_output_section	0x1e	1	0	0	0
182	0x500ca9e	_remove_merged_sections	0x1e	1	0	0	0
183	0x500c918	_reset_merged_sections	0x1e	1	0	0	0
184	0x500ca2c	_zero_merged_sections_sizes	0x1e	1	0	0	0
185	0x500d3ca	_cstring_free	0x1e	1	0	0	0
186	0x500cc3a	_cstring_merge	0x1e	1	0	0	0
187	0x500cd2a	_cstring_order	0x1e	1	0	0	0
188	0x500d36a	_cstring_output	0x1e	1	0	0	0
189	0x500cd32	_get_cstring_from_sectorder	0x1e	1	0	0	0
190	0x500d198	_lookup_cstring	0x1e	1	0	0	0
191	0x50b4314	_merged_symbol_list_for_enter_symbol	0xe	6	0	0	0
192	0x50b4320	_undefsyms_order	0xe	6	0	0	0
193	0x50b4324	_extdefsyms_order	0xe	6	0	0	0
194	0x50b434c	_free_list	0xe	6	0	0	0
195	0x50b4358	_link_edit_common_section	0xe	6	0	0	0
196	0x50b439c	_link_edit_section_maps	0xe	6	0	0	0
197	0x50b43c4	_multiple_defs	0xe	6	0	0	0
198	0x50b43c8	_nmultiple_defs	0xe	6	0	0	0
199	0x50b43cc	_nindr_symbols	0xe	6	0	0	0
200	0x50b43d8	_commons_exist	0xe	6	0	0	0
201	0x50b43dc	_noundefs	0xe	6	0	0	0
202	0x500e02c	_enter_symbol	0xe	1	0	0	0
203	0x500e140	_enter_indr_symbol	0xe	1	0	0	0
204	0x500e248	_enter_string	0xe	1	0	0	0
205	0x500e3ee	_add_to_undefined_list	0xe	1	0	0	0
206	0x50b8554	_undefined_blocks	0xe	11	0	0	0
207	0x500e54a	_multiply_defined	0xe	1	0	0	0
208	0x500e67a	_trace_object_symbol	0xe	1	0	0	0
209	0x500e702	_trace_symbol	0xe	1	0	0	0
210	0x500fc98	_merged_symbol_string_index	0xe	1	0	0	0
211	0x500fcbe	_get_string_block	0xe	1	0	0	0
212	0x5010500	_qsort_by_module	0xe	1	0	0	0
213	0x5010522	_qsort_by_name	0xe	1	0	0	0
214	0x500e4f2	_delete_from_undefined_list	0x1e	1	0	0	0
215	0x500df0a	_lookup_symbol	0x1e	1	0	0	0
216	0x500d444	_merge_symbols	0x1e	1	0	0	0
217	0x50b4340	_undefined_list	0x1e	6	0	0	0
218	0x501008e	_assign_output_symbol_indexes	0x1e	1	0	0	0
219	0x500e8a4	_define_common_symbols	0x1e	1	0	0	0
220	0x5010552	_free_multiple_defs	0x1e	1	0	0	0
221	0x500e844	_free_undefined_list	0x1e	1	0	0	0
222	0x50b43d0	_indr_symbol_pairs	0x1e	6	0	0	0
223	0x500de8c	_is_output_local_symbol	0x1e	1	0	0	0
224	0x500ef9c	_layout_merged_symbols	0x1e	1	0	0	0
225	0x50b7d48	_link_edit_common_object	0x1e	10	0	0	0
226	0x50b432c	_local_string_size	0x1e	6	0	0	0
227	0x500f604	_local_symbol_output_index	0x1e	1	0	0	0
228	0x50b4318	_merged_string_blocks	0x1e	6	0	0	0
229	0x50b431c	_merged_string_size	0x1e	6	0	0	0
230	0x50b4304	_merged_symbol_lists	0x1e	6	0	0	0
231	0x5010540	_merged_symbol_output_index	0x1e	1	0	0	0
232	0x50b43d4	_nindr_symbol_pairs	0x1e	6	0	0	0
233	0x50b4328	_nlocal_symbols	0x1e	6	0	0	0
234	0x50b430c	_nmerged_private_symbols	0x1e	6	0	0	0
235	0x50b4308	_nmerged_symbols	0x1e	6	0	0	0
236	0x50b4310	_nmerged_symbols_referenced_only_from_dylibs	0x1e	6	0	0	0
237	0x500f0ac	_output_local_symbols	0x1e	1	0	0	0
238	0x500f7fa	_output_merged_symbols	0x1e	1	0	0	0
239	0x500fd12	_process_undefineds	0x1e	1	0	0	0
240	0x500ed96	_reduce_indr_symbols	0x1e	1	0	0	0
241	0x5010588	_remove_merged_symbols	0x1e	1	0	0	0
242	0x500ffe0	_reset_prebound_undefines	0x1e	1	0	0	0
243	0x50b4330	_sect_object_symbols	0x1e	6	0	0	0
244	0x500f79c	_set_merged_string_block_indexes	0x1e	1	0	0	0
245	0x500e6c4	_trace_merged_symbol	0x1e	1	0	0	0
246	0x50b4510	_mc680x0	0xe	6	0	0	0
247	0x50b4558	_mc98000	0xe	6	0	0	0
248	0x50b45f0	_mc88000	0xe	6	0	0	0
249	0x50b4678	_i860	0xe	6	0	0	0
250	0x50b47fc	_intel386	0xe	6	0	0	0
251	0x50b483c	_hppa_state	0xe	6	0	0	0
252	0x50b4868	_sparc_state	0xe	6	0	0	0
253	0x50b48b4	_linkedit_segment.98	0xe	6	0	0	0
254	0x50b4908	_pagezero_segment.99	0xe	6	0	0	0
255	0x50b495c	_object_segment.100	0xe	6	0	0	0
256	0x5010822	_layout_segments	0xe	1	0	0	0
257	0x50b44a4	_output_dysymtab_info	0x1e	6	0	0	0
258	0x50b4464	_output_mach_header	0x1e	6	0	0	0
259	0x50b4480	_output_symtab_info	0x1e	6	0	0	0
260	0x50106ce	_layout	0x1e	1	0	0	0
261	0x50b44f4	_output_thread_info	0x1e	6	0	0	0
262	0x501193c	_create_output_sections_array	0xe	1	0	0	0
263	0x50119da	_set_SG_NORELOC_flags	0xe	1	0	0	0
264	0x5011a6c	_output_headers	0xe	1	0	0	0
265	0x50b4a30	_output_addr	0x1e	6	0	0	0
266	0x50b4a2c	_output_size	0x1e	6	0	0	0
267	0x50b4a34	_output_sections	0x1e	6	0	0	0
268	0x5011718	_pass2	0x1e	1	0	0	0
269	0x5011c9a	_generic_reloc	0x1e	1	0	0	0
270	0x50127f6	_undef_bsearch	0x1e	1	0	0	0
271	0x50b4a88	_rld_monaddition	0xe	6	0	0	0
272	0x50b4a90	_error_stream	0xe	6	0	0	0
273	0x50b4a94	_zonep	0xe	6	0	0	0
274	0x50b4a98	_rld_env	0xe	6	0	0	0
275	0x50b4b34	_fatals	0xe	6	0	0	0
276	0x50b4b3c	_rld_maintain_states	0xe	6	0	0	0
277	0x50b4b40	_rld_nallocated_states	0xe	6	0	0	0
278	0x50b4b44	_rld_nloaded_states	0xe	6	0	0	0
279	0x50b4b48	_rld_loaded_state	0xe	6	0	0	0
280	0x50b4b4c	_NXArgv_pointer.100	0xe	6	0	0	0
281	0x50b4b50	__mh_execute_header_pointer.101	0xe	6	0	0	0
282	0x5012856	_internal_rld_load	0xe	1	0	0	0
283	0x5013568	_internal_rld_unload	0xe	1	0	0	0
284	0x5013b6a	_rld_loaded_state_changed	0xe	1	0	0	0
285	0x5013b72	_rld_get_loaded_state	0xe	1	0	0	0
286	0x5013c1c	_cleanup	0x1e	1	0	0	0
287	0x5013c46	_vprint	0x1e	1	0	0	0
288	0x5013c74	_allocate	0x1e	1	0	0	0
289	0x5013d10	_reallocate	0x1e	1	0	0	0
290	0x50b4b38	_base_name	0x1e	6	0	0	0
291	0x50b4a8c	_RLD_DEBUG_OUTPUT_FILENAME_flag	0x1e	6	0	0	0
292	0x50b4a84	_address_func	0x1e	6	0	0	0
293	0x50b4bac	_nsets	0xe	6	0	0	0
294	0x5013edc	_new_archive_or_fat	0x1e	1	0	0	0
295	0x50b4bb0	_cur_set	0x1e	6	0	0	0
296	0x50b4ba8	_sets	0x1e	6	0	0	0
297	0x5013fd4	_clean_archives_and_fats	0x1e	1	0	0	0
298	0x5014166	_free_sets	0x1e	1	0	0	0
299	0x5013db8	_new_set	0x1e	1	0	0	0
300	0x50140e0	_remove_set	0x1e	1	0	0	0
301	0x50144ae	_literal4_free	0x1e	1	0	0	0
302	0x5014230	_literal4_merge	0x1e	1	0	0	0
303	0x50142f8	_literal4_order	0x1e	1	0	0	0
304	0x501443a	_literal4_output	0x1e	1	0	0	0
305	0x5014398	_lookup_literal4	0x1e	1	0	0	0
306	0x5014920	_literal8_free	0x1e	1	0	0	0
307	0x50144e2	_literal8_merge	0x1e	1	0	0	0
308	0x50145ae	_literal8_order	0x1e	1	0	0	0
309	0x501489a	_literal8_output	0x1e	1	0	0	0
310	0x501469e	_get_hex_from_sectorder	0x1e	1	0	0	0
311	0x50147dc	_lookup_literal8	0x1e	1	0	0	0
312	0x50151c4	_count_reloc	0xe	1	0	0	0
313	0x501525c	_lookup_literal_pointer	0xe	1	0	0	0
314	0x5015482	_literal_pointer_free	0x1e	1	0	0	0
315	0x5014954	_literal_pointer_merge	0x1e	1	0	0	0
316	0x5015254	_literal_pointer_order	0x1e	1	0	0	0
317	0x50153c8	_literal_pointer_output	0x1e	1	0	0	0
318	0x50b4bec	_has_dynamic_linker_command	0x1e	6	0	0	0
319	0x50160d0	_lookup_indirect_item	0xe	1	0	0	0
320	0x501621a	_indirect_section_free	0x1e	1	0	0	0
321	0x50154f2	_indirect_section_merge	0x1e	1	0	0	0
322	0x5016212	_indirect_section_order	0x1e	1	0	0	0
323	0x50b4bf0	_nindirectsyms	0x1e	6	0	0	0
324	0x50b4bf4	_save_lazy_symbol_pointer_relocs	0x1e	6	0	0	0
325	0x5016436	_output_indirect_symbols	0x1e	1	0	0	0
326	0x501628a	_legal_reference	0x1e	1	0	0	0
327	0x5016578	_modinit_section_merge	0x1e	1	0	0	0
328	0x501674a	_modinit_section_order	0x1e	1	0	0	0
329	0x5016752	_m98k_reloc	0x1e	1	0	0	0
330	0x5017942	_m88k_reloc	0x1e	1	0	0	0
331	0x5018942	_hppa_reloc	0x1e	1	0	0	0
332	0x501a140	_sparc_reloc	0x1e	1	0	0	0
333	0x501b4c2	_cpusubtype_combine	0x1e	1	0	0	0
334	0x501b1ce	_cpusubtype_findbestarch	0x1e	1	0	0	0
335	0x50b4c98	_arch_flags	0xe	6	0	0	0
336	0x501bab4	_get_arch_family_from_cputype	0x1e	1	0	0	0
337	0x501b6ea	_get_arch_from_host	0x1e	1	0	0	0
338	0x501ba4a	_get_arch_name_from_types	0x1e	1	0	0	0
339	0x501bb0c	_get_byte_sex_from_flag	0x1e	1	0	0	0
340	0x501ba30	_get_arch_flags	0x1e	1	0	0	0
341	0x501b65c	_get_arch_from_flag	0x1e	1	0	0	0
342	0x501bb54	_get_toc_byte_sex	0x1e	1	0	0	0
343	0x501c8a6	_swap_dylib_command	0x1e	1	0	0	0
344	0x5021a78	_swap_dylib_module	0x1e	1	0	0	0
345	0x50219ba	_swap_dylib_reference	0x1e	1	0	0	0
346	0x5021c6a	_swap_dylib_table_of_contents	0x1e	1	0	0	0
347	0x501ca8a	_swap_dylinker_command	0x1e	1	0	0	0
348	0x501c3dc	_swap_dysymtab_command	0x1e	1	0	0	0
349	0x501c7c8	_swap_fvmlib_command	0x1e	1	0	0	0
350	0x502196a	_swap_indirect_symbols	0x1e	1	0	0	0
351	0x501bf2e	_swap_load_command	0x1e	1	0	0	0
352	0x501be00	_swap_mach_header	0x1e	1	0	0	0
353	0x50216fe	_swap_ranlib	0x1e	1	0	0	0
354	0x501c13a	_swap_section	0x1e	1	0	0	0
355	0x501bf94	_swap_segment_command	0x1e	1	0	0	0
356	0x501c712	_swap_symseg_command	0x1e	1	0	0	0
357	0x501c2d6	_swap_symtab_command	0x1e	1	0	0	0
358	0x5021776	_swap_relocation_info	0x1e	1	0	0	0
359	0x5021668	_swap_nlist	0x1e	1	0	0	0
360	0x501bc88	_get_host_byte_sex	0x1e	1	0	0	0
361	0x501bc08	_SWAP_DOUBLE	0x1e	1	0	0	0
362	0x501bc5e	_SWAP_FLOAT	0x1e	1	0	0	0
363	0x501bd04	_swap_fat_arch	0x1e	1	0	0	0
364	0x501bc9e	_swap_fat_header	0x1e	1	0	0	0
365	0x501cb18	_swap_fvmfile_command	0x1e	1	0	0	0
366	0x5020ca0	_swap_hppa_fp_thread_state	0x1e	1	0	0	0
367	0x5020b22	_swap_hppa_frame_thread_state	0x1e	1	0	0	0
368	0x502056c	_swap_hppa_integer_thread_state	0x1e	1	0	0	0
369	0x502052e	_swap_i386_thread_cthreadstate	0x1e	1	0	0	0
370	0x5020386	_swap_i386_thread_exceptstate	0x1e	1	0	0	0
371	0x501fd42	_swap_i386_thread_fpstate	0x1e	1	0	0	0
372	0x501faac	_swap_i386_thread_state	0x1e	1	0	0	0
373	0x501f772	_swap_i860_thread_state_regs	0x1e	1	0	0	0
374	0x5021602	_swap_ident_command	0x1e	1	0	0	0
375	0x501cd0a	_swap_m68k_thread_state_68882	0x1e	1	0	0	0
376	0x501cc34	_swap_m68k_thread_state_regs	0x1e	1	0	0	0
377	0x501ce50	_swap_m68k_thread_state_user_reg	0x1e	1	0	0	0
378	0x501f310	_swap_m88110_thread_state_impl_t	0x1e	1	0	0	0
379	0x501d80e	_swap_m88k_thread_state_grf_t	0x1e	1	0	0	0
380	0x501f2d2	_swap_m88k_thread_state_user_t	0x1e	1	0	0	0
381	0x501dd74	_swap_m88k_thread_state_xrf_t	0x1e	1	0	0	0
382	0x501ce8e	_swap_m98k_thread_state_grf_t	0x1e	1	0	0	0
383	0x501c9ac	_swap_prebound_dylib_command	0x1e	1	0	0	0
384	0x50213cc	_swap_sparc_thread_state_fpu	0x1e	1	0	0	0
385	0x5020f8a	_swap_sparc_thread_state_regs	0x1e	1	0	0	0
386	0x501cbce	_swap_thread_command	0x1e	1	0	0	0
387	0x5021ce2	_swap_object_headers	0x1e	1	0	0	0
388	0x5022c96	_vm_flush_cache	0x1e	1	0	0	0
389	0x5022d18	_reloc_has_pair	0x1e	1	0	0	0
390	0x5022ca2	_reloc_pair_r_type	0x1e	1	0	0	0
391	0x5022e08	_reloc_is_sectdiff	0x1e	1	0	0	0
392	0x5023030	_ones	0xe	1	0	0	0
393	0x5022ef8	_assemble_17	0x1e	1	0	0	0
394	0x5022f42	_assemble_21	0x1e	1	0	0	0
395	0x5022eb2	_calc_hppa_HILO	0x1e	1	0	0	0
396	0x502311e	_dis_assemble_17	0x1e	1	0	0	0
397	0x5023092	_dis_assemble_21	0x1e	1	0	0	0
398	0x5023056	_low_sign_ext	0x1e	1	0	0	0
399	0x50230da	_low_sign_unext	0x1e	1	0	0	0
400	0x5022fee	_sign_ext	0x1e	1	0	0	0
401	0x502315e	_sign_unext	0x1e	1	0	0	0
402	0x5022f94	_assemble_12	0x1e	1	0	0	0
403	0x5022fcc	_assemble_3	0x1e	1	0	0	0
404	0x5023194	_dis_assemble_12	0x1e	1	0	0	0
405	0x502317c	_dis_assemble_3	0x1e	1	0	0	0
406	0x50b7dc8	_file_functions	0xe	10	0	0	0
407	0x50231c6	_file_flush	0xe	1	0	0	0
408	0x50231fa	_file_fill	0xe	1	0	0	0
409	0x502321a	_file_change	0xe	1	0	0	0
410	0x50232a2	_file_seek	0xe	1	0	0	0
411	0x50233c6	_file_close	0xe	1	0	0	0
412	0x5023450	__NXStreamsTextPad	0xe	1	0	0	0
413	0x502354c	__NXStreamsLiteralTextPad	0xe	1	0	0	0
414	0x50b7de4	_ipc_functions	0xe	10	0	0	0
415	0x5023824	_ipc_flush	0xe	1	0	0	0
416	0x5023880	_ipc_fill	0xe	1	0	0	0
417	0x50238b6	_ipc_change	0xe	1	0	0	0
418	0x50238be	_ipc_seek	0xe	1	0	0	0
419	0x50238c6	_ipc_close	0xe	1	0	0	0
420	0x50b4f70	_memory_functions	0xe	6	0	0	0
421	0x5024800	_memory_flush	0xe	1	0	0	0
422	0x50247f6	_memory_fill	0xe	1	0	0	0
423	0x5024602	_memory_change	0xe	1	0	0	0
424	0x50047e4	_memory_seek	0xe	1	0	0	0
425	0x5024648	_memory_close	0xe	1	0	0	0
426	0x50b4f8c	_cheap_functions	0xe	6	0	0	0
427	0x502451e	_cheap_flush	0xe	1	0	0	0
428	0x5024576	_cheap_seek	0xe	1	0	0	0
429	0x5024372	_cheap_close	0xe	1	0	0	0
430	0x5024852	_verify_memory_stream	0xe	1	0	0	0
431	0x50246e8	_memory_extend	0xe	1	0	0	0
432	0x50242de	_betterCopy	0xe	1	0	0	0
433	0x50243e0	_cheap_extend	0xe	1	0	0	0
434	0x5005df0	_check_wellformed_header	0xe	1	0	0	0
435	0x50b4fa8	_printfProcTable	0xe	6	0	0	0
436	0x50b4fac	_sizePrintfProcTable	0xe	6	0	0	0
437	0x5024a0c	_isRegisteredPrintfChar	0xe	1	0	0	0
438	0x5025244	__p_dconv	0xe	1	0	0	0
439	0x502528e	__efmt	0xe	1	0	0	0
440	0x50253dc	__ffmt	0xe	1	0	0	0
441	0x5025514	_stringnotzero	0xe	1	0	0	0
442	0x50257b4	__innum	0xe	1	0	0	0
443	0x5025b54	__instr	0xe	1	0	0	0
444	0x5025c7a	__getccl	0xe	1	0	0	0
445	0x50adac2	_ln2hi	0xe	4	0	0	0
446	0x50adaca	_ln2lo	0xe	4	0	0	0
447	0x50adad2	_ln2hi	0xe	4	0	0	0
448	0x50adada	_ln2lo	0xe	4	0	0	0
449	0x50adae2	_small.40	0xe	4	0	0	0
450	0x50adaea	_big.41	0xe	4	0	0	0
451	0x50adaf2	_one.42	0xe	4	0	0	0
452	0x50adafa	_torp	0xe	4	0	0	0
453	0x50adb02	_p1	0xe	4	0	0	0
454	0x50adb3a	_q1	0xe	4	0	0	0
455	0x50adb72	_p2	0xe	4	0	0	0
456	0x50adbba	_q2	0xe	4	0	0	0
457	0x50adc02	_p1	0xe	4	0	0	0
458	0x50adc0a	_p2	0xe	4	0	0	0
459	0x50adc12	_q1	0xe	4	0	0	0
460	0x50adc1a	_q2	0xe	4	0	0	0
461	0x50adc22	_zero.2	0xe	4	0	0	0
462	0x50adc2a	_one.3	0xe	4	0	0	0
463	0x50adc32	_half.4	0xe	4	0	0	0
464	0x50adc3a	_small.5	0xe	4	0	0	0
465	0x50adc42	_zero	0xe	4	0	0	0
466	0x50adc4a	_tpi	0xe	4	0	0	0
467	0x50adc52	_pio4	0xe	4	0	0	0
468	0x50adc5a	_p1	0xe	4	0	0	0
469	0x50adca2	_q1	0xe	4	0	0	0
470	0x50adcea	_p2	0xe	4	0	0	0
471	0x50add22	_q2	0xe	4	0	0	0
472	0x50add5a	_p3	0xe	4	0	0	0
473	0x50add92	_q3	0xe	4	0	0	0
474	0x50addca	_p4	0xe	4	0	0	0
475	0x50ade12	_q4	0xe	4	0	0	0
476	0x5026c26	_asympt	0xe	1	0	0	0
477	0x50ade5a	_zero	0xe	4	0	0	0
478	0x50ade62	_tpi	0xe	4	0	0	0
479	0x50ade6a	_pio4	0xe	4	0	0	0
480	0x50ade72	_p1	0xe	4	0	0	0
481	0x50adeba	_q1	0xe	4	0	0	0
482	0x50adf02	_p2	0xe	4	0	0	0
483	0x50adf3a	_q2	0xe	4	0	0	0
484	0x50adf72	_p3	0xe	4	0	0	0
485	0x50adfaa	_q3	0xe	4	0	0	0
486	0x50adfe2	_p4	0xe	4	0	0	0
487	0x50ae032	_q4	0xe	4	0	0	0
488	0x5027196	_asympt	0xe	1	0	0	0
489	0x50ae082	_zero	0xe	4	0	0	0
490	0x50ae08a	_goobie	0xe	4	0	0	0
491	0x50ae092	_pi	0xe	4	0	0	0
492	0x50ae09a	_p1	0xe	4	0	0	0
493	0x50ae0ca	_p2	0xe	4	0	0	0
494	0x50ae10a	_q2	0xe	4	0	0	0
495	0x50276a8	_asym	0xe	1	0	0	0
496	0x50277a8	_neg	0xe	1	0	0	0
497	0x502795e	_pos	0xe	1	0	0	0
498	0x50ae14a	_L1	0xe	4	0	0	0
499	0x50ae152	_L2	0xe	4	0	0	0
500	0x50ae15a	_L3	0xe	4	0	0	0
501	0x50ae162	_L4	0xe	4	0	0	0
502	0x50ae16a	_L5	0xe	4	0	0	0
503	0x50ae172	_L6	0xe	4	0	0	0
504	0x50ae17a	_L7	0xe	4	0	0	0
505	0x50ae182	_ln2hi	0xe	4	0	0	0
506	0x50ae18a	_ln2lo	0xe	4	0	0	0
507	0x50ae192	_invln2	0xe	4	0	0	0
508	0x50ae19a	_sqrt2	0xe	4	0	0	0
509	0x50ae1a2	_zero	0xe	4	0	0	0
510	0x50ae1aa	_half	0xe	4	0	0	0
511	0x50ae1b2	_one	0xe	4	0	0	0
512	0x50ae1ba	_two	0xe	4	0	0	0
513	0x50ae1c2	_negone	0xe	4	0	0	0
514	0x5027bce	_pow_p	0xe	1	0	0	0
515	0x50ae1ca	_PIo4	0xe	4	0	0	0
516	0x50ae1d2	_PIo2	0xe	4	0	0	0
517	0x50ae1da	_PI	0xe	4	0	0	0
518	0x50ae1e2	_zero.40	0xe	4	0	0	0
519	0x50ae1ea	_one.41	0xe	4	0	0	0
520	0x50ae1f2	_small.42	0xe	4	0	0	0
521	0x50ae1fa	_big.43	0xe	4	0	0	0
522	0x50ae202	_r2p1hi	0xe	4	0	0	0
523	0x50ae20a	_r2p1lo	0xe	4	0	0	0
524	0x50ae212	_sqrt2	0xe	4	0	0	0
525	0x50ae21a	_zero.42	0xe	4	0	0	0
526	0x50ae222	_one.43	0xe	4	0	0	0
527	0x50ae22a	_small.44	0xe	4	0	0	0
528	0x50ae232	_ibig.45	0xe	4	0	0	0
529	0x50ae236	_B1	0xe	4	0	0	0
530	0x50ae23a	_B2	0xe	4	0	0	0
531	0x50ae23e	_C	0xe	4	0	0	0
532	0x50ae246	_D	0xe	4	0	0	0
533	0x50ae24e	_E	0xe	4	0	0	0
534	0x50ae256	_F	0xe	4	0	0	0
535	0x50ae25e	_G	0xe	4	0	0	0
536	0x5028f64	__dbBaseName	0xe	1	0	0	0
537	0x50ae266	_hstab	0xe	4	0	0	0
538	0x50ae276	_hltab	0xe	4	0	0	0
539	0x502b392	__db_global_text_pad	0xe	1	0	0	0
540	0x502b492	__dbDirExtension	0xe	1	0	0	0
541	0x502b495	__dbLeafExtension	0xe	1	0	0	0
542	0x502b498	__db_literal_text_pad	0xe	1	0	0	0
543	0x502b752	__dbOpenFile	0xe	1	0	0	0
544	0x50ae376	__dbSizeTable	0xe	4	0	0	0
545	0x50b51b4	_homeDirectory	0xe	6	0	0	0
546	0x50b51b8	_userName	0xe	6	0	0	0
547	0x50b51bc	_lastKnownUid	0xe	6	0	0	0
548	0x502c018	_getUserInfo	0xe	1	0	0	0
549	0x502c1ae	_NXHomeDirectory	0xe	1	0	0	0
550	0x50b51c0	_hasTerminal.76	0xe	6	0	0	0
551	0x502c1ce	_NXLogError	0xe	1	0	0	0
552	0x50b51c2	_GLOBAL	0xe	6	0	0	0
553	0x50b51c6	_defaultsDB	0xe	6	0	0	0
554	0x50b51ca	_readBuf	0xe	6	0	0	0
555	0x50b51ce	_defaultsUser	0xe	6	0	0	0
556	0x50b51d2	_defaultsHome	0xe	6	0	0	0
557	0x50b51d6	_defaultsUid	0xe	6	0	0	0
558	0x50b51da	_defaultsGid	0xe	6	0	0	0
559	0x50b51de	_didSetreuid	0xe	6	0	0	0
560	0x50b51e2	_didSetregid	0xe	6	0	0	0
561	0x50b51e6	_firstRD	0xe	6	0	0	0
562	0x50b51ea	_lastRD	0xe	6	0	0	0
563	0x50b51ee	_dBlock	0xe	6	0	0	0
564	0x50b51f2	_dPos	0xe	6	0	0	0
565	0x50b51f6	_firstBlock	0xe	6	0	0	0
566	0x50b51fa	_lastBlock	0xe	6	0	0	0
567	0x50b51fe	_db_mtime	0xe	6	0	0	0
568	0x502c2b2	_doRegisterDefaults	0xe	1	0	0	0
569	0x502cb0c	__openDefaults	0xe	1	0	0	0
570	0x502ce8a	__closeDefaults	0xe	1	0	0	0
571	0x502cf1c	__registerDefault	0xe	1	0	0	0
572	0x502cfa2	__resetRegisteredDefault	0xe	1	0	0	0
573	0x502cff0	__isRegistered	0xe	1	0	0	0
574	0x502d060	__doReadDefault	0xe	1	0	0	0
575	0x502d0d4	__doWriteDefault	0xe	1	0	0	0
576	0x502d152	__writeAndRegisterDefault	0xe	1	0	0	0
577	0x502d1fc	__lockDefaults	0xe	1	0	0	0
578	0x502d224	__unlockDefaults	0xe	1	0	0	0
579	0x502d244	__constructKey	0xe	1	0	0	0
580	0x502d2ae	__destroyKey	0xe	1	0	0	0
581	0x502d2c6	_defStrcmp	0xe	1	0	0	0
582	0x502d2f6	_defCopyString	0xe	1	0	0	0
583	0x502d336	_defaultAlloc	0xe	1	0	0	0
584	0x502d3bc	_blockAlloc	0xe	1	0	0	0
585	0x502d414	_blockFree	0xe	1	0	0	0
586	0x502d466	__NXGobbleArgs	0xe	1	0	0	0
587	0x50b5202	_NXArgv_pointer.139	0xe	6	0	0	0
588	0x50b5206	_NXArgc_pointer.140	0xe	6	0	0	0
589	0x502d492	_cmdLineToDefaults	0xe	1	0	0	0
590	0x50b520a	_firstArg	0xe	6	0	0	0
591	0x50b520e	_firstLen	0xe	6	0	0	0
592	0x502d5c4	_rstrtok	0xe	1	0	0	0
593	0x502d8d8	_getBitfieldSizeAndAdvance	0xe	1	0	0	0
594	0x502d984	_getBitfieldSize	0xe	1	0	0	0
595	0x502dd66	+[NXPortPortal newPort]	0xe	1	0	0	0
596	0x502dd8e	+[NXPortPortal newFromMachPort:dealloc:]	0xe	1	0	0	0
597	0x502ddc2	+[NXPortPortal lookUpPortWithName:onHost:]	0xe	1	0	0	0
598	0x502ddf2	+[NXPortPortal checkInPort:withName:]	0xe	1	0	0	0
599	0x502de22	-[NXPortPortal initWithMachPort:]	0xe	1	0	0	0
600	0x502de7e	-[NXPortPortal initWithPort:]	0xe	1	0	0	0
601	0x502defa	-[NXPortPortal free]	0xe	1	0	0	0
602	0x502df48	_copyFromZone	0xe	1	0	0	0
603	0x502df8c	-[NXPortPortal move]	0xe	1	0	0	0
604	0x502e072	-[NXPortPortal port]	0xe	1	0	0	0
605	0x502e082	-[NXPortPortal setPort:]	0xe	1	0	0	0
606	0x502e0a4	-[NXPortPortal connection]	0xe	1	0	0	0
607	0x502e0b4	-[NXPortPortal setRequestMsg:]	0xe	1	0	0	0
608	0x502e0da	-[NXPortPortal isRequestMsg]	0xe	1	0	0	0
609	0x502e0f4	-[NXPortPortal goodMsgSize]	0xe	1	0	0	0
610	0x502e102	-[NXPortPortal setMsg:]	0xe	1	0	0	0
611	0x502e130	-[NXPortPortal sequenceNumber]	0xe	1	0	0	0
612	0x502e140	__NXEncodeBool	0xe	1	0	0	0
613	0x502e1ac	__NXDecodeBool	0xe	1	0	0	0
614	0x502e212	__NXEncodeChars	0xe	1	0	0	0
615	0x502e2b2	__NXDecodeChars	0xe	1	0	0	0
616	0x502e354	__NXDecodeUniqueString	0xe	1	0	0	0
617	0x502e388	_extract_field_elmt	0xe	1	0	0	0
618	0x502e40e	_insert_field_elmt	0xe	1	0	0	0
619	0x502e500	__iterate_bitfields	0xe	1	0	0	0
620	0x502e5d0	__pack_callback	0xe	1	0	0	0
621	0x502e64c	__unpack_callback	0xe	1	0	0	0
622	0x502e6a4	_iencodeData	0xe	1	0	0	0
623	0x502ecb8	_idecodeData	0xe	1	0	0	0
624	0x502f1c6	-[NXPortPortal encodeData:ofType:]	0xe	1	0	0	0
625	0x502f1fc	-[NXPortPortal decodeData:ofType:]	0xe	1	0	0	0
626	0x502f230	-[NXPortPortal encodeBytes:count:]	0xe	1	0	0	0
627	0x502f2b6	-[NXPortPortal decodeBytes:count:]	0xe	1	0	0	0
628	0x502f322	-[NXPortPortal encodeMachPort:]	0xe	1	0	0	0
629	0x502f374	-[NXPortPortal decodeMachPort:]	0xe	1	0	0	0
630	0x502f3bc	-[NXPortPortal encodeVM:count:]	0xe	1	0	0	0
631	0x502f440	-[NXPortPortal encodeVM:count:dealloc:]	0xe	1	0	0	0
632	0x502f4d4	-[NXPortPortal decodeVM:count:]	0xe	1	0	0	0
633	0x502f538	-[NXPortPortal encodeObject:]	0xe	1	0	0	0
634	0x502f606	-[NXPortPortal encodeObjectBycopy:]	0xe	1	0	0	0
635	0x502f73a	-[NXPortPortal decodeObject]	0xe	1	0	0	0
636	0x502f83c	-[NXPortPortal startEncodingWithConnection:andSequenceNumber:]	0xe	1	0	0	0
637	0x502f88c	-[NXPortPortal finishEncodingAndStartDecoding:]	0xe	1	0	0	0
638	0x502fe82	-[NXPortPortal finishEncoding]	0xe	1	0	0	0
639	0x502fea8	-[NXPortPortal startDecodingWithMsg:withConnection:]	0xe	1	0	0	0
640	0x50300f6	-[NXPortPortal startDecodingWithTimeout:]	0xe	1	0	0	0
641	0x50302d2	-[NXPortPortal finishDecoding]	0xe	1	0	0	0
642	0x5030408	+[NXPortPortal dispatchMsg:]	0xe	1	0	0	0
643	0x5030552	-[NXPortPortal print]	0xe	1	0	0	0
644	0x50306f6	-[NXPortPortal zone]	0xe	1	0	0	0
645	0x50b5212	_MessagesReceivedCount	0xe	6	0	0	0
646	0x50b5216	_DefaultZone	0xe	6	0	0	0
647	0x50b521a	_sequence_gate	0xe	6	0	0	0
648	0x50b521e	_DefaultBufferClass	0xe	6	0	0	0
649	0x50b5222	_number.2	0xe	6	0	0	0
650	0x503072a	_generateSequenceNumber	0xe	1	0	0	0
651	0x5030774	_freeNXMethodSignature	0xe	1	0	0	0
652	0x5030798	_isNXMethodSignatureEqual	0xe	1	0	0	0
653	0x50307ae	_hashNXMethodSignature	0xe	1	0	0	0
654	0x50b7e00	_NXMethodSignatureProto	0xe	10	0	0	0
655	0x50307ba	+[NXMethodSignature fromDescription:fromZone:]	0xe	1	0	0	0
656	0x50308d8	-[NXMethodSignature encodeMethodParams:onto:]	0xe	1	0	0	0
657	0x5030abc	-[NXMethodSignature decodeMethodParamsFrom:]	0xe	1	0	0	0
658	0x5030cea	-[NXMethodSignature encodeMethodRet:withargs:onto:]	0xe	1	0	0	0
659	0x5030fa6	-[NXMethodSignature free]	0xe	1	0	0	0
660	0x5030fec	-[NXMethodSignature methodReturnType]	0xe	1	0	0	0
661	0x5030ffc	-[NXMethodSignature isOneway]	0xe	1	0	0	0
662	0x5031016	-[NXMethodSignature methodReturnArea]	0xe	1	0	0	0
663	0x5031060	-[NXMethodSignature decodeMethodRetFrom:withargs:atAddr:]	0xe	1	0	0	0
664	0x5031426	-[Object(Object_NXMethodSignature) methodSignature:fromZone:]	0xe	1	0	0	0
665	0x50b5226	_DefaultInTimeout	0xe	6	0	0	0
666	0x50b522a	_DefaultOutTimeout	0xe	6	0	0	0
667	0x50b7e10	_roProto	0xe	10	0	0	0
668	0x50346cc	_hashProxy	0xe	1	0	0	0
669	0x50346d8	_isEqualProxy	0xe	1	0	0	0
670	0x50346ee	_freeProxy	0xe	1	0	0	0
671	0x50b522e	_hash_table_gate	0xe	6	0	0	0
672	0x5031472	_hashConnection	0xe	1	0	0	0
673	0x5031488	_isEqualConnection	0xe	1	0	0	0
674	0x50314b0	_freeConnection	0xe	1	0	0	0
675	0x50b7e20	_connProto	0xe	10	0	0	0
676	0x50b5232	_conn_table_gate	0xe	6	0	0	0
677	0x50b5236	_conn_table	0xe	6	0	0	0
678	0x50b523a	_reply_table_gate	0xe	6	0	0	0
679	0x50b523e	_reply_table	0xe	6	0	0	0
680	0x50b5242	_nxproxyclass	0xe	6	0	0	0
681	0x50314d4	+[NXConnection initialize]	0xe	1	0	0	0
682	0x50315d4	+[NXConnection newForInPort:andOutPort:fromZone:]	0xe	1	0	0	0
683	0x503161c	+[NXConnection newForInMachPort:andOutMachPort:fromZone:]	0xe	1	0	0	0
684	0x503190e	-[NXConnection free]	0xe	1	0	0	0
685	0x5031a7e	-[NXConnection copyWithOutPort:]	0xe	1	0	0	0
686	0x5031ad6	+[NXConnection connectToName:]	0xe	1	0	0	0
687	0x5031b08	+[NXConnection connectToName:onHost:]	0xe	1	0	0	0
688	0x5031b60	+[NXConnection connectToName:fromZone:]	0xe	1	0	0	0
689	0x5031b8e	+[NXConnection connectToName:onHost:fromZone:]	0xe	1	0	0	0
690	0x5031be2	+[NXConnection connectToPort:withInPort:]	0xe	1	0	0	0
691	0x5031c16	+[NXConnection connectToPort:withInPort:fromZone:]	0xe	1	0	0	0
692	0x5031c7e	+[NXConnection connectToPort:]	0xe	1	0	0	0
693	0x5031cae	+[NXConnection connectToPort:fromZone:]	0xe	1	0	0	0
694	0x5031d38	+[NXConnection registerRoot:withName:]	0xe	1	0	0	0
695	0x5031d6c	+[NXConnection registerRoot:withName:fromZone:]	0xe	1	0	0	0
696	0x5031e18	+[NXConnection registerRoot:]	0xe	1	0	0	0
697	0x5031e48	+[NXConnection registerRoot:fromZone:]	0xe	1	0	0	0
698	0x5031ec2	+[NXConnection unregisterForInvalidationNotification:]	0xe	1	0	0	0
699	0x5031f5c	-[NXConnection invalidate]	0xe	1	0	0	0
700	0x503202e	-[NXConnection senderIsInvalid:]	0xe	1	0	0	0
701	0x503209a	+[NXConnection messagesReceived]	0xe	1	0	0	0
702	0x50320b4	+[NXConnection setDefaultBufferClass:]	0xe	1	0	0	0
703	0x50320d4	+[NXConnection setDefaultTimeout:]	0xe	1	0	0	0
704	0x50320fe	+[NXConnection defaultTimeout]	0xe	1	0	0	0
705	0x5032118	+[NXConnection setDefaultInTimeout:]	0xe	1	0	0	0
706	0x5032138	+[NXConnection defaultInTimeout]	0xe	1	0	0	0
707	0x5032152	+[NXConnection setDefaultOutTimeout:]	0xe	1	0	0	0
708	0x5032172	+[NXConnection defaultOutTimeout]	0xe	1	0	0	0
709	0x503218c	+[NXConnection setDefaultZone:]	0xe	1	0	0	0
710	0x50321ac	+[NXConnection defaultZone]	0xe	1	0	0	0
711	0x50321c6	+[NXConnection count]	0xe	1	0	0	0
712	0x5032216	+[NXConnection connections:]	0xe	1	0	0	0
713	0x50322c4	-[NXConnection setDelegate:]	0xe	1	0	0	0
714	0x50322d8	-[NXConnection delegate]	0xe	1	0	0	0
715	0x50322e8	-[NXConnection outPortalBuffer]	0xe	1	0	0	0
716	0x503232a	-[NXConnection inPortalBuffer]	0xe	1	0	0	0
717	0x503236c	-[NXConnection inPortal]	0xe	1	0	0	0
718	0x503237c	-[NXConnection inPort]	0xe	1	0	0	0
719	0x503238c	-[NXConnection outPort]	0xe	1	0	0	0
720	0x503239c	-[NXConnection bufferClass]	0xe	1	0	0	0
721	0x50323ac	-[NXConnection setInTimeout:]	0xe	1	0	0	0
722	0x50323c0	-[NXConnection setOutTimeout:]	0xe	1	0	0	0
723	0x50323d4	-[NXConnection inTimeout]	0xe	1	0	0	0
724	0x50323e4	-[NXConnection outTimeout]	0xe	1	0	0	0
725	0x50323f4	-[NXConnection rootObject]	0xe	1	0	0	0
726	0x5032404	-[NXConnection setRoot:]	0xe	1	0	0	0
727	0x5032480	-[NXConnection insertProxy:]	0xe	1	0	0	0
728	0x50325a4	-[NXConnection newRemote:withProtocol:]	0xe	1	0	0	0
729	0x5032664	-[NXConnection newLocal:]	0xe	1	0	0	0
730	0x5032728	-[NXConnection getRemote:]	0xe	1	0	0	0
731	0x503278c	-[NXConnection getLocal:]	0xe	1	0	0	0
732	0x50327fc	-[NXConnection findLocal:forInPort:]	0xe	1	0	0	0
733	0x50328ea	-[NXConnection remoteObjects]	0xe	1	0	0	0
734	0x50329d0	-[NXConnection localObjects]	0xe	1	0	0	0
735	0x5032ab6	-[NXConnection localProxies]	0xe	1	0	0	0
736	0x5032b9a	-[NXConnection removeRemote:]	0xe	1	0	0	0
737	0x5032c36	-[NXConnection removeLocal:]	0xe	1	0	0	0
738	0x5032cda	+[NXConnection removeObject:]	0xe	1	0	0	0
739	0x5032dc8	+[NXConnection handleRequestOnPortal:]	0xe	1	0	0	0
740	0x50332ce	-[NXConnection finishEncodingAndGetReplyOnPortal:]	0xe	1	0	0	0
741	0x50336c2	-[NXConnection run]	0xe	1	0	0	0
742	0x50336ea	-[NXConnection runWithTimeout:]	0xe	1	0	0	0
743	0x5033860	_runit	0xe	1	0	0	0
744	0x5033896	-[NXConnection runInNewThread]	0xe	1	0	0	0
745	0x50338cc	+[NXConnection debug:showThread:verbose:]	0xe	1	0	0	0
746	0x50338e8	+[NXConnection debug:]	0xe	1	0	0	0
747	0x5033904	_structure_addr	0xe	1	0	0	0
748	0x50b5246	_methodSignature_of_descriptionForMethod	0xe	6	0	0	0
749	0x50b524a	_refgate	0xe	6	0	0	0
750	0x503390e	+[NXProxy initialize]	0xe	1	0	0	0
751	0x5033a00	+[NXProxy class]	0xe	1	0	0	0
752	0x5033a1a	+[NXProxy self]	0xe	1	0	0	0
753	0x5033a26	-[NXProxy perform:]	0xe	1	0	0	0
754	0x5033a3c	-[NXProxy perform:with:]	0xe	1	0	0	0
755	0x5033a56	-[NXProxy conformsTo:]	0xe	1	0	0	0
756	0x5033b42	-[NXProxy connectionForProxy]	0xe	1	0	0	0
757	0x5033b52	-[NXProxy nameForProxy]	0xe	1	0	0	0
758	0x5033b62	-[NXProxy references]	0xe	1	0	0	0
759	0x5033b72	-[NXProxy addReference]	0xe	1	0	0	0
760	0x5033bf4	-[NXProxy setProtocolForProxy:]	0xe	1	0	0	0
761	0x5033c08	-[NXProxy methodSignature:fromZone:]	0xe	1	0	0	0
762	0x5033d26	-[NXProxy forward::]	0xe	1	0	0	0
763	0x5034038	-[NXProxy invalidateProxy]	0xe	1	0	0	0
764	0x5034096	-[NXProxy freeProxy]	0xe	1	0	0	0
765	0x5034120	-[NXProxy free]	0xe	1	0	0	0
766	0x5034224	-[NXProxy encodeRemotelyFor:freeAfterEncoding:isBycopy:]	0xe	1	0	0	0
767	0x5034230	-[NXProxy encodeUsing:]	0xe	1	0	0	0
768	0x5034436	-[NXProxy decodeUsing:]	0xe	1	0	0	0
769	0x5034712	-[NXProxy isProxy]	0xe	1	0	0	0
770	0x503471c	-[Object(Object_MakeRemote_Import) encodeRemotelyFor:freeAfterEncoding:isBycopy:]	0xe	1	0	0	0
771	0x5034778	-[Object(Object_MakeRemote_Import) encodeUsing:]	0xe	1	0	0	0
772	0x5034784	-[Object(Object_MakeRemote_Import) decodeUsing:]	0xe	1	0	0	0
773	0x5034790	-[Object(isRemote) isProxy]	0xe	1	0	0	0
774	0x503479a	-[Object(GetListOfProtocols) getListOfProtocols:]	0xe	1	0	0	0
775	0x50347fa	-[List(Transport) encodeRemotelyFor:freeAfterEncoding:isBycopy:]	0xe	1	0	0	0
776	0x503484a	-[List(Transport) encodeUsing:]	0xe	1	0	0	0
777	0x50348e4	-[List(Transport) decodeUsing:]	0xe	1	0	0	0
778	0x503497c	-[Protocol(Transport) encodeRemotelyFor:freeAfterEncoding:isBycopy:]	0xe	1	0	0	0
779	0x5034988	-[Protocol(Transport) encodeUsing:]	0xe	1	0	0	0
780	0x5034baa	-[Protocol(Transport) decodeUsing:]	0xe	1	0	0	0
781	0x50b856c	_log_impl	0xe	11	0	0	0
782	0x50b8558	_mygate.8	0xe	11	0	0	0
783	0x5034f32	_printf_log	0xe	1	0	0	0
784	0x50b8560	_log_header	0xe	11	0	0	0
785	0x50b8564	_log_show_pid	0xe	11	0	0	0
786	0x50b8568	_log_show_thread	0xe	11	0	0	0
787	0x50b855c	_mygate.11	0xe	11	0	0	0
788	0x5035094	_sys_log	0xe	1	0	0	0
789	0x50351c4	-[NXData initWithSize:]	0xe	1	0	0	0
790	0x503526e	-[NXData initWithData:size:dealloc:]	0xe	1	0	0	0
791	0x5035290	-[NXData free]	0xe	1	0	0	0
792	0x5035310	-[NXData data]	0xe	1	0	0	0
793	0x5035320	-[NXData size]	0xe	1	0	0	0
794	0x5035330	-[NXData copyFromZone:]	0xe	1	0	0	0
795	0x503540e	-[NXData encodeRemotelyFor:freeAfterEncoding:isBycopy:]	0xe	1	0	0	0
796	0x503541a	-[NXData encodeUsing:]	0xe	1	0	0	0
797	0x50354b6	-[NXData decodeUsing:]	0xe	1	0	0	0
798	0x503554a	+[NXInvalidationNotifier initialize]	0xe	1	0	0	0
799	0x50b8570	_ref_gate	0xe	11	0	0	0
800	0x503558a	-[NXInvalidationNotifier init]	0xe	1	0	0	0
801	0x50355ac	-[NXInvalidationNotifier copy]	0xe	1	0	0	0
802	0x50355f0	-[NXInvalidationNotifier references]	0xe	1	0	0	0
803	0x5035600	-[NXInvalidationNotifier addReference]	0xe	1	0	0	0
804	0x5035648	-[NXInvalidationNotifier invalidate]	0xe	1	0	0	0
805	0x50356e2	-[NXInvalidationNotifier isValid]	0xe	1	0	0	0
806	0x50356f4	-[NXInvalidationNotifier registerForInvalidationNotification:]	0xe	1	0	0	0
807	0x5035812	-[NXInvalidationNotifier unregisterForInvalidationNotification:]	0xe	1	0	0	0
808	0x5035878	-[NXInvalidationNotifier free]	0xe	1	0	0	0
809	0x503590a	-[NXInvalidationNotifier deallocate]	0xe	1	0	0	0
810	0x5035e9a	-[NXSpinLock init]	0xe	1	0	0	0
811	0x5035e54	-[NXSpinLock free]	0xe	1	0	0	0
812	0x5035ee8	-[NXSpinLock lock]	0xe	1	0	0	0
813	0x5035f1c	-[NXSpinLock unlock]	0xe	1	0	0	0
814	0x5035a0e	-[NXConditionLock init]	0xe	1	0	0	0
815	0x50359d6	-[NXConditionLock initWith:]	0xe	1	0	0	0
816	0x5035960	-[NXConditionLock condition]	0xe	1	0	0	0
817	0x5035974	-[NXConditionLock free]	0xe	1	0	0	0
818	0x5035ace	-[NXConditionLock lock]	0xe	1	0	0	0
819	0x5035b74	-[NXConditionLock unlock]	0xe	1	0	0	0
820	0x5035a72	-[NXConditionLock lockWhen:]	0xe	1	0	0	0
821	0x5035b22	-[NXConditionLock unlockWith:]	0xe	1	0	0	0
822	0x5035c22	-[NXLock init]	0xe	1	0	0	0
823	0x5035bc0	-[NXLock free]	0xe	1	0	0	0
824	0x5035c82	-[NXLock lock]	0xe	1	0	0	0
825	0x5004cd4	-[NXLock unlock]	0xe	1	0	0	0
826	0x5035d38	-[NXRecursiveLock init]	0xe	1	0	0	0
827	0x5035cd6	-[NXRecursiveLock free]	0xe	1	0	0	0
828	0x5035d9c	-[NXRecursiveLock lock]	0xe	1	0	0	0
829	0x5035e02	-[NXRecursiveLock unlock]	0xe	1	0	0	0
830	0x50b5258	_signaturePort	0xe	6	0	0	0
831	0x5035f30	+[NXNetNameServer initialize]	0xe	1	0	0	0
832	0x5035f6c	+[NXNetNameServer checkInPort:withName:]	0xe	1	0	0	0
833	0x5035fce	+[NXNetNameServer checkOutPortWithName:]	0xe	1	0	0	0
834	0x5036020	+[NXNetNameServer lookUpPortWithName:]	0xe	1	0	0	0
835	0x5036050	+[NXNetNameServer lookUpPortWithName:onHost:]	0xe	1	0	0	0
836	0x50b525c	_all_ports_gate	0xe	6	0	0	0
837	0x50b5260	_all_ports	0xe	6	0	0	0
838	0x50360b2	_hash_port	0xe	1	0	0	0
839	0x50360c2	_isEqual_port	0xe	1	0	0	0
840	0x50b5264	_Proto_port	0xe	6	0	0	0
841	0x50360e0	+[NXPort initialize]	0xe	1	0	0	0
842	0x5036148	+[NXPort new]	0xe	1	0	0	0
843	0x50361fa	+[NXPort newFromMachPort:]	0xe	1	0	0	0
844	0x5036224	+[NXPort newFromMachPort:dealloc:]	0xe	1	0	0	0
845	0x50362f8	-[NXPort machPort]	0xe	1	0	0	0
846	0x503632c	-[NXPort free]	0xe	1	0	0	0
847	0x5036412	-[NXPort hash]	0xe	1	0	0	0
848	0x50b5274	_serverNotifyPort	0xe	6	0	0	0
849	0x5036422	_send_death	0xe	1	0	0	0
850	0x50364b4	+[NXPort worryAboutPortInvalidation]	0xe	1	0	0	0
851	0x5036532	-[NXPort encodeRemotelyFor:freeAfterEncoding:isBycopy:]	0xe	1	0	0	0
852	0x503653e	-[NXPort encodeUsing:]	0xe	1	0	0	0
853	0x5036572	-[NXPort decodeUsing:]	0xe	1	0	0	0
854	0x50365ca	-[NXPort setEnableProc:]	0xe	1	0	0	0
855	0x5036610	-[NXPort setEnableProc:data:]	0xe	1	0	0	0
856	0x5036658	-[NXPort enableProc]	0xe	1	0	0	0
857	0x5036668	-[NXPort enableExternal]	0xe	1	0	0	0
858	0x50366a0	-[NXPort disableExternal]	0xe	1	0	0	0
859	0x50366d0	-[NXProtocolChecker initWithObject:forProtocol:]	0xe	1	0	0	0
860	0x503672e	-[NXProtocolChecker forward::]	0xe	1	0	0	0
861	0x50367b2	-[NXProtocolChecker descriptionForMethod:]	0xe	1	0	0	0
862	0x503680e	-[NXProtocolChecker conformsTo:]	0xe	1	0	0	0
863	0x503683c	-[NXProtocolChecker free]	0xe	1	0	0	0
864	0x50b5278	_atexit_list	0xe	6	0	0	0
865	0x5036930	_s	0xe	1	0	0	0
866	0x50b527c	_CurrencyDefaults	0xe	6	0	0	0
867	0x5036c5e	__NXGetLocalizedDefault	0xe	1	0	0	0
868	0x50b7e30	_C_lconv	0xe	10	0	0	0
869	0x50b529c	_appName	0xe	6	0	0	0
870	0x5036d1a	_parseToken	0xe	1	0	0	0
871	0x5036d7c	_parseNumber	0xe	1	0	0	0
872	0x5036db6	_parseGrouping	0xe	1	0	0	0
873	0x50b8574	__lconv	0xe	11	0	0	0
874	0x50b52a0	_currentLocale	0xe	6	0	0	0
875	0x50b52a4	_letter.2	0xe	6	0	0	0
876	0x50b85a4	_tmpfilename.3	0xe	11	0	0	0
877	0x50b52a6	_DateTimeDefaults	0xe	6	0	0	0
878	0x50b52ee	__ShortDays	0xe	6	0	0	0
879	0x50b530a	__LongDays	0xe	6	0	0	0
880	0x50b5326	__ShortMonths	0xe	6	0	0	0
881	0x50b5356	__LongMonths	0xe	6	0	0	0
882	0x50b5386	__AmPm	0xe	6	0	0	0
883	0x50b538e	__DateAndTime	0xe	6	0	0	0
884	0x50b5392	__Date	0xe	6	0	0	0
885	0x50b5396	__Time	0xe	6	0	0	0
886	0x503785a	_LookupString	0xe	1	0	0	0
887	0x5038210	_packmantissa	0xe	1	0	0	0
888	0x503828c	rcopy	0xe	1	0	0	0
889	0x50b539a	_place.2	0xe	6	0	0	0
890	0x50b53ae	_scanpoint	0xe	6	0	0	0
891	0x50b85b2	_lasts.2	0xe	11	0	0	0
892	0x50b85b6	_origS.3	0xe	11	0	0	0
893	0x50b85ba	_pwf.2	0xe	11	0	0	0
894	0x50b53b2	_randx	0xe	6	0	0	0
895	0x5038bd6	_scale60	0xe	1	0	0	0
896	0x5038d04	_getvtimes	0xe	1	0	0	0
897	0x5038da0	_scale60	0xe	1	0	0	0
898	0x50b85be	setsav	0xe	11	0	0	0
899	0x50b53b6	_g_desfd	0xe	6	0	0	0
900	0x5038e9e	_common_crypt	0xe	1	0	0	0
901	0x50ae38a	_PC1_C	0xe	4	0	0	0
902	0x50ae3c2	_PC1_D	0xe	4	0	0	0
903	0x50ae3fa	_shifts	0xe	4	0	0	0
904	0x50ae40a	_PC2_C	0xe	4	0	0	0
905	0x50ae422	_PC2_D	0xe	4	0	0	0
906	0x50ae43a	_IPtab	0xe	4	0	0	0
907	0x50ae4ba	_FPtab	0xe	4	0	0	0
908	0x50ae53a	_longtab	0xe	4	0	0	0
909	0x50ae5ba	_R_to_ER_tab	0xe	4	0	0	0
910	0x50b05ba	_S_tab	0xe	4	0	0	0
911	0x50b0dba	_P_tab	0xe	4	0	0	0
912	0x50b1dba	_partab	0xe	4	0	0	0
913	0x5039024	_des_setkey	0xe	1	0	0	0
914	0x503918e	_des_encrypt	0xe	1	0	0	0
915	0x5039524	_do_F	0xe	1	0	0	0
916	0x5039536	_cipher	0xe	1	0	0	0
917	0x50b1e3a	_event_portType.6	0xe	4	0	0	0
918	0x50b1e3e	_RetCodeCheck.7	0xe	4	0	0	0
919	0x50b1e42	_event_portType.10	0xe	4	0	0	0
920	0x50b1e46	_RetCodeCheck.11	0xe	4	0	0	0
921	0x50b1e4a	_event_portType.14	0xe	4	0	0	0
922	0x50b1e4e	_taskType.15	0xe	4	0	0	0
923	0x50b1e52	_sizeType.16	0xe	4	0	0	0
924	0x50b1e56	_RetCodeCheck.17	0xe	4	0	0	0
925	0x50b1e5a	_addrCheck.18	0xe	4	0	0	0
926	0x50b1e5e	_event_portType.21	0xe	4	0	0	0
927	0x50b1e62	_nameType.22	0xe	4	0	0	0
928	0x50b1e66	_classType.23	0xe	4	0	0	0
929	0x50b1e6a	_RetCodeCheck.24	0xe	4	0	0	0
930	0x50b1e6e	_nameDevicePortCheck.25	0xe	4	0	0	0
931	0x50b1e72	_special_keyType.28	0xe	4	0	0	0
932	0x50b1e76	_key_portType.29	0xe	4	0	0	0
933	0x50b1e7a	_RetCodeCheck.30	0xe	4	0	0	0
934	0x50b1e7e	_unitType.33	0xe	4	0	0	0
935	0x50b1e82	_parameterNameType.34	0xe	4	0	0	0
936	0x50b1e86	_maxCountType.35	0xe	4	0	0	0
937	0x50b1e8a	_RetCodeCheck.36	0xe	4	0	0	0
938	0x50b1e8e	_unitType.39	0xe	4	0	0	0
939	0x50b1e92	_parameterNameType.40	0xe	4	0	0	0
940	0x50b1e96	_maxCountType.41	0xe	4	0	0	0
941	0x50b1e9a	_RetCodeCheck.42	0xe	4	0	0	0
942	0x50b1e9e	_unitType.45	0xe	4	0	0	0
943	0x50b1ea2	_parameterNameType.46	0xe	4	0	0	0
944	0x50b1ea6	_parameterArrayType.47	0xe	4	0	0	0
945	0x50b1eaa	_RetCodeCheck.48	0xe	4	0	0	0
946	0x50b1eae	_unitType.51	0xe	4	0	0	0
947	0x50b1eb2	_parameterNameType.52	0xe	4	0	0	0
948	0x50b1eb6	_parameterArrayType.53	0xe	4	0	0	0
949	0x50b1ec2	_RetCodeCheck.54	0xe	4	0	0	0
950	0x50b1ec6	_IP	0xe	4	0	0	0
951	0x50b1f06	_FP	0xe	4	0	0	0
952	0x50b1f46	_PC1_C	0xe	4	0	0	0
953	0x50b1f62	_PC1_D	0xe	4	0	0	0
954	0x50b1f7e	_shifts	0xe	4	0	0	0
955	0x50b1f8e	_PC2_C	0xe	4	0	0	0
956	0x50b1fa6	_PC2_D	0xe	4	0	0	0
957	0x50b53ba	_cryptglobalsp.2	0xe	6	0	0	0
958	0x50031f4	_getcryptglobalsp	0xe	1	0	0	0
959	0x50b1fbe	_e	0xe	4	0	0	0
960	0x50b1fee	_S	0xe	4	0	0	0
961	0x50b21ee	_P	0xe	4	0	0	0
962	0x50b53be	_iobuf.9	0xe	6	0	0	0
963	0x50b220e	_wday_name.4	0xe	4	0	0	0
964	0x50b2223	_mon_name.5	0xe	4	0	0	0
965	0x50b53ce	_result.6	0xe	6	0	0	0
966	0x50b53e8	_ctimeglobalsp.9	0xe	6	0	0	0
967	0x503b002	_getctimeglobalsp	0xe	1	0	0	0
968	0x503b03e	_detzcode	0xe	1	0	0	0
969	0x503b062	_tzload	0xe	1	0	0	0
970	0x503b3e2	_tzsetkernel	0xe	1	0	0	0
971	0x503b47a	_tzsetgmt	0xe	1	0	0	0
972	0x50b2248	_mon_lengths	0xe	4	0	0	0
973	0x50b22a8	_year_lengths	0xe	4	0	0	0
974	0x50b53ec	_tm.28	0xe	6	0	0	0
975	0x503b8f6	_offtime	0xe	1	0	0	0
976	0x50b22b0	_GMT	0xe	4	0	0	0
977	0x50b23b5	__ctype_padding	0xe	4	0	0	0
978	0x50b85f2	_stuff.2	0xe	11	0	0	0
979	0x50b85fa	_dev_name	0xe	11	0	0	0
980	0x503bfd6	_dgetent	0xe	1	0	0	0
981	0x50b8612	_tbuf	0xe	11	0	0	0
982	0x503c0ac	_dnamatch	0xe	1	0	0	0
983	0x503c15c	_dskip	0xe	1	0	0	0
984	0x503c182	_dgetnum	0xe	1	0	0	0
985	0x503c222	_dgetflag	0xe	1	0	0	0
986	0x503c27e	_dgetstr	0xe	1	0	0	0
987	0x503c2e2	_ddecode	0xe	1	0	0	0
988	0x50b85f6	_label.19	0xe	11	0	0	0
989	0x50b2b41	_shell	0xe	4	0	0	0
990	0x503c5d0	_execat	0xe	1	0	0	0
991	0x50b2b49	_TMPFILE	0xe	4	0	0	0
992	0x50b5420	_line.6	0xe	6	0	0	0
993	0x50b8616	_xent.7	0xe	11	0	0	0
994	0x50b5424	_tokenbuf.14	0xe	6	0	0	0
995	0x503cab4	_skipwhite	0xe	1	0	0	0
996	0x503cad8	_skipnonwhite	0xe	1	0	0	0
997	0x50b5428	_EMPTY	0xe	6	0	0	0
998	0x503cafa	_striphash_fgets	0xe	1	0	0	0
999	0x503cb78	_pwskip	0xe	1	0	0	0
1000	0x50b861e	_pwp.8	0xe	11	0	0	0
1001	0x50b8622	_line.9	0xe	11	0	0	0
1002	0x503cbaa	_interpret	0xe	1	0	0	0
1003	0x503cde8	_fstabscan	0xe	1	0	0	0
1004	0x50b862a	_fs_file	0xe	11	0	0	0
1005	0x50b8626	_pfs	0xe	11	0	0	0
1006	0x50b542a	_environ_pointer.72	0xe	6	0	0	0
1007	0x5004872	_nvmatch	0xe	1	0	0	0
1008	0x50b2b59	_GROUP	0xe	4	0	0	0
1009	0x50b542e	_firsttime	0xe	6	0	0	0
1010	0x503d118	_striphash_fgets	0xe	1	0	0	0
1011	0x50b8636	__grjunk	0xe	11	0	0	0
1012	0x50b863a	_usingyellow	0xe	11	0	0	0
1013	0x503d448	_grskip	0xe	1	0	0	0
1014	0x50b862e	_savegp.18	0xe	11	0	0	0
1015	0x503d652	_interpret	0xe	1	0	0	0
1016	0x503d746	_freeminuslist	0xe	1	0	0	0
1017	0x503d78e	_interpretwithsave	0xe	1	0	0	0
1018	0x503d7f2	_onminuslist	0xe	1	0	0	0
1019	0x503d842	_getnextfromyellow	0xe	1	0	0	0
1020	0x503d8b8	_getfirstfromyellow	0xe	1	0	0	0
1021	0x503d926	_getnamefromyellow	0xe	1	0	0	0
1022	0x503d9c4	_addtominuslist	0xe	1	0	0	0
1023	0x50b8632	_sv.39	0xe	11	0	0	0
1024	0x503da20	_save	0xe	1	0	0	0
1025	0x503db5a	_matchname	0xe	1	0	0	0
1026	0x503dc2c	_matchgid	0xe	1	0	0	0
1027	0x503dce6	_gidof	0xe	1	0	0	0
1028	0x503dd28	_getgidfromyellow	0xe	1	0	0	0
1029	0x50b2b64	_UTMP	0xe	4	0	0	0
1030	0x50b863e	_ubuf	0xe	11	0	0	0
1031	0x50b8662	_pbuf.2	0xe	11	0	0	0
1032	0x50b5432	_EMPTY	0xe	6	0	0	0
1033	0x503e016	_striphash_fgets	0xe	1	0	0	0
1034	0x503e054	__pwjunk	0xe	1	0	0	0
1035	0x50b8698	___pwjunk	0xe	11	0	0	0
1036	0x50b866c	_passwd.6	0xe	11	0	0	0
1037	0x503e0a4	_fetchpw	0xe	1	0	0	0
1038	0x50b869c	__pw_db	0xe	11	0	0	0
1039	0x50b86a0	__pw_stayopen	0xe	11	0	0	0
1040	0x503e5ba	_pwskip	0xe	1	0	0	0
1041	0x50b8690	_savepw.21	0xe	11	0	0	0
1042	0x503e8a4	_matchname	0xe	1	0	0	0
1043	0x503e9ce	_matchuid	0xe	1	0	0	0
1044	0x503eb2a	_uidof	0xe	1	0	0	0
1045	0x503eb5e	_getnextfromyellow	0xe	1	0	0	0
1046	0x503ebd6	_getfirstfromyellow	0xe	1	0	0	0
1047	0x503ec46	_getnamefromyellow	0xe	1	0	0	0
1048	0x503ed0a	_getuidfromyellow	0xe	1	0	0	0
1049	0x503ede2	_interpretwithsave	0xe	1	0	0	0
1050	0x503ee56	_interpret	0xe	1	0	0	0
1051	0x503ef72	_freeminuslist	0xe	1	0	0	0
1052	0x503efb8	_addtominuslist	0xe	1	0	0	0
1053	0x50b8694	_sv.46	0xe	11	0	0	0
1054	0x503f010	_save	0xe	1	0	0	0
1055	0x503f124	_onminuslist	0xe	1	0	0	0
1056	0x50b5434	___ttyjunk	0xe	6	0	0	0
1057	0x503f172	__ttyjunk	0xe	1	0	0	0
1058	0x503f230	_skip	0xe	1	0	0	0
1059	0x503f2ea	_value	0xe	1	0	0	0
1060	0x50b5438	_okshells	0xe	6	0	0	0
1061	0x50b5444	_strings	0xe	6	0	0	0
1062	0x50b86a8	_curshell	0xe	11	0	0	0
1063	0x50b86a4	_shells	0xe	11	0	0	0
1064	0x503f5f8	_initshells	0xe	1	0	0	0
1065	0x50b5448	_pathsize	0xe	6	0	0	0
1066	0x50b544c	_cachedName.2	0xe	6	0	0	0
1067	0x503f830	_real_getwd	0xe	1	0	0	0
1068	0x503fa14	_prepend	0xe	1	0	0	0
1069	0x50b5450	_rld_get_loaded_state	0xe	6	0	0	0
1070	0x50b5454	_profiling	0xe	6	0	0	0
1071	0x50b5455	_init	0xe	6	0	0	0
1072	0x50b5456	_order	0xe	6	0	0	0
1073	0x50b545a	_mon	0xe	6	0	0	0
1074	0x50b545e	_nmon	0xe	6	0	0	0
1075	0x503fd24	_monsetup	0xe	1	0	0	0
1076	0x50b5468	_malloc_static	0xe	6	0	0	0
1077	0x50b5492	_MallocErrorFunc	0xe	6	0	0	0
1078	0x5041e36	_DefaultMallocError	0xe	1	0	0	0
1079	0x50431de	_malloc_check	0xe	1	0	0	0
1080	0x5042fbc	_errmessage	0xe	1	0	0	0
1081	0x5043cd4	_stdmessage	0xe	1	0	0	0
1082	0x5002bfe	_heapadd	0xe	1	0	0	0
1083	0x50025d8	_heapremove	0xe	1	0	0	0
1084	0x500243a	_upheap	0xe	1	0	0	0
1085	0x50020a6	_downheap	0xe	1	0	0	0
1086	0x504358c	_malloc_init	0xe	1	0	0	0
1087	0x5043a24	_nxdestroyzone	0xe	1	0	0	0
1088	0x504310a	_joinzonesnolock	0xe	1	0	0	0
1089	0x5006392	_newzonedatanolock	0xe	1	0	0	0
1090	0x5043176	_keepzonenolock	0xe	1	0	0	0
1091	0x5042e04	_dolockordebug	0xe	1	0	0	0
1092	0x5005a7e	__valloczonenolock	0xe	1	0	0	0
1093	0x5042b64	_break_region	0xe	1	0	0	0
1094	0x50439f8	_newregionnolock	0xe	1	0	0	0
1095	0x5005e7e	_checkregionsallocation	0xe	1	0	0	0
1096	0x5042cfe	_delregionnolock	0xe	1	0	0	0
1097	0x5042d66	_delzonenolock	0xe	1	0	0	0
1098	0x5042a4e	_addregionnolock	0xe	1	0	0	0
1099	0x50024c2	_findregionnolock	0xe	1	0	0	0
1100	0x5002dc4	_nxzonemalloc	0xe	1	0	0	0
1101	0x50437aa	_mallocnofree	0xe	1	0	0	0
1102	0x5001a9c	_nxzonemallocnolock	0xe	1	0	0	0
1103	0x50437fa	_mallocnofreenolock	0xe	1	0	0	0
1104	0x504388a	_morememnolock	0xe	1	0	0	0
1105	0x5042fe4	_internal_zone_extend	0xe	1	0	0	0
1106	0x5043bd2	_nxzonerealloc	0xe	1	0	0	0
1107	0x5004060	_nxzonereallocnolock	0xe	1	0	0	0
1108	0x500427c	_NXZoneRealloc_canyou	0xe	1	0	0	0
1109	0x50048a0	_nxzonefree	0xe	1	0	0	0
1110	0x5001bfa	_nxzonefreenolock	0xe	1	0	0	0
1111	0x5042c12	_checkfreearrayallocation	0xe	1	0	0	0
1112	0x5042ece	_dumpheap	0xe	1	0	0	0
1113	0x5042c8c	_checkheap	0xe	1	0	0	0
1114	0x5043200	_malloc_checkfreeheaps	0xe	1	0	0	0
1115	0x5043260	_malloc_checkzones	0xe	1	0	0	0
1116	0x5043d48	_vallocnolock	0xe	1	0	0	0
1117	0x50430b2	_isMallocData	0xe	1	0	0	0
1118	0x5043dcc	_vfreenolock	0xe	1	0	0	0
1119	0x50b5496	_MallocErrorMessages.126	0xe	6	0	0	0
1120	0x50b54d4	_mntp	0xe	6	0	0	0
1121	0x5043f92	_mntstr	0xe	1	0	0	0
1122	0x504402a	_mntdigit	0xe	1	0	0	0
1123	0x50b54d8	_line.8	0xe	6	0	0	0
1124	0x50440bc	_mnttabscan	0xe	1	0	0	0
1125	0x50442f2	_mntopt	0xe	1	0	0	0
1126	0x50443c8	_mntprtent	0xe	1	0	0	0
1127	0x5044a16	_dbm_access	0xe	1	0	0	0
1128	0x5044ab8	_getbit	0xe	1	0	0	0
1129	0x5044b70	_setbit	0xe	1	0	0	0
1130	0x5044c5a	_makdatum	0xe	1	0	0	0
1131	0x5044c9a	_finddatum	0xe	1	0	0	0
1132	0x50b54dc	_hitab	0xe	6	0	0	0
1133	0x50b2b6e	_hltab	0xe	4	0	0	0
1134	0x5044cfa	_hashinc	0xe	1	0	0	0
1135	0x5044d34	_dcalchash	0xe	1	0	0	0
1136	0x5044d98	_delitem	0xe	1	0	0	0
1137	0x5044e20	_additem	0xe	1	0	0	0
1138	0x50b551c	_popen_pid	0xe	6	0	0	0
1139	0x50b5520	_nfiles	0xe	6	0	0	0
1140	0x5003c44	_qst	0xe	1	0	0	0
1141	0x50b5524	_degrees	0xe	6	0	0	0
1142	0x50b5538	_seps	0xe	6	0	0	0
1143	0x50b554c	_randtbl	0xe	6	0	0	0
1144	0x50b55cc	_fptr	0xe	6	0	0	0
1145	0x50b55d0	_rptr	0xe	6	0	0	0
1146	0x50b55d4	_state	0xe	6	0	0	0
1147	0x50b55d8	_rand_type	0xe	6	0	0	0
1148	0x50b55dc	_rand_deg	0xe	6	0	0	0
1149	0x50b55e0	_rand_sep	0xe	6	0	0	0
1150	0x50b55e4	_end_ptr	0xe	6	0	0	0
1151	0x5045b5c	_resolvelinks	0xe	1	0	0	0
1152	0x5045d2c	_resolvedots	0xe	1	0	0	0
1153	0x5045fbc	_re_alloc	0xe	1	0	0	0
1154	0x50b55e8	_retoolong.6	0xe	6	0	0	0
1155	0x50b87ac	_R	0xe	11	0	0	0
1156	0x50463e0	_advance	0xe	1	0	0	0
1157	0x50b86ac	_prev.21	0xe	11	0	0	0
1158	0x50b55ec	_mask.2	0xe	6	0	0	0
1159	0x50b566c	_flags.3	0xe	6	0	0	0
1160	0x504693c	_signal__	0xe	1	0	0	0
1161	0x5046a7a	_msleep	0xe	1	0	0	0
1162	0x50b2e58	_charmap	0xe	4	0	0	0
1163	0x50b2f58	_logname	0xe	4	0	0	0
1164	0x50b2f61	_ctty	0xe	4	0	0	0
1165	0x50b56ec	_LogFile	0xe	6	0	0	0
1166	0x50b56f0	_LogStat	0xe	6	0	0	0
1167	0x50b56f4	_LogTag	0xe	6	0	0	0
1168	0x50b56f8	_LogMask	0xe	6	0	0	0
1169	0x50b56fc	_LogFacility	0xe	6	0	0	0
1170	0x50b5700	_SyslogAddr	0xe	6	0	0	0
1171	0x5046cd0	__do_syslog	0xe	1	0	0	0
1172	0x50b89fe	_czone	0xe	11	0	0	0
1173	0x50b803c	_zonetab	0xe	10	0	0	0
1174	0x50b2f6e	_dev	0xe	4	0	0	0
1175	0x50b8a30	_rbuf.2	0xe	11	0	0	0
1176	0x50b8a50	_ringring	0xe	11	0	0	0
1177	0x5047732	_sleepx	0xe	1	0	0	0
1178	0x50b5714	_buf.6	0xe	6	0	0	0
1179	0x50477ac	_cvt	0xe	1	0	0	0
1180	0x50b5872	_monfunc_addrs	0xe	6	0	0	0
1181	0x5047ee8	rcopy	0xe	1	0	0	0
1182	0x5047fca	fbit	0xe	1	0	0	0
1183	0x5048210	botch	0xe	1	0	0	0
1184	0x50482b6	botch	0xe	1	0	0	0
1185	0x50b58a6	_b.2	0xe	6	0	0	0
1186	0x50486e8	_badd	0xe	1	0	0	0
1187	0x5048a34	_bshift	0xe	1	0	0	0
1188	0x50b5ab9	_woops.2	0xe	6	0	0	0
1189	0x5049452	_bsub	0xe	1	0	0	0
1190	0x50b5ae0	_old_next_minbrk	0xe	6	0	0	0
1191	0x50b5ae0	old_next_minbrk	0xe	6	0	0	0
1192	0x50b5ae4	_old_next_curbrk	0xe	6	0	0	0
1193	0x50b5ae4	old_next_curbrk	0xe	6	0	0	0
1194	0x5049c44	_mach_init_doit	0xe	1	0	0	0
1195	0x50b5bbc	_RetCodeType	0xe	6	0	0	0
1196	0x50b5bc0	_sbrk_needs_init	0xe	6	0	0	0
1197	0x50b5bc4	_sbrk_region_size	0xe	6	0	0	0
1198	0x50b8a54	_sbrk_curbrk	0xe	11	0	0	0
1199	0x50b2f78	_service_nameType.2	0xe	4	0	0	0
1200	0x50b2f84	_RetCodeCheck.3	0xe	4	0	0	0
1201	0x50b2f88	_service_portCheck.4	0xe	4	0	0	0
1202	0x50b2f8c	_service_nameType.7	0xe	4	0	0	0
1203	0x50b2f98	_service_portType.8	0xe	4	0	0	0
1204	0x50b2f9c	_RetCodeCheck.9	0xe	4	0	0	0
1205	0x50b2fa0	_service_nameType.12	0xe	4	0	0	0
1206	0x50b2fac	_RetCodeCheck.13	0xe	4	0	0	0
1207	0x50b2fb0	_service_portCheck.14	0xe	4	0	0	0
1208	0x50b2fb4	_service_namesType.17	0xe	4	0	0	0
1209	0x50b2fc0	_RetCodeCheck.18	0xe	4	0	0	0
1210	0x50b2fc4	_all_services_knownCheck.19	0xe	4	0	0	0
1211	0x50b2fc8	_service_nameType.22	0xe	4	0	0	0
1212	0x50b2fd4	_RetCodeCheck.23	0xe	4	0	0	0
1213	0x50b2fd8	_service_activeCheck.24	0xe	4	0	0	0
1214	0x50b2fdc	_RetCodeCheck.27	0xe	4	0	0	0
1215	0x50b2fe0	_requestor_portType.30	0xe	4	0	0	0
1216	0x50b2fe4	_RetCodeCheck.31	0xe	4	0	0	0
1217	0x50b2fe8	_subset_portCheck.32	0xe	4	0	0	0
1218	0x50b2fec	_service_nameType.35	0xe	4	0	0	0
1219	0x50b2ff8	_RetCodeCheck.36	0xe	4	0	0	0
1220	0x50b2ffc	_service_portCheck.37	0xe	4	0	0	0
1221	0x50b3000	_threadType.2	0xe	4	0	0	0
1222	0x50b3004	_taskType.3	0xe	4	0	0	0
1223	0x50b3008	_exceptionType.4	0xe	4	0	0	0
1224	0x50b300c	_codeType.5	0xe	4	0	0	0
1225	0x50b3010	_subcodeType.6	0xe	4	0	0	0
1226	0x50b3014	_RetCodeCheck.7	0xe	4	0	0	0
1227	0x50b3018	_threadCheck.2	0xe	4	0	0	0
1228	0x50b301c	_taskCheck.3	0xe	4	0	0	0
1229	0x50b3020	_exceptionCheck.4	0xe	4	0	0	0
1230	0x50b3024	_codeCheck.5	0xe	4	0	0	0
1231	0x50b3028	_subcodeCheck.6	0xe	4	0	0	0
1232	0x504ad6e	__Xexception_raise	0xe	1	0	0	0
1233	0x50b302c	_RetCodeType.9	0xe	4	0	0	0
1234	0x50b80cc	_routines.10	0xe	10	0	0	0
1235	0x50b3030	_inherit_memoryType.2	0xe	4	0	0	0
1236	0x50b3034	_RetCodeCheck.3	0xe	4	0	0	0
1237	0x50b3038	_child_taskCheck.4	0xe	4	0	0	0
1238	0x50b303c	_RetCodeCheck.7	0xe	4	0	0	0
1239	0x50b3040	_RetCodeCheck.10	0xe	4	0	0	0
1240	0x50b3044	_RetCodeCheck.13	0xe	4	0	0	0
1241	0x50b3048	_addressType.16	0xe	4	0	0	0
1242	0x50b304c	_sizeType.17	0xe	4	0	0	0
1243	0x50b3050	_anywhereType.18	0xe	4	0	0	0
1244	0x50b3054	_RetCodeCheck.19	0xe	4	0	0	0
1245	0x50b3058	_addressCheck.20	0xe	4	0	0	0
1246	0x50b305c	_addressType.23	0xe	4	0	0	0
1247	0x50b3060	_sizeType.24	0xe	4	0	0	0
1248	0x50b3064	_RetCodeCheck.25	0xe	4	0	0	0
1249	0x50b3068	_addressType.28	0xe	4	0	0	0
1250	0x50b306c	_sizeType.29	0xe	4	0	0	0
1251	0x50b3070	_set_maximumType.30	0xe	4	0	0	0
1252	0x50b3074	_new_protectionType.31	0xe	4	0	0	0
1253	0x50b3078	_RetCodeCheck.32	0xe	4	0	0	0
1254	0x50b307c	_addressType.35	0xe	4	0	0	0
1255	0x50b3080	_sizeType.36	0xe	4	0	0	0
1256	0x50b3084	_new_inheritanceType.37	0xe	4	0	0	0
1257	0x50b3088	_RetCodeCheck.38	0xe	4	0	0	0
1258	0x50b308c	_addressType.41	0xe	4	0	0	0
1259	0x50b3090	_sizeType.42	0xe	4	0	0	0
1260	0x50b3094	_RetCodeCheck.43	0xe	4	0	0	0
1261	0x50b3098	_addressType.46	0xe	4	0	0	0
1262	0x50b309c	_dataType.47	0xe	4	0	0	0
1263	0x50b30a8	_RetCodeCheck.48	0xe	4	0	0	0
1264	0x50b30ac	_source_addressType.51	0xe	4	0	0	0
1265	0x50b30b0	_sizeType.52	0xe	4	0	0	0
1266	0x50b30b4	_dest_addressType.53	0xe	4	0	0	0
1267	0x50b30b8	_RetCodeCheck.54	0xe	4	0	0	0
1268	0x50b30bc	_addressType.57	0xe	4	0	0	0
1269	0x50b30c0	_RetCodeCheck.58	0xe	4	0	0	0
1270	0x50b30c4	_addressCheck.59	0xe	4	0	0	0
1271	0x50b30c8	_sizeCheck.60	0xe	4	0	0	0
1272	0x50b30cc	_protectionCheck.61	0xe	4	0	0	0
1273	0x50b30d0	_max_protectionCheck.62	0xe	4	0	0	0
1274	0x50b30d4	_inheritanceCheck.63	0xe	4	0	0	0
1275	0x50b30d8	_is_sharedCheck.64	0xe	4	0	0	0
1276	0x50b30dc	_object_nameCheck.65	0xe	4	0	0	0
1277	0x50b30e0	_offsetCheck.66	0xe	4	0	0	0
1278	0x50b30e4	_RetCodeCheck.69	0xe	4	0	0	0
1279	0x50b30e8	_vm_statsCheck.70	0xe	4	0	0	0
1280	0x50b30ec	_process_idType.73	0xe	4	0	0	0
1281	0x50b30f0	_RetCodeCheck.74	0xe	4	0	0	0
1282	0x50b30f4	_result_taskCheck.75	0xe	4	0	0	0
1283	0x50b30f8	_RetCodeCheck.78	0xe	4	0	0	0
1284	0x50b30fc	_process_idCheck.79	0xe	4	0	0	0
1285	0x50b3100	_src_addrType.82	0xe	4	0	0	0
1286	0x50b3104	_dst_addrType.83	0xe	4	0	0	0
1287	0x50b3108	_src_portType.84	0xe	4	0	0	0
1288	0x50b310c	_dst_portType.85	0xe	4	0	0	0
1289	0x50b3110	_protocolType.86	0xe	4	0	0	0
1290	0x50b3114	_ipc_portType.87	0xe	4	0	0	0
1291	0x50b3118	_RetCodeCheck.88	0xe	4	0	0	0
1292	0x50b311c	_ipc_portType.91	0xe	4	0	0	0
1293	0x50b3120	_RetCodeCheck.92	0xe	4	0	0	0
1294	0x50b3124	_RetCodeCheck.95	0xe	4	0	0	0
1295	0x50b3128	_infoCheck.96	0xe	4	0	0	0
1296	0x50b312c	_slotType.99	0xe	4	0	0	0
1297	0x50b3130	_RetCodeCheck.100	0xe	4	0	0	0
1298	0x50b3134	_infoCheck.101	0xe	4	0	0	0
1299	0x50b3138	_cpuType.104	0xe	4	0	0	0
1300	0x50b313c	_runningType.105	0xe	4	0	0	0
1301	0x50b3140	_RetCodeCheck.106	0xe	4	0	0	0
1302	0x50b3144	_RetCodeCheck.109	0xe	4	0	0	0
1303	0x50b3148	_RetCodeCheck.112	0xe	4	0	0	0
1304	0x50b314c	_which_portType.115	0xe	4	0	0	0
1305	0x50b3150	_RetCodeCheck.116	0xe	4	0	0	0
1306	0x50b3154	_special_portCheck.117	0xe	4	0	0	0
1307	0x50b3158	_which_portType.120	0xe	4	0	0	0
1308	0x50b315c	_special_portType.121	0xe	4	0	0	0
1309	0x50b3160	_RetCodeCheck.122	0xe	4	0	0	0
1310	0x50b3164	_flavorType.125	0xe	4	0	0	0
1311	0x50b3168	_RetCodeCheck.126	0xe	4	0	0	0
1312	0x50b316c	_RetCodeCheck.129	0xe	4	0	0	0
1313	0x50b3170	_child_threadCheck.130	0xe	4	0	0	0
1314	0x50b3174	_RetCodeCheck.133	0xe	4	0	0	0
1315	0x50b3178	_RetCodeCheck.136	0xe	4	0	0	0
1316	0x50b317c	_RetCodeCheck.139	0xe	4	0	0	0
1317	0x50b3180	_flavorType.142	0xe	4	0	0	0
1318	0x50b3184	_RetCodeCheck.143	0xe	4	0	0	0
1319	0x50b3188	_flavorType.146	0xe	4	0	0	0
1320	0x50b318c	_new_stateType.147	0xe	4	0	0	0
1321	0x50b3198	_RetCodeCheck.148	0xe	4	0	0	0
1322	0x50b319c	_which_portType.151	0xe	4	0	0	0
1323	0x50b31a0	_RetCodeCheck.152	0xe	4	0	0	0
1324	0x50b31a4	_special_portCheck.153	0xe	4	0	0	0
1325	0x50b31a8	_which_portType.156	0xe	4	0	0	0
1326	0x50b31ac	_special_portType.157	0xe	4	0	0	0
1327	0x50b31b0	_RetCodeCheck.158	0xe	4	0	0	0
1328	0x50b31b4	_flavorType.161	0xe	4	0	0	0
1329	0x50b31b8	_RetCodeCheck.162	0xe	4	0	0	0
1330	0x50b31bc	_RetCodeCheck.165	0xe	4	0	0	0
1331	0x50b31c0	_port_nameType.168	0xe	4	0	0	0
1332	0x50b31c4	_RetCodeCheck.169	0xe	4	0	0	0
1333	0x50b31c8	_port_type_pCheck.170	0xe	4	0	0	0
1334	0x50b31cc	_old_nameType.173	0xe	4	0	0	0
1335	0x50b31d0	_new_nameType.174	0xe	4	0	0	0
1336	0x50b31d4	_RetCodeCheck.175	0xe	4	0	0	0
1337	0x50b31d8	_RetCodeCheck.178	0xe	4	0	0	0
1338	0x50b31dc	_port_nameCheck.179	0xe	4	0	0	0
1339	0x50b31e0	_port_nameType.182	0xe	4	0	0	0
1340	0x50b31e4	_RetCodeCheck.183	0xe	4	0	0	0
1341	0x50b31e8	_port_nameType.186	0xe	4	0	0	0
1342	0x50b31ec	_backlogType.187	0xe	4	0	0	0
1343	0x50b31f0	_RetCodeCheck.188	0xe	4	0	0	0
1344	0x50b31f4	_port_nameType.191	0xe	4	0	0	0
1345	0x50b31f8	_RetCodeCheck.192	0xe	4	0	0	0
1346	0x50b31fc	_enabledCheck.193	0xe	4	0	0	0
1347	0x50b3200	_num_msgsCheck.194	0xe	4	0	0	0
1348	0x50b3204	_backlogCheck.195	0xe	4	0	0	0
1349	0x50b3208	_ownershipCheck.196	0xe	4	0	0	0
1350	0x50b320c	_receive_rightsCheck.197	0xe	4	0	0	0
1351	0x50b3210	_RetCodeCheck.200	0xe	4	0	0	0
1352	0x50b3214	_set_nameCheck.201	0xe	4	0	0	0
1353	0x50b3218	_set_nameType.204	0xe	4	0	0	0
1354	0x50b321c	_RetCodeCheck.205	0xe	4	0	0	0
1355	0x50b3220	_set_nameType.208	0xe	4	0	0	0
1356	0x50b3224	_port_nameType.209	0xe	4	0	0	0
1357	0x50b3228	_RetCodeCheck.210	0xe	4	0	0	0
1358	0x50b322c	_port_nameType.213	0xe	4	0	0	0
1359	0x50b3230	_RetCodeCheck.214	0xe	4	0	0	0
1360	0x50b3234	_set_nameType.217	0xe	4	0	0	0
1361	0x50b3238	_RetCodeCheck.218	0xe	4	0	0	0
1362	0x50b323c	_my_portType.221	0xe	4	0	0	0
1363	0x50b3240	_his_nameType.222	0xe	4	0	0	0
1364	0x50b3244	_RetCodeCheck.223	0xe	4	0	0	0
1365	0x50b3248	_his_nameType.226	0xe	4	0	0	0
1366	0x50b324c	_RetCodeCheck.227	0xe	4	0	0	0
1367	0x50b3250	_his_portCheck.228	0xe	4	0	0	0
1368	0x50b3254	_my_portType.231	0xe	4	0	0	0
1369	0x50b3258	_his_nameType.232	0xe	4	0	0	0
1370	0x50b325c	_RetCodeCheck.233	0xe	4	0	0	0
1371	0x50b3260	_his_nameType.236	0xe	4	0	0	0
1372	0x50b3264	_RetCodeCheck.237	0xe	4	0	0	0
1373	0x50b3268	_his_portCheck.238	0xe	4	0	0	0
1374	0x50b326c	_port_nameType.241	0xe	4	0	0	0
1375	0x50b3270	_backupType.242	0xe	4	0	0	0
1376	0x50b3274	_RetCodeCheck.243	0xe	4	0	0	0
1377	0x50b3278	_previousCheck.244	0xe	4	0	0	0
1378	0x50b327c	_addressType.247	0xe	4	0	0	0
1379	0x50b3280	_sizeType.248	0xe	4	0	0	0
1380	0x50b3284	_attributeType.249	0xe	4	0	0	0
1381	0x50b3288	_valueType.250	0xe	4	0	0	0
1382	0x50b328c	_RetCodeCheck.251	0xe	4	0	0	0
1383	0x50b3290	_valueCheck.252	0xe	4	0	0	0
1384	0x50b3294	_addressType.255	0xe	4	0	0	0
1385	0x50b3298	_sizeType.256	0xe	4	0	0	0
1386	0x50b329c	_RetCodeCheck.257	0xe	4	0	0	0
1387	0x50b32a0	_addressType.260	0xe	4	0	0	0
1388	0x50b32a4	_sizeType.261	0xe	4	0	0	0
1389	0x50b32a8	_policyType.262	0xe	4	0	0	0
1390	0x50b32ac	_RetCodeCheck.263	0xe	4	0	0	0
1391	0x50b32b0	_addressType.266	0xe	4	0	0	0
1392	0x50b32b4	_sizeType.267	0xe	4	0	0	0
1393	0x50b32b8	_whenType.268	0xe	4	0	0	0
1394	0x50b32bc	_RetCodeCheck.269	0xe	4	0	0	0
1395	0x50b32c0	_RetCodeCheck.2	0xe	4	0	0	0
1396	0x50b32c4	_flavorType.5	0xe	4	0	0	0
1397	0x50b32c8	_RetCodeCheck.6	0xe	4	0	0	0
1398	0x50b32cc	_flavorType.9	0xe	4	0	0	0
1399	0x50b32d0	_RetCodeCheck.10	0xe	4	0	0	0
1400	0x50b32d4	_hostCheck.11	0xe	4	0	0	0
1401	0x50b32d8	_RetCodeCheck.14	0xe	4	0	0	0
1402	0x50b32dc	_RetCodeCheck.17	0xe	4	0	0	0
1403	0x50b32e0	_processor_cmdType.20	0xe	4	0	0	0
1404	0x50b32ec	_RetCodeCheck.21	0xe	4	0	0	0
1405	0x50b32f0	_RetCodeCheck.24	0xe	4	0	0	0
1406	0x50b32f4	_default_setCheck.25	0xe	4	0	0	0
1407	0x50b32f8	_RetCodeCheck.28	0xe	4	0	0	0
1408	0x50b32fc	_new_setCheck.29	0xe	4	0	0	0
1409	0x50b3300	_new_nameCheck.30	0xe	4	0	0	0
1410	0x50b3304	_RetCodeCheck.33	0xe	4	0	0	0
1411	0x50b3308	_flavorType.36	0xe	4	0	0	0
1412	0x50b330c	_RetCodeCheck.37	0xe	4	0	0	0
1413	0x50b3310	_hostCheck.38	0xe	4	0	0	0
1414	0x50b3314	_new_setType.41	0xe	4	0	0	0
1415	0x50b3318	_waitType.42	0xe	4	0	0	0
1416	0x50b331c	_RetCodeCheck.43	0xe	4	0	0	0
1417	0x50b3320	_RetCodeCheck.46	0xe	4	0	0	0
1418	0x50b3324	_assigned_setCheck.47	0xe	4	0	0	0
1419	0x50b3328	_new_setType.50	0xe	4	0	0	0
1420	0x50b332c	_RetCodeCheck.51	0xe	4	0	0	0
1421	0x50b3330	_RetCodeCheck.54	0xe	4	0	0	0
1422	0x50b3334	_RetCodeCheck.57	0xe	4	0	0	0
1423	0x50b3338	_assigned_setCheck.58	0xe	4	0	0	0
1424	0x50b333c	_new_setType.61	0xe	4	0	0	0
1425	0x50b3340	_assign_threadsType.62	0xe	4	0	0	0
1426	0x50b3344	_RetCodeCheck.63	0xe	4	0	0	0
1427	0x50b3348	_assign_threadsType.66	0xe	4	0	0	0
1428	0x50b334c	_RetCodeCheck.67	0xe	4	0	0	0
1429	0x50b3350	_RetCodeCheck.70	0xe	4	0	0	0
1430	0x50b3354	_assigned_setCheck.71	0xe	4	0	0	0
1431	0x50b3358	_RetCodeCheck.74	0xe	4	0	0	0
1432	0x50b335c	_priorityType.77	0xe	4	0	0	0
1433	0x50b3360	_set_maxType.78	0xe	4	0	0	0
1434	0x50b3364	_RetCodeCheck.79	0xe	4	0	0	0
1435	0x50b3368	_processor_setType.82	0xe	4	0	0	0
1436	0x50b336c	_max_priorityType.83	0xe	4	0	0	0
1437	0x50b3370	_RetCodeCheck.84	0xe	4	0	0	0
1438	0x50b3374	_priorityType.87	0xe	4	0	0	0
1439	0x50b3378	_change_threadsType.88	0xe	4	0	0	0
1440	0x50b337c	_RetCodeCheck.89	0xe	4	0	0	0
1441	0x50b3380	_max_priorityType.92	0xe	4	0	0	0
1442	0x50b3384	_change_threadsType.93	0xe	4	0	0	0
1443	0x50b3388	_RetCodeCheck.94	0xe	4	0	0	0
1444	0x50b338c	_policyType.97	0xe	4	0	0	0
1445	0x50b3390	_dataType.98	0xe	4	0	0	0
1446	0x50b3394	_RetCodeCheck.99	0xe	4	0	0	0
1447	0x50b3398	_policyType.102	0xe	4	0	0	0
1448	0x50b339c	_RetCodeCheck.103	0xe	4	0	0	0
1449	0x50b33a0	_policyType.106	0xe	4	0	0	0
1450	0x50b33a4	_change_threadsType.107	0xe	4	0	0	0
1451	0x50b33a8	_RetCodeCheck.108	0xe	4	0	0	0
1452	0x50b33ac	_RetCodeCheck.111	0xe	4	0	0	0
1453	0x50b33b0	_RetCodeCheck.114	0xe	4	0	0	0
1454	0x50b33b4	_RetCodeCheck.117	0xe	4	0	0	0
1455	0x50b33b8	_set_nameType.120	0xe	4	0	0	0
1456	0x50b33bc	_RetCodeCheck.121	0xe	4	0	0	0
1457	0x50b33c0	_setCheck.122	0xe	4	0	0	0
1458	0x50b33c4	_RetCodeCheck.125	0xe	4	0	0	0
1459	0x50b33c8	_new_timeType.128	0xe	4	0	0	0
1460	0x50b33cc	_RetCodeCheck.129	0xe	4	0	0	0
1461	0x50b33d0	_new_adjustmentType.132	0xe	4	0	0	0
1462	0x50b33d4	_RetCodeCheck.133	0xe	4	0	0	0
1463	0x50b33d8	_old_adjustmentCheck.134	0xe	4	0	0	0
1464	0x50b33dc	_RetCodeCheck.137	0xe	4	0	0	0
1465	0x50b33e0	_current_timeCheck.138	0xe	4	0	0	0
1466	0x50b33e4	_port_nameType.2	0xe	4	0	0	0
1467	0x50b33f0	_signatureType.3	0xe	4	0	0	0
1468	0x50b33f4	_port_idType.4	0xe	4	0	0	0
1469	0x50b33f8	_RetCodeCheck.5	0xe	4	0	0	0
1470	0x50b33fc	_host_nameType.8	0xe	4	0	0	0
1471	0x50b3408	_port_nameType.9	0xe	4	0	0	0
1472	0x50b3414	_RetCodeCheck.10	0xe	4	0	0	0
1473	0x50b3418	_port_idCheck.11	0xe	4	0	0	0
1474	0x50b341c	_port_nameType.14	0xe	4	0	0	0
1475	0x50b3428	_signatureType.15	0xe	4	0	0	0
1476	0x50b342c	_RetCodeCheck.16	0xe	4	0	0	0
1477	0x50b3430	_RetCodeCheck.19	0xe	4	0	0	0
1478	0x50b80d0	_ArchInfoTable	0xe	10	0	0	0
1479	0x50b5bc8	__mh_execute_header_pointer.72	0xe	6	0	0	0
1480	0x50b5bcc	__mh_execute_header_pointer.76	0xe	6	0	0	0
1481	0x50b5bd0	__mh_execute_header_pointer.83	0xe	6	0	0	0
1482	0x50b5bd4	__mh_execute_header_pointer.72	0xe	6	0	0	0
1483	0x50b5bd8	__mh_execute_header_pointer.72	0xe	6	0	0	0
1484	0x50b3434	_ethers	0xe	4	0	0	0
1485	0x50b8a58	_s.4	0xe	11	0	0	0
1486	0x50b8a5c	_ep.7	0xe	11	0	0	0
1487	0x50b8a60	_domain	0xe	11	0	0	0
1488	0x50520a0	_yellowup	0xe	1	0	0	0
1489	0x50b8a64	_usingyellow	0xe	11	0	0	0
1490	0x50b3440	_NETWORKS	0xe	4	0	0	0
1491	0x50520da	__netdata	0xe	1	0	0	0
1492	0x50b8a68	_netdata	0xe	11	0	0	0
1493	0x50b344e	_BYADDR	0xe	4	0	0	0
1494	0x50b5bdc	_line1.12	0xe	6	0	0	0
1495	0x50524c8	_interpret	0xe	1	0	0	0
1496	0x50525fc	_any	0xe	1	0	0	0
1497	0x505262a	_yellowup	0xe	1	0	0	0
1498	0x50b345e	_NETGROUP	0xe	4	0	0	0
1499	0x50b8a78	_oldgrp	0xe	11	0	0	0
1500	0x50b8a6c	_grouplist	0xe	11	0	0	0
1501	0x50b8a70	_grlist	0xe	11	0	0	0
1502	0x505288c	_doit	0xe	1	0	0	0
1503	0x5052a0e	_fill	0xe	1	0	0	0
1504	0x5052a9e	_match	0xe	1	0	0	0
1505	0x50b8a74	_domain	0xe	11	0	0	0
1506	0x50b3467	_PROTODB	0xe	4	0	0	0
1507	0x5052b08	__protodata	0xe	1	0	0	0
1508	0x50b8a7c	_protodata	0xe	11	0	0	0
1509	0x5052ed6	_interpret	0xe	1	0	0	0
1510	0x5053000	_yellowup	0xe	1	0	0	0
1511	0x5053032	_any	0xe	1	0	0	0
1512	0x50b5be0	_servdata	0xe	6	0	0	0
1513	0x50b3476	_SERVDB	0xe	4	0	0	0
1514	0x50b3484	_YPMAP	0xe	4	0	0	0
1515	0x50530ba	__servdata	0xe	1	0	0	0
1516	0x505348c	_interpret	0xe	1	0	0	0
1517	0x50535d4	_yellowup	0xe	1	0	0	0
1518	0x5053610	_any	0xe	1	0	0	0
1519	0x5053734	_doit	0xe	1	0	0	0
1520	0x5053a60	_any	0xe	1	0	0	0
1521	0x5053a8e	_inlist	0xe	1	0	0	0
1522	0x5053af4	_lookup	0xe	1	0	0	0
1523	0x5053bce	_makekey	0xe	1	0	0	0
1524	0x50b8a80	_name	0xe	11	0	0	0
1525	0x50b8a84	_machine	0xe	11	0	0	0
1526	0x50b8a88	_domain	0xe	11	0	0	0
1527	0x50b8a94	_domain	0xe	11	0	0	0
1528	0x50b8a8c	_ldomain.10	0xe	11	0	0	0
1529	0x50b8a90	_domainp.11	0xe	11	0	0	0
1530	0x50b5be4	_nodomain.12	0xe	6	0	0	0
1531	0x50549f2	_renv	0xe	1	0	0	0
1532	0x50b5be8	_environ_pointer.6	0xe	6	0	0	0
1533	0x5054ace	_renvlook	0xe	1	0	0	0
1534	0x50b8a98	_ruserpassglobalsp.9	0xe	11	0	0	0
1535	0x5054b74	_getruserpassglobalsp	0xe	1	0	0	0
1536	0x50b824c	_toktab	0xe	10	0	0	0
1537	0x5054bb0	_rnetrc	0xe	1	0	0	0
1538	0x50b8cdc	_cfile	0xe	11	0	0	0
1539	0x5054dfe	_token	0xe	1	0	0	0
1540	0x50b3494	_e	0xe	4	0	0	0
1541	0x50b8a9c	_buf.16	0xe	11	0	0	0
1542	0x50b8ab0	_oldbuf.17	0xe	11	0	0	0
1543	0x5054fbc	_nbsencrypt	0xe	1	0	0	0
1544	0x505506c	_nbsdecrypt	0xe	1	0	0	0
1545	0x50b8ac4	_keyblk.22	0xe	11	0	0	0
1546	0x50b8b28	_blk.23	0xe	11	0	0	0
1547	0x50550e6	_nbs8encrypt	0xe	1	0	0	0
1548	0x50b8b8c	_keyblk.26	0xe	11	0	0	0
1549	0x50b8bf0	_blk.27	0xe	11	0	0	0
1550	0x505516e	_nbs8decrypt	0xe	1	0	0	0
1551	0x50551f8	_enblkclr	0xe	1	0	0	0
1552	0x50b8c54	_iobuf.32	0xe	11	0	0	0
1553	0x505524e	_deblkclr	0xe	1	0	0	0
1554	0x50552a6	_enblknot	0xe	1	0	0	0
1555	0x50b8c72	_iobuf.37	0xe	11	0	0	0
1556	0x505530e	_deblknot	0xe	1	0	0	0
1557	0x50b34c4	_IP	0xe	4	0	0	0
1558	0x50b3504	_FP	0xe	4	0	0	0
1559	0x50b3544	_PC1_C	0xe	4	0	0	0
1560	0x50b3560	_PC1_D	0xe	4	0	0	0
1561	0x50b357c	_shifts	0xe	4	0	0	0
1562	0x50b358c	_PC2_C	0xe	4	0	0	0
1563	0x50b35a4	_PC2_D	0xe	4	0	0	0
1564	0x505537e	_nbssetkey	0xe	1	0	0	0
1565	0x50b35bc	_S	0xe	4	0	0	0
1566	0x50b37bc	_P	0xe	4	0	0	0
1567	0x50554f6	_blkencrypt	0xe	1	0	0	0
1568	0x50b8c90	_utmpstr.44	0xe	11	0	0	0
1569	0x50557bc	_getutmp	0xe	1	0	0	0
1570	0x5055852	_sreverse	0xe	1	0	0	0
1571	0x50b8cb4	_skey.49	0xe	11	0	0	0
1572	0x5055882	_mkenvkey	0xe	1	0	0	0
1573	0x5055c92	_mklower	0xe	1	0	0	0
1574	0x5055cc4	_dn_find	0xe	1	0	0	0
1575	0x5055e14	_dewks	0xe	1	0	0	0
1576	0x50b8ce0	_retbuf	0xe	11	0	0	0
1577	0x5056304	_deproto	0xe	1	0	0	0
1578	0x5056412	_do_rrset	0xe	1	0	0	0
1579	0x50b8cf0	_nbuf	0xe	11	0	0	0
1580	0x50585c8	_res_setoptions	0xe	1	0	0	0
1581	0x5058728	_net_mask	0xe	1	0	0	0
1582	0x5058754	_netinfo_res_init	0xe	1	0	0	0
1583	0x50b8d18	_abuf.8	0xe	11	0	0	0
1584	0x50b5c6c	_s	0xe	6	0	0	0
1585	0x50b5c70	_connected	0xe	6	0	0	0
1586	0x50b5c74	_vc	0xe	6	0	0	0
1587	0x5059358	_Aerror	0xe	1	0	0	0
1588	0x50593cc	_Perror	0xe	1	0	0	0
1589	0x50b5c78	_Qhook	0xe	6	0	0	0
1590	0x50b5c7c	_Rhook	0xe	6	0	0	0
1591	0x50b37dc	_AskedForGot	0xe	4	0	0	0
1592	0x50b5e3a	_hostf	0xe	6	0	0	0
1593	0x50b5e3e	_stayopen	0xe	6	0	0	0
1594	0x505a1a4	_dprintf	0xe	1	0	0	0
1595	0x505a1f0	_getanswer	0xe	1	0	0	0
1596	0x50b8ea8	_host	0xe	11	0	0	0
1597	0x50b8f48	_hostbuf	0xe	11	0	0	0
1598	0x50b8ebc	_host_aliases	0xe	11	0	0	0
1599	0x50b8e18	_h_addr_ptrs	0xe	11	0	0	0
1600	0x50baf48	_host_addr	0xe	11	0	0	0
1601	0x505a904	_addrsort	0xe	1	0	0	0
1602	0x50baf4c	_net_entry.2	0xe	11	0	0	0
1603	0x50baf5c	_net_aliases.3	0xe	11	0	0	0
1604	0x50bafe8	_netbuf.4	0xe	11	0	0	0
1605	0x505a9d0	_getnetanswer	0xe	1	0	0	0
1606	0x505aee0	_xtob	0xe	1	0	0	0
1607	0x50bb3e9	_tmpbuf.6	0xe	11	0	0	0
1608	0x50b5e5a	_HOSTDB	0xe	6	0	0	0
1609	0x505b088	__hostdata	0xe	1	0	0	0
1610	0x50bb6e6	_hostdata	0xe	11	0	0	0
1611	0x505b0ce	_fetchhost	0xe	1	0	0	0
1612	0x505b67e	_interpret	0xe	1	0	0	0
1613	0x505b7e4	_any	0xe	1	0	0	0
1614	0x505b812	_yellowup	0xe	1	0	0	0
1615	0x50b5e5e	_alias_state	0xe	6	0	0	0
1616	0x505b840	_freeold	0xe	1	0	0	0
1617	0x50bb6ea	_global_aliasent	0xe	11	0	0	0
1618	0x505b8a8	_convert_aliasent	0xe	1	0	0	0
1619	0x50b5e62	_proc.6	0xe	6	0	0	0
1620	0x505b8f2	_lu_alias_getbyname	0xe	1	0	0	0
1621	0x505ba10	_lu_alias_setent	0xe	1	0	0	0
1622	0x50bb6fa	_alias_data	0xe	11	0	0	0
1623	0x50bb6fe	_alias_datalen	0xe	11	0	0	0
1624	0x505ba56	_lu_alias_endent	0xe	1	0	0	0
1625	0x50b5e66	_proc.13	0xe	6	0	0	0
1626	0x505ba96	_lu_alias_getent	0xe	1	0	0	0
1627	0x50bb706	_alias_xdr	0xe	11	0	0	0
1628	0x50bb702	_alias_nentries	0xe	11	0	0	0
1629	0x50bb71e	_bp.2	0xe	11	0	0	0
1630	0x50b5e6a	_proc.3	0xe	6	0	0	0
1631	0x505bca8	_lu_bootp_getbyether	0xe	1	0	0	0
1632	0x50bb722	_bp.6	0xe	11	0	0	0
1633	0x50b5e6e	_proc.7	0xe	6	0	0	0
1634	0x505bda0	_lu_bootp_getbyip	0xe	1	0	0	0
1635	0x50bb726	_bp.2	0xe	11	0	0	0
1636	0x50b5e72	_proc.3	0xe	6	0	0	0
1637	0x505befe	_lu_bootparams_getbyname	0xe	1	0	0	0
1638	0x50b5e76	_gr_state	0xe	6	0	0	0
1639	0x50b5e7a	_global_gr	0xe	6	0	0	0
1640	0x50b5e8a	_gr_datalen	0xe	6	0	0	0
1641	0x50b5e8e	_gr_nentries	0xe	6	0	0	0
1642	0x50b5e92	_gr_xdr	0xe	6	0	0	0
1643	0x50b5eaa	_yp_flags	0xe	6	0	0	0
1644	0x505c052	_convert_gr	0xe	1	0	0	0
1645	0x50b5eac	_proc.4	0xe	6	0	0	0
1646	0x505c10c	_lu_getgrgid	0xe	1	0	0	0
1647	0x50b5eb0	_proc.7	0xe	6	0	0	0
1648	0x505c1ec	_lu_getgrnam	0xe	1	0	0	0
1649	0x50b5eb4	_proc.10	0xe	6	0	0	0
1650	0x505c30a	_lu_initgroups	0xe	1	0	0	0
1651	0x505c4f6	_lu_setgrent	0xe	1	0	0	0
1652	0x50bb72a	_gr_data	0xe	11	0	0	0
1653	0x505c536	_lu_endgrent	0xe	1	0	0	0
1654	0x50b5eb8	_proc.17	0xe	6	0	0	0
1655	0x505c576	_lu_getgrent	0xe	1	0	0	0
1656	0x50b5ebc	_h_state	0xe	6	0	0	0
1657	0x50b5ec0	_global_h	0xe	6	0	0	0
1658	0x50b5ed4	_global_h_copy	0xe	6	0	0	0
1659	0x50b5ee8	_global_addrlist	0xe	6	0	0	0
1660	0x505c8e4	_convert_h	0xe	1	0	0	0
1661	0x50b5eec	_proc.4	0xe	6	0	0	0
1662	0x505ca36	_lu_gethostbyaddr	0xe	1	0	0	0
1663	0x50b5ef0	_proc.7	0xe	6	0	0	0
1664	0x505cb6a	_lu_gethostbyname	0xe	1	0	0	0
1665	0x505ccb4	_lu_sethostent	0xe	1	0	0	0
1666	0x50bb72e	_h_data	0xe	11	0	0	0
1667	0x50bb732	_h_datalen	0xe	11	0	0	0
1668	0x505ccf4	_lu_endhostent	0xe	1	0	0	0
1669	0x50b5ef4	_proc.14	0xe	6	0	0	0
1670	0x505cd34	_lu_gethostent	0xe	1	0	0	0
1671	0x50bb73a	_h_xdr	0xe	11	0	0	0
1672	0x50bb736	_h_nentries	0xe	11	0	0	0
1673	0x50b5ef8	_global_mnt	0xe	6	0	0	0
1674	0x50b5f10	_mnt_data	0xe	6	0	0	0
1675	0x50b5f14	_mnt_datalen	0xe	6	0	0	0
1676	0x50b5f18	_mnt_nentries	0xe	6	0	0	0
1677	0x50b5f1c	_mnt_xdr	0xe	6	0	0	0
1678	0x505cfa4	_convert_mnt	0xe	1	0	0	0
1679	0x505d04c	_lu_setmntent	0xe	1	0	0	0
1680	0x505d08e	_lu_endmntent	0xe	1	0	0	0
1681	0x50b5f34	_proc.8	0xe	6	0	0	0
1682	0x505d0d0	_lu_getmntent	0xe	1	0	0	0
1683	0x50b5f38	_n_state	0xe	6	0	0	0
1684	0x50b5f3c	_global_n	0xe	6	0	0	0
1685	0x505d2be	_convert_n	0xe	1	0	0	0
1686	0x50b5f4c	_proc.4	0xe	6	0	0	0
1687	0x505d37a	_lu_getnetbyaddr	0xe	1	0	0	0
1688	0x50b5f50	_proc.7	0xe	6	0	0	0
1689	0x505d464	_lu_getnetbyname	0xe	1	0	0	0
1690	0x505d582	_lu_setnetent	0xe	1	0	0	0
1691	0x50bb752	_n_data	0xe	11	0	0	0
1692	0x50bb756	_n_datalen	0xe	11	0	0	0
1693	0x505d5c2	_lu_endnetent	0xe	1	0	0	0
1694	0x50b5f54	_proc.14	0xe	6	0	0	0
1695	0x505d602	_lu_getnetent	0xe	1	0	0	0
1696	0x50bb75e	_n_xdr	0xe	11	0	0	0
1697	0x50bb75a	_n_nentries	0xe	11	0	0	0
1698	0x50b5f58	___innetgr_hack	0xe	6	0	0	0
1699	0x50b5f5c	_netgroup_state	0xe	6	0	0	0
1700	0x50b5f60	_proc.4	0xe	6	0	0	0
1701	0x505d876	_lu_innetgr	0xe	1	0	0	0
1702	0x505d9aa	_lu_endnetgrent	0xe	1	0	0	0
1703	0x50bb782	_netgroup_data	0xe	11	0	0	0
1704	0x50bb786	_netgroup_datalen	0xe	11	0	0	0
1705	0x50b5f64	_proc.9	0xe	6	0	0	0
1706	0x505d9ea	_lu_setnetgrent	0xe	1	0	0	0
1707	0x50bb78e	_netgroup_xdr	0xe	11	0	0	0
1708	0x50bb78a	_netgroup_nentries	0xe	11	0	0	0
1709	0x50bb776	_ng.12	0xe	11	0	0	0
1710	0x50b5f68	_p_state	0xe	6	0	0	0
1711	0x50b5f6c	_global_p	0xe	6	0	0	0
1712	0x505dc9e	_convert_p	0xe	1	0	0	0
1713	0x50b5f78	_proc.4	0xe	6	0	0	0
1714	0x505dd54	_lu_getprotobynumber	0xe	1	0	0	0
1715	0x50b5f7c	_proc.7	0xe	6	0	0	0
1716	0x505de34	_lu_getprotobyname	0xe	1	0	0	0
1717	0x505df52	_lu_setprotoent	0xe	1	0	0	0
1718	0x50bb7a6	_p_data	0xe	11	0	0	0
1719	0x50bb7aa	_p_datalen	0xe	11	0	0	0
1720	0x505df92	_lu_endprotoent	0xe	1	0	0	0
1721	0x50b5f80	_proc.14	0xe	6	0	0	0
1722	0x505dfd2	_lu_getprotoent	0xe	1	0	0	0
1723	0x50bb7b2	_p_xdr	0xe	11	0	0	0
1724	0x50bb7ae	_p_nentries	0xe	11	0	0	0
1725	0x50b5f84	_prdb_state	0xe	6	0	0	0
1726	0x50b5f88	_global_prdb	0xe	6	0	0	0
1727	0x50b5f94	_prdb_data	0xe	6	0	0	0
1728	0x50b5f98	_prdb_datalen	0xe	6	0	0	0
1729	0x50b5f9c	_prdb_xdr	0xe	6	0	0	0
1730	0x505e21c	_freeprop	0xe	1	0	0	0
1731	0x505e252	_freeold	0xe	1	0	0	0
1732	0x505e2ec	_convert_prdb	0xe	1	0	0	0
1733	0x505e34a	_lu_prdb_set	0xe	1	0	0	0
1734	0x505e38a	_lu_prdb_end	0xe	1	0	0	0
1735	0x50b5fb4	_proc.12	0xe	6	0	0	0
1736	0x505e3d0	_lu_prdb_getbyname	0xe	1	0	0	0
1737	0x50b5fb8	_proc.15	0xe	6	0	0	0
1738	0x505e4ee	_lu_prdb_get	0xe	1	0	0	0
1739	0x50bb7ca	_prdb_nentries	0xe	11	0	0	0
1740	0x50b5fbc	_pw_state	0xe	6	0	0	0
1741	0x50b5fc0	_global_pw	0xe	6	0	0	0
1742	0x505e70a	_convert_pw	0xe	1	0	0	0
1743	0x50b5fe4	_proc.4	0xe	6	0	0	0
1744	0x505e7ce	_lu_getpwuid	0xe	1	0	0	0
1745	0x50b5fe8	_proc.7	0xe	6	0	0	0
1746	0x505e8ae	_lu_getpwnam	0xe	1	0	0	0
1747	0x505e9cc	_lu_setpwent	0xe	1	0	0	0
1748	0x50bb7ce	_pw_data	0xe	11	0	0	0
1749	0x50bb7d2	_pw_datalen	0xe	11	0	0	0
1750	0x505ea0c	_lu_endpwent	0xe	1	0	0	0
1751	0x50b5fec	_proc.14	0xe	6	0	0	0
1752	0x505ea4c	_lu_getpwent	0xe	1	0	0	0
1753	0x50bb7da	_pw_xdr	0xe	11	0	0	0
1754	0x50bb7d6	_pw_nentries	0xe	11	0	0	0
1755	0x50b5ff0	_r_state	0xe	6	0	0	0
1756	0x50b5ff4	_global_r	0xe	6	0	0	0
1757	0x505ec9e	_convert_r	0xe	1	0	0	0
1758	0x50b6000	_proc.4	0xe	6	0	0	0
1759	0x505ed54	_lu_getrpcbynumber	0xe	1	0	0	0
1760	0x50b6004	_proc.7	0xe	6	0	0	0
1761	0x505ee34	_lu_getrpcbyname	0xe	1	0	0	0
1762	0x505ef52	_lu_setrpcent	0xe	1	0	0	0
1763	0x50bb7f2	_r_data	0xe	11	0	0	0
1764	0x50bb7f6	_r_datalen	0xe	11	0	0	0
1765	0x505ef92	_lu_endrpcent	0xe	1	0	0	0
1766	0x50b6008	_proc.14	0xe	6	0	0	0
1767	0x505efd2	_lu_getrpcent	0xe	1	0	0	0
1768	0x50bb7fe	_r_xdr	0xe	11	0	0	0
1769	0x50bb7fa	_r_nentries	0xe	11	0	0	0
1770	0x50b600c	_s_state	0xe	6	0	0	0
1771	0x50b6010	_global_s	0xe	6	0	0	0
1772	0x505f21c	_convert_s	0xe	1	0	0	0
1773	0x50b6020	_proc.4	0xe	6	0	0	0
1774	0x505f2d8	_lu_getservbyport	0xe	1	0	0	0
1775	0x50b6024	_proc.7	0xe	6	0	0	0
1776	0x505f41c	_lu_getservbyname	0xe	1	0	0	0
1777	0x505f560	_lu_setservent	0xe	1	0	0	0
1778	0x50bb816	_s_data	0xe	11	0	0	0
1779	0x50bb81a	_s_datalen	0xe	11	0	0	0
1780	0x505f5a0	_lu_endservent	0xe	1	0	0	0
1781	0x50b6028	_proc.14	0xe	6	0	0	0
1782	0x505f5e0	_lu_getservent	0xe	1	0	0	0
1783	0x50bb822	_s_xdr	0xe	11	0	0	0
1784	0x50bb81e	_s_nentries	0xe	11	0	0	0
1785	0x505f89a	_port_valid	0xe	1	0	0	0
1786	0x50b82b4	_ni_errmsgs	0xe	10	0	0	0
1787	0x50b8384	_NAME_NAME	0xe	10	0	0	0
1788	0x50b8388	_NAME_SERVES	0xe	10	0	0	0
1789	0x50b838c	_NAME_MACHINES	0xe	10	0	0	0
1790	0x50b8390	_NAME_IP_ADDRESS	0xe	10	0	0	0
1791	0x50b8394	_NAME_MASTER	0xe	10	0	0	0
1792	0x50b8398	_NAME_USERS	0xe	10	0	0	0
1793	0x50b839c	_NAME_UID	0xe	10	0	0	0
1794	0x505f97e	_getmyport	0xe	1	0	0	0
1795	0x505f9e6	_nibind_up	0xe	1	0	0	0
1796	0x505fac0	_createauth	0xe	1	0	0	0
1797	0x505fb0a	_fixtimeout	0xe	1	0	0	0
1798	0x505fb3c	_ni_settimeout	0xe	1	0	0	0
1799	0x505fb76	_connectit	0xe	1	0	0	0
1800	0x505fd90	_sys_netmask	0xe	1	0	0	0
1801	0x505fe90	_sys_address	0xe	1	0	0	0
1802	0x505ff6a	_connectlocal	0xe	1	0	0	0
1803	0x5060030	_clnt_kill	0xe	1	0	0	0
1804	0x506008e	_reinit	0xe	1	0	0	0
1805	0x50600d4	_ni_switch	0xe	1	0	0	0
1806	0x5060138	_ni_swap	0xe	1	0	0	0
1807	0x506019c	_eachresult	0xe	1	0	0	0
1808	0x50601c0	_rebind	0xe	1	0	0	0
1809	0x50604f0	_confirm_tcp	0xe	1	0	0	0
1810	0x506056e	_setmaster	0xe	1	0	0	0
1811	0x5060740	_callit	0xe	1	0	0	0
1812	0x50609ba	_ni_clear	0xe	1	0	0	0
1813	0x50609ea	_ni_alloc	0xe	1	0	0	0
1814	0x5060b00	_match	0xe	1	0	0	0
1815	0x5060b6c	_addaddr	0xe	1	0	0	0
1816	0x5060c44	_get_daddr	0xe	1	0	0	0
1817	0x5060d6c	_getparent	0xe	1	0	0	0
1818	0x5061dc4	_pmap_getport_to	0xe	1	0	0	0
1819	0x5061f0c	_socket_open	0xe	1	0	0	0
1820	0x50b380b	_NAME_NAME	0xe	4	0	0	0
1821	0x50b3810	_NAME_MACHINES	0xe	4	0	0	0
1822	0x50b3819	_NAME_IP_ADDRESS	0xe	4	0	0	0
1823	0x50b3824	_NAME_SERVES	0xe	4	0	0	0
1824	0x50b382b	_NAME_UNKNOWN	0xe	4	0	0	0
1825	0x5061faa	_escape_domain	0xe	1	0	0	0
1826	0x5062010	_finddomain	0xe	1	0	0	0
1827	0x5062148	_ni_domainof	0xe	1	0	0	0
1828	0x50621b2	__ni_pwdomain	0xe	1	0	0	0
1829	0x50622b4	_eatslash	0xe	1	0	0	0
1830	0x50622d0	_unescape	0xe	1	0	0	0
1831	0x5062324	_escindex	0xe	1	0	0	0
1832	0x5062378	_setstuff	0xe	1	0	0	0
1833	0x50623c8	_ni_relopen	0xe	1	0	0	0
1834	0x50624ce	_ni_rootopen	0xe	1	0	0	0
1835	0x5062532	_ni_name_dupn	0xe	1	0	0	0
1836	0x506257e	_ni_relsearch	0xe	1	0	0	0
1837	0x5063000	__prdb_free_ent	0xe	1	0	0	0
1838	0x50bb846	_pf	0xe	11	0	0	0
1839	0x50630ea	_pename_insert	0xe	1	0	0	0
1840	0x506315a	_peprop_insert	0xe	1	0	0	0
1841	0x50bb83a	_ent.12	0xe	11	0	0	0
1842	0x50633ca	_prmatch	0xe	1	0	0	0
1843	0x5063460	_getline	0xe	1	0	0	0
1844	0x506351a	_emptyfield	0xe	1	0	0	0
1845	0x50b83a0	_NAME_USERS	0xe	10	0	0	0
1846	0x50b83a4	_NAME_PASSWD	0xe	10	0	0	0
1847	0x5063542	_changeit	0xe	1	0	0	0
1848	0x50b6034	_TIMEOUT	0xe	6	0	0	0
1849	0x50bb84a	_res.2	0xe	11	0	0	0
1850	0x50bb84c	_res.5	0xe	11	0	0	0
1851	0x50bb854	_res.8	0xe	11	0	0	0
1852	0x50bb860	_res.11	0xe	11	0	0	0
1853	0x50bb86c	_res.14	0xe	11	0	0	0
1854	0x50bb87c	_res.17	0xe	11	0	0	0
1855	0x50bb890	_res.20	0xe	11	0	0	0
1856	0x50bb89c	_res.23	0xe	11	0	0	0
1857	0x50bb8b0	_res.26	0xe	11	0	0	0
1858	0x50bb8bc	_res.29	0xe	11	0	0	0
1859	0x50bb8d0	_res.32	0xe	11	0	0	0
1860	0x50bb8e4	_res.35	0xe	11	0	0	0
1861	0x50bb8f8	_res.38	0xe	11	0	0	0
1862	0x50bb904	_res.41	0xe	11	0	0	0
1863	0x50bb910	_res.44	0xe	11	0	0	0
1864	0x50bb924	_res.47	0xe	11	0	0	0
1865	0x50bb930	_res.50	0xe	11	0	0	0
1866	0x50bb93c	_res.53	0xe	11	0	0	0
1867	0x50bb950	_res.56	0xe	11	0	0	0
1868	0x50bb95c	_res.59	0xe	11	0	0	0
1869	0x50bb968	_res.62	0xe	11	0	0	0
1870	0x50bb978	_res.65	0xe	11	0	0	0
1871	0x50bb984	_res.68	0xe	11	0	0	0
1872	0x50bb990	_res.71	0xe	11	0	0	0
1873	0x50bb9a4	_res.74	0xe	11	0	0	0
1874	0x50bb9a6	_res.77	0xe	11	0	0	0
1875	0x50bb9b6	_res.80	0xe	11	0	0	0
1876	0x50bb9b8	_res.83	0xe	11	0	0	0
1877	0x50bb9bc	_res.86	0xe	11	0	0	0
1878	0x50b383a	_nameType.2	0xe	4	0	0	0
1879	0x50b3846	_RetCodeCheck.3	0xe	4	0	0	0
1880	0x50b384a	_procnoCheck.4	0xe	4	0	0	0
1881	0x50b384e	_procType.7	0xe	4	0	0	0
1882	0x50b3852	_indataType.8	0xe	4	0	0	0
1883	0x50b385e	_RetCodeCheck.9	0xe	4	0	0	0
1884	0x50b3862	_procType.12	0xe	4	0	0	0
1885	0x50b3866	_indataType.13	0xe	4	0	0	0
1886	0x50b3872	_RetCodeCheck.14	0xe	4	0	0	0
1887	0x50b3876	_procType.17	0xe	4	0	0	0
1888	0x50b387a	_indataType.18	0xe	4	0	0	0
1889	0x50b3886	_RetCodeCheck.19	0xe	4	0	0	0
1890	0x50b6040	_ops	0xe	6	0	0	0
1891	0x506638a	_authnone_verf	0xe	1	0	0	0
1892	0x506634a	_authnone_marshal	0xe	1	0	0	0
1893	0x5066392	_authnone_validate	0xe	1	0	0	0
1894	0x506639c	_authnone_refresh	0xe	1	0	0	0
1895	0x50663a6	_authnone_destroy	0xe	1	0	0	0
1896	0x50b6054	_authnone_private	0xe	6	0	0	0
1897	0x50b6058	_auth_unix_ops	0xe	6	0	0	0
1898	0x50665ca	_authunix_nextverf	0xe	1	0	0	0
1899	0x50665d2	_authunix_marshal	0xe	1	0	0	0
1900	0x5066600	_authunix_validate	0xe	1	0	0	0
1901	0x50666a6	_authunix_refresh	0xe	1	0	0	0
1902	0x5066778	_authunix_destroy	0xe	1	0	0	0
1903	0x50667d8	_marshal_new_auth	0xe	1	0	0	0
1904	0x50b606c	_port.2	0xe	6	0	0	0
1905	0x50b606e	_buf	0xe	6	0	0	0
1906	0x5066b36	__buf	0xe	1	0	0	0
1907	0x50b83a8	_rpc_errlist	0xe	10	0	0	0
1908	0x50b8438	_auth_errlist	0xe	10	0	0	0
1909	0x5066fa4	_auth_errmsg	0xe	1	0	0	0
1910	0x50b6072	_client_ops	0xe	6	0	0	0
1911	0x50670c6	_clntraw_call	0xe	1	0	0	0
1912	0x506729c	_clntraw_abort	0xe	1	0	0	0
1913	0x5067258	_clntraw_geterr	0xe	1	0	0	0
1914	0x5067260	_clntraw_freeres	0xe	1	0	0	0
1915	0x50672ae	_clntraw_destroy	0xe	1	0	0	0
1916	0x50672a4	_clntraw_control	0xe	1	0	0	0
1917	0x50bb9d0	_clntraw_private	0xe	11	0	0	0
1918	0x50bb9d4	_callrpc_private	0xe	11	0	0	0
1919	0x50b608c	_tcp_ops	0xe	6	0	0	0
1920	0x5067648	_clnttcp_call	0xe	1	0	0	0
1921	0x506789c	_clnttcp_abort	0xe	1	0	0	0
1922	0x5067858	_clnttcp_geterr	0xe	1	0	0	0
1923	0x5067878	_clnttcp_freeres	0xe	1	0	0	0
1924	0x506792a	_clnttcp_destroy	0xe	1	0	0	0
1925	0x50678a4	_clnttcp_control	0xe	1	0	0	0
1926	0x5067974	_readtcp	0xe	1	0	0	0
1927	0x5067a82	_writetcp	0xe	1	0	0	0
1928	0x50b60ac	_udp_ops	0xe	6	0	0	0
1929	0x5067d40	_clntudp_call	0xe	1	0	0	0
1930	0x50680ea	_clntudp_abort	0xe	1	0	0	0
1931	0x50680a6	_clntudp_geterr	0xe	1	0	0	0
1932	0x50680c6	_clntudp_freeres	0xe	1	0	0	0
1933	0x50681a2	_clntudp_destroy	0xe	1	0	0	0
1934	0x50680f2	_clntudp_control	0xe	1	0	0	0
1935	0x50b60c4	_size.2	0xe	6	0	0	0
1936	0x50b388a	_RPCDB	0xe	4	0	0	0
1937	0x50b60c8	_YPMAP	0xe	6	0	0	0
1938	0x506835c	__rpcdata	0xe	1	0	0	0
1939	0x50bb9d8	_rpcdata	0xe	11	0	0	0
1940	0x50686a4	_interpret	0xe	1	0	0	0
1941	0x50687ce	_yellowup	0xe	1	0	0	0
1942	0x50b60cc	_trytimeout	0xe	6	0	0	0
1943	0x50b60d4	_tottimeout	0xe	6	0	0	0
1944	0x50b3893	_MESSENGER.10	0xe	4	0	0	0
1945	0x5068a04	_key_call	0xe	1	0	0	0
1946	0x50bb9dc	_hostname.2	0xe	11	0	0	0
1947	0x5068cc8	_get_hostname	0xe	1	0	0	0
1948	0x5068d0e	_encodemsg	0xe	1	0	0	0
1949	0x5068dfe	_decodemsg	0xe	1	0	0	0
1950	0x50b38a5	_OPSYS	0xe	4	0	0	0
1951	0x50b38aa	_NETID	0xe	4	0	0	0
1952	0x5069578	_atois	0xe	1	0	0	0
1953	0x50b38b7	_SHELL	0xe	4	0	0	0
1954	0x5069784	_basename	0xe	1	0	0	0
1955	0x50b60dc	_timeout	0xe	6	0	0	0
1956	0x50b60e4	_tottimeout	0xe	6	0	0	0
1957	0x50b60ec	_timeout	0xe	6	0	0	0
1958	0x50b60f4	_tottimeout	0xe	6	0	0	0
1959	0x50b60fc	_timeout	0xe	6	0	0	0
1960	0x5069e62	_getbroadcastnets	0xe	1	0	0	0
1961	0x50b610c	_reply_dscrm	0xe	6	0	0	0
1962	0x506a5dc	_accepted	0xe	1	0	0	0
1963	0x506a64e	_rejected	0xe	1	0	0	0
1964	0x50b6224	_xports	0xe	6	0	0	0
1965	0x50b6228	_svc_head	0xe	6	0	0	0
1966	0x506abaa	_svc_find	0xe	1	0	0	0
1967	0x50b622c	_svcauthsw	0xe	6	0	0	0
1968	0x50b623c	_server_ops	0xe	6	0	0	0
1969	0x506b1b0	_svcraw_recv	0xe	1	0	0	0
1970	0x506b1a6	_svcraw_stat	0xe	1	0	0	0
1971	0x506b25e	_svcraw_getargs	0xe	1	0	0	0
1972	0x506b202	_svcraw_reply	0xe	1	0	0	0
1973	0x506b28e	_svcraw_freeargs	0xe	1	0	0	0
1974	0x506b2c4	_svcraw_destroy	0xe	1	0	0	0
1975	0x50bbade	_svcraw_private	0xe	11	0	0	0
1976	0x50bbae6	_transp	0xe	11	0	0	0
1977	0x50bbaea	_pl	0xe	11	0	0	0
1978	0x50bbae2	_proglst	0xe	11	0	0	0
1979	0x506b45a	_universal	0xe	1	0	0	0
1980	0x50b6258	_svctcp_op	0xe	6	0	0	0
1981	0x506ba46	_svctcp_recv	0xe	1	0	0	0
1982	0x506ba1a	_svctcp_stat	0xe	1	0	0	0
1983	0x506ba8c	_svctcp_getargs	0xe	1	0	0	0
1984	0x506bacc	_svctcp_reply	0xe	1	0	0	0
1985	0x506baaa	_svctcp_freeargs	0xe	1	0	0	0
1986	0x506b89e	_svctcp_destroy	0xe	1	0	0	0
1987	0x50b6270	_svctcp_rendezvous_op	0xe	6	0	0	0
1988	0x506b818	_rendezvous_request	0xe	1	0	0	0
1989	0x506b894	_rendezvous_stat	0xe	1	0	0	0
1990	0x506b750	_makefd_xprt	0xe	1	0	0	0
1991	0x50b6288	_wait_per_try	0xe	6	0	0	0
1992	0x506b8f8	_readtcp	0xe	1	0	0	0
1993	0x506b9d0	_writetcp	0xe	1	0	0	0
1994	0x50b6298	_svcudp_op	0xe	6	0	0	0
1995	0x506bd26	_svcudp_recv	0xe	1	0	0	0
1996	0x506bd1c	_svcudp_stat	0xe	1	0	0	0
1997	0x506be82	_svcudp_getargs	0xe	1	0	0	0
1998	0x506bdf2	_svcudp_reply	0xe	1	0	0	0
1999	0x506bea0	_svcudp_freeargs	0xe	1	0	0	0
2000	0x506bec2	_svcudp_destroy	0xe	1	0	0	0
2001	0x506c00a	_cache_set	0xe	1	0	0	0
2002	0x506c162	_cache_get	0xe	1	0	0	0
2003	0x50bbaee	_authdes_cache	0xe	11	0	0	0
2004	0x506c618	_cache_init	0xe	1	0	0	0
2005	0x50bbaf2	_authdes_lru	0xe	11	0	0	0
2006	0x506c672	_cache_victim	0xe	1	0	0	0
2007	0x506c692	_cache_ref	0xe	1	0	0	0
2008	0x506c6d8	_cache_spot	0xe	1	0	0	0
2009	0x50bbaf6	_svcauthdes_stats	0xe	11	0	0	0
2010	0x506c8ca	_invalidate	0xe	1	0	0	0
2011	0x50b62b0	_xdr_zero	0xe	6	0	0	0
2012	0x50b62b4	_crud.26	0xe	6	0	0	0
2013	0x50b62c4	_xdrmem_ops	0xe	6	0	0	0
2014	0x506d05e	_xdrmem_getlong	0xe	1	0	0	0
2015	0x506d090	_xdrmem_putlong	0xe	1	0	0	0
2016	0x506d0c2	_xdrmem_getbytes	0xe	1	0	0	0
2017	0x506d104	_xdrmem_putbytes	0xe	1	0	0	0
2018	0x506d146	_xdrmem_getpos	0xe	1	0	0	0
2019	0x506d15a	_xdrmem_setpos	0xe	1	0	0	0
2020	0x506d18a	_xdrmem_inline	0xe	1	0	0	0
2021	0x506d056	_xdrmem_destroy	0xe	1	0	0	0
2022	0x50b62e4	_xdrrec_ops	0xe	6	0	0	0
2023	0x506d2cc	_xdrrec_getlong	0xe	1	0	0	0
2024	0x506d32c	_xdrrec_putlong	0xe	1	0	0	0
2025	0x506d386	_xdrrec_getbytes	0xe	1	0	0	0
2026	0x506d3f4	_xdrrec_putbytes	0xe	1	0	0	0
2027	0x506d46c	_xdrrec_getpos	0xe	1	0	0	0
2028	0x506d4c4	_xdrrec_setpos	0xe	1	0	0	0
2029	0x506d540	_xdrrec_inline	0xe	1	0	0	0
2030	0x506d5a4	_xdrrec_destroy	0xe	1	0	0	0
2031	0x506d6de	_flush_out	0xe	1	0	0	0
2032	0x506d748	_fill_input_buf	0xe	1	0	0	0
2033	0x506d794	_get_input_bytes	0xe	1	0	0	0
2034	0x506d7fa	_set_input_fragment	0xe	1	0	0	0
2035	0x506d840	_skip_input_bytes	0xe	1	0	0	0
2036	0x506d890	_fix_buf_size	0xe	1	0	0	0
2037	0x50b6304	_xdrstdio_ops	0xe	6	0	0	0
2038	0x506d9e6	_xdrstdio_getlong	0xe	1	0	0	0
2039	0x506da1a	_xdrstdio_putlong	0xe	1	0	0	0
2040	0x506da4e	_xdrstdio_getbytes	0xe	1	0	0	0
2041	0x506da80	_xdrstdio_putbytes	0xe	1	0	0	0
2042	0x506dab2	_xdrstdio_getpos	0xe	1	0	0	0
2043	0x506dac8	_xdrstdio_setpos	0xe	1	0	0	0
2044	0x506daec	_xdrstdio_inline	0xe	1	0	0	0
2045	0x506d9d0	_xdrstdio_destroy	0xe	1	0	0	0
2046	0x50b6324	__sctab	0xe	6	0	0	0
2047	0x50b6424	_getcount	0xe	6	0	0	0
2048	0x506df00	__innum	0xe	1	0	0	0
2049	0x506e370	__instr	0xe	1	0	0	0
2050	0x506e496	__getccl	0xe	1	0	0	0
2051	0x50b6428	_nofile.2	0xe	6	0	0	0
2052	0x50bbb02	_iobglue	0xe	11	0	0	0
2053	0x50bbb06	_endglue	0xe	11	0	0	0
2054	0x5070686	__p_dconv	0xe	1	0	0	0
2055	0x50706d0	__efmt	0xe	1	0	0	0
2056	0x507083e	__ffmt	0xe	1	0	0	0
2057	0x5070bec	_btod	0xe	1	0	0	0
2058	0x50b65bc	_environ_pointer.72	0xe	6	0	0	0
2059	0x50b65c4	_validtz.2	0xe	6	0	0	0
2060	0x50b65c8	_cached_tz.3	0xe	6	0	0	0
2061	0x5070d28	_sigvec__	0xe	1	0	0	0
2062	0x50b6698	_cprocs_started	0xe	6	0	0	0
2063	0x50b669c	_cproc_lock	0xe	6	0	0	0
2064	0x50b66a0	_cprocs	0xe	6	0	0	0
2065	0x5072414	_cproc_alloc	0xe	1	0	0	0
2066	0x50724de	_cproc_continue	0xe	1	0	0	0
2067	0x50b66a4	_cthreads	0xe	6	0	0	0
2068	0x50b66ac	_cthread_lock	0xe	6	0	0	0
2069	0x50b66b4	_cthread_needed	0xe	6	0	0	0
2070	0x50b66c4	_cthread_idle	0xe	6	0	0	0
2071	0x50b66d4	_n_cprocs	0xe	6	0	0	0
2072	0x50b66d8	_n_cthreads	0xe	6	0	0	0
2073	0x50b66dc	_max_cprocs	0xe	6	0	0	0
2074	0x50b66e0	_free_cthreads	0xe	6	0	0	0
2075	0x50b66e4	_cthread_free_lock	0xe	6	0	0	0
2076	0x50b66e8	_initial_cthread	0xe	6	0	0	0
2077	0x507268c	_cthread_alloc	0xe	1	0	0	0
2078	0x50b67bc	__cthread_free_callout_function	0xe	6	0	0	0
2079	0x5072720	_cthread_free	0xe	1	0	0	0
2080	0x50b67c0	_cthreads_started.8	0xe	6	0	0	0
2081	0x50b67c4	_saved_self	0xe	6	0	0	0
2082	0x50b67c8	_reply_port_lock	0xe	6	0	0	0
2083	0x50b67d0	_cthread_stack_size	0xe	6	0	0	0
2084	0x50b67d4	_next_stack_base	0xe	6	0	0	0
2085	0x50b67d8	_initial_stack_deallocated	0xe	6	0	0	0
2086	0x50b67dc	_initial_stack_lock	0xe	6	0	0	0
2087	0x5072fba	_setup_stack	0xe	1	0	0	0
2088	0x50b68e0	__yprequest_arms	0xe	6	0	0	0
2089	0x50b6900	__ypresponse_arms	0xe	6	0	0	0
2090	0x50b6920	_ypbind_resp_arms	0xe	6	0	0	0
2091	0x50b6938	_tcp_timout	0xe	6	0	0	0
2092	0x50b6940	_bind_intertry	0xe	6	0	0	0
2093	0x50b6948	_bind_timeout	0xe	6	0	0	0
2094	0x50b6950	_ypserv_intertry	0xe	6	0	0	0
2095	0x50b6958	_bfvalid	0xe	6	0	0	0
2096	0x50bbb16	_bfname	0xe	11	0	0	0
2097	0x50bbb76	_bf	0xe	11	0	0	0
2098	0x50bbb7a	_binder_port	0xe	11	0	0	0
2099	0x50bbb0a	_my_addr	0xe	11	0	0	0
2100	0x50bbb0e	_bound_domains	0xe	11	0	0	0
2101	0x5074034	__default_domain	0xe	1	0	0	0
2102	0x50bbb12	_default_domain	0xe	11	0	0	0
2103	0x50b695a	_mypid.12	0xe	6	0	0	0
2104	0x50740de	_newborn	0xe	1	0	0	0
2105	0x507412e	_check_binding	0xe	1	0	0	0
2106	0x50741c6	_check_pmap_up	0xe	1	0	0	0
2107	0x5074268	_check_binder_up	0xe	1	0	0	0
2108	0x5074352	_talk2_pmap	0xe	1	0	0	0
2109	0x5074458	_talk2_binder	0xe	1	0	0	0
2110	0x5074624	_get_binder_port	0xe	1	0	0	0
2111	0x5074672	_load_dom_binding	0xe	1	0	0	0
2112	0x50747e2	_talk2_server	0xe	1	0	0	0
2113	0x50b69a0	_ypsymbol_prefix	0xe	6	0	0	0
2114	0x50b69a4	_ypsymbol_prefix_length	0xe	6	0	0	0
2115	0x5074a12	_v2dofirst	0xe	1	0	0	0
2116	0x5074b6c	_v1dofirst	0xe	1	0	0	0
2117	0x5074e20	_v2donext	0xe	1	0	0	0
2118	0x5074f86	_v1donext	0xe	1	0	0	0
2119	0x5075168	_v1filter	0xe	1	0	0	0
2120	0x50752d0	_v2domaster	0xe	1	0	0	0
2121	0x50753a4	_v1domaster	0xe	1	0	0	0
2122	0x50754ca	_detachnode	0xe	1	0	0	0
2123	0x50bbb7e	_head	0xe	11	0	0	0
2124	0x50754f6	_freenode	0xe	1	0	0	0
2125	0x5075566	_makenode	0xe	1	0	0	0
2126	0x507586a	_v2domatch	0xe	1	0	0	0
2127	0x507596e	_v1domatch	0xe	1	0	0	0
2128	0x5075b40	_v2doorder	0xe	1	0	0	0
2129	0x5075be6	_v1doorder	0xe	1	0	0	0
2130	0x50b69d0	_bb_head	0xe	6	0	0	0
2131	0x5075e00	_num_digits	0xe	1	0	0	0
2132	0x50b69d4	___new_handler	0xe	6	0	0	0
2133	0x5076f7c	_default_new_handler	0xe	1	0	0	0
2134	0x50b39ac	___clz_tab	0xe	4	0	0	0
2135	0x5077dc4	_log2	0xe	1	0	0	0
2136	0x5077c6e	_exp2m1	0xe	1	0	0	0
2137	0x50b69dc	_protoPrototype	0xe	6	0	0	0
2138	0x50b69ec	_prototypes	0xe	6	0	0	0
2139	0x5077bd4	_bootstrap	0xe	1	0	0	0
2140	0x5077c80	_freeBucketPairs	0xe	1	0	0	0
2141	0x5006186	_freeBuckets	0xe	1	0	0	0
2142	0x5005416	__NXHashRehash	0xe	1	0	0	0
2143	0x50b69f0	_uniqueStrings	0xe	6	0	0	0
2144	0x50b69f4	_accessUniqueString	0xe	6	0	0	0
2145	0x50b69f8	_zone	0xe	6	0	0	0
2146	0x50b69fc	_zoneSize	0xe	6	0	0	0
2147	0x50b6a00	_lock	0xe	6	0	0	0
2148	0x5077394	_CopyIntoReadOnly	0xe	1	0	0	0
2149	0x5078144	_log2	0xe	1	0	0	0
2150	0x50b6a08	_protoPrototype	0xe	6	0	0	0
2151	0x50b6a18	_prototypes	0xe	6	0	0	0
2152	0x50b6a1c	_mapSearch	0xe	6	0	0	0
2153	0x50b6a20	_mapSearchHit	0xe	6	0	0	0
2154	0x50b6a24	_mapSearchLoop	0xe	6	0	0	0
2155	0x50b6a28	_mapRehash	0xe	6	0	0	0
2156	0x50b6a2c	_mapRehashSum	0xe	6	0	0	0
2157	0x50043c2	__NXMapRehash	0xe	1	0	0	0
2158	0x50b6a30	_mapInsert	0xe	6	0	0	0
2159	0x50b6a34	_mapInsertHit	0xe	6	0	0	0
2160	0x50b6a38	_mapInsertLoop	0xe	6	0	0	0
2161	0x50b6a3c	_mapRemove	0xe	6	0	0	0
2162	0x50b6a40	__class_uncache	0xe	6	0	0	0
2163	0x50b6a44	__class_slow_grow	0xe	6	0	0	0
2164	0x50b3aac	__errNoMem	0xe	4	0	0	0
2165	0x50b3acc	__errAllocNil	0xe	4	0	0	0
2166	0x50b3ae2	__errFreedObject	0xe	4	0	0	0
2167	0x50b3b08	__errNonExistentObject	0xe	4	0	0	0
2168	0x50b3b35	__errBadSel	0xe	4	0	0	0
2169	0x50b3b49	__errNotSuper	0xe	4	0	0	0
2170	0x50b3b79	__errNewVars	0xe	4	0	0	0
2171	0x50b6a48	_cacheUpdateLock	0xe	6	0	0	0
2172	0x50b6a50	_cacheCollectionLock	0xe	6	0	0	0
2173	0x50b8484	_freedObjectClass	0xe	10	0	0	0
2174	0x50b84ac	_nonexistentObjectClass	0xe	10	0	0	0
2175	0x50791e4	_class_getVariable	0xe	1	0	0	0
2176	0x507958c	_flush_caches	0xe	1	0	0	0
2177	0x50b6a60	_posed_class_hash	0xe	6	0	0	0
2178	0x50b6a64	_posed_class_to_original_class_hash	0xe	6	0	0	0
2179	0x5078f58	_addClassToOriginalClass	0xe	1	0	0	0
2180	0x5078e10	__objc_addOrigClass	0xe	1	0	0	0
2181	0x5078cb2	__freedHandler	0xe	1	0	0	0
2182	0x5078dd6	__nonexistentHandler	0xe	1	0	0	0
2183	0x5005f04	_class_initialize	0xe	1	0	0	0
2184	0x50798bc	_objc_malloc	0xe	1	0	0	0
2185	0x5003e68	__cache_expand	0xe	1	0	0	0
2186	0x50b6a68	_totalCacheFills	0xe	6	0	0	0
2187	0x50b6a6c	_objcInstrumentationFD	0xe	6	0	0	0
2188	0x50b6a70	_objcInstrumentationOn	0xe	6	0	0	0
2189	0x50b6a72	_traceDuplicates	0xe	6	0	0	0
2190	0x50b6a76	_traceDuplicatesVerbose	0xe	6	0	0	0
2191	0x50b6a7a	_cacheFillDuplicates	0xe	6	0	0	0
2192	0x500266c	__cache_fill	0xe	1	0	0	0
2193	0x50781e8	__cache_flush	0xe	1	0	0	0
2194	0x5078166	_SubTypeUntil	0xe	1	0	0	0
2195	0x500522a	_SkipFirstType	0xe	1	0	0	0
2196	0x50b6a7e	__objc_zone.174	0xe	6	0	0	0
2197	0x5078d80	__get_pc_for_thread	0xe	1	0	0	0
2198	0x50056bc	__collecting_in_critical	0xe	1	0	0	0
2199	0x50b6a82	_garbage_byte_size	0xe	6	0	0	0
2200	0x50b6a86	_garbage_threshold	0xe	6	0	0	0
2201	0x50b6a8a	_garbage_refs	0xe	6	0	0	0
2202	0x50b6a8e	_garbage_count	0xe	6	0	0	0
2203	0x50b6a92	_garbage_max	0xe	6	0	0	0
2204	0x50b6a96	_first.181	0xe	6	0	0	0
2205	0x5078cec	__garbage_make_room	0xe	1	0	0	0
2206	0x50044d4	__cache_collect_free	0xe	1	0	0	0
2207	0x5078250	__cache_print	0xe	1	0	0	0
2208	0x50796fc	_log2	0xe	1	0	0	0
2209	0x5079cba	__getExecHeader	0xe	1	0	0	0
2210	0x5079dcc	_send_unload_message_to_class	0xe	1	0	0	0
2211	0x5079e14	_send_unload_message_to_category	0xe	1	0	0	0
2212	0x5079e7c	__objc_fixup_string_objects_from_header	0xe	1	0	0	0
2213	0x5079eda	_objc_registerModule	0xe	1	0	0	0
2214	0x507a3f2	_objc_unregisterModule	0xe	1	0	0	0
2215	0x50b6ac6	_loadLock	0xe	6	0	0	0
2216	0x50b6adc	_header_vector	0xe	6	0	0	0
2217	0x50b6ae0	_header_count	0xe	6	0	0	0
2218	0x50b6ae4	_class_hash	0xe	6	0	0	0
2219	0x5002ba2	_classHash	0xe	1	0	0	0
2220	0x5004022	_classIsEqual	0xe	1	0	0	0
2221	0x50b6af0	_classHashPrototype	0xe	6	0	0	0
2222	0x507ad38	__objc_defaultClassHandler	0xe	1	0	0	0
2223	0x50b6b00	_objc_classHandler	0xe	6	0	0	0
2224	0x50bbb86	_module_vector	0xe	11	0	0	0
2225	0x50bbb82	_module_count	0xe	11	0	0	0
2226	0x507aafe	__objcTweakMethodListPointerForClass	0xe	1	0	0	0
2227	0x50b6b04	_category_hash	0xe	6	0	0	0
2228	0x507b748	__objc_resolve_categories_for_class	0xe	1	0	0	0
2229	0x507b4ac	__objc_register_category	0xe	1	0	0	0
2230	0x507ab6c	__objc_add_categories_from_image	0xe	1	0	0	0
2231	0x507a778	__headerForClass	0xe	1	0	0	0
2232	0x507b7c4	__resolveClassConflict	0xe	1	0	0	0
2233	0x50b6b08	_pended_map_selectors_index	0xe	6	0	0	0
2234	0x50b6b0c	_map_selectors_pended	0xe	6	0	0	0
2235	0x507bfd0	_pend_map_selectors	0xe	1	0	0	0
2236	0x50b6b10	_pendingClassRefsMap	0xe	6	0	0	0
2237	0x507b894	_checkForPendingClassReferences	0xe	1	0	0	0
2238	0x507ae74	__objc_get_classes_from_image	0xe	1	0	0	0
2239	0x507ae08	__objc_fixup_string_objects_for_image	0xe	1	0	0	0
2240	0x507b174	__objc_map_class_refs_for_image	0xe	1	0	0	0
2241	0x507ad42	__objc_fixup_protocol_objects_for_image	0xe	1	0	0	0
2242	0x507b92c	_compareHeaders	0xe	1	0	0	0
2243	0x50b6b14	_categoryMethodMap	0xe	6	0	0	0
2244	0x50b6b18	_classMethodMap	0xe	6	0	0	0
2245	0x507b420	__objc_registerMethodListFromCategory	0xe	1	0	0	0
2246	0x50059b0	__objc_registerMethodListFromClass	0xe	1	0	0	0
2247	0x50b6b1c	_rocketLaunching	0xe	6	0	0	0
2248	0x507bb8c	_libraryNameForMachHeader	0xe	1	0	0	0
2249	0x507c010	_undo_preuniqing_for_image	0xe	1	0	0	0
2250	0x5003230	__objc_fixup_selector_refs	0xe	1	0	0	0
2251	0x507bfec	_sortedRefsSize	0xe	1	0	0	0
2252	0x507b852	_backrefsSectionComparator	0xe	1	0	0	0
2253	0x507b964	_do_pended_map_selectors	0xe	1	0	0	0
2254	0x50bbb8a	_pended_map_selectors	0xe	11	0	0	0
2255	0x50058d4	__objc_call_loads_for_image	0xe	1	0	0	0
2256	0x507b1e2	__objc_map_image_callback	0xe	1	0	0	0
2257	0x507b16c	__objc_link_module_callback	0xe	1	0	0	0
2258	0x507b7a4	__objc_unlink_module_callback	0xe	1	0	0	0
2259	0x50b3e3c	_sentinel	0xe	4	0	0	0
2260	0x50b6b2c	_dynamicHashTable	0xe	6	0	0	0
2261	0x50b6b50	_hashTableChain	0xe	6	0	0	0
2262	0x50b6b54	_selectorLock	0xe	6	0	0	0
2263	0x500662c	_objc_malloc	0xe	1	0	0	0
2264	0x50b6b5c	_HASH_alloc_list.82	0xe	6	0	0	0
2265	0x50b6b60	_HASH_alloc_index.83	0xe	6	0	0	0
2266	0x50b6b64	_relativeTo	0xe	6	0	0	0
2267	0x507c920	_comparator	0xe	1	0	0	0
2268	0x507c94e	_fixupEntryForSelector	0xe	1	0	0	0
2269	0x507c98c	_selRefForFixupEntryInTable	0xe	1	0	0	0
2270	0x50b3e40	__errNoMem	0xe	4	0	0	0
2271	0x50b3e60	__errReAllocNil	0xe	4	0	0	0
2272	0x50b3e78	__errReAllocFreed	0xe	4	0	0	0
2273	0x50b3e92	__errReAllocTooSmall	0xe	4	0	0	0
2274	0x50b3eb4	__errShouldHaveImp	0xe	4	0	0	0
2275	0x50b3edd	__errShouldNotImp	0xe	4	0	0	0
2276	0x50b3f0a	__errLeftUndone	0xe	4	0	0	0
2277	0x50b3f26	__errBadSel	0xe	4	0	0	0
2278	0x50b3f4a	__errDoesntRecognize	0xe	4	0	0	0
2279	0x507cc3c	+[Object initialize]	0xe	1	0	0	0
2280	0x507cd5c	-[Object awake]	0xe	1	0	0	0
2281	0x507ccde	+[Object poseAs:]	0xe	1	0	0	0
2282	0x507cc96	+[Object new]	0xe	1	0	0	0
2283	0x507cab4	+[Object alloc]	0xe	1	0	0	0
2284	0x507ca8c	+[Object allocFromZone:]	0xe	1	0	0	0
2285	0x507cff4	-[Object init]	0xe	1	0	0	0
2286	0x507d17a	-[Object name]	0xe	1	0	0	0
2287	0x507cc86	+[Object name]	0xe	1	0	0	0
2288	0x507cfe6	-[Object hash]	0xe	1	0	0	0
2289	0x507d000	-[Object isEqual:]	0xe	1	0	0	0
2290	0x507cfc4	-[Object free]	0xe	1	0	0	0
2291	0x507cc32	+[Object free]	0xe	1	0	0	0
2292	0x507d3a2	-[Object self]	0xe	1	0	0	0
2293	0x507cd68	-[Object class]	0xe	1	0	0	0
2294	0x507cae6	+[Object class]	0xe	1	0	0	0
2295	0x507d470	-[Object zone]	0xe	1	0	0	0
2296	0x507cd3c	+[Object superclass]	0xe	1	0	0	0
2297	0x507d452	-[Object superclass]	0xe	1	0	0	0
2298	0x507cd4c	+[Object version]	0xe	1	0	0	0
2299	0x507cd04	+[Object setVersion:]	0xe	1	0	0	0
2300	0x507d016	-[Object isKindOf:]	0xe	1	0	0	0
2301	0x507d0aa	-[Object isMemberOf:]	0xe	1	0	0	0
2302	0x507d03e	-[Object isKindOfClassNamed:]	0xe	1	0	0	0
2303	0x507d0c2	-[Object isMemberOfClassNamed:]	0xe	1	0	0	0
2304	0x5004cbc	+[Object instancesRespondTo:]	0xe	1	0	0	0
2305	0x507d388	-[Object respondsTo:]	0xe	1	0	0	0
2306	0x507cdca	-[Object copy]	0xe	1	0	0	0
2307	0x507cda2	-[Object copyFromZone:]	0xe	1	0	0	0
2308	0x507d162	-[Object methodFor:]	0xe	1	0	0	0
2309	0x507cc70	+[Object instanceMethodFor:]	0xe	1	0	0	0
2310	0x507d1cc	-[Object perform:]	0xe	1	0	0	0
2311	0x507d220	-[Object perform:with:]	0xe	1	0	0	0
2312	0x507d278	-[Object perform:with:with:]	0xe	1	0	0	0
2313	0x507d3ee	-[Object subclassResponsibility:]	0xe	1	0	0	0
2314	0x507d18c	-[Object notImplemented:]	0xe	1	0	0	0
2315	0x507cee8	-[Object doesNotRecognize:]	0xe	1	0	0	0
2316	0x507cf38	-[Object error:]	0xe	1	0	0	0
2317	0x507d338	-[Object printForDebugger:]	0xe	1	0	0	0
2318	0x507d464	-[Object write:]	0xe	1	0	0	0
2319	0x507d37c	-[Object read:]	0xe	1	0	0	0
2320	0x507cf9c	-[Object forward::]	0xe	1	0	0	0
2321	0x507d110	-[Object methodArgSize:]	0xe	1	0	0	0
2322	0x507d2d4	-[Object performv::]	0xe	1	0	0	0
2323	0x507cd76	-[Object conformsTo:]	0xe	1	0	0	0
2324	0x507caf2	+[Object conformsTo:]	0xe	1	0	0	0
2325	0x507ce08	-[Object descriptionForMethod:]	0xe	1	0	0	0
2326	0x507cb70	+[Object descriptionForInstanceMethod:]	0xe	1	0	0	0
2327	0x507cd18	+[Object superClass]	0xe	1	0	0	0
2328	0x507d42e	-[Object superClass]	0xe	1	0	0	0
2329	0x507d080	-[Object isKindOfGivenName:]	0xe	1	0	0	0
2330	0x507d0e6	-[Object isMemberOfGivenName:]	0xe	1	0	0	0
2331	0x507d13a	-[Object methodDescFor:]	0xe	1	0	0	0
2332	0x507cc48	+[Object instanceMethodDescFor:]	0xe	1	0	0	0
2333	0x507cf7a	-[Object findClass:]	0xe	1	0	0	0
2334	0x507d3ae	-[Object shouldNotImplement:]	0xe	1	0	0	0
2335	0x507d752	_fixup_classes	0xe	1	0	0	0
2336	0x507d838	+[Protocol _fixup:numElements:]	0xe	1	0	0	0
2337	0x507d8c6	+[Protocol load]	0xe	1	0	0	0
2338	0x507d936	-[Protocol conformsTo:]	0xe	1	0	0	0
2339	0x507d9c4	-[Protocol descriptionForInstanceMethod:]	0xe	1	0	0	0
2340	0x507da04	-[Protocol descriptionForClassMethod:]	0xe	1	0	0	0
2341	0x507da44	-[Protocol name]	0xe	1	0	0	0
2342	0x507da54	-[Protocol isEqual:]	0xe	1	0	0	0
2343	0x507dad4	-[Protocol hash]	0xe	1	0	0	0
2344	0x507dade	_lookup_method	0xe	1	0	0	0
2345	0x507db12	_lookup_instance_method	0xe	1	0	0	0
2346	0x507db78	_lookup_class_method	0xe	1	0	0	0
2347	0x507dc04	_call_constructors	0xe	1	0	0	0
2348	0x507dc44	_call_destructors	0xe	1	0	0	0
2349	0x507dc84	_call_routines_for_section	0xe	1	0	0	0
2350	0x50b6b70	_ErrorBufferSize	0xe	6	0	0	0
2351	0x50b6b74	_BaseAltHandlers	0xe	6	0	0	0
2352	0x50b6c34	_Base	0xe	6	0	0	0
2353	0x50b6c4c	_Lock	0xe	6	0	0	0
2354	0x507e01c	_addme	0xe	1	0	0	0
2355	0x507dfb2	__NXClearExceptionStack	0xe	1	0	0	0
2356	0x507e0b2	_trickyRemoveHandler	0xe	1	0	0	0
2357	0x50b6c54	_ExceptionRaiser	0xe	6	0	0	0
2358	0x50b6c58	_ErrorBuffer	0xe	6	0	0	0
2359	0x50b6c5c	_ErrorBufferOffset	0xe	6	0	0	0
2360	0x50b6c60	_mylock.26	0xe	6	0	0	0
2361	0x50b6c6c	_hasTerm.2	0xe	6	0	0	0
2362	0x507e218	_hasTerminal	0xe	1	0	0	0
2363	0x4	self	0x2	0	0	0	0
2364	0x8	selector	0x2	0	0	0	0
2365	0x20	cache	0x2	0	0	0	0
2366	0x8	buckets	0x2	0	0	0	0
2367	0x8	method_imp	0x2	0	0	0	0
2368	0x4	caller	0x2	0	0	0	0
2369	0xc	size	0x2	0	0	0	0
2370	0x10	args	0x2	0	0	0	0
2371	0x507e33e	_log2	0xe	1	0	0	0
2372	0x507e360	_exp2m1	0xe	1	0	0	0
2373	0x507e372	_hash	0xe	1	0	0	0
2374	0x507e416	_isEqual	0xe	1	0	0	0
2375	0x507e4a8	_freeObject	0xe	1	0	0	0
2376	0x507e4cc	_noFree	0xe	1	0	0	0
2377	0x507e4d4	+[HashTable initialize]	0xe	1	0	0	0
2378	0x507e506	-[HashTable _initBare:::]	0xe	1	0	0	0
2379	0x507e558	+[HashTable _newBare:::]	0xe	1	0	0	0
2380	0x507e5aa	-[HashTable initKeyDesc:valueDesc:]	0xe	1	0	0	0
2381	0x507e5da	-[HashTable initKeyDesc:]	0xe	1	0	0	0
2382	0x507e604	-[HashTable init]	0xe	1	0	0	0
2383	0x507e62a	-[HashTable initKeyDesc:valueDesc:capacity:]	0xe	1	0	0	0
2384	0x507e69e	+[HashTable newKeyDesc:valueDesc:capacity:]	0xe	1	0	0	0
2385	0x507e6f0	+[HashTable newKeyDesc:valueDesc:]	0xe	1	0	0	0
2386	0x507e720	+[HashTable newKeyDesc:]	0xe	1	0	0	0
2387	0x507e74a	+[HashTable new]	0xe	1	0	0	0
2388	0x507e770	-[HashTable free]	0xe	1	0	0	0
2389	0x507e7d6	-[HashTable freeObjects]	0xe	1	0	0	0
2390	0x507e838	-[HashTable freeKeys:values:]	0xe	1	0	0	0
2391	0x507e8b6	-[HashTable empty]	0xe	1	0	0	0
2392	0x507e904	-[HashTable copyFromZone:]	0xe	1	0	0	0
2393	0x507e9c4	-[HashTable count]	0xe	1	0	0	0
2394	0x507e9d4	-[HashTable isKey:]	0xe	1	0	0	0
2395	0x507ea46	-[HashTable valueForKey:]	0xe	1	0	0	0
2396	0x507eaba	-[HashTable _insertKeyNoRehash:value:]	0xe	1	0	0	0
2397	0x507ebb0	-[HashTable insertKey:value:]	0xe	1	0	0	0
2398	0x507ed0a	-[HashTable removeKey:]	0xe	1	0	0	0
2399	0x507ee3a	-[HashTable initState]	0xe	1	0	0	0
2400	0x507ee4c	-[HashTable nextState:key:value:]	0xe	1	0	0	0
2401	0x507eeae	-[HashTable write:]	0xe	1	0	0	0
2402	0x507ef72	-[HashTable read:]	0xe	1	0	0	0
2403	0x507f0ba	_DebugPrint	0xe	1	0	0	0
2404	0x507f152	-[HashTable printForDebugger:]	0xe	1	0	0	0
2405	0x507f256	-[HashTable _debugPrint:]	0xe	1	0	0	0
2406	0x507f288	+[List initialize]	0xe	1	0	0	0
2407	0x507f2ba	-[List initCount:]	0xe	1	0	0	0
2408	0x507f314	+[List newCount:]	0xe	1	0	0	0
2409	0x507f35e	+[List new]	0xe	1	0	0	0
2410	0x507f384	-[List init]	0xe	1	0	0	0
2411	0x507f3aa	-[List free]	0xe	1	0	0	0
2412	0x507f3f0	-[List freeObjects]	0xe	1	0	0	0
2413	0x507f438	-[List copyFromZone:]	0xe	1	0	0	0
2414	0x507f4ae	-[List isEqual:]	0xe	1	0	0	0
2415	0x507f522	-[List capacity]	0xe	1	0	0	0
2416	0x507f532	-[List count]	0xe	1	0	0	0
2417	0x507f542	-[List objectAt:]	0xe	1	0	0	0
2418	0x507f564	-[List indexOf:]	0xe	1	0	0	0
2419	0x507f5a2	-[List lastObject]	0xe	1	0	0	0
2420	0x507f5c4	-[List setAvailableCapacity:]	0xe	1	0	0	0
2421	0x507f626	-[List insertObject:at:]	0xe	1	0	0	0
2422	0x507f6d2	-[List addObject:]	0xe	1	0	0	0
2423	0x507f700	-[List addObjectIfAbsent:]	0xe	1	0	0	0
2424	0x507f754	-[List removeObjectAt:]	0xe	1	0	0	0
2425	0x507f79c	-[List removeObject:]	0xe	1	0	0	0
2426	0x507f7ee	-[List removeLastObject]	0xe	1	0	0	0
2427	0x507f826	-[List empty]	0xe	1	0	0	0
2428	0x507f838	-[List replaceObject:with:]	0xe	1	0	0	0
2429	0x507f878	-[List replaceObjectAt:with:]	0xe	1	0	0	0
2430	0x507f8a4	-[List write:]	0xe	1	0	0	0
2431	0x507f91a	-[List read:]	0xe	1	0	0	0
2432	0x507fa06	-[List makeObjectsPerform:]	0xe	1	0	0	0
2433	0x507fa58	-[List makeObjectsPerform:with:]	0xe	1	0	0	0
2434	0x507fab0	-[List appendList:]	0xe	1	0	0	0
2435	0x507fb18	_warning	0xe	1	0	0	0
2436	0x50b6c86	_bundleTable	0xe	6	0	0	0
2437	0x50b6c8a	_mainBundleStringTableTable	0xe	6	0	0	0
2438	0x50b6c8e	_classToBundle	0xe	6	0	0	0
2439	0x50b6c92	_mainBundle	0xe	6	0	0	0
2440	0x50b6c96	_pathToBundle	0xe	6	0	0	0
2441	0x507fb20	-[NXBundle initForDirectory:]	0xe	1	0	0	0
2442	0x507fc48	-[NXBundle free]	0xe	1	0	0	0
2443	0x507fcaa	+[NXBundle mainBundle]	0xe	1	0	0	0
2444	0x507fd60	+[NXBundle bundleForClass:]	0xe	1	0	0	0
2445	0x507fdae	-[NXBundle directory]	0xe	1	0	0	0
2446	0x50b6c9a	_globalPrincipalClass	0xe	6	0	0	0
2447	0x50b6c9e	_globalBundle	0xe	6	0	0	0
2448	0x507fdbe	_loadCallback	0xe	1	0	0	0
2449	0x50b6ca2	_bundleErrorStream	0xe	6	0	0	0
2450	0x507fe66	+[NXBundle setErrorStream:]	0xe	1	0	0	0
2451	0x507fe86	-[NXBundle ensureLoaded]	0xe	1	0	0	0
2452	0x5080088	-[NXBundle classNamed:]	0xe	1	0	0	0
2453	0x50800c0	-[NXBundle principalClass]	0xe	1	0	0	0
2454	0x50800f8	-[NXBundle setVersion:]	0xe	1	0	0	0
2455	0x508010c	-[NXBundle version]	0xe	1	0	0	0
2456	0x50b6ca6	_systemHasLanguages	0xe	6	0	0	0
2457	0x50b6ca8	_systemLanguages	0xe	6	0	0	0
2458	0x508011c	_getDefaultSystemLanguages	0xe	1	0	0	0
2459	0x5080254	_readLprojVersion	0xe	1	0	0	0
2460	0x50802de	_addExtension	0xe	1	0	0	0
2461	0x5080354	_addDirectoryEntriesTo	0xe	1	0	0	0
2462	0x50b6cac	_lprojTable.112	0xe	6	0	0	0
2463	0x5080404	_isFileInValidLproj	0xe	1	0	0	0
2464	0x5080604	_getPathToNextLibraryLanguages	0xe	1	0	0	0
2465	0x5080766	+[NXBundle getPath:forResource:ofType:inDirectory:withVersion:]	0xe	1	0	0	0
2466	0x5080852	-[NXBundle getPath:forResource:ofType:]	0xe	1	0	0	0
2467	0x50808a0	+[NXBundle setSystemLanguages:]	0xe	1	0	0	0
2468	0x50b6cb0	_LocalizedStringZone.123	0xe	6	0	0	0
2469	0x5080bda	-[NXBundle(Compatability) initForPath:]	0xe	1	0	0	0
2470	0x5080c02	-[NXBundle(Compatability) path]	0xe	1	0	0	0
2471	0x5080c26	+[NXBundle(Compatability) forClass:]	0xe	1	0	0	0
2472	0x5080c4e	+[NXBundle(Compatability) newFromPath:]	0xe	1	0	0	0
2473	0x5080c88	-[NXBundle(Compatability) initFromPath:]	0xe	1	0	0	0
2474	0x5080cb0	-[NXBundle(Compatability) bundlePath]	0xe	1	0	0	0
2475	0x5080cd4	-[NXBundle(Compatability) codeLoaded]	0xe	1	0	0	0
2476	0x5080ce6	-[NXBundle(Compatability) firstClass]	0xe	1	0	0	0
2477	0x5080d0a	-[NXBundle(Compatability) getResourcePath:forName:type:]	0xe	1	0	0	0
2478	0x5080d3c	-[NXBundle(Compatability) getClass:]	0xe	1	0	0	0
2479	0x5080d64	-[NXBundle(Compatability) classForName:]	0xe	1	0	0	0
2480	0x5080d8c	_noFree	0xe	1	0	0	0
2481	0x5080d94	_freeObjects	0xe	1	0	0	0
2482	0x5080dd0	+[NXBundle(Private) _invalidateLprojCache]	0xe	1	0	0	0
2483	0x5080e58	-[NXCharacterSet init]	0xe	1	0	0	0
2484	0x5080ed6	-[NXCharacterSet characterIsMember:]	0xe	1	0	0	0
2485	0x5080f08	-[NXCharacterSet addCharacters:length:]	0xe	1	0	0	0
2486	0x5080f58	-[NXCharacterSet removeCharacters:length:]	0xe	1	0	0	0
2487	0x5080faa	-[NXCharacterSet addRange::]	0xe	1	0	0	0
2488	0x5080ff4	-[NXCharacterSet removeRange::]	0xe	1	0	0	0
2489	0x5081040	-[NXCharacterSet invert]	0xe	1	0	0	0
2490	0x508105c	-[NXCharacterSet unionWith:]	0xe	1	0	0	0
2491	0x508108a	-[NXCharacterSet intersectWith:]	0xe	1	0	0	0
2492	0x50810b8	-[NXCharacterSet copyFromZone:]	0xe	1	0	0	0
2493	0x508111c	-[NXCharacterSet free]	0xe	1	0	0	0
2494	0x5081162	-[NXCharacterSet write:]	0xe	1	0	0	0
2495	0x50811bc	-[NXCharacterSet read:]	0xe	1	0	0	0
2496	0x5081216	-[NXMutableString(NX_BS_Extras) appendCharacters:length:]	0xe	1	0	0	0
2497	0x508128c	-[Object(NX_BS_Extras) writeToStream:]	0xe	1	0	0	0
2498	0x50812b4	_freeKeyAndValue	0xe	1	0	0	0
2499	0x50812ec	-[NXPropertyList init]	0xe	1	0	0	0
2500	0x5081348	-[NXPropertyList free]	0xe	1	0	0	0
2501	0x5081396	-[NXPropertyList count]	0xe	1	0	0	0
2502	0x50813ac	-[NXPropertyList member:]	0xe	1	0	0	0
2503	0x50813d4	-[NXPropertyList get:]	0xe	1	0	0	0
2504	0x50813ee	-[NXPropertyList insert:value:]	0xe	1	0	0	0
2505	0x5081474	-[NXPropertyList remove:]	0xe	1	0	0	0
2506	0x50814d0	-[NXPropertyList empty]	0xe	1	0	0	0
2507	0x50814ee	-[NXPropertyList initEnumeration]	0xe	1	0	0	0
2508	0x5081504	-[NXPropertyList enumerate:key:value:]	0xe	1	0	0	0
2509	0x508152e	-[NXPropertyList(Basic_IO) initFromStream:]	0xe	1	0	0	0
2510	0x5081658	-[NXPropertyList(Basic_IO) initFromPath:]	0xe	1	0	0	0
2511	0x5081782	-[NXPropertyList(Basic_IO) writeToStream:]	0xe	1	0	0	0
2512	0x50817c8	-[NXPropertyList(Basic_IO) writeToPath:safely:]	0xe	1	0	0	0
2513	0x50818ae	-[NXPropertyList(Basic_IO) writeToPath:]	0xe	1	0	0	0
2514	0x50818dc	_NXGetNonSpace	0xe	1	0	0	0
2515	0x5081a94	_NXGetSlashedChar	0xe	1	0	0	0
2516	0x5081d7c	_readValue	0xe	1	0	0	0
2517	0x5081e54	_writeSpaces	0xe	1	0	0	0
2518	0x5081efc	-[NXCleanList free]	0xe	1	0	0	0
2519	0x5081f48	-[NXPropertyList(Fancy_IO) initFromStream:context:]	0xe	1	0	0	0
2520	0x50820f0	-[NXPropertyList(Fancy_IO) writeToStream:context:]	0xe	1	0	0	0
2521	0x5082332	-[NXPropertyList(Fancy_IO) initFromPath:context:]	0xe	1	0	0	0
2522	0x5082444	-[NXCleanList(Fancy_IO) initFromStream:context:]	0xe	1	0	0	0
2523	0x508254e	-[NXCleanList(Fancy_IO) writeToStream:context:]	0xe	1	0	0	0
2524	0x5082664	-[NXString(Fancy_IO) initFromStream:context:]	0xe	1	0	0	0
2525	0x5082936	-[NXString(Fancy_IO) writeToStream:context:]	0xe	1	0	0	0
2526	0x5082b70	_hashString	0xe	1	0	0	0
2527	0x5082b94	_isEqualString	0xe	1	0	0	0
2528	0x5082bbe	_freeString	0xe	1	0	0	0
2529	0x5082be2	-[NXReadOnlyString(Fancy_IO) initFromStream:context:]	0xe	1	0	0	0
2530	0x5082cde	-[Object(Fancy_IO) writeToStream:context:]	0xe	1	0	0	0
2531	0x5082d06	-[NXConstantString initFromCharactersNoCopy:length:]	0xe	1	0	0	0
2532	0x5082d2e	-[NXConstantString copyFromZone:]	0xe	1	0	0	0
2533	0x5082d3a	-[NXConstantString free]	0xe	1	0	0	0
2534	0x5082d44	-[NXConstantString _reallyFree]	0xe	1	0	0	0
2535	0x5082d78	-[NXConstantString finishUnarchiving]	0xe	1	0	0	0
2536	0x5082dd4	-[NXMutableString replaceCharactersInRange:withString:]	0xe	1	0	0	0
2537	0x5082dfc	-[NXMutableString insertString:at:]	0xe	1	0	0	0
2538	0x5082e2e	-[NXMutableString appendString:]	0xe	1	0	0	0
2539	0x5082e76	-[NXMutableString deleteCharactersInRange:]	0xe	1	0	0	0
2540	0x5082eaa	-[NXMutableString mutableCopyFromZone:]	0xe	1	0	0	0
2541	0x5082ed2	-[NXMutableString immutableCopyFromZone:]	0xe	1	0	0	0
2542	0x5082f14	-[NXMutableString replaceRange:with:]	0xe	1	0	0	0
2543	0x5082f44	-[NXMutableString replaceWith:]	0xe	1	0	0	0
2544	0x5082f8c	-[NXMutableString insert:at:]	0xe	1	0	0	0
2545	0x5082fb8	-[NXMutableString append:]	0xe	1	0	0	0
2546	0x5082fe0	-[NXMutableString deleteRange:]	0xe	1	0	0	0
2547	0x508300c	+[NXReadOnlyString alloc]	0xe	1	0	0	0
2548	0x5083050	+[NXReadOnlyString allocFromZone:]	0xe	1	0	0	0
2549	0x5083094	-[NXReadOnlyString initFromCharactersNoCopy:length:]	0xe	1	0	0	0
2550	0x50830c4	-[NXReadOnlyString initFromCharactersNoCopy:length:freeWhenDone:]	0xe	1	0	0	0
2551	0x5083120	-[NXReadOnlyString allocateCharacterBuffer:]	0xe	1	0	0	0
2552	0x5083156	-[NXReadOnlyString copyFromZone:]	0xe	1	0	0	0
2553	0x5083170	-[NXReadOnlyString copySubstring:fromZone:]	0xe	1	0	0	0
2554	0x5083220	-[NXReadOnlyString mutableCopyFromZone:]	0xe	1	0	0	0
2555	0x5083270	-[NXReadOnlyString free]	0xe	1	0	0	0
2556	0x50832c2	-[NXReadOnlyString finishUnarchiving]	0xe	1	0	0	0
2557	0x508331a	-[NXReadOnlyString write:]	0xe	1	0	0	0
2558	0x508337a	-[NXReadOnlyString read:]	0xe	1	0	0	0
2559	0x50833d6	-[NXReadOnlySubstring free]	0xe	1	0	0	0
2560	0x508342e	-[NXReadWriteString initFromCharactersNoCopy:length:]	0xe	1	0	0	0
2561	0x50b6cb4	_emptyReadOnlyString.4	0xe	6	0	0	0
2562	0x508345e	-[NXReadWriteString initFromCharactersNoCopy:length:freeWhenDone:]	0xe	1	0	0	0
2563	0x508354a	-[NXReadWriteString length]	0xe	1	0	0	0
2564	0x508355e	-[NXReadWriteString characterAt:]	0xe	1	0	0	0
2565	0x50835a6	-[NXReadWriteString allocateCharacterBuffer:]	0xe	1	0	0	0
2566	0x50835dc	-[NXReadWriteString getCharacters:range:]	0xe	1	0	0	0
2567	0x5083638	-[NXReadWriteString getCString:maxLength:range:remainingRange:]	0xe	1	0	0	0
2568	0x50836c4	-[NXReadWriteString compare:mask:table:]	0xe	1	0	0	0
2569	0x50836f8	-[NXReadWriteString findString:range:mask:table:]	0xe	1	0	0	0
2570	0x5083734	-[NXReadWriteString findCharacter:range:mask:table:]	0xe	1	0	0	0
2571	0x5083772	-[NXReadWriteString findOneOf:range:mask:table:]	0xe	1	0	0	0
2572	0x50837ae	-[NXReadWriteString hash]	0xe	1	0	0	0
2573	0x50837d6	-[NXReadWriteString replaceCharactersInRange:withString:]	0xe	1	0	0	0
2574	0x5083940	-[NXReadWriteString copyFromZone:]	0xe	1	0	0	0
2575	0x5083998	-[NXReadWriteString immutableCopyFromZone:]	0xe	1	0	0	0
2576	0x50839c4	-[NXReadWriteString free]	0xe	1	0	0	0
2577	0x5083a0c	-[NXReadWriteString write:]	0xe	1	0	0	0
2578	0x5083a5a	-[NXReadWriteString read:]	0xe	1	0	0	0
2579	0x5083aa8	-[NXReadWriteString finishUnarchiving]	0xe	1	0	0	0
2580	0x5083b00	-[NXSimpleReadOnlyString initFromCharactersNoCopy:length:]	0xe	1	0	0	0
2581	0x5083b50	-[NXSimpleReadOnlyString characterAt:]	0xe	1	0	0	0
2582	0x5083b90	-[NXSimpleReadOnlyString length]	0xe	1	0	0	0
2583	0x5083ba0	-[NXSimpleReadOnlyString getCharacters:range:]	0xe	1	0	0	0
2584	0x5083bf4	-[NXSimpleReadOnlyString getCString:maxLength:range:remainingRange:]	0xe	1	0	0	0
2585	0x50b6cb8	_simpleReadOnlyStringClass.12	0xe	6	0	0	0
2586	0x5083c78	-[NXSimpleReadOnlyString compare:mask:table:]	0xe	1	0	0	0
2587	0x5083d8c	-[NXSimpleReadOnlyString findString:range:mask:table:]	0xe	1	0	0	0
2588	0x5083e76	-[NXSimpleReadOnlyString findCharacter:range:mask:table:]	0xe	1	0	0	0
2589	0x5083eea	-[NXSimpleReadOnlyString findOneOf:range:mask:table:]	0xe	1	0	0	0
2590	0x5083f94	-[NXSimpleReadOnlyString copySubstring:fromZone:]	0xe	1	0	0	0
2591	0x5084048	-[NXSimpleReadOnlyString hash]	0xe	1	0	0	0
2592	0x5084080	-[NXSimpleReadOnlyString copyFromZone:]	0xe	1	0	0	0
2593	0x50840f0	-[NXSimpleReadOnlyString free]	0xe	1	0	0	0
2594	0x508413e	-[NXSimpleReadOnlyString write:]	0xe	1	0	0	0
2595	0x50841b4	-[NXSimpleReadOnlyString read:]	0xe	1	0	0	0
2596	0x50b6cbc	_theStringZone	0xe	6	0	0	0
2597	0x508425e	_objectPrintfProc	0xe	1	0	0	0
2598	0x508434e	+[NXString initialize]	0xe	1	0	0	0
2599	0x5084392	-[NXString allocateCharacterBuffer:]	0xe	1	0	0	0
2600	0x50843e2	-[NXString initFromCharactersNoCopy:length:]	0xe	1	0	0	0
2601	0x5084416	-[NXString init]	0xe	1	0	0	0
2602	0x508443e	-[NXString initFromCharacters:length:]	0xe	1	0	0	0
2603	0x5084494	-[NXString initFromString:]	0xe	1	0	0	0
2604	0x50844dc	-[NXString initFromString:range:]	0xe	1	0	0	0
2605	0x5084544	-[NXString initFromStream:untilOneOf:maxLength:]	0xe	1	0	0	0
2606	0x5084574	-[NXString initFromCStringStream:untilOneOf:maxLength:]	0xe	1	0	0	0
2607	0x5084862	-[NXString initFromFormat:]	0xe	1	0	0	0
2608	0x508488e	-[NXString initFromFormat:withArgList:]	0xe	1	0	0	0
2609	0x5084972	-[NXString initFromCString:]	0xe	1	0	0	0
2610	0x50849ac	-[NXString initFromCString:length:]	0xe	1	0	0	0
2611	0x5084a18	-[NXString getCString:]	0xe	1	0	0	0
2612	0x5084a6a	-[NXString getCString:maxLength:]	0xe	1	0	0	0
2613	0x5084abc	-[NXString getCString:maxLength:range:remainingRange:]	0xe	1	0	0	0
2614	0x5084b1e	-[NXString length]	0xe	1	0	0	0
2615	0x5084b48	-[NXString cStringLength]	0xe	1	0	0	0
2616	0x5084b6c	-[NXString cStringCopy]	0xe	1	0	0	0
2617	0x5084be2	-[NXString uniqueCStringCopy]	0xe	1	0	0	0
2618	0x5084c74	-[NXString characterAt:]	0xe	1	0	0	0
2619	0x5084c9e	-[NXString getCharacters:range:]	0xe	1	0	0	0
2620	0x5084cec	-[NXString getCharacters:]	0xe	1	0	0	0
2621	0x50b6cc0	_stringClass.134	0xe	6	0	0	0
2622	0x5084ed2	-[NXString isEqual:]	0xe	1	0	0	0
2623	0x5084f7c	-[NXString compare:]	0xe	1	0	0	0
2624	0x5084fa8	-[NXString compare:mask:table:]	0xe	1	0	0	0
2625	0x50850ae	-[NXString findString:]	0xe	1	0	0	0
2626	0x50850fa	-[NXString findString:range:mask:table:]	0xe	1	0	0	0
2627	0x5085264	-[NXString findCharacter:]	0xe	1	0	0	0
2628	0x50852b4	-[NXString findCharacter:range:mask:table:]	0xe	1	0	0	0
2629	0x5085348	-[NXString findOneOf:]	0xe	1	0	0	0
2630	0x5085394	-[NXString findOneOf:range:mask:table:]	0xe	1	0	0	0
2631	0x5085442	-[NXString hash]	0xe	1	0	0	0
2632	0x50854c2	-[NXString copySubstring:]	0xe	1	0	0	0
2633	0x508550a	-[NXString copySubstring:fromZone:]	0xe	1	0	0	0
2634	0x50855f4	-[NXString immutableCopy]	0xe	1	0	0	0
2635	0x5085632	-[NXString immutableCopyFromZone:]	0xe	1	0	0	0
2636	0x508565a	-[NXString mutableCopy]	0xe	1	0	0	0
2637	0x5085698	-[NXString mutableCopyFromZone:]	0xe	1	0	0	0
2638	0x50856da	-[NXString writeToStream:]	0xe	1	0	0	0
2639	0x5085702	-[NXString writeCStringToStream:]	0xe	1	0	0	0
2640	0x5085780	-[NXString printForDebugger:]	0xe	1	0	0	0
2641	0x5085842	-[NXString _print]	0xe	1	0	0	0
2642	0x5085928	-[NXString initFromStream:uptoLength:orUntilOneOf:]	0xe	1	0	0	0
2643	0x5085958	-[NXString initFromByteStream:uptoLength:orUntilOneOf:]	0xe	1	0	0	0
2644	0x5085988	-[NXString getCString:range:]	0xe	1	0	0	0
2645	0x50859c0	-[NXString getCString:length:]	0xe	1	0	0	0
2646	0x50859ec	-[NXString getCString:length:range:]	0xe	1	0	0	0
2647	0x5085a22	-[NXString compare:mask:]	0xe	1	0	0	0
2648	0x5085a50	-[NXString compare:mask:usingTable:]	0xe	1	0	0	0
2649	0x5085a80	-[NXString find:]	0xe	1	0	0	0
2650	0x5085aa8	-[NXString find:range:]	0xe	1	0	0	0
2651	0x5085adc	-[NXString find:mask:]	0xe	1	0	0	0
2652	0x5085b2c	-[NXString find:range:mask:usingTable:]	0xe	1	0	0	0
2653	0x5085b64	-[NXString findOneOf:range:]	0xe	1	0	0	0
2654	0x5085b98	-[NXString findOneOf:mask:]	0xe	1	0	0	0
2655	0x5085be8	-[NXString findOneOf:range:mask:usingTable:]	0xe	1	0	0	0
2656	0x5085c20	-[NXString findCharacter:range:]	0xe	1	0	0	0
2657	0x5085c58	-[NXString findCharacter:mask:]	0xe	1	0	0	0
2658	0x5085cac	-[NXString findCharacter:range:mask:usingTable:]	0xe	1	0	0	0
2659	0x5085ce8	-[NXString createCharacterBuffer:]	0xe	1	0	0	0
2660	0x5085d10	-[NXString writeBytesToStream:]	0xe	1	0	0	0
2661	0x5085d38	+[NXStringTable new]	0xe	1	0	0	0
2662	0x5085d6c	-[NXStringTable init]	0xe	1	0	0	0
2663	0x5085da0	_noFree	0xe	1	0	0	0
2664	0x5085da8	_freeString	0xe	1	0	0	0
2665	0x5085dba	-[NXStringTable free]	0xe	1	0	0	0
2666	0x5085e16	-[NXStringTable valueForStringKey:]	0xe	1	0	0	0
2667	0x5085e5e	_skipSpace	0xe	1	0	0	0
2668	0x5085ec0	_parseWord	0xe	1	0	0	0
2669	0x5086330	_writeWord	0xe	1	0	0	0
2670	0x5086936	-[NXStringTable readFromStream:]	0xe	1	0	0	0
2671	0x5086bd2	-[NXStringTable readFromFile:]	0xe	1	0	0	0
2672	0x5086c24	+[NXStringTable newFromStream:]	0xe	1	0	0	0
2673	0x5086c86	+[NXStringTable newFromFile:]	0xe	1	0	0	0
2674	0x5086ce2	-[NXStringTable writeToStream:]	0xe	1	0	0	0
2675	0x5086d94	-[NXStringTable writeToFile:]	0xe	1	0	0	0
2676	0x50b6cc4	_uniquedStringHashTable	0xe	6	0	0	0
2677	0x5086df6	+[NXUniquedString initialize]	0xe	1	0	0	0
2678	0x50bbbda	_stringLock	0xe	11	0	0	0
2679	0x5086e7e	+[NXUniquedString newFromString:]	0xe	1	0	0	0
2680	0x5086f80	+[NXUniquedString newFromCharacters:length:]	0xe	1	0	0	0
2681	0x5086ff8	-[NXUniquedString initFromCharactersNoCopy:length:]	0xe	1	0	0	0
2682	0x5087104	+[NXUniquedString allocFromZone:]	0xe	1	0	0	0
2683	0x5087148	+[NXUniquedString alloc]	0xe	1	0	0	0
2684	0x508718c	-[NXUniquedString free]	0xe	1	0	0	0
2685	0x5087196	-[NXUniquedString copyFromZone:]	0xe	1	0	0	0
2686	0x50b6cc8	_uniquedStringClass.18	0xe	6	0	0	0
2687	0x50871a2	-[NXUniquedString isEqual:]	0xe	1	0	0	0
2688	0x5087234	-[NXUniquedString finishUnarchiving]	0xe	1	0	0	0
2689	0x5087312	+[Storage initialize]	0xe	1	0	0	0
2690	0x5087396	+[Storage new]	0xe	1	0	0	0
2691	0x50875d0	-[Storage init]	0xe	1	0	0	0
2692	0x508754a	-[Storage initCount:elementSize:description:]	0xe	1	0	0	0
2693	0x5087344	+[Storage newCount:elementSize:description:]	0xe	1	0	0	0
2694	0x5087504	-[Storage free]	0xe	1	0	0	0
2695	0x50874f2	-[Storage empty]	0xe	1	0	0	0
2696	0x5087432	-[Storage copyFromZone:]	0xe	1	0	0	0
2697	0x50876ec	-[Storage isEqual:]	0xe	1	0	0	0
2698	0x5004d20	-[Storage setNumSlots:]	0xe	1	0	0	0
2699	0x50879d2	-[Storage setAvailableCapacity:]	0xe	1	0	0	0
2700	0x50874be	-[Storage description]	0xe	1	0	0	0
2701	0x50874ae	-[Storage count]	0xe	1	0	0	0
2702	0x50874ce	-[Storage elementAt:]	0xe	1	0	0	0
2703	0x508796e	-[Storage replace:at:]	0xe	1	0	0	0
2704	0x508799a	-[Storage replaceElementAt:with:]	0xe	1	0	0	0
2705	0x50873c8	-[Storage addElement:]	0xe	1	0	0	0
2706	0x5087932	-[Storage removeLastElement]	0xe	1	0	0	0
2707	0x5087602	-[Storage insert:at:]	0xe	1	0	0	0
2708	0x508762e	-[Storage insertElement:at:]	0xe	1	0	0	0
2709	0x508789c	-[Storage removeAt:]	0xe	1	0	0	0
2710	0x50878c4	-[Storage removeElementAt:]	0xe	1	0	0	0
2711	0x5087a76	-[Storage write:]	0xe	1	0	0	0
2712	0x5087766	-[Storage read:]	0xe	1	0	0	0
2713	0x5087af0	+[StreamTable newKeyDesc:]	0xe	1	0	0	0
2714	0x5087b30	+[StreamTable new]	0xe	1	0	0	0
2715	0x5087b5c	-[StreamTable initKeyDesc:]	0xe	1	0	0	0
2716	0x5087b8c	-[StreamTable init]	0xe	1	0	0	0
2717	0x5087bb8	_freePickle	0xe	1	0	0	0
2718	0x5087be0	_freePickleAndObject	0xe	1	0	0	0
2719	0x5087c22	_getObject	0xe	1	0	0	0
2720	0x5087c56	_freeObject	0xe	1	0	0	0
2721	0x5087c7a	_noFree	0xe	1	0	0	0
2722	0x5087c82	-[StreamTable free]	0xe	1	0	0	0
2723	0x5087cde	-[StreamTable freeObjects]	0xe	1	0	0	0
2724	0x5087d2a	-[StreamTable valueForStreamKey:]	0xe	1	0	0	0
2725	0x5087d74	-[StreamTable insertStreamKey:value:]	0xe	1	0	0	0
2726	0x5087e06	-[StreamTable removeStreamKey:]	0xe	1	0	0	0
2727	0x5087e38	-[StreamTable initStreamState]	0xe	1	0	0	0
2728	0x5087e5c	-[StreamTable nextStreamState:key:value:]	0xe	1	0	0	0
2729	0x5087eba	-[StreamTable write:]	0xe	1	0	0	0
2730	0x5087f86	-[StreamTable read:]	0xe	1	0	0	0
2731	0x5088072	_checkRead	0xe	1	0	0	0
2732	0x50880a2	_checkWrite	0xe	1	0	0	0
2733	0x50880d2	_checkExpected	0xe	1	0	0	0
2734	0x5088158	_classError	0xe	1	0	0	0
2735	0x508819c	_typeDescriptorError	0xe	1	0	0	0
2736	0x50881e2	_writeRefError	0xe	1	0	0	0
2737	0x50881f8	_sameSexAsCube	0xe	1	0	0	0
2738	0x508820c	_inc_ptrCounter	0xe	1	0	0	0
2739	0x5088254	_freeStrToInt	0xe	1	0	0	0
2740	0x5088276	__NXOpenEncodingStream	0xe	1	0	0	0
2741	0x508831e	__NXOpenDecodingStream	0xe	1	0	0	0
2742	0x50883ae	__NXEndOfCodingStream	0xe	1	0	0	0
2743	0x5088410	__NXCloseCodingStream	0xe	1	0	0	0
2744	0x5088452	__NXEncodeBytes	0xe	1	0	0	0
2745	0x5088478	__NXDecodeBytes	0xe	1	0	0	0
2746	0x5088498	__NXEncodeChar	0xe	1	0	0	0
2747	0x50884e8	__NXDecodeChar	0xe	1	0	0	0
2748	0x508852a	__NXEncodeShort	0xe	1	0	0	0
2749	0x508857e	__NXDecodeShort	0xe	1	0	0	0
2750	0x50885dc	__NXEncodeInt	0xe	1	0	0	0
2751	0x5088658	_FinishDecodeInt	0xe	1	0	0	0
2752	0x50886f8	__NXDecodeInt	0xe	1	0	0	0
2753	0x5088720	_FloorOrZero	0xe	1	0	0	0
2754	0x508878a	__NXEncodeFloat	0xe	1	0	0	0
2755	0x50887f8	__NXDecodeFloat	0xe	1	0	0	0
2756	0x5088882	__NXEncodeDouble	0xe	1	0	0	0
2757	0x50888f6	__NXDecodeDouble	0xe	1	0	0	0
2758	0x50889b8	__NXEncodeChars	0xe	1	0	0	0
2759	0x5088a02	__NXDecodeChars	0xe	1	0	0	0
2760	0x5088a5e	__NXEncodeSharedString	0xe	1	0	0	0
2761	0x5088b00	__NXDecodeSharedString	0xe	1	0	0	0
2762	0x5088b9c	__NXDecodeUniqueString	0xe	1	0	0	0
2763	0x5088bb6	__NXEncodeShared	0xe	1	0	0	0
2764	0x5088c4a	__NXEncodeString	0xe	1	0	0	0
2765	0x5088c80	__NXDecodeString	0xe	1	0	0	0
2766	0x5089006	_skipAggregateName	0xe	1	0	0	0
2767	0x5089042	_SizeOfType	0xe	1	0	0	0
2768	0x5089440	_WriteValue	0xe	1	0	0	0
2769	0x50897b4	_ReadValue	0xe	1	0	0	0
2770	0x5089f1c	_InternalWriteObject	0xe	1	0	0	0
2771	0x508a0b0	_InternalReadObject	0xe	1	0	0	0
2772	0x508a272	_RealSuperClass	0xe	1	0	0	0
2773	0x508a294	_NXWriteClass	0xe	1	0	0	0
2774	0x508a2f2	_NXReadClass	0xe	1	0	0	0
2775	0x50b6ccc	_p.74	0xe	6	0	0	0
2776	0x50b6cd0	_p.77	0xe	6	0	0	0
2777	0x50b6cd4	_p.80	0xe	6	0	0	0
2778	0x50b6cd8	_p.83	0xe	6	0	0	0
2779	0x50b6cdc	_p.86	0xe	6	0	0	0
2780	0x50b6ce0	_p.89	0xe	6	0	0	0
2781	0x50b6ce4	_p.72	0xe	6	0	0	0
2782	0x50b6ce8	_p.75	0xe	6	0	0	0
2783	0x50b6cec	_p.78	0xe	6	0	0	0
2784	0x50b6cf0	_p.81	0xe	6	0	0	0
2785	0x50b6cf4	_p.72	0xe	6	0	0	0
2786	0x50b6cf8	_p.75	0xe	6	0	0	0
2787	0x50b6cfc	_p.78	0xe	6	0	0	0
2788	0x50b6d00	_p.81	0xe	6	0	0	0
2789	0x50b6d04	_p.72	0xe	6	0	0	0
2790	0x50b6d08	_p.75	0xe	6	0	0	0
2791	0x508af1e	_server_loop	0xe	1	0	0	0
2792	0x508b15c	_get_or_start_debug_thread	0xe	1	0	0	0
2793	0x508b2dc	_make_dyld_image_data_writable	0xe	1	0	0	0
2794	0x508b5a6	_get_dyld_data	0xe	1	0	0	0
2795	0x508b7c0	_task_suspend_threads	0xe	1	0	0	0
2796	0x508b814	_task_resume_threads	0xe	1	0	0	0
2797	0x508b874	_translate_port	0xe	1	0	0	0
2798	0x508b99a	_thread_start	0xe	1	0	0	0
2799	0x508ba7a	_thread_setup	0xe	1	0	0	0
2800	0x508af78	__dyld_event_server_callback	0x1e	1	0	0	0
2801	0x508ac02	_dyld_debug_MsgError	0x1e	1	0	0	0
2802	0x50b3f6c	_inconsistent_data_okType.2	0xe	4	0	0	0
2803	0x50b3f70	_nameType.3	0xe	4	0	0	0
2804	0x50b3f7c	_RetCodeCheck.4	0xe	4	0	0	0
2805	0x50b3f80	__dyld_debug_defining_moduleCheck.5	0xe	4	0	0	0
2806	0x50b3f84	_moduleCheck.6	0xe	4	0	0	0
2807	0x50b3f88	_inconsistent_data_okType.9	0xe	4	0	0	0
2808	0x50b3f8c	_moduleType.10	0xe	4	0	0	0
2809	0x50b3f90	_RetCodeCheck.11	0xe	4	0	0	0
2810	0x50b3f94	__dyld_debug_is_module_boundCheck.12	0xe	4	0	0	0
2811	0x50b3f98	_boundCheck.13	0xe	4	0	0	0
2812	0x50b3f9c	_inconsistent_data_okType.16	0xe	4	0	0	0
2813	0x50b3fa0	_moduleType.17	0xe	4	0	0	0
2814	0x50b3fa4	_RetCodeCheck.18	0xe	4	0	0	0
2815	0x50b3fa8	__dyld_debug_bind_moduleCheck.19	0xe	4	0	0	0
2816	0x50b3fac	_inconsistent_data_okType.22	0xe	4	0	0	0
2817	0x50b3fb0	_subscriberType.23	0xe	4	0	0	0
2818	0x50b3fb4	_RetCodeCheck.24	0xe	4	0	0	0
2819	0x50b3fb8	_inconsistent_data_okType.27	0xe	4	0	0	0
2820	0x50b3fbc	_moduleType.28	0xe	4	0	0	0
2821	0x50b3fc0	_RetCodeCheck.29	0xe	4	0	0	0
2822	0x50b3fc4	__dyld_debug_module_nameCheck.30	0xe	4	0	0	0
2823	0x50b3fc8	_RetCodeCheck.33	0xe	4	0	0	0
2824	0x50b3fcc	__dyld_debug_monoutputCheck.34	0xe	4	0	0	0
2825	0x508be84	_user_dyld_debug_add_event_subscriber	0x1e	1	0	0	0
2826	0x508bd6c	_user_dyld_debug_bind_module	0x1e	1	0	0	0
2827	0x508bafe	_user_dyld_debug_defining_module	0x1e	1	0	0	0
2828	0x508bc3c	_user_dyld_debug_is_module_bound	0x1e	1	0	0	0
2829	0x508bf70	_user_dyld_debug_module_name	0x1e	1	0	0	0
2830	0x508c122	_user_dyld_debug_monoutput	0x1e	1	0	0	0
2831	0x50b3fd0	_eventCheck.2	0xe	4	0	0	0
2832	0x508c20e	__X_dyld_event_server_callback	0xe	1	0	0	0
2833	0x50b3fd4	_RetCodeType.5	0xe	4	0	0	0
2834	0x50b6d10	_routines.6	0xe	6	0	0	0
2835	0x508c2a0	__dyld_event_server	0xe	1	0	0	0
2836	0x50b6d14	_p.72	0xe	6	0	0	0
2837	0x50b6d18	_p.75	0xe	6	0	0	0
2838	0x50b6d1c	_p.78	0xe	6	0	0	0
2839	0x50b6d20	_p.81	0xe	6	0	0	0
2840	0x50b6d24	_p.84	0xe	6	0	0	0
2841	0x50b6d28	_p.87	0xe	6	0	0	0
2842	0x50b6d2c	_p.90	0xe	6	0	0	0
2843	0x50b6d30	_p.93	0xe	6	0	0	0
2844	0x50b6d34	_p.96	0xe	6	0	0	0
2845	0x50b6d38	_mh.99	0xe	6	0	0	0
2846	0x508c678	_names_match	0xe	1	0	0	0
2847	0x50b6d44	_ofi_error_printing_mutex	0xe	6	0	0	0
2848	0x50b6d48	_thread_printing_error	0xe	6	0	0	0
2849	0x50b6d4c	_ofi_alloc_mutex	0xe	6	0	0	0
2850	0x50b6d50	_ofi_lists	0xe	6	0	0	0
2851	0x50b6d54	_NXArgv_pointer.96	0xe	6	0	0	0
2852	0x50b6d58	_NXArgv_pointer.99	0xe	6	0	0	0
2853	0x508c8b6	_ofi_alloc	0xe	1	0	0	0
2854	0x508c9a8	_ofi_free	0xe	1	0	0	0
2855	0x508c9b2	_ofi_valid	0xe	1	0	0	0
2856	0x508caaa	_error	0x1e	1	0	0	0
2857	0x50b6d40	_errors	0x1e	6	0	0	0
2858	0x508cb64	_my_mach_error	0x1e	1	0	0	0
2859	0x508ca94	_print	0x1e	1	0	0	0
2860	0x50b6d3c	_progname	0x1e	6	0	0	0
2861	0x508cbc6	_savestr	0x1e	1	0	0	0
2862	0x508cafe	_system_error	0x1e	1	0	0	0
2863	0x508ca04	_vprint	0x1e	1	0	0	0
2864	0x508d314	_ofile_specific_arch	0xe	1	0	0	0
2865	0x508e126	_check_fat	0xe	1	0	0	0
2866	0x508e2d8	_check_fat_object_in_archive	0xe	1	0	0	0
2867	0x508e506	_check_archive	0xe	1	0	0	0
2868	0x508e732	_check_Mach_O	0xe	1	0	0	0
2869	0x508ff64	_archive_error	0xe	1	0	0	0
2870	0x508fff2	_archive_member_error	0xe	1	0	0	0
2871	0x50900bc	_Mach_O_error	0xe	1	0	0	0
2872	0x508cc80	_ofile_map	0x1e	1	0	0	0
2873	0x508d1e6	_ofile_unmap	0x1e	1	0	0	0
2874	0x508d26c	_ofile_first_arch	0x1e	1	0	0	0
2875	0x508d534	_ofile_first_member	0x1e	1	0	0	0
2876	0x508dcae	_ofile_first_module	0x1e	1	0	0	0
2877	0x508d2b8	_ofile_next_arch	0x1e	1	0	0	0
2878	0x508d78a	_ofile_next_member	0x1e	1	0	0	0
2879	0x508de0e	_ofile_next_module	0x1e	1	0	0	0
2880	0x508d9f4	_ofile_specific_member	0x1e	1	0	0	0
2881	0x508df64	_ofile_specific_module	0x1e	1	0	0	0
2882	0x5090096	_size_ar_name	0x1e	1	0	0	0
2883	0x50b6d64	_arch_flags	0xe	6	0	0	0
2884	0x509027e	_get_arch_from_host	0x1e	1	0	0	0
2885	0x5090648	_get_arch_family_from_cputype	0x1e	1	0	0	0
2886	0x50905c4	_get_arch_flags	0x1e	1	0	0	0
2887	0x50901f0	_get_arch_from_flag	0x1e	1	0	0	0
2888	0x50905de	_get_arch_name_from_types	0x1e	1	0	0	0
2889	0x50906a0	_get_byte_sex_from_flag	0x1e	1	0	0	0
2890	0x5090768	_get_host_byte_sex	0x1e	1	0	0	0
2891	0x5091386	_swap_dylib_command	0x1e	1	0	0	0
2892	0x5096558	_swap_dylib_module	0x1e	1	0	0	0
2893	0x509156a	_swap_dylinker_command	0x1e	1	0	0	0
2894	0x5090ebc	_swap_dysymtab_command	0x1e	1	0	0	0
2895	0x50912a8	_swap_fvmlib_command	0x1e	1	0	0	0
2896	0x5095780	_swap_hppa_fp_thread_state	0x1e	1	0	0	0
2897	0x5095602	_swap_hppa_frame_thread_state	0x1e	1	0	0	0
2898	0x509504c	_swap_hppa_integer_thread_state	0x1e	1	0	0	0
2899	0x509500e	_swap_i386_thread_cthreadstate	0x1e	1	0	0	0
2900	0x5094e66	_swap_i386_thread_exceptstate	0x1e	1	0	0	0
2901	0x5094822	_swap_i386_thread_fpstate	0x1e	1	0	0	0
2902	0x509458c	_swap_i386_thread_state	0x1e	1	0	0	0
2903	0x5094252	_swap_i860_thread_state_regs	0x1e	1	0	0	0
2904	0x50960e2	_swap_ident_command	0x1e	1	0	0	0
2905	0x5090a0e	_swap_load_command	0x1e	1	0	0	0
2906	0x50917ea	_swap_m68k_thread_state_68882	0x1e	1	0	0	0
2907	0x5091714	_swap_m68k_thread_state_regs	0x1e	1	0	0	0
2908	0x5091930	_swap_m68k_thread_state_user_reg	0x1e	1	0	0	0
2909	0x5093df0	_swap_m88110_thread_state_impl_t	0x1e	1	0	0	0
2910	0x50922ee	_swap_m88k_thread_state_grf_t	0x1e	1	0	0	0
2911	0x5093db2	_swap_m88k_thread_state_user_t	0x1e	1	0	0	0
2912	0x5092854	_swap_m88k_thread_state_xrf_t	0x1e	1	0	0	0
2913	0x509196e	_swap_m98k_thread_state_grf_t	0x1e	1	0	0	0
2914	0x50908e0	_swap_mach_header	0x1e	1	0	0	0
2915	0x509148c	_swap_prebound_dylib_command	0x1e	1	0	0	0
2916	0x5090c1a	_swap_section	0x1e	1	0	0	0
2917	0x5090a74	_swap_segment_command	0x1e	1	0	0	0
2918	0x5095eac	_swap_sparc_thread_state_fpu	0x1e	1	0	0	0
2919	0x5095a6a	_swap_sparc_thread_state_regs	0x1e	1	0	0	0
2920	0x50911f2	_swap_symseg_command	0x1e	1	0	0	0
2921	0x5090db6	_swap_symtab_command	0x1e	1	0	0	0
2922	0x50916ae	_swap_thread_command	0x1e	1	0	0	0
2923	0x50906e8	_SWAP_DOUBLE	0x1e	1	0	0	0
2924	0x509073e	_SWAP_FLOAT	0x1e	1	0	0	0
2925	0x509649a	_swap_dylib_reference	0x1e	1	0	0	0
2926	0x509674a	_swap_dylib_table_of_contents	0x1e	1	0	0	0
2927	0x50907e4	_swap_fat_arch	0x1e	1	0	0	0
2928	0x509077e	_swap_fat_header	0x1e	1	0	0	0
2929	0x50915f8	_swap_fvmfile_command	0x1e	1	0	0	0
2930	0x509644a	_swap_indirect_symbols	0x1e	1	0	0	0
2931	0x5096148	_swap_nlist	0x1e	1	0	0	0
2932	0x50961de	_swap_ranlib	0x1e	1	0	0	0
2933	0x5096256	_swap_relocation_info	0x1e	1	0	0	0
2934	0x50967c2	_round	0x1e	1	0	0	0
2935	0x50967da	_set_arch_flag_name	0x1e	1	0	0	0
2936	0x50b6e3c	_p.96	0xe	6	0	0	0
2937	0x50b3fd8	_eventCheck.2	0xe	4	0	0	0
2938	0x50968c0	__X_dyld_event_server_callback	0xe	1	0	0	0
2939	0x50b3fdc	_RetCodeType.5	0xe	4	0	0	0
2940	0x50b6e40	_routines.6	0xe	6	0	0	0
2941	0x50969e2	__dyld_event_server_callback	0x1e	1	0	0	0
2942	0x5000000	__mh_dylib_header	0x1e	1	0	0	0
2943	0x5006712	__NSGetArgc	0xf	1	0	0	1
2944	0x50053de	__NSGetArgv	0xf	1	0	0	1
2945	0x500674a	__NSGetEnviron	0xf	1	0	0	1
2946	0x5013bc0	_rld_get_current_header	0xf	1	0	0	1
2947	0x50130f8	_rld_load_basefile	0xf	1	0	0	1
2948	0x501379a	_rld_unload_all	0xf	1	0	0	1
2949	0x5013554	_rld_unload	0xf	1	0	0	1
2950	0x5013a90	_rld_lookup	0xf	1	0	0	1
2951	0x501282e	_rld_load_from_memory	0xf	1	0	0	1
2952	0x501280a	_rld_load	0xf	1	0	0	1
2953	0x5013b06	_rld_forget_symbol	0xf	1	0	0	1
2954	0x5013c00	_rld_address_func	0xf	1	0	0	1
2955	0x5013b9c	_moninitrld	0xf	1	0	0	1
2956	0x50233ce	_NXOpenFile	0xf	1	0	0	1
2957	0x50b4d7c	__NXStreamsDataPad	0xf	6	0	0	1
2958	0x50b4d70	__NXStreamsUnused1	0xf	6	0	0	1
2959	0x50b4d74	__NXStreamsUnused2	0xf	6	0	0	1
2960	0x50b4d78	__NXUncaughtExceptionHandler	0xf	6	0	0	1
2961	0x502364c	_NXFlush	0xf	1	0	0	1
2962	0x502379c	_NXChangeBuffer	0xf	1	0	0	1
2963	0x50236ac	_NXFill	0xf	1	0	0	1
2964	0x50238ec	_NXOpenPort	0xf	1	0	0	1
2965	0x5024104	_NXOpenMemory	0xf	1	0	0	1
2966	0x5023d6c	_NXGetStreamOnSectionForBestArchitecture	0xf	1	0	0	1
2967	0x50241ac	_NXOpenSmallMemory	0xf	1	0	0	1
2968	0x502423a	_NXSaveToFile	0xf	1	0	0	1
2969	0x5024046	_NXMapFile	0xf	1	0	0	1
2970	0x5023ac6	_NXGetStreamOnSection	0xf	1	0	0	1
2971	0x5023a6c	_NXGetMemoryBuffer	0xf	1	0	0	1
2972	0x50239a2	_NXCloseMemory	0xf	1	0	0	1
2973	0x50050c0	_NXSeek	0xf	1	0	0	1
2974	0x50248d4	_NXPrintf	0xf	1	0	0	1
2975	0x5024906	_NXScanf	0xf	1	0	0	1
2976	0x5024938	_NXUngetc	0xf	1	0	0	1
2977	0x5024892	_NXClose	0xf	1	0	0	1
2978	0x50037e6	_NXTell	0xf	1	0	0	1
2979	0x5024a76	_NXVPrintf	0xf	1	0	0	1
2980	0x50249a0	_NXRegisterPrintfProc	0xf	1	0	0	1
2981	0x5025530	_NXVScanf	0xf	1	0	0	1
2982	0x5025f6a	__NXStreamFlushBuffer	0xf	1	0	0	1
2983	0x50038aa	__NXVerifyStream	0xf	1	0	0	1
2984	0x5025f16	__NXStreamFillBuffer	0xf	1	0	0	1
2985	0x5025e72	__NXStreamChangeBuffer	0xf	1	0	0	1
2986	0x5025d84	_NXStreamCreateFromZone	0xf	1	0	0	1
2987	0x5025d56	_NXStreamCreate	0xf	1	0	0	1
2988	0x5025e24	_NXStreamDestroy	0xf	1	0	0	1
2989	0x5002c3e	_NXDefaultWrite	0xf	1	0	0	1
2990	0x5004ed8	_NXDefaultRead	0xf	1	0	0	1
2991	0x5025fac	_acosh	0xf	1	0	0	1
2992	0x502615e	_acos	0xf	1	0	0	1
2993	0x5026112	_asin	0xf	1	0	0	1
2994	0x50261aa	_asinh	0xf	1	0	0	1
2995	0x5026334	_atan	0xf	1	0	0	1
2996	0x5026354	_atanh	0xf	1	0	0	1
2997	0x5026374	_cosh	0xf	1	0	0	1
2998	0x50263ba	_erf	0xf	1	0	0	1
2999	0x50264f6	_erfc	0xf	1	0	0	1
3000	0x5026636	_exp	0xf	1	0	0	1
3001	0x502667c	_expm1	0xf	1	0	0	1
3002	0x502669c	_exp__E	0xf	1	0	0	1
3003	0x5005d44	_ceil	0xf	1	0	0	1
3004	0x50060da	_floor	0xf	1	0	0	1
3005	0x5026832	_rint	0xf	1	0	0	1
3006	0x5026a04	_y0	0xf	1	0	0	1
3007	0x5026852	_j0	0xf	1	0	0	1
3008	0x5026d62	_j1	0xf	1	0	0	1
3009	0x5026f4a	_y1	0xf	1	0	0	1
3010	0x50272d2	_jn	0xf	1	0	0	1
3011	0x50274da	_yn	0xf	1	0	0	1
3012	0x50275fa	_lgamma	0xf	1	0	0	1
3013	0x5027a7a	_log	0xf	1	0	0	1
3014	0x5027acc	_log10	0xf	1	0	0	1
3015	0x5027b1e	_log1p	0xf	1	0	0	1
3016	0x5027b3e	_log__L	0xf	1	0	0	1
3017	0x5028130	_pow	0xf	1	0	0	1
3018	0x50b4fb0	_signgam	0xf	6	0	0	1
3019	0x5028384	_sinh	0xf	1	0	0	1
3020	0x50283ca	_tanh	0xf	1	0	0	1
3021	0x50283ea	_atan2	0xf	1	0	0	1
3022	0x502877c	_cabs	0xf	1	0	0	1
3023	0x502879a	_hypot	0xf	1	0	0	1
3024	0x5028ace	_cbrt	0xf	1	0	0	1
3025	0x5028cbe	_fmod	0xf	1	0	0	1
3026	0x5028dfa	_sqrt	0xf	1	0	0	1
3027	0x5028e4c	_scalb	0xf	1	0	0	1
3028	0x5028ec0	_finite	0xf	1	0	0	1
3029	0x5028ea0	_logb	0xf	1	0	0	1
3030	0x5028e7a	_copysign	0xf	1	0	0	1
3031	0x5028eda	_drem	0xf	1	0	0	1
3032	0x5028f24	_cos	0xf	1	0	0	1
3033	0x5028f44	_tan	0xf	1	0	0	1
3034	0x5028f04	_sin	0xf	1	0	0	1
3035	0x502aa74	_dbExpand	0xf	1	0	0	1
3036	0x5029c52	_dbDelete	0xf	1	0	0	1
3037	0x502a6f4	_dbCompress	0xf	1	0	0	1
3038	0x5029184	__dbSwapOutLeaf	0xf	1	0	0	1
3039	0x502af16	_dbClose	0xf	1	0	0	1
3040	0x5029e78	__dbSplitLeaf	0xf	1	0	0	1
3041	0x50291aa	__dbSwapInLeaf	0xf	1	0	0	1
3042	0x5029bfe	__dbRemoveRecord	0xf	1	0	0	1
3043	0x5029d7a	__dbPutRecord	0xf	1	0	0	1
3044	0x502941e	__dbPackLeaf	0xf	1	0	0	1
3045	0x502a3c2	_dbFind	0xf	1	0	0	1
3046	0x502936c	__dbSearchLeaf	0xf	1	0	0	1
3047	0x5029240	__dbHashKey	0xf	1	0	0	1
3048	0x502a3fe	__dbGetRecord	0xf	1	0	0	1
3049	0x5029588	__dbFreeLeaf	0xf	1	0	0	1
3050	0x502a4d0	_dbFirst	0xf	1	0	0	1
3051	0x50291d0	__dbFlushLeaf	0xf	1	0	0	1
3052	0x502903e	__dbFlushDir	0xf	1	0	0	1
3053	0x502a2b4	__dbFindRecord	0xf	1	0	0	1
3054	0x5029a78	__dbFetchLeaf	0xf	1	0	0	1
3055	0x5028f8c	__dbDoubleDir	0xf	1	0	0	1
3056	0x5029748	__dbCycleLeaf	0xf	1	0	0	1
3057	0x50292d0	__dbCopyData	0xf	1	0	0	1
3058	0x5029612	__dbCloseLeaf	0xf	1	0	0	1
3059	0x502a34c	_dbFetch	0xf	1	0	0	1
3060	0x50296be	__dbFlushTable	0xf	1	0	0	1
3061	0x502a648	_dbFlush	0xf	1	0	0	1
3062	0x502a4b6	_dbGet	0xf	1	0	0	1
3063	0x502a544	_dbNext	0xf	1	0	0	1
3064	0x502ae78	_dbSetCache	0xf	1	0	0	1
3065	0x502a49c	_dbSetKey	0xf	1	0	0	1
3066	0x502a14c	_dbStore	0xf	1	0	0	1
3067	0x5029a04	__dbNewLeaf	0xf	1	0	0	1
3068	0x50297d6	__dbLeafDescriptor	0xf	1	0	0	1
3069	0x502b0ca	_dbPrintKC	0xf	1	0	0	1
3070	0x502b13e	_dbCat	0xf	1	0	0	1
3071	0x502b1bc	_dbData	0xf	1	0	0	1
3072	0x502b21e	_StrData	0xf	1	0	0	1
3073	0x502b1ec	_StrDatum	0xf	1	0	0	1
3074	0x502b274	_dbError	0xf	1	0	0	1
3075	0x502b2dc	_dbExists	0xf	1	0	0	1
3076	0x50b5090	_dbMaxLeafBuf	0xf	6	0	0	1
3077	0x50b508c	_dbMode	0xf	6	0	0	1
3078	0x50b5098	_dbMsgs	0xf	6	0	0	1
3079	0x50b5084	_dbErrors	0xf	6	0	0	1
3080	0x50b509c	_dbDirExtension	0xf	6	0	0	1
3081	0x50b50ac	__db_data_pad	0xf	6	0	0	1
3082	0x50b5088	_dbFlags	0xf	6	0	0	1
3083	0x50b5094	_dbLeafSize	0xf	6	0	0	1
3084	0x50b50a0	_dbLeafExtension	0xf	6	0	0	1
3085	0x50b50a8	_dbSizeTable	0xf	6	0	0	1
3086	0x50b4fb8	__dbstrbuf	0xf	6	0	0	1
3087	0x50b4fb4	__dbLeafCount	0xf	6	0	0	1
3088	0x50b5080	__DB	0xf	6	0	0	1
3089	0x50b50a4	_dbErrorNo	0xf	6	0	0	1
3090	0x502b80c	_dbInit	0xf	1	0	0	1
3091	0x502bd6c	_dbOpen	0xf	1	0	0	1
3092	0x502ba5c	_dbCreate	0xf	1	0	0	1
3093	0x502b592	__dbReadDir	0xf	1	0	0	1
3094	0x502be02	_dbWaitLock	0xf	1	0	0	1
3095	0x502bde6	_dbUnlock	0xf	1	0	0	1
3096	0x502bdc4	_dbLock	0xf	1	0	0	1
3097	0x502bef8	_dbScan	0xf	1	0	0	1
3098	0x502bea8	_dbPrint	0xf	1	0	0	1
3099	0x502bf3e	_dbUnlink	0xf	1	0	0	1
3100	0x502c5f8	_NXReadDefault	0xf	1	0	0	1
3101	0x502c8f4	_NXWriteDefaults	0xf	1	0	0	1
3102	0x502ca58	_NXSetDefaultsUser	0xf	1	0	0	1
3103	0x502c4d4	_NXRegisterDefaults	0xf	1	0	0	1
3104	0x502d830	_NXGetTempFilename	0xf	1	0	0	1
3105	0x502c506	_NXGetDefaultValue	0xf	1	0	0	1
3106	0x502d65a	_NXFilePathSearch	0xf	1	0	0	1
3107	0x502c4ee	__NXRegisterDefaultsNoCopy	0xf	1	0	0	1
3108	0x502c962	_NXRemoveDefault	0xf	1	0	0	1
3109	0x502c65a	_NXUpdateDefaults	0xf	1	0	0	1
3110	0x502c890	_NXWriteDefault	0xf	1	0	0	1
3111	0x502c6fc	_NXUpdateDefault	0xf	1	0	0	1
3112	0x502c7e6	_NXSetDefault	0xf	1	0	0	1
3113	0x502d9a6	_getSizeOfandAdvance	0xf	1	0	0	1
3114	0x0	.objc_class_name_NXPortPortal	0x3	0	0	0	1
3115	0x502dd48	_getSizeOf	0xf	1	0	0	1
3116	0x0	.objc_category_name_List_Transport	0x3	0	0	0	1
3117	0x0	.objc_class_name_NXConnection	0x3	0	0	0	1
3118	0x0	.objc_category_name_Object_isRemote	0x3	0	0	0	1
3119	0x0	.objc_class_name_NXMethodSignature	0x3	0	0	0	1
3120	0x0	.objc_class_name_NXProxy	0x3	0	0	0	1
3121	0x0	.objc_category_name_Object_Object_NXMethodSignature	0x3	0	0	0	1
3122	0x0	.objc_category_name_Object_Object_MakeRemote_Import	0x3	0	0	0	1
3123	0x0	.objc_category_name_Object_GetListOfProtocols	0x3	0	0	0	1
3124	0x0	.objc_category_name_Protocol_Transport	0x3	0	0	0	1
3125	0x50b5250	_enableInfo	0xf	6	0	0	1
3126	0x5034e6c	_log_warning	0xf	1	0	0	1
3127	0x5034eea	_log_error	0xf	1	0	0	1
3128	0x5034ea6	_log_info	0xf	1	0	0	1
3129	0x503518a	_log_set_options	0xf	1	0	0	1
3130	0x0	.objc_class_name_NXData	0x3	0	0	0	1
3131	0x0	.objc_class_name_NXInvalidationNotifier	0x3	0	0	0	1
3132	0x0	.objc_class_name_NXConditionLock	0x3	0	0	0	1
3133	0x0	.objc_class_name_NXSpinLock	0x3	0	0	0	1
3134	0x0	.objc_class_name_NXRecursiveLock	0x3	0	0	0	1
3135	0x0	.objc_class_name_NXLock	0x3	0	0	0	1
3136	0x0	.objc_class_name_NXNetNameServer	0x3	0	0	0	1
3137	0x0	.objc_class_name_NXPort	0x3	0	0	0	1
3138	0x0	.objc_class_name_NXProtocolChecker	0x3	0	0	0	1
3139	0x50368c8	_atexit	0xf	1	0	0	1
3140	0x5036900	__atexit	0xf	1	0	0	1
3141	0x5005cde	_bsearch	0xf	1	0	0	1
3142	0x5036964	_clock	0xf	1	0	0	1
3143	0x50369d6	_difftime	0xf	1	0	0	1
3144	0x50369f2	_div	0xf	1	0	0	1
3145	0x5036a10	_feof	0xf	1	0	0	1
3146	0x5036a22	_ferror	0xf	1	0	0	1
3147	0x5036a34	_fgetpos	0xf	1	0	0	1
3148	0x5036a5a	_fsetpos	0xf	1	0	0	1
3149	0x5036a74	_getc	0xf	1	0	0	1
3150	0x5036a9a	_isalnum	0xf	1	0	0	1
3151	0x5036ac0	_isalpha	0xf	1	0	0	1
3152	0x5036ae6	_iscntrl	0xf	1	0	0	1
3153	0x5036b0c	_isdigit	0xf	1	0	0	1
3154	0x5036b32	_isgraph	0xf	1	0	0	1
3155	0x5036b58	_islower	0xf	1	0	0	1
3156	0x5036b7e	_isprint	0xf	1	0	0	1
3157	0x5036ba6	_ispunct	0xf	1	0	0	1
3158	0x5036bcc	_isspace	0xf	1	0	0	1
3159	0x5036bf2	_isupper	0xf	1	0	0	1
3160	0x5036c1a	_isxdigit	0xf	1	0	0	1
3161	0x5036c40	_ldiv	0xf	1	0	0	1
3162	0x5036d00	__NXGetAppName	0xf	1	0	0	1
3163	0x5036df2	_localeconv	0xf	1	0	0	1
3164	0x5036c96	__NXSetAppName	0xf	1	0	0	1
3165	0x5036fe6	_mblen	0xf	1	0	0	1
3166	0x503700c	_mbstowcs	0xf	1	0	0	1
3167	0x503703c	_mbtowc	0xf	1	0	0	1
3168	0x5037070	_putc	0xf	1	0	0	1
3169	0x50370e0	_raise	0xf	1	0	0	1
3170	0x50370fa	_setlocale	0xf	1	0	0	1
3171	0x5037184	_setvbuf	0xf	1	0	0	1
3172	0x5037208	_strcoll	0xf	1	0	0	1
3173	0x5037248	_strerror	0xf	1	0	0	1
3174	0x5037282	_strstr	0xf	1	0	0	1
3175	0x50372cc	_strtol	0xf	1	0	0	1
3176	0x5037414	_strtoul	0xf	1	0	0	1
3177	0x5037546	_tmpfile	0xf	1	0	0	1
3178	0x503763a	_tmpnam	0xf	1	0	0	1
3179	0x5037714	_tolower	0xf	1	0	0	1
3180	0x5037742	_toupper	0xf	1	0	0	1
3181	0x5037770	_va_end	0xf	1	0	0	1
3182	0x5037778	_wcstombs	0xf	1	0	0	1
3183	0x50377aa	_wctomb	0xf	1	0	0	1
3184	0x50377c6	__strftime_clear_cache	0xf	1	0	0	1
3185	0x503790c	_strftime	0xf	1	0	0	1
3186	0x5037e2a	_strtod	0xf	1	0	0	1
3187	0x503823a	_labs	0xf	1	0	0	1
3188	0x5038244	_memchr	0xf	1	0	0	1
3189	0x5004752	_memcmp	0xf	1	0	0	1
3190	0x5006328	_memcpy	0xf	1	0	0	1
3191	0x5002a18	_memmove	0xf	1	0	0	1
3192	0x5002a88	_memset	0xf	1	0	0	1
3193	0x50382e6	_remove	0xf	1	0	0	1
3194	0x5038300	_getopt	0xf	1	0	0	1
3195	0x50b53aa	_optarg	0xf	6	0	0	1
3196	0x50b539e	_opterr	0xf	6	0	0	1
3197	0x50b53a6	_optopt	0xf	6	0	0	1
3198	0x50b53a2	_optind	0xf	6	0	0	1
3199	0x50384f8	_memccpy	0xf	1	0	0	1
3200	0x503852c	_strcatn	0xf	1	0	0	1
3201	0x5038562	_strchr	0xf	1	0	0	1
3202	0x5038580	_strcmpn	0xf	1	0	0	1
3203	0x50385c2	_strcpyn	0xf	1	0	0	1
3204	0x5038604	_strcspn	0xf	1	0	0	1
3205	0x5038646	_strpbrk	0xf	1	0	0	1
3206	0x5038680	_strrchr	0xf	1	0	0	1
3207	0x503869c	_strspn	0xf	1	0	0	1
3208	0x50386de	_strtok	0xf	1	0	0	1
3209	0x5038784	_rstrtok	0xf	1	0	0	1
3210	0x5038866	_lockf	0xf	1	0	0	1
3211	0x5038922	_ftime	0xf	1	0	0	1
3212	0x5038978	_getpw	0xf	1	0	0	1
3213	0x5038a5a	_gtty	0xf	1	0	0	1
3214	0x5038a76	_nice	0xf	1	0	0	1
3215	0x5038ac6	_pause	0xf	1	0	0	1
3216	0x5038ade	_srand	0xf	1	0	0	1
3217	0x5038afa	_rand	0xf	1	0	0	1
3218	0x5038b2a	_stty	0xf	1	0	0	1
3219	0x5038b46	_tell	0xf	1	0	0	1
3220	0x5038b5e	_times	0xf	1	0	0	1
3221	0x5038c14	_utime	0xf	1	0	0	1
3222	0x5038c40	_vlimit	0xf	1	0	0	1
3223	0x5038c9a	_vtimes	0xf	1	0	0	1
3224	0x5038df0	_reset	0xf	1	0	0	1
3225	0x5038dde	_setexit	0xf	1	0	0	1
3226	0x5038e04	_cbc_crypt	0xf	1	0	0	1
3227	0x5038e76	_ecb_crypt	0xf	1	0	0	1
3228	0x5038f48	__des_crypt	0xf	1	0	0	1
3229	0x5038f10	_des_setparity	0xf	1	0	0	1
3230	0x5039ce0	_NXWaitCursorFrameInterval	0xf	1	0	0	1
3231	0x50397f2	_NXSetKeyMapping	0xf	1	0	0	1
3232	0x50398ca	_NXSetClickTime	0xf	1	0	0	1
3233	0x5039976	_NXSetClickSpace	0xf	1	0	0	1
3234	0x5039d30	_NXSetAutoDimThreshold	0xf	1	0	0	1
3235	0x5039e84	_NXSetAutoDimState	0xf	1	0	0	1
3236	0x5039f98	_NXSetAutoDimBrightness	0xf	1	0	0	1
3237	0x50398a8	_NXResetMouse	0xf	1	0	0	1
3238	0x5039f44	_NXScreenBrightness	0xf	1	0	0	1
3239	0x5039678	_NXResetKeyboard	0xf	1	0	0	1
3240	0x5039554	_NXOpenEventStatus	0xf	1	0	0	1
3241	0x5039ad6	_NXMouseButtonEnabled	0xf	1	0	0	1
3242	0x5039c34	_NXWaitCursorSustain	0xf	1	0	0	1
3243	0x50397a2	_NXKeyRepeatThreshold	0xf	1	0	0	1
3244	0x50396f6	_NXKeyRepeatInterval	0xf	1	0	0	1
3245	0x5039c84	_NXSetWaitCursorFrameInterval	0xf	1	0	0	1
3246	0x5039746	_NXSetKeyRepeatThreshold	0xf	1	0	0	1
3247	0x5039a24	_NXSetMouseScaling	0xf	1	0	0	1
3248	0x50395d8	__NXPostLLEvent	0xf	1	0	0	1
3249	0x5039864	_NXGetKeyMapping	0xf	1	0	0	1
3250	0x50399de	_NXGetClickSpace	0xf	1	0	0	1
3251	0x50395fe	_NXEventSystemInfo	0xf	1	0	0	1
3252	0x503a044	_NXEvSetParameterInt	0xf	1	0	0	1
3253	0x503a052	_NXEvSetParameterChar	0xf	1	0	0	1
3254	0x503a060	_NXEvGetParameterInt	0xf	1	0	0	1
3255	0x503a06e	_NXEvGetParameterChar	0xf	1	0	0	1
3256	0x5039a70	_NXEnableMouseButton	0xf	1	0	0	1
3257	0x50395ac	_NXCloseEventStatus	0xf	1	0	0	1
3258	0x5039926	_NXClickTime	0xf	1	0	0	1
3259	0x5039ddc	_NXAutoDimTime	0xf	1	0	0	1
3260	0x5039d8c	_NXAutoDimThreshold	0xf	1	0	0	1
3261	0x5039eb4	_NXAutoDimState	0xf	1	0	0	1
3262	0x5039ff4	_NXAutoDimBrightness	0xf	1	0	0	1
3263	0x5039b88	_NXWaitCursorThreshold	0xf	1	0	0	1
3264	0x5039bd8	_NXSetWaitCursorSustain	0xf	1	0	0	1
3265	0x5039ee8	_NXSetScreenBrightness	0xf	1	0	0	1
3266	0x5039836	_NXKeyMappingLength	0xf	1	0	0	1
3267	0x5039b2c	_NXSetWaitCursorThreshold	0xf	1	0	0	1
3268	0x5039e2c	_NXIdleTime	0xf	1	0	0	1
3269	0x503969a	_NXSetKeyRepeatInterval	0xf	1	0	0	1
3270	0x5039a4a	_NXGetMouseScaling	0xf	1	0	0	1
3271	0x503a980	__NXEvSetParameterChar	0xf	1	0	0	1
3272	0x503a148	__NXEvClose	0xf	1	0	0	1
3273	0x503a32a	__NXEvFrameBufferDevicePort	0xf	1	0	0	1
3274	0x503a6ce	__NXEvGetParameterChar	0xf	1	0	0	1
3275	0x503a540	__NXEvGetParameterInt	0xf	1	0	0	1
3276	0x503a214	__NXEvMapEventShmem	0xf	1	0	0	1
3277	0x503a07c	__NXEvOpen	0xf	1	0	0	1
3278	0x503a464	__NXEvSetSpecialKeyPort	0xf	1	0	0	1
3279	0x503a856	__NXEvSetParameterInt	0xf	1	0	0	1
3280	0x503aab8	_abort	0xf	1	0	0	1
3281	0x503aaea	_alarm	0xf	1	0	0	1
3282	0x503ab3c	__old_alias_endent	0xf	1	0	0	1
3283	0x503ab44	__old_alias_getbyname	0xf	1	0	0	1
3284	0x503ab32	__old_alias_getent	0xf	1	0	0	1
3285	0x503ab2a	__old_alias_setent	0xf	1	0	0	1
3286	0x503ab4e	_atoi	0xf	1	0	0	1
3287	0x503abb6	_atol	0xf	1	0	0	1
3288	0x503ac1e	_cfree	0xf	1	0	0	1
3289	0x503ac30	_closedir	0xf	1	0	0	1
3290	0x5003954	_encrypt	0xf	1	0	0	1
3291	0x503adf0	_setkey	0xf	1	0	0	1
3292	0x503ac6c	_crypt	0xf	1	0	0	1
3293	0x503af86	_asctime	0xf	1	0	0	1
3294	0x503b54a	_localtime	0xf	1	0	0	1
3295	0x503b69c	_mktime	0xf	1	0	0	1
3296	0x503b4e4	__tzset	0xf	1	0	0	1
3297	0x503af6c	_ctime	0xf	1	0	0	1
3298	0x503b660	_gmtime	0xf	1	0	0	1
3299	0x50b5418	__tzname	0xf	6	0	0	1
3300	0x50b22b4	__ctype_	0xf	4	0	0	1
3301	0x503c396	_getdiskbydev	0xf	1	0	0	1
3302	0x503bb1e	_getdiskbyname	0xf	1	0	0	1
3303	0x50b7e60	_sys_errlist	0xf	10	0	0	1
3304	0x50b23b8	_sys_nerr	0xf	4	0	0	1
3305	0x50b2434	__sys_errlist_E2BIG	0xf	4	0	0	1
3306	0x50b28ba	__sys_errlist_ETOOMANYREFS	0xf	4	0	0	1
3307	0x50b26ce	__sys_errlist_ENOPROTOOPT	0xf	4	0	0	1
3308	0x50b2a16	__sys_errlist_ENOMSG	0xf	4	0	0	1
3309	0x50b24e4	__sys_errlist_EXDEV	0xf	4	0	0	1
3310	0x50b2614	__sys_errlist_EWOULDBLOCK	0xf	4	0	0	1
3311	0x50b2981	__sys_errlist_EUSERS	0xf	4	0	0	1
3312	0x50b23bc	__sys_errlist_0	0xf	4	0	0	1
3313	0x50b257c	__sys_errlist_ETXTBSY	0xf	4	0	0	1
3314	0x50b2498	__sys_errlist_EACCES	0xf	4	0	0	1
3315	0x50b2790	__sys_errlist_EADDRINUSE	0xf	4	0	0	1
3316	0x50b28dc	__sys_errlist_ETIMEDOUT	0xf	4	0	0	1
3317	0x50b29f0	__sys_errlist_ETIME	0xf	4	0	0	1
3318	0x50b29a4	__sys_errlist_ESTALE	0xf	4	0	0	1
3319	0x50b27a7	__sys_errlist_EADDRNOTAVAIL	0xf	4	0	0	1
3320	0x50b23e8	__sys_errlist_ESRCH	0xf	4	0	0	1
3321	0x50b2760	__sys_errlist_EAFNOSUPPORT	0xf	4	0	0	1
3322	0x50b2474	__sys_errlist_EAGAIN	0xf	4	0	0	1
3323	0x50b2644	__sys_errlist_EALREADY	0xf	4	0	0	1
3324	0x50b2af0	__sys_errlist_EBADARCH	0xf	4	0	0	1
3325	0x50b2acd	__sys_errlist_EBADEXEC	0xf	4	0	0	1
3326	0x50b2458	__sys_errlist_EBADF	0xf	4	0	0	1
3327	0x50b2b2b	__sys_errlist_EBADMACHO	0xf	4	0	0	1
3328	0x50b25b2	__sys_errlist_ESPIPE	0xf	4	0	0	1
3329	0x50b2706	__sys_errlist_ESOCKTNOSUPPORT	0xf	4	0	0	1
3330	0x50b2899	__sys_errlist_ESHUTDOWN	0xf	4	0	0	1
3331	0x50b2b0b	__sys_errlist_ESHLIBVERS	0xf	4	0	0	1
3332	0x50b2a31	__sys_errlist_EBADMSG	0xf	4	0	0	1
3333	0x50b24cc	__sys_errlist_EBUSY	0xf	4	0	0	1
3334	0x50b2468	__sys_errlist_ECHILD	0xf	4	0	0	1
3335	0x50b25bf	__sys_errlist_EROFS	0xf	4	0	0	1
3336	0x50b29ba	__sys_errlist_EREMOTE	0xf	4	0	0	1
3337	0x50b28f1	__sys_errlist_EREFUSED	0xf	4	0	0	1
3338	0x50b2811	__sys_errlist_ECONNABORTED	0xf	4	0	0	1
3339	0x50b2832	__sys_errlist_ECONNRESET	0xf	4	0	0	1
3340	0x50b2a57	__sys_errlist_EDEADLK	0xf	4	0	0	1
3341	0x50b2681	__sys_errlist_EDESTADDRREQ	0xf	4	0	0	1
3342	0x50b2603	__sys_errlist_ERANGE	0xf	4	0	0	1
3343	0x50b2a95	__sys_errlist_EPWROFF	0xf	4	0	0	1
3344	0x50b2aa9	__sys_errlist_EDEVERR	0xf	4	0	0	1
3345	0x50b25f0	__sys_errlist_EDOM	0xf	4	0	0	1
3346	0x50b2990	__sys_errlist_EDQUOT	0xf	4	0	0	1
3347	0x50b26af	__sys_errlist_EPROTOTYPE	0xf	4	0	0	1
3348	0x50b26ef	__sys_errlist_EPROTONOSUPPORT	0xf	4	0	0	1
3349	0x50b296e	__sys_errlist_EPROCLIM	0xf	4	0	0	1
3350	0x50b24d8	__sys_errlist_EEXIST	0xf	4	0	0	1
3351	0x50b24aa	__sys_errlist_EFAULT	0xf	4	0	0	1
3352	0x50b25e4	__sys_errlist_EPIPE	0xf	4	0	0	1
3353	0x50b258b	__sys_errlist_EFBIG	0xf	4	0	0	1
3354	0x50b2939	__sys_errlist_EHOSTDOWN	0xf	4	0	0	1
3355	0x50b2946	__sys_errlist_EHOSTUNREACH	0xf	4	0	0	1
3356	0x50b2a44	__sys_errlist_EIDRM	0xf	4	0	0	1
3357	0x50b2742	__sys_errlist_EPFNOSUPPORT	0xf	4	0	0	1
3358	0x50b23c4	__sys_errlist_EPERM	0xf	4	0	0	1
3359	0x50b262a	__sys_errlist_EINPROGRESS	0xf	4	0	0	1
3360	0x50b23f8	__sys_errlist_EINTR	0xf	4	0	0	1
3361	0x50b2720	__sys_errlist_EOPNOTSUPP	0xf	4	0	0	1
3362	0x50b2524	__sys_errlist_EINVAL	0xf	4	0	0	1
3363	0x50b2410	__sys_errlist_EIO	0xf	4	0	0	1
3364	0x50b241a	__sys_errlist_ENXIO	0xf	4	0	0	1
3365	0x50b255d	__sys_errlist_ENOTTY	0xf	4	0	0	1
3366	0x50b2662	__sys_errlist_ENOTSOCK	0xf	4	0	0	1
3367	0x50b295a	__sys_errlist_ENOTEMPTY	0xf	4	0	0	1
3368	0x50b2505	__sys_errlist_ENOTDIR	0xf	4	0	0	1
3369	0x50b2881	__sys_errlist_ENOTCONN	0xf	4	0	0	1
3370	0x50b24b6	__sys_errlist_ENOTBLK	0xf	4	0	0	1
3371	0x50b29dc	__sys_errlist_ENOSTR	0xf	4	0	0	1
3372	0x50b29fe	__sys_errlist_ENOSR	0xf	4	0	0	1
3373	0x50b259a	__sys_errlist_ENOSPC	0xf	4	0	0	1
3374	0x50b2865	__sys_errlist_EISCONN	0xf	4	0	0	1
3375	0x50b2515	__sys_errlist_EISDIR	0xf	4	0	0	1
3376	0x50b2486	__sys_errlist_ENOMEM	0xf	4	0	0	1
3377	0x50b2a7b	__sys_errlist_ENOLCK	0xf	4	0	0	1
3378	0x50b2ab6	__sys_errlist_ENOINIT	0xf	4	0	0	1
3379	0x50b2446	__sys_errlist_ENOEXEC	0xf	4	0	0	1
3380	0x50b23ce	__sys_errlist_ENOENT	0xf	4	0	0	1
3381	0x50b2904	__sys_errlist_ELOOP	0xf	4	0	0	1
3382	0x50b24f6	__sys_errlist_ENODEV	0xf	4	0	0	1
3383	0x50b2549	__sys_errlist_EMFILE	0xf	4	0	0	1
3384	0x50b284b	__sys_errlist_ENOBUFS	0xf	4	0	0	1
3385	0x50b25d5	__sys_errlist_EMLINK	0xf	4	0	0	1
3386	0x50b269e	__sys_errlist_EMSGSIZE	0xf	4	0	0	1
3387	0x50b2535	__sys_errlist_ENFILE	0xf	4	0	0	1
3388	0x50b2926	__sys_errlist_ENAMETOOLONG	0xf	4	0	0	1
3389	0x50b27c6	__sys_errlist_ENETDOWN	0xf	4	0	0	1
3390	0x50b27d6	__sys_errlist_ENETUNREACH	0xf	4	0	0	1
3391	0x50b27ed	__sys_errlist_ENETRESET	0xf	4	0	0	1
3392	0x503c456	_execvp	0xf	1	0	0	1
3393	0x503c414	_execlp	0xf	1	0	0	1
3394	0x503c7b2	_remexportent	0xf	1	0	0	1
3395	0x503c61a	_setexportent	0xf	1	0	0	1
3396	0x503c6e2	_getexportent	0xf	1	0	0	1
3397	0x503ca00	_getexportopt	0xf	1	0	0	1
3398	0x503c6d0	_endexportent	0xf	1	0	0	1
3399	0x503c96a	_addexportent	0xf	1	0	0	1
3400	0x503cb38	_fgetpwent	0xf	1	0	0	1
3401	0x503cd28	_frexp	0xf	1	0	0	1
3402	0x503cf4a	_endfsent	0xf	1	0	0	1
3403	0x503d02c	_getfsfile	0xf	1	0	0	1
3404	0x503cfe8	_getfsspec	0xf	1	0	0	1
3405	0x503d072	_getfstype	0xf	1	0	0	1
3406	0x503cefa	_setfsent	0xf	1	0	0	1
3407	0x503cf7a	_getfsent	0xf	1	0	0	1
3408	0x503d0b8	_getenv	0xf	1	0	0	1
3409	0x503d480	__old_getgrent	0xf	1	0	0	1
3410	0x503d192	__old_getgrgid	0xf	1	0	0	1
3411	0x503d248	__old_getgrnam	0xf	1	0	0	1
3412	0x503d308	__old_setgrent	0xf	1	0	0	1
3413	0x503d62e	__old_setgrfile	0xf	1	0	0	1
3414	0x503d156	_setgrjunk	0xf	1	0	0	1
3415	0x503d3bc	__old_endgrent	0xf	1	0	0	1
3416	0x503d408	__old_fgetgrent	0xf	1	0	0	1
3417	0x503ddda	_getlogin	0xf	1	0	0	1
3418	0x503de86	_getpass	0xf	1	0	0	1
3419	0x503e5ec	__old_getpwent	0xf	1	0	0	1
3420	0x503e19e	__old_getpwnam	0xf	1	0	0	1
3421	0x503e476	__old_setpwent	0xf	1	0	0	1
3422	0x503e59a	__old_setpwfile	0xf	1	0	0	1
3423	0x503e30e	__old_getpwuid	0xf	1	0	0	1
3424	0x503e520	__old_endpwent	0xf	1	0	0	1
3425	0x503f30a	_getttyent	0xf	1	0	0	1
3426	0x503f1c0	_setttyent	0xf	1	0	0	1
3427	0x503f206	_endttyent	0xf	1	0	0	1
3428	0x503f506	_getttynam	0xf	1	0	0	1
3429	0x503f548	_getusershell	0xf	1	0	0	1
3430	0x503f584	_endusershell	0xf	1	0	0	1
3431	0x503f5d8	_setusershell	0xf	1	0	0	1
3432	0x503f77c	_getwd	0xf	1	0	0	1
3433	0x50405aa	_moncontrol	0xf	1	0	0	1
3434	0x503fa66	_moninit	0xf	1	0	0	1
3435	0x503fc62	_monaddition	0xf	1	0	0	1
3436	0x50404d4	_monitor	0xf	1	0	0	1
3437	0x5040664	_moncount	0xf	1	0	0	1
3438	0x504007a	_monoutput	0xf	1	0	0	1
3439	0x503ffa4	_monreset	0xf	1	0	0	1
3440	0x503fbd8	_monstartup	0xf	1	0	0	1
3441	0x5040df8	_swap_hppa_frame_thread_state	0xf	1	0	0	1
3442	0x50407f8	_swap_hppa_integer_thread_state	0xf	1	0	0	1
3443	0x5041234	_swap_i386_thread_fpstate	0xf	1	0	0	1
3444	0x50418da	_swap_i386_thread_exceptstate	0xf	1	0	0	1
3445	0x5040f7c	_swap_i386_thread_state	0xf	1	0	0	1
3446	0x5041aba	_swap_i386_thread_cthreadstate	0xf	1	0	0	1
3447	0x5041ae8	__old_initgroups	0xf	1	0	0	1
3448	0x5041bd2	__isatty	0xf	1	0	0	1
3449	0x5041bf8	_swap_m68k_thread_state_regs	0xf	1	0	0	1
3450	0x5041e08	_swap_m68k_thread_state_user_reg	0xf	1	0	0	1
3451	0x5041cc0	_swap_m68k_thread_state_68882	0xf	1	0	0	1
3452	0x5042bea	_calloc	0xf	1	0	0	1
3453	0x504208e	__NXCreateZone	0xf	1	0	0	1
3454	0x5002230	_free	0xf	1	0	0	1
3455	0x504241e	__NXNameZone	0xf	1	0	0	1
3456	0x5004398	__NXDefaultMallocZone	0xf	1	0	0	1
3457	0x5043c5c	_realloc	0xf	1	0	0	1
3458	0x5042786	__NXMallocDumpZones	0xf	1	0	0	1
3459	0x50062c0	_malloc	0xf	1	0	0	1
3460	0x50424fa	__NXZoneCalloc	0xf	1	0	0	1
3461	0x5043580	__malloc_good_size	0xf	1	0	0	1
3462	0x5043470	__malloc_debug	0xf	1	0	0	1
3463	0x50434e4	__malloc_error	0xf	1	0	0	1
3464	0x5042a18	__malloc_fork_prepare	0xf	1	0	0	1
3465	0x5043cfc	__valloc	0xf	1	0	0	1
3466	0x5041e92	__NXAddRegion	0xf	1	0	0	1
3467	0x5041eec	__NXCreateChildZone	0xf	1	0	0	1
3468	0x504222a	__NXMallocCheck	0xf	1	0	0	1
3469	0x5042250	__NXMergeZone	0xf	1	0	0	1
3470	0x50424a6	__NXRemoveRegion	0xf	1	0	0	1
3471	0x504253a	__NXZonePtrInfo	0xf	1	0	0	1
3472	0x5042624	__NXMallocDumpFrees	0xf	1	0	0	1
3473	0x5043ca8	__set_malloc_singlethreaded	0xf	1	0	0	1
3474	0x50429e0	__malloc_fork_child	0xf	1	0	0	1
3475	0x50429fc	__malloc_fork_parent	0xf	1	0	0	1
3476	0x50439ee	__mstats	0xf	1	0	0	1
3477	0x504375e	__malloc_size	0xf	1	0	0	1
3478	0x5043d80	__vfree	0xf	1	0	0	1
3479	0x5043504	__malloc_freezedry	0xf	1	0	0	1
3480	0x50023e2	__NXZoneFromPtr	0xf	1	0	0	1
3481	0x504374c	__malloc_singlethreaded	0xf	1	0	0	1
3482	0x50436c6	__malloc_jumpstart	0xf	1	0	0	1
3483	0x5043e46	_mkstemp	0xf	1	0	0	1
3484	0x5043ece	_mktemp	0xf	1	0	0	1
3485	0x5044246	__old_getmntent	0xf	1	0	0	1
3486	0x504422e	__old_endmntent	0xf	1	0	0	1
3487	0x50441bc	__old_setmntent	0xf	1	0	0	1
3488	0x504434c	_hasmntopt	0xf	1	0	0	1
3489	0x5044296	__old_addmntent	0xf	1	0	0	1
3490	0x5043f56	__mnt	0xf	1	0	0	1
3491	0x5044408	_dbm_open	0xf	1	0	0	1
3492	0x5044596	_dbm_fetch	0xf	1	0	0	1
3493	0x5044506	_dbm_close	0xf	1	0	0	1
3494	0x504491a	_dbm_firstkey	0xf	1	0	0	1
3495	0x5044532	_dbm_forder	0xf	1	0	0	1
3496	0x5044606	_dbm_delete	0xf	1	0	0	1
3497	0x50446c4	_dbm_store	0xf	1	0	0	1
3498	0x5044936	_dbm_nextkey	0xf	1	0	0	1
3499	0x5044e9c	_nlist	0xf	1	0	0	1
3500	0x5004a0a	_opendir	0xf	1	0	0	1
3501	0x50452dc	_perror	0xf	1	0	0	1
3502	0x5045542	_pclose	0xf	1	0	0	1
3503	0x50453a6	_popen	0xf	1	0	0	1
3504	0x50455c0	_psignal	0xf	1	0	0	1
3505	0x504565a	_qsort	0xf	1	0	0	1
3506	0x504580a	_initstate	0xf	1	0	0	1
3507	0x5045ac6	_random	0xf	1	0	0	1
3508	0x5045754	_srandom	0xf	1	0	0	1
3509	0x504598c	_setstate	0xf	1	0	0	1
3510	0x5003d94	_readdir	0xf	1	0	0	1
3511	0x5045f74	_realpath	0xf	1	0	0	1
3512	0x5046624	_cclass	0xf	1	0	0	1
3513	0x50465ea	_backref	0xf	1	0	0	1
3514	0x50462a6	_re_compile	0xf	1	0	0	1
3515	0x50463bc	_re_exec	0xf	1	0	0	1
3516	0x5046322	_re_match	0xf	1	0	0	1
3517	0x5045fd2	_re_fold	0xf	1	0	0	1
3518	0x5046054	_re_comp	0xf	1	0	0	1
3519	0x5046658	_recmp	0xf	1	0	0	1
3520	0x50466c6	_scandir	0xf	1	0	0	1
3521	0x50467fe	_alphasort	0xf	1	0	0	1
3522	0x5046820	_seekdir	0xf	1	0	0	1
3523	0x5046884	_setegid	0xf	1	0	0	1
3524	0x5006672	_seteuid	0xf	1	0	0	1
3525	0x504689a	_setgid	0xf	1	0	0	1
3526	0x50468b0	_setrgid	0xf	1	0	0	1
3527	0x50468c6	_setruid	0xf	1	0	0	1
3528	0x50468dc	_setuid	0xf	1	0	0	1
3529	0x50468f2	_siginterrupt	0xf	1	0	0	1
3530	0x50b7fbc	_sys_siglist	0xf	10	0	0	1
3531	0x50469fe	_signal	0xf	1	0	0	1
3532	0x5046a18	__signal_nobind	0xf	1	0	0	1
3533	0x50b2ddc	__sys_siglist_SIGVTALRM	0xf	4	0	0	1
3534	0x50b2e42	__sys_siglist_SIGUSR2	0xf	4	0	0	1
3535	0x50b2dc4	__sys_siglist_SIGXFSZ	0xf	4	0	0	1
3536	0x50b2d32	__sys_siglist_SIGURG	0xf	4	0	0	1
3537	0x50b2d8b	__sys_siglist_SIGTTOU	0xf	4	0	0	1
3538	0x50b2e0a	__sys_siglist_SIGWINCH	0xf	4	0	0	1
3539	0x50b2ca1	__sys_siglist_SIGTRAP	0xf	4	0	0	1
3540	0x50b2d77	__sys_siglist_SIGTTIN	0xf	4	0	0	1
3541	0x50b2d27	__sys_siglist_SIGTERM	0xf	4	0	0	1
3542	0x50b2cff	__sys_siglist_SIGSYS	0xf	4	0	0	1
3543	0x50b2ce2	__sys_siglist_SIGBUS	0xf	4	0	0	1
3544	0x50b2d47	__sys_siglist_SIGSTOP	0xf	4	0	0	1
3545	0x50b2cec	__sys_siglist_SIGSEGV	0xf	4	0	0	1
3546	0x50b2d58	__sys_siglist_SIGTSTP	0xf	4	0	0	1
3547	0x50b2c88	__sys_siglist_SIGQUIT	0xf	4	0	0	1
3548	0x50b2dad	__sys_siglist_SIGXCPU	0xf	4	0	0	1
3549	0x50b2d6a	__sys_siglist_SIGCHLD	0xf	4	0	0	1
3550	0x50b2cb9	__sys_siglist_SIGEMT	0xf	4	0	0	1
3551	0x50b2df2	__sys_siglist_SIGPROF	0xf	4	0	0	1
3552	0x50b2d0f	__sys_siglist_SIGPIPE	0xf	4	0	0	1
3553	0x50b2e1e	__sys_siglist_SIGLOST	0xf	4	0	0	1
3554	0x50b2cdb	__sys_siglist_SIGKILL	0xf	4	0	0	1
3555	0x50b2cb0	__sys_siglist_SIGIOT	0xf	4	0	0	1
3556	0x50b2da0	__sys_siglist_SIGIO	0xf	4	0	0	1
3557	0x50b2c7e	__sys_siglist_SIGINT	0xf	4	0	0	1
3558	0x50b2c8d	__sys_siglist_SIGILL	0xf	4	0	0	1
3559	0x50b2c77	__sys_siglist_SIGHUP	0xf	4	0	0	1
3560	0x50b2d1b	__sys_siglist_SIGALRM	0xf	4	0	0	1
3561	0x50b2d60	__sys_siglist_SIGCONT	0xf	4	0	0	1
3562	0x50b2cc2	__sys_siglist_SIGFPE	0xf	4	0	0	1
3563	0x50b2c6e	__sys_siglist_0	0xf	4	0	0	1
3564	0x50b2e2c	__sys_siglist_SIGUSR1	0xf	4	0	0	1
3565	0x5046a30	_sleep	0xf	1	0	0	1
3566	0x50038f8	_strcasecmp	0xf	1	0	0	1
3567	0x5046bb6	_strncasecmp	0xf	1	0	0	1
3568	0x5046c28	_swab	0xf	1	0	0	1
3569	0x5047124	_closelog	0xf	1	0	0	1
3570	0x5046c9c	_syslog	0xf	1	0	0	1
3571	0x504707a	_openlog	0xf	1	0	0	1
3572	0x5046cb6	_vsyslog	0xf	1	0	0	1
3573	0x5047150	_setlogmask	0xf	1	0	0	1
3574	0x5047176	_system	0xf	1	0	0	1
3575	0x504724c	_telldir	0xf	1	0	0	1
3576	0x5047266	_time	0xf	1	0	0	1
3577	0x504731c	__tztab	0xf	1	0	0	1
3578	0x5047298	__timezone	0xf	1	0	0	1
3579	0x50473c8	_ttyname	0xf	1	0	0	1
3580	0x50474ae	_ttyslot	0xf	1	0	0	1
3581	0x5047544	_ualarm	0xf	1	0	0	1
3582	0x50475c8	_usleep	0xf	1	0	0	1
3583	0x504774e	_atof	0xf	1	0	0	1
3584	0x5047788	__fcvt	0xf	1	0	0	1
3585	0x5047762	__ecvt	0xf	1	0	0	1
3586	0x5047932	_fabs	0xf	1	0	0	1
3587	0x5047950	__isinf	0xf	1	0	0	1
3588	0x5047974	__isnan	0xf	1	0	0	1
3589	0x50479a4	_ldexp	0xf	1	0	0	1
3590	0x50479fa	_moninitshlibs	0xf	1	0	0	1
3591	0x5047de0	__longjmperror	0xf	1	0	0	1
3592	0x5047e08	_abs	0xf	1	0	0	1
3593	0x5047e12	_bcmp	0xf	1	0	0	1
3594	0x5047e7c	__bcopy	0xf	1	0	0	1
3595	0x5047f3e	__bzero	0xf	1	0	0	1
3596	0x5047f9c	_ffs	0xf	1	0	0	1
3597	0x50480ca	__index	0xf	1	0	0	1
3598	0x50480f0	_insque	0xf	1	0	0	1
3599	0x50b2f74	_mcount_hack	0xf	4	0	0	1
3600	0x504810c	mcount	0xf	1	0	0	1
3601	0x504812c	_modf	0xf	1	0	0	1
3602	0x504814c	_remque	0xf	1	0	0	1
3603	0x504815e	_rindex	0xf	1	0	0	1
3604	0x5048174	_setjmp	0xf	1	0	0	1
3605	0x50481d6	_longjmp	0xf	1	0	0	1
3606	0x5048224	_strcat	0xf	1	0	0	1
3607	0x5001a7a	_strcmp	0xf	1	0	0	1
3608	0x50066b6	_strcpy	0xf	1	0	0	1
3609	0x500212c	_strlen	0xf	1	0	0	1
3610	0x504823a	_strncat	0xf	1	0	0	1
3611	0x50066c6	_strncmp	0xf	1	0	0	1
3612	0x5004c9c	_strncpy	0xf	1	0	0	1
3613	0x504825a	__dbltopdfp	0xf	1	0	0	1
3614	0x504826e	__pdfptodbl	0xf	1	0	0	1
3615	0x5048280	__longjmp	0xf	1	0	0	1
3616	0x500289c	__setjmp	0xf	1	0	0	1
3617	0x50482ca	_inet_addr	0xf	1	0	0	1
3618	0x50482ec	_inet_aton	0xf	1	0	0	1
3619	0x504847e	_inet_lnaof	0xf	1	0	0	1
3620	0x50484b0	_inet_makeaddr	0xf	1	0	0	1
3621	0x5048506	_inet_netof	0xf	1	0	0	1
3622	0x504853e	_inet_network	0xf	1	0	0	1
3623	0x5048644	_inet_ntoa	0xf	1	0	0	1
3624	0x5048694	__adddi3	0xf	1	0	0	1
3625	0x5048744	__anddi3	0xf	1	0	0	1
3626	0x5048772	__bdiv	0xf	1	0	0	1
3627	0x5048aa6	__iordi3	0xf	1	0	0	1
3628	0x50b58b8	__NX_CTypeTable_	0xf	6	0	0	1
3629	0x50b59b9	__NX_ULTable_	0xf	6	0	0	1
3630	0x5048ad4	_NXIsAlNum	0xf	1	0	0	1
3631	0x5048b1e	_NXIsAlpha	0xf	1	0	0	1
3632	0x5048b68	_NXIsAscii	0xf	1	0	0	1
3633	0x5048b94	_NXIsCntrl	0xf	1	0	0	1
3634	0x5048bde	_NXIsDigit	0xf	1	0	0	1
3635	0x5048c28	_NXIsGraph	0xf	1	0	0	1
3636	0x5048c72	_NXIsLower	0xf	1	0	0	1
3637	0x5048cbc	_NXIsPrint	0xf	1	0	0	1
3638	0x5048d08	_NXIsPunct	0xf	1	0	0	1
3639	0x5048d52	_NXIsSpace	0xf	1	0	0	1
3640	0x5048d9c	_NXIsUpper	0xf	1	0	0	1
3641	0x5048de6	_NXIsXDigit	0xf	1	0	0	1
3642	0x5048e30	_NXToAscii	0xf	1	0	0	1
3643	0x5049342	_NXToLower	0xf	1	0	0	1
3644	0x504938c	_NXToUpper	0xf	1	0	0	1
3645	0x50493d6	__one_cmpldi2	0xf	1	0	0	1
3646	0x50493fe	__subdi3	0xf	1	0	0	1
3647	0x50494ae	__xordi3	0xf	1	0	0	1
3648	0x50494dc	__NXToLower	0xf	1	0	0	1
3649	0x504952e	__NXToUpper	0xf	1	0	0	1
3650	0x5049580	_bootstrap_get_unpriv_port	0xf	1	0	0	1
3651	0x50495aa	_mach_exception_string	0xf	1	0	0	1
3652	0x5049676	_mach_NeXT_exception_string	0xf	1	0	0	1
3653	0x5049720	_mach_NeXT_exception	0xf	1	0	0	1
3654	0x5049630	_mach_exception	0xf	1	0	0	1
3655	0x5049776	_catch_exception_raise	0xf	1	0	0	1
3656	0x50b5ac8	__bootstrap_port	0xf	6	0	0	1
3657	0x50b5ad8	__old_mach_init_ports_count	0xf	6	0	0	1
3658	0x50b5ad4	__old_mach_init_ports	0xf	6	0	0	1
3659	0x50b5abc	__task_self_	0xf	6	0	0	1
3660	0x50b5acc	__vm_page_size	0xf	6	0	0	1
3661	0x50b5ae8	__mach_data_padding	0xf	6	0	0	1
3662	0x50b5ac4	__xxx_environment_port	0xf	6	0	0	1
3663	0x50b5ac0	__name_server_port	0xf	6	0	0	1
3664	0x50b5adc	__mach_init_routine	0xf	6	0	0	1
3665	0x50b5ad0	__xxx_PORT_ENABLED	0xf	6	0	0	1
3666	0x5049782	__mach_error_string	0xf	1	0	0	1
3667	0x5049bdc	__mach_error	0xf	1	0	0	1
3668	0x5049bca	__mach_errormsg	0xf	1	0	0	1
3669	0x5049c34	__mach_init	0xf	1	0	0	1
3670	0x5049c22	__fork_mach_init	0xf	1	0	0	1
3671	0x5049ce8	_mach_msg	0xf	1	0	0	1
3672	0x5049da4	_mach_msg_receive	0xf	1	0	0	1
3673	0x5049dca	_mach_msg_send	0xf	1	0	0	1
3674	0x5049dee	_mig_allocate	0xf	1	0	0	1
3675	0x5049e1e	_mig_deallocate	0xf	1	0	0	1
3676	0x5049e3c	_mig_reply_setup	0xf	1	0	0	1
3677	0x5049e86	_mig_strncpy	0xf	1	0	0	1
3678	0x5049ebc	__msg_receive	0xf	1	0	0	1
3679	0x5005808	__msg_rpc	0xf	1	0	0	1
3680	0x5049f28	__msg_send	0xf	1	0	0	1
3681	0x5049f88	_sbrk	0xf	1	0	0	1
3682	0x504a000	_brk	0xf	1	0	0	1
3683	0x504a00a	_slot_name	0xf	1	0	0	1
3684	0x504a394	__task_self	0xf	1	0	0	1
3685	0x504a2c0	__mach_msg_trap	0xf	1	0	0	1
3686	0x504a314	__mach_task_self	0xf	1	0	0	1
3687	0x504a298	__host_self	0xf	1	0	0	1
3688	0x504a28c	__host_priv_self	0xf	1	0	0	1
3689	0x504a3a4	__thread_self	0xf	1	0	0	1
3690	0x504a36c	__swtch	0xf	1	0	0	1
3691	0x504a348	__msg_receive_trap	0xf	1	0	0	1
3692	0x50038d0	__msg_rpc_trap	0xf	1	0	0	1
3693	0x50058a4	__msg_send_trap	0xf	1	0	0	1
3694	0x504a39c	__thread_reply	0xf	1	0	0	1
3695	0x504a38c	__task_notify	0xf	1	0	0	1
3696	0x504a380	__task_by_pid	0xf	1	0	0	1
3697	0x504a268	__event_port_by_tag	0xf	1	0	0	1
3698	0x504a274	__lookupd_port	0xf	1	0	0	1
3699	0x504a324	__map_fd	0xf	1	0	0	1
3700	0x504a3ac	__thread_switch	0xf	1	0	0	1
3701	0x504a280	__device_master_self	0xf	1	0	0	1
3702	0x504a374	__swtch_pri	0xf	1	0	0	1
3703	0x504a2a4	__init_process	0xf	1	0	0	1
3704	0x504a2ac	__kern_timestamp	0xf	1	0	0	1
3705	0x504a31c	__mach_thread_self	0xf	1	0	0	1
3706	0x504a2ec	__mach_reply_port	0xf	1	0	0	1
3707	0x504a2b8	__mach_host_self	0xf	1	0	0	1
3708	0x504a2f4	__mach_swapon	0xf	1	0	0	1
3709	0x504a5d8	__bootstrap_look_up	0xf	1	0	0	1
3710	0x504a3c8	__bootstrap_check_in	0xf	1	0	0	1
3711	0x504a81a	__bootstrap_status	0xf	1	0	0	1
3712	0x504ab68	__bootstrap_create_service	0xf	1	0	0	1
3713	0x504a6ec	__bootstrap_look_up_array	0xf	1	0	0	1
3714	0x504aa74	__bootstrap_subset	0xf	1	0	0	1
3715	0x504a930	__bootstrap_info	0xf	1	0	0	1
3716	0x504a4dc	__bootstrap_register	0xf	1	0	0	1
3717	0x504ac7c	_exception_raise	0xf	1	0	0	1
3718	0x504ae30	_exc_server	0xf	1	0	0	1
3719	0x504b190	__port_deallocate	0xf	1	0	0	1
3720	0x504d0d0	__thread_suspend	0xf	1	0	0	1
3721	0x504d18e	__thread_terminate	0xf	1	0	0	1
3722	0x504c7e6	__task_threads	0xf	1	0	0	1
3723	0x504c728	__task_terminate	0xf	1	0	0	1
3724	0x504c66a	__task_suspend	0xf	1	0	0	1
3725	0x504d334	__vm_copy	0xf	1	0	0	1
3726	0x504c4d0	__task_resume	0xf	1	0	0	1
3727	0x504c282	__task_get_special_port	0xf	1	0	0	1
3728	0x504cfbc	__thread_set_state	0xf	1	0	0	1
3729	0x504d24c	__unix_pid	0xf	1	0	0	1
3730	0x504cee0	__thread_set_special_port	0xf	1	0	0	1
3731	0x5005aea	__vm_allocate	0xf	1	0	0	1
3732	0x5005c00	__vm_deallocate	0xf	1	0	0	1
3733	0x504d724	__vm_protect	0xf	1	0	0	1
3734	0x504ce22	__thread_resume	0xf	1	0	0	1
3735	0x504b0a8	__port_allocate	0xf	1	0	0	1
3736	0x504d422	__vm_deactivate	0xf	1	0	0	1
3737	0x504d510	__vm_inherit	0xf	1	0	0	1
3738	0x504d5fe	__vm_machine_attribute	0xf	1	0	0	1
3739	0x504d822	__vm_read	0xf	1	0	0	1
3740	0x504d934	__vm_region	0xf	1	0	0	1
3741	0x504b9c4	__port_set_backlog	0xf	1	0	0	1
3742	0x504cb72	__thread_get_state	0xf	1	0	0	1
3743	0x504ca7c	__thread_get_special_port	0xf	1	0	0	1
3744	0x504c378	__task_info	0xf	1	0	0	1
3745	0x504c996	__thread_create	0xf	1	0	0	1
3746	0x504dad4	__vm_set_policy	0xf	1	0	0	1
3747	0x504c58e	__task_set_special_port	0xf	1	0	0	1
3748	0x504dbc2	__vm_statistics	0xf	1	0	0	1
3749	0x504c8d8	__thread_abort	0xf	1	0	0	1
3750	0x504aec0	__netipc_ignore	0xf	1	0	0	1
3751	0x504af8c	__netipc_listen	0xf	1	0	0	1
3752	0x504b25e	__port_extract_receive	0xf	1	0	0	1
3753	0x504b354	__port_extract_send	0xf	1	0	0	1
3754	0x504b44a	__port_insert_receive	0xf	1	0	0	1
3755	0x504b526	__port_insert_send	0xf	1	0	0	1
3756	0x504b602	__port_names	0xf	1	0	0	1
3757	0x504b720	__port_rename	0xf	1	0	0	1
3758	0x504b7fe	__port_set_add	0xf	1	0	0	1
3759	0x504b8dc	__port_set_allocate	0xf	1	0	0	1
3760	0x504baa2	__port_set_backup	0xf	1	0	0	1
3761	0x504dce0	__vm_synchronize	0xf	1	0	0	1
3762	0x504bba6	__port_set_deallocate	0xf	1	0	0	1
3763	0x504bc74	__port_set_remove	0xf	1	0	0	1
3764	0x504c18c	__task_create	0xf	1	0	0	1
3765	0x504ddbe	__vm_write	0xf	1	0	0	1
3766	0x504c096	__task_by_unix_pid	0xf	1	0	0	1
3767	0x504deaa	__xxx_cpu_control	0xf	1	0	0	1
3768	0x504bf9e	__port_type	0xf	1	0	0	1
3769	0x504be44	__port_status	0xf	1	0	0	1
3770	0x504bd42	__port_set_status	0xf	1	0	0	1
3771	0x504df88	__xxx_host_info	0xf	1	0	0	1
3772	0x504e084	__xxx_slot_info	0xf	1	0	0	1
3773	0x504ccca	__thread_info	0xf	1	0	0	1
3774	0x504e28e	_host_info	0xf	1	0	0	1
3775	0x504faa6	_processor_set_threads	0xf	1	0	0	1
3776	0x504f64c	_processor_set_max_priority	0xf	1	0	0	1
3777	0x504fd7e	_thread_depress_abort	0xf	1	0	0	1
3778	0x504ef30	_thread_get_assignment	0xf	1	0	0	1
3779	0x504e7d4	_processor_set_default	0xf	1	0	0	1
3780	0x504ff10	_host_adjust_time	0xf	1	0	0	1
3781	0x5050018	_host_get_time	0xf	1	0	0	1
3782	0x504f2a6	_host_kernel_version	0xf	1	0	0	1
3783	0x504fc8a	_host_processor_set_priv	0xf	1	0	0	1
3784	0x504fb98	_host_processor_sets	0xf	1	0	0	1
3785	0x504e19c	_host_processors	0xf	1	0	0	1
3786	0x504fe3c	_host_set_time	0xf	1	0	0	1
3787	0x504ebe4	_processor_assign	0xf	1	0	0	1
3788	0x504e6d0	_processor_control	0xf	1	0	0	1
3789	0x504e612	_processor_exit	0xf	1	0	0	1
3790	0x504ecc0	_processor_get_assignment	0xf	1	0	0	1
3791	0x504e3e6	_processor_info	0xf	1	0	0	1
3792	0x504f3b4	_thread_priority	0xf	1	0	0	1
3793	0x504f72a	_thread_policy	0xf	1	0	0	1
3794	0x504e8ba	_processor_set_create	0xf	1	0	0	1
3795	0x504e9b8	_processor_set_destroy	0xf	1	0	0	1
3796	0x504f0f2	_task_assign_default	0xf	1	0	0	1
3797	0x504ea76	_processor_set_info	0xf	1	0	0	1
3798	0x504f1c0	_task_get_assignment	0xf	1	0	0	1
3799	0x504f8d6	_processor_set_policy_disable	0xf	1	0	0	1
3800	0x504f808	_processor_set_policy_enable	0xf	1	0	0	1
3801	0x504f9b4	_processor_set_tasks	0xf	1	0	0	1
3802	0x504e554	_processor_start	0xf	1	0	0	1
3803	0x504f016	_task_assign	0xf	1	0	0	1
3804	0x504f56e	_task_priority	0xf	1	0	0	1
3805	0x504ee72	_thread_assign_default	0xf	1	0	0	1
3806	0x504eda6	_thread_assign	0xf	1	0	0	1
3807	0x504f492	_thread_max_priority	0xf	1	0	0	1
3808	0x5050358	_netname_check_out	0xf	1	0	0	1
3809	0x5050218	_netname_look_up	0xf	1	0	0	1
3810	0x505010a	_netname_check_in	0xf	1	0	0	1
3811	0x5050452	_netname_version	0xf	1	0	0	1
3812	0x5050578	_NXGetLocalArchInfo	0xf	1	0	0	1
3813	0x5050660	_NXFindBestFatArch	0xf	1	0	0	1
3814	0x50505d0	_NXGetArchInfoFromName	0xf	1	0	0	1
3815	0x5050966	_NXCombineCpuSubtypes	0xf	1	0	0	1
3816	0x505055e	_NXGetAllArchInfos	0xf	1	0	0	1
3817	0x5050614	_NXGetArchInfoFromCpuType	0xf	1	0	0	1
3818	0x500620c	_getmachheaders	0xf	1	0	0	1
3819	0x5050b02	_getsectbynamefromheader	0xf	1	0	0	1
3820	0x5050d62	_getsectdatafromheader	0xf	1	0	0	1
3821	0x5050baa	_getsectbynamefromheaderwithswap	0xf	1	0	0	1
3822	0x5050d2e	_getsectdata	0xf	1	0	0	1
3823	0x5050d9a	_getsectdatafromlib	0xf	1	0	0	1
3824	0x5050ce4	_getsectbyname	0xf	1	0	0	1
3825	0x5050ea8	_getsegbyname	0xf	1	0	0	1
3826	0x5050f92	_get_etext	0xf	1	0	0	1
3827	0x5050f28	_get_end	0xf	1	0	0	1
3828	0x5050fcc	_get_edata	0xf	1	0	0	1
3829	0x505199a	_swap_ident_command	0xf	1	0	0	1
3830	0x50517c6	_swap_fvmlib_command	0xf	1	0	0	1
3831	0x505171c	_swap_symseg_command	0xf	1	0	0	1
3832	0x5051006	_swap_fat_header	0xf	1	0	0	1
3833	0x5051060	_swap_fat_arch	0xf	1	0	0	1
3834	0x505126c	_swap_load_command	0xf	1	0	0	1
3835	0x5051afc	_swap_relocation_info	0xf	1	0	0	1
3836	0x5051a88	_swap_ranlib	0xf	1	0	0	1
3837	0x50512c6	_swap_segment_command	0xf	1	0	0	1
3838	0x505147c	_swap_section	0xf	1	0	0	1
3839	0x5051626	_swap_symtab_command	0xf	1	0	0	1
3840	0x5051940	_swap_thread_command	0xf	1	0	0	1
3841	0x50519f4	_swap_nlist	0xf	1	0	0	1
3842	0x5051896	_swap_fvmfile_command	0xf	1	0	0	1
3843	0x5051150	_swap_mach_header	0xf	1	0	0	1
3844	0x5051e94	_ether_hostton	0xf	1	0	0	1
3845	0x5051d18	_ether_line	0xf	1	0	0	1
3846	0x5051d80	_ether_ntoa	0xf	1	0	0	1
3847	0x5051f92	_ether_ntohost	0xf	1	0	0	1
3848	0x5051e06	_ether_aton	0xf	1	0	0	1
3849	0x505232a	__old_endnetent	0xf	1	0	0	1
3850	0x505210e	__old_getnetbyaddr	0xf	1	0	0	1
3851	0x50521d6	__old_getnetbyname	0xf	1	0	0	1
3852	0x5052374	__old_getnetent	0xf	1	0	0	1
3853	0x50522b2	__old_setnetent	0xf	1	0	0	1
3854	0x505265c	__nettoa	0xf	1	0	0	1
3855	0x50527b4	__old_endnetgrent	0xf	1	0	0	1
3856	0x505271e	__old_setnetgrent	0xf	1	0	0	1
3857	0x5052842	__old_getnetgrent	0xf	1	0	0	1
3858	0x5052d5a	__old_endprotoent	0xf	1	0	0	1
3859	0x5052b3c	__old_getprotobynumber	0xf	1	0	0	1
3860	0x5052da4	__old_getprotoent	0xf	1	0	0	1
3861	0x5052ce2	__old_setprotoent	0xf	1	0	0	1
3862	0x5052c06	__old_getprotobyname	0xf	1	0	0	1
3863	0x5053060	_getrpcport	0xf	1	0	0	1
3864	0x5053314	__old_endservent	0xf	1	0	0	1
3865	0x50530ee	__old_getservbyport	0xf	1	0	0	1
3866	0x505335e	__old_getservent	0xf	1	0	0	1
3867	0x50532a2	__old_setservent	0xf	1	0	0	1
3868	0x5053216	__old_getservbyname	0xf	1	0	0	1
3869	0x505363e	__old_innetgr	0xf	1	0	0	1
3870	0x5054272	__validuser	0xf	1	0	0	1
3871	0x5053bfa	_rcmd	0xf	1	0	0	1
3872	0x5054046	_rresvport	0xf	1	0	0	1
3873	0x50540dc	_ruserok	0xf	1	0	0	1
3874	0x50544c8	__checkhost	0xf	1	0	0	1
3875	0x5054600	_rexec	0xf	1	0	0	1
3876	0x50559be	_mkpwclear	0xf	1	0	0	1
3877	0x50548dc	_ruserpass	0xf	1	0	0	1
3878	0x5055954	_mkpwunclear	0xf	1	0	0	1
3879	0x5055de6	___putlong	0xf	1	0	0	1
3880	0x5055dce	___putshort	0xf	1	0	0	1
3881	0x5055d9c	__getlong	0xf	1	0	0	1
3882	0x5055d7e	__getshort	0xf	1	0	0	1
3883	0x5055b2e	_dn_comp	0xf	1	0	0	1
3884	0x5055a28	_dn_expand	0xf	1	0	0	1
3885	0x5055c42	___dn_skipname	0xf	1	0	0	1
3886	0x5057640	___p_type	0xf	1	0	0	1
3887	0x5056b40	___p_cdnname	0xf	1	0	0	1
3888	0x5057c10	___p_class	0xf	1	0	0	1
3889	0x5056be8	___p_fqname	0xf	1	0	0	1
3890	0x5057c7e	___p_option	0xf	1	0	0	1
3891	0x5056552	___p_query	0xf	1	0	0	1
3892	0x5056c9a	___p_rr	0xf	1	0	0	1
3893	0x5057da2	___p_time	0xf	1	0	0	1
3894	0x50b5bec	__res_opcodes	0xf	6	0	0	1
3895	0x50b5c2c	__res_resultcodes	0xf	6	0	0	1
3896	0x5056626	___fp_nquery	0xf	1	0	0	1
3897	0x5056bca	___p_cdname	0xf	1	0	0	1
3898	0x505657a	___fp_resstat	0xf	1	0	0	1
3899	0x5056b26	___fp_query	0xf	1	0	0	1
3900	0x5057f58	_res_init	0xf	1	0	0	1
3901	0x5058b1c	__res_running	0xf	1	0	0	1
3902	0x5058b3c	_res_mkquery	0xf	1	0	0	1
3903	0x5058f40	_res_search	0xf	1	0	0	1
3904	0x5058d7a	_res_query	0xf	1	0	0	1
3905	0x5059246	___hostalias	0xf	1	0	0	1
3906	0x5059164	_res_querydomain	0xf	1	0	0	1
3907	0x505962a	_res_send	0xf	1	0	0	1
3908	0x5059464	___res_isourserver	0xf	1	0	0	1
3909	0x50594e4	___res_nameinquery	0xf	1	0	0	1
3910	0x5059586	___res_queriesmatch	0xf	1	0	0	1
3911	0x505a130	__res_close	0xf	1	0	0	1
3912	0x505942c	_res_send_setqhook	0xf	1	0	0	1
3913	0x5059448	_res_send_setrhook	0xf	1	0	0	1
3914	0x50b5e36	__net_stayopen	0xf	6	0	0	1
3915	0x50b5c80	__res	0xf	6	0	0	1
3916	0x505a196	_htons	0xf	1	0	0	1
3917	0x505a18a	_htonl	0xf	1	0	0	1
3918	0x505a170	_ntohl	0xf	1	0	0	1
3919	0x505a17c	_ntohs	0xf	1	0	0	1
3920	0x505a6b8	__res_gethostbyname	0xf	1	0	0	1
3921	0x505a80c	__res_gethostbyaddr	0xf	1	0	0	1
3922	0x505ac30	__res_getnetbyaddr	0xf	1	0	0	1
3923	0x505ad82	__res_getnetbyname	0xf	1	0	0	1
3924	0x505ae9e	_hstrerror	0xf	1	0	0	1
3925	0x50b5e42	_h_errlist	0xf	6	0	0	1
3926	0x50b5e56	_h_nerr	0xf	6	0	0	1
3927	0x505ae04	_herror	0xf	1	0	0	1
3928	0x505af04	_inet_nsap_addr	0xf	1	0	0	1
3929	0x505afec	_inet_nsap_ntoa	0xf	1	0	0	1
3930	0x505b1a8	__old_gethostbyname	0xf	1	0	0	1
3931	0x505b334	__old_gethostbyaddr	0xf	1	0	0	1
3932	0x505b468	__old_sethostent	0xf	1	0	0	1
3933	0x505b54c	__old_gethostent	0xf	1	0	0	1
3934	0x505b7c8	__old_sethostfile	0xf	1	0	0	1
3935	0x505b4e0	__old_endhostent	0xf	1	0	0	1
3936	0x505bc02	_alias_getent	0xf	1	0	0	1
3937	0x505bc36	_alias_setent	0xf	1	0	0	1
3938	0x505bc76	_alias_endent	0xf	1	0	0	1
3939	0x505bbd4	_alias_getbyname	0xf	1	0	0	1
3940	0x505bea6	_bootp_getbyether	0xf	1	0	0	1
3941	0x505bed2	_bootp_getbyip	0xf	1	0	0	1
3942	0x505c02e	_bootparams_getbyname	0xf	1	0	0	1
3943	0x505c8a0	_endgrent	0xf	1	0	0	1
3944	0x505c8d2	_setgrfile	0xf	1	0	0	1
3945	0x505c6e2	_getgrnam	0xf	1	0	0	1
3946	0x505c710	_initgroups	0xf	1	0	0	1
3947	0x505c6b4	_getgrgid	0xf	1	0	0	1
3948	0x505c82c	_getgrent	0xf	1	0	0	1
3949	0x505c860	_setgrent	0xf	1	0	0	1
3950	0x505cf60	_endhostent	0xf	1	0	0	1
3951	0x505ce72	_gethostbyaddr	0xf	1	0	0	1
3952	0x505cee2	_gethostent	0xf	1	0	0	1
3953	0x505cf92	_sethostfile	0xf	1	0	0	1
3954	0x505cf16	_sethostent	0xf	1	0	0	1
3955	0x505ceb4	_gethostbyname	0xf	1	0	0	1
3956	0x505d29c	_endmntent	0xf	1	0	0	1
3957	0x505d230	_addmntent	0xf	1	0	0	1
3958	0x505d252	_setmntent	0xf	1	0	0	1
3959	0x505d20e	_getmntent	0xf	1	0	0	1
3960	0x505d828	_endnetent	0xf	1	0	0	1
3961	0x505d740	_getnetbyaddr	0xf	1	0	0	1
3962	0x505d7aa	_getnetent	0xf	1	0	0	1
3963	0x505d77c	_getnetbyname	0xf	1	0	0	1
3964	0x505d7de	_setnetent	0xf	1	0	0	1
3965	0x505db74	_innetgr	0xf	1	0	0	1
3966	0x505dc2c	_setnetgrent	0xf	1	0	0	1
3967	0x505dbdc	_getnetgrent	0xf	1	0	0	1
3968	0x505d85a	__set_innetgr_handler	0xf	1	0	0	1
3969	0x505dae6	_lu_getnetgrent	0xf	1	0	0	1
3970	0x505dc76	_endnetgrent	0xf	1	0	0	1
3971	0x505e1ea	_endprotoent	0xf	1	0	0	1
3972	0x505e1a0	_setprotoent	0xf	1	0	0	1
3973	0x505e13e	_getprotobyname	0xf	1	0	0	1
3974	0x505e16c	_getprotoent	0xf	1	0	0	1
3975	0x505e110	_getprotobynumber	0xf	1	0	0	1
3976	0x505e62c	_prdb_getbyname	0xf	1	0	0	1
3977	0x505e6d8	_prdb_end	0xf	1	0	0	1
3978	0x505e68e	_prdb_set	0xf	1	0	0	1
3979	0x505e65a	_prdb_get	0xf	1	0	0	1
3980	0x505ec8c	_setpwfile	0xf	1	0	0	1
3981	0x505ebb8	_getpwnam	0xf	1	0	0	1
3982	0x505eb8a	_getpwuid	0xf	1	0	0	1
3983	0x505ec5a	_endpwent	0xf	1	0	0	1
3984	0x505ebe6	_getpwent	0xf	1	0	0	1
3985	0x505ec1a	_setpwent	0xf	1	0	0	1
3986	0x505f1ea	_endrpcent	0xf	1	0	0	1
3987	0x505f13e	_getrpcbyname	0xf	1	0	0	1
3988	0x505f1a0	_setrpcent	0xf	1	0	0	1
3989	0x505f110	_getrpcbynumber	0xf	1	0	0	1
3990	0x505f16c	_getrpcent	0xf	1	0	0	1
3991	0x505f796	_getservent	0xf	1	0	0	1
3992	0x505f71e	_getservbyport	0xf	1	0	0	1
3993	0x505f7ca	_setservent	0xf	1	0	0	1
3994	0x505f75a	_getservbyname	0xf	1	0	0	1
3995	0x505f814	_endservent	0xf	1	0	0	1
3996	0x50b602c	__lu_port	0xf	6	0	0	1
3997	0x505f860	__lu_setport	0xf	1	0	0	1
3998	0x505f8dc	__lu_running	0xf	1	0	0	1
3999	0x505f846	__lu_fork_child	0xf	1	0	0	1
4000	0x50b6030	_h_errno	0xf	6	0	0	1
4001	0x505f938	_ni_error	0xf	1	0	0	1
4002	0x50617ba	_ni_writeprop	0xf	1	0	0	1
4003	0x5061bbc	_ni_resync	0xf	1	0	0	1
4004	0x5061230	_ni_root	0xf	1	0	0	1
4005	0x5061282	_ni_self	0xf	1	0	0	1
4006	0x5061d40	_ni_setpassword	0xf	1	0	0	1
4007	0x5061bf2	_ni_setuser	0xf	1	0	0	1
4008	0x505fd5a	_ni_setwritetimeout	0xf	1	0	0	1
4009	0x50611e4	_ni_statistics	0xf	1	0	0	1
4010	0x506148e	_ni_write	0xf	1	0	0	1
4011	0x5061ad0	_ni_writename	0xf	1	0	0	1
4012	0x5061894	_ni_createprop	0xf	1	0	0	1
4013	0x506104a	_ni_new	0xf	1	0	0	1
4014	0x506115c	_ni_free	0xf	1	0	0	1
4015	0x506197a	_ni_renameprop	0xf	1	0	0	1
4016	0x5060a4c	__ni_dup	0xf	1	0	0	1
4017	0x5060fe2	_ni_addrtag	0xf	1	0	0	1
4018	0x506132e	_ni_children	0xf	1	0	0	1
4019	0x5060f8a	_ni_connect	0xf	1	0	0	1
4020	0x5061392	_ni_create	0xf	1	0	0	1
4021	0x5061740	_ni_readprop	0xf	1	0	0	1
4022	0x5061b46	_ni_readname	0xf	1	0	0	1
4023	0x50614fe	_ni_read	0xf	1	0	0	1
4024	0x50612d4	_ni_parent	0xf	1	0	0	1
4025	0x50619ea	_ni_createname	0xf	1	0	0	1
4026	0x50616dc	_ni_listall	0xf	1	0	0	1
4027	0x505fd48	_ni_setabort	0xf	1	0	0	1
4028	0x505fd7e	_ni_needwrite	0xf	1	0	0	1
4029	0x50615e2	_ni_lookupread	0xf	1	0	0	1
4030	0x5061562	_ni_lookup	0xf	1	0	0	1
4031	0x5061830	_ni_listprops	0xf	1	0	0	1
4032	0x505fd6c	_ni_setreadtimeout	0xf	1	0	0	1
4033	0x5061662	_ni_list	0xf	1	0	0	1
4034	0x506141e	_ni_destroy	0xf	1	0	0	1
4035	0x5061910	_ni_destroyprop	0xf	1	0	0	1
4036	0x5061a60	_ni_destroyname	0xf	1	0	0	1
4037	0x5062266	_ni_pwdomain	0xf	1	0	0	1
4038	0x50626d4	_ni_fancyopen	0xf	1	0	0	1
4039	0x50626b8	_ni_open	0xf	1	0	0	1
4040	0x5062768	_ni_pathsearch	0xf	1	0	0	1
4041	0x5062f2e	_ni_entrylist_free	0xf	1	0	0	1
4042	0x5062a78	_ni_proplist_list_free	0xf	1	0	0	1
4043	0x5062886	_ni_idlist_free	0xf	1	0	0	1
4044	0x5062d2c	_ni_namelist_insert	0xf	1	0	0	1
4045	0x5062dfe	_ni_namelist_match	0xf	1	0	0	1
4046	0x5062da0	_ni_namelist_delete	0xf	1	0	0	1
4047	0x5062c8c	_ni_namelist_dup	0xf	1	0	0	1
4048	0x5062c00	_ni_prop_free	0xf	1	0	0	1
4049	0x5062c42	_ni_name_dup	0xf	1	0	0	1
4050	0x5062bbc	_ni_prop_dup	0xf	1	0	0	1
4051	0x50629a8	_ni_proplist_delete	0xf	1	0	0	1
4052	0x5062acc	_ni_proplist_dup	0xf	1	0	0	1
4053	0x5062b3e	_ni_proplist_match	0xf	1	0	0	1
4054	0x5062a20	_ni_proplist_free	0xf	1	0	0	1
4055	0x50627be	_ni_idlist_insert	0xf	1	0	0	1
4056	0x50628f8	_ni_proplist_insert	0xf	1	0	0	1
4057	0x5062c6c	_ni_name_free	0xf	1	0	0	1
4058	0x5062e40	_ni_entrylist_insert	0xf	1	0	0	1
4059	0x5062ec8	_ni_entrylist_delete	0xf	1	0	0	1
4060	0x5062cd8	_ni_namelist_free	0xf	1	0	0	1
4061	0x5062f94	_ni_lookupprop	0xf	1	0	0	1
4062	0x5062c24	_ni_name_match	0xf	1	0	0	1
4063	0x5062828	_ni_idlist_delete	0xf	1	0	0	1
4064	0x50628b8	_ni_idlist_dup	0xf	1	0	0	1
4065	0x50630ae	__old_prdb_set	0xf	1	0	0	1
4066	0x5063080	__old_prdb_end	0xf	1	0	0	1
4067	0x5063410	__old_prdb_getbyname	0xf	1	0	0	1
4068	0x50631ae	__old_prdb_get	0xf	1	0	0	1
4069	0x506367c	_putpwpasswd	0xf	1	0	0	1
4070	0x5063946	__ni_parent_2	0xf	1	0	0	1
4071	0x506440e	__ni_resync_2	0xf	1	0	0	1
4072	0x506413e	__ni_writename_2	0xf	1	0	0	1
4073	0x5063ee6	__ni_renameprop_2	0xf	1	0	0	1
4074	0x5063aae	__ni_read_2	0xf	1	0	0	1
4075	0x50641b6	__ni_rparent_2	0xf	1	0	0	1
4076	0x50640c6	__ni_readname_2	0xf	1	0	0	1
4077	0x50638ce	__ni_self_2	0xf	1	0	0	1
4078	0x50637de	__ni_statistics_2	0xf	1	0	0	1
4079	0x5063856	__ni_root_2	0xf	1	0	0	1
4080	0x5064396	__ni_crashed_2	0xf	1	0	0	1
4081	0x5063df6	__ni_readprop_2	0xf	1	0	0	1
4082	0x50642a6	__ni_bind_2	0xf	1	0	0	1
4083	0x5063e6e	__ni_writeprop_2	0xf	1	0	0	1
4084	0x5063768	__ni_ping_2	0xf	1	0	0	1
4085	0x506431e	__ni_readall_2	0xf	1	0	0	1
4086	0x5063b26	__ni_write_2	0xf	1	0	0	1
4087	0x5063c8e	__ni_list_2	0xf	1	0	0	1
4088	0x50639be	__ni_create_2	0xf	1	0	0	1
4089	0x5063b9e	__ni_children_2	0xf	1	0	0	1
4090	0x5064486	__ni_lookupread_2	0xf	1	0	0	1
4091	0x5063c16	__ni_lookup_2	0xf	1	0	0	1
4092	0x5063fd6	__ni_createname_2	0xf	1	0	0	1
4093	0x5063f5e	__ni_listprops_2	0xf	1	0	0	1
4094	0x506422e	__ni_listall_2	0xf	1	0	0	1
4095	0x5063d06	__ni_createprop_2	0xf	1	0	0	1
4096	0x5063d7e	__ni_destroyprop_2	0xf	1	0	0	1
4097	0x506404e	__ni_destroyname_2	0xf	1	0	0	1
4098	0x5063a36	__ni_destroy_2	0xf	1	0	0	1
4099	0x5064676	_xdr_ni_object	0xf	1	0	0	1
4100	0x5064d76	_xdr_ni_namelist_stuff	0xf	1	0	0	1
4101	0x506456a	_xdr_ni_namelist	0xf	1	0	0	1
4102	0x5064bae	_xdr_ni_lookup_stuff	0xf	1	0	0	1
4103	0x50645ac	_xdr_ni_property	0xf	1	0	0	1
4104	0x5064746	_xdr_ni_parent_stuff	0xf	1	0	0	1
4105	0x50650d4	_xdr_ni_object_node	0xf	1	0	0	1
4106	0x50648f4	_xdr_ni_list_stuff	0xf	1	0	0	1
4107	0x5064634	_xdr_ni_idlist	0xf	1	0	0	1
4108	0x50648b2	_xdr_ni_entrylist	0xf	1	0	0	1
4109	0x506485e	_xdr_ni_entry	0xf	1	0	0	1
4110	0x5064a84	_xdr_ni_create_stuff	0xf	1	0	0	1
4111	0x50647d2	_xdr_ni_children_stuff	0xf	1	0	0	1
4112	0x5064cd8	_xdr_ni_writeprop_args	0xf	1	0	0	1
4113	0x5064f1c	_xdr_ni_writename_args	0xf	1	0	0	1
4114	0x50646e0	_xdr_ni_status	0xf	1	0	0	1
4115	0x506509e	_xdr_ni_object_list	0xf	1	0	0	1
4116	0x50651fa	_xdr_ni_listall_stuff	0xf	1	0	0	1
4117	0x5064e02	_xdr_ni_propname_args	0xf	1	0	0	1
4118	0x5064fcc	_xdr_ni_readname_res	0xf	1	0	0	1
4119	0x5064a3e	_xdr_ni_proplist_res	0xf	1	0	0	1
4120	0x50645f2	_xdr_ni_proplist	0xf	1	0	0	1
4121	0x5064d30	_xdr_ni_prop_args	0xf	1	0	0	1
4122	0x506478c	_xdr_ni_parent_res	0xf	1	0	0	1
4123	0x5064dbc	_xdr_ni_namelist_res	0xf	1	0	0	1
4124	0x5064ec4	_xdr_ni_nameindex_args	0xf	1	0	0	1
4125	0x5064c3a	_xdr_ni_name_args	0xf	1	0	0	1
4126	0x5064544	_xdr_ni_name	0xf	1	0	0	1
4127	0x5065058	_xdr_ni_rparent_res	0xf	1	0	0	1
4128	0x5064bf4	_xdr_ni_lookup_res	0xf	1	0	0	1
4129	0x5064b56	_xdr_ni_lookup_args	0xf	1	0	0	1
4130	0x5065240	_xdr_ni_listall_res	0xf	1	0	0	1
4131	0x506493a	_xdr_ni_list_res	0xf	1	0	0	1
4132	0x5064700	_xdr_ni_id_res	0xf	1	0	0	1
4133	0x50644fe	_xdr_ni_id	0xf	1	0	0	1
4134	0x5064b10	_xdr_ni_destroy_args	0xf	1	0	0	1
4135	0x5064c80	_xdr_ni_createprop_args	0xf	1	0	0	1
4136	0x5064e5a	_xdr_ni_createname_args	0xf	1	0	0	1
4137	0x5064aca	_xdr_ni_create_res	0xf	1	0	0	1
4138	0x50649c6	_xdr_ni_create_args	0xf	1	0	0	1
4139	0x5064818	_xdr_ni_children_res	0xf	1	0	0	1
4140	0x5065012	_xdr_ni_binding	0xf	1	0	0	1
4141	0x50651b8	_xdr_ni_proplist_list	0xf	1	0	0	1
4142	0x5065172	_xdr_ni_readall_res	0xf	1	0	0	1
4143	0x506511a	_xdr_ni_readall_stuff	0xf	1	0	0	1
4144	0x5064980	_xdr_ni_proplist_stuff	0xf	1	0	0	1
4145	0x5064f86	_xdr_ni_readname_stuff	0xf	1	0	0	1
4146	0x50653b4	_xdr_nibind_clone_args	0xf	1	0	0	1
4147	0x5065358	_xdr_nibind_listreg_res	0xf	1	0	0	1
4148	0x50652cc	_xdr_nibind_registration	0xf	1	0	0	1
4149	0x506541e	_xdr_nibind_bind_args	0xf	1	0	0	1
4150	0x5065286	_xdr_nibind_addrinfo	0xf	1	0	0	1
4151	0x5065312	_xdr_nibind_getregister_res	0xf	1	0	0	1
4152	0x506575e	_xdr__lu_hostent_ptr	0xf	1	0	0	1
4153	0x5065636	_xdr__lu_group	0xf	1	0	0	1
4154	0x50656b6	_xdr__lu_group_ptr	0xf	1	0	0	1
4155	0x5065828	_xdr__lu_mntent	0xf	1	0	0	1
4156	0x506558a	_xdr__lu_bootp_ent_ptr	0xf	1	0	0	1
4157	0x50656ec	_xdr__lu_hostent	0xf	1	0	0	1
4158	0x5065600	_xdr__lu_bootparams_ent_ptr	0xf	1	0	0	1
4159	0x50658ec	_xdr__lu_netent	0xf	1	0	0	1
4160	0x506594a	_xdr__lu_netent_ptr	0xf	1	0	0	1
4161	0x5065b9c	_xdr__lu_protoent	0xf	1	0	0	1
4162	0x50066ee	_xdr__lu_string	0xf	1	0	0	1
4163	0x5065794	_xdr__lu_innetgr_args	0xf	1	0	0	1
4164	0x5065980	_xdr__lu_netgrent	0xf	1	0	0	1
4165	0x50654e6	_xdr__lu_aliasent_ptr	0xf	1	0	0	1
4166	0x5065476	_xdr__lu_aliasent	0xf	1	0	0	1
4167	0x5065b56	_xdr__lu_prdb_property	0xf	1	0	0	1
4168	0x5065d34	_xdr__lu_servent_ptr	0xf	1	0	0	1
4169	0x50658b6	_xdr__lu_mntent_ptr	0xf	1	0	0	1
4170	0x5065c30	_xdr__lu_rpcent	0xf	1	0	0	1
4171	0x5065bfa	_xdr__lu_protoent_ptr	0xf	1	0	0	1
4172	0x5065c8e	_xdr__lu_rpcent_ptr	0xf	1	0	0	1
4173	0x506551c	_xdr__lu_bootp_ent	0xf	1	0	0	1
4174	0x50655c0	_xdr__lu_bootparams_ent	0xf	1	0	0	1
4175	0x5065cc4	_xdr__lu_servent	0xf	1	0	0	1
4176	0x50659d8	_xdr__lu_passwd	0xf	1	0	0	1
4177	0x5065a78	_xdr__lu_passwd_ptr	0xf	1	0	0	1
4178	0x5065b20	_xdr__lu_prdb_ent_ptr	0xf	1	0	0	1
4179	0x5065aae	_xdr__lu_prdb_ent	0xf	1	0	0	1
4180	0x5066164	__lookup_ooall	0xf	1	0	0	1
4181	0x5065fc6	__lookup_one	0xf	1	0	0	1
4182	0x5065d6a	__lookup_link	0xf	1	0	0	1
4183	0x5065e80	__lookup_all	0xf	1	0	0	1
4184	0x5066282	_authnone_create	0xf	1	0	0	1
4185	0x5066532	_authunix_create_default	0xf	1	0	0	1
4186	0x50663ae	_authunix_create	0xf	1	0	0	1
4187	0x5066864	_xdr_authunix_parms	0xf	1	0	0	1
4188	0x50668f8	_bindresvport	0xf	1	0	0	1
4189	0x50669d4	_clnt_create	0xf	1	0	0	1
4190	0x5066dac	_clnt_sperrno	0xf	1	0	0	1
4191	0x5066b6e	_clnt_sperror	0xf	1	0	0	1
4192	0x5066d3c	_clnt_perror	0xf	1	0	0	1
4193	0x5066d78	_clnt_syslog	0xf	1	0	0	1
4194	0x5066e2a	_clnt_spcreateerror	0xf	1	0	0	1
4195	0x5066df2	_clnt_perrno	0xf	1	0	0	1
4196	0x5066f6c	_clnt_pcreateerror	0xf	1	0	0	1
4197	0x5066fe4	_clntraw_create	0xf	1	0	0	1
4198	0x50672b6	_callrpc	0xf	1	0	0	1
4199	0x506742a	_clnttcp_create	0xf	1	0	0	1
4200	0x5067d12	_clntudp_create	0xf	1	0	0	1
4201	0x5067ade	_clntudp_bufcreate	0xf	1	0	0	1
4202	0x50681ec	__rpc_dtablesize	0xf	1	0	0	1
4203	0x5068220	_get_myaddress	0xf	1	0	0	1
4204	0x50684ba	__old_setrpcent	0xf	1	0	0	1
4205	0x5068390	__old_getrpcbynumber	0xf	1	0	0	1
4206	0x5068576	__old_getrpcent	0xf	1	0	0	1
4207	0x506852c	__old_endrpcent	0xf	1	0	0	1
4208	0x5068452	__old_getrpcbyname	0xf	1	0	0	1
4209	0x5068930	_key_gendes	0xf	1	0	0	1
4210	0x50688c2	_key_decryptsession	0xf	1	0	0	1
4211	0x5068854	_key_encryptsession	0xf	1	0	0	1
4212	0x506880e	_key_setsecret	0xf	1	0	0	1
4213	0x5068c14	_xdr_unixcred	0xf	1	0	0	1
4214	0x5068b88	_xdr_cryptkeyarg	0xf	1	0	0	1
4215	0x5068b64	_xdr_netnamestr	0xf	1	0	0	1
4216	0x5068b40	_xdr_keybuf	0xf	1	0	0	1
4217	0x5068b20	_xdr_keystatus	0xf	1	0	0	1
4218	0x5068bce	_xdr_cryptkeyres	0xf	1	0	0	1
4219	0x5068c82	_xdr_getcredres	0xf	1	0	0	1
4220	0x5068e84	_multi_call	0xf	1	0	0	1
4221	0x50694e6	_host2netname	0xf	1	0	0	1
4222	0x5069296	_netname2user	0xf	1	0	0	1
4223	0x5069442	_getnetname	0xf	1	0	0	1
4224	0x5069392	_netname2host	0xf	1	0	0	1
4225	0x5069478	_user2netname	0xf	1	0	0	1
4226	0x50695f4	__openchild	0xf	1	0	0	1
4227	0x50697ac	_pmap_set	0xf	1	0	0	1
4228	0x50698a4	_pmap_unset	0xf	1	0	0	1
4229	0x5069972	_pmap_getmaps	0xf	1	0	0	1
4230	0x5069a38	_pmap_getport	0xf	1	0	0	1
4231	0x5069b4c	_xdr_pmap	0xf	1	0	0	1
4232	0x5069bac	_xdr_pmaplist	0xf	1	0	0	1
4233	0x5069dfa	_xdr_rmtcallres	0xf	1	0	0	1
4234	0x5069c3a	_pmap_rmtcall	0xf	1	0	0	1
4235	0x5069d16	_xdr_rmtcall_args	0xf	1	0	0	1
4236	0x5069f8c	_clnt_broadcast_exp	0xf	1	0	0	1
4237	0x506a37a	_clnt_broadcast	0xf	1	0	0	1
4238	0x506a3f4	_xdr_des_block	0xf	1	0	0	1
4239	0x506a48e	_xdr_rejected_reply	0xf	1	0	0	1
4240	0x506a682	__seterr_reply	0xf	1	0	0	1
4241	0x506a4f6	_xdr_replymsg	0xf	1	0	0	1
4242	0x506a55c	_xdr_callhdr	0xf	1	0	0	1
4243	0x506a40e	_xdr_accepted_reply	0xf	1	0	0	1
4244	0x506a3b0	_xdr_opaque_auth	0xf	1	0	0	1
4245	0x50b6160	__rpc_comdata_padding	0xf	6	0	0	1
4246	0x50b6124	__null_auth	0xf	6	0	0	1
4247	0x50b6130	_svc_fdset	0xf	6	0	0	1
4248	0x50b6150	_rpc_createerr	0xf	6	0	0	1
4249	0x506a718	_xdr_callmsg	0xf	1	0	0	1
4250	0x506adc2	_svc_getreq	0xf	1	0	0	1
4251	0x506abf4	_svc_sendreply	0xf	1	0	0	1
4252	0x506acf6	_svcerr_auth	0xf	1	0	0	1
4253	0x506ac7a	_svcerr_decode	0xf	1	0	0	1
4254	0x506ab4a	_svc_unregister	0xf	1	0	0	1
4255	0x506ac3c	_svcerr_noproc	0xf	1	0	0	1
4256	0x506ad3c	_svcerr_noprog	0xf	1	0	0	1
4257	0x506aab8	_svc_register	0xf	1	0	0	1
4258	0x506adf8	_svc_getreqset	0xf	1	0	0	1
4259	0x506aa68	_xprt_unregister	0xf	1	0	0	1
4260	0x506aa04	_xprt_register	0xf	1	0	0	1
4261	0x506ad26	_svcerr_weakauth	0xf	1	0	0	1
4262	0x506acb8	_svcerr_systemerr	0xf	1	0	0	1
4263	0x506ad78	_svcerr_progvers	0xf	1	0	0	1
4264	0x506afda	__svcauth_null	0xf	1	0	0	1
4265	0x506af72	__authenticate	0xf	1	0	0	1
4266	0x506b126	__svcauth_short	0xf	1	0	0	1
4267	0x506afe4	__svcauth_unix	0xf	1	0	0	1
4268	0x506b130	_svcraw_create	0xf	1	0	0	1
4269	0x506b2cc	_svc_run	0xf	1	0	0	1
4270	0x506b358	_registerrpc	0xf	1	0	0	1
4271	0x506b736	_svcfd_create	0xf	1	0	0	1
4272	0x506b58c	_svctcp_create	0xf	1	0	0	1
4273	0x506bd02	_svcudp_create	0xf	1	0	0	1
4274	0x506bf16	_svcudp_enablecache	0xf	1	0	0	1
4275	0x506bb10	_svcudp_bufcreate	0xf	1	0	0	1
4276	0x506c782	_authdes_getucred	0xf	1	0	0	1
4277	0x506c22a	__svcauth_des	0xf	1	0	0	1
4278	0x506ccd2	_xdr_union	0xf	1	0	0	1
4279	0x506cc0e	_xdr_bytes	0xf	1	0	0	1
4280	0x506cb5e	_xdr_opaque	0xf	1	0	0	1
4281	0x506c906	_xdr_int	0xf	1	0	0	1
4282	0x506c8e0	_xdr_free	0xf	1	0	0	1
4283	0x506ca12	_xdr_u_short	0xf	1	0	0	1
4284	0x506cadc	_xdr_bool	0xf	1	0	0	1
4285	0x506c974	_xdr_u_long	0xf	1	0	0	1
4286	0x506ce04	_xdr_wrapstring	0xf	1	0	0	1
4287	0x506caa6	_xdr_u_char	0xf	1	0	0	1
4288	0x506c9b6	_xdr_short	0xf	1	0	0	1
4289	0x506ccb2	_xdr_netobj	0xf	1	0	0	1
4290	0x506c932	_xdr_long	0xf	1	0	0	1
4291	0x506cd3e	_xdr_string	0xf	1	0	0	1
4292	0x506cb48	_xdr_enum	0xf	1	0	0	1
4293	0x506ca70	_xdr_char	0xf	1	0	0	1
4294	0x506c8fc	_xdr_void	0xf	1	0	0	1
4295	0x506c91c	_xdr_u_int	0xf	1	0	0	1
4296	0x506ce28	_xdr_array	0xf	1	0	0	1
4297	0x506cefe	_xdr_vector	0xf	1	0	0	1
4298	0x506cf96	_xdr_double	0xf	1	0	0	1
4299	0x506cf4a	_xdr_float	0xf	1	0	0	1
4300	0x506d01e	_xdrmem_create	0xf	1	0	0	1
4301	0x506d1b0	_xdrrec_create	0xf	1	0	0	1
4302	0x506d5cc	_xdrrec_skiprecord	0xf	1	0	0	1
4303	0x506d684	_xdrrec_endofrecord	0xf	1	0	0	1
4304	0x506d624	_xdrrec_eof	0xf	1	0	0	1
4305	0x506d8ae	_xdr_reference	0xf	1	0	0	1
4306	0x506d93e	_xdr_pointer	0xf	1	0	0	1
4307	0x506d99c	_xdrstdio_create	0xf	1	0	0	1
4308	0x506daf6	_bsd_sprintf	0xf	1	0	0	1
4309	0x506db62	_bsd_vsprintf	0xf	1	0	0	1
4310	0x506dbce	_clearerr	0xf	1	0	0	1
4311	0x506dbe0	__doscan	0xf	1	0	0	1
4312	0x506e594	_exit	0xf	1	0	0	1
4313	0x506e5b4	_fdopen	0xf	1	0	0	1
4314	0x50027f8	_fgetc	0xf	1	0	0	1
4315	0x5006076	_fgets	0xf	1	0	0	1
4316	0x506e65c	__filbuf	0xf	1	0	0	1
4317	0x506e8f0	__f_prealloc	0xf	1	0	0	1
4318	0x506e9e4	__cleanup	0xf	1	0	0	1
4319	0x506e950	__fwalk	0xf	1	0	0	1
4320	0x506e878	__f_morefiles	0xf	1	0	0	1
4321	0x506e7c0	__findiop	0xf	1	0	0	1
4322	0x506ea04	__flsbuf	0xf	1	0	0	1
4323	0x506eb96	_fflush	0xf	1	0	0	1
4324	0x506ec04	_fclose	0xf	1	0	0	1
4325	0x506ec82	_fopen	0xf	1	0	0	1
4326	0x506ed70	_fprintf	0xf	1	0	0	1
4327	0x506edea	_fputc	0xf	1	0	0	1
4328	0x506ee5a	_fputs	0xf	1	0	0	1
4329	0x506ef26	_fread	0xf	1	0	0	1
4330	0x506efb8	_freopen	0xf	1	0	0	1
4331	0x506f0a2	_fseek	0xf	1	0	0	1
4332	0x506f1f0	_ftell	0xf	1	0	0	1
4333	0x506f25e	_fwrite	0xf	1	0	0	1
4334	0x506f346	_getchar	0xf	1	0	0	1
4335	0x506f388	_gets	0xf	1	0	0	1
4336	0x506f3f8	_getw	0xf	1	0	0	1
4337	0x50b642c	__iob	0xf	6	0	0	1
4338	0x506f448	_printf	0xf	1	0	0	1
4339	0x506f48c	_putchar	0xf	1	0	0	1
4340	0x506f554	_puts	0xf	1	0	0	1
4341	0x506f6c4	_putw	0xf	1	0	0	1
4342	0x506f73c	_rewind	0xf	1	0	0	1
4343	0x506f784	_scanf	0xf	1	0	0	1
4344	0x506f7c6	_sscanf	0xf	1	0	0	1
4345	0x506f7ac	_fscanf	0xf	1	0	0	1
4346	0x506f80a	_setbuf	0xf	1	0	0	1
4347	0x506f866	_setbuffer	0xf	1	0	0	1
4348	0x506f8c0	_setlinebuf	0xf	1	0	0	1
4349	0x506f90c	_sprintf	0xf	1	0	0	1
4350	0x506f97e	__strout	0xf	1	0	0	1
4351	0x506fb16	_ungetc	0xf	1	0	0	1
4352	0x506fbd4	_vfprintf	0xf	1	0	0	1
4353	0x506fc4e	_vprintf	0xf	1	0	0	1
4354	0x506fc92	_vsprintf	0xf	1	0	0	1
4355	0x506fd04	__gcvt	0xf	1	0	0	1
4356	0x506fd38	__doprnt	0xf	1	0	0	1
4357	0x5070988	__gfmt	0xf	1	0	0	1
4358	0x5070c36	__execv	0xf	1	0	0	1
4359	0x50b65c0	_errno	0xf	6	0	0	1
4360	0x5070c82	__gettimeofday	0xf	1	0	0	1
4361	0x50b65d0	__sigcatch	0xf	6	0	0	1
4362	0x5070dee	__sigvec	0xf	1	0	0	1
4363	0x5070e0c	__sigvec_nobind	0xf	1	0	0	1
4364	0x5070e28	_accept	0xf	1	0	0	1
4365	0x500555e	__access	0xf	1	0	0	1
4366	0x5070e56	_acct	0xf	1	0	0	1
4367	0x5070e70	_add_profil	0xf	1	0	0	1
4368	0x5070ea6	_adjtime	0xf	1	0	0	1
4369	0x5070ece	_async_daemon	0xf	1	0	0	1
4370	0x5070ee8	_bind	0xf	1	0	0	1
4371	0x5070f16	cerror	0xf	1	0	0	1
4372	0x5070f32	_chdir	0xf	1	0	0	1
4373	0x5070f4c	_chmod	0xf	1	0	0	1
4374	0x5070f70	_chown	0xf	1	0	0	1
4375	0x5070f9e	_chroot	0xf	1	0	0	1
4376	0x50056a2	__close	0xf	1	0	0	1
4377	0x5070fb8	_connect	0xf	1	0	0	1
4378	0x5070fe6	_creat	0xf	1	0	0	1
4379	0x507100a	_dup	0xf	1	0	0	1
4380	0x507102e	_dup2	0xf	1	0	0	1
4381	0x5071052	__execl	0xf	1	0	0	1
4382	0x507106a	_execle	0xf	1	0	0	1
4383	0x507108e	__execve	0xf	1	0	0	1
4384	0x50710bc	_exportfs	0xf	1	0	0	1
4385	0x50710ee	_fchmod	0xf	1	0	0	1
4386	0x5071112	_fchown	0xf	1	0	0	1
4387	0x5006048	_fcntl	0xf	1	0	0	1
4388	0x5071140	_flock	0xf	1	0	0	1
4389	0x5071168	__fork	0xf	1	0	0	1
4390	0x5071238	__vfork	0xf	1	0	0	1
4391	0x507123e	__fstat	0xf	1	0	0	1
4392	0x5071262	_fstatfs	0xf	1	0	0	1
4393	0x507128a	_fsync	0xf	1	0	0	1
4394	0x50712a4	_ftruncate	0xf	1	0	0	1
4395	0x50712cc	_getdents	0xf	1	0	0	1
4396	0x50712fe	_getdirentries	0xf	1	0	0	1
4397	0x5071334	_getdomainname	0xf	1	0	0	1
4398	0x507135c	__getdtablesize	0xf	1	0	0	1
4399	0x5071372	_getegid	0xf	1	0	0	1
4400	0x50061f4	_geteuid	0xf	1	0	0	1
4401	0x507138a	_getfh	0xf	1	0	0	1
4402	0x50713b2	_getgid	0xf	1	0	0	1
4403	0x50713c8	_getgroups	0xf	1	0	0	1
4404	0x50713ec	_gethostid	0xf	1	0	0	1
4405	0x5071406	_gethostname	0xf	1	0	0	1
4406	0x507142a	_getitimer	0xf	1	0	0	1
4407	0x507144e	_getpagesize	0xf	1	0	0	1
4408	0x5071464	_getpeername	0xf	1	0	0	1
4409	0x5071496	_getpgrp	0xf	1	0	0	1
4410	0x50714b0	__getpid	0xf	1	0	0	1
4411	0x50714c6	_getppid	0xf	1	0	0	1
4412	0x50714de	_getpriority	0xf	1	0	0	1
4413	0x5071502	__getrlimit	0xf	1	0	0	1
4414	0x507152a	__getrusage	0xf	1	0	0	1
4415	0x507154e	_getsockname	0xf	1	0	0	1
4416	0x5071580	_getsockopt	0xf	1	0	0	1
4417	0x50715b6	_getuid	0xf	1	0	0	1
4418	0x50715cc	__ioctl	0xf	1	0	0	1
4419	0x50715fa	__kill	0xf	1	0	0	1
4420	0x507161e	_killpg	0xf	1	0	0	1
4421	0x5071646	_link	0xf	1	0	0	1
4422	0x507166a	_listen	0xf	1	0	0	1
4423	0x507168e	__lseek	0xf	1	0	0	1
4424	0x50716bc	_lstat	0xf	1	0	0	1
4425	0x50716e0	_mkdir	0xf	1	0	0	1
4426	0x5071708	_mknod	0xf	1	0	0	1
4427	0x5071736	_mmap	0xf	1	0	0	1
4428	0x5071770	_mount	0xf	1	0	0	1
4429	0x50717a8	_nfssvc	0xf	1	0	0	1
4430	0x5003ff4	__open	0xf	1	0	0	1
4431	0x50717c6	_pipe	0xf	1	0	0	1
4432	0x50717e6	_profil	0xf	1	0	0	1
4433	0x5071818	_ptrace	0xf	1	0	0	1
4434	0x5071856	_quota	0xf	1	0	0	1
4435	0x507188c	_quotactl	0xf	1	0	0	1
4436	0x50718be	__read	0xf	1	0	0	1
4437	0x50718ec	_readlink	0xf	1	0	0	1
4438	0x507191a	_readv	0xf	1	0	0	1
4439	0x5071948	_reboot	0xf	1	0	0	1
4440	0x5071974	_recv	0xf	1	0	0	1
4441	0x50719a6	_recvfrom	0xf	1	0	0	1
4442	0x50719e0	_recvmsg	0xf	1	0	0	1
4443	0x5071a0e	_rename	0xf	1	0	0	1
4444	0x5071a36	_rmdir	0xf	1	0	0	1
4445	0x5071a54	_rpause	0xf	1	0	0	1
4446	0x5071a86	_select	0xf	1	0	0	1
4447	0x5071abc	_send	0xf	1	0	0	1
4448	0x5071aee	_sendmsg	0xf	1	0	0	1
4449	0x5071b1c	_sendto	0xf	1	0	0	1
4450	0x5071b5a	_setdomainname	0xf	1	0	0	1
4451	0x5071b82	_setgroups	0xf	1	0	0	1
4452	0x5071ba6	_sethostid	0xf	1	0	0	1
4453	0x5071bc4	_sethostname	0xf	1	0	0	1
4454	0x5071be8	_setitimer	0xf	1	0	0	1
4455	0x5071c16	_setpgrp	0xf	1	0	0	1
4456	0x5071c3a	_setpriority	0xf	1	0	0	1
4457	0x5071c68	_setprivexec	0xf	1	0	0	1
4458	0x5071c86	_setquota	0xf	1	0	0	1
4459	0x5071cae	_setregid	0xf	1	0	0	1
4460	0x5071cd2	_setreuid	0xf	1	0	0	1
4461	0x5071cf6	_setrlimit	0xf	1	0	0	1
4462	0x5071d1e	_setsockopt	0xf	1	0	0	1
4463	0x5071d54	_settimeofday	0xf	1	0	0	1
4464	0x5071d78	_shutdown	0xf	1	0	0	1
4465	0x5071da0	__sigblock	0xf	1	0	0	1
4466	0x5071dba	_sigpause	0xf	1	0	0	1
4467	0x5071dd4	_sigreturn	0xf	1	0	0	1
4468	0x5071dee	__sigsetmask	0xf	1	0	0	1
4469	0x5071e08	__sigstack	0xf	1	0	0	1
4470	0x5071e2c	__sigtramp	0xf	1	0	0	1
4471	0x5006688	_socket	0xf	1	0	0	1
4472	0x5071e78	_socketpair	0xf	1	0	0	1
4473	0x5071eb2	_stat	0xf	1	0	0	1
4474	0x5071ed6	_statfs	0xf	1	0	0	1
4475	0x5071efe	_swapon	0xf	1	0	0	1
4476	0x5071f18	_symlink	0xf	1	0	0	1
4477	0x5071f3c	_sync	0xf	1	0	0	1
4478	0x5005a3e	__syscall	0xf	1	0	0	1
4479	0x5071f52	_table	0xf	1	0	0	1
4480	0x5071f8c	_truncate	0xf	1	0	0	1
4481	0x5071fb4	_umask	0xf	1	0	0	1
4482	0x5071fce	_unlink	0xf	1	0	0	1
4483	0x5071fe8	_unmount	0xf	1	0	0	1
4484	0x5072006	_ustat	0xf	1	0	0	1
4485	0x507202e	_utimes	0xf	1	0	0	1
4486	0x5072056	_vhangup	0xf	1	0	0	1
4487	0x5072070	__wait	0xf	1	0	0	1
4488	0x5072092	_wait3	0xf	1	0	0	1
4489	0x50720d0	_wait4	0xf	1	0	0	1
4490	0x5072102	__write	0xf	1	0	0	1
4491	0x5072130	__writev	0xf	1	0	0	1
4492	0x507215e	__exit	0xf	1	0	0	1
4493	0x5005798	__cthread_set_errno_self	0xf	1	0	0	1
4494	0x5072176	__cproc_fork_child	0xf	1	0	0	1
4495	0x507260a	__cproc_init	0xf	1	0	0	1
4496	0x5072274	__cond_broadcast	0xf	1	0	0	1
4497	0x50722d8	__cond_signal	0xf	1	0	0	1
4498	0x507264e	__cthread_errno	0xf	1	0	0	1
4499	0x507267c	__cthread_yield	0xf	1	0	0	1
4500	0x5072318	__condition_wait	0xf	1	0	0	1
4501	0x507256c	__cproc_create	0xf	1	0	0	1
4502	0x5072bd2	__cthread_limit	0xf	1	0	0	1
4503	0x5072704	__set_cthread_free_callout	0xf	1	0	0	1
4504	0x5072a9a	__cthread_join	0xf	1	0	0	1
4505	0x50727ee	__cthread_body	0xf	1	0	0	1
4506	0x507276e	__cthread_init	0xf	1	0	0	1
4507	0x5072c08	__cthread_count	0xf	1	0	0	1
4508	0x5072a46	__cthread_detach	0xf	1	0	0	1
4509	0x5072c22	__cthread_fork_prepare	0xf	1	0	0	1
4510	0x5072b9c	__cthread_name	0xf	1	0	0	1
4511	0x5072ca2	__cthread_fork_child	0xf	1	0	0	1
4512	0x5072c7a	__cthread_fork_parent	0xf	1	0	0	1
4513	0x5072b8a	__cthread_set_name	0xf	1	0	0	1
4514	0x5072978	__cthread_fork	0xf	1	0	0	1
4515	0x5072bec	__cthread_set_limit	0xf	1	0	0	1
4516	0x5072af8	__cthread_exit	0xf	1	0	0	1
4517	0x5072db0	__mutex_wait_lock	0xf	1	0	0	1
4518	0x5072e22	__mig_init	0xf	1	0	0	1
4519	0x5072ed8	__mig_dealloc_reply_port	0xf	1	0	0	1
4520	0x5072e2a	__mig_get_reply_port	0xf	1	0	0	1
4521	0x5072e08	__mig_fork_child	0xf	1	0	0	1
4522	0x5072f86	_cthread_max_priority	0xf	1	0	0	1
4523	0x5072fa4	_cthread_abort	0xf	1	0	0	1
4524	0x5072f68	_cthread_priority	0xf	1	0	0	1
4525	0x507330e	__stack_fork_child	0xf	1	0	0	1
4526	0x507303c	__stack_init	0xf	1	0	0	1
4527	0x507329a	__dealloc_stack	0xf	1	0	0	1
4528	0x5073122	__alloc_stack	0xf	1	0	0	1
4529	0x50b67e8	__mutex_spin_limit	0xf	6	0	0	1
4530	0x50b67fc	__condition_spin_limit	0xf	6	0	0	1
4531	0x50b6808	__cthread_stack_base	0xf	6	0	0	1
4532	0x50b6800	__condition_yield_limit	0xf	6	0	0	1
4533	0x50b67ec	__cthread_stack_mask	0xf	6	0	0	1
4534	0x50b6804	__initial_stack_boundary	0xf	6	0	0	1
4535	0x50b67f0	__cthread_exit_routine	0xf	6	0	0	1
4536	0x50b67e0	__msg_send_timeout	0xf	6	0	0	1
4537	0x50b67e4	__msg_receive_timeout	0xf	6	0	0	1
4538	0x50b680c	__malloc_lock	0xf	6	0	0	1
4539	0x50b67f8	__cproc_default_stack_size	0xf	6	0	0	1
4540	0x50b6810	__threads_data_padding	0xf	6	0	0	1
4541	0x50b67f4	__cthread_init_routine	0xf	6	0	0	1
4542	0x5073346	__cproc_setup	0xf	1	0	0	1
4543	0x5005a74	__ur_cthread_self	0xf	1	0	0	1
4544	0x50733c4	__cthread_set_self	0xf	1	0	0	1
4545	0x50733d4	__cthread_sp	0xf	1	0	0	1
4546	0x50733f0	__spin_unlock	0xf	1	0	0	1
4547	0x50058c4	__mutex_unlock_try	0xf	1	0	0	1
4548	0x50733de	__spin_lock	0xf	1	0	0	1
4549	0x50024ac	__mutex_try_lock	0xf	1	0	0	1
4550	0x50733fa	_yperr_string	0xf	1	0	0	1
4551	0x50735c6	_xdr_ypmaplist	0xf	1	0	0	1
4552	0x50736d4	_xdr_ypreq_xfr	0xf	1	0	0	1
4553	0x5073526	_xdr_ypresp_master	0xf	1	0	0	1
4554	0x5073566	_xdr_ypresp_order	0xf	1	0	0	1
4555	0x5073694	_xdr_yppushresp_xfr	0xf	1	0	0	1
4556	0x50735a6	_xdr_ypmaplist_wrap_string	0xf	1	0	0	1
4557	0x5073654	_xdr_ypresp_maplist	0xf	1	0	0	1
4558	0x50737d2	_xdr_ypbind_setdom	0xf	1	0	0	1
4559	0x5073738	_xdr_ypall	0xf	1	0	0	1
4560	0x507382a	_ypprot_err	0xf	1	0	0	1
4561	0x5073896	__xdr_yprequest	0xf	1	0	0	1
4562	0x50738c6	__xdr_ypresponse	0xf	1	0	0	1
4563	0x50738f6	__xdr_ypbind_oldsetdom	0xf	1	0	0	1
4564	0x5073b5c	_xdr_ypmap_parms	0xf	1	0	0	1
4565	0x50739e2	_xdr_ypreq_nokey	0xf	1	0	0	1
4566	0x507395c	_xdr_ypdomain_wrap_string	0xf	1	0	0	1
4567	0x5073ace	_xdr_yp_binding	0xf	1	0	0	1
4568	0x5073a22	_xdr_ypresp_val	0xf	1	0	0	1
4569	0x5073b42	_xdr_ypowner_wrap_string	0xf	1	0	0	1
4570	0x5073990	_xdr_ypreq_key	0xf	1	0	0	1
4571	0x5073a62	_xdr_ypresp_key_val	0xf	1	0	0	1
4572	0x507393c	_xdr_datum	0xf	1	0	0	1
4573	0x5073ab4	_xdr_yp_inaddr	0xf	1	0	0	1
4574	0x5073976	_xdr_ypmap_wrap_string	0xf	1	0	0	1
4575	0x5073b12	_xdr_ypbind_resp	0xf	1	0	0	1
4576	0x5073bc0	_yp_all	0xf	1	0	0	1
4577	0x50740ba	_yp_get_default_domain	0xf	1	0	0	1
4578	0x50748b4	_usingypmap	0xf	1	0	0	1
4579	0x5073f8e	_yp_bind	0xf	1	0	0	1
4580	0x5073d2a	__yp_dobind	0xf	1	0	0	1
4581	0x5073fa4	_yp_unbind	0xf	1	0	0	1
4582	0x50b696a	__yp_data_padding	0xf	6	0	0	1
4583	0x50b695e	__ypsleeptime	0xf	6	0	0	1
4584	0x50b6962	__ypserv_timeout	0xf	6	0	0	1
4585	0x5074ffc	_v1prot_donext	0xf	1	0	0	1
4586	0x5074bda	_v1prot_dofirst	0xf	1	0	0	1
4587	0x5074d3a	_yp_next	0xf	1	0	0	1
4588	0x507493c	_yp_first	0xf	1	0	0	1
4589	0x5075208	_yp_master	0xf	1	0	0	1
4590	0x507560c	_yp_match	0xf	1	0	0	1
4591	0x5075a78	_yp_order	0xf	1	0	0	1
4592	0x5075ccc	__gcc_bcmp	0xf	1	0	0	1
4593	0x5075d0c	__adddf3	0xf	1	0	0	1
4594	0x5075d28	__addsf3	0xf	1	0	0	1
4595	0x5075d40	__ashldi3	0xf	1	0	0	1
4596	0x5075d8c	__ashlsi3	0xf	1	0	0	1
4597	0x5075d9e	__ashrdi3	0xf	1	0	0	1
4598	0x5075dee	__ashrsi3	0xf	1	0	0	1
4599	0x5075e3c	___bb_exit_func	0xf	1	0	0	1
4600	0x507610c	___bb_init_func	0xf	1	0	0	1
4601	0x507614e	___clear_cache	0xf	1	0	0	1
4602	0x5076158	__cmpdi2	0xf	1	0	0	1
4603	0x5076190	__divdf3	0xf	1	0	0	1
4604	0x50761ac	__divdi3	0xf	1	0	0	1
4605	0x5076246	__divsf3	0xf	1	0	0	1
4606	0x507625e	__divsi3	0xf	1	0	0	1
4607	0x5076270	___eprintf	0xf	1	0	0	1
4608	0x50762b6	__eqdf2	0xf	1	0	0	1
4609	0x50762d2	__eqsf2	0xf	1	0	0	1
4610	0x50762ee	__extendsfdf2	0xf	1	0	0	1
4611	0x5076304	__ffsdi2	0xf	1	0	0	1
4612	0x507634a	__fixdfdi	0xf	1	0	0	1
4613	0x5076390	__fixdfsi	0xf	1	0	0	1
4614	0x50763bc	__fixsfdi	0xf	1	0	0	1
4615	0x50763fe	__fixsfsi	0xf	1	0	0	1
4616	0x507642a	__fixunsdfdi	0xf	1	0	0	1
4617	0x50765de	__fixunsdfsi	0xf	1	0	0	1
4618	0x5076650	__fixunssfdi	0xf	1	0	0	1
4619	0x5076804	__fixunssfsi	0xf	1	0	0	1
4620	0x507686e	__fixunsxfdi	0xf	1	0	0	1
4621	0x5076998	__fixunsxfsi	0xf	1	0	0	1
4622	0x50769e0	__fixxfdi	0xf	1	0	0	1
4623	0x5076a24	__floatdidf	0xf	1	0	0	1
4624	0x5076aa6	__floatdisf	0xf	1	0	0	1
4625	0x5076b24	__floatdixf	0xf	1	0	0	1
4626	0x5076ba2	__floatsidf	0xf	1	0	0	1
4627	0x5076bb8	__floatsisf	0xf	1	0	0	1
4628	0x5076bca	__gedf2	0xf	1	0	0	1
4629	0x5076be6	__gesf2	0xf	1	0	0	1
4630	0x5076c02	__gtdf2	0xf	1	0	0	1
4631	0x5076c1e	__gtsf2	0xf	1	0	0	1
4632	0x5076c3a	__ledf2	0xf	1	0	0	1
4633	0x5076c56	__lesf2	0xf	1	0	0	1
4634	0x5076c72	__lshldi3	0xf	1	0	0	1
4635	0x5076cbe	__lshlsi3	0xf	1	0	0	1
4636	0x5076cd0	__lshrdi3	0xf	1	0	0	1
4637	0x5076d1c	__lshrsi3	0xf	1	0	0	1
4638	0x5076d2e	__ltdf2	0xf	1	0	0	1
4639	0x5076d4a	__ltsf2	0xf	1	0	0	1
4640	0x5076d66	__moddi3	0xf	1	0	0	1
4641	0x5076e00	__modsi3	0xf	1	0	0	1
4642	0x5076e12	__muldf3	0xf	1	0	0	1
4643	0x5076e2e	__muldi3	0xf	1	0	0	1
4644	0x5076e6e	__mulsf3	0xf	1	0	0	1
4645	0x5076e86	__mulsi3	0xf	1	0	0	1
4646	0x5076e98	__nedf2	0xf	1	0	0	1
4647	0x5076eb4	__negdf2	0xf	1	0	0	1
4648	0x5076eca	__negdi2	0xf	1	0	0	1
4649	0x5076ef4	__negsf2	0xf	1	0	0	1
4650	0x5076f06	__nesf2	0xf	1	0	0	1
4651	0x5076f6a	_set_new_handler	0xf	1	0	0	1
4652	0x5076f22	___get_new_handler	0xf	1	0	0	1
4653	0x5076f3c	___set_new_handler	0xf	1	0	0	1
4654	0x5076fa8	___builtin_delete	0xf	1	0	0	1
4655	0x5076fbe	___builtin_new	0xf	1	0	0	1
4656	0x50b392c	___shtab	0xf	4	0	0	1
4657	0x5076fee	__subdf3	0xf	1	0	0	1
4658	0x507700a	__subsf3	0xf	1	0	0	1
4659	0x5077034	___enable_execute_stack	0xf	1	0	0	1
4660	0x5077022	___transfer_from_trampoline	0xf	1	0	0	1
4661	0x5077026	___trampoline	0xf	1	0	0	1
4662	0x507703e	__truncdfsf2	0xf	1	0	0	1
4663	0x5077050	__ucmpdi2	0xf	1	0	0	1
4664	0x5077088	___udiv_w_sdiv	0xf	1	0	0	1
4665	0x50771ba	__udivdi3	0xf	1	0	0	1
4666	0x50771da	__udivmoddi4	0xf	1	0	0	1
4667	0x507733a	__udivsi3	0xf	1	0	0	1
4668	0x507734c	__umoddi3	0xf	1	0	0	1
4669	0x5077376	__umodsi3	0xf	1	0	0	1
4670	0x5077388	___builtin_saveregs	0xf	1	0	0	1
4671	0x5077d20	_hashPtrStructKey	0xf	1	0	0	1
4672	0x5005186	_NXUniqueString	0xf	1	0	0	1
4673	0x507759c	_NXCopyStringBuffer	0xf	1	0	0	1
4674	0x5077d50	_isEqualPrototype	0xf	1	0	0	1
4675	0x5077d88	_isEqualPtrStructKey	0xf	1	0	0	1
4676	0x5077d38	_hashStrStructKey	0xf	1	0	0	1
4677	0x5077da6	_isEqualStrStructKey	0xf	1	0	0	1
4678	0x5077ad2	_NXReallyFree	0xf	1	0	0	1
4679	0x5077cd6	_hashPrototype	0xf	1	0	0	1
4680	0x5077606	_NXCreateHashTable	0xf	1	0	0	1
4681	0x5077b6a	_NXUniqueStringWithLength	0xf	1	0	0	1
4682	0x5004f78	_NXHashInsertIfAbsent	0xf	1	0	0	1
4683	0x5077796	_NXFreeHashTable	0xf	1	0	0	1
4684	0x5002b06	_NXHashGet	0xf	1	0	0	1
4685	0x5003698	_NXHashInsert	0xf	1	0	0	1
4686	0x5077864	_NXHashRemove	0xf	1	0	0	1
4687	0x5077644	_NXCreateHashTableFromZone	0xf	1	0	0	1
4688	0x50775f6	_NXCountHashTable	0xf	1	0	0	1
4689	0x50775be	_NXCopyStringBufferFromZone	0xf	1	0	0	1
4690	0x507750a	_NXCopyHashTable	0xf	1	0	0	1
4691	0x5077492	_NXCompareHashTables	0xf	1	0	0	1
4692	0x50777c6	_NXHashMember	0xf	1	0	0	1
4693	0x5077a16	_NXInitHashState	0xf	1	0	0	1
4694	0x5077b06	_NXUniqueStringNoCopy	0xf	1	0	0	1
4695	0x500422c	_NXStrIsEqual	0xf	1	0	0	1
4696	0x5002d6e	_NXStrHash	0xf	1	0	0	1
4697	0x5077776	_NXEmptyHashTable	0xf	1	0	0	1
4698	0x5077a28	_NXIsEqualHashTable	0xf	1	0	0	1
4699	0x5003e0a	_NXNextHashState	0xf	1	0	0	1
4700	0x5077ae4	_NXResetHashTable	0xf	1	0	0	1
4701	0x5077aa8	_NXPtrHash	0xf	1	0	0	1
4702	0x5077abc	_NXPtrIsEqual	0xf	1	0	0	1
4703	0x5077aa0	_NXNoEffectFree	0xf	1	0	0	1
4704	0x5003fe0	__mapPtrHash	0xf	1	0	0	1
4705	0x5078064	__mapNoFree	0xf	1	0	0	1
4706	0x50057b2	__mapStrHash	0xf	1	0	0	1
4707	0x5077e5a	_NXCountMapTable	0xf	1	0	0	1
4708	0x50780b4	__mapObjectIsEqual	0xf	1	0	0	1
4709	0x50780f4	__mapStrIsEqual	0xf	1	0	0	1
4710	0x5078090	__mapObjectHash	0xf	1	0	0	1
4711	0x5077de6	_NXCompareMapTables	0xf	1	0	0	1
4712	0x507806c	__mapObjectFree	0xf	1	0	0	1
4713	0x507800c	_NXResetMapTable	0xf	1	0	0	1
4714	0x5077fc4	_NXNextMapState	0xf	1	0	0	1
4715	0x5002fe0	_NXMapRemove	0xf	1	0	0	1
4716	0x5077ed8	_NXMapMember	0xf	1	0	0	1
4717	0x5002e48	_NXMapInsert	0xf	1	0	0	1
4718	0x500213a	_NXMapGet	0xf	1	0	0	1
4719	0x50780de	__mapPtrIsEqual	0xf	1	0	0	1
4720	0x5077ec8	_NXInitMapState	0xf	1	0	0	1
4721	0x5077e9c	_NXFreeMapTable	0xf	1	0	0	1
4722	0x5004db8	_NXCreateMapTableFromZone	0xf	1	0	0	1
4723	0x5077e6a	_NXCreateMapTable	0xf	1	0	0	1
4724	0x507990a	_object_getClassName	0xf	1	0	0	1
4725	0x5079078	_class_createInstanceFromZone	0xf	1	0	0	1
4726	0x5079934	_object_getIndexedIvars	0xf	1	0	0	1
4727	0x50b6a58	_messageLock	0xf	6	0	0	1
4728	0x50796b2	_instrumentObjcMessageSends	0xf	1	0	0	1
4729	0x507968e	_getOriginalClassForPosingClass	0xf	1	0	0	1
4730	0x507987c	_method_getSizeOfArguments	0xf	1	0	0	1
4731	0x50065a4	_objc_getOrigClass	0xf	1	0	0	1
4732	0x507981e	_method_getNumberOfArguments	0xf	1	0	0	1
4733	0x5079712	_method_getArgumentInfo	0xf	1	0	0	1
4734	0x50b8478	_emptyCache	0xf	10	0	0	1
4735	0x5003534	_class_respondsToMethod	0xf	1	0	0	1
4736	0x5078bc2	__class_printMethodCaches	0xf	1	0	0	1
4737	0x507953e	_class_removeMethods	0xf	1	0	0	1
4738	0x5079028	_class_addMethods	0xf	1	0	0	1
4739	0x5079010	_class_addClassMethods	0xf	1	0	0	1
4740	0x5005582	__cache_create	0xf	1	0	0	1
4741	0x507957a	_do_not_remove_this_dummy_function	0xf	1	0	0	1
4742	0x5079568	_class_setVersion	0xf	1	0	0	1
4743	0x50792f0	_class_poseAs	0xf	1	0	0	1
4744	0x50792b6	_class_nextMethodList	0xf	1	0	0	1
4745	0x5079254	_class_lookupMethodInMethodList	0xf	1	0	0	1
4746	0x5005fa2	_class_lookupMethod	0xf	1	0	0	1
4747	0x5079244	_class_getVersion	0xf	1	0	0	1
4748	0x50791be	_class_getInstanceVariable	0xf	1	0	0	1
4749	0x5079136	_class_getInstanceMethod	0xf	1	0	0	1
4750	0x50790a2	_class_getClassMethod	0xf	1	0	0	1
4751	0x5079052	_class_createInstance	0xf	1	0	0	1
4752	0x50055ec	__class_install_relationships	0xf	1	0	0	1
4753	0x5078c64	__class_removeProtocols	0xf	1	0	0	1
4754	0x5078ca0	__dummy	0xf	1	0	0	1
4755	0x5078f3e	__objc_getNonexistentClass	0xf	1	0	0	1
4756	0x50018f4	__class_lookupMethodAndLoadCache	0xf	1	0	0	1
4757	0x50782b8	__class_printDuplicateCacheEntries	0xf	1	0	0	1
4758	0x50783c8	__class_printMethodCacheStatistics	0xf	1	0	0	1
4759	0x5078fc0	_checkUniqueness	0xf	1	0	0	1
4760	0x5078da8	__internal_class_createInstance	0xf	1	0	0	1
4761	0x5078eba	__objc_create_zone	0xf	1	0	0	1
4762	0x5078f24	__objc_getFreedObjectClass	0xf	1	0	0	1
4763	0x500281e	__internal_class_createInstanceFromZone	0xf	1	0	0	1
4764	0x5078f0e	__objc_flush_caches	0xf	1	0	0	1
4765	0x50799f6	__objc_inform	0xf	1	0	0	1
4766	0x5079988	__objc_error	0xf	1	0	0	1
4767	0x50799ce	__objc_fatal	0xf	1	0	0	1
4768	0x5079948	___objc_error	0xf	1	0	0	1
4769	0x5079ab2	__getObjcStrings	0xf	1	0	0	1
4770	0x5079bc8	__getObjcStringObjects	0xf	1	0	0	1
4771	0x5079b7e	__getObjcProtocols	0xf	1	0	0	1
4772	0x5079a40	__getObjcModules	0xf	1	0	0	1
4773	0x5079b0c	__getObjcMessageRefs	0xf	1	0	0	1
4774	0x5079a32	__getObjcHeaders	0xf	1	0	0	1
4775	0x5079cfc	__getObjcHeaderName	0xf	1	0	0	1
4776	0x5079d8c	__getObjcHeaderFileType	0xf	1	0	0	1
4777	0x5079c54	__getObjcHeaderData	0xf	1	0	0	1
4778	0x5079a82	__getObjcFrozenTable	0xf	1	0	0	1
4779	0x5079b4e	__getObjcBackRefs	0xf	1	0	0	1
4780	0x5079c12	__getObjcClassRefs	0xf	1	0	0	1
4781	0x50b6ab6	__error	0xf	6	0	0	1
4782	0x50b6a9e	__alloc	0xf	6	0	0	1
4783	0x50b6a9a	__poseAs	0xf	6	0	0	1
4784	0x50b6aa6	__realloc	0xf	6	0	0	1
4785	0x50b6aa2	__copy	0xf	6	0	0	1
4786	0x50b6aae	__cvtToId	0xf	6	0	0	1
4787	0x50b6ab2	__cvtToSel	0xf	6	0	0	1
4788	0x50b6abe	__zoneCopy	0xf	6	0	0	1
4789	0x50b6ac2	__zoneRealloc	0xf	6	0	0	1
4790	0x50b6aba	__zoneAlloc	0xf	6	0	0	1
4791	0x50b6aaa	__dealloc	0xf	6	0	0	1
4792	0x50b8504	_NXStrStructKeyPrototype	0xf	10	0	0	1
4793	0x50b8524	_NXStrValueMapPrototype	0xf	10	0	0	1
4794	0x50b8534	_NXObjectMapPrototype	0xf	10	0	0	1
4795	0x50b8514	_NXPtrValueMapPrototype	0xf	10	0	0	1
4796	0x50b84d4	_NXPtrPrototype	0xf	10	0	0	1
4797	0x50b84e4	_NXStrPrototype	0xf	10	0	0	1
4798	0x50b84f4	_NXPtrStructKeyPrototype	0xf	10	0	0	1
4799	0x5079da4	_get_base_method_list	0xf	1	0	0	1
4800	0x507a5e6	_objc_loadModules	0xf	1	0	0	1
4801	0x507a6f0	_objc_unloadModules	0xf	1	0	0	1
4802	0x507b686	__objc_removeMethods	0xf	1	0	0	1
4803	0x507af44	__objc_headerCount	0xf	1	0	0	1
4804	0x50028ca	__objc_bindModuleContainingList	0xf	1	0	0	1
4805	0x50b6ae8	_classLock	0xf	6	0	0	1
4806	0x507bcc4	_objc_getClasses	0xf	1	0	0	1
4807	0x500495e	_objc_getClass	0xf	1	0	0	1
4808	0x50b6b1d	_rocketLaunchingDebug	0xf	6	0	0	1
4809	0x507b0d6	__objc_insertMethods	0xf	1	0	0	1
4810	0x507af5e	__objc_headerVector	0xf	1	0	0	1
4811	0x507a7ee	__nameForHeader	0xf	1	0	0	1
4812	0x50041d6	_objc_lookUpClass	0xf	1	0	0	1
4813	0x507bcde	_objc_getMetaClass	0xf	1	0	0	1
4814	0x507bc58	_objc_dump_class_hash	0xf	1	0	0	1
4815	0x507bf86	_objc_setClassHandler	0xf	1	0	0	1
4816	0x50b6ad0	__objc_multithread_mask	0xf	6	0	0	1
4817	0x50b6ad4	__objc_msgNil	0xf	6	0	0	1
4818	0x507b3b0	__objc_map_selectors_from_image	0xf	1	0	0	1
4819	0x507b086	__objc_init_class_hash	0xf	1	0	0	1
4820	0x507a800	__objcInit	0xf	1	0	0	1
4821	0x507bbd0	_objc_addClass	0xf	1	0	0	1
4822	0x50b6ad8	_callbackFunction	0xf	6	0	0	1
4823	0x507bfa2	_objc_setMultithreaded	0xf	1	0	0	1
4824	0x507b5bc	__objc_removeHeader	0xf	1	0	0	1
4825	0x507b6b6	__objc_remove_category	0xf	1	0	0	1
4826	0x507b56c	__objc_removeClass	0xf	1	0	0	1
4827	0x507ac5a	__objc_add_category	0xf	1	0	0	1
4828	0x507bedc	_objc_pendClassReference	0xf	1	0	0	1
4829	0x507be1e	_objc_pendClassInstallation	0xf	1	0	0	1
4830	0x5004660	__objc_addHeader	0xf	1	0	0	1
4831	0x507bd20	_objc_getModules	0xf	1	0	0	1
4832	0x507c9a2	_sel_getName	0xf	1	0	0	1
4833	0x507c16e	__sel_initsorted	0xf	1	0	0	1
4834	0x50015a2	__sel_registerName	0xf	1	0	0	1
4835	0x507c0de	__sel_init	0xf	1	0	0	1
4836	0x507c0c4	__objc_dynamic_hash_count	0xf	1	0	0	1
4837	0x507c2da	__sel_printStatistics	0xf	1	0	0	1
4838	0x507c1fa	__sel_printHashTable	0xf	1	0	0	1
4839	0x5004ac0	_sel_getUid	0xf	1	0	0	1
4840	0x507ca5c	_sel_registerName	0xf	1	0	0	1
4841	0x50b6b68	_checkSel	0xf	6	0	0	1
4842	0x507c84c	__sel_unloadSelectors	0xf	1	0	0	1
4843	0x507c9ae	_sel_isMapped	0xf	1	0	0	1
4844	0x507c8d0	__strhash	0xf	1	0	0	1
4845	0x507d546	__internal_object_reallocFromZone	0xf	1	0	0	1
4846	0x50031cc	__internal_object_dispose	0xf	1	0	0	1
4847	0x507d512	__internal_object_realloc	0xf	1	0	0	1
4848	0x507d48e	__internal_object_copy	0xf	1	0	0	1
4849	0x507d60c	_object_copy	0xf	1	0	0	1
4850	0x0	.objc_class_name_Object	0x3	0	0	0	1
4851	0x507d4c2	__internal_object_copyFromZone	0xf	1	0	0	1
4852	0x507d65c	_object_dispose	0xf	1	0	0	1
4853	0x507d632	_object_copyFromZone	0xf	1	0	0	1
4854	0x507d67e	_object_getInstanceVariable	0xf	1	0	0	1
4855	0x507d6c6	_object_realloc	0xf	1	0	0	1
4856	0x507d6ec	_object_reallocFromZone	0xf	1	0	0	1
4857	0x507d716	_object_setInstanceVariable	0xf	1	0	0	1
4858	0x0	.objc_class_name_Protocol	0x3	0	0	0	1
4859	0x0	.constructors_used	0x3	0	0	0	1
4860	0x0	.destructors_used	0x3	0	0	0	1
4861	0x507dbde	__cplus_init	0xf	1	0	0	1
4862	0x507dff4	__NXRaiseError	0xf	1	0	0	1
4863	0x5003854	__NXAddHandler	0xf	1	0	0	1
4864	0x5004496	__NXRemoveHandler	0xf	1	0	0	1
4865	0x507dec6	__NXAddAltHandler	0xf	1	0	0	1
4866	0x507deaa	_NXSetExceptionRaiser	0xf	1	0	0	1
4867	0x507de90	_NXResetErrorData	0xf	1	0	0	1
4868	0x507de76	_NXGetExceptionRaiser	0xf	1	0	0	1
4869	0x507dd7a	_NXDefaultExceptionRaiser	0xf	1	0	0	1
4870	0x507dcea	_NXAllocErrorData	0xf	1	0	0	1
4871	0x50054f2	__NXRemoveAltHandler	0xf	1	0	0	1
4872	0x507e27a	__NXLogError	0xf	1	0	0	1
4873	0x507e31c	_moninitobjc	0xf	1	0	0	1
4874	0x500152c	__objc_msgForward	0xf	1	0	0	1
4875	0x5001460	_objc_msgSend	0xf	1	0	0	1
4876	0x50014da	_objc_msgSendSuper	0xf	1	0	0	1
4877	0x50b6c6d	_objc_entryPoints	0xf	6	0	0	1
4878	0x50b6c79	_objc_exitPoints	0xf	6	0	0	1
4879	0x5001570	_objc_msgSendv	0xf	1	0	0	1
4880	0x0	.objc_class_name_HashTable	0x3	0	0	0	1
4881	0x0	.objc_class_name_List	0x3	0	0	0	1
4882	0x50808ce	_NXLoadLocalizedStringFromTableInBundle	0xf	1	0	0	1
4883	0x5080bbc	_NXLoadLocalStringFromTableInBundle	0xf	1	0	0	1
4884	0x0	.objc_category_name_NXBundle_Private	0x3	0	0	0	1
4885	0x0	.objc_class_name_NXBundle	0x3	0	0	0	1
4886	0x0	.objc_category_name_NXBundle_Compatability	0x3	0	0	0	1
4887	0x0	.objc_class_name_NXCharacterSet	0x3	0	0	0	1
4888	0x0	.objc_category_name_NXReadOnlyString_Fancy_IO	0x3	0	0	0	1
4889	0x0	.objc_category_name_NXString_Fancy_IO	0x3	0	0	0	1
4890	0x0	.objc_category_name_NXPropertyList_Fancy_IO	0x3	0	0	0	1
4891	0x0	.objc_category_name_NXPropertyList_Basic_IO	0x3	0	0	0	1
4892	0x0	.objc_category_name_Object_NX_BS_Extras	0x3	0	0	0	1
4893	0x0	.objc_class_name_NXCleanList	0x3	0	0	0	1
4894	0x0	.objc_class_name_NXPropertyList	0x3	0	0	0	1
4895	0x0	.objc_category_name_NXCleanList_Fancy_IO	0x3	0	0	0	1
4896	0x0	.objc_category_name_Object_Fancy_IO	0x3	0	0	0	1
4897	0x0	.objc_category_name_NXMutableString_NX_BS_Extras	0x3	0	0	0	1
4898	0x0	.objc_class_name_NXConstantString	0x3	0	0	0	1
4899	0x0	.objc_class_name_NXMutableString	0x3	0	0	0	1
4900	0x0	.objc_class_name_NXReadOnlyString	0x3	0	0	0	1
4901	0x0	.objc_class_name_NXReadOnlySubstring	0x3	0	0	0	1
4902	0x0	.objc_class_name_NXReadWriteString	0x3	0	0	0	1
4903	0x0	.objc_class_name_NXSimpleReadOnlyString	0x3	0	0	0	1
4904	0x5084e8c	_NXHashCharacters	0xf	1	0	0	1
4905	0x5084dba	_NXFindCharacters	0xf	1	0	0	1
4906	0x0	.objc_class_name_NXString	0x3	0	0	0	1
4907	0x508431a	__NXStringErrorRaise	0xf	1	0	0	1
4908	0x5084244	__NXStringZone	0xf	1	0	0	1
4909	0x5084d34	_NXCompareCharacters	0xf	1	0	0	1
4910	0x0	.objc_class_name_NXStringTable	0x3	0	0	0	1
4911	0x0	.objc_class_name_NXUniquedString	0x3	0	0	0	1
4912	0x0	.objc_class_name_Storage	0x3	0	0	0	1
4913	0x0	.objc_class_name_StreamTable	0x3	0	0	0	1
4914	0x5089c92	_NXWriteArray	0xf	1	0	0	1
4915	0x5089dd2	_NXReadArray	0xf	1	0	0	1
4916	0x5089358	_getSizeOfType	0xf	1	0	0	1
4917	0x508a430	_NXWriteRootObject	0xf	1	0	0	1
4918	0x508a4da	_NXWriteObjectReference	0xf	1	0	0	1
4919	0x5089bf4	_NXWriteTypes	0xf	1	0	0	1
4920	0x5089c3c	_NXReadTypes	0xf	1	0	0	1
4921	0x508a73a	_NXTypedStreamClassVersion	0xf	1	0	0	1
4922	0x5089b30	_NXWriteType	0xf	1	0	0	1
4923	0x5089b8e	_NXReadType	0xf	1	0	0	1
4924	0x508a7b6	_NXTypedStreamIsSwapped	0xf	1	0	0	1
4925	0x5088eec	_NXSetTypedStreamZone	0xf	1	0	0	1
4926	0x508a654	_NXReadObjectFromBuffer	0xf	1	0	0	1
4927	0x508a548	_NXOpenTypedStreamForFile	0xf	1	0	0	1
4928	0x5088d20	_NXOpenTypedStream	0xf	1	0	0	1
4929	0x5088efe	_NXGetTypedStreamZone	0xf	1	0	0	1
4930	0x5088f32	_NXFlushTypedStream	0xf	1	0	0	1
4931	0x508a220	_NXReadObject	0xf	1	0	0	1
4932	0x508a064	_NXWriteObject	0xf	1	0	0	1
4933	0x508a72a	_NXSystemVersion	0xf	1	0	0	1
4934	0x508a700	_NXFreeObjectBuffer	0xf	1	0	0	1
4935	0x5088f0e	_NXEndOfTypedStream	0xf	1	0	0	1
4936	0x5088f5c	_NXCloseTypedStream	0xf	1	0	0	1
4937	0x508a5e4	_NXWriteRootObjectToBuffer	0xf	1	0	0	1
4938	0x508a682	_NXReadObjectFromBufferWithZone	0xf	1	0	0	1
4939	0x508a7ca	__dyld_present	0xf	1	0	0	1
4940	0x508a8c0	__dyld_get_image_name	0xf	1	0	0	1
4941	0x508a8fe	__dyld_moninit	0xf	1	0	0	1
4942	0x508a882	__dyld_get_image_vmaddr_slide	0xf	1	0	0	1
4943	0x508a7fc	__dyld_image_count	0xf	1	0	0	1
4944	0x508aa02	__dyld_lookup_and_bind_fully	0xf	1	0	0	1
4945	0x508a844	__dyld_get_image_header	0xf	1	0	0	1
4946	0x508a93c	__dyld_launched_prebound	0xf	1	0	0	1
4947	0x508aa86	__dyld_register_func_for_add_image	0xf	1	0	0	1
4948	0x508aac4	__dyld_register_func_for_link_module	0xf	1	0	0	1
4949	0x508ab02	__dyld_register_func_for_unlink_module	0xf	1	0	0	1
4950	0x508a976	__dyld_lookup_and_bind	0xf	1	0	0	1
4951	0x508a9bc	__dyld_lookup_and_bind_objc	0xf	1	0	0	1
4952	0x508aa48	__dyld_bind_fully_image_containing_address	0xf	1	0	0	1
4953	0x508ab40	__dyld_register_func_for_replace_module	0xf	1	0	0	1
4954	0x508abc4	__dyld_bind_objc_module	0xf	1	0	0	1
4955	0x508ab7e	__dyld_get_objc_module_sect_for_module	0xf	1	0	0	1
4956	0x508ae26	__dyld_debug_subscribe_to_events	0xf	1	0	0	1
4957	0x508acea	__dyld_debug_bind_module	0xf	1	0	0	1
4958	0x508aec6	__dyld_debug_add_event_subscriber	0xf	1	0	0	1
4959	0x508afae	__dyld_debug_make_runnable	0xf	1	0	0	1
4960	0x508ac0a	__dyld_debug_defining_module	0xf	1	0	0	1
4961	0x508ac7a	__dyld_debug_is_module_bound	0xf	1	0	0	1
4962	0x508ad52	__dyld_debug_module_name	0xf	1	0	0	1
4963	0x508adce	__dyld_debug_monoutput	0xf	1	0	0	1
4964	0x508b0ac	__dyld_debug_restore_runnable	0xf	1	0	0	1
4965	0x508c3bc	_NSLibraryNameForModule	0xf	1	0	0	1
4966	0x508c330	_NSInstallLinkEditErrorHandlers	0xf	1	0	0	1
4967	0x508c530	_NSAddLibrary	0xf	1	0	0	1
4968	0x508c4b4	_NSAddressOfSymbol	0xf	1	0	0	1
4969	0x508c56e	_NSVersionOfLinkTimeLibrary	0xf	1	0	0	1
4970	0x508c3fa	_NSIsSymbolNameDefined	0xf	1	0	0	1
4971	0x508c5fc	_NSVersionOfRunTimeLibrary	0xf	1	0	0	1
4972	0x508c438	_NSLookupAndBindSymbol	0xf	1	0	0	1
4973	0x508c4f2	_NSModuleForSymbol	0xf	1	0	0	1
4974	0x508c37e	_NSNameOfModule	0xf	1	0	0	1
4975	0x508c476	_NSNameOfSymbol	0xf	1	0	0	1
4976	0x508c74a	_NSCreateObjectFileImageFromFile	0xf	1	0	0	1
4977	0x508cc62	_NSSymbolReferenceNameInObjectFileImage	0xf	1	0	0	1
4978	0x508c872	_NSCreateObjectFileImageFromMemory	0xf	1	0	0	1
4979	0x508cc06	_NSDestroyObjectFileImage	0xf	1	0	0	1
4980	0x508cc76	_NSGetSectionDataInObjectFileImage	0xf	1	0	0	1
4981	0x508cc6c	_NSIsSymbolDefinedInObjectFileImage	0xf	1	0	0	1
4982	0x508cc44	_NSSymbolDefinitionCountInObjectFileImage	0xf	1	0	0	1
4983	0x508cc4e	_NSSymbolDefinitionNameInObjectFileImage	0xf	1	0	0	1
4984	0x508cc58	_NSSymbolReferenceCountInObjectFileImage	0xf	1	0	0	1
4985	0x5096858	_NSLinkModule	0xf	1	0	0	1
4986	0x50968b6	_NSReplaceModule	0xf	1	0	0	1
4987	0x50968ac	_NSUnLinkModule	0xf	1	0	0	1
4988	0x5096952	__dyld_event_server	0xf	1	0	0	1
4989	0x7cc9	_NXAddRegion	0xb	0	0	0	1
4990	0x7cdf	_NXArgc	0xb	0	0	0	1
4991	0x7cf0	_NXArgv	0xb	0	0	0	1
4992	0x7d0c	_NXCreateChildZone	0xb	0	0	0	1
4993	0x7d2e	_NXCreateZone	0xb	0	0	0	1
4994	0x7d52	_NXDefaultMallocZone	0xb	0	0	0	1
4995	0x7d77	_NXMallocCheck	0xb	0	0	0	1
4996	0x7d94	_NXMergeZone	0xb	0	0	0	1
4997	0x7dae	_NXNameZone	0xb	0	0	0	1
4998	0x7dcb	_NXRemoveRegion	0xb	0	0	0	1
4999	0x7dea	_NXZoneCalloc	0xb	0	0	0	1
5000	0x7e08	_NXZoneFromPtr	0xb	0	0	0	1
5001	0x7e27	_NXZonePtrInfo	0xb	0	0	0	1
5002	0x7e3f	_access	0xb	0	0	0	1
5003	0x7e55	_alloc_stack	0xb	0	0	0	1
5004	0x7e6a	_bcopy	0xb	0	0	0	1
5005	0x7e86	_bootstrap_check_in	0xb	0	0	0	1
5006	0x7eb5	_bootstrap_create_service	0xb	0	0	0	1
5007	0x7ee0	_bootstrap_info	0xb	0	0	0	1
5008	0x7f04	_bootstrap_look_up	0xb	0	0	0	1
5009	0x7f31	_bootstrap_look_up_array	0xb	0	0	0	1
5010	0x7f5b	_bootstrap_port	0xb	0	0	0	1
5011	0x7f80	_bootstrap_register	0xb	0	0	0	1
5012	0x7fa7	_bootstrap_status	0xb	0	0	0	1
5013	0x7fcc	_bootstrap_subset	0xb	0	0	0	1
5014	0x7fe6	_bzero	0xb	0	0	0	1
5015	0x7ff5	_close	0xb	0	0	0	1
5016	0x800d	_cond_broadcast	0xb	0	0	0	1
5017	0x802b	_cond_signal	0xb	0	0	0	1
5018	0x804f	_condition_spin_limit	0xb	0	0	0	1
5019	0x8076	_condition_wait	0xb	0	0	0	1
5020	0x809e	_condition_yield_limit	0xb	0	0	0	1
5021	0x80c4	_cproc_create	0xb	0	0	0	1
5022	0x80ed	_cproc_default_stack_size	0xb	0	0	0	1
5023	0x8114	_cproc_init	0xb	0	0	0	1
5024	0x812e	_cproc_setup	0xb	0	0	0	1
5025	0x814a	_cthread_body	0xb	0	0	0	1
5026	0x8168	_cthread_count	0xb	0	0	0	1
5027	0x8188	_cthread_detach	0xb	0	0	0	1
5028	0x81a8	_cthread_errno	0xb	0	0	0	1
5029	0x81c6	_cthread_exit	0xb	0	0	0	1
5030	0x81e3	_cthread_fork	0xb	0	0	0	1
5031	0x8200	_cthread_init	0xb	0	0	0	1
5032	0x821d	_cthread_join	0xb	0	0	0	1
5033	0x823b	_cthread_limit	0xb	0	0	0	1
5034	0x8259	_cthread_name	0xb	0	0	0	1
5035	0x8280	_cthread_set_errno_self	0xb	0	0	0	1
5036	0x82ac	_cthread_set_limit	0xb	0	0	0	1
5037	0x82d2	_cthread_set_name	0xb	0	0	0	1
5038	0x82f7	_cthread_set_self	0xb	0	0	0	1
5039	0x8316	_cthread_sp	0xb	0	0	0	1
5040	0x8337	_cthread_stack_base	0xb	0	0	0	1
5041	0x8360	_cthread_stack_mask	0xb	0	0	0	1
5042	0x8384	_cthread_yield	0xb	0	0	0	1
5043	0x83a8	_device_master_self	0xb	0	0	0	1
5044	0x83c3	_ecvt	0xb	0	0	0	1
5045	0x83d3	_environ	0xb	0	0	0	1
5046	0x83e4	_execl	0xb	0	0	0	1
5047	0x83f3	_execv	0xb	0	0	0	1
5048	0x8403	_execve	0xb	0	0	0	1
5049	0x8418	_f_prealloc	0xb	0	0	0	1
5050	0x842b	_fcvt	0xb	0	0	0	1
5051	0x8438	_fork	0xb	0	0	0	1
5052	0x844f	_fork_mach_init	0xb	0	0	0	1
5053	0x8467	_fstat	0xb	0	0	0	1
5054	0x8475	_gcvt	0xb	0	0	0	1
5055	0x848b	_getdtablesize	0xb	0	0	0	1
5056	0x84a3	_getpid	0xb	0	0	0	1
5057	0x84b7	_getrlimit	0xb	0	0	0	1
5058	0x84ce	_getrusage	0xb	0	0	0	1
5059	0x84e8	_gettimeofday	0xb	0	0	0	1
5060	0x8507	_host_priv_self	0xb	0	0	0	1
5061	0x8523	_host_self	0xb	0	0	0	1
5062	0x8536	_index	0xb	0	0	0	1
5063	0x854c	_init_process	0xb	0	0	0	1
5064	0x8573	_initial_stack_boundary	0xb	0	0	0	1
5065	0x8593	_ioctl	0xb	0	0	0	1
5066	0x85a3	_isatty	0xb	0	0	0	1
5067	0x85b3	_isinf	0xb	0	0	0	1
5068	0x85c2	_isnan	0xb	0	0	0	1
5069	0x85da	_kern_timestamp	0xb	0	0	0	1
5070	0x85f1	_kill	0xb	0	0	0	1
5071	0x8606	_longjmperror	0xb	0	0	0	1
5072	0x861c	_lseek	0xb	0	0	0	1
5073	0x8630	_mach_error	0xb	0	0	0	1
5074	0x8650	_mach_error_string	0xb	0	0	0	1
5075	0x8673	_mach_errormsg	0xb	0	0	0	1
5076	0x8693	_mach_host_self	0xb	0	0	0	1
5077	0x86af	_mach_init	0xb	0	0	0	1
5078	0x86ce	_mach_init_routine	0xb	0	0	0	1
5079	0x86f1	_mach_msg_trap	0xb	0	0	0	1
5080	0x8712	_mach_reply_port	0xb	0	0	0	1
5081	0x8731	_mach_swapon	0xb	0	0	0	1
5082	0x874f	_mach_task_self	0xb	0	0	0	1
5083	0x8772	_mach_thread_self	0xb	0	0	0	1
5084	0x8793	_malloc_debug	0xb	0	0	0	1
5085	0x87b0	_malloc_error	0xb	0	0	0	1
5086	0x87d1	_malloc_freezedry	0xb	0	0	0	1
5087	0x87f6	_malloc_good_size	0xb	0	0	0	1
5088	0x881b	_malloc_jumpstart	0xb	0	0	0	1
5089	0x883b	_malloc_lock	0xb	0	0	0	1
5090	0x8860	_malloc_singlethreaded	0xb	0	0	0	1
5091	0x8885	_malloc_size	0xb	0	0	0	1
5092	0x889b	_map_fd	0xb	0	0	0	1
5093	0x88bc	_mig_dealloc_reply_port	0xb	0	0	0	1
5094	0x88e5	_mig_fork_child	0xb	0	0	0	1
5095	0x890a	_mig_get_reply_port	0xb	0	0	0	1
5096	0x8929	_mig_init	0xb	0	0	0	1
5097	0x8941	_msg_receive	0xb	0	0	0	1
5098	0x8964	_msg_receive_timeout	0xb	0	0	0	1
5099	0x898c	_msg_receive_trap	0xb	0	0	0	1
5100	0x89a8	_msg_rpc	0xb	0	0	0	1
5101	0x89c0	_msg_rpc_trap	0xb	0	0	0	1
5102	0x89d9	_msg_send	0xb	0	0	0	1
5103	0x89f6	_msg_send_timeout	0xb	0	0	0	1
5104	0x8a18	_msg_send_trap	0xb	0	0	0	1
5105	0x8a30	_mstats	0xb	0	0	0	1
5106	0x8a4b	_mutex_spin_limit	0xb	0	0	0	1
5107	0x8a6e	_mutex_try_lock	0xb	0	0	0	1
5108	0x8a91	_mutex_unlock_try	0xb	0	0	0	1
5109	0x8ab5	_mutex_wait_lock	0xb	0	0	0	1
5110	0x8ad9	_name_server_port	0xb	0	0	0	1
5111	0x8afb	_netipc_ignore	0xb	0	0	0	1
5112	0x8b1a	_netipc_listen	0xb	0	0	0	1
5113	0x8b30	_open	0xb	0	0	0	1
5114	0x8b46	_port_allocate	0xb	0	0	0	1
5115	0x8b67	_port_deallocate	0xb	0	0	0	1
5116	0x8b8f	_port_extract_receive	0xb	0	0	0	1
5117	0x8bb9	_port_extract_send	0xb	0	0	0	1
5118	0x8be2	_port_insert_receive	0xb	0	0	0	1
5119	0x8c0a	_port_insert_send	0xb	0	0	0	1
5120	0x8c29	_port_names	0xb	0	0	0	1
5121	0x8c43	_port_rename	0xb	0	0	0	1
5122	0x8c5f	_port_set_add	0xb	0	0	0	1
5123	0x8c81	_port_set_allocate	0xb	0	0	0	1
5124	0x8ca7	_port_set_backlog	0xb	0	0	0	1
5125	0x8ccb	_port_set_backup	0xb	0	0	0	1
5126	0x8cf2	_port_set_deallocate	0xb	0	0	0	1
5127	0x8d19	_port_set_remove	0xb	0	0	0	1
5128	0x8d3c	_port_set_status	0xb	0	0	0	1
5129	0x8d5b	_port_status	0xb	0	0	0	1
5130	0x8d74	_port_type	0xb	0	0	0	1
5131	0x8d86	_read	0xb	0	0	0	1
5132	0x8da8	_set_malloc_singlethreaded	0xb	0	0	0	1
5133	0x8dce	_sigblock	0xb	0	0	0	1
5134	0x8de3	_sigcatch	0xb	0	0	0	1
5135	0x8dfa	_sigsetmask	0xb	0	0	0	1
5136	0x8e11	_sigstack	0xb	0	0	0	1
5137	0x8e24	_sigvec	0xb	0	0	0	1
5138	0x8e38	_spin_lock	0xb	0	0	0	1
5139	0x8e51	_spin_unlock	0xb	0	0	0	1
5140	0x8e6b	_stack_init	0xb	0	0	0	1
5141	0x8e7f	_swtch	0xb	0	0	0	1
5142	0x8e92	_swtch_pri	0xb	0	0	0	1
5143	0x8ea7	_syscall	0xb	0	0	0	1
5144	0x8ebe	_task_by_pid	0xb	0	0	0	1
5145	0x8ede	_task_by_unix_pid	0xb	0	0	0	1
5146	0x8efe	_task_create	0xb	0	0	0	1
5147	0x8f23	_task_get_special_port	0xb	0	0	0	1
5148	0x8f46	_task_info	0xb	0	0	0	1
5149	0x8f5f	_task_notify	0xb	0	0	0	1
5150	0x8f7a	_task_resume	0xb	0	0	0	1
5151	0x8f93	_task_self	0xb	0	0	0	1
5152	0x8fab	_task_self_	0xb	0	0	0	1
5153	0x8fcf	_task_set_special_port	0xb	0	0	0	1
5154	0x8ff5	_task_suspend	0xb	0	0	0	1
5155	0x9014	_task_terminate	0xb	0	0	0	1
5156	0x9033	_task_threads	0xb	0	0	0	1
5157	0x9050	_thread_abort	0xb	0	0	0	1
5158	0x906e	_thread_create	0xb	0	0	0	1
5159	0x9097	_thread_get_special_port	0xb	0	0	0	1
5160	0x90c3	_thread_get_state	0xb	0	0	0	1
5161	0x90e3	_thread_info	0xb	0	0	0	1
5162	0x90ff	_thread_reply	0xb	0	0	0	1
5163	0x911d	_thread_resume	0xb	0	0	0	1
5164	0x913a	_thread_self	0xb	0	0	0	1
5165	0x9161	_thread_set_special_port	0xb	0	0	0	1
5166	0x918d	_thread_set_state	0xb	0	0	0	1
5167	0x91b0	_thread_suspend	0xb	0	0	0	1
5168	0x91d0	_thread_switch	0xb	0	0	0	1
5169	0x91f2	_thread_terminate	0xb	0	0	0	1
5170	0x920f	_timezone	0xb	0	0	0	1
5171	0x9222	_tzname	0xb	0	0	0	1
5172	0x9232	_tzset	0xb	0	0	0	1
5173	0x9241	_tztab	0xb	0	0	0	1
5174	0x9253	_unix_pid	0xb	0	0	0	1
5175	0x926f	_ur_cthread_self	0xb	0	0	0	1
5176	0x9289	_valloc	0xb	0	0	0	1
5177	0x9299	_vfork	0xb	0	0	0	1
5178	0x92a8	_vfree	0xb	0	0	0	1
5179	0x92bd	_vm_allocate	0xb	0	0	0	1
5180	0x92d4	_vm_copy	0xb	0	0	0	1
5181	0x92ed	_vm_deactivate	0xb	0	0	0	1
5182	0x930c	_vm_deallocate	0xb	0	0	0	1
5183	0x9328	_vm_inherit	0xb	0	0	0	1
5184	0x934b	_vm_machine_attribute	0xb	0	0	0	1
5185	0x9370	_vm_page_size	0xb	0	0	0	1
5186	0x938b	_vm_protect	0xb	0	0	0	1
5187	0x93a1	_vm_read	0xb	0	0	0	1
5188	0x93b6	_vm_region	0xb	0	0	0	1
5189	0x93d1	_vm_set_policy	0xb	0	0	0	1
5190	0x93f0	_vm_statistics	0xb	0	0	0	1
5191	0x9410	_vm_synchronize	0xb	0	0	0	1
5192	0x942b	_vm_write	0xb	0	0	0	1
5193	0x943c	_wait	0xb	0	0	0	1
5194	0x944a	_write	0xb	0	0	0	1
5195	0x945a	_writev	0xb	0	0	0	1
5196	0x9475	_xxx_PORT_ENABLED	0xb	0	0	0	1
5197	0x9499	_xxx_cpu_control	0xb	0	0	0	1
5198	0x94c1	_xxx_environment_port	0xb	0	0	0	1
5199	0x94e7	_xxx_host_info	0xb	0	0	0	1
5200	0x9506	_xxx_slot_info	0xb	0	0	0	1
5201	0x0	__NXArgc	0x1	0	0	0	0
5202	0x0	__NXArgv	0x1	0	0	0	0
5203	0x0	__environ	0x1	0	0	0	0
